date,IOBM
1983-01-01,-0.1252
1983-01-02,-0.1726
1983-01-03,-0.1887
1983-01-04,-0.2012
1983-01-05,-0.2087
1983-01-06,-0.1647
1983-01-07,-0.1046
1983-01-08,-0.0494
1983-01-09,-0.0403
1983-01-10,-0.06
1983-01-11,-0.0643
1983-01-12,-0.0777
1983-01-13,-0.1341
1983-01-14,-0.1746
1983-01-15,-0.1483
1983-01-16,-0.1573
1983-01-17,-0.1936
1983-01-18,-0.1751
1983-01-19,-0.0573
1983-01-20,0.0218
1983-01-21,0.0764
1983-01-22,0.1387
1983-01-23,0.1944
1983-01-24,0.3082
1983-01-25,0.3883
1983-01-26,0.4223
1983-01-27,0.4475
1983-01-28,0.4267
1983-01-29,0.4685
1983-01-30,0.4671
1983-01-31,0.3856
1983-02-01,0.3164
1983-02-02,0.2054
1983-02-03,0.2031
1983-02-04,0.2115
1983-02-05,0.1945
1983-02-06,0.2621
1983-02-07,0.2421
1983-02-08,0.1927
1983-02-09,0.1432
1983-02-10,0.1514
1983-02-11,0.2013
1983-02-12,0.212
1983-02-13,0.2012
1983-02-14,0.2024
1983-02-15,0.1874
1983-02-16,0.2172
1983-02-17,0.182
1983-02-18,0.142
1983-02-19,0.1148
1983-02-20,0.0895
1983-02-21,0.1248
1983-02-22,0.1153
1983-02-23,0.1059
1983-02-24,0.1162
1983-02-25,0.1796
1983-02-26,0.244
1983-02-27,0.3172
1983-02-28,0.3361
1983-03-01,0.2204
1983-03-02,0.1024
1983-03-03,0.0447
1983-03-04,0.0543
1983-03-05,0.0982
1983-03-06,0.1657
1983-03-07,0.2134
1983-03-08,0.2064
1983-03-09,0.1773
1983-03-10,0.1448
1983-03-11,0.0948
1983-03-12,0.0445
1983-03-13,0.0825
1983-03-14,0.1199
1983-03-15,0.1754
1983-03-16,0.2109
1983-03-17,0.2014
1983-03-18,0.1789
1983-03-19,0.1409
1983-03-20,0.1021
1983-03-21,0.11
1983-03-22,0.1464
1983-03-23,0.1234
1983-03-24,0.1218
1983-03-25,0.1071
1983-03-26,0.1337
1983-03-27,0.138
1983-03-28,0.1353
1983-03-29,0.1558
1983-03-30,0.1802
1983-03-31,0.1325
1983-04-01,0.1502
1983-04-02,0.2463
1983-04-03,0.3569
1983-04-04,0.4081
1983-04-05,0.4048
1983-04-06,0.3972
1983-04-07,0.4233
1983-04-08,0.4161
1983-04-09,0.3445
1983-04-10,0.2771
1983-04-11,0.2838
1983-04-12,0.2199
1983-04-13,0.1395
1983-04-14,0.1483
1983-04-15,0.1719
1983-04-16,0.1561
1983-04-17,0.1362
1983-04-18,0.11
1983-04-19,0.099
1983-04-20,0.1236
1983-04-21,0.1648
1983-04-22,0.1505
1983-04-23,0.0627
1983-04-24,0.0524
1983-04-25,0.0743
1983-04-26,0.0287
1983-04-27,0.0129
1983-04-28,0.0218
1983-04-29,0.0925
1983-04-30,0.0678
1983-05-01,0.0168
1983-05-02,-0.0307
1983-05-03,-0.0205
1983-05-04,-0.0556
1983-05-05,-0.085
1983-05-06,-0.0384
1983-05-07,0.0597
1983-05-08,0.1197
1983-05-09,0.0545
1983-05-10,0.0105
1983-05-11,-0.0264
1983-05-12,-0.0381
1983-05-13,-0.0472
1983-05-14,-0.0565
1983-05-15,-0.0398
1983-05-16,0.088
1983-05-17,0.2221
1983-05-18,0.2108
1983-05-19,0.1906
1983-05-20,0.2051
1983-05-21,0.25
1983-05-22,0.2987
1983-05-23,0.3361
1983-05-24,0.4025
1983-05-25,0.4541
1983-05-26,0.4213
1983-05-27,0.3781
1983-05-28,0.3444
1983-05-29,0.358
1983-05-30,0.3645
1983-05-31,0.3918
1983-06-01,0.3829
1983-06-02,0.3363
1983-06-03,0.3459
1983-06-04,0.3654
1983-06-05,0.3679
1983-06-06,0.3948
1983-06-07,0.4047
1983-06-08,0.4112
1983-06-09,0.3721
1983-06-10,0.3748
1983-06-11,0.3596
1983-06-12,0.3875
1983-06-13,0.39
1983-06-14,0.4069
1983-06-15,0.4058
1983-06-16,0.4127
1983-06-17,0.4135
1983-06-18,0.3628
1983-06-19,0.3496
1983-06-20,0.3083
1983-06-21,0.2905
1983-06-22,0.3067
1983-06-23,0.3181
1983-06-24,0.3683
1983-06-25,0.3744
1983-06-26,0.4002
1983-06-27,0.37
1983-06-28,0.3082
1983-06-29,0.2921
1983-06-30,0.3368
1983-07-01,0.3785
1983-07-02,0.3712
1983-07-03,0.3751
1983-07-04,0.4143
1983-07-05,0.3403
1983-07-06,0.2236
1983-07-07,0.1243
1983-07-08,0.0416
1983-07-09,-0.02
1983-07-10,0.0066
1983-07-11,0.0498
1983-07-12,0.0877
1983-07-13,0.1005
1983-07-14,0.1044
1983-07-15,0.1561
1983-07-16,0.1657
1983-07-17,0.1264
1983-07-18,0.1025
1983-07-19,0.092
1983-07-20,0.1103
1983-07-21,0.1469
1983-07-22,0.2022
1983-07-23,0.2224
1983-07-24,0.2267
1983-07-25,0.2367
1983-07-26,0.3066
1983-07-27,0.2997
1983-07-28,0.2925
1983-07-29,0.28
1983-07-30,0.2895
1983-07-31,0.311
1983-08-01,0.3414
1983-08-02,0.3665
1983-08-03,0.3526
1983-08-04,0.2981
1983-08-05,0.2644
1983-08-06,0.2683
1983-08-07,0.2442
1983-08-08,0.1883
1983-08-09,0.1935
1983-08-10,0.1919
1983-08-11,0.235
1983-08-12,0.2325
1983-08-13,0.242
1983-08-14,0.2792
1983-08-15,0.2348
1983-08-16,0.2266
1983-08-17,0.2222
1983-08-18,0.2015
1983-08-19,0.1742
1983-08-20,0.1633
1983-08-21,0.171
1983-08-22,0.1564
1983-08-23,0.1928
1983-08-24,0.1291
1983-08-25,0.1103
1983-08-26,0.1008
1983-08-27,0.0657
1983-08-28,0.1259
1983-08-29,0.1922
1983-08-30,0.218
1983-08-31,0.1655
1983-09-01,0.1111
1983-09-02,0.0307
1983-09-03,-0.0471
1983-09-04,-0.0689
1983-09-05,-0.0743
1983-09-06,-0.0682
1983-09-07,-0.0252
1983-09-08,0.0086
1983-09-09,0.0524
1983-09-10,0.0434
1983-09-11,0.0296
1983-09-12,0.0733
1983-09-13,0.1056
1983-09-14,0.1315
1983-09-15,0.1617
1983-09-16,0.1878
1983-09-17,0.2084
1983-09-18,0.226
1983-09-19,0.2013
1983-09-20,0.1726
1983-09-21,0.1558
1983-09-22,0.1483
1983-09-23,0.1421
1983-09-24,0.1312
1983-09-25,0.1259
1983-09-26,0.1143
1983-09-27,0.0366
1983-09-28,-0.0023
1983-09-29,-0.0061
1983-09-30,-0.0245
1983-10-01,-0.0497
1983-10-02,-0.0839
1983-10-03,-0.1187
1983-10-04,-0.1811
1983-10-05,-0.1727
1983-10-06,-0.1777
1983-10-07,-0.1724
1983-10-08,-0.0664
1983-10-09,0.0068
1983-10-10,-0.0164
1983-10-11,-0.0137
1983-10-12,0.0042
1983-10-13,0.0005
1983-10-14,-0.0396
1983-10-15,-0.0184
1983-10-16,0.0492
1983-10-17,0.0655
1983-10-18,0.0645
1983-10-19,0.0289
1983-10-20,0.0636
1983-10-21,0.0895
1983-10-22,0.0509
1983-10-23,-0.052
1983-10-24,-0.0539
1983-10-25,-0.0672
1983-10-26,-0.1465
1983-10-27,-0.1441
1983-10-28,-0.159
1983-10-29,-0.1801
1983-10-30,-0.1843
1983-10-31,-0.1591
1983-11-01,-0.1298
1983-11-02,-0.1453
1983-11-03,-0.1841
1983-11-04,-0.2514
1983-11-05,-0.2838
1983-11-06,-0.2549
1983-11-07,-0.2354
1983-11-08,-0.2434
1983-11-09,-0.2947
1983-11-10,-0.3061
1983-11-11,-0.3015
1983-11-12,-0.324
1983-11-13,-0.3335
1983-11-14,-0.3703
1983-11-15,-0.3342
1983-11-16,-0.2832
1983-11-17,-0.2226
1983-11-18,-0.2165
1983-11-19,-0.19
1983-11-20,-0.1931
1983-11-21,-0.2226
1983-11-22,-0.2453
1983-11-23,-0.1777
1983-11-24,-0.1239
1983-11-25,-0.0604
1983-11-26,-0.0413
1983-11-27,-0.041
1983-11-28,-0.0092
1983-11-29,0.0275
1983-11-30,0.0199
1983-12-01,-0.0431
1983-12-02,-0.0605
1983-12-03,-0.1121
1983-12-04,-0.1715
1983-12-05,-0.1794
1983-12-06,-0.1228
1983-12-07,-0.1568
1983-12-08,-0.1957
1983-12-09,-0.1632
1983-12-10,-0.1047
1983-12-11,-0.0565
1983-12-12,-0.0692
1983-12-13,-0.0714
1983-12-14,-0.0923
1983-12-15,-0.1641
1983-12-16,-0.2196
1983-12-17,-0.2557
1983-12-18,-0.2375
1983-12-19,-0.2528
1983-12-20,-0.2542
1983-12-21,-0.3607
1983-12-22,-0.3905
1983-12-23,-0.4171
1983-12-24,-0.4219
1983-12-25,-0.4365
1983-12-26,-0.398
1983-12-27,-0.3486
1983-12-28,-0.282
1983-12-29,-0.2674
1983-12-30,-0.2564
1983-12-31,-0.2375
1984-01-01,-0.2404
1984-01-02,-0.2554
1984-01-03,-0.2585
1984-01-04,-0.2714
1984-01-05,-0.2521
1984-01-06,-0.2452
1984-01-07,-0.1959
1984-01-08,-0.1695
1984-01-09,-0.1974
1984-01-10,-0.216
1984-01-11,-0.2337
1984-01-12,-0.259
1984-01-13,-0.2768
1984-01-14,-0.2833
1984-01-15,-0.2892
1984-01-16,-0.3532
1984-01-17,-0.3976
1984-01-18,-0.3824
1984-01-19,-0.3616
1984-01-20,-0.3587
1984-01-21,-0.3745
1984-01-22,-0.4474
1984-01-23,-0.4903
1984-01-24,-0.5401
1984-01-25,-0.6286
1984-01-26,-0.6443
1984-01-27,-0.6309
1984-01-28,-0.6109
1984-01-29,-0.5861
1984-01-30,-0.55
1984-01-31,-0.5479
1984-02-01,-0.5935
1984-02-02,-0.677
1984-02-03,-0.7491
1984-02-04,-0.8204
1984-02-05,-0.8083
1984-02-06,-0.7949
1984-02-07,-0.7958
1984-02-08,-0.8046
1984-02-09,-0.791
1984-02-10,-0.7876
1984-02-11,-0.7689
1984-02-12,-0.7235
1984-02-13,-0.7505
1984-02-14,-0.665
1984-02-15,-0.5894
1984-02-16,-0.5065
1984-02-17,-0.4597
1984-02-18,-0.4477
1984-02-19,-0.4454
1984-02-20,-0.4436
1984-02-21,-0.4405
1984-02-22,-0.4321
1984-02-23,-0.4279
1984-02-24,-0.4009
1984-02-25,-0.4277
1984-02-26,-0.4629
1984-02-27,-0.5016
1984-02-28,-0.5078
1984-02-29,-0.4985
1984-03-01,-0.5155
1984-03-02,-0.5994
1984-03-03,-0.6748
1984-03-04,-0.7068
1984-03-05,-0.706
1984-03-06,-0.6637
1984-03-07,-0.6053
1984-03-08,-0.6233
1984-03-09,-0.6614
1984-03-10,-0.5848
1984-03-11,-0.4992
1984-03-12,-0.4069
1984-03-13,-0.3748
1984-03-14,-0.3974
1984-03-15,-0.3568
1984-03-16,-0.2867
1984-03-17,-0.2833
1984-03-18,-0.2285
1984-03-19,-0.0899
1984-03-20,-0.01
1984-03-21,-0.0304
1984-03-22,-0.1171
1984-03-23,-0.1487
1984-03-24,-0.1234
1984-03-25,-0.1664
1984-03-26,-0.1849
1984-03-27,-0.2129
1984-03-28,-0.1795
1984-03-29,-0.1854
1984-03-30,-0.0837
1984-03-31,-0.1232
1984-04-01,-0.083
1984-04-02,-0.0194
1984-04-03,-0.027
1984-04-04,-0.0418
1984-04-05,0.0158
1984-04-06,-0.0183
1984-04-07,-0.0643
1984-04-08,-0.0832
1984-04-09,-0.0983
1984-04-10,-0.0871
1984-04-11,-0.1711
1984-04-12,-0.1937
1984-04-13,-0.1584
1984-04-14,-0.1186
1984-04-15,-0.0825
1984-04-16,-0.0501
1984-04-17,-0.1063
1984-04-18,-0.1456
1984-04-19,-0.2042
1984-04-20,-0.2296
1984-04-21,-0.286
1984-04-22,-0.3342
1984-04-23,-0.3455
1984-04-24,-0.3164
1984-04-25,-0.3245
1984-04-26,-0.3259
1984-04-27,-0.316
1984-04-28,-0.3252
1984-04-29,-0.3492
1984-04-30,-0.4836
1984-05-01,-0.5179
1984-05-02,-0.508
1984-05-03,-0.4975
1984-05-04,-0.4145
1984-05-05,-0.4393
1984-05-06,-0.4775
1984-05-07,-0.4827
1984-05-08,-0.4764
1984-05-09,-0.4731
1984-05-10,-0.4551
1984-05-11,-0.4184
1984-05-12,-0.4208
1984-05-13,-0.4569
1984-05-14,-0.5048
1984-05-15,-0.5796
1984-05-16,-0.624
1984-05-17,-0.67
1984-05-18,-0.658
1984-05-19,-0.5579
1984-05-20,-0.47
1984-05-21,-0.4369
1984-05-22,-0.4038
1984-05-23,-0.3845
1984-05-24,-0.3809
1984-05-25,-0.4264
1984-05-26,-0.5091
1984-05-27,-0.5719
1984-05-28,-0.5812
1984-05-29,-0.5997
1984-05-30,-0.607
1984-05-31,-0.6561
1984-06-01,-0.7312
1984-06-02,-0.7525
1984-06-03,-0.6978
1984-06-04,-0.6869
1984-06-05,-0.5684
1984-06-06,-0.5465
1984-06-07,-0.529
1984-06-08,-0.5999
1984-06-09,-0.6048
1984-06-10,-0.6475
1984-06-11,-0.6314
1984-06-12,-0.642
1984-06-13,-0.667
1984-06-14,-0.6376
1984-06-15,-0.5145
1984-06-16,-0.4616
1984-06-17,-0.4667
1984-06-18,-0.4687
1984-06-19,-0.4942
1984-06-20,-0.5478
1984-06-21,-0.5879
1984-06-22,-0.5679
1984-06-23,-0.507
1984-06-24,-0.4274
1984-06-25,-0.3799
1984-06-26,-0.3926
1984-06-27,-0.4142
1984-06-28,-0.4322
1984-06-29,-0.4139
1984-06-30,-0.4073
1984-07-01,-0.4109
1984-07-02,-0.441
1984-07-03,-0.484
1984-07-04,-0.4965
1984-07-05,-0.5065
1984-07-06,-0.5139
1984-07-07,-0.5276
1984-07-08,-0.4966
1984-07-09,-0.4714
1984-07-10,-0.4597
1984-07-11,-0.5196
1984-07-12,-0.5849
1984-07-13,-0.584
1984-07-14,-0.619
1984-07-15,-0.6132
1984-07-16,-0.6257
1984-07-17,-0.654
1984-07-18,-0.6998
1984-07-19,-0.6933
1984-07-20,-0.6615
1984-07-21,-0.6549
1984-07-22,-0.6458
1984-07-23,-0.6312
1984-07-24,-0.6469
1984-07-25,-0.6448
1984-07-26,-0.6578
1984-07-27,-0.5948
1984-07-28,-0.556
1984-07-29,-0.571
1984-07-30,-0.6557
1984-07-31,-0.6742
1984-08-01,-0.6509
1984-08-02,-0.6592
1984-08-03,-0.6537
1984-08-04,-0.6835
1984-08-05,-0.7376
1984-08-06,-0.785
1984-08-07,-0.8196
1984-08-08,-0.8326
1984-08-09,-0.8099
1984-08-10,-0.7642
1984-08-11,-0.7531
1984-08-12,-0.6844
1984-08-13,-0.6225
1984-08-14,-0.5989
1984-08-15,-0.6295
1984-08-16,-0.6747
1984-08-17,-0.6315
1984-08-18,-0.6275
1984-08-19,-0.657
1984-08-20,-0.725
1984-08-21,-0.7634
1984-08-22,-0.7383
1984-08-23,-0.7137
1984-08-24,-0.5899
1984-08-25,-0.5485
1984-08-26,-0.5142
1984-08-27,-0.455
1984-08-28,-0.4598
1984-08-29,-0.4008
1984-08-30,-0.389
1984-08-31,-0.4338
1984-09-01,-0.5031
1984-09-02,-0.6173
1984-09-03,-0.6263
1984-09-04,-0.5875
1984-09-05,-0.6082
1984-09-06,-0.6247
1984-09-07,-0.6537
1984-09-08,-0.7455
1984-09-09,-0.8145
1984-09-10,-0.7358
1984-09-11,-0.5471
1984-09-12,-0.474
1984-09-13,-0.4606
1984-09-14,-0.3993
1984-09-15,-0.3865
1984-09-16,-0.4521
1984-09-17,-0.4822
1984-09-18,-0.5383
1984-09-19,-0.5451
1984-09-20,-0.5046
1984-09-21,-0.4787
1984-09-22,-0.4228
1984-09-23,-0.3484
1984-09-24,-0.297
1984-09-25,-0.3092
1984-09-26,-0.3553
1984-09-27,-0.3989
1984-09-28,-0.4866
1984-09-29,-0.5194
1984-09-30,-0.5412
1984-10-01,-0.5623
1984-10-02,-0.5975
1984-10-03,-0.5628
1984-10-04,-0.5597
1984-10-05,-0.5335
1984-10-06,-0.5325
1984-10-07,-0.533
1984-10-08,-0.5246
1984-10-09,-0.481
1984-10-10,-0.4322
1984-10-11,-0.4022
1984-10-12,-0.4009
1984-10-13,-0.4022
1984-10-14,-0.4401
1984-10-15,-0.4203
1984-10-16,-0.3723
1984-10-17,-0.3582
1984-10-18,-0.3073
1984-10-19,-0.2441
1984-10-20,-0.2086
1984-10-21,-0.2515
1984-10-22,-0.3136
1984-10-23,-0.3339
1984-10-24,-0.3885
1984-10-25,-0.4221
1984-10-26,-0.4458
1984-10-27,-0.4997
1984-10-28,-0.5346
1984-10-29,-0.5261
1984-10-30,-0.4976
1984-10-31,-0.4687
1984-11-01,-0.4106
1984-11-02,-0.3616
1984-11-03,-0.3541
1984-11-04,-0.2626
1984-11-05,-0.2222
1984-11-06,-0.1814
1984-11-07,-0.1561
1984-11-08,-0.1428
1984-11-09,-0.1847
1984-11-10,-0.2517
1984-11-11,-0.2698
1984-11-12,-0.2279
1984-11-13,-0.2853
1984-11-14,-0.2476
1984-11-15,-0.2422
1984-11-16,-0.2146
1984-11-17,-0.2054
1984-11-18,-0.2406
1984-11-19,-0.2667
1984-11-20,-0.2609
1984-11-21,-0.2796
1984-11-22,-0.2816
1984-11-23,-0.2514
1984-11-24,-0.2376
1984-11-25,-0.1933
1984-11-26,-0.2195
1984-11-27,-0.2399
1984-11-28,-0.2958
1984-11-29,-0.3618
1984-11-30,-0.382
1984-12-01,-0.4016
1984-12-02,-0.3601
1984-12-03,-0.3537
1984-12-04,-0.4017
1984-12-05,-0.4327
1984-12-06,-0.4269
1984-12-07,-0.4015
1984-12-08,-0.3896
1984-12-09,-0.2491
1984-12-10,-0.22
1984-12-11,-0.1978
1984-12-12,-0.1837
1984-12-13,-0.183
1984-12-14,-0.2856
1984-12-15,-0.3849
1984-12-16,-0.2495
1984-12-17,-0.1108
1984-12-18,-0.0568
1984-12-19,-0.05
1984-12-20,-0.084
1984-12-21,-0.2176
1984-12-22,-0.3379
1984-12-23,-0.4118
1984-12-24,-0.436
1984-12-25,-0.4652
1984-12-26,-0.4066
1984-12-27,-0.3234
1984-12-28,-0.311
1984-12-29,-0.3237
1984-12-30,-0.3825
1984-12-31,-0.4088
1985-01-01,-0.3923
1985-01-02,-0.3552
1985-01-03,-0.2754
1985-01-04,-0.1927
1985-01-05,-0.078
1985-01-06,0.0573
1985-01-07,0.1483
1985-01-08,0.1577
1985-01-09,0.0409
1985-01-10,-0.2101
1985-01-11,-0.3094
1985-01-12,-0.416
1985-01-13,-0.4932
1985-01-14,-0.5461
1985-01-15,-0.5685
1985-01-16,-0.5082
1985-01-17,-0.4432
1985-01-18,-0.3411
1985-01-19,-0.3265
1985-01-20,-0.3516
1985-01-21,-0.3712
1985-01-22,-0.4036
1985-01-23,-0.3746
1985-01-24,-0.3861
1985-01-25,-0.4054
1985-01-26,-0.4548
1985-01-27,-0.3955
1985-01-28,-0.4386
1985-01-29,-0.4245
1985-01-30,-0.3936
1985-01-31,-0.3669
1985-02-01,-0.2868
1985-02-02,-0.253
1985-02-03,-0.2714
1985-02-04,-0.3068
1985-02-05,-0.37
1985-02-06,-0.3856
1985-02-07,-0.3945
1985-02-08,-0.4124
1985-02-09,-0.4075
1985-02-10,-0.4056
1985-02-11,-0.4785
1985-02-12,-0.5024
1985-02-13,-0.498
1985-02-14,-0.4953
1985-02-15,-0.4263
1985-02-16,-0.4384
1985-02-17,-0.5086
1985-02-18,-0.5776
1985-02-19,-0.638
1985-02-20,-0.7439
1985-02-21,-0.7913
1985-02-22,-0.7747
1985-02-23,-0.7827
1985-02-24,-0.7399
1985-02-25,-0.7438
1985-02-26,-0.6818
1985-02-27,-0.6164
1985-02-28,-0.5537
1985-03-01,-0.5218
1985-03-02,-0.5167
1985-03-03,-0.4481
1985-03-04,-0.339
1985-03-05,-0.3531
1985-03-06,-0.4327
1985-03-07,-0.3919
1985-03-08,-0.4068
1985-03-09,-0.4498
1985-03-10,-0.4698
1985-03-11,-0.5458
1985-03-12,-0.503
1985-03-13,-0.4937
1985-03-14,-0.4424
1985-03-15,-0.3713
1985-03-16,-0.3408
1985-03-17,-0.3358
1985-03-18,-0.2978
1985-03-19,-0.2577
1985-03-20,-0.2496
1985-03-21,-0.2818
1985-03-22,-0.2626
1985-03-23,-0.2526
1985-03-24,-0.2023
1985-03-25,-0.1369
1985-03-26,-0.1615
1985-03-27,-0.1328
1985-03-28,-0.1166
1985-03-29,-0.0901
1985-03-30,-0.1336
1985-03-31,-0.1271
1985-04-01,-0.0799
1985-04-02,-0.0492
1985-04-03,-0.0771
1985-04-04,-0.1089
1985-04-05,-0.1513
1985-04-06,-0.1778
1985-04-07,-0.1328
1985-04-08,-0.1226
1985-04-09,-0.2118
1985-04-10,-0.2908
1985-04-11,-0.3573
1985-04-12,-0.4056
1985-04-13,-0.4121
1985-04-14,-0.4133
1985-04-15,-0.3926
1985-04-16,-0.3621
1985-04-17,-0.3068
1985-04-18,-0.2787
1985-04-19,-0.2492
1985-04-20,-0.2369
1985-04-21,-0.2457
1985-04-22,-0.2304
1985-04-23,-0.1985
1985-04-24,-0.1311
1985-04-25,-0.094
1985-04-26,-0.0916
1985-04-27,-0.1135
1985-04-28,-0.1484
1985-04-29,-0.1589
1985-04-30,-0.2429
1985-05-01,-0.3003
1985-05-02,-0.2917
1985-05-03,-0.2747
1985-05-04,-0.2921
1985-05-05,-0.2674
1985-05-06,-0.2733
1985-05-07,-0.2566
1985-05-08,-0.1981
1985-05-09,-0.1256
1985-05-10,-0.042
1985-05-11,-0.0511
1985-05-12,-0.0458
1985-05-13,-0.0953
1985-05-14,-0.1608
1985-05-15,-0.1723
1985-05-16,-0.2226
1985-05-17,-0.2843
1985-05-18,-0.3178
1985-05-19,-0.3584
1985-05-20,-0.3944
1985-05-21,-0.4134
1985-05-22,-0.4464
1985-05-23,-0.5089
1985-05-24,-0.5169
1985-05-25,-0.4855
1985-05-26,-0.5182
1985-05-27,-0.5722
1985-05-28,-0.6099
1985-05-29,-0.6606
1985-05-30,-0.6711
1985-05-31,-0.679
1985-06-01,-0.659
1985-06-02,-0.6274
1985-06-03,-0.6029
1985-06-04,-0.5949
1985-06-05,-0.6283
1985-06-06,-0.6752
1985-06-07,-0.6704
1985-06-08,-0.5912
1985-06-09,-0.5459
1985-06-10,-0.5458
1985-06-11,-0.5961
1985-06-12,-0.5948
1985-06-13,-0.5902
1985-06-14,-0.6517
1985-06-15,-0.6597
1985-06-16,-0.6362
1985-06-17,-0.6473
1985-06-18,-0.658
1985-06-19,-0.6993
1985-06-20,-0.7286
1985-06-21,-0.7306
1985-06-22,-0.685
1985-06-23,-0.699
1985-06-24,-0.7866
1985-06-25,-0.8282
1985-06-26,-0.8053
1985-06-27,-0.7727
1985-06-28,-0.7984
1985-06-29,-0.8111
1985-06-30,-0.76
1985-07-01,-0.6527
1985-07-02,-0.6278
1985-07-03,-0.5418
1985-07-04,-0.5166
1985-07-05,-0.4614
1985-07-06,-0.4237
1985-07-07,-0.4091
1985-07-08,-0.4495
1985-07-09,-0.5082
1985-07-10,-0.5071
1985-07-11,-0.5165
1985-07-12,-0.5335
1985-07-13,-0.5637
1985-07-14,-0.5721
1985-07-15,-0.5043
1985-07-16,-0.4328
1985-07-17,-0.3625
1985-07-18,-0.3388
1985-07-19,-0.354
1985-07-20,-0.3783
1985-07-21,-0.4092
1985-07-22,-0.4413
1985-07-23,-0.4053
1985-07-24,-0.4132
1985-07-25,-0.4449
1985-07-26,-0.4469
1985-07-27,-0.3917
1985-07-28,-0.35
1985-07-29,-0.3332
1985-07-30,-0.3715
1985-07-31,-0.4297
1985-08-01,-0.4472
1985-08-02,-0.416
1985-08-03,-0.4315
1985-08-04,-0.4446
1985-08-05,-0.4762
1985-08-06,-0.4939
1985-08-07,-0.4832
1985-08-08,-0.4621
1985-08-09,-0.4209
1985-08-10,-0.4111
1985-08-11,-0.4521
1985-08-12,-0.4706
1985-08-13,-0.4574
1985-08-14,-0.4409
1985-08-15,-0.4276
1985-08-16,-0.4459
1985-08-17,-0.4999
1985-08-18,-0.5432
1985-08-19,-0.5578
1985-08-20,-0.5768
1985-08-21,-0.5884
1985-08-22,-0.5854
1985-08-23,-0.6025
1985-08-24,-0.6248
1985-08-25,-0.6553
1985-08-26,-0.6807
1985-08-27,-0.7018
1985-08-28,-0.7325
1985-08-29,-0.7441
1985-08-30,-0.7018
1985-08-31,-0.6866
1985-09-01,-0.6327
1985-09-02,-0.595
1985-09-03,-0.5319
1985-09-04,-0.4758
1985-09-05,-0.427
1985-09-06,-0.4296
1985-09-07,-0.4826
1985-09-08,-0.5383
1985-09-09,-0.5497
1985-09-10,-0.5593
1985-09-11,-0.5663
1985-09-12,-0.5094
1985-09-13,-0.4765
1985-09-14,-0.4553
1985-09-15,-0.4421
1985-09-16,-0.4434
1985-09-17,-0.4122
1985-09-18,-0.4146
1985-09-19,-0.4363
1985-09-20,-0.4266
1985-09-21,-0.4138
1985-09-22,-0.4003
1985-09-23,-0.3594
1985-09-24,-0.3711
1985-09-25,-0.4029
1985-09-26,-0.405
1985-09-27,-0.4206
1985-09-28,-0.4139
1985-09-29,-0.4279
1985-09-30,-0.4621
1985-10-01,-0.4904
1985-10-02,-0.4865
1985-10-03,-0.4894
1985-10-04,-0.503
1985-10-05,-0.5104
1985-10-06,-0.502
1985-10-07,-0.5009
1985-10-08,-0.5163
1985-10-09,-0.4935
1985-10-10,-0.5094
1985-10-11,-0.5227
1985-10-12,-0.4886
1985-10-13,-0.4744
1985-10-14,-0.4647
1985-10-15,-0.5324
1985-10-16,-0.6004
1985-10-17,-0.6326
1985-10-18,-0.6235
1985-10-19,-0.5535
1985-10-20,-0.5438
1985-10-21,-0.5206
1985-10-22,-0.4644
1985-10-23,-0.4797
1985-10-24,-0.4569
1985-10-25,-0.4606
1985-10-26,-0.48
1985-10-27,-0.4962
1985-10-28,-0.5239
1985-10-29,-0.5479
1985-10-30,-0.5091
1985-10-31,-0.4852
1985-11-01,-0.4966
1985-11-02,-0.5036
1985-11-03,-0.484
1985-11-04,-0.4762
1985-11-05,-0.4342
1985-11-06,-0.4371
1985-11-07,-0.44
1985-11-08,-0.4291
1985-11-09,-0.4336
1985-11-10,-0.4745
1985-11-11,-0.5153
1985-11-12,-0.5298
1985-11-13,-0.5907
1985-11-14,-0.5914
1985-11-15,-0.5561
1985-11-16,-0.5334
1985-11-17,-0.5116
1985-11-18,-0.5496
1985-11-19,-0.5702
1985-11-20,-0.4949
1985-11-21,-0.4358
1985-11-22,-0.44
1985-11-23,-0.411
1985-11-24,-0.4179
1985-11-25,-0.3876
1985-11-26,-0.3556
1985-11-27,-0.3369
1985-11-28,-0.3476
1985-11-29,-0.2933
1985-11-30,-0.251
1985-12-01,-0.2534
1985-12-02,-0.2635
1985-12-03,-0.3241
1985-12-04,-0.3572
1985-12-05,-0.4187
1985-12-06,-0.4662
1985-12-07,-0.5237
1985-12-08,-0.5192
1985-12-09,-0.5104
1985-12-10,-0.4805
1985-12-11,-0.4431
1985-12-12,-0.4373
1985-12-13,-0.4629
1985-12-14,-0.5039
1985-12-15,-0.5349
1985-12-16,-0.4909
1985-12-17,-0.4156
1985-12-18,-0.353
1985-12-19,-0.3141
1985-12-20,-0.3007
1985-12-21,-0.281
1985-12-22,-0.2543
1985-12-23,-0.3017
1985-12-24,-0.322
1985-12-25,-0.3521
1985-12-26,-0.326
1985-12-27,-0.3029
1985-12-28,-0.3023
1985-12-29,-0.3531
1985-12-30,-0.3875
1985-12-31,-0.42
1986-01-01,-0.5416
1986-01-02,-0.5733
1986-01-03,-0.5908
1986-01-04,-0.6055
1986-01-05,-0.5817
1986-01-06,-0.5774
1986-01-07,-0.5772
1986-01-08,-0.586
1986-01-09,-0.6137
1986-01-10,-0.6356
1986-01-11,-0.6932
1986-01-12,-0.7311
1986-01-13,-0.6667
1986-01-14,-0.6385
1986-01-15,-0.6121
1986-01-16,-0.5801
1986-01-17,-0.5462
1986-01-18,-0.5146
1986-01-19,-0.5049
1986-01-20,-0.496
1986-01-21,-0.4734
1986-01-22,-0.4615
1986-01-23,-0.4389
1986-01-24,-0.4536
1986-01-25,-0.5085
1986-01-26,-0.5911
1986-01-27,-0.6186
1986-01-28,-0.605
1986-01-29,-0.5866
1986-01-30,-0.5793
1986-01-31,-0.4621
1986-02-01,-0.3599
1986-02-02,-0.3534
1986-02-03,-0.3699
1986-02-04,-0.3229
1986-02-05,-0.3557
1986-02-06,-0.3776
1986-02-07,-0.3658
1986-02-08,-0.3833
1986-02-09,-0.433
1986-02-10,-0.4323
1986-02-11,-0.4007
1986-02-12,-0.3828
1986-02-13,-0.3227
1986-02-14,-0.3028
1986-02-15,-0.2859
1986-02-16,-0.3209
1986-02-17,-0.3553
1986-02-18,-0.3312
1986-02-19,-0.2573
1986-02-20,-0.2873
1986-02-21,-0.2975
1986-02-22,-0.2986
1986-02-23,-0.3281
1986-02-24,-0.344
1986-02-25,-0.3092
1986-02-26,-0.2921
1986-02-27,-0.3267
1986-02-28,-0.3252
1986-03-01,-0.3379
1986-03-02,-0.3025
1986-03-03,-0.3028
1986-03-04,-0.3472
1986-03-05,-0.4219
1986-03-06,-0.4928
1986-03-07,-0.5209
1986-03-08,-0.5786
1986-03-09,-0.6101
1986-03-10,-0.6238
1986-03-11,-0.6411
1986-03-12,-0.6238
1986-03-13,-0.6107
1986-03-14,-0.6009
1986-03-15,-0.5457
1986-03-16,-0.4942
1986-03-17,-0.5076
1986-03-18,-0.4764
1986-03-19,-0.4571
1986-03-20,-0.4459
1986-03-21,-0.5169
1986-03-22,-0.5218
1986-03-23,-0.4812
1986-03-24,-0.4698
1986-03-25,-0.4582
1986-03-26,-0.4494
1986-03-27,-0.4454
1986-03-28,-0.4612
1986-03-29,-0.4417
1986-03-30,-0.4388
1986-03-31,-0.4613
1986-04-01,-0.4262
1986-04-02,-0.3909
1986-04-03,-0.3664
1986-04-04,-0.404
1986-04-05,-0.4174
1986-04-06,-0.3702
1986-04-07,-0.3823
1986-04-08,-0.3784
1986-04-09,-0.3276
1986-04-10,-0.3013
1986-04-11,-0.2913
1986-04-12,-0.257
1986-04-13,-0.23
1986-04-14,-0.2475
1986-04-15,-0.2345
1986-04-16,-0.2658
1986-04-17,-0.2808
1986-04-18,-0.2795
1986-04-19,-0.278
1986-04-20,-0.292
1986-04-21,-0.289
1986-04-22,-0.3246
1986-04-23,-0.2881
1986-04-24,-0.2675
1986-04-25,-0.2683
1986-04-26,-0.2579
1986-04-27,-0.2204
1986-04-28,-0.2057
1986-04-29,-0.1994
1986-04-30,-0.2056
1986-05-01,-0.183
1986-05-02,-0.1691
1986-05-03,-0.0653
1986-05-04,-0.0315
1986-05-05,-0.0199
1986-05-06,-0.0728
1986-05-07,-0.1188
1986-05-08,-0.1838
1986-05-09,-0.246
1986-05-10,-0.2624
1986-05-11,-0.2709
1986-05-12,-0.2198
1986-05-13,-0.2045
1986-05-14,-0.2592
1986-05-15,-0.2735
1986-05-16,-0.2607
1986-05-17,-0.2401
1986-05-18,-0.2814
1986-05-19,-0.3508
1986-05-20,-0.4041
1986-05-21,-0.4309
1986-05-22,-0.3557
1986-05-23,-0.2714
1986-05-24,-0.3213
1986-05-25,-0.3492
1986-05-26,-0.3675
1986-05-27,-0.3524
1986-05-28,-0.303
1986-05-29,-0.241
1986-05-30,-0.1213
1986-05-31,-0.0294
1986-06-01,0.056
1986-06-02,0.0725
1986-06-03,0.0215
1986-06-04,-0.017
1986-06-05,-0.0744
1986-06-06,-0.1592
1986-06-07,-0.2749
1986-06-08,-0.3027
1986-06-09,-0.2986
1986-06-10,-0.2742
1986-06-11,-0.2424
1986-06-12,-0.2458
1986-06-13,-0.2529
1986-06-14,-0.2682
1986-06-15,-0.2873
1986-06-16,-0.2028
1986-06-17,-0.1871
1986-06-18,-0.2658
1986-06-19,-0.3501
1986-06-20,-0.4131
1986-06-21,-0.3834
1986-06-22,-0.3709
1986-06-23,-0.3234
1986-06-24,-0.2921
1986-06-25,-0.3133
1986-06-26,-0.3646
1986-06-27,-0.3759
1986-06-28,-0.3709
1986-06-29,-0.3772
1986-06-30,-0.3777
1986-07-01,-0.4134
1986-07-02,-0.4638
1986-07-03,-0.4656
1986-07-04,-0.4265
1986-07-05,-0.4295
1986-07-06,-0.4271
1986-07-07,-0.4395
1986-07-08,-0.4553
1986-07-09,-0.4438
1986-07-10,-0.4712
1986-07-11,-0.5031
1986-07-12,-0.5034
1986-07-13,-0.4993
1986-07-14,-0.492
1986-07-15,-0.4261
1986-07-16,-0.3886
1986-07-17,-0.3613
1986-07-18,-0.3262
1986-07-19,-0.3048
1986-07-20,-0.3331
1986-07-21,-0.3588
1986-07-22,-0.3996
1986-07-23,-0.4245
1986-07-24,-0.4185
1986-07-25,-0.3917
1986-07-26,-0.3554
1986-07-27,-0.3349
1986-07-28,-0.3457
1986-07-29,-0.3087
1986-07-30,-0.2983
1986-07-31,-0.3209
1986-08-01,-0.3456
1986-08-02,-0.3944
1986-08-03,-0.468
1986-08-04,-0.5123
1986-08-05,-0.5352
1986-08-06,-0.5715
1986-08-07,-0.6364
1986-08-08,-0.6462
1986-08-09,-0.6307
1986-08-10,-0.6326
1986-08-11,-0.6763
1986-08-12,-0.6985
1986-08-13,-0.7361
1986-08-14,-0.7346
1986-08-15,-0.7387
1986-08-16,-0.7414
1986-08-17,-0.7101
1986-08-18,-0.6535
1986-08-19,-0.6217
1986-08-20,-0.5768
1986-08-21,-0.58
1986-08-22,-0.6196
1986-08-23,-0.651
1986-08-24,-0.6303
1986-08-25,-0.6568
1986-08-26,-0.6886
1986-08-27,-0.7165
1986-08-28,-0.6937
1986-08-29,-0.6628
1986-08-30,-0.6049
1986-08-31,-0.5468
1986-09-01,-0.4973
1986-09-02,-0.4494
1986-09-03,-0.4493
1986-09-04,-0.4652
1986-09-05,-0.5063
1986-09-06,-0.5547
1986-09-07,-0.5639
1986-09-08,-0.5786
1986-09-09,-0.6232
1986-09-10,-0.6439
1986-09-11,-0.6459
1986-09-12,-0.6201
1986-09-13,-0.5526
1986-09-14,-0.517
1986-09-15,-0.5327
1986-09-16,-0.5295
1986-09-17,-0.5189
1986-09-18,-0.5199
1986-09-19,-0.5185
1986-09-20,-0.4926
1986-09-21,-0.4665
1986-09-22,-0.4473
1986-09-23,-0.4158
1986-09-24,-0.3954
1986-09-25,-0.4063
1986-09-26,-0.44
1986-09-27,-0.4551
1986-09-28,-0.4998
1986-09-29,-0.4982
1986-09-30,-0.4746
1986-10-01,-0.5146
1986-10-02,-0.5155
1986-10-03,-0.4697
1986-10-04,-0.4301
1986-10-05,-0.4089
1986-10-06,-0.4027
1986-10-07,-0.4048
1986-10-08,-0.3708
1986-10-09,-0.3472
1986-10-10,-0.3379
1986-10-11,-0.3213
1986-10-12,-0.265
1986-10-13,-0.2201
1986-10-14,-0.1894
1986-10-15,-0.1637
1986-10-16,-0.1646
1986-10-17,-0.1943
1986-10-18,-0.2418
1986-10-19,-0.2363
1986-10-20,-0.2128
1986-10-21,-0.217
1986-10-22,-0.2134
1986-10-23,-0.2339
1986-10-24,-0.2543
1986-10-25,-0.3148
1986-10-26,-0.3851
1986-10-27,-0.3294
1986-10-28,-0.2846
1986-10-29,-0.2892
1986-10-30,-0.2478
1986-10-31,-0.1974
1986-11-01,-0.1787
1986-11-02,-0.1966
1986-11-03,-0.2023
1986-11-04,-0.1952
1986-11-05,-0.1588
1986-11-06,-0.1759
1986-11-07,-0.162
1986-11-08,-0.1398
1986-11-09,-0.1256
1986-11-10,-0.101
1986-11-11,-0.0454
1986-11-12,0.0102
1986-11-13,0.0198
1986-11-14,0.0413
1986-11-15,0.0123
1986-11-16,0.0256
1986-11-17,0.0074
1986-11-18,-0.016
1986-11-19,-0.042
1986-11-20,-0.0578
1986-11-21,-0.043
1986-11-22,-0.0307
1986-11-23,-0.003
1986-11-24,0.005
1986-11-25,-0.0405
1986-11-26,-0.0622
1986-11-27,-0.0767
1986-11-28,-0.0967
1986-11-29,-0.1087
1986-11-30,-0.1445
1986-12-01,-0.12
1986-12-02,-0.0582
1986-12-03,-0.0069
1986-12-04,-0.0179
1986-12-05,-0.0517
1986-12-06,-0.0772
1986-12-07,-0.1021
1986-12-08,-0.0883
1986-12-09,-0.0393
1986-12-10,-0.0511
1986-12-11,-0.0625
1986-12-12,-0.074
1986-12-13,-0.066
1986-12-14,-0.0492
1986-12-15,-0.0512
1986-12-16,-0.1223
1986-12-17,-0.118
1986-12-18,-0.1216
1986-12-19,-0.1445
1986-12-20,-0.1849
1986-12-21,-0.1676
1986-12-22,-0.151
1986-12-23,-0.151
1986-12-24,-0.1362
1986-12-25,-0.1611
1986-12-26,-0.1902
1986-12-27,-0.164
1986-12-28,-0.1869
1986-12-29,-0.1469
1986-12-30,-0.145
1986-12-31,-0.1435
1987-01-01,-0.1862
1987-01-02,-0.247
1987-01-03,-0.2601
1987-01-04,-0.3007
1987-01-05,-0.3183
1987-01-06,-0.3424
1987-01-07,-0.342
1987-01-08,-0.3313
1987-01-09,-0.3209
1987-01-10,-0.3135
1987-01-11,-0.3201
1987-01-12,-0.3172
1987-01-13,-0.2998
1987-01-14,-0.2889
1987-01-15,-0.3156
1987-01-16,-0.3512
1987-01-17,-0.3846
1987-01-18,-0.4111
1987-01-19,-0.4086
1987-01-20,-0.3072
1987-01-21,-0.2289
1987-01-22,-0.1936
1987-01-23,-0.2304
1987-01-24,-0.2515
1987-01-25,-0.2246
1987-01-26,-0.2328
1987-01-27,-0.244
1987-01-28,-0.2051
1987-01-29,-0.1887
1987-01-30,-0.1938
1987-01-31,-0.2353
1987-02-01,-0.2294
1987-02-02,-0.2246
1987-02-03,-0.2342
1987-02-04,-0.2679
1987-02-05,-0.2922
1987-02-06,-0.3096
1987-02-07,-0.2943
1987-02-08,-0.2164
1987-02-09,-0.1195
1987-02-10,-0.0768
1987-02-11,-0.0764
1987-02-12,-0.1077
1987-02-13,-0.1783
1987-02-14,-0.1916
1987-02-15,-0.1805
1987-02-16,-0.1922
1987-02-17,-0.1034
1987-02-18,-0.0602
1987-02-19,0.014
1987-02-20,0.0822
1987-02-21,0.0971
1987-02-22,0.0877
1987-02-23,0.0552
1987-02-24,-0.0354
1987-02-25,-0.1085
1987-02-26,-0.1003
1987-02-27,-0.0895
1987-02-28,-0.0892
1987-03-01,-0.1348
1987-03-02,-0.1485
1987-03-03,-0.1218
1987-03-04,-0.0733
1987-03-05,-0.0278
1987-03-06,-0.081
1987-03-07,-0.1407
1987-03-08,-0.0748
1987-03-09,0.0121
1987-03-10,0.0449
1987-03-11,0.0723
1987-03-12,0.0729
1987-03-13,0.0888
1987-03-14,0.0713
1987-03-15,0.0883
1987-03-16,0.0806
1987-03-17,0.0757
1987-03-18,0.1153
1987-03-19,0.1383
1987-03-20,0.1639
1987-03-21,0.2114
1987-03-22,0.1957
1987-03-23,0.105
1987-03-24,0.0272
1987-03-25,-0.0129
1987-03-26,0.0705
1987-03-27,0.1825
1987-03-28,0.2554
1987-03-29,0.2081
1987-03-30,0.1493
1987-03-31,0.1251
1987-04-01,0.0775
1987-04-02,0.0639
1987-04-03,0.0857
1987-04-04,0.0849
1987-04-05,0.0936
1987-04-06,0.0768
1987-04-07,0.0689
1987-04-08,0.0467
1987-04-09,0.0419
1987-04-10,0.0673
1987-04-11,0.0853
1987-04-12,0.1127
1987-04-13,0.1067
1987-04-14,0.0914
1987-04-15,0.0886
1987-04-16,0.1158
1987-04-17,0.0931
1987-04-18,0.059
1987-04-19,0.0789
1987-04-20,0.0275
1987-04-21,-0.0502
1987-04-22,0.0149
1987-04-23,0.0776
1987-04-24,0.0477
1987-04-25,0.0028
1987-04-26,0.0294
1987-04-27,0.0565
1987-04-28,0.1436
1987-04-29,0.1699
1987-04-30,0.1609
1987-05-01,0.1942
1987-05-02,0.2679
1987-05-03,0.307
1987-05-04,0.3285
1987-05-05,0.2947
1987-05-06,0.2496
1987-05-07,0.2841
1987-05-08,0.3172
1987-05-09,0.3299
1987-05-10,0.3259
1987-05-11,0.3038
1987-05-12,0.2963
1987-05-13,0.317
1987-05-14,0.366
1987-05-15,0.3955
1987-05-16,0.3858
1987-05-17,0.4008
1987-05-18,0.4022
1987-05-19,0.3826
1987-05-20,0.3452
1987-05-21,0.3389
1987-05-22,0.3109
1987-05-23,0.2686
1987-05-24,0.3094
1987-05-25,0.3745
1987-05-26,0.4696
1987-05-27,0.5119
1987-05-28,0.5089
1987-05-29,0.5033
1987-05-30,0.4903
1987-05-31,0.4796
1987-06-01,0.4623
1987-06-02,0.451
1987-06-03,0.451
1987-06-04,0.4705
1987-06-05,0.4992
1987-06-06,0.504
1987-06-07,0.4827
1987-06-08,0.4503
1987-06-09,0.404
1987-06-10,0.3033
1987-06-11,0.2856
1987-06-12,0.2542
1987-06-13,0.2162
1987-06-14,0.1645
1987-06-15,0.1083
1987-06-16,0.0872
1987-06-17,0.062
1987-06-18,0.0192
1987-06-19,-0.044
1987-06-20,-0.099
1987-06-21,-0.1566
1987-06-22,-0.1761
1987-06-23,-0.1938
1987-06-24,-0.234
1987-06-25,-0.2643
1987-06-26,-0.1837
1987-06-27,-0.1107
1987-06-28,-0.0547
1987-06-29,-0.0317
1987-06-30,-0.0015
1987-07-01,-0.0167
1987-07-02,-0.0412
1987-07-03,-0.013
1987-07-04,0.0557
1987-07-05,0.1026
1987-07-06,0.1135
1987-07-07,0.1421
1987-07-08,0.2123
1987-07-09,0.2454
1987-07-10,0.209
1987-07-11,0.1668
1987-07-12,0.1942
1987-07-13,0.2201
1987-07-14,0.2056
1987-07-15,0.1406
1987-07-16,0.0865
1987-07-17,0.074
1987-07-18,0.1086
1987-07-19,0.1614
1987-07-20,0.1298
1987-07-21,0.1323
1987-07-22,0.1522
1987-07-23,0.1539
1987-07-24,0.1686
1987-07-25,0.1461
1987-07-26,0.1574
1987-07-27,0.1621
1987-07-28,0.1773
1987-07-29,0.1961
1987-07-30,0.1704
1987-07-31,0.1202
1987-08-01,0.0718
1987-08-02,0.0838
1987-08-03,0.1472
1987-08-04,0.1808
1987-08-05,0.2162
1987-08-06,0.2544
1987-08-07,0.273
1987-08-08,0.2862
1987-08-09,0.2898
1987-08-10,0.3022
1987-08-11,0.2797
1987-08-12,0.2685
1987-08-13,0.2669
1987-08-14,0.3273
1987-08-15,0.3296
1987-08-16,0.3059
1987-08-17,0.2416
1987-08-18,0.1616
1987-08-19,0.1519
1987-08-20,0.1319
1987-08-21,0.1224
1987-08-22,0.1176
1987-08-23,0.0591
1987-08-24,0.0361
1987-08-25,-0.0444
1987-08-26,-0.0635
1987-08-27,-0.0383
1987-08-28,0.0193
1987-08-29,0.1077
1987-08-30,0.1661
1987-08-31,0.2393
1987-09-01,0.3196
1987-09-02,0.3426
1987-09-03,0.3365
1987-09-04,0.3444
1987-09-05,0.3554
1987-09-06,0.3604
1987-09-07,0.3231
1987-09-08,0.2875
1987-09-09,0.2409
1987-09-10,0.1949
1987-09-11,0.2201
1987-09-12,0.23
1987-09-13,0.2343
1987-09-14,0.2454
1987-09-15,0.2518
1987-09-16,0.2562
1987-09-17,0.2638
1987-09-18,0.2552
1987-09-19,0.2446
1987-09-20,0.2191
1987-09-21,0.2141
1987-09-22,0.1978
1987-09-23,0.1916
1987-09-24,0.2208
1987-09-25,0.2656
1987-09-26,0.2512
1987-09-27,0.21
1987-09-28,0.1909
1987-09-29,0.1901
1987-09-30,0.2711
1987-10-01,0.3027
1987-10-02,0.2513
1987-10-03,0.1855
1987-10-04,0.1484
1987-10-05,0.1083
1987-10-06,0.1261
1987-10-07,0.1316
1987-10-08,0.1423
1987-10-09,0.1868
1987-10-10,0.2066
1987-10-11,0.1954
1987-10-12,0.2113
1987-10-13,0.2073
1987-10-14,0.1531
1987-10-15,0.1625
1987-10-16,0.1788
1987-10-17,0.1832
1987-10-18,0.2064
1987-10-19,0.2445
1987-10-20,0.22
1987-10-21,0.2041
1987-10-22,0.2025
1987-10-23,0.2237
1987-10-24,0.2477
1987-10-25,0.2572
1987-10-26,0.2621
1987-10-27,0.2434
1987-10-28,0.2187
1987-10-29,0.1923
1987-10-30,0.167
1987-10-31,0.1476
1987-11-01,0.1304
1987-11-02,0.113
1987-11-03,0.1004
1987-11-04,0.1437
1987-11-05,0.1694
1987-11-06,0.1709
1987-11-07,0.1537
1987-11-08,0.1693
1987-11-09,0.1491
1987-11-10,0.1198
1987-11-11,0.0735
1987-11-12,0.0547
1987-11-13,0.074
1987-11-14,0.1354
1987-11-15,0.1892
1987-11-16,0.2349
1987-11-17,0.296
1987-11-18,0.279
1987-11-19,0.2568
1987-11-20,0.2234
1987-11-21,0.1834
1987-11-22,0.1473
1987-11-23,0.1219
1987-11-24,0.141
1987-11-25,0.1763
1987-11-26,0.1807
1987-11-27,0.1915
1987-11-28,0.1918
1987-11-29,0.1667
1987-11-30,0.0888
1987-12-01,0.0319
1987-12-02,0.0203
1987-12-03,0.0112
1987-12-04,0.0175
1987-12-05,0.026
1987-12-06,0.0335
1987-12-07,0.0354
1987-12-08,0.0196
1987-12-09,-0.0082
1987-12-10,-0.0599
1987-12-11,-0.0784
1987-12-12,-0.0752
1987-12-13,-0.0011
1987-12-14,0.0448
1987-12-15,0.0699
1987-12-16,0.0848
1987-12-17,0.136
1987-12-18,0.1374
1987-12-19,0.1412
1987-12-20,0.1487
1987-12-21,0.1854
1987-12-22,0.2491
1987-12-23,0.2713
1987-12-24,0.2943
1987-12-25,0.269
1987-12-26,0.2411
1987-12-27,0.1957
1987-12-28,0.1889
1987-12-29,0.1741
1987-12-30,0.179
1987-12-31,0.1985
1988-01-01,0.2199
1988-01-02,0.1993
1988-01-03,0.2083
1988-01-04,0.1901
1988-01-05,0.1866
1988-01-06,0.2583
1988-01-07,0.2986
1988-01-08,0.3019
1988-01-09,0.295
1988-01-10,0.2738
1988-01-11,0.2138
1988-01-12,0.1699
1988-01-13,0.17
1988-01-14,0.1465
1988-01-15,0.0972
1988-01-16,0.1029
1988-01-17,0.0806
1988-01-18,0.1125
1988-01-19,0.1658
1988-01-20,0.1507
1988-01-21,0.1133
1988-01-22,0.085
1988-01-23,0.0668
1988-01-24,0.0714
1988-01-25,0.1021
1988-01-26,0.0717
1988-01-27,0.1199
1988-01-28,0.1558
1988-01-29,0.1953
1988-01-30,0.1808
1988-01-31,0.147
1988-02-01,0.0906
1988-02-02,0.1198
1988-02-03,0.1807
1988-02-04,0.2027
1988-02-05,0.1985
1988-02-06,0.1717
1988-02-07,0.143
1988-02-08,0.142
1988-02-09,0.1874
1988-02-10,0.2384
1988-02-11,0.3107
1988-02-12,0.3927
1988-02-13,0.4742
1988-02-14,0.5365
1988-02-15,0.6357
1988-02-16,0.605
1988-02-17,0.5961
1988-02-18,0.5965
1988-02-19,0.5645
1988-02-20,0.5214
1988-02-21,0.4918
1988-02-22,0.4613
1988-02-23,0.447
1988-02-24,0.4193
1988-02-25,0.4401
1988-02-26,0.4131
1988-02-27,0.327
1988-02-28,0.2584
1988-02-29,0.2578
1988-03-01,0.2473
1988-03-02,0.287
1988-03-03,0.4126
1988-03-04,0.4685
1988-03-05,0.5514
1988-03-06,0.6464
1988-03-07,0.7188
1988-03-08,0.7193
1988-03-09,0.6981
1988-03-10,0.6532
1988-03-11,0.6173
1988-03-12,0.5844
1988-03-13,0.5948
1988-03-14,0.5818
1988-03-15,0.5619
1988-03-16,0.547
1988-03-17,0.4823
1988-03-18,0.4415
1988-03-19,0.4096
1988-03-20,0.3777
1988-03-21,0.3557
1988-03-22,0.3195
1988-03-23,0.3005
1988-03-24,0.2754
1988-03-25,0.2303
1988-03-26,0.1984
1988-03-27,0.2325
1988-03-28,0.2165
1988-03-29,0.17
1988-03-30,0.1658
1988-03-31,0.1363
1988-04-01,0.1686
1988-04-02,0.251
1988-04-03,0.2658
1988-04-04,0.2389
1988-04-05,0.3129
1988-04-06,0.3601
1988-04-07,0.3783
1988-04-08,0.3342
1988-04-09,0.2755
1988-04-10,0.2493
1988-04-11,0.2195
1988-04-12,0.2639
1988-04-13,0.272
1988-04-14,0.2524
1988-04-15,0.2653
1988-04-16,0.2952
1988-04-17,0.3283
1988-04-18,0.3221
1988-04-19,0.3276
1988-04-20,0.3924
1988-04-21,0.4099
1988-04-22,0.436
1988-04-23,0.4894
1988-04-24,0.5011
1988-04-25,0.4679
1988-04-26,0.4776
1988-04-27,0.4686
1988-04-28,0.4591
1988-04-29,0.4198
1988-04-30,0.3993
1988-05-01,0.284
1988-05-02,0.1851
1988-05-03,0.1201
1988-05-04,0.0921
1988-05-05,0.0328
1988-05-06,-0.0013
1988-05-07,-0.0228
1988-05-08,-0.0459
1988-05-09,-0.0743
1988-05-10,-0.1021
1988-05-11,-0.1107
1988-05-12,-0.1307
1988-05-13,-0.137
1988-05-14,-0.092
1988-05-15,-0.0795
1988-05-16,-0.0532
1988-05-17,-0.0621
1988-05-18,-0.0465
1988-05-19,-0.0927
1988-05-20,-0.141
1988-05-21,-0.108
1988-05-22,-0.0841
1988-05-23,-0.1147
1988-05-24,-0.1177
1988-05-25,-0.1055
1988-05-26,-0.0924
1988-05-27,-0.0736
1988-05-28,-0.0645
1988-05-29,-0.0879
1988-05-30,-0.1193
1988-05-31,-0.168
1988-06-01,-0.2062
1988-06-02,-0.2232
1988-06-03,-0.236
1988-06-04,-0.2399
1988-06-05,-0.225
1988-06-06,-0.2301
1988-06-07,-0.2226
1988-06-08,-0.2534
1988-06-09,-0.22
1988-06-10,-0.195
1988-06-11,-0.1318
1988-06-12,-0.0757
1988-06-13,-0.0032
1988-06-14,0.0416
1988-06-15,0.0368
1988-06-16,-0.0136
1988-06-17,-0.1087
1988-06-18,-0.1512
1988-06-19,-0.1223
1988-06-20,-0.0698
1988-06-21,-0.0195
1988-06-22,0.0188
1988-06-23,0.023
1988-06-24,0.0081
1988-06-25,-0.0504
1988-06-26,-0.1093
1988-06-27,-0.097
1988-06-28,-0.0584
1988-06-29,-0.0643
1988-06-30,-0.1082
1988-07-01,-0.0998
1988-07-02,-0.0221
1988-07-03,-0.0335
1988-07-04,-0.0277
1988-07-05,-0.063
1988-07-06,-0.0934
1988-07-07,-0.1071
1988-07-08,-0.0956
1988-07-09,-0.1058
1988-07-10,-0.1352
1988-07-11,-0.1215
1988-07-12,-0.0786
1988-07-13,-0.0714
1988-07-14,-0.1225
1988-07-15,-0.1387
1988-07-16,-0.1273
1988-07-17,-0.1073
1988-07-18,-0.1699
1988-07-19,-0.2199
1988-07-20,-0.2521
1988-07-21,-0.2539
1988-07-22,-0.2502
1988-07-23,-0.2395
1988-07-24,-0.1744
1988-07-25,-0.1219
1988-07-26,-0.0665
1988-07-27,-0.0449
1988-07-28,0.0066
1988-07-29,0.032
1988-07-30,-0.0013
1988-07-31,-0.0497
1988-08-01,-0.0976
1988-08-02,-0.1267
1988-08-03,-0.1605
1988-08-04,-0.1932
1988-08-05,-0.1622
1988-08-06,-0.1287
1988-08-07,-0.1283
1988-08-08,-0.1276
1988-08-09,-0.0912
1988-08-10,-0.0469
1988-08-11,0.0029
1988-08-12,0.0011
1988-08-13,0.0338
1988-08-14,0.0547
1988-08-15,0.0733
1988-08-16,0.1087
1988-08-17,0.1289
1988-08-18,0.0967
1988-08-19,0.0857
1988-08-20,0.0717
1988-08-21,0.0433
1988-08-22,0.0597
1988-08-23,0.0857
1988-08-24,0.1304
1988-08-25,0.1145
1988-08-26,0.0859
1988-08-27,0.0795
1988-08-28,0.0905
1988-08-29,0.1002
1988-08-30,0.0605
1988-08-31,0.0157
1988-09-01,0.0663
1988-09-02,0.1025
1988-09-03,0.1323
1988-09-04,0.1547
1988-09-05,0.1499
1988-09-06,0.1486
1988-09-07,0.1105
1988-09-08,0.1309
1988-09-09,0.1328
1988-09-10,0.1341
1988-09-11,0.1895
1988-09-12,0.2363
1988-09-13,0.2334
1988-09-14,0.1989
1988-09-15,0.1509
1988-09-16,0.138
1988-09-17,0.1383
1988-09-18,0.1495
1988-09-19,0.1598
1988-09-20,0.1612
1988-09-21,0.13
1988-09-22,0.1031
1988-09-23,0.0546
1988-09-24,-0.0236
1988-09-25,-0.1106
1988-09-26,-0.1474
1988-09-27,-0.1085
1988-09-28,-0.1143
1988-09-29,-0.112
1988-09-30,-0.1094
1988-10-01,-0.0791
1988-10-02,-0.0775
1988-10-03,0.0011
1988-10-04,0.0657
1988-10-05,0.0651
1988-10-06,0.028
1988-10-07,-0.0035
1988-10-08,-0.0404
1988-10-09,-0.0909
1988-10-10,-0.0441
1988-10-11,0.0646
1988-10-12,0.1597
1988-10-13,0.1993
1988-10-14,0.2207
1988-10-15,0.1831
1988-10-16,0.1393
1988-10-17,0.0973
1988-10-18,0.1849
1988-10-19,0.2272
1988-10-20,0.2523
1988-10-21,0.2707
1988-10-22,0.2598
1988-10-23,0.2706
1988-10-24,0.2662
1988-10-25,0.2227
1988-10-26,0.1413
1988-10-27,0.1342
1988-10-28,0.1257
1988-10-29,0.1523
1988-10-30,0.2088
1988-10-31,0.2205
1988-11-01,0.1979
1988-11-02,0.1458
1988-11-03,0.0817
1988-11-04,0.0291
1988-11-05,-0.0177
1988-11-06,-0.0249
1988-11-07,-0.0361
1988-11-08,0.0062
1988-11-09,0.0326
1988-11-10,0.0354
1988-11-11,-0.0027
1988-11-12,-0.0793
1988-11-13,-0.122
1988-11-14,-0.1142
1988-11-15,-0.161
1988-11-16,-0.1649
1988-11-17,-0.1716
1988-11-18,-0.1733
1988-11-19,-0.1501
1988-11-20,-0.1627
1988-11-21,-0.115
1988-11-22,-0.105
1988-11-23,-0.0673
1988-11-24,-0.0384
1988-11-25,0.0042
1988-11-26,0.0173
1988-11-27,-0.0049
1988-11-28,-0.0346
1988-11-29,-0.0732
1988-11-30,-0.0803
1988-12-01,-0.0922
1988-12-02,-0.0955
1988-12-03,-0.0903
1988-12-04,-0.1294
1988-12-05,-0.1856
1988-12-06,-0.2543
1988-12-07,-0.2534
1988-12-08,-0.1846
1988-12-09,-0.1112
1988-12-10,-0.1032
1988-12-11,-0.0935
1988-12-12,-0.0535
1988-12-13,-0.0395
1988-12-14,-0.0295
1988-12-15,-0.0501
1988-12-16,-0.0358
1988-12-17,-0.0353
1988-12-18,-0.0077
1988-12-19,0.0546
1988-12-20,0.0937
1988-12-21,0.1215
1988-12-22,0.1597
1988-12-23,0.1535
1988-12-24,0.1458
1988-12-25,0.1394
1988-12-26,0.1252
1988-12-27,0.1032
1988-12-28,0.0412
1988-12-29,-0.0396
1988-12-30,-0.1321
1988-12-31,-0.1692
1989-01-01,-0.1916
1989-01-02,-0.1882
1989-01-03,-0.1794
1989-01-04,-0.1756
1989-01-05,-0.1465
1989-01-06,-0.1642
1989-01-07,-0.1992
1989-01-08,-0.1931
1989-01-09,-0.1841
1989-01-10,-0.1744
1989-01-11,-0.1771
1989-01-12,-0.1746
1989-01-13,-0.1577
1989-01-14,-0.1719
1989-01-15,-0.2244
1989-01-16,-0.2535
1989-01-17,-0.3326
1989-01-18,-0.3789
1989-01-19,-0.4265
1989-01-20,-0.485
1989-01-21,-0.5539
1989-01-22,-0.5768
1989-01-23,-0.6209
1989-01-24,-0.6466
1989-01-25,-0.6132
1989-01-26,-0.6157
1989-01-27,-0.6308
1989-01-28,-0.6433
1989-01-29,-0.564
1989-01-30,-0.5388
1989-01-31,-0.4776
1989-02-01,-0.4296
1989-02-02,-0.378
1989-02-03,-0.293
1989-02-04,-0.2836
1989-02-05,-0.2974
1989-02-06,-0.2855
1989-02-07,-0.2836
1989-02-08,-0.3204
1989-02-09,-0.3971
1989-02-10,-0.4558
1989-02-11,-0.4169
1989-02-12,-0.3893
1989-02-13,-0.3785
1989-02-14,-0.3709
1989-02-15,-0.3897
1989-02-16,-0.4018
1989-02-17,-0.3783
1989-02-18,-0.3856
1989-02-19,-0.388
1989-02-20,-0.4324
1989-02-21,-0.4281
1989-02-22,-0.4036
1989-02-23,-0.4093
1989-02-24,-0.4391
1989-02-25,-0.4897
1989-02-26,-0.52
1989-02-27,-0.5365
1989-02-28,-0.5312
1989-03-01,-0.5188
1989-03-02,-0.4883
1989-03-03,-0.4342
1989-03-04,-0.4216
1989-03-05,-0.3775
1989-03-06,-0.3659
1989-03-07,-0.3684
1989-03-08,-0.3724
1989-03-09,-0.3182
1989-03-10,-0.2582
1989-03-11,-0.1871
1989-03-12,-0.1093
1989-03-13,-0.1131
1989-03-14,-0.1266
1989-03-15,-0.1582
1989-03-16,-0.2058
1989-03-17,-0.2289
1989-03-18,-0.2125
1989-03-19,-0.1586
1989-03-20,-0.1866
1989-03-21,-0.243
1989-03-22,-0.2844
1989-03-23,-0.3291
1989-03-24,-0.3701
1989-03-25,-0.4215
1989-03-26,-0.4328
1989-03-27,-0.4172
1989-03-28,-0.4008
1989-03-29,-0.3354
1989-03-30,-0.2898
1989-03-31,-0.306
1989-04-01,-0.3489
1989-04-02,-0.432
1989-04-03,-0.4855
1989-04-04,-0.4946
1989-04-05,-0.5174
1989-04-06,-0.5482
1989-04-07,-0.5608
1989-04-08,-0.5658
1989-04-09,-0.5822
1989-04-10,-0.5693
1989-04-11,-0.5226
1989-04-12,-0.5061
1989-04-13,-0.5358
1989-04-14,-0.5797
1989-04-15,-0.6051
1989-04-16,-0.6201
1989-04-17,-0.6493
1989-04-18,-0.6588
1989-04-19,-0.6159
1989-04-20,-0.5935
1989-04-21,-0.5594
1989-04-22,-0.4812
1989-04-23,-0.4163
1989-04-24,-0.3509
1989-04-25,-0.2802
1989-04-26,-0.1961
1989-04-27,-0.1236
1989-04-28,-0.0993
1989-04-29,-0.1388
1989-04-30,-0.176
1989-05-01,-0.2138
1989-05-02,-0.2065
1989-05-03,-0.1377
1989-05-04,-0.1754
1989-05-05,-0.2248
1989-05-06,-0.2537
1989-05-07,-0.2347
1989-05-08,-0.1894
1989-05-09,-0.1534
1989-05-10,-0.1738
1989-05-11,-0.2513
1989-05-12,-0.35
1989-05-13,-0.4298
1989-05-14,-0.5057
1989-05-15,-0.5521
1989-05-16,-0.531
1989-05-17,-0.5358
1989-05-18,-0.5509
1989-05-19,-0.5211
1989-05-20,-0.4994
1989-05-21,-0.5077
1989-05-22,-0.511
1989-05-23,-0.4873
1989-05-24,-0.465
1989-05-25,-0.4991
1989-05-26,-0.5348
1989-05-27,-0.5972
1989-05-28,-0.6102
1989-05-29,-0.6219
1989-05-30,-0.6564
1989-05-31,-0.718
1989-06-01,-0.7509
1989-06-02,-0.7618
1989-06-03,-0.7555
1989-06-04,-0.7333
1989-06-05,-0.669
1989-06-06,-0.6035
1989-06-07,-0.6102
1989-06-08,-0.6691
1989-06-09,-0.704
1989-06-10,-0.7641
1989-06-11,-0.8344
1989-06-12,-0.8803
1989-06-13,-0.8352
1989-06-14,-0.7639
1989-06-15,-0.7131
1989-06-16,-0.6749
1989-06-17,-0.6598
1989-06-18,-0.6448
1989-06-19,-0.6674
1989-06-20,-0.694
1989-06-21,-0.7861
1989-06-22,-0.8382
1989-06-23,-0.8146
1989-06-24,-0.7214
1989-06-25,-0.663
1989-06-26,-0.6221
1989-06-27,-0.6202
1989-06-28,-0.5993
1989-06-29,-0.5821
1989-06-30,-0.6312
1989-07-01,-0.7475
1989-07-02,-0.8607
1989-07-03,-0.8711
1989-07-04,-0.8355
1989-07-05,-0.7689
1989-07-06,-0.7271
1989-07-07,-0.6891
1989-07-08,-0.5773
1989-07-09,-0.5269
1989-07-10,-0.4906
1989-07-11,-0.4724
1989-07-12,-0.4774
1989-07-13,-0.4985
1989-07-14,-0.5122
1989-07-15,-0.5247
1989-07-16,-0.5614
1989-07-17,-0.5731
1989-07-18,-0.6203
1989-07-19,-0.6201
1989-07-20,-0.5894
1989-07-21,-0.576
1989-07-22,-0.593
1989-07-23,-0.581
1989-07-24,-0.5268
1989-07-25,-0.4533
1989-07-26,-0.4655
1989-07-27,-0.4497
1989-07-28,-0.4069
1989-07-29,-0.376
1989-07-30,-0.3231
1989-07-31,-0.2578
1989-08-01,-0.2729
1989-08-02,-0.3297
1989-08-03,-0.3893
1989-08-04,-0.4742
1989-08-05,-0.5562
1989-08-06,-0.578
1989-08-07,-0.5986
1989-08-08,-0.5808
1989-08-09,-0.5804
1989-08-10,-0.6028
1989-08-11,-0.6141
1989-08-12,-0.6144
1989-08-13,-0.5876
1989-08-14,-0.5521
1989-08-15,-0.5581
1989-08-16,-0.5347
1989-08-17,-0.5764
1989-08-18,-0.6275
1989-08-19,-0.6497
1989-08-20,-0.6248
1989-08-21,-0.5951
1989-08-22,-0.6016
1989-08-23,-0.6208
1989-08-24,-0.6136
1989-08-25,-0.5776
1989-08-26,-0.5785
1989-08-27,-0.5963
1989-08-28,-0.6195
1989-08-29,-0.6224
1989-08-30,-0.627
1989-08-31,-0.5855
1989-09-01,-0.4752
1989-09-02,-0.3984
1989-09-03,-0.3423
1989-09-04,-0.2933
1989-09-05,-0.2133
1989-09-06,-0.2107
1989-09-07,-0.2237
1989-09-08,-0.2661
1989-09-09,-0.2941
1989-09-10,-0.3276
1989-09-11,-0.379
1989-09-12,-0.3843
1989-09-13,-0.3583
1989-09-14,-0.3349
1989-09-15,-0.3327
1989-09-16,-0.3367
1989-09-17,-0.372
1989-09-18,-0.3853
1989-09-19,-0.3735
1989-09-20,-0.3364
1989-09-21,-0.3317
1989-09-22,-0.3193
1989-09-23,-0.2625
1989-09-24,-0.2034
1989-09-25,-0.1657
1989-09-26,-0.1456
1989-09-27,-0.1355
1989-09-28,-0.1604
1989-09-29,-0.1437
1989-09-30,-0.1508
1989-10-01,-0.1476
1989-10-02,-0.1168
1989-10-03,-0.1388
1989-10-04,-0.2047
1989-10-05,-0.2768
1989-10-06,-0.3531
1989-10-07,-0.4102
1989-10-08,-0.4113
1989-10-09,-0.3976
1989-10-10,-0.3329
1989-10-11,-0.2689
1989-10-12,-0.2161
1989-10-13,-0.2378
1989-10-14,-0.2296
1989-10-15,-0.219
1989-10-16,-0.1911
1989-10-17,-0.1727
1989-10-18,-0.2155
1989-10-19,-0.2336
1989-10-20,-0.2346
1989-10-21,-0.2355
1989-10-22,-0.277
1989-10-23,-0.3163
1989-10-24,-0.3133
1989-10-25,-0.2608
1989-10-26,-0.1985
1989-10-27,-0.1827
1989-10-28,-0.1537
1989-10-29,-0.1075
1989-10-30,-0.1133
1989-10-31,-0.1183
1989-11-01,-0.1294
1989-11-02,-0.1511
1989-11-03,-0.1864
1989-11-04,-0.2398
1989-11-05,-0.227
1989-11-06,-0.2238
1989-11-07,-0.2009
1989-11-08,-0.1661
1989-11-09,-0.1458
1989-11-10,-0.1099
1989-11-11,-0.0796
1989-11-12,-0.028
1989-11-13,-0.0119
1989-11-14,-0.0013
1989-11-15,-0.0032
1989-11-16,0.0586
1989-11-17,0.017
1989-11-18,-0.003
1989-11-19,-0.0294
1989-11-20,-0.0693
1989-11-21,-0.1312
1989-11-22,-0.1574
1989-11-23,-0.201
1989-11-24,-0.1705
1989-11-25,-0.1587
1989-11-26,-0.1392
1989-11-27,-0.124
1989-11-28,-0.1416
1989-11-29,-0.1139
1989-11-30,-0.0326
1989-12-01,0.1111
1989-12-02,0.1628
1989-12-03,0.1049
1989-12-04,0.0782
1989-12-05,0.0723
1989-12-06,0.0414
1989-12-07,0.046
1989-12-08,0.0519
1989-12-09,0.0766
1989-12-10,0.0839
1989-12-11,0.102
1989-12-12,0.0909
1989-12-13,0.0471
1989-12-14,0.0201
1989-12-15,-0.0066
1989-12-16,-0.0278
1989-12-17,-0.0628
1989-12-18,-0.072
1989-12-19,-0.1173
1989-12-20,-0.1391
1989-12-21,-0.1451
1989-12-22,-0.1884
1989-12-23,-0.2448
1989-12-24,-0.2473
1989-12-25,-0.1804
1989-12-26,-0.1282
1989-12-27,-0.1151
1989-12-28,-0.1081
1989-12-29,-0.1117
1989-12-30,-0.1449
1989-12-31,-0.2275
1990-01-01,-0.2741
1990-01-02,-0.2994
1990-01-03,-0.2996
1990-01-04,-0.2722
1990-01-05,-0.2338
1990-01-06,-0.2266
1990-01-07,-0.2052
1990-01-08,-0.199
1990-01-09,-0.1902
1990-01-10,-0.1841
1990-01-11,-0.1992
1990-01-12,-0.2533
1990-01-13,-0.3514
1990-01-14,-0.3839
1990-01-15,-0.2709
1990-01-16,-0.1492
1990-01-17,-0.0381
1990-01-18,-0.0178
1990-01-19,0.0149
1990-01-20,0.0188
1990-01-21,-0.0338
1990-01-22,-0.0414
1990-01-23,-0.0705
1990-01-24,-0.065
1990-01-25,-0.0862
1990-01-26,-0.087
1990-01-27,-0.109
1990-01-28,-0.1063
1990-01-29,-0.1151
1990-01-30,-0.0908
1990-01-31,-0.1257
1990-02-01,-0.1396
1990-02-02,-0.0759
1990-02-03,0.0154
1990-02-04,0.0611
1990-02-05,0.102
1990-02-06,0.1557
1990-02-07,0.157
1990-02-08,0.1467
1990-02-09,0.1238
1990-02-10,0.1278
1990-02-11,0.219
1990-02-12,0.1924
1990-02-13,0.1146
1990-02-14,0.1032
1990-02-15,0.192
1990-02-16,0.2868
1990-02-17,0.3196
1990-02-18,0.2751
1990-02-19,0.265
1990-02-20,0.2897
1990-02-21,0.3042
1990-02-22,0.2584
1990-02-23,0.2117
1990-02-24,0.2338
1990-02-25,0.2326
1990-02-26,0.2436
1990-02-27,0.2247
1990-02-28,0.1381
1990-03-01,-0.0079
1990-03-02,-0.0525
1990-03-03,-0.0115
1990-03-04,-0.0182
1990-03-05,-0.0452
1990-03-06,-0.006
1990-03-07,0.0344
1990-03-08,0.0023
1990-03-09,-0.0256
1990-03-10,0.0
1990-03-11,-0.0161
1990-03-12,-0.041
1990-03-13,-0.0195
1990-03-14,0.0146
1990-03-15,0.0257
1990-03-16,0.0153
1990-03-17,-0.0053
1990-03-18,-0.0176
1990-03-19,-0.0042
1990-03-20,0.0164
1990-03-21,0.0744
1990-03-22,0.0893
1990-03-23,0.0701
1990-03-24,0.0745
1990-03-25,0.0874
1990-03-26,0.1259
1990-03-27,0.1097
1990-03-28,0.0527
1990-03-29,0.0669
1990-03-30,0.0783
1990-03-31,0.0228
1990-04-01,-0.0386
1990-04-02,-0.1175
1990-04-03,-0.1156
1990-04-04,-0.0862
1990-04-05,-0.0635
1990-04-06,-0.0508
1990-04-07,-0.068
1990-04-08,-0.0623
1990-04-09,-0.0497
1990-04-10,-0.0436
1990-04-11,-0.0936
1990-04-12,-0.1521
1990-04-13,-0.1758
1990-04-14,-0.1944
1990-04-15,-0.1809
1990-04-16,-0.1651
1990-04-17,-0.1304
1990-04-18,-0.1331
1990-04-19,-0.1593
1990-04-20,-0.1349
1990-04-21,-0.0579
1990-04-22,-0.0149
1990-04-23,0.0538
1990-04-24,0.0513
1990-04-25,0.0519
1990-04-26,0.0918
1990-04-27,0.1813
1990-04-28,0.2223
1990-04-29,0.3065
1990-04-30,0.3787
1990-05-01,0.3777
1990-05-02,0.3524
1990-05-03,0.3005
1990-05-04,0.2526
1990-05-05,0.1895
1990-05-06,0.1364
1990-05-07,0.0876
1990-05-08,-0.0003
1990-05-09,-0.0413
1990-05-10,-0.0322
1990-05-11,-0.0616
1990-05-12,-0.0973
1990-05-13,-0.103
1990-05-14,-0.1104
1990-05-15,-0.0922
1990-05-16,-0.0979
1990-05-17,-0.0671
1990-05-18,-0.0435
1990-05-19,-0.0737
1990-05-20,-0.1411
1990-05-21,-0.1439
1990-05-22,-0.1425
1990-05-23,-0.1277
1990-05-24,-0.1728
1990-05-25,-0.2058
1990-05-26,-0.2158
1990-05-27,-0.1821
1990-05-28,-0.1345
1990-05-29,-0.177
1990-05-30,-0.2174
1990-05-31,-0.2439
1990-06-01,-0.283
1990-06-02,-0.3292
1990-06-03,-0.4106
1990-06-04,-0.4138
1990-06-05,-0.3647
1990-06-06,-0.3826
1990-06-07,-0.3957
1990-06-08,-0.4026
1990-06-09,-0.405
1990-06-10,-0.4334
1990-06-11,-0.4466
1990-06-12,-0.457
1990-06-13,-0.4344
1990-06-14,-0.388
1990-06-15,-0.3688
1990-06-16,-0.427
1990-06-17,-0.4513
1990-06-18,-0.4619
1990-06-19,-0.4572
1990-06-20,-0.4597
1990-06-21,-0.4137
1990-06-22,-0.3314
1990-06-23,-0.2744
1990-06-24,-0.2757
1990-06-25,-0.2855
1990-06-26,-0.2411
1990-06-27,-0.2422
1990-06-28,-0.2365
1990-06-29,-0.2109
1990-06-30,-0.1937
1990-07-01,-0.1978
1990-07-02,-0.2586
1990-07-03,-0.3255
1990-07-04,-0.3277
1990-07-05,-0.338
1990-07-06,-0.3445
1990-07-07,-0.3399
1990-07-08,-0.3257
1990-07-09,-0.3195
1990-07-10,-0.3422
1990-07-11,-0.3344
1990-07-12,-0.3051
1990-07-13,-0.2928
1990-07-14,-0.2757
1990-07-15,-0.2686
1990-07-16,-0.3124
1990-07-17,-0.3135
1990-07-18,-0.2264
1990-07-19,-0.1419
1990-07-20,-0.1235
1990-07-21,-0.1419
1990-07-22,-0.1272
1990-07-23,-0.119
1990-07-24,-0.1266
1990-07-25,-0.1275
1990-07-26,-0.1252
1990-07-27,-0.1528
1990-07-28,-0.1935
1990-07-29,-0.2241
1990-07-30,-0.2296
1990-07-31,-0.2612
1990-08-01,-0.2851
1990-08-02,-0.2873
1990-08-03,-0.287
1990-08-04,-0.2777
1990-08-05,-0.2692
1990-08-06,-0.2829
1990-08-07,-0.3053
1990-08-08,-0.3289
1990-08-09,-0.3498
1990-08-10,-0.3538
1990-08-11,-0.3435
1990-08-12,-0.3224
1990-08-13,-0.3534
1990-08-14,-0.3566
1990-08-15,-0.3415
1990-08-16,-0.3294
1990-08-17,-0.3386
1990-08-18,-0.3662
1990-08-19,-0.4166
1990-08-20,-0.4496
1990-08-21,-0.4508
1990-08-22,-0.3896
1990-08-23,-0.3298
1990-08-24,-0.3101
1990-08-25,-0.2855
1990-08-26,-0.2202
1990-08-27,-0.1758
1990-08-28,-0.1628
1990-08-29,-0.1473
1990-08-30,-0.1319
1990-08-31,-0.1211
1990-09-01,-0.0911
1990-09-02,-0.1115
1990-09-03,-0.143
1990-09-04,-0.1294
1990-09-05,-0.1252
1990-09-06,-0.0927
1990-09-07,-0.0892
1990-09-08,-0.1186
1990-09-09,-0.1806
1990-09-10,-0.2093
1990-09-11,-0.2388
1990-09-12,-0.2517
1990-09-13,-0.211
1990-09-14,-0.1341
1990-09-15,-0.111
1990-09-16,-0.1457
1990-09-17,-0.1902
1990-09-18,-0.232
1990-09-19,-0.2878
1990-09-20,-0.361
1990-09-21,-0.4258
1990-09-22,-0.438
1990-09-23,-0.4024
1990-09-24,-0.3941
1990-09-25,-0.3843
1990-09-26,-0.3462
1990-09-27,-0.2686
1990-09-28,-0.2094
1990-09-29,-0.2013
1990-09-30,-0.2102
1990-10-01,-0.1583
1990-10-02,-0.0604
1990-10-03,0.0184
1990-10-04,-0.007
1990-10-05,-0.0948
1990-10-06,-0.1844
1990-10-07,-0.2401
1990-10-08,-0.3084
1990-10-09,-0.3565
1990-10-10,-0.3766
1990-10-11,-0.3209
1990-10-12,-0.2355
1990-10-13,-0.1917
1990-10-14,-0.1726
1990-10-15,-0.1528
1990-10-16,-0.1526
1990-10-17,-0.172
1990-10-18,-0.2119
1990-10-19,-0.2656
1990-10-20,-0.2559
1990-10-21,-0.1551
1990-10-22,-0.1262
1990-10-23,-0.1553
1990-10-24,-0.1218
1990-10-25,-0.127
1990-10-26,-0.1587
1990-10-27,-0.1959
1990-10-28,-0.2403
1990-10-29,-0.2781
1990-10-30,-0.2476
1990-10-31,-0.2353
1990-11-01,-0.2264
1990-11-02,-0.1851
1990-11-03,-0.1354
1990-11-04,-0.1206
1990-11-05,-0.0976
1990-11-06,-0.0791
1990-11-07,-0.0615
1990-11-08,-0.0425
1990-11-09,-0.0358
1990-11-10,-0.0537
1990-11-11,-0.0054
1990-11-12,-0.0244
1990-11-13,-0.0297
1990-11-14,-0.0719
1990-11-15,-0.0803
1990-11-16,-0.087
1990-11-17,-0.1507
1990-11-18,-0.1775
1990-11-19,-0.1494
1990-11-20,-0.1544
1990-11-21,-0.1581
1990-11-22,-0.113
1990-11-23,-0.0911
1990-11-24,-0.0582
1990-11-25,-0.0328
1990-11-26,-0.0206
1990-11-27,0.0113
1990-11-28,0.0588
1990-11-29,0.0282
1990-11-30,-0.0273
1990-12-01,0.0002
1990-12-02,0.0538
1990-12-03,0.0763
1990-12-04,0.0639
1990-12-05,0.1357
1990-12-06,0.1799
1990-12-07,0.1755
1990-12-08,0.1401
1990-12-09,0.0867
1990-12-10,0.0893
1990-12-11,0.1248
1990-12-12,0.1791
1990-12-13,0.1485
1990-12-14,0.1078
1990-12-15,0.1011
1990-12-16,0.0827
1990-12-17,0.1166
1990-12-18,0.1245
1990-12-19,0.0994
1990-12-20,0.131
1990-12-21,0.1522
1990-12-22,0.1591
1990-12-23,0.1066
1990-12-24,0.0917
1990-12-25,0.0817
1990-12-26,0.1142
1990-12-27,0.1394
1990-12-28,0.1351
1990-12-29,0.1158
1990-12-30,0.0819
1990-12-31,0.0858
1991-01-01,0.0611
1991-01-02,-0.0175
1991-01-03,-0.0083
1991-01-04,0.0361
1991-01-05,0.0252
1991-01-06,-0.0078
1991-01-07,-0.0385
1991-01-08,-0.0883
1991-01-09,-0.0438
1991-01-10,0.0136
1991-01-11,0.0007
1991-01-12,-0.0259
1991-01-13,-0.0176
1991-01-14,-0.0191
1991-01-15,-0.0435
1991-01-16,0.0044
1991-01-17,0.0531
1991-01-18,0.0511
1991-01-19,0.0473
1991-01-20,0.0508
1991-01-21,0.0424
1991-01-22,0.0398
1991-01-23,0.1267
1991-01-24,0.1376
1991-01-25,0.1311
1991-01-26,0.1334
1991-01-27,0.1285
1991-01-28,0.159
1991-01-29,0.1779
1991-01-30,0.1834
1991-01-31,0.137
1991-02-01,0.16
1991-02-02,0.209
1991-02-03,0.2306
1991-02-04,0.1698
1991-02-05,0.1583
1991-02-06,0.125
1991-02-07,0.1072
1991-02-08,0.1105
1991-02-09,0.0974
1991-02-10,0.1342
1991-02-11,0.1596
1991-02-12,0.1556
1991-02-13,0.1045
1991-02-14,0.0478
1991-02-15,0.0273
1991-02-16,-0.0245
1991-02-17,-0.0227
1991-02-18,-0.025
1991-02-19,-0.0162
1991-02-20,-0.0133
1991-02-21,1e-04
1991-02-22,0.0153
1991-02-23,0.023
1991-02-24,-0.0227
1991-02-25,-0.0818
1991-02-26,0.0047
1991-02-27,0.0882
1991-02-28,0.1248
1991-03-01,0.0837
1991-03-02,0.1054
1991-03-03,0.1091
1991-03-04,0.0538
1991-03-05,-0.0089
1991-03-06,0.0057
1991-03-07,0.023
1991-03-08,0.0225
1991-03-09,0.0076
1991-03-10,0.088
1991-03-11,0.1023
1991-03-12,0.083
1991-03-13,0.0951
1991-03-14,0.0852
1991-03-15,0.123
1991-03-16,0.1274
1991-03-17,0.1213
1991-03-18,0.1034
1991-03-19,0.1357
1991-03-20,0.2024
1991-03-21,0.1516
1991-03-22,0.1073
1991-03-23,0.0578
1991-03-24,0.0359
1991-03-25,0.052
1991-03-26,0.0316
1991-03-27,0.0395
1991-03-28,0.0582
1991-03-29,0.094
1991-03-30,0.1642
1991-03-31,0.2953
1991-04-01,0.435
1991-04-02,0.44
1991-04-03,0.3734
1991-04-04,0.2985
1991-04-05,0.2846
1991-04-06,0.337
1991-04-07,0.3565
1991-04-08,0.302
1991-04-09,0.2841
1991-04-10,0.2527
1991-04-11,0.2061
1991-04-12,0.1549
1991-04-13,0.1506
1991-04-14,0.1179
1991-04-15,0.099
1991-04-16,0.0977
1991-04-17,0.107
1991-04-18,0.0817
1991-04-19,0.1084
1991-04-20,0.141
1991-04-21,0.1906
1991-04-22,0.2171
1991-04-23,0.2301
1991-04-24,0.2286
1991-04-25,0.2642
1991-04-26,0.2613
1991-04-27,0.2224
1991-04-28,0.2062
1991-04-29,0.2717
1991-04-30,0.2704
1991-05-01,0.2211
1991-05-02,0.2114
1991-05-03,0.2891
1991-05-04,0.2933
1991-05-05,0.2798
1991-05-06,0.3211
1991-05-07,0.3883
1991-05-08,0.3636
1991-05-09,0.2723
1991-05-10,0.2303
1991-05-11,0.2581
1991-05-12,0.294
1991-05-13,0.2996
1991-05-14,0.2884
1991-05-15,0.2529
1991-05-16,0.2112
1991-05-17,0.2157
1991-05-18,0.2503
1991-05-19,0.2793
1991-05-20,0.3517
1991-05-21,0.3865
1991-05-22,0.3499
1991-05-23,0.344
1991-05-24,0.2851
1991-05-25,0.2243
1991-05-26,0.1973
1991-05-27,0.2164
1991-05-28,0.286
1991-05-29,0.2902
1991-05-30,0.2854
1991-05-31,0.3078
1991-06-01,0.3201
1991-06-02,0.3172
1991-06-03,0.241
1991-06-04,0.1353
1991-06-05,0.1174
1991-06-06,0.1174
1991-06-07,0.0753
1991-06-08,0.0871
1991-06-09,0.0622
1991-06-10,0.0182
1991-06-11,-0.0169
1991-06-12,-0.0237
1991-06-13,-0.0159
1991-06-14,0.0103
1991-06-15,0.0749
1991-06-16,0.1716
1991-06-17,0.1317
1991-06-18,-0.0244
1991-06-19,-0.1284
1991-06-20,-0.1454
1991-06-21,-0.1475
1991-06-22,-0.2268
1991-06-23,-0.2595
1991-06-24,-0.2359
1991-06-25,-0.2098
1991-06-26,-0.1871
1991-06-27,-0.1269
1991-06-28,-0.0589
1991-06-29,-0.0071
1991-06-30,0.0536
1991-07-01,0.095
1991-07-02,0.1134
1991-07-03,0.1734
1991-07-04,0.2275
1991-07-05,0.2639
1991-07-06,0.2882
1991-07-07,0.3339
1991-07-08,0.3111
1991-07-09,0.1461
1991-07-10,0.0084
1991-07-11,-0.1156
1991-07-12,-0.182
1991-07-13,-0.2042
1991-07-14,-0.2316
1991-07-15,-0.2494
1991-07-16,-0.2003
1991-07-17,-0.1884
1991-07-18,-0.1562
1991-07-19,-0.1306
1991-07-20,-0.1037
1991-07-21,-0.1112
1991-07-22,-0.1254
1991-07-23,-0.1523
1991-07-24,-0.1522
1991-07-25,-0.1628
1991-07-26,-0.1956
1991-07-27,-0.2421
1991-07-28,-0.2673
1991-07-29,-0.2626
1991-07-30,-0.2393
1991-07-31,-0.1853
1991-08-01,-0.1388
1991-08-02,-0.0836
1991-08-03,-0.0931
1991-08-04,-0.1257
1991-08-05,-0.1634
1991-08-06,-0.1627
1991-08-07,-0.1584
1991-08-08,-0.1572
1991-08-09,-0.1323
1991-08-10,-0.1101
1991-08-11,-0.1316
1991-08-12,-0.1318
1991-08-13,-0.1378
1991-08-14,-0.214
1991-08-15,-0.2491
1991-08-16,-0.2616
1991-08-17,-0.2376
1991-08-18,-0.2007
1991-08-19,-0.1872
1991-08-20,-0.2033
1991-08-21,-0.1803
1991-08-22,-0.1208
1991-08-23,-0.0883
1991-08-24,-0.0705
1991-08-25,-0.0748
1991-08-26,-0.1013
1991-08-27,-0.1448
1991-08-28,-0.1695
1991-08-29,-0.2024
1991-08-30,-0.2193
1991-08-31,-0.1973
1991-09-01,-0.2032
1991-09-02,-0.2192
1991-09-03,-0.2292
1991-09-04,-0.2452
1991-09-05,-0.2532
1991-09-06,-0.2133
1991-09-07,-0.1453
1991-09-08,-0.0079
1991-09-09,0.09
1991-09-10,0.0979
1991-09-11,0.0863
1991-09-12,0.0515
1991-09-13,-0.0104
1991-09-14,-0.0571
1991-09-15,-0.0578
1991-09-16,-0.1132
1991-09-17,-0.1543
1991-09-18,-0.1872
1991-09-19,-0.2122
1991-09-20,-0.2102
1991-09-21,-0.116
1991-09-22,-0.0455
1991-09-23,-0.0663
1991-09-24,-0.114
1991-09-25,-0.0938
1991-09-26,-0.0899
1991-09-27,-0.1383
1991-09-28,-0.18
1991-09-29,-0.1737
1991-09-30,-0.1791
1991-10-01,-0.1826
1991-10-02,-0.1373
1991-10-03,-0.1273
1991-10-04,-0.038
1991-10-05,0.0426
1991-10-06,0.0884
1991-10-07,0.0796
1991-10-08,0.0173
1991-10-09,0.0077
1991-10-10,0.0206
1991-10-11,-0.0004
1991-10-12,-0.0498
1991-10-13,-0.07
1991-10-14,-0.0018
1991-10-15,0.0769
1991-10-16,0.0803
1991-10-17,0.0581
1991-10-18,0.0264
1991-10-19,0.0311
1991-10-20,0.0123
1991-10-21,-0.0186
1991-10-22,-0.0324
1991-10-23,-0.0486
1991-10-24,-0.0905
1991-10-25,-0.1196
1991-10-26,-0.1342
1991-10-27,-0.0808
1991-10-28,-0.107
1991-10-29,-0.1795
1991-10-30,-0.2306
1991-10-31,-0.2103
1991-11-01,-0.156
1991-11-02,-0.0892
1991-11-03,0.0295
1991-11-04,0.0966
1991-11-05,0.1347
1991-11-06,0.1324
1991-11-07,0.0916
1991-11-08,0.0741
1991-11-09,0.0793
1991-11-10,0.0666
1991-11-11,0.0257
1991-11-12,0.0262
1991-11-13,0.0275
1991-11-14,-0.0449
1991-11-15,-0.0857
1991-11-16,-0.1244
1991-11-17,-0.1046
1991-11-18,-0.0806
1991-11-19,-0.0594
1991-11-20,-0.0741
1991-11-21,-0.0733
1991-11-22,-0.0437
1991-11-23,-0.0137
1991-11-24,-0.0392
1991-11-25,-0.0309
1991-11-26,-0.038
1991-11-27,-0.0162
1991-11-28,0.0415
1991-11-29,0.0277
1991-11-30,0.0123
1991-12-01,0.0544
1991-12-02,0.0826
1991-12-03,-0.0148
1991-12-04,-0.0995
1991-12-05,-0.0767
1991-12-06,-0.019
1991-12-07,0.0081
1991-12-08,-0.0289
1991-12-09,-0.0287
1991-12-10,-0.0632
1991-12-11,-0.121
1991-12-12,-0.1616
1991-12-13,-0.188
1991-12-14,-0.1945
1991-12-15,-0.213
1991-12-16,-0.2274
1991-12-17,-0.2273
1991-12-18,-0.1841
1991-12-19,-0.137
1991-12-20,-0.1865
1991-12-21,-0.1916
1991-12-22,-0.1617
1991-12-23,-0.1525
1991-12-24,-0.1329
1991-12-25,-0.1567
1991-12-26,-0.1593
1991-12-27,-0.1231
1991-12-28,-0.1117
1991-12-29,-0.0923
1991-12-30,-0.0851
1991-12-31,-0.0828
1992-01-01,-0.1254
1992-01-02,-0.1415
1992-01-03,-0.181
1992-01-04,-0.1946
1992-01-05,-0.1606
1992-01-06,-0.1843
1992-01-07,-0.1793
1992-01-08,-0.1342
1992-01-09,-0.1099
1992-01-10,-0.126
1992-01-11,-0.1548
1992-01-12,-0.1194
1992-01-13,-0.0931
1992-01-14,-0.0891
1992-01-15,-0.0969
1992-01-16,-0.0525
1992-01-17,-0.0558
1992-01-18,-0.0476
1992-01-19,-0.0349
1992-01-20,-0.0224
1992-01-21,-0.0167
1992-01-22,-0.0005
1992-01-23,-0.0564
1992-01-24,-0.1077
1992-01-25,-0.1346
1992-01-26,-0.1501
1992-01-27,-0.1605
1992-01-28,-0.1639
1992-01-29,-0.1263
1992-01-30,-0.1548
1992-01-31,-0.1143
1992-02-01,-0.0741
1992-02-02,-0.0371
1992-02-03,-0.0103
1992-02-04,0.0327
1992-02-05,0.093
1992-02-06,0.0853
1992-02-07,0.1388
1992-02-08,0.1538
1992-02-09,0.0924
1992-02-10,0.0058
1992-02-11,-0.0602
1992-02-12,-0.0953
1992-02-13,-0.1496
1992-02-14,-0.193
1992-02-15,-0.2077
1992-02-16,-0.2449
1992-02-17,-0.1905
1992-02-18,-0.1613
1992-02-19,-0.1706
1992-02-20,-0.1705
1992-02-21,-0.1923
1992-02-22,-0.2634
1992-02-23,-0.3116
1992-02-24,-0.3338
1992-02-25,-0.346
1992-02-26,-0.3226
1992-02-27,-0.3354
1992-02-28,-0.388
1992-02-29,-0.4198
1992-03-01,-0.4306
1992-03-02,-0.3882
1992-03-03,-0.3519
1992-03-04,-0.3803
1992-03-05,-0.401
1992-03-06,-0.401
1992-03-07,-0.3363
1992-03-08,-0.2392
1992-03-09,-0.1819
1992-03-10,-0.1595
1992-03-11,-0.1636
1992-03-12,-0.1677
1992-03-13,-0.1982
1992-03-14,-0.221
1992-03-15,-0.145
1992-03-16,-0.0609
1992-03-17,-0.0847
1992-03-18,-0.1221
1992-03-19,-0.1817
1992-03-20,-0.2335
1992-03-21,-0.2518
1992-03-22,-0.1576
1992-03-23,-0.0862
1992-03-24,-0.0449
1992-03-25,-0.0225
1992-03-26,-0.0042
1992-03-27,-0.0293
1992-03-28,-0.0275
1992-03-29,-0.0323
1992-03-30,-0.0065
1992-03-31,0.0066
1992-04-01,-0.0184
1992-04-02,-0.0528
1992-04-03,-0.0225
1992-04-04,-0.0005
1992-04-05,-0.0182
1992-04-06,-0.0584
1992-04-07,-0.0854
1992-04-08,-0.1081
1992-04-09,-0.0815
1992-04-10,-0.059
1992-04-11,-0.0567
1992-04-12,-0.0659
1992-04-13,-0.0321
1992-04-14,-0.1011
1992-04-15,-0.1614
1992-04-16,-0.1842
1992-04-17,-0.1572
1992-04-18,-0.116
1992-04-19,-0.0791
1992-04-20,-0.0628
1992-04-21,-0.0398
1992-04-22,0.0073
1992-04-23,0.027
1992-04-24,0.0356
1992-04-25,0.0316
1992-04-26,-0.0071
1992-04-27,0.005
1992-04-28,0.0366
1992-04-29,0.0697
1992-04-30,0.068
1992-05-01,0.0437
1992-05-02,0.0156
1992-05-03,0.0318
1992-05-04,0.07
1992-05-05,0.0551
1992-05-06,0.0174
1992-05-07,0.0558
1992-05-08,0.0877
1992-05-09,0.0612
1992-05-10,0.013
1992-05-11,-0.0071
1992-05-12,-0.0052
1992-05-13,0.0227
1992-05-14,0.0824
1992-05-15,0.1503
1992-05-16,0.1504
1992-05-17,0.1211
1992-05-18,0.0429
1992-05-19,-0.0385
1992-05-20,-0.1052
1992-05-21,-0.1365
1992-05-22,-0.0693
1992-05-23,0.0086
1992-05-24,0.1082
1992-05-25,0.1471
1992-05-26,0.1684
1992-05-27,0.1226
1992-05-28,0.1528
1992-05-29,0.2195
1992-05-30,0.2287
1992-05-31,0.198
1992-06-01,0.1098
1992-06-02,0.0501
1992-06-03,0.0417
1992-06-04,0.0504
1992-06-05,0.0531
1992-06-06,0.0763
1992-06-07,0.1088
1992-06-08,0.0825
1992-06-09,0.0332
1992-06-10,-0.0213
1992-06-11,-0.0855
1992-06-12,-0.1257
1992-06-13,-0.1846
1992-06-14,-0.2678
1992-06-15,-0.3141
1992-06-16,-0.3235
1992-06-17,-0.3065
1992-06-18,-0.235
1992-06-19,-0.1853
1992-06-20,-0.1666
1992-06-21,-0.1781
1992-06-22,-0.1582
1992-06-23,-0.1144
1992-06-24,-0.0742
1992-06-25,-0.0977
1992-06-26,-0.0588
1992-06-27,-0.0424
1992-06-28,-0.0766
1992-06-29,-0.1144
1992-06-30,-0.1399
1992-07-01,-0.1132
1992-07-02,-0.0883
1992-07-03,-0.049
1992-07-04,-0.0016
1992-07-05,0.0298
1992-07-06,0.0645
1992-07-07,0.0897
1992-07-08,0.0761
1992-07-09,0.0739
1992-07-10,0.1274
1992-07-11,0.1555
1992-07-12,0.1666
1992-07-13,0.1893
1992-07-14,0.2136
1992-07-15,0.205
1992-07-16,0.1851
1992-07-17,0.153
1992-07-18,0.0942
1992-07-19,0.0454
1992-07-20,0.0662
1992-07-21,0.0767
1992-07-22,0.011
1992-07-23,-0.0661
1992-07-24,-0.0802
1992-07-25,-0.1117
1992-07-26,-0.1836
1992-07-27,-0.2675
1992-07-28,-0.3002
1992-07-29,-0.2914
1992-07-30,-0.3045
1992-07-31,-0.3491
1992-08-01,-0.3752
1992-08-02,-0.4379
1992-08-03,-0.4741
1992-08-04,-0.5357
1992-08-05,-0.5578
1992-08-06,-0.5802
1992-08-07,-0.5612
1992-08-08,-0.5738
1992-08-09,-0.5697
1992-08-10,-0.5494
1992-08-11,-0.5082
1992-08-12,-0.4897
1992-08-13,-0.452
1992-08-14,-0.3986
1992-08-15,-0.3488
1992-08-16,-0.337
1992-08-17,-0.3327
1992-08-18,-0.3562
1992-08-19,-0.3612
1992-08-20,-0.3464
1992-08-21,-0.3364
1992-08-22,-0.3172
1992-08-23,-0.3361
1992-08-24,-0.3377
1992-08-25,-0.3171
1992-08-26,-0.2763
1992-08-27,-0.2553
1992-08-28,-0.2574
1992-08-29,-0.317
1992-08-30,-0.3857
1992-08-31,-0.4326
1992-09-01,-0.4364
1992-09-02,-0.4703
1992-09-03,-0.5048
1992-09-04,-0.5413
1992-09-05,-0.5386
1992-09-06,-0.5702
1992-09-07,-0.5743
1992-09-08,-0.5561
1992-09-09,-0.5264
1992-09-10,-0.4833
1992-09-11,-0.4497
1992-09-12,-0.4287
1992-09-13,-0.405
1992-09-14,-0.3678
1992-09-15,-0.3364
1992-09-16,-0.3121
1992-09-17,-0.3359
1992-09-18,-0.342
1992-09-19,-0.3823
1992-09-20,-0.409
1992-09-21,-0.4506
1992-09-22,-0.4772
1992-09-23,-0.5409
1992-09-24,-0.5844
1992-09-25,-0.6175
1992-09-26,-0.6335
1992-09-27,-0.6323
1992-09-28,-0.6051
1992-09-29,-0.5695
1992-09-30,-0.5285
1992-10-01,-0.5347
1992-10-02,-0.5325
1992-10-03,-0.5141
1992-10-04,-0.4636
1992-10-05,-0.4311
1992-10-06,-0.4273
1992-10-07,-0.3875
1992-10-08,-0.3353
1992-10-09,-0.2715
1992-10-10,-0.2328
1992-10-11,-0.2171
1992-10-12,-0.201
1992-10-13,-0.2381
1992-10-14,-0.2842
1992-10-15,-0.3226
1992-10-16,-0.3763
1992-10-17,-0.3822
1992-10-18,-0.3539
1992-10-19,-0.3577
1992-10-20,-0.3811
1992-10-21,-0.331
1992-10-22,-0.2798
1992-10-23,-0.256
1992-10-24,-0.2306
1992-10-25,-0.1967
1992-10-26,-0.1975
1992-10-27,-0.2028
1992-10-28,-0.1626
1992-10-29,-0.1289
1992-10-30,-0.1251
1992-10-31,-0.1341
1992-11-01,-0.1877
1992-11-02,-0.2343
1992-11-03,-0.2594
1992-11-04,-0.3015
1992-11-05,-0.3224
1992-11-06,-0.347
1992-11-07,-0.3251
1992-11-08,-0.2789
1992-11-09,-0.2902
1992-11-10,-0.2869
1992-11-11,-0.2568
1992-11-12,-0.2528
1992-11-13,-0.3005
1992-11-14,-0.2957
1992-11-15,-0.2857
1992-11-16,-0.2769
1992-11-17,-0.2503
1992-11-18,-0.207
1992-11-19,-0.1523
1992-11-20,-0.1216
1992-11-21,-0.0838
1992-11-22,-0.0282
1992-11-23,-0.0071
1992-11-24,0.0061
1992-11-25,-0.0215
1992-11-26,-0.0747
1992-11-27,-0.1463
1992-11-28,-0.2211
1992-11-29,-0.2907
1992-11-30,-0.3439
1992-12-01,-0.4036
1992-12-02,-0.452
1992-12-03,-0.4836
1992-12-04,-0.4735
1992-12-05,-0.4389
1992-12-06,-0.3919
1992-12-07,-0.4263
1992-12-08,-0.4337
1992-12-09,-0.4344
1992-12-10,-0.4422
1992-12-11,-0.4686
1992-12-12,-0.5032
1992-12-13,-0.544
1992-12-14,-0.5292
1992-12-15,-0.5212
1992-12-16,-0.5003
1992-12-17,-0.4791
1992-12-18,-0.4564
1992-12-19,-0.4543
1992-12-20,-0.4112
1992-12-21,-0.3937
1992-12-22,-0.357
1992-12-23,-0.3708
1992-12-24,-0.349
1992-12-25,-0.3246
1992-12-26,-0.322
1992-12-27,-0.3102
1992-12-28,-0.3176
1992-12-29,-0.3297
1992-12-30,-0.3448
1992-12-31,-0.3489
1993-01-01,-0.3732
1993-01-02,-0.3862
1993-01-03,-0.3205
1993-01-04,-0.2892
1993-01-05,-0.2996
1993-01-06,-0.3484
1993-01-07,-0.3926
1993-01-08,-0.4217
1993-01-09,-0.4158
1993-01-10,-0.3952
1993-01-11,-0.376
1993-01-12,-0.3799
1993-01-13,-0.3584
1993-01-14,-0.3556
1993-01-15,-0.3831
1993-01-16,-0.452
1993-01-17,-0.4745
1993-01-18,-0.4599
1993-01-19,-0.4926
1993-01-20,-0.5235
1993-01-21,-0.5288
1993-01-22,-0.4703
1993-01-23,-0.4861
1993-01-24,-0.482
1993-01-25,-0.4741
1993-01-26,-0.464
1993-01-27,-0.521
1993-01-28,-0.5323
1993-01-29,-0.5286
1993-01-30,-0.4686
1993-01-31,-0.4555
1993-02-01,-0.4408
1993-02-02,-0.4349
1993-02-03,-0.3956
1993-02-04,-0.324
1993-02-05,-0.3434
1993-02-06,-0.347
1993-02-07,-0.3574
1993-02-08,-0.3445
1993-02-09,-0.3078
1993-02-10,-0.233
1993-02-11,-0.19
1993-02-12,-0.183
1993-02-13,-0.1322
1993-02-14,-0.0642
1993-02-15,-0.0302
1993-02-16,-0.0719
1993-02-17,-0.1175
1993-02-18,-0.1286
1993-02-19,-0.1253
1993-02-20,-0.1338
1993-02-21,-0.1209
1993-02-22,-0.1378
1993-02-23,-0.1207
1993-02-24,-0.1756
1993-02-25,-0.2439
1993-02-26,-0.3381
1993-02-27,-0.3808
1993-02-28,-0.3302
1993-03-01,-0.3286
1993-03-02,-0.3413
1993-03-03,-0.3117
1993-03-04,-0.2832
1993-03-05,-0.2898
1993-03-06,-0.3101
1993-03-07,-0.3121
1993-03-08,-0.2976
1993-03-09,-0.3036
1993-03-10,-0.276
1993-03-11,-0.2282
1993-03-12,-0.2252
1993-03-13,-0.293
1993-03-14,-0.315
1993-03-15,-0.3006
1993-03-16,-0.3057
1993-03-17,-0.3358
1993-03-18,-0.3597
1993-03-19,-0.3688
1993-03-20,-0.4022
1993-03-21,-0.4157
1993-03-22,-0.3039
1993-03-23,-0.2112
1993-03-24,-0.2066
1993-03-25,-0.1596
1993-03-26,-0.0962
1993-03-27,-0.0793
1993-03-28,-0.1098
1993-03-29,-0.156
1993-03-30,-0.1827
1993-03-31,-0.1552
1993-04-01,-0.1888
1993-04-02,-0.2161
1993-04-03,-0.2518
1993-04-04,-0.2777
1993-04-05,-0.3323
1993-04-06,-0.386
1993-04-07,-0.371
1993-04-08,-0.3747
1993-04-09,-0.356
1993-04-10,-0.3241
1993-04-11,-0.2669
1993-04-12,-0.2167
1993-04-13,-0.2023
1993-04-14,-0.2114
1993-04-15,-0.2009
1993-04-16,-0.2073
1993-04-17,-0.2005
1993-04-18,-0.1988
1993-04-19,-0.2251
1993-04-20,-0.256
1993-04-21,-0.2388
1993-04-22,-0.2141
1993-04-23,-0.2069
1993-04-24,-0.22
1993-04-25,-0.2893
1993-04-26,-0.3251
1993-04-27,-0.361
1993-04-28,-0.3632
1993-04-29,-0.2917
1993-04-30,-0.266
1993-05-01,-0.2893
1993-05-02,-0.3509
1993-05-03,-0.3808
1993-05-04,-0.3794
1993-05-05,-0.3638
1993-05-06,-0.2941
1993-05-07,-0.2254
1993-05-08,-0.12
1993-05-09,-0.0187
1993-05-10,0.0693
1993-05-11,0.1643
1993-05-12,0.2123
1993-05-13,0.2466
1993-05-14,0.2817
1993-05-15,0.3044
1993-05-16,0.2439
1993-05-17,0.1936
1993-05-18,0.17
1993-05-19,0.1839
1993-05-20,0.1919
1993-05-21,0.1624
1993-05-22,0.1368
1993-05-23,0.1082
1993-05-24,0.1176
1993-05-25,0.1353
1993-05-26,0.1578
1993-05-27,0.133
1993-05-28,0.0747
1993-05-29,0.0146
1993-05-30,-0.0887
1993-05-31,-0.1605
1993-06-01,-0.1901
1993-06-02,-0.1967
1993-06-03,-0.1606
1993-06-04,-0.1493
1993-06-05,-0.1486
1993-06-06,-0.1889
1993-06-07,-0.2327
1993-06-08,-0.2344
1993-06-09,-0.1815
1993-06-10,-0.1416
1993-06-11,-0.1221
1993-06-12,-0.1097
1993-06-13,-0.1308
1993-06-14,-0.1462
1993-06-15,-0.1246
1993-06-16,-0.138
1993-06-17,-0.1796
1993-06-18,-0.1757
1993-06-19,-0.1591
1993-06-20,-0.1731
1993-06-21,-0.1403
1993-06-22,-0.1389
1993-06-23,-0.1078
1993-06-24,-0.1078
1993-06-25,-0.1429
1993-06-26,-0.1744
1993-06-27,-0.2285
1993-06-28,-0.2368
1993-06-29,-0.2381
1993-06-30,-0.2074
1993-07-01,-0.1943
1993-07-02,-0.2052
1993-07-03,-0.18
1993-07-04,-0.1199
1993-07-05,-0.0673
1993-07-06,-0.0452
1993-07-07,-0.0578
1993-07-08,-0.0624
1993-07-09,-0.0378
1993-07-10,-0.0372
1993-07-11,-0.0628
1993-07-12,-0.135
1993-07-13,-0.2195
1993-07-14,-0.2946
1993-07-15,-0.3108
1993-07-16,-0.2904
1993-07-17,-0.2715
1993-07-18,-0.2679
1993-07-19,-0.3065
1993-07-20,-0.3736
1993-07-21,-0.4018
1993-07-22,-0.383
1993-07-23,-0.3979
1993-07-24,-0.4514
1993-07-25,-0.515
1993-07-26,-0.5268
1993-07-27,-0.5019
1993-07-28,-0.4837
1993-07-29,-0.4657
1993-07-30,-0.4886
1993-07-31,-0.5085
1993-08-01,-0.5492
1993-08-02,-0.5091
1993-08-03,-0.451
1993-08-04,-0.3967
1993-08-05,-0.4207
1993-08-06,-0.4483
1993-08-07,-0.4155
1993-08-08,-0.3479
1993-08-09,-0.3364
1993-08-10,-0.3571
1993-08-11,-0.3356
1993-08-12,-0.2474
1993-08-13,-0.2303
1993-08-14,-0.2506
1993-08-15,-0.2757
1993-08-16,-0.3184
1993-08-17,-0.3424
1993-08-18,-0.3509
1993-08-19,-0.3391
1993-08-20,-0.3544
1993-08-21,-0.383
1993-08-22,-0.4062
1993-08-23,-0.43
1993-08-24,-0.4461
1993-08-25,-0.4995
1993-08-26,-0.4868
1993-08-27,-0.4488
1993-08-28,-0.4252
1993-08-29,-0.4162
1993-08-30,-0.3922
1993-08-31,-0.373
1993-09-01,-0.4162
1993-09-02,-0.4413
1993-09-03,-0.424
1993-09-04,-0.4411
1993-09-05,-0.3745
1993-09-06,-0.3026
1993-09-07,-0.254
1993-09-08,-0.2314
1993-09-09,-0.2166
1993-09-10,-0.2105
1993-09-11,-0.1827
1993-09-12,-0.1823
1993-09-13,-0.1552
1993-09-14,-0.1379
1993-09-15,-0.1354
1993-09-16,-0.1318
1993-09-17,-0.1547
1993-09-18,-0.2015
1993-09-19,-0.2641
1993-09-20,-0.3353
1993-09-21,-0.4002
1993-09-22,-0.4289
1993-09-23,-0.4298
1993-09-24,-0.4287
1993-09-25,-0.4463
1993-09-26,-0.4324
1993-09-27,-0.3666
1993-09-28,-0.3322
1993-09-29,-0.2928
1993-09-30,-0.2523
1993-10-01,-0.2622
1993-10-02,-0.2449
1993-10-03,-0.2356
1993-10-04,-0.2504
1993-10-05,-0.248
1993-10-06,-0.2526
1993-10-07,-0.2716
1993-10-08,-0.3153
1993-10-09,-0.3368
1993-10-10,-0.2859
1993-10-11,-0.2871
1993-10-12,-0.3399
1993-10-13,-0.3861
1993-10-14,-0.4077
1993-10-15,-0.413
1993-10-16,-0.3942
1993-10-17,-0.3671
1993-10-18,-0.3265
1993-10-19,-0.2856
1993-10-20,-0.2749
1993-10-21,-0.2978
1993-10-22,-0.3301
1993-10-23,-0.28
1993-10-24,-0.2004
1993-10-25,-0.154
1993-10-26,-0.1088
1993-10-27,-0.0441
1993-10-28,-0.029
1993-10-29,-0.0475
1993-10-30,-0.0885
1993-10-31,-0.0938
1993-11-01,-0.1067
1993-11-02,-0.1438
1993-11-03,-0.1984
1993-11-04,-0.2076
1993-11-05,-0.1773
1993-11-06,-0.1675
1993-11-07,-0.1444
1993-11-08,-0.157
1993-11-09,-0.1341
1993-11-10,-0.1474
1993-11-11,-0.1829
1993-11-12,-0.2398
1993-11-13,-0.2746
1993-11-14,-0.2576
1993-11-15,-0.1771
1993-11-16,-0.0684
1993-11-17,-0.0142
1993-11-18,0.0202
1993-11-19,0.0163
1993-11-20,-0.0106
1993-11-21,-0.0423
1993-11-22,-0.0488
1993-11-23,-0.0522
1993-11-24,-0.095
1993-11-25,-0.0773
1993-11-26,-0.05
1993-11-27,-0.0179
1993-11-28,-0.0135
1993-11-29,0.0041
1993-11-30,0.0389
1993-12-01,0.0381
1993-12-02,0.0219
1993-12-03,0.0265
1993-12-04,0.0597
1993-12-05,0.0985
1993-12-06,0.087
1993-12-07,0.0546
1993-12-08,-0.0075
1993-12-09,-0.0621
1993-12-10,-0.1066
1993-12-11,-0.1613
1993-12-12,-0.2262
1993-12-13,-0.2504
1993-12-14,-0.2759
1993-12-15,-0.3104
1993-12-16,-0.3782
1993-12-17,-0.3969
1993-12-18,-0.4408
1993-12-19,-0.4895
1993-12-20,-0.4886
1993-12-21,-0.4641
1993-12-22,-0.408
1993-12-23,-0.4255
1993-12-24,-0.3995
1993-12-25,-0.3463
1993-12-26,-0.3482
1993-12-27,-0.364
1993-12-28,-0.3405
1993-12-29,-0.3146
1993-12-30,-0.3173
1993-12-31,-0.3266
1994-01-01,-0.2703
1994-01-02,-0.1683
1994-01-03,-0.1292
1994-01-04,-0.1025
1994-01-05,-0.1047
1994-01-06,-0.0963
1994-01-07,-0.0977
1994-01-08,-0.0897
1994-01-09,-0.1377
1994-01-10,-0.1547
1994-01-11,-0.0991
1994-01-12,-0.0869
1994-01-13,-0.0755
1994-01-14,-0.0467
1994-01-15,-0.0521
1994-01-16,-0.0382
1994-01-17,-0.0194
1994-01-18,-0.0609
1994-01-19,-0.123
1994-01-20,-0.1418
1994-01-21,-0.132
1994-01-22,-0.1346
1994-01-23,-0.1422
1994-01-24,-0.125
1994-01-25,-0.1115
1994-01-26,-0.1441
1994-01-27,-0.1501
1994-01-28,-0.1487
1994-01-29,-0.1451
1994-01-30,-0.1427
1994-01-31,-0.1794
1994-02-01,-0.2732
1994-02-02,-0.317
1994-02-03,-0.3136
1994-02-04,-0.355
1994-02-05,-0.3619
1994-02-06,-0.3524
1994-02-07,-0.3024
1994-02-08,-0.2849
1994-02-09,-0.3277
1994-02-10,-0.3232
1994-02-11,-0.3458
1994-02-12,-0.3593
1994-02-13,-0.372
1994-02-14,-0.358
1994-02-15,-0.331
1994-02-16,-0.3261
1994-02-17,-0.3398
1994-02-18,-0.3341
1994-02-19,-0.3384
1994-02-20,-0.3504
1994-02-21,-0.3449
1994-02-22,-0.2822
1994-02-23,-0.2582
1994-02-24,-0.2832
1994-02-25,-0.284
1994-02-26,-0.328
1994-02-27,-0.3803
1994-02-28,-0.3584
1994-03-01,-0.3051
1994-03-02,-0.3033
1994-03-03,-0.3825
1994-03-04,-0.3935
1994-03-05,-0.3592
1994-03-06,-0.2972
1994-03-07,-0.2431
1994-03-08,-0.2357
1994-03-09,-0.2229
1994-03-10,-0.2541
1994-03-11,-0.3124
1994-03-12,-0.3467
1994-03-13,-0.3264
1994-03-14,-0.3087
1994-03-15,-0.3298
1994-03-16,-0.3263
1994-03-17,-0.3168
1994-03-18,-0.3422
1994-03-19,-0.3369
1994-03-20,-0.3284
1994-03-21,-0.3692
1994-03-22,-0.3471
1994-03-23,-0.3102
1994-03-24,-0.3038
1994-03-25,-0.3295
1994-03-26,-0.3369
1994-03-27,-0.2716
1994-03-28,-0.263
1994-03-29,-0.2349
1994-03-30,-0.195
1994-03-31,-0.1621
1994-04-01,-0.1488
1994-04-02,-0.1764
1994-04-03,-0.138
1994-04-04,-0.0665
1994-04-05,-0.0865
1994-04-06,-0.1497
1994-04-07,-0.1953
1994-04-08,-0.2431
1994-04-09,-0.2479
1994-04-10,-0.2341
1994-04-11,-0.255
1994-04-12,-0.2551
1994-04-13,-0.2484
1994-04-14,-0.19
1994-04-15,-0.2006
1994-04-16,-0.1821
1994-04-17,-0.1331
1994-04-18,-0.0754
1994-04-19,-0.0557
1994-04-20,-0.0963
1994-04-21,-0.0779
1994-04-22,-0.0541
1994-04-23,-0.0339
1994-04-24,-0.041
1994-04-25,-0.0649
1994-04-26,-0.0938
1994-04-27,-0.1053
1994-04-28,-0.1289
1994-04-29,-0.1361
1994-04-30,-0.1524
1994-05-01,-0.1813
1994-05-02,-0.1795
1994-05-03,-0.1306
1994-05-04,-0.0765
1994-05-05,-0.0198
1994-05-06,-0.0129
1994-05-07,0.0044
1994-05-08,-0.0146
1994-05-09,-0.0391
1994-05-10,-0.076
1994-05-11,-0.089
1994-05-12,-0.0802
1994-05-13,-0.117
1994-05-14,-0.1374
1994-05-15,-0.152
1994-05-16,-0.1463
1994-05-17,-0.0995
1994-05-18,-0.0881
1994-05-19,-0.0721
1994-05-20,-0.0281
1994-05-21,0.0215
1994-05-22,0.0167
1994-05-23,0.022
1994-05-24,0.059
1994-05-25,0.052
1994-05-26,0.0288
1994-05-27,-0.0013
1994-05-28,-0.0411
1994-05-29,-0.0773
1994-05-30,-0.0692
1994-05-31,-0.0739
1994-06-01,-0.0721
1994-06-02,-0.0948
1994-06-03,-0.0973
1994-06-04,-0.1777
1994-06-05,-0.1995
1994-06-06,-0.2732
1994-06-07,-0.3304
1994-06-08,-0.3768
1994-06-09,-0.455
1994-06-10,-0.4924
1994-06-11,-0.5377
1994-06-12,-0.5425
1994-06-13,-0.5279
1994-06-14,-0.5158
1994-06-15,-0.4918
1994-06-16,-0.506
1994-06-17,-0.5626
1994-06-18,-0.5659
1994-06-19,-0.5476
1994-06-20,-0.5732
1994-06-21,-0.5571
1994-06-22,-0.5017
1994-06-23,-0.4396
1994-06-24,-0.417
1994-06-25,-0.3755
1994-06-26,-0.326
1994-06-27,-0.3254
1994-06-28,-0.3539
1994-06-29,-0.3634
1994-06-30,-0.3584
1994-07-01,-0.3542
1994-07-02,-0.3424
1994-07-03,-0.3196
1994-07-04,-0.3199
1994-07-05,-0.3372
1994-07-06,-0.3734
1994-07-07,-0.3215
1994-07-08,-0.267
1994-07-09,-0.2512
1994-07-10,-0.2613
1994-07-11,-0.2404
1994-07-12,-0.259
1994-07-13,-0.3092
1994-07-14,-0.3496
1994-07-15,-0.4068
1994-07-16,-0.484
1994-07-17,-0.5729
1994-07-18,-0.5989
1994-07-19,-0.5228
1994-07-20,-0.4321
1994-07-21,-0.3971
1994-07-22,-0.4293
1994-07-23,-0.4319
1994-07-24,-0.418
1994-07-25,-0.4689
1994-07-26,-0.4813
1994-07-27,-0.5016
1994-07-28,-0.5281
1994-07-29,-0.5663
1994-07-30,-0.6229
1994-07-31,-0.687
1994-08-01,-0.7535
1994-08-02,-0.7674
1994-08-03,-0.7312
1994-08-04,-0.693
1994-08-05,-0.6745
1994-08-06,-0.6221
1994-08-07,-0.5067
1994-08-08,-0.4579
1994-08-09,-0.4213
1994-08-10,-0.424
1994-08-11,-0.3953
1994-08-12,-0.298
1994-08-13,-0.1877
1994-08-14,-0.1087
1994-08-15,-0.1015
1994-08-16,-0.1385
1994-08-17,-0.2636
1994-08-18,-0.2488
1994-08-19,-0.1994
1994-08-20,-0.1712
1994-08-21,-0.1747
1994-08-22,-0.2553
1994-08-23,-0.3387
1994-08-24,-0.3544
1994-08-25,-0.3467
1994-08-26,-0.3611
1994-08-27,-0.4237
1994-08-28,-0.4364
1994-08-29,-0.4053
1994-08-30,-0.4065
1994-08-31,-0.3902
1994-09-01,-0.3681
1994-09-02,-0.3962
1994-09-03,-0.4533
1994-09-04,-0.5792
1994-09-05,-0.6315
1994-09-06,-0.6729
1994-09-07,-0.6567
1994-09-08,-0.6264
1994-09-09,-0.6238
1994-09-10,-0.6584
1994-09-11,-0.6364
1994-09-12,-0.5455
1994-09-13,-0.5005
1994-09-14,-0.5415
1994-09-15,-0.5886
1994-09-16,-0.5609
1994-09-17,-0.5156
1994-09-18,-0.4172
1994-09-19,-0.3695
1994-09-20,-0.3402
1994-09-21,-0.3196
1994-09-22,-0.311
1994-09-23,-0.3287
1994-09-24,-0.2914
1994-09-25,-0.1934
1994-09-26,-0.1163
1994-09-27,-0.0598
1994-09-28,-0.0342
1994-09-29,-0.0112
1994-09-30,-0.0438
1994-10-01,-0.0404
1994-10-02,-0.0418
1994-10-03,-0.0518
1994-10-04,-0.0655
1994-10-05,-0.0837
1994-10-06,-0.1025
1994-10-07,-0.1001
1994-10-08,-0.0773
1994-10-09,-0.0215
1994-10-10,0.0588
1994-10-11,0.0865
1994-10-12,0.05
1994-10-13,0.0562
1994-10-14,0.0105
1994-10-15,-0.0476
1994-10-16,-0.1017
1994-10-17,-0.0727
1994-10-18,-0.0797
1994-10-19,-0.015
1994-10-20,-0.0094
1994-10-21,-0.069
1994-10-22,-0.1115
1994-10-23,-0.1309
1994-10-24,-0.1072
1994-10-25,-0.0833
1994-10-26,-0.0359
1994-10-27,0.0065
1994-10-28,0.0207
1994-10-29,-0.0084
1994-10-30,-0.0504
1994-10-31,-0.0775
1994-11-01,-0.1058
1994-11-02,-0.144
1994-11-03,-0.1693
1994-11-04,-0.1403
1994-11-05,-0.1454
1994-11-06,-0.1994
1994-11-07,-0.2483
1994-11-08,-0.286
1994-11-09,-0.2964
1994-11-10,-0.3247
1994-11-11,-0.3102
1994-11-12,-0.3019
1994-11-13,-0.3259
1994-11-14,-0.3301
1994-11-15,-0.3563
1994-11-16,-0.3833
1994-11-17,-0.3625
1994-11-18,-0.368
1994-11-19,-0.3371
1994-11-20,-0.3444
1994-11-21,-0.3309
1994-11-22,-0.3305
1994-11-23,-0.3258
1994-11-24,-0.3144
1994-11-25,-0.3376
1994-11-26,-0.3456
1994-11-27,-0.3054
1994-11-28,-0.3156
1994-11-29,-0.3522
1994-11-30,-0.3344
1994-12-01,-0.2405
1994-12-02,-0.1757
1994-12-03,-0.1025
1994-12-04,-0.0687
1994-12-05,-0.0899
1994-12-06,-0.1387
1994-12-07,-0.2262
1994-12-08,-0.3104
1994-12-09,-0.3954
1994-12-10,-0.4686
1994-12-11,-0.5112
1994-12-12,-0.5293
1994-12-13,-0.5144
1994-12-14,-0.4263
1994-12-15,-0.3804
1994-12-16,-0.3377
1994-12-17,-0.2835
1994-12-18,-0.2555
1994-12-19,-0.2053
1994-12-20,-0.1406
1994-12-21,-0.1158
1994-12-22,-0.1444
1994-12-23,-0.1759
1994-12-24,-0.1849
1994-12-25,-0.1853
1994-12-26,-0.2065
1994-12-27,-0.2195
1994-12-28,-0.2799
1994-12-29,-0.3169
1994-12-30,-0.3008
1994-12-31,-0.317
1995-01-01,-0.2917
1995-01-02,-0.2656
1995-01-03,-0.2522
1995-01-04,-0.2094
1995-01-05,-0.1993
1995-01-06,-0.2355
1995-01-07,-0.2773
1995-01-08,-0.2919
1995-01-09,-0.2634
1995-01-10,-0.2546
1995-01-11,-0.2511
1995-01-12,-0.2808
1995-01-13,-0.3026
1995-01-14,-0.3257
1995-01-15,-0.3481
1995-01-16,-0.3667
1995-01-17,-0.4108
1995-01-18,-0.4275
1995-01-19,-0.425
1995-01-20,-0.3925
1995-01-21,-0.3152
1995-01-22,-0.2656
1995-01-23,-0.2412
1995-01-24,-0.2204
1995-01-25,-0.2278
1995-01-26,-0.258
1995-01-27,-0.2747
1995-01-28,-0.2579
1995-01-29,-0.2671
1995-01-30,-0.288
1995-01-31,-0.3036
1995-02-01,-0.3071
1995-02-02,-0.3323
1995-02-03,-0.3229
1995-02-04,-0.2773
1995-02-05,-0.2411
1995-02-06,-0.2146
1995-02-07,-0.1963
1995-02-08,-0.1308
1995-02-09,-0.0633
1995-02-10,-0.0724
1995-02-11,-0.0453
1995-02-12,-0.0374
1995-02-13,-0.039
1995-02-14,-0.0275
1995-02-15,-0.0079
1995-02-16,-0.0244
1995-02-17,-0.0129
1995-02-18,0.0138
1995-02-19,0.0542
1995-02-20,0.0574
1995-02-21,0.0048
1995-02-22,0.0144
1995-02-23,0.0101
1995-02-24,-0.0615
1995-02-25,-0.1326
1995-02-26,-0.0983
1995-02-27,-0.1026
1995-02-28,-0.1138
1995-03-01,-0.1473
1995-03-02,-0.226
1995-03-03,-0.2345
1995-03-04,-0.2883
1995-03-05,-0.3109
1995-03-06,-0.381
1995-03-07,-0.4515
1995-03-08,-0.492
1995-03-09,-0.4791
1995-03-10,-0.4225
1995-03-11,-0.3565
1995-03-12,-0.3148
1995-03-13,-0.3048
1995-03-14,-0.2591
1995-03-15,-0.1951
1995-03-16,-0.1603
1995-03-17,-0.1314
1995-03-18,-0.0867
1995-03-19,-0.0216
1995-03-20,0.0006
1995-03-21,0.0083
1995-03-22,0.0491
1995-03-23,0.0534
1995-03-24,0.0109
1995-03-25,-0.0642
1995-03-26,-0.0846
1995-03-27,-0.137
1995-03-28,-0.2069
1995-03-29,-0.2374
1995-03-30,-0.2648
1995-03-31,-0.2232
1995-04-01,-0.2084
1995-04-02,-0.253
1995-04-03,-0.2644
1995-04-04,-0.2666
1995-04-05,-0.2551
1995-04-06,-0.2564
1995-04-07,-0.2277
1995-04-08,-0.1737
1995-04-09,-0.1298
1995-04-10,-0.0939
1995-04-11,-0.106
1995-04-12,-0.1021
1995-04-13,-0.0846
1995-04-14,-0.0857
1995-04-15,-0.0911
1995-04-16,-0.1018
1995-04-17,-0.0699
1995-04-18,-0.0358
1995-04-19,-0.0598
1995-04-20,-0.0219
1995-04-21,-0.0281
1995-04-22,-0.0355
1995-04-23,0.0398
1995-04-24,0.0596
1995-04-25,0.0914
1995-04-26,0.1293
1995-04-27,0.1161
1995-04-28,0.0608
1995-04-29,0.0201
1995-04-30,0.0096
1995-05-01,-0.0052
1995-05-02,-0.0846
1995-05-03,-0.1196
1995-05-04,-0.125
1995-05-05,-0.1266
1995-05-06,-0.095
1995-05-07,-0.1033
1995-05-08,-0.1105
1995-05-09,-0.1387
1995-05-10,-0.1412
1995-05-11,-0.1548
1995-05-12,-0.1249
1995-05-13,-0.1415
1995-05-14,-0.1322
1995-05-15,-0.1443
1995-05-16,-0.1527
1995-05-17,-0.186
1995-05-18,-0.1977
1995-05-19,-0.1637
1995-05-20,-0.0783
1995-05-21,-0.0808
1995-05-22,-0.073
1995-05-23,-0.0839
1995-05-24,-0.1093
1995-05-25,-0.0438
1995-05-26,-0.0114
1995-05-27,-0.0353
1995-05-28,-0.0534
1995-05-29,-0.0604
1995-05-30,-0.0547
1995-05-31,-0.0642
1995-06-01,-0.0551
1995-06-02,-0.0369
1995-06-03,-0.0083
1995-06-04,0.0177
1995-06-05,0.0381
1995-06-06,0.0675
1995-06-07,0.0916
1995-06-08,0.0972
1995-06-09,0.0519
1995-06-10,0.0037
1995-06-11,-0.0259
1995-06-12,-0.0883
1995-06-13,-0.1063
1995-06-14,-0.1124
1995-06-15,-0.0869
1995-06-16,-0.0689
1995-06-17,-0.0772
1995-06-18,-0.1593
1995-06-19,-0.249
1995-06-20,-0.3188
1995-06-21,-0.3341
1995-06-22,-0.327
1995-06-23,-0.2941
1995-06-24,-0.2594
1995-06-25,-0.2098
1995-06-26,-0.1868
1995-06-27,-0.1644
1995-06-28,-0.1289
1995-06-29,-0.1359
1995-06-30,-0.0892
1995-07-01,-0.0844
1995-07-02,-0.0641
1995-07-03,-0.0753
1995-07-04,-0.0917
1995-07-05,-0.0545
1995-07-06,-0.0808
1995-07-07,-0.0845
1995-07-08,-0.0795
1995-07-09,-0.0556
1995-07-10,-0.0698
1995-07-11,-0.0674
1995-07-12,-0.0593
1995-07-13,-0.0833
1995-07-14,-0.1017
1995-07-15,-0.1181
1995-07-16,-0.118
1995-07-17,-0.0563
1995-07-18,-0.0164
1995-07-19,-0.0281
1995-07-20,-0.0948
1995-07-21,-0.1394
1995-07-22,-0.1846
1995-07-23,-0.2097
1995-07-24,-0.199
1995-07-25,-0.1693
1995-07-26,-0.1662
1995-07-27,-0.1548
1995-07-28,-0.1563
1995-07-29,-0.1683
1995-07-30,-0.137
1995-07-31,-0.1266
1995-08-01,-0.1353
1995-08-02,-0.1608
1995-08-03,-0.1997
1995-08-04,-0.2229
1995-08-05,-0.2273
1995-08-06,-0.2595
1995-08-07,-0.2896
1995-08-08,-0.2919
1995-08-09,-0.2798
1995-08-10,-0.258
1995-08-11,-0.214
1995-08-12,-0.1107
1995-08-13,-0.0261
1995-08-14,-0.0198
1995-08-15,0.0063
1995-08-16,0.0283
1995-08-17,0.0265
1995-08-18,0.0162
1995-08-19,0.0613
1995-08-20,0.0885
1995-08-21,0.0745
1995-08-22,1e-04
1995-08-23,-0.0578
1995-08-24,-0.1204
1995-08-25,-0.1481
1995-08-26,-0.1722
1995-08-27,-0.1895
1995-08-28,-0.2339
1995-08-29,-0.2542
1995-08-30,-0.2683
1995-08-31,-0.2381
1995-09-01,-0.2138
1995-09-02,-0.2039
1995-09-03,-0.1931
1995-09-04,-0.1858
1995-09-05,-0.197
1995-09-06,-0.2205
1995-09-07,-0.1974
1995-09-08,-0.1601
1995-09-09,-0.0672
1995-09-10,0.0303
1995-09-11,0.0563
1995-09-12,0.0162
1995-09-13,0.0239
1995-09-14,0.0033
1995-09-15,-0.0596
1995-09-16,-0.1085
1995-09-17,-0.1654
1995-09-18,-0.155
1995-09-19,-0.1611
1995-09-20,-0.174
1995-09-21,-0.2072
1995-09-22,-0.2561
1995-09-23,-0.311
1995-09-24,-0.3184
1995-09-25,-0.3239
1995-09-26,-0.3016
1995-09-27,-0.2644
1995-09-28,-0.2498
1995-09-29,-0.2227
1995-09-30,-0.206
1995-10-01,-0.1806
1995-10-02,-0.196
1995-10-03,-0.195
1995-10-04,-0.227
1995-10-05,-0.2305
1995-10-06,-0.2154
1995-10-07,-0.2128
1995-10-08,-0.2328
1995-10-09,-0.2221
1995-10-10,-0.2032
1995-10-11,-0.1887
1995-10-12,-0.1826
1995-10-13,-0.2414
1995-10-14,-0.2431
1995-10-15,-0.2019
1995-10-16,-0.1403
1995-10-17,-0.0825
1995-10-18,-0.0813
1995-10-19,-0.0666
1995-10-20,-0.0199
1995-10-21,-0.0431
1995-10-22,-0.0956
1995-10-23,-0.142
1995-10-24,-0.1233
1995-10-25,-0.1052
1995-10-26,-0.0925
1995-10-27,-0.1183
1995-10-28,-0.1377
1995-10-29,-0.1811
1995-10-30,-0.2269
1995-10-31,-0.2726
1995-11-01,-0.2951
1995-11-02,-0.2373
1995-11-03,-0.2277
1995-11-04,-0.2072
1995-11-05,-0.1947
1995-11-06,-0.163
1995-11-07,-0.1561
1995-11-08,-0.1739
1995-11-09,-0.1435
1995-11-10,-0.1428
1995-11-11,-0.165
1995-11-12,-0.1984
1995-11-13,-0.2364
1995-11-14,-0.2468
1995-11-15,-0.2507
1995-11-16,-0.2327
1995-11-17,-0.1964
1995-11-18,-0.1909
1995-11-19,-0.2398
1995-11-20,-0.2548
1995-11-21,-0.2482
1995-11-22,-0.2508
1995-11-23,-0.2947
1995-11-24,-0.3142
1995-11-25,-0.289
1995-11-26,-0.2672
1995-11-27,-0.2709
1995-11-28,-0.3127
1995-11-29,-0.3284
1995-11-30,-0.3331
1995-12-01,-0.2737
1995-12-02,-0.2184
1995-12-03,-0.1911
1995-12-04,-0.1585
1995-12-05,-0.1624
1995-12-06,-0.1034
1995-12-07,-0.0464
1995-12-08,-0.0202
1995-12-09,-0.0179
1995-12-10,-0.0398
1995-12-11,-0.0331
1995-12-12,-0.056
1995-12-13,-0.0823
1995-12-14,-0.1367
1995-12-15,-0.1688
1995-12-16,-0.1524
1995-12-17,-0.1147
1995-12-18,-0.0825
1995-12-19,-0.0833
1995-12-20,-0.0728
1995-12-21,-0.0752
1995-12-22,-0.0889
1995-12-23,-0.0799
1995-12-24,-0.1576
1995-12-25,-0.2305
1995-12-26,-0.236
1995-12-27,-0.2169
1995-12-28,-0.1995
1995-12-29,-0.1959
1995-12-30,-0.2162
1995-12-31,-0.2477
1996-01-01,-0.2572
1996-01-02,-0.2955
1996-01-03,-0.3007
1996-01-04,-0.2842
1996-01-05,-0.2955
1996-01-06,-0.2596
1996-01-07,-0.2657
1996-01-08,-0.2611
1996-01-09,-0.1726
1996-01-10,-0.1249
1996-01-11,-0.1362
1996-01-12,-0.1851
1996-01-13,-0.2728
1996-01-14,-0.2762
1996-01-15,-0.2214
1996-01-16,-0.1518
1996-01-17,-0.0993
1996-01-18,-0.1087
1996-01-19,-0.1202
1996-01-20,-0.0912
1996-01-21,-0.0233
1996-01-22,-0.059
1996-01-23,-0.0936
1996-01-24,-0.1086
1996-01-25,-0.0917
1996-01-26,-0.1045
1996-01-27,-0.1563
1996-01-28,-0.193
1996-01-29,-0.2151
1996-01-30,-0.1707
1996-01-31,-0.1511
1996-02-01,-0.1565
1996-02-02,-0.1697
1996-02-03,-0.1538
1996-02-04,-0.1505
1996-02-05,-0.1427
1996-02-06,-0.1086
1996-02-07,-0.1213
1996-02-08,-0.1118
1996-02-09,-0.1359
1996-02-10,-0.1205
1996-02-11,-0.1399
1996-02-12,-0.142
1996-02-13,-0.1581
1996-02-14,-0.2013
1996-02-15,-0.2305
1996-02-16,-0.2788
1996-02-17,-0.3129
1996-02-18,-0.2967
1996-02-19,-0.2255
1996-02-20,-0.1135
1996-02-21,-0.03
1996-02-22,-0.0243
1996-02-23,0.0014
1996-02-24,-0.0136
1996-02-25,-0.0118
1996-02-26,-0.0676
1996-02-27,-0.079
1996-02-28,-0.1077
1996-02-29,-0.1956
1996-03-01,-0.1606
1996-03-02,-0.1595
1996-03-03,-0.1045
1996-03-04,-0.0468
1996-03-05,0.0172
1996-03-06,0.004
1996-03-07,0.0028
1996-03-08,0.0421
1996-03-09,0.0294
1996-03-10,0.0806
1996-03-11,0.1581
1996-03-12,0.0959
1996-03-13,0.0035
1996-03-14,0.0163
1996-03-15,0.0734
1996-03-16,0.1096
1996-03-17,0.0606
1996-03-18,0.0806
1996-03-19,0.0896
1996-03-20,0.1883
1996-03-21,0.246
1996-03-22,0.2361
1996-03-23,0.1753
1996-03-24,0.1773
1996-03-25,0.1488
1996-03-26,0.1143
1996-03-27,0.0734
1996-03-28,-0.0101
1996-03-29,-0.0459
1996-03-30,-0.104
1996-03-31,-0.1304
1996-04-01,-0.1512
1996-04-02,-0.1396
1996-04-03,-0.1794
1996-04-04,-0.1833
1996-04-05,-0.1907
1996-04-06,-0.1657
1996-04-07,-0.1212
1996-04-08,-0.0796
1996-04-09,-0.0405
1996-04-10,-0.0661
1996-04-11,-0.0611
1996-04-12,-0.0372
1996-04-13,-0.0787
1996-04-14,-0.0778
1996-04-15,-0.0907
1996-04-16,-0.0739
1996-04-17,-0.0875
1996-04-18,-0.055
1996-04-19,-0.0389
1996-04-20,-0.0435
1996-04-21,-0.0169
1996-04-22,-0.0025
1996-04-23,-0.0158
1996-04-24,-0.0088
1996-04-25,-0.0375
1996-04-26,-0.0705
1996-04-27,-0.1063
1996-04-28,-0.1133
1996-04-29,-0.1344
1996-04-30,-0.1444
1996-05-01,-0.158
1996-05-02,-0.2029
1996-05-03,-0.2043
1996-05-04,-0.2177
1996-05-05,-0.2501
1996-05-06,-0.264
1996-05-07,-0.2808
1996-05-08,-0.2948
1996-05-09,-0.3384
1996-05-10,-0.3436
1996-05-11,-0.2915
1996-05-12,-0.205
1996-05-13,-0.1549
1996-05-14,-0.1504
1996-05-15,0.0077
1996-05-16,0.0069
1996-05-17,-0.0363
1996-05-18,-0.0646
1996-05-19,-0.1015
1996-05-20,-0.0574
1996-05-21,-0.0462
1996-05-22,0.0132
1996-05-23,0.0279
1996-05-24,0.0846
1996-05-25,0.0378
1996-05-26,0.0576
1996-05-27,0.0566
1996-05-28,0.0261
1996-05-29,-0.021
1996-05-30,-0.0623
1996-05-31,-0.0856
1996-06-01,-0.0905
1996-06-02,-0.0748
1996-06-03,-0.0647
1996-06-04,-0.035
1996-06-05,-0.0356
1996-06-06,-0.0346
1996-06-07,-0.0048
1996-06-08,0.0027
1996-06-09,0.0079
1996-06-10,-0.0359
1996-06-11,-0.041
1996-06-12,-0.0803
1996-06-13,-0.1191
1996-06-14,-0.1304
1996-06-15,-0.1533
1996-06-16,-0.1988
1996-06-17,-0.2331
1996-06-18,-0.2474
1996-06-19,-0.3086
1996-06-20,-0.3492
1996-06-21,-0.3965
1996-06-22,-0.4137
1996-06-23,-0.3796
1996-06-24,-0.3909
1996-06-25,-0.4237
1996-06-26,-0.4703
1996-06-27,-0.5057
1996-06-28,-0.4882
1996-06-29,-0.4291
1996-06-30,-0.3777
1996-07-01,-0.3282
1996-07-02,-0.2859
1996-07-03,-0.2654
1996-07-04,-0.1961
1996-07-05,-0.1555
1996-07-06,-0.1724
1996-07-07,-0.2147
1996-07-08,-0.2999
1996-07-09,-0.3453
1996-07-10,-0.383
1996-07-11,-0.3987
1996-07-12,-0.4001
1996-07-13,-0.3677
1996-07-14,-0.3755
1996-07-15,-0.4037
1996-07-16,-0.443
1996-07-17,-0.4988
1996-07-18,-0.5014
1996-07-19,-0.4908
1996-07-20,-0.4897
1996-07-21,-0.5034
1996-07-22,-0.4831
1996-07-23,-0.4662
1996-07-24,-0.452
1996-07-25,-0.4329
1996-07-26,-0.4218
1996-07-27,-0.45
1996-07-28,-0.4131
1996-07-29,-0.4148
1996-07-30,-0.4696
1996-07-31,-0.5063
1996-08-01,-0.6127
1996-08-02,-0.6321
1996-08-03,-0.5999
1996-08-04,-0.5816
1996-08-05,-0.5682
1996-08-06,-0.5379
1996-08-07,-0.5498
1996-08-08,-0.5162
1996-08-09,-0.4812
1996-08-10,-0.4693
1996-08-11,-0.4416
1996-08-12,-0.4178
1996-08-13,-0.3701
1996-08-14,-0.3679
1996-08-15,-0.3969
1996-08-16,-0.3965
1996-08-17,-0.4357
1996-08-18,-0.443
1996-08-19,-0.4407
1996-08-20,-0.5071
1996-08-21,-0.571
1996-08-22,-0.6173
1996-08-23,-0.6478
1996-08-24,-0.6978
1996-08-25,-0.6515
1996-08-26,-0.5935
1996-08-27,-0.5731
1996-08-28,-0.5321
1996-08-29,-0.5208
1996-08-30,-0.4992
1996-08-31,-0.4959
1996-09-01,-0.417
1996-09-02,-0.3471
1996-09-03,-0.3162
1996-09-04,-0.3039
1996-09-05,-0.3204
1996-09-06,-0.2931
1996-09-07,-0.2617
1996-09-08,-0.2263
1996-09-09,-0.2133
1996-09-10,-0.2255
1996-09-11,-0.2109
1996-09-12,-0.2035
1996-09-13,-0.2369
1996-09-14,-0.2487
1996-09-15,-0.3098
1996-09-16,-0.3228
1996-09-17,-0.3986
1996-09-18,-0.5254
1996-09-19,-0.5889
1996-09-20,-0.5631
1996-09-21,-0.5125
1996-09-22,-0.4947
1996-09-23,-0.5096
1996-09-24,-0.5253
1996-09-25,-0.5254
1996-09-26,-0.5107
1996-09-27,-0.5451
1996-09-28,-0.604
1996-09-29,-0.6911
1996-09-30,-0.7026
1996-10-01,-0.6853
1996-10-02,-0.6983
1996-10-03,-0.7176
1996-10-04,-0.7147
1996-10-05,-0.7327
1996-10-06,-0.6866
1996-10-07,-0.5986
1996-10-08,-0.4618
1996-10-09,-0.4361
1996-10-10,-0.4212
1996-10-11,-0.4171
1996-10-12,-0.3993
1996-10-13,-0.3851
1996-10-14,-0.4049
1996-10-15,-0.4353
1996-10-16,-0.4486
1996-10-17,-0.4202
1996-10-18,-0.3884
1996-10-19,-0.3672
1996-10-20,-0.3375
1996-10-21,-0.3596
1996-10-22,-0.3837
1996-10-23,-0.4174
1996-10-24,-0.451
1996-10-25,-0.5153
1996-10-26,-0.5516
1996-10-27,-0.564
1996-10-28,-0.5661
1996-10-29,-0.5571
1996-10-30,-0.5061
1996-10-31,-0.4677
1996-11-01,-0.4519
1996-11-02,-0.4422
1996-11-03,-0.4249
1996-11-04,-0.477
1996-11-05,-0.5059
1996-11-06,-0.5002
1996-11-07,-0.4811
1996-11-08,-0.4789
1996-11-09,-0.4363
1996-11-10,-0.3926
1996-11-11,-0.3543
1996-11-12,-0.3195
1996-11-13,-0.2677
1996-11-14,-0.2655
1996-11-15,-0.2753
1996-11-16,-0.2513
1996-11-17,-0.1957
1996-11-18,-0.1696
1996-11-19,-0.1695
1996-11-20,-0.1567
1996-11-21,-0.1187
1996-11-22,-0.1584
1996-11-23,-0.2286
1996-11-24,-0.2381
1996-11-25,-0.1902
1996-11-26,-0.1445
1996-11-27,-0.1445
1996-11-28,-0.1191
1996-11-29,-0.0707
1996-11-30,-0.0683
1996-12-01,-0.1248
1996-12-02,-0.17
1996-12-03,-0.1546
1996-12-04,-0.1205
1996-12-05,-0.1335
1996-12-06,-0.1703
1996-12-07,-0.1831
1996-12-08,-0.1614
1996-12-09,-0.1639
1996-12-10,-0.1629
1996-12-11,-0.2128
1996-12-12,-0.2605
1996-12-13,-0.297
1996-12-14,-0.3135
1996-12-15,-0.2821
1996-12-16,-0.2466
1996-12-17,-0.2214
1996-12-18,-0.215
1996-12-19,-0.224
1996-12-20,-0.18
1996-12-21,-0.1274
1996-12-22,-0.0722
1996-12-23,-0.0532
1996-12-24,-0.0502
1996-12-25,-0.0347
1996-12-26,-0.036
1996-12-27,-0.0686
1996-12-28,-0.1643
1996-12-29,-0.1988
1996-12-30,-0.2356
1996-12-31,-0.2887
1997-01-01,-0.3137
1997-01-02,-0.2926
1997-01-03,-0.1961
1997-01-04,-0.0895
1997-01-05,-0.0585
1997-01-06,-0.1125
1997-01-07,-0.1627
1997-01-08,-0.1883
1997-01-09,-0.2454
1997-01-10,-0.287
1997-01-11,-0.2857
1997-01-12,-0.2179
1997-01-13,-0.1386
1997-01-14,-0.1234
1997-01-15,-0.1184
1997-01-16,-0.1298
1997-01-17,-0.1507
1997-01-18,-0.1159
1997-01-19,-0.1294
1997-01-20,-0.1668
1997-01-21,-0.1905
1997-01-22,-0.2108
1997-01-23,-0.2322
1997-01-24,-0.232
1997-01-25,-0.2499
1997-01-26,-0.3651
1997-01-27,-0.4736
1997-01-28,-0.4425
1997-01-29,-0.471
1997-01-30,-0.4878
1997-01-31,-0.5301
1997-02-01,-0.5423
1997-02-02,-0.5621
1997-02-03,-0.5539
1997-02-04,-0.4641
1997-02-05,-0.44
1997-02-06,-0.4373
1997-02-07,-0.4645
1997-02-08,-0.5144
1997-02-09,-0.5359
1997-02-10,-0.5921
1997-02-11,-0.6352
1997-02-12,-0.6699
1997-02-13,-0.6515
1997-02-14,-0.6137
1997-02-15,-0.5812
1997-02-16,-0.5943
1997-02-17,-0.6035
1997-02-18,-0.5727
1997-02-19,-0.5248
1997-02-20,-0.5084
1997-02-21,-0.5031
1997-02-22,-0.4636
1997-02-23,-0.4305
1997-02-24,-0.3863
1997-02-25,-0.4051
1997-02-26,-0.4098
1997-02-27,-0.4059
1997-02-28,-0.4118
1997-03-01,-0.4349
1997-03-02,-0.3985
1997-03-03,-0.3445
1997-03-04,-0.369
1997-03-05,-0.3888
1997-03-06,-0.3749
1997-03-07,-0.3243
1997-03-08,-0.2211
1997-03-09,-0.1241
1997-03-10,-0.097
1997-03-11,-0.1344
1997-03-12,-0.1275
1997-03-13,-0.0832
1997-03-14,-0.0756
1997-03-15,-0.0677
1997-03-16,-0.0538
1997-03-17,0.025
1997-03-18,0.065
1997-03-19,0.1208
1997-03-20,0.0991
1997-03-21,0.0577
1997-03-22,0.0892
1997-03-23,0.1056
1997-03-24,0.0487
1997-03-25,-0.048
1997-03-26,-0.1091
1997-03-27,-0.1401
1997-03-28,-0.2096
1997-03-29,-0.2174
1997-03-30,-0.2201
1997-03-31,-0.2177
1997-04-01,-0.1825
1997-04-02,-0.101
1997-04-03,-0.0918
1997-04-04,-0.1257
1997-04-05,-0.129
1997-04-06,-0.1339
1997-04-07,-0.1341
1997-04-08,-0.1579
1997-04-09,-0.1787
1997-04-10,-0.1536
1997-04-11,-0.1304
1997-04-12,-0.1252
1997-04-13,-0.098
1997-04-14,-0.113
1997-04-15,-0.1425
1997-04-16,-0.1187
1997-04-17,-0.0853
1997-04-18,-0.0479
1997-04-19,-0.0223
1997-04-20,-0.0254
1997-04-21,0.0332
1997-04-22,0.1182
1997-04-23,0.1607
1997-04-24,0.1981
1997-04-25,0.1615
1997-04-26,0.0645
1997-04-27,0.0043
1997-04-28,-0.0058
1997-04-29,0.0223
1997-04-30,0.0589
1997-05-01,0.1031
1997-05-02,0.102
1997-05-03,0.126
1997-05-04,0.1377
1997-05-05,0.1061
1997-05-06,0.0437
1997-05-07,0.0276
1997-05-08,0.0255
1997-05-09,0.0406
1997-05-10,0.0354
1997-05-11,-0.0563
1997-05-12,-0.1565
1997-05-13,-0.127
1997-05-14,-0.1771
1997-05-15,-0.1965
1997-05-16,-0.2292
1997-05-17,-0.2893
1997-05-18,-0.329
1997-05-19,-0.3766
1997-05-20,-0.3883
1997-05-21,-0.3757
1997-05-22,-0.3429
1997-05-23,-0.333
1997-05-24,-0.3196
1997-05-25,-0.2488
1997-05-26,-0.1891
1997-05-27,-0.1113
1997-05-28,-0.0509
1997-05-29,0.0128
1997-05-30,0.002
1997-05-31,-0.0262
1997-06-01,-0.0625
1997-06-02,-0.0258
1997-06-03,0.0329
1997-06-04,0.0758
1997-06-05,0.1117
1997-06-06,0.1672
1997-06-07,0.2192
1997-06-08,0.2334
1997-06-09,0.2378
1997-06-10,0.1987
1997-06-11,0.127
1997-06-12,0.0595
1997-06-13,0.0476
1997-06-14,0.0173
1997-06-15,-0.0245
1997-06-16,-0.0403
1997-06-17,-0.0382
1997-06-18,-0.0028
1997-06-19,0.0364
1997-06-20,0.0425
1997-06-21,0.0384
1997-06-22,0.0305
1997-06-23,0.0482
1997-06-24,0.0678
1997-06-25,0.0185
1997-06-26,0.0158
1997-06-27,0.0377
1997-06-28,0.0159
1997-06-29,0.0029
1997-06-30,-0.0008
1997-07-01,0.004
1997-07-02,-0.0222
1997-07-03,-0.0463
1997-07-04,-0.0506
1997-07-05,0.0046
1997-07-06,0.013
1997-07-07,0.022
1997-07-08,0.0267
1997-07-09,0.0365
1997-07-10,0.0573
1997-07-11,0.0533
1997-07-12,0.0374
1997-07-13,0.011
1997-07-14,-0.015
1997-07-15,-0.0455
1997-07-16,-0.0915
1997-07-17,-0.1172
1997-07-18,-0.1688
1997-07-19,-0.2062
1997-07-20,-0.2521
1997-07-21,-0.2728
1997-07-22,-0.2794
1997-07-23,-0.2788
1997-07-24,-0.3044
1997-07-25,-0.3268
1997-07-26,-0.3122
1997-07-27,-0.2796
1997-07-28,-0.2117
1997-07-29,-0.1674
1997-07-30,-0.1092
1997-07-31,-0.0643
1997-08-01,-0.0472
1997-08-02,-0.0493
1997-08-03,-0.0398
1997-08-04,-0.0575
1997-08-05,-0.088
1997-08-06,-0.1013
1997-08-07,-0.0705
1997-08-08,-0.0984
1997-08-09,-0.0778
1997-08-10,-0.0732
1997-08-11,-0.0498
1997-08-12,-0.0468
1997-08-13,-0.0403
1997-08-14,-0.0395
1997-08-15,-0.0337
1997-08-16,-0.0239
1997-08-17,-0.0721
1997-08-18,-0.0978
1997-08-19,-0.0602
1997-08-20,-0.0599
1997-08-21,-0.0387
1997-08-22,-0.0109
1997-08-23,-0.0045
1997-08-24,-0.0135
1997-08-25,-0.0298
1997-08-26,-0.0527
1997-08-27,-0.045
1997-08-28,-0.0387
1997-08-29,-0.0753
1997-08-30,-0.1272
1997-08-31,-0.1109
1997-09-01,-0.0569
1997-09-02,-0.0467
1997-09-03,-0.0646
1997-09-04,-0.0998
1997-09-05,-0.1263
1997-09-06,-0.1174
1997-09-07,-0.1221
1997-09-08,-0.0924
1997-09-09,-0.1037
1997-09-10,-0.122
1997-09-11,-0.1436
1997-09-12,-0.0703
1997-09-13,0.0222
1997-09-14,0.0573
1997-09-15,0.0901
1997-09-16,0.1601
1997-09-17,0.2468
1997-09-18,0.2729
1997-09-19,0.2952
1997-09-20,0.3056
1997-09-21,0.2982
1997-09-22,0.2864
1997-09-23,0.2565
1997-09-24,0.2346
1997-09-25,0.216
1997-09-26,0.1684
1997-09-27,0.197
1997-09-28,0.2144
1997-09-29,0.266
1997-09-30,0.2586
1997-10-01,0.225
1997-10-02,0.1858
1997-10-03,0.1409
1997-10-04,0.1643
1997-10-05,0.1407
1997-10-06,0.1193
1997-10-07,0.0789
1997-10-08,0.0047
1997-10-09,-0.0068
1997-10-10,0.0025
1997-10-11,0.0274
1997-10-12,0.0593
1997-10-13,0.0251
1997-10-14,0.074
1997-10-15,0.1692
1997-10-16,0.26
1997-10-17,0.2445
1997-10-18,0.1888
1997-10-19,0.1933
1997-10-20,0.2401
1997-10-21,0.2502
1997-10-22,0.2693
1997-10-23,0.2604
1997-10-24,0.2451
1997-10-25,0.2707
1997-10-26,0.3058
1997-10-27,0.2972
1997-10-28,0.287
1997-10-29,0.2558
1997-10-30,0.2109
1997-10-31,0.1616
1997-11-01,0.1853
1997-11-02,0.1997
1997-11-03,0.2135
1997-11-04,0.2211
1997-11-05,0.2172
1997-11-06,0.2355
1997-11-07,0.2223
1997-11-08,0.1589
1997-11-09,0.1222
1997-11-10,0.1248
1997-11-11,0.1971
1997-11-12,0.205
1997-11-13,0.1759
1997-11-14,0.1898
1997-11-15,0.1848
1997-11-16,0.1894
1997-11-17,0.1649
1997-11-18,0.2033
1997-11-19,0.237
1997-11-20,0.2329
1997-11-21,0.2336
1997-11-22,0.3135
1997-11-23,0.4315
1997-11-24,0.4978
1997-11-25,0.5391
1997-11-26,0.5199
1997-11-27,0.4841
1997-11-28,0.4607
1997-11-29,0.4218
1997-11-30,0.3801
1997-12-01,0.3345
1997-12-02,0.2728
1997-12-03,0.2496
1997-12-04,0.2379
1997-12-05,0.2198
1997-12-06,0.2401
1997-12-07,0.2487
1997-12-08,0.2545
1997-12-09,0.2992
1997-12-10,0.2999
1997-12-11,0.2617
1997-12-12,0.2418
1997-12-13,0.2072
1997-12-14,0.2082
1997-12-15,0.1978
1997-12-16,0.1757
1997-12-17,0.1592
1997-12-18,0.1917
1997-12-19,0.1611
1997-12-20,0.1898
1997-12-21,0.324
1997-12-22,0.3919
1997-12-23,0.3721
1997-12-24,0.4169
1997-12-25,0.4791
1997-12-26,0.4576
1997-12-27,0.4136
1997-12-28,0.4479
1997-12-29,0.4704
1997-12-30,0.4732
1997-12-31,0.4709
1998-01-01,0.5964
1998-01-02,0.6336
1998-01-03,0.6462
1998-01-04,0.5998
1998-01-05,0.5719
1998-01-06,0.5298
1998-01-07,0.5312
1998-01-08,0.4961
1998-01-09,0.4607
1998-01-10,0.3602
1998-01-11,0.2896
1998-01-12,0.2958
1998-01-13,0.4006
1998-01-14,0.4563
1998-01-15,0.5224
1998-01-16,0.5609
1998-01-17,0.5931
1998-01-18,0.5765
1998-01-19,0.5671
1998-01-20,0.5098
1998-01-21,0.4522
1998-01-22,0.4281
1998-01-23,0.4403
1998-01-24,0.5125
1998-01-25,0.5688
1998-01-26,0.5948
1998-01-27,0.6074
1998-01-28,0.6216
1998-01-29,0.6485
1998-01-30,0.6585
1998-01-31,0.6153
1998-02-01,0.5461
1998-02-02,0.5477
1998-02-03,0.6052
1998-02-04,0.6349
1998-02-05,0.6381
1998-02-06,0.6286
1998-02-07,0.6029
1998-02-08,0.5715
1998-02-09,0.5058
1998-02-10,0.3909
1998-02-11,0.3274
1998-02-12,0.3205
1998-02-13,0.4136
1998-02-14,0.4343
1998-02-15,0.5008
1998-02-16,0.5155
1998-02-17,0.5774
1998-02-18,0.6425
1998-02-19,0.7012
1998-02-20,0.7253
1998-02-21,0.726
1998-02-22,0.7097
1998-02-23,0.6739
1998-02-24,0.6336
1998-02-25,0.6085
1998-02-26,0.6294
1998-02-27,0.6537
1998-02-28,0.648
1998-03-01,0.6682
1998-03-02,0.7313
1998-03-03,0.7415
1998-03-04,0.7102
1998-03-05,0.6676
1998-03-06,0.6486
1998-03-07,0.6264
1998-03-08,0.6082
1998-03-09,0.6262
1998-03-10,0.6506
1998-03-11,0.64
1998-03-12,0.6311
1998-03-13,0.6046
1998-03-14,0.6614
1998-03-15,0.6824
1998-03-16,0.7177
1998-03-17,0.7368
1998-03-18,0.724
1998-03-19,0.7497
1998-03-20,0.7818
1998-03-21,0.7764
1998-03-22,0.768
1998-03-23,0.7882
1998-03-24,0.7764
1998-03-25,0.7447
1998-03-26,0.749
1998-03-27,0.7376
1998-03-28,0.7773
1998-03-29,0.871
1998-03-30,0.9437
1998-03-31,0.9616
1998-04-01,0.9637
1998-04-02,0.9578
1998-04-03,0.9045
1998-04-04,0.8501
1998-04-05,0.7823
1998-04-06,0.7632
1998-04-07,0.7756
1998-04-08,0.8041
1998-04-09,0.7684
1998-04-10,0.7228
1998-04-11,0.6972
1998-04-12,0.6562
1998-04-13,0.6238
1998-04-14,0.6422
1998-04-15,0.646
1998-04-16,0.6949
1998-04-17,0.678
1998-04-18,0.6209
1998-04-19,0.5791
1998-04-20,0.5851
1998-04-21,0.6482
1998-04-22,0.6466
1998-04-23,0.644
1998-04-24,0.7032
1998-04-25,0.737
1998-04-26,0.7485
1998-04-27,0.7886
1998-04-28,0.8081
1998-04-29,0.8172
1998-04-30,0.8523
1998-05-01,0.82
1998-05-02,0.792
1998-05-03,0.7492
1998-05-04,0.7652
1998-05-05,0.7317
1998-05-06,0.7179
1998-05-07,0.7219
1998-05-08,0.7195
1998-05-09,0.7369
1998-05-10,0.7074
1998-05-11,0.6622
1998-05-12,0.6615
1998-05-13,0.6835
1998-05-14,0.7011
1998-05-15,0.6893
1998-05-16,0.706
1998-05-17,0.709
1998-05-18,0.7304
1998-05-19,0.6896
1998-05-20,0.6549
1998-05-21,0.5962
1998-05-22,0.6163
1998-05-23,0.7079
1998-05-24,0.7278
1998-05-25,0.734
1998-05-26,0.7125
1998-05-27,0.6622
1998-05-28,0.6381
1998-05-29,0.6243
1998-05-30,0.5825
1998-05-31,0.5424
1998-06-01,0.5085
1998-06-02,0.502
1998-06-03,0.5122
1998-06-04,0.5547
1998-06-05,0.5831
1998-06-06,0.5639
1998-06-07,0.5588
1998-06-08,0.5801
1998-06-09,0.5933
1998-06-10,0.547
1998-06-11,0.4406
1998-06-12,0.4
1998-06-13,0.3921
1998-06-14,0.3929
1998-06-15,0.3881
1998-06-16,0.3934
1998-06-17,0.4135
1998-06-18,0.4224
1998-06-19,0.4206
1998-06-20,0.4054
1998-06-21,0.3686
1998-06-22,0.2965
1998-06-23,0.2322
1998-06-24,0.1994
1998-06-25,0.1608
1998-06-26,0.1445
1998-06-27,0.1146
1998-06-28,0.0807
1998-06-29,0.0466
1998-06-30,0.06
1998-07-01,0.0585
1998-07-02,0.0554
1998-07-03,0.0799
1998-07-04,0.0523
1998-07-05,0.0018
1998-07-06,-0.0304
1998-07-07,-0.0375
1998-07-08,-0.0099
1998-07-09,-0.0061
1998-07-10,-0.0129
1998-07-11,-0.0126
1998-07-12,-0.0216
1998-07-13,-0.0157
1998-07-14,-0.0156
1998-07-15,-0.0305
1998-07-16,-0.0009
1998-07-17,0.0381
1998-07-18,0.0701
1998-07-19,0.0802
1998-07-20,0.0672
1998-07-21,0.0589
1998-07-22,0.0259
1998-07-23,-0.0039
1998-07-24,-0.0579
1998-07-25,-0.0734
1998-07-26,-0.0633
1998-07-27,-0.0938
1998-07-28,-0.1048
1998-07-29,-0.0839
1998-07-30,-0.1042
1998-07-31,-0.1121
1998-08-01,-0.1474
1998-08-02,-0.1499
1998-08-03,-0.1431
1998-08-04,-0.0963
1998-08-05,-0.0905
1998-08-06,-0.0791
1998-08-07,-0.038
1998-08-08,-0.0565
1998-08-09,-0.0788
1998-08-10,-0.0036
1998-08-11,0.0238
1998-08-12,0.0888
1998-08-13,0.0998
1998-08-14,0.139
1998-08-15,0.1451
1998-08-16,0.1734
1998-08-17,0.1623
1998-08-18,0.1228
1998-08-19,0.0847
1998-08-20,0.0912
1998-08-21,0.0515
1998-08-22,-0.0182
1998-08-23,-0.061
1998-08-24,-0.0396
1998-08-25,-0.0187
1998-08-26,-0.0081
1998-08-27,-0.025
1998-08-28,0.0042
1998-08-29,0.0292
1998-08-30,0.0118
1998-08-31,-0.0125
1998-09-01,-0.0217
1998-09-02,-0.0493
1998-09-03,-0.0548
1998-09-04,-0.0906
1998-09-05,-0.0873
1998-09-06,-0.1011
1998-09-07,-0.0954
1998-09-08,-0.0666
1998-09-09,-0.0686
1998-09-10,-0.0332
1998-09-11,-0.0248
1998-09-12,-0.0416
1998-09-13,-0.0566
1998-09-14,-0.0437
1998-09-15,-0.036
1998-09-16,-0.0373
1998-09-17,-0.064
1998-09-18,-0.0461
1998-09-19,-0.0445
1998-09-20,-0.0561
1998-09-21,-0.0769
1998-09-22,-0.1143
1998-09-23,-0.1261
1998-09-24,-0.1344
1998-09-25,-0.1357
1998-09-26,-0.1652
1998-09-27,-0.1683
1998-09-28,-0.174
1998-09-29,-0.1474
1998-09-30,-0.0993
1998-10-01,-0.0818
1998-10-02,-0.0612
1998-10-03,-0.0415
1998-10-04,0.0224
1998-10-05,0.0259
1998-10-06,0.0064
1998-10-07,0.0011
1998-10-08,-0.0127
1998-10-09,-0.0376
1998-10-10,-0.0742
1998-10-11,-0.093
1998-10-12,-0.064
1998-10-13,-0.0735
1998-10-14,-0.0355
1998-10-15,-0.0429
1998-10-16,-0.0418
1998-10-17,-0.0521
1998-10-18,-0.0534
1998-10-19,-0.0306
1998-10-20,-0.113
1998-10-21,-0.1972
1998-10-22,-0.1866
1998-10-23,-0.1569
1998-10-24,-0.131
1998-10-25,-0.1394
1998-10-26,-0.1535
1998-10-27,-0.1351
1998-10-28,-0.1099
1998-10-29,-0.08
1998-10-30,-0.0826
1998-10-31,-0.0572
1998-11-01,-0.0292
1998-11-02,-0.0348
1998-11-03,-0.0704
1998-11-04,-0.1402
1998-11-05,-0.1623
1998-11-06,-0.1715
1998-11-07,-0.2095
1998-11-08,-0.264
1998-11-09,-0.3315
1998-11-10,-0.3656
1998-11-11,-0.3881
1998-11-12,-0.3924
1998-11-13,-0.3129
1998-11-14,-0.2691
1998-11-15,-0.2047
1998-11-16,-0.1704
1998-11-17,-0.1481
1998-11-18,-0.1189
1998-11-19,-0.1487
1998-11-20,-0.1454
1998-11-21,-0.1215
1998-11-22,-0.1096
1998-11-23,-0.0546
1998-11-24,-0.0305
1998-11-25,-0.0277
1998-11-26,-0.0479
1998-11-27,-0.1052
1998-11-28,-0.0902
1998-11-29,-0.1128
1998-11-30,-0.1258
1998-12-01,-0.1261
1998-12-02,-0.1049
1998-12-03,-0.0781
1998-12-04,-0.0959
1998-12-05,-0.1102
1998-12-06,-0.1414
1998-12-07,-0.1684
1998-12-08,-0.2164
1998-12-09,-0.271
1998-12-10,-0.2863
1998-12-11,-0.2625
1998-12-12,-0.2313
1998-12-13,-0.2397
1998-12-14,-0.2497
1998-12-15,-0.1927
1998-12-16,-0.1318
1998-12-17,-0.1053
1998-12-18,-0.1187
1998-12-19,-0.124
1998-12-20,-0.0951
1998-12-21,-0.0901
1998-12-22,-0.1511
1998-12-23,-0.1881
1998-12-24,-0.1964
1998-12-25,-0.1684
1998-12-26,-0.1666
1998-12-27,-0.1488
1998-12-28,-0.1532
1998-12-29,-0.1612
1998-12-30,-0.1967
1998-12-31,-0.1786
1999-01-01,-0.1323
1999-01-02,-0.141
1999-01-03,-0.1413
1999-01-04,-0.1675
1999-01-05,-0.2288
1999-01-06,-0.2634
1999-01-07,-0.2579
1999-01-08,-0.2692
1999-01-09,-0.3149
1999-01-10,-0.3152
1999-01-11,-0.328
1999-01-12,-0.3603
1999-01-13,-0.3537
1999-01-14,-0.3102
1999-01-15,-0.304
1999-01-16,-0.3378
1999-01-17,-0.3658
1999-01-18,-0.3825
1999-01-19,-0.3446
1999-01-20,-0.3264
1999-01-21,-0.325
1999-01-22,-0.3516
1999-01-23,-0.4054
1999-01-24,-0.4038
1999-01-25,-0.4089
1999-01-26,-0.3836
1999-01-27,-0.3787
1999-01-28,-0.4173
1999-01-29,-0.4259
1999-01-30,-0.4541
1999-01-31,-0.4461
1999-02-01,-0.377
1999-02-02,-0.3367
1999-02-03,-0.3064
1999-02-04,-0.3045
1999-02-05,-0.2951
1999-02-06,-0.2482
1999-02-07,-0.2001
1999-02-08,-0.1887
1999-02-09,-0.1674
1999-02-10,-0.1095
1999-02-11,-0.0251
1999-02-12,0.0239
1999-02-13,0.04
1999-02-14,0.0397
1999-02-15,0.0667
1999-02-16,0.1012
1999-02-17,0.0663
1999-02-18,0.0275
1999-02-19,0.0383
1999-02-20,0.0135
1999-02-21,-0.0193
1999-02-22,-0.0648
1999-02-23,-0.0691
1999-02-24,-0.075
1999-02-25,-0.0369
1999-02-26,-0.0309
1999-02-27,-0.0381
1999-02-28,-0.0376
1999-03-01,-0.0399
1999-03-02,-0.0442
1999-03-03,-0.0652
1999-03-04,-0.0605
1999-03-05,-0.0241
1999-03-06,-0.0004
1999-03-07,-0.026
1999-03-08,-0.0198
1999-03-09,-0.0231
1999-03-10,-0.038
1999-03-11,-0.0619
1999-03-12,-0.0849
1999-03-13,-0.0715
1999-03-14,0.0002
1999-03-15,-0.0023
1999-03-16,0.0092
1999-03-17,0.028
1999-03-18,0.0182
1999-03-19,-0.0283
1999-03-20,-0.0843
1999-03-21,-0.0857
1999-03-22,-0.0859
1999-03-23,-0.0686
1999-03-24,0.0056
1999-03-25,0.0694
1999-03-26,0.0737
1999-03-27,0.0082
1999-03-28,-0.0115
1999-03-29,0.0033
1999-03-30,0.0166
1999-03-31,-0.0179
1999-04-01,-0.0357
1999-04-02,-0.0523
1999-04-03,0.002
1999-04-04,0.0371
1999-04-05,0.0196
1999-04-06,-0.0467
1999-04-07,-0.0986
1999-04-08,-0.1615
1999-04-09,-0.1565
1999-04-10,-0.1528
1999-04-11,-0.1479
1999-04-12,-0.1909
1999-04-13,-0.2167
1999-04-14,-0.2459
1999-04-15,-0.2375
1999-04-16,-0.1996
1999-04-17,-0.1863
1999-04-18,-0.207
1999-04-19,-0.2245
1999-04-20,-0.2156
1999-04-21,-0.2331
1999-04-22,-0.2442
1999-04-23,-0.1838
1999-04-24,-0.1581
1999-04-25,-0.176
1999-04-26,-0.1359
1999-04-27,-0.0986
1999-04-28,-0.0514
1999-04-29,-0.1057
1999-04-30,-0.1844
1999-05-01,-0.2111
1999-05-02,-0.208
1999-05-03,-0.1543
1999-05-04,-0.1768
1999-05-05,-0.2198
1999-05-06,-0.2389
1999-05-07,-0.296
1999-05-08,-0.3048
1999-05-09,-0.3576
1999-05-10,-0.4339
1999-05-11,-0.4522
1999-05-12,-0.4459
1999-05-13,-0.4827
1999-05-14,-0.5279
1999-05-15,-0.5678
1999-05-16,-0.6208
1999-05-17,-0.6109
1999-05-18,-0.5782
1999-05-19,-0.5467
1999-05-20,-0.5115
1999-05-21,-0.4647
1999-05-22,-0.4437
1999-05-23,-0.4964
1999-05-24,-0.5028
1999-05-25,-0.4996
1999-05-26,-0.5143
1999-05-27,-0.5315
1999-05-28,-0.5367
1999-05-29,-0.5462
1999-05-30,-0.5392
1999-05-31,-0.5054
1999-06-01,-0.4446
1999-06-02,-0.426
1999-06-03,-0.3816
1999-06-04,-0.3573
1999-06-05,-0.3336
1999-06-06,-0.3467
1999-06-07,-0.3672
1999-06-08,-0.4193
1999-06-09,-0.4528
1999-06-10,-0.4642
1999-06-11,-0.422
1999-06-12,-0.3804
1999-06-13,-0.3469
1999-06-14,-0.3436
1999-06-15,-0.3557
1999-06-16,-0.3733
1999-06-17,-0.4127
1999-06-18,-0.4597
1999-06-19,-0.4683
1999-06-20,-0.4012
1999-06-21,-0.3266
1999-06-22,-0.3045
1999-06-23,-0.3315
1999-06-24,-0.3089
1999-06-25,-0.2728
1999-06-26,-0.1507
1999-06-27,-0.0668
1999-06-28,-0.0132
1999-06-29,-0.0061
1999-06-30,0.0095
1999-07-01,-0.0021
1999-07-02,-0.0736
1999-07-03,-0.143
1999-07-04,-0.1914
1999-07-05,-0.2226
1999-07-06,-0.2422
1999-07-07,-0.2114
1999-07-08,-0.1994
1999-07-09,-0.2081
1999-07-10,-0.2307
1999-07-11,-0.2381
1999-07-12,-0.216
1999-07-13,-0.1215
1999-07-14,-0.0959
1999-07-15,-0.1162
1999-07-16,-0.115
1999-07-17,-0.1258
1999-07-18,-0.1296
1999-07-19,-0.1347
1999-07-20,-0.113
1999-07-21,-0.1193
1999-07-22,-0.1397
1999-07-23,-0.1385
1999-07-24,-0.1397
1999-07-25,-0.2032
1999-07-26,-0.2465
1999-07-27,-0.2327
1999-07-28,-0.2032
1999-07-29,-0.2274
1999-07-30,-0.2663
1999-07-31,-0.311
1999-08-01,-0.3564
1999-08-02,-0.3817
1999-08-03,-0.3738
1999-08-04,-0.3769
1999-08-05,-0.3947
1999-08-06,-0.3995
1999-08-07,-0.3864
1999-08-08,-0.3716
1999-08-09,-0.3828
1999-08-10,-0.4227
1999-08-11,-0.4226
1999-08-12,-0.4031
1999-08-13,-0.3465
1999-08-14,-0.2931
1999-08-15,-0.2443
1999-08-16,-0.2049
1999-08-17,-0.1854
1999-08-18,-0.2067
1999-08-19,-0.2176
1999-08-20,-0.2297
1999-08-21,-0.2034
1999-08-22,-0.1716
1999-08-23,-0.1847
1999-08-24,-0.2292
1999-08-25,-0.2453
1999-08-26,-0.2572
1999-08-27,-0.248
1999-08-28,-0.219
1999-08-29,-0.1982
1999-08-30,-0.1427
1999-08-31,-0.0921
1999-09-01,-0.1021
1999-09-02,-0.1381
1999-09-03,-0.1765
1999-09-04,-0.1559
1999-09-05,-0.1457
1999-09-06,-0.1709
1999-09-07,-0.1848
1999-09-08,-0.2227
1999-09-09,-0.2394
1999-09-10,-0.1779
1999-09-11,-0.1231
1999-09-12,-0.0904
1999-09-13,-0.0533
1999-09-14,-0.0465
1999-09-15,-0.0376
1999-09-16,-0.079
1999-09-17,-0.108
1999-09-18,-0.1591
1999-09-19,-0.2026
1999-09-20,-0.1913
1999-09-21,-0.1435
1999-09-22,-0.0847
1999-09-23,-0.1124
1999-09-24,-0.1253
1999-09-25,-0.1158
1999-09-26,-0.1334
1999-09-27,-0.1535
1999-09-28,-0.1906
1999-09-29,-0.1539
1999-09-30,-0.1265
1999-10-01,-0.1166
1999-10-02,-0.0889
1999-10-03,-0.0742
1999-10-04,-0.0648
1999-10-05,-0.0704
1999-10-06,-0.1163
1999-10-07,-0.1629
1999-10-08,-0.2067
1999-10-09,-0.2479
1999-10-10,-0.3083
1999-10-11,-0.357
1999-10-12,-0.4092
1999-10-13,-0.3861
1999-10-14,-0.4082
1999-10-15,-0.4096
1999-10-16,-0.4074
1999-10-17,-0.3866
1999-10-18,-0.3281
1999-10-19,-0.3373
1999-10-20,-0.3875
1999-10-21,-0.4038
1999-10-22,-0.3282
1999-10-23,-0.2724
1999-10-24,-0.219
1999-10-25,-0.2097
1999-10-26,-0.2023
1999-10-27,-0.2092
1999-10-28,-0.1668
1999-10-29,-0.1931
1999-10-30,-0.1907
1999-10-31,-0.1451
1999-11-01,-0.0468
1999-11-02,0.0523
1999-11-03,0.0734
1999-11-04,0.0776
1999-11-05,0.0881
1999-11-06,0.0701
1999-11-07,0.122
1999-11-08,0.1422
1999-11-09,0.1539
1999-11-10,0.1869
1999-11-11,0.1953
1999-11-12,0.1887
1999-11-13,0.1918
1999-11-14,0.2064
1999-11-15,0.1812
1999-11-16,0.1118
1999-11-17,0.0205
1999-11-18,-0.0088
1999-11-19,-0.0179
1999-11-20,-0.0684
1999-11-21,-0.0655
1999-11-22,-0.0704
1999-11-23,-0.0605
1999-11-24,-0.0872
1999-11-25,-0.1785
1999-11-26,-0.2431
1999-11-27,-0.2418
1999-11-28,-0.2532
1999-11-29,-0.2787
1999-11-30,-0.2815
1999-12-01,-0.2431
1999-12-02,-0.1823
1999-12-03,-0.0825
1999-12-04,0.0042
1999-12-05,0.0824
1999-12-06,0.1483
1999-12-07,0.185
1999-12-08,0.1873
1999-12-09,0.2116
1999-12-10,0.2236
1999-12-11,0.2238
1999-12-12,0.2011
1999-12-13,0.1672
1999-12-14,0.1306
1999-12-15,0.1146
1999-12-16,0.144
1999-12-17,0.1298
1999-12-18,0.1173
1999-12-19,0.0617
1999-12-20,0.0204
1999-12-21,-0.011
1999-12-22,-0.0259
1999-12-23,-0.0202
1999-12-24,-0.038
1999-12-25,-0.1158
1999-12-26,-0.1839
1999-12-27,-0.1944
1999-12-28,-0.2118
1999-12-29,-0.2383
1999-12-30,-0.2625
1999-12-31,-0.2754
2000-01-01,-0.1902
2000-01-02,-0.1606
2000-01-03,-0.1756
2000-01-04,-0.1753
2000-01-05,-0.1659
2000-01-06,-0.1502
2000-01-07,-0.1499
2000-01-08,-0.1728
2000-01-09,-0.1033
2000-01-10,-0.0376
2000-01-11,-0.0351
2000-01-12,-0.0163
2000-01-13,0.0265
2000-01-14,0.0813
2000-01-15,0.1106
2000-01-16,0.106
2000-01-17,0.1077
2000-01-18,0.1471
2000-01-19,0.2056
2000-01-20,0.2147
2000-01-21,0.2088
2000-01-22,0.1647
2000-01-23,0.1362
2000-01-24,0.1211
2000-01-25,0.0802
2000-01-26,0.0476
2000-01-27,0.051
2000-01-28,0.0729
2000-01-29,0.0694
2000-01-30,0.0584
2000-01-31,0.037
2000-02-01,-0.0055
2000-02-02,-0.0349
2000-02-03,-0.0533
2000-02-04,-0.0897
2000-02-05,-0.0993
2000-02-06,-0.0943
2000-02-07,-0.0967
2000-02-08,-0.0926
2000-02-09,-0.0705
2000-02-10,-0.0727
2000-02-11,-0.1032
2000-02-12,-0.1326
2000-02-13,-0.1603
2000-02-14,-0.1638
2000-02-15,-0.2203
2000-02-16,-0.3612
2000-02-17,-0.3984
2000-02-18,-0.3735
2000-02-19,-0.351
2000-02-20,-0.345
2000-02-21,-0.2898
2000-02-22,-0.2533
2000-02-23,-0.2605
2000-02-24,-0.3068
2000-02-25,-0.3453
2000-02-26,-0.3827
2000-02-27,-0.3741
2000-02-28,-0.3883
2000-02-29,-0.4229
2000-03-01,-0.3833
2000-03-02,-0.3518
2000-03-03,-0.3742
2000-03-04,-0.4427
2000-03-05,-0.5064
2000-03-06,-0.4911
2000-03-07,-0.4478
2000-03-08,-0.3966
2000-03-09,-0.3603
2000-03-10,-0.357
2000-03-11,-0.4093
2000-03-12,-0.3968
2000-03-13,-0.3718
2000-03-14,-0.3302
2000-03-15,-0.3148
2000-03-16,-0.2736
2000-03-17,-0.2688
2000-03-18,-0.259
2000-03-19,-0.2195
2000-03-20,-0.2237
2000-03-21,-0.2473
2000-03-22,-0.228
2000-03-23,-0.2262
2000-03-24,-0.2079
2000-03-25,-0.2008
2000-03-26,-0.179
2000-03-27,-0.1901
2000-03-28,-0.2547
2000-03-29,-0.2736
2000-03-30,-0.2991
2000-03-31,-0.3545
2000-04-01,-0.4296
2000-04-02,-0.4358
2000-04-03,-0.3496
2000-04-04,-0.2716
2000-04-05,-0.2525
2000-04-06,-0.1968
2000-04-07,-0.117
2000-04-08,-0.0703
2000-04-09,-0.0273
2000-04-10,-0.012
2000-04-11,-0.0218
2000-04-12,-0.0937
2000-04-13,-0.1714
2000-04-14,-0.2358
2000-04-15,-0.2626
2000-04-16,-0.2819
2000-04-17,-0.2723
2000-04-18,-0.243
2000-04-19,-0.1895
2000-04-20,-0.197
2000-04-21,-0.2072
2000-04-22,-0.1595
2000-04-23,-0.1146
2000-04-24,-0.1329
2000-04-25,-0.1527
2000-04-26,-0.2023
2000-04-27,-0.26
2000-04-28,-0.3081
2000-04-29,-0.3128
2000-04-30,-0.2954
2000-05-01,-0.2825
2000-05-02,-0.1857
2000-05-03,-0.166
2000-05-04,-0.1438
2000-05-05,-0.1075
2000-05-06,-0.1024
2000-05-07,-0.1131
2000-05-08,-0.1002
2000-05-09,-0.0676
2000-05-10,-0.0957
2000-05-11,-0.114
2000-05-12,-0.1543
2000-05-13,-0.1812
2000-05-14,-0.2037
2000-05-15,-0.2527
2000-05-16,-0.288
2000-05-17,-0.2544
2000-05-18,-0.2509
2000-05-19,-0.2525
2000-05-20,-0.2598
2000-05-21,-0.2756
2000-05-22,-0.2863
2000-05-23,-0.2631
2000-05-24,-0.2989
2000-05-25,-0.347
2000-05-26,-0.3753
2000-05-27,-0.4065
2000-05-28,-0.3903
2000-05-29,-0.3176
2000-05-30,-0.2742
2000-05-31,-0.2906
2000-06-01,-0.3296
2000-06-02,-0.3327
2000-06-03,-0.3375
2000-06-04,-0.3861
2000-06-05,-0.4175
2000-06-06,-0.4227
2000-06-07,-0.4314
2000-06-08,-0.4791
2000-06-09,-0.5194
2000-06-10,-0.5372
2000-06-11,-0.5308
2000-06-12,-0.537
2000-06-13,-0.5056
2000-06-14,-0.4633
2000-06-15,-0.3998
2000-06-16,-0.3487
2000-06-17,-0.3084
2000-06-18,-0.3341
2000-06-19,-0.3862
2000-06-20,-0.4279
2000-06-21,-0.4134
2000-06-22,-0.372
2000-06-23,-0.3026
2000-06-24,-0.2493
2000-06-25,-0.2518
2000-06-26,-0.2782
2000-06-27,-0.3364
2000-06-28,-0.3805
2000-06-29,-0.3724
2000-06-30,-0.3327
2000-07-01,-0.3186
2000-07-02,-0.3133
2000-07-03,-0.3161
2000-07-04,-0.3445
2000-07-05,-0.3576
2000-07-06,-0.3896
2000-07-07,-0.4176
2000-07-08,-0.4123
2000-07-09,-0.4564
2000-07-10,-0.4496
2000-07-11,-0.4009
2000-07-12,-0.3464
2000-07-13,-0.3338
2000-07-14,-0.2736
2000-07-15,-0.2558
2000-07-16,-0.2489
2000-07-17,-0.2644
2000-07-18,-0.2382
2000-07-19,-0.2055
2000-07-20,-0.2237
2000-07-21,-0.1731
2000-07-22,-0.151
2000-07-23,-0.1023
2000-07-24,-0.07
2000-07-25,-0.0291
2000-07-26,-0.0012
2000-07-27,0.0478
2000-07-28,0.099
2000-07-29,0.1128
2000-07-30,0.1103
2000-07-31,0.0641
2000-08-01,0.0265
2000-08-02,-0.028
2000-08-03,-0.0765
2000-08-04,-0.1326
2000-08-05,-0.1511
2000-08-06,-0.1912
2000-08-07,-0.2421
2000-08-08,-0.2392
2000-08-09,-0.242
2000-08-10,-0.2494
2000-08-11,-0.1892
2000-08-12,-0.1655
2000-08-13,-0.1199
2000-08-14,-0.067
2000-08-15,0.0364
2000-08-16,0.1046
2000-08-17,0.1392
2000-08-18,0.1184
2000-08-19,0.0926
2000-08-20,0.1295
2000-08-21,0.1195
2000-08-22,0.1045
2000-08-23,0.052
2000-08-24,0.0105
2000-08-25,0.0282
2000-08-26,-0.0208
2000-08-27,-0.0323
2000-08-28,-0.0933
2000-08-29,-0.1394
2000-08-30,-0.0864
2000-08-31,-0.0071
2000-09-01,0.0333
2000-09-02,0.0321
2000-09-03,0.0169
2000-09-04,-0.0071
2000-09-05,-0.0045
2000-09-06,0.0092
2000-09-07,0.088
2000-09-08,0.2066
2000-09-09,0.262
2000-09-10,0.1919
2000-09-11,0.0684
2000-09-12,-0.0036
2000-09-13,-0.0494
2000-09-14,-0.0808
2000-09-15,-0.084
2000-09-16,-0.079
2000-09-17,-0.0522
2000-09-18,-0.0564
2000-09-19,-0.0601
2000-09-20,-0.037
2000-09-21,0.0047
2000-09-22,0.0372
2000-09-23,0.108
2000-09-24,0.1495
2000-09-25,0.1621
2000-09-26,0.1432
2000-09-27,0.1612
2000-09-28,0.1279
2000-09-29,0.0933
2000-09-30,0.0836
2000-10-01,0.0792
2000-10-02,0.0595
2000-10-03,0.0785
2000-10-04,0.1364
2000-10-05,0.1746
2000-10-06,0.1863
2000-10-07,0.151
2000-10-08,0.1219
2000-10-09,0.0527
2000-10-10,0.0197
2000-10-11,-0.0041
2000-10-12,-0.0375
2000-10-13,-0.0462
2000-10-14,-0.05
2000-10-15,-0.0119
2000-10-16,0.0148
2000-10-17,0.017
2000-10-18,0.0114
2000-10-19,0.0046
2000-10-20,0.0307
2000-10-21,0.0481
2000-10-22,0.0887
2000-10-23,0.1059
2000-10-24,0.1036
2000-10-25,0.0692
2000-10-26,0.1714
2000-10-27,0.1926
2000-10-28,0.1991
2000-10-29,0.1842
2000-10-30,0.1352
2000-10-31,0.1132
2000-11-01,0.1663
2000-11-02,0.2435
2000-11-03,0.3106
2000-11-04,0.324
2000-11-05,0.293
2000-11-06,0.2419
2000-11-07,0.2094
2000-11-08,0.1923
2000-11-09,0.2048
2000-11-10,0.2094
2000-11-11,0.1717
2000-11-12,0.1118
2000-11-13,0.0566
2000-11-14,0.0134
2000-11-15,-0.0241
2000-11-16,-0.0323
2000-11-17,-0.0689
2000-11-18,-0.0107
2000-11-19,0.0345
2000-11-20,0.0214
2000-11-21,-0.0068
2000-11-22,0.008
2000-11-23,0.0211
2000-11-24,0.0433
2000-11-25,0.0562
2000-11-26,0.0502
2000-11-27,0.0124
2000-11-28,-0.012
2000-11-29,-0.0415
2000-11-30,-0.0804
2000-12-01,-0.13
2000-12-02,-0.1757
2000-12-03,-0.1809
2000-12-04,-0.2021
2000-12-05,-0.2363
2000-12-06,-0.2539
2000-12-07,-0.2307
2000-12-08,-0.217
2000-12-09,-0.2312
2000-12-10,-0.1512
2000-12-11,-0.0082
2000-12-12,0.0674
2000-12-13,0.1099
2000-12-14,0.1576
2000-12-15,0.1636
2000-12-16,0.1206
2000-12-17,0.0982
2000-12-18,0.0837
2000-12-19,0.0334
2000-12-20,-0.0048
2000-12-21,-0.0527
2000-12-22,-0.1022
2000-12-23,-0.0957
2000-12-24,-0.1192
2000-12-25,-0.1438
2000-12-26,-0.1201
2000-12-27,-0.0934
2000-12-28,-0.0876
2000-12-29,-0.0608
2000-12-30,-0.1024
2000-12-31,-0.1334
2001-01-01,-0.1652
2001-01-02,-0.1979
2001-01-03,-0.2089
2001-01-04,-0.2032
2001-01-05,-0.1954
2001-01-06,-0.1378
2001-01-07,-0.1919
2001-01-08,-0.2071
2001-01-09,-0.1792
2001-01-10,-0.1495
2001-01-11,-0.1582
2001-01-12,-0.1433
2001-01-13,-0.127
2001-01-14,-0.1484
2001-01-15,-0.2094
2001-01-16,-0.2657
2001-01-17,-0.2944
2001-01-18,-0.2742
2001-01-19,-0.3098
2001-01-20,-0.2595
2001-01-21,-0.1923
2001-01-22,-0.1824
2001-01-23,-0.2035
2001-01-24,-0.1958
2001-01-25,-0.1745
2001-01-26,-0.2115
2001-01-27,-0.2773
2001-01-28,-0.3129
2001-01-29,-0.3368
2001-01-30,-0.3907
2001-01-31,-0.4627
2001-02-01,-0.4971
2001-02-02,-0.5108
2001-02-03,-0.4843
2001-02-04,-0.4216
2001-02-05,-0.3865
2001-02-06,-0.3762
2001-02-07,-0.4159
2001-02-08,-0.4354
2001-02-09,-0.4181
2001-02-10,-0.4019
2001-02-11,-0.3795
2001-02-12,-0.3333
2001-02-13,-0.3496
2001-02-14,-0.4096
2001-02-15,-0.3687
2001-02-16,-0.28
2001-02-17,-0.1619
2001-02-18,-0.0564
2001-02-19,-0.0071
2001-02-20,0.0286
2001-02-21,0.0319
2001-02-22,0.1476
2001-02-23,0.1877
2001-02-24,0.1616
2001-02-25,0.1891
2001-02-26,0.2979
2001-02-27,0.2799
2001-02-28,0.2443
2001-03-01,0.1619
2001-03-02,0.0846
2001-03-03,0.0057
2001-03-04,0.0503
2001-03-05,0.0321
2001-03-06,0.0499
2001-03-07,0.0315
2001-03-08,0.0199
2001-03-09,0.007
2001-03-10,0.0385
2001-03-11,0.0593
2001-03-12,0.08
2001-03-13,0.1038
2001-03-14,0.0757
2001-03-15,0.0521
2001-03-16,-0.0027
2001-03-17,0.0039
2001-03-18,0.0172
2001-03-19,-0.0248
2001-03-20,-0.0477
2001-03-21,-0.0173
2001-03-22,0.0304
2001-03-23,0.0615
2001-03-24,0.069
2001-03-25,0.1508
2001-03-26,0.1935
2001-03-27,0.2
2001-03-28,0.1671
2001-03-29,0.1041
2001-03-30,0.0765
2001-03-31,0.0029
2001-04-01,-0.0201
2001-04-02,-0.022
2001-04-03,0.002
2001-04-04,0.0469
2001-04-05,0.062
2001-04-06,0.0838
2001-04-07,0.093
2001-04-08,0.1166
2001-04-09,0.1304
2001-04-10,0.1396
2001-04-11,0.1531
2001-04-12,0.1524
2001-04-13,0.1449
2001-04-14,0.1568
2001-04-15,0.1478
2001-04-16,0.1496
2001-04-17,0.1266
2001-04-18,0.108
2001-04-19,0.0645
2001-04-20,0.0632
2001-04-21,0.0637
2001-04-22,0.0726
2001-04-23,0.0591
2001-04-24,0.0916
2001-04-25,0.1186
2001-04-26,0.1787
2001-04-27,0.1683
2001-04-28,0.1442
2001-04-29,0.1623
2001-04-30,0.1875
2001-05-01,0.164
2001-05-02,0.143
2001-05-03,0.1519
2001-05-04,0.1756
2001-05-05,0.2022
2001-05-06,0.2246
2001-05-07,0.2418
2001-05-08,0.3002
2001-05-09,0.3379
2001-05-10,0.3595
2001-05-11,0.3861
2001-05-12,0.3013
2001-05-13,0.2895
2001-05-14,0.2718
2001-05-15,0.2451
2001-05-16,0.213
2001-05-17,0.2177
2001-05-18,0.2369
2001-05-19,0.2876
2001-05-20,0.2871
2001-05-21,0.2572
2001-05-22,0.2494
2001-05-23,0.2165
2001-05-24,0.1925
2001-05-25,0.1512
2001-05-26,0.1013
2001-05-27,0.0107
2001-05-28,-0.046
2001-05-29,-0.0596
2001-05-30,-0.0565
2001-05-31,-0.0555
2001-06-01,-0.0633
2001-06-02,-0.023
2001-06-03,-0.0138
2001-06-04,-0.1014
2001-06-05,-0.1293
2001-06-06,-0.1011
2001-06-07,-0.1084
2001-06-08,-0.0999
2001-06-09,-0.0763
2001-06-10,-0.1163
2001-06-11,-0.1392
2001-06-12,-0.1218
2001-06-13,-0.0971
2001-06-14,-0.0112
2001-06-15,0.0472
2001-06-16,0.103
2001-06-17,0.1249
2001-06-18,0.1417
2001-06-19,0.121
2001-06-20,0.1196
2001-06-21,0.0508
2001-06-22,0.038
2001-06-23,0.0124
2001-06-24,-0.1174
2001-06-25,-0.1203
2001-06-26,-0.1339
2001-06-27,-0.1362
2001-06-28,-0.1032
2001-06-29,-0.0972
2001-06-30,-0.0825
2001-07-01,-0.07
2001-07-02,-0.0724
2001-07-03,-0.0837
2001-07-04,-0.0698
2001-07-05,-0.1091
2001-07-06,-0.1495
2001-07-07,-0.1557
2001-07-08,-0.1585
2001-07-09,-0.2121
2001-07-10,-0.2572
2001-07-11,-0.224
2001-07-12,-0.1631
2001-07-13,-0.1537
2001-07-14,-0.131
2001-07-15,-0.1209
2001-07-16,-0.0912
2001-07-17,-0.0784
2001-07-18,-0.035
2001-07-19,-0.0079
2001-07-20,-0.0053
2001-07-21,0.0179
2001-07-22,-0.0021
2001-07-23,-0.039
2001-07-24,-0.0961
2001-07-25,-0.1537
2001-07-26,-0.169
2001-07-27,-0.1833
2001-07-28,-0.1802
2001-07-29,-0.1591
2001-07-30,-0.156
2001-07-31,-0.1543
2001-08-01,-0.2054
2001-08-02,-0.2359
2001-08-03,-0.2608
2001-08-04,-0.2575
2001-08-05,-0.2698
2001-08-06,-0.2897
2001-08-07,-0.2621
2001-08-08,-0.1822
2001-08-09,-0.0759
2001-08-10,-0.0085
2001-08-11,0.0445
2001-08-12,0.087
2001-08-13,0.1583
2001-08-14,0.1768
2001-08-15,0.185
2001-08-16,0.1792
2001-08-17,0.1589
2001-08-18,0.146
2001-08-19,0.101
2001-08-20,0.0963
2001-08-21,0.1512
2001-08-22,0.1838
2001-08-23,0.1395
2001-08-24,0.0263
2001-08-25,-0.0544
2001-08-26,-0.0835
2001-08-27,-0.1205
2001-08-28,-0.1512
2001-08-29,-0.145
2001-08-30,-0.141
2001-08-31,-0.1621
2001-09-01,-0.1761
2001-09-02,-0.167
2001-09-03,-0.1386
2001-09-04,-0.067
2001-09-05,-0.0338
2001-09-06,-0.0029
2001-09-07,0.0154
2001-09-08,0.0455
2001-09-09,0.0476
2001-09-10,0.0333
2001-09-11,0.047
2001-09-12,0.0266
2001-09-13,-0.0339
2001-09-14,-0.0382
2001-09-15,0.0063
2001-09-16,0.0662
2001-09-17,0.1082
2001-09-18,0.1502
2001-09-19,0.1957
2001-09-20,0.2123
2001-09-21,0.183
2001-09-22,0.1783
2001-09-23,0.1698
2001-09-24,0.1698
2001-09-25,0.1061
2001-09-26,0.0755
2001-09-27,0.0679
2001-09-28,0.0449
2001-09-29,0.0353
2001-09-30,0.0265
2001-10-01,0.0301
2001-10-02,0.0187
2001-10-03,-0.0365
2001-10-04,-0.0838
2001-10-05,-0.0801
2001-10-06,-0.0852
2001-10-07,-0.0497
2001-10-08,-0.0287
2001-10-09,-0.0392
2001-10-10,-0.0477
2001-10-11,-0.0284
2001-10-12,0.0213
2001-10-13,-0.0031
2001-10-14,-0.011
2001-10-15,-0.03
2001-10-16,-0.0033
2001-10-17,0.0173
2001-10-18,0.0586
2001-10-19,0.0741
2001-10-20,0.0824
2001-10-21,0.0735
2001-10-22,0.0712
2001-10-23,0.116
2001-10-24,0.1558
2001-10-25,0.1969
2001-10-26,0.2691
2001-10-27,0.3298
2001-10-28,0.3734
2001-10-29,0.399
2001-10-30,0.3701
2001-10-31,0.3668
2001-11-01,0.37
2001-11-02,0.3763
2001-11-03,0.3661
2001-11-04,0.3282
2001-11-05,0.2429
2001-11-06,0.1516
2001-11-07,0.0689
2001-11-08,0.0023
2001-11-09,-0.0714
2001-11-10,-0.1401
2001-11-11,-0.1901
2001-11-12,-0.1948
2001-11-13,-0.1697
2001-11-14,-0.1643
2001-11-15,-0.1291
2001-11-16,-0.0919
2001-11-17,-0.0446
2001-11-18,-0.0209
2001-11-19,-0.0382
2001-11-20,-0.0947
2001-11-21,-0.1011
2001-11-22,-0.0635
2001-11-23,-0.0409
2001-11-24,-0.0287
2001-11-25,-0.0177
2001-11-26,0.0273
2001-11-27,0.0647
2001-11-28,0.0694
2001-11-29,0.0383
2001-11-30,0.0521
2001-12-01,0.1108
2001-12-02,0.181
2001-12-03,0.2621
2001-12-04,0.2705
2001-12-05,0.3226
2001-12-06,0.3463
2001-12-07,0.3801
2001-12-08,0.3484
2001-12-09,0.341
2001-12-10,0.376
2001-12-11,0.3829
2001-12-12,0.384
2001-12-13,0.3774
2001-12-14,0.3536
2001-12-15,0.2717
2001-12-16,0.2119
2001-12-17,0.2121
2001-12-18,0.2383
2001-12-19,0.3023
2001-12-20,0.3459
2001-12-21,0.3638
2001-12-22,0.3806
2001-12-23,0.4303
2001-12-24,0.4668
2001-12-25,0.4662
2001-12-26,0.4456
2001-12-27,0.4299
2001-12-28,0.4128
2001-12-29,0.3967
2001-12-30,0.3635
2001-12-31,0.39
2002-01-01,0.4136
2002-01-02,0.4404
2002-01-03,0.4408
2002-01-04,0.4665
2002-01-05,0.5222
2002-01-06,0.5527
2002-01-07,0.5387
2002-01-08,0.4974
2002-01-09,0.4827
2002-01-10,0.4487
2002-01-11,0.3989
2002-01-12,0.3661
2002-01-13,0.3355
2002-01-14,0.2959
2002-01-15,0.2782
2002-01-16,0.2801
2002-01-17,0.2552
2002-01-18,0.1488
2002-01-19,0.0701
2002-01-20,0.0453
2002-01-21,0.0155
2002-01-22,0.0382
2002-01-23,0.0307
2002-01-24,0.0039
2002-01-25,0.0552
2002-01-26,0.0772
2002-01-27,0.0358
2002-01-28,0.0283
2002-01-29,0.0738
2002-01-30,0.0822
2002-01-31,0.07
2002-02-01,-0.0017
2002-02-02,-0.0544
2002-02-03,-0.0304
2002-02-04,-0.0317
2002-02-05,0.0085
2002-02-06,0.0181
2002-02-07,0.0137
2002-02-08,0.016
2002-02-09,0.0127
2002-02-10,0.0014
2002-02-11,-0.018
2002-02-12,0.0173
2002-02-13,0.0361
2002-02-14,0.0397
2002-02-15,0.0099
2002-02-16,-0.0522
2002-02-17,-0.0143
2002-02-18,0.0335
2002-02-19,0.0432
2002-02-20,0.1381
2002-02-21,0.229
2002-02-22,0.258
2002-02-23,0.2277
2002-02-24,0.2182
2002-02-25,0.2571
2002-02-26,0.2661
2002-02-27,0.2878
2002-02-28,0.3223
2002-03-01,0.3536
2002-03-02,0.3295
2002-03-03,0.2641
2002-03-04,0.2437
2002-03-05,0.2807
2002-03-06,0.3574
2002-03-07,0.3312
2002-03-08,0.3064
2002-03-09,0.3212
2002-03-10,0.3231
2002-03-11,0.2383
2002-03-12,0.179
2002-03-13,0.1755
2002-03-14,0.1663
2002-03-15,0.1987
2002-03-16,0.2454
2002-03-17,0.2855
2002-03-18,0.3253
2002-03-19,0.3057
2002-03-20,0.2854
2002-03-21,0.2862
2002-03-22,0.27
2002-03-23,0.2692
2002-03-24,0.228
2002-03-25,0.2115
2002-03-26,0.2763
2002-03-27,0.278
2002-03-28,0.3154
2002-03-29,0.3005
2002-03-30,0.3754
2002-03-31,0.4047
2002-04-01,0.425
2002-04-02,0.4108
2002-04-03,0.3516
2002-04-04,0.2993
2002-04-05,0.2951
2002-04-06,0.2954
2002-04-07,0.3212
2002-04-08,0.309
2002-04-09,0.309
2002-04-10,0.2763
2002-04-11,0.2802
2002-04-12,0.2759
2002-04-13,0.2814
2002-04-14,0.2826
2002-04-15,0.294
2002-04-16,0.3313
2002-04-17,0.3188
2002-04-18,0.2361
2002-04-19,0.1503
2002-04-20,0.1188
2002-04-21,0.1401
2002-04-22,0.2143
2002-04-23,0.2361
2002-04-24,0.265
2002-04-25,0.2713
2002-04-26,0.2975
2002-04-27,0.3357
2002-04-28,0.3505
2002-04-29,0.3556
2002-04-30,0.3377
2002-05-01,0.251
2002-05-02,0.1772
2002-05-03,0.0971
2002-05-04,0.1117
2002-05-05,0.0912
2002-05-06,0.081
2002-05-07,0.0525
2002-05-08,0.0525
2002-05-09,0.0423
2002-05-10,0.026
2002-05-11,-0.0275
2002-05-12,-0.0596
2002-05-13,-0.0735
2002-05-14,-0.1027
2002-05-15,-0.1163
2002-05-16,-0.112
2002-05-17,-0.0766
2002-05-18,-0.1351
2002-05-19,-0.1685
2002-05-20,-0.1883
2002-05-21,-0.2017
2002-05-22,-0.142
2002-05-23,-0.0445
2002-05-24,0.035
2002-05-25,0.0997
2002-05-26,0.1556
2002-05-27,0.1748
2002-05-28,0.1347
2002-05-29,0.1549
2002-05-30,0.1737
2002-05-31,0.1691
2002-06-01,0.174
2002-06-02,0.202
2002-06-03,0.2541
2002-06-04,0.2665
2002-06-05,0.2557
2002-06-06,0.2219
2002-06-07,0.1832
2002-06-08,0.1137
2002-06-09,0.0546
2002-06-10,-0.0012
2002-06-11,0.0112
2002-06-12,0.0379
2002-06-13,0.0656
2002-06-14,0.1101
2002-06-15,0.114
2002-06-16,0.137
2002-06-17,0.0979
2002-06-18,0.0723
2002-06-19,0.0838
2002-06-20,0.0865
2002-06-21,0.1504
2002-06-22,0.1829
2002-06-23,0.127
2002-06-24,0.0846
2002-06-25,0.0985
2002-06-26,0.1072
2002-06-27,0.0833
2002-06-28,0.1281
2002-06-29,0.1147
2002-06-30,0.084
2002-07-01,0.0773
2002-07-02,0.0402
2002-07-03,-0.0036
2002-07-04,0.0342
2002-07-05,0.0768
2002-07-06,0.1182
2002-07-07,0.1256
2002-07-08,0.1213
2002-07-09,0.0907
2002-07-10,0.0423
2002-07-11,0.0429
2002-07-12,0.0355
2002-07-13,0.0562
2002-07-14,0.0898
2002-07-15,0.1098
2002-07-16,0.0888
2002-07-17,0.0693
2002-07-18,0.0378
2002-07-19,0.0468
2002-07-20,0.0782
2002-07-21,0.1272
2002-07-22,0.1371
2002-07-23,0.1747
2002-07-24,0.1653
2002-07-25,0.1727
2002-07-26,0.1268
2002-07-27,0.0611
2002-07-28,0.0047
2002-07-29,-0.0011
2002-07-30,-0.0003
2002-07-31,0.0159
2002-08-01,0.0296
2002-08-02,0.0371
2002-08-03,0.0238
2002-08-04,-0.03
2002-08-05,-0.0712
2002-08-06,-0.1106
2002-08-07,-0.1007
2002-08-08,-0.0923
2002-08-09,-0.0434
2002-08-10,0.0374
2002-08-11,0.1193
2002-08-12,0.1506
2002-08-13,0.1372
2002-08-14,0.0887
2002-08-15,0.0251
2002-08-16,-0.0401
2002-08-17,-0.1115
2002-08-18,-0.1459
2002-08-19,-0.1301
2002-08-20,-0.1048
2002-08-21,-0.0792
2002-08-22,-0.0638
2002-08-23,-0.0511
2002-08-24,0.002
2002-08-25,0.0207
2002-08-26,0.0604
2002-08-27,0.0986
2002-08-28,0.0928
2002-08-29,0.1129
2002-08-30,0.1229
2002-08-31,0.1585
2002-09-01,0.1868
2002-09-02,0.2224
2002-09-03,0.2527
2002-09-04,0.2819
2002-09-05,0.2728
2002-09-06,0.2338
2002-09-07,0.2456
2002-09-08,0.2326
2002-09-09,0.2462
2002-09-10,0.2405
2002-09-11,0.2202
2002-09-12,0.2491
2002-09-13,0.292
2002-09-14,0.297
2002-09-15,0.3005
2002-09-16,0.2773
2002-09-17,0.2814
2002-09-18,0.2729
2002-09-19,0.261
2002-09-20,0.248
2002-09-21,0.2513
2002-09-22,0.255
2002-09-23,0.3118
2002-09-24,0.3662
2002-09-25,0.3329
2002-09-26,0.3114
2002-09-27,0.2649
2002-09-28,0.2686
2002-09-29,0.3284
2002-09-30,0.4448
2002-10-01,0.4472
2002-10-02,0.3731
2002-10-03,0.3786
2002-10-04,0.3841
2002-10-05,0.3533
2002-10-06,0.3188
2002-10-07,0.2817
2002-10-08,0.2593
2002-10-09,0.2366
2002-10-10,0.2357
2002-10-11,0.2008
2002-10-12,0.1766
2002-10-13,0.154
2002-10-14,0.157
2002-10-15,0.2061
2002-10-16,0.2286
2002-10-17,0.2621
2002-10-18,0.3265
2002-10-19,0.3655
2002-10-20,0.4023
2002-10-21,0.3856
2002-10-22,0.3652
2002-10-23,0.3652
2002-10-24,0.3665
2002-10-25,0.301
2002-10-26,0.2895
2002-10-27,0.3268
2002-10-28,0.3501
2002-10-29,0.3297
2002-10-30,0.3149
2002-10-31,0.3657
2002-11-01,0.3847
2002-11-02,0.3752
2002-11-03,0.344
2002-11-04,0.3542
2002-11-05,0.3994
2002-11-06,0.3939
2002-11-07,0.3825
2002-11-08,0.3711
2002-11-09,0.3823
2002-11-10,0.3841
2002-11-11,0.3797
2002-11-12,0.3119
2002-11-13,0.2372
2002-11-14,0.2257
2002-11-15,0.2347
2002-11-16,0.1835
2002-11-17,0.1553
2002-11-18,0.0847
2002-11-19,0.0609
2002-11-20,0.0197
2002-11-21,-0.028
2002-11-22,-0.0277
2002-11-23,-0.015
2002-11-24,0.0114
2002-11-25,0.0493
2002-11-26,0.0984
2002-11-27,0.1816
2002-11-28,0.2656
2002-11-29,0.3521
2002-11-30,0.3543
2002-12-01,0.3331
2002-12-02,0.3505
2002-12-03,0.3454
2002-12-04,0.3389
2002-12-05,0.3537
2002-12-06,0.3662
2002-12-07,0.3883
2002-12-08,0.3952
2002-12-09,0.4044
2002-12-10,0.4499
2002-12-11,0.468
2002-12-12,0.4509
2002-12-13,0.4276
2002-12-14,0.404
2002-12-15,0.4111
2002-12-16,0.444
2002-12-17,0.4486
2002-12-18,0.4562
2002-12-19,0.4272
2002-12-20,0.3987
2002-12-21,0.4179
2002-12-22,0.4326
2002-12-23,0.4514
2002-12-24,0.4501
2002-12-25,0.4203
2002-12-26,0.4047
2002-12-27,0.3818
2002-12-28,0.3178
2002-12-29,0.2614
2002-12-30,0.2495
2002-12-31,0.2041
2003-01-01,0.2246
2003-01-02,0.2374
2003-01-03,0.2635
2003-01-04,0.2776
2003-01-05,0.3044
2003-01-06,0.3106
2003-01-07,0.3015
2003-01-08,0.2773
2003-01-09,0.2615
2003-01-10,0.3058
2003-01-11,0.3326
2003-01-12,0.3211
2003-01-13,0.3026
2003-01-14,0.2983
2003-01-15,0.3465
2003-01-16,0.3996
2003-01-17,0.4285
2003-01-18,0.4792
2003-01-19,0.4511
2003-01-20,0.4344
2003-01-21,0.4378
2003-01-22,0.463
2003-01-23,0.4359
2003-01-24,0.3851
2003-01-25,0.3554
2003-01-26,0.3181
2003-01-27,0.3287
2003-01-28,0.3564
2003-01-29,0.3893
2003-01-30,0.4062
2003-01-31,0.412
2003-02-01,0.4523
2003-02-02,0.4274
2003-02-03,0.3979
2003-02-04,0.3115
2003-02-05,0.2848
2003-02-06,0.2357
2003-02-07,0.2127
2003-02-08,0.2358
2003-02-09,0.2398
2003-02-10,0.2134
2003-02-11,0.1741
2003-02-12,0.1669
2003-02-13,0.2515
2003-02-14,0.2772
2003-02-15,0.2985
2003-02-16,0.3714
2003-02-17,0.4601
2003-02-18,0.51
2003-02-19,0.5002
2003-02-20,0.5222
2003-02-21,0.5489
2003-02-22,0.4994
2003-02-23,0.4229
2003-02-24,0.4028
2003-02-25,0.39
2003-02-26,0.3627
2003-02-27,0.3316
2003-02-28,0.3172
2003-03-01,0.3022
2003-03-02,0.2047
2003-03-03,0.1077
2003-03-04,0.0388
2003-03-05,0.0522
2003-03-06,0.0464
2003-03-07,0.0452
2003-03-08,0.0366
2003-03-09,0.0351
2003-03-10,0.052
2003-03-11,0.0684
2003-03-12,0.0979
2003-03-13,0.0873
2003-03-14,0.0928
2003-03-15,0.1461
2003-03-16,0.2282
2003-03-17,0.2575
2003-03-18,0.25
2003-03-19,0.2068
2003-03-20,0.2152
2003-03-21,0.2677
2003-03-22,0.2932
2003-03-23,0.3285
2003-03-24,0.3614
2003-03-25,0.4126
2003-03-26,0.452
2003-03-27,0.4589
2003-03-28,0.4505
2003-03-29,0.4283
2003-03-30,0.4386
2003-03-31,0.4415
2003-04-01,0.4034
2003-04-02,0.3696
2003-04-03,0.4228
2003-04-04,0.3989
2003-04-05,0.3866
2003-04-06,0.4376
2003-04-07,0.46
2003-04-08,0.4547
2003-04-09,0.4678
2003-04-10,0.4689
2003-04-11,0.4787
2003-04-12,0.4519
2003-04-13,0.415
2003-04-14,0.4015
2003-04-15,0.4039
2003-04-16,0.399
2003-04-17,0.3688
2003-04-18,0.3474
2003-04-19,0.366
2003-04-20,0.3623
2003-04-21,0.3524
2003-04-22,0.3605
2003-04-23,0.3644
2003-04-24,0.3733
2003-04-25,0.3603
2003-04-26,0.3307
2003-04-27,0.282
2003-04-28,0.2299
2003-04-29,0.2089
2003-04-30,0.2021
2003-05-01,0.2137
2003-05-02,0.2589
2003-05-03,0.2174
2003-05-04,0.1757
2003-05-05,0.1622
2003-05-06,0.1935
2003-05-07,0.2275
2003-05-08,0.29
2003-05-09,0.2948
2003-05-10,0.3011
2003-05-11,0.3186
2003-05-12,0.3383
2003-05-13,0.3175
2003-05-14,0.2522
2003-05-15,0.1977
2003-05-16,0.1957
2003-05-17,0.1577
2003-05-18,0.1316
2003-05-19,0.0891
2003-05-20,0.0194
2003-05-21,0.0149
2003-05-22,0.0782
2003-05-23,0.1677
2003-05-24,0.2944
2003-05-25,0.422
2003-05-26,0.4745
2003-05-27,0.4647
2003-05-28,0.4668
2003-05-29,0.4664
2003-05-30,0.4632
2003-05-31,0.4563
2003-06-01,0.4039
2003-06-02,0.3931
2003-06-03,0.3985
2003-06-04,0.4303
2003-06-05,0.3717
2003-06-06,0.3397
2003-06-07,0.32
2003-06-08,0.3137
2003-06-09,0.3431
2003-06-10,0.3542
2003-06-11,0.3567
2003-06-12,0.3852
2003-06-13,0.43
2003-06-14,0.4652
2003-06-15,0.4443
2003-06-16,0.4474
2003-06-17,0.4473
2003-06-18,0.3914
2003-06-19,0.3541
2003-06-20,0.3158
2003-06-21,0.3088
2003-06-22,0.2602
2003-06-23,0.2044
2003-06-24,0.1314
2003-06-25,0.1093
2003-06-26,0.1226
2003-06-27,0.1396
2003-06-28,0.1516
2003-06-29,0.1198
2003-06-30,0.079
2003-07-01,0.0582
2003-07-02,0.0194
2003-07-03,0.0497
2003-07-04,0.0729
2003-07-05,0.1063
2003-07-06,0.1544
2003-07-07,0.168
2003-07-08,0.1631
2003-07-09,0.1283
2003-07-10,0.1026
2003-07-11,0.1363
2003-07-12,0.1935
2003-07-13,0.2232
2003-07-14,0.2161
2003-07-15,0.2001
2003-07-16,0.1838
2003-07-17,0.1948
2003-07-18,0.2499
2003-07-19,0.2924
2003-07-20,0.2988
2003-07-21,0.2694
2003-07-22,0.2247
2003-07-23,0.1417
2003-07-24,0.0819
2003-07-25,0.0435
2003-07-26,0.0788
2003-07-27,0.0936
2003-07-28,0.06
2003-07-29,0.0292
2003-07-30,-0.0007
2003-07-31,-0.011
2003-08-01,-0.0186
2003-08-02,-0.0394
2003-08-03,-0.0758
2003-08-04,-0.093
2003-08-05,-0.0805
2003-08-06,-0.0945
2003-08-07,-0.1423
2003-08-08,-0.1702
2003-08-09,-0.1856
2003-08-10,-0.1589
2003-08-11,-0.1606
2003-08-12,-0.1292
2003-08-13,-0.0672
2003-08-14,-0.0109
2003-08-15,0.0465
2003-08-16,0.1129
2003-08-17,0.1266
2003-08-18,0.1482
2003-08-19,0.1379
2003-08-20,0.1347
2003-08-21,0.0823
2003-08-22,0.0407
2003-08-23,-0.0028
2003-08-24,-0.0163
2003-08-25,-0.0058
2003-08-26,0.0025
2003-08-27,0.0488
2003-08-28,0.1016
2003-08-29,0.1238
2003-08-30,0.1319
2003-08-31,0.1496
2003-09-01,0.1568
2003-09-02,0.1801
2003-09-03,0.18
2003-09-04,0.1419
2003-09-05,0.1119
2003-09-06,0.1113
2003-09-07,0.1333
2003-09-08,0.1997
2003-09-09,0.2949
2003-09-10,0.328
2003-09-11,0.2925
2003-09-12,0.263
2003-09-13,0.2663
2003-09-14,0.2767
2003-09-15,0.2715
2003-09-16,0.242
2003-09-17,0.2131
2003-09-18,0.2466
2003-09-19,0.2621
2003-09-20,0.2727
2003-09-21,0.2671
2003-09-22,0.265
2003-09-23,0.2587
2003-09-24,0.228
2003-09-25,0.2412
2003-09-26,0.2485
2003-09-27,0.2406
2003-09-28,0.2505
2003-09-29,0.2283
2003-09-30,0.168
2003-10-01,0.1473
2003-10-02,0.1185
2003-10-03,0.1018
2003-10-04,0.1169
2003-10-05,0.1214
2003-10-06,0.1198
2003-10-07,0.0906
2003-10-08,0.0822
2003-10-09,0.087
2003-10-10,0.1237
2003-10-11,0.1558
2003-10-12,0.1798
2003-10-13,0.2042
2003-10-14,0.1971
2003-10-15,0.2053
2003-10-16,0.1852
2003-10-17,0.1474
2003-10-18,0.0739
2003-10-19,0.1068
2003-10-20,0.1459
2003-10-21,0.1739
2003-10-22,0.2113
2003-10-23,0.228
2003-10-24,0.2426
2003-10-25,0.2492
2003-10-26,0.2319
2003-10-27,0.2057
2003-10-28,0.1778
2003-10-29,0.2075
2003-10-30,0.241
2003-10-31,0.2319
2003-11-01,0.1494
2003-11-02,0.1501
2003-11-03,0.1196
2003-11-04,0.0665
2003-11-05,0.0078
2003-11-06,-0.0109
2003-11-07,-0.0235
2003-11-08,-0.0179
2003-11-09,-0.0201
2003-11-10,0.0081
2003-11-11,0.0191
2003-11-12,0.0648
2003-11-13,0.0451
2003-11-14,0.0259
2003-11-15,-0.0079
2003-11-16,-0.0369
2003-11-17,-0.0178
2003-11-18,0.004
2003-11-19,0.0407
2003-11-20,0.0347
2003-11-21,0.0279
2003-11-22,0.0555
2003-11-23,0.1171
2003-11-24,0.1517
2003-11-25,0.1789
2003-11-26,0.1367
2003-11-27,0.1252
2003-11-28,0.1902
2003-11-29,0.1979
2003-11-30,0.1937
2003-12-01,0.1894
2003-12-02,0.1574
2003-12-03,0.1051
2003-12-04,0.0566
2003-12-05,-0.0054
2003-12-06,-0.0613
2003-12-07,-0.0619
2003-12-08,-0.07
2003-12-09,-0.0388
2003-12-10,-0.0153
2003-12-11,-0.0633
2003-12-12,-0.1106
2003-12-13,-0.0979
2003-12-14,-0.1306
2003-12-15,-0.1477
2003-12-16,-0.1827
2003-12-17,-0.2236
2003-12-18,-0.1784
2003-12-19,-0.124
2003-12-20,-0.1041
2003-12-21,-0.089
2003-12-22,-0.0883
2003-12-23,-0.0931
2003-12-24,-0.0884
2003-12-25,-0.06
2003-12-26,-0.0346
2003-12-27,-0.0665
2003-12-28,-0.0752
2003-12-29,-0.0759
2003-12-30,-0.1051
2003-12-31,-0.1423
2004-01-01,-0.0974
2004-01-02,-0.0523
2004-01-03,0.0237
2004-01-04,0.069
2004-01-05,0.1556
2004-01-06,0.1826
2004-01-07,0.2009
2004-01-08,0.2088
2004-01-09,0.2221
2004-01-10,0.2453
2004-01-11,0.312
2004-01-12,0.3466
2004-01-13,0.3455
2004-01-14,0.368
2004-01-15,0.4216
2004-01-16,0.4206
2004-01-17,0.3892
2004-01-18,0.3705
2004-01-19,0.3428
2004-01-20,0.322
2004-01-21,0.2794
2004-01-22,0.2376
2004-01-23,0.2157
2004-01-24,0.2695
2004-01-25,0.306
2004-01-26,0.2836
2004-01-27,0.281
2004-01-28,0.24
2004-01-29,0.1883
2004-01-30,0.1538
2004-01-31,0.1104
2004-02-01,0.1223
2004-02-02,0.1278
2004-02-03,0.143
2004-02-04,0.1337
2004-02-05,0.1425
2004-02-06,0.1745
2004-02-07,0.2194
2004-02-08,0.222
2004-02-09,0.174
2004-02-10,0.1009
2004-02-11,0.0578
2004-02-12,0.0558
2004-02-13,0.1006
2004-02-14,0.1159
2004-02-15,0.174
2004-02-16,0.2434
2004-02-17,0.2167
2004-02-18,0.1884
2004-02-19,0.1833
2004-02-20,0.2021
2004-02-21,0.1452
2004-02-22,0.1498
2004-02-23,0.1532
2004-02-24,0.1424
2004-02-25,0.1126
2004-02-26,0.093
2004-02-27,0.1332
2004-02-28,0.1118
2004-02-29,0.1037
2004-03-01,0.13
2004-03-02,0.1429
2004-03-03,0.1333
2004-03-04,0.0779
2004-03-05,0.048
2004-03-06,0.0322
2004-03-07,-0.0161
2004-03-08,-0.1091
2004-03-09,-0.2112
2004-03-10,-0.251
2004-03-11,-0.1261
2004-03-12,0.0298
2004-03-13,0.151
2004-03-14,0.1697
2004-03-15,0.1668
2004-03-16,0.2148
2004-03-17,0.2126
2004-03-18,0.1688
2004-03-19,0.1051
2004-03-20,0.0716
2004-03-21,0.0704
2004-03-22,0.0367
2004-03-23,0.0233
2004-03-24,0.0215
2004-03-25,0.0584
2004-03-26,0.1148
2004-03-27,0.1212
2004-03-28,0.1473
2004-03-29,0.1573
2004-03-30,0.2056
2004-03-31,0.2084
2004-04-01,0.1718
2004-04-02,0.1682
2004-04-03,0.1729
2004-04-04,0.2768
2004-04-05,0.3215
2004-04-06,0.2866
2004-04-07,0.2883
2004-04-08,0.2898
2004-04-09,0.2863
2004-04-10,0.2556
2004-04-11,0.2492
2004-04-12,0.2421
2004-04-13,0.2312
2004-04-14,0.3066
2004-04-15,0.3259
2004-04-16,0.3031
2004-04-17,0.2544
2004-04-18,0.2004
2004-04-19,0.1997
2004-04-20,0.2808
2004-04-21,0.3792
2004-04-22,0.4626
2004-04-23,0.5058
2004-04-24,0.5032
2004-04-25,0.4515
2004-04-26,0.3738
2004-04-27,0.2674
2004-04-28,0.1877
2004-04-29,0.1405
2004-04-30,0.1007
2004-05-01,0.0971
2004-05-02,0.1048
2004-05-03,0.1001
2004-05-04,0.0858
2004-05-05,0.0369
2004-05-06,-0.0086
2004-05-07,-0.0244
2004-05-08,-0.0389
2004-05-09,-0.0946
2004-05-10,-0.1128
2004-05-11,-0.0709
2004-05-12,-0.0946
2004-05-13,-0.1111
2004-05-14,-0.1632
2004-05-15,-0.2229
2004-05-16,-0.2442
2004-05-17,-0.2306
2004-05-18,-0.2076
2004-05-19,-0.1871
2004-05-20,-0.2419
2004-05-21,-0.2916
2004-05-22,-0.2669
2004-05-23,-0.2407
2004-05-24,-0.2222
2004-05-25,-0.2
2004-05-26,-0.2053
2004-05-27,-0.1112
2004-05-28,-0.0501
2004-05-29,-0.0278
2004-05-30,-0.0509
2004-05-31,-0.0586
2004-06-01,-0.046
2004-06-02,-0.0676
2004-06-03,-0.1299
2004-06-04,-0.1691
2004-06-05,-0.1809
2004-06-06,-0.2303
2004-06-07,-0.2514
2004-06-08,-0.3235
2004-06-09,-0.3772
2004-06-10,-0.4352
2004-06-11,-0.4334
2004-06-12,-0.4244
2004-06-13,-0.424
2004-06-14,-0.3887
2004-06-15,-0.3752
2004-06-16,-0.354
2004-06-17,-0.3715
2004-06-18,-0.3601
2004-06-19,-0.2984
2004-06-20,-0.2513
2004-06-21,-0.1877
2004-06-22,-0.1639
2004-06-23,-0.1856
2004-06-24,-0.2322
2004-06-25,-0.2864
2004-06-26,-0.31
2004-06-27,-0.37
2004-06-28,-0.4394
2004-06-29,-0.454
2004-06-30,-0.4037
2004-07-01,-0.3901
2004-07-02,-0.4354
2004-07-03,-0.5059
2004-07-04,-0.5515
2004-07-05,-0.612
2004-07-06,-0.6391
2004-07-07,-0.6368
2004-07-08,-0.5937
2004-07-09,-0.5824
2004-07-10,-0.4715
2004-07-11,-0.3932
2004-07-12,-0.4012
2004-07-13,-0.3751
2004-07-14,-0.3036
2004-07-15,-0.2752
2004-07-16,-0.2293
2004-07-17,-0.2124
2004-07-18,-0.1884
2004-07-19,-0.1936
2004-07-20,-0.2264
2004-07-21,-0.2461
2004-07-22,-0.2721
2004-07-23,-0.2889
2004-07-24,-0.292
2004-07-25,-0.2963
2004-07-26,-0.2688
2004-07-27,-0.2621
2004-07-28,-0.2809
2004-07-29,-0.3086
2004-07-30,-0.3123
2004-07-31,-0.3023
2004-08-01,-0.2619
2004-08-02,-0.2287
2004-08-03,-0.25
2004-08-04,-0.2708
2004-08-05,-0.2506
2004-08-06,-0.1981
2004-08-07,-0.1693
2004-08-08,-0.1209
2004-08-09,-0.079
2004-08-10,-0.0208
2004-08-11,0.019
2004-08-12,-0.0007
2004-08-13,-0.0312
2004-08-14,-0.0287
2004-08-15,-0.0147
2004-08-16,-0.0416
2004-08-17,-0.0774
2004-08-18,-0.1441
2004-08-19,-0.1953
2004-08-20,-0.2056
2004-08-21,-0.2437
2004-08-22,-0.2546
2004-08-23,-0.2358
2004-08-24,-0.1874
2004-08-25,-0.1458
2004-08-26,-0.1027
2004-08-27,-0.0721
2004-08-28,-0.0534
2004-08-29,-0.0586
2004-08-30,-0.0699
2004-08-31,-0.0608
2004-09-01,-0.0757
2004-09-02,-0.1101
2004-09-03,-0.1327
2004-09-04,-0.1567
2004-09-05,-0.1943
2004-09-06,-0.1981
2004-09-07,-0.1529
2004-09-08,-0.0763
2004-09-09,-0.0059
2004-09-10,0.0181
2004-09-11,0.0544
2004-09-12,0.0835
2004-09-13,0.0181
2004-09-14,0.0087
2004-09-15,0.0305
2004-09-16,0.0385
2004-09-17,-0.0036
2004-09-18,-0.0323
2004-09-19,-0.0161
2004-09-20,-0.006
2004-09-21,-0.0371
2004-09-22,-0.0863
2004-09-23,-0.1371
2004-09-24,-0.1316
2004-09-25,-0.15
2004-09-26,-0.151
2004-09-27,-0.161
2004-09-28,-0.1142
2004-09-29,-0.0757
2004-09-30,-0.0087
2004-10-01,0.0556
2004-10-02,0.0795
2004-10-03,0.0724
2004-10-04,0.0228
2004-10-05,-0.0107
2004-10-06,-0.0329
2004-10-07,-0.0926
2004-10-08,-0.0856
2004-10-09,-0.0424
2004-10-10,-0.0099
2004-10-11,0.0262
2004-10-12,0.0407
2004-10-13,0.0396
2004-10-14,0.024
2004-10-15,0.0096
2004-10-16,0.0446
2004-10-17,0.0703
2004-10-18,0.0376
2004-10-19,-0.0046
2004-10-20,-0.0891
2004-10-21,-0.0945
2004-10-22,-0.0808
2004-10-23,-0.0518
2004-10-24,-0.0225
2004-10-25,-0.0297
2004-10-26,-0.0429
2004-10-27,-0.0502
2004-10-28,-0.057
2004-10-29,-0.0751
2004-10-30,-0.0648
2004-10-31,-0.0253
2004-11-01,-0.009
2004-11-02,0.0034
2004-11-03,-0.0005
2004-11-04,-0.0024
2004-11-05,-0.0217
2004-11-06,-0.0491
2004-11-07,0.0098
2004-11-08,-0.0109
2004-11-09,-0.0539
2004-11-10,-0.0553
2004-11-11,-0.059
2004-11-12,-0.0189
2004-11-13,-0.0056
2004-11-14,0.0181
2004-11-15,0.0134
2004-11-16,-0.0161
2004-11-17,-0.0509
2004-11-18,-0.0532
2004-11-19,-0.0348
2004-11-20,-0.0494
2004-11-21,-0.0107
2004-11-22,0.0552
2004-11-23,0.0518
2004-11-24,-0.0027
2004-11-25,-0.0202
2004-11-26,-0.0386
2004-11-27,-0.0513
2004-11-28,-0.0466
2004-11-29,-0.0384
2004-11-30,-0.0612
2004-12-01,-0.0147
2004-12-02,0.0631
2004-12-03,0.1262
2004-12-04,0.1807
2004-12-05,0.2078
2004-12-06,0.1827
2004-12-07,0.12
2004-12-08,0.0309
2004-12-09,-0.0372
2004-12-10,-0.0741
2004-12-11,-0.0515
2004-12-12,-0.0497
2004-12-13,-0.0441
2004-12-14,-0.0388
2004-12-15,-0.0238
2004-12-16,0.0335
2004-12-17,0.1273
2004-12-18,0.1419
2004-12-19,0.1584
2004-12-20,0.163
2004-12-21,0.1587
2004-12-22,0.1699
2004-12-23,0.1797
2004-12-24,0.2142
2004-12-25,0.1967
2004-12-26,0.2135
2004-12-27,0.2388
2004-12-28,0.2366
2004-12-29,0.1647
2004-12-30,0.0553
2004-12-31,-0.066
2005-01-01,-0.0644
2005-01-02,-0.0382
2005-01-03,-0.0084
2005-01-04,0.0139
2005-01-05,0.0256
2005-01-06,0.04
2005-01-07,0.079
2005-01-08,0.0868
2005-01-09,0.0748
2005-01-10,0.1084
2005-01-11,0.1758
2005-01-12,0.2271
2005-01-13,0.2638
2005-01-14,0.2324
2005-01-15,0.2241
2005-01-16,0.2232
2005-01-17,0.202
2005-01-18,0.1318
2005-01-19,0.0498
2005-01-20,0.0074
2005-01-21,-0.0066
2005-01-22,-0.0273
2005-01-23,0.036
2005-01-24,0.0661
2005-01-25,0.0893
2005-01-26,0.1838
2005-01-27,0.1857
2005-01-28,0.1277
2005-01-29,0.0916
2005-01-30,0.0805
2005-01-31,0.0743
2005-02-01,0.0769
2005-02-02,0.0814
2005-02-03,0.066
2005-02-04,0.1154
2005-02-05,0.171
2005-02-06,0.2385
2005-02-07,0.323
2005-02-08,0.3501
2005-02-09,0.3718
2005-02-10,0.3916
2005-02-11,0.3942
2005-02-12,0.3884
2005-02-13,0.3875
2005-02-14,0.3927
2005-02-15,0.3604
2005-02-16,0.2464
2005-02-17,0.2083
2005-02-18,0.2519
2005-02-19,0.2981
2005-02-20,0.3818
2005-02-21,0.4279
2005-02-22,0.4924
2005-02-23,0.4777
2005-02-24,0.4379
2005-02-25,0.4273
2005-02-26,0.4775
2005-02-27,0.4677
2005-02-28,0.424
2005-03-01,0.356
2005-03-02,0.3695
2005-03-03,0.4305
2005-03-04,0.4976
2005-03-05,0.5479
2005-03-06,0.6091
2005-03-07,0.6132
2005-03-08,0.6274
2005-03-09,0.6391
2005-03-10,0.6243
2005-03-11,0.591
2005-03-12,0.573
2005-03-13,0.5433
2005-03-14,0.5053
2005-03-15,0.4602
2005-03-16,0.4029
2005-03-17,0.3858
2005-03-18,0.3671
2005-03-19,0.3969
2005-03-20,0.4723
2005-03-21,0.5377
2005-03-22,0.6084
2005-03-23,0.6359
2005-03-24,0.632
2005-03-25,0.6405
2005-03-26,0.6348
2005-03-27,0.5474
2005-03-28,0.4701
2005-03-29,0.4146
2005-03-30,0.333
2005-03-31,0.287
2005-04-01,0.1795
2005-04-02,0.1162
2005-04-03,0.0942
2005-04-04,0.0033
2005-04-05,-0.0109
2005-04-06,0.0486
2005-04-07,0.0816
2005-04-08,0.1272
2005-04-09,0.1609
2005-04-10,0.1994
2005-04-11,0.2481
2005-04-12,0.2741
2005-04-13,0.3258
2005-04-14,0.353
2005-04-15,0.3855
2005-04-16,0.3987
2005-04-17,0.4276
2005-04-18,0.4474
2005-04-19,0.4529
2005-04-20,0.4619
2005-04-21,0.4916
2005-04-22,0.5775
2005-04-23,0.6196
2005-04-24,0.6812
2005-04-25,0.709
2005-04-26,0.719
2005-04-27,0.8323
2005-04-28,0.888
2005-04-29,0.8483
2005-04-30,0.7777
2005-05-01,0.7105
2005-05-02,0.5665
2005-05-03,0.4458
2005-05-04,0.3917
2005-05-05,0.3623
2005-05-06,0.344
2005-05-07,0.3233
2005-05-08,0.3049
2005-05-09,0.2478
2005-05-10,0.2714
2005-05-11,0.3206
2005-05-12,0.3728
2005-05-13,0.3933
2005-05-14,0.4662
2005-05-15,0.4486
2005-05-16,0.3838
2005-05-17,0.3994
2005-05-18,0.4269
2005-05-19,0.5018
2005-05-20,0.57
2005-05-21,0.6411
2005-05-22,0.6404
2005-05-23,0.6504
2005-05-24,0.745
2005-05-25,0.8116
2005-05-26,0.8331
2005-05-27,0.8336
2005-05-28,0.8438
2005-05-29,0.7896
2005-05-30,0.7104
2005-05-31,0.636
2005-06-01,0.5948
2005-06-02,0.5766
2005-06-03,0.5127
2005-06-04,0.4484
2005-06-05,0.3669
2005-06-06,0.3113
2005-06-07,0.3004
2005-06-08,0.2587
2005-06-09,0.2529
2005-06-10,0.2644
2005-06-11,0.2777
2005-06-12,0.263
2005-06-13,0.2746
2005-06-14,0.2882
2005-06-15,0.2849
2005-06-16,0.3357
2005-06-17,0.3077
2005-06-18,0.2764
2005-06-19,0.2409
2005-06-20,0.1646
2005-06-21,0.1404
2005-06-22,0.1835
2005-06-23,0.2137
2005-06-24,0.2435
2005-06-25,0.2502
2005-06-26,0.1953
2005-06-27,0.1622
2005-06-28,0.1733
2005-06-29,0.1597
2005-06-30,0.1569
2005-07-01,0.1248
2005-07-02,0.143
2005-07-03,0.1473
2005-07-04,0.1402
2005-07-05,0.1232
2005-07-06,0.1073
2005-07-07,0.0875
2005-07-08,0.0734
2005-07-09,0.0178
2005-07-10,0.0121
2005-07-11,-0.0296
2005-07-12,-0.0611
2005-07-13,-0.0883
2005-07-14,-0.1627
2005-07-15,-0.2329
2005-07-16,-0.2479
2005-07-17,-0.2005
2005-07-18,-0.1876
2005-07-19,-0.1873
2005-07-20,-0.1499
2005-07-21,-0.0719
2005-07-22,-0.0535
2005-07-23,-0.0998
2005-07-24,-0.1558
2005-07-25,-0.1659
2005-07-26,-0.1715
2005-07-27,-0.1883
2005-07-28,-0.1971
2005-07-29,-0.2087
2005-07-30,-0.1615
2005-07-31,-0.1291
2005-08-01,-0.1176
2005-08-02,-0.093
2005-08-03,-0.0595
2005-08-04,-0.0454
2005-08-05,-0.0054
2005-08-06,0.0512
2005-08-07,0.05
2005-08-08,0.0233
2005-08-09,-0.0319
2005-08-10,-0.0823
2005-08-11,-0.1039
2005-08-12,-0.0707
2005-08-13,-0.0414
2005-08-14,-0.0032
2005-08-15,0.0754
2005-08-16,0.1356
2005-08-17,0.1445
2005-08-18,0.1279
2005-08-19,0.0891
2005-08-20,0.1235
2005-08-21,0.1595
2005-08-22,0.2295
2005-08-23,0.2184
2005-08-24,0.2361
2005-08-25,0.2458
2005-08-26,0.2729
2005-08-27,0.3033
2005-08-28,0.314
2005-08-29,0.3193
2005-08-30,0.334
2005-08-31,0.3215
2005-09-01,0.2787
2005-09-02,0.2025
2005-09-03,0.1226
2005-09-04,0.0694
2005-09-05,0.0338
2005-09-06,0.0158
2005-09-07,-0.0164
2005-09-08,-0.0328
2005-09-09,-0.0654
2005-09-10,-0.0769
2005-09-11,-0.0752
2005-09-12,-0.053
2005-09-13,-0.0099
2005-09-14,0.0318
2005-09-15,0.1047
2005-09-16,0.117
2005-09-17,0.1351
2005-09-18,0.127
2005-09-19,0.1397
2005-09-20,0.1554
2005-09-21,0.1632
2005-09-22,0.1295
2005-09-23,0.1212
2005-09-24,0.157
2005-09-25,0.1653
2005-09-26,0.1756
2005-09-27,0.1449
2005-09-28,0.1077
2005-09-29,0.0642
2005-09-30,0.0402
2005-10-01,0.094
2005-10-02,0.1608
2005-10-03,0.1549
2005-10-04,0.1208
2005-10-05,0.11
2005-10-06,0.1196
2005-10-07,0.1081
2005-10-08,0.0764
2005-10-09,0.0708
2005-10-10,0.0811
2005-10-11,0.073
2005-10-12,0.0716
2005-10-13,0.0643
2005-10-14,0.0612
2005-10-15,0.1081
2005-10-16,0.0888
2005-10-17,0.0969
2005-10-18,0.0668
2005-10-19,0.0781
2005-10-20,0.0918
2005-10-21,0.0999
2005-10-22,0.1072
2005-10-23,0.1441
2005-10-24,0.1405
2005-10-25,0.1361
2005-10-26,0.1236
2005-10-27,0.1053
2005-10-28,0.1029
2005-10-29,0.088
2005-10-30,0.1144
2005-10-31,0.0772
2005-11-01,0.0353
2005-11-02,-0.002
2005-11-03,-0.0233
2005-11-04,-0.0662
2005-11-05,-0.0391
2005-11-06,-0.0359
2005-11-07,-0.0536
2005-11-08,-0.0558
2005-11-09,-0.0532
2005-11-10,0.0112
2005-11-11,0.0557
2005-11-12,0.1098
2005-11-13,0.0967
2005-11-14,0.0616
2005-11-15,0.0344
2005-11-16,0.0215
2005-11-17,0.0378
2005-11-18,0.0428
2005-11-19,0.0536
2005-11-20,0.0629
2005-11-21,0.0668
2005-11-22,0.0877
2005-11-23,0.0906
2005-11-24,0.0604
2005-11-25,0.0456
2005-11-26,0.0383
2005-11-27,0.0344
2005-11-28,0.0373
2005-11-29,0.0137
2005-11-30,-0.0482
2005-12-01,-0.0782
2005-12-02,-0.0982
2005-12-03,-0.0945
2005-12-04,-0.0866
2005-12-05,-0.0796
2005-12-06,-0.1001
2005-12-07,-0.0935
2005-12-08,-0.0611
2005-12-09,-0.0154
2005-12-10,0.0145
2005-12-11,0.035
2005-12-12,0.0399
2005-12-13,0.0114
2005-12-14,-0.0243
2005-12-15,-0.0259
2005-12-16,-0.0149
2005-12-17,-0.0193
2005-12-18,-0.0403
2005-12-19,-0.0754
2005-12-20,-0.0859
2005-12-21,-0.1224
2005-12-22,-0.1582
2005-12-23,-0.1716
2005-12-24,-0.1752
2005-12-25,-0.1849
2005-12-26,-0.1419
2005-12-27,-0.0887
2005-12-28,-0.0683
2005-12-29,-0.0059
2005-12-30,0.0069
2005-12-31,-0.0109
2006-01-01,-0.0398
2006-01-02,-0.0752
2006-01-03,-0.132
2006-01-04,-0.2028
2006-01-05,-0.2653
2006-01-06,-0.3204
2006-01-07,-0.321
2006-01-08,-0.283
2006-01-09,-0.2493
2006-01-10,-0.239
2006-01-11,-0.2551
2006-01-12,-0.2201
2006-01-13,-0.1882
2006-01-14,-0.1629
2006-01-15,-0.0919
2006-01-16,1e-04
2006-01-17,0.0426
2006-01-18,0.0489
2006-01-19,0.0666
2006-01-20,0.0606
2006-01-21,0.0206
2006-01-22,-0.0225
2006-01-23,-0.0466
2006-01-24,-0.0685
2006-01-25,-0.0971
2006-01-26,-0.1367
2006-01-27,-0.1372
2006-01-28,-0.0948
2006-01-29,-0.0657
2006-01-30,-0.071
2006-01-31,-0.0682
2006-02-01,-0.0576
2006-02-02,-0.046
2006-02-03,-0.0434
2006-02-04,-0.0205
2006-02-05,0.0272
2006-02-06,0.0823
2006-02-07,0.1199
2006-02-08,0.107
2006-02-09,0.0645
2006-02-10,0.0161
2006-02-11,-0.0505
2006-02-12,-0.0305
2006-02-13,0.0282
2006-02-14,0.0722
2006-02-15,0.0532
2006-02-16,0.1025
2006-02-17,0.1319
2006-02-18,0.0967
2006-02-19,0.0305
2006-02-20,0.0286
2006-02-21,0.0344
2006-02-22,0.0234
2006-02-23,-0.018
2006-02-24,-0.0185
2006-02-25,-0.0408
2006-02-26,-0.1026
2006-02-27,-0.1133
2006-02-28,-0.1179
2006-03-01,-0.1049
2006-03-02,-0.0551
2006-03-03,0.0632
2006-03-04,0.1485
2006-03-05,0.1501
2006-03-06,0.1469
2006-03-07,0.1393
2006-03-08,0.1693
2006-03-09,0.2346
2006-03-10,0.2199
2006-03-11,0.1442
2006-03-12,0.0798
2006-03-13,0.0077
2006-03-14,-0.0582
2006-03-15,-0.1156
2006-03-16,-0.1441
2006-03-17,-0.1727
2006-03-18,-0.1552
2006-03-19,-0.1488
2006-03-20,-0.0996
2006-03-21,-0.0422
2006-03-22,-0.0178
2006-03-23,0.0026
2006-03-24,-0.0132
2006-03-25,-0.0222
2006-03-26,0.0569
2006-03-27,0.0819
2006-03-28,0.0791
2006-03-29,0.044
2006-03-30,-0.0018
2006-03-31,0.0044
2006-04-01,0.0218
2006-04-02,0.0572
2006-04-03,0.0392
2006-04-04,-0.0155
2006-04-05,-0.0652
2006-04-06,-0.0811
2006-04-07,-0.0746
2006-04-08,-0.0492
2006-04-09,-0.0315
2006-04-10,-0.0391
2006-04-11,-0.0384
2006-04-12,-0.0345
2006-04-13,-0.0757
2006-04-14,-0.0892
2006-04-15,-0.0557
2006-04-16,-0.0453
2006-04-17,-0.1082
2006-04-18,-0.1074
2006-04-19,-0.0844
2006-04-20,-0.101
2006-04-21,-0.0564
2006-04-22,-0.0563
2006-04-23,-0.1242
2006-04-24,-0.15
2006-04-25,-0.2027
2006-04-26,-0.2185
2006-04-27,-0.1729
2006-04-28,-0.1779
2006-04-29,-0.1904
2006-04-30,-0.1796
2006-05-01,-0.1454
2006-05-02,-0.1411
2006-05-03,-0.0927
2006-05-04,-0.0518
2006-05-05,0.032
2006-05-06,0.1188
2006-05-07,0.1874
2006-05-08,0.2995
2006-05-09,0.355
2006-05-10,0.3664
2006-05-11,0.3469
2006-05-12,0.3783
2006-05-13,0.3669
2006-05-14,0.3398
2006-05-15,0.2636
2006-05-16,0.1815
2006-05-17,0.1526
2006-05-18,0.1046
2006-05-19,0.0747
2006-05-20,0.103
2006-05-21,0.1589
2006-05-22,0.1642
2006-05-23,0.1418
2006-05-24,0.1117
2006-05-25,0.0705
2006-05-26,-0.0176
2006-05-27,-0.0715
2006-05-28,-0.0857
2006-05-29,-0.1074
2006-05-30,-0.1364
2006-05-31,-0.2162
2006-06-01,-0.1732
2006-06-02,-0.1274
2006-06-03,-0.1255
2006-06-04,-0.0827
2006-06-05,-0.0211
2006-06-06,0.056
2006-06-07,0.0899
2006-06-08,0.1208
2006-06-09,0.1959
2006-06-10,0.2827
2006-06-11,0.3207
2006-06-12,0.3118
2006-06-13,0.2962
2006-06-14,0.296
2006-06-15,0.3407
2006-06-16,0.3724
2006-06-17,0.3961
2006-06-18,0.3869
2006-06-19,0.359
2006-06-20,0.3195
2006-06-21,0.315
2006-06-22,0.3278
2006-06-23,0.3002
2006-06-24,0.2339
2006-06-25,0.1724
2006-06-26,0.0843
2006-06-27,0.0064
2006-06-28,-0.006
2006-06-29,-0.0259
2006-06-30,-0.0534
2006-07-01,-0.0177
2006-07-02,0.0142
2006-07-03,-0.0293
2006-07-04,-0.052
2006-07-05,-0.0855
2006-07-06,-0.0697
2006-07-07,-0.0401
2006-07-08,-0.0357
2006-07-09,-0.0776
2006-07-10,-0.118
2006-07-11,-0.1506
2006-07-12,-0.1525
2006-07-13,-0.1046
2006-07-14,-0.0525
2006-07-15,-0.0371
2006-07-16,-0.0183
2006-07-17,-0.0391
2006-07-18,-0.1069
2006-07-19,-0.1472
2006-07-20,-0.1114
2006-07-21,-0.0365
2006-07-22,0.002
2006-07-23,0.024
2006-07-24,0.0287
2006-07-25,0.0397
2006-07-26,0.0349
2006-07-27,0.0296
2006-07-28,0.0259
2006-07-29,0.0299
2006-07-30,-0.0024
2006-07-31,0.0034
2006-08-01,-0.0274
2006-08-02,-0.0453
2006-08-03,-0.0905
2006-08-04,-0.0915
2006-08-05,-0.053
2006-08-06,-0.0163
2006-08-07,0.0502
2006-08-08,0.0854
2006-08-09,0.1208
2006-08-10,0.124
2006-08-11,0.1269
2006-08-12,0.1046
2006-08-13,0.0664
2006-08-14,0.034
2006-08-15,0.0288
2006-08-16,0.0473
2006-08-17,0.0422
2006-08-18,-0.0058
2006-08-19,-0.0631
2006-08-20,-0.0338
2006-08-21,0.0795
2006-08-22,0.1241
2006-08-23,0.1768
2006-08-24,0.2474
2006-08-25,0.3086
2006-08-26,0.3735
2006-08-27,0.3793
2006-08-28,0.3801
2006-08-29,0.3373
2006-08-30,0.2923
2006-08-31,0.2606
2006-09-01,0.1936
2006-09-02,0.1634
2006-09-03,0.1037
2006-09-04,0.0859
2006-09-05,0.0809
2006-09-06,0.0571
2006-09-07,0.0845
2006-09-08,0.0992
2006-09-09,0.0859
2006-09-10,0.0526
2006-09-11,0.0155
2006-09-12,0.0007
2006-09-13,-0.033
2006-09-14,-0.0786
2006-09-15,-0.1094
2006-09-16,-0.1074
2006-09-17,-0.1007
2006-09-18,-0.0825
2006-09-19,-0.0426
2006-09-20,0.022
2006-09-21,0.0594
2006-09-22,0.093
2006-09-23,0.073
2006-09-24,0.0687
2006-09-25,0.0924
2006-09-26,0.1192
2006-09-27,0.1319
2006-09-28,0.1195
2006-09-29,0.114
2006-09-30,0.0942
2006-10-01,0.1169
2006-10-02,0.1517
2006-10-03,0.1467
2006-10-04,0.1102
2006-10-05,0.0799
2006-10-06,0.076
2006-10-07,0.082
2006-10-08,0.0997
2006-10-09,0.1224
2006-10-10,0.1578
2006-10-11,0.1619
2006-10-12,0.1574
2006-10-13,0.1043
2006-10-14,0.1547
2006-10-15,0.2196
2006-10-16,0.1948
2006-10-17,0.1355
2006-10-18,0.1301
2006-10-19,0.1725
2006-10-20,0.2304
2006-10-21,0.2738
2006-10-22,0.2751
2006-10-23,0.2595
2006-10-24,0.252
2006-10-25,0.2266
2006-10-26,0.2278
2006-10-27,0.2308
2006-10-28,0.2155
2006-10-29,0.2042
2006-10-30,0.2493
2006-10-31,0.2742
2006-11-01,0.2434
2006-11-02,0.2191
2006-11-03,0.2371
2006-11-04,0.2511
2006-11-05,0.2863
2006-11-06,0.3259
2006-11-07,0.3539
2006-11-08,0.4124
2006-11-09,0.4073
2006-11-10,0.3692
2006-11-11,0.3449
2006-11-12,0.4008
2006-11-13,0.3923
2006-11-14,0.3561
2006-11-15,0.3076
2006-11-16,0.274
2006-11-17,0.2809
2006-11-18,0.301
2006-11-19,0.3125
2006-11-20,0.3255
2006-11-21,0.3024
2006-11-22,0.2858
2006-11-23,0.2902
2006-11-24,0.3039
2006-11-25,0.3025
2006-11-26,0.3028
2006-11-27,0.3268
2006-11-28,0.3556
2006-11-29,0.3831
2006-11-30,0.349
2006-12-01,0.2839
2006-12-02,0.2418
2006-12-03,0.2537
2006-12-04,0.3235
2006-12-05,0.3451
2006-12-06,0.417
2006-12-07,0.4017
2006-12-08,0.3892
2006-12-09,0.3739
2006-12-10,0.3238
2006-12-11,0.3262
2006-12-12,0.2729
2006-12-13,0.2385
2006-12-14,0.2124
2006-12-15,0.1531
2006-12-16,0.2234
2006-12-17,0.2424
2006-12-18,0.2485
2006-12-19,0.2263
2006-12-20,0.1925
2006-12-21,0.2049
2006-12-22,0.2381
2006-12-23,0.2758
2006-12-24,0.3318
2006-12-25,0.3802
2006-12-26,0.3926
2006-12-27,0.3516
2006-12-28,0.3592
2006-12-29,0.3325
2006-12-30,0.3308
2006-12-31,0.3318
2007-01-01,0.2179
2007-01-02,0.1867
2007-01-03,0.1504
2007-01-04,0.1111
2007-01-05,0.085
2007-01-06,0.0769
2007-01-07,0.0904
2007-01-08,0.1229
2007-01-09,0.1572
2007-01-10,0.2156
2007-01-11,0.2565
2007-01-12,0.2834
2007-01-13,0.3208
2007-01-14,0.351
2007-01-15,0.3738
2007-01-16,0.3578
2007-01-17,0.35
2007-01-18,0.3317
2007-01-19,0.3162
2007-01-20,0.3223
2007-01-21,0.3295
2007-01-22,0.3528
2007-01-23,0.358
2007-01-24,0.3717
2007-01-25,0.3787
2007-01-26,0.391
2007-01-27,0.3995
2007-01-28,0.3887
2007-01-29,0.416
2007-01-30,0.4409
2007-01-31,0.4638
2007-02-01,0.456
2007-02-02,0.4557
2007-02-03,0.4509
2007-02-04,0.447
2007-02-05,0.4276
2007-02-06,0.3882
2007-02-07,0.3622
2007-02-08,0.3759
2007-02-09,0.3947
2007-02-10,0.3837
2007-02-11,0.4284
2007-02-12,0.4608
2007-02-13,0.4744
2007-02-14,0.5139
2007-02-15,0.5293
2007-02-16,0.4775
2007-02-17,0.4186
2007-02-18,0.3827
2007-02-19,0.3659
2007-02-20,0.3357
2007-02-21,0.2932
2007-02-22,0.258
2007-02-23,0.272
2007-02-24,0.2425
2007-02-25,0.2395
2007-02-26,0.2396
2007-02-27,0.2657
2007-02-28,0.2553
2007-03-01,0.243
2007-03-02,0.1941
2007-03-03,0.1522
2007-03-04,0.1465
2007-03-05,0.1373
2007-03-06,0.1018
2007-03-07,0.0607
2007-03-08,0.0211
2007-03-09,-0.0008
2007-03-10,0.0168
2007-03-11,0.0799
2007-03-12,0.1521
2007-03-13,0.1793
2007-03-14,0.2118
2007-03-15,0.215
2007-03-16,0.185
2007-03-17,0.1638
2007-03-18,0.1591
2007-03-19,0.1918
2007-03-20,0.2184
2007-03-21,0.2468
2007-03-22,0.3001
2007-03-23,0.3614
2007-03-24,0.3707
2007-03-25,0.3488
2007-03-26,0.3511
2007-03-27,0.375
2007-03-28,0.3566
2007-03-29,0.3075
2007-03-30,0.2802
2007-03-31,0.2626
2007-04-01,0.2576
2007-04-02,0.2408
2007-04-03,0.242
2007-04-04,0.2348
2007-04-05,0.2027
2007-04-06,0.198
2007-04-07,0.1947
2007-04-08,0.2096
2007-04-09,0.2107
2007-04-10,0.1906
2007-04-11,0.1622
2007-04-12,0.1402
2007-04-13,0.1433
2007-04-14,0.123
2007-04-15,0.0811
2007-04-16,0.083
2007-04-17,0.1356
2007-04-18,0.1587
2007-04-19,0.2236
2007-04-20,0.292
2007-04-21,0.3695
2007-04-22,0.3968
2007-04-23,0.407
2007-04-24,0.3919
2007-04-25,0.4057
2007-04-26,0.4222
2007-04-27,0.4135
2007-04-28,0.3988
2007-04-29,0.3954
2007-04-30,0.4074
2007-05-01,0.4255
2007-05-02,0.4222
2007-05-03,0.4216
2007-05-04,0.4071
2007-05-05,0.3957
2007-05-06,0.3835
2007-05-07,0.3631
2007-05-08,0.3248
2007-05-09,0.309
2007-05-10,0.2977
2007-05-11,0.2701
2007-05-12,0.241
2007-05-13,0.2078
2007-05-14,0.1481
2007-05-15,0.1118
2007-05-16,0.1104
2007-05-17,0.1601
2007-05-18,0.2036
2007-05-19,0.2648
2007-05-20,0.2772
2007-05-21,0.276
2007-05-22,0.3236
2007-05-23,0.3972
2007-05-24,0.4352
2007-05-25,0.4617
2007-05-26,0.5017
2007-05-27,0.4963
2007-05-28,0.4965
2007-05-29,0.5134
2007-05-30,0.5395
2007-05-31,0.5405
2007-06-01,0.5504
2007-06-02,0.5434
2007-06-03,0.537
2007-06-04,0.5298
2007-06-05,0.4896
2007-06-06,0.4968
2007-06-07,0.5163
2007-06-08,0.5252
2007-06-09,0.5563
2007-06-10,0.5794
2007-06-11,0.6059
2007-06-12,0.6407
2007-06-13,0.6735
2007-06-14,0.6871
2007-06-15,0.6815
2007-06-16,0.634
2007-06-17,0.6035
2007-06-18,0.5335
2007-06-19,0.4838
2007-06-20,0.4129
2007-06-21,0.3994
2007-06-22,0.4129
2007-06-23,0.3761
2007-06-24,0.362
2007-06-25,0.373
2007-06-26,0.3505
2007-06-27,0.3088
2007-06-28,0.2922
2007-06-29,0.289
2007-06-30,0.2673
2007-07-01,0.2173
2007-07-02,0.1496
2007-07-03,0.1184
2007-07-04,0.0835
2007-07-05,0.0742
2007-07-06,0.0789
2007-07-07,0.1213
2007-07-08,0.1454
2007-07-09,0.141
2007-07-10,0.1578
2007-07-11,0.1484
2007-07-12,0.143
2007-07-13,0.1324
2007-07-14,0.0742
2007-07-15,0.0086
2007-07-16,-0.0216
2007-07-17,-0.0249
2007-07-18,-0.0166
2007-07-19,-0.0089
2007-07-20,-0.022
2007-07-21,-0.0176
2007-07-22,-0.0116
2007-07-23,-0.0359
2007-07-24,0.007
2007-07-25,0.047
2007-07-26,0.1111
2007-07-27,0.1471
2007-07-28,0.1603
2007-07-29,0.1946
2007-07-30,0.2024
2007-07-31,0.1939
2007-08-01,0.2006
2007-08-02,0.2231
2007-08-03,0.2406
2007-08-04,0.1996
2007-08-05,0.1515
2007-08-06,0.122
2007-08-07,0.1301
2007-08-08,0.1602
2007-08-09,0.1576
2007-08-10,0.1149
2007-08-11,0.078
2007-08-12,0.1028
2007-08-13,0.1674
2007-08-14,0.2284
2007-08-15,0.2894
2007-08-16,0.2963
2007-08-17,0.3032
2007-08-18,0.2812
2007-08-19,0.2653
2007-08-20,0.2813
2007-08-21,0.2716
2007-08-22,0.2748
2007-08-23,0.2941
2007-08-24,0.3136
2007-08-25,0.3241
2007-08-26,0.3112
2007-08-27,0.2793
2007-08-28,0.3081
2007-08-29,0.3004
2007-08-30,0.2803
2007-08-31,0.2783
2007-09-01,0.3011
2007-09-02,0.3483
2007-09-03,0.3026
2007-09-04,0.2845
2007-09-05,0.2845
2007-09-06,0.2681
2007-09-07,0.2407
2007-09-08,0.2481
2007-09-09,0.272
2007-09-10,0.2933
2007-09-11,0.2934
2007-09-12,0.3144
2007-09-13,0.3244
2007-09-14,0.333
2007-09-15,0.3491
2007-09-16,0.3595
2007-09-17,0.3167
2007-09-18,0.2621
2007-09-19,0.2175
2007-09-20,0.2013
2007-09-21,0.197
2007-09-22,0.1878
2007-09-23,0.1931
2007-09-24,0.2089
2007-09-25,0.2314
2007-09-26,0.2428
2007-09-27,0.2167
2007-09-28,0.1632
2007-09-29,0.1161
2007-09-30,0.1035
2007-10-01,0.1144
2007-10-02,0.1303
2007-10-03,0.1249
2007-10-04,0.1357
2007-10-05,0.1302
2007-10-06,0.1144
2007-10-07,0.1009
2007-10-08,0.145
2007-10-09,0.1666
2007-10-10,0.1791
2007-10-11,0.1986
2007-10-12,0.2527
2007-10-13,0.2952
2007-10-14,0.3285
2007-10-15,0.3505
2007-10-16,0.3519
2007-10-17,0.3165
2007-10-18,0.287
2007-10-19,0.3036
2007-10-20,0.3025
2007-10-21,0.3153
2007-10-22,0.3091
2007-10-23,0.294
2007-10-24,0.2637
2007-10-25,0.2398
2007-10-26,0.1772
2007-10-27,0.1272
2007-10-28,0.0796
2007-10-29,0.0437
2007-10-30,0.0212
2007-10-31,0.0047
2007-11-01,0.0046
2007-11-02,0.0054
2007-11-03,-0.0094
2007-11-04,0.0369
2007-11-05,0.1347
2007-11-06,0.2076
2007-11-07,0.201
2007-11-08,0.2093
2007-11-09,0.2257
2007-11-10,0.223
2007-11-11,0.1722
2007-11-12,0.1473
2007-11-13,0.1267
2007-11-14,0.024
2007-11-15,-0.0129
2007-11-16,0.0018
2007-11-17,0.0163
2007-11-18,0.0244
2007-11-19,0.0501
2007-11-20,0.1063
2007-11-21,0.1047
2007-11-22,0.1213
2007-11-23,0.1398
2007-11-24,0.1381
2007-11-25,0.1617
2007-11-26,0.1933
2007-11-27,0.2456
2007-11-28,0.2569
2007-11-29,0.2305
2007-11-30,0.2236
2007-12-01,0.2266
2007-12-02,0.2342
2007-12-03,0.2253
2007-12-04,0.2125
2007-12-05,0.1938
2007-12-06,0.1953
2007-12-07,0.1853
2007-12-08,0.1762
2007-12-09,0.1805
2007-12-10,0.1838
2007-12-11,0.1577
2007-12-12,0.1353
2007-12-13,0.107
2007-12-14,0.0809
2007-12-15,0.0501
2007-12-16,-0.0039
2007-12-17,-0.0376
2007-12-18,-0.0353
2007-12-19,-0.0271
2007-12-20,-0.0099
2007-12-21,0.047
2007-12-22,0.0839
2007-12-23,0.1189
2007-12-24,0.1331
2007-12-25,0.1272
2007-12-26,0.1491
2007-12-27,0.1455
2007-12-28,0.1223
2007-12-29,0.0848
2007-12-30,0.0436
2007-12-31,0.0163
2008-01-01,-0.0321
2008-01-02,-0.0372
2008-01-03,-0.0309
2008-01-04,0.0203
2008-01-05,0.102
2008-01-06,0.1545
2008-01-07,0.2047
2008-01-08,0.2458
2008-01-09,0.3186
2008-01-10,0.3574
2008-01-11,0.3486
2008-01-12,0.3444
2008-01-13,0.3349
2008-01-14,0.3406
2008-01-15,0.4044
2008-01-16,0.3801
2008-01-17,0.3354
2008-01-18,0.2784
2008-01-19,0.2543
2008-01-20,0.2036
2008-01-21,0.1428
2008-01-22,0.1267
2008-01-23,0.1256
2008-01-24,0.1419
2008-01-25,0.1574
2008-01-26,0.1852
2008-01-27,0.1924
2008-01-28,0.2128
2008-01-29,0.2172
2008-01-30,0.1851
2008-01-31,0.1145
2008-02-01,0.0573
2008-02-02,0.0073
2008-02-03,-0.0703
2008-02-04,-0.1448
2008-02-05,-0.1924
2008-02-06,-0.2643
2008-02-07,-0.289
2008-02-08,-0.2782
2008-02-09,-0.3061
2008-02-10,-0.3353
2008-02-11,-0.3876
2008-02-12,-0.4264
2008-02-13,-0.443
2008-02-14,-0.3914
2008-02-15,-0.3257
2008-02-16,-0.2645
2008-02-17,-0.2383
2008-02-18,-0.1834
2008-02-19,-0.1297
2008-02-20,-0.1027
2008-02-21,-0.1333
2008-02-22,-0.2246
2008-02-23,-0.3023
2008-02-24,-0.3566
2008-02-25,-0.3493
2008-02-26,-0.335
2008-02-27,-0.3137
2008-02-28,-0.3094
2008-02-29,-0.3256
2008-03-01,-0.3485
2008-03-02,-0.3291
2008-03-03,-0.3102
2008-03-04,-0.2886
2008-03-05,-0.276
2008-03-06,-0.2931
2008-03-07,-0.3115
2008-03-08,-0.3354
2008-03-09,-0.3542
2008-03-10,-0.3863
2008-03-11,-0.3992
2008-03-12,-0.4141
2008-03-13,-0.4
2008-03-14,-0.3667
2008-03-15,-0.3401
2008-03-16,-0.3231
2008-03-17,-0.3361
2008-03-18,-0.34
2008-03-19,-0.3572
2008-03-20,-0.3598
2008-03-21,-0.3473
2008-03-22,-0.3385
2008-03-23,-0.3268
2008-03-24,-0.3008
2008-03-25,-0.2934
2008-03-26,-0.2531
2008-03-27,-0.2198
2008-03-28,-0.1857
2008-03-29,-0.1397
2008-03-30,-0.1081
2008-03-31,-0.0983
2008-04-01,-0.0684
2008-04-02,-0.0451
2008-04-03,-0.0419
2008-04-04,-0.079
2008-04-05,-0.0734
2008-04-06,-0.089
2008-04-07,-0.1071
2008-04-08,-0.106
2008-04-09,-0.1141
2008-04-10,-0.1183
2008-04-11,-0.1546
2008-04-12,-0.14
2008-04-13,-0.163
2008-04-14,-0.2059
2008-04-15,-0.2102
2008-04-16,-0.1967
2008-04-17,-0.2095
2008-04-18,-0.223
2008-04-19,-0.2417
2008-04-20,-0.2473
2008-04-21,-0.2936
2008-04-22,-0.3256
2008-04-23,-0.3298
2008-04-24,-0.3196
2008-04-25,-0.3012
2008-04-26,-0.3104
2008-04-27,-0.3193
2008-04-28,-0.3756
2008-04-29,-0.3726
2008-04-30,-0.3403
2008-05-01,-0.3242
2008-05-02,-0.2818
2008-05-03,-0.2732
2008-05-04,-0.3057
2008-05-05,-0.2675
2008-05-06,-0.2207
2008-05-07,-0.202
2008-05-08,-0.181
2008-05-09,-0.157
2008-05-10,-0.121
2008-05-11,-0.0851
2008-05-12,-0.069
2008-05-13,-0.0522
2008-05-14,-0.0653
2008-05-15,-0.0705
2008-05-16,-0.0998
2008-05-17,-0.1175
2008-05-18,-0.138
2008-05-19,-0.115
2008-05-20,-0.0602
2008-05-21,-0.0488
2008-05-22,-0.0182
2008-05-23,0.0138
2008-05-24,0.0357
2008-05-25,0.0082
2008-05-26,-0.0048
2008-05-27,-0.0268
2008-05-28,-0.0348
2008-05-29,-0.0228
2008-05-30,-0.0032
2008-05-31,0.0402
2008-06-01,0.0762
2008-06-02,0.0877
2008-06-03,0.1052
2008-06-04,0.0726
2008-06-05,0.0595
2008-06-06,0.008
2008-06-07,-0.0388
2008-06-08,-0.1067
2008-06-09,-0.1461
2008-06-10,-0.1808
2008-06-11,-0.1705
2008-06-12,-0.1526
2008-06-13,-0.1238
2008-06-14,-0.111
2008-06-15,-0.1207
2008-06-16,-0.1338
2008-06-17,-0.1463
2008-06-18,-0.1098
2008-06-19,-0.079
2008-06-20,-0.0538
2008-06-21,-0.0277
2008-06-22,-0.0154
2008-06-23,-0.008
2008-06-24,-0.0148
2008-06-25,0.0085
2008-06-26,-0.0019
2008-06-27,-0.0095
2008-06-28,-0.034
2008-06-29,-0.0761
2008-06-30,-0.0824
2008-07-01,-0.0774
2008-07-02,-0.0607
2008-07-03,-0.0163
2008-07-04,-0.0083
2008-07-05,0.0269
2008-07-06,0.0596
2008-07-07,0.0617
2008-07-08,0.0373
2008-07-09,0.0019
2008-07-10,0.0089
2008-07-11,0.0196
2008-07-12,-0.005
2008-07-13,-0.0102
2008-07-14,-0.0252
2008-07-15,-0.0264
2008-07-16,-0.0328
2008-07-17,-0.0334
2008-07-18,-0.0487
2008-07-19,-0.0464
2008-07-20,-0.0396
2008-07-21,-0.0026
2008-07-22,0.0115
2008-07-23,0.0085
2008-07-24,-0.041
2008-07-25,-0.0767
2008-07-26,-0.108
2008-07-27,-0.1388
2008-07-28,-0.1609
2008-07-29,-0.1686
2008-07-30,-0.1944
2008-07-31,-0.1864
2008-08-01,-0.1484
2008-08-02,-0.1054
2008-08-03,-0.081
2008-08-04,-0.0688
2008-08-05,-0.0298
2008-08-06,-0.0177
2008-08-07,0.0272
2008-08-08,0.0055
2008-08-09,-0.0195
2008-08-10,0.0355
2008-08-11,0.0523
2008-08-12,0.0596
2008-08-13,0.0802
2008-08-14,0.097
2008-08-15,0.1259
2008-08-16,0.1466
2008-08-17,0.1214
2008-08-18,0.1055
2008-08-19,0.1067
2008-08-20,0.1187
2008-08-21,0.1247
2008-08-22,0.1065
2008-08-23,0.0908
2008-08-24,0.0817
2008-08-25,0.0842
2008-08-26,0.0842
2008-08-27,0.101
2008-08-28,0.1281
2008-08-29,0.1111
2008-08-30,0.1069
2008-08-31,0.1315
2008-09-01,0.1927
2008-09-02,0.1926
2008-09-03,0.172
2008-09-04,0.1987
2008-09-05,0.2252
2008-09-06,0.2772
2008-09-07,0.3411
2008-09-08,0.374
2008-09-09,0.3686
2008-09-10,0.3602
2008-09-11,0.3621
2008-09-12,0.3379
2008-09-13,0.3499
2008-09-14,0.3746
2008-09-15,0.4064
2008-09-16,0.3988
2008-09-17,0.3692
2008-09-18,0.3496
2008-09-19,0.3349
2008-09-20,0.3525
2008-09-21,0.341
2008-09-22,0.3219
2008-09-23,0.3206
2008-09-24,0.3046
2008-09-25,0.2863
2008-09-26,0.2524
2008-09-27,0.2238
2008-09-28,0.2292
2008-09-29,0.2627
2008-09-30,0.2814
2008-10-01,0.3151
2008-10-02,0.3488
2008-10-03,0.3677
2008-10-04,0.3702
2008-10-05,0.3822
2008-10-06,0.3881
2008-10-07,0.3767
2008-10-08,0.398
2008-10-09,0.4374
2008-10-10,0.4474
2008-10-11,0.4591
2008-10-12,0.4571
2008-10-13,0.4407
2008-10-14,0.4045
2008-10-15,0.3551
2008-10-16,0.34
2008-10-17,0.2876
2008-10-18,0.2611
2008-10-19,0.2288
2008-10-20,0.2184
2008-10-21,0.2294
2008-10-22,0.2638
2008-10-23,0.2867
2008-10-24,0.2833
2008-10-25,0.3035
2008-10-26,0.2944
2008-10-27,0.3061
2008-10-28,0.3064
2008-10-29,0.3169
2008-10-30,0.3437
2008-10-31,0.3557
2008-11-01,0.348
2008-11-02,0.3458
2008-11-03,0.337
2008-11-04,0.327
2008-11-05,0.3253
2008-11-06,0.3252
2008-11-07,0.3292
2008-11-08,0.3415
2008-11-09,0.3397
2008-11-10,0.3279
2008-11-11,0.3019
2008-11-12,0.2734
2008-11-13,0.2352
2008-11-14,0.2104
2008-11-15,0.2015
2008-11-16,0.2037
2008-11-17,0.1843
2008-11-18,0.158
2008-11-19,0.1719
2008-11-20,0.1778
2008-11-21,0.1823
2008-11-22,0.2179
2008-11-23,0.2506
2008-11-24,0.2433
2008-11-25,0.2275
2008-11-26,0.221
2008-11-27,0.2429
2008-11-28,0.2711
2008-11-29,0.2975
2008-11-30,0.3145
2008-12-01,0.311
2008-12-02,0.2837
2008-12-03,0.2581
2008-12-04,0.2301
2008-12-05,0.2022
2008-12-06,0.1223
2008-12-07,0.0735
2008-12-08,0.0279
2008-12-09,-0.0025
2008-12-10,-0.0146
2008-12-11,-0.028
2008-12-12,-0.0403
2008-12-13,-0.0514
2008-12-14,-0.044
2008-12-15,-0.0337
2008-12-16,0.0077
2008-12-17,0.055
2008-12-18,0.0261
2008-12-19,-0.0244
2008-12-20,-0.0838
2008-12-21,-0.1238
2008-12-22,-0.0682
2008-12-23,-0.024
2008-12-24,0.0404
2008-12-25,0.0662
2008-12-26,0.0709
2008-12-27,0.1243
2008-12-28,0.1412
2008-12-29,0.1876
2008-12-30,0.2039
2008-12-31,0.2123
2009-01-01,0.2327
2009-01-02,0.2887
2009-01-03,0.3204
2009-01-04,0.3345
2009-01-05,0.3493
2009-01-06,0.358
2009-01-07,0.3386
2009-01-08,0.3495
2009-01-09,0.2984
2009-01-10,0.2671
2009-01-11,0.2452
2009-01-12,0.2143
2009-01-13,0.1901
2009-01-14,0.1833
2009-01-15,0.1541
2009-01-16,0.113
2009-01-17,0.0694
2009-01-18,0.0085
2009-01-19,-0.0104
2009-01-20,-0.0431
2009-01-21,-0.0839
2009-01-22,-0.0639
2009-01-23,-0.0589
2009-01-24,-0.0765
2009-01-25,-0.0856
2009-01-26,-0.0731
2009-01-27,-0.004
2009-01-28,0.037
2009-01-29,0.0511
2009-01-30,0.0829
2009-01-31,0.1389
2009-02-01,0.154
2009-02-02,0.162
2009-02-03,0.1357
2009-02-04,0.1124
2009-02-05,0.0991
2009-02-06,0.0975
2009-02-07,0.1266
2009-02-08,0.1428
2009-02-09,0.1492
2009-02-10,0.1809
2009-02-11,0.2366
2009-02-12,0.2754
2009-02-13,0.2696
2009-02-14,0.2324
2009-02-15,0.2222
2009-02-16,0.2137
2009-02-17,0.1901
2009-02-18,0.1724
2009-02-19,0.1683
2009-02-20,0.1954
2009-02-21,0.2389
2009-02-22,0.2753
2009-02-23,0.3137
2009-02-24,0.3253
2009-02-25,0.3449
2009-02-26,0.3684
2009-02-27,0.3375
2009-02-28,0.2833
2009-03-01,0.2587
2009-03-02,0.2423
2009-03-03,0.2033
2009-03-04,0.1567
2009-03-05,0.1327
2009-03-06,0.1002
2009-03-07,0.0879
2009-03-08,0.1132
2009-03-09,0.1239
2009-03-10,0.1606
2009-03-11,0.1913
2009-03-12,0.275
2009-03-13,0.2981
2009-03-14,0.3188
2009-03-15,0.2978
2009-03-16,0.3059
2009-03-17,0.3431
2009-03-18,0.3622
2009-03-19,0.3681
2009-03-20,0.389
2009-03-21,0.4033
2009-03-22,0.4476
2009-03-23,0.4935
2009-03-24,0.508
2009-03-25,0.4767
2009-03-26,0.4904
2009-03-27,0.5049
2009-03-28,0.5546
2009-03-29,0.5177
2009-03-30,0.4414
2009-03-31,0.3849
2009-04-01,0.3377
2009-04-02,0.2916
2009-04-03,0.268
2009-04-04,0.2883
2009-04-05,0.2959
2009-04-06,0.2666
2009-04-07,0.2446
2009-04-08,0.2265
2009-04-09,0.2121
2009-04-10,0.2167
2009-04-11,0.1745
2009-04-12,0.1307
2009-04-13,0.0806
2009-04-14,0.01
2009-04-15,-0.0889
2009-04-16,-0.1007
2009-04-17,-0.1087
2009-04-18,-0.0672
2009-04-19,0.0214
2009-04-20,0.0503
2009-04-21,0.0588
2009-04-22,0.1021
2009-04-23,0.1366
2009-04-24,0.1488
2009-04-25,0.1911
2009-04-26,0.2424
2009-04-27,0.269
2009-04-28,0.2831
2009-04-29,0.3218
2009-04-30,0.4073
2009-05-01,0.4442
2009-05-02,0.4464
2009-05-03,0.4369
2009-05-04,0.4292
2009-05-05,0.4155
2009-05-06,0.4126
2009-05-07,0.408
2009-05-08,0.3974
2009-05-09,0.3793
2009-05-10,0.3428
2009-05-11,0.322
2009-05-12,0.2822
2009-05-13,0.2619
2009-05-14,0.2444
2009-05-15,0.2215
2009-05-16,0.2182
2009-05-17,0.2519
2009-05-18,0.2682
2009-05-19,0.286
2009-05-20,0.2987
2009-05-21,0.2874
2009-05-22,0.2758
2009-05-23,0.2298
2009-05-24,0.2019
2009-05-25,0.2175
2009-05-26,0.2022
2009-05-27,0.2234
2009-05-28,0.2888
2009-05-29,0.3486
2009-05-30,0.3997
2009-05-31,0.4438
2009-06-01,0.4506
2009-06-02,0.478
2009-06-03,0.5075
2009-06-04,0.5031
2009-06-05,0.5043
2009-06-06,0.4584
2009-06-07,0.4556
2009-06-08,0.425
2009-06-09,0.4016
2009-06-10,0.3839
2009-06-11,0.4172
2009-06-12,0.4378
2009-06-13,0.4696
2009-06-14,0.494
2009-06-15,0.4848
2009-06-16,0.4773
2009-06-17,0.4525
2009-06-18,0.4331
2009-06-19,0.4539
2009-06-20,0.4545
2009-06-21,0.4607
2009-06-22,0.436
2009-06-23,0.4379
2009-06-24,0.4522
2009-06-25,0.419
2009-06-26,0.4015
2009-06-27,0.4283
2009-06-28,0.4425
2009-06-29,0.4372
2009-06-30,0.3818
2009-07-01,0.2849
2009-07-02,0.2526
2009-07-03,0.2357
2009-07-04,0.2074
2009-07-05,0.1629
2009-07-06,0.1326
2009-07-07,0.1271
2009-07-08,0.1272
2009-07-09,0.1182
2009-07-10,0.1447
2009-07-11,0.1647
2009-07-12,0.1581
2009-07-13,0.1538
2009-07-14,0.1656
2009-07-15,0.136
2009-07-16,0.0957
2009-07-17,0.0351
2009-07-18,0.0208
2009-07-19,0.0448
2009-07-20,0.1031
2009-07-21,0.1775
2009-07-22,0.2605
2009-07-23,0.3216
2009-07-24,0.3718
2009-07-25,0.3784
2009-07-26,0.3432
2009-07-27,0.3358
2009-07-28,0.3653
2009-07-29,0.3673
2009-07-30,0.3969
2009-07-31,0.4332
2009-08-01,0.4674
2009-08-02,0.4845
2009-08-03,0.4484
2009-08-04,0.3862
2009-08-05,0.3657
2009-08-06,0.3183
2009-08-07,0.2532
2009-08-08,0.2027
2009-08-09,0.1409
2009-08-10,0.1246
2009-08-11,0.1454
2009-08-12,0.1564
2009-08-13,0.1607
2009-08-14,0.1751
2009-08-15,0.2233
2009-08-16,0.2378
2009-08-17,0.2388
2009-08-18,0.2703
2009-08-19,0.3329
2009-08-20,0.3721
2009-08-21,0.3975
2009-08-22,0.386
2009-08-23,0.3541
2009-08-24,0.3408
2009-08-25,0.3462
2009-08-26,0.3171
2009-08-27,0.2926
2009-08-28,0.2342
2009-08-29,0.1667
2009-08-30,0.1311
2009-08-31,0.1272
2009-09-01,0.156
2009-09-02,0.1652
2009-09-03,0.1509
2009-09-04,0.1042
2009-09-05,0.0714
2009-09-06,0.051
2009-09-07,0.0184
2009-09-08,0.0008
2009-09-09,0.0089
2009-09-10,0.0411
2009-09-11,0.0882
2009-09-12,0.0884
2009-09-13,0.1045
2009-09-14,0.1065
2009-09-15,0.1083
2009-09-16,0.1277
2009-09-17,0.1752
2009-09-18,0.2169
2009-09-19,0.2675
2009-09-20,0.3141
2009-09-21,0.3328
2009-09-22,0.3557
2009-09-23,0.3609
2009-09-24,0.3441
2009-09-25,0.3285
2009-09-26,0.3046
2009-09-27,0.2409
2009-09-28,0.187
2009-09-29,0.1513
2009-09-30,0.1295
2009-10-01,0.1412
2009-10-02,0.1984
2009-10-03,0.2097
2009-10-04,0.2257
2009-10-05,0.2443
2009-10-06,0.2609
2009-10-07,0.2886
2009-10-08,0.2914
2009-10-09,0.283
2009-10-10,0.274
2009-10-11,0.3172
2009-10-12,0.3962
2009-10-13,0.4748
2009-10-14,0.5345
2009-10-15,0.5844
2009-10-16,0.5917
2009-10-17,0.582
2009-10-18,0.5725
2009-10-19,0.5831
2009-10-20,0.59
2009-10-21,0.6442
2009-10-22,0.6776
2009-10-23,0.6815
2009-10-24,0.6795
2009-10-25,0.6975
2009-10-26,0.6752
2009-10-27,0.6478
2009-10-28,0.6564
2009-10-29,0.6556
2009-10-30,0.6501
2009-10-31,0.6208
2009-11-01,0.6029
2009-11-02,0.5843
2009-11-03,0.5496
2009-11-04,0.4953
2009-11-05,0.5024
2009-11-06,0.5027
2009-11-07,0.4957
2009-11-08,0.4901
2009-11-09,0.4631
2009-11-10,0.4037
2009-11-11,0.3969
2009-11-12,0.3782
2009-11-13,0.3516
2009-11-14,0.332
2009-11-15,0.3165
2009-11-16,0.3382
2009-11-17,0.36
2009-11-18,0.3791
2009-11-19,0.408
2009-11-20,0.4277
2009-11-21,0.3869
2009-11-22,0.3635
2009-11-23,0.3475
2009-11-24,0.3299
2009-11-25,0.3329
2009-11-26,0.3396
2009-11-27,0.3493
2009-11-28,0.3833
2009-11-29,0.4118
2009-11-30,0.4633
2009-12-01,0.4829
2009-12-02,0.4732
2009-12-03,0.4569
2009-12-04,0.4163
2009-12-05,0.4157
2009-12-06,0.4268
2009-12-07,0.4375
2009-12-08,0.472
2009-12-09,0.4873
2009-12-10,0.4906
2009-12-11,0.4797
2009-12-12,0.5074
2009-12-13,0.6064
2009-12-14,0.6593
2009-12-15,0.6917
2009-12-16,0.7248
2009-12-17,0.7206
2009-12-18,0.6972
2009-12-19,0.6776
2009-12-20,0.6551
2009-12-21,0.6071
2009-12-22,0.5119
2009-12-23,0.4531
2009-12-24,0.4638
2009-12-25,0.4824
2009-12-26,0.4863
2009-12-27,0.484
2009-12-28,0.4661
2009-12-29,0.4681
2009-12-30,0.4441
2009-12-31,0.4701
2010-01-01,0.4976
2010-01-02,0.4714
2010-01-03,0.4322
2010-01-04,0.3874
2010-01-05,0.3649
2010-01-06,0.3724
2010-01-07,0.4009
2010-01-08,0.4059
2010-01-09,0.4215
2010-01-10,0.4359
2010-01-11,0.4391
2010-01-12,0.463
2010-01-13,0.4742
2010-01-14,0.4872
2010-01-15,0.4781
2010-01-16,0.5388
2010-01-17,0.5483
2010-01-18,0.5718
2010-01-19,0.5925
2010-01-20,0.5789
2010-01-21,0.5427
2010-01-22,0.5148
2010-01-23,0.5303
2010-01-24,0.5433
2010-01-25,0.5451
2010-01-26,0.5449
2010-01-27,0.5436
2010-01-28,0.5492
2010-01-29,0.5497
2010-01-30,0.5638
2010-01-31,0.5497
2010-02-01,0.5357
2010-02-02,0.5288
2010-02-03,0.5133
2010-02-04,0.5159
2010-02-05,0.5408
2010-02-06,0.5529
2010-02-07,0.5063
2010-02-08,0.4553
2010-02-09,0.4242
2010-02-10,0.4249
2010-02-11,0.4392
2010-02-12,0.4794
2010-02-13,0.5143
2010-02-14,0.5478
2010-02-15,0.6048
2010-02-16,0.6322
2010-02-17,0.658
2010-02-18,0.6884
2010-02-19,0.6963
2010-02-20,0.7292
2010-02-21,0.7549
2010-02-22,0.7286
2010-02-23,0.7395
2010-02-24,0.7792
2010-02-25,0.7611
2010-02-26,0.7092
2010-02-27,0.7139
2010-02-28,0.7361
2010-03-01,0.77
2010-03-02,0.7913
2010-03-03,0.7842
2010-03-04,0.765
2010-03-05,0.7208
2010-03-06,0.72
2010-03-07,0.7212
2010-03-08,0.6951
2010-03-09,0.6701
2010-03-10,0.6708
2010-03-11,0.6904
2010-03-12,0.6918
2010-03-13,0.6786
2010-03-14,0.7116
2010-03-15,0.7294
2010-03-16,0.7483
2010-03-17,0.7387
2010-03-18,0.7276
2010-03-19,0.728
2010-03-20,0.7201
2010-03-21,0.7198
2010-03-22,0.7125
2010-03-23,0.7038
2010-03-24,0.7178
2010-03-25,0.7323
2010-03-26,0.774
2010-03-27,0.8281
2010-03-28,0.8943
2010-03-29,0.9553
2010-03-30,0.956
2010-03-31,0.9319
2010-04-01,0.8933
2010-04-02,0.8684
2010-04-03,0.8483
2010-04-04,0.8201
2010-04-05,0.7882
2010-04-06,0.7785
2010-04-07,0.8316
2010-04-08,0.8473
2010-04-09,0.8027
2010-04-10,0.7532
2010-04-11,0.7079
2010-04-12,0.6932
2010-04-13,0.7035
2010-04-14,0.7251
2010-04-15,0.688
2010-04-16,0.7142
2010-04-17,0.7483
2010-04-18,0.7679
2010-04-19,0.7579
2010-04-20,0.7331
2010-04-21,0.7053
2010-04-22,0.6904
2010-04-23,0.6916
2010-04-24,0.7143
2010-04-25,0.7474
2010-04-26,0.8039
2010-04-27,0.8209
2010-04-28,0.8406
2010-04-29,0.8422
2010-04-30,0.8558
2010-05-01,0.8417
2010-05-02,0.8374
2010-05-03,0.8358
2010-05-04,0.8053
2010-05-05,0.7704
2010-05-06,0.7437
2010-05-07,0.7639
2010-05-08,0.796
2010-05-09,0.8195
2010-05-10,0.8322
2010-05-11,0.8332
2010-05-12,0.8349
2010-05-13,0.8183
2010-05-14,0.7702
2010-05-15,0.7249
2010-05-16,0.6788
2010-05-17,0.6602
2010-05-18,0.6496
2010-05-19,0.6559
2010-05-20,0.6411
2010-05-21,0.6163
2010-05-22,0.6246
2010-05-23,0.6407
2010-05-24,0.6418
2010-05-25,0.6294
2010-05-26,0.5864
2010-05-27,0.5731
2010-05-28,0.5863
2010-05-29,0.5941
2010-05-30,0.6399
2010-05-31,0.6634
2010-06-01,0.6651
2010-06-02,0.6059
2010-06-03,0.5682
2010-06-04,0.6014
2010-06-05,0.598
2010-06-06,0.5642
2010-06-07,0.518
2010-06-08,0.4708
2010-06-09,0.4236
2010-06-10,0.3584
2010-06-11,0.3181
2010-06-12,0.3102
2010-06-13,0.3197
2010-06-14,0.3337
2010-06-15,0.3218
2010-06-16,0.3041
2010-06-17,0.2862
2010-06-18,0.2659
2010-06-19,0.273
2010-06-20,0.3174
2010-06-21,0.3841
2010-06-22,0.4285
2010-06-23,0.4469
2010-06-24,0.4239
2010-06-25,0.4168
2010-06-26,0.423
2010-06-27,0.3984
2010-06-28,0.3611
2010-06-29,0.3242
2010-06-30,0.3295
2010-07-01,0.296
2010-07-02,0.2612
2010-07-03,0.2483
2010-07-04,0.2561
2010-07-05,0.2667
2010-07-06,0.2983
2010-07-07,0.3032
2010-07-08,0.3234
2010-07-09,0.3844
2010-07-10,0.4148
2010-07-11,0.4603
2010-07-12,0.5344
2010-07-13,0.5748
2010-07-14,0.5918
2010-07-15,0.5779
2010-07-16,0.5817
2010-07-17,0.5228
2010-07-18,0.4696
2010-07-19,0.4379
2010-07-20,0.3944
2010-07-21,0.3949
2010-07-22,0.4047
2010-07-23,0.3719
2010-07-24,0.3462
2010-07-25,0.3094
2010-07-26,0.2933
2010-07-27,0.2666
2010-07-28,0.244
2010-07-29,0.258
2010-07-30,0.3196
2010-07-31,0.3679
2010-08-01,0.3868
2010-08-02,0.3679
2010-08-03,0.3406
2010-08-04,0.3428
2010-08-05,0.3361
2010-08-06,0.3277
2010-08-07,0.3219
2010-08-08,0.3163
2010-08-09,0.3152
2010-08-10,0.2875
2010-08-11,0.2469
2010-08-12,0.1812
2010-08-13,0.1415
2010-08-14,0.1181
2010-08-15,0.1111
2010-08-16,0.1101
2010-08-17,0.1176
2010-08-18,0.1884
2010-08-19,0.2219
2010-08-20,0.2095
2010-08-21,0.1778
2010-08-22,0.1713
2010-08-23,0.1675
2010-08-24,0.1592
2010-08-25,0.1344
2010-08-26,0.1328
2010-08-27,0.1456
2010-08-28,0.1586
2010-08-29,0.1496
2010-08-30,0.1595
2010-08-31,0.1723
2010-09-01,0.1802
2010-09-02,0.1862
2010-09-03,0.1852
2010-09-04,0.1703
2010-09-05,0.1693
2010-09-06,0.1865
2010-09-07,0.2042
2010-09-08,0.2294
2010-09-09,0.2382
2010-09-10,0.2397
2010-09-11,0.2382
2010-09-12,0.2171
2010-09-13,0.1828
2010-09-14,0.1584
2010-09-15,0.118
2010-09-16,0.1048
2010-09-17,0.1015
2010-09-18,0.088
2010-09-19,0.0801
2010-09-20,0.0946
2010-09-21,0.1073
2010-09-22,0.1126
2010-09-23,0.0749
2010-09-24,0.0772
2010-09-25,0.0986
2010-09-26,0.0928
2010-09-27,0.1015
2010-09-28,0.1186
2010-09-29,0.1518
2010-09-30,0.2047
2010-10-01,0.2034
2010-10-02,0.2337
2010-10-03,0.2401
2010-10-04,0.2732
2010-10-05,0.3009
2010-10-06,0.3209
2010-10-07,0.3827
2010-10-08,0.4495
2010-10-09,0.5061
2010-10-10,0.5252
2010-10-11,0.5569
2010-10-12,0.5842
2010-10-13,0.6127
2010-10-14,0.6221
2010-10-15,0.5912
2010-10-16,0.5372
2010-10-17,0.4762
2010-10-18,0.4378
2010-10-19,0.4248
2010-10-20,0.3962
2010-10-21,0.3122
2010-10-22,0.2614
2010-10-23,0.2468
2010-10-24,0.2665
2010-10-25,0.2882
2010-10-26,0.3194
2010-10-27,0.3371
2010-10-28,0.3105
2010-10-29,0.2919
2010-10-30,0.264
2010-10-31,0.2071
2010-11-01,0.1744
2010-11-02,0.2108
2010-11-03,0.2111
2010-11-04,0.2224
2010-11-05,0.201
2010-11-06,0.1945
2010-11-07,0.2077
2010-11-08,0.2194
2010-11-09,0.2534
2010-11-10,0.2513
2010-11-11,0.2476
2010-11-12,0.1862
2010-11-13,0.1465
2010-11-14,0.1472
2010-11-15,0.1521
2010-11-16,0.1835
2010-11-17,0.2061
2010-11-18,0.2365
2010-11-19,0.2602
2010-11-20,0.2489
2010-11-21,0.2181
2010-11-22,0.1971
2010-11-23,0.2067
2010-11-24,0.2223
2010-11-25,0.2073
2010-11-26,0.2022
2010-11-27,0.2041
2010-11-28,0.1937
2010-11-29,0.1624
2010-11-30,0.118
2010-12-01,0.1165
2010-12-02,0.0834
2010-12-03,0.0345
2010-12-04,0.006
2010-12-05,-0.0179
2010-12-06,0.0469
2010-12-07,0.0975
2010-12-08,0.1577
2010-12-09,0.1826
2010-12-10,0.1933
2010-12-11,0.1774
2010-12-12,0.1586
2010-12-13,0.1462
2010-12-14,0.1297
2010-12-15,0.1166
2010-12-16,0.096
2010-12-17,0.0976
2010-12-18,0.1144
2010-12-19,0.149
2010-12-20,0.1795
2010-12-21,0.159
2010-12-22,0.107
2010-12-23,0.0721
2010-12-24,0.0599
2010-12-25,0.0343
2010-12-26,0.0037
2010-12-27,-0.03
2010-12-28,-0.0655
2010-12-29,-0.1177
2010-12-30,-0.1721
2010-12-31,-0.1911
2011-01-01,-0.2305
2011-01-02,-0.2879
2011-01-03,-0.3317
2011-01-04,-0.3297
2011-01-05,-0.3009
2011-01-06,-0.2959
2011-01-07,-0.3118
2011-01-08,-0.3263
2011-01-09,-0.2961
2011-01-10,-0.2635
2011-01-11,-0.2514
2011-01-12,-0.2639
2011-01-13,-0.2543
2011-01-14,-0.2526
2011-01-15,-0.2597
2011-01-16,-0.2257
2011-01-17,-0.1716
2011-01-18,-0.1419
2011-01-19,-0.1237
2011-01-20,-0.101
2011-01-21,-0.0914
2011-01-22,-0.064
2011-01-23,-0.0638
2011-01-24,-0.0804
2011-01-25,-0.0838
2011-01-26,-0.0775
2011-01-27,-0.0779
2011-01-28,-0.0875
2011-01-29,-0.0409
2011-01-30,-0.0153
2011-01-31,0.0054
2011-02-01,0.0134
2011-02-02,-0.0111
2011-02-03,-0.0086
2011-02-04,-0.0147
2011-02-05,-0.0568
2011-02-06,-0.1043
2011-02-07,-0.1352
2011-02-08,-0.1442
2011-02-09,-0.1629
2011-02-10,-0.1908
2011-02-11,-0.2037
2011-02-12,-0.1807
2011-02-13,-0.1801
2011-02-14,-0.1783
2011-02-15,-0.1427
2011-02-16,-0.1243
2011-02-17,-0.1103
2011-02-18,-0.088
2011-02-19,-0.0554
2011-02-20,-0.0138
2011-02-21,0.0093
2011-02-22,0.011
2011-02-23,0.0067
2011-02-24,-0.0119
2011-02-25,-0.0089
2011-02-26,0.0144
2011-02-27,0.033
2011-02-28,0.0307
2011-03-01,0.0698
2011-03-02,0.0837
2011-03-03,0.0624
2011-03-04,0.0615
2011-03-05,0.0621
2011-03-06,0.0599
2011-03-07,0.0603
2011-03-08,0.0297
2011-03-09,0.0351
2011-03-10,0.0221
2011-03-11,-0.0097
2011-03-12,-0.0248
2011-03-13,-0.0161
2011-03-14,-0.0304
2011-03-15,-0.0909
2011-03-16,-0.1617
2011-03-17,-0.2276
2011-03-18,-0.2412
2011-03-19,-0.1974
2011-03-20,-0.1221
2011-03-21,-0.0517
2011-03-22,0.0273
2011-03-23,0.0893
2011-03-24,0.1314
2011-03-25,0.1378
2011-03-26,0.1399
2011-03-27,0.1581
2011-03-28,0.1746
2011-03-29,0.1723
2011-03-30,0.1345
2011-03-31,0.0936
2011-04-01,0.0413
2011-04-02,0.0133
2011-04-03,0.0163
2011-04-04,-0.0045
2011-04-05,-0.0308
2011-04-06,-0.0272
2011-04-07,-0.0533
2011-04-08,-0.1168
2011-04-09,-0.1708
2011-04-10,-0.1917
2011-04-11,-0.1628
2011-04-12,-0.1328
2011-04-13,-0.1138
2011-04-14,-0.1084
2011-04-15,-0.0904
2011-04-16,-0.0813
2011-04-17,-0.0764
2011-04-18,-0.2363
2011-04-19,-0.2584
2011-04-20,-0.1014
2011-04-21,-0.024
2011-04-22,0.0314
2011-04-23,0.0448
2011-04-24,0.0419
2011-04-25,0.03
2011-04-26,0.0512
2011-04-27,0.0468
2011-04-28,0.0477
2011-04-29,0.0332
2011-04-30,0.0375
2011-05-01,0.0386
2011-05-02,0.0347
2011-05-03,-0.009
2011-05-04,-0.0375
2011-05-05,-0.0545
2011-05-06,-0.0987
2011-05-07,-0.1658
2011-05-08,-0.192
2011-05-09,-0.1938
2011-05-10,-0.2213
2011-05-11,-0.2092
2011-05-12,-0.2029
2011-05-13,-0.1764
2011-05-14,-0.1632
2011-05-15,-0.0903
2011-05-16,-0.056
2011-05-17,-0.0182
2011-05-18,0.0136
2011-05-19,0.0538
2011-05-20,0.0899
2011-05-21,0.1346
2011-05-22,0.1425
2011-05-23,0.1455
2011-05-24,0.1598
2011-05-25,0.1672
2011-05-26,0.173
2011-05-27,0.1552
2011-05-28,0.1444
2011-05-29,0.1372
2011-05-30,0.1241
2011-05-31,0.1242
2011-06-01,0.1184
2011-06-02,0.1103
2011-06-03,0.1273
2011-06-04,0.1586
2011-06-05,0.1557
2011-06-06,0.1504
2011-06-07,0.1683
2011-06-08,0.1797
2011-06-09,0.1844
2011-06-10,0.1991
2011-06-11,0.1947
2011-06-12,0.1608
2011-06-13,0.1375
2011-06-14,0.1233
2011-06-15,0.1452
2011-06-16,0.1561
2011-06-17,0.1375
2011-06-18,0.0856
2011-06-19,0.0505
2011-06-20,0.0192
2011-06-21,0.0117
2011-06-22,0.003
2011-06-23,0.0214
2011-06-24,0.0286
2011-06-25,0.0163
2011-06-26,0.015
2011-06-27,0.0312
2011-06-28,0.0502
2011-06-29,0.0493
2011-06-30,0.0442
2011-07-01,0.043
2011-07-02,0.0347
2011-07-03,0.0532
2011-07-04,0.0736
2011-07-05,0.0641
2011-07-06,0.0944
2011-07-07,0.1527
2011-07-08,0.2099
2011-07-09,0.2636
2011-07-10,0.2748
2011-07-11,0.312
2011-07-12,0.2847
2011-07-13,0.2564
2011-07-14,0.2199
2011-07-15,0.1766
2011-07-16,0.1587
2011-07-17,0.1164
2011-07-18,0.0744
2011-07-19,0.0753
2011-07-20,0.0673
2011-07-21,0.0643
2011-07-22,0.0554
2011-07-23,0.0098
2011-07-24,-0.0459
2011-07-25,-0.0611
2011-07-26,-0.0137
2011-07-27,0.0444
2011-07-28,0.0682
2011-07-29,0.0714
2011-07-30,0.0583
2011-07-31,0.0611
2011-08-01,0.1594
2011-08-02,0.2359
2011-08-03,0.2588
2011-08-04,0.2718
2011-08-05,0.2849
2011-08-06,0.2845
2011-08-07,0.2714
2011-08-08,0.2571
2011-08-09,0.2709
2011-08-10,0.2922
2011-08-11,0.3167
2011-08-12,0.3298
2011-08-13,0.3514
2011-08-14,0.3567
2011-08-15,0.37
2011-08-16,0.3856
2011-08-17,0.3571
2011-08-18,0.3226
2011-08-19,0.2975
2011-08-20,0.2944
2011-08-21,0.2999
2011-08-22,0.2627
2011-08-23,0.2216
2011-08-24,0.1898
2011-08-25,0.1673
2011-08-26,0.1775
2011-08-27,0.1682
2011-08-28,0.1357
2011-08-29,0.1262
2011-08-30,0.0928
2011-08-31,0.0781
2011-09-01,0.0338
2011-09-02,-0.0109
2011-09-03,0.0069
2011-09-04,0.0407
2011-09-05,0.0925
2011-09-06,0.1319
2011-09-07,0.145
2011-09-08,0.1377
2011-09-09,0.1381
2011-09-10,0.1085
2011-09-11,0.0597
2011-09-12,0.0297
2011-09-13,0.0138
2011-09-14,0.0027
2011-09-15,-0.0073
2011-09-16,-0.0068
2011-09-17,0.015
2011-09-18,0.0314
2011-09-19,0.0486
2011-09-20,0.0737
2011-09-21,0.1142
2011-09-22,0.1422
2011-09-23,0.1676
2011-09-24,0.2084
2011-09-25,0.2356
2011-09-26,0.2663
2011-09-27,0.2666
2011-09-28,0.2651
2011-09-29,0.2443
2011-09-30,0.2355
2011-10-01,0.2355
2011-10-02,0.2209
2011-10-03,0.1853
2011-10-04,0.2166
2011-10-05,0.2742
2011-10-06,0.3415
2011-10-07,0.395
2011-10-08,0.4428
2011-10-09,0.4314
2011-10-10,0.4167
2011-10-11,0.4198
2011-10-12,0.4234
2011-10-13,0.5671
2011-10-14,0.4323
2011-10-15,0.4143
2011-10-16,0.3985
2011-10-17,0.4078
2011-10-18,0.4134
2011-10-19,0.4519
2011-10-20,0.4888
2011-10-21,0.5134
2011-10-22,0.5186
2011-10-23,0.5267
2011-10-24,0.5388
2011-10-25,0.5422
2011-10-26,0.5263
2011-10-27,0.5395
2011-10-28,0.5572
2011-10-29,0.5446
2011-10-30,0.5187
2011-10-31,0.4734
2011-11-01,0.4509
2011-11-02,0.4726
2011-11-03,0.5096
2011-11-04,0.5276
2011-11-05,0.5232
2011-11-06,0.5137
2011-11-07,0.5204
2011-11-08,0.4983
2011-11-09,0.4871
2011-11-10,0.4735
2011-11-11,0.477
2011-11-12,0.498
2011-11-13,0.4905
2011-11-14,0.4848
2011-11-15,0.4651
2011-11-16,0.4786
2011-11-17,0.4814
2011-11-18,0.491
2011-11-19,0.5212
2011-11-20,0.5394
2011-11-21,0.5879
2011-11-22,0.62
2011-11-23,0.6334
2011-11-24,0.6234
2011-11-25,0.6118
2011-11-26,0.5992
2011-11-27,0.5826
2011-11-28,0.5575
2011-11-29,0.5281
2011-11-30,0.5253
2011-12-01,0.5556
2011-12-02,0.5471
2011-12-03,0.5325
2011-12-04,0.526
2011-12-05,0.5083
2011-12-06,0.4629
2011-12-07,0.4434
2011-12-08,0.4685
2011-12-09,0.4785
2011-12-10,0.5061
2011-12-11,0.5262
2011-12-12,0.5668
2011-12-13,0.6031
2011-12-14,0.6026
2011-12-15,0.6043
2011-12-16,0.6102
2011-12-17,0.5949
2011-12-18,0.5573
2011-12-19,0.54
2011-12-20,0.5098
2011-12-21,0.4644
2011-12-22,0.4133
2011-12-23,0.362
2011-12-24,0.3113
2011-12-25,0.2756
2011-12-26,0.2384
2011-12-27,0.2017
2011-12-28,0.2019
2011-12-29,0.2064
2011-12-30,0.1985
2011-12-31,0.1905
2012-01-01,0.1937
2012-01-02,0.146
2012-01-03,0.1188
2012-01-04,0.2359
2012-01-05,0.304
2012-01-06,0.3504
2012-01-07,0.3719
2012-01-08,0.3785
2012-01-09,0.3305
2012-01-10,0.3328
2012-01-11,0.3294
2012-01-12,0.2197
2012-01-13,0.1312
2012-01-14,0.1304
2012-01-15,0.0688
2012-01-16,0.0479
2012-01-17,0.137
2012-01-18,0.1593
2012-01-19,0.1877
2012-01-20,0.2014
2012-01-21,0.1999
2012-01-22,0.1835
2012-01-23,0.1568
2012-01-24,0.1207
2012-01-25,0.0613
2012-01-26,0.0379
2012-01-27,0.0436
2012-01-28,0.042
2012-01-29,0.0163
2012-01-30,-0.0123
2012-01-31,0.0047
2012-02-01,0.0379
2012-02-02,0.0569
2012-02-03,0.0932
2012-02-04,0.1263
2012-02-05,0.1327
2012-02-06,0.1222
2012-02-07,0.1204
2012-02-08,0.1474
2012-02-09,0.1579
2012-02-10,0.1702
2012-02-11,0.1657
2012-02-12,0.1864
2012-02-13,0.2212
2012-02-14,0.1992
2012-02-15,0.2338
2012-02-16,0.264
2012-02-17,0.3074
2012-02-18,0.339
2012-02-19,0.3144
2012-02-20,0.2644
2012-02-21,0.1881
2012-02-22,0.1287
2012-02-23,0.0692
2012-02-24,0.0533
2012-02-25,0.0856
2012-02-26,0.0788
2012-02-27,0.0771
2012-02-28,0.0742
2012-02-29,0.1132
2012-03-01,0.1276
2012-03-02,0.1048
2012-03-03,0.0838
2012-03-04,0.0804
2012-03-05,0.04
2012-03-06,-0.0156
2012-03-07,-0.0852
2012-03-08,-0.1667
2012-03-09,-0.1995
2012-03-10,-0.2233
2012-03-11,-0.2339
2012-03-12,-0.21
2012-03-13,-0.2193
2012-03-14,-0.2361
2012-03-15,-0.2143
2012-03-16,-0.1789
2012-03-17,-0.1531
2012-03-18,-0.1467
2012-03-19,-0.1626
2012-03-20,-0.1975
2012-03-21,-0.2118
2012-03-22,-0.204
2012-03-23,-0.2121
2012-03-24,-0.1879
2012-03-25,-0.1064
2012-03-26,-0.041
2012-03-27,0.0079
2012-03-28,0.0578
2012-03-29,0.1274
2012-03-30,0.1557
2012-03-31,0.128
2012-04-01,0.1221
2012-04-02,0.1159
2012-04-03,0.1663
2012-04-04,0.2104
2012-04-05,0.218
2012-04-06,0.2174
2012-04-07,0.2281
2012-04-08,0.2702
2012-04-09,0.3101
2012-04-10,0.3488
2012-04-11,0.3173
2012-04-12,0.2792
2012-04-13,0.2937
2012-04-14,0.3022
2012-04-15,0.2995
2012-04-16,0.3363
2012-04-17,0.3584
2012-04-18,0.3621
2012-04-19,0.3957
2012-04-20,0.3984
2012-04-21,0.3886
2012-04-22,0.3394
2012-04-23,0.2847
2012-04-24,0.2026
2012-04-25,0.1745
2012-04-26,0.1732
2012-04-27,0.1679
2012-04-28,0.179
2012-04-29,0.1867
2012-04-30,0.1995
2012-05-01,0.22
2012-05-02,0.2523
2012-05-03,0.255
2012-05-04,0.2233
2012-05-05,0.1996
2012-05-06,0.2047
2012-05-07,0.2565
2012-05-08,0.3168
2012-05-09,0.3666
2012-05-10,0.4029
2012-05-11,0.4177
2012-05-12,0.4199
2012-05-13,0.4176
2012-05-14,0.4409
2012-05-15,0.4532
2012-05-16,0.434
2012-05-17,0.4199
2012-05-18,0.42
2012-05-19,0.4354
2012-05-20,0.4572
2012-05-21,0.4793
2012-05-22,0.4737
2012-05-23,0.4521
2012-05-24,0.4189
2012-05-25,0.3675
2012-05-26,0.3582
2012-05-27,0.3433
2012-05-28,0.3322
2012-05-29,0.3246
2012-05-30,0.3171
2012-05-31,0.3327
2012-06-01,0.3504
2012-06-02,0.3362
2012-06-03,0.3165
2012-06-04,0.2514
2012-06-05,0.1796
2012-06-06,0.1364
2012-06-07,0.0654
2012-06-08,0.0593
2012-06-09,0.0724
2012-06-10,0.0779
2012-06-11,0.0646
2012-06-12,0.0101
2012-06-13,-0.0215
2012-06-14,-0.0113
2012-06-15,0.0108
2012-06-16,0.0367
2012-06-17,0.0358
2012-06-18,0.0137
2012-06-19,0.0772
2012-06-20,0.1425
2012-06-21,0.1874
2012-06-22,0.1459
2012-06-23,0.1627
2012-06-24,0.2226
2012-06-25,0.2432
2012-06-26,0.2347
2012-06-27,0.2154
2012-06-28,0.1872
2012-06-29,0.1563
2012-06-30,0.1503
2012-07-01,0.1567
2012-07-02,0.1098
2012-07-03,0.1273
2012-07-04,0.1008
2012-07-05,0.0738
2012-07-06,0.0628
2012-07-07,0.0335
2012-07-08,-0.0258
2012-07-09,-0.0527
2012-07-10,-0.0671
2012-07-11,-0.0658
2012-07-12,-0.0028
2012-07-13,0.0582
2012-07-14,0.1225
2012-07-15,0.1846
2012-07-16,0.2563
2012-07-17,0.2975
2012-07-18,0.3008
2012-07-19,0.2735
2012-07-20,0.2075
2012-07-21,0.1634
2012-07-22,0.1318
2012-07-23,0.1344
2012-07-24,0.1005
2012-07-25,0.0701
2012-07-26,0.0659
2012-07-27,0.1143
2012-07-28,0.1638
2012-07-29,0.2244
2012-07-30,0.2945
2012-07-31,0.3452
2012-08-01,0.3553
2012-08-02,0.3775
2012-08-03,0.3713
2012-08-04,0.3422
2012-08-05,0.3343
2012-08-06,0.3328
2012-08-07,0.3219
2012-08-08,0.3213
2012-08-09,0.3253
2012-08-10,0.3552
2012-08-11,0.3527
2012-08-12,0.3392
2012-08-13,0.3281
2012-08-14,0.3395
2012-08-15,0.3276
2012-08-16,0.3305
2012-08-17,0.3586
2012-08-18,0.3613
2012-08-19,0.3466
2012-08-20,0.331
2012-08-21,0.3198
2012-08-22,0.2923
2012-08-23,0.2667
2012-08-24,0.2705
2012-08-25,0.2869
2012-08-26,0.2897
2012-08-27,0.3099
2012-08-28,0.2985
2012-08-29,0.2829
2012-08-30,0.2316
2012-08-31,0.2029
2012-09-01,0.1686
2012-09-02,0.1168
2012-09-03,0.0784
2012-09-04,0.0646
2012-09-05,0.0787
2012-09-06,0.1049
2012-09-07,0.1096
2012-09-08,0.1255
2012-09-09,0.1673
2012-09-10,0.2108
2012-09-11,0.2444
2012-09-12,0.2643
2012-09-13,0.2723
2012-09-14,0.2635
2012-09-15,0.2847
2012-09-16,0.2767
2012-09-17,0.228
2012-09-18,0.2362
2012-09-19,0.2474
2012-09-20,0.2515
2012-09-21,0.2473
2012-09-22,0.2462
2012-09-23,0.2712
2012-09-24,0.3492
2012-09-25,0.4237
2012-09-26,0.4319
2012-09-27,0.4062
2012-09-28,0.3904
2012-09-29,0.3589
2012-09-30,0.3453
2012-10-01,0.3231
2012-10-02,0.2852
2012-10-03,0.2516
2012-10-04,0.2653
2012-10-05,0.3123
2012-10-06,0.359
2012-10-07,0.3879
2012-10-08,0.4034
2012-10-09,0.4449
2012-10-10,0.4254
2012-10-11,0.3747
2012-10-12,0.3457
2012-10-13,0.3317
2012-10-14,0.3595
2012-10-15,0.3594
2012-10-16,0.3726
2012-10-17,0.4415
2012-10-18,0.5196
2012-10-19,0.5576
2012-10-20,0.5748
2012-10-21,0.5738
2012-10-22,0.5782
2012-10-23,0.6048
2012-10-24,0.6054
2012-10-25,0.5942
2012-10-26,0.5561
2012-10-27,0.5294
2012-10-28,0.4785
2012-10-29,0.4531
2012-10-30,0.4546
2012-10-31,0.4507
2012-11-01,0.4279
2012-11-02,0.4286
2012-11-03,0.4126
2012-11-04,0.3743
2012-11-05,0.3635
2012-11-06,0.3676
2012-11-07,0.3857
2012-11-08,0.3465
2012-11-09,0.3571
2012-11-10,0.3851
2012-11-11,0.3942
2012-11-12,0.384
2012-11-13,0.3829
2012-11-14,0.3783
2012-11-15,0.3639
2012-11-16,0.3479
2012-11-17,0.3241
2012-11-18,0.2932
2012-11-19,0.3012
2012-11-20,0.3267
2012-11-21,0.3734
2012-11-22,0.4156
2012-11-23,0.4151
2012-11-24,0.3974
2012-11-25,0.3875
2012-11-26,0.3938
2012-11-27,0.4102
2012-11-28,0.4002
2012-11-29,0.4071
2012-11-30,0.4388
2012-12-01,0.4404
2012-12-02,0.4447
2012-12-03,0.4423
2012-12-04,0.4585
2012-12-05,0.4666
2012-12-06,0.4809
2012-12-07,0.4955
2012-12-08,0.5042
2012-12-09,0.5359
2012-12-10,0.5576
2012-12-11,0.5445
2012-12-12,0.521
2012-12-13,0.5453
2012-12-14,0.583
2012-12-15,0.5703
2012-12-16,0.568
2012-12-17,0.5638
2012-12-18,0.5494
2012-12-19,0.5248
2012-12-20,0.501
2012-12-21,0.4964
2012-12-22,0.496
2012-12-23,0.4994
2012-12-24,0.4635
2012-12-25,0.4449
2012-12-26,0.4541
2012-12-27,0.4503
2012-12-28,0.434
2012-12-29,0.3971
2012-12-30,0.3311
2012-12-31,0.2816
2013-01-01,0.2706
2013-01-02,0.2601
2013-01-03,0.278
2013-01-04,0.3076
2013-01-05,0.356
2013-01-06,0.3846
2013-01-07,0.4466
2013-01-08,0.4877
2013-01-09,0.5242
2013-01-10,0.5388
2013-01-11,0.5631
2013-01-12,0.5572
2013-01-13,0.5725
2013-01-14,0.5605
2013-01-15,0.5159
2013-01-16,0.4686
2013-01-17,0.3721
2013-01-18,0.3129
2013-01-19,0.3109
2013-01-20,0.3062
2013-01-21,0.2973
2013-01-22,0.2808
2013-01-23,0.2589
2013-01-24,0.2349
2013-01-25,0.2017
2013-01-26,0.182
2013-01-27,0.1891
2013-01-28,0.2133
2013-01-29,0.2309
2013-01-30,0.2548
2013-01-31,0.2333
2013-02-01,0.2066
2013-02-02,0.1957
2013-02-03,0.2275
2013-02-04,0.2133
2013-02-05,0.2095
2013-02-06,0.2154
2013-02-07,0.224
2013-02-08,0.2237
2013-02-09,0.2216
2013-02-10,0.2385
2013-02-11,0.2372
2013-02-12,0.2311
2013-02-13,0.1856
2013-02-14,0.1878
2013-02-15,0.2478
2013-02-16,0.2552
2013-02-17,0.283
2013-02-18,0.3421
2013-02-19,0.3717
2013-02-20,0.3891
2013-02-21,0.4405
2013-02-22,0.4404
2013-02-23,0.4146
2013-02-24,0.421
2013-02-25,0.4183
2013-02-26,0.3765
2013-02-27,0.343
2013-02-28,0.3178
2013-03-01,0.2683
2013-03-02,0.2193
2013-03-03,0.2156
2013-03-04,0.2332
2013-03-05,0.23
2013-03-06,0.2547
2013-03-07,0.2355
2013-03-08,0.2523
2013-03-09,0.2614
2013-03-10,0.2934
2013-03-11,0.3385
2013-03-12,0.3217
2013-03-13,0.2905
2013-03-14,0.2959
2013-03-15,0.2949
2013-03-16,0.2701
2013-03-17,0.2773
2013-03-18,0.2915
2013-03-19,0.2772
2013-03-20,0.3015
2013-03-21,0.3354
2013-03-22,0.3658
2013-03-23,0.4217
2013-03-24,0.4463
2013-03-25,0.4372
2013-03-26,0.4481
2013-03-27,0.4327
2013-03-28,0.4048
2013-03-29,0.4083
2013-03-30,0.4097
2013-03-31,0.3992
2013-04-01,0.3791
2013-04-02,0.3749
2013-04-03,0.377
2013-04-04,0.3505
2013-04-05,0.3284
2013-04-06,0.294
2013-04-07,0.275
2013-04-08,0.2611
2013-04-09,0.2379
2013-04-10,0.2411
2013-04-11,0.1777
2013-04-12,0.1534
2013-04-13,0.1554
2013-04-14,0.1792
2013-04-15,0.1462
2013-04-16,0.1149
2013-04-17,0.1075
2013-04-18,0.0678
2013-04-19,0.0755
2013-04-20,0.113
2013-04-21,0.1429
2013-04-22,0.1878
2013-04-23,0.2377
2013-04-24,0.2539
2013-04-25,0.2863
2013-04-26,0.305
2013-04-27,0.3153
2013-04-28,0.3036
2013-04-29,0.2766
2013-04-30,0.2575
2013-05-01,0.2538
2013-05-02,0.2378
2013-05-03,0.2216
2013-05-04,0.2031
2013-05-05,0.1815
2013-05-06,0.1558
2013-05-07,0.149
2013-05-08,0.1169
2013-05-09,0.1016
2013-05-10,0.0763
2013-05-11,0.0225
2013-05-12,-0.0012
2013-05-13,-0.0705
2013-05-14,-0.1432
2013-05-15,-0.1617
2013-05-16,-0.1163
2013-05-17,-0.1161
2013-05-18,-0.1105
2013-05-19,-0.0869
2013-05-20,-0.0785
2013-05-21,-0.046
2013-05-22,-0.0121
2013-05-23,0.0153
2013-05-24,0.0794
2013-05-25,0.1221
2013-05-26,0.1339
2013-05-27,0.146
2013-05-28,0.1412
2013-05-29,0.1111
2013-05-30,0.0801
2013-05-31,0.0417
2013-06-01,0.0119
2013-06-02,-0.0261
2013-06-03,-0.0328
2013-06-04,-0.056
2013-06-05,-0.0899
2013-06-06,-0.1506
2013-06-07,-0.2194
2013-06-08,-0.2858
2013-06-09,-0.2702
2013-06-10,-0.2756
2013-06-11,-0.2382
2013-06-12,-0.2191
2013-06-13,-0.2178
2013-06-14,-0.2071
2013-06-15,-0.1906
2013-06-16,-0.1926
2013-06-17,-0.2197
2013-06-18,-0.2664
2013-06-19,-0.2716
2013-06-20,-0.2419
2013-06-21,-0.2321
2013-06-22,-0.2025
2013-06-23,-0.1838
2013-06-24,-0.2118
2013-06-25,-0.2075
2013-06-26,-0.206
2013-06-27,-0.2048
2013-06-28,-0.1678
2013-06-29,-0.1476
2013-06-30,-0.1474
2013-07-01,-0.1484
2013-07-02,-0.1351
2013-07-03,-0.1131
2013-07-04,-0.1074
2013-07-05,-0.123
2013-07-06,-0.1304
2013-07-07,-0.1449
2013-07-08,-0.1578
2013-07-09,-0.1561
2013-07-10,-0.1488
2013-07-11,-0.1645
2013-07-12,-0.1982
2013-07-13,-0.2029
2013-07-14,-0.2202
2013-07-15,-0.2697
2013-07-16,-0.2975
2013-07-17,-0.2842
2013-07-18,-0.243
2013-07-19,-0.2392
2013-07-20,-0.2548
2013-07-21,-0.2765
2013-07-22,-0.2815
2013-07-23,-0.2728
2013-07-24,-0.2782
2013-07-25,-0.2835
2013-07-26,-0.2795
2013-07-27,-0.284
2013-07-28,-0.2598
2013-07-29,-0.2469
2013-07-30,-0.2502
2013-07-31,-0.2726
2013-08-01,-0.3104
2013-08-02,-0.3491
2013-08-03,-0.3598
2013-08-04,-0.346
2013-08-05,-0.3349
2013-08-06,-0.3093
2013-08-07,-0.253
2013-08-08,-0.2095
2013-08-09,-0.1506
2013-08-10,-0.0938
2013-08-11,-0.0863
2013-08-12,-0.0781
2013-08-13,-0.0627
2013-08-14,-0.0322
2013-08-15,0.0396
2013-08-16,0.0964
2013-08-17,0.1213
2013-08-18,0.1335
2013-08-19,0.1461
2013-08-20,0.1586
2013-08-21,0.1381
2013-08-22,0.1162
2013-08-23,0.0972
2013-08-24,0.0743
2013-08-25,0.0473
2013-08-26,0.0323
2013-08-27,0.0095
2013-08-28,0.0135
2013-08-29,0.0081
2013-08-30,0.0114
2013-08-31,0.0204
2013-09-01,0.0124
2013-09-02,0.0087
2013-09-03,0.0453
2013-09-04,0.0855
2013-09-05,0.0958
2013-09-06,0.0701
2013-09-07,0.0814
2013-09-08,0.0726
2013-09-09,0.0596
2013-09-10,0.0491
2013-09-11,0.0296
2013-09-12,0.018
2013-09-13,0.0387
2013-09-14,0.072
2013-09-15,0.0808
2013-09-16,0.0722
2013-09-17,0.0705
2013-09-18,0.0819
2013-09-19,0.0886
2013-09-20,0.0785
2013-09-21,0.0714
2013-09-22,0.067
2013-09-23,0.059
2013-09-24,0.069
2013-09-25,0.0785
2013-09-26,0.1523
2013-09-27,0.2044
2013-09-28,0.2329
2013-09-29,0.2274
2013-09-30,0.1895
2013-10-01,0.1413
2013-10-02,0.1355
2013-10-03,0.1166
2013-10-04,0.1182
2013-10-05,0.0953
2013-10-06,0.0854
2013-10-07,0.0899
2013-10-08,0.1019
2013-10-09,0.1317
2013-10-10,0.1466
2013-10-11,0.1174
2013-10-12,0.0772
2013-10-13,0.0652
2013-10-14,0.0708
2013-10-15,0.1053
2013-10-16,0.1832
2013-10-17,0.2152
2013-10-18,0.2471
2013-10-19,0.3038
2013-10-20,0.3509
2013-10-21,0.4202
2013-10-22,0.4173
2013-10-23,0.4067
2013-10-24,0.3828
2013-10-25,0.3885
2013-10-26,0.4052
2013-10-27,0.4133
2013-10-28,0.4696
2013-10-29,0.5426
2013-10-30,0.5938
2013-10-31,0.6319
2013-11-01,0.6646
2013-11-02,0.6488
2013-11-03,0.6398
2013-11-04,0.6033
2013-11-05,0.5216
2013-11-06,0.494
2013-11-07,0.462
2013-11-08,0.4467
2013-11-09,0.4324
2013-11-10,0.4229
2013-11-11,0.4018
2013-11-12,0.408
2013-11-13,0.4441
2013-11-14,0.4822
2013-11-15,0.4959
2013-11-16,0.5137
2013-11-17,0.5383
2013-11-18,0.5719
2013-11-19,0.6084
2013-11-20,0.6423
2013-11-21,0.6739
2013-11-22,0.7053
2013-11-23,0.7163
2013-11-24,0.7209
2013-11-25,0.7139
2013-11-26,0.681
2013-11-27,0.6706
2013-11-28,0.6358
2013-11-29,0.6041
2013-11-30,0.5833
2013-12-01,0.5406
2013-12-02,0.52
2013-12-03,0.4936
2013-12-04,0.4958
2013-12-05,0.501
2013-12-06,0.4749
2013-12-07,0.4108
2013-12-08,0.3241
2013-12-09,0.2842
2013-12-10,0.2683
2013-12-11,0.2521
2013-12-12,0.2529
2013-12-13,0.252
2013-12-14,0.2505
2013-12-15,0.2578
2013-12-16,0.2135
2013-12-17,0.1673
2013-12-18,0.1443
2013-12-19,0.1169
2013-12-20,0.0851
2013-12-21,0.0603
2013-12-22,0.0193
2013-12-23,-0.0005
2013-12-24,0.0185
2013-12-25,0.0446
2013-12-26,0.0696
2013-12-27,0.0533
2013-12-28,0.028
2013-12-29,0.0392
2013-12-30,0.0313
2013-12-31,0.0214
2014-01-01,0.0303
2014-01-02,0.0338
2014-01-03,0.0574
2014-01-04,0.0837
2014-01-05,0.128
2014-01-06,0.1628
2014-01-07,0.163
2014-01-08,0.1234
2014-01-09,0.0774
2014-01-10,0.0483
2014-01-11,0.0623
2014-01-12,0.074
2014-01-13,0.088
2014-01-14,0.1288
2014-01-15,0.1264
2014-01-16,0.1558
2014-01-17,0.1588
2014-01-18,0.1652
2014-01-19,0.1756
2014-01-20,0.2009
2014-01-21,0.2259
2014-01-22,0.2391
2014-01-23,0.2452
2014-01-24,0.23
2014-01-25,0.2015
2014-01-26,0.1841
2014-01-27,0.1721
2014-01-28,0.1803
2014-01-29,0.1888
2014-01-30,0.2136
2014-01-31,0.2217
2014-02-01,0.2081
2014-02-02,0.1869
2014-02-03,0.1882
2014-02-04,0.1714
2014-02-05,0.1607
2014-02-06,0.1118
2014-02-07,0.0729
2014-02-08,0.052
2014-02-09,0.0507
2014-02-10,0.0542
2014-02-11,0.0699
2014-02-12,0.108
2014-02-13,0.0908
2014-02-14,0.0708
2014-02-15,0.0944
2014-02-16,0.097
2014-02-17,0.1251
2014-02-18,0.104
2014-02-19,0.1015
2014-02-20,0.126
2014-02-21,0.1339
2014-02-22,0.1252
2014-02-23,0.11
2014-02-24,0.1443
2014-02-25,0.1633
2014-02-26,0.1467
2014-02-27,0.1406
2014-02-28,0.149
2014-03-01,0.1273
2014-03-02,0.1182
2014-03-03,0.1212
2014-03-04,0.1212
2014-03-05,0.118
2014-03-06,0.1284
2014-03-07,0.1252
2014-03-08,0.136
2014-03-09,0.1823
2014-03-10,0.1906
2014-03-11,0.2145
2014-03-12,0.2138
2014-03-13,0.2085
2014-03-14,0.1986
2014-03-15,0.1884
2014-03-16,0.187
2014-03-17,0.1503
2014-03-18,0.1297
2014-03-19,0.1545
2014-03-20,0.2093
2014-03-21,0.2418
2014-03-22,0.2381
2014-03-23,0.236
2014-03-24,0.2168
2014-03-25,0.1872
2014-03-26,0.1647
2014-03-27,0.1935
2014-03-28,0.2285
2014-03-29,0.2514
2014-03-30,0.2942
2014-03-31,0.3457
2014-04-01,0.3434
2014-04-02,0.3278
2014-04-03,0.3047
2014-04-04,0.2925
2014-04-05,0.2811
2014-04-06,0.2698
2014-04-07,0.2933
2014-04-08,0.3328
2014-04-09,0.3847
2014-04-10,0.3971
2014-04-11,0.3596
2014-04-12,0.3546
2014-04-13,0.3984
2014-04-14,0.4371
2014-04-15,0.4663
2014-04-16,0.4536
2014-04-17,0.4483
2014-04-18,0.4162
2014-04-19,0.4266
2014-04-20,0.4453
2014-04-21,0.5077
2014-04-22,0.5478
2014-04-23,0.5676
2014-04-24,0.5562
2014-04-25,0.5582
2014-04-26,0.5761
2014-04-27,0.6065
2014-04-28,0.6277
2014-04-29,0.6045
2014-04-30,0.5853
2014-05-01,0.5403
2014-05-02,0.5107
2014-05-03,0.4979
2014-05-04,0.4574
2014-05-05,0.4208
2014-05-06,0.4203
2014-05-07,0.4037
2014-05-08,0.3759
2014-05-09,0.3722
2014-05-10,0.4132
2014-05-11,0.444
2014-05-12,0.4577
2014-05-13,0.4572
2014-05-14,0.4445
2014-05-15,0.3993
2014-05-16,0.3881
2014-05-17,0.4058
2014-05-18,0.4306
2014-05-19,0.4392
2014-05-20,0.4344
2014-05-21,0.4142
2014-05-22,0.4347
2014-05-23,0.452
2014-05-24,0.4523
2014-05-25,0.419
2014-05-26,0.4007
2014-05-27,0.4012
2014-05-28,0.4583
2014-05-29,0.5089
2014-05-30,0.509
2014-05-31,0.5047
2014-06-01,0.5009
2014-06-02,0.5046
2014-06-03,0.5252
2014-06-04,0.5691
2014-06-05,0.5914
2014-06-06,0.5948
2014-06-07,0.5911
2014-06-08,0.5765
2014-06-09,0.5316
2014-06-10,0.4752
2014-06-11,0.4719
2014-06-12,0.4457
2014-06-13,0.3939
2014-06-14,0.3795
2014-06-15,0.3757
2014-06-16,0.3848
2014-06-17,0.3914
2014-06-18,0.368
2014-06-19,0.3674
2014-06-20,0.3591
2014-06-21,0.3243
2014-06-22,0.2942
2014-06-23,0.2529
2014-06-24,0.2093
2014-06-25,0.1792
2014-06-26,0.1986
2014-06-27,0.1876
2014-06-28,0.1847
2014-06-29,0.2066
2014-06-30,0.2254
2014-07-01,0.232
2014-07-02,0.2163
2014-07-03,0.2244
2014-07-04,0.2294
2014-07-05,0.157
2014-07-06,0.1229
2014-07-07,0.1351
2014-07-08,0.166
2014-07-09,0.1648
2014-07-10,0.1575
2014-07-11,0.1731
2014-07-12,0.1961
2014-07-13,0.2103
2014-07-14,0.2272
2014-07-15,0.2182
2014-07-16,0.1772
2014-07-17,0.1294
2014-07-18,0.1193
2014-07-19,0.0951
2014-07-20,0.0468
2014-07-21,0.0152
2014-07-22,0.0328
2014-07-23,0.0421
2014-07-24,0.0588
2014-07-25,0.0855
2014-07-26,0.1038
2014-07-27,0.1059
2014-07-28,0.1141
2014-07-29,0.0979
2014-07-30,0.0721
2014-07-31,0.054
2014-08-01,0.0525
2014-08-02,0.0633
2014-08-03,0.0566
2014-08-04,0.0602
2014-08-05,0.0104
2014-08-06,-0.0307
2014-08-07,-0.008
2014-08-08,0.0271
2014-08-09,0.0729
2014-08-10,0.1325
2014-08-11,0.171
2014-08-12,0.1891
2014-08-13,0.1872
2014-08-14,0.1765
2014-08-15,0.1736
2014-08-16,0.2045
2014-08-17,0.1935
2014-08-18,0.1809
2014-08-19,0.162
2014-08-20,0.1553
2014-08-21,0.1779
2014-08-22,0.1632
2014-08-23,0.1695
2014-08-24,0.2184
2014-08-25,0.3029
2014-08-26,0.3489
2014-08-27,0.3527
2014-08-28,0.3322
2014-08-29,0.2969
2014-08-30,0.2786
2014-08-31,0.2567
2014-09-01,0.2546
2014-09-02,0.2706
2014-09-03,0.2897
2014-09-04,0.3252
2014-09-05,0.3218
2014-09-06,0.2707
2014-09-07,0.2078
2014-09-08,0.1757
2014-09-09,0.1782
2014-09-10,0.1851
2014-09-11,0.1916
2014-09-12,0.219
2014-09-13,0.2387
2014-09-14,0.2682
2014-09-15,0.2485
2014-09-16,0.2016
2014-09-17,0.1674
2014-09-18,0.1293
2014-09-19,0.1166
2014-09-20,0.1071
2014-09-21,0.111
2014-09-22,0.1003
2014-09-23,0.1366
2014-09-24,0.1783
2014-09-25,0.1921
2014-09-26,0.2048
2014-09-27,0.2285
2014-09-28,0.2265
2014-09-29,0.248
2014-09-30,0.2836
2014-10-01,0.3368
2014-10-02,0.4105
2014-10-03,0.5162
2014-10-04,0.5526
2014-10-05,0.5883
2014-10-06,0.571
2014-10-07,0.5424
2014-10-08,0.5088
2014-10-09,0.4875
2014-10-10,0.463
2014-10-11,0.4221
2014-10-12,0.3515
2014-10-13,0.3615
2014-10-14,0.4199
2014-10-15,0.4695
2014-10-16,0.5182
2014-10-17,0.5334
2014-10-18,0.5274
2014-10-19,0.5371
2014-10-20,0.5493
2014-10-21,0.5576
2014-10-22,0.5916
2014-10-23,0.584
2014-10-24,0.5876
2014-10-25,0.6146
2014-10-26,0.5921
2014-10-27,0.583
2014-10-28,0.5779
2014-10-29,0.5664
2014-10-30,0.5716
2014-10-31,0.5713
2014-11-01,0.5746
2014-11-02,0.5997
2014-11-03,0.6165
2014-11-04,0.5968
2014-11-05,0.5438
2014-11-06,0.5034
2014-11-07,0.4816
2014-11-08,0.4765
2014-11-09,0.4523
2014-11-10,0.431
2014-11-11,0.4059
2014-11-12,0.4028
2014-11-13,0.3967
2014-11-14,0.4083
2014-11-15,0.4044
2014-11-16,0.4301
2014-11-17,0.4692
2014-11-18,0.4967
2014-11-19,0.5212
2014-11-20,0.5171
2014-11-21,0.5424
2014-11-22,0.5677
2014-11-23,0.5889
2014-11-24,0.5959
2014-11-25,0.5746
2014-11-26,0.5566
2014-11-27,0.5568
2014-11-28,0.5768
2014-11-29,0.5952
2014-11-30,0.6193
2014-12-01,0.6447
2014-12-02,0.633
2014-12-03,0.5951
2014-12-04,0.5564
2014-12-05,0.5503
2014-12-06,0.5806
2014-12-07,0.618
2014-12-08,0.6568
2014-12-09,0.66
2014-12-10,0.6503
2014-12-11,0.6283
2014-12-12,0.6195
2014-12-13,0.6099
2014-12-14,0.5731
2014-12-15,0.5776
2014-12-16,0.577
2014-12-17,0.5807
2014-12-18,0.5689
2014-12-19,0.5533
2014-12-20,0.5235
2014-12-21,0.5315
2014-12-22,0.512
2014-12-23,0.5032
2014-12-24,0.519
2014-12-25,0.5
2014-12-26,0.4508
2014-12-27,0.3995
2014-12-28,0.351
2014-12-29,0.3167
2014-12-30,0.2852
2014-12-31,0.3175
2015-01-01,0.3377
2015-01-02,0.332
2015-01-03,0.3349
2015-01-04,0.3558
2015-01-05,0.3626
2015-01-06,0.3675
2015-01-07,0.3777
2015-01-08,0.3749
2015-01-09,0.3553
2015-01-10,0.3427
2015-01-11,0.3207
2015-01-12,0.2848
2015-01-13,0.2529
2015-01-14,0.2319
2015-01-15,0.1743
2015-01-16,0.1336
2015-01-17,0.1393
2015-01-18,0.1349
2015-01-19,0.1151
2015-01-20,0.1029
2015-01-21,0.0818
2015-01-22,0.0418
2015-01-23,0.0342
2015-01-24,0.0442
2015-01-25,0.0283
2015-01-26,0.0043
2015-01-27,-0.0309
2015-01-28,-0.0509
2015-01-29,-0.0265
2015-01-30,0.0048
2015-01-31,0.0006
2015-02-01,0.0119
2015-02-02,0.0488
2015-02-03,0.0719
2015-02-04,0.1251
2015-02-05,0.1792
2015-02-06,0.2119
2015-02-07,0.224
2015-02-08,0.1982
2015-02-09,0.1476
2015-02-10,0.1209
2015-02-11,0.0936
2015-02-12,0.0805
2015-02-13,0.0859
2015-02-14,0.1048
2015-02-15,0.1139
2015-02-16,0.0583
2015-02-17,0.0418
2015-02-18,0.0663
2015-02-19,0.0836
2015-02-20,0.0815
2015-02-21,0.0932
2015-02-22,0.1114
2015-02-23,0.0644
2015-02-24,0.0462
2015-02-25,0.0342
2015-02-26,0.0319
2015-02-27,0.09
2015-02-28,0.1198
2015-03-01,0.1554
2015-03-02,0.1815
2015-03-03,0.1764
2015-03-04,0.1704
2015-03-05,0.201
2015-03-06,0.2288
2015-03-07,0.2359
2015-03-08,0.2356
2015-03-09,0.261
2015-03-10,0.2959
2015-03-11,0.3433
2015-03-12,0.4013
2015-03-13,0.422
2015-03-14,0.4485
2015-03-15,0.4474
2015-03-16,0.3709
2015-03-17,0.3611
2015-03-18,0.4448
2015-03-19,0.4749
2015-03-20,0.5134
2015-03-21,0.5126
2015-03-22,0.5143
2015-03-23,0.5364
2015-03-24,0.5387
2015-03-25,0.5375
2015-03-26,0.5658
2015-03-27,0.61
2015-03-28,0.6277
2015-03-29,0.645
2015-03-30,0.6444
2015-03-31,0.6517
2015-04-01,0.6752
2015-04-02,0.6992
2015-04-03,0.6547
2015-04-04,0.5755
2015-04-05,0.5834
2015-04-06,0.5784
2015-04-07,0.5073
2015-04-08,0.4766
2015-04-09,0.4747
2015-04-10,0.451
2015-04-11,0.434
2015-04-12,0.445
2015-04-13,0.4178
2015-04-14,0.3601
2015-04-15,0.371
2015-04-16,0.3618
2015-04-17,0.3568
2015-04-18,0.3927
2015-04-19,0.416
2015-04-20,0.4616
2015-04-21,0.4795
2015-04-22,0.5338
2015-04-23,0.589
2015-04-24,0.6196
2015-04-25,0.6455
2015-04-26,0.675
2015-04-27,0.6888
2015-04-28,0.7062
2015-04-29,0.702
2015-04-30,0.6842
2015-05-01,0.6903
2015-05-02,0.7019
2015-05-03,0.6748
2015-05-04,0.6536
2015-05-05,0.6449
2015-05-06,0.6712
2015-05-07,0.674
2015-05-08,0.6222
2015-05-09,0.5893
2015-05-10,0.5781
2015-05-11,0.5566
2015-05-12,0.5434
2015-05-13,0.5116
2015-05-14,0.4996
2015-05-15,0.4923
2015-05-16,0.4924
2015-05-17,0.4917
2015-05-18,0.4957
2015-05-19,0.5294
2015-05-20,0.5638
2015-05-21,0.5498
2015-05-22,0.5463
2015-05-23,0.5538
2015-05-24,0.592
2015-05-25,0.6327
2015-05-26,0.6776
2015-05-27,0.6852
2015-05-28,0.6727
2015-05-29,0.6698
2015-05-30,0.6838
2015-05-31,0.6929
2015-06-01,0.6874
2015-06-02,0.6743
2015-06-03,0.6937
2015-06-04,0.7346
2015-06-05,0.7953
2015-06-06,0.8441
2015-06-07,0.8527
2015-06-08,0.8527
2015-06-09,0.8523
2015-06-10,0.7896
2015-06-11,0.7572
2015-06-12,0.716
2015-06-13,0.6617
2015-06-14,0.5913
2015-06-15,0.551
2015-06-16,0.5068
2015-06-17,0.4975
2015-06-18,0.4796
2015-06-19,0.4811
2015-06-20,0.495
2015-06-21,0.4598
2015-06-22,0.4338
2015-06-23,0.3959
2015-06-24,0.3744
2015-06-25,0.3837
2015-06-26,0.4253
2015-06-27,0.4189
2015-06-28,0.4614
2015-06-29,0.5019
2015-06-30,0.5687
2015-07-01,0.6606
2015-07-02,0.7307
2015-07-03,0.76
2015-07-04,0.7679
2015-07-05,0.7273
2015-07-06,0.6777
2015-07-07,0.6684
2015-07-08,0.6517
2015-07-09,0.5906
2015-07-10,0.5182
2015-07-11,0.4744
2015-07-12,0.4596
2015-07-13,0.4491
2015-07-14,0.4494
2015-07-15,0.4559
2015-07-16,0.452
2015-07-17,0.434
2015-07-18,0.4257
2015-07-19,0.4267
2015-07-20,0.4598
2015-07-21,0.4917
2015-07-22,0.4993
2015-07-23,0.5077
2015-07-24,0.5289
2015-07-25,0.554
2015-07-26,0.5773
2015-07-27,0.5895
2015-07-28,0.63
2015-07-29,0.6466
2015-07-30,0.6606
2015-07-31,0.6586
2015-08-01,0.7344
2015-08-02,0.7784
2015-08-03,0.767
2015-08-04,0.7596
2015-08-05,0.7659
2015-08-06,0.775
2015-08-07,0.758
2015-08-08,0.73
2015-08-09,0.7037
2015-08-10,0.6867
2015-08-11,0.6707
2015-08-12,0.6584
2015-08-13,0.6685
2015-08-14,0.6858
2015-08-15,0.7046
2015-08-16,0.7285
2015-08-17,0.7529
2015-08-18,0.7686
2015-08-19,0.8151
2015-08-20,0.8536
2015-08-21,0.869
2015-08-22,0.8233
2015-08-23,0.7721
2015-08-24,0.7643
2015-08-25,0.7822
2015-08-26,0.7893
2015-08-27,0.7499
2015-08-28,0.7519
2015-08-29,0.7564
2015-08-30,0.7595
2015-08-31,0.7399
2015-09-01,0.6917
2015-09-02,0.6478
2015-09-03,0.6204
2015-09-04,0.6442
2015-09-05,0.6609
2015-09-06,0.6809
2015-09-07,0.7398
2015-09-08,0.8139
2015-09-09,0.8145
2015-09-10,0.8219
2015-09-11,0.8598
2015-09-12,0.9134
2015-09-13,0.9396
2015-09-14,0.9496
2015-09-15,0.9273
2015-09-16,0.8962
2015-09-17,0.8662
2015-09-18,0.8248
2015-09-19,0.789
2015-09-20,0.7863
2015-09-21,0.7868
2015-09-22,0.8029
2015-09-23,0.8394
2015-09-24,0.8911
2015-09-25,0.9262
2015-09-26,0.9309
2015-09-27,0.9061
2015-09-28,0.8649
2015-09-29,0.8703
2015-09-30,0.8822
2015-10-01,0.9014
2015-10-02,0.9256
2015-10-03,0.9652
2015-10-04,0.9597
2015-10-05,0.9559
2015-10-06,0.9687
2015-10-07,0.9726
2015-10-08,0.977
2015-10-09,0.9625
2015-10-10,0.9662
2015-10-11,0.9889
2015-10-12,1.0039
2015-10-13,1.0113
2015-10-14,1.0287
2015-10-15,1.0625
2015-10-16,1.0968
2015-10-17,1.097
2015-10-18,1.0744
2015-10-19,1.0752
2015-10-20,1.0532
2015-10-21,1.0549
2015-10-22,1.0403
2015-10-23,1.0381
2015-10-24,1.0414
2015-10-25,1.0296
2015-10-26,1.0361
2015-10-27,1.0402
2015-10-28,1.0602
2015-10-29,1.0439
2015-10-30,1.0063
2015-10-31,0.97
2015-11-01,0.8977
2015-11-02,0.8608
2015-11-03,0.8581
2015-11-04,0.8641
2015-11-05,0.8726
2015-11-06,0.8563
2015-11-07,0.8092
2015-11-08,0.7625
2015-11-09,0.7205
2015-11-10,0.6682
2015-11-11,0.6446
2015-11-12,0.6345
2015-11-13,0.6111
2015-11-14,0.607
2015-11-15,0.6039
2015-11-16,0.6076
2015-11-17,0.5985
2015-11-18,0.6094
2015-11-19,0.6038
2015-11-20,0.6283
2015-11-21,0.6317
2015-11-22,0.6481
2015-11-23,0.692
2015-11-24,0.7791
2015-11-25,0.8315
2015-11-26,0.8636
2015-11-27,0.8862
2015-11-28,0.9033
2015-11-29,0.913
2015-11-30,0.896
2015-12-01,0.913
2015-12-02,0.9242
2015-12-03,0.9229
2015-12-04,0.9177
2015-12-05,0.9086
2015-12-06,0.9176
2015-12-07,0.9301
2015-12-08,0.9076
2015-12-09,0.8606
2015-12-10,0.8063
2015-12-11,0.7691
2015-12-12,0.796
2015-12-13,0.9034
2015-12-14,1.0266
2015-12-15,1.0794
2015-12-16,1.1017
2015-12-17,1.1089
2015-12-18,1.0711
2015-12-19,1.0464
2015-12-20,1.0131
2015-12-21,0.9903
2015-12-22,0.9841
2015-12-23,1.0
2015-12-24,1.024
2015-12-25,1.0162
2015-12-26,0.9924
2015-12-27,0.9683
2015-12-28,0.9504
2015-12-29,0.9288
2015-12-30,0.9437
2015-12-31,0.9676
2016-01-01,1.018
2016-01-02,1.0478
2016-01-03,1.054
2016-01-04,1.054
2016-01-05,1.0528
2016-01-06,1.048
2016-01-07,1.0415
2016-01-08,1.0294
2016-01-09,1.0124
2016-01-10,1.0621
2016-01-11,1.0569
2016-01-12,1.0237
2016-01-13,1.0281
2016-01-14,1.0524
2016-01-15,1.0712
2016-01-16,1.0843
2016-01-17,1.0845
2016-01-18,1.0899
2016-01-19,1.0629
2016-01-20,1.0129
2016-01-21,0.9658
2016-01-22,0.9188
2016-01-23,0.9088
2016-01-24,0.9149
2016-01-25,0.9253
2016-01-26,0.9394
2016-01-27,0.9604
2016-01-28,0.9547
2016-01-29,0.9249
2016-01-30,0.8488
2016-01-31,0.774
2016-02-01,0.7412
2016-02-02,0.7431
2016-02-03,0.7389
2016-02-04,0.7531
2016-02-05,0.7689
2016-02-06,0.7443
2016-02-07,0.7175
2016-02-08,0.703
2016-02-09,0.6946
2016-02-10,0.7095
2016-02-11,0.707
2016-02-12,0.7302
2016-02-13,0.7377
2016-02-14,0.7672
2016-02-15,0.7897
2016-02-16,0.7872
2016-02-17,0.7603
2016-02-18,0.7271
2016-02-19,0.7361
2016-02-20,0.7502
2016-02-21,0.7437
2016-02-22,0.778
2016-02-23,0.8279
2016-02-24,0.8457
2016-02-25,0.8697
2016-02-26,0.8696
2016-02-27,0.9101
2016-02-28,0.941
2016-02-29,0.9456
2016-03-01,0.9164
2016-03-02,0.9495
2016-03-03,0.9567
2016-03-04,0.9619
2016-03-05,0.972
2016-03-06,1.0192
2016-03-07,1.0422
2016-03-08,1.0838
2016-03-09,1.1239
2016-03-10,1.1532
2016-03-11,1.1775
2016-03-12,1.183
2016-03-13,1.1563
2016-03-14,1.1584
2016-03-15,1.1874
2016-03-16,1.1708
2016-03-17,1.1504
2016-03-18,1.1345
2016-03-19,1.1509
2016-03-20,1.11
2016-03-21,1.0711
2016-03-22,1.0584
2016-03-23,1.0605
2016-03-24,1.0681
2016-03-25,1.0542
2016-03-26,1.0608
2016-03-27,1.0674
2016-03-28,1.1127
2016-03-29,1.1635
2016-03-30,1.196
2016-03-31,1.2244
2016-04-01,1.2376
2016-04-02,1.2171
2016-04-03,1.2114
2016-04-04,1.1816
2016-04-05,1.1737
2016-04-06,1.1733
2016-04-07,1.1515
2016-04-08,1.1548
2016-04-09,1.1383
2016-04-10,1.1466
2016-04-11,1.125
2016-04-12,1.0672
2016-04-13,1.0442
2016-04-14,1.0496
2016-04-15,1.0515
2016-04-16,1.0652
2016-04-17,1.0678
2016-04-18,1.055
2016-04-19,1.0655
2016-04-20,1.1586
2016-04-21,1.1844
2016-04-22,1.2108
2016-04-23,1.1851
2016-04-24,1.2209
2016-04-25,1.2214
2016-04-26,1.2324
2016-04-27,1.2368
2016-04-28,1.2298
2016-04-29,1.2215
2016-04-30,1.2903
2016-05-01,1.3151
2016-05-02,1.2657
2016-05-03,1.2786
2016-05-04,1.2908
2016-05-05,1.2748
2016-05-06,1.2454
2016-05-07,1.1981
2016-05-08,1.1595
2016-05-09,1.1068
2016-05-10,1.0718
2016-05-11,1.0566
2016-05-12,1.0414
2016-05-13,1.0559
2016-05-14,1.042
2016-05-15,1.0314
2016-05-16,0.9625
2016-05-17,0.9296
2016-05-18,0.8945
2016-05-19,0.8435
2016-05-20,0.7791
2016-05-21,0.7193
2016-05-22,0.7316
2016-05-23,0.6824
2016-05-24,0.6825
2016-05-25,0.6587
2016-05-26,0.5997
2016-05-27,0.6401
2016-05-28,0.6209
2016-05-29,0.6615
2016-05-30,0.6318
2016-05-31,0.6239
2016-06-01,0.5945
2016-06-02,0.6363
2016-06-03,0.6426
2016-06-04,0.6265
2016-06-05,0.6045
2016-06-06,0.5735
2016-06-07,0.5455
2016-06-08,0.5555
2016-06-09,0.5568
2016-06-10,0.5163
2016-06-11,0.5442
2016-06-12,0.5042
2016-06-13,0.5261
2016-06-14,0.5009
2016-06-15,0.4839
2016-06-16,0.4038
2016-06-17,0.3628
2016-06-18,0.34
2016-06-19,0.3029
2016-06-20,0.2875
2016-06-21,0.2441
2016-06-22,0.2487
2016-06-23,0.256
2016-06-24,0.2274
2016-06-25,0.206
2016-06-26,0.2171
2016-06-27,0.2142
2016-06-28,0.2029
2016-06-29,0.2085
2016-06-30,0.2395
2016-07-01,0.2471
2016-07-02,0.2296
2016-07-03,0.2246
2016-07-04,0.2248
2016-07-05,0.2636
2016-07-06,0.281
2016-07-07,0.3026
2016-07-08,0.2878
2016-07-09,0.2464
2016-07-10,0.1993
2016-07-11,0.1708
2016-07-12,0.1465
2016-07-13,0.1579
2016-07-14,0.1645
2016-07-15,0.1643
2016-07-16,0.1549
2016-07-17,0.1434
2016-07-18,0.1372
2016-07-19,0.1635
2016-07-20,0.1583
2016-07-21,0.1344
2016-07-22,0.1084
2016-07-23,0.0811
2016-07-24,0.0541
2016-07-25,0.0517
2016-07-26,0.0812
2016-07-27,0.1083
2016-07-28,0.1252
2016-07-29,0.1531
2016-07-30,0.1879
2016-07-31,0.2276
2016-08-01,0.2566
2016-08-02,0.2699
2016-08-03,0.2856
2016-08-04,0.3167
2016-08-05,0.3351
2016-08-06,0.3303
2016-08-07,0.3045
2016-08-08,0.3013
2016-08-09,0.3026
2016-08-10,0.3243
2016-08-11,0.3341
2016-08-12,0.352
2016-08-13,0.3566
2016-08-14,0.3837
2016-08-15,0.3786
2016-08-16,0.3481
2016-08-17,0.3039
2016-08-18,0.2482
2016-08-19,0.2257
2016-08-20,0.234
2016-08-21,0.2342
2016-08-22,0.2539
2016-08-23,0.2831
2016-08-24,0.2617
2016-08-25,0.2263
2016-08-26,0.1883
2016-08-27,0.1649
2016-08-28,0.1373
2016-08-29,0.1128
2016-08-30,0.107
2016-08-31,0.0914
2016-09-01,0.0797
2016-09-02,0.0665
2016-09-03,0.0699
2016-09-04,0.0466
2016-09-05,0.0286
2016-09-06,0.023
2016-09-07,0.0112
2016-09-08,0.0423
2016-09-09,0.0764
2016-09-10,0.099
2016-09-11,0.0953
2016-09-12,0.075
2016-09-13,0.0545
2016-09-14,0.0828
2016-09-15,0.1254
2016-09-16,0.1329
2016-09-17,0.1003
2016-09-18,0.0883
2016-09-19,0.0999
2016-09-20,0.1029
2016-09-21,0.0803
2016-09-22,0.0813
2016-09-23,0.0644
2016-09-24,0.0412
2016-09-25,0.041
2016-09-26,0.0335
2016-09-27,0.0112
2016-09-28,-0.0174
2016-09-29,-0.0508
2016-09-30,-0.0524
2016-10-01,-0.01
2016-10-02,0.061
2016-10-03,0.1233
2016-10-04,0.1823
2016-10-05,0.1872
2016-10-06,0.1855
2016-10-07,0.1765
2016-10-08,0.1538
2016-10-09,0.1399
2016-10-10,0.1476
2016-10-11,0.1493
2016-10-12,0.1266
2016-10-13,0.1079
2016-10-14,0.1111
2016-10-15,0.1153
2016-10-16,0.1436
2016-10-17,0.1806
2016-10-18,0.2012
2016-10-19,0.1972
2016-10-20,0.165
2016-10-21,0.1687
2016-10-22,0.1549
2016-10-23,0.1494
2016-10-24,0.1677
2016-10-25,0.1822
2016-10-26,0.2064
2016-10-27,0.2502
2016-10-28,0.2787
2016-10-29,0.2714
2016-10-30,0.2894
2016-10-31,0.3077
2016-11-01,0.3081
2016-11-02,0.2801
2016-11-03,0.2586
2016-11-04,0.2085
2016-11-05,0.1465
2016-11-06,0.0938
2016-11-07,0.0537
2016-11-08,0.0513
2016-11-09,0.0841
2016-11-10,0.1376
2016-11-11,0.1876
2016-11-12,0.199
2016-11-13,0.202
2016-11-14,0.1793
2016-11-15,0.1176
2016-11-16,0.089
2016-11-17,0.0647
2016-11-18,0.0571
2016-11-19,0.0808
2016-11-20,0.0945
2016-11-21,0.1092
2016-11-22,0.1056
2016-11-23,0.1087
2016-11-24,0.104
2016-11-25,0.1245
2016-11-26,0.1271
2016-11-27,0.1427
2016-11-28,0.1566
2016-11-29,0.1777
2016-11-30,0.2345
2016-12-01,0.2965
2016-12-02,0.3358
2016-12-03,0.359
2016-12-04,0.367
2016-12-05,0.3541
2016-12-06,0.3395
2016-12-07,0.3314
2016-12-08,0.3351
2016-12-09,0.3294
2016-12-10,0.3199
2016-12-11,0.3066
2016-12-12,0.2755
2016-12-13,0.2672
2016-12-14,0.2601
2016-12-15,0.2554
2016-12-16,0.2613
2016-12-17,0.2383
2016-12-18,0.2383
2016-12-19,0.2374
2016-12-20,0.2279
2016-12-21,0.2388
2016-12-22,0.2366
2016-12-23,0.1992
2016-12-24,0.1984
2016-12-25,0.2081
2016-12-26,0.1807
2016-12-27,0.1682
2016-12-28,0.1733
2016-12-29,0.162
2016-12-30,0.1862
2016-12-31,0.2139
2017-01-01,0.2246
2017-01-02,0.209
2017-01-03,0.1841
2017-01-04,0.142
2017-01-05,0.1099
2017-01-06,0.0822
2017-01-07,0.03
2017-01-08,-0.0239
2017-01-09,-0.0209
2017-01-10,0.0034
2017-01-11,-0.0147
2017-01-12,-0.0284
2017-01-13,-0.047
2017-01-14,-0.0148
2017-01-15,-0.0166
2017-01-16,0.0084
2017-01-17,-0.0338
2017-01-18,-0.0625
2017-01-19,-0.085
2017-01-20,-0.0661
2017-01-21,0.0067
2017-01-22,0.0225
2017-01-23,0.0062
2017-01-24,0.0125
2017-01-25,0.0268
2017-01-26,0.0025
2017-01-27,0.0136
2017-01-28,0.0083
2017-01-29,0.0342
2017-01-30,0.0463
2017-01-31,0.0454
2017-02-01,0.0587
2017-02-02,0.1016
2017-02-03,0.0533
2017-02-04,0.0125
2017-02-05,0.0181
2017-02-06,0.0491
2017-02-07,0.0675
2017-02-08,0.0164
2017-02-09,0.0369
2017-02-10,0.0964
2017-02-11,0.1588
2017-02-12,0.2092
2017-02-13,0.2567
2017-02-14,0.254
2017-02-15,0.259
2017-02-16,0.2569
2017-02-17,0.2841
2017-02-18,0.2665
2017-02-19,0.2157
2017-02-20,0.1515
2017-02-21,0.1434
2017-02-22,0.1318
2017-02-23,0.1804
2017-02-24,0.215
2017-02-25,0.2191
2017-02-26,0.1875
2017-02-27,0.1203
2017-02-28,0.0831
2017-03-01,0.0795
2017-03-02,0.0672
2017-03-03,0.0964
2017-03-04,0.1196
2017-03-05,0.1463
2017-03-06,0.1671
2017-03-07,0.222
2017-03-08,0.2271
2017-03-09,0.2181
2017-03-10,0.2211
2017-03-11,0.2099
2017-03-12,0.1836
2017-03-13,0.1591
2017-03-14,0.1818
2017-03-15,0.2199
2017-03-16,0.1998
2017-03-17,0.1845
2017-03-18,0.1852
2017-03-19,0.2126
2017-03-20,0.2119
2017-03-21,0.2055
2017-03-22,0.166
2017-03-23,0.1503
2017-03-24,0.1641
2017-03-25,0.172
2017-03-26,0.1475
2017-03-27,0.1444
2017-03-28,0.1766
2017-03-29,0.2118
2017-03-30,0.251
2017-03-31,0.2928
2017-04-01,0.3402
2017-04-02,0.3383
2017-04-03,0.3459
2017-04-04,0.3386
2017-04-05,0.3117
2017-04-06,0.276
2017-04-07,0.2459
2017-04-08,0.2113
2017-04-09,0.2124
2017-04-10,0.2246
2017-04-11,0.2362
2017-04-12,0.2224
2017-04-13,0.2177
2017-04-14,0.1982
2017-04-15,0.1393
2017-04-16,0.1544
2017-04-17,0.1663
2017-04-18,0.183
2017-04-19,0.2233
2017-04-20,0.2676
2017-04-21,0.3155
2017-04-22,0.3225
2017-04-23,0.3276
2017-04-24,0.3158
2017-04-25,0.2721
2017-04-26,0.266
2017-04-27,0.2707
2017-04-28,0.2998
2017-04-29,0.333
2017-04-30,0.3523
2017-05-01,0.3898
2017-05-02,0.4545
2017-05-03,0.4911
2017-05-04,0.5119
2017-05-05,0.5198
2017-05-06,0.5293
2017-05-07,0.5365
2017-05-08,0.5372
2017-05-09,0.5312
2017-05-10,0.5446
2017-05-11,0.5701
2017-05-12,0.5628
2017-05-13,0.5522
2017-05-14,0.5311
2017-05-15,0.5081
2017-05-16,0.4836
2017-05-17,0.454
2017-05-18,0.4476
2017-05-19,0.4578
2017-05-20,0.4642
2017-05-21,0.4598
2017-05-22,0.4575
2017-05-23,0.4438
2017-05-24,0.4429
2017-05-25,0.4323
2017-05-26,0.4182
2017-05-27,0.3997
2017-05-28,0.3803
2017-05-29,0.369
2017-05-30,0.3238
2017-05-31,0.3113
2017-06-01,0.2981
2017-06-02,0.2886
2017-06-03,0.264
2017-06-04,0.262
2017-06-05,0.2563
2017-06-06,0.2381
2017-06-07,0.2377
2017-06-08,0.2547
2017-06-09,0.2886
2017-06-10,0.2943
2017-06-11,0.2437
2017-06-12,0.224
2017-06-13,0.2096
2017-06-14,0.2296
2017-06-15,0.2592
2017-06-16,0.2796
2017-06-17,0.3346
2017-06-18,0.3568
2017-06-19,0.3545
2017-06-20,0.3355
2017-06-21,0.3367
2017-06-22,0.3386
2017-06-23,0.3322
2017-06-24,0.3225
2017-06-25,0.3124
2017-06-26,0.3299
2017-06-27,0.3426
2017-06-28,0.3366
2017-06-29,0.3477
2017-06-30,0.3795
2017-07-01,0.3846
2017-07-02,0.3709
2017-07-03,0.3735
2017-07-04,0.4046
2017-07-05,0.4519
2017-07-06,0.4819
2017-07-07,0.479
2017-07-08,0.4654
2017-07-09,0.4602
2017-07-10,0.4449
2017-07-11,0.4499
2017-07-12,0.4537
2017-07-13,0.4572
2017-07-14,0.4783
2017-07-15,0.5083
2017-07-16,0.5566
2017-07-17,0.5452
2017-07-18,0.4919
2017-07-19,0.4397
2017-07-20,0.4026
2017-07-21,0.3962
2017-07-22,0.4071
2017-07-23,0.4304
2017-07-24,0.439
2017-07-25,0.4329
2017-07-26,0.4414
2017-07-27,0.4614
2017-07-28,0.4757
2017-07-29,0.4828
2017-07-30,0.5044
2017-07-31,0.5275
2017-08-01,0.5525
2017-08-02,0.5107
2017-08-03,0.4741
2017-08-04,0.4516
2017-08-05,0.4193
2017-08-06,0.3904
2017-08-07,0.3879
2017-08-08,0.367
2017-08-09,0.3803
2017-08-10,0.4156
2017-08-11,0.4396
2017-08-12,0.4636
2017-08-13,0.4863
2017-08-14,0.511
2017-08-15,0.5388
2017-08-16,0.5759
2017-08-17,0.5843
2017-08-18,0.5885
2017-08-19,0.569
2017-08-20,0.5372
2017-08-21,0.5044
2017-08-22,0.4655
2017-08-23,0.4376
2017-08-24,0.437
2017-08-25,0.4505
2017-08-26,0.4445
2017-08-27,0.4222
2017-08-28,0.4069
2017-08-29,0.3908
2017-08-30,0.373
2017-08-31,0.3749
2017-09-01,0.3931
2017-09-02,0.4024
2017-09-03,0.416
2017-09-04,0.4303
2017-09-05,0.4508
2017-09-06,0.4407
2017-09-07,0.4222
2017-09-08,0.404
2017-09-09,0.3999
2017-09-10,0.4322
2017-09-11,0.4636
2017-09-12,0.4842
2017-09-13,0.4977
2017-09-14,0.5292
2017-09-15,0.566
2017-09-16,0.6065
2017-09-17,0.5921
2017-09-18,0.5502
2017-09-19,0.5345
2017-09-20,0.5136
2017-09-21,0.495
2017-09-22,0.4823
2017-09-23,0.4656
2017-09-24,0.4554
2017-09-25,0.4667
2017-09-26,0.4719
2017-09-27,0.4479
2017-09-28,0.4196
2017-09-29,0.409
2017-09-30,0.4362
2017-10-01,0.4577
2017-10-02,0.4705
2017-10-03,0.4617
2017-10-04,0.4541
2017-10-05,0.4304
2017-10-06,0.4178
2017-10-07,0.3947
2017-10-08,0.4135
2017-10-09,0.4323
2017-10-10,0.4372
2017-10-11,0.4426
2017-10-12,0.4575
2017-10-13,0.4785
2017-10-14,0.4873
2017-10-15,0.4766
2017-10-16,0.4555
2017-10-17,0.4401
2017-10-18,0.4799
2017-10-19,0.5046
2017-10-20,0.4899
2017-10-21,0.4876
2017-10-22,0.4953
2017-10-23,0.5418
2017-10-24,0.5867
2017-10-25,0.6338
2017-10-26,0.6409
2017-10-27,0.6325
2017-10-28,0.6665
2017-10-29,0.6974
2017-10-30,0.7075
2017-10-31,0.6674
2017-11-01,0.606
2017-11-02,0.5494
2017-11-03,0.5227
2017-11-04,0.5104
2017-11-05,0.5119
2017-11-06,0.5365
2017-11-07,0.5506
2017-11-08,0.5668
2017-11-09,0.5522
2017-11-10,0.5369
2017-11-11,0.5147
2017-11-12,0.5099
2017-11-13,0.5119
2017-11-14,0.5068
2017-11-15,0.5046
2017-11-16,0.5108
2017-11-17,0.5101
2017-11-18,0.4948
2017-11-19,0.4415
2017-11-20,0.4107
2017-11-21,0.4041
2017-11-22,0.4312
2017-11-23,0.4428
2017-11-24,0.4865
2017-11-25,0.4971
2017-11-26,0.5117
2017-11-27,0.5029
2017-11-28,0.4786
2017-11-29,0.4019
2017-11-30,0.3804
2017-12-01,0.3531
2017-12-02,0.3129
2017-12-03,0.2554
2017-12-04,0.1653
2017-12-05,0.1041
2017-12-06,0.0835
2017-12-07,0.1123
2017-12-08,0.135
2017-12-09,0.1467
2017-12-10,0.1435
2017-12-11,0.159
2017-12-12,0.192
2017-12-13,0.2075
2017-12-14,0.2401
2017-12-15,0.2771
2017-12-16,0.3055
2017-12-17,0.3182
2017-12-18,0.2685
2017-12-19,0.2022
2017-12-20,0.1831
2017-12-21,0.1431
2017-12-22,0.0963
2017-12-23,0.0685
2017-12-24,0.0489
2017-12-25,0.0487
2017-12-26,0.0467
2017-12-27,0.0315
2017-12-28,0.013
2017-12-29,0.0076
2017-12-30,-0.0038
2017-12-31,-0.004
2018-01-01,-0.0078
2018-01-02,-0.031
2018-01-03,-0.0312
2018-01-04,-0.0447
2018-01-05,-0.0488
2018-01-06,-0.0433
2018-01-07,-0.0116
2018-01-08,0.0187
2018-01-09,0.034
2018-01-10,0.0375
2018-01-11,0.0136
2018-01-12,-0.0267
2018-01-13,-0.0421
2018-01-14,-0.0768
2018-01-15,-0.1032
2018-01-16,-0.135
2018-01-17,-0.1393
2018-01-18,-0.1293
2018-01-19,-0.132
2018-01-20,-0.1489
2018-01-21,-0.1717
2018-01-22,-0.1884
2018-01-23,-0.1872
2018-01-24,-0.1727
2018-01-25,-0.1873
2018-01-26,-0.1879
2018-01-27,-0.1674
2018-01-28,-0.169
2018-01-29,-0.1295
2018-01-30,-0.1154
2018-01-31,-0.146
2018-02-01,-0.1629
2018-02-02,-0.1563
2018-02-03,-0.1328
2018-02-04,-0.1033
2018-02-05,-0.0736
2018-02-06,-0.0379
2018-02-07,-0.0295
2018-02-08,0.0244
2018-02-09,0.0996
2018-02-10,0.1239
2018-02-11,0.171
2018-02-12,0.2359
2018-02-13,0.3043
2018-02-14,0.3803
2018-02-15,0.4144
2018-02-16,0.3997
2018-02-17,0.3645
2018-02-18,0.3866
2018-02-19,0.406
2018-02-20,0.4018
2018-02-21,0.3719
2018-02-22,0.3784
2018-02-23,0.4168
2018-02-24,0.4088
2018-02-25,0.4112
2018-02-26,0.3884
2018-02-27,0.3973
2018-02-28,0.4384
2018-03-01,0.4705
2018-03-02,0.4702
2018-03-03,0.4746
2018-03-04,0.4567
2018-03-05,0.4194
2018-03-06,0.4046
2018-03-07,0.3647
2018-03-08,0.3324
2018-03-09,0.2678
2018-03-10,0.1842
2018-03-11,0.1361
2018-03-12,0.132
2018-03-13,0.1355
2018-03-14,0.1304
2018-03-15,0.1106
2018-03-16,0.1166
2018-03-17,0.1186
2018-03-18,0.1704
2018-03-19,0.2086
2018-03-20,0.2495
2018-03-21,0.2828
2018-03-22,0.2664
2018-03-23,0.2112
2018-03-24,0.1807
2018-03-25,0.1547
2018-03-26,0.1521
2018-03-27,0.1973
2018-03-28,0.2579
2018-03-29,0.2871
2018-03-30,0.2833
2018-03-31,0.2932
2018-04-01,0.3251
2018-04-02,0.3638
2018-04-03,0.3395
2018-04-04,0.3224
2018-04-05,0.3145
2018-04-06,0.294
2018-04-07,0.2981
2018-04-08,0.3015
2018-04-09,0.3167
2018-04-10,0.3164
2018-04-11,0.3048
2018-04-12,0.3117
2018-04-13,0.3251
2018-04-14,0.33
2018-04-15,0.3039
2018-04-16,0.3284
2018-04-17,0.3429
2018-04-18,0.3588
2018-04-19,0.3747
2018-04-20,0.3513
2018-04-21,0.3673
2018-04-22,0.3798
2018-04-23,0.3588
2018-04-24,0.3397
2018-04-25,0.3309
2018-04-26,0.3057
2018-04-27,0.312
2018-04-28,0.3265
2018-04-29,0.3279
2018-04-30,0.3155
2018-05-01,0.3079
2018-05-02,0.2944
2018-05-03,0.3272
2018-05-04,0.3731
2018-05-05,0.4004
2018-05-06,0.3694
2018-05-07,0.3754
2018-05-08,0.4165
2018-05-09,0.442
2018-05-10,0.4911
2018-05-11,0.5292
2018-05-12,0.5587
2018-05-13,0.5859
2018-05-14,0.6065
2018-05-15,0.6184
2018-05-16,0.5931
2018-05-17,0.5409
2018-05-18,0.507
2018-05-19,0.5076
2018-05-20,0.5145
2018-05-21,0.5196
2018-05-22,0.5212
2018-05-23,0.5089
2018-05-24,0.4539
2018-05-25,0.4015
2018-05-26,0.359
2018-05-27,0.3473
2018-05-28,0.3246
2018-05-29,0.2844
2018-05-30,0.2671
2018-05-31,0.2828
2018-06-01,0.2987
2018-06-02,0.3009
2018-06-03,0.2792
2018-06-04,0.2678
2018-06-05,0.2668
2018-06-06,0.2815
2018-06-07,0.2429
2018-06-08,0.1795
2018-06-09,0.1403
2018-06-10,0.1164
2018-06-11,0.1016
2018-06-12,0.0799
2018-06-13,0.0551
2018-06-14,0.0541
2018-06-15,0.0358
2018-06-16,0.0531
2018-06-17,0.09
2018-06-18,0.1122
2018-06-19,0.1193
2018-06-20,0.1186
2018-06-21,0.1301
2018-06-22,0.1581
2018-06-23,0.1731
2018-06-24,0.1844
2018-06-25,0.2113
2018-06-26,0.2418
2018-06-27,0.2524
2018-06-28,0.2639
2018-06-29,0.2613
2018-06-30,0.2721
2018-07-01,0.2698
2018-07-02,0.2488
2018-07-03,0.2311
2018-07-04,0.2293
2018-07-05,0.215
2018-07-06,0.1929
2018-07-07,0.1413
2018-07-08,0.1482
2018-07-09,0.1441
2018-07-10,0.1437
2018-07-11,0.1419
2018-07-12,0.1443
2018-07-13,0.1275
2018-07-14,0.1086
2018-07-15,0.074
2018-07-16,0.0516
2018-07-17,0.0046
2018-07-18,-0.049
2018-07-19,-0.0491
2018-07-20,-0.0212
2018-07-21,-0.0193
2018-07-22,-0.0169
2018-07-23,-0.0051
2018-07-24,0.0048
2018-07-25,0.0058
2018-07-26,0.007
2018-07-27,0.043
2018-07-28,0.0521
2018-07-29,0.0218
2018-07-30,0.0371
2018-07-31,0.0325
2018-08-01,0.0472
2018-08-02,0.0946
2018-08-03,0.1325
2018-08-04,0.1614
2018-08-05,0.2045
2018-08-06,0.2258
2018-08-07,0.2209
2018-08-08,0.1868
2018-08-09,0.1565
2018-08-10,0.1575
2018-08-11,0.1847
2018-08-12,0.1761
2018-08-13,0.1356
2018-08-14,0.0929
2018-08-15,0.0484
2018-08-16,0.0545
2018-08-17,0.0347
2018-08-18,0.0357
2018-08-19,0.0217
2018-08-20,0.0039
2018-08-21,0.054
2018-08-22,0.0471
2018-08-23,0.0333
2018-08-24,0.0215
2018-08-25,0.0109
2018-08-26,0.0024
2018-08-27,0.0021
2018-08-28,-0.0139
2018-08-29,0.0128
2018-08-30,0.0768
2018-08-31,0.1149
2018-09-01,0.1463
2018-09-02,0.1926
2018-09-03,0.205
2018-09-04,0.2088
2018-09-05,0.195
2018-09-06,0.1838
2018-09-07,0.1843
2018-09-08,0.1834
2018-09-09,0.1993
2018-09-10,0.2197
2018-09-11,0.2999
2018-09-12,0.3349
2018-09-13,0.3624
2018-09-14,0.3907
2018-09-15,0.4101
2018-09-16,0.3789
2018-09-17,0.3635
2018-09-18,0.3804
2018-09-19,0.3771
2018-09-20,0.3412
2018-09-21,0.3323
2018-09-22,0.3606
2018-09-23,0.4213
2018-09-24,0.4622
2018-09-25,0.4732
2018-09-26,0.4583
2018-09-27,0.4202
2018-09-28,0.4289
2018-09-29,0.4357
2018-09-30,0.4412
2018-10-01,0.4679
2018-10-02,0.5165
2018-10-03,0.5217
2018-10-04,0.516
2018-10-05,0.4835
2018-10-06,0.4464
2018-10-07,0.3875
2018-10-08,0.3507
2018-10-09,0.3373
2018-10-10,0.2936
2018-10-11,0.2413
2018-10-12,0.2153
2018-10-13,0.2369
2018-10-14,0.2767
2018-10-15,0.3378
2018-10-16,0.3734
2018-10-17,0.391
2018-10-18,0.388
2018-10-19,0.4114
2018-10-20,0.4697
2018-10-21,0.5009
2018-10-22,0.5118
2018-10-23,0.5088
2018-10-24,0.4816
2018-10-25,0.4633
2018-10-26,0.4623
2018-10-27,0.438
2018-10-28,0.4076
2018-10-29,0.3914
2018-10-30,0.3696
2018-10-31,0.3724
2018-11-01,0.371
2018-11-02,0.3625
2018-11-03,0.3488
2018-11-04,0.3475
2018-11-05,0.3718
2018-11-06,0.3963
2018-11-07,0.4309
2018-11-08,0.4195
2018-11-09,0.3893
2018-11-10,0.3754
2018-11-11,0.373
2018-11-12,0.3774
2018-11-13,0.409
2018-11-14,0.4198
2018-11-15,0.4102
2018-11-16,0.4262
2018-11-17,0.4549
2018-11-18,0.5108
2018-11-19,0.566
2018-11-20,0.6082
2018-11-21,0.635
2018-11-22,0.6567
2018-11-23,0.6853
2018-11-24,0.6747
2018-11-25,0.6618
2018-11-26,0.652
2018-11-27,0.6406
2018-11-28,0.6091
2018-11-29,0.5993
2018-11-30,0.6219
2018-12-01,0.6322
2018-12-02,0.6284
2018-12-03,0.6713
2018-12-04,0.7034
2018-12-05,0.7198
2018-12-06,0.7221
2018-12-07,0.6764
2018-12-08,0.6155
2018-12-09,0.5947
2018-12-10,0.5904
2018-12-11,0.5627
2018-12-12,0.5406
2018-12-13,0.5123
2018-12-14,0.4607
2018-12-15,0.3926
2018-12-16,0.3177
2018-12-17,0.2905
2018-12-18,0.288
2018-12-19,0.2851
2018-12-20,0.2699
2018-12-21,0.2518
2018-12-22,0.2614
2018-12-23,0.275
2018-12-24,0.2985
2018-12-25,0.3613
2018-12-26,0.4057
2018-12-27,0.4018
2018-12-28,0.3915
2018-12-29,0.4049
2018-12-30,0.4291
2018-12-31,0.4406
2019-01-01,0.4625
2019-01-02,0.4919
2019-01-03,0.5048
2019-01-04,0.4822
2019-01-05,0.4546
2019-01-06,0.438
2019-01-07,0.4501
2019-01-08,0.4601
2019-01-09,0.4878
2019-01-10,0.4972
2019-01-11,0.5239
2019-01-12,0.5387
2019-01-13,0.5331
2019-01-14,0.5398
2019-01-15,0.5543
2019-01-16,0.5751
2019-01-17,0.5785
2019-01-18,0.5926
2019-01-19,0.5937
2019-01-20,0.5721
2019-01-21,0.5389
2019-01-22,0.5188
2019-01-23,0.5223
2019-01-24,0.5082
2019-01-25,0.4883
2019-01-26,0.4788
2019-01-27,0.4489
2019-01-28,0.4352
2019-01-29,0.4404
2019-01-30,0.4291
2019-01-31,0.3819
2019-02-01,0.3588
2019-02-02,0.3549
2019-02-03,0.3761
2019-02-04,0.4134
2019-02-05,0.4291
2019-02-06,0.4251
2019-02-07,0.361
2019-02-08,0.3039
2019-02-09,0.2962
2019-02-10,0.3382
2019-02-11,0.3949
2019-02-12,0.4495
2019-02-13,0.4647
2019-02-14,0.5141
2019-02-15,0.5777
2019-02-16,0.5925
2019-02-17,0.6405
2019-02-18,0.6719
2019-02-19,0.6919
2019-02-20,0.6529
2019-02-21,0.5724
2019-02-22,0.5106
2019-02-23,0.4939
2019-02-24,0.4957
2019-02-25,0.4838
2019-02-26,0.47
2019-02-27,0.4489
2019-02-28,0.4495
2019-03-01,0.4535
2019-03-02,0.4468
2019-03-03,0.4169
2019-03-04,0.4178
2019-03-05,0.4146
2019-03-06,0.4379
2019-03-07,0.4706
2019-03-08,0.5014
2019-03-09,0.4258
2019-03-10,0.4099
2019-03-11,0.3871
2019-03-12,0.3709
2019-03-13,0.3511
2019-03-14,0.3489
2019-03-15,0.3603
2019-03-16,0.394
2019-03-17,0.4326
2019-03-18,0.4693
2019-03-19,0.4975
2019-03-20,0.5353
2019-03-21,0.5416
2019-03-22,0.5569
2019-03-23,0.5659
2019-03-24,0.5733
2019-03-25,0.5686
2019-03-26,0.5961
2019-03-27,0.6137
2019-03-28,0.6341
2019-03-29,0.6309
2019-03-30,0.6515
2019-03-31,0.6721
2019-04-01,0.6797
2019-04-02,0.6746
2019-04-03,0.68
2019-04-04,0.7088
2019-04-05,0.7498
2019-04-06,0.7576
2019-04-07,0.7495
2019-04-08,0.7549
2019-04-09,0.7711
2019-04-10,0.7949
2019-04-11,0.7951
2019-04-12,0.807
2019-04-13,0.8323
2019-04-14,0.8448
2019-04-15,0.8115
2019-04-16,0.8138
2019-04-17,0.8024
2019-04-18,0.777
2019-04-19,0.778
2019-04-20,0.7575
2019-04-21,0.7314
2019-04-22,0.703
2019-04-23,0.7259
2019-04-24,0.7235
2019-04-25,0.6957
2019-04-26,0.6694
2019-04-27,0.6266
2019-04-28,0.6213
2019-04-29,0.601
2019-04-30,0.5507
2019-05-01,0.4774
2019-05-02,0.4439
2019-05-03,0.4346
2019-05-04,0.4574
2019-05-05,0.4917
2019-05-06,0.5071
2019-05-07,0.489
2019-05-08,0.4763
2019-05-09,0.4696
2019-05-10,0.4593
2019-05-11,0.4778
2019-05-12,0.4818
2019-05-13,0.5078
2019-05-14,0.5532
2019-05-15,0.6116
2019-05-16,0.647
2019-05-17,0.6977
2019-05-18,0.769
2019-05-19,0.7934
2019-05-20,0.8149
2019-05-21,0.8681
2019-05-22,0.9139
2019-05-23,0.9459
2019-05-24,0.96
2019-05-25,0.9834
2019-05-26,1.0205
2019-05-27,1.0341
2019-05-28,1.0422
2019-05-29,1.0312
2019-05-30,1.007
2019-05-31,0.9699
2019-06-01,0.9649
2019-06-02,0.967
2019-06-03,0.9828
2019-06-04,0.9987
2019-06-05,0.9857
2019-06-06,0.9375
2019-06-07,0.9198
2019-06-08,0.9205
2019-06-09,0.9031
2019-06-10,0.8444
2019-06-11,0.8109
2019-06-12,0.8118
2019-06-13,0.8443
2019-06-14,0.8415
2019-06-15,0.8138
2019-06-16,0.7682
2019-06-17,0.7143
2019-06-18,0.6417
2019-06-19,0.5837
2019-06-20,0.5854
2019-06-21,0.5701
2019-06-22,0.5659
2019-06-23,0.5812
2019-06-24,0.6022
2019-06-25,0.6009
2019-06-26,0.6069
2019-06-27,0.6145
2019-06-28,0.6277
2019-06-29,0.6365
2019-06-30,0.6571
2019-07-01,0.6568
2019-07-02,0.6446
2019-07-03,0.6351
2019-07-04,0.6023
2019-07-05,0.6001
2019-07-06,0.6285
2019-07-07,0.6586
2019-07-08,0.6484
2019-07-09,0.6263
2019-07-10,0.6406
2019-07-11,0.6702
2019-07-12,0.7181
2019-07-13,0.7303
2019-07-14,0.7158
2019-07-15,0.706
2019-07-16,0.6823
2019-07-17,0.6492
2019-07-18,0.6123
2019-07-19,0.5851
2019-07-20,0.5747
2019-07-21,0.5738
2019-07-22,0.5312
2019-07-23,0.4452
2019-07-24,0.3982
2019-07-25,0.4013
2019-07-26,0.4519
2019-07-27,0.5162
2019-07-28,0.5645
2019-07-29,0.6171
2019-07-30,0.6637
2019-07-31,0.7103
2019-08-01,0.7234
2019-08-02,0.7128
2019-08-03,0.7119
2019-08-04,0.7097
2019-08-05,0.7107
2019-08-06,0.6594
2019-08-07,0.5992
2019-08-08,0.5797
2019-08-09,0.5484
2019-08-10,0.5289
2019-08-11,0.4797
2019-08-12,0.4603
2019-08-13,0.4551
2019-08-14,0.4953
2019-08-15,0.5257
2019-08-16,0.5627
2019-08-17,0.5697
2019-08-18,0.5659
2019-08-19,0.5947
2019-08-20,0.6164
2019-08-21,0.6439
2019-08-22,0.6582
2019-08-23,0.681
2019-08-24,0.6743
2019-08-25,0.601
2019-08-26,0.5366
2019-08-27,0.5275
2019-08-28,0.5223
2019-08-29,0.4927
2019-08-30,0.477
2019-08-31,0.4761
2019-09-01,0.4806
2019-09-02,0.4928
2019-09-03,0.4849
2019-09-04,0.4466
2019-09-05,0.435
2019-09-06,0.4077
2019-09-07,0.4001
2019-09-08,0.3924
2019-09-09,0.3727
2019-09-10,0.3733
2019-09-11,0.379
2019-09-12,0.3799
2019-09-13,0.4074
2019-09-14,0.4173
2019-09-15,0.4318
2019-09-16,0.4473
2019-09-17,0.4482
2019-09-18,0.4566
2019-09-19,0.4386
2019-09-20,0.4308
2019-09-21,0.4182
2019-09-22,0.4041
2019-09-23,0.3935
2019-09-24,0.3628
2019-09-25,0.39
2019-09-26,0.427
2019-09-27,0.4432
2019-09-28,0.4967
2019-09-29,0.5419
2019-09-30,0.5895
2019-10-01,0.6341
2019-10-02,0.6594
2019-10-03,0.6868
2019-10-04,0.7117
2019-10-05,0.7458
2019-10-06,0.7795
2019-10-07,0.7959
2019-10-08,0.8053
2019-10-09,0.8252
2019-10-10,0.8373
2019-10-11,0.8441
2019-10-12,0.8272
2019-10-13,0.8335
2019-10-14,0.8422
2019-10-15,0.8679
2019-10-16,0.8624
2019-10-17,0.8272
2019-10-18,0.7833
2019-10-19,0.7747
2019-10-20,0.7358
2019-10-21,0.7233
2019-10-22,0.7071
2019-10-23,0.6813
2019-10-24,0.6476
2019-10-25,0.6639
2019-10-26,0.681
2019-10-27,0.6879
2019-10-28,0.72
2019-10-29,0.7537
2019-10-30,0.7275
2019-10-31,0.7081
2019-11-01,0.6927
2019-11-02,0.7201
2019-11-03,0.7187
2019-11-04,0.7285
2019-11-05,0.739
2019-11-06,0.7409
2019-11-07,0.7179
2019-11-08,0.6885
2019-11-09,0.6921
2019-11-10,0.6911
2019-11-11,0.706
2019-11-12,0.7107
2019-11-13,0.6741
2019-11-14,0.646
2019-11-15,0.6774
2019-11-16,0.667
2019-11-17,0.6785
2019-11-18,0.685
2019-11-19,0.7053
2019-11-20,0.7319
2019-11-21,0.7681
2019-11-22,0.7666
2019-11-23,0.7485
2019-11-24,0.7428
2019-11-25,0.7234
2019-11-26,0.6794
2019-11-27,0.6799
2019-11-28,0.6796
2019-11-29,0.6766
2019-11-30,0.6739
2019-12-01,0.6813
2019-12-02,0.6772
2019-12-03,0.683
2019-12-04,0.6888
2019-12-05,0.6636
2019-12-06,0.6442
2019-12-07,0.6595
2019-12-08,0.6899
2019-12-09,0.6699
2019-12-10,0.6901
2019-12-11,0.7156
2019-12-12,0.707
2019-12-13,0.702
2019-12-14,0.7003
2019-12-15,0.6846
2019-12-16,0.6939
2019-12-17,0.7003
2019-12-18,0.7023
2019-12-19,0.7058
2019-12-20,0.682
2019-12-21,0.6564
2019-12-22,0.6517
2019-12-23,0.6275
2019-12-24,0.6051
2019-12-25,0.5919
2019-12-26,0.6174
2019-12-27,0.6247
2019-12-28,0.629
2019-12-29,0.6271
2019-12-30,0.6594
2019-12-31,0.7268
2020-01-01,0.7546
2020-01-02,0.7644
2020-01-03,0.7493
2020-01-04,0.7663
2020-01-05,0.8192
2020-01-06,0.8553
2020-01-07,0.8738
2020-01-08,0.875
2020-01-09,0.8907
2020-01-10,0.8879
2020-01-11,0.8718
2020-01-12,0.8212
2020-01-13,0.7943
2020-01-14,0.776
2020-01-15,0.8105
2020-01-16,0.8249
2020-01-17,0.8357
2020-01-18,0.8434
2020-01-19,0.8613
2020-01-20,0.8641
2020-01-21,0.8679
2020-01-22,0.884
2020-01-23,0.9047
2020-01-24,0.9399
2020-01-25,0.9256
2020-01-26,0.9011
2020-01-27,0.8371
2020-01-28,0.7996
2020-01-29,0.7183
2020-01-30,0.6768
2020-01-31,0.6684
2020-02-01,0.6486
2020-02-02,0.6117
2020-02-03,0.5926
2020-02-04,0.5845
2020-02-05,0.5729
2020-02-06,0.5699
2020-02-07,0.5687
2020-02-08,0.583
2020-02-09,0.5498
2020-02-10,0.5266
2020-02-11,0.5647
2020-02-12,0.6003
2020-02-13,0.6008
2020-02-14,0.5832
2020-02-15,0.5751
2020-02-16,0.568
2020-02-17,0.568
2020-02-18,0.5838
2020-02-19,0.5922
2020-02-20,0.6184
2020-02-21,0.6377
2020-02-22,0.6452
2020-02-23,0.6632
2020-02-24,0.6776
2020-02-25,0.6692
2020-02-26,0.6759
2020-02-27,0.6666
2020-02-28,0.6851
2020-02-29,0.7281
2020-03-01,0.7433
2020-03-02,0.7512
2020-03-03,0.7399
2020-03-04,0.7277
2020-03-05,0.7248
2020-03-06,0.7554
2020-03-07,0.7303
2020-03-08,0.7146
2020-03-09,0.6838
2020-03-10,0.6785
2020-03-11,0.7043
2020-03-12,0.7125
2020-03-13,0.7054
2020-03-14,0.688
2020-03-15,0.6821
2020-03-16,0.6925
2020-03-17,0.7086
2020-03-18,0.7404
2020-03-19,0.783
2020-03-20,0.8268
2020-03-21,0.8459
2020-03-22,0.8276
2020-03-23,0.8242
2020-03-24,0.8067
2020-03-25,0.8162
2020-03-26,0.8202
2020-03-27,0.8082
2020-03-28,0.8166
2020-03-29,0.8782
2020-03-30,0.9173
2020-03-31,0.911
2020-04-01,0.8764
2020-04-02,0.8473
2020-04-03,0.8307
2020-04-04,0.8128
2020-04-05,0.8009
2020-04-06,0.853
2020-04-07,0.8542
2020-04-08,0.8195
2020-04-09,0.7709
2020-04-10,0.734
2020-04-11,0.6618
2020-04-12,0.6378
2020-04-13,0.6279
2020-04-14,0.6133
2020-04-15,0.6026
2020-04-16,0.6252
2020-04-17,0.6832
2020-04-18,0.7161
2020-04-19,0.7212
2020-04-20,0.7415
2020-04-21,0.7834
2020-04-22,0.8275
2020-04-23,0.8806
2020-04-24,0.9461
2020-04-25,0.9567
2020-04-26,1.0145
2020-04-27,1.036
2020-04-28,0.9986
2020-04-29,0.9611
2020-04-30,0.9393
2020-05-01,0.9366
2020-05-02,0.9654
2020-05-03,0.971
2020-05-04,1.0043
2020-05-05,0.9991
2020-05-06,0.979
2020-05-07,0.9951
2020-05-08,1.0095
2020-05-09,0.9962
2020-05-10,0.9807
2020-05-11,0.9404
2020-05-12,0.9099
2020-05-13,0.8952
2020-05-14,0.8756
2020-05-15,0.8753
2020-05-16,0.8674
2020-05-17,0.8492
2020-05-18,0.7831
2020-05-19,0.7301
2020-05-20,0.6814
2020-05-21,0.6406
2020-05-22,0.6156
2020-05-23,0.6012
2020-05-24,0.6173
2020-05-25,0.6387
2020-05-26,0.6933
2020-05-27,0.7309
2020-05-28,0.7233
2020-05-29,0.7433
2020-05-30,0.764
2020-05-31,0.7309
2020-06-01,0.7077
2020-06-02,0.7039
2020-06-03,0.7241
2020-06-04,0.7269
2020-06-05,0.7327
2020-06-06,0.7361
2020-06-07,0.7246
2020-06-08,0.7054
2020-06-09,0.6915
2020-06-10,0.6625
2020-06-11,0.6273
2020-06-12,0.5979
2020-06-13,0.5922
2020-06-14,0.614
2020-06-15,0.6149
2020-06-16,0.6329
2020-06-17,0.6863
2020-06-18,0.707
2020-06-19,0.6971
2020-06-20,0.7085
2020-06-21,0.7112
2020-06-22,0.7036
2020-06-23,0.7069
2020-06-24,0.7377
2020-06-25,0.7318
2020-06-26,0.7388
2020-06-27,0.7293
2020-06-28,0.7192
2020-06-29,0.7114
2020-06-30,0.6927
2020-07-01,0.6989
2020-07-02,0.7122
2020-07-03,0.7225
2020-07-04,0.7055
2020-07-05,0.7054
2020-07-06,0.736
2020-07-07,0.7696
2020-07-08,0.8136
2020-07-09,0.8224
2020-07-10,0.8025
2020-07-11,0.8001
2020-07-12,0.793
2020-07-13,0.7719
2020-07-14,0.7572
2020-07-15,0.7745
2020-07-16,0.7966
2020-07-17,0.7753
2020-07-18,0.7535
2020-07-19,0.7357
2020-07-20,0.7302
2020-07-21,0.7209
2020-07-22,0.7145
2020-07-23,0.7022
2020-07-24,0.6951
2020-07-25,0.7129
2020-07-26,0.7352
2020-07-27,0.7206
2020-07-28,0.7035
2020-07-29,0.7204
2020-07-30,0.7293
2020-07-31,0.6913
2020-08-01,0.6601
2020-08-02,0.6405
2020-08-03,0.6054
2020-08-04,0.5995
2020-08-05,0.5934
2020-08-06,0.5547
2020-08-07,0.5133
2020-08-08,0.4598
2020-08-09,0.4236
2020-08-10,0.4048
2020-08-11,0.4091
2020-08-12,0.4405
2020-08-13,0.4634
2020-08-14,0.4848
2020-08-15,0.4982
2020-08-16,0.527
2020-08-17,0.55
2020-08-18,0.5807
2020-08-19,0.5949
2020-08-20,0.5805
2020-08-21,0.5543
2020-08-22,0.534
2020-08-23,0.5316
2020-08-24,0.5286
2020-08-25,0.5471
2020-08-26,0.5396
2020-08-27,0.5505
2020-08-28,0.5564
2020-08-29,0.5418
2020-08-30,0.5364
2020-08-31,0.5244
2020-09-01,0.5665
2020-09-02,0.5781
2020-09-03,0.5866
2020-09-04,0.6095
2020-09-05,0.6294
2020-09-06,0.6554
2020-09-07,0.6722
2020-09-08,0.6811
2020-09-09,0.6615
2020-09-10,0.6443
2020-09-11,0.636
2020-09-12,0.6306
2020-09-13,0.6507
2020-09-14,0.6372
2020-09-15,0.6404
2020-09-16,0.6103
2020-09-17,0.5791
2020-09-18,0.5564
2020-09-19,0.5247
2020-09-20,0.4911
2020-09-21,0.4959
2020-09-22,0.4988
2020-09-23,0.4859
2020-09-24,0.4826
2020-09-25,0.4764
2020-09-26,0.4307
2020-09-27,0.424
2020-09-28,0.4359
2020-09-29,0.459
2020-09-30,0.4724
2020-10-01,0.4806
2020-10-02,0.5134
2020-10-03,0.5227
2020-10-04,0.5361
2020-10-05,0.5537
2020-10-06,0.5802
2020-10-07,0.6112
2020-10-08,0.6373
2020-10-09,0.665
2020-10-10,0.6846
2020-10-11,0.7172
2020-10-12,0.7069
2020-10-13,0.6706
2020-10-14,0.6446
2020-10-15,0.6314
2020-10-16,0.6296
2020-10-17,0.6216
2020-10-18,0.6201
2020-10-19,0.6238
2020-10-20,0.6439
2020-10-21,0.6604
2020-10-22,0.665
2020-10-23,0.6479
2020-10-24,0.6252
2020-10-25,0.6438
2020-10-26,0.6852
2020-10-27,0.7535
2020-10-28,0.8073
2020-10-29,0.8107
2020-10-30,0.8084
2020-10-31,0.8145
2020-11-01,0.7955
2020-11-02,0.751
2020-11-03,0.7133
2020-11-04,0.6891
2020-11-05,0.6928
2020-11-06,0.7083
2020-11-07,0.7145
2020-11-08,0.7121
2020-11-09,0.6954
2020-11-10,0.6696
2020-11-11,0.6448
2020-11-12,0.6275
2020-11-13,0.64
2020-11-14,0.6394
2020-11-15,0.6277
2020-11-16,0.5804
2020-11-17,0.5416
2020-11-18,0.517
2020-11-19,0.502
2020-11-20,0.5145
2020-11-21,0.5349
2020-11-22,0.5634
2020-11-23,0.5612
2020-11-24,0.5569
2020-11-25,0.5608
2020-11-26,0.5528
2020-11-27,0.54
2020-11-28,0.5261
2020-11-29,0.5227
2020-11-30,0.5405
2020-12-01,0.5702
2020-12-02,0.5788
2020-12-03,0.5728
2020-12-04,0.5593
2020-12-05,0.5687
2020-12-06,0.571
2020-12-07,0.5783
2020-12-08,0.5882
2020-12-09,0.5791
2020-12-10,0.5324
2020-12-11,0.5135
2020-12-12,0.5192
2020-12-13,0.5026
2020-12-14,0.4916
2020-12-15,0.479
2020-12-16,0.4698
2020-12-17,0.473
2020-12-18,0.4807
2020-12-19,0.4581
2020-12-20,0.4833
2020-12-21,0.4915
2020-12-22,0.4665
2020-12-23,0.4378
2020-12-24,0.4217
2020-12-25,0.4196
2020-12-26,0.4327
2020-12-27,0.4404
2020-12-28,0.4393
2020-12-29,0.4456
2020-12-30,0.4576
2020-12-31,0.4449
2021-01-01,0.4372
2021-01-02,0.4267
2021-01-03,0.404
2021-01-04,0.3544
2021-01-05,0.2927
2021-01-06,0.2423
2021-01-07,0.193
2021-01-08,0.168
2021-01-09,0.1404
2021-01-10,0.1063
2021-01-11,0.061
2021-01-12,0.0503
2021-01-13,0.0553
2021-01-14,0.0509
2021-01-15,0.0349
2021-01-16,0.0218
2021-01-17,-0.0081
2021-01-18,-0.022
2021-01-19,-0.0113
2021-01-20,0.0012
2021-01-21,0.0055
2021-01-22,-0.0246
2021-01-23,-0.015
2021-01-24,0.011
2021-01-25,0.0241
2021-01-26,0.0568
2021-01-27,0.0904
2021-01-28,0.1232
2021-01-29,0.1358
2021-01-30,0.1218
2021-01-31,0.1474
2021-02-01,0.1574
2021-02-02,0.1834
2021-02-03,0.2033
2021-02-04,0.2298
2021-02-05,0.2519
2021-02-06,0.2694
2021-02-07,0.2694
2021-02-08,0.2632
2021-02-09,0.2695
2021-02-10,0.2845
2021-02-11,0.3162
2021-02-12,0.3693
2021-02-13,0.4203
2021-02-14,0.4611
2021-02-15,0.4856
2021-02-16,0.4884
2021-02-17,0.5121
2021-02-18,0.5088
2021-02-19,0.5122
2021-02-20,0.4777
2021-02-21,0.4404
2021-02-22,0.4338
2021-02-23,0.4053
2021-02-24,0.3929
2021-02-25,0.3747
2021-02-26,0.3835
2021-02-27,0.37
2021-02-28,0.3382
2021-03-01,0.3286
2021-03-02,0.313
2021-03-03,0.2897
2021-03-04,0.2569
2021-03-05,0.227
2021-03-06,0.2382
2021-03-07,0.2732
2021-03-08,0.2767
2021-03-09,0.3026
2021-03-10,0.337
2021-03-11,0.3504
2021-03-12,0.3566
2021-03-13,0.369
2021-03-14,0.3875
2021-03-15,0.4436
2021-03-16,0.458
2021-03-17,0.4879
2021-03-18,0.5361
2021-03-19,0.549
2021-03-20,0.5528
2021-03-21,0.5288
2021-03-22,0.5053
2021-03-23,0.5092
2021-03-24,0.5077
2021-03-25,0.5074
2021-03-26,0.4951
2021-03-27,0.5064
2021-03-28,0.5342
2021-03-29,0.5256
2021-03-30,0.4874
2021-03-31,0.4763
2021-04-01,0.454
2021-04-02,0.3985
2021-04-03,0.3098
2021-04-04,0.2717
2021-04-05,0.2399
2021-04-06,0.2071
2021-04-07,0.2058
2021-04-08,0.2078
2021-04-09,0.2242
2021-04-10,0.2488
2021-04-11,0.2706
2021-04-12,0.2761
2021-04-13,0.2921
2021-04-14,0.3023
2021-04-15,0.3257
2021-04-16,0.3699
2021-04-17,0.4094
2021-04-18,0.4266
2021-04-19,0.4184
2021-04-20,0.4332
2021-04-21,0.4648
2021-04-22,0.4912
2021-04-23,0.4989
2021-04-24,0.5421
2021-04-25,0.5779
2021-04-26,0.591
2021-04-27,0.5991
2021-04-28,0.5959
2021-04-29,0.5825
2021-04-30,0.5916
2021-05-01,0.651
2021-05-02,0.6668
2021-05-03,0.6664
2021-05-04,0.6465
2021-05-05,0.6296
2021-05-06,0.596
2021-05-07,0.5613
2021-05-08,0.546
2021-05-09,0.5559
2021-05-10,0.5869
2021-05-11,0.6008
2021-05-12,0.5917
2021-05-13,0.6018
2021-05-14,0.5719
2021-05-15,0.5456
2021-05-16,0.511
2021-05-17,0.5342
2021-05-18,0.5321
2021-05-19,0.5178
2021-05-20,0.511
2021-05-21,0.4984
2021-05-22,0.4713
2021-05-23,0.451
2021-05-24,0.428
2021-05-25,0.4228
2021-05-26,0.4068
2021-05-27,0.3744
2021-05-28,0.3567
2021-05-29,0.3512
2021-05-30,0.3433
2021-05-31,0.3396
2021-06-01,0.3329
2021-06-02,0.3377
2021-06-03,0.358
2021-06-04,0.3726
2021-06-05,0.3732
2021-06-06,0.3569
2021-06-07,0.3906
2021-06-08,0.4133
2021-06-09,0.4402
2021-06-10,0.4401
2021-06-11,0.4269
2021-06-12,0.4102
2021-06-13,0.401
2021-06-14,0.3799
2021-06-15,0.3496
2021-06-16,0.3206
2021-06-17,0.3038
2021-06-18,0.2868
2021-06-19,0.2353
2021-06-20,0.2206
2021-06-21,0.1977
2021-06-22,0.1837
2021-06-23,0.2005
2021-06-24,0.2424
2021-06-25,0.2765
2021-06-26,0.2941
2021-06-27,0.3275
2021-06-28,0.3741
2021-06-29,0.4102
2021-06-30,0.4278
2021-07-01,0.4124
2021-07-02,0.3963
2021-07-03,0.3521
2021-07-04,0.3134
2021-07-05,0.291
2021-07-06,0.2877
2021-07-07,0.3044
2021-07-08,0.3249
2021-07-09,0.3411
2021-07-10,0.3311
2021-07-11,0.3105
2021-07-12,0.3193
2021-07-13,0.3159
2021-07-14,0.3205
2021-07-15,0.3269
2021-07-16,0.358
2021-07-17,0.372
2021-07-18,0.3802
2021-07-19,0.3671
2021-07-20,0.3518
2021-07-21,0.3581
2021-07-22,0.3663
2021-07-23,0.3575
2021-07-24,0.3472
2021-07-25,0.3503
2021-07-26,0.3521
2021-07-27,0.3692
2021-07-28,0.3514
2021-07-29,0.3296
2021-07-30,0.3048
2021-07-31,0.2956
2021-08-01,0.2793
2021-08-02,0.2389
2021-08-03,0.2108
2021-08-04,0.21
2021-08-05,0.2168
2021-08-06,0.2096
2021-08-07,0.21
2021-08-08,0.2248
2021-08-09,0.2393
2021-08-10,0.246
2021-08-11,0.2638
2021-08-12,0.2924
2021-08-13,0.3031
2021-08-14,0.3136
2021-08-15,0.3276
2021-08-16,0.3294
2021-08-17,0.319
2021-08-18,0.3155
2021-08-19,0.3258
2021-08-20,0.3593
2021-08-21,0.3812
2021-08-22,0.3752
2021-08-23,0.3636
2021-08-24,0.3688
2021-08-25,0.4071
2021-08-26,0.395
2021-08-27,0.3764
2021-08-28,0.3642
2021-08-29,0.3326
2021-08-30,0.3127
2021-08-31,0.3098
2021-09-01,0.3124
2021-09-02,0.3234
2021-09-03,0.3266
2021-09-04,0.337
2021-09-05,0.3339
2021-09-06,0.3393
2021-09-07,0.3444
2021-09-08,0.3305
2021-09-09,0.311
2021-09-10,0.2943
2021-09-11,0.2851
2021-09-12,0.2881
2021-09-13,0.2832
2021-09-14,0.2592
2021-09-15,0.2413
2021-09-16,0.238
2021-09-17,0.2392
2021-09-18,0.2719
2021-09-19,0.3108
2021-09-20,0.338
2021-09-21,0.3677
2021-09-22,0.3927
2021-09-23,0.3992
2021-09-24,0.3924
2021-09-25,0.3873
2021-09-26,0.3843
2021-09-27,0.3606
2021-09-28,0.3406
2021-09-29,0.321
2021-09-30,0.3112
2021-10-01,0.3298
2021-10-02,0.355
2021-10-03,0.388
2021-10-04,0.42
2021-10-05,0.4394
2021-10-06,0.4488
2021-10-07,0.4415
2021-10-08,0.4104
2021-10-09,0.3929
2021-10-10,0.3785
2021-10-11,0.3741
2021-10-12,0.377
2021-10-13,0.3841
2021-10-14,0.3795
2021-10-15,0.3516
2021-10-16,0.2942
2021-10-17,0.2319
2021-10-18,0.1846
2021-10-19,0.1603
2021-10-20,0.1865
2021-10-21,0.2284
2021-10-22,0.2915
2021-10-23,0.3537
2021-10-24,0.3713
2021-10-25,0.3761
2021-10-26,0.3451
2021-10-27,0.2968
2021-10-28,0.2956
2021-10-29,0.3261
2021-10-30,0.3615
2021-10-31,0.3278
2021-11-01,0.3254
2021-11-02,0.338
2021-11-03,0.36
2021-11-04,0.3825
2021-11-05,0.3753
2021-11-06,0.3531
2021-11-07,0.3533
2021-11-08,0.3426
2021-11-09,0.3378
2021-11-10,0.3256
2021-11-11,0.3313
2021-11-12,0.337
2021-11-13,0.3444
2021-11-14,0.3535
2021-11-15,0.3471
2021-11-16,0.3473
2021-11-17,0.3414
2021-11-18,0.3062
2021-11-19,0.2688
2021-11-20,0.2471
2021-11-21,0.2547
2021-11-22,0.2779
2021-11-23,0.2917
2021-11-24,0.3013
2021-11-25,0.3258
2021-11-26,0.3431
2021-11-27,0.3461
2021-11-28,0.3269
2021-11-29,0.3138
2021-11-30,0.3051
2021-12-01,0.2846
2021-12-02,0.2721
2021-12-03,0.2785
2021-12-04,0.2775
2021-12-05,0.2817
2021-12-06,0.2916
2021-12-07,0.2778
2021-12-08,0.2676
2021-12-09,0.2592
2021-12-10,0.2626
2021-12-11,0.2777
2021-12-12,0.2751
2021-12-13,0.265
2021-12-14,0.2528
2021-12-15,0.246
2021-12-16,0.2388
2021-12-17,0.2506
2021-12-18,0.2899
2021-12-19,0.3583
2021-12-20,0.4184
2021-12-21,0.4656
2021-12-22,0.5056
2021-12-23,0.5471
2021-12-24,0.5912
2021-12-25,0.6442
2021-12-26,0.6847
2021-12-27,0.7145
2021-12-28,0.7346
2021-12-29,0.7366
2021-12-30,0.7238
2021-12-31,0.7293
2022-01-01,0.7473
2022-01-02,0.7776
2022-01-03,0.8208
2022-01-04,0.8361
2022-01-05,0.8054
2022-01-06,0.7725
2022-01-07,0.7479
2022-01-08,0.7291
2022-01-09,0.7398
2022-01-10,0.7694
2022-01-11,0.7962
2022-01-12,0.8055
2022-01-13,0.8182
2022-01-14,0.8442
2022-01-15,0.8576
2022-01-16,0.8637
2022-01-17,0.859
2022-01-18,0.8442
2022-01-19,0.8033
2022-01-20,0.7706
2022-01-21,0.7232
2022-01-22,0.6711
2022-01-23,0.6149
2022-01-24,0.5833
2022-01-25,0.5508
2022-01-26,0.5311
2022-01-27,0.5132
2022-01-28,0.49
2022-01-29,0.48
2022-01-30,0.4457
2022-01-31,0.409
2022-02-01,0.3764
2022-02-02,0.3501
2022-02-03,0.311
2022-02-04,0.2818
2022-02-05,0.2783
2022-02-06,0.2752
2022-02-07,0.2697
2022-02-08,0.247
2022-02-09,0.2144
2022-02-10,0.1907
2022-02-11,0.1784
2022-02-12,0.1853
2022-02-13,0.2044
2022-02-14,0.1974
2022-02-15,0.1677
2022-02-16,0.1331
2022-02-17,0.1041
2022-02-18,0.0995
2022-02-19,0.0831
2022-02-20,0.2443
2022-02-21,0.2199
2022-02-22,0.1993
2022-02-23,0.1886
2022-02-24,0.1818
2022-02-25,0.1883
2022-02-26,0.2011
2022-02-27,0.2022
2022-02-28,0.1955
2022-03-01,0.1651
2022-03-02,0.1261
2022-03-03,0.1074
2022-03-04,0.101
2022-03-05,0.1104
2022-03-06,0.1436
2022-03-07,0.1756
2022-03-08,0.2232
2022-03-09,0.2567
2022-03-10,0.2598
2022-03-11,0.2752
2022-03-12,0.2935
2022-03-13,0.3154
2022-03-14,0.3438
2022-03-15,0.3772
2022-03-16,0.3968
2022-03-17,0.4065
2022-03-18,0.4235
2022-03-19,0.4174
2022-03-20,0.4037
2022-03-21,0.4196
2022-03-22,0.4338
2022-03-23,0.4259
2022-03-24,0.4222
2022-03-25,0.4489
2022-03-26,0.5068
2022-03-27,0.5358
2022-03-28,0.5321
2022-03-29,0.5175
2022-03-30,0.4956
2022-03-31,0.4866
2022-04-01,0.4945
2022-04-02,0.5419
2022-04-03,0.5952
2022-04-04,0.6287
2022-04-05,0.6553
2022-04-06,0.6965
2022-04-07,0.7125
2022-04-08,0.721
2022-04-09,0.7204
2022-04-10,0.7222
2022-04-11,0.7248
2022-04-12,0.7123
2022-04-13,0.6885
2022-04-14,0.6844
2022-04-15,0.6808
2022-04-16,0.6575
2022-04-17,0.6835
2022-04-18,0.7032
2022-04-19,0.725
2022-04-20,0.7438
2022-04-21,0.7737
2022-04-22,0.8111
2022-04-23,0.8452
2022-04-24,0.8714
2022-04-25,0.8948
2022-04-26,0.9345
2022-04-27,0.9828
2022-04-28,0.9987
2022-04-29,0.9911
2022-04-30,0.9724
2022-05-01,0.9154
2022-05-02,0.8355
2022-05-03,0.7768
2022-05-04,0.7328
2022-05-05,0.7321
2022-05-06,0.7162
2022-05-07,0.6772
2022-05-08,0.6173
2022-05-09,0.5298
2022-05-10,0.4582
2022-05-11,0.4011
2022-05-12,0.3457
2022-05-13,0.3054
2022-05-14,0.2723
2022-05-15,0.2545
2022-05-16,0.2262
2022-05-17,0.2387
2022-05-18,0.251
2022-05-19,0.2584
2022-05-20,0.2768
2022-05-21,0.2877
2022-05-22,0.305
2022-05-23,0.3274
2022-05-24,0.3588
2022-05-25,0.4212
2022-05-26,0.4716
2022-05-27,0.5029
2022-05-28,0.5248
2022-05-29,0.5385
2022-05-30,0.5523
2022-05-31,0.5435
2022-06-01,0.5307
2022-06-02,0.514
2022-06-03,0.4927
2022-06-04,0.4803
2022-06-05,0.4688
2022-06-06,0.4557
2022-06-07,0.4438
2022-06-08,0.4236
2022-06-09,0.4225
2022-06-10,0.407
2022-06-11,0.3462
2022-06-12,0.2985
2022-06-13,0.2892
2022-06-14,0.2615
2022-06-15,0.2312
2022-06-16,0.2296
2022-06-17,0.2468
2022-06-18,0.2445
2022-06-19,0.2418
2022-06-20,0.244
2022-06-21,0.2367
2022-06-22,0.2162
2022-06-23,0.2061
2022-06-24,0.2053
2022-06-25,0.2071
2022-06-26,0.1888
2022-06-27,0.1885
2022-06-28,0.1836
2022-06-29,0.152
2022-06-30,0.1162
2022-07-01,0.104
2022-07-02,0.0789
2022-07-03,0.0428
2022-07-04,0.0189
2022-07-05,0.0038
2022-07-06,0.009
2022-07-07,0.0278
2022-07-08,0.0237
2022-07-09,0.0204
2022-07-10,0.0003
2022-07-11,-0.0174
2022-07-12,-0.0261
2022-07-13,-0.0161
2022-07-14,-0.0101
2022-07-15,-0.005
2022-07-16,0.0051
2022-07-17,-0.0036
2022-07-18,-0.0183
2022-07-19,-0.0595
2022-07-20,-0.1061
2022-07-21,-0.1513
2022-07-22,-0.159
2022-07-23,-0.1412
2022-07-24,-0.0894
2022-07-25,-0.0371
2022-07-26,0.0029
2022-07-27,0.0475
2022-07-28,0.096
2022-07-29,0.1241
2022-07-30,0.1283
2022-07-31,0.1366
2022-08-01,0.1457
2022-08-02,0.1355
2022-08-03,0.1139
2022-08-04,0.1062
2022-08-05,0.1078
2022-08-06,0.0976
2022-08-07,0.0736
2022-08-08,0.0392
2022-08-09,0.016
2022-08-10,0.0161
2022-08-11,0.0255
2022-08-12,0.0444
2022-08-13,0.0624
2022-08-14,0.09
2022-08-15,0.1107
2022-08-16,0.1467
2022-08-17,0.1599
2022-08-18,0.1411
2022-08-19,0.1226
2022-08-20,0.1122
2022-08-21,0.0989
2022-08-22,0.0591
2022-08-23,0.0204
2022-08-24,-0.0037
2022-08-25,-0.0219
2022-08-26,-0.0429
2022-08-27,-0.0338
2022-08-28,-0.0139
2022-08-29,0.0233
2022-08-30,0.0601
2022-08-31,0.0821
2022-09-01,0.125
2022-09-02,0.1141
2022-09-03,0.0868
2022-09-04,0.0655
2022-09-05,0.0505
2022-09-06,0.0228
2022-09-07,0.017
2022-09-08,0.0415
2022-09-09,0.0744
2022-09-10,0.0974
2022-09-11,0.1055
2022-09-12,0.1223
2022-09-13,0.14
2022-09-14,0.1535
2022-09-15,0.1634
2022-09-16,0.159
2022-09-17,0.1596
2022-09-18,0.1711
2022-09-19,0.1868
2022-09-20,0.2094
2022-09-21,0.2303
2022-09-22,0.2428
2022-09-23,0.2404
2022-09-24,0.2489
2022-09-25,0.2558
2022-09-26,0.2494
2022-09-27,0.2342
2022-09-28,0.1993
2022-09-29,0.1738
2022-09-30,0.1705
2022-10-01,0.1736
2022-10-02,0.1724
2022-10-03,0.1657
2022-10-04,0.1498
2022-10-05,0.1265
2022-10-06,0.1138
2022-10-07,0.1074
2022-10-08,0.1128
2022-10-09,0.1144
2022-10-10,0.109
2022-10-11,0.1188
2022-10-12,0.1365
2022-10-13,0.1705
2022-10-14,0.1945
2022-10-15,0.2182
2022-10-16,0.2228
2022-10-17,0.2149
2022-10-18,0.1925
2022-10-19,0.1895
2022-10-20,0.2052
2022-10-21,0.214
2022-10-22,0.2381
2022-10-23,0.2334
2022-10-24,0.2158
2022-10-25,0.2186
2022-10-26,0.2198
2022-10-27,0.2141
2022-10-28,0.21
2022-10-29,0.2051
2022-10-30,0.1888
2022-10-31,0.1712
2022-11-01,0.1508
2022-11-02,0.1376
2022-11-03,0.133
2022-11-04,0.1399
2022-11-05,0.1605
2022-11-06,0.2056
2022-11-07,0.2391
2022-11-08,0.2572
2022-11-09,0.2517
2022-11-10,0.2286
2022-11-11,0.1933
2022-11-12,0.1734
2022-11-13,0.1418
2022-11-14,0.1262
2022-11-15,0.1152
2022-11-16,0.1283
2022-11-17,0.142
2022-11-18,0.1394
2022-11-19,0.1221
2022-11-20,0.1218
2022-11-21,0.1317
2022-11-22,0.1445
2022-11-23,0.1535
2022-11-24,0.1756
2022-11-25,0.2069
2022-11-26,0.2427
2022-11-27,0.2811
2022-11-28,0.3222
2022-11-29,0.3414
2022-11-30,0.3752
2022-12-01,0.4103
2022-12-02,0.4399
2022-12-03,0.4296
2022-12-04,0.4126
2022-12-05,0.3846
2022-12-06,0.3427
2022-12-07,0.3133
2022-12-08,0.2955
2022-12-09,0.2961
2022-12-10,0.2852
2022-12-11,0.2621
2022-12-12,0.2161
2022-12-13,0.2005
2022-12-14,0.2006
2022-12-15,0.1858
2022-12-16,0.1566
2022-12-17,0.1243
2022-12-18,0.0877
2022-12-19,0.0558
2022-12-20,0.0523
2022-12-21,0.0422
2022-12-22,0.0461
2022-12-23,0.0419
2022-12-24,0.0299
2022-12-25,0.052
2022-12-26,0.0823
2022-12-27,0.0963
2022-12-28,0.14
2022-12-29,0.196
2022-12-30,0.2341
2022-12-31,0.2586
2023-01-01,0.2576
2023-01-02,0.2373
2023-01-03,0.2213
2023-01-04,0.2215
2023-01-05,0.2257
2023-01-06,0.2249
2023-01-07,0.2238
2023-01-08,0.2292
2023-01-09,0.2402
2023-01-10,0.2468
2023-01-11,0.2488
2023-01-12,0.2314
2023-01-13,0.1965
2023-01-14,0.1408
2023-01-15,0.1052
2023-01-16,0.0846
2023-01-17,0.077
2023-01-18,0.0663
2023-01-19,0.0523
2023-01-20,0.0359
2023-01-21,0.0138
2023-01-22,-0.0041
2023-01-23,-0.0149
2023-01-24,-0.029
2023-01-25,-0.0524
2023-01-26,-0.0732
2023-01-27,-0.0701
2023-01-28,-0.0482
2023-01-29,-0.0439
2023-01-30,-0.0488
2023-01-31,-0.0576
2023-02-01,-0.055
2023-02-02,-0.036
2023-02-03,-0.0117
2023-02-04,-0.0088
2023-02-05,0.0056
2023-02-06,0.0157
2023-02-07,0.0283
2023-02-08,0.054
2023-02-09,0.0642
2023-02-10,0.0551
2023-02-11,0.0346
2023-02-12,0.0295
2023-02-13,0.0268
2023-02-14,0.0278
2023-02-15,0.0345
2023-02-16,0.0484
2023-02-17,0.0554
2023-02-18,0.0615
2023-02-19,0.053
2023-02-20,0.0299
2023-02-21,0.0006
2023-02-22,-0.0322
2023-02-23,-0.0029
2023-02-24,0.0583
2023-02-25,0.08
2023-02-26,0.092
2023-02-27,0.1201
2023-02-28,0.168
2023-03-01,0.2023
2023-03-02,0.2288
2023-03-03,0.2479
2023-03-04,0.2836
2023-03-05,0.3305
2023-03-06,0.3643
2023-03-07,0.3697
2023-03-08,0.3506
2023-03-09,0.3103
2023-03-10,0.2807
2023-03-11,0.2639
2023-03-12,0.2507
2023-03-13,0.2664
2023-03-14,0.2835
2023-03-15,0.3044
2023-03-16,0.3205
2023-03-17,0.3096
2023-03-18,0.2928
2023-03-19,0.2709
2023-03-20,0.2577
2023-03-21,0.2383
2023-03-22,0.2008
2023-03-23,0.2062
2023-03-24,0.215
2023-03-25,0.2384
2023-03-26,0.2463
2023-03-27,0.2513
2023-03-28,0.2513
2023-03-29,0.2792
2023-03-30,0.3157
2023-03-31,0.3633
2023-04-01,0.4015
2023-04-02,0.4344
2023-04-03,0.4829
2023-04-04,0.5195
2023-04-05,0.5424
2023-04-06,0.5723
2023-04-07,0.6123
2023-04-08,0.649
2023-04-09,0.6623
2023-04-10,0.6867
2023-04-11,0.7182
2023-04-12,0.7333
2023-04-13,0.7788
2023-04-14,0.7912
2023-04-15,0.7893
2023-04-16,0.8145
2023-04-17,0.8468
2023-04-18,0.8309
2023-04-19,0.7588
2023-04-20,0.7048
2023-04-21,0.6833
2023-04-22,0.6435
2023-04-23,0.6329
2023-04-24,0.6093
2023-04-25,0.578
2023-04-26,0.579
2023-04-27,0.5634
2023-04-28,0.5748
2023-04-29,0.5853
2023-04-30,0.602
2023-05-01,0.6169
2023-05-02,0.6227
2023-05-03,0.6151
2023-05-04,0.5931
2023-05-05,0.6072
2023-05-06,0.6254
2023-05-07,0.6432
2023-05-08,0.6534
2023-05-09,0.6621
2023-05-10,0.6456
2023-05-11,0.6163
2023-05-12,0.5934
2023-05-13,0.5513
2023-05-14,0.5054
2023-05-15,0.4677
2023-05-16,0.4486
2023-05-17,0.4566
2023-05-18,0.4927
2023-05-19,0.5372
2023-05-20,0.5654
2023-05-21,0.5908
2023-05-22,0.6261
2023-05-23,0.6579
2023-05-24,0.6846
2023-05-25,0.7026
2023-05-26,0.7014
2023-05-27,0.6926
2023-05-28,0.6845
2023-05-29,0.6873
2023-05-30,0.71
2023-05-31,0.7131
2023-06-01,0.6964
2023-06-02,0.6829
2023-06-03,0.6639
2023-06-04,0.6535
2023-06-05,0.6512
2023-06-06,0.6596
2023-06-07,0.6495
2023-06-08,0.6269
2023-06-09,0.6089
2023-06-10,0.5935
2023-06-11,0.5827
2023-06-12,0.5591
2023-06-13,0.5537
2023-06-14,0.5313
2023-06-15,0.5414
2023-06-16,0.5536
2023-06-17,0.5485
2023-06-18,0.5429
2023-06-19,0.5617
2023-06-20,0.5796
2023-06-21,0.5762
2023-06-22,0.5814
2023-06-23,0.5865
2023-06-24,0.5849
2023-06-25,0.5566
2023-06-26,0.5255
2023-06-27,0.4943
2023-06-28,0.4791
2023-06-29,0.467
2023-06-30,0.4699
2023-07-01,0.4592
2023-07-02,0.4529
2023-07-03,0.4445
2023-07-04,0.4396
2023-07-05,0.4177
2023-07-06,0.3931
2023-07-07,0.3937
2023-07-08,0.4015
2023-07-09,0.4112
2023-07-10,0.4281
2023-07-11,0.4596
2023-07-12,0.4946
2023-07-13,0.508
2023-07-14,0.5263
2023-07-15,0.5467
2023-07-16,0.5297
2023-07-17,0.4881
2023-07-18,0.4587
2023-07-19,0.4619
2023-07-20,0.4427
2023-07-21,0.4391
2023-07-22,0.4401
2023-07-23,0.4425
2023-07-24,0.456
2023-07-25,0.4593
2023-07-26,0.4635
2023-07-27,0.4599
2023-07-28,0.4492
2023-07-29,0.4551
2023-07-30,0.4866
2023-07-31,0.5131
2023-08-01,0.5353
2023-08-02,0.5318
2023-08-03,0.5226
2023-08-04,0.5269
2023-08-05,0.5369
2023-08-06,0.5481
2023-08-07,0.5346
2023-08-08,0.5441
2023-08-09,0.5472
2023-08-10,0.5623
2023-08-11,0.5856
2023-08-12,0.6038
2023-08-13,0.644
2023-08-14,0.6831
2023-08-15,0.6981
2023-08-16,0.7054
2023-08-17,0.7124
2023-08-18,0.7449
2023-08-19,0.7691
2023-08-20,0.7877
2023-08-21,0.8044
2023-08-22,0.827
2023-08-23,0.8355
2023-08-24,0.8283
2023-08-25,0.8108
2023-08-26,0.8066
2023-08-27,0.7975
2023-08-28,0.7598
2023-08-29,0.7236
2023-08-30,0.6942
2023-08-31,0.6886
2023-09-01,0.6929
2023-09-02,0.6946
2023-09-03,0.6961
2023-09-04,0.6994
2023-09-05,0.7026
2023-09-06,0.7082
2023-09-07,0.7193
2023-09-08,0.7398
2023-09-09,0.7555
2023-09-10,0.7564
2023-09-11,0.7505
2023-09-12,0.735
2023-09-13,0.709
2023-09-14,0.699
2023-09-15,0.6606
2023-09-16,0.6272
2023-09-17,0.6063
2023-09-18,0.592
2023-09-19,0.5883
2023-09-20,0.6005
2023-09-21,0.628
2023-09-22,0.6477
2023-09-23,0.6618
2023-09-24,0.6694
2023-09-25,0.6792
2023-09-26,0.6815
2023-09-27,0.6623
2023-09-28,0.6441
2023-09-29,0.6208
2023-09-30,0.5989
2023-10-01,0.5807
2023-10-02,0.5698
2023-10-03,0.5714
2023-10-04,0.5948
2023-10-05,0.6046
2023-10-06,0.6063
2023-10-07,0.6097
2023-10-08,0.6196
2023-10-09,0.6366
2023-10-10,0.672
2023-10-11,0.7148
2023-10-12,0.7536
2023-10-13,0.7813
2023-10-14,0.7796
2023-10-15,0.7615
2023-10-16,0.7287
2023-10-17,0.685
2023-10-18,0.6637
2023-10-19,0.6627
2023-10-20,0.6736
2023-10-21,0.6877
2023-10-22,0.6943
2023-10-23,0.705
2023-10-24,0.6982
2023-10-25,0.6975
2023-10-26,0.6871
2023-10-27,0.6626
2023-10-28,0.6356
2023-10-29,0.615
2023-10-30,0.6154
2023-10-31,0.6258
2023-11-01,0.64
2023-11-02,0.6442
2023-11-03,0.6446
2023-11-04,0.6602
2023-11-05,0.6862
2023-11-06,0.7222
2023-11-07,0.7792
2023-11-08,0.82
2023-11-09,0.8252
2023-11-10,0.8286
2023-11-11,0.8398
2023-11-12,0.8551
2023-11-13,0.8712
2023-11-14,0.894
2023-11-15,0.9007
2023-11-16,0.8822
2023-11-17,0.8583
2023-11-18,0.8388
2023-11-19,0.8307
2023-11-20,0.8214
2023-11-21,0.8029
2023-11-22,0.7955
2023-11-23,0.7967
2023-11-24,0.7915
2023-11-25,0.7913
2023-11-26,0.7891
2023-11-27,0.7863
2023-11-28,0.7789
2023-11-29,0.795
2023-11-30,0.7914
2023-12-01,0.7904
2023-12-02,0.7804
2023-12-03,0.761
2023-12-04,0.7382
2023-12-05,0.7326
2023-12-06,0.7279
2023-12-07,0.7497
2023-12-08,0.7773
2023-12-09,0.8024
2023-12-10,0.8307
2023-12-11,0.8593
2023-12-12,0.8756
2023-12-13,0.9014
2023-12-14,0.9232
2023-12-15,0.9397
2023-12-16,0.945
2023-12-17,0.9436
2023-12-18,0.9311
2023-12-19,0.9141
2023-12-20,0.9282
2023-12-21,0.953
2023-12-22,0.9719
2023-12-23,0.9847
2023-12-24,0.9976
2023-12-25,1.0224
2023-12-26,1.0447
2023-12-27,1.0532
2023-12-28,1.0636
2023-12-29,1.0761
2023-12-30,1.0825
2023-12-31,1.0873
