date,AMO
1983-01-01,-0.3714
1983-01-02,-0.33
1983-01-03,-0.2953
1983-01-04,-0.2891
1983-01-05,-0.303
1983-01-06,-0.2913
1983-01-07,-0.3058
1983-01-08,-0.3269
1983-01-09,-0.3414
1983-01-10,-0.3468
1983-01-11,-0.3531
1983-01-12,-0.3556
1983-01-13,-0.3883
1983-01-14,-0.378
1983-01-15,-0.341
1983-01-16,-0.3377
1983-01-17,-0.3394
1983-01-18,-0.2936
1983-01-19,-0.2521
1983-01-20,-0.2326
1983-01-21,-0.2093
1983-01-22,-0.2292
1983-01-23,-0.2549
1983-01-24,-0.2645
1983-01-25,-0.2548
1983-01-26,-0.2469
1983-01-27,-0.2731
1983-01-28,-0.3076
1983-01-29,-0.347
1983-01-30,-0.3675
1983-01-31,-0.3174
1983-02-01,-0.2697
1983-02-02,-0.2737
1983-02-03,-0.2805
1983-02-04,-0.2291
1983-02-05,-0.2024
1983-02-06,-0.1819
1983-02-07,-0.1557
1983-02-08,-0.112
1983-02-09,-0.0586
1983-02-10,-0.0473
1983-02-11,-0.0737
1983-02-12,-0.0685
1983-02-13,-0.0533
1983-02-14,-0.0484
1983-02-15,-0.0779
1983-02-16,-0.0969
1983-02-17,-0.1008
1983-02-18,-0.1065
1983-02-19,-0.1374
1983-02-20,-0.1365
1983-02-21,-0.117
1983-02-22,-0.0624
1983-02-23,-0.0326
1983-02-24,0.0071
1983-02-25,0.0062
1983-02-26,-0.0311
1983-02-27,-0.042
1983-02-28,-0.0831
1983-03-01,-0.0854
1983-03-02,-0.0647
1983-03-03,-0.0368
1983-03-04,-0.036
1983-03-05,-0.0424
1983-03-06,-0.0287
1983-03-07,-0.001
1983-03-08,0.0286
1983-03-09,0.0569
1983-03-10,0.0934
1983-03-11,0.1289
1983-03-12,0.1353
1983-03-13,0.118
1983-03-14,0.1401
1983-03-15,0.1786
1983-03-16,0.2102
1983-03-17,0.1894
1983-03-18,0.1681
1983-03-19,0.1511
1983-03-20,0.1614
1983-03-21,0.1604
1983-03-22,0.1503
1983-03-23,0.154
1983-03-24,0.1215
1983-03-25,0.0532
1983-03-26,-0.0237
1983-03-27,-0.075
1983-03-28,-0.0901
1983-03-29,-0.0273
1983-03-30,0.013
1983-03-31,0.0226
1983-04-01,0.0169
1983-04-02,0.0993
1983-04-03,0.1522
1983-04-04,0.147
1983-04-05,0.0951
1983-04-06,0.0475
1983-04-07,0.0119
1983-04-08,-0.0923
1983-04-09,-0.1315
1983-04-10,-0.1423
1983-04-11,-0.0448
1983-04-12,0.0289
1983-04-13,0.0531
1983-04-14,0.0342
1983-04-15,-0.0284
1983-04-16,-0.0817
1983-04-17,-0.0971
1983-04-18,-0.1117
1983-04-19,-0.1077
1983-04-20,-0.0854
1983-04-21,-0.0843
1983-04-22,-0.0614
1983-04-23,-0.0684
1983-04-24,-0.1005
1983-04-25,-0.1227
1983-04-26,-0.0928
1983-04-27,-0.0701
1983-04-28,-0.061
1983-04-29,-0.0623
1983-04-30,-0.0672
1983-05-01,-0.0504
1983-05-02,-0.0486
1983-05-03,-0.0625
1983-05-04,-0.063
1983-05-05,-0.0509
1983-05-06,-0.0193
1983-05-07,-0.027
1983-05-08,-0.0067
1983-05-09,-0.0046
1983-05-10,-0.0272
1983-05-11,-0.0616
1983-05-12,-0.0985
1983-05-13,-0.1165
1983-05-14,-0.1453
1983-05-15,-0.1887
1983-05-16,-0.1954
1983-05-17,-0.2339
1983-05-18,-0.2476
1983-05-19,-0.2333
1983-05-20,-0.2278
1983-05-21,-0.2438
1983-05-22,-0.2278
1983-05-23,-0.2244
1983-05-24,-0.2548
1983-05-25,-0.2615
1983-05-26,-0.2307
1983-05-27,-0.1823
1983-05-28,-0.2105
1983-05-29,-0.2526
1983-05-30,-0.2092
1983-05-31,-0.1865
1983-06-01,-0.1895
1983-06-02,-0.1878
1983-06-03,-0.193
1983-06-04,-0.185
1983-06-05,-0.1697
1983-06-06,-0.1539
1983-06-07,-0.1115
1983-06-08,-0.0743
1983-06-09,-0.0743
1983-06-10,-0.1147
1983-06-11,-0.1872
1983-06-12,-0.1609
1983-06-13,-0.17
1983-06-14,-0.2132
1983-06-15,-0.2749
1983-06-16,-0.2788
1983-06-17,-0.2676
1983-06-18,-0.2188
1983-06-19,-0.1434
1983-06-20,-0.0975
1983-06-21,-0.0845
1983-06-22,-0.1018
1983-06-23,-0.0766
1983-06-24,-0.0392
1983-06-25,-0.1121
1983-06-26,-0.1494
1983-06-27,-0.2093
1983-06-28,-0.2239
1983-06-29,-0.221
1983-06-30,-0.2104
1983-07-01,-0.2139
1983-07-02,-0.2072
1983-07-03,-0.2352
1983-07-04,-0.2485
1983-07-05,-0.2264
1983-07-06,-0.1858
1983-07-07,-0.1904
1983-07-08,-0.1795
1983-07-09,-0.1494
1983-07-10,-0.0939
1983-07-11,-0.0548
1983-07-12,-0.0347
1983-07-13,-0.0057
1983-07-14,0.0384
1983-07-15,0.0425
1983-07-16,-0.012
1983-07-17,-0.0085
1983-07-18,-0.0491
1983-07-19,-0.0763
1983-07-20,-0.1488
1983-07-21,-0.2175
1983-07-22,-0.2742
1983-07-23,-0.2924
1983-07-24,-0.2423
1983-07-25,-0.2418
1983-07-26,-0.1786
1983-07-27,-0.1178
1983-07-28,-0.0644
1983-07-29,-0.0505
1983-07-30,-0.0414
1983-07-31,-0.0365
1983-08-01,-0.0884
1983-08-02,-0.055
1983-08-03,-0.0876
1983-08-04,-0.1472
1983-08-05,-0.1727
1983-08-06,-0.1874
1983-08-07,-0.0483
1983-08-08,-0.0434
1983-08-09,-0.0234
1983-08-10,-0.0259
1983-08-11,-0.0316
1983-08-12,-0.0152
1983-08-13,-0.0668
1983-08-14,-0.1364
1983-08-15,-0.1862
1983-08-16,-0.2752
1983-08-17,-0.3631
1983-08-18,-0.3365
1983-08-19,-0.2828
1983-08-20,-0.2275
1983-08-21,-0.2863
1983-08-22,-0.2947
1983-08-23,-0.2885
1983-08-24,-0.1213
1983-08-25,-0.1034
1983-08-26,-0.055
1983-08-27,-0.0145
1983-08-28,0.0094
1983-08-29,0.0008
1983-08-30,-0.0466
1983-08-31,-0.0752
1983-09-01,-0.1317
1983-09-02,-0.2288
1983-09-03,-0.2848
1983-09-04,-0.2661
1983-09-05,-0.2018
1983-09-06,-0.1776
1983-09-07,-0.1056
1983-09-08,-0.042
1983-09-09,-0.0246
1983-09-10,-0.0196
1983-09-11,-0.0266
1983-09-12,-0.0128
1983-09-13,0.0133
1983-09-14,0.0144
1983-09-15,-0.1131
1983-09-16,-0.1596
1983-09-17,-0.131
1983-09-18,-0.089
1983-09-19,-0.0646
1983-09-20,-0.0497
1983-09-21,-0.0316
1983-09-22,-0.0379
1983-09-23,-0.0703
1983-09-24,-0.093
1983-09-25,-0.1018
1983-09-26,-0.1067
1983-09-27,-0.1572
1983-09-28,-0.1759
1983-09-29,-0.1898
1983-09-30,-0.1747
1983-10-01,-0.1947
1983-10-02,-0.2337
1983-10-03,-0.2518
1983-10-04,-0.2184
1983-10-05,-0.1241
1983-10-06,-0.0442
1983-10-07,-0.0142
1983-10-08,-0.0403
1983-10-09,-0.0218
1983-10-10,-0.0444
1983-10-11,-0.0998
1983-10-12,-0.1485
1983-10-13,-0.1706
1983-10-14,-0.1862
1983-10-15,-0.1532
1983-10-16,-0.1426
1983-10-17,-0.1254
1983-10-18,-0.1142
1983-10-19,-0.097
1983-10-20,-0.1183
1983-10-21,-0.1397
1983-10-22,-0.1326
1983-10-23,-0.1106
1983-10-24,-0.1279
1983-10-25,-0.1361
1983-10-26,-0.1628
1983-10-27,-0.1584
1983-10-28,-0.1819
1983-10-29,-0.1679
1983-10-30,-0.1308
1983-10-31,-0.1191
1983-11-01,-0.1279
1983-11-02,-0.1607
1983-11-03,-0.1524
1983-11-04,-0.158
1983-11-05,-0.1925
1983-11-06,-0.1978
1983-11-07,-0.1879
1983-11-08,-0.1961
1983-11-09,-0.1468
1983-11-10,-0.1294
1983-11-11,-0.1351
1983-11-12,-0.1374
1983-11-13,-0.0968
1983-11-14,-0.0791
1983-11-15,-0.092
1983-11-16,-0.0842
1983-11-17,-0.0625
1983-11-18,-0.0311
1983-11-19,-0.0386
1983-11-20,-0.0266
1983-11-21,-0.017
1983-11-22,-0.0533
1983-11-23,-0.0266
1983-11-24,-0.0289
1983-11-25,-0.0707
1983-11-26,-0.0835
1983-11-27,-0.0339
1983-11-28,0.0223
1983-11-29,0.0255
1983-11-30,0.0283
1983-12-01,0.0248
1983-12-02,0.0289
1983-12-03,-0.0011
1983-12-04,-0.0204
1983-12-05,-0.0165
1983-12-06,0.0287
1983-12-07,0.0526
1983-12-08,0.0307
1983-12-09,0.0219
1983-12-10,0.0337
1983-12-11,0.0554
1983-12-12,0.0477
1983-12-13,0.0145
1983-12-14,0.018
1983-12-15,-0.0157
1983-12-16,-0.0374
1983-12-17,-0.0607
1983-12-18,-0.0507
1983-12-19,-0.0696
1983-12-20,-0.0947
1983-12-21,-0.0874
1983-12-22,-0.0855
1983-12-23,-0.0647
1983-12-24,-0.056
1983-12-25,-0.0771
1983-12-26,-0.1484
1983-12-27,-0.2319
1983-12-28,-0.2826
1983-12-29,-0.2704
1983-12-30,-0.2544
1983-12-31,-0.24
1984-01-01,-0.2278
1984-01-02,-0.1782
1984-01-03,-0.1325
1984-01-04,-0.1264
1984-01-05,-0.115
1984-01-06,-0.1363
1984-01-07,-0.1461
1984-01-08,-0.1503
1984-01-09,-0.1471
1984-01-10,-0.0968
1984-01-11,-0.0421
1984-01-12,-0.0191
1984-01-13,-0.0235
1984-01-14,-0.0311
1984-01-15,-0.0777
1984-01-16,-0.0726
1984-01-17,-0.0618
1984-01-18,-0.0752
1984-01-19,-0.104
1984-01-20,-0.1204
1984-01-21,-0.1416
1984-01-22,-0.1782
1984-01-23,-0.2212
1984-01-24,-0.1937
1984-01-25,-0.1612
1984-01-26,-0.156
1984-01-27,-0.1343
1984-01-28,-0.1115
1984-01-29,-0.0999
1984-01-30,-0.1276
1984-01-31,-0.1122
1984-02-01,-0.0994
1984-02-02,-0.1039
1984-02-03,-0.1001
1984-02-04,-0.0867
1984-02-05,-0.0913
1984-02-06,-0.1445
1984-02-07,-0.1787
1984-02-08,-0.1887
1984-02-09,-0.1891
1984-02-10,-0.1644
1984-02-11,-0.131
1984-02-12,-0.073
1984-02-13,-0.0954
1984-02-14,-0.1464
1984-02-15,-0.1385
1984-02-16,-0.1166
1984-02-17,-0.0992
1984-02-18,-0.0936
1984-02-19,-0.0983
1984-02-20,-0.0991
1984-02-21,-0.0973
1984-02-22,-0.0812
1984-02-23,-0.0651
1984-02-24,-0.0582
1984-02-25,-0.0509
1984-02-26,-0.0849
1984-02-27,-0.0801
1984-02-28,-0.0862
1984-02-29,-0.0918
1984-03-01,-0.1028
1984-03-02,-0.1223
1984-03-03,-0.1573
1984-03-04,-0.1649
1984-03-05,-0.1878
1984-03-06,-0.1958
1984-03-07,-0.1972
1984-03-08,-0.1814
1984-03-09,-0.1604
1984-03-10,-0.1556
1984-03-11,-0.1317
1984-03-12,-0.1278
1984-03-13,-0.1507
1984-03-14,-0.1674
1984-03-15,-0.1568
1984-03-16,-0.1387
1984-03-17,-0.1636
1984-03-18,-0.1961
1984-03-19,-0.2373
1984-03-20,-0.2694
1984-03-21,-0.268
1984-03-22,-0.2579
1984-03-23,-0.2729
1984-03-24,-0.2396
1984-03-25,-0.2063
1984-03-26,-0.1916
1984-03-27,-0.1791
1984-03-28,-0.1725
1984-03-29,-0.1727
1984-03-30,-0.2124
1984-03-31,-0.2535
1984-04-01,-0.2585
1984-04-02,-0.2998
1984-04-03,-0.2837
1984-04-04,-0.2799
1984-04-05,-0.2341
1984-04-06,-0.2333
1984-04-07,-0.2322
1984-04-08,-0.242
1984-04-09,-0.2476
1984-04-10,-0.2012
1984-04-11,-0.1877
1984-04-12,-0.1883
1984-04-13,-0.1995
1984-04-14,-0.2324
1984-04-15,-0.2428
1984-04-16,-0.2427
1984-04-17,-0.223
1984-04-18,-0.1846
1984-04-19,-0.1781
1984-04-20,-0.1719
1984-04-21,-0.2128
1984-04-22,-0.2045
1984-04-23,-0.2272
1984-04-24,-0.2576
1984-04-25,-0.2801
1984-04-26,-0.2576
1984-04-27,-0.2565
1984-04-28,-0.2444
1984-04-29,-0.2349
1984-04-30,-0.1695
1984-05-01,-0.1527
1984-05-02,-0.1578
1984-05-03,-0.1787
1984-05-04,-0.1558
1984-05-05,-0.1395
1984-05-06,-0.1791
1984-05-07,-0.2281
1984-05-08,-0.2876
1984-05-09,-0.3241
1984-05-10,-0.2797
1984-05-11,-0.1829
1984-05-12,-0.1254
1984-05-13,-0.1727
1984-05-14,-0.205
1984-05-15,-0.2484
1984-05-16,-0.3031
1984-05-17,-0.3578
1984-05-18,-0.412
1984-05-19,-0.3946
1984-05-20,-0.367
1984-05-21,-0.3654
1984-05-22,-0.3923
1984-05-23,-0.3613
1984-05-24,-0.3341
1984-05-25,-0.3522
1984-05-26,-0.3925
1984-05-27,-0.3724
1984-05-28,-0.356
1984-05-29,-0.3713
1984-05-30,-0.4232
1984-05-31,-0.4783
1984-06-01,-0.4935
1984-06-02,-0.5117
1984-06-03,-0.5092
1984-06-04,-0.4822
1984-06-05,-0.5633
1984-06-06,-0.6266
1984-06-07,-0.6835
1984-06-08,-0.6899
1984-06-09,-0.6355
1984-06-10,-0.5395
1984-06-11,-0.5016
1984-06-12,-0.4899
1984-06-13,-0.4249
1984-06-14,-0.3801
1984-06-15,-0.4601
1984-06-16,-0.5147
1984-06-17,-0.5288
1984-06-18,-0.518
1984-06-19,-0.5023
1984-06-20,-0.4455
1984-06-21,-0.4701
1984-06-22,-0.496
1984-06-23,-0.5294
1984-06-24,-0.5704
1984-06-25,-0.6123
1984-06-26,-0.6218
1984-06-27,-0.531
1984-06-28,-0.429
1984-06-29,-0.4341
1984-06-30,-0.3372
1984-07-01,-0.337
1984-07-02,-0.3557
1984-07-03,-0.3742
1984-07-04,-0.3426
1984-07-05,-0.3502
1984-07-06,-0.4406
1984-07-07,-0.5391
1984-07-08,-0.5771
1984-07-09,-0.5754
1984-07-10,-0.5496
1984-07-11,-0.5051
1984-07-12,-0.4722
1984-07-13,-0.4075
1984-07-14,-0.4321
1984-07-15,-0.5268
1984-07-16,-0.5735
1984-07-17,-0.4682
1984-07-18,-0.3132
1984-07-19,-0.2076
1984-07-20,-0.1245
1984-07-21,-0.0926
1984-07-22,-0.1072
1984-07-23,-0.174
1984-07-24,-0.215
1984-07-25,-0.2843
1984-07-26,-0.3291
1984-07-27,-0.3396
1984-07-28,-0.3393
1984-07-29,-0.277
1984-07-30,-0.3158
1984-07-31,-0.2951
1984-08-01,-0.2408
1984-08-02,-0.2111
1984-08-03,-0.2284
1984-08-04,-0.2272
1984-08-05,-0.2081
1984-08-06,-0.2166
1984-08-07,-0.272
1984-08-08,-0.2721
1984-08-09,-0.3078
1984-08-10,-0.3378
1984-08-11,-0.349
1984-08-12,-0.268
1984-08-13,-0.2439
1984-08-14,-0.2212
1984-08-15,-0.1918
1984-08-16,-0.1946
1984-08-17,-0.1713
1984-08-18,-0.1605
1984-08-19,-0.1859
1984-08-20,-0.2228
1984-08-21,-0.2535
1984-08-22,-0.247
1984-08-23,-0.223
1984-08-24,-0.2045
1984-08-25,-0.2201
1984-08-26,-0.1381
1984-08-27,-0.0838
1984-08-28,0.0151
1984-08-29,0.0704
1984-08-30,0.1371
1984-08-31,0.1358
1984-09-01,0.1117
1984-09-02,0.0302
1984-09-03,-0.0161
1984-09-04,-0.123
1984-09-05,-0.183
1984-09-06,-0.1378
1984-09-07,-0.0656
1984-09-08,-0.0779
1984-09-09,-0.0878
1984-09-10,-0.0641
1984-09-11,-0.0402
1984-09-12,-0.0828
1984-09-13,-0.1532
1984-09-14,-0.2461
1984-09-15,-0.2671
1984-09-16,-0.2635
1984-09-17,-0.2649
1984-09-18,-0.2507
1984-09-19,-0.2067
1984-09-20,-0.2294
1984-09-21,-0.2019
1984-09-22,-0.1805
1984-09-23,-0.1474
1984-09-24,-0.0915
1984-09-25,-0.0625
1984-09-26,-0.0456
1984-09-27,-0.091
1984-09-28,-0.1502
1984-09-29,-0.2764
1984-09-30,-0.3101
1984-10-01,-0.2732
1984-10-02,-0.2352
1984-10-03,-0.2341
1984-10-04,-0.2659
1984-10-05,-0.2895
1984-10-06,-0.2948
1984-10-07,-0.2737
1984-10-08,-0.3065
1984-10-09,-0.3513
1984-10-10,-0.3552
1984-10-11,-0.3648
1984-10-12,-0.3683
1984-10-13,-0.3765
1984-10-14,-0.3447
1984-10-15,-0.2962
1984-10-16,-0.282
1984-10-17,-0.2476
1984-10-18,-0.2312
1984-10-19,-0.2708
1984-10-20,-0.2927
1984-10-21,-0.2806
1984-10-22,-0.3007
1984-10-23,-0.3236
1984-10-24,-0.3948
1984-10-25,-0.4419
1984-10-26,-0.4898
1984-10-27,-0.4813
1984-10-28,-0.4393
1984-10-29,-0.4091
1984-10-30,-0.3827
1984-10-31,-0.3772
1984-11-01,-0.3762
1984-11-02,-0.3949
1984-11-03,-0.4294
1984-11-04,-0.4436
1984-11-05,-0.4445
1984-11-06,-0.4055
1984-11-07,-0.341
1984-11-08,-0.3516
1984-11-09,-0.3749
1984-11-10,-0.3862
1984-11-11,-0.3757
1984-11-12,-0.3819
1984-11-13,-0.3965
1984-11-14,-0.3949
1984-11-15,-0.3541
1984-11-16,-0.3292
1984-11-17,-0.3364
1984-11-18,-0.3931
1984-11-19,-0.375
1984-11-20,-0.3517
1984-11-21,-0.3561
1984-11-22,-0.3848
1984-11-23,-0.39
1984-11-24,-0.3886
1984-11-25,-0.4109
1984-11-26,-0.4424
1984-11-27,-0.4551
1984-11-28,-0.4632
1984-11-29,-0.4593
1984-11-30,-0.4161
1984-12-01,-0.3886
1984-12-02,-0.3566
1984-12-03,-0.349
1984-12-04,-0.3275
1984-12-05,-0.3229
1984-12-06,-0.3246
1984-12-07,-0.3722
1984-12-08,-0.3789
1984-12-09,-0.3655
1984-12-10,-0.3649
1984-12-11,-0.3586
1984-12-12,-0.3442
1984-12-13,-0.3263
1984-12-14,-0.4062
1984-12-15,-0.4741
1984-12-16,-0.3755
1984-12-17,-0.3571
1984-12-18,-0.3804
1984-12-19,-0.4305
1984-12-20,-0.4706
1984-12-21,-0.4671
1984-12-22,-0.4576
1984-12-23,-0.4039
1984-12-24,-0.3053
1984-12-25,-0.248
1984-12-26,-0.2275
1984-12-27,-0.2357
1984-12-28,-0.2766
1984-12-29,-0.3134
1984-12-30,-0.3142
1984-12-31,-0.3229
1985-01-01,-0.3689
1985-01-02,-0.3622
1985-01-03,-0.3502
1985-01-04,-0.3242
1985-01-05,-0.2829
1985-01-06,-0.2607
1985-01-07,-0.2165
1985-01-08,-0.2214
1985-01-09,-0.2758
1985-01-10,-0.4189
1985-01-11,-0.4646
1985-01-12,-0.44
1985-01-13,-0.4253
1985-01-14,-0.4183
1985-01-15,-0.4432
1985-01-16,-0.4803
1985-01-17,-0.5208
1985-01-18,-0.5151
1985-01-19,-0.5064
1985-01-20,-0.4859
1985-01-21,-0.4684
1985-01-22,-0.4745
1985-01-23,-0.4928
1985-01-24,-0.5341
1985-01-25,-0.5422
1985-01-26,-0.5129
1985-01-27,-0.4901
1985-01-28,-0.4691
1985-01-29,-0.4571
1985-01-30,-0.4401
1985-01-31,-0.445
1985-02-01,-0.4415
1985-02-02,-0.4238
1985-02-03,-0.3735
1985-02-04,-0.3793
1985-02-05,-0.3973
1985-02-06,-0.4093
1985-02-07,-0.4003
1985-02-08,-0.4008
1985-02-09,-0.3822
1985-02-10,-0.3778
1985-02-11,-0.3709
1985-02-12,-0.3645
1985-02-13,-0.3514
1985-02-14,-0.3244
1985-02-15,-0.3423
1985-02-16,-0.3697
1985-02-17,-0.4134
1985-02-18,-0.4288
1985-02-19,-0.4205
1985-02-20,-0.4446
1985-02-21,-0.4743
1985-02-22,-0.5
1985-02-23,-0.5565
1985-02-24,-0.5609
1985-02-25,-0.549
1985-02-26,-0.5425
1985-02-27,-0.4972
1985-02-28,-0.4721
1985-03-01,-0.4454
1985-03-02,-0.435
1985-03-03,-0.4321
1985-03-04,-0.4363
1985-03-05,-0.4333
1985-03-06,-0.4669
1985-03-07,-0.4926
1985-03-08,-0.5
1985-03-09,-0.4817
1985-03-10,-0.4741
1985-03-11,-0.449
1985-03-12,-0.4609
1985-03-13,-0.4471
1985-03-14,-0.4173
1985-03-15,-0.4114
1985-03-16,-0.4085
1985-03-17,-0.4061
1985-03-18,-0.4352
1985-03-19,-0.4649
1985-03-20,-0.4851
1985-03-21,-0.5063
1985-03-22,-0.5099
1985-03-23,-0.531
1985-03-24,-0.5513
1985-03-25,-0.5618
1985-03-26,-0.5718
1985-03-27,-0.5623
1985-03-28,-0.5561
1985-03-29,-0.5288
1985-03-30,-0.5107
1985-03-31,-0.4969
1985-04-01,-0.5131
1985-04-02,-0.5414
1985-04-03,-0.5249
1985-04-04,-0.525
1985-04-05,-0.5363
1985-04-06,-0.5598
1985-04-07,-0.5572
1985-04-08,-0.5711
1985-04-09,-0.5867
1985-04-10,-0.6262
1985-04-11,-0.6582
1985-04-12,-0.684
1985-04-13,-0.7199
1985-04-14,-0.7279
1985-04-15,-0.7266
1985-04-16,-0.7186
1985-04-17,-0.7301
1985-04-18,-0.7179
1985-04-19,-0.6971
1985-04-20,-0.7253
1985-04-21,-0.7331
1985-04-22,-0.7038
1985-04-23,-0.7002
1985-04-24,-0.7005
1985-04-25,-0.6676
1985-04-26,-0.6415
1985-04-27,-0.5988
1985-04-28,-0.6059
1985-04-29,-0.5617
1985-04-30,-0.5324
1985-05-01,-0.5084
1985-05-02,-0.4956
1985-05-03,-0.4874
1985-05-04,-0.529
1985-05-05,-0.5833
1985-05-06,-0.6153
1985-05-07,-0.6428
1985-05-08,-0.6476
1985-05-09,-0.6564
1985-05-10,-0.6651
1985-05-11,-0.6867
1985-05-12,-0.6965
1985-05-13,-0.7067
1985-05-14,-0.6913
1985-05-15,-0.6748
1985-05-16,-0.6524
1985-05-17,-0.6197
1985-05-18,-0.5543
1985-05-19,-0.5233
1985-05-20,-0.5211
1985-05-21,-0.5423
1985-05-22,-0.5375
1985-05-23,-0.5749
1985-05-24,-0.6062
1985-05-25,-0.6302
1985-05-26,-0.6513
1985-05-27,-0.6087
1985-05-28,-0.583
1985-05-29,-0.557
1985-05-30,-0.4857
1985-05-31,-0.4468
1985-06-01,-0.4523
1985-06-02,-0.4116
1985-06-03,-0.3886
1985-06-04,-0.4071
1985-06-05,-0.4214
1985-06-06,-0.3822
1985-06-07,-0.3472
1985-06-08,-0.3679
1985-06-09,-0.3879
1985-06-10,-0.3595
1985-06-11,-0.3356
1985-06-12,-0.3044
1985-06-13,-0.297
1985-06-14,-0.2065
1985-06-15,-0.2284
1985-06-16,-0.253
1985-06-17,-0.2868
1985-06-18,-0.3141
1985-06-19,-0.2578
1985-06-20,-0.2228
1985-06-21,-0.2053
1985-06-22,-0.2346
1985-06-23,-0.2449
1985-06-24,-0.2465
1985-06-25,-0.2629
1985-06-26,-0.2341
1985-06-27,-0.2317
1985-06-28,-0.2003
1985-06-29,-0.1676
1985-06-30,-0.1851
1985-07-01,-0.2161
1985-07-02,-0.2476
1985-07-03,-0.1743
1985-07-04,-0.138
1985-07-05,-0.1779
1985-07-06,-0.2388
1985-07-07,-0.2587
1985-07-08,-0.2584
1985-07-09,-0.2173
1985-07-10,-0.1649
1985-07-11,-0.1185
1985-07-12,-0.1044
1985-07-13,-0.109
1985-07-14,-0.1332
1985-07-15,-0.1767
1985-07-16,-0.2226
1985-07-17,-0.251
1985-07-18,-0.2465
1985-07-19,-0.2836
1985-07-20,-0.2822
1985-07-21,-0.3286
1985-07-22,-0.3847
1985-07-23,-0.4098
1985-07-24,-0.3769
1985-07-25,-0.2449
1985-07-26,-0.216
1985-07-27,-0.1781
1985-07-28,-0.1471
1985-07-29,-0.1367
1985-07-30,-0.1282
1985-07-31,-0.1383
1985-08-01,-0.1756
1985-08-02,-0.2159
1985-08-03,-0.2616
1985-08-04,-0.2874
1985-08-05,-0.3206
1985-08-06,-0.3263
1985-08-07,-0.3189
1985-08-08,-0.3412
1985-08-09,-0.364
1985-08-10,-0.3663
1985-08-11,-0.3278
1985-08-12,-0.3035
1985-08-13,-0.319
1985-08-14,-0.3836
1985-08-15,-0.4571
1985-08-16,-0.4929
1985-08-17,-0.4682
1985-08-18,-0.463
1985-08-19,-0.4628
1985-08-20,-0.4826
1985-08-21,-0.4639
1985-08-22,-0.4093
1985-08-23,-0.373
1985-08-24,-0.3328
1985-08-25,-0.3411
1985-08-26,-0.3529
1985-08-27,-0.3525
1985-08-28,-0.3025
1985-08-29,-0.2395
1985-08-30,-0.2409
1985-08-31,-0.2839
1985-09-01,-0.3212
1985-09-02,-0.4142
1985-09-03,-0.428
1985-09-04,-0.427
1985-09-05,-0.421
1985-09-06,-0.4119
1985-09-07,-0.4048
1985-09-08,-0.39
1985-09-09,-0.3159
1985-09-10,-0.2699
1985-09-11,-0.2278
1985-09-12,-0.2199
1985-09-13,-0.2751
1985-09-14,-0.3425
1985-09-15,-0.3479
1985-09-16,-0.3321
1985-09-17,-0.2847
1985-09-18,-0.2983
1985-09-19,-0.3278
1985-09-20,-0.3412
1985-09-21,-0.2874
1985-09-22,-0.2305
1985-09-23,-0.2604
1985-09-24,-0.2794
1985-09-25,-0.2766
1985-09-26,-0.3056
1985-09-27,-0.3064
1985-09-28,-0.2923
1985-09-29,-0.278
1985-09-30,-0.2167
1985-10-01,-0.2299
1985-10-02,-0.2979
1985-10-03,-0.3818
1985-10-04,-0.4024
1985-10-05,-0.4133
1985-10-06,-0.412
1985-10-07,-0.4067
1985-10-08,-0.4219
1985-10-09,-0.4224
1985-10-10,-0.406
1985-10-11,-0.3893
1985-10-12,-0.3275
1985-10-13,-0.3408
1985-10-14,-0.353
1985-10-15,-0.3452
1985-10-16,-0.3238
1985-10-17,-0.3344
1985-10-18,-0.3437
1985-10-19,-0.3523
1985-10-20,-0.3451
1985-10-21,-0.3278
1985-10-22,-0.3432
1985-10-23,-0.3667
1985-10-24,-0.4184
1985-10-25,-0.4319
1985-10-26,-0.403
1985-10-27,-0.3577
1985-10-28,-0.3536
1985-10-29,-0.3681
1985-10-30,-0.3794
1985-10-31,-0.3661
1985-11-01,-0.3506
1985-11-02,-0.3298
1985-11-03,-0.2954
1985-11-04,-0.28
1985-11-05,-0.2727
1985-11-06,-0.2609
1985-11-07,-0.2469
1985-11-08,-0.2466
1985-11-09,-0.2466
1985-11-10,-0.2584
1985-11-11,-0.2514
1985-11-12,-0.2585
1985-11-13,-0.2914
1985-11-14,-0.3476
1985-11-15,-0.4109
1985-11-16,-0.4672
1985-11-17,-0.4965
1985-11-18,-0.501
1985-11-19,-0.5062
1985-11-20,-0.5094
1985-11-21,-0.4901
1985-11-22,-0.4764
1985-11-23,-0.4904
1985-11-24,-0.4811
1985-11-25,-0.4507
1985-11-26,-0.4298
1985-11-27,-0.4441
1985-11-28,-0.4443
1985-11-29,-0.4269
1985-11-30,-0.4168
1985-12-01,-0.3678
1985-12-02,-0.3508
1985-12-03,-0.3504
1985-12-04,-0.359
1985-12-05,-0.4071
1985-12-06,-0.4474
1985-12-07,-0.4722
1985-12-08,-0.4884
1985-12-09,-0.5223
1985-12-10,-0.4657
1985-12-11,-0.4191
1985-12-12,-0.3929
1985-12-13,-0.3899
1985-12-14,-0.3937
1985-12-15,-0.4201
1985-12-16,-0.4159
1985-12-17,-0.4185
1985-12-18,-0.4334
1985-12-19,-0.4359
1985-12-20,-0.4633
1985-12-21,-0.4795
1985-12-22,-0.4966
1985-12-23,-0.5186
1985-12-24,-0.5583
1985-12-25,-0.5595
1985-12-26,-0.58
1985-12-27,-0.5906
1985-12-28,-0.6128
1985-12-29,-0.6253
1985-12-30,-0.6177
1985-12-31,-0.5847
1986-01-01,-0.562
1986-01-02,-0.5656
1986-01-03,-0.5595
1986-01-04,-0.5682
1986-01-05,-0.5704
1986-01-06,-0.56
1986-01-07,-0.5316
1986-01-08,-0.5147
1986-01-09,-0.4923
1986-01-10,-0.4566
1986-01-11,-0.4313
1986-01-12,-0.43
1986-01-13,-0.4598
1986-01-14,-0.5015
1986-01-15,-0.5213
1986-01-16,-0.5545
1986-01-17,-0.5415
1986-01-18,-0.5124
1986-01-19,-0.4971
1986-01-20,-0.4976
1986-01-21,-0.5113
1986-01-22,-0.5168
1986-01-23,-0.5011
1986-01-24,-0.4894
1986-01-25,-0.4835
1986-01-26,-0.4652
1986-01-27,-0.4596
1986-01-28,-0.4862
1986-01-29,-0.5342
1986-01-30,-0.5621
1986-01-31,-0.553
1986-02-01,-0.5261
1986-02-02,-0.5356
1986-02-03,-0.5457
1986-02-04,-0.5369
1986-02-05,-0.5368
1986-02-06,-0.5395
1986-02-07,-0.5021
1986-02-08,-0.4608
1986-02-09,-0.4153
1986-02-10,-0.4098
1986-02-11,-0.404
1986-02-12,-0.4044
1986-02-13,-0.4017
1986-02-14,-0.3813
1986-02-15,-0.3739
1986-02-16,-0.4033
1986-02-17,-0.4421
1986-02-18,-0.4516
1986-02-19,-0.4708
1986-02-20,-0.474
1986-02-21,-0.4649
1986-02-22,-0.4365
1986-02-23,-0.403
1986-02-24,-0.3842
1986-02-25,-0.3745
1986-02-26,-0.3937
1986-02-27,-0.3868
1986-02-28,-0.3816
1986-03-01,-0.3696
1986-03-02,-0.3837
1986-03-03,-0.4179
1986-03-04,-0.4472
1986-03-05,-0.4397
1986-03-06,-0.4382
1986-03-07,-0.4281
1986-03-08,-0.4415
1986-03-09,-0.4785
1986-03-10,-0.5013
1986-03-11,-0.4913
1986-03-12,-0.4795
1986-03-13,-0.4909
1986-03-14,-0.4764
1986-03-15,-0.4419
1986-03-16,-0.4386
1986-03-17,-0.407
1986-03-18,-0.3855
1986-03-19,-0.3707
1986-03-20,-0.3737
1986-03-21,-0.3997
1986-03-22,-0.4626
1986-03-23,-0.5269
1986-03-24,-0.5577
1986-03-25,-0.5892
1986-03-26,-0.5756
1986-03-27,-0.5571
1986-03-28,-0.5621
1986-03-29,-0.5759
1986-03-30,-0.5706
1986-03-31,-0.5653
1986-04-01,-0.5154
1986-04-02,-0.5209
1986-04-03,-0.525
1986-04-04,-0.5476
1986-04-05,-0.5657
1986-04-06,-0.554
1986-04-07,-0.5591
1986-04-08,-0.5645
1986-04-09,-0.5535
1986-04-10,-0.4994
1986-04-11,-0.4224
1986-04-12,-0.392
1986-04-13,-0.3633
1986-04-14,-0.3735
1986-04-15,-0.4096
1986-04-16,-0.4597
1986-04-17,-0.5218
1986-04-18,-0.5707
1986-04-19,-0.5996
1986-04-20,-0.6384
1986-04-21,-0.6381
1986-04-22,-0.6311
1986-04-23,-0.5952
1986-04-24,-0.6079
1986-04-25,-0.621
1986-04-26,-0.6594
1986-04-27,-0.6143
1986-04-28,-0.5876
1986-04-29,-0.5779
1986-04-30,-0.5567
1986-05-01,-0.5326
1986-05-02,-0.5019
1986-05-03,-0.4969
1986-05-04,-0.4936
1986-05-05,-0.4892
1986-05-06,-0.4924
1986-05-07,-0.4966
1986-05-08,-0.5239
1986-05-09,-0.5549
1986-05-10,-0.5907
1986-05-11,-0.6275
1986-05-12,-0.5685
1986-05-13,-0.5365
1986-05-14,-0.4957
1986-05-15,-0.4463
1986-05-16,-0.4075
1986-05-17,-0.3998
1986-05-18,-0.4305
1986-05-19,-0.4741
1986-05-20,-0.5044
1986-05-21,-0.5228
1986-05-22,-0.4197
1986-05-23,-0.3773
1986-05-24,-0.3578
1986-05-25,-0.365
1986-05-26,-0.4386
1986-05-27,-0.5131
1986-05-28,-0.5459
1986-05-29,-0.5097
1986-05-30,-0.5025
1986-05-31,-0.5007
1986-06-01,-0.5144
1986-06-02,-0.502
1986-06-03,-0.5086
1986-06-04,-0.5097
1986-06-05,-0.535
1986-06-06,-0.5573
1986-06-07,-0.5283
1986-06-08,-0.4403
1986-06-09,-0.4468
1986-06-10,-0.5016
1986-06-11,-0.5598
1986-06-12,-0.5533
1986-06-13,-0.5127
1986-06-14,-0.492
1986-06-15,-0.4655
1986-06-16,-0.4616
1986-06-17,-0.4758
1986-06-18,-0.4736
1986-06-19,-0.4771
1986-06-20,-0.4745
1986-06-21,-0.4808
1986-06-22,-0.4911
1986-06-23,-0.4833
1986-06-24,-0.5005
1986-06-25,-0.4812
1986-06-26,-0.4078
1986-06-27,-0.385
1986-06-28,-0.3467
1986-06-29,-0.3613
1986-06-30,-0.378
1986-07-01,-0.4006
1986-07-02,-0.4198
1986-07-03,-0.4218
1986-07-04,-0.4378
1986-07-05,-0.4809
1986-07-06,-0.4845
1986-07-07,-0.435
1986-07-08,-0.4239
1986-07-09,-0.426
1986-07-10,-0.4248
1986-07-11,-0.398
1986-07-12,-0.2961
1986-07-13,-0.3154
1986-07-14,-0.3452
1986-07-15,-0.3902
1986-07-16,-0.4296
1986-07-17,-0.4537
1986-07-18,-0.489
1986-07-19,-0.5158
1986-07-20,-0.4585
1986-07-21,-0.3723
1986-07-22,-0.3167
1986-07-23,-0.2827
1986-07-24,-0.2377
1986-07-25,-0.2502
1986-07-26,-0.2949
1986-07-27,-0.3412
1986-07-28,-0.3614
1986-07-29,-0.3451
1986-07-30,-0.3598
1986-07-31,-0.3687
1986-08-01,-0.3756
1986-08-02,-0.3922
1986-08-03,-0.3992
1986-08-04,-0.3871
1986-08-05,-0.4019
1986-08-06,-0.3888
1986-08-07,-0.3963
1986-08-08,-0.3967
1986-08-09,-0.4011
1986-08-10,-0.414
1986-08-11,-0.395
1986-08-12,-0.4219
1986-08-13,-0.4739
1986-08-14,-0.4623
1986-08-15,-0.4477
1986-08-16,-0.456
1986-08-17,-0.4437
1986-08-18,-0.4607
1986-08-19,-0.4845
1986-08-20,-0.4833
1986-08-21,-0.4407
1986-08-22,-0.405
1986-08-23,-0.3976
1986-08-24,-0.3882
1986-08-25,-0.3768
1986-08-26,-0.3943
1986-08-27,-0.4261
1986-08-28,-0.4006
1986-08-29,-0.3438
1986-08-30,-0.3009
1986-08-31,-0.2866
1986-09-01,-0.2481
1986-09-02,-0.2148
1986-09-03,-0.2354
1986-09-04,-0.2387
1986-09-05,-0.2602
1986-09-06,-0.3309
1986-09-07,-0.4017
1986-09-08,-0.4274
1986-09-09,-0.4356
1986-09-10,-0.4148
1986-09-11,-0.3609
1986-09-12,-0.295
1986-09-13,-0.2245
1986-09-14,-0.2262
1986-09-15,-0.2406
1986-09-16,-0.2512
1986-09-17,-0.287
1986-09-18,-0.3198
1986-09-19,-0.359
1986-09-20,-0.3669
1986-09-21,-0.3616
1986-09-22,-0.3522
1986-09-23,-0.3484
1986-09-24,-0.3885
1986-09-25,-0.4072
1986-09-26,-0.4244
1986-09-27,-0.4296
1986-09-28,-0.4436
1986-09-29,-0.3927
1986-09-30,-0.356
1986-10-01,-0.3182
1986-10-02,-0.2785
1986-10-03,-0.2275
1986-10-04,-0.2058
1986-10-05,-0.2059
1986-10-06,-0.2453
1986-10-07,-0.2742
1986-10-08,-0.3055
1986-10-09,-0.3348
1986-10-10,-0.3831
1986-10-11,-0.423
1986-10-12,-0.4104
1986-10-13,-0.4018
1986-10-14,-0.3881
1986-10-15,-0.4104
1986-10-16,-0.4414
1986-10-17,-0.4488
1986-10-18,-0.5002
1986-10-19,-0.4983
1986-10-20,-0.4958
1986-10-21,-0.4787
1986-10-22,-0.4692
1986-10-23,-0.4733
1986-10-24,-0.4666
1986-10-25,-0.4419
1986-10-26,-0.4349
1986-10-27,-0.4546
1986-10-28,-0.4915
1986-10-29,-0.5226
1986-10-30,-0.5148
1986-10-31,-0.4913
1986-11-01,-0.4472
1986-11-02,-0.4208
1986-11-03,-0.4055
1986-11-04,-0.4059
1986-11-05,-0.4149
1986-11-06,-0.4247
1986-11-07,-0.4328
1986-11-08,-0.4548
1986-11-09,-0.4628
1986-11-10,-0.434
1986-11-11,-0.4218
1986-11-12,-0.4614
1986-11-13,-0.5244
1986-11-14,-0.523
1986-11-15,-0.5144
1986-11-16,-0.5421
1986-11-17,-0.5672
1986-11-18,-0.568
1986-11-19,-0.5525
1986-11-20,-0.5441
1986-11-21,-0.5419
1986-11-22,-0.5252
1986-11-23,-0.5194
1986-11-24,-0.4933
1986-11-25,-0.4431
1986-11-26,-0.4233
1986-11-27,-0.4428
1986-11-28,-0.4626
1986-11-29,-0.4731
1986-11-30,-0.4873
1986-12-01,-0.4866
1986-12-02,-0.4779
1986-12-03,-0.5036
1986-12-04,-0.5371
1986-12-05,-0.556
1986-12-06,-0.5644
1986-12-07,-0.6146
1986-12-08,-0.6253
1986-12-09,-0.622
1986-12-10,-0.5958
1986-12-11,-0.5941
1986-12-12,-0.5957
1986-12-13,-0.5952
1986-12-14,-0.5656
1986-12-15,-0.5096
1986-12-16,-0.4669
1986-12-17,-0.4498
1986-12-18,-0.4561
1986-12-19,-0.4583
1986-12-20,-0.4426
1986-12-21,-0.4661
1986-12-22,-0.4776
1986-12-23,-0.449
1986-12-24,-0.4287
1986-12-25,-0.4283
1986-12-26,-0.4369
1986-12-27,-0.4802
1986-12-28,-0.4986
1986-12-29,-0.4914
1986-12-30,-0.4846
1986-12-31,-0.4379
1987-01-01,-0.4052
1987-01-02,-0.3849
1987-01-03,-0.3547
1987-01-04,-0.3391
1987-01-05,-0.3488
1987-01-06,-0.3785
1987-01-07,-0.3955
1987-01-08,-0.378
1987-01-09,-0.3367
1987-01-10,-0.3093
1987-01-11,-0.3202
1987-01-12,-0.3252
1987-01-13,-0.3239
1987-01-14,-0.3216
1987-01-15,-0.2702
1987-01-16,-0.2338
1987-01-17,-0.2338
1987-01-18,-0.2283
1987-01-19,-0.2234
1987-01-20,-0.2191
1987-01-21,-0.252
1987-01-22,-0.2414
1987-01-23,-0.2401
1987-01-24,-0.2256
1987-01-25,-0.2256
1987-01-26,-0.2072
1987-01-27,-0.2431
1987-01-28,-0.2685
1987-01-29,-0.2769
1987-01-30,-0.2851
1987-01-31,-0.2837
1987-02-01,-0.2858
1987-02-02,-0.2886
1987-02-03,-0.2972
1987-02-04,-0.302
1987-02-05,-0.2965
1987-02-06,-0.3173
1987-02-07,-0.321
1987-02-08,-0.3104
1987-02-09,-0.3092
1987-02-10,-0.3301
1987-02-11,-0.3144
1987-02-12,-0.3055
1987-02-13,-0.2867
1987-02-14,-0.2747
1987-02-15,-0.2578
1987-02-16,-0.2488
1987-02-17,-0.2528
1987-02-18,-0.2614
1987-02-19,-0.2867
1987-02-20,-0.3142
1987-02-21,-0.3181
1987-02-22,-0.3055
1987-02-23,-0.3031
1987-02-24,-0.2946
1987-02-25,-0.3043
1987-02-26,-0.2935
1987-02-27,-0.284
1987-02-28,-0.2969
1987-03-01,-0.3163
1987-03-02,-0.315
1987-03-03,-0.2825
1987-03-04,-0.262
1987-03-05,-0.2257
1987-03-06,-0.2003
1987-03-07,-0.1797
1987-03-08,-0.1342
1987-03-09,-0.1121
1987-03-10,-0.0865
1987-03-11,-0.0675
1987-03-12,-0.0836
1987-03-13,-0.0557
1987-03-14,-0.0078
1987-03-15,0.0187
1987-03-16,0.0359
1987-03-17,0.0267
1987-03-18,-0.0184
1987-03-19,-0.0631
1987-03-20,-0.0709
1987-03-21,-0.0803
1987-03-22,-0.1208
1987-03-23,-0.1253
1987-03-24,-0.1427
1987-03-25,-0.1853
1987-03-26,-0.1883
1987-03-27,-0.16
1987-03-28,-0.1384
1987-03-29,-0.1072
1987-03-30,-0.1081
1987-03-31,-0.1137
1987-04-01,-0.1043
1987-04-02,-0.0986
1987-04-03,-0.065
1987-04-04,-0.0287
1987-04-05,-0.0047
1987-04-06,-0.0049
1987-04-07,-0.0261
1987-04-08,-0.0602
1987-04-09,-0.0959
1987-04-10,-0.1072
1987-04-11,-0.1129
1987-04-12,-0.1085
1987-04-13,-0.0807
1987-04-14,-0.0649
1987-04-15,-0.0295
1987-04-16,0.0346
1987-04-17,0.0343
1987-04-18,-0.0313
1987-04-19,-0.0572
1987-04-20,-0.0642
1987-04-21,-0.0621
1987-04-22,-0.0691
1987-04-23,-0.084
1987-04-24,-0.0905
1987-04-25,-0.1089
1987-04-26,-0.1216
1987-04-27,-0.1243
1987-04-28,-0.1253
1987-04-29,-0.1257
1987-04-30,-0.112
1987-05-01,-0.1165
1987-05-02,-0.1024
1987-05-03,-0.0705
1987-05-04,-0.0627
1987-05-05,-0.082
1987-05-06,-0.1089
1987-05-07,-0.1019
1987-05-08,-0.0782
1987-05-09,-0.0756
1987-05-10,-0.0722
1987-05-11,-0.0861
1987-05-12,-0.1081
1987-05-13,-0.0768
1987-05-14,-0.0721
1987-05-15,-0.0791
1987-05-16,-0.071
1987-05-17,-0.1114
1987-05-18,-0.163
1987-05-19,-0.1834
1987-05-20,-0.1655
1987-05-21,-0.1665
1987-05-22,-0.2078
1987-05-23,-0.1988
1987-05-24,-0.1382
1987-05-25,-0.0922
1987-05-26,-0.0782
1987-05-27,-0.034
1987-05-28,0.0137
1987-05-29,0.0325
1987-05-30,0.016
1987-05-31,-0.0214
1987-06-01,-0.0668
1987-06-02,-0.0676
1987-06-03,-0.042
1987-06-04,-0.0133
1987-06-05,0.0155
1987-06-06,0.0375
1987-06-07,0.0688
1987-06-08,0.0488
1987-06-09,0.0749
1987-06-10,0.1036
1987-06-11,0.1447
1987-06-12,0.1385
1987-06-13,0.1384
1987-06-14,0.1266
1987-06-15,0.0661
1987-06-16,0.0239
1987-06-17,0.0417
1987-06-18,0.0723
1987-06-19,0.04
1987-06-20,0.0064
1987-06-21,-0.0306
1987-06-22,-0.0371
1987-06-23,-0.0416
1987-06-24,-0.0619
1987-06-25,-0.0599
1987-06-26,-0.0312
1987-06-27,-0.0044
1987-06-28,-0.0103
1987-06-29,-0.0021
1987-06-30,-0.0119
1987-07-01,-0.0184
1987-07-02,-0.0108
1987-07-03,0.0033
1987-07-04,0.0531
1987-07-05,0.0864
1987-07-06,0.1045
1987-07-07,0.0844
1987-07-08,0.1096
1987-07-09,0.1873
1987-07-10,0.214
1987-07-11,0.1876
1987-07-12,0.1477
1987-07-13,0.1245
1987-07-14,0.1253
1987-07-15,0.1253
1987-07-16,0.1146
1987-07-17,0.1349
1987-07-18,0.1363
1987-07-19,0.1784
1987-07-20,0.2044
1987-07-21,0.2248
1987-07-22,0.2681
1987-07-23,0.2997
1987-07-24,0.3053
1987-07-25,0.2928
1987-07-26,0.2468
1987-07-27,0.1929
1987-07-28,0.1635
1987-07-29,0.1759
1987-07-30,0.1907
1987-07-31,0.1755
1987-08-01,0.0995
1987-08-02,0.1047
1987-08-03,0.1639
1987-08-04,0.2228
1987-08-05,0.2347
1987-08-06,0.2665
1987-08-07,0.3142
1987-08-08,0.2996
1987-08-09,0.3373
1987-08-10,0.3458
1987-08-11,0.3358
1987-08-12,0.3227
1987-08-13,0.3019
1987-08-14,0.2687
1987-08-15,0.2385
1987-08-16,0.2048
1987-08-17,0.2044
1987-08-18,0.1875
1987-08-19,0.1863
1987-08-20,0.2025
1987-08-21,0.2414
1987-08-22,0.2669
1987-08-23,0.2762
1987-08-24,0.314
1987-08-25,0.3567
1987-08-26,0.3462
1987-08-27,0.3511
1987-08-28,0.3655
1987-08-29,0.3891
1987-08-30,0.3858
1987-08-31,0.3665
1987-09-01,0.3312
1987-09-02,0.2879
1987-09-03,0.212
1987-09-04,0.1401
1987-09-05,0.1229
1987-09-06,0.1112
1987-09-07,0.1225
1987-09-08,0.1196
1987-09-09,0.129
1987-09-10,0.1624
1987-09-11,0.2017
1987-09-12,0.2319
1987-09-13,0.2461
1987-09-14,0.2007
1987-09-15,0.162
1987-09-16,0.2013
1987-09-17,0.2357
1987-09-18,0.2225
1987-09-19,0.2005
1987-09-20,0.21
1987-09-21,0.2406
1987-09-22,0.2456
1987-09-23,0.2143
1987-09-24,0.205
1987-09-25,0.2222
1987-09-26,0.2349
1987-09-27,0.2758
1987-09-28,0.2978
1987-09-29,0.3495
1987-09-30,0.3397
1987-10-01,0.3134
1987-10-02,0.2663
1987-10-03,0.1981
1987-10-04,0.1822
1987-10-05,0.1909
1987-10-06,0.1994
1987-10-07,0.1493
1987-10-08,0.0822
1987-10-09,0.0568
1987-10-10,0.0455
1987-10-11,0.0555
1987-10-12,0.0682
1987-10-13,0.0806
1987-10-14,0.0825
1987-10-15,0.0453
1987-10-16,0.0148
1987-10-17,0.0151
1987-10-18,0.0025
1987-10-19,-0.0042
1987-10-20,0.0416
1987-10-21,0.062
1987-10-22,0.0726
1987-10-23,0.0513
1987-10-24,0.0485
1987-10-25,0.055
1987-10-26,0.0102
1987-10-27,-0.0376
1987-10-28,-0.0926
1987-10-29,-0.1312
1987-10-30,-0.1279
1987-10-31,-0.0597
1987-11-01,-0.0282
1987-11-02,-0.0098
1987-11-03,0.0062
1987-11-04,0.0212
1987-11-05,0.0306
1987-11-06,0.0419
1987-11-07,0.0291
1987-11-08,0.0465
1987-11-09,0.0645
1987-11-10,0.0664
1987-11-11,0.0612
1987-11-12,0.0334
1987-11-13,0.013
1987-11-14,-0.0037
1987-11-15,0.0204
1987-11-16,0.0097
1987-11-17,-0.0018
1987-11-18,-0.0285
1987-11-19,-0.0861
1987-11-20,-0.1328
1987-11-21,-0.1594
1987-11-22,-0.1123
1987-11-23,-0.1125
1987-11-24,-0.1209
1987-11-25,-0.1417
1987-11-26,-0.1498
1987-11-27,-0.1632
1987-11-28,-0.1759
1987-11-29,-0.1525
1987-11-30,-0.1121
1987-12-01,-0.0999
1987-12-02,-0.0812
1987-12-03,-0.0964
1987-12-04,-0.0903
1987-12-05,-0.0897
1987-12-06,-0.0906
1987-12-07,-0.0718
1987-12-08,-0.0585
1987-12-09,-0.046
1987-12-10,-0.0721
1987-12-11,-0.0877
1987-12-12,-0.0755
1987-12-13,-0.0226
1987-12-14,0.017
1987-12-15,0.0358
1987-12-16,0.0396
1987-12-17,0.0479
1987-12-18,0.0435
1987-12-19,0.0373
1987-12-20,-0.0054
1987-12-21,-0.001
1987-12-22,0.0148
1987-12-23,0.0124
1987-12-24,0.0184
1987-12-25,0.0653
1987-12-26,0.0837
1987-12-27,0.0617
1987-12-28,0.0532
1987-12-29,0.0447
1987-12-30,0.0146
1987-12-31,-0.0507
1988-01-01,-0.077
1988-01-02,-0.0724
1988-01-03,-0.0688
1988-01-04,-0.0785
1988-01-05,-0.0525
1988-01-06,-0.0394
1988-01-07,-0.0871
1988-01-08,-0.1417
1988-01-09,-0.1831
1988-01-10,-0.1934
1988-01-11,-0.1836
1988-01-12,-0.1564
1988-01-13,-0.1066
1988-01-14,-0.0865
1988-01-15,-0.0875
1988-01-16,-0.0809
1988-01-17,-0.0893
1988-01-18,-0.1087
1988-01-19,-0.1054
1988-01-20,-0.1189
1988-01-21,-0.1422
1988-01-22,-0.1436
1988-01-23,-0.1654
1988-01-24,-0.1944
1988-01-25,-0.1606
1988-01-26,-0.1428
1988-01-27,-0.1312
1988-01-28,-0.1301
1988-01-29,-0.1555
1988-01-30,-0.1939
1988-01-31,-0.2224
1988-02-01,-0.2333
1988-02-02,-0.2271
1988-02-03,-0.2345
1988-02-04,-0.2063
1988-02-05,-0.1601
1988-02-06,-0.158
1988-02-07,-0.1677
1988-02-08,-0.1981
1988-02-09,-0.2142
1988-02-10,-0.19
1988-02-11,-0.191
1988-02-12,-0.1882
1988-02-13,-0.171
1988-02-14,-0.183
1988-02-15,-0.1576
1988-02-16,-0.1637
1988-02-17,-0.1509
1988-02-18,-0.1297
1988-02-19,-0.1255
1988-02-20,-0.1349
1988-02-21,-0.1262
1988-02-22,-0.124
1988-02-23,-0.1426
1988-02-24,-0.1528
1988-02-25,-0.1886
1988-02-26,-0.2111
1988-02-27,-0.191
1988-02-28,-0.2089
1988-02-29,-0.2209
1988-03-01,-0.2234
1988-03-02,-0.1804
1988-03-03,-0.1606
1988-03-04,-0.1574
1988-03-05,-0.1724
1988-03-06,-0.1782
1988-03-07,-0.1721
1988-03-08,-0.141
1988-03-09,-0.1061
1988-03-10,-0.0882
1988-03-11,-0.1434
1988-03-12,-0.1345
1988-03-13,-0.0979
1988-03-14,-0.0157
1988-03-15,0.025
1988-03-16,0.0299
1988-03-17,0.0331
1988-03-18,0.0143
1988-03-19,-0.0264
1988-03-20,-0.0702
1988-03-21,-0.0829
1988-03-22,-0.0921
1988-03-23,-0.0884
1988-03-24,-0.078
1988-03-25,-0.1056
1988-03-26,-0.1122
1988-03-27,-0.0865
1988-03-28,-0.0624
1988-03-29,-0.0974
1988-03-30,-0.1613
1988-03-31,-0.2674
1988-04-01,-0.2836
1988-04-02,-0.2981
1988-04-03,-0.2771
1988-04-04,-0.2101
1988-04-05,-0.1744
1988-04-06,-0.1639
1988-04-07,-0.1235
1988-04-08,-0.0987
1988-04-09,-0.0935
1988-04-10,-0.0618
1988-04-11,-0.0466
1988-04-12,-0.0335
1988-04-13,-0.0316
1988-04-14,-0.01
1988-04-15,-0.0074
1988-04-16,-0.0471
1988-04-17,-0.084
1988-04-18,-0.0703
1988-04-19,-0.0497
1988-04-20,-0.0169
1988-04-21,0.031
1988-04-22,0.0442
1988-04-23,0.0195
1988-04-24,-0.0068
1988-04-25,-0.0124
1988-04-26,0.0228
1988-04-27,0.0453
1988-04-28,0.0428
1988-04-29,0.0415
1988-04-30,0.0047
1988-05-01,-0.0686
1988-05-02,-0.0852
1988-05-03,-0.0791
1988-05-04,-0.0805
1988-05-05,-0.0779
1988-05-06,-0.076
1988-05-07,-0.1276
1988-05-08,-0.1596
1988-05-09,-0.202
1988-05-10,-0.2116
1988-05-11,-0.1845
1988-05-12,-0.1154
1988-05-13,-0.0437
1988-05-14,-0.0171
1988-05-15,0.0075
1988-05-16,0.0391
1988-05-17,0.0344
1988-05-18,0.0476
1988-05-19,0.0708
1988-05-20,0.0961
1988-05-21,0.0919
1988-05-22,0.0854
1988-05-23,0.0648
1988-05-24,0.0394
1988-05-25,0.05
1988-05-26,0.0737
1988-05-27,0.0464
1988-05-28,0.0039
1988-05-29,-0.0009
1988-05-30,-0.027
1988-05-31,-0.0658
1988-06-01,-0.073
1988-06-02,-0.0293
1988-06-03,-0.0146
1988-06-04,0.0583
1988-06-05,0.1137
1988-06-06,0.1571
1988-06-07,0.1615
1988-06-08,0.15
1988-06-09,0.1614
1988-06-10,0.1905
1988-06-11,0.1749
1988-06-12,0.1369
1988-06-13,0.0998
1988-06-14,0.0504
1988-06-15,0.063
1988-06-16,0.0896
1988-06-17,0.0904
1988-06-18,0.0883
1988-06-19,0.1165
1988-06-20,0.1048
1988-06-21,0.0775
1988-06-22,0.1121
1988-06-23,0.1406
1988-06-24,0.1226
1988-06-25,0.1072
1988-06-26,0.0765
1988-06-27,0.0313
1988-06-28,-0.0156
1988-06-29,-0.0354
1988-06-30,-0.0172
1988-07-01,-0.0402
1988-07-02,-0.0533
1988-07-03,-0.0504
1988-07-04,-0.0385
1988-07-05,-0.0443
1988-07-06,-0.0385
1988-07-07,0.0151
1988-07-08,0.0324
1988-07-09,0.0143
1988-07-10,0.0045
1988-07-11,0.0189
1988-07-12,0.0182
1988-07-13,0.0409
1988-07-14,0.1037
1988-07-15,0.1256
1988-07-16,0.0991
1988-07-17,0.1192
1988-07-18,0.1223
1988-07-19,0.0695
1988-07-20,0.0252
1988-07-21,0.0229
1988-07-22,0.0607
1988-07-23,0.1125
1988-07-24,0.1333
1988-07-25,0.141
1988-07-26,0.0816
1988-07-27,0.0507
1988-07-28,0.0473
1988-07-29,0.0242
1988-07-30,0.0058
1988-07-31,0.0189
1988-08-01,-0.0095
1988-08-02,-0.0346
1988-08-03,-0.0288
1988-08-04,0.0236
1988-08-05,0.0281
1988-08-06,0.0213
1988-08-07,-0.0049
1988-08-08,-0.0211
1988-08-09,-0.0257
1988-08-10,-0.0508
1988-08-11,-0.0761
1988-08-12,-0.0896
1988-08-13,-0.0902
1988-08-14,-0.096
1988-08-15,-0.1357
1988-08-16,-0.2176
1988-08-17,-0.1984
1988-08-18,-0.1599
1988-08-19,-0.1317
1988-08-20,-0.138
1988-08-21,-0.1143
1988-08-22,-0.1137
1988-08-23,-0.0874
1988-08-24,-0.0773
1988-08-25,-0.0446
1988-08-26,-0.0387
1988-08-27,-0.0131
1988-08-28,-0.0017
1988-08-29,0.0255
1988-08-30,0.0133
1988-08-31,0.035
1988-09-01,0.0388
1988-09-02,0.0071
1988-09-03,0.0055
1988-09-04,-0.0112
1988-09-05,-0.0213
1988-09-06,-0.0474
1988-09-07,-0.1114
1988-09-08,-0.1316
1988-09-09,-0.1075
1988-09-10,-0.1128
1988-09-11,-0.1749
1988-09-12,-0.2125
1988-09-13,-0.2098
1988-09-14,-0.1992
1988-09-15,-0.1646
1988-09-16,-0.1182
1988-09-17,-0.1046
1988-09-18,-0.1236
1988-09-19,-0.1162
1988-09-20,-0.1035
1988-09-21,-0.0769
1988-09-22,-0.0749
1988-09-23,-0.1055
1988-09-24,-0.1336
1988-09-25,-0.1412
1988-09-26,-0.1317
1988-09-27,-0.141
1988-09-28,-0.1365
1988-09-29,-0.1399
1988-09-30,-0.1567
1988-10-01,-0.1346
1988-10-02,-0.1212
1988-10-03,-0.0895
1988-10-04,-0.066
1988-10-05,-0.0851
1988-10-06,-0.1172
1988-10-07,-0.1518
1988-10-08,-0.1295
1988-10-09,-0.1221
1988-10-10,-0.1146
1988-10-11,-0.1187
1988-10-12,-0.0957
1988-10-13,-0.1003
1988-10-14,-0.1138
1988-10-15,-0.148
1988-10-16,-0.1882
1988-10-17,-0.1874
1988-10-18,-0.1699
1988-10-19,-0.1626
1988-10-20,-0.1358
1988-10-21,-0.1176
1988-10-22,-0.1032
1988-10-23,-0.087
1988-10-24,-0.0811
1988-10-25,-0.073
1988-10-26,-0.0496
1988-10-27,-0.0307
1988-10-28,-0.0389
1988-10-29,-0.0488
1988-10-30,-0.0693
1988-10-31,-0.0995
1988-11-01,-0.1191
1988-11-02,-0.1326
1988-11-03,-0.1256
1988-11-04,-0.1302
1988-11-05,-0.1198
1988-11-06,-0.0695
1988-11-07,-0.0499
1988-11-08,-0.0503
1988-11-09,-0.0767
1988-11-10,-0.1229
1988-11-11,-0.137
1988-11-12,-0.1423
1988-11-13,-0.1327
1988-11-14,-0.1364
1988-11-15,-0.1387
1988-11-16,-0.1456
1988-11-17,-0.1623
1988-11-18,-0.1389
1988-11-19,-0.1136
1988-11-20,-0.1544
1988-11-21,-0.178
1988-11-22,-0.1854
1988-11-23,-0.1907
1988-11-24,-0.1621
1988-11-25,-0.1707
1988-11-26,-0.1477
1988-11-27,-0.1357
1988-11-28,-0.1246
1988-11-29,-0.1451
1988-11-30,-0.176
1988-12-01,-0.2081
1988-12-02,-0.2001
1988-12-03,-0.1999
1988-12-04,-0.169
1988-12-05,-0.1434
1988-12-06,-0.1152
1988-12-07,-0.0823
1988-12-08,-0.0816
1988-12-09,-0.123
1988-12-10,-0.1594
1988-12-11,-0.1794
1988-12-12,-0.2005
1988-12-13,-0.2106
1988-12-14,-0.2313
1988-12-15,-0.2314
1988-12-16,-0.2166
1988-12-17,-0.2079
1988-12-18,-0.2088
1988-12-19,-0.2069
1988-12-20,-0.1942
1988-12-21,-0.2129
1988-12-22,-0.2612
1988-12-23,-0.28
1988-12-24,-0.3026
1988-12-25,-0.29
1988-12-26,-0.2967
1988-12-27,-0.2976
1988-12-28,-0.3033
1988-12-29,-0.2981
1988-12-30,-0.2992
1988-12-31,-0.3114
1989-01-01,-0.304
1989-01-02,-0.2995
1989-01-03,-0.285
1989-01-04,-0.2808
1989-01-05,-0.3406
1989-01-06,-0.3493
1989-01-07,-0.3238
1989-01-08,-0.2806
1989-01-09,-0.245
1989-01-10,-0.2343
1989-01-11,-0.2468
1989-01-12,-0.2738
1989-01-13,-0.2785
1989-01-14,-0.2917
1989-01-15,-0.3083
1989-01-16,-0.2903
1989-01-17,-0.2732
1989-01-18,-0.2596
1989-01-19,-0.2623
1989-01-20,-0.2568
1989-01-21,-0.2545
1989-01-22,-0.2856
1989-01-23,-0.3319
1989-01-24,-0.3437
1989-01-25,-0.3549
1989-01-26,-0.3687
1989-01-27,-0.3736
1989-01-28,-0.3648
1989-01-29,-0.3419
1989-01-30,-0.3179
1989-01-31,-0.2977
1989-02-01,-0.2838
1989-02-02,-0.2632
1989-02-03,-0.2466
1989-02-04,-0.2394
1989-02-05,-0.2099
1989-02-06,-0.1911
1989-02-07,-0.1775
1989-02-08,-0.1468
1989-02-09,-0.1159
1989-02-10,-0.1127
1989-02-11,-0.1128
1989-02-12,-0.0851
1989-02-13,-0.081
1989-02-14,-0.0874
1989-02-15,-0.1129
1989-02-16,-0.141
1989-02-17,-0.1471
1989-02-18,-0.1508
1989-02-19,-0.1482
1989-02-20,-0.1586
1989-02-21,-0.1953
1989-02-22,-0.2326
1989-02-23,-0.2707
1989-02-24,-0.2907
1989-02-25,-0.2966
1989-02-26,-0.2983
1989-02-27,-0.2705
1989-02-28,-0.25
1989-03-01,-0.2295
1989-03-02,-0.2162
1989-03-03,-0.2472
1989-03-04,-0.2645
1989-03-05,-0.2838
1989-03-06,-0.2945
1989-03-07,-0.3336
1989-03-08,-0.3572
1989-03-09,-0.3767
1989-03-10,-0.3969
1989-03-11,-0.3972
1989-03-12,-0.378
1989-03-13,-0.375
1989-03-14,-0.3589
1989-03-15,-0.3236
1989-03-16,-0.2753
1989-03-17,-0.2486
1989-03-18,-0.2572
1989-03-19,-0.2883
1989-03-20,-0.3271
1989-03-21,-0.3455
1989-03-22,-0.3447
1989-03-23,-0.3489
1989-03-24,-0.3389
1989-03-25,-0.3486
1989-03-26,-0.3736
1989-03-27,-0.392
1989-03-28,-0.4236
1989-03-29,-0.4291
1989-03-30,-0.3943
1989-03-31,-0.373
1989-04-01,-0.3864
1989-04-02,-0.4135
1989-04-03,-0.4301
1989-04-04,-0.4705
1989-04-05,-0.4557
1989-04-06,-0.4512
1989-04-07,-0.4664
1989-04-08,-0.4851
1989-04-09,-0.5004
1989-04-10,-0.4959
1989-04-11,-0.4722
1989-04-12,-0.4674
1989-04-13,-0.4654
1989-04-14,-0.4848
1989-04-15,-0.4922
1989-04-16,-0.5052
1989-04-17,-0.5248
1989-04-18,-0.5009
1989-04-19,-0.4486
1989-04-20,-0.386
1989-04-21,-0.3597
1989-04-22,-0.3977
1989-04-23,-0.4314
1989-04-24,-0.4658
1989-04-25,-0.4879
1989-04-26,-0.5053
1989-04-27,-0.5083
1989-04-28,-0.5043
1989-04-29,-0.5103
1989-04-30,-0.488
1989-05-01,-0.4461
1989-05-02,-0.4299
1989-05-03,-0.416
1989-05-04,-0.3577
1989-05-05,-0.322
1989-05-06,-0.3117
1989-05-07,-0.3069
1989-05-08,-0.333
1989-05-09,-0.3802
1989-05-10,-0.4416
1989-05-11,-0.4712
1989-05-12,-0.4652
1989-05-13,-0.4247
1989-05-14,-0.4349
1989-05-15,-0.4351
1989-05-16,-0.3937
1989-05-17,-0.3796
1989-05-18,-0.3585
1989-05-19,-0.3421
1989-05-20,-0.315
1989-05-21,-0.3096
1989-05-22,-0.3306
1989-05-23,-0.3589
1989-05-24,-0.2946
1989-05-25,-0.1707
1989-05-26,-0.0799
1989-05-27,-0.0426
1989-05-28,0.0062
1989-05-29,0.0064
1989-05-30,-0.02
1989-05-31,-0.0196
1989-06-01,-0.0228
1989-06-02,-0.0352
1989-06-03,-0.0411
1989-06-04,-0.0459
1989-06-05,-0.0253
1989-06-06,0.0046
1989-06-07,0.0481
1989-06-08,0.0426
1989-06-09,-0.0109
1989-06-10,-0.051
1989-06-11,-0.0557
1989-06-12,-0.0624
1989-06-13,-0.0517
1989-06-14,-0.0243
1989-06-15,0.036
1989-06-16,0.0855
1989-06-17,0.1283
1989-06-18,0.1734
1989-06-19,0.1738
1989-06-20,0.1192
1989-06-21,0.1013
1989-06-22,0.1492
1989-06-23,0.1434
1989-06-24,0.1324
1989-06-25,0.1304
1989-06-26,0.1347
1989-06-27,0.1309
1989-06-28,0.1726
1989-06-29,0.1508
1989-06-30,0.1061
1989-07-01,0.0743
1989-07-02,0.0134
1989-07-03,0.0019
1989-07-04,0.0122
1989-07-05,0.0515
1989-07-06,0.1593
1989-07-07,0.1895
1989-07-08,0.1702
1989-07-09,0.1374
1989-07-10,0.1176
1989-07-11,0.1074
1989-07-12,0.1485
1989-07-13,0.1803
1989-07-14,0.2155
1989-07-15,0.2194
1989-07-16,0.2139
1989-07-17,0.2121
1989-07-18,0.1999
1989-07-19,0.2099
1989-07-20,0.2234
1989-07-21,0.2503
1989-07-22,0.2725
1989-07-23,0.2823
1989-07-24,0.3018
1989-07-25,0.2565
1989-07-26,0.211
1989-07-27,0.2085
1989-07-28,0.2699
1989-07-29,0.2534
1989-07-30,0.2207
1989-07-31,0.2162
1989-08-01,0.2319
1989-08-02,0.2392
1989-08-03,0.287
1989-08-04,0.3439
1989-08-05,0.3367
1989-08-06,0.3206
1989-08-07,0.3167
1989-08-08,0.3551
1989-08-09,0.2973
1989-08-10,0.2577
1989-08-11,0.2801
1989-08-12,0.2795
1989-08-13,0.2526
1989-08-14,0.2091
1989-08-15,0.1571
1989-08-16,0.1435
1989-08-17,0.1415
1989-08-18,0.1126
1989-08-19,0.0961
1989-08-20,0.1056
1989-08-21,0.1346
1989-08-22,0.1543
1989-08-23,0.188
1989-08-24,0.2044
1989-08-25,0.2157
1989-08-26,0.2016
1989-08-27,0.1802
1989-08-28,0.1955
1989-08-29,0.2353
1989-08-30,0.2294
1989-08-31,0.184
1989-09-01,0.1331
1989-09-02,0.0967
1989-09-03,0.0691
1989-09-04,0.03
1989-09-05,0.0348
1989-09-06,0.0097
1989-09-07,-0.0297
1989-09-08,-0.0829
1989-09-09,-0.1371
1989-09-10,-0.1505
1989-09-11,-0.123
1989-09-12,-0.0968
1989-09-13,-0.1031
1989-09-14,-0.0847
1989-09-15,-0.0751
1989-09-16,-0.0684
1989-09-17,-0.0665
1989-09-18,-0.1136
1989-09-19,-0.1186
1989-09-20,-0.0973
1989-09-21,-0.1177
1989-09-22,-0.1403
1989-09-23,-0.1407
1989-09-24,-0.1407
1989-09-25,-0.1508
1989-09-26,-0.1573
1989-09-27,-0.2059
1989-09-28,-0.2298
1989-09-29,-0.2384
1989-09-30,-0.256
1989-10-01,-0.2192
1989-10-02,-0.1714
1989-10-03,-0.144
1989-10-04,-0.1431
1989-10-05,-0.1206
1989-10-06,-0.1005
1989-10-07,-0.0553
1989-10-08,-0.0582
1989-10-09,-0.0852
1989-10-10,-0.1041
1989-10-11,-0.1285
1989-10-12,-0.14
1989-10-13,-0.1384
1989-10-14,-0.1147
1989-10-15,-0.0606
1989-10-16,-0.0246
1989-10-17,0.0004
1989-10-18,-0.0408
1989-10-19,-0.083
1989-10-20,-0.0827
1989-10-21,-0.0834
1989-10-22,-0.0807
1989-10-23,-0.1027
1989-10-24,-0.1385
1989-10-25,-0.1239
1989-10-26,-0.1036
1989-10-27,-0.0952
1989-10-28,-0.0924
1989-10-29,-0.075
1989-10-30,-0.0586
1989-10-31,-0.052
1989-11-01,-0.0519
1989-11-02,-0.0686
1989-11-03,-0.0913
1989-11-04,-0.1211
1989-11-05,-0.1543
1989-11-06,-0.1706
1989-11-07,-0.1584
1989-11-08,-0.1798
1989-11-09,-0.1723
1989-11-10,-0.1498
1989-11-11,-0.163
1989-11-12,-0.1781
1989-11-13,-0.1773
1989-11-14,-0.1744
1989-11-15,-0.1809
1989-11-16,-0.1954
1989-11-17,-0.2254
1989-11-18,-0.2306
1989-11-19,-0.204
1989-11-20,-0.2136
1989-11-21,-0.2433
1989-11-22,-0.2575
1989-11-23,-0.2377
1989-11-24,-0.2396
1989-11-25,-0.2241
1989-11-26,-0.2108
1989-11-27,-0.2183
1989-11-28,-0.2255
1989-11-29,-0.2145
1989-11-30,-0.2153
1989-12-01,-0.2276
1989-12-02,-0.2232
1989-12-03,-0.2405
1989-12-04,-0.2344
1989-12-05,-0.2189
1989-12-06,-0.2058
1989-12-07,-0.2127
1989-12-08,-0.1913
1989-12-09,-0.1661
1989-12-10,-0.1527
1989-12-11,-0.1803
1989-12-12,-0.1762
1989-12-13,-0.1302
1989-12-14,-0.0757
1989-12-15,-0.0419
1989-12-16,-0.0392
1989-12-17,-0.0595
1989-12-18,-0.0688
1989-12-19,-0.1162
1989-12-20,-0.1844
1989-12-21,-0.2218
1989-12-22,-0.2494
1989-12-23,-0.2428
1989-12-24,-0.2178
1989-12-25,-0.218
1989-12-26,-0.2315
1989-12-27,-0.247
1989-12-28,-0.2689
1989-12-29,-0.2725
1989-12-30,-0.2516
1989-12-31,-0.2603
1990-01-01,-0.2868
1990-01-02,-0.2976
1990-01-03,-0.3081
1990-01-04,-0.2975
1990-01-05,-0.2915
1990-01-06,-0.3107
1990-01-07,-0.3357
1990-01-08,-0.3357
1990-01-09,-0.3352
1990-01-10,-0.2999
1990-01-11,-0.2744
1990-01-12,-0.2709
1990-01-13,-0.2672
1990-01-14,-0.2602
1990-01-15,-0.2431
1990-01-16,-0.2436
1990-01-17,-0.2599
1990-01-18,-0.2564
1990-01-19,-0.2391
1990-01-20,-0.2459
1990-01-21,-0.2838
1990-01-22,-0.3279
1990-01-23,-0.3383
1990-01-24,-0.319
1990-01-25,-0.2961
1990-01-26,-0.2538
1990-01-27,-0.2212
1990-01-28,-0.1944
1990-01-29,-0.1715
1990-01-30,-0.1837
1990-01-31,-0.2326
1990-02-01,-0.2635
1990-02-02,-0.267
1990-02-03,-0.2578
1990-02-04,-0.2483
1990-02-05,-0.2671
1990-02-06,-0.2577
1990-02-07,-0.2432
1990-02-08,-0.2195
1990-02-09,-0.2006
1990-02-10,-0.2331
1990-02-11,-0.2377
1990-02-12,-0.2514
1990-02-13,-0.2245
1990-02-14,-0.1887
1990-02-15,-0.1241
1990-02-16,-0.1098
1990-02-17,-0.1283
1990-02-18,-0.1417
1990-02-19,-0.1373
1990-02-20,-0.1384
1990-02-21,-0.1744
1990-02-22,-0.2005
1990-02-23,-0.2115
1990-02-24,-0.2261
1990-02-25,-0.2277
1990-02-26,-0.2609
1990-02-27,-0.2943
1990-02-28,-0.3059
1990-03-01,-0.3143
1990-03-02,-0.3037
1990-03-03,-0.2752
1990-03-04,-0.2739
1990-03-05,-0.2733
1990-03-06,-0.2296
1990-03-07,-0.1884
1990-03-08,-0.183
1990-03-09,-0.2049
1990-03-10,-0.2374
1990-03-11,-0.2469
1990-03-12,-0.2599
1990-03-13,-0.2844
1990-03-14,-0.3359
1990-03-15,-0.3483
1990-03-16,-0.3127
1990-03-17,-0.2359
1990-03-18,-0.1592
1990-03-19,-0.1296
1990-03-20,-0.1024
1990-03-21,-0.1139
1990-03-22,-0.142
1990-03-23,-0.1877
1990-03-24,-0.2279
1990-03-25,-0.2567
1990-03-26,-0.2307
1990-03-27,-0.1927
1990-03-28,-0.1708
1990-03-29,-0.195
1990-03-30,-0.2048
1990-03-31,-0.157
1990-04-01,-0.1383
1990-04-02,-0.1341
1990-04-03,-0.1753
1990-04-04,-0.1956
1990-04-05,-0.1756
1990-04-06,-0.1154
1990-04-07,-0.0551
1990-04-08,-0.0271
1990-04-09,-0.0532
1990-04-10,-0.1023
1990-04-11,-0.1225
1990-04-12,-0.131
1990-04-13,-0.1656
1990-04-14,-0.1686
1990-04-15,-0.1413
1990-04-16,-0.0759
1990-04-17,-0.0617
1990-04-18,-0.0353
1990-04-19,-0.0658
1990-04-20,-0.1831
1990-04-21,-0.2312
1990-04-22,-0.2465
1990-04-23,-0.2491
1990-04-24,-0.27
1990-04-25,-0.2666
1990-04-26,-0.2573
1990-04-27,-0.2623
1990-04-28,-0.261
1990-04-29,-0.2095
1990-04-30,-0.1757
1990-05-01,-0.2018
1990-05-02,-0.2314
1990-05-03,-0.2802
1990-05-04,-0.3064
1990-05-05,-0.2906
1990-05-06,-0.2803
1990-05-07,-0.2674
1990-05-08,-0.2676
1990-05-09,-0.2741
1990-05-10,-0.2528
1990-05-11,-0.2546
1990-05-12,-0.2566
1990-05-13,-0.2202
1990-05-14,-0.2106
1990-05-15,-0.2111
1990-05-16,-0.2406
1990-05-17,-0.2818
1990-05-18,-0.2727
1990-05-19,-0.2103
1990-05-20,-0.1321
1990-05-21,-0.1025
1990-05-22,-0.0896
1990-05-23,-0.0988
1990-05-24,-0.1192
1990-05-25,-0.1531
1990-05-26,-0.0917
1990-05-27,-0.0421
1990-05-28,-0.0707
1990-05-29,-0.1079
1990-05-30,-0.1514
1990-05-31,-0.1653
1990-06-01,-0.1892
1990-06-02,-0.1475
1990-06-03,-0.1364
1990-06-04,-0.1537
1990-06-05,-0.176
1990-06-06,-0.2401
1990-06-07,-0.2727
1990-06-08,-0.2891
1990-06-09,-0.2975
1990-06-10,-0.2627
1990-06-11,-0.2519
1990-06-12,-0.2439
1990-06-13,-0.2452
1990-06-14,-0.2476
1990-06-15,-0.2572
1990-06-16,-0.2509
1990-06-17,-0.244
1990-06-18,-0.2679
1990-06-19,-0.2735
1990-06-20,-0.3153
1990-06-21,-0.3361
1990-06-22,-0.3485
1990-06-23,-0.339
1990-06-24,-0.3116
1990-06-25,-0.2807
1990-06-26,-0.2462
1990-06-27,-0.2493
1990-06-28,-0.2615
1990-06-29,-0.2864
1990-06-30,-0.2858
1990-07-01,-0.2595
1990-07-02,-0.2551
1990-07-03,-0.247
1990-07-04,-0.1962
1990-07-05,-0.1517
1990-07-06,-0.1575
1990-07-07,-0.1891
1990-07-08,-0.1618
1990-07-09,-0.1378
1990-07-10,-0.1532
1990-07-11,-0.1816
1990-07-12,-0.2099
1990-07-13,-0.2302
1990-07-14,-0.2259
1990-07-15,-0.1509
1990-07-16,-0.0791
1990-07-17,-0.0542
1990-07-18,-0.0237
1990-07-19,0.0087
1990-07-20,0.0159
1990-07-21,0.0343
1990-07-22,0.0552
1990-07-23,0.0904
1990-07-24,0.0979
1990-07-25,0.0784
1990-07-26,0.0196
1990-07-27,-0.0162
1990-07-28,-0.0659
1990-07-29,-0.0755
1990-07-30,-0.0769
1990-07-31,-0.0824
1990-08-01,-0.0821
1990-08-02,-0.1039
1990-08-03,-0.083
1990-08-04,-0.0389
1990-08-05,0.0014
1990-08-06,0.024
1990-08-07,0.0641
1990-08-08,0.0818
1990-08-09,0.1344
1990-08-10,0.1481
1990-08-11,0.1281
1990-08-12,0.1511
1990-08-13,0.1335
1990-08-14,0.1321
1990-08-15,0.0872
1990-08-16,0.0488
1990-08-17,0.0168
1990-08-18,-0.0139
1990-08-19,0.0205
1990-08-20,-0.0009
1990-08-21,-0.0011
1990-08-22,0.0223
1990-08-23,0.0096
1990-08-24,0.0066
1990-08-25,0.009
1990-08-26,0.0127
1990-08-27,0.0369
1990-08-28,0.0699
1990-08-29,0.0632
1990-08-30,0.0772
1990-08-31,0.0647
1990-09-01,0.0367
1990-09-02,0.0504
1990-09-03,0.0532
1990-09-04,0.0497
1990-09-05,0.0635
1990-09-06,0.1311
1990-09-07,0.1635
1990-09-08,0.155
1990-09-09,0.1289
1990-09-10,0.1108
1990-09-11,0.1263
1990-09-12,0.1461
1990-09-13,0.1409
1990-09-14,0.0998
1990-09-15,0.0905
1990-09-16,0.1416
1990-09-17,0.1821
1990-09-18,0.1832
1990-09-19,0.1675
1990-09-20,0.1677
1990-09-21,0.18
1990-09-22,0.1848
1990-09-23,0.2066
1990-09-24,0.2571
1990-09-25,0.2987
1990-09-26,0.3282
1990-09-27,0.3588
1990-09-28,0.3841
1990-09-29,0.3427
1990-09-30,0.2658
1990-10-01,0.2203
1990-10-02,0.2244
1990-10-03,0.2408
1990-10-04,0.2493
1990-10-05,0.2588
1990-10-06,0.2556
1990-10-07,0.2392
1990-10-08,0.2214
1990-10-09,0.1847
1990-10-10,0.1446
1990-10-11,0.1247
1990-10-12,0.1044
1990-10-13,0.1184
1990-10-14,0.1163
1990-10-15,0.084
1990-10-16,0.04
1990-10-17,0.0334
1990-10-18,0.0607
1990-10-19,0.0846
1990-10-20,0.059
1990-10-21,0.0157
1990-10-22,0.0256
1990-10-23,0.0699
1990-10-24,0.0834
1990-10-25,0.0767
1990-10-26,0.0824
1990-10-27,0.0261
1990-10-28,-0.0184
1990-10-29,-0.0175
1990-10-30,-0.0064
1990-10-31,-0.0053
1990-11-01,-0.0256
1990-11-02,-0.0255
1990-11-03,-0.0275
1990-11-04,-0.0075
1990-11-05,0.0022
1990-11-06,0.0134
1990-11-07,0.0173
1990-11-08,-0.0044
1990-11-09,-0.0077
1990-11-10,-0.0042
1990-11-11,-0.0359
1990-11-12,-0.0389
1990-11-13,-0.0231
1990-11-14,-0.0253
1990-11-15,-0.014
1990-11-16,0.008
1990-11-17,-0.0051
1990-11-18,-0.0421
1990-11-19,-0.0436
1990-11-20,-0.0563
1990-11-21,-0.0863
1990-11-22,-0.0908
1990-11-23,-0.0933
1990-11-24,-0.1421
1990-11-25,-0.175
1990-11-26,-0.1877
1990-11-27,-0.1657
1990-11-28,-0.1404
1990-11-29,-0.1579
1990-11-30,-0.1706
1990-12-01,-0.1278
1990-12-02,-0.1341
1990-12-03,-0.1375
1990-12-04,-0.1551
1990-12-05,-0.1598
1990-12-06,-0.1582
1990-12-07,-0.1276
1990-12-08,-0.085
1990-12-09,-0.1035
1990-12-10,-0.1156
1990-12-11,-0.1027
1990-12-12,-0.0914
1990-12-13,-0.0949
1990-12-14,-0.0791
1990-12-15,-0.0564
1990-12-16,-0.0566
1990-12-17,-0.0543
1990-12-18,-0.0701
1990-12-19,-0.0807
1990-12-20,-0.1029
1990-12-21,-0.124
1990-12-22,-0.1475
1990-12-23,-0.1389
1990-12-24,-0.1332
1990-12-25,-0.1502
1990-12-26,-0.1722
1990-12-27,-0.1759
1990-12-28,-0.1669
1990-12-29,-0.1801
1990-12-30,-0.1854
1990-12-31,-0.1976
1991-01-01,-0.226
1991-01-02,-0.2736
1991-01-03,-0.3014
1991-01-04,-0.2951
1991-01-05,-0.2513
1991-01-06,-0.2249
1991-01-07,-0.2059
1991-01-08,-0.1867
1991-01-09,-0.1816
1991-01-10,-0.1682
1991-01-11,-0.1519
1991-01-12,-0.1818
1991-01-13,-0.2301
1991-01-14,-0.253
1991-01-15,-0.248
1991-01-16,-0.2393
1991-01-17,-0.2557
1991-01-18,-0.2471
1991-01-19,-0.2392
1991-01-20,-0.2334
1991-01-21,-0.2328
1991-01-22,-0.2333
1991-01-23,-0.2244
1991-01-24,-0.2232
1991-01-25,-0.2191
1991-01-26,-0.2182
1991-01-27,-0.2261
1991-01-28,-0.2279
1991-01-29,-0.2152
1991-01-30,-0.2121
1991-01-31,-0.2075
1991-02-01,-0.2069
1991-02-02,-0.2222
1991-02-03,-0.1972
1991-02-04,-0.1875
1991-02-05,-0.1891
1991-02-06,-0.1755
1991-02-07,-0.1688
1991-02-08,-0.1685
1991-02-09,-0.1595
1991-02-10,-0.1597
1991-02-11,-0.1177
1991-02-12,-0.1063
1991-02-13,-0.1298
1991-02-14,-0.1268
1991-02-15,-0.1363
1991-02-16,-0.1479
1991-02-17,-0.1616
1991-02-18,-0.1851
1991-02-19,-0.181
1991-02-20,-0.1593
1991-02-21,-0.167
1991-02-22,-0.2186
1991-02-23,-0.2332
1991-02-24,-0.2444
1991-02-25,-0.2532
1991-02-26,-0.2619
1991-02-27,-0.2418
1991-02-28,-0.2252
1991-03-01,-0.2103
1991-03-02,-0.2174
1991-03-03,-0.2054
1991-03-04,-0.2095
1991-03-05,-0.2166
1991-03-06,-0.2341
1991-03-07,-0.2183
1991-03-08,-0.1704
1991-03-09,-0.1478
1991-03-10,-0.165
1991-03-11,-0.1989
1991-03-12,-0.1752
1991-03-13,-0.1709
1991-03-14,-0.1625
1991-03-15,-0.144
1991-03-16,-0.1313
1991-03-17,-0.1198
1991-03-18,-0.1269
1991-03-19,-0.1574
1991-03-20,-0.2044
1991-03-21,-0.2543
1991-03-22,-0.2825
1991-03-23,-0.3051
1991-03-24,-0.3279
1991-03-25,-0.3275
1991-03-26,-0.3242
1991-03-27,-0.3245
1991-03-28,-0.3401
1991-03-29,-0.3383
1991-03-30,-0.3521
1991-03-31,-0.3741
1991-04-01,-0.3918
1991-04-02,-0.3777
1991-04-03,-0.3555
1991-04-04,-0.3689
1991-04-05,-0.3839
1991-04-06,-0.3832
1991-04-07,-0.3711
1991-04-08,-0.3745
1991-04-09,-0.3769
1991-04-10,-0.3944
1991-04-11,-0.3775
1991-04-12,-0.3638
1991-04-13,-0.4083
1991-04-14,-0.4373
1991-04-15,-0.4056
1991-04-16,-0.4009
1991-04-17,-0.4137
1991-04-18,-0.419
1991-04-19,-0.3967
1991-04-20,-0.3776
1991-04-21,-0.3768
1991-04-22,-0.3715
1991-04-23,-0.3377
1991-04-24,-0.3215
1991-04-25,-0.3477
1991-04-26,-0.4002
1991-04-27,-0.4241
1991-04-28,-0.4044
1991-04-29,-0.3437
1991-04-30,-0.2788
1991-05-01,-0.2696
1991-05-02,-0.2704
1991-05-03,-0.2899
1991-05-04,-0.3275
1991-05-05,-0.3488
1991-05-06,-0.349
1991-05-07,-0.3573
1991-05-08,-0.3522
1991-05-09,-0.3507
1991-05-10,-0.3827
1991-05-11,-0.3971
1991-05-12,-0.4363
1991-05-13,-0.4544
1991-05-14,-0.4569
1991-05-15,-0.4897
1991-05-16,-0.5122
1991-05-17,-0.4596
1991-05-18,-0.4779
1991-05-19,-0.499
1991-05-20,-0.5017
1991-05-21,-0.5177
1991-05-22,-0.5095
1991-05-23,-0.5182
1991-05-24,-0.5697
1991-05-25,-0.5385
1991-05-26,-0.4785
1991-05-27,-0.4357
1991-05-28,-0.4307
1991-05-29,-0.4366
1991-05-30,-0.4172
1991-05-31,-0.4178
1991-06-01,-0.3716
1991-06-02,-0.3248
1991-06-03,-0.2893
1991-06-04,-0.3026
1991-06-05,-0.3449
1991-06-06,-0.3775
1991-06-07,-0.4121
1991-06-08,-0.3784
1991-06-09,-0.3172
1991-06-10,-0.3134
1991-06-11,-0.3449
1991-06-12,-0.4034
1991-06-13,-0.4876
1991-06-14,-0.5488
1991-06-15,-0.5172
1991-06-16,-0.44
1991-06-17,-0.3934
1991-06-18,-0.3276
1991-06-19,-0.2939
1991-06-20,-0.2662
1991-06-21,-0.2663
1991-06-22,-0.2729
1991-06-23,-0.2598
1991-06-24,-0.2602
1991-06-25,-0.2958
1991-06-26,-0.3535
1991-06-27,-0.4038
1991-06-28,-0.4586
1991-06-29,-0.5021
1991-06-30,-0.4578
1991-07-01,-0.3988
1991-07-02,-0.3654
1991-07-03,-0.3492
1991-07-04,-0.3098
1991-07-05,-0.2546
1991-07-06,-0.2379
1991-07-07,-0.2011
1991-07-08,-0.1778
1991-07-09,-0.1616
1991-07-10,-0.1692
1991-07-11,-0.2142
1991-07-12,-0.2817
1991-07-13,-0.3304
1991-07-14,-0.356
1991-07-15,-0.3738
1991-07-16,-0.3731
1991-07-17,-0.3484
1991-07-18,-0.3759
1991-07-19,-0.388
1991-07-20,-0.366
1991-07-21,-0.3365
1991-07-22,-0.293
1991-07-23,-0.2535
1991-07-24,-0.2385
1991-07-25,-0.2265
1991-07-26,-0.214
1991-07-27,-0.1839
1991-07-28,-0.1276
1991-07-29,-0.0976
1991-07-30,-0.1128
1991-07-31,-0.1254
1991-08-01,-0.1157
1991-08-02,-0.1234
1991-08-03,-0.1625
1991-08-04,-0.1799
1991-08-05,-0.2214
1991-08-06,-0.2384
1991-08-07,-0.2401
1991-08-08,-0.268
1991-08-09,-0.3111
1991-08-10,-0.2989
1991-08-11,-0.258
1991-08-12,-0.2206
1991-08-13,-0.1678
1991-08-14,-0.1303
1991-08-15,-0.1203
1991-08-16,-0.1172
1991-08-17,-0.1123
1991-08-18,-0.1305
1991-08-19,-0.1732
1991-08-20,-0.1944
1991-08-21,-0.2189
1991-08-22,-0.2217
1991-08-23,-0.192
1991-08-24,-0.1597
1991-08-25,-0.1243
1991-08-26,-0.0931
1991-08-27,-0.0849
1991-08-28,-0.1
1991-08-29,-0.1222
1991-08-30,-0.1379
1991-08-31,-0.0968
1991-09-01,-0.0107
1991-09-02,0.0155
1991-09-03,-0.0442
1991-09-04,-0.0784
1991-09-05,-0.0714
1991-09-06,-0.0922
1991-09-07,-0.1035
1991-09-08,-0.1008
1991-09-09,-0.1097
1991-09-10,-0.0675
1991-09-11,-0.0649
1991-09-12,-0.0524
1991-09-13,-0.0723
1991-09-14,-0.0957
1991-09-15,-0.0978
1991-09-16,-0.0922
1991-09-17,-0.0677
1991-09-18,-0.0339
1991-09-19,-0.0128
1991-09-20,-0.049
1991-09-21,-0.0891
1991-09-22,-0.1035
1991-09-23,-0.0845
1991-09-24,-0.0572
1991-09-25,-0.0103
1991-09-26,-0.0029
1991-09-27,0.0041
1991-09-28,-0.0452
1991-09-29,-0.1194
1991-09-30,-0.1324
1991-10-01,-0.0996
1991-10-02,-0.1146
1991-10-03,-0.0995
1991-10-04,-0.1163
1991-10-05,-0.1539
1991-10-06,-0.1962
1991-10-07,-0.2503
1991-10-08,-0.2577
1991-10-09,-0.2328
1991-10-10,-0.2135
1991-10-11,-0.1838
1991-10-12,-0.1632
1991-10-13,-0.1978
1991-10-14,-0.2454
1991-10-15,-0.3506
1991-10-16,-0.3765
1991-10-17,-0.3472
1991-10-18,-0.2939
1991-10-19,-0.2619
1991-10-20,-0.2392
1991-10-21,-0.2114
1991-10-22,-0.1843
1991-10-23,-0.1918
1991-10-24,-0.2073
1991-10-25,-0.1828
1991-10-26,-0.1691
1991-10-27,-0.2039
1991-10-28,-0.2673
1991-10-29,-0.3319
1991-10-30,-0.3331
1991-10-31,-0.2786
1991-11-01,-0.2617
1991-11-02,-0.2759
1991-11-03,-0.2524
1991-11-04,-0.2117
1991-11-05,-0.2141
1991-11-06,-0.218
1991-11-07,-0.2203
1991-11-08,-0.2137
1991-11-09,-0.2359
1991-11-10,-0.2444
1991-11-11,-0.2534
1991-11-12,-0.2678
1991-11-13,-0.2891
1991-11-14,-0.2873
1991-11-15,-0.3061
1991-11-16,-0.3263
1991-11-17,-0.3358
1991-11-18,-0.3243
1991-11-19,-0.3298
1991-11-20,-0.3389
1991-11-21,-0.3196
1991-11-22,-0.2916
1991-11-23,-0.2441
1991-11-24,-0.2293
1991-11-25,-0.2406
1991-11-26,-0.2677
1991-11-27,-0.2848
1991-11-28,-0.2887
1991-11-29,-0.2944
1991-11-30,-0.289
1991-12-01,-0.2492
1991-12-02,-0.2425
1991-12-03,-0.2517
1991-12-04,-0.2504
1991-12-05,-0.2415
1991-12-06,-0.2373
1991-12-07,-0.2499
1991-12-08,-0.2457
1991-12-09,-0.2191
1991-12-10,-0.1844
1991-12-11,-0.1836
1991-12-12,-0.1664
1991-12-13,-0.1493
1991-12-14,-0.139
1991-12-15,-0.155
1991-12-16,-0.2085
1991-12-17,-0.2483
1991-12-18,-0.2529
1991-12-19,-0.2231
1991-12-20,-0.2391
1991-12-21,-0.2822
1991-12-22,-0.3167
1991-12-23,-0.3036
1991-12-24,-0.282
1991-12-25,-0.2443
1991-12-26,-0.1882
1991-12-27,-0.166
1991-12-28,-0.167
1991-12-29,-0.2144
1991-12-30,-0.2638
1991-12-31,-0.2671
1992-01-01,-0.2499
1992-01-02,-0.2468
1992-01-03,-0.2534
1992-01-04,-0.2808
1992-01-05,-0.2878
1992-01-06,-0.2942
1992-01-07,-0.2923
1992-01-08,-0.3057
1992-01-09,-0.2557
1992-01-10,-0.205
1992-01-11,-0.1801
1992-01-12,-0.2063
1992-01-13,-0.2239
1992-01-14,-0.2075
1992-01-15,-0.1817
1992-01-16,-0.1772
1992-01-17,-0.1922
1992-01-18,-0.2048
1992-01-19,-0.2175
1992-01-20,-0.2253
1992-01-21,-0.2133
1992-01-22,-0.1883
1992-01-23,-0.1848
1992-01-24,-0.1731
1992-01-25,-0.1946
1992-01-26,-0.239
1992-01-27,-0.2545
1992-01-28,-0.2599
1992-01-29,-0.2658
1992-01-30,-0.303
1992-01-31,-0.2936
1992-02-01,-0.2436
1992-02-02,-0.1737
1992-02-03,-0.1609
1992-02-04,-0.1846
1992-02-05,-0.1957
1992-02-06,-0.2143
1992-02-07,-0.1948
1992-02-08,-0.1635
1992-02-09,-0.1627
1992-02-10,-0.1408
1992-02-11,-0.1413
1992-02-12,-0.149
1992-02-13,-0.1618
1992-02-14,-0.1618
1992-02-15,-0.1509
1992-02-16,-0.1605
1992-02-17,-0.1527
1992-02-18,-0.1515
1992-02-19,-0.1402
1992-02-20,-0.1524
1992-02-21,-0.1497
1992-02-22,-0.1649
1992-02-23,-0.1827
1992-02-24,-0.1925
1992-02-25,-0.2128
1992-02-26,-0.2279
1992-02-27,-0.2363
1992-02-28,-0.241
1992-02-29,-0.2184
1992-03-01,-0.1728
1992-03-02,-0.1402
1992-03-03,-0.1468
1992-03-04,-0.1644
1992-03-05,-0.1767
1992-03-06,-0.1925
1992-03-07,-0.1798
1992-03-08,-0.1932
1992-03-09,-0.2186
1992-03-10,-0.2362
1992-03-11,-0.2395
1992-03-12,-0.2166
1992-03-13,-0.2085
1992-03-14,-0.1967
1992-03-15,-0.1425
1992-03-16,-0.0897
1992-03-17,-0.1146
1992-03-18,-0.1446
1992-03-19,-0.1321
1992-03-20,-0.0594
1992-03-21,-0.0318
1992-03-22,-0.05
1992-03-23,-0.1097
1992-03-24,-0.1789
1992-03-25,-0.2182
1992-03-26,-0.2454
1992-03-27,-0.2604
1992-03-28,-0.3063
1992-03-29,-0.3417
1992-03-30,-0.3756
1992-03-31,-0.4009
1992-04-01,-0.398
1992-04-02,-0.3898
1992-04-03,-0.3956
1992-04-04,-0.4168
1992-04-05,-0.4061
1992-04-06,-0.418
1992-04-07,-0.4058
1992-04-08,-0.3599
1992-04-09,-0.3392
1992-04-10,-0.3369
1992-04-11,-0.3751
1992-04-12,-0.3977
1992-04-13,-0.4077
1992-04-14,-0.4031
1992-04-15,-0.3681
1992-04-16,-0.357
1992-04-17,-0.3594
1992-04-18,-0.3214
1992-04-19,-0.297
1992-04-20,-0.3016
1992-04-21,-0.3537
1992-04-22,-0.384
1992-04-23,-0.381
1992-04-24,-0.35
1992-04-25,-0.3029
1992-04-26,-0.2885
1992-04-27,-0.3119
1992-04-28,-0.3373
1992-04-29,-0.3788
1992-04-30,-0.4317
1992-05-01,-0.4392
1992-05-02,-0.4184
1992-05-03,-0.3736
1992-05-04,-0.3599
1992-05-05,-0.3605
1992-05-06,-0.3772
1992-05-07,-0.4078
1992-05-08,-0.4647
1992-05-09,-0.4991
1992-05-10,-0.4934
1992-05-11,-0.4708
1992-05-12,-0.4941
1992-05-13,-0.4936
1992-05-14,-0.4509
1992-05-15,-0.4384
1992-05-16,-0.436
1992-05-17,-0.4003
1992-05-18,-0.374
1992-05-19,-0.3663
1992-05-20,-0.3807
1992-05-21,-0.39
1992-05-22,-0.4127
1992-05-23,-0.4107
1992-05-24,-0.3926
1992-05-25,-0.3559
1992-05-26,-0.3231
1992-05-27,-0.2986
1992-05-28,-0.2616
1992-05-29,-0.2394
1992-05-30,-0.2386
1992-05-31,-0.2527
1992-06-01,-0.3032
1992-06-02,-0.3644
1992-06-03,-0.377
1992-06-04,-0.4001
1992-06-05,-0.4491
1992-06-06,-0.4702
1992-06-07,-0.5005
1992-06-08,-0.5116
1992-06-09,-0.4672
1992-06-10,-0.4496
1992-06-11,-0.499
1992-06-12,-0.5488
1992-06-13,-0.543
1992-06-14,-0.5362
1992-06-15,-0.5226
1992-06-16,-0.5042
1992-06-17,-0.4983
1992-06-18,-0.5039
1992-06-19,-0.5174
1992-06-20,-0.5058
1992-06-21,-0.4423
1992-06-22,-0.3874
1992-06-23,-0.3936
1992-06-24,-0.3889
1992-06-25,-0.3863
1992-06-26,-0.3956
1992-06-27,-0.3854
1992-06-28,-0.3838
1992-06-29,-0.3645
1992-06-30,-0.3497
1992-07-01,-0.3745
1992-07-02,-0.3614
1992-07-03,-0.4082
1992-07-04,-0.3991
1992-07-05,-0.3973
1992-07-06,-0.4117
1992-07-07,-0.4397
1992-07-08,-0.4521
1992-07-09,-0.4301
1992-07-10,-0.4442
1992-07-11,-0.4667
1992-07-12,-0.4856
1992-07-13,-0.4899
1992-07-14,-0.4901
1992-07-15,-0.4953
1992-07-16,-0.5149
1992-07-17,-0.4783
1992-07-18,-0.4202
1992-07-19,-0.3619
1992-07-20,-0.3378
1992-07-21,-0.3185
1992-07-22,-0.3017
1992-07-23,-0.3311
1992-07-24,-0.329
1992-07-25,-0.2883
1992-07-26,-0.2999
1992-07-27,-0.3411
1992-07-28,-0.3653
1992-07-29,-0.3537
1992-07-30,-0.3447
1992-07-31,-0.35
1992-08-01,-0.3747
1992-08-02,-0.3395
1992-08-03,-0.3254
1992-08-04,-0.3131
1992-08-05,-0.3342
1992-08-06,-0.3761
1992-08-07,-0.4486
1992-08-08,-0.4716
1992-08-09,-0.4963
1992-08-10,-0.5265
1992-08-11,-0.4981
1992-08-12,-0.483
1992-08-13,-0.4828
1992-08-14,-0.4927
1992-08-15,-0.4936
1992-08-16,-0.4879
1992-08-17,-0.4599
1992-08-18,-0.4682
1992-08-19,-0.4714
1992-08-20,-0.4192
1992-08-21,-0.4068
1992-08-22,-0.4129
1992-08-23,-0.4153
1992-08-24,-0.4789
1992-08-25,-0.4528
1992-08-26,-0.4033
1992-08-27,-0.3388
1992-08-28,-0.3457
1992-08-29,-0.3501
1992-08-30,-0.3666
1992-08-31,-0.379
1992-09-01,-0.397
1992-09-02,-0.4148
1992-09-03,-0.419
1992-09-04,-0.4504
1992-09-05,-0.4635
1992-09-06,-0.4921
1992-09-07,-0.5062
1992-09-08,-0.5129
1992-09-09,-0.4982
1992-09-10,-0.4649
1992-09-11,-0.4266
1992-09-12,-0.441
1992-09-13,-0.4383
1992-09-14,-0.407
1992-09-15,-0.4351
1992-09-16,-0.4611
1992-09-17,-0.4689
1992-09-18,-0.4554
1992-09-19,-0.414
1992-09-20,-0.3723
1992-09-21,-0.3327
1992-09-22,-0.3051
1992-09-23,-0.3237
1992-09-24,-0.3342
1992-09-25,-0.3056
1992-09-26,-0.3037
1992-09-27,-0.3402
1992-09-28,-0.3684
1992-09-29,-0.3844
1992-09-30,-0.4079
1992-10-01,-0.4438
1992-10-02,-0.4462
1992-10-03,-0.439
1992-10-04,-0.4181
1992-10-05,-0.3703
1992-10-06,-0.2994
1992-10-07,-0.2608
1992-10-08,-0.2762
1992-10-09,-0.3238
1992-10-10,-0.3667
1992-10-11,-0.4056
1992-10-12,-0.4129
1992-10-13,-0.4166
1992-10-14,-0.4093
1992-10-15,-0.3799
1992-10-16,-0.3677
1992-10-17,-0.339
1992-10-18,-0.3435
1992-10-19,-0.3601
1992-10-20,-0.3678
1992-10-21,-0.4011
1992-10-22,-0.4204
1992-10-23,-0.4632
1992-10-24,-0.4818
1992-10-25,-0.4745
1992-10-26,-0.4796
1992-10-27,-0.4484
1992-10-28,-0.406
1992-10-29,-0.3566
1992-10-30,-0.3346
1992-10-31,-0.3621
1992-11-01,-0.4039
1992-11-02,-0.41
1992-11-03,-0.435
1992-11-04,-0.4511
1992-11-05,-0.467
1992-11-06,-0.4848
1992-11-07,-0.4971
1992-11-08,-0.4821
1992-11-09,-0.4307
1992-11-10,-0.3943
1992-11-11,-0.3829
1992-11-12,-0.3919
1992-11-13,-0.4058
1992-11-14,-0.4175
1992-11-15,-0.3968
1992-11-16,-0.3876
1992-11-17,-0.3884
1992-11-18,-0.3707
1992-11-19,-0.36
1992-11-20,-0.3697
1992-11-21,-0.353
1992-11-22,-0.3585
1992-11-23,-0.3886
1992-11-24,-0.398
1992-11-25,-0.3885
1992-11-26,-0.3885
1992-11-27,-0.3757
1992-11-28,-0.3841
1992-11-29,-0.3827
1992-11-30,-0.3767
1992-12-01,-0.3816
1992-12-02,-0.3733
1992-12-03,-0.3801
1992-12-04,-0.3784
1992-12-05,-0.3735
1992-12-06,-0.3869
1992-12-07,-0.386
1992-12-08,-0.3831
1992-12-09,-0.3989
1992-12-10,-0.408
1992-12-11,-0.4291
1992-12-12,-0.4484
1992-12-13,-0.4372
1992-12-14,-0.3984
1992-12-15,-0.3986
1992-12-16,-0.3851
1992-12-17,-0.3836
1992-12-18,-0.3874
1992-12-19,-0.4094
1992-12-20,-0.4265
1992-12-21,-0.4263
1992-12-22,-0.4116
1992-12-23,-0.3603
1992-12-24,-0.3286
1992-12-25,-0.3243
1992-12-26,-0.3145
1992-12-27,-0.2907
1992-12-28,-0.284
1992-12-29,-0.3048
1992-12-30,-0.3046
1992-12-31,-0.2998
1993-01-01,-0.2963
1993-01-02,-0.2922
1993-01-03,-0.2621
1993-01-04,-0.247
1993-01-05,-0.2746
1993-01-06,-0.3059
1993-01-07,-0.3355
1993-01-08,-0.3545
1993-01-09,-0.3743
1993-01-10,-0.3772
1993-01-11,-0.384
1993-01-12,-0.3453
1993-01-13,-0.3039
1993-01-14,-0.2464
1993-01-15,-0.2195
1993-01-16,-0.2195
1993-01-17,-0.1995
1993-01-18,-0.1752
1993-01-19,-0.156
1993-01-20,-0.1815
1993-01-21,-0.2365
1993-01-22,-0.247
1993-01-23,-0.2431
1993-01-24,-0.251
1993-01-25,-0.2701
1993-01-26,-0.2989
1993-01-27,-0.33
1993-01-28,-0.3511
1993-01-29,-0.3085
1993-01-30,-0.237
1993-01-31,-0.2087
1993-02-01,-0.2073
1993-02-02,-0.1959
1993-02-03,-0.2088
1993-02-04,-0.1956
1993-02-05,-0.1958
1993-02-06,-0.2294
1993-02-07,-0.1992
1993-02-08,-0.1702
1993-02-09,-0.1972
1993-02-10,-0.1866
1993-02-11,-0.1717
1993-02-12,-0.1935
1993-02-13,-0.24
1993-02-14,-0.2461
1993-02-15,-0.2349
1993-02-16,-0.2299
1993-02-17,-0.2052
1993-02-18,-0.1792
1993-02-19,-0.1765
1993-02-20,-0.171
1993-02-21,-0.1961
1993-02-22,-0.2103
1993-02-23,-0.2131
1993-02-24,-0.1989
1993-02-25,-0.2188
1993-02-26,-0.2561
1993-02-27,-0.2863
1993-02-28,-0.317
1993-03-01,-0.3347
1993-03-02,-0.3329
1993-03-03,-0.3069
1993-03-04,-0.3005
1993-03-05,-0.2789
1993-03-06,-0.2913
1993-03-07,-0.3496
1993-03-08,-0.3646
1993-03-09,-0.3556
1993-03-10,-0.3291
1993-03-11,-0.272
1993-03-12,-0.254
1993-03-13,-0.2759
1993-03-14,-0.2982
1993-03-15,-0.3168
1993-03-16,-0.3387
1993-03-17,-0.3715
1993-03-18,-0.3826
1993-03-19,-0.3947
1993-03-20,-0.4166
1993-03-21,-0.3787
1993-03-22,-0.3797
1993-03-23,-0.4133
1993-03-24,-0.45
1993-03-25,-0.4796
1993-03-26,-0.4298
1993-03-27,-0.3676
1993-03-28,-0.3156
1993-03-29,-0.2589
1993-03-30,-0.2347
1993-03-31,-0.2479
1993-04-01,-0.2595
1993-04-02,-0.252
1993-04-03,-0.2425
1993-04-04,-0.2396
1993-04-05,-0.2484
1993-04-06,-0.2566
1993-04-07,-0.2725
1993-04-08,-0.2858
1993-04-09,-0.2759
1993-04-10,-0.2489
1993-04-11,-0.2277
1993-04-12,-0.1764
1993-04-13,-0.1216
1993-04-14,-0.0598
1993-04-15,-0.0614
1993-04-16,-0.0985
1993-04-17,-0.1161
1993-04-18,-0.1254
1993-04-19,-0.1509
1993-04-20,-0.1839
1993-04-21,-0.1752
1993-04-22,-0.1735
1993-04-23,-0.188
1993-04-24,-0.213
1993-04-25,-0.2462
1993-04-26,-0.2808
1993-04-27,-0.293
1993-04-28,-0.3064
1993-04-29,-0.3166
1993-04-30,-0.3263
1993-05-01,-0.3119
1993-05-02,-0.3334
1993-05-03,-0.3648
1993-05-04,-0.4001
1993-05-05,-0.4172
1993-05-06,-0.4006
1993-05-07,-0.4259
1993-05-08,-0.4517
1993-05-09,-0.4279
1993-05-10,-0.4115
1993-05-11,-0.3773
1993-05-12,-0.3843
1993-05-13,-0.3835
1993-05-14,-0.363
1993-05-15,-0.322
1993-05-16,-0.2742
1993-05-17,-0.2273
1993-05-18,-0.2508
1993-05-19,-0.2749
1993-05-20,-0.2786
1993-05-21,-0.2709
1993-05-22,-0.2881
1993-05-23,-0.2872
1993-05-24,-0.2996
1993-05-25,-0.2911
1993-05-26,-0.3265
1993-05-27,-0.3806
1993-05-28,-0.3993
1993-05-29,-0.37
1993-05-30,-0.3474
1993-05-31,-0.3449
1993-06-01,-0.3221
1993-06-02,-0.3214
1993-06-03,-0.3075
1993-06-04,-0.3115
1993-06-05,-0.2892
1993-06-06,-0.2619
1993-06-07,-0.2502
1993-06-08,-0.2527
1993-06-09,-0.2533
1993-06-10,-0.2785
1993-06-11,-0.3356
1993-06-12,-0.387
1993-06-13,-0.4096
1993-06-14,-0.4225
1993-06-15,-0.4302
1993-06-16,-0.4096
1993-06-17,-0.4023
1993-06-18,-0.4217
1993-06-19,-0.4018
1993-06-20,-0.3637
1993-06-21,-0.369
1993-06-22,-0.3821
1993-06-23,-0.4288
1993-06-24,-0.4433
1993-06-25,-0.4507
1993-06-26,-0.4477
1993-06-27,-0.4402
1993-06-28,-0.4329
1993-06-29,-0.4099
1993-06-30,-0.3998
1993-07-01,-0.4232
1993-07-02,-0.4382
1993-07-03,-0.4424
1993-07-04,-0.3865
1993-07-05,-0.3777
1993-07-06,-0.3371
1993-07-07,-0.3695
1993-07-08,-0.398
1993-07-09,-0.4231
1993-07-10,-0.4538
1993-07-11,-0.4841
1993-07-12,-0.4678
1993-07-13,-0.4897
1993-07-14,-0.4832
1993-07-15,-0.4881
1993-07-16,-0.4793
1993-07-17,-0.4792
1993-07-18,-0.4546
1993-07-19,-0.4672
1993-07-20,-0.5048
1993-07-21,-0.5208
1993-07-22,-0.4844
1993-07-23,-0.4431
1993-07-24,-0.417
1993-07-25,-0.398
1993-07-26,-0.3973
1993-07-27,-0.3583
1993-07-28,-0.3508
1993-07-29,-0.4073
1993-07-30,-0.4085
1993-07-31,-0.3837
1993-08-01,-0.3857
1993-08-02,-0.3637
1993-08-03,-0.3079
1993-08-04,-0.2263
1993-08-05,-0.1532
1993-08-06,-0.1173
1993-08-07,-0.1209
1993-08-08,-0.1417
1993-08-09,-0.2027
1993-08-10,-0.244
1993-08-11,-0.2905
1993-08-12,-0.3085
1993-08-13,-0.2938
1993-08-14,-0.2949
1993-08-15,-0.2802
1993-08-16,-0.3274
1993-08-17,-0.3079
1993-08-18,-0.299
1993-08-19,-0.2791
1993-08-20,-0.2594
1993-08-21,-0.2183
1993-08-22,-0.2271
1993-08-23,-0.2292
1993-08-24,-0.2161
1993-08-25,-0.1902
1993-08-26,-0.1155
1993-08-27,-0.0533
1993-08-28,-0.0134
1993-08-29,0.0048
1993-08-30,0.0314
1993-08-31,0.0036
1993-09-01,-0.0615
1993-09-02,-0.087
1993-09-03,-0.0968
1993-09-04,-0.04
1993-09-05,-0.0104
1993-09-06,-0.0432
1993-09-07,-0.0582
1993-09-08,-0.0674
1993-09-09,-0.0478
1993-09-10,-0.0196
1993-09-11,-0.0412
1993-09-12,-0.0905
1993-09-13,-0.1378
1993-09-14,-0.1677
1993-09-15,-0.1715
1993-09-16,-0.148
1993-09-17,-0.111
1993-09-18,-0.1434
1993-09-19,-0.1805
1993-09-20,-0.2585
1993-09-21,-0.3347
1993-09-22,-0.3025
1993-09-23,-0.1963
1993-09-24,-0.1538
1993-09-25,-0.112
1993-09-26,-0.0779
1993-09-27,-0.0519
1993-09-28,-0.0328
1993-09-29,-0.0353
1993-09-30,-0.0512
1993-10-01,-0.0884
1993-10-02,-0.0969
1993-10-03,-0.0967
1993-10-04,-0.1136
1993-10-05,-0.125
1993-10-06,-0.1574
1993-10-07,-0.1968
1993-10-08,-0.2017
1993-10-09,-0.2024
1993-10-10,-0.2304
1993-10-11,-0.3004
1993-10-12,-0.2869
1993-10-13,-0.2865
1993-10-14,-0.2948
1993-10-15,-0.2992
1993-10-16,-0.29
1993-10-17,-0.2933
1993-10-18,-0.265
1993-10-19,-0.248
1993-10-20,-0.2297
1993-10-21,-0.2334
1993-10-22,-0.2238
1993-10-23,-0.2287
1993-10-24,-0.2128
1993-10-25,-0.1568
1993-10-26,-0.15
1993-10-27,-0.1598
1993-10-28,-0.1854
1993-10-29,-0.1751
1993-10-30,-0.19
1993-10-31,-0.2117
1993-11-01,-0.2223
1993-11-02,-0.2413
1993-11-03,-0.2656
1993-11-04,-0.2631
1993-11-05,-0.2399
1993-11-06,-0.2313
1993-11-07,-0.2276
1993-11-08,-0.2359
1993-11-09,-0.2237
1993-11-10,-0.2033
1993-11-11,-0.1845
1993-11-12,-0.1898
1993-11-13,-0.2024
1993-11-14,-0.2307
1993-11-15,-0.2235
1993-11-16,-0.2022
1993-11-17,-0.2155
1993-11-18,-0.2335
1993-11-19,-0.2525
1993-11-20,-0.2558
1993-11-21,-0.266
1993-11-22,-0.3026
1993-11-23,-0.3506
1993-11-24,-0.3697
1993-11-25,-0.3728
1993-11-26,-0.3826
1993-11-27,-0.3954
1993-11-28,-0.4085
1993-11-29,-0.4227
1993-11-30,-0.4535
1993-12-01,-0.4906
1993-12-02,-0.481
1993-12-03,-0.4361
1993-12-04,-0.4533
1993-12-05,-0.4812
1993-12-06,-0.4721
1993-12-07,-0.4535
1993-12-08,-0.4304
1993-12-09,-0.3957
1993-12-10,-0.4035
1993-12-11,-0.4252
1993-12-12,-0.4614
1993-12-13,-0.4192
1993-12-14,-0.3267
1993-12-15,-0.2771
1993-12-16,-0.2688
1993-12-17,-0.2678
1993-12-18,-0.2795
1993-12-19,-0.2906
1993-12-20,-0.2933
1993-12-21,-0.276
1993-12-22,-0.2384
1993-12-23,-0.2063
1993-12-24,-0.1853
1993-12-25,-0.2
1993-12-26,-0.2167
1993-12-27,-0.235
1993-12-28,-0.2616
1993-12-29,-0.2893
1993-12-30,-0.3153
1993-12-31,-0.3017
1994-01-01,-0.2955
1994-01-02,-0.3246
1994-01-03,-0.3573
1994-01-04,-0.3676
1994-01-05,-0.3552
1994-01-06,-0.3462
1994-01-07,-0.298
1994-01-08,-0.2729
1994-01-09,-0.2777
1994-01-10,-0.3082
1994-01-11,-0.3393
1994-01-12,-0.3637
1994-01-13,-0.3655
1994-01-14,-0.3639
1994-01-15,-0.3307
1994-01-16,-0.3381
1994-01-17,-0.35
1994-01-18,-0.3393
1994-01-19,-0.3351
1994-01-20,-0.3248
1994-01-21,-0.3283
1994-01-22,-0.3359
1994-01-23,-0.3542
1994-01-24,-0.3897
1994-01-25,-0.4144
1994-01-26,-0.3853
1994-01-27,-0.3819
1994-01-28,-0.412
1994-01-29,-0.4491
1994-01-30,-0.4774
1994-01-31,-0.48
1994-02-01,-0.4781
1994-02-02,-0.4725
1994-02-03,-0.4642
1994-02-04,-0.4336
1994-02-05,-0.3927
1994-02-06,-0.3814
1994-02-07,-0.3976
1994-02-08,-0.4157
1994-02-09,-0.4465
1994-02-10,-0.4785
1994-02-11,-0.4744
1994-02-12,-0.4613
1994-02-13,-0.4106
1994-02-14,-0.3642
1994-02-15,-0.3655
1994-02-16,-0.3696
1994-02-17,-0.3965
1994-02-18,-0.4181
1994-02-19,-0.4244
1994-02-20,-0.4497
1994-02-21,-0.4684
1994-02-22,-0.4657
1994-02-23,-0.4646
1994-02-24,-0.4468
1994-02-25,-0.4356
1994-02-26,-0.4601
1994-02-27,-0.4685
1994-02-28,-0.4599
1994-03-01,-0.4603
1994-03-02,-0.4623
1994-03-03,-0.4586
1994-03-04,-0.451
1994-03-05,-0.4349
1994-03-06,-0.4228
1994-03-07,-0.4254
1994-03-08,-0.4229
1994-03-09,-0.4521
1994-03-10,-0.4646
1994-03-11,-0.4609
1994-03-12,-0.4359
1994-03-13,-0.4501
1994-03-14,-0.4495
1994-03-15,-0.4049
1994-03-16,-0.3581
1994-03-17,-0.3482
1994-03-18,-0.3669
1994-03-19,-0.3569
1994-03-20,-0.3513
1994-03-21,-0.3453
1994-03-22,-0.3105
1994-03-23,-0.2551
1994-03-24,-0.2444
1994-03-25,-0.2357
1994-03-26,-0.2452
1994-03-27,-0.2585
1994-03-28,-0.2549
1994-03-29,-0.2417
1994-03-30,-0.2261
1994-03-31,-0.2093
1994-04-01,-0.1719
1994-04-02,-0.18
1994-04-03,-0.2276
1994-04-04,-0.2827
1994-04-05,-0.309
1994-04-06,-0.3277
1994-04-07,-0.3381
1994-04-08,-0.3584
1994-04-09,-0.4013
1994-04-10,-0.3997
1994-04-11,-0.3582
1994-04-12,-0.3387
1994-04-13,-0.3242
1994-04-14,-0.3011
1994-04-15,-0.3023
1994-04-16,-0.3045
1994-04-17,-0.2759
1994-04-18,-0.254
1994-04-19,-0.2711
1994-04-20,-0.2776
1994-04-21,-0.2828
1994-04-22,-0.285
1994-04-23,-0.2836
1994-04-24,-0.2496
1994-04-25,-0.2819
1994-04-26,-0.3183
1994-04-27,-0.3459
1994-04-28,-0.3575
1994-04-29,-0.3554
1994-04-30,-0.3763
1994-05-01,-0.3497
1994-05-02,-0.31
1994-05-03,-0.2764
1994-05-04,-0.2734
1994-05-05,-0.3091
1994-05-06,-0.3472
1994-05-07,-0.3297
1994-05-08,-0.2948
1994-05-09,-0.2867
1994-05-10,-0.326
1994-05-11,-0.3792
1994-05-12,-0.3962
1994-05-13,-0.4011
1994-05-14,-0.3976
1994-05-15,-0.392
1994-05-16,-0.3834
1994-05-17,-0.4559
1994-05-18,-0.5113
1994-05-19,-0.5544
1994-05-20,-0.5733
1994-05-21,-0.5028
1994-05-22,-0.411
1994-05-23,-0.3356
1994-05-24,-0.3255
1994-05-25,-0.3358
1994-05-26,-0.3413
1994-05-27,-0.352
1994-05-28,-0.3544
1994-05-29,-0.3425
1994-05-30,-0.3339
1994-05-31,-0.3384
1994-06-01,-0.3673
1994-06-02,-0.4131
1994-06-03,-0.4574
1994-06-04,-0.4562
1994-06-05,-0.4322
1994-06-06,-0.4163
1994-06-07,-0.3992
1994-06-08,-0.4155
1994-06-09,-0.4326
1994-06-10,-0.4546
1994-06-11,-0.4219
1994-06-12,-0.3619
1994-06-13,-0.3222
1994-06-14,-0.2971
1994-06-15,-0.3101
1994-06-16,-0.3231
1994-06-17,-0.3337
1994-06-18,-0.3066
1994-06-19,-0.3062
1994-06-20,-0.3379
1994-06-21,-0.3804
1994-06-22,-0.4293
1994-06-23,-0.4609
1994-06-24,-0.4453
1994-06-25,-0.3895
1994-06-26,-0.3158
1994-06-27,-0.2655
1994-06-28,-0.2239
1994-06-29,-0.2127
1994-06-30,-0.2134
1994-07-01,-0.257
1994-07-02,-0.3148
1994-07-03,-0.3188
1994-07-04,-0.2929
1994-07-05,-0.292
1994-07-06,-0.3196
1994-07-07,-0.3675
1994-07-08,-0.4169
1994-07-09,-0.4349
1994-07-10,-0.4016
1994-07-11,-0.3634
1994-07-12,-0.2977
1994-07-13,-0.2828
1994-07-14,-0.2831
1994-07-15,-0.2856
1994-07-16,-0.2936
1994-07-17,-0.3131
1994-07-18,-0.2943
1994-07-19,-0.2708
1994-07-20,-0.2727
1994-07-21,-0.2897
1994-07-22,-0.3037
1994-07-23,-0.293
1994-07-24,-0.2824
1994-07-25,-0.2978
1994-07-26,-0.3051
1994-07-27,-0.3353
1994-07-28,-0.3609
1994-07-29,-0.383
1994-07-30,-0.3694
1994-07-31,-0.3026
1994-08-01,-0.2827
1994-08-02,-0.2686
1994-08-03,-0.278
1994-08-04,-0.2673
1994-08-05,-0.2764
1994-08-06,-0.2708
1994-08-07,-0.2317
1994-08-08,-0.2085
1994-08-09,-0.2549
1994-08-10,-0.2934
1994-08-11,-0.3063
1994-08-12,-0.3038
1994-08-13,-0.2794
1994-08-14,-0.2573
1994-08-15,-0.2044
1994-08-16,-0.2098
1994-08-17,-0.198
1994-08-18,-0.2202
1994-08-19,-0.2308
1994-08-20,-0.2025
1994-08-21,-0.1671
1994-08-22,-0.19
1994-08-23,-0.2075
1994-08-24,-0.2439
1994-08-25,-0.2512
1994-08-26,-0.2516
1994-08-27,-0.2064
1994-08-28,-0.1645
1994-08-29,-0.0993
1994-08-30,-0.0818
1994-08-31,-0.0676
1994-09-01,-0.049
1994-09-02,-0.0438
1994-09-03,-0.0578
1994-09-04,-0.1044
1994-09-05,-0.1382
1994-09-06,-0.1679
1994-09-07,-0.2006
1994-09-08,-0.2161
1994-09-09,-0.2269
1994-09-10,-0.2454
1994-09-11,-0.2547
1994-09-12,-0.2589
1994-09-13,-0.287
1994-09-14,-0.3558
1994-09-15,-0.4382
1994-09-16,-0.4342
1994-09-17,-0.4318
1994-09-18,-0.4344
1994-09-19,-0.4135
1994-09-20,-0.3806
1994-09-21,-0.3414
1994-09-22,-0.3262
1994-09-23,-0.2569
1994-09-24,-0.2242
1994-09-25,-0.2112
1994-09-26,-0.1978
1994-09-27,-0.2138
1994-09-28,-0.2063
1994-09-29,-0.1623
1994-09-30,-0.1408
1994-10-01,-0.1537
1994-10-02,-0.1742
1994-10-03,-0.2084
1994-10-04,-0.2253
1994-10-05,-0.2232
1994-10-06,-0.168
1994-10-07,-0.1214
1994-10-08,-0.1129
1994-10-09,-0.1195
1994-10-10,-0.1117
1994-10-11,-0.1067
1994-10-12,-0.0951
1994-10-13,-0.0848
1994-10-14,-0.0547
1994-10-15,-0.053
1994-10-16,-0.0956
1994-10-17,-0.1303
1994-10-18,-0.149
1994-10-19,-0.1419
1994-10-20,-0.1119
1994-10-21,-0.1013
1994-10-22,-0.1293
1994-10-23,-0.1286
1994-10-24,-0.1237
1994-10-25,-0.0944
1994-10-26,-0.0633
1994-10-27,-0.0373
1994-10-28,-0.0082
1994-10-29,0.0346
1994-10-30,0.0649
1994-10-31,0.0547
1994-11-01,0.0362
1994-11-02,0.0038
1994-11-03,-0.0293
1994-11-04,-0.0331
1994-11-05,-0.0556
1994-11-06,-0.0938
1994-11-07,-0.0895
1994-11-08,-0.0699
1994-11-09,-0.0465
1994-11-10,-0.0008
1994-11-11,0.0074
1994-11-12,-0.0101
1994-11-13,-0.0712
1994-11-14,-0.1122
1994-11-15,-0.09
1994-11-16,-0.0548
1994-11-17,-0.0207
1994-11-18,-0.0208
1994-11-19,-0.0432
1994-11-20,-0.043
1994-11-21,-0.0525
1994-11-22,-0.0319
1994-11-23,-0.0128
1994-11-24,-0.0054
1994-11-25,0.0022
1994-11-26,-0.0058
1994-11-27,-0.0632
1994-11-28,-0.0985
1994-11-29,-0.1079
1994-11-30,-0.112
1994-12-01,-0.1363
1994-12-02,-0.1512
1994-12-03,-0.1199
1994-12-04,-0.1
1994-12-05,-0.1107
1994-12-06,-0.141
1994-12-07,-0.1899
1994-12-08,-0.2055
1994-12-09,-0.1886
1994-12-10,-0.1781
1994-12-11,-0.199
1994-12-12,-0.1989
1994-12-13,-0.2097
1994-12-14,-0.1957
1994-12-15,-0.1779
1994-12-16,-0.1451
1994-12-17,-0.1354
1994-12-18,-0.1152
1994-12-19,-0.0964
1994-12-20,-0.1265
1994-12-21,-0.1397
1994-12-22,-0.1398
1994-12-23,-0.0522
1994-12-24,-0.0519
1994-12-25,-0.0904
1994-12-26,-0.1179
1994-12-27,-0.1281
1994-12-28,-0.1514
1994-12-29,-0.1277
1994-12-30,-0.1036
1994-12-31,-0.0825
1995-01-01,-0.1005
1995-01-02,-0.1141
1995-01-03,-0.1054
1995-01-04,-0.0765
1995-01-05,-0.0467
1995-01-06,-0.0503
1995-01-07,-0.0681
1995-01-08,-0.0878
1995-01-09,-0.1049
1995-01-10,-0.0999
1995-01-11,-0.1147
1995-01-12,-0.1085
1995-01-13,-0.051
1995-01-14,-0.0183
1995-01-15,0.0133
1995-01-16,0.0248
1995-01-17,0.0374
1995-01-18,0.0854
1995-01-19,0.0929
1995-01-20,0.0962
1995-01-21,0.1014
1995-01-22,0.1099
1995-01-23,0.1222
1995-01-24,0.1367
1995-01-25,0.1224
1995-01-26,0.1067
1995-01-27,0.0949
1995-01-28,0.0753
1995-01-29,0.062
1995-01-30,0.0351
1995-01-31,0.0209
1995-02-01,0.0289
1995-02-02,0.0257
1995-02-03,0.0376
1995-02-04,0.0562
1995-02-05,0.0633
1995-02-06,0.0797
1995-02-07,0.0921
1995-02-08,0.0757
1995-02-09,0.0698
1995-02-10,0.0589
1995-02-11,0.0742
1995-02-12,0.0909
1995-02-13,0.1048
1995-02-14,0.0967
1995-02-15,0.0694
1995-02-16,0.0414
1995-02-17,0.0276
1995-02-18,0.0278
1995-02-19,0.0216
1995-02-20,-0.0146
1995-02-21,-0.0349
1995-02-22,-0.0554
1995-02-23,-0.0823
1995-02-24,-0.081
1995-02-25,-0.0691
1995-02-26,-0.07
1995-02-27,-0.0513
1995-02-28,-0.0353
1995-03-01,-0.039
1995-03-02,-0.0387
1995-03-03,-0.0476
1995-03-04,-0.0373
1995-03-05,-0.0299
1995-03-06,-0.0274
1995-03-07,-0.0351
1995-03-08,-0.0459
1995-03-09,-0.0455
1995-03-10,-0.0405
1995-03-11,-0.0606
1995-03-12,-0.0974
1995-03-13,-0.1043
1995-03-14,-0.0743
1995-03-15,-0.0622
1995-03-16,-0.0279
1995-03-17,0.0108
1995-03-18,0.0245
1995-03-19,0.01
1995-03-20,0.0343
1995-03-21,0.0588
1995-03-22,0.0691
1995-03-23,0.0736
1995-03-24,0.0561
1995-03-25,0.087
1995-03-26,0.0913
1995-03-27,0.0828
1995-03-28,0.0623
1995-03-29,0.0361
1995-03-30,0.0221
1995-03-31,0.0131
1995-04-01,0.0274
1995-04-02,0.0412
1995-04-03,0.0431
1995-04-04,0.0295
1995-04-05,0.0194
1995-04-06,0.0178
1995-04-07,0.0012
1995-04-08,0.0038
1995-04-09,0.0205
1995-04-10,0.0225
1995-04-11,0.0144
1995-04-12,-0.0028
1995-04-13,-0.0284
1995-04-14,-0.0069
1995-04-15,0.0402
1995-04-16,0.1015
1995-04-17,0.106
1995-04-18,0.1034
1995-04-19,0.072
1995-04-20,0.0243
1995-04-21,-0.0011
1995-04-22,-0.015
1995-04-23,-0.0308
1995-04-24,-0.0067
1995-04-25,0.0383
1995-04-26,0.0442
1995-04-27,0.0192
1995-04-28,0.01
1995-04-29,0.02
1995-04-30,0.0131
1995-05-01,0.0161
1995-05-02,0.0531
1995-05-03,0.1156
1995-05-04,0.148
1995-05-05,0.1478
1995-05-06,0.1546
1995-05-07,0.2005
1995-05-08,0.2347
1995-05-09,0.2269
1995-05-10,0.2007
1995-05-11,0.1859
1995-05-12,0.184
1995-05-13,0.2081
1995-05-14,0.2539
1995-05-15,0.2543
1995-05-16,0.2456
1995-05-17,0.2421
1995-05-18,0.2254
1995-05-19,0.2127
1995-05-20,0.1906
1995-05-21,0.1713
1995-05-22,0.202
1995-05-23,0.2283
1995-05-24,0.2325
1995-05-25,0.258
1995-05-26,0.2116
1995-05-27,0.2122
1995-05-28,0.2146
1995-05-29,0.2201
1995-05-30,0.1871
1995-05-31,0.181
1995-06-01,0.1913
1995-06-02,0.1918
1995-06-03,0.2058
1995-06-04,0.1886
1995-06-05,0.1754
1995-06-06,0.1654
1995-06-07,0.209
1995-06-08,0.2063
1995-06-09,0.2117
1995-06-10,0.2168
1995-06-11,0.2866
1995-06-12,0.3319
1995-06-13,0.3361
1995-06-14,0.3371
1995-06-15,0.3297
1995-06-16,0.3044
1995-06-17,0.2856
1995-06-18,0.2802
1995-06-19,0.265
1995-06-20,0.2461
1995-06-21,0.2113
1995-06-22,0.2085
1995-06-23,0.2014
1995-06-24,0.2122
1995-06-25,0.2628
1995-06-26,0.2933
1995-06-27,0.2974
1995-06-28,0.3662
1995-06-29,0.4126
1995-06-30,0.4226
1995-07-01,0.4169
1995-07-02,0.4294
1995-07-03,0.4234
1995-07-04,0.4297
1995-07-05,0.4122
1995-07-06,0.396
1995-07-07,0.3674
1995-07-08,0.3951
1995-07-09,0.4178
1995-07-10,0.4275
1995-07-11,0.4539
1995-07-12,0.4957
1995-07-13,0.4852
1995-07-14,0.41
1995-07-15,0.3607
1995-07-16,0.2997
1995-07-17,0.254
1995-07-18,0.2344
1995-07-19,0.2386
1995-07-20,0.2361
1995-07-21,0.244
1995-07-22,0.2599
1995-07-23,0.2604
1995-07-24,0.2197
1995-07-25,0.2019
1995-07-26,0.2593
1995-07-27,0.3063
1995-07-28,0.3141
1995-07-29,0.325
1995-07-30,0.3414
1995-07-31,0.3018
1995-08-01,0.2555
1995-08-02,0.261
1995-08-03,0.2742
1995-08-04,0.2949
1995-08-05,0.3485
1995-08-06,0.3839
1995-08-07,0.3613
1995-08-08,0.3163
1995-08-09,0.2241
1995-08-10,0.1882
1995-08-11,0.2004
1995-08-12,0.2406
1995-08-13,0.2226
1995-08-14,0.2182
1995-08-15,0.1963
1995-08-16,0.2082
1995-08-17,0.2587
1995-08-18,0.2462
1995-08-19,0.2045
1995-08-20,0.1786
1995-08-21,0.1882
1995-08-22,0.2052
1995-08-23,0.2203
1995-08-24,0.2426
1995-08-25,0.2454
1995-08-26,0.2097
1995-08-27,0.1668
1995-08-28,0.1596
1995-08-29,0.1583
1995-08-30,0.1619
1995-08-31,0.1733
1995-09-01,0.1991
1995-09-02,0.2164
1995-09-03,0.2206
1995-09-04,0.2177
1995-09-05,0.197
1995-09-06,0.1795
1995-09-07,0.1373
1995-09-08,0.074
1995-09-09,0.0107
1995-09-10,-0.0245
1995-09-11,-0.0494
1995-09-12,-0.0489
1995-09-13,-0.0548
1995-09-14,-0.0626
1995-09-15,-0.0591
1995-09-16,-0.0639
1995-09-17,-0.0898
1995-09-18,-0.0793
1995-09-19,-0.0514
1995-09-20,-0.0265
1995-09-21,0.0298
1995-09-22,0.0942
1995-09-23,0.1234
1995-09-24,0.0975
1995-09-25,0.0683
1995-09-26,0.0803
1995-09-27,0.1116
1995-09-28,0.1215
1995-09-29,0.1161
1995-09-30,0.0914
1995-10-01,0.0914
1995-10-02,0.1274
1995-10-03,0.1728
1995-10-04,0.1741
1995-10-05,0.1368
1995-10-06,0.1589
1995-10-07,0.1947
1995-10-08,0.2092
1995-10-09,0.1663
1995-10-10,0.1556
1995-10-11,0.1742
1995-10-12,0.1965
1995-10-13,0.2287
1995-10-14,0.2488
1995-10-15,0.2379
1995-10-16,0.2219
1995-10-17,0.2265
1995-10-18,0.2723
1995-10-19,0.2937
1995-10-20,0.2985
1995-10-21,0.2866
1995-10-22,0.2547
1995-10-23,0.2598
1995-10-24,0.2621
1995-10-25,0.2625
1995-10-26,0.2884
1995-10-27,0.3139
1995-10-28,0.3154
1995-10-29,0.2864
1995-10-30,0.2546
1995-10-31,0.2221
1995-11-01,0.1967
1995-11-02,0.1882
1995-11-03,0.1693
1995-11-04,0.1536
1995-11-05,0.1597
1995-11-06,0.1512
1995-11-07,0.1499
1995-11-08,0.1778
1995-11-09,0.2171
1995-11-10,0.2497
1995-11-11,0.261
1995-11-12,0.266
1995-11-13,0.2604
1995-11-14,0.2602
1995-11-15,0.2743
1995-11-16,0.2905
1995-11-17,0.2958
1995-11-18,0.2968
1995-11-19,0.2769
1995-11-20,0.2325
1995-11-21,0.2053
1995-11-22,0.1866
1995-11-23,0.2021
1995-11-24,0.2136
1995-11-25,0.2056
1995-11-26,0.1454
1995-11-27,0.1254
1995-11-28,0.1167
1995-11-29,0.0917
1995-11-30,0.0528
1995-12-01,0.0812
1995-12-02,0.1274
1995-12-03,0.1326
1995-12-04,0.1518
1995-12-05,0.1464
1995-12-06,0.1258
1995-12-07,0.1187
1995-12-08,0.0875
1995-12-09,0.0632
1995-12-10,0.0668
1995-12-11,0.0628
1995-12-12,0.0556
1995-12-13,0.0381
1995-12-14,0.0177
1995-12-15,0.0092
1995-12-16,0.0059
1995-12-17,-0.0029
1995-12-18,-0.0184
1995-12-19,0.0041
1995-12-20,-0.0028
1995-12-21,0.0308
1995-12-22,0.1004
1995-12-23,0.1515
1995-12-24,0.1781
1995-12-25,0.1507
1995-12-26,0.1331
1995-12-27,0.1234
1995-12-28,0.1321
1995-12-29,0.1226
1995-12-30,0.1422
1995-12-31,0.168
1996-01-01,0.1815
1996-01-02,0.1854
1996-01-03,0.2041
1996-01-04,0.1976
1996-01-05,0.1743
1996-01-06,0.1494
1996-01-07,0.1255
1996-01-08,0.099
1996-01-09,0.0945
1996-01-10,0.0764
1996-01-11,0.0494
1996-01-12,0.0133
1996-01-13,0.0042
1996-01-14,-0.0256
1996-01-15,-0.0333
1996-01-16,-0.0453
1996-01-17,-0.0644
1996-01-18,-0.0592
1996-01-19,-0.0399
1996-01-20,-0.0449
1996-01-21,-0.0273
1996-01-22,-0.0172
1996-01-23,-0.0118
1996-01-24,-0.0199
1996-01-25,-0.0329
1996-01-26,-0.0432
1996-01-27,-0.0156
1996-01-28,0.0297
1996-01-29,0.0449
1996-01-30,0.0652
1996-01-31,0.0853
1996-02-01,0.0661
1996-02-02,0.0311
1996-02-03,0.0165
1996-02-04,-0.0008
1996-02-05,0.0145
1996-02-06,0.0134
1996-02-07,0.0156
1996-02-08,0.0321
1996-02-09,0.0246
1996-02-10,0.001
1996-02-11,-0.0238
1996-02-12,-0.034
1996-02-13,-0.0399
1996-02-14,-0.0619
1996-02-15,-0.0754
1996-02-16,-0.0495
1996-02-17,-0.03
1996-02-18,-0.0458
1996-02-19,-0.0309
1996-02-20,-0.0179
1996-02-21,-0.0361
1996-02-22,-0.0513
1996-02-23,-0.0364
1996-02-24,-0.0238
1996-02-25,-0.0278
1996-02-26,-0.0371
1996-02-27,-0.014
1996-02-28,0.0011
1996-02-29,0.0295
1996-03-01,0.0404
1996-03-02,0.0048
1996-03-03,-0.0244
1996-03-04,-0.0407
1996-03-05,-0.0785
1996-03-06,-0.1208
1996-03-07,-0.1421
1996-03-08,-0.1456
1996-03-09,-0.1719
1996-03-10,-0.2054
1996-03-11,-0.2297
1996-03-12,-0.2389
1996-03-13,-0.2426
1996-03-14,-0.2272
1996-03-15,-0.1931
1996-03-16,-0.16
1996-03-17,-0.1174
1996-03-18,-0.0909
1996-03-19,-0.0805
1996-03-20,-0.0845
1996-03-21,-0.083
1996-03-22,-0.0885
1996-03-23,-0.1043
1996-03-24,-0.131
1996-03-25,-0.1556
1996-03-26,-0.1757
1996-03-27,-0.1961
1996-03-28,-0.215
1996-03-29,-0.2399
1996-03-30,-0.2383
1996-03-31,-0.2084
1996-04-01,-0.185
1996-04-02,-0.1834
1996-04-03,-0.1675
1996-04-04,-0.1068
1996-04-05,-0.0722
1996-04-06,-0.0725
1996-04-07,-0.0362
1996-04-08,-0.0182
1996-04-09,-0.0044
1996-04-10,-0.0179
1996-04-11,-0.0438
1996-04-12,-0.0956
1996-04-13,-0.0758
1996-04-14,-0.0299
1996-04-15,-0.0344
1996-04-16,-0.0504
1996-04-17,-0.0614
1996-04-18,-0.0436
1996-04-19,-0.0004
1996-04-20,0.0282
1996-04-21,0.0416
1996-04-22,0.037
1996-04-23,-0.0111
1996-04-24,-0.0317
1996-04-25,-0.0102
1996-04-26,-0.0025
1996-04-27,0.0209
1996-04-28,0.0534
1996-04-29,0.0554
1996-04-30,-0.0021
1996-05-01,-0.0107
1996-05-02,0.0219
1996-05-03,0.0288
1996-05-04,0.0493
1996-05-05,0.0094
1996-05-06,-0.0713
1996-05-07,-0.1407
1996-05-08,-0.1812
1996-05-09,-0.196
1996-05-10,-0.2341
1996-05-11,-0.2392
1996-05-12,-0.2531
1996-05-13,-0.2464
1996-05-14,-0.2488
1996-05-15,-0.2791
1996-05-16,-0.2649
1996-05-17,-0.2617
1996-05-18,-0.2531
1996-05-19,-0.2414
1996-05-20,-0.2495
1996-05-21,-0.2809
1996-05-22,-0.2682
1996-05-23,-0.237
1996-05-24,-0.2298
1996-05-25,-0.1612
1996-05-26,-0.1425
1996-05-27,-0.1109
1996-05-28,-0.1463
1996-05-29,-0.1812
1996-05-30,-0.2301
1996-05-31,-0.2582
1996-06-01,-0.3048
1996-06-02,-0.3184
1996-06-03,-0.3317
1996-06-04,-0.3461
1996-06-05,-0.3493
1996-06-06,-0.3578
1996-06-07,-0.2584
1996-06-08,-0.217
1996-06-09,-0.1641
1996-06-10,-0.1481
1996-06-11,-0.1058
1996-06-12,-0.0973
1996-06-13,-0.1277
1996-06-14,-0.1527
1996-06-15,-0.1384
1996-06-16,-0.1002
1996-06-17,-0.0801
1996-06-18,-0.0355
1996-06-19,-0.0403
1996-06-20,-0.0872
1996-06-21,-0.1233
1996-06-22,-0.1151
1996-06-23,-0.0574
1996-06-24,-0.02
1996-06-25,-0.0351
1996-06-26,-0.0517
1996-06-27,-0.0585
1996-06-28,-0.1124
1996-06-29,-0.1493
1996-06-30,-0.1598
1996-07-01,-0.185
1996-07-02,-0.2153
1996-07-03,-0.2297
1996-07-04,-0.2208
1996-07-05,-0.1835
1996-07-06,-0.1556
1996-07-07,-0.1244
1996-07-08,-0.1077
1996-07-09,-0.1296
1996-07-10,-0.1357
1996-07-11,-0.1532
1996-07-12,-0.1816
1996-07-13,-0.1812
1996-07-14,-0.1217
1996-07-15,-0.1048
1996-07-16,-0.1346
1996-07-17,-0.1395
1996-07-18,-0.1057
1996-07-19,-0.1011
1996-07-20,-0.1352
1996-07-21,-0.1293
1996-07-22,-0.1178
1996-07-23,-0.1468
1996-07-24,-0.1421
1996-07-25,-0.1447
1996-07-26,-0.1505
1996-07-27,-0.1192
1996-07-28,-0.0554
1996-07-29,-0.0268
1996-07-30,0.0032
1996-07-31,0.0024
1996-08-01,0.0028
1996-08-02,0.0128
1996-08-03,0.0068
1996-08-04,-0.0166
1996-08-05,-0.0222
1996-08-06,-0.0318
1996-08-07,0.0113
1996-08-08,0.0149
1996-08-09,0.0179
1996-08-10,0.0448
1996-08-11,0.076
1996-08-12,0.0934
1996-08-13,0.1154
1996-08-14,0.1141
1996-08-15,0.1162
1996-08-16,0.1074
1996-08-17,0.1165
1996-08-18,0.074
1996-08-19,0.0074
1996-08-20,-0.0288
1996-08-21,-0.0523
1996-08-22,-0.0524
1996-08-23,-0.0562
1996-08-24,-0.0264
1996-08-25,0.0129
1996-08-26,0.0896
1996-08-27,0.156
1996-08-28,0.1845
1996-08-29,0.1943
1996-08-30,0.1629
1996-08-31,0.1051
1996-09-01,0.0903
1996-09-02,0.0873
1996-09-03,0.0951
1996-09-04,0.14
1996-09-05,0.1722
1996-09-06,0.1668
1996-09-07,0.1404
1996-09-08,0.1039
1996-09-09,0.0612
1996-09-10,0.0223
1996-09-11,-0.0113
1996-09-12,0.0074
1996-09-13,0.0253
1996-09-14,0.0487
1996-09-15,0.0645
1996-09-16,0.0834
1996-09-17,0.0499
1996-09-18,0.0161
1996-09-19,-0.0004
1996-09-20,-0.014
1996-09-21,-0.0219
1996-09-22,-0.0077
1996-09-23,-0.0105
1996-09-24,-0.0119
1996-09-25,-0.0135
1996-09-26,-0.0003
1996-09-27,-0.0134
1996-09-28,-0.0026
1996-09-29,0.0162
1996-09-30,-0.0005
1996-10-01,-0.0081
1996-10-02,-0.0468
1996-10-03,-0.0585
1996-10-04,-0.0769
1996-10-05,-0.0782
1996-10-06,-0.1016
1996-10-07,-0.1099
1996-10-08,-0.1118
1996-10-09,-0.095
1996-10-10,-0.0769
1996-10-11,-0.0812
1996-10-12,-0.0735
1996-10-13,-0.0912
1996-10-14,-0.1103
1996-10-15,-0.1168
1996-10-16,-0.1104
1996-10-17,-0.0939
1996-10-18,-0.0859
1996-10-19,-0.1146
1996-10-20,-0.1477
1996-10-21,-0.1348
1996-10-22,-0.1164
1996-10-23,-0.0897
1996-10-24,-0.092
1996-10-25,-0.0944
1996-10-26,-0.0889
1996-10-27,-0.0861
1996-10-28,-0.0795
1996-10-29,-0.0363
1996-10-30,0.0154
1996-10-31,0.0066
1996-11-01,-0.0114
1996-11-02,-0.0553
1996-11-03,-0.1142
1996-11-04,-0.1785
1996-11-05,-0.1712
1996-11-06,-0.1391
1996-11-07,-0.1103
1996-11-08,-0.055
1996-11-09,-0.0059
1996-11-10,0.0184
1996-11-11,0.012
1996-11-12,-0.0027
1996-11-13,-0.0266
1996-11-14,-0.0502
1996-11-15,-0.0525
1996-11-16,-0.0839
1996-11-17,-0.1396
1996-11-18,-0.1481
1996-11-19,-0.1278
1996-11-20,-0.1093
1996-11-21,-0.1242
1996-11-22,-0.1418
1996-11-23,-0.171
1996-11-24,-0.1987
1996-11-25,-0.2088
1996-11-26,-0.1817
1996-11-27,-0.1441
1996-11-28,-0.1287
1996-11-29,-0.151
1996-11-30,-0.152
1996-12-01,-0.1404
1996-12-02,-0.1596
1996-12-03,-0.1658
1996-12-04,-0.1974
1996-12-05,-0.2099
1996-12-06,-0.2206
1996-12-07,-0.215
1996-12-08,-0.2024
1996-12-09,-0.1932
1996-12-10,-0.1867
1996-12-11,-0.1924
1996-12-12,-0.1915
1996-12-13,-0.1482
1996-12-14,-0.1027
1996-12-15,-0.0963
1996-12-16,-0.0621
1996-12-17,-0.0448
1996-12-18,-0.0426
1996-12-19,-0.0435
1996-12-20,-0.0566
1996-12-21,-0.0909
1996-12-22,-0.0842
1996-12-23,-0.0816
1996-12-24,-0.1022
1996-12-25,-0.1083
1996-12-26,-0.1034
1996-12-27,-0.0843
1996-12-28,-0.0889
1996-12-29,-0.0981
1996-12-30,-0.1019
1996-12-31,-0.1057
1997-01-01,-0.1441
1997-01-02,-0.1579
1997-01-03,-0.1386
1997-01-04,-0.1371
1997-01-05,-0.1581
1997-01-06,-0.1125
1997-01-07,-0.067
1997-01-08,-0.0527
1997-01-09,-0.0409
1997-01-10,-0.0076
1997-01-11,-0.0088
1997-01-12,0.0064
1997-01-13,0.0061
1997-01-14,0.0152
1997-01-15,0.0526
1997-01-16,0.0945
1997-01-17,0.0929
1997-01-18,0.0842
1997-01-19,0.051
1997-01-20,0.0043
1997-01-21,-0.0211
1997-01-22,-0.0119
1997-01-23,-0.0037
1997-01-24,0.0136
1997-01-25,0.0381
1997-01-26,0.0578
1997-01-27,0.0471
1997-01-28,0.0332
1997-01-29,0.0571
1997-01-30,0.0622
1997-01-31,0.0632
1997-02-01,0.0761
1997-02-02,0.0729
1997-02-03,0.0749
1997-02-04,0.0532
1997-02-05,0.037
1997-02-06,0.0231
1997-02-07,0.0353
1997-02-08,0.0584
1997-02-09,0.0706
1997-02-10,0.066
1997-02-11,0.0715
1997-02-12,0.053
1997-02-13,0.0232
1997-02-14,-0.0194
1997-02-15,-0.0319
1997-02-16,-0.0581
1997-02-17,-0.0683
1997-02-18,-0.0735
1997-02-19,-0.0174
1997-02-20,0.0004
1997-02-21,0.0078
1997-02-22,0.009
1997-02-23,-0.0002
1997-02-24,0.0159
1997-02-25,0.0832
1997-02-26,0.1075
1997-02-27,0.1101
1997-02-28,0.0909
1997-03-01,0.0985
1997-03-02,0.0946
1997-03-03,0.0501
1997-03-04,0.0142
1997-03-05,-0.0069
1997-03-06,-0.0502
1997-03-07,-0.1044
1997-03-08,-0.1353
1997-03-09,-0.106
1997-03-10,-0.0966
1997-03-11,-0.0622
1997-03-12,-0.0652
1997-03-13,-0.0803
1997-03-14,-0.087
1997-03-15,-0.0526
1997-03-16,0.0068
1997-03-17,0.041
1997-03-18,0.0348
1997-03-19,0.0193
1997-03-20,-0.0119
1997-03-21,-0.0589
1997-03-22,-0.0934
1997-03-23,-0.111
1997-03-24,-0.132
1997-03-25,-0.1598
1997-03-26,-0.1685
1997-03-27,-0.1888
1997-03-28,-0.2038
1997-03-29,-0.191
1997-03-30,-0.1559
1997-03-31,-0.146
1997-04-01,-0.1503
1997-04-02,-0.139
1997-04-03,-0.1608
1997-04-04,-0.1638
1997-04-05,-0.1274
1997-04-06,-0.1222
1997-04-07,-0.1277
1997-04-08,-0.125
1997-04-09,-0.1003
1997-04-10,-0.0739
1997-04-11,-0.0637
1997-04-12,-0.0554
1997-04-13,-0.0346
1997-04-14,-0.0037
1997-04-15,0.0086
1997-04-16,0.0389
1997-04-17,0.012
1997-04-18,-0.0386
1997-04-19,-0.0805
1997-04-20,-0.0749
1997-04-21,-0.0547
1997-04-22,-0.0504
1997-04-23,-0.0702
1997-04-24,-0.0672
1997-04-25,-0.0623
1997-04-26,-0.0748
1997-04-27,-0.1143
1997-04-28,-0.1515
1997-04-29,-0.1731
1997-04-30,-0.189
1997-05-01,-0.1615
1997-05-02,-0.1149
1997-05-03,-0.0756
1997-05-04,-0.0494
1997-05-05,-0.0714
1997-05-06,-0.1111
1997-05-07,-0.1291
1997-05-08,-0.1142
1997-05-09,-0.095
1997-05-10,-0.0869
1997-05-11,-0.0485
1997-05-12,0.0031
1997-05-13,0.0556
1997-05-14,0.0743
1997-05-15,0.0597
1997-05-16,0.027
1997-05-17,0.0084
1997-05-18,-0.0153
1997-05-19,-0.0175
1997-05-20,-0.033
1997-05-21,-0.0241
1997-05-22,-0.03
1997-05-23,-0.0414
1997-05-24,-0.0819
1997-05-25,-0.1275
1997-05-26,-0.1237
1997-05-27,-0.1219
1997-05-28,-0.1002
1997-05-29,-0.0806
1997-05-30,-0.0937
1997-05-31,-0.1003
1997-06-01,-0.1285
1997-06-02,-0.1794
1997-06-03,-0.2428
1997-06-04,-0.2584
1997-06-05,-0.3008
1997-06-06,-0.3166
1997-06-07,-0.3327
1997-06-08,-0.2965
1997-06-09,-0.283
1997-06-10,-0.2819
1997-06-11,-0.2554
1997-06-12,-0.2276
1997-06-13,-0.2052
1997-06-14,-0.1441
1997-06-15,-0.0574
1997-06-16,-0.026
1997-06-17,-0.0278
1997-06-18,-0.0138
1997-06-19,0.0079
1997-06-20,0.0315
1997-06-21,0.0477
1997-06-22,0.0877
1997-06-23,0.0812
1997-06-24,0.0485
1997-06-25,0.005
1997-06-26,-0.0346
1997-06-27,-0.0141
1997-06-28,0.0657
1997-06-29,0.1102
1997-06-30,0.0975
1997-07-01,0.0792
1997-07-02,0.0574
1997-07-03,0.0025
1997-07-04,-0.0495
1997-07-05,-0.0848
1997-07-06,-0.0776
1997-07-07,-0.0228
1997-07-08,0.001
1997-07-09,0.0679
1997-07-10,0.0889
1997-07-11,0.1002
1997-07-12,0.1052
1997-07-13,0.1011
1997-07-14,0.0894
1997-07-15,0.0348
1997-07-16,-0.0004
1997-07-17,-0.0254
1997-07-18,-0.0266
1997-07-19,-0.0043
1997-07-20,0.0418
1997-07-21,0.0677
1997-07-22,0.0743
1997-07-23,0.0617
1997-07-24,0.0514
1997-07-25,0.0714
1997-07-26,0.0984
1997-07-27,0.1083
1997-07-28,0.0784
1997-07-29,0.0351
1997-07-30,0.025
1997-07-31,0.0375
1997-08-01,0.0182
1997-08-02,0.0329
1997-08-03,0.138
1997-08-04,0.1657
1997-08-05,0.1387
1997-08-06,0.109
1997-08-07,0.0656
1997-08-08,0.0258
1997-08-09,0.0443
1997-08-10,0.0832
1997-08-11,0.1081
1997-08-12,0.1148
1997-08-13,0.1046
1997-08-14,0.0472
1997-08-15,-0.0214
1997-08-16,-0.0555
1997-08-17,-0.0426
1997-08-18,-0.0597
1997-08-19,-0.0492
1997-08-20,-0.0028
1997-08-21,0.0105
1997-08-22,0.0018
1997-08-23,0.0183
1997-08-24,0.0671
1997-08-25,0.1186
1997-08-26,0.1464
1997-08-27,0.1641
1997-08-28,0.1747
1997-08-29,0.1563
1997-08-30,0.1444
1997-08-31,0.1199
1997-09-01,0.0908
1997-09-02,0.0585
1997-09-03,0.024
1997-09-04,0.007
1997-09-05,0.0037
1997-09-06,0.0224
1997-09-07,0.0629
1997-09-08,0.1236
1997-09-09,0.1478
1997-09-10,0.1662
1997-09-11,0.1503
1997-09-12,0.0954
1997-09-13,0.0627
1997-09-14,0.012
1997-09-15,0.0054
1997-09-16,0.0459
1997-09-17,0.1062
1997-09-18,0.1217
1997-09-19,0.1846
1997-09-20,0.2604
1997-09-21,0.2707
1997-09-22,0.272
1997-09-23,0.2579
1997-09-24,0.2695
1997-09-25,0.2694
1997-09-26,0.2769
1997-09-27,0.3118
1997-09-28,0.363
1997-09-29,0.4207
1997-09-30,0.4442
1997-10-01,0.436
1997-10-02,0.4293
1997-10-03,0.4434
1997-10-04,0.4208
1997-10-05,0.3318
1997-10-06,0.271
1997-10-07,0.297
1997-10-08,0.351
1997-10-09,0.3506
1997-10-10,0.3285
1997-10-11,0.321
1997-10-12,0.2929
1997-10-13,0.2262
1997-10-14,0.1885
1997-10-15,0.1921
1997-10-16,0.1916
1997-10-17,0.2463
1997-10-18,0.2763
1997-10-19,0.3118
1997-10-20,0.3343
1997-10-21,0.338
1997-10-22,0.3402
1997-10-23,0.3427
1997-10-24,0.3401
1997-10-25,0.3355
1997-10-26,0.3111
1997-10-27,0.2543
1997-10-28,0.1947
1997-10-29,0.2009
1997-10-30,0.2343
1997-10-31,0.2523
1997-11-01,0.2754
1997-11-02,0.309
1997-11-03,0.3471
1997-11-04,0.3245
1997-11-05,0.2669
1997-11-06,0.207
1997-11-07,0.1999
1997-11-08,0.2054
1997-11-09,0.2146
1997-11-10,0.2244
1997-11-11,0.2395
1997-11-12,0.2569
1997-11-13,0.2591
1997-11-14,0.2442
1997-11-15,0.2096
1997-11-16,0.2197
1997-11-17,0.2419
1997-11-18,0.2144
1997-11-19,0.195
1997-11-20,0.1975
1997-11-21,0.1907
1997-11-22,0.1605
1997-11-23,0.0951
1997-11-24,0.0417
1997-11-25,-0.0132
1997-11-26,-0.0217
1997-11-27,0.0199
1997-11-28,0.0821
1997-11-29,0.1051
1997-11-30,0.0847
1997-12-01,0.0946
1997-12-02,0.0989
1997-12-03,0.0846
1997-12-04,0.0558
1997-12-05,0.0803
1997-12-06,0.1053
1997-12-07,0.0981
1997-12-08,0.0768
1997-12-09,0.0856
1997-12-10,0.1177
1997-12-11,0.1372
1997-12-12,0.1497
1997-12-13,0.154
1997-12-14,0.1548
1997-12-15,0.1611
1997-12-16,0.1655
1997-12-17,0.1687
1997-12-18,0.1608
1997-12-19,0.1745
1997-12-20,0.1986
1997-12-21,0.2209
1997-12-22,0.2329
1997-12-23,0.2321
1997-12-24,0.2051
1997-12-25,0.1827
1997-12-26,0.1239
1997-12-27,0.0514
1997-12-28,0.0156
1997-12-29,0.0123
1997-12-30,0.0248
1997-12-31,0.0753
1998-01-01,0.1382
1998-01-02,0.1743
1998-01-03,0.1923
1998-01-04,0.1855
1998-01-05,0.1815
1998-01-06,0.2056
1998-01-07,0.1828
1998-01-08,0.189
1998-01-09,0.1972
1998-01-10,0.2238
1998-01-11,0.2561
1998-01-12,0.2777
1998-01-13,0.2826
1998-01-14,0.2789
1998-01-15,0.2595
1998-01-16,0.2348
1998-01-17,0.2236
1998-01-18,0.2448
1998-01-19,0.278
1998-01-20,0.2832
1998-01-21,0.2923
1998-01-22,0.3018
1998-01-23,0.2549
1998-01-24,0.2207
1998-01-25,0.2184
1998-01-26,0.2159
1998-01-27,0.2232
1998-01-28,0.2245
1998-01-29,0.2307
1998-01-30,0.2463
1998-01-31,0.2703
1998-02-01,0.2772
1998-02-02,0.2682
1998-02-03,0.2686
1998-02-04,0.2496
1998-02-05,0.2534
1998-02-06,0.2787
1998-02-07,0.3065
1998-02-08,0.3204
1998-02-09,0.3155
1998-02-10,0.3311
1998-02-11,0.3696
1998-02-12,0.417
1998-02-13,0.4435
1998-02-14,0.4567
1998-02-15,0.4291
1998-02-16,0.3622
1998-02-17,0.3125
1998-02-18,0.2848
1998-02-19,0.2549
1998-02-20,0.2588
1998-02-21,0.27
1998-02-22,0.2699
1998-02-23,0.2833
1998-02-24,0.2921
1998-02-25,0.3021
1998-02-26,0.3009
1998-02-27,0.288
1998-02-28,0.2773
1998-03-01,0.2817
1998-03-02,0.3148
1998-03-03,0.3806
1998-03-04,0.4399
1998-03-05,0.4367
1998-03-06,0.4042
1998-03-07,0.3522
1998-03-08,0.3088
1998-03-09,0.3081
1998-03-10,0.3106
1998-03-11,0.2827
1998-03-12,0.2441
1998-03-13,0.2266
1998-03-14,0.2206
1998-03-15,0.2726
1998-03-16,0.2978
1998-03-17,0.2988
1998-03-18,0.3016
1998-03-19,0.2931
1998-03-20,0.2314
1998-03-21,0.1889
1998-03-22,0.1639
1998-03-23,0.15
1998-03-24,0.1261
1998-03-25,0.1382
1998-03-26,0.1371
1998-03-27,0.149
1998-03-28,0.1341
1998-03-29,0.1964
1998-03-30,0.2217
1998-03-31,0.2053
1998-04-01,0.172
1998-04-02,0.1653
1998-04-03,0.1569
1998-04-04,0.1524
1998-04-05,0.1844
1998-04-06,0.2245
1998-04-07,0.2354
1998-04-08,0.2343
1998-04-09,0.2326
1998-04-10,0.2375
1998-04-11,0.2809
1998-04-12,0.2904
1998-04-13,0.2601
1998-04-14,0.2228
1998-04-15,0.2336
1998-04-16,0.2746
1998-04-17,0.2578
1998-04-18,0.2334
1998-04-19,0.2147
1998-04-20,0.2328
1998-04-21,0.2662
1998-04-22,0.2883
1998-04-23,0.3079
1998-04-24,0.2851
1998-04-25,0.2212
1998-04-26,0.1712
1998-04-27,0.1712
1998-04-28,0.1857
1998-04-29,0.1576
1998-04-30,0.1403
1998-05-01,0.1647
1998-05-02,0.1565
1998-05-03,0.1804
1998-05-04,0.2015
1998-05-05,0.2136
1998-05-06,0.2189
1998-05-07,0.2097
1998-05-08,0.2052
1998-05-09,0.1744
1998-05-10,0.1081
1998-05-11,0.0266
1998-05-12,-0.0189
1998-05-13,-0.0039
1998-05-14,-0.0053
1998-05-15,-0.0057
1998-05-16,0.0232
1998-05-17,0.0621
1998-05-18,0.1546
1998-05-19,0.2507
1998-05-20,0.3045
1998-05-21,0.3576
1998-05-22,0.3527
1998-05-23,0.3698
1998-05-24,0.4043
1998-05-25,0.4113
1998-05-26,0.3952
1998-05-27,0.3533
1998-05-28,0.3624
1998-05-29,0.3852
1998-05-30,0.3677
1998-05-31,0.3262
1998-06-01,0.3054
1998-06-02,0.2873
1998-06-03,0.2926
1998-06-04,0.3332
1998-06-05,0.3689
1998-06-06,0.3784
1998-06-07,0.3871
1998-06-08,0.3919
1998-06-09,0.382
1998-06-10,0.3635
1998-06-11,0.3515
1998-06-12,0.354
1998-06-13,0.3837
1998-06-14,0.4116
1998-06-15,0.4544
1998-06-16,0.4761
1998-06-17,0.4782
1998-06-18,0.4319
1998-06-19,0.3722
1998-06-20,0.3594
1998-06-21,0.359
1998-06-22,0.3528
1998-06-23,0.3392
1998-06-24,0.3534
1998-06-25,0.3663
1998-06-26,0.343
1998-06-27,0.3185
1998-06-28,0.3031
1998-06-29,0.3139
1998-06-30,0.3241
1998-07-01,0.3332
1998-07-02,0.4057
1998-07-03,0.4325
1998-07-04,0.4272
1998-07-05,0.4422
1998-07-06,0.445
1998-07-07,0.4271
1998-07-08,0.411
1998-07-09,0.3842
1998-07-10,0.3742
1998-07-11,0.3611
1998-07-12,0.3382
1998-07-13,0.3146
1998-07-14,0.3283
1998-07-15,0.382
1998-07-16,0.3932
1998-07-17,0.3593
1998-07-18,0.3443
1998-07-19,0.3642
1998-07-20,0.3385
1998-07-21,0.2937
1998-07-22,0.3228
1998-07-23,0.3858
1998-07-24,0.3621
1998-07-25,0.3687
1998-07-26,0.4
1998-07-27,0.4097
1998-07-28,0.4673
1998-07-29,0.5272
1998-07-30,0.5894
1998-07-31,0.6173
1998-08-01,0.6374
1998-08-02,0.6556
1998-08-03,0.6287
1998-08-04,0.6002
1998-08-05,0.5924
1998-08-06,0.5914
1998-08-07,0.5968
1998-08-08,0.6434
1998-08-09,0.6525
1998-08-10,0.6599
1998-08-11,0.6631
1998-08-12,0.6686
1998-08-13,0.6224
1998-08-14,0.6026
1998-08-15,0.5546
1998-08-16,0.546
1998-08-17,0.5729
1998-08-18,0.5806
1998-08-19,0.5876
1998-08-20,0.5576
1998-08-21,0.567
1998-08-22,0.5115
1998-08-23,0.5272
1998-08-24,0.5465
1998-08-25,0.5244
1998-08-26,0.4585
1998-08-27,0.4748
1998-08-28,0.4477
1998-08-29,0.4637
1998-08-30,0.3888
1998-08-31,0.3889
1998-09-01,0.4365
1998-09-02,0.4533
1998-09-03,0.4731
1998-09-04,0.484
1998-09-05,0.4389
1998-09-06,0.3548
1998-09-07,0.3102
1998-09-08,0.2428
1998-09-09,0.1999
1998-09-10,0.2065
1998-09-11,0.1835
1998-09-12,0.1668
1998-09-13,0.1888
1998-09-14,0.2014
1998-09-15,0.2083
1998-09-16,0.2253
1998-09-17,0.2471
1998-09-18,0.2777
1998-09-19,0.2883
1998-09-20,0.2785
1998-09-21,0.3239
1998-09-22,0.389
1998-09-23,0.3985
1998-09-24,0.3915
1998-09-25,0.3996
1998-09-26,0.4211
1998-09-27,0.3934
1998-09-28,0.4021
1998-09-29,0.4151
1998-09-30,0.41
1998-10-01,0.448
1998-10-02,0.4795
1998-10-03,0.4656
1998-10-04,0.4305
1998-10-05,0.3766
1998-10-06,0.358
1998-10-07,0.3572
1998-10-08,0.3404
1998-10-09,0.3273
1998-10-10,0.2863
1998-10-11,0.3132
1998-10-12,0.3445
1998-10-13,0.357
1998-10-14,0.3631
1998-10-15,0.3484
1998-10-16,0.3623
1998-10-17,0.3781
1998-10-18,0.3707
1998-10-19,0.3915
1998-10-20,0.443
1998-10-21,0.4398
1998-10-22,0.4262
1998-10-23,0.4155
1998-10-24,0.398
1998-10-25,0.4061
1998-10-26,0.421
1998-10-27,0.4216
1998-10-28,0.4435
1998-10-29,0.4473
1998-10-30,0.4303
1998-10-31,0.4246
1998-11-01,0.4149
1998-11-02,0.4029
1998-11-03,0.3677
1998-11-04,0.37
1998-11-05,0.3865
1998-11-06,0.4046
1998-11-07,0.4291
1998-11-08,0.4732
1998-11-09,0.5065
1998-11-10,0.506
1998-11-11,0.5032
1998-11-12,0.4686
1998-11-13,0.4279
1998-11-14,0.4111
1998-11-15,0.4222
1998-11-16,0.4239
1998-11-17,0.4249
1998-11-18,0.4303
1998-11-19,0.4552
1998-11-20,0.4739
1998-11-21,0.474
1998-11-22,0.4719
1998-11-23,0.4653
1998-11-24,0.4722
1998-11-25,0.4456
1998-11-26,0.4138
1998-11-27,0.3856
1998-11-28,0.3446
1998-11-29,0.2628
1998-11-30,0.2692
1998-12-01,0.3205
1998-12-02,0.3244
1998-12-03,0.3453
1998-12-04,0.3779
1998-12-05,0.3998
1998-12-06,0.4248
1998-12-07,0.4371
1998-12-08,0.4401
1998-12-09,0.4237
1998-12-10,0.3833
1998-12-11,0.3659
1998-12-12,0.3384
1998-12-13,0.3234
1998-12-14,0.3426
1998-12-15,0.351
1998-12-16,0.3222
1998-12-17,0.3276
1998-12-18,0.305
1998-12-19,0.272
1998-12-20,0.2464
1998-12-21,0.3042
1998-12-22,0.3491
1998-12-23,0.322
1998-12-24,0.2749
1998-12-25,0.2694
1998-12-26,0.2613
1998-12-27,0.2159
1998-12-28,0.1916
1998-12-29,0.1943
1998-12-30,0.1971
1998-12-31,0.1859
1999-01-01,0.1835
1999-01-02,0.1733
1999-01-03,0.16
1999-01-04,0.1596
1999-01-05,0.1353
1999-01-06,0.1111
1999-01-07,0.0904
1999-01-08,0.0786
1999-01-09,0.0684
1999-01-10,0.0411
1999-01-11,0.0406
1999-01-12,0.0385
1999-01-13,0.035
1999-01-14,0.0296
1999-01-15,0.0171
1999-01-16,0.0182
1999-01-17,0.0072
1999-01-18,0.0045
1999-01-19,0.0118
1999-01-20,0.0113
1999-01-21,0.0005
1999-01-22,0.0051
1999-01-23,-0.0143
1999-01-24,-0.03
1999-01-25,-0.0382
1999-01-26,-0.0387
1999-01-27,-0.0428
1999-01-28,-0.0539
1999-01-29,-0.0474
1999-01-30,-0.0339
1999-01-31,-0.0247
1999-02-01,-0.0421
1999-02-02,-0.0553
1999-02-03,-0.0617
1999-02-04,-0.0622
1999-02-05,-0.0529
1999-02-06,-0.0699
1999-02-07,-0.0938
1999-02-08,-0.1071
1999-02-09,-0.1038
1999-02-10,-0.0627
1999-02-11,-0.0183
1999-02-12,0.0163
1999-02-13,0.0183
1999-02-14,0.0223
1999-02-15,0.0287
1999-02-16,0.0249
1999-02-17,0.0081
1999-02-18,-0.0011
1999-02-19,-0.0107
1999-02-20,-0.002
1999-02-21,-0.0116
1999-02-22,-0.0391
1999-02-23,-0.0418
1999-02-24,-0.0254
1999-02-25,-0.0079
1999-02-26,-0.0351
1999-02-27,-0.0648
1999-02-28,-0.0596
1999-03-01,-0.0512
1999-03-02,-0.0368
1999-03-03,-0.0342
1999-03-04,-0.0244
1999-03-05,-0.0255
1999-03-06,0.0044
1999-03-07,0.0475
1999-03-08,0.0677
1999-03-09,0.067
1999-03-10,0.0606
1999-03-11,0.0729
1999-03-12,0.076
1999-03-13,0.0325
1999-03-14,-0.0071
1999-03-15,-0.028
1999-03-16,0.0082
1999-03-17,0.0323
1999-03-18,0.0431
1999-03-19,0.0182
1999-03-20,-0.0014
1999-03-21,-0.0277
1999-03-22,-0.04
1999-03-23,-0.027
1999-03-24,-0.0157
1999-03-25,-0.0326
1999-03-26,-0.0695
1999-03-27,-0.0985
1999-03-28,-0.0796
1999-03-29,-0.0192
1999-03-30,-0.0103
1999-03-31,-0.0473
1999-04-01,-0.0971
1999-04-02,-0.091
1999-04-03,-0.0977
1999-04-04,-0.0816
1999-04-05,-0.0867
1999-04-06,-0.1128
1999-04-07,-0.1274
1999-04-08,-0.0656
1999-04-09,-0.0142
1999-04-10,-0.0
1999-04-11,-0.0124
1999-04-12,-0.0155
1999-04-13,-0.044
1999-04-14,-0.0371
1999-04-15,0.0266
1999-04-16,0.0663
1999-04-17,0.087
1999-04-18,0.0884
1999-04-19,0.0684
1999-04-20,0.0514
1999-04-21,0.0399
1999-04-22,0.0236
1999-04-23,0.0219
1999-04-24,0.0242
1999-04-25,0.0166
1999-04-26,0.0159
1999-04-27,-0.002
1999-04-28,0.0327
1999-04-29,0.0861
1999-04-30,0.066
1999-05-01,0.0598
1999-05-02,0.0599
1999-05-03,0.0975
1999-05-04,0.094
1999-05-05,0.0793
1999-05-06,0.0664
1999-05-07,0.0668
1999-05-08,0.1288
1999-05-09,0.1972
1999-05-10,0.2551
1999-05-11,0.2795
1999-05-12,0.2692
1999-05-13,0.2548
1999-05-14,0.1877
1999-05-15,0.1268
1999-05-16,0.1413
1999-05-17,0.1762
1999-05-18,0.1782
1999-05-19,0.2152
1999-05-20,0.2441
1999-05-21,0.2076
1999-05-22,0.166
1999-05-23,0.1786
1999-05-24,0.155
1999-05-25,0.156
1999-05-26,0.1763
1999-05-27,0.1623
1999-05-28,0.1637
1999-05-29,0.1885
1999-05-30,0.2322
1999-05-31,0.1991
1999-06-01,0.1364
1999-06-02,0.0723
1999-06-03,0.0134
1999-06-04,-0.0338
1999-06-05,-0.0596
1999-06-06,-0.0326
1999-06-07,0.0291
1999-06-08,0.0434
1999-06-09,0.0456
1999-06-10,0.1135
1999-06-11,0.1404
1999-06-12,0.1306
1999-06-13,0.1043
1999-06-14,0.1345
1999-06-15,0.1501
1999-06-16,0.0985
1999-06-17,0.0666
1999-06-18,0.0738
1999-06-19,0.1119
1999-06-20,0.1193
1999-06-21,0.1374
1999-06-22,0.1613
1999-06-23,0.1625
1999-06-24,0.1796
1999-06-25,0.166
1999-06-26,0.1568
1999-06-27,0.1222
1999-06-28,0.1222
1999-06-29,0.1462
1999-06-30,0.1683
1999-07-01,0.1681
1999-07-02,0.1343
1999-07-03,0.1524
1999-07-04,0.1929
1999-07-05,0.2003
1999-07-06,0.2214
1999-07-07,0.2393
1999-07-08,0.234
1999-07-09,0.223
1999-07-10,0.2289
1999-07-11,0.237
1999-07-12,0.2473
1999-07-13,0.2341
1999-07-14,0.2308
1999-07-15,0.2528
1999-07-16,0.2195
1999-07-17,0.2337
1999-07-18,0.2626
1999-07-19,0.2955
1999-07-20,0.2658
1999-07-21,0.2502
1999-07-22,0.241
1999-07-23,0.241
1999-07-24,0.2962
1999-07-25,0.3109
1999-07-26,0.2715
1999-07-27,0.278
1999-07-28,0.3102
1999-07-29,0.3286
1999-07-30,0.375
1999-07-31,0.415
1999-08-01,0.4594
1999-08-02,0.4795
1999-08-03,0.4979
1999-08-04,0.4818
1999-08-05,0.4777
1999-08-06,0.4977
1999-08-07,0.4588
1999-08-08,0.4518
1999-08-09,0.4325
1999-08-10,0.4314
1999-08-11,0.4515
1999-08-12,0.4703
1999-08-13,0.426
1999-08-14,0.4314
1999-08-15,0.4392
1999-08-16,0.4108
1999-08-17,0.4123
1999-08-18,0.4379
1999-08-19,0.4463
1999-08-20,0.4759
1999-08-21,0.4953
1999-08-22,0.5125
1999-08-23,0.5225
1999-08-24,0.5302
1999-08-25,0.5459
1999-08-26,0.4991
1999-08-27,0.489
1999-08-28,0.5072
1999-08-29,0.5583
1999-08-30,0.5536
1999-08-31,0.4962
1999-09-01,0.4566
1999-09-02,0.497
1999-09-03,0.5178
1999-09-04,0.5155
1999-09-05,0.4909
1999-09-06,0.4681
1999-09-07,0.4927
1999-09-08,0.4713
1999-09-09,0.4586
1999-09-10,0.403
1999-09-11,0.3617
1999-09-12,0.332
1999-09-13,0.2998
1999-09-14,0.2589
1999-09-15,0.2482
1999-09-16,0.2144
1999-09-17,0.2047
1999-09-18,0.2359
1999-09-19,0.233
1999-09-20,0.213
1999-09-21,0.2117
1999-09-22,0.2349
1999-09-23,0.2608
1999-09-24,0.2775
1999-09-25,0.2607
1999-09-26,0.2212
1999-09-27,0.2043
1999-09-28,0.2171
1999-09-29,0.1972
1999-09-30,0.1763
1999-10-01,0.1671
1999-10-02,0.1856
1999-10-03,0.2145
1999-10-04,0.2192
1999-10-05,0.2181
1999-10-06,0.198
1999-10-07,0.1748
1999-10-08,0.1751
1999-10-09,0.2183
1999-10-10,0.2708
1999-10-11,0.2998
1999-10-12,0.3142
1999-10-13,0.3065
1999-10-14,0.2333
1999-10-15,0.191
1999-10-16,0.1269
1999-10-17,0.1003
1999-10-18,0.0682
1999-10-19,0.0883
1999-10-20,0.1009
1999-10-21,0.1005
1999-10-22,0.1208
1999-10-23,0.1024
1999-10-24,0.0744
1999-10-25,0.0761
1999-10-26,0.0903
1999-10-27,0.1133
1999-10-28,0.1081
1999-10-29,0.0944
1999-10-30,0.0667
1999-10-31,0.0761
1999-11-01,0.0719
1999-11-02,0.0533
1999-11-03,0.0377
1999-11-04,0.0613
1999-11-05,0.0878
1999-11-06,0.064
1999-11-07,0.0319
1999-11-08,0.0334
1999-11-09,0.0294
1999-11-10,0.018
1999-11-11,0.0045
1999-11-12,-0.0005
1999-11-13,0.0109
1999-11-14,-0.0114
1999-11-15,-0.0328
1999-11-16,0.0046
1999-11-17,0.0032
1999-11-18,0.0112
1999-11-19,0.0023
1999-11-20,-0.0369
1999-11-21,-0.0743
1999-11-22,-0.0808
1999-11-23,-0.0649
1999-11-24,-0.0167
1999-11-25,0.0537
1999-11-26,0.0988
1999-11-27,0.1342
1999-11-28,0.1107
1999-11-29,0.0446
1999-11-30,0.0341
1999-12-01,0.0256
1999-12-02,-0.0071
1999-12-03,-0.0123
1999-12-04,-0.012
1999-12-05,-0.0074
1999-12-06,0.0228
1999-12-07,0.0567
1999-12-08,0.0519
1999-12-09,0.0769
1999-12-10,0.1025
1999-12-11,0.1415
1999-12-12,0.1764
1999-12-13,0.1973
1999-12-14,0.2086
1999-12-15,0.2157
1999-12-16,0.1941
1999-12-17,0.1654
1999-12-18,0.1639
1999-12-19,0.1464
1999-12-20,0.1043
1999-12-21,0.0839
1999-12-22,0.0878
1999-12-23,0.1065
1999-12-24,0.1061
1999-12-25,0.0884
1999-12-26,0.0452
1999-12-27,0.0375
1999-12-28,0.0343
1999-12-29,0.0414
1999-12-30,0.0429
1999-12-31,0.0229
2000-01-01,-0.0077
2000-01-02,-0.0206
2000-01-03,-0.0196
2000-01-04,-0.007
2000-01-05,-0.0218
2000-01-06,-0.0089
2000-01-07,0.0085
2000-01-08,-0.019
2000-01-09,-0.058
2000-01-10,-0.0591
2000-01-11,-0.0329
2000-01-12,-0.0189
2000-01-13,-0.0232
2000-01-14,-0.0208
2000-01-15,-0.0353
2000-01-16,-0.0605
2000-01-17,-0.1044
2000-01-18,-0.1258
2000-01-19,-0.1217
2000-01-20,-0.1313
2000-01-21,-0.1166
2000-01-22,-0.0954
2000-01-23,-0.0859
2000-01-24,-0.0791
2000-01-25,-0.0653
2000-01-26,-0.0617
2000-01-27,-0.0718
2000-01-28,-0.0814
2000-01-29,-0.0693
2000-01-30,-0.0651
2000-01-31,-0.0522
2000-02-01,-0.0568
2000-02-02,-0.0835
2000-02-03,-0.076
2000-02-04,-0.0813
2000-02-05,-0.0499
2000-02-06,-0.046
2000-02-07,-0.0523
2000-02-08,-0.0711
2000-02-09,-0.0545
2000-02-10,-0.0485
2000-02-11,-0.0113
2000-02-12,-0.0025
2000-02-13,-0.0322
2000-02-14,-0.0591
2000-02-15,-0.0448
2000-02-16,-0.0045
2000-02-17,0.0278
2000-02-18,0.0519
2000-02-19,0.0789
2000-02-20,0.07
2000-02-21,0.0909
2000-02-22,0.066
2000-02-23,0.0189
2000-02-24,-0.0223
2000-02-25,-0.041
2000-02-26,-0.0507
2000-02-27,-0.0315
2000-02-28,-0.0142
2000-02-29,-0.0061
2000-03-01,-0.0412
2000-03-02,-0.0472
2000-03-03,-0.041
2000-03-04,-0.0229
2000-03-05,-0.0169
2000-03-06,0.0017
2000-03-07,-0.0214
2000-03-08,-0.0337
2000-03-09,-0.0235
2000-03-10,-0.025
2000-03-11,-0.046
2000-03-12,-0.0258
2000-03-13,0.0323
2000-03-14,0.1059
2000-03-15,0.1469
2000-03-16,0.1916
2000-03-17,0.1892
2000-03-18,0.21
2000-03-19,0.2039
2000-03-20,0.2059
2000-03-21,0.2177
2000-03-22,0.2053
2000-03-23,0.2046
2000-03-24,0.1988
2000-03-25,0.1879
2000-03-26,0.1483
2000-03-27,0.112
2000-03-28,0.0917
2000-03-29,0.0813
2000-03-30,0.0638
2000-03-31,0.046
2000-04-01,0.0261
2000-04-02,-0.0056
2000-04-03,0.0039
2000-04-04,-0.0103
2000-04-05,-0.0087
2000-04-06,-0.0182
2000-04-07,-0.0258
2000-04-08,-0.0205
2000-04-09,-0.0044
2000-04-10,-0.0201
2000-04-11,-0.0307
2000-04-12,-0.0383
2000-04-13,-0.0751
2000-04-14,-0.0971
2000-04-15,-0.1
2000-04-16,-0.0636
2000-04-17,-0.0689
2000-04-18,-0.067
2000-04-19,-0.0442
2000-04-20,-0.0513
2000-04-21,-0.087
2000-04-22,-0.1054
2000-04-23,-0.1107
2000-04-24,-0.1049
2000-04-25,-0.1062
2000-04-26,-0.1135
2000-04-27,-0.0832
2000-04-28,-0.0887
2000-04-29,-0.101
2000-04-30,-0.0763
2000-05-01,-0.0507
2000-05-02,-0.0695
2000-05-03,-0.0622
2000-05-04,-0.0663
2000-05-05,-0.0707
2000-05-06,-0.0451
2000-05-07,-0.0381
2000-05-08,-0.0369
2000-05-09,-0.0184
2000-05-10,0.0221
2000-05-11,0.0132
2000-05-12,0.0131
2000-05-13,0.0916
2000-05-14,0.159
2000-05-15,0.1865
2000-05-16,0.1841
2000-05-17,0.1372
2000-05-18,0.0782
2000-05-19,0.035
2000-05-20,0.0052
2000-05-21,0.0064
2000-05-22,0.0239
2000-05-23,0.0433
2000-05-24,0.0462
2000-05-25,0.0159
2000-05-26,-0.0371
2000-05-27,-0.1196
2000-05-28,-0.1571
2000-05-29,-0.1573
2000-05-30,-0.1782
2000-05-31,-0.1383
2000-06-01,-0.1327
2000-06-02,-0.1424
2000-06-03,-0.1494
2000-06-04,-0.1439
2000-06-05,-0.1174
2000-06-06,-0.0811
2000-06-07,-0.0632
2000-06-08,-0.0765
2000-06-09,-0.1155
2000-06-10,-0.1292
2000-06-11,-0.1313
2000-06-12,-0.1427
2000-06-13,-0.1453
2000-06-14,-0.1575
2000-06-15,-0.1688
2000-06-16,-0.1608
2000-06-17,-0.1115
2000-06-18,-0.0773
2000-06-19,-0.077
2000-06-20,-0.0532
2000-06-21,-0.037
2000-06-22,-0.042
2000-06-23,-0.0523
2000-06-24,-0.0561
2000-06-25,0.008
2000-06-26,0.0856
2000-06-27,0.1243
2000-06-28,0.1263
2000-06-29,0.1363
2000-06-30,0.1448
2000-07-01,0.1278
2000-07-02,0.136
2000-07-03,0.138
2000-07-04,0.1346
2000-07-05,0.1412
2000-07-06,0.1266
2000-07-07,0.063
2000-07-08,0.0417
2000-07-09,0.0539
2000-07-10,0.0232
2000-07-11,-0.0487
2000-07-12,-0.0818
2000-07-13,-0.1032
2000-07-14,-0.156
2000-07-15,-0.1751
2000-07-16,-0.0743
2000-07-17,-0.0129
2000-07-18,-0.0133
2000-07-19,-0.0251
2000-07-20,-0.0246
2000-07-21,-0.0435
2000-07-22,-0.0343
2000-07-23,-0.0142
2000-07-24,0.0211
2000-07-25,0.0287
2000-07-26,0.0427
2000-07-27,0.0537
2000-07-28,0.0924
2000-07-29,0.114
2000-07-30,0.1513
2000-07-31,0.181
2000-08-01,0.1994
2000-08-02,0.1487
2000-08-03,0.0783
2000-08-04,0.0522
2000-08-05,0.0752
2000-08-06,0.0898
2000-08-07,0.0842
2000-08-08,0.0974
2000-08-09,0.0765
2000-08-10,0.0716
2000-08-11,0.0824
2000-08-12,0.1018
2000-08-13,0.1476
2000-08-14,0.154
2000-08-15,0.1501
2000-08-16,0.1485
2000-08-17,0.1207
2000-08-18,0.085
2000-08-19,0.0989
2000-08-20,0.1337
2000-08-21,0.1551
2000-08-22,0.1109
2000-08-23,0.097
2000-08-24,0.1229
2000-08-25,0.1245
2000-08-26,0.1286
2000-08-27,0.1364
2000-08-28,0.1304
2000-08-29,0.1049
2000-08-30,0.0748
2000-08-31,0.1029
2000-09-01,0.1556
2000-09-02,0.2032
2000-09-03,0.1965
2000-09-04,0.1955
2000-09-05,0.125
2000-09-06,0.0812
2000-09-07,0.049
2000-09-08,0.0542
2000-09-09,0.0652
2000-09-10,0.0547
2000-09-11,0.073
2000-09-12,0.1115
2000-09-13,0.1234
2000-09-14,0.1675
2000-09-15,0.1662
2000-09-16,0.1648
2000-09-17,0.1571
2000-09-18,0.126
2000-09-19,0.1369
2000-09-20,0.1625
2000-09-21,0.2162
2000-09-22,0.2528
2000-09-23,0.2572
2000-09-24,0.2394
2000-09-25,0.227
2000-09-26,0.1837
2000-09-27,0.154
2000-09-28,0.1155
2000-09-29,0.1011
2000-09-30,0.0979
2000-10-01,0.0436
2000-10-02,0.0165
2000-10-03,0.044
2000-10-04,0.0642
2000-10-05,0.1054
2000-10-06,0.1473
2000-10-07,0.1864
2000-10-08,0.1728
2000-10-09,0.1656
2000-10-10,0.1241
2000-10-11,0.0911
2000-10-12,0.0459
2000-10-13,0.0077
2000-10-14,0.0095
2000-10-15,0.0161
2000-10-16,0.0136
2000-10-17,0.0205
2000-10-18,0.0195
2000-10-19,0.0376
2000-10-20,0.0292
2000-10-21,0.0051
2000-10-22,-0.0011
2000-10-23,0.0145
2000-10-24,0.0262
2000-10-25,0.024
2000-10-26,0.0029
2000-10-27,0.0258
2000-10-28,0.0131
2000-10-29,-0.0311
2000-10-30,-0.0201
2000-10-31,0.014
2000-11-01,0.0394
2000-11-02,0.0264
2000-11-03,0.0221
2000-11-04,0.0335
2000-11-05,0.0286
2000-11-06,0.0072
2000-11-07,0.0023
2000-11-08,0.0053
2000-11-09,0.011
2000-11-10,0.026
2000-11-11,0.0132
2000-11-12,-0.0098
2000-11-13,-0.0136
2000-11-14,0.0208
2000-11-15,0.0329
2000-11-16,0.0485
2000-11-17,0.0676
2000-11-18,0.0687
2000-11-19,0.04
2000-11-20,0.0121
2000-11-21,0.0401
2000-11-22,0.0683
2000-11-23,0.0926
2000-11-24,0.1068
2000-11-25,0.1082
2000-11-26,0.0787
2000-11-27,0.0591
2000-11-28,0.0589
2000-11-29,0.0457
2000-11-30,0.0291
2000-12-01,-0.0112
2000-12-02,-0.0364
2000-12-03,-0.0698
2000-12-04,-0.0747
2000-12-05,-0.0661
2000-12-06,-0.0711
2000-12-07,-0.0573
2000-12-08,-0.0494
2000-12-09,-0.034
2000-12-10,-0.0222
2000-12-11,-0.0219
2000-12-12,-0.0426
2000-12-13,-0.0688
2000-12-14,-0.1008
2000-12-15,-0.0925
2000-12-16,-0.1063
2000-12-17,-0.1309
2000-12-18,-0.1358
2000-12-19,-0.113
2000-12-20,-0.0976
2000-12-21,-0.1176
2000-12-22,-0.125
2000-12-23,-0.1353
2000-12-24,-0.1247
2000-12-25,-0.0872
2000-12-26,-0.0863
2000-12-27,-0.0869
2000-12-28,-0.1019
2000-12-29,-0.1112
2000-12-30,-0.1139
2000-12-31,-0.1372
2001-01-01,-0.1529
2001-01-02,-0.1539
2001-01-03,-0.1539
2001-01-04,-0.1416
2001-01-05,-0.1302
2001-01-06,-0.1159
2001-01-07,-0.1212
2001-01-08,-0.1075
2001-01-09,-0.079
2001-01-10,-0.081
2001-01-11,-0.0752
2001-01-12,-0.0717
2001-01-13,-0.0631
2001-01-14,-0.0517
2001-01-15,-0.0324
2001-01-16,0.0077
2001-01-17,-0.0127
2001-01-18,-0.0352
2001-01-19,-0.0275
2001-01-20,-0.0334
2001-01-21,-0.0464
2001-01-22,-0.0492
2001-01-23,-0.0514
2001-01-24,-0.0473
2001-01-25,-0.0558
2001-01-26,-0.0637
2001-01-27,-0.086
2001-01-28,-0.0922
2001-01-29,-0.0929
2001-01-30,-0.0976
2001-01-31,-0.0966
2001-02-01,-0.0839
2001-02-02,-0.0616
2001-02-03,-0.0572
2001-02-04,-0.0491
2001-02-05,-0.0363
2001-02-06,-0.0139
2001-02-07,0.0051
2001-02-08,0.0075
2001-02-09,0.0041
2001-02-10,0.0047
2001-02-11,-0.0095
2001-02-12,-0.0476
2001-02-13,-0.089
2001-02-14,-0.0754
2001-02-15,-0.0493
2001-02-16,-0.0681
2001-02-17,-0.0532
2001-02-18,-0.0013
2001-02-19,0.0209
2001-02-20,0.0364
2001-02-21,0.0485
2001-02-22,0.0526
2001-02-23,0.0509
2001-02-24,0.0475
2001-02-25,0.0706
2001-02-26,0.0813
2001-02-27,0.1009
2001-02-28,0.1272
2001-03-01,0.1398
2001-03-02,0.1755
2001-03-03,0.2024
2001-03-04,0.2066
2001-03-05,0.2014
2001-03-06,0.2052
2001-03-07,0.1828
2001-03-08,0.1389
2001-03-09,0.1349
2001-03-10,0.1096
2001-03-11,0.0829
2001-03-12,0.0568
2001-03-13,0.0477
2001-03-14,0.0403
2001-03-15,0.0455
2001-03-16,0.0583
2001-03-17,0.0586
2001-03-18,0.0883
2001-03-19,0.0944
2001-03-20,0.0891
2001-03-21,0.0788
2001-03-22,0.0772
2001-03-23,0.0674
2001-03-24,0.0539
2001-03-25,0.0275
2001-03-26,0.0157
2001-03-27,0.0141
2001-03-28,0.0093
2001-03-29,-0.0384
2001-03-30,-0.0612
2001-03-31,-0.0431
2001-04-01,-0.0299
2001-04-02,-0.0348
2001-04-03,-0.0457
2001-04-04,-0.0379
2001-04-05,-0.0501
2001-04-06,-0.0714
2001-04-07,-0.0763
2001-04-08,-0.0629
2001-04-09,-0.0552
2001-04-10,-0.0479
2001-04-11,-0.0468
2001-04-12,-0.0549
2001-04-13,-0.0242
2001-04-14,0.0444
2001-04-15,0.0929
2001-04-16,0.1034
2001-04-17,0.1048
2001-04-18,0.1049
2001-04-19,0.0449
2001-04-20,-0.0344
2001-04-21,-0.11
2001-04-22,-0.1157
2001-04-23,-0.099
2001-04-24,-0.0792
2001-04-25,-0.0522
2001-04-26,-0.0706
2001-04-27,-0.1187
2001-04-28,-0.1443
2001-04-29,-0.1606
2001-04-30,-0.1791
2001-05-01,-0.1942
2001-05-02,-0.1997
2001-05-03,-0.1967
2001-05-04,-0.1838
2001-05-05,-0.1682
2001-05-06,-0.1679
2001-05-07,-0.2056
2001-05-08,-0.2057
2001-05-09,-0.2097
2001-05-10,-0.2059
2001-05-11,-0.177
2001-05-12,-0.1338
2001-05-13,-0.1063
2001-05-14,-0.1241
2001-05-15,-0.1263
2001-05-16,-0.1125
2001-05-17,-0.099
2001-05-18,-0.0755
2001-05-19,-0.0647
2001-05-20,-0.0192
2001-05-21,-0.025
2001-05-22,-0.035
2001-05-23,-0.0066
2001-05-24,0.0183
2001-05-25,0.0284
2001-05-26,0.0544
2001-05-27,0.1251
2001-05-28,0.1331
2001-05-29,0.1173
2001-05-30,0.0798
2001-05-31,0.0908
2001-06-01,0.0937
2001-06-02,0.1033
2001-06-03,0.1384
2001-06-04,0.158
2001-06-05,0.1639
2001-06-06,0.1561
2001-06-07,0.1452
2001-06-08,0.143
2001-06-09,0.1524
2001-06-10,0.2081
2001-06-11,0.207
2001-06-12,0.175
2001-06-13,0.1822
2001-06-14,0.1964
2001-06-15,0.1975
2001-06-16,0.232
2001-06-17,0.2233
2001-06-18,0.184
2001-06-19,0.1698
2001-06-20,0.1924
2001-06-21,0.1765
2001-06-22,0.1753
2001-06-23,0.2167
2001-06-24,0.2959
2001-06-25,0.3684
2001-06-26,0.3786
2001-06-27,0.3559
2001-06-28,0.3176
2001-06-29,0.299
2001-06-30,0.2799
2001-07-01,0.2963
2001-07-02,0.2534
2001-07-03,0.2003
2001-07-04,0.1937
2001-07-05,0.1713
2001-07-06,0.1599
2001-07-07,0.2014
2001-07-08,0.2648
2001-07-09,0.2615
2001-07-10,0.2425
2001-07-11,0.2178
2001-07-12,0.2214
2001-07-13,0.1827
2001-07-14,0.1723
2001-07-15,0.1707
2001-07-16,0.1476
2001-07-17,0.1287
2001-07-18,0.1029
2001-07-19,0.1015
2001-07-20,0.105
2001-07-21,0.0969
2001-07-22,0.1558
2001-07-23,0.1946
2001-07-24,0.2317
2001-07-25,0.2424
2001-07-26,0.2481
2001-07-27,0.245
2001-07-28,0.2674
2001-07-29,0.2746
2001-07-30,0.3069
2001-07-31,0.3153
2001-08-01,0.3154
2001-08-02,0.2975
2001-08-03,0.2834
2001-08-04,0.2768
2001-08-05,0.2872
2001-08-06,0.286
2001-08-07,0.2914
2001-08-08,0.3122
2001-08-09,0.3075
2001-08-10,0.3267
2001-08-11,0.31
2001-08-12,0.3187
2001-08-13,0.3119
2001-08-14,0.3003
2001-08-15,0.2998
2001-08-16,0.2897
2001-08-17,0.2944
2001-08-18,0.2797
2001-08-19,0.3069
2001-08-20,0.3191
2001-08-21,0.3312
2001-08-22,0.3778
2001-08-23,0.4544
2001-08-24,0.4822
2001-08-25,0.4717
2001-08-26,0.4492
2001-08-27,0.4429
2001-08-28,0.4881
2001-08-29,0.5237
2001-08-30,0.5304
2001-08-31,0.5267
2001-09-01,0.5046
2001-09-02,0.52
2001-09-03,0.5091
2001-09-04,0.4892
2001-09-05,0.4934
2001-09-06,0.4747
2001-09-07,0.4715
2001-09-08,0.4477
2001-09-09,0.4301
2001-09-10,0.4487
2001-09-11,0.4537
2001-09-12,0.428
2001-09-13,0.4177
2001-09-14,0.3831
2001-09-15,0.3073
2001-09-16,0.2524
2001-09-17,0.3413
2001-09-18,0.3754
2001-09-19,0.4038
2001-09-20,0.4455
2001-09-21,0.4808
2001-09-22,0.4733
2001-09-23,0.4601
2001-09-24,0.4618
2001-09-25,0.4635
2001-09-26,0.4761
2001-09-27,0.4504
2001-09-28,0.46
2001-09-29,0.4153
2001-09-30,0.3794
2001-10-01,0.3475
2001-10-02,0.3855
2001-10-03,0.4072
2001-10-04,0.4244
2001-10-05,0.4468
2001-10-06,0.439
2001-10-07,0.4137
2001-10-08,0.3564
2001-10-09,0.3161
2001-10-10,0.3075
2001-10-11,0.2982
2001-10-12,0.2881
2001-10-13,0.2814
2001-10-14,0.2673
2001-10-15,0.2598
2001-10-16,0.2489
2001-10-17,0.2045
2001-10-18,0.1855
2001-10-19,0.1666
2001-10-20,0.1666
2001-10-21,0.1978
2001-10-22,0.2152
2001-10-23,0.2772
2001-10-24,0.3438
2001-10-25,0.4122
2001-10-26,0.4543
2001-10-27,0.4672
2001-10-28,0.4639
2001-10-29,0.4428
2001-10-30,0.3902
2001-10-31,0.3305
2001-11-01,0.3052
2001-11-02,0.3273
2001-11-03,0.3356
2001-11-04,0.2793
2001-11-05,0.2921
2001-11-06,0.3226
2001-11-07,0.3425
2001-11-08,0.3548
2001-11-09,0.3558
2001-11-10,0.356
2001-11-11,0.3385
2001-11-12,0.3242
2001-11-13,0.3285
2001-11-14,0.3261
2001-11-15,0.2923
2001-11-16,0.2867
2001-11-17,0.2921
2001-11-18,0.2466
2001-11-19,0.2013
2001-11-20,0.1846
2001-11-21,0.2035
2001-11-22,0.2049
2001-11-23,0.2074
2001-11-24,0.204
2001-11-25,0.1752
2001-11-26,0.1186
2001-11-27,0.1037
2001-11-28,0.1193
2001-11-29,0.1147
2001-11-30,0.1258
2001-12-01,0.1566
2001-12-02,0.1848
2001-12-03,0.1706
2001-12-04,0.1862
2001-12-05,0.2178
2001-12-06,0.2551
2001-12-07,0.2637
2001-12-08,0.2732
2001-12-09,0.2783
2001-12-10,0.2829
2001-12-11,0.2864
2001-12-12,0.3341
2001-12-13,0.3735
2001-12-14,0.3756
2001-12-15,0.3367
2001-12-16,0.2914
2001-12-17,0.2687
2001-12-18,0.2672
2001-12-19,0.2474
2001-12-20,0.2399
2001-12-21,0.2679
2001-12-22,0.2927
2001-12-23,0.2934
2001-12-24,0.2994
2001-12-25,0.2795
2001-12-26,0.2994
2001-12-27,0.3252
2001-12-28,0.361
2001-12-29,0.3746
2001-12-30,0.3556
2001-12-31,0.328
2002-01-01,0.3256
2002-01-02,0.3167
2002-01-03,0.3384
2002-01-04,0.3519
2002-01-05,0.3607
2002-01-06,0.3666
2002-01-07,0.3888
2002-01-08,0.4024
2002-01-09,0.4301
2002-01-10,0.4248
2002-01-11,0.4121
2002-01-12,0.3933
2002-01-13,0.3932
2002-01-14,0.4153
2002-01-15,0.4301
2002-01-16,0.4394
2002-01-17,0.4118
2002-01-18,0.4201
2002-01-19,0.4034
2002-01-20,0.3625
2002-01-21,0.3423
2002-01-22,0.3576
2002-01-23,0.3777
2002-01-24,0.4002
2002-01-25,0.4019
2002-01-26,0.4094
2002-01-27,0.421
2002-01-28,0.422
2002-01-29,0.4013
2002-01-30,0.3695
2002-01-31,0.342
2002-02-01,0.3158
2002-02-02,0.2934
2002-02-03,0.3096
2002-02-04,0.3194
2002-02-05,0.3256
2002-02-06,0.3269
2002-02-07,0.3093
2002-02-08,0.2978
2002-02-09,0.3142
2002-02-10,0.3166
2002-02-11,0.2938
2002-02-12,0.2824
2002-02-13,0.296
2002-02-14,0.2785
2002-02-15,0.2679
2002-02-16,0.2818
2002-02-17,0.276
2002-02-18,0.2594
2002-02-19,0.2374
2002-02-20,0.2145
2002-02-21,0.2125
2002-02-22,0.2212
2002-02-23,0.2244
2002-02-24,0.2146
2002-02-25,0.2144
2002-02-26,0.2174
2002-02-27,0.2623
2002-02-28,0.287
2002-03-01,0.3041
2002-03-02,0.2843
2002-03-03,0.2547
2002-03-04,0.2259
2002-03-05,0.2064
2002-03-06,0.1921
2002-03-07,0.1681
2002-03-08,0.1752
2002-03-09,0.1917
2002-03-10,0.1955
2002-03-11,0.1632
2002-03-12,0.1391
2002-03-13,0.1681
2002-03-14,0.1603
2002-03-15,0.1659
2002-03-16,0.1912
2002-03-17,0.1743
2002-03-18,0.1767
2002-03-19,0.1842
2002-03-20,0.1929
2002-03-21,0.1769
2002-03-22,0.1602
2002-03-23,0.1128
2002-03-24,0.0764
2002-03-25,0.0675
2002-03-26,0.0551
2002-03-27,0.0214
2002-03-28,-0.0065
2002-03-29,-0.0116
2002-03-30,-0.0098
2002-03-31,-0.0073
2002-04-01,-0.0175
2002-04-02,-0.0197
2002-04-03,-0.0083
2002-04-04,-0.0061
2002-04-05,-0.0083
2002-04-06,-0.0078
2002-04-07,0.0049
2002-04-08,0.0051
2002-04-09,-0.0153
2002-04-10,-0.0201
2002-04-11,-0.0359
2002-04-12,-0.0626
2002-04-13,-0.0444
2002-04-14,-0.0204
2002-04-15,-0.0218
2002-04-16,-0.0274
2002-04-17,-0.0375
2002-04-18,-0.0529
2002-04-19,-0.0427
2002-04-20,-0.0004
2002-04-21,-0.0036
2002-04-22,-0.0036
2002-04-23,-0.0212
2002-04-24,-0.0542
2002-04-25,-0.0797
2002-04-26,-0.0783
2002-04-27,-0.0939
2002-04-28,-0.1148
2002-04-29,-0.1492
2002-04-30,-0.1601
2002-05-01,-0.1559
2002-05-02,-0.1501
2002-05-03,-0.1564
2002-05-04,-0.1231
2002-05-05,-0.0955
2002-05-06,-0.092
2002-05-07,-0.094
2002-05-08,-0.0782
2002-05-09,-0.0752
2002-05-10,-0.0635
2002-05-11,-0.0329
2002-05-12,-0.0306
2002-05-13,-0.0082
2002-05-14,-0.0176
2002-05-15,-0.0553
2002-05-16,-0.1032
2002-05-17,-0.1918
2002-05-18,-0.244
2002-05-19,-0.2801
2002-05-20,-0.3197
2002-05-21,-0.3416
2002-05-22,-0.3509
2002-05-23,-0.3702
2002-05-24,-0.3367
2002-05-25,-0.3118
2002-05-26,-0.2985
2002-05-27,-0.2949
2002-05-28,-0.2763
2002-05-29,-0.2598
2002-05-30,-0.2377
2002-05-31,-0.2595
2002-06-01,-0.22
2002-06-02,-0.2336
2002-06-03,-0.3017
2002-06-04,-0.3709
2002-06-05,-0.4217
2002-06-06,-0.4223
2002-06-07,-0.418
2002-06-08,-0.3808
2002-06-09,-0.3469
2002-06-10,-0.333
2002-06-11,-0.319
2002-06-12,-0.2954
2002-06-13,-0.2754
2002-06-14,-0.3201
2002-06-15,-0.3089
2002-06-16,-0.2861
2002-06-17,-0.2281
2002-06-18,-0.1776
2002-06-19,-0.1471
2002-06-20,-0.1686
2002-06-21,-0.205
2002-06-22,-0.1974
2002-06-23,-0.1819
2002-06-24,-0.1845
2002-06-25,-0.1969
2002-06-26,-0.208
2002-06-27,-0.2171
2002-06-28,-0.2521
2002-06-29,-0.2653
2002-06-30,-0.2657
2002-07-01,-0.2887
2002-07-02,-0.2965
2002-07-03,-0.292
2002-07-04,-0.2688
2002-07-05,-0.2908
2002-07-06,-0.2785
2002-07-07,-0.275
2002-07-08,-0.2562
2002-07-09,-0.2327
2002-07-10,-0.2205
2002-07-11,-0.2422
2002-07-12,-0.2764
2002-07-13,-0.2907
2002-07-14,-0.2826
2002-07-15,-0.2868
2002-07-16,-0.3051
2002-07-17,-0.3103
2002-07-18,-0.3178
2002-07-19,-0.2962
2002-07-20,-0.255
2002-07-21,-0.2232
2002-07-22,-0.2366
2002-07-23,-0.2577
2002-07-24,-0.2485
2002-07-25,-0.2377
2002-07-26,-0.2443
2002-07-27,-0.2546
2002-07-28,-0.2078
2002-07-29,-0.1693
2002-07-30,-0.0902
2002-07-31,-0.0247
2002-08-01,0.0085
2002-08-02,0.0361
2002-08-03,0.1029
2002-08-04,0.1844
2002-08-05,0.2141
2002-08-06,0.2085
2002-08-07,0.1395
2002-08-08,0.0657
2002-08-09,0.0243
2002-08-10,0.0154
2002-08-11,0.0371
2002-08-12,0.0606
2002-08-13,0.0594
2002-08-14,0.0555
2002-08-15,0.0281
2002-08-16,0.0209
2002-08-17,0.0594
2002-08-18,0.0816
2002-08-19,0.1038
2002-08-20,0.1444
2002-08-21,0.1867
2002-08-22,0.2283
2002-08-23,0.2464
2002-08-24,0.261
2002-08-25,0.265
2002-08-26,0.2587
2002-08-27,0.2769
2002-08-28,0.2884
2002-08-29,0.2387
2002-08-30,0.1924
2002-08-31,0.1493
2002-09-01,0.1229
2002-09-02,0.1498
2002-09-03,0.2068
2002-09-04,0.279
2002-09-05,0.285
2002-09-06,0.2376
2002-09-07,0.1771
2002-09-08,0.1141
2002-09-09,0.0681
2002-09-10,0.0373
2002-09-11,0.0377
2002-09-12,0.017
2002-09-13,0.0297
2002-09-14,0.0097
2002-09-15,0.0027
2002-09-16,0.0149
2002-09-17,0.0418
2002-09-18,0.0382
2002-09-19,0.0838
2002-09-20,0.1472
2002-09-21,0.1702
2002-09-22,0.1583
2002-09-23,0.1338
2002-09-24,0.1186
2002-09-25,0.1154
2002-09-26,0.1267
2002-09-27,0.1941
2002-09-28,0.2281
2002-09-29,0.236
2002-09-30,0.2141
2002-10-01,0.2205
2002-10-02,0.2159
2002-10-03,0.1914
2002-10-04,0.1851
2002-10-05,0.2018
2002-10-06,0.2199
2002-10-07,0.2365
2002-10-08,0.2504
2002-10-09,0.2512
2002-10-10,0.2305
2002-10-11,0.2277
2002-10-12,0.224
2002-10-13,0.2233
2002-10-14,0.2296
2002-10-15,0.2361
2002-10-16,0.2201
2002-10-17,0.1858
2002-10-18,0.2012
2002-10-19,0.2137
2002-10-20,0.1976
2002-10-21,0.1608
2002-10-22,0.1773
2002-10-23,0.1967
2002-10-24,0.2231
2002-10-25,0.2245
2002-10-26,0.2254
2002-10-27,0.2186
2002-10-28,0.1975
2002-10-29,0.2095
2002-10-30,0.2067
2002-10-31,0.2233
2002-11-01,0.2213
2002-11-02,0.2299
2002-11-03,0.2307
2002-11-04,0.1877
2002-11-05,0.1834
2002-11-06,0.1977
2002-11-07,0.1978
2002-11-08,0.2345
2002-11-09,0.2585
2002-11-10,0.2317
2002-11-11,0.2126
2002-11-12,0.2169
2002-11-13,0.2009
2002-11-14,0.1885
2002-11-15,0.1981
2002-11-16,0.2089
2002-11-17,0.2238
2002-11-18,0.2335
2002-11-19,0.2557
2002-11-20,0.2565
2002-11-21,0.2596
2002-11-22,0.258
2002-11-23,0.2248
2002-11-24,0.1971
2002-11-25,0.2069
2002-11-26,0.2405
2002-11-27,0.2508
2002-11-28,0.2568
2002-11-29,0.2381
2002-11-30,0.1836
2002-12-01,0.139
2002-12-02,0.0925
2002-12-03,0.0948
2002-12-04,0.0793
2002-12-05,0.0576
2002-12-06,0.0643
2002-12-07,0.06
2002-12-08,0.0741
2002-12-09,0.0664
2002-12-10,0.0433
2002-12-11,0.0247
2002-12-12,-0.0084
2002-12-13,0.0115
2002-12-14,0.0554
2002-12-15,0.0778
2002-12-16,0.0742
2002-12-17,0.0648
2002-12-18,0.0822
2002-12-19,0.0836
2002-12-20,0.0954
2002-12-21,0.1097
2002-12-22,0.148
2002-12-23,0.1743
2002-12-24,0.1838
2002-12-25,0.1549
2002-12-26,0.1485
2002-12-27,0.1418
2002-12-28,0.1196
2002-12-29,0.1101
2002-12-30,0.0979
2002-12-31,0.1387
2003-01-01,0.2099
2003-01-02,0.2537
2003-01-03,0.272
2003-01-04,0.2547
2003-01-05,0.237
2003-01-06,0.2271
2003-01-07,0.2328
2003-01-08,0.2244
2003-01-09,0.1927
2003-01-10,0.1847
2003-01-11,0.206
2003-01-12,0.2426
2003-01-13,0.2682
2003-01-14,0.2705
2003-01-15,0.2756
2003-01-16,0.2735
2003-01-17,0.2651
2003-01-18,0.2254
2003-01-19,0.1826
2003-01-20,0.1742
2003-01-21,0.1776
2003-01-22,0.1864
2003-01-23,0.2027
2003-01-24,0.1959
2003-01-25,0.1532
2003-01-26,0.1111
2003-01-27,0.0775
2003-01-28,0.0673
2003-01-29,0.0413
2003-01-30,0.0298
2003-01-31,0.0637
2003-02-01,0.0651
2003-02-02,0.052
2003-02-03,0.0492
2003-02-04,0.0658
2003-02-05,0.0744
2003-02-06,0.0885
2003-02-07,0.0901
2003-02-08,0.0889
2003-02-09,0.0967
2003-02-10,0.1153
2003-02-11,0.1303
2003-02-12,0.1582
2003-02-13,0.1711
2003-02-14,0.1553
2003-02-15,0.1487
2003-02-16,0.1281
2003-02-17,0.0996
2003-02-18,0.0842
2003-02-19,0.0752
2003-02-20,0.0554
2003-02-21,0.0635
2003-02-22,0.0735
2003-02-23,0.0844
2003-02-24,0.0786
2003-02-25,0.0759
2003-02-26,0.0622
2003-02-27,0.0905
2003-02-28,0.1115
2003-03-01,0.1051
2003-03-02,0.1037
2003-03-03,0.0767
2003-03-04,0.0874
2003-03-05,0.0728
2003-03-06,0.0437
2003-03-07,0.0865
2003-03-08,0.0947
2003-03-09,0.1173
2003-03-10,0.1077
2003-03-11,0.0925
2003-03-12,0.0994
2003-03-13,0.1111
2003-03-14,0.1059
2003-03-15,0.1199
2003-03-16,0.1477
2003-03-17,0.1331
2003-03-18,0.1035
2003-03-19,0.106
2003-03-20,0.095
2003-03-21,0.1263
2003-03-22,0.1548
2003-03-23,0.1698
2003-03-24,0.1901
2003-03-25,0.2062
2003-03-26,0.2422
2003-03-27,0.2511
2003-03-28,0.2595
2003-03-29,0.248
2003-03-30,0.202
2003-03-31,0.1544
2003-04-01,0.1421
2003-04-02,0.1563
2003-04-03,0.1583
2003-04-04,0.1772
2003-04-05,0.1864
2003-04-06,0.153
2003-04-07,0.0992
2003-04-08,0.0388
2003-04-09,-0.0115
2003-04-10,-0.0427
2003-04-11,-0.0523
2003-04-12,-0.0481
2003-04-13,-0.0645
2003-04-14,-0.0807
2003-04-15,-0.0777
2003-04-16,-0.0609
2003-04-17,-0.0442
2003-04-18,-0.0275
2003-04-19,0.0031
2003-04-20,0.0039
2003-04-21,-0.0395
2003-04-22,-0.0374
2003-04-23,-0.0151
2003-04-24,-0.0029
2003-04-25,-0.013
2003-04-26,-0.0359
2003-04-27,-0.0342
2003-04-28,-0.0206
2003-04-29,0.0025
2003-04-30,0.0497
2003-05-01,0.0259
2003-05-02,-0.0051
2003-05-03,-0.0116
2003-05-04,-0.0393
2003-05-05,-0.0463
2003-05-06,-0.0565
2003-05-07,-0.0523
2003-05-08,-0.0172
2003-05-09,0.0178
2003-05-10,0.0479
2003-05-11,0.0828
2003-05-12,0.0914
2003-05-13,0.1046
2003-05-14,0.1032
2003-05-15,0.0875
2003-05-16,0.0782
2003-05-17,0.0811
2003-05-18,0.083
2003-05-19,0.0821
2003-05-20,0.106
2003-05-21,0.0827
2003-05-22,0.0095
2003-05-23,-0.0493
2003-05-24,-0.1087
2003-05-25,-0.1477
2003-05-26,-0.1623
2003-05-27,-0.1506
2003-05-28,-0.1085
2003-05-29,-0.0614
2003-05-30,-0.0152
2003-05-31,0.0447
2003-06-01,0.0747
2003-06-02,0.0626
2003-06-03,0.055
2003-06-04,0.0312
2003-06-05,0.0082
2003-06-06,-0.0186
2003-06-07,-0.0507
2003-06-08,-0.0721
2003-06-09,-0.0399
2003-06-10,-0.0397
2003-06-11,-0.0433
2003-06-12,0.0073
2003-06-13,0.0367
2003-06-14,0.084
2003-06-15,0.0949
2003-06-16,0.0964
2003-06-17,0.061
2003-06-18,0.0357
2003-06-19,0.0423
2003-06-20,0.0116
2003-06-21,0.0235
2003-06-22,0.0692
2003-06-23,0.0885
2003-06-24,0.0848
2003-06-25,0.0814
2003-06-26,0.0955
2003-06-27,0.101
2003-06-28,0.1302
2003-06-29,0.1616
2003-06-30,0.2046
2003-07-01,0.2922
2003-07-02,0.3177
2003-07-03,0.313
2003-07-04,0.3031
2003-07-05,0.3224
2003-07-06,0.3227
2003-07-07,0.3212
2003-07-08,0.3108
2003-07-09,0.2951
2003-07-10,0.3003
2003-07-11,0.264
2003-07-12,0.2611
2003-07-13,0.3003
2003-07-14,0.3101
2003-07-15,0.2697
2003-07-16,0.2754
2003-07-17,0.2905
2003-07-18,0.3182
2003-07-19,0.3352
2003-07-20,0.3613
2003-07-21,0.3951
2003-07-22,0.3911
2003-07-23,0.3428
2003-07-24,0.3268
2003-07-25,0.3398
2003-07-26,0.3459
2003-07-27,0.3817
2003-07-28,0.3922
2003-07-29,0.4031
2003-07-30,0.4068
2003-07-31,0.377
2003-08-01,0.4027
2003-08-02,0.4188
2003-08-03,0.4346
2003-08-04,0.4221
2003-08-05,0.4149
2003-08-06,0.4283
2003-08-07,0.4267
2003-08-08,0.4081
2003-08-09,0.4113
2003-08-10,0.432
2003-08-11,0.4868
2003-08-12,0.5264
2003-08-13,0.5488
2003-08-14,0.573
2003-08-15,0.6109
2003-08-16,0.616
2003-08-17,0.6475
2003-08-18,0.6589
2003-08-19,0.7011
2003-08-20,0.7128
2003-08-21,0.7003
2003-08-22,0.6926
2003-08-23,0.669
2003-08-24,0.6577
2003-08-25,0.6201
2003-08-26,0.5941
2003-08-27,0.5965
2003-08-28,0.5867
2003-08-29,0.5903
2003-08-30,0.6388
2003-08-31,0.6842
2003-09-01,0.6522
2003-09-02,0.6018
2003-09-03,0.5724
2003-09-04,0.5427
2003-09-05,0.5308
2003-09-06,0.4359
2003-09-07,0.3831
2003-09-08,0.356
2003-09-09,0.3552
2003-09-10,0.3795
2003-09-11,0.3946
2003-09-12,0.4128
2003-09-13,0.4402
2003-09-14,0.4869
2003-09-15,0.5006
2003-09-16,0.5082
2003-09-17,0.5203
2003-09-18,0.5099
2003-09-19,0.5399
2003-09-20,0.6
2003-09-21,0.6393
2003-09-22,0.588
2003-09-23,0.5813
2003-09-24,0.6043
2003-09-25,0.627
2003-09-26,0.6479
2003-09-27,0.6741
2003-09-28,0.721
2003-09-29,0.7699
2003-09-30,0.8085
2003-10-01,0.8367
2003-10-02,0.8613
2003-10-03,0.8408
2003-10-04,0.8078
2003-10-05,0.745
2003-10-06,0.733
2003-10-07,0.7094
2003-10-08,0.7171
2003-10-09,0.7022
2003-10-10,0.6945
2003-10-11,0.6645
2003-10-12,0.6353
2003-10-13,0.6329
2003-10-14,0.6788
2003-10-15,0.6971
2003-10-16,0.7
2003-10-17,0.718
2003-10-18,0.724
2003-10-19,0.7344
2003-10-20,0.7276
2003-10-21,0.7476
2003-10-22,0.7632
2003-10-23,0.742
2003-10-24,0.6947
2003-10-25,0.6452
2003-10-26,0.5817
2003-10-27,0.5506
2003-10-28,0.5387
2003-10-29,0.5054
2003-10-30,0.4759
2003-10-31,0.4899
2003-11-01,0.4957
2003-11-02,0.4716
2003-11-03,0.4435
2003-11-04,0.4447
2003-11-05,0.4555
2003-11-06,0.449
2003-11-07,0.4308
2003-11-08,0.4102
2003-11-09,0.374
2003-11-10,0.3285
2003-11-11,0.269
2003-11-12,0.252
2003-11-13,0.279
2003-11-14,0.2807
2003-11-15,0.2666
2003-11-16,0.2823
2003-11-17,0.3072
2003-11-18,0.3239
2003-11-19,0.3218
2003-11-20,0.3137
2003-11-21,0.3236
2003-11-22,0.3685
2003-11-23,0.3934
2003-11-24,0.4305
2003-11-25,0.4307
2003-11-26,0.4408
2003-11-27,0.4351
2003-11-28,0.4137
2003-11-29,0.3966
2003-11-30,0.3579
2003-12-01,0.3549
2003-12-02,0.3807
2003-12-03,0.3819
2003-12-04,0.3543
2003-12-05,0.3468
2003-12-06,0.3255
2003-12-07,0.2847
2003-12-08,0.2756
2003-12-09,0.2953
2003-12-10,0.3249
2003-12-11,0.3657
2003-12-12,0.3982
2003-12-13,0.4067
2003-12-14,0.4074
2003-12-15,0.3927
2003-12-16,0.3942
2003-12-17,0.392
2003-12-18,0.3798
2003-12-19,0.3878
2003-12-20,0.3879
2003-12-21,0.3788
2003-12-22,0.3772
2003-12-23,0.3734
2003-12-24,0.3731
2003-12-25,0.3846
2003-12-26,0.3867
2003-12-27,0.3977
2003-12-28,0.4196
2003-12-29,0.4342
2003-12-30,0.4312
2003-12-31,0.4022
2004-01-01,0.3974
2004-01-02,0.4117
2004-01-03,0.4041
2004-01-04,0.3991
2004-01-05,0.4127
2004-01-06,0.4052
2004-01-07,0.4037
2004-01-08,0.3995
2004-01-09,0.3958
2004-01-10,0.3978
2004-01-11,0.4025
2004-01-12,0.4283
2004-01-13,0.423
2004-01-14,0.4193
2004-01-15,0.4102
2004-01-16,0.4204
2004-01-17,0.4109
2004-01-18,0.3733
2004-01-19,0.3649
2004-01-20,0.3936
2004-01-21,0.3952
2004-01-22,0.4029
2004-01-23,0.3769
2004-01-24,0.3441
2004-01-25,0.3365
2004-01-26,0.3542
2004-01-27,0.36
2004-01-28,0.3774
2004-01-29,0.3797
2004-01-30,0.39
2004-01-31,0.3802
2004-02-01,0.3769
2004-02-02,0.3963
2004-02-03,0.4216
2004-02-04,0.4297
2004-02-05,0.377
2004-02-06,0.3298
2004-02-07,0.308
2004-02-08,0.2963
2004-02-09,0.3018
2004-02-10,0.3155
2004-02-11,0.3272
2004-02-12,0.3157
2004-02-13,0.3309
2004-02-14,0.3509
2004-02-15,0.3423
2004-02-16,0.3089
2004-02-17,0.2875
2004-02-18,0.2712
2004-02-19,0.2742
2004-02-20,0.2888
2004-02-21,0.3075
2004-02-22,0.3155
2004-02-23,0.32
2004-02-24,0.311
2004-02-25,0.3164
2004-02-26,0.3173
2004-02-27,0.308
2004-02-28,0.3059
2004-02-29,0.3417
2004-03-01,0.3436
2004-03-02,0.3427
2004-03-03,0.3503
2004-03-04,0.3313
2004-03-05,0.253
2004-03-06,0.1834
2004-03-07,0.162
2004-03-08,0.2016
2004-03-09,0.2715
2004-03-10,0.3127
2004-03-11,0.3163
2004-03-12,0.3349
2004-03-13,0.3205
2004-03-14,0.2966
2004-03-15,0.27
2004-03-16,0.2699
2004-03-17,0.253
2004-03-18,0.213
2004-03-19,0.2039
2004-03-20,0.1913
2004-03-21,0.2004
2004-03-22,0.1878
2004-03-23,0.1542
2004-03-24,0.1538
2004-03-25,0.1413
2004-03-26,0.1183
2004-03-27,0.1187
2004-03-28,0.1299
2004-03-29,0.1083
2004-03-30,0.1246
2004-03-31,0.161
2004-04-01,0.1884
2004-04-02,0.2262
2004-04-03,0.2269
2004-04-04,0.2156
2004-04-05,0.2163
2004-04-06,0.222
2004-04-07,0.1997
2004-04-08,0.2064
2004-04-09,0.2748
2004-04-10,0.3139
2004-04-11,0.3334
2004-04-12,0.3155
2004-04-13,0.2827
2004-04-14,0.26
2004-04-15,0.2875
2004-04-16,0.2784
2004-04-17,0.2458
2004-04-18,0.2222
2004-04-19,0.1864
2004-04-20,0.1482
2004-04-21,0.1419
2004-04-22,0.1168
2004-04-23,0.096
2004-04-24,0.0739
2004-04-25,0.0824
2004-04-26,0.0779
2004-04-27,0.0601
2004-04-28,0.0795
2004-04-29,0.079
2004-04-30,0.0776
2004-05-01,0.0815
2004-05-02,0.0774
2004-05-03,0.0258
2004-05-04,-0.0269
2004-05-05,-0.058
2004-05-06,-0.0932
2004-05-07,-0.1148
2004-05-08,-0.1213
2004-05-09,-0.1362
2004-05-10,-0.1452
2004-05-11,-0.1409
2004-05-12,-0.1228
2004-05-13,-0.1061
2004-05-14,-0.1136
2004-05-15,-0.0749
2004-05-16,-0.0436
2004-05-17,-0.0937
2004-05-18,-0.104
2004-05-19,-0.0768
2004-05-20,-0.0643
2004-05-21,-0.1089
2004-05-22,-0.1346
2004-05-23,-0.0768
2004-05-24,-0.0395
2004-05-25,-0.0326
2004-05-26,-0.0628
2004-05-27,-0.0935
2004-05-28,-0.0612
2004-05-29,-0.0139
2004-05-30,0.003
2004-05-31,0.0107
2004-06-01,-0.0043
2004-06-02,0.0107
2004-06-03,-0.0276
2004-06-04,-0.0181
2004-06-05,-0.0155
2004-06-06,-0.0212
2004-06-07,-0.0209
2004-06-08,-0.0357
2004-06-09,-0.0741
2004-06-10,-0.0546
2004-06-11,-0.0055
2004-06-12,0.0137
2004-06-13,0.059
2004-06-14,0.121
2004-06-15,0.1618
2004-06-16,0.2125
2004-06-17,0.175
2004-06-18,0.1478
2004-06-19,0.1243
2004-06-20,0.1318
2004-06-21,0.1721
2004-06-22,0.2175
2004-06-23,0.2406
2004-06-24,0.2893
2004-06-25,0.28
2004-06-26,0.2412
2004-06-27,0.3077
2004-06-28,0.2977
2004-06-29,0.2594
2004-06-30,0.2244
2004-07-01,0.1547
2004-07-02,0.1009
2004-07-03,0.0952
2004-07-04,0.1154
2004-07-05,0.1038
2004-07-06,0.1218
2004-07-07,0.1336
2004-07-08,0.1291
2004-07-09,0.138
2004-07-10,0.1222
2004-07-11,0.1179
2004-07-12,0.0913
2004-07-13,0.0502
2004-07-14,0.0604
2004-07-15,0.1041
2004-07-16,0.1183
2004-07-17,0.1649
2004-07-18,0.1728
2004-07-19,0.1381
2004-07-20,0.1196
2004-07-21,0.1536
2004-07-22,0.1957
2004-07-23,0.262
2004-07-24,0.3482
2004-07-25,0.4029
2004-07-26,0.417
2004-07-27,0.4238
2004-07-28,0.4805
2004-07-29,0.4786
2004-07-30,0.4738
2004-07-31,0.4358
2004-08-01,0.4356
2004-08-02,0.4474
2004-08-03,0.4516
2004-08-04,0.4092
2004-08-05,0.3682
2004-08-06,0.3345
2004-08-07,0.3672
2004-08-08,0.4295
2004-08-09,0.4741
2004-08-10,0.49
2004-08-11,0.4839
2004-08-12,0.4679
2004-08-13,0.4107
2004-08-14,0.4069
2004-08-15,0.3868
2004-08-16,0.3507
2004-08-17,0.3485
2004-08-18,0.3405
2004-08-19,0.3649
2004-08-20,0.3633
2004-08-21,0.3964
2004-08-22,0.459
2004-08-23,0.4918
2004-08-24,0.4865
2004-08-25,0.4466
2004-08-26,0.4171
2004-08-27,0.4014
2004-08-28,0.4392
2004-08-29,0.4847
2004-08-30,0.5272
2004-08-31,0.577
2004-09-01,0.5349
2004-09-02,0.5071
2004-09-03,0.4832
2004-09-04,0.4302
2004-09-05,0.3797
2004-09-06,0.3649
2004-09-07,0.3096
2004-09-08,0.3178
2004-09-09,0.3385
2004-09-10,0.34
2004-09-11,0.3586
2004-09-12,0.3516
2004-09-13,0.2843
2004-09-14,0.2547
2004-09-15,0.1932
2004-09-16,0.1981
2004-09-17,0.2396
2004-09-18,0.2639
2004-09-19,0.2869
2004-09-20,0.2712
2004-09-21,0.2158
2004-09-22,0.2406
2004-09-23,0.255
2004-09-24,0.2598
2004-09-25,0.2584
2004-09-26,0.2509
2004-09-27,0.2621
2004-09-28,0.2718
2004-09-29,0.2852
2004-09-30,0.3251
2004-10-01,0.3566
2004-10-02,0.3793
2004-10-03,0.3802
2004-10-04,0.3723
2004-10-05,0.3729
2004-10-06,0.3682
2004-10-07,0.393
2004-10-08,0.411
2004-10-09,0.4
2004-10-10,0.384
2004-10-11,0.3472
2004-10-12,0.3245
2004-10-13,0.3285
2004-10-14,0.3428
2004-10-15,0.3578
2004-10-16,0.3417
2004-10-17,0.3396
2004-10-18,0.3922
2004-10-19,0.4452
2004-10-20,0.4663
2004-10-21,0.4463
2004-10-22,0.441
2004-10-23,0.4325
2004-10-24,0.4271
2004-10-25,0.4052
2004-10-26,0.3871
2004-10-27,0.3852
2004-10-28,0.3879
2004-10-29,0.3698
2004-10-30,0.3164
2004-10-31,0.3077
2004-11-01,0.3053
2004-11-02,0.3085
2004-11-03,0.3032
2004-11-04,0.3147
2004-11-05,0.2967
2004-11-06,0.3016
2004-11-07,0.3352
2004-11-08,0.3606
2004-11-09,0.3669
2004-11-10,0.3497
2004-11-11,0.3579
2004-11-12,0.3369
2004-11-13,0.2993
2004-11-14,0.2613
2004-11-15,0.2707
2004-11-16,0.325
2004-11-17,0.3442
2004-11-18,0.3336
2004-11-19,0.3183
2004-11-20,0.3101
2004-11-21,0.2977
2004-11-22,0.2919
2004-11-23,0.2944
2004-11-24,0.3074
2004-11-25,0.3303
2004-11-26,0.3166
2004-11-27,0.3119
2004-11-28,0.2986
2004-11-29,0.2915
2004-11-30,0.3087
2004-12-01,0.3219
2004-12-02,0.3478
2004-12-03,0.3966
2004-12-04,0.3808
2004-12-05,0.357
2004-12-06,0.3592
2004-12-07,0.3375
2004-12-08,0.3213
2004-12-09,0.3169
2004-12-10,0.3165
2004-12-11,0.3273
2004-12-12,0.3411
2004-12-13,0.3364
2004-12-14,0.3275
2004-12-15,0.3198
2004-12-16,0.3168
2004-12-17,0.3064
2004-12-18,0.2846
2004-12-19,0.2831
2004-12-20,0.2783
2004-12-21,0.2704
2004-12-22,0.2759
2004-12-23,0.2599
2004-12-24,0.2653
2004-12-25,0.2848
2004-12-26,0.3045
2004-12-27,0.3113
2004-12-28,0.2991
2004-12-29,0.319
2004-12-30,0.3253
2004-12-31,0.3193
2005-01-01,0.3554
2005-01-02,0.3569
2005-01-03,0.3455
2005-01-04,0.317
2005-01-05,0.2931
2005-01-06,0.2609
2005-01-07,0.2536
2005-01-08,0.247
2005-01-09,0.2408
2005-01-10,0.268
2005-01-11,0.3053
2005-01-12,0.3727
2005-01-13,0.3919
2005-01-14,0.3904
2005-01-15,0.383
2005-01-16,0.4012
2005-01-17,0.3882
2005-01-18,0.3433
2005-01-19,0.3035
2005-01-20,0.3076
2005-01-21,0.3301
2005-01-22,0.3646
2005-01-23,0.3621
2005-01-24,0.3541
2005-01-25,0.363
2005-01-26,0.3764
2005-01-27,0.3513
2005-01-28,0.3381
2005-01-29,0.3277
2005-01-30,0.3217
2005-01-31,0.319
2005-02-01,0.3171
2005-02-02,0.3039
2005-02-03,0.2724
2005-02-04,0.2033
2005-02-05,0.2015
2005-02-06,0.2164
2005-02-07,0.2433
2005-02-08,0.2655
2005-02-09,0.2899
2005-02-10,0.3181
2005-02-11,0.3538
2005-02-12,0.3503
2005-02-13,0.3186
2005-02-14,0.2764
2005-02-15,0.2852
2005-02-16,0.2793
2005-02-17,0.3056
2005-02-18,0.3021
2005-02-19,0.2652
2005-02-20,0.2429
2005-02-21,0.2426
2005-02-22,0.2285
2005-02-23,0.2053
2005-02-24,0.2094
2005-02-25,0.2064
2005-02-26,0.2069
2005-02-27,0.2137
2005-02-28,0.2173
2005-03-01,0.2371
2005-03-02,0.2535
2005-03-03,0.2546
2005-03-04,0.2452
2005-03-05,0.2559
2005-03-06,0.237
2005-03-07,0.2079
2005-03-08,0.2245
2005-03-09,0.2851
2005-03-10,0.2905
2005-03-11,0.2829
2005-03-12,0.3132
2005-03-13,0.3882
2005-03-14,0.4359
2005-03-15,0.4276
2005-03-16,0.4067
2005-03-17,0.3778
2005-03-18,0.3897
2005-03-19,0.4238
2005-03-20,0.4753
2005-03-21,0.5266
2005-03-22,0.5295
2005-03-23,0.5126
2005-03-24,0.4764
2005-03-25,0.4576
2005-03-26,0.4587
2005-03-27,0.4381
2005-03-28,0.4063
2005-03-29,0.3967
2005-03-30,0.399
2005-03-31,0.4112
2005-04-01,0.4263
2005-04-02,0.4613
2005-04-03,0.5031
2005-04-04,0.5568
2005-04-05,0.5704
2005-04-06,0.5618
2005-04-07,0.5343
2005-04-08,0.4952
2005-04-09,0.502
2005-04-10,0.5141
2005-04-11,0.5247
2005-04-12,0.5292
2005-04-13,0.5151
2005-04-14,0.4766
2005-04-15,0.424
2005-04-16,0.3802
2005-04-17,0.3499
2005-04-18,0.3345
2005-04-19,0.3257
2005-04-20,0.3813
2005-04-21,0.4729
2005-04-22,0.512
2005-04-23,0.5266
2005-04-24,0.5461
2005-04-25,0.5675
2005-04-26,0.5592
2005-04-27,0.5384
2005-04-28,0.5061
2005-04-29,0.4549
2005-04-30,0.4091
2005-05-01,0.3627
2005-05-02,0.3955
2005-05-03,0.4454
2005-05-04,0.4929
2005-05-05,0.5178
2005-05-06,0.5111
2005-05-07,0.5276
2005-05-08,0.5083
2005-05-09,0.4587
2005-05-10,0.4175
2005-05-11,0.3813
2005-05-12,0.3677
2005-05-13,0.334
2005-05-14,0.2394
2005-05-15,0.2244
2005-05-16,0.2289
2005-05-17,0.2438
2005-05-18,0.2893
2005-05-19,0.3184
2005-05-20,0.3312
2005-05-21,0.323
2005-05-22,0.3328
2005-05-23,0.3493
2005-05-24,0.3591
2005-05-25,0.4234
2005-05-26,0.4634
2005-05-27,0.4583
2005-05-28,0.4613
2005-05-29,0.4573
2005-05-30,0.4489
2005-05-31,0.4081
2005-06-01,0.3676
2005-06-02,0.334
2005-06-03,0.3211
2005-06-04,0.3465
2005-06-05,0.3989
2005-06-06,0.417
2005-06-07,0.3943
2005-06-08,0.3591
2005-06-09,0.3172
2005-06-10,0.2684
2005-06-11,0.2534
2005-06-12,0.2425
2005-06-13,0.2548
2005-06-14,0.3057
2005-06-15,0.321
2005-06-16,0.3578
2005-06-17,0.4338
2005-06-18,0.4979
2005-06-19,0.5142
2005-06-20,0.5116
2005-06-21,0.5457
2005-06-22,0.5413
2005-06-23,0.5601
2005-06-24,0.5706
2005-06-25,0.5453
2005-06-26,0.5464
2005-06-27,0.5234
2005-06-28,0.4878
2005-06-29,0.4859
2005-06-30,0.4963
2005-07-01,0.5004
2005-07-02,0.5206
2005-07-03,0.5608
2005-07-04,0.5515
2005-07-05,0.571
2005-07-06,0.5655
2005-07-07,0.5534
2005-07-08,0.5128
2005-07-09,0.5112
2005-07-10,0.5325
2005-07-11,0.5848
2005-07-12,0.5821
2005-07-13,0.5557
2005-07-14,0.5018
2005-07-15,0.4774
2005-07-16,0.5078
2005-07-17,0.5729
2005-07-18,0.6399
2005-07-19,0.6362
2005-07-20,0.6285
2005-07-21,0.6114
2005-07-22,0.5501
2005-07-23,0.5478
2005-07-24,0.5576
2005-07-25,0.6242
2005-07-26,0.6566
2005-07-27,0.7273
2005-07-28,0.7925
2005-07-29,0.7368
2005-07-30,0.7218
2005-07-31,0.7127
2005-08-01,0.6358
2005-08-02,0.6446
2005-08-03,0.6398
2005-08-04,0.6328
2005-08-05,0.6304
2005-08-06,0.6225
2005-08-07,0.66
2005-08-08,0.685
2005-08-09,0.6724
2005-08-10,0.6554
2005-08-11,0.6427
2005-08-12,0.6873
2005-08-13,0.7251
2005-08-14,0.7626
2005-08-15,0.7078
2005-08-16,0.6727
2005-08-17,0.6086
2005-08-18,0.5784
2005-08-19,0.5433
2005-08-20,0.5187
2005-08-21,0.5791
2005-08-22,0.5913
2005-08-23,0.581
2005-08-24,0.5677
2005-08-25,0.5667
2005-08-26,0.5988
2005-08-27,0.6687
2005-08-28,0.6544
2005-08-29,0.6167
2005-08-30,0.6515
2005-08-31,0.6597
2005-09-01,0.7027
2005-09-02,0.7572
2005-09-03,0.7893
2005-09-04,0.8032
2005-09-05,0.7936
2005-09-06,0.7749
2005-09-07,0.7631
2005-09-08,0.7408
2005-09-09,0.7093
2005-09-10,0.6789
2005-09-11,0.6756
2005-09-12,0.6631
2005-09-13,0.6334
2005-09-14,0.5822
2005-09-15,0.5815
2005-09-16,0.6018
2005-09-17,0.5694
2005-09-18,0.5843
2005-09-19,0.6111
2005-09-20,0.6445
2005-09-21,0.642
2005-09-22,0.6308
2005-09-23,0.6601
2005-09-24,0.6541
2005-09-25,0.6634
2005-09-26,0.6645
2005-09-27,0.6786
2005-09-28,0.6643
2005-09-29,0.6405
2005-09-30,0.6235
2005-10-01,0.5995
2005-10-02,0.5826
2005-10-03,0.5272
2005-10-04,0.5114
2005-10-05,0.5068
2005-10-06,0.4987
2005-10-07,0.5244
2005-10-08,0.4663
2005-10-09,0.4141
2005-10-10,0.4123
2005-10-11,0.4178
2005-10-12,0.436
2005-10-13,0.4062
2005-10-14,0.3962
2005-10-15,0.3966
2005-10-16,0.4045
2005-10-17,0.4486
2005-10-18,0.4759
2005-10-19,0.4999
2005-10-20,0.5097
2005-10-21,0.5149
2005-10-22,0.5064
2005-10-23,0.5046
2005-10-24,0.5001
2005-10-25,0.469
2005-10-26,0.4523
2005-10-27,0.4853
2005-10-28,0.513
2005-10-29,0.5166
2005-10-30,0.4875
2005-10-31,0.4441
2005-11-01,0.424
2005-11-02,0.4427
2005-11-03,0.4327
2005-11-04,0.4053
2005-11-05,0.4004
2005-11-06,0.4196
2005-11-07,0.4373
2005-11-08,0.4454
2005-11-09,0.4379
2005-11-10,0.4217
2005-11-11,0.401
2005-11-12,0.3623
2005-11-13,0.3262
2005-11-14,0.3023
2005-11-15,0.3096
2005-11-16,0.3197
2005-11-17,0.3151
2005-11-18,0.301
2005-11-19,0.2795
2005-11-20,0.2514
2005-11-21,0.2674
2005-11-22,0.2945
2005-11-23,0.313
2005-11-24,0.3303
2005-11-25,0.3725
2005-11-26,0.3848
2005-11-27,0.397
2005-11-28,0.4501
2005-11-29,0.4803
2005-11-30,0.481
2005-12-01,0.4536
2005-12-02,0.501
2005-12-03,0.5112
2005-12-04,0.4934
2005-12-05,0.483
2005-12-06,0.4805
2005-12-07,0.4675
2005-12-08,0.428
2005-12-09,0.414
2005-12-10,0.4155
2005-12-11,0.3743
2005-12-12,0.3078
2005-12-13,0.2973
2005-12-14,0.3299
2005-12-15,0.3718
2005-12-16,0.3966
2005-12-17,0.4058
2005-12-18,0.4109
2005-12-19,0.4196
2005-12-20,0.4244
2005-12-21,0.4316
2005-12-22,0.4416
2005-12-23,0.4705
2005-12-24,0.4732
2005-12-25,0.4517
2005-12-26,0.4433
2005-12-27,0.4371
2005-12-28,0.3981
2005-12-29,0.4036
2005-12-30,0.4126
2005-12-31,0.3942
2006-01-01,0.3883
2006-01-02,0.375
2006-01-03,0.3709
2006-01-04,0.3626
2006-01-05,0.3522
2006-01-06,0.3452
2006-01-07,0.3576
2006-01-08,0.3919
2006-01-09,0.407
2006-01-10,0.4151
2006-01-11,0.4072
2006-01-12,0.4093
2006-01-13,0.3886
2006-01-14,0.3607
2006-01-15,0.3404
2006-01-16,0.333
2006-01-17,0.3027
2006-01-18,0.2818
2006-01-19,0.2991
2006-01-20,0.332
2006-01-21,0.3363
2006-01-22,0.3386
2006-01-23,0.2989
2006-01-24,0.2838
2006-01-25,0.2928
2006-01-26,0.2786
2006-01-27,0.2848
2006-01-28,0.2764
2006-01-29,0.2732
2006-01-30,0.2687
2006-01-31,0.2765
2006-02-01,0.2996
2006-02-02,0.3035
2006-02-03,0.3095
2006-02-04,0.2954
2006-02-05,0.2806
2006-02-06,0.2722
2006-02-07,0.2887
2006-02-08,0.2907
2006-02-09,0.2907
2006-02-10,0.2882
2006-02-11,0.2665
2006-02-12,0.2477
2006-02-13,0.2201
2006-02-14,0.2396
2006-02-15,0.2437
2006-02-16,0.2232
2006-02-17,0.2066
2006-02-18,0.1884
2006-02-19,0.1709
2006-02-20,0.1656
2006-02-21,0.1702
2006-02-22,0.1829
2006-02-23,0.1774
2006-02-24,0.163
2006-02-25,0.1657
2006-02-26,0.1673
2006-02-27,0.1339
2006-02-28,0.1004
2006-03-01,0.0637
2006-03-02,0.0702
2006-03-03,0.0682
2006-03-04,0.0708
2006-03-05,0.0809
2006-03-06,0.0851
2006-03-07,0.0862
2006-03-08,0.0657
2006-03-09,0.034
2006-03-10,0.0448
2006-03-11,0.0685
2006-03-12,0.0789
2006-03-13,0.0968
2006-03-14,0.115
2006-03-15,0.1114
2006-03-16,0.1115
2006-03-17,0.1333
2006-03-18,0.1332
2006-03-19,0.1572
2006-03-20,0.1705
2006-03-21,0.1545
2006-03-22,0.137
2006-03-23,0.1226
2006-03-24,0.1351
2006-03-25,0.1555
2006-03-26,0.1661
2006-03-27,0.1914
2006-03-28,0.2291
2006-03-29,0.2518
2006-03-30,0.2637
2006-03-31,0.2548
2006-04-01,0.282
2006-04-02,0.3066
2006-04-03,0.3113
2006-04-04,0.2985
2006-04-05,0.3008
2006-04-06,0.2571
2006-04-07,0.2359
2006-04-08,0.1967
2006-04-09,0.1861
2006-04-10,0.2296
2006-04-11,0.2303
2006-04-12,0.2171
2006-04-13,0.2485
2006-04-14,0.295
2006-04-15,0.3322
2006-04-16,0.3344
2006-04-17,0.2971
2006-04-18,0.2501
2006-04-19,0.3197
2006-04-20,0.3935
2006-04-21,0.3632
2006-04-22,0.3252
2006-04-23,0.2853
2006-04-24,0.287
2006-04-25,0.2939
2006-04-26,0.2801
2006-04-27,0.2607
2006-04-28,0.2626
2006-04-29,0.2898
2006-04-30,0.316
2006-05-01,0.3106
2006-05-02,0.2873
2006-05-03,0.2643
2006-05-04,0.2471
2006-05-05,0.2673
2006-05-06,0.2925
2006-05-07,0.3278
2006-05-08,0.3551
2006-05-09,0.3738
2006-05-10,0.4185
2006-05-11,0.4544
2006-05-12,0.4754
2006-05-13,0.5239
2006-05-14,0.5931
2006-05-15,0.6278
2006-05-16,0.6123
2006-05-17,0.5659
2006-05-18,0.5198
2006-05-19,0.4603
2006-05-20,0.4143
2006-05-21,0.4155
2006-05-22,0.3879
2006-05-23,0.3498
2006-05-24,0.3226
2006-05-25,0.3015
2006-05-26,0.304
2006-05-27,0.343
2006-05-28,0.3767
2006-05-29,0.4016
2006-05-30,0.4012
2006-05-31,0.3962
2006-06-01,0.4113
2006-06-02,0.455
2006-06-03,0.49
2006-06-04,0.5177
2006-06-05,0.5333
2006-06-06,0.5143
2006-06-07,0.482
2006-06-08,0.4426
2006-06-09,0.3918
2006-06-10,0.3751
2006-06-11,0.3768
2006-06-12,0.3611
2006-06-13,0.3276
2006-06-14,0.2821
2006-06-15,0.2488
2006-06-16,0.2531
2006-06-17,0.2435
2006-06-18,0.2642
2006-06-19,0.3043
2006-06-20,0.2436
2006-06-21,0.2567
2006-06-22,0.2601
2006-06-23,0.3056
2006-06-24,0.3698
2006-06-25,0.4468
2006-06-26,0.5054
2006-06-27,0.5067
2006-06-28,0.5042
2006-06-29,0.4954
2006-06-30,0.4772
2006-07-01,0.4974
2006-07-02,0.4888
2006-07-03,0.4679
2006-07-04,0.4063
2006-07-05,0.4505
2006-07-06,0.4416
2006-07-07,0.4313
2006-07-08,0.4044
2006-07-09,0.413
2006-07-10,0.4086
2006-07-11,0.4011
2006-07-12,0.3819
2006-07-13,0.3384
2006-07-14,0.2714
2006-07-15,0.2809
2006-07-16,0.3117
2006-07-17,0.356
2006-07-18,0.3998
2006-07-19,0.4569
2006-07-20,0.4251
2006-07-21,0.3899
2006-07-22,0.4019
2006-07-23,0.4298
2006-07-24,0.4814
2006-07-25,0.4526
2006-07-26,0.4031
2006-07-27,0.3785
2006-07-28,0.3478
2006-07-29,0.3823
2006-07-30,0.4684
2006-07-31,0.5041
2006-08-01,0.5472
2006-08-02,0.5353
2006-08-03,0.5229
2006-08-04,0.4828
2006-08-05,0.4617
2006-08-06,0.5109
2006-08-07,0.5241
2006-08-08,0.5407
2006-08-09,0.5578
2006-08-10,0.6055
2006-08-11,0.6298
2006-08-12,0.6204
2006-08-13,0.6408
2006-08-14,0.6205
2006-08-15,0.589
2006-08-16,0.5563
2006-08-17,0.5489
2006-08-18,0.5123
2006-08-19,0.5334
2006-08-20,0.5398
2006-08-21,0.5918
2006-08-22,0.6157
2006-08-23,0.6105
2006-08-24,0.5982
2006-08-25,0.6035
2006-08-26,0.6166
2006-08-27,0.6466
2006-08-28,0.6364
2006-08-29,0.6536
2006-08-30,0.6593
2006-08-31,0.6615
2006-09-01,0.6502
2006-09-02,0.6237
2006-09-03,0.6014
2006-09-04,0.646
2006-09-05,0.6141
2006-09-06,0.5832
2006-09-07,0.603
2006-09-08,0.6089
2006-09-09,0.6144
2006-09-10,0.5755
2006-09-11,0.5144
2006-09-12,0.474
2006-09-13,0.4523
2006-09-14,0.4117
2006-09-15,0.4343
2006-09-16,0.4653
2006-09-17,0.5061
2006-09-18,0.5064
2006-09-19,0.5412
2006-09-20,0.5656
2006-09-21,0.5744
2006-09-22,0.5605
2006-09-23,0.5137
2006-09-24,0.5035
2006-09-25,0.4971
2006-09-26,0.533
2006-09-27,0.5732
2006-09-28,0.598
2006-09-29,0.6234
2006-09-30,0.6386
2006-10-01,0.6382
2006-10-02,0.6293
2006-10-03,0.6254
2006-10-04,0.6234
2006-10-05,0.5953
2006-10-06,0.5398
2006-10-07,0.4899
2006-10-08,0.4797
2006-10-09,0.4939
2006-10-10,0.5083
2006-10-11,0.5286
2006-10-12,0.5436
2006-10-13,0.5626
2006-10-14,0.5753
2006-10-15,0.5591
2006-10-16,0.5668
2006-10-17,0.5663
2006-10-18,0.5691
2006-10-19,0.5917
2006-10-20,0.613
2006-10-21,0.6362
2006-10-22,0.6666
2006-10-23,0.6771
2006-10-24,0.683
2006-10-25,0.675
2006-10-26,0.6464
2006-10-27,0.6208
2006-10-28,0.5681
2006-10-29,0.5406
2006-10-30,0.5481
2006-10-31,0.5712
2006-11-01,0.6057
2006-11-02,0.6123
2006-11-03,0.6052
2006-11-04,0.582
2006-11-05,0.572
2006-11-06,0.5843
2006-11-07,0.5835
2006-11-08,0.5875
2006-11-09,0.6162
2006-11-10,0.6549
2006-11-11,0.6345
2006-11-12,0.5891
2006-11-13,0.5832
2006-11-14,0.6219
2006-11-15,0.644
2006-11-16,0.6827
2006-11-17,0.6626
2006-11-18,0.6259
2006-11-19,0.6616
2006-11-20,0.679
2006-11-21,0.6778
2006-11-22,0.6349
2006-11-23,0.6177
2006-11-24,0.6264
2006-11-25,0.6105
2006-11-26,0.5578
2006-11-27,0.5388
2006-11-28,0.5562
2006-11-29,0.5665
2006-11-30,0.5884
2006-12-01,0.5859
2006-12-02,0.5524
2006-12-03,0.5209
2006-12-04,0.4787
2006-12-05,0.4499
2006-12-06,0.4501
2006-12-07,0.4518
2006-12-08,0.4482
2006-12-09,0.4353
2006-12-10,0.4028
2006-12-11,0.3694
2006-12-12,0.3455
2006-12-13,0.3275
2006-12-14,0.3235
2006-12-15,0.3485
2006-12-16,0.3533
2006-12-17,0.3227
2006-12-18,0.3341
2006-12-19,0.3397
2006-12-20,0.3509
2006-12-21,0.3575
2006-12-22,0.3641
2006-12-23,0.3572
2006-12-24,0.3411
2006-12-25,0.3483
2006-12-26,0.348
2006-12-27,0.3516
2006-12-28,0.3728
2006-12-29,0.4004
2006-12-30,0.4036
2006-12-31,0.3697
2007-01-01,0.3997
2007-01-02,0.3636
2007-01-03,0.3383
2007-01-04,0.298
2007-01-05,0.2957
2007-01-06,0.3405
2007-01-07,0.3737
2007-01-08,0.3991
2007-01-09,0.4184
2007-01-10,0.4091
2007-01-11,0.3673
2007-01-12,0.3651
2007-01-13,0.3713
2007-01-14,0.3584
2007-01-15,0.3716
2007-01-16,0.3873
2007-01-17,0.3876
2007-01-18,0.3977
2007-01-19,0.4072
2007-01-20,0.3857
2007-01-21,0.3702
2007-01-22,0.3725
2007-01-23,0.3624
2007-01-24,0.3805
2007-01-25,0.4071
2007-01-26,0.421
2007-01-27,0.4189
2007-01-28,0.4081
2007-01-29,0.4117
2007-01-30,0.4022
2007-01-31,0.4056
2007-02-01,0.4046
2007-02-02,0.4099
2007-02-03,0.4284
2007-02-04,0.4328
2007-02-05,0.4183
2007-02-06,0.4133
2007-02-07,0.4182
2007-02-08,0.4365
2007-02-09,0.4548
2007-02-10,0.4918
2007-02-11,0.511
2007-02-12,0.5287
2007-02-13,0.5349
2007-02-14,0.5238
2007-02-15,0.5016
2007-02-16,0.4798
2007-02-17,0.4514
2007-02-18,0.428
2007-02-19,0.4082
2007-02-20,0.3743
2007-02-21,0.3557
2007-02-22,0.3712
2007-02-23,0.4119
2007-02-24,0.4036
2007-02-25,0.3877
2007-02-26,0.3883
2007-02-27,0.39
2007-02-28,0.3779
2007-03-01,0.3628
2007-03-02,0.3714
2007-03-03,0.3689
2007-03-04,0.3497
2007-03-05,0.34
2007-03-06,0.3565
2007-03-07,0.3524
2007-03-08,0.3474
2007-03-09,0.3447
2007-03-10,0.3439
2007-03-11,0.3438
2007-03-12,0.3263
2007-03-13,0.3108
2007-03-14,0.3027
2007-03-15,0.3172
2007-03-16,0.3481
2007-03-17,0.3467
2007-03-18,0.2994
2007-03-19,0.2504
2007-03-20,0.2013
2007-03-21,0.1751
2007-03-22,0.1615
2007-03-23,0.1663
2007-03-24,0.1628
2007-03-25,0.157
2007-03-26,0.1355
2007-03-27,0.1352
2007-03-28,0.1349
2007-03-29,0.1264
2007-03-30,0.0997
2007-03-31,0.0839
2007-04-01,0.0797
2007-04-02,0.0798
2007-04-03,0.1006
2007-04-04,0.1291
2007-04-05,0.1575
2007-04-06,0.1628
2007-04-07,0.1488
2007-04-08,0.1678
2007-04-09,0.1992
2007-04-10,0.216
2007-04-11,0.238
2007-04-12,0.2443
2007-04-13,0.2504
2007-04-14,0.2758
2007-04-15,0.2815
2007-04-16,0.2505
2007-04-17,0.2315
2007-04-18,0.2551
2007-04-19,0.273
2007-04-20,0.27
2007-04-21,0.2519
2007-04-22,0.2476
2007-04-23,0.2414
2007-04-24,0.2185
2007-04-25,0.1742
2007-04-26,0.1642
2007-04-27,0.1834
2007-04-28,0.1871
2007-04-29,0.1705
2007-04-30,0.1751
2007-05-01,0.201
2007-05-02,0.2016
2007-05-03,0.2238
2007-05-04,0.237
2007-05-05,0.2274
2007-05-06,0.2217
2007-05-07,0.215
2007-05-08,0.2265
2007-05-09,0.2677
2007-05-10,0.3077
2007-05-11,0.3605
2007-05-12,0.3917
2007-05-13,0.3762
2007-05-14,0.3364
2007-05-15,0.2899
2007-05-16,0.2554
2007-05-17,0.237
2007-05-18,0.1984
2007-05-19,0.1525
2007-05-20,0.1351
2007-05-21,0.126
2007-05-22,0.124
2007-05-23,0.0934
2007-05-24,0.0846
2007-05-25,0.0851
2007-05-26,0.103
2007-05-27,0.0894
2007-05-28,0.0604
2007-05-29,0.021
2007-05-30,-0.0213
2007-05-31,-0.0694
2007-06-01,-0.0708
2007-06-02,-0.0536
2007-06-03,-0.0332
2007-06-04,-0.019
2007-06-05,-0.0059
2007-06-06,0.0039
2007-06-07,0.0569
2007-06-08,0.0919
2007-06-09,0.1277
2007-06-10,0.1511
2007-06-11,0.1433
2007-06-12,0.1023
2007-06-13,0.0574
2007-06-14,0.0494
2007-06-15,0.0636
2007-06-16,0.0816
2007-06-17,0.0787
2007-06-18,0.0872
2007-06-19,0.1033
2007-06-20,0.1254
2007-06-21,0.1412
2007-06-22,0.1819
2007-06-23,0.2218
2007-06-24,0.2857
2007-06-25,0.2964
2007-06-26,0.2709
2007-06-27,0.2322
2007-06-28,0.1759
2007-06-29,0.1397
2007-06-30,0.1184
2007-07-01,0.152
2007-07-02,0.1872
2007-07-03,0.2318
2007-07-04,0.2352
2007-07-05,0.237
2007-07-06,0.2155
2007-07-07,0.1872
2007-07-08,0.1524
2007-07-09,0.1024
2007-07-10,0.0759
2007-07-11,0.0531
2007-07-12,0.0476
2007-07-13,0.0449
2007-07-14,0.0576
2007-07-15,0.0805
2007-07-16,0.1197
2007-07-17,0.1554
2007-07-18,0.1618
2007-07-19,0.169
2007-07-20,0.1718
2007-07-21,0.1437
2007-07-22,0.1261
2007-07-23,0.1113
2007-07-24,0.1198
2007-07-25,0.1634
2007-07-26,0.2126
2007-07-27,0.2697
2007-07-28,0.3156
2007-07-29,0.3563
2007-07-30,0.3586
2007-07-31,0.3669
2007-08-01,0.3439
2007-08-02,0.2699
2007-08-03,0.2275
2007-08-04,0.2175
2007-08-05,0.2279
2007-08-06,0.2291
2007-08-07,0.2034
2007-08-08,0.1913
2007-08-09,0.1513
2007-08-10,0.132
2007-08-11,0.1271
2007-08-12,0.1427
2007-08-13,0.12
2007-08-14,0.1021
2007-08-15,0.0795
2007-08-16,0.0542
2007-08-17,0.0196
2007-08-18,-0.0079
2007-08-19,-0.0481
2007-08-20,-0.0709
2007-08-21,-0.0458
2007-08-22,-0.0178
2007-08-23,0.0438
2007-08-24,0.0961
2007-08-25,0.1447
2007-08-26,0.1686
2007-08-27,0.1811
2007-08-28,0.183
2007-08-29,0.1987
2007-08-30,0.2299
2007-08-31,0.2493
2007-09-01,0.2465
2007-09-02,0.2301
2007-09-03,0.2498
2007-09-04,0.2607
2007-09-05,0.2693
2007-09-06,0.2887
2007-09-07,0.3149
2007-09-08,0.3441
2007-09-09,0.3617
2007-09-10,0.3759
2007-09-11,0.3552
2007-09-12,0.3456
2007-09-13,0.3574
2007-09-14,0.3633
2007-09-15,0.3674
2007-09-16,0.3529
2007-09-17,0.3578
2007-09-18,0.3744
2007-09-19,0.3761
2007-09-20,0.3964
2007-09-21,0.4155
2007-09-22,0.4281
2007-09-23,0.4209
2007-09-24,0.402
2007-09-25,0.3996
2007-09-26,0.403
2007-09-27,0.4083
2007-09-28,0.3981
2007-09-29,0.4135
2007-09-30,0.4283
2007-10-01,0.4283
2007-10-02,0.4174
2007-10-03,0.4136
2007-10-04,0.4391
2007-10-05,0.4649
2007-10-06,0.4839
2007-10-07,0.4856
2007-10-08,0.4629
2007-10-09,0.4293
2007-10-10,0.4167
2007-10-11,0.4242
2007-10-12,0.4359
2007-10-13,0.4607
2007-10-14,0.4701
2007-10-15,0.4622
2007-10-16,0.4603
2007-10-17,0.4785
2007-10-18,0.4989
2007-10-19,0.5212
2007-10-20,0.5407
2007-10-21,0.5392
2007-10-22,0.5374
2007-10-23,0.5521
2007-10-24,0.5745
2007-10-25,0.5795
2007-10-26,0.5849
2007-10-27,0.5646
2007-10-28,0.5533
2007-10-29,0.5325
2007-10-30,0.5114
2007-10-31,0.488
2007-11-01,0.4588
2007-11-02,0.4347
2007-11-03,0.3987
2007-11-04,0.4104
2007-11-05,0.4654
2007-11-06,0.5213
2007-11-07,0.5236
2007-11-08,0.5099
2007-11-09,0.4946
2007-11-10,0.4604
2007-11-11,0.4519
2007-11-12,0.4468
2007-11-13,0.431
2007-11-14,0.4168
2007-11-15,0.4205
2007-11-16,0.4501
2007-11-17,0.4611
2007-11-18,0.4775
2007-11-19,0.4708
2007-11-20,0.4534
2007-11-21,0.4503
2007-11-22,0.4616
2007-11-23,0.4529
2007-11-24,0.4376
2007-11-25,0.4106
2007-11-26,0.4014
2007-11-27,0.4091
2007-11-28,0.3896
2007-11-29,0.3731
2007-11-30,0.3905
2007-12-01,0.3897
2007-12-02,0.3806
2007-12-03,0.3696
2007-12-04,0.3706
2007-12-05,0.3705
2007-12-06,0.3826
2007-12-07,0.4084
2007-12-08,0.4126
2007-12-09,0.4025
2007-12-10,0.4077
2007-12-11,0.4052
2007-12-12,0.3898
2007-12-13,0.377
2007-12-14,0.3582
2007-12-15,0.3453
2007-12-16,0.362
2007-12-17,0.3653
2007-12-18,0.3447
2007-12-19,0.2963
2007-12-20,0.2605
2007-12-21,0.2465
2007-12-22,0.24
2007-12-23,0.2443
2007-12-24,0.2548
2007-12-25,0.259
2007-12-26,0.2362
2007-12-27,0.2433
2007-12-28,0.2458
2007-12-29,0.2468
2007-12-30,0.2381
2007-12-31,0.226
2008-01-01,0.2023
2008-01-02,0.2097
2008-01-03,0.2194
2008-01-04,0.2003
2008-01-05,0.1961
2008-01-06,0.2016
2008-01-07,0.2095
2008-01-08,0.2192
2008-01-09,0.2429
2008-01-10,0.2664
2008-01-11,0.292
2008-01-12,0.3129
2008-01-13,0.3429
2008-01-14,0.354
2008-01-15,0.3774
2008-01-16,0.3828
2008-01-17,0.4054
2008-01-18,0.426
2008-01-19,0.4307
2008-01-20,0.4305
2008-01-21,0.3958
2008-01-22,0.3579
2008-01-23,0.349
2008-01-24,0.322
2008-01-25,0.3003
2008-01-26,0.2975
2008-01-27,0.2742
2008-01-28,0.2439
2008-01-29,0.2139
2008-01-30,0.2161
2008-01-31,0.205
2008-02-01,0.1676
2008-02-02,0.1708
2008-02-03,0.1836
2008-02-04,0.2184
2008-02-05,0.2377
2008-02-06,0.2637
2008-02-07,0.2789
2008-02-08,0.2894
2008-02-09,0.322
2008-02-10,0.3507
2008-02-11,0.3446
2008-02-12,0.3394
2008-02-13,0.3216
2008-02-14,0.3224
2008-02-15,0.3346
2008-02-16,0.3509
2008-02-17,0.3706
2008-02-18,0.3749
2008-02-19,0.3791
2008-02-20,0.3742
2008-02-21,0.3567
2008-02-22,0.3629
2008-02-23,0.3734
2008-02-24,0.3671
2008-02-25,0.374
2008-02-26,0.3995
2008-02-27,0.4169
2008-02-28,0.3848
2008-02-29,0.3591
2008-03-01,0.3436
2008-03-02,0.3117
2008-03-03,0.2759
2008-03-04,0.2494
2008-03-05,0.2595
2008-03-06,0.278
2008-03-07,0.2808
2008-03-08,0.2785
2008-03-09,0.3097
2008-03-10,0.3422
2008-03-11,0.3622
2008-03-12,0.366
2008-03-13,0.3939
2008-03-14,0.4175
2008-03-15,0.4185
2008-03-16,0.4358
2008-03-17,0.4235
2008-03-18,0.393
2008-03-19,0.3559
2008-03-20,0.3296
2008-03-21,0.3131
2008-03-22,0.2828
2008-03-23,0.3147
2008-03-24,0.3289
2008-03-25,0.3197
2008-03-26,0.2497
2008-03-27,0.2156
2008-03-28,0.1904
2008-03-29,0.1723
2008-03-30,0.1628
2008-03-31,0.1336
2008-04-01,0.0868
2008-04-02,0.0738
2008-04-03,0.072
2008-04-04,0.0563
2008-04-05,0.0631
2008-04-06,0.0715
2008-04-07,0.095
2008-04-08,0.1224
2008-04-09,0.15
2008-04-10,0.168
2008-04-11,0.166
2008-04-12,0.1514
2008-04-13,0.1284
2008-04-14,0.1195
2008-04-15,0.1432
2008-04-16,0.154
2008-04-17,0.1453
2008-04-18,0.1663
2008-04-19,0.1437
2008-04-20,0.1193
2008-04-21,0.1313
2008-04-22,0.1435
2008-04-23,0.127
2008-04-24,0.113
2008-04-25,0.1103
2008-04-26,0.1341
2008-04-27,0.1216
2008-04-28,0.0881
2008-04-29,0.0588
2008-04-30,0.0591
2008-05-01,0.0945
2008-05-02,0.1431
2008-05-03,0.1947
2008-05-04,0.1922
2008-05-05,0.2027
2008-05-06,0.2417
2008-05-07,0.2517
2008-05-08,0.2519
2008-05-09,0.2576
2008-05-10,0.2712
2008-05-11,0.3183
2008-05-12,0.3283
2008-05-13,0.3329
2008-05-14,0.3264
2008-05-15,0.3379
2008-05-16,0.3604
2008-05-17,0.3844
2008-05-18,0.4101
2008-05-19,0.4024
2008-05-20,0.3759
2008-05-21,0.3657
2008-05-22,0.3757
2008-05-23,0.3803
2008-05-24,0.3794
2008-05-25,0.3555
2008-05-26,0.3131
2008-05-27,0.2805
2008-05-28,0.2636
2008-05-29,0.2921
2008-05-30,0.3024
2008-05-31,0.3007
2008-06-01,0.3659
2008-06-02,0.38
2008-06-03,0.4133
2008-06-04,0.4233
2008-06-05,0.398
2008-06-06,0.403
2008-06-07,0.3894
2008-06-08,0.3863
2008-06-09,0.4168
2008-06-10,0.4423
2008-06-11,0.4804
2008-06-12,0.5219
2008-06-13,0.5706
2008-06-14,0.6051
2008-06-15,0.5836
2008-06-16,0.583
2008-06-17,0.5736
2008-06-18,0.5757
2008-06-19,0.5904
2008-06-20,0.5909
2008-06-21,0.569
2008-06-22,0.5486
2008-06-23,0.5274
2008-06-24,0.5144
2008-06-25,0.5022
2008-06-26,0.5062
2008-06-27,0.524
2008-06-28,0.5392
2008-06-29,0.524
2008-06-30,0.5338
2008-07-01,0.5202
2008-07-02,0.511
2008-07-03,0.5252
2008-07-04,0.549
2008-07-05,0.5755
2008-07-06,0.5875
2008-07-07,0.5886
2008-07-08,0.5941
2008-07-09,0.6001
2008-07-10,0.5977
2008-07-11,0.6028
2008-07-12,0.5978
2008-07-13,0.581
2008-07-14,0.5704
2008-07-15,0.5784
2008-07-16,0.5393
2008-07-17,0.4998
2008-07-18,0.4831
2008-07-19,0.4581
2008-07-20,0.4451
2008-07-21,0.4573
2008-07-22,0.4802
2008-07-23,0.4853
2008-07-24,0.485
2008-07-25,0.4897
2008-07-26,0.4796
2008-07-27,0.5303
2008-07-28,0.5331
2008-07-29,0.5464
2008-07-30,0.5597
2008-07-31,0.569
2008-08-01,0.5726
2008-08-02,0.553
2008-08-03,0.552
2008-08-04,0.5729
2008-08-05,0.568
2008-08-06,0.5569
2008-08-07,0.5476
2008-08-08,0.5585
2008-08-09,0.5844
2008-08-10,0.5813
2008-08-11,0.5542
2008-08-12,0.5468
2008-08-13,0.5239
2008-08-14,0.5298
2008-08-15,0.5146
2008-08-16,0.4655
2008-08-17,0.4608
2008-08-18,0.4162
2008-08-19,0.3892
2008-08-20,0.3737
2008-08-21,0.3877
2008-08-22,0.3949
2008-08-23,0.4116
2008-08-24,0.4477
2008-08-25,0.4884
2008-08-26,0.5246
2008-08-27,0.5428
2008-08-28,0.5257
2008-08-29,0.5266
2008-08-30,0.5304
2008-08-31,0.5228
2008-09-01,0.5098
2008-09-02,0.5223
2008-09-03,0.5335
2008-09-04,0.5303
2008-09-05,0.5352
2008-09-06,0.5695
2008-09-07,0.5885
2008-09-08,0.5829
2008-09-09,0.5932
2008-09-10,0.5506
2008-09-11,0.4761
2008-09-12,0.4273
2008-09-13,0.4438
2008-09-14,0.4679
2008-09-15,0.4759
2008-09-16,0.5046
2008-09-17,0.5409
2008-09-18,0.5508
2008-09-19,0.5101
2008-09-20,0.505
2008-09-21,0.4951
2008-09-22,0.4858
2008-09-23,0.4907
2008-09-24,0.5146
2008-09-25,0.5435
2008-09-26,0.5684
2008-09-27,0.5554
2008-09-28,0.572
2008-09-29,0.5528
2008-09-30,0.5328
2008-10-01,0.555
2008-10-02,0.5805
2008-10-03,0.5901
2008-10-04,0.61
2008-10-05,0.6141
2008-10-06,0.5711
2008-10-07,0.5377
2008-10-08,0.4887
2008-10-09,0.4871
2008-10-10,0.4975
2008-10-11,0.5143
2008-10-12,0.4853
2008-10-13,0.4774
2008-10-14,0.4642
2008-10-15,0.4462
2008-10-16,0.4317
2008-10-17,0.4354
2008-10-18,0.4679
2008-10-19,0.4886
2008-10-20,0.5219
2008-10-21,0.5092
2008-10-22,0.4493
2008-10-23,0.4022
2008-10-24,0.3767
2008-10-25,0.352
2008-10-26,0.3596
2008-10-27,0.4013
2008-10-28,0.4277
2008-10-29,0.3997
2008-10-30,0.3599
2008-10-31,0.3408
2008-11-01,0.2999
2008-11-02,0.2918
2008-11-03,0.287
2008-11-04,0.2595
2008-11-05,0.267
2008-11-06,0.2864
2008-11-07,0.3177
2008-11-08,0.341
2008-11-09,0.3639
2008-11-10,0.3848
2008-11-11,0.3897
2008-11-12,0.3682
2008-11-13,0.3358
2008-11-14,0.3386
2008-11-15,0.3401
2008-11-16,0.3184
2008-11-17,0.324
2008-11-18,0.3418
2008-11-19,0.38
2008-11-20,0.3721
2008-11-21,0.3893
2008-11-22,0.3932
2008-11-23,0.3665
2008-11-24,0.3614
2008-11-25,0.338
2008-11-26,0.3072
2008-11-27,0.2976
2008-11-28,0.2877
2008-11-29,0.2802
2008-11-30,0.2732
2008-12-01,0.2966
2008-12-02,0.2956
2008-12-03,0.2917
2008-12-04,0.2795
2008-12-05,0.279
2008-12-06,0.2942
2008-12-07,0.3045
2008-12-08,0.2979
2008-12-09,0.2949
2008-12-10,0.2678
2008-12-11,0.2255
2008-12-12,0.2265
2008-12-13,0.2445
2008-12-14,0.2424
2008-12-15,0.2285
2008-12-16,0.192
2008-12-17,0.1679
2008-12-18,0.1698
2008-12-19,0.1861
2008-12-20,0.194
2008-12-21,0.202
2008-12-22,0.2202
2008-12-23,0.2282
2008-12-24,0.218
2008-12-25,0.2288
2008-12-26,0.234
2008-12-27,0.2257
2008-12-28,0.2163
2008-12-29,0.2096
2008-12-30,0.2048
2008-12-31,0.2282
2009-01-01,0.2569
2009-01-02,0.2651
2009-01-03,0.2847
2009-01-04,0.294
2009-01-05,0.3004
2009-01-06,0.2865
2009-01-07,0.2758
2009-01-08,0.2528
2009-01-09,0.2603
2009-01-10,0.2675
2009-01-11,0.2645
2009-01-12,0.2659
2009-01-13,0.2656
2009-01-14,0.2468
2009-01-15,0.2329
2009-01-16,0.2121
2009-01-17,0.1442
2009-01-18,0.1012
2009-01-19,0.0719
2009-01-20,0.0691
2009-01-21,0.0718
2009-01-22,0.0661
2009-01-23,0.0373
2009-01-24,-0.0075
2009-01-25,-0.0185
2009-01-26,-0.0233
2009-01-27,-0.0386
2009-01-28,-0.0571
2009-01-29,-0.0646
2009-01-30,-0.0546
2009-01-31,-0.0562
2009-02-01,-0.0891
2009-02-02,-0.1099
2009-02-03,-0.1032
2009-02-04,-0.1094
2009-02-05,-0.1239
2009-02-06,-0.1489
2009-02-07,-0.1456
2009-02-08,-0.1307
2009-02-09,-0.1126
2009-02-10,-0.0892
2009-02-11,-0.0667
2009-02-12,-0.0452
2009-02-13,-0.0383
2009-02-14,-0.0379
2009-02-15,-0.0379
2009-02-16,-0.028
2009-02-17,-0.015
2009-02-18,-0.0228
2009-02-19,-0.0174
2009-02-20,-0.0138
2009-02-21,-0.0245
2009-02-22,-0.0604
2009-02-23,-0.1035
2009-02-24,-0.1395
2009-02-25,-0.1649
2009-02-26,-0.1557
2009-02-27,-0.1295
2009-02-28,-0.0882
2009-03-01,-0.0676
2009-03-02,-0.0434
2009-03-03,-0.0736
2009-03-04,-0.1471
2009-03-05,-0.1865
2009-03-06,-0.2201
2009-03-07,-0.2331
2009-03-08,-0.2068
2009-03-09,-0.1939
2009-03-10,-0.1548
2009-03-11,-0.1107
2009-03-12,-0.0943
2009-03-13,-0.11
2009-03-14,-0.1097
2009-03-15,-0.0907
2009-03-16,-0.0457
2009-03-17,-0.0283
2009-03-18,-0.0137
2009-03-19,-0.0256
2009-03-20,-0.0509
2009-03-21,-0.0909
2009-03-22,-0.0893
2009-03-23,-0.0926
2009-03-24,-0.0936
2009-03-25,-0.1026
2009-03-26,-0.1214
2009-03-27,-0.1291
2009-03-28,-0.1552
2009-03-29,-0.1415
2009-03-30,-0.1251
2009-03-31,-0.1237
2009-04-01,-0.1306
2009-04-02,-0.1156
2009-04-03,-0.0839
2009-04-04,-0.0597
2009-04-05,-0.0228
2009-04-06,0.0233
2009-04-07,0.0079
2009-04-08,-0.0213
2009-04-09,-0.0511
2009-04-10,-0.0454
2009-04-11,-0.0368
2009-04-12,-0.0438
2009-04-13,-0.0628
2009-04-14,-0.076
2009-04-15,-0.0645
2009-04-16,-0.0317
2009-04-17,-0.0161
2009-04-18,-0.0248
2009-04-19,-0.0394
2009-04-20,-0.0333
2009-04-21,-0.0332
2009-04-22,-0.0546
2009-04-23,-0.0746
2009-04-24,-0.0743
2009-04-25,-0.0778
2009-04-26,-0.0973
2009-04-27,-0.1235
2009-04-28,-0.148
2009-04-29,-0.1478
2009-04-30,-0.167
2009-05-01,-0.2147
2009-05-02,-0.2309
2009-05-03,-0.2342
2009-05-04,-0.2004
2009-05-05,-0.1752
2009-05-06,-0.1486
2009-05-07,-0.1183
2009-05-08,-0.0872
2009-05-09,-0.0695
2009-05-10,-0.0637
2009-05-11,-0.0557
2009-05-12,-0.0392
2009-05-13,-0.0209
2009-05-14,-0.0162
2009-05-15,-0.0465
2009-05-16,-0.06
2009-05-17,-0.0833
2009-05-18,-0.0888
2009-05-19,-0.056
2009-05-20,-0.0235
2009-05-21,-0.0079
2009-05-22,-0.0101
2009-05-23,-0.0364
2009-05-24,-0.0605
2009-05-25,-0.101
2009-05-26,-0.1411
2009-05-27,-0.1681
2009-05-28,-0.1846
2009-05-29,-0.1288
2009-05-30,-0.0487
2009-05-31,-0.0133
2009-06-01,0.0232
2009-06-02,0.0637
2009-06-03,0.1108
2009-06-04,0.1161
2009-06-05,0.0932
2009-06-06,0.0628
2009-06-07,0.0481
2009-06-08,0.0427
2009-06-09,0.0707
2009-06-10,0.1067
2009-06-11,0.0905
2009-06-12,0.0715
2009-06-13,0.0567
2009-06-14,0.0616
2009-06-15,0.0878
2009-06-16,0.1381
2009-06-17,0.1834
2009-06-18,0.2451
2009-06-19,0.3036
2009-06-20,0.3221
2009-06-21,0.3353
2009-06-22,0.3418
2009-06-23,0.351
2009-06-24,0.3425
2009-06-25,0.3722
2009-06-26,0.4088
2009-06-27,0.4119
2009-06-28,0.4211
2009-06-29,0.4674
2009-06-30,0.4929
2009-07-01,0.5279
2009-07-02,0.522
2009-07-03,0.5158
2009-07-04,0.5067
2009-07-05,0.4871
2009-07-06,0.4365
2009-07-07,0.4217
2009-07-08,0.4066
2009-07-09,0.4161
2009-07-10,0.4224
2009-07-11,0.4083
2009-07-12,0.3944
2009-07-13,0.368
2009-07-14,0.3251
2009-07-15,0.2965
2009-07-16,0.2819
2009-07-17,0.2849
2009-07-18,0.2887
2009-07-19,0.2966
2009-07-20,0.311
2009-07-21,0.3115
2009-07-22,0.2968
2009-07-23,0.2722
2009-07-24,0.2712
2009-07-25,0.2833
2009-07-26,0.2636
2009-07-27,0.2557
2009-07-28,0.2734
2009-07-29,0.298
2009-07-30,0.3218
2009-07-31,0.3711
2009-08-01,0.3542
2009-08-02,0.3246
2009-08-03,0.3102
2009-08-04,0.3093
2009-08-05,0.2955
2009-08-06,0.3064
2009-08-07,0.3358
2009-08-08,0.3581
2009-08-09,0.3755
2009-08-10,0.4217
2009-08-11,0.4583
2009-08-12,0.4503
2009-08-13,0.42
2009-08-14,0.4264
2009-08-15,0.4225
2009-08-16,0.382
2009-08-17,0.3688
2009-08-18,0.3523
2009-08-19,0.3361
2009-08-20,0.3769
2009-08-21,0.3702
2009-08-22,0.3443
2009-08-23,0.3223
2009-08-24,0.2571
2009-08-25,0.2501
2009-08-26,0.2673
2009-08-27,0.275
2009-08-28,0.2711
2009-08-29,0.2395
2009-08-30,0.2116
2009-08-31,0.1939
2009-09-01,0.1808
2009-09-02,0.1916
2009-09-03,0.1898
2009-09-04,0.2061
2009-09-05,0.2195
2009-09-06,0.2353
2009-09-07,0.2314
2009-09-08,0.2136
2009-09-09,0.1933
2009-09-10,0.1751
2009-09-11,0.1742
2009-09-12,0.1611
2009-09-13,0.154
2009-09-14,0.1563
2009-09-15,0.1594
2009-09-16,0.1487
2009-09-17,0.1674
2009-09-18,0.1837
2009-09-19,0.1971
2009-09-20,0.1876
2009-09-21,0.1759
2009-09-22,0.2005
2009-09-23,0.2601
2009-09-24,0.2904
2009-09-25,0.2989
2009-09-26,0.2971
2009-09-27,0.2984
2009-09-28,0.3139
2009-09-29,0.361
2009-09-30,0.4064
2009-10-01,0.4393
2009-10-02,0.4375
2009-10-03,0.4344
2009-10-04,0.448
2009-10-05,0.4591
2009-10-06,0.4311
2009-10-07,0.442
2009-10-08,0.4291
2009-10-09,0.3825
2009-10-10,0.3821
2009-10-11,0.4073
2009-10-12,0.4199
2009-10-13,0.441
2009-10-14,0.4484
2009-10-15,0.4529
2009-10-16,0.452
2009-10-17,0.4639
2009-10-18,0.4465
2009-10-19,0.4056
2009-10-20,0.3869
2009-10-21,0.3808
2009-10-22,0.3867
2009-10-23,0.4029
2009-10-24,0.4207
2009-10-25,0.4282
2009-10-26,0.4271
2009-10-27,0.4022
2009-10-28,0.4004
2009-10-29,0.4105
2009-10-30,0.3877
2009-10-31,0.389
2009-11-01,0.3785
2009-11-02,0.3356
2009-11-03,0.3262
2009-11-04,0.3163
2009-11-05,0.3205
2009-11-06,0.3509
2009-11-07,0.3554
2009-11-08,0.3615
2009-11-09,0.3672
2009-11-10,0.3849
2009-11-11,0.3734
2009-11-12,0.3714
2009-11-13,0.3673
2009-11-14,0.3472
2009-11-15,0.332
2009-11-16,0.3214
2009-11-17,0.3115
2009-11-18,0.3229
2009-11-19,0.3367
2009-11-20,0.3351
2009-11-21,0.3275
2009-11-22,0.295
2009-11-23,0.2644
2009-11-24,0.2431
2009-11-25,0.2474
2009-11-26,0.2452
2009-11-27,0.2825
2009-11-28,0.3021
2009-11-29,0.3111
2009-11-30,0.3415
2009-12-01,0.3432
2009-12-02,0.3247
2009-12-03,0.3139
2009-12-04,0.3357
2009-12-05,0.3374
2009-12-06,0.3208
2009-12-07,0.316
2009-12-08,0.3421
2009-12-09,0.3754
2009-12-10,0.3962
2009-12-11,0.4144
2009-12-12,0.3783
2009-12-13,0.3338
2009-12-14,0.3314
2009-12-15,0.3356
2009-12-16,0.3465
2009-12-17,0.3429
2009-12-18,0.3153
2009-12-19,0.2903
2009-12-20,0.2962
2009-12-21,0.2808
2009-12-22,0.2487
2009-12-23,0.2419
2009-12-24,0.2479
2009-12-25,0.2632
2009-12-26,0.2758
2009-12-27,0.2475
2009-12-28,0.2384
2009-12-29,0.2382
2009-12-30,0.2239
2009-12-31,0.2443
2010-01-01,0.2292
2010-01-02,0.2412
2010-01-03,0.2382
2010-01-04,0.2339
2010-01-05,0.208
2010-01-06,0.2127
2010-01-07,0.2239
2010-01-08,0.2241
2010-01-09,0.2149
2010-01-10,0.1985
2010-01-11,0.2122
2010-01-12,0.2114
2010-01-13,0.2085
2010-01-14,0.2283
2010-01-15,0.2631
2010-01-16,0.3055
2010-01-17,0.3173
2010-01-18,0.317
2010-01-19,0.321
2010-01-20,0.3328
2010-01-21,0.341
2010-01-22,0.3234
2010-01-23,0.2786
2010-01-24,0.2585
2010-01-25,0.259
2010-01-26,0.2791
2010-01-27,0.2951
2010-01-28,0.3123
2010-01-29,0.3148
2010-01-30,0.3119
2010-01-31,0.2847
2010-02-01,0.26
2010-02-02,0.2643
2010-02-03,0.2718
2010-02-04,0.2811
2010-02-05,0.2971
2010-02-06,0.2964
2010-02-07,0.2854
2010-02-08,0.2801
2010-02-09,0.2989
2010-02-10,0.3176
2010-02-11,0.3431
2010-02-12,0.337
2010-02-13,0.3334
2010-02-14,0.3271
2010-02-15,0.3263
2010-02-16,0.3172
2010-02-17,0.3322
2010-02-18,0.3232
2010-02-19,0.3185
2010-02-20,0.3022
2010-02-21,0.2933
2010-02-22,0.2952
2010-02-23,0.3158
2010-02-24,0.3469
2010-02-25,0.3886
2010-02-26,0.4082
2010-02-27,0.3831
2010-02-28,0.3665
2010-03-01,0.3598
2010-03-02,0.3682
2010-03-03,0.3658
2010-03-04,0.3679
2010-03-05,0.4025
2010-03-06,0.4222
2010-03-07,0.4211
2010-03-08,0.409
2010-03-09,0.4101
2010-03-10,0.4191
2010-03-11,0.4274
2010-03-12,0.4315
2010-03-13,0.4724
2010-03-14,0.5124
2010-03-15,0.5248
2010-03-16,0.5416
2010-03-17,0.5425
2010-03-18,0.5328
2010-03-19,0.528
2010-03-20,0.5171
2010-03-21,0.4986
2010-03-22,0.461
2010-03-23,0.4038
2010-03-24,0.3689
2010-03-25,0.394
2010-03-26,0.419
2010-03-27,0.4081
2010-03-28,0.3814
2010-03-29,0.3432
2010-03-30,0.3198
2010-03-31,0.327
2010-04-01,0.3605
2010-04-02,0.3952
2010-04-03,0.4417
2010-04-04,0.48
2010-04-05,0.529
2010-04-06,0.5494
2010-04-07,0.5629
2010-04-08,0.5682
2010-04-09,0.567
2010-04-10,0.598
2010-04-11,0.5961
2010-04-12,0.583
2010-04-13,0.5576
2010-04-14,0.5502
2010-04-15,0.5564
2010-04-16,0.5362
2010-04-17,0.4956
2010-04-18,0.4771
2010-04-19,0.4923
2010-04-20,0.5367
2010-04-21,0.5724
2010-04-22,0.6025
2010-04-23,0.6398
2010-04-24,0.6144
2010-04-25,0.58
2010-04-26,0.5432
2010-04-27,0.5547
2010-04-28,0.5378
2010-04-29,0.5224
2010-04-30,0.5203
2010-05-01,0.5591
2010-05-02,0.5728
2010-05-03,0.5879
2010-05-04,0.6101
2010-05-05,0.6214
2010-05-06,0.6398
2010-05-07,0.6547
2010-05-08,0.6615
2010-05-09,0.656
2010-05-10,0.618
2010-05-11,0.551
2010-05-12,0.4841
2010-05-13,0.4526
2010-05-14,0.4191
2010-05-15,0.4242
2010-05-16,0.4507
2010-05-17,0.4756
2010-05-18,0.5038
2010-05-19,0.5092
2010-05-20,0.5065
2010-05-21,0.5123
2010-05-22,0.5436
2010-05-23,0.566
2010-05-24,0.5449
2010-05-25,0.5006
2010-05-26,0.4752
2010-05-27,0.4672
2010-05-28,0.4464
2010-05-29,0.4127
2010-05-30,0.3757
2010-05-31,0.3746
2010-06-01,0.4277
2010-06-02,0.4653
2010-06-03,0.4918
2010-06-04,0.5151
2010-06-05,0.5662
2010-06-06,0.5901
2010-06-07,0.6113
2010-06-08,0.5981
2010-06-09,0.5613
2010-06-10,0.5482
2010-06-11,0.5889
2010-06-12,0.6357
2010-06-13,0.6654
2010-06-14,0.6678
2010-06-15,0.6268
2010-06-16,0.6076
2010-06-17,0.6014
2010-06-18,0.6065
2010-06-19,0.5935
2010-06-20,0.6209
2010-06-21,0.629
2010-06-22,0.621
2010-06-23,0.6322
2010-06-24,0.6295
2010-06-25,0.6344
2010-06-26,0.6455
2010-06-27,0.6507
2010-06-28,0.6641
2010-06-29,0.6849
2010-06-30,0.6716
2010-07-01,0.6357
2010-07-02,0.6137
2010-07-03,0.6069
2010-07-04,0.6228
2010-07-05,0.6604
2010-07-06,0.6781
2010-07-07,0.6996
2010-07-08,0.7051
2010-07-09,0.7358
2010-07-10,0.7497
2010-07-11,0.7288
2010-07-12,0.6739
2010-07-13,0.621
2010-07-14,0.5892
2010-07-15,0.5618
2010-07-16,0.5735
2010-07-17,0.5809
2010-07-18,0.6487
2010-07-19,0.6923
2010-07-20,0.7275
2010-07-21,0.7505
2010-07-22,0.7818
2010-07-23,0.7811
2010-07-24,0.764
2010-07-25,0.7226
2010-07-26,0.7059
2010-07-27,0.7378
2010-07-28,0.6865
2010-07-29,0.6972
2010-07-30,0.7176
2010-07-31,0.7298
2010-08-01,0.7376
2010-08-02,0.7458
2010-08-03,0.7612
2010-08-04,0.7551
2010-08-05,0.7572
2010-08-06,0.7958
2010-08-07,0.8257
2010-08-08,0.8302
2010-08-09,0.8341
2010-08-10,0.8691
2010-08-11,0.9191
2010-08-12,0.9136
2010-08-13,0.8797
2010-08-14,0.8246
2010-08-15,0.8217
2010-08-16,0.8122
2010-08-17,0.8098
2010-08-18,0.8463
2010-08-19,0.8723
2010-08-20,0.9124
2010-08-21,0.9383
2010-08-22,0.9473
2010-08-23,0.9265
2010-08-24,0.912
2010-08-25,0.9256
2010-08-26,0.9336
2010-08-27,0.9208
2010-08-28,0.8676
2010-08-29,0.8172
2010-08-30,0.7818
2010-08-31,0.7655
2010-09-01,0.7618
2010-09-02,0.7488
2010-09-03,0.7703
2010-09-04,0.7882
2010-09-05,0.7835
2010-09-06,0.8105
2010-09-07,0.794
2010-09-08,0.7868
2010-09-09,0.7948
2010-09-10,0.7913
2010-09-11,0.7421
2010-09-12,0.7034
2010-09-13,0.6946
2010-09-14,0.6885
2010-09-15,0.6764
2010-09-16,0.6436
2010-09-17,0.6248
2010-09-18,0.6217
2010-09-19,0.5565
2010-09-20,0.4954
2010-09-21,0.383
2010-09-22,0.3675
2010-09-23,0.3988
2010-09-24,0.4408
2010-09-25,0.4877
2010-09-26,0.5179
2010-09-27,0.5294
2010-09-28,0.5501
2010-09-29,0.5538
2010-09-30,0.5755
2010-10-01,0.5623
2010-10-02,0.5704
2010-10-03,0.5679
2010-10-04,0.5712
2010-10-05,0.5582
2010-10-06,0.5614
2010-10-07,0.5441
2010-10-08,0.5275
2010-10-09,0.5369
2010-10-10,0.5463
2010-10-11,0.5584
2010-10-12,0.5748
2010-10-13,0.5973
2010-10-14,0.6045
2010-10-15,0.5917
2010-10-16,0.5863
2010-10-17,0.6196
2010-10-18,0.6584
2010-10-19,0.6658
2010-10-20,0.6698
2010-10-21,0.6766
2010-10-22,0.6863
2010-10-23,0.6827
2010-10-24,0.6677
2010-10-25,0.6513
2010-10-26,0.6527
2010-10-27,0.6527
2010-10-28,0.6515
2010-10-29,0.6508
2010-10-30,0.6216
2010-10-31,0.5834
2010-11-01,0.56
2010-11-02,0.5494
2010-11-03,0.5608
2010-11-04,0.5926
2010-11-05,0.6053
2010-11-06,0.603
2010-11-07,0.5914
2010-11-08,0.5672
2010-11-09,0.5565
2010-11-10,0.5484
2010-11-11,0.5577
2010-11-12,0.5481
2010-11-13,0.5477
2010-11-14,0.5327
2010-11-15,0.5265
2010-11-16,0.5397
2010-11-17,0.5459
2010-11-18,0.5508
2010-11-19,0.5504
2010-11-20,0.5625
2010-11-21,0.5546
2010-11-22,0.5386
2010-11-23,0.528
2010-11-24,0.5343
2010-11-25,0.5185
2010-11-26,0.4818
2010-11-27,0.4483
2010-11-28,0.43
2010-11-29,0.4072
2010-11-30,0.3772
2010-12-01,0.3608
2010-12-02,0.37
2010-12-03,0.3851
2010-12-04,0.3949
2010-12-05,0.4186
2010-12-06,0.4306
2010-12-07,0.4154
2010-12-08,0.399
2010-12-09,0.3677
2010-12-10,0.3435
2010-12-11,0.302
2010-12-12,0.3115
2010-12-13,0.3386
2010-12-14,0.3455
2010-12-15,0.3309
2010-12-16,0.3085
2010-12-17,0.2881
2010-12-18,0.2886
2010-12-19,0.3096
2010-12-20,0.3399
2010-12-21,0.3575
2010-12-22,0.3488
2010-12-23,0.3466
2010-12-24,0.353
2010-12-25,0.358
2010-12-26,0.36
2010-12-27,0.3381
2010-12-28,0.2895
2010-12-29,0.2703
2010-12-30,0.2814
2010-12-31,0.2966
2011-01-01,0.2914
2011-01-02,0.3001
2011-01-03,0.3126
2011-01-04,0.3347
2011-01-05,0.3623
2011-01-06,0.3741
2011-01-07,0.3874
2011-01-08,0.3952
2011-01-09,0.4075
2011-01-10,0.3899
2011-01-11,0.3736
2011-01-12,0.362
2011-01-13,0.3581
2011-01-14,0.3502
2011-01-15,0.3622
2011-01-16,0.3858
2011-01-17,0.3915
2011-01-18,0.3957
2011-01-19,0.3984
2011-01-20,0.4057
2011-01-21,0.415
2011-01-22,0.4163
2011-01-23,0.41
2011-01-24,0.3925
2011-01-25,0.3663
2011-01-26,0.3301
2011-01-27,0.3116
2011-01-28,0.332
2011-01-29,0.3402
2011-01-30,0.3278
2011-01-31,0.3056
2011-02-01,0.2902
2011-02-02,0.2848
2011-02-03,0.282
2011-02-04,0.2522
2011-02-05,0.245
2011-02-06,0.2618
2011-02-07,0.2771
2011-02-08,0.3208
2011-02-09,0.3426
2011-02-10,0.3283
2011-02-11,0.3248
2011-02-12,0.3286
2011-02-13,0.3158
2011-02-14,0.299
2011-02-15,0.2843
2011-02-16,0.2723
2011-02-17,0.262
2011-02-18,0.2596
2011-02-19,0.2744
2011-02-20,0.2684
2011-02-21,0.2523
2011-02-22,0.2474
2011-02-23,0.2637
2011-02-24,0.2697
2011-02-25,0.2734
2011-02-26,0.2726
2011-02-27,0.2488
2011-02-28,0.2437
2011-03-01,0.2443
2011-03-02,0.2308
2011-03-03,0.2232
2011-03-04,0.2151
2011-03-05,0.1978
2011-03-06,0.1683
2011-03-07,0.1559
2011-03-08,0.174
2011-03-09,0.1815
2011-03-10,0.1759
2011-03-11,0.1734
2011-03-12,0.1894
2011-03-13,0.1716
2011-03-14,0.1663
2011-03-15,0.1411
2011-03-16,0.1166
2011-03-17,0.1038
2011-03-18,0.1042
2011-03-19,0.1205
2011-03-20,0.113
2011-03-21,0.105
2011-03-22,0.0988
2011-03-23,0.1125
2011-03-24,0.1027
2011-03-25,0.099
2011-03-26,0.1236
2011-03-27,0.1519
2011-03-28,0.1503
2011-03-29,0.1642
2011-03-30,0.1741
2011-03-31,0.1863
2011-04-01,0.1734
2011-04-02,0.1611
2011-04-03,0.1561
2011-04-04,0.1467
2011-04-05,0.1502
2011-04-06,0.1652
2011-04-07,0.1758
2011-04-08,0.1916
2011-04-09,0.1997
2011-04-10,0.1878
2011-04-11,0.1699
2011-04-12,0.1994
2011-04-13,0.2309
2011-04-14,0.2343
2011-04-15,0.245
2011-04-16,0.2467
2011-04-17,0.2366
2011-04-18,0.2503
2011-04-19,0.2069
2011-04-20,0.2062
2011-04-21,0.1788
2011-04-22,0.1263
2011-04-23,0.0931
2011-04-24,0.0846
2011-04-25,0.0989
2011-04-26,0.1365
2011-04-27,0.1351
2011-04-28,0.1389
2011-04-29,0.1419
2011-04-30,0.1328
2011-05-01,0.1733
2011-05-02,0.1943
2011-05-03,0.1863
2011-05-04,0.1666
2011-05-05,0.1574
2011-05-06,0.1539
2011-05-07,0.146
2011-05-08,0.1544
2011-05-09,0.1812
2011-05-10,0.2015
2011-05-11,0.1759
2011-05-12,0.1716
2011-05-13,0.1511
2011-05-14,0.1445
2011-05-15,0.1818
2011-05-16,0.2111
2011-05-17,0.2137
2011-05-18,0.2254
2011-05-19,0.2144
2011-05-20,0.2088
2011-05-21,0.2341
2011-05-22,0.2223
2011-05-23,0.1755
2011-05-24,0.1514
2011-05-25,0.1527
2011-05-26,0.1581
2011-05-27,0.1832
2011-05-28,0.2209
2011-05-29,0.2667
2011-05-30,0.283
2011-05-31,0.2709
2011-06-01,0.2605
2011-06-02,0.2222
2011-06-03,0.2166
2011-06-04,0.1925
2011-06-05,0.1739
2011-06-06,0.1696
2011-06-07,0.1846
2011-06-08,0.2333
2011-06-09,0.2589
2011-06-10,0.2955
2011-06-11,0.3194
2011-06-12,0.331
2011-06-13,0.3345
2011-06-14,0.342
2011-06-15,0.3202
2011-06-16,0.318
2011-06-17,0.3143
2011-06-18,0.3193
2011-06-19,0.3289
2011-06-20,0.3415
2011-06-21,0.3259
2011-06-22,0.3315
2011-06-23,0.3316
2011-06-24,0.3375
2011-06-25,0.3604
2011-06-26,0.3723
2011-06-27,0.3386
2011-06-28,0.3216
2011-06-29,0.3
2011-06-30,0.2827
2011-07-01,0.3079
2011-07-02,0.3057
2011-07-03,0.3095
2011-07-04,0.3018
2011-07-05,0.2789
2011-07-06,0.3328
2011-07-07,0.3054
2011-07-08,0.2924
2011-07-09,0.2694
2011-07-10,0.2516
2011-07-11,0.2592
2011-07-12,0.2215
2011-07-13,0.2065
2011-07-14,0.1828
2011-07-15,0.1395
2011-07-16,0.1297
2011-07-17,0.139
2011-07-18,0.1292
2011-07-19,0.1434
2011-07-20,0.1689
2011-07-21,0.1889
2011-07-22,0.2198
2011-07-23,0.2253
2011-07-24,0.2046
2011-07-25,0.2145
2011-07-26,0.2331
2011-07-27,0.2499
2011-07-28,0.2636
2011-07-29,0.2722
2011-07-30,0.2675
2011-07-31,0.2838
2011-08-01,0.2895
2011-08-02,0.312
2011-08-03,0.3107
2011-08-04,0.3128
2011-08-05,0.3022
2011-08-06,0.2964
2011-08-07,0.2871
2011-08-08,0.2928
2011-08-09,0.2884
2011-08-10,0.2886
2011-08-11,0.2942
2011-08-12,0.304
2011-08-13,0.312
2011-08-14,0.2956
2011-08-15,0.3025
2011-08-16,0.3158
2011-08-17,0.3173
2011-08-18,0.2889
2011-08-19,0.292
2011-08-20,0.3494
2011-08-21,0.4012
2011-08-22,0.4312
2011-08-23,0.4407
2011-08-24,0.4692
2011-08-25,0.4873
2011-08-26,0.5322
2011-08-27,0.5504
2011-08-28,0.5307
2011-08-29,0.5508
2011-08-30,0.5453
2011-08-31,0.522
2011-09-01,0.5198
2011-09-02,0.5268
2011-09-03,0.5251
2011-09-04,0.5097
2011-09-05,0.5053
2011-09-06,0.5072
2011-09-07,0.481
2011-09-08,0.442
2011-09-09,0.3787
2011-09-10,0.33
2011-09-11,0.2907
2011-09-12,0.2851
2011-09-13,0.2852
2011-09-14,0.3085
2011-09-15,0.338
2011-09-16,0.3364
2011-09-17,0.2987
2011-09-18,0.2622
2011-09-19,0.2352
2011-09-20,0.2498
2011-09-21,0.2666
2011-09-22,0.2648
2011-09-23,0.2723
2011-09-24,0.2985
2011-09-25,0.3338
2011-09-26,0.3819
2011-09-27,0.4436
2011-09-28,0.4943
2011-09-29,0.5
2011-09-30,0.5116
2011-10-01,0.4988
2011-10-02,0.4673
2011-10-03,0.4437
2011-10-04,0.4513
2011-10-05,0.4455
2011-10-06,0.4211
2011-10-07,0.3772
2011-10-08,0.3144
2011-10-09,0.2801
2011-10-10,0.2942
2011-10-11,0.319
2011-10-12,0.3188
2011-10-13,0.3152
2011-10-14,0.3499
2011-10-15,0.3536
2011-10-16,0.3703
2011-10-17,0.3936
2011-10-18,0.3954
2011-10-19,0.4166
2011-10-20,0.4453
2011-10-21,0.4637
2011-10-22,0.4886
2011-10-23,0.4951
2011-10-24,0.4833
2011-10-25,0.4825
2011-10-26,0.4461
2011-10-27,0.4202
2011-10-28,0.3906
2011-10-29,0.3607
2011-10-30,0.3463
2011-10-31,0.3252
2011-11-01,0.3361
2011-11-02,0.3144
2011-11-03,0.3004
2011-11-04,0.3029
2011-11-05,0.3031
2011-11-06,0.2955
2011-11-07,0.2691
2011-11-08,0.2271
2011-11-09,0.2225
2011-11-10,0.2367
2011-11-11,0.2497
2011-11-12,0.2348
2011-11-13,0.2117
2011-11-14,0.2163
2011-11-15,0.23
2011-11-16,0.2114
2011-11-17,0.2081
2011-11-18,0.1754
2011-11-19,0.1567
2011-11-20,0.1407
2011-11-21,0.1464
2011-11-22,0.1684
2011-11-23,0.1592
2011-11-24,0.1617
2011-11-25,0.1776
2011-11-26,0.1782
2011-11-27,0.1537
2011-11-28,0.125
2011-11-29,0.1251
2011-11-30,0.1396
2011-12-01,0.1562
2011-12-02,0.1547
2011-12-03,0.1535
2011-12-04,0.1693
2011-12-05,0.1832
2011-12-06,0.2045
2011-12-07,0.217
2011-12-08,0.2078
2011-12-09,0.1873
2011-12-10,0.1743
2011-12-11,0.165
2011-12-12,0.1478
2011-12-13,0.1277
2011-12-14,0.1245
2011-12-15,0.1492
2011-12-16,0.1645
2011-12-17,0.1637
2011-12-18,0.159
2011-12-19,0.1654
2011-12-20,0.1673
2011-12-21,0.1656
2011-12-22,0.1622
2011-12-23,0.1533
2011-12-24,0.1311
2011-12-25,0.1152
2011-12-26,0.1331
2011-12-27,0.1381
2011-12-28,0.1477
2011-12-29,0.145
2011-12-30,0.1295
2011-12-31,0.1186
2012-01-01,0.0879
2012-01-02,0.1007
2012-01-03,0.1451
2012-01-04,0.1237
2012-01-05,0.1316
2012-01-06,0.1692
2012-01-07,0.1693
2012-01-08,0.1793
2012-01-09,0.198
2012-01-10,0.23
2012-01-11,0.2402
2012-01-12,0.2734
2012-01-13,0.2706
2012-01-14,0.2418
2012-01-15,0.2347
2012-01-16,0.2067
2012-01-17,0.2213
2012-01-18,0.2503
2012-01-19,0.2589
2012-01-20,0.2422
2012-01-21,0.21
2012-01-22,0.1816
2012-01-23,0.1867
2012-01-24,0.1922
2012-01-25,0.1915
2012-01-26,0.1637
2012-01-27,0.1504
2012-01-28,0.1688
2012-01-29,0.1947
2012-01-30,0.2041
2012-01-31,0.2179
2012-02-01,0.2276
2012-02-02,0.2077
2012-02-03,0.1963
2012-02-04,0.165
2012-02-05,0.1229
2012-02-06,0.1111
2012-02-07,0.0838
2012-02-08,0.0553
2012-02-09,0.0649
2012-02-10,0.0961
2012-02-11,0.1276
2012-02-12,0.1368
2012-02-13,0.1314
2012-02-14,0.1493
2012-02-15,0.1387
2012-02-16,0.1103
2012-02-17,0.1199
2012-02-18,0.1249
2012-02-19,0.1391
2012-02-20,0.1375
2012-02-21,0.1169
2012-02-22,0.0956
2012-02-23,0.0741
2012-02-24,0.0741
2012-02-25,0.0682
2012-02-26,0.0483
2012-02-27,0.0205
2012-02-28,-0.0035
2012-02-29,-0.0215
2012-03-01,-0.0445
2012-03-02,-0.0729
2012-03-03,-0.0771
2012-03-04,-0.063
2012-03-05,-0.0606
2012-03-06,-0.0464
2012-03-07,-0.0566
2012-03-08,-0.0421
2012-03-09,-0.0254
2012-03-10,0.0334
2012-03-11,0.0221
2012-03-12,0.0286
2012-03-13,0.0271
2012-03-14,0.0384
2012-03-15,0.0521
2012-03-16,0.0505
2012-03-17,0.0433
2012-03-18,0.0359
2012-03-19,0.0463
2012-03-20,0.0546
2012-03-21,0.063
2012-03-22,0.0663
2012-03-23,0.1058
2012-03-24,0.1325
2012-03-25,0.1389
2012-03-26,0.1513
2012-03-27,0.1556
2012-03-28,0.1741
2012-03-29,0.181
2012-03-30,0.1822
2012-03-31,0.1631
2012-04-01,0.1361
2012-04-02,0.1479
2012-04-03,0.1685
2012-04-04,0.1904
2012-04-05,0.1893
2012-04-06,0.1787
2012-04-07,0.1802
2012-04-08,0.1798
2012-04-09,0.1733
2012-04-10,0.1629
2012-04-11,0.1581
2012-04-12,0.1459
2012-04-13,0.1171
2012-04-14,0.0848
2012-04-15,0.0768
2012-04-16,0.0783
2012-04-17,0.0628
2012-04-18,0.0458
2012-04-19,0.061
2012-04-20,0.1227
2012-04-21,0.1867
2012-04-22,0.2232
2012-04-23,0.2059
2012-04-24,0.1635
2012-04-25,0.1192
2012-04-26,0.1185
2012-04-27,0.1139
2012-04-28,0.1015
2012-04-29,0.0767
2012-04-30,0.0769
2012-05-01,0.0854
2012-05-02,0.0806
2012-05-03,0.0686
2012-05-04,0.0418
2012-05-05,0.0567
2012-05-06,0.0802
2012-05-07,0.1185
2012-05-08,0.1439
2012-05-09,0.1966
2012-05-10,0.2744
2012-05-11,0.3373
2012-05-12,0.3488
2012-05-13,0.3494
2012-05-14,0.3407
2012-05-15,0.315
2012-05-16,0.3101
2012-05-17,0.2695
2012-05-18,0.2226
2012-05-19,0.1732
2012-05-20,0.1363
2012-05-21,0.141
2012-05-22,0.1284
2012-05-23,0.1417
2012-05-24,0.143
2012-05-25,0.1638
2012-05-26,0.1828
2012-05-27,0.1838
2012-05-28,0.1765
2012-05-29,0.1499
2012-05-30,0.1641
2012-05-31,0.2093
2012-06-01,0.2556
2012-06-02,0.2782
2012-06-03,0.3124
2012-06-04,0.3623
2012-06-05,0.3761
2012-06-06,0.3295
2012-06-07,0.2902
2012-06-08,0.2578
2012-06-09,0.2811
2012-06-10,0.2777
2012-06-11,0.256
2012-06-12,0.2435
2012-06-13,0.239
2012-06-14,0.243
2012-06-15,0.2575
2012-06-16,0.2578
2012-06-17,0.3083
2012-06-18,0.3361
2012-06-19,0.3732
2012-06-20,0.3901
2012-06-21,0.4049
2012-06-22,0.4104
2012-06-23,0.3964
2012-06-24,0.4006
2012-06-25,0.4176
2012-06-26,0.4181
2012-06-27,0.4096
2012-06-28,0.4071
2012-06-29,0.4199
2012-06-30,0.4113
2012-07-01,0.3821
2012-07-02,0.3871
2012-07-03,0.4282
2012-07-04,0.4537
2012-07-05,0.4655
2012-07-06,0.4814
2012-07-07,0.4803
2012-07-08,0.4965
2012-07-09,0.4942
2012-07-10,0.4643
2012-07-11,0.4345
2012-07-12,0.4327
2012-07-13,0.4031
2012-07-14,0.4003
2012-07-15,0.3642
2012-07-16,0.3592
2012-07-17,0.3822
2012-07-18,0.4081
2012-07-19,0.4083
2012-07-20,0.3749
2012-07-21,0.3555
2012-07-22,0.3487
2012-07-23,0.3837
2012-07-24,0.4421
2012-07-25,0.4634
2012-07-26,0.4928
2012-07-27,0.5142
2012-07-28,0.5481
2012-07-29,0.5949
2012-07-30,0.6452
2012-07-31,0.6655
2012-08-01,0.6649
2012-08-02,0.6692
2012-08-03,0.6775
2012-08-04,0.6642
2012-08-05,0.666
2012-08-06,0.6988
2012-08-07,0.7257
2012-08-08,0.7417
2012-08-09,0.7327
2012-08-10,0.7152
2012-08-11,0.7042
2012-08-12,0.6793
2012-08-13,0.6666
2012-08-14,0.6399
2012-08-15,0.6234
2012-08-16,0.5947
2012-08-17,0.6025
2012-08-18,0.6277
2012-08-19,0.6756
2012-08-20,0.7152
2012-08-21,0.7392
2012-08-22,0.7385
2012-08-23,0.725
2012-08-24,0.7602
2012-08-25,0.8021
2012-08-26,0.8667
2012-08-27,0.8526
2012-08-28,0.8784
2012-08-29,0.9148
2012-08-30,0.9059
2012-08-31,0.8571
2012-09-01,0.8362
2012-09-02,0.8317
2012-09-03,0.8449
2012-09-04,0.841
2012-09-05,0.8422
2012-09-06,0.8383
2012-09-07,0.8461
2012-09-08,0.852
2012-09-09,0.8198
2012-09-10,0.7595
2012-09-11,0.6954
2012-09-12,0.6818
2012-09-13,0.654
2012-09-14,0.6293
2012-09-15,0.6444
2012-09-16,0.6353
2012-09-17,0.6488
2012-09-18,0.6621
2012-09-19,0.6908
2012-09-20,0.7283
2012-09-21,0.746
2012-09-22,0.7427
2012-09-23,0.7396
2012-09-24,0.7453
2012-09-25,0.7643
2012-09-26,0.7887
2012-09-27,0.7948
2012-09-28,0.7832
2012-09-29,0.777
2012-09-30,0.7753
2012-10-01,0.7853
2012-10-02,0.7899
2012-10-03,0.7777
2012-10-04,0.7859
2012-10-05,0.7988
2012-10-06,0.8077
2012-10-07,0.8347
2012-10-08,0.8139
2012-10-09,0.7539
2012-10-10,0.7049
2012-10-11,0.667
2012-10-12,0.6125
2012-10-13,0.5676
2012-10-14,0.5191
2012-10-15,0.486
2012-10-16,0.4558
2012-10-17,0.4464
2012-10-18,0.4263
2012-10-19,0.4277
2012-10-20,0.4268
2012-10-21,0.4317
2012-10-22,0.4503
2012-10-23,0.4628
2012-10-24,0.4593
2012-10-25,0.4547
2012-10-26,0.4422
2012-10-27,0.4397
2012-10-28,0.4436
2012-10-29,0.4328
2012-10-30,0.4353
2012-10-31,0.444
2012-11-01,0.4698
2012-11-02,0.5022
2012-11-03,0.5147
2012-11-04,0.5142
2012-11-05,0.5023
2012-11-06,0.4986
2012-11-07,0.4893
2012-11-08,0.4684
2012-11-09,0.4159
2012-11-10,0.3454
2012-11-11,0.3139
2012-11-12,0.3216
2012-11-13,0.3576
2012-11-14,0.3848
2012-11-15,0.4032
2012-11-16,0.402
2012-11-17,0.4109
2012-11-18,0.3918
2012-11-19,0.4003
2012-11-20,0.4016
2012-11-21,0.4029
2012-11-22,0.4236
2012-11-23,0.4305
2012-11-24,0.4531
2012-11-25,0.4879
2012-11-26,0.4755
2012-11-27,0.4506
2012-11-28,0.4242
2012-11-29,0.3978
2012-11-30,0.3866
2012-12-01,0.362
2012-12-02,0.3241
2012-12-03,0.2932
2012-12-04,0.3034
2012-12-05,0.334
2012-12-06,0.3444
2012-12-07,0.3551
2012-12-08,0.3706
2012-12-09,0.3912
2012-12-10,0.3781
2012-12-11,0.377
2012-12-12,0.3645
2012-12-13,0.3601
2012-12-14,0.3481
2012-12-15,0.3174
2012-12-16,0.3286
2012-12-17,0.3385
2012-12-18,0.3267
2012-12-19,0.3335
2012-12-20,0.3648
2012-12-21,0.3723
2012-12-22,0.3954
2012-12-23,0.4422
2012-12-24,0.4474
2012-12-25,0.4168
2012-12-26,0.3748
2012-12-27,0.3428
2012-12-28,0.3205
2012-12-29,0.3084
2012-12-30,0.2972
2012-12-31,0.2744
2013-01-01,0.2647
2013-01-02,0.2868
2013-01-03,0.3199
2013-01-04,0.3327
2013-01-05,0.3353
2013-01-06,0.3118
2013-01-07,0.2684
2013-01-08,0.2505
2013-01-09,0.2402
2013-01-10,0.2387
2013-01-11,0.2501
2013-01-12,0.2925
2013-01-13,0.3311
2013-01-14,0.3593
2013-01-15,0.3636
2013-01-16,0.3775
2013-01-17,0.3931
2013-01-18,0.4121
2013-01-19,0.3985
2013-01-20,0.3938
2013-01-21,0.3931
2013-01-22,0.3799
2013-01-23,0.373
2013-01-24,0.3661
2013-01-25,0.3224
2013-01-26,0.2902
2013-01-27,0.2952
2013-01-28,0.321
2013-01-29,0.3269
2013-01-30,0.3134
2013-01-31,0.3222
2013-02-01,0.3319
2013-02-02,0.304
2013-02-03,0.2582
2013-02-04,0.2332
2013-02-05,0.2448
2013-02-06,0.25
2013-02-07,0.2656
2013-02-08,0.2801
2013-02-09,0.2884
2013-02-10,0.2874
2013-02-11,0.2921
2013-02-12,0.2842
2013-02-13,0.293
2013-02-14,0.3301
2013-02-15,0.3678
2013-02-16,0.3903
2013-02-17,0.4081
2013-02-18,0.3992
2013-02-19,0.3753
2013-02-20,0.3615
2013-02-21,0.3481
2013-02-22,0.3338
2013-02-23,0.3091
2013-02-24,0.3037
2013-02-25,0.3418
2013-02-26,0.3694
2013-02-27,0.3779
2013-02-28,0.3701
2013-03-01,0.3813
2013-03-02,0.3825
2013-03-03,0.3621
2013-03-04,0.3432
2013-03-05,0.3512
2013-03-06,0.3512
2013-03-07,0.3462
2013-03-08,0.333
2013-03-09,0.316
2013-03-10,0.326
2013-03-11,0.3449
2013-03-12,0.3585
2013-03-13,0.3649
2013-03-14,0.4242
2013-03-15,0.4899
2013-03-16,0.5053
2013-03-17,0.4866
2013-03-18,0.4572
2013-03-19,0.4355
2013-03-20,0.4258
2013-03-21,0.4412
2013-03-22,0.4381
2013-03-23,0.4101
2013-03-24,0.3852
2013-03-25,0.3829
2013-03-26,0.3804
2013-03-27,0.3671
2013-03-28,0.3676
2013-03-29,0.338
2013-03-30,0.3186
2013-03-31,0.2964
2013-04-01,0.2726
2013-04-02,0.25
2013-04-03,0.2101
2013-04-04,0.1711
2013-04-05,0.1641
2013-04-06,0.1457
2013-04-07,0.1423
2013-04-08,0.1495
2013-04-09,0.174
2013-04-10,0.1993
2013-04-11,0.1897
2013-04-12,0.1981
2013-04-13,0.2093
2013-04-14,0.2432
2013-04-15,0.2779
2013-04-16,0.3044
2013-04-17,0.301
2013-04-18,0.2567
2013-04-19,0.2038
2013-04-20,0.2207
2013-04-21,0.2264
2013-04-22,0.2094
2013-04-23,0.2148
2013-04-24,0.2341
2013-04-25,0.2745
2013-04-26,0.2865
2013-04-27,0.2672
2013-04-28,0.2471
2013-04-29,0.2299
2013-04-30,0.2299
2013-05-01,0.2045
2013-05-02,0.1581
2013-05-03,0.1479
2013-05-04,0.1863
2013-05-05,0.2459
2013-05-06,0.2792
2013-05-07,0.3022
2013-05-08,0.3356
2013-05-09,0.3323
2013-05-10,0.2926
2013-05-11,0.2404
2013-05-12,0.2252
2013-05-13,0.2271
2013-05-14,0.187
2013-05-15,0.1318
2013-05-16,0.114
2013-05-17,0.1235
2013-05-18,0.1403
2013-05-19,0.1564
2013-05-20,0.1475
2013-05-21,0.1389
2013-05-22,0.13
2013-05-23,0.1319
2013-05-24,0.1288
2013-05-25,0.1021
2013-05-26,0.0498
2013-05-27,0.006
2013-05-28,-0.0255
2013-05-29,-0.0498
2013-05-30,-0.0752
2013-05-31,-0.0498
2013-06-01,-0.0233
2013-06-02,-0.0037
2013-06-03,0.0342
2013-06-04,0.0467
2013-06-05,0.091
2013-06-06,0.1033
2013-06-07,0.0956
2013-06-08,0.0844
2013-06-09,0.0613
2013-06-10,0.0376
2013-06-11,0.0541
2013-06-12,0.0965
2013-06-13,0.0956
2013-06-14,0.0697
2013-06-15,0.0613
2013-06-16,0.0461
2013-06-17,0.0458
2013-06-18,0.032
2013-06-19,0.0663
2013-06-20,0.0698
2013-06-21,0.0998
2013-06-22,0.1194
2013-06-23,0.1431
2013-06-24,0.1594
2013-06-25,0.1739
2013-06-26,0.1813
2013-06-27,0.1922
2013-06-28,0.1825
2013-06-29,0.1546
2013-06-30,0.1517
2013-07-01,0.1017
2013-07-02,0.054
2013-07-03,0.0484
2013-07-04,0.029
2013-07-05,0.0404
2013-07-06,0.0612
2013-07-07,0.0972
2013-07-08,0.1929
2013-07-09,0.2495
2013-07-10,0.2755
2013-07-11,0.3393
2013-07-12,0.3942
2013-07-13,0.4264
2013-07-14,0.4675
2013-07-15,0.4493
2013-07-16,0.4135
2013-07-17,0.4002
2013-07-18,0.3897
2013-07-19,0.3852
2013-07-20,0.3909
2013-07-21,0.4738
2013-07-22,0.5236
2013-07-23,0.5775
2013-07-24,0.6021
2013-07-25,0.615
2013-07-26,0.594
2013-07-27,0.573
2013-07-28,0.5858
2013-07-29,0.5709
2013-07-30,0.578
2013-07-31,0.5855
2013-08-01,0.5461
2013-08-02,0.4863
2013-08-03,0.4392
2013-08-04,0.4365
2013-08-05,0.4689
2013-08-06,0.4797
2013-08-07,0.478
2013-08-08,0.4593
2013-08-09,0.4603
2013-08-10,0.4305
2013-08-11,0.4318
2013-08-12,0.4024
2013-08-13,0.413
2013-08-14,0.4338
2013-08-15,0.445
2013-08-16,0.4308
2013-08-17,0.4373
2013-08-18,0.4392
2013-08-19,0.4487
2013-08-20,0.4733
2013-08-21,0.4989
2013-08-22,0.5041
2013-08-23,0.5131
2013-08-24,0.5202
2013-08-25,0.4948
2013-08-26,0.4772
2013-08-27,0.5149
2013-08-28,0.5351
2013-08-29,0.5521
2013-08-30,0.545
2013-08-31,0.5536
2013-09-01,0.5677
2013-09-02,0.589
2013-09-03,0.5524
2013-09-04,0.5296
2013-09-05,0.5215
2013-09-06,0.5082
2013-09-07,0.5299
2013-09-08,0.5349
2013-09-09,0.5281
2013-09-10,0.5166
2013-09-11,0.5145
2013-09-12,0.5334
2013-09-13,0.5619
2013-09-14,0.5439
2013-09-15,0.5184
2013-09-16,0.5025
2013-09-17,0.4793
2013-09-18,0.4783
2013-09-19,0.5101
2013-09-20,0.5811
2013-09-21,0.6219
2013-09-22,0.6376
2013-09-23,0.6375
2013-09-24,0.6221
2013-09-25,0.6196
2013-09-26,0.6345
2013-09-27,0.6675
2013-09-28,0.7081
2013-09-29,0.7317
2013-09-30,0.7396
2013-10-01,0.7575
2013-10-02,0.7555
2013-10-03,0.7654
2013-10-04,0.8056
2013-10-05,0.8269
2013-10-06,0.8067
2013-10-07,0.7985
2013-10-08,0.7736
2013-10-09,0.7528
2013-10-10,0.7242
2013-10-11,0.684
2013-10-12,0.6756
2013-10-13,0.6692
2013-10-14,0.6408
2013-10-15,0.6424
2013-10-16,0.656
2013-10-17,0.695
2013-10-18,0.7562
2013-10-19,0.7692
2013-10-20,0.7665
2013-10-21,0.7577
2013-10-22,0.7627
2013-10-23,0.7494
2013-10-24,0.753
2013-10-25,0.7326
2013-10-26,0.6941
2013-10-27,0.6611
2013-10-28,0.6127
2013-10-29,0.5625
2013-10-30,0.5539
2013-10-31,0.5531
2013-11-01,0.5389
2013-11-02,0.5224
2013-11-03,0.5351
2013-11-04,0.5365
2013-11-05,0.5379
2013-11-06,0.5282
2013-11-07,0.4993
2013-11-08,0.493
2013-11-09,0.4832
2013-11-10,0.4857
2013-11-11,0.4745
2013-11-12,0.4898
2013-11-13,0.4796
2013-11-14,0.4501
2013-11-15,0.4199
2013-11-16,0.4138
2013-11-17,0.401
2013-11-18,0.396
2013-11-19,0.3746
2013-11-20,0.3559
2013-11-21,0.3552
2013-11-22,0.3821
2013-11-23,0.4061
2013-11-24,0.4165
2013-11-25,0.3877
2013-11-26,0.3441
2013-11-27,0.3215
2013-11-28,0.3049
2013-11-29,0.2887
2013-11-30,0.2772
2013-12-01,0.2684
2013-12-02,0.2982
2013-12-03,0.3369
2013-12-04,0.3711
2013-12-05,0.3912
2013-12-06,0.4082
2013-12-07,0.4191
2013-12-08,0.4212
2013-12-09,0.4032
2013-12-10,0.3758
2013-12-11,0.3667
2013-12-12,0.3289
2013-12-13,0.2907
2013-12-14,0.2705
2013-12-15,0.251
2013-12-16,0.2051
2013-12-17,0.1728
2013-12-18,0.1516
2013-12-19,0.127
2013-12-20,0.134
2013-12-21,0.1331
2013-12-22,0.1407
2013-12-23,0.1385
2013-12-24,0.1497
2013-12-25,0.1633
2013-12-26,0.1751
2013-12-27,0.1836
2013-12-28,0.1871
2013-12-29,0.201
2013-12-30,0.2134
2013-12-31,0.2269
2014-01-01,0.2357
2014-01-02,0.2286
2014-01-03,0.2214
2014-01-04,0.2075
2014-01-05,0.2028
2014-01-06,0.2161
2014-01-07,0.232
2014-01-08,0.2327
2014-01-09,0.2193
2014-01-10,0.2014
2014-01-11,0.1944
2014-01-12,0.2142
2014-01-13,0.2051
2014-01-14,0.1999
2014-01-15,0.2022
2014-01-16,0.222
2014-01-17,0.2298
2014-01-18,0.2207
2014-01-19,0.21
2014-01-20,0.2254
2014-01-21,0.2412
2014-01-22,0.2224
2014-01-23,0.1796
2014-01-24,0.155
2014-01-25,0.1386
2014-01-26,0.1156
2014-01-27,0.0937
2014-01-28,0.0906
2014-01-29,0.0873
2014-01-30,0.12
2014-01-31,0.1494
2014-02-01,0.1653
2014-02-02,0.1943
2014-02-03,0.2178
2014-02-04,0.2401
2014-02-05,0.2412
2014-02-06,0.2355
2014-02-07,0.2129
2014-02-08,0.2059
2014-02-09,0.1986
2014-02-10,0.2132
2014-02-11,0.215
2014-02-12,0.2123
2014-02-13,0.2003
2014-02-14,0.1913
2014-02-15,0.1699
2014-02-16,0.1537
2014-02-17,0.1414
2014-02-18,0.1434
2014-02-19,0.1374
2014-02-20,0.1246
2014-02-21,0.0946
2014-02-22,0.0862
2014-02-23,0.0703
2014-02-24,0.0695
2014-02-25,0.0595
2014-02-26,0.0534
2014-02-27,0.0624
2014-02-28,0.0106
2014-03-01,-0.0622
2014-03-02,-0.0743
2014-03-03,-0.0781
2014-03-04,-0.0716
2014-03-05,-0.0622
2014-03-06,-0.0565
2014-03-07,-0.0483
2014-03-08,-0.0505
2014-03-09,-0.058
2014-03-10,-0.0343
2014-03-11,0.0032
2014-03-12,0.0272
2014-03-13,0.0885
2014-03-14,0.1146
2014-03-15,0.1207
2014-03-16,0.1398
2014-03-17,0.1007
2014-03-18,0.0554
2014-03-19,0.0214
2014-03-20,0.025
2014-03-21,0.0182
2014-03-22,0.021
2014-03-23,0.0267
2014-03-24,0.0286
2014-03-25,0.0184
2014-03-26,0.0007
2014-03-27,-0.036
2014-03-28,-0.0659
2014-03-29,-0.066
2014-03-30,-0.0545
2014-03-31,-0.0341
2014-04-01,-0.0234
2014-04-02,-0.0162
2014-04-03,-0.0039
2014-04-04,-0.0011
2014-04-05,-0.0028
2014-04-06,0.0126
2014-04-07,-0.0059
2014-04-08,-0.0131
2014-04-09,-0.0073
2014-04-10,0.0105
2014-04-11,0.014
2014-04-12,0.0234
2014-04-13,0.0881
2014-04-14,0.1407
2014-04-15,0.1449
2014-04-16,0.1327
2014-04-17,0.108
2014-04-18,0.0876
2014-04-19,0.058
2014-04-20,0.0302
2014-04-21,0.0345
2014-04-22,0.0622
2014-04-23,0.0944
2014-04-24,0.0891
2014-04-25,0.0795
2014-04-26,0.0917
2014-04-27,0.1086
2014-04-28,0.1296
2014-04-29,0.1372
2014-04-30,0.0963
2014-05-01,0.0759
2014-05-02,0.0684
2014-05-03,0.0932
2014-05-04,0.097
2014-05-05,0.0883
2014-05-06,0.097
2014-05-07,0.0941
2014-05-08,0.0696
2014-05-09,0.0294
2014-05-10,-0.0102
2014-05-11,0.0088
2014-05-12,0.0367
2014-05-13,0.0752
2014-05-14,0.0846
2014-05-15,0.0757
2014-05-16,0.1023
2014-05-17,0.1245
2014-05-18,0.1305
2014-05-19,0.1196
2014-05-20,0.1181
2014-05-21,0.1043
2014-05-22,0.0858
2014-05-23,0.0547
2014-05-24,0.0203
2014-05-25,0.0326
2014-05-26,0.0404
2014-05-27,0.035
2014-05-28,0.0196
2014-05-29,0.0197
2014-05-30,0.0282
2014-05-31,0.0011
2014-06-01,-0.0375
2014-06-02,-0.057
2014-06-03,-0.0546
2014-06-04,-0.0477
2014-06-05,-0.0168
2014-06-06,-0.0265
2014-06-07,-0.0213
2014-06-08,-0.0009
2014-06-09,0.0048
2014-06-10,0.025
2014-06-11,0.0673
2014-06-12,0.0576
2014-06-13,0.0572
2014-06-14,0.0805
2014-06-15,0.1007
2014-06-16,0.134
2014-06-17,0.1432
2014-06-18,0.1733
2014-06-19,0.1973
2014-06-20,0.2327
2014-06-21,0.2816
2014-06-22,0.3206
2014-06-23,0.3418
2014-06-24,0.3394
2014-06-25,0.3359
2014-06-26,0.3154
2014-06-27,0.3162
2014-06-28,0.3215
2014-06-29,0.3194
2014-06-30,0.3123
2014-07-01,0.2981
2014-07-02,0.3013
2014-07-03,0.2691
2014-07-04,0.2449
2014-07-05,0.2899
2014-07-06,0.2012
2014-07-07,0.1914
2014-07-08,0.2213
2014-07-09,0.2717
2014-07-10,0.3303
2014-07-11,0.3538
2014-07-12,0.3432
2014-07-13,0.3275
2014-07-14,0.3316
2014-07-15,0.3599
2014-07-16,0.3633
2014-07-17,0.3747
2014-07-18,0.3562
2014-07-19,0.3594
2014-07-20,0.3879
2014-07-21,0.4294
2014-07-22,0.4752
2014-07-23,0.5079
2014-07-24,0.4977
2014-07-25,0.509
2014-07-26,0.5356
2014-07-27,0.5743
2014-07-28,0.611
2014-07-29,0.6267
2014-07-30,0.7004
2014-07-31,0.7394
2014-08-01,0.7269
2014-08-02,0.6888
2014-08-03,0.6989
2014-08-04,0.722
2014-08-05,0.7196
2014-08-06,0.7177
2014-08-07,0.707
2014-08-08,0.6558
2014-08-09,0.6003
2014-08-10,0.5482
2014-08-11,0.5188
2014-08-12,0.4806
2014-08-13,0.4181
2014-08-14,0.4192
2014-08-15,0.4192
2014-08-16,0.4214
2014-08-17,0.4354
2014-08-18,0.4857
2014-08-19,0.5647
2014-08-20,0.6262
2014-08-21,0.6462
2014-08-22,0.651
2014-08-23,0.6666
2014-08-24,0.6826
2014-08-25,0.667
2014-08-26,0.6293
2014-08-27,0.6003
2014-08-28,0.6153
2014-08-29,0.6031
2014-08-30,0.5984
2014-08-31,0.6112
2014-09-01,0.6341
2014-09-02,0.6665
2014-09-03,0.675
2014-09-04,0.7168
2014-09-05,0.7737
2014-09-06,0.7895
2014-09-07,0.7716
2014-09-08,0.7426
2014-09-09,0.7026
2014-09-10,0.666
2014-09-11,0.6292
2014-09-12,0.598
2014-09-13,0.5751
2014-09-14,0.5381
2014-09-15,0.5202
2014-09-16,0.547
2014-09-17,0.5602
2014-09-18,0.5599
2014-09-19,0.5356
2014-09-20,0.5143
2014-09-21,0.5289
2014-09-22,0.5273
2014-09-23,0.5329
2014-09-24,0.5541
2014-09-25,0.5745
2014-09-26,0.6009
2014-09-27,0.6395
2014-09-28,0.6739
2014-09-29,0.6865
2014-09-30,0.6539
2014-10-01,0.6546
2014-10-02,0.617
2014-10-03,0.6163
2014-10-04,0.6294
2014-10-05,0.6579
2014-10-06,0.6856
2014-10-07,0.7
2014-10-08,0.71
2014-10-09,0.724
2014-10-10,0.7358
2014-10-11,0.7163
2014-10-12,0.6757
2014-10-13,0.6186
2014-10-14,0.5615
2014-10-15,0.5448
2014-10-16,0.5647
2014-10-17,0.5798
2014-10-18,0.6219
2014-10-19,0.6573
2014-10-20,0.6597
2014-10-21,0.6807
2014-10-22,0.688
2014-10-23,0.6781
2014-10-24,0.6908
2014-10-25,0.6879
2014-10-26,0.6839
2014-10-27,0.672
2014-10-28,0.6887
2014-10-29,0.7008
2014-10-30,0.7017
2014-10-31,0.6948
2014-11-01,0.688
2014-11-02,0.6592
2014-11-03,0.5857
2014-11-04,0.4954
2014-11-05,0.4612
2014-11-06,0.4543
2014-11-07,0.4305
2014-11-08,0.3744
2014-11-09,0.3572
2014-11-10,0.3778
2014-11-11,0.3774
2014-11-12,0.358
2014-11-13,0.3706
2014-11-14,0.3998
2014-11-15,0.3939
2014-11-16,0.4084
2014-11-17,0.4127
2014-11-18,0.4246
2014-11-19,0.4154
2014-11-20,0.4055
2014-11-21,0.4009
2014-11-22,0.3749
2014-11-23,0.3412
2014-11-24,0.3352
2014-11-25,0.3495
2014-11-26,0.3447
2014-11-27,0.3441
2014-11-28,0.3297
2014-11-29,0.3232
2014-11-30,0.3271
2014-12-01,0.3259
2014-12-02,0.3192
2014-12-03,0.3189
2014-12-04,0.3153
2014-12-05,0.2884
2014-12-06,0.251
2014-12-07,0.2264
2014-12-08,0.2217
2014-12-09,0.2301
2014-12-10,0.2602
2014-12-11,0.2824
2014-12-12,0.2875
2014-12-13,0.3162
2014-12-14,0.3313
2014-12-15,0.3262
2014-12-16,0.3251
2014-12-17,0.2994
2014-12-18,0.3114
2014-12-19,0.318
2014-12-20,0.3249
2014-12-21,0.3374
2014-12-22,0.3622
2014-12-23,0.3762
2014-12-24,0.3785
2014-12-25,0.3916
2014-12-26,0.3956
2014-12-27,0.4083
2014-12-28,0.4045
2014-12-29,0.4135
2014-12-30,0.4162
2014-12-31,0.3994
2015-01-01,0.3765
2015-01-02,0.3755
2015-01-03,0.3718
2015-01-04,0.3346
2015-01-05,0.2844
2015-01-06,0.2913
2015-01-07,0.2901
2015-01-08,0.2711
2015-01-09,0.2556
2015-01-10,0.2497
2015-01-11,0.238
2015-01-12,0.2166
2015-01-13,0.2123
2015-01-14,0.2118
2015-01-15,0.2193
2015-01-16,0.2444
2015-01-17,0.2352
2015-01-18,0.2298
2015-01-19,0.2386
2015-01-20,0.2618
2015-01-21,0.2802
2015-01-22,0.2906
2015-01-23,0.2743
2015-01-24,0.2594
2015-01-25,0.2761
2015-01-26,0.279
2015-01-27,0.2464
2015-01-28,0.2136
2015-01-29,0.2139
2015-01-30,0.2611
2015-01-31,0.2992
2015-02-01,0.2963
2015-02-02,0.2812
2015-02-03,0.2762
2015-02-04,0.2762
2015-02-05,0.2598
2015-02-06,0.2347
2015-02-07,0.2348
2015-02-08,0.249
2015-02-09,0.2833
2015-02-10,0.2972
2015-02-11,0.3488
2015-02-12,0.3639
2015-02-13,0.3522
2015-02-14,0.337
2015-02-15,0.3241
2015-02-16,0.313
2015-02-17,0.3202
2015-02-18,0.2978
2015-02-19,0.2489
2015-02-20,0.208
2015-02-21,0.1864
2015-02-22,0.1756
2015-02-23,0.1524
2015-02-24,0.138
2015-02-25,0.1138
2015-02-26,0.0966
2015-02-27,0.0539
2015-02-28,0.0169
2015-03-01,0.0199
2015-03-02,0.0152
2015-03-03,0.0423
2015-03-04,0.0622
2015-03-05,0.0706
2015-03-06,0.0834
2015-03-07,0.0808
2015-03-08,0.0872
2015-03-09,0.0823
2015-03-10,0.0927
2015-03-11,0.1024
2015-03-12,0.0992
2015-03-13,0.0889
2015-03-14,0.0675
2015-03-15,0.0776
2015-03-16,0.0801
2015-03-17,0.0895
2015-03-18,0.0874
2015-03-19,0.0608
2015-03-20,0.061
2015-03-21,0.0706
2015-03-22,0.0894
2015-03-23,0.0996
2015-03-24,0.0752
2015-03-25,0.0448
2015-03-26,0.0368
2015-03-27,0.0104
2015-03-28,-0.0182
2015-03-29,-0.0236
2015-03-30,0.0016
2015-03-31,-0.0169
2015-04-01,-0.0366
2015-04-02,-0.0358
2015-04-03,-0.0506
2015-04-04,-0.0777
2015-04-05,-0.0749
2015-04-06,-0.0647
2015-04-07,-0.0378
2015-04-08,-0.02
2015-04-09,-0.0111
2015-04-10,-0.0179
2015-04-11,-0.0366
2015-04-12,-0.0283
2015-04-13,-0.0266
2015-04-14,-0.0228
2015-04-15,-0.0322
2015-04-16,-0.0418
2015-04-17,-0.0371
2015-04-18,-0.0197
2015-04-19,-0.0038
2015-04-20,0.0183
2015-04-21,0.0461
2015-04-22,0.105
2015-04-23,0.1457
2015-04-24,0.1618
2015-04-25,0.1412
2015-04-26,0.1265
2015-04-27,0.1407
2015-04-28,0.1624
2015-04-29,0.1526
2015-04-30,0.1531
2015-05-01,0.1787
2015-05-02,0.2106
2015-05-03,0.2447
2015-05-04,0.2337
2015-05-05,0.1872
2015-05-06,0.1412
2015-05-07,0.109
2015-05-08,0.1269
2015-05-09,0.1149
2015-05-10,0.0631
2015-05-11,0.0515
2015-05-12,0.0566
2015-05-13,0.0802
2015-05-14,0.0756
2015-05-15,0.0507
2015-05-16,0.0424
2015-05-17,0.0495
2015-05-18,0.0467
2015-05-19,0.0409
2015-05-20,0.0657
2015-05-21,0.0879
2015-05-22,0.0988
2015-05-23,0.1061
2015-05-24,0.1032
2015-05-25,0.0931
2015-05-26,0.0975
2015-05-27,0.1171
2015-05-28,0.1288
2015-05-29,0.126
2015-05-30,0.1473
2015-05-31,0.1322
2015-06-01,0.096
2015-06-02,0.1066
2015-06-03,0.1084
2015-06-04,0.0837
2015-06-05,0.0403
2015-06-06,0.0068
2015-06-07,0.0163
2015-06-08,0.0297
2015-06-09,0.058
2015-06-10,0.1141
2015-06-11,0.1457
2015-06-12,0.1631
2015-06-13,0.1607
2015-06-14,0.1333
2015-06-15,0.1374
2015-06-16,0.1245
2015-06-17,0.1355
2015-06-18,0.147
2015-06-19,0.1674
2015-06-20,0.2136
2015-06-21,0.2065
2015-06-22,0.2149
2015-06-23,0.2065
2015-06-24,0.2212
2015-06-25,0.1975
2015-06-26,0.2149
2015-06-27,0.1927
2015-06-28,0.1893
2015-06-29,0.1866
2015-06-30,0.1906
2015-07-01,0.1915
2015-07-02,0.1974
2015-07-03,0.179
2015-07-04,0.1441
2015-07-05,0.1225
2015-07-06,0.1728
2015-07-07,0.1948
2015-07-08,0.2138
2015-07-09,0.2362
2015-07-10,0.2504
2015-07-11,0.2459
2015-07-12,0.2354
2015-07-13,0.2378
2015-07-14,0.2205
2015-07-15,0.1979
2015-07-16,0.1886
2015-07-17,0.1919
2015-07-18,0.2222
2015-07-19,0.2566
2015-07-20,0.3006
2015-07-21,0.344
2015-07-22,0.363
2015-07-23,0.3737
2015-07-24,0.3379
2015-07-25,0.3001
2015-07-26,0.2809
2015-07-27,0.2838
2015-07-28,0.282
2015-07-29,0.2941
2015-07-30,0.3118
2015-07-31,0.337
2015-08-01,0.3517
2015-08-02,0.3633
2015-08-03,0.3631
2015-08-04,0.3669
2015-08-05,0.3718
2015-08-06,0.3413
2015-08-07,0.3171
2015-08-08,0.2599
2015-08-09,0.2397
2015-08-10,0.2663
2015-08-11,0.289
2015-08-12,0.276
2015-08-13,0.2879
2015-08-14,0.3082
2015-08-15,0.2746
2015-08-16,0.2543
2015-08-17,0.2856
2015-08-18,0.3232
2015-08-19,0.362
2015-08-20,0.4132
2015-08-21,0.4573
2015-08-22,0.4726
2015-08-23,0.4717
2015-08-24,0.5039
2015-08-25,0.5271
2015-08-26,0.533
2015-08-27,0.5402
2015-08-28,0.5807
2015-08-29,0.6222
2015-08-30,0.6433
2015-08-31,0.6546
2015-09-01,0.6585
2015-09-02,0.6825
2015-09-03,0.7037
2015-09-04,0.6947
2015-09-05,0.6859
2015-09-06,0.6812
2015-09-07,0.6604
2015-09-08,0.6325
2015-09-09,0.6079
2015-09-10,0.6281
2015-09-11,0.6238
2015-09-12,0.6197
2015-09-13,0.6186
2015-09-14,0.5844
2015-09-15,0.5427
2015-09-16,0.521
2015-09-17,0.5311
2015-09-18,0.5345
2015-09-19,0.5708
2015-09-20,0.6046
2015-09-21,0.6091
2015-09-22,0.6473
2015-09-23,0.6704
2015-09-24,0.7145
2015-09-25,0.7424
2015-09-26,0.7435
2015-09-27,0.7347
2015-09-28,0.7292
2015-09-29,0.7279
2015-09-30,0.7444
2015-10-01,0.7395
2015-10-02,0.6885
2015-10-03,0.6408
2015-10-04,0.6405
2015-10-05,0.6263
2015-10-06,0.6075
2015-10-07,0.6268
2015-10-08,0.6244
2015-10-09,0.6237
2015-10-10,0.6234
2015-10-11,0.6239
2015-10-12,0.6263
2015-10-13,0.6394
2015-10-14,0.646
2015-10-15,0.6547
2015-10-16,0.687
2015-10-17,0.717
2015-10-18,0.7272
2015-10-19,0.696
2015-10-20,0.6399
2015-10-21,0.6301
2015-10-22,0.6305
2015-10-23,0.6527
2015-10-24,0.6502
2015-10-25,0.64
2015-10-26,0.6298
2015-10-27,0.6011
2015-10-28,0.5844
2015-10-29,0.591
2015-10-30,0.5924
2015-10-31,0.5729
2015-11-01,0.5692
2015-11-02,0.5669
2015-11-03,0.5614
2015-11-04,0.56
2015-11-05,0.5714
2015-11-06,0.5885
2015-11-07,0.5813
2015-11-08,0.56
2015-11-09,0.5301
2015-11-10,0.4924
2015-11-11,0.4763
2015-11-12,0.4477
2015-11-13,0.435
2015-11-14,0.4532
2015-11-15,0.4819
2015-11-16,0.4856
2015-11-17,0.4682
2015-11-18,0.4517
2015-11-19,0.4374
2015-11-20,0.4194
2015-11-21,0.4201
2015-11-22,0.421
2015-11-23,0.4322
2015-11-24,0.4628
2015-11-25,0.456
2015-11-26,0.4451
2015-11-27,0.451
2015-11-28,0.473
2015-11-29,0.5105
2015-11-30,0.5333
2015-12-01,0.544
2015-12-02,0.5495
2015-12-03,0.5103
2015-12-04,0.4294
2015-12-05,0.3499
2015-12-06,0.3299
2015-12-07,0.3326
2015-12-08,0.3467
2015-12-09,0.3769
2015-12-10,0.3997
2015-12-11,0.4488
2015-12-12,0.4705
2015-12-13,0.4839
2015-12-14,0.5011
2015-12-15,0.5376
2015-12-16,0.5524
2015-12-17,0.5453
2015-12-18,0.516
2015-12-19,0.5157
2015-12-20,0.5063
2015-12-21,0.5014
2015-12-22,0.4929
2015-12-23,0.4816
2015-12-24,0.5004
2015-12-25,0.5106
2015-12-26,0.5109
2015-12-27,0.5141
2015-12-28,0.4967
2015-12-29,0.4678
2015-12-30,0.4507
2015-12-31,0.4538
2016-01-01,0.4287
2016-01-02,0.4446
2016-01-03,0.4536
2016-01-04,0.4561
2016-01-05,0.446
2016-01-06,0.4116
2016-01-07,0.4084
2016-01-08,0.4385
2016-01-09,0.4431
2016-01-10,0.49
2016-01-11,0.5272
2016-01-12,0.561
2016-01-13,0.5606
2016-01-14,0.5754
2016-01-15,0.6146
2016-01-16,0.6423
2016-01-17,0.6218
2016-01-18,0.6198
2016-01-19,0.5997
2016-01-20,0.5414
2016-01-21,0.5261
2016-01-22,0.5329
2016-01-23,0.5128
2016-01-24,0.4994
2016-01-25,0.4753
2016-01-26,0.4197
2016-01-27,0.3865
2016-01-28,0.3843
2016-01-29,0.3537
2016-01-30,0.3501
2016-01-31,0.3823
2016-02-01,0.422
2016-02-02,0.4575
2016-02-03,0.458
2016-02-04,0.482
2016-02-05,0.5057
2016-02-06,0.5135
2016-02-07,0.5182
2016-02-08,0.5157
2016-02-09,0.5248
2016-02-10,0.5329
2016-02-11,0.5459
2016-02-12,0.573
2016-02-13,0.5727
2016-02-14,0.5677
2016-02-15,0.5308
2016-02-16,0.4886
2016-02-17,0.4509
2016-02-18,0.4067
2016-02-19,0.3819
2016-02-20,0.3518
2016-02-21,0.3548
2016-02-22,0.3593
2016-02-23,0.3581
2016-02-24,0.3496
2016-02-25,0.3311
2016-02-26,0.298
2016-02-27,0.2748
2016-02-28,0.2624
2016-02-29,0.2701
2016-03-01,0.3074
2016-03-02,0.3391
2016-03-03,0.3578
2016-03-04,0.374
2016-03-05,0.3902
2016-03-06,0.3919
2016-03-07,0.3781
2016-03-08,0.3515
2016-03-09,0.3384
2016-03-10,0.34
2016-03-11,0.3515
2016-03-12,0.3866
2016-03-13,0.4055
2016-03-14,0.4417
2016-03-15,0.4574
2016-03-16,0.4848
2016-03-17,0.5064
2016-03-18,0.5087
2016-03-19,0.5083
2016-03-20,0.4936
2016-03-21,0.4501
2016-03-22,0.4129
2016-03-23,0.3721
2016-03-24,0.372
2016-03-25,0.3609
2016-03-26,0.334
2016-03-27,0.3261
2016-03-28,0.3468
2016-03-29,0.3451
2016-03-30,0.3286
2016-03-31,0.281
2016-04-01,0.2542
2016-04-02,0.2325
2016-04-03,0.2228
2016-04-04,0.2482
2016-04-05,0.2611
2016-04-06,0.2488
2016-04-07,0.2411
2016-04-08,0.252
2016-04-09,0.248
2016-04-10,0.2358
2016-04-11,0.2065
2016-04-12,0.1881
2016-04-13,0.2182
2016-04-14,0.2527
2016-04-15,0.2872
2016-04-16,0.2849
2016-04-17,0.2986
2016-04-18,0.2795
2016-04-19,0.2727
2016-04-20,0.2841
2016-04-21,0.2977
2016-04-22,0.3221
2016-04-23,0.3543
2016-04-24,0.3447
2016-04-25,0.3324
2016-04-26,0.3352
2016-04-27,0.3658
2016-04-28,0.407
2016-04-29,0.3805
2016-04-30,0.4415
2016-05-01,0.4552
2016-05-02,0.4693
2016-05-03,0.4645
2016-05-04,0.493
2016-05-05,0.4931
2016-05-06,0.4647
2016-05-07,0.4248
2016-05-08,0.3808
2016-05-09,0.3932
2016-05-10,0.3936
2016-05-11,0.4479
2016-05-12,0.4873
2016-05-13,0.4767
2016-05-14,0.4525
2016-05-15,0.4647
2016-05-16,0.4655
2016-05-17,0.3879
2016-05-18,0.3476
2016-05-19,0.3723
2016-05-20,0.3999
2016-05-21,0.4498
2016-05-22,0.417
2016-05-23,0.3888
2016-05-24,0.368
2016-05-25,0.3713
2016-05-26,0.413
2016-05-27,0.4605
2016-05-28,0.5132
2016-05-29,0.5001
2016-05-30,0.4638
2016-05-31,0.4553
2016-06-01,0.4706
2016-06-02,0.4755
2016-06-03,0.4419
2016-06-04,0.5092
2016-06-05,0.538
2016-06-06,0.5669
2016-06-07,0.5262
2016-06-08,0.5206
2016-06-09,0.5727
2016-06-10,0.5402
2016-06-11,0.5033
2016-06-12,0.4965
2016-06-13,0.5214
2016-06-14,0.5302
2016-06-15,0.5094
2016-06-16,0.5175
2016-06-17,0.5036
2016-06-18,0.4482
2016-06-19,0.4447
2016-06-20,0.3975
2016-06-21,0.3776
2016-06-22,0.3878
2016-06-23,0.3774
2016-06-24,0.3991
2016-06-25,0.4067
2016-06-26,0.4467
2016-06-27,0.5146
2016-06-28,0.5055
2016-06-29,0.4956
2016-06-30,0.4801
2016-07-01,0.4593
2016-07-02,0.4541
2016-07-03,0.4443
2016-07-04,0.4398
2016-07-05,0.4421
2016-07-06,0.4375
2016-07-07,0.4412
2016-07-08,0.4893
2016-07-09,0.5045
2016-07-10,0.4861
2016-07-11,0.4764
2016-07-12,0.4689
2016-07-13,0.4845
2016-07-14,0.5051
2016-07-15,0.4933
2016-07-16,0.5039
2016-07-17,0.54
2016-07-18,0.5542
2016-07-19,0.5444
2016-07-20,0.5103
2016-07-21,0.4864
2016-07-22,0.5124
2016-07-23,0.5506
2016-07-24,0.5921
2016-07-25,0.5948
2016-07-26,0.6013
2016-07-27,0.6188
2016-07-28,0.6513
2016-07-29,0.6954
2016-07-30,0.7114
2016-07-31,0.6796
2016-08-01,0.6648
2016-08-02,0.6544
2016-08-03,0.6441
2016-08-04,0.6206
2016-08-05,0.6399
2016-08-06,0.6645
2016-08-07,0.6715
2016-08-08,0.6457
2016-08-09,0.6177
2016-08-10,0.6072
2016-08-11,0.6007
2016-08-12,0.6237
2016-08-13,0.6326
2016-08-14,0.6096
2016-08-15,0.6032
2016-08-16,0.6228
2016-08-17,0.6475
2016-08-18,0.6547
2016-08-19,0.6626
2016-08-20,0.6879
2016-08-21,0.7254
2016-08-22,0.7622
2016-08-23,0.7628
2016-08-24,0.7465
2016-08-25,0.7395
2016-08-26,0.7778
2016-08-27,0.8238
2016-08-28,0.8104
2016-08-29,0.7876
2016-08-30,0.7477
2016-08-31,0.7232
2016-09-01,0.6876
2016-09-02,0.6457
2016-09-03,0.6414
2016-09-04,0.6375
2016-09-05,0.662
2016-09-06,0.6471
2016-09-07,0.6165
2016-09-08,0.5836
2016-09-09,0.5644
2016-09-10,0.5707
2016-09-11,0.5647
2016-09-12,0.5528
2016-09-13,0.5379
2016-09-14,0.5121
2016-09-15,0.4984
2016-09-16,0.4719
2016-09-17,0.4727
2016-09-18,0.4991
2016-09-19,0.53
2016-09-20,0.5842
2016-09-21,0.6661
2016-09-22,0.7041
2016-09-23,0.7174
2016-09-24,0.6997
2016-09-25,0.6855
2016-09-26,0.6828
2016-09-27,0.6769
2016-09-28,0.6547
2016-09-29,0.6269
2016-09-30,0.5919
2016-10-01,0.5841
2016-10-02,0.574
2016-10-03,0.5563
2016-10-04,0.5391
2016-10-05,0.556
2016-10-06,0.585
2016-10-07,0.5973
2016-10-08,0.5725
2016-10-09,0.5531
2016-10-10,0.5039
2016-10-11,0.494
2016-10-12,0.5049
2016-10-13,0.5096
2016-10-14,0.5249
2016-10-15,0.5672
2016-10-16,0.6137
2016-10-17,0.6616
2016-10-18,0.6723
2016-10-19,0.6564
2016-10-20,0.6428
2016-10-21,0.6385
2016-10-22,0.6146
2016-10-23,0.608
2016-10-24,0.6258
2016-10-25,0.624
2016-10-26,0.6236
2016-10-27,0.6133
2016-10-28,0.5973
2016-10-29,0.5964
2016-10-30,0.6106
2016-10-31,0.6309
2016-11-01,0.6402
2016-11-02,0.6459
2016-11-03,0.6584
2016-11-04,0.6582
2016-11-05,0.6505
2016-11-06,0.6364
2016-11-07,0.6149
2016-11-08,0.578
2016-11-09,0.5321
2016-11-10,0.497
2016-11-11,0.5158
2016-11-12,0.5524
2016-11-13,0.5856
2016-11-14,0.623
2016-11-15,0.6476
2016-11-16,0.646
2016-11-17,0.6404
2016-11-18,0.6168
2016-11-19,0.5917
2016-11-20,0.6118
2016-11-21,0.6346
2016-11-22,0.6306
2016-11-23,0.644
2016-11-24,0.6481
2016-11-25,0.6374
2016-11-26,0.6284
2016-11-27,0.632
2016-11-28,0.6431
2016-11-29,0.6576
2016-11-30,0.6777
2016-12-01,0.714
2016-12-02,0.7499
2016-12-03,0.7425
2016-12-04,0.7448
2016-12-05,0.7466
2016-12-06,0.7525
2016-12-07,0.7446
2016-12-08,0.7615
2016-12-09,0.7836
2016-12-10,0.7736
2016-12-11,0.7414
2016-12-12,0.7136
2016-12-13,0.664
2016-12-14,0.6141
2016-12-15,0.5886
2016-12-16,0.5503
2016-12-17,0.4946
2016-12-18,0.4889
2016-12-19,0.4958
2016-12-20,0.4864
2016-12-21,0.4826
2016-12-22,0.485
2016-12-23,0.4716
2016-12-24,0.4313
2016-12-25,0.4096
2016-12-26,0.3891
2016-12-27,0.3555
2016-12-28,0.3407
2016-12-29,0.3723
2016-12-30,0.4077
2016-12-31,0.4157
2017-01-01,0.4346
2017-01-02,0.4587
2017-01-03,0.4716
2017-01-04,0.4781
2017-01-05,0.4937
2017-01-06,0.4692
2017-01-07,0.4803
2017-01-08,0.4864
2017-01-09,0.4763
2017-01-10,0.4664
2017-01-11,0.5041
2017-01-12,0.5168
2017-01-13,0.5156
2017-01-14,0.5427
2017-01-15,0.5217
2017-01-16,0.5087
2017-01-17,0.5246
2017-01-18,0.5001
2017-01-19,0.5087
2017-01-20,0.5223
2017-01-21,0.5482
2017-01-22,0.5848
2017-01-23,0.5598
2017-01-24,0.5681
2017-01-25,0.5687
2017-01-26,0.5651
2017-01-27,0.5701
2017-01-28,0.5848
2017-01-29,0.5701
2017-01-30,0.5723
2017-01-31,0.5203
2017-02-01,0.508
2017-02-02,0.5067
2017-02-03,0.5132
2017-02-04,0.5234
2017-02-05,0.4689
2017-02-06,0.471
2017-02-07,0.4359
2017-02-08,0.412
2017-02-09,0.409
2017-02-10,0.4109
2017-02-11,0.424
2017-02-12,0.4132
2017-02-13,0.4725
2017-02-14,0.4969
2017-02-15,0.4839
2017-02-16,0.459
2017-02-17,0.4162
2017-02-18,0.4009
2017-02-19,0.4219
2017-02-20,0.446
2017-02-21,0.417
2017-02-22,0.3886
2017-02-23,0.4196
2017-02-24,0.4101
2017-02-25,0.4348
2017-02-26,0.4487
2017-02-27,0.4211
2017-02-28,0.3957
2017-03-01,0.3985
2017-03-02,0.3883
2017-03-03,0.3719
2017-03-04,0.3498
2017-03-05,0.3417
2017-03-06,0.3358
2017-03-07,0.3561
2017-03-08,0.3923
2017-03-09,0.4194
2017-03-10,0.4164
2017-03-11,0.4014
2017-03-12,0.379
2017-03-13,0.3719
2017-03-14,0.3843
2017-03-15,0.3701
2017-03-16,0.3571
2017-03-17,0.3393
2017-03-18,0.3137
2017-03-19,0.298
2017-03-20,0.2881
2017-03-21,0.2661
2017-03-22,0.2546
2017-03-23,0.2466
2017-03-24,0.2348
2017-03-25,0.235
2017-03-26,0.2456
2017-03-27,0.255
2017-03-28,0.2318
2017-03-29,0.2374
2017-03-30,0.2478
2017-03-31,0.2434
2017-04-01,0.2459
2017-04-02,0.2717
2017-04-03,0.2947
2017-04-04,0.3135
2017-04-05,0.3124
2017-04-06,0.3322
2017-04-07,0.3845
2017-04-08,0.3975
2017-04-09,0.4021
2017-04-10,0.4211
2017-04-11,0.4374
2017-04-12,0.454
2017-04-13,0.4692
2017-04-14,0.4747
2017-04-15,0.4705
2017-04-16,0.4491
2017-04-17,0.4317
2017-04-18,0.4175
2017-04-19,0.4213
2017-04-20,0.454
2017-04-21,0.4955
2017-04-22,0.5421
2017-04-23,0.5974
2017-04-24,0.6156
2017-04-25,0.6105
2017-04-26,0.5771
2017-04-27,0.5758
2017-04-28,0.5615
2017-04-29,0.5373
2017-04-30,0.4997
2017-05-01,0.4962
2017-05-02,0.5219
2017-05-03,0.5311
2017-05-04,0.5229
2017-05-05,0.5153
2017-05-06,0.4932
2017-05-07,0.4596
2017-05-08,0.4216
2017-05-09,0.4056
2017-05-10,0.3969
2017-05-11,0.3784
2017-05-12,0.363
2017-05-13,0.373
2017-05-14,0.3821
2017-05-15,0.4103
2017-05-16,0.408
2017-05-17,0.3689
2017-05-18,0.3866
2017-05-19,0.4174
2017-05-20,0.4126
2017-05-21,0.399
2017-05-22,0.4011
2017-05-23,0.3919
2017-05-24,0.402
2017-05-25,0.3917
2017-05-26,0.392
2017-05-27,0.434
2017-05-28,0.5019
2017-05-29,0.5199
2017-05-30,0.5195
2017-05-31,0.5516
2017-06-01,0.5676
2017-06-02,0.5724
2017-06-03,0.5558
2017-06-04,0.5375
2017-06-05,0.5141
2017-06-06,0.4858
2017-06-07,0.4522
2017-06-08,0.3978
2017-06-09,0.3658
2017-06-10,0.3452
2017-06-11,0.3573
2017-06-12,0.3786
2017-06-13,0.4147
2017-06-14,0.4345
2017-06-15,0.4643
2017-06-16,0.4983
2017-06-17,0.5317
2017-06-18,0.543
2017-06-19,0.5272
2017-06-20,0.4878
2017-06-21,0.4619
2017-06-22,0.5035
2017-06-23,0.513
2017-06-24,0.5049
2017-06-25,0.5143
2017-06-26,0.5443
2017-06-27,0.5809
2017-06-28,0.6067
2017-06-29,0.5813
2017-06-30,0.5775
2017-07-01,0.5885
2017-07-02,0.6137
2017-07-03,0.6389
2017-07-04,0.6395
2017-07-05,0.6254
2017-07-06,0.6263
2017-07-07,0.6405
2017-07-08,0.6115
2017-07-09,0.5828
2017-07-10,0.5988
2017-07-11,0.5812
2017-07-12,0.5871
2017-07-13,0.5593
2017-07-14,0.5397
2017-07-15,0.552
2017-07-16,0.5616
2017-07-17,0.5772
2017-07-18,0.5662
2017-07-19,0.5708
2017-07-20,0.6027
2017-07-21,0.6398
2017-07-22,0.6495
2017-07-23,0.6438
2017-07-24,0.6159
2017-07-25,0.5972
2017-07-26,0.5909
2017-07-27,0.5918
2017-07-28,0.621
2017-07-29,0.623
2017-07-30,0.5989
2017-07-31,0.5864
2017-08-01,0.582
2017-08-02,0.5965
2017-08-03,0.6082
2017-08-04,0.6216
2017-08-05,0.622
2017-08-06,0.6426
2017-08-07,0.6279
2017-08-08,0.6084
2017-08-09,0.5971
2017-08-10,0.5676
2017-08-11,0.5451
2017-08-12,0.5615
2017-08-13,0.568
2017-08-14,0.5863
2017-08-15,0.5817
2017-08-16,0.5701
2017-08-17,0.5711
2017-08-18,0.5537
2017-08-19,0.5599
2017-08-20,0.5451
2017-08-21,0.5643
2017-08-22,0.5855
2017-08-23,0.6435
2017-08-24,0.7168
2017-08-25,0.766
2017-08-26,0.7868
2017-08-27,0.7871
2017-08-28,0.7941
2017-08-29,0.7837
2017-08-30,0.7792
2017-08-31,0.7642
2017-09-01,0.7298
2017-09-02,0.7216
2017-09-03,0.7132
2017-09-04,0.7273
2017-09-05,0.7476
2017-09-06,0.7125
2017-09-07,0.6635
2017-09-08,0.6317
2017-09-09,0.5995
2017-09-10,0.5909
2017-09-11,0.5789
2017-09-12,0.5663
2017-09-13,0.5886
2017-09-14,0.5961
2017-09-15,0.5861
2017-09-16,0.5836
2017-09-17,0.5975
2017-09-18,0.5995
2017-09-19,0.5975
2017-09-20,0.6011
2017-09-21,0.583
2017-09-22,0.5761
2017-09-23,0.599
2017-09-24,0.5684
2017-09-25,0.5527
2017-09-26,0.5977
2017-09-27,0.6297
2017-09-28,0.6144
2017-09-29,0.6224
2017-09-30,0.6189
2017-10-01,0.599
2017-10-02,0.6
2017-10-03,0.5911
2017-10-04,0.5648
2017-10-05,0.5771
2017-10-06,0.5822
2017-10-07,0.6036
2017-10-08,0.6362
2017-10-09,0.6848
2017-10-10,0.707
2017-10-11,0.7069
2017-10-12,0.699
2017-10-13,0.6841
2017-10-14,0.6639
2017-10-15,0.6306
2017-10-16,0.6167
2017-10-17,0.6
2017-10-18,0.581
2017-10-19,0.5693
2017-10-20,0.5608
2017-10-21,0.5611
2017-10-22,0.5591
2017-10-23,0.5471
2017-10-24,0.5627
2017-10-25,0.587
2017-10-26,0.607
2017-10-27,0.6525
2017-10-28,0.648
2017-10-29,0.6248
2017-10-30,0.6241
2017-10-31,0.6522
2017-11-01,0.6935
2017-11-02,0.6965
2017-11-03,0.7022
2017-11-04,0.6912
2017-11-05,0.6881
2017-11-06,0.6847
2017-11-07,0.6831
2017-11-08,0.6875
2017-11-09,0.6967
2017-11-10,0.7192
2017-11-11,0.6952
2017-11-12,0.6601
2017-11-13,0.6363
2017-11-14,0.6147
2017-11-15,0.5975
2017-11-16,0.6252
2017-11-17,0.6639
2017-11-18,0.6737
2017-11-19,0.6765
2017-11-20,0.6894
2017-11-21,0.7171
2017-11-22,0.7189
2017-11-23,0.7057
2017-11-24,0.6973
2017-11-25,0.6982
2017-11-26,0.7233
2017-11-27,0.7366
2017-11-28,0.742
2017-11-29,0.7562
2017-11-30,0.7522
2017-12-01,0.7514
2017-12-02,0.7565
2017-12-03,0.7547
2017-12-04,0.7624
2017-12-05,0.7668
2017-12-06,0.7554
2017-12-07,0.7121
2017-12-08,0.7114
2017-12-09,0.7167
2017-12-10,0.7012
2017-12-11,0.6835
2017-12-12,0.7013
2017-12-13,0.7213
2017-12-14,0.7171
2017-12-15,0.7246
2017-12-16,0.72
2017-12-17,0.7019
2017-12-18,0.6934
2017-12-19,0.6972
2017-12-20,0.7159
2017-12-21,0.6984
2017-12-22,0.6712
2017-12-23,0.6554
2017-12-24,0.6438
2017-12-25,0.647
2017-12-26,0.6319
2017-12-27,0.6085
2017-12-28,0.6381
2017-12-29,0.6834
2017-12-30,0.6649
2017-12-31,0.646
2018-01-01,0.6397
2018-01-02,0.6119
2018-01-03,0.5886
2018-01-04,0.5637
2018-01-05,0.5541
2018-01-06,0.5526
2018-01-07,0.5328
2018-01-08,0.5048
2018-01-09,0.524
2018-01-10,0.5346
2018-01-11,0.5421
2018-01-12,0.5649
2018-01-13,0.5763
2018-01-14,0.5953
2018-01-15,0.592
2018-01-16,0.5849
2018-01-17,0.5728
2018-01-18,0.5728
2018-01-19,0.5425
2018-01-20,0.5073
2018-01-21,0.5128
2018-01-22,0.4913
2018-01-23,0.4833
2018-01-24,0.4873
2018-01-25,0.4727
2018-01-26,0.4491
2018-01-27,0.4285
2018-01-28,0.4075
2018-01-29,0.3722
2018-01-30,0.3581
2018-01-31,0.3532
2018-02-01,0.3663
2018-02-02,0.3853
2018-02-03,0.3608
2018-02-04,0.3403
2018-02-05,0.3191
2018-02-06,0.3117
2018-02-07,0.308
2018-02-08,0.3044
2018-02-09,0.2962
2018-02-10,0.2853
2018-02-11,0.2873
2018-02-12,0.287
2018-02-13,0.2706
2018-02-14,0.2631
2018-02-15,0.271
2018-02-16,0.272
2018-02-17,0.2711
2018-02-18,0.2551
2018-02-19,0.2499
2018-02-20,0.2395
2018-02-21,0.2181
2018-02-22,0.2062
2018-02-23,0.1765
2018-02-24,0.1536
2018-02-25,0.1736
2018-02-26,0.1978
2018-02-27,0.2115
2018-02-28,0.2141
2018-03-01,0.2207
2018-03-02,0.245
2018-03-03,0.2366
2018-03-04,0.2267
2018-03-05,0.2082
2018-03-06,0.2104
2018-03-07,0.2066
2018-03-08,0.2341
2018-03-09,0.2643
2018-03-10,0.2717
2018-03-11,0.2603
2018-03-12,0.2576
2018-03-13,0.247
2018-03-14,0.2309
2018-03-15,0.2426
2018-03-16,0.2453
2018-03-17,0.2399
2018-03-18,0.2391
2018-03-19,0.2403
2018-03-20,0.2437
2018-03-21,0.2393
2018-03-22,0.2015
2018-03-23,0.1423
2018-03-24,0.1216
2018-03-25,0.1331
2018-03-26,0.1659
2018-03-27,0.1697
2018-03-28,0.1336
2018-03-29,0.1103
2018-03-30,0.1205
2018-03-31,0.142
2018-04-01,0.1781
2018-04-02,0.1925
2018-04-03,0.1925
2018-04-04,0.1628
2018-04-05,0.1498
2018-04-06,0.1228
2018-04-07,0.1169
2018-04-08,0.1243
2018-04-09,0.1106
2018-04-10,0.1053
2018-04-11,0.0942
2018-04-12,0.1002
2018-04-13,0.1168
2018-04-14,0.1175
2018-04-15,0.1115
2018-04-16,0.101
2018-04-17,0.0837
2018-04-18,0.0713
2018-04-19,0.0578
2018-04-20,0.0321
2018-04-21,0.0195
2018-04-22,0.0086
2018-04-23,0.0191
2018-04-24,0.0244
2018-04-25,0.0399
2018-04-26,0.0546
2018-04-27,0.0572
2018-04-28,0.0671
2018-04-29,0.0719
2018-04-30,0.061
2018-05-01,0.0567
2018-05-02,0.057
2018-05-03,0.0581
2018-05-04,0.0641
2018-05-05,0.0827
2018-05-06,0.0879
2018-05-07,0.0865
2018-05-08,0.0547
2018-05-09,0.0156
2018-05-10,0.0057
2018-05-11,0.0342
2018-05-12,0.0571
2018-05-13,0.0865
2018-05-14,0.1002
2018-05-15,0.1006
2018-05-16,0.1048
2018-05-17,0.0898
2018-05-18,0.062
2018-05-19,0.063
2018-05-20,0.0471
2018-05-21,0.0369
2018-05-22,0.0337
2018-05-23,0.0294
2018-05-24,0.0136
2018-05-25,-0.0009
2018-05-26,0.009
2018-05-27,-0.011
2018-05-28,-0.0193
2018-05-29,-0.0064
2018-05-30,-0.0107
2018-05-31,-0.0197
2018-06-01,-0.0286
2018-06-02,-0.0448
2018-06-03,-0.0576
2018-06-04,-0.0715
2018-06-05,-0.084
2018-06-06,-0.024
2018-06-07,0.0021
2018-06-08,0.0372
2018-06-09,0.0537
2018-06-10,0.0548
2018-06-11,0.0317
2018-06-12,-0.0016
2018-06-13,-0.0279
2018-06-14,-0.0077
2018-06-15,0.0242
2018-06-16,0.0513
2018-06-17,0.0669
2018-06-18,0.0598
2018-06-19,0.0652
2018-06-20,0.074
2018-06-21,0.0767
2018-06-22,0.0664
2018-06-23,0.0508
2018-06-24,0.0617
2018-06-25,0.0819
2018-06-26,0.1386
2018-06-27,0.2066
2018-06-28,0.2206
2018-06-29,0.1894
2018-06-30,0.1993
2018-07-01,0.2126
2018-07-02,0.2259
2018-07-03,0.2176
2018-07-04,0.2031
2018-07-05,0.2141
2018-07-06,0.2071
2018-07-07,0.209
2018-07-08,0.2107
2018-07-09,0.2335
2018-07-10,0.2453
2018-07-11,0.2168
2018-07-12,0.1595
2018-07-13,0.111
2018-07-14,0.0831
2018-07-15,0.0726
2018-07-16,0.045
2018-07-17,0.0651
2018-07-18,0.0638
2018-07-19,0.0808
2018-07-20,0.0629
2018-07-21,0.0493
2018-07-22,0.0553
2018-07-23,0.1038
2018-07-24,0.1418
2018-07-25,0.1323
2018-07-26,0.1377
2018-07-27,0.1311
2018-07-28,0.1495
2018-07-29,0.1549
2018-07-30,0.1394
2018-07-31,0.1336
2018-08-01,0.1482
2018-08-02,0.1753
2018-08-03,0.2126
2018-08-04,0.2028
2018-08-05,0.196
2018-08-06,0.2125
2018-08-07,0.2309
2018-08-08,0.2426
2018-08-09,0.2485
2018-08-10,0.2442
2018-08-11,0.2502
2018-08-12,0.2674
2018-08-13,0.2922
2018-08-14,0.3201
2018-08-15,0.3455
2018-08-16,0.3419
2018-08-17,0.3457
2018-08-18,0.3572
2018-08-19,0.3978
2018-08-20,0.4394
2018-08-21,0.4785
2018-08-22,0.5239
2018-08-23,0.5551
2018-08-24,0.5544
2018-08-25,0.5318
2018-08-26,0.5249
2018-08-27,0.5354
2018-08-28,0.5358
2018-08-29,0.5327
2018-08-30,0.5571
2018-08-31,0.5714
2018-09-01,0.5855
2018-09-02,0.5675
2018-09-03,0.5388
2018-09-04,0.5264
2018-09-05,0.5267
2018-09-06,0.5384
2018-09-07,0.5575
2018-09-08,0.556
2018-09-09,0.5248
2018-09-10,0.4881
2018-09-11,0.467
2018-09-12,0.4652
2018-09-13,0.4768
2018-09-14,0.4566
2018-09-15,0.4475
2018-09-16,0.4461
2018-09-17,0.4562
2018-09-18,0.4921
2018-09-19,0.522
2018-09-20,0.5033
2018-09-21,0.4739
2018-09-22,0.4612
2018-09-23,0.4787
2018-09-24,0.4724
2018-09-25,0.4798
2018-09-26,0.4644
2018-09-27,0.4588
2018-09-28,0.4491
2018-09-29,0.4677
2018-09-30,0.5079
2018-10-01,0.536
2018-10-02,0.5285
2018-10-03,0.5313
2018-10-04,0.5348
2018-10-05,0.5477
2018-10-06,0.5669
2018-10-07,0.578
2018-10-08,0.5657
2018-10-09,0.548
2018-10-10,0.5207
2018-10-11,0.4989
2018-10-12,0.4854
2018-10-13,0.4562
2018-10-14,0.436
2018-10-15,0.4299
2018-10-16,0.3988
2018-10-17,0.3589
2018-10-18,0.3157
2018-10-19,0.2765
2018-10-20,0.2711
2018-10-21,0.2755
2018-10-22,0.2589
2018-10-23,0.287
2018-10-24,0.3097
2018-10-25,0.3246
2018-10-26,0.3392
2018-10-27,0.3491
2018-10-28,0.3277
2018-10-29,0.3227
2018-10-30,0.3456
2018-10-31,0.3436
2018-11-01,0.3235
2018-11-02,0.2971
2018-11-03,0.2989
2018-11-04,0.3078
2018-11-05,0.3179
2018-11-06,0.3266
2018-11-07,0.3507
2018-11-08,0.358
2018-11-09,0.3398
2018-11-10,0.3131
2018-11-11,0.3025
2018-11-12,0.2842
2018-11-13,0.2576
2018-11-14,0.2505
2018-11-15,0.2308
2018-11-16,0.2012
2018-11-17,0.187
2018-11-18,0.1722
2018-11-19,0.1717
2018-11-20,0.1795
2018-11-21,0.1691
2018-11-22,0.1621
2018-11-23,0.1409
2018-11-24,0.0769
2018-11-25,0.0478
2018-11-26,0.0475
2018-11-27,0.064
2018-11-28,0.0889
2018-11-29,0.0941
2018-11-30,0.1144
2018-12-01,0.136
2018-12-02,0.1483
2018-12-03,0.1587
2018-12-04,0.1485
2018-12-05,0.1534
2018-12-06,0.1661
2018-12-07,0.1733
2018-12-08,0.1753
2018-12-09,0.1694
2018-12-10,0.1667
2018-12-11,0.1577
2018-12-12,0.1376
2018-12-13,0.1227
2018-12-14,0.1216
2018-12-15,0.1235
2018-12-16,0.1279
2018-12-17,0.1444
2018-12-18,0.1781
2018-12-19,0.1802
2018-12-20,0.1753
2018-12-21,0.1609
2018-12-22,0.1483
2018-12-23,0.1594
2018-12-24,0.164
2018-12-25,0.1586
2018-12-26,0.1814
2018-12-27,0.1875
2018-12-28,0.1762
2018-12-29,0.1631
2018-12-30,0.1709
2018-12-31,0.168
2019-01-01,0.1734
2019-01-02,0.1767
2019-01-03,0.156
2019-01-04,0.1376
2019-01-05,0.1561
2019-01-06,0.1965
2019-01-07,0.2199
2019-01-08,0.2353
2019-01-09,0.2443
2019-01-10,0.2524
2019-01-11,0.2771
2019-01-12,0.2959
2019-01-13,0.321
2019-01-14,0.3445
2019-01-15,0.3649
2019-01-16,0.3878
2019-01-17,0.3569
2019-01-18,0.3365
2019-01-19,0.3288
2019-01-20,0.3237
2019-01-21,0.3314
2019-01-22,0.3364
2019-01-23,0.3319
2019-01-24,0.3214
2019-01-25,0.3422
2019-01-26,0.3592
2019-01-27,0.3661
2019-01-28,0.368
2019-01-29,0.3819
2019-01-30,0.393
2019-01-31,0.3975
2019-02-01,0.3806
2019-02-02,0.3645
2019-02-03,0.3651
2019-02-04,0.3804
2019-02-05,0.389
2019-02-06,0.3683
2019-02-07,0.3611
2019-02-08,0.3968
2019-02-09,0.4152
2019-02-10,0.408
2019-02-11,0.4087
2019-02-12,0.4134
2019-02-13,0.4281
2019-02-14,0.4109
2019-02-15,0.3579
2019-02-16,0.33
2019-02-17,0.3169
2019-02-18,0.3228
2019-02-19,0.3213
2019-02-20,0.3107
2019-02-21,0.2864
2019-02-22,0.2807
2019-02-23,0.2696
2019-02-24,0.2604
2019-02-25,0.2423
2019-02-26,0.2175
2019-02-27,0.2003
2019-02-28,0.1752
2019-03-01,0.1734
2019-03-02,0.1989
2019-03-03,0.2443
2019-03-04,0.2618
2019-03-05,0.2519
2019-03-06,0.2475
2019-03-07,0.2109
2019-03-08,0.193
2019-03-09,0.2094
2019-03-10,0.2219
2019-03-11,0.2314
2019-03-12,0.2185
2019-03-13,0.2054
2019-03-14,0.2142
2019-03-15,0.2277
2019-03-16,0.263
2019-03-17,0.2901
2019-03-18,0.2867
2019-03-19,0.2786
2019-03-20,0.2817
2019-03-21,0.2796
2019-03-22,0.2926
2019-03-23,0.2985
2019-03-24,0.3082
2019-03-25,0.3041
2019-03-26,0.295
2019-03-27,0.3099
2019-03-28,0.3033
2019-03-29,0.282
2019-03-30,0.2661
2019-03-31,0.2673
2019-04-01,0.2646
2019-04-02,0.2682
2019-04-03,0.2431
2019-04-04,0.2191
2019-04-05,0.2072
2019-04-06,0.2161
2019-04-07,0.2323
2019-04-08,0.2356
2019-04-09,0.2406
2019-04-10,0.2197
2019-04-11,0.2191
2019-04-12,0.2107
2019-04-13,0.2343
2019-04-14,0.2322
2019-04-15,0.2393
2019-04-16,0.229
2019-04-17,0.2228
2019-04-18,0.2184
2019-04-19,0.1886
2019-04-20,0.1631
2019-04-21,0.1436
2019-04-22,0.1265
2019-04-23,0.1464
2019-04-24,0.1516
2019-04-25,0.1852
2019-04-26,0.2386
2019-04-27,0.2686
2019-04-28,0.2836
2019-04-29,0.2614
2019-04-30,0.2079
2019-05-01,0.1453
2019-05-02,0.0964
2019-05-03,0.0872
2019-05-04,0.0897
2019-05-05,0.1036
2019-05-06,0.1273
2019-05-07,0.1417
2019-05-08,0.1512
2019-05-09,0.1799
2019-05-10,0.213
2019-05-11,0.2011
2019-05-12,0.193
2019-05-13,0.1919
2019-05-14,0.2118
2019-05-15,0.2324
2019-05-16,0.2365
2019-05-17,0.2326
2019-05-18,0.2524
2019-05-19,0.2578
2019-05-20,0.2683
2019-05-21,0.2699
2019-05-22,0.254
2019-05-23,0.2178
2019-05-24,0.1954
2019-05-25,0.1748
2019-05-26,0.1792
2019-05-27,0.2041
2019-05-28,0.2279
2019-05-29,0.2633
2019-05-30,0.2722
2019-05-31,0.2796
2019-06-01,0.3006
2019-06-02,0.2868
2019-06-03,0.2546
2019-06-04,0.2334
2019-06-05,0.2441
2019-06-06,0.2523
2019-06-07,0.2765
2019-06-08,0.2779
2019-06-09,0.265
2019-06-10,0.2429
2019-06-11,0.2205
2019-06-12,0.2184
2019-06-13,0.2546
2019-06-14,0.2722
2019-06-15,0.2845
2019-06-16,0.2924
2019-06-17,0.3099
2019-06-18,0.3714
2019-06-19,0.4211
2019-06-20,0.4232
2019-06-21,0.4148
2019-06-22,0.3833
2019-06-23,0.4156
2019-06-24,0.4454
2019-06-25,0.4718
2019-06-26,0.4867
2019-06-27,0.4917
2019-06-28,0.5211
2019-06-29,0.5272
2019-06-30,0.5005
2019-07-01,0.4949
2019-07-02,0.4856
2019-07-03,0.4779
2019-07-04,0.4983
2019-07-05,0.5185
2019-07-06,0.5561
2019-07-07,0.6017
2019-07-08,0.6082
2019-07-09,0.5921
2019-07-10,0.6184
2019-07-11,0.6419
2019-07-12,0.6486
2019-07-13,0.6095
2019-07-14,0.5865
2019-07-15,0.5677
2019-07-16,0.5525
2019-07-17,0.566
2019-07-18,0.5645
2019-07-19,0.5746
2019-07-20,0.5941
2019-07-21,0.6114
2019-07-22,0.6275
2019-07-23,0.6194
2019-07-24,0.629
2019-07-25,0.6157
2019-07-26,0.5958
2019-07-27,0.6042
2019-07-28,0.6333
2019-07-29,0.6583
2019-07-30,0.6677
2019-07-31,0.6718
2019-08-01,0.6802
2019-08-02,0.6632
2019-08-03,0.6642
2019-08-04,0.6664
2019-08-05,0.6916
2019-08-06,0.7261
2019-08-07,0.7278
2019-08-08,0.7296
2019-08-09,0.7312
2019-08-10,0.7141
2019-08-11,0.7069
2019-08-12,0.6832
2019-08-13,0.6658
2019-08-14,0.6339
2019-08-15,0.5784
2019-08-16,0.568
2019-08-17,0.596
2019-08-18,0.6334
2019-08-19,0.6808
2019-08-20,0.7095
2019-08-21,0.7205
2019-08-22,0.76
2019-08-23,0.7886
2019-08-24,0.7765
2019-08-25,0.7673
2019-08-26,0.7775
2019-08-27,0.7921
2019-08-28,0.8037
2019-08-29,0.8191
2019-08-30,0.8489
2019-08-31,0.8334
2019-09-01,0.8068
2019-09-02,0.7979
2019-09-03,0.792
2019-09-04,0.7683
2019-09-05,0.7716
2019-09-06,0.7679
2019-09-07,0.7577
2019-09-08,0.733
2019-09-09,0.7135
2019-09-10,0.6733
2019-09-11,0.6344
2019-09-12,0.6062
2019-09-13,0.5905
2019-09-14,0.5754
2019-09-15,0.5548
2019-09-16,0.5446
2019-09-17,0.5378
2019-09-18,0.488
2019-09-19,0.4845
2019-09-20,0.5186
2019-09-21,0.5502
2019-09-22,0.5283
2019-09-23,0.5412
2019-09-24,0.5698
2019-09-25,0.5931
2019-09-26,0.6044
2019-09-27,0.6363
2019-09-28,0.6403
2019-09-29,0.6557
2019-09-30,0.6449
2019-10-01,0.5933
2019-10-02,0.5511
2019-10-03,0.5358
2019-10-04,0.503
2019-10-05,0.4931
2019-10-06,0.4758
2019-10-07,0.447
2019-10-08,0.4541
2019-10-09,0.436
2019-10-10,0.446
2019-10-11,0.4722
2019-10-12,0.4741
2019-10-13,0.4672
2019-10-14,0.4587
2019-10-15,0.4584
2019-10-16,0.4706
2019-10-17,0.483
2019-10-18,0.4858
2019-10-19,0.5003
2019-10-20,0.5294
2019-10-21,0.5667
2019-10-22,0.579
2019-10-23,0.5776
2019-10-24,0.5836
2019-10-25,0.5651
2019-10-26,0.5643
2019-10-27,0.5533
2019-10-28,0.5575
2019-10-29,0.5753
2019-10-30,0.5776
2019-10-31,0.5889
2019-11-01,0.5864
2019-11-02,0.5968
2019-11-03,0.5983
2019-11-04,0.5902
2019-11-05,0.5577
2019-11-06,0.5383
2019-11-07,0.5109
2019-11-08,0.4943
2019-11-09,0.4653
2019-11-10,0.4464
2019-11-11,0.4205
2019-11-12,0.4183
2019-11-13,0.4019
2019-11-14,0.3963
2019-11-15,0.414
2019-11-16,0.4184
2019-11-17,0.4069
2019-11-18,0.392
2019-11-19,0.4069
2019-11-20,0.4245
2019-11-21,0.4241
2019-11-22,0.4525
2019-11-23,0.4704
2019-11-24,0.4799
2019-11-25,0.4868
2019-11-26,0.5027
2019-11-27,0.515
2019-11-28,0.5361
2019-11-29,0.5454
2019-11-30,0.5466
2019-12-01,0.5523
2019-12-02,0.5399
2019-12-03,0.5406
2019-12-04,0.5316
2019-12-05,0.5199
2019-12-06,0.5008
2019-12-07,0.5069
2019-12-08,0.5071
2019-12-09,0.48
2019-12-10,0.4483
2019-12-11,0.4416
2019-12-12,0.4284
2019-12-13,0.434
2019-12-14,0.4372
2019-12-15,0.4397
2019-12-16,0.4341
2019-12-17,0.4334
2019-12-18,0.4283
2019-12-19,0.4127
2019-12-20,0.392
2019-12-21,0.3837
2019-12-22,0.3922
2019-12-23,0.4014
2019-12-24,0.3993
2019-12-25,0.4077
2019-12-26,0.386
2019-12-27,0.4037
2019-12-28,0.4531
2019-12-29,0.4662
2019-12-30,0.4828
2019-12-31,0.4804
2020-01-01,0.4749
2020-01-02,0.4841
2020-01-03,0.4838
2020-01-04,0.4831
2020-01-05,0.4803
2020-01-06,0.4793
2020-01-07,0.5044
2020-01-08,0.5256
2020-01-09,0.5183
2020-01-10,0.4945
2020-01-11,0.4847
2020-01-12,0.4597
2020-01-13,0.4298
2020-01-14,0.4206
2020-01-15,0.4393
2020-01-16,0.4641
2020-01-17,0.4754
2020-01-18,0.4755
2020-01-19,0.4442
2020-01-20,0.4325
2020-01-21,0.4363
2020-01-22,0.4497
2020-01-23,0.4416
2020-01-24,0.4306
2020-01-25,0.4441
2020-01-26,0.4707
2020-01-27,0.4977
2020-01-28,0.5455
2020-01-29,0.5804
2020-01-30,0.6043
2020-01-31,0.6115
2020-02-01,0.6178
2020-02-02,0.6344
2020-02-03,0.6227
2020-02-04,0.6171
2020-02-05,0.6271
2020-02-06,0.6227
2020-02-07,0.6107
2020-02-08,0.6183
2020-02-09,0.6377
2020-02-10,0.6565
2020-02-11,0.6771
2020-02-12,0.6861
2020-02-13,0.6667
2020-02-14,0.647
2020-02-15,0.6318
2020-02-16,0.6301
2020-02-17,0.6496
2020-02-18,0.66
2020-02-19,0.6467
2020-02-20,0.6479
2020-02-21,0.6421
2020-02-22,0.6466
2020-02-23,0.6183
2020-02-24,0.5867
2020-02-25,0.5762
2020-02-26,0.5651
2020-02-27,0.6061
2020-02-28,0.6588
2020-02-29,0.6989
2020-03-01,0.7133
2020-03-02,0.693
2020-03-03,0.6829
2020-03-04,0.6568
2020-03-05,0.6374
2020-03-06,0.6212
2020-03-07,0.6086
2020-03-08,0.5932
2020-03-09,0.5569
2020-03-10,0.5386
2020-03-11,0.5414
2020-03-12,0.559
2020-03-13,0.5501
2020-03-14,0.5566
2020-03-15,0.5644
2020-03-16,0.563
2020-03-17,0.5294
2020-03-18,0.5416
2020-03-19,0.5374
2020-03-20,0.5139
2020-03-21,0.5133
2020-03-22,0.5148
2020-03-23,0.5221
2020-03-24,0.5291
2020-03-25,0.512
2020-03-26,0.503
2020-03-27,0.5133
2020-03-28,0.5307
2020-03-29,0.5517
2020-03-30,0.564
2020-03-31,0.5777
2020-04-01,0.5713
2020-04-02,0.544
2020-04-03,0.552
2020-04-04,0.5524
2020-04-05,0.566
2020-04-06,0.5972
2020-04-07,0.6256
2020-04-08,0.6462
2020-04-09,0.6688
2020-04-10,0.6922
2020-04-11,0.7023
2020-04-12,0.6853
2020-04-13,0.6598
2020-04-14,0.636
2020-04-15,0.6447
2020-04-16,0.6501
2020-04-17,0.6402
2020-04-18,0.6022
2020-04-19,0.5555
2020-04-20,0.5108
2020-04-21,0.5084
2020-04-22,0.5146
2020-04-23,0.5243
2020-04-24,0.5266
2020-04-25,0.5384
2020-04-26,0.5511
2020-04-27,0.5534
2020-04-28,0.5042
2020-04-29,0.4539
2020-04-30,0.4119
2020-05-01,0.4084
2020-05-02,0.4356
2020-05-03,0.4555
2020-05-04,0.4772
2020-05-05,0.5086
2020-05-06,0.5371
2020-05-07,0.5422
2020-05-08,0.5235
2020-05-09,0.4746
2020-05-10,0.4431
2020-05-11,0.406
2020-05-12,0.3599
2020-05-13,0.339
2020-05-14,0.3429
2020-05-15,0.3729
2020-05-16,0.3834
2020-05-17,0.3656
2020-05-18,0.3435
2020-05-19,0.3522
2020-05-20,0.3789
2020-05-21,0.3682
2020-05-22,0.3424
2020-05-23,0.3146
2020-05-24,0.3457
2020-05-25,0.3694
2020-05-26,0.3948
2020-05-27,0.3871
2020-05-28,0.3755
2020-05-29,0.3601
2020-05-30,0.3688
2020-05-31,0.4048
2020-06-01,0.4584
2020-06-02,0.4798
2020-06-03,0.4765
2020-06-04,0.449
2020-06-05,0.4278
2020-06-06,0.4416
2020-06-07,0.4324
2020-06-08,0.4556
2020-06-09,0.4739
2020-06-10,0.4392
2020-06-11,0.4382
2020-06-12,0.4364
2020-06-13,0.44
2020-06-14,0.4593
2020-06-15,0.4863
2020-06-16,0.5125
2020-06-17,0.5199
2020-06-18,0.5198
2020-06-19,0.5213
2020-06-20,0.4982
2020-06-21,0.4825
2020-06-22,0.4649
2020-06-23,0.4834
2020-06-24,0.4954
2020-06-25,0.5372
2020-06-26,0.5428
2020-06-27,0.5265
2020-06-28,0.4942
2020-06-29,0.4821
2020-06-30,0.5027
2020-07-01,0.5203
2020-07-02,0.5324
2020-07-03,0.5077
2020-07-04,0.4968
2020-07-05,0.5031
2020-07-06,0.5492
2020-07-07,0.5534
2020-07-08,0.5391
2020-07-09,0.5226
2020-07-10,0.5187
2020-07-11,0.5125
2020-07-12,0.5439
2020-07-13,0.5844
2020-07-14,0.606
2020-07-15,0.6222
2020-07-16,0.6655
2020-07-17,0.7097
2020-07-18,0.7458
2020-07-19,0.7833
2020-07-20,0.8169
2020-07-21,0.8388
2020-07-22,0.8363
2020-07-23,0.8468
2020-07-24,0.8359
2020-07-25,0.8434
2020-07-26,0.8238
2020-07-27,0.8176
2020-07-28,0.8106
2020-07-29,0.7962
2020-07-30,0.7911
2020-07-31,0.8276
2020-08-01,0.8449
2020-08-02,0.8288
2020-08-03,0.8214
2020-08-04,0.8333
2020-08-05,0.8486
2020-08-06,0.8769
2020-08-07,0.9049
2020-08-08,0.9105
2020-08-09,0.9226
2020-08-10,0.9281
2020-08-11,0.9314
2020-08-12,0.9255
2020-08-13,0.9233
2020-08-14,0.891
2020-08-15,0.8643
2020-08-16,0.8208
2020-08-17,0.8053
2020-08-18,0.8046
2020-08-19,0.8172
2020-08-20,0.8162
2020-08-21,0.8153
2020-08-22,0.843
2020-08-23,0.872
2020-08-24,0.8839
2020-08-25,0.8956
2020-08-26,0.905
2020-08-27,0.871
2020-08-28,0.8626
2020-08-29,0.8572
2020-08-30,0.8393
2020-08-31,0.8274
2020-09-01,0.8585
2020-09-02,0.8486
2020-09-03,0.8583
2020-09-04,0.8809
2020-09-05,0.9041
2020-09-06,0.9028
2020-09-07,0.8947
2020-09-08,0.895
2020-09-09,0.8898
2020-09-10,0.8773
2020-09-11,0.8615
2020-09-12,0.8549
2020-09-13,0.8081
2020-09-14,0.7905
2020-09-15,0.7705
2020-09-16,0.7244
2020-09-17,0.6937
2020-09-18,0.6964
2020-09-19,0.702
2020-09-20,0.7048
2020-09-21,0.716
2020-09-22,0.7063
2020-09-23,0.6608
2020-09-24,0.647
2020-09-25,0.6752
2020-09-26,0.6806
2020-09-27,0.7036
2020-09-28,0.72
2020-09-29,0.7432
2020-09-30,0.7422
2020-10-01,0.7185
2020-10-02,0.685
2020-10-03,0.6411
2020-10-04,0.6292
2020-10-05,0.6423
2020-10-06,0.6616
2020-10-07,0.7013
2020-10-08,0.7403
2020-10-09,0.7539
2020-10-10,0.7336
2020-10-11,0.7134
2020-10-12,0.7001
2020-10-13,0.7118
2020-10-14,0.727
2020-10-15,0.7468
2020-10-16,0.7841
2020-10-17,0.8334
2020-10-18,0.8813
2020-10-19,0.8902
2020-10-20,0.8691
2020-10-21,0.8434
2020-10-22,0.8229
2020-10-23,0.7982
2020-10-24,0.7597
2020-10-25,0.72
2020-10-26,0.7043
2020-10-27,0.6891
2020-10-28,0.6871
2020-10-29,0.6539
2020-10-30,0.6435
2020-10-31,0.6506
2020-11-01,0.6531
2020-11-02,0.6472
2020-11-03,0.6261
2020-11-04,0.6074
2020-11-05,0.6047
2020-11-06,0.6082
2020-11-07,0.6256
2020-11-08,0.6185
2020-11-09,0.5977
2020-11-10,0.5946
2020-11-11,0.6099
2020-11-12,0.6293
2020-11-13,0.6276
2020-11-14,0.6308
2020-11-15,0.6386
2020-11-16,0.6555
2020-11-17,0.6586
2020-11-18,0.639
2020-11-19,0.5931
2020-11-20,0.5806
2020-11-21,0.5652
2020-11-22,0.5514
2020-11-23,0.5582
2020-11-24,0.5527
2020-11-25,0.5233
2020-11-26,0.5073
2020-11-27,0.5205
2020-11-28,0.5345
2020-11-29,0.5258
2020-11-30,0.5364
2020-12-01,0.5709
2020-12-02,0.5906
2020-12-03,0.6158
2020-12-04,0.624
2020-12-05,0.618
2020-12-06,0.6266
2020-12-07,0.6429
2020-12-08,0.6532
2020-12-09,0.6409
2020-12-10,0.6163
2020-12-11,0.6273
2020-12-12,0.6348
2020-12-13,0.633
2020-12-14,0.6311
2020-12-15,0.629
2020-12-16,0.6092
2020-12-17,0.5997
2020-12-18,0.5895
2020-12-19,0.5596
2020-12-20,0.5301
2020-12-21,0.5179
2020-12-22,0.5007
2020-12-23,0.4849
2020-12-24,0.4779
2020-12-25,0.4892
2020-12-26,0.5094
2020-12-27,0.5196
2020-12-28,0.5309
2020-12-29,0.534
2020-12-30,0.5361
2020-12-31,0.5345
2021-01-01,0.5275
2021-01-02,0.5289
2021-01-03,0.5404
2021-01-04,0.5559
2021-01-05,0.5734
2021-01-06,0.5919
2021-01-07,0.6093
2021-01-08,0.6038
2021-01-09,0.5876
2021-01-10,0.5715
2021-01-11,0.5624
2021-01-12,0.57
2021-01-13,0.5923
2021-01-14,0.6132
2021-01-15,0.6266
2021-01-16,0.6264
2021-01-17,0.6311
2021-01-18,0.6323
2021-01-19,0.6289
2021-01-20,0.6012
2021-01-21,0.5823
2021-01-22,0.5858
2021-01-23,0.5928
2021-01-24,0.5856
2021-01-25,0.5714
2021-01-26,0.5685
2021-01-27,0.5576
2021-01-28,0.5518
2021-01-29,0.5451
2021-01-30,0.5341
2021-01-31,0.5185
2021-02-01,0.5022
2021-02-02,0.5052
2021-02-03,0.5014
2021-02-04,0.5107
2021-02-05,0.5164
2021-02-06,0.5248
2021-02-07,0.535
2021-02-08,0.536
2021-02-09,0.5396
2021-02-10,0.5484
2021-02-11,0.5613
2021-02-12,0.5699
2021-02-13,0.58
2021-02-14,0.6054
2021-02-15,0.6117
2021-02-16,0.6131
2021-02-17,0.6058
2021-02-18,0.593
2021-02-19,0.5689
2021-02-20,0.5476
2021-02-21,0.5394
2021-02-22,0.5179
2021-02-23,0.4778
2021-02-24,0.4696
2021-02-25,0.4511
2021-02-26,0.4318
2021-02-27,0.4155
2021-02-28,0.422
2021-03-01,0.4432
2021-03-02,0.4539
2021-03-03,0.4483
2021-03-04,0.4508
2021-03-05,0.4609
2021-03-06,0.4631
2021-03-07,0.4459
2021-03-08,0.4305
2021-03-09,0.4206
2021-03-10,0.4073
2021-03-11,0.4101
2021-03-12,0.4321
2021-03-13,0.4405
2021-03-14,0.4661
2021-03-15,0.4862
2021-03-16,0.4765
2021-03-17,0.4382
2021-03-18,0.4037
2021-03-19,0.3757
2021-03-20,0.3672
2021-03-21,0.3717
2021-03-22,0.3924
2021-03-23,0.3925
2021-03-24,0.395
2021-03-25,0.3811
2021-03-26,0.3616
2021-03-27,0.3219
2021-03-28,0.2814
2021-03-29,0.263
2021-03-30,0.2782
2021-03-31,0.302
2021-04-01,0.3018
2021-04-02,0.2829
2021-04-03,0.2547
2021-04-04,0.238
2021-04-05,0.2498
2021-04-06,0.2746
2021-04-07,0.3141
2021-04-08,0.3687
2021-04-09,0.4124
2021-04-10,0.436
2021-04-11,0.4489
2021-04-12,0.4352
2021-04-13,0.4477
2021-04-14,0.4787
2021-04-15,0.4927
2021-04-16,0.5055
2021-04-17,0.5068
2021-04-18,0.581
2021-04-19,0.622
2021-04-20,0.6304
2021-04-21,0.6288
2021-04-22,0.6069
2021-04-23,0.5708
2021-04-24,0.5514
2021-04-25,0.5518
2021-04-26,0.5449
2021-04-27,0.5384
2021-04-28,0.5265
2021-04-29,0.5259
2021-04-30,0.5118
2021-05-01,0.5413
2021-05-02,0.5692
2021-05-03,0.5635
2021-05-04,0.5563
2021-05-05,0.5856
2021-05-06,0.6094
2021-05-07,0.6054
2021-05-08,0.5845
2021-05-09,0.5414
2021-05-10,0.5152
2021-05-11,0.5126
2021-05-12,0.5341
2021-05-13,0.534
2021-05-14,0.5088
2021-05-15,0.4998
2021-05-16,0.5188
2021-05-17,0.5347
2021-05-18,0.5313
2021-05-19,0.5314
2021-05-20,0.5144
2021-05-21,0.4685
2021-05-22,0.4037
2021-05-23,0.3426
2021-05-24,0.3021
2021-05-25,0.2664
2021-05-26,0.269
2021-05-27,0.2975
2021-05-28,0.3329
2021-05-29,0.3652
2021-05-30,0.383
2021-05-31,0.3872
2021-06-01,0.3853
2021-06-02,0.3706
2021-06-03,0.3631
2021-06-04,0.3544
2021-06-05,0.3339
2021-06-06,0.3452
2021-06-07,0.3789
2021-06-08,0.404
2021-06-09,0.4169
2021-06-10,0.4285
2021-06-11,0.4251
2021-06-12,0.4327
2021-06-13,0.4292
2021-06-14,0.4203
2021-06-15,0.411
2021-06-16,0.4019
2021-06-17,0.3983
2021-06-18,0.4161
2021-06-19,0.4327
2021-06-20,0.4219
2021-06-21,0.4299
2021-06-22,0.4605
2021-06-23,0.4853
2021-06-24,0.4853
2021-06-25,0.5033
2021-06-26,0.5356
2021-06-27,0.5334
2021-06-28,0.5244
2021-06-29,0.5072
2021-06-30,0.5026
2021-07-01,0.5021
2021-07-02,0.4959
2021-07-03,0.4994
2021-07-04,0.495
2021-07-05,0.4621
2021-07-06,0.4494
2021-07-07,0.4357
2021-07-08,0.4369
2021-07-09,0.4128
2021-07-10,0.4096
2021-07-11,0.4381
2021-07-12,0.4439
2021-07-13,0.4362
2021-07-14,0.4636
2021-07-15,0.5121
2021-07-16,0.5479
2021-07-17,0.5949
2021-07-18,0.6328
2021-07-19,0.6963
2021-07-20,0.7105
2021-07-21,0.7047
2021-07-22,0.7219
2021-07-23,0.7173
2021-07-24,0.7081
2021-07-25,0.7079
2021-07-26,0.707
2021-07-27,0.7166
2021-07-28,0.7459
2021-07-29,0.7422
2021-07-30,0.7218
2021-07-31,0.7043
2021-08-01,0.6925
2021-08-02,0.6883
2021-08-03,0.6677
2021-08-04,0.666
2021-08-05,0.6684
2021-08-06,0.6816
2021-08-07,0.6865
2021-08-08,0.666
2021-08-09,0.6407
2021-08-10,0.6257
2021-08-11,0.6127
2021-08-12,0.6241
2021-08-13,0.6506
2021-08-14,0.6816
2021-08-15,0.6852
2021-08-16,0.6825
2021-08-17,0.7159
2021-08-18,0.7318
2021-08-19,0.7541
2021-08-20,0.7894
2021-08-21,0.7992
2021-08-22,0.7745
2021-08-23,0.7396
2021-08-24,0.7451
2021-08-25,0.7668
2021-08-26,0.788
2021-08-27,0.8289
2021-08-28,0.8471
2021-08-29,0.8761
2021-08-30,0.9061
2021-08-31,0.9376
2021-09-01,0.9765
2021-09-02,0.9922
2021-09-03,0.9696
2021-09-04,0.9444
2021-09-05,0.928
2021-09-06,0.9442
2021-09-07,0.9822
2021-09-08,1.002
2021-09-09,1.0093
2021-09-10,1.0067
2021-09-11,1.0063
2021-09-12,0.9992
2021-09-13,0.9719
2021-09-14,0.9423
2021-09-15,0.9433
2021-09-16,0.9487
2021-09-17,0.9489
2021-09-18,0.9561
2021-09-19,0.9612
2021-09-20,0.9588
2021-09-21,0.9521
2021-09-22,0.9342
2021-09-23,0.9404
2021-09-24,0.9466
2021-09-25,0.9459
2021-09-26,0.9538
2021-09-27,0.9672
2021-09-28,0.9752
2021-09-29,0.9753
2021-09-30,0.9818
2021-10-01,0.9498
2021-10-02,0.9162
2021-10-03,0.8899
2021-10-04,0.8953
2021-10-05,0.9001
2021-10-06,0.8955
2021-10-07,0.8976
2021-10-08,0.9031
2021-10-09,0.8964
2021-10-10,0.8872
2021-10-11,0.8866
2021-10-12,0.8851
2021-10-13,0.8983
2021-10-14,0.9141
2021-10-15,0.9315
2021-10-16,0.9405
2021-10-17,0.955
2021-10-18,0.9815
2021-10-19,0.9796
2021-10-20,0.9663
2021-10-21,0.9387
2021-10-22,0.9214
2021-10-23,0.9247
2021-10-24,0.9286
2021-10-25,0.9317
2021-10-26,0.9371
2021-10-27,0.9353
2021-10-28,0.9468
2021-10-29,0.9602
2021-10-30,0.972
2021-10-31,0.9642
2021-11-01,0.9691
2021-11-02,0.9705
2021-11-03,0.9705
2021-11-04,0.9584
2021-11-05,0.9397
2021-11-06,0.9181
2021-11-07,0.899
2021-11-08,0.8978
2021-11-09,0.8994
2021-11-10,0.8986
2021-11-11,0.8906
2021-11-12,0.8794
2021-11-13,0.8732
2021-11-14,0.867
2021-11-15,0.8637
2021-11-16,0.8621
2021-11-17,0.8605
2021-11-18,0.8603
2021-11-19,0.8621
2021-11-20,0.8572
2021-11-21,0.8667
2021-11-22,0.8792
2021-11-23,0.8871
2021-11-24,0.8848
2021-11-25,0.8924
2021-11-26,0.8734
2021-11-27,0.86
2021-11-28,0.856
2021-11-29,0.8437
2021-11-30,0.8307
2021-12-01,0.8073
2021-12-02,0.7973
2021-12-03,0.794
2021-12-04,0.7808
2021-12-05,0.7692
2021-12-06,0.7587
2021-12-07,0.7482
2021-12-08,0.7399
2021-12-09,0.7347
2021-12-10,0.7268
2021-12-11,0.7232
2021-12-12,0.725
2021-12-13,0.7344
2021-12-14,0.737
2021-12-15,0.7435
2021-12-16,0.7485
2021-12-17,0.7341
2021-12-18,0.7302
2021-12-19,0.7185
2021-12-20,0.7088
2021-12-21,0.6912
2021-12-22,0.6825
2021-12-23,0.6755
2021-12-24,0.6659
2021-12-25,0.6601
2021-12-26,0.6713
2021-12-27,0.6842
2021-12-28,0.6919
2021-12-29,0.7058
2021-12-30,0.723
2021-12-31,0.7268
2022-01-01,0.7264
2022-01-02,0.7267
2022-01-03,0.7307
2022-01-04,0.7153
2022-01-05,0.6928
2022-01-06,0.6866
2022-01-07,0.6917
2022-01-08,0.692
2022-01-09,0.6957
2022-01-10,0.7
2022-01-11,0.71
2022-01-12,0.7143
2022-01-13,0.73
2022-01-14,0.7372
2022-01-15,0.7459
2022-01-16,0.7686
2022-01-17,0.7582
2022-01-18,0.7423
2022-01-19,0.7242
2022-01-20,0.7278
2022-01-21,0.7335
2022-01-22,0.7159
2022-01-23,0.6966
2022-01-24,0.6861
2022-01-25,0.6858
2022-01-26,0.7007
2022-01-27,0.7018
2022-01-28,0.6988
2022-01-29,0.6976
2022-01-30,0.6819
2022-01-31,0.6621
2022-02-01,0.6643
2022-02-02,0.6852
2022-02-03,0.6921
2022-02-04,0.6906
2022-02-05,0.6901
2022-02-06,0.6956
2022-02-07,0.7053
2022-02-08,0.7384
2022-02-09,0.7694
2022-02-10,0.7935
2022-02-11,0.8101
2022-02-12,0.8157
2022-02-13,0.8227
2022-02-14,0.8236
2022-02-15,0.8088
2022-02-16,0.775
2022-02-17,0.7592
2022-02-18,0.7508
2022-02-19,0.7435
2022-02-20,0.7196
2022-02-21,0.7283
2022-02-22,0.7357
2022-02-23,0.728
2022-02-24,0.7162
2022-02-25,0.6945
2022-02-26,0.6615
2022-02-27,0.6375
2022-02-28,0.6192
2022-03-01,0.5936
2022-03-02,0.5722
2022-03-03,0.5521
2022-03-04,0.5402
2022-03-05,0.5246
2022-03-06,0.5131
2022-03-07,0.5016
2022-03-08,0.5031
2022-03-09,0.5005
2022-03-10,0.4953
2022-03-11,0.4884
2022-03-12,0.4808
2022-03-13,0.4742
2022-03-14,0.4704
2022-03-15,0.4604
2022-03-16,0.4561
2022-03-17,0.4434
2022-03-18,0.4242
2022-03-19,0.4266
2022-03-20,0.4432
2022-03-21,0.4435
2022-03-22,0.4284
2022-03-23,0.4196
2022-03-24,0.4135
2022-03-25,0.4124
2022-03-26,0.4041
2022-03-27,0.3799
2022-03-28,0.3712
2022-03-29,0.3582
2022-03-30,0.3356
2022-03-31,0.3256
2022-04-01,0.3179
2022-04-02,0.322
2022-04-03,0.3263
2022-04-04,0.3294
2022-04-05,0.3322
2022-04-06,0.3465
2022-04-07,0.354
2022-04-08,0.3639
2022-04-09,0.3631
2022-04-10,0.3424
2022-04-11,0.3236
2022-04-12,0.3228
2022-04-13,0.3141
2022-04-14,0.3217
2022-04-15,0.341
2022-04-16,0.361
2022-04-17,0.3691
2022-04-18,0.3665
2022-04-19,0.3667
2022-04-20,0.3648
2022-04-21,0.3688
2022-04-22,0.3724
2022-04-23,0.3851
2022-04-24,0.4226
2022-04-25,0.4509
2022-04-26,0.4422
2022-04-27,0.4201
2022-04-28,0.4083
2022-04-29,0.4285
2022-04-30,0.4439
2022-05-01,0.4567
2022-05-02,0.4692
2022-05-03,0.4863
2022-05-04,0.496
2022-05-05,0.5045
2022-05-06,0.5265
2022-05-07,0.5206
2022-05-08,0.507
2022-05-09,0.5013
2022-05-10,0.4892
2022-05-11,0.4738
2022-05-12,0.4832
2022-05-13,0.4953
2022-05-14,0.4988
2022-05-15,0.4954
2022-05-16,0.4874
2022-05-17,0.4667
2022-05-18,0.4689
2022-05-19,0.5125
2022-05-20,0.5594
2022-05-21,0.5984
2022-05-22,0.6185
2022-05-23,0.6278
2022-05-24,0.602
2022-05-25,0.5596
2022-05-26,0.5424
2022-05-27,0.5372
2022-05-28,0.5349
2022-05-29,0.5328
2022-05-30,0.5247
2022-05-31,0.5067
2022-06-01,0.4963
2022-06-02,0.4766
2022-06-03,0.4756
2022-06-04,0.5028
2022-06-05,0.5182
2022-06-06,0.5111
2022-06-07,0.4949
2022-06-08,0.4853
2022-06-09,0.4757
2022-06-10,0.4704
2022-06-11,0.4736
2022-06-12,0.4782
2022-06-13,0.4868
2022-06-14,0.4952
2022-06-15,0.4988
2022-06-16,0.4739
2022-06-17,0.452
2022-06-18,0.4322
2022-06-19,0.3996
2022-06-20,0.3748
2022-06-21,0.3575
2022-06-22,0.352
2022-06-23,0.3501
2022-06-24,0.3357
2022-06-25,0.3329
2022-06-26,0.3316
2022-06-27,0.3188
2022-06-28,0.3064
2022-06-29,0.3082
2022-06-30,0.3134
2022-07-01,0.3371
2022-07-02,0.3612
2022-07-03,0.3683
2022-07-04,0.3708
2022-07-05,0.379
2022-07-06,0.3616
2022-07-07,0.3255
2022-07-08,0.3123
2022-07-09,0.3058
2022-07-10,0.2921
2022-07-11,0.29
2022-07-12,0.2978
2022-07-13,0.3014
2022-07-14,0.31
2022-07-15,0.3326
2022-07-16,0.3487
2022-07-17,0.3833
2022-07-18,0.3999
2022-07-19,0.4091
2022-07-20,0.402
2022-07-21,0.4169
2022-07-22,0.4432
2022-07-23,0.4895
2022-07-24,0.5551
2022-07-25,0.6088
2022-07-26,0.6448
2022-07-27,0.6572
2022-07-28,0.6724
2022-07-29,0.669
2022-07-30,0.671
2022-07-31,0.686
2022-08-01,0.7031
2022-08-02,0.7327
2022-08-03,0.7583
2022-08-04,0.7803
2022-08-05,0.7949
2022-08-06,0.8075
2022-08-07,0.807
2022-08-08,0.8066
2022-08-09,0.8011
2022-08-10,0.7931
2022-08-11,0.7987
2022-08-12,0.8347
2022-08-13,0.8609
2022-08-14,0.891
2022-08-15,0.8907
2022-08-16,0.8578
2022-08-17,0.8355
2022-08-18,0.8312
2022-08-19,0.8482
2022-08-20,0.8664
2022-08-21,0.8765
2022-08-22,0.8785
2022-08-23,0.9022
2022-08-24,0.9184
2022-08-25,0.9306
2022-08-26,0.941
2022-08-27,0.957
2022-08-28,0.9705
2022-08-29,0.98
2022-08-30,1.0061
2022-08-31,1.0477
2022-09-01,1.0785
2022-09-02,1.1034
2022-09-03,1.1112
2022-09-04,1.1118
2022-09-05,1.1001
2022-09-06,1.0877
2022-09-07,1.0758
2022-09-08,1.0641
2022-09-09,1.0642
2022-09-10,1.0505
2022-09-11,1.033
2022-09-12,1.0273
2022-09-13,1.0187
2022-09-14,1.0232
2022-09-15,1.0453
2022-09-16,1.0607
2022-09-17,1.0698
2022-09-18,1.056
2022-09-19,1.0449
2022-09-20,1.0444
2022-09-21,1.049
2022-09-22,1.0596
2022-09-23,1.0729
2022-09-24,1.052
2022-09-25,1.0431
2022-09-26,1.0484
2022-09-27,1.0588
2022-09-28,1.059
2022-09-29,1.0523
2022-09-30,1.0462
2022-10-01,1.0458
2022-10-02,1.0523
2022-10-03,1.0492
2022-10-04,1.044
2022-10-05,1.0317
2022-10-06,1.0182
2022-10-07,0.9993
2022-10-08,0.9785
2022-10-09,0.9835
2022-10-10,0.9925
2022-10-11,0.9985
2022-10-12,0.9864
2022-10-13,0.9754
2022-10-14,0.9572
2022-10-15,0.9365
2022-10-16,0.9274
2022-10-17,0.9373
2022-10-18,0.9444
2022-10-19,0.9424
2022-10-20,0.9446
2022-10-21,0.9538
2022-10-22,0.9629
2022-10-23,0.9759
2022-10-24,0.9938
2022-10-25,1.0012
2022-10-26,1.0091
2022-10-27,1.0027
2022-10-28,0.9994
2022-10-29,0.9844
2022-10-30,0.9527
2022-10-31,0.9292
2022-11-01,0.9226
2022-11-02,0.9138
2022-11-03,0.8995
2022-11-04,0.8738
2022-11-05,0.8641
2022-11-06,0.8583
2022-11-07,0.8647
2022-11-08,0.8318
2022-11-09,0.7952
2022-11-10,0.8081
2022-11-11,0.8022
2022-11-12,0.79
2022-11-13,0.7721
2022-11-14,0.7598
2022-11-15,0.7435
2022-11-16,0.7378
2022-11-17,0.725
2022-11-18,0.7211
2022-11-19,0.7194
2022-11-20,0.7034
2022-11-21,0.6739
2022-11-22,0.6462
2022-11-23,0.6188
2022-11-24,0.6123
2022-11-25,0.6135
2022-11-26,0.61
2022-11-27,0.5985
2022-11-28,0.6029
2022-11-29,0.6153
2022-11-30,0.6331
2022-12-01,0.6484
2022-12-02,0.6499
2022-12-03,0.6328
2022-12-04,0.6243
2022-12-05,0.6241
2022-12-06,0.63
2022-12-07,0.6356
2022-12-08,0.6435
2022-12-09,0.6554
2022-12-10,0.6619
2022-12-11,0.6688
2022-12-12,0.6778
2022-12-13,0.6894
2022-12-14,0.699
2022-12-15,0.7048
2022-12-16,0.7017
2022-12-17,0.6971
2022-12-18,0.693
2022-12-19,0.6947
2022-12-20,0.7047
2022-12-21,0.7133
2022-12-22,0.7109
2022-12-23,0.703
2022-12-24,0.695
2022-12-25,0.689
2022-12-26,0.672
2022-12-27,0.6335
2022-12-28,0.6121
2022-12-29,0.6072
2022-12-30,0.6178
2022-12-31,0.6338
2023-01-01,0.6476
2023-01-02,0.659
2023-01-03,0.6628
2023-01-04,0.6704
2023-01-05,0.6747
2023-01-06,0.6925
2023-01-07,0.7005
2023-01-08,0.6897
2023-01-09,0.6818
2023-01-10,0.685
2023-01-11,0.688
2023-01-12,0.6942
2023-01-13,0.6961
2023-01-14,0.7028
2023-01-15,0.6967
2023-01-16,0.7019
2023-01-17,0.7037
2023-01-18,0.7052
2023-01-19,0.6921
2023-01-20,0.6824
2023-01-21,0.6672
2023-01-22,0.6522
2023-01-23,0.6386
2023-01-24,0.6329
2023-01-25,0.6328
2023-01-26,0.6401
2023-01-27,0.6421
2023-01-28,0.63
2023-01-29,0.6355
2023-01-30,0.6446
2023-01-31,0.6525
2023-02-01,0.6608
2023-02-02,0.6691
2023-02-03,0.6751
2023-02-04,0.657
2023-02-05,0.6306
2023-02-06,0.6086
2023-02-07,0.5941
2023-02-08,0.5754
2023-02-09,0.5871
2023-02-10,0.6241
2023-02-11,0.654
2023-02-12,0.6755
2023-02-13,0.6743
2023-02-14,0.6627
2023-02-15,0.6365
2023-02-16,0.607
2023-02-17,0.5953
2023-02-18,0.5801
2023-02-19,0.5688
2023-02-20,0.5748
2023-02-21,0.5842
2023-02-22,0.5869
2023-02-23,0.6235
2023-02-24,0.6083
2023-02-25,0.6027
2023-02-26,0.603
2023-02-27,0.6067
2023-02-28,0.6065
2023-03-01,0.6086
2023-03-02,0.6235
2023-03-03,0.6351
2023-03-04,0.6474
2023-03-05,0.6527
2023-03-06,0.6665
2023-03-07,0.6851
2023-03-08,0.6908
2023-03-09,0.6937
2023-03-10,0.6959
2023-03-11,0.6871
2023-03-12,0.6867
2023-03-13,0.6971
2023-03-14,0.7052
2023-03-15,0.7225
2023-03-16,0.7329
2023-03-17,0.7209
2023-03-18,0.7042
2023-03-19,0.6862
2023-03-20,0.6868
2023-03-21,0.6827
2023-03-22,0.6736
2023-03-23,0.6748
2023-03-24,0.6766
2023-03-25,0.6851
2023-03-26,0.6919
2023-03-27,0.6996
2023-03-28,0.7288
2023-03-29,0.7558
2023-03-30,0.7573
2023-03-31,0.7362
2023-04-01,0.6978
2023-04-02,0.6806
2023-04-03,0.6854
2023-04-04,0.7042
2023-04-05,0.7171
2023-04-06,0.7187
2023-04-07,0.7236
2023-04-08,0.7314
2023-04-09,0.7291
2023-04-10,0.7303
2023-04-11,0.728
2023-04-12,0.7224
2023-04-13,0.7265
2023-04-14,0.736
2023-04-15,0.7354
2023-04-16,0.7488
2023-04-17,0.7642
2023-04-18,0.7615
2023-04-19,0.7695
2023-04-20,0.7745
2023-04-21,0.7844
2023-04-22,0.7807
2023-04-23,0.7837
2023-04-24,0.7998
2023-04-25,0.8279
2023-04-26,0.8382
2023-04-27,0.8501
2023-04-28,0.8683
2023-04-29,0.8858
2023-04-30,0.9006
2023-05-01,0.909
2023-05-02,0.9056
2023-05-03,0.8903
2023-05-04,0.877
2023-05-05,0.8637
2023-05-06,0.85
2023-05-07,0.8426
2023-05-08,0.8406
2023-05-09,0.8494
2023-05-10,0.8596
2023-05-11,0.8781
2023-05-12,0.8988
2023-05-13,0.9175
2023-05-14,0.9307
2023-05-15,0.9213
2023-05-16,0.9281
2023-05-17,0.8973
2023-05-18,0.8812
2023-05-19,0.8441
2023-05-20,0.8197
2023-05-21,0.7899
2023-05-22,0.7715
2023-05-23,0.7641
2023-05-24,0.765
2023-05-25,0.7656
2023-05-26,0.7691
2023-05-27,0.7725
2023-05-28,0.7995
2023-05-29,0.8148
2023-05-30,0.8282
2023-05-31,0.8331
2023-06-01,0.8596
2023-06-02,0.8999
2023-06-03,0.9351
2023-06-04,0.9638
2023-06-05,0.998
2023-06-06,1.0257
2023-06-07,1.0506
2023-06-08,1.0812
2023-06-09,1.1145
2023-06-10,1.1544
2023-06-11,1.1476
2023-06-12,1.1133
2023-06-13,1.0865
2023-06-14,1.0681
2023-06-15,1.0779
2023-06-16,1.1076
2023-06-17,1.141
2023-06-18,1.1664
2023-06-19,1.2127
2023-06-20,1.2607
2023-06-21,1.281
2023-06-22,1.2793
2023-06-23,1.2748
2023-06-24,1.2639
2023-06-25,1.2332
2023-06-26,1.1867
2023-06-27,1.1658
2023-06-28,1.1637
2023-06-29,1.1735
2023-06-30,1.1648
2023-07-01,1.1762
2023-07-02,1.197
2023-07-03,1.2224
2023-07-04,1.2577
2023-07-05,1.2771
2023-07-06,1.2885
2023-07-07,1.2855
2023-07-08,1.2872
2023-07-09,1.31
2023-07-10,1.3431
2023-07-11,1.3514
2023-07-12,1.3504
2023-07-13,1.3482
2023-07-14,1.3242
2023-07-15,1.3076
2023-07-16,1.3251
2023-07-17,1.3644
2023-07-18,1.4049
2023-07-19,1.4685
2023-07-20,1.514
2023-07-21,1.5512
2023-07-22,1.5753
2023-07-23,1.5813
2023-07-24,1.5884
2023-07-25,1.6004
2023-07-26,1.5897
2023-07-27,1.5824
2023-07-28,1.5805
2023-07-29,1.5684
2023-07-30,1.554
2023-07-31,1.5389
2023-08-01,1.5354
2023-08-02,1.5223
2023-08-03,1.5003
2023-08-04,1.4775
2023-08-05,1.4623
2023-08-06,1.4471
2023-08-07,1.4286
2023-08-08,1.4352
2023-08-09,1.4015
2023-08-10,1.3556
2023-08-11,1.3366
2023-08-12,1.3273
2023-08-13,1.3258
2023-08-14,1.3163
2023-08-15,1.3126
2023-08-16,1.3042
2023-08-17,1.326
2023-08-18,1.3489
2023-08-19,1.3867
2023-08-20,1.4151
2023-08-21,1.4327
2023-08-22,1.4559
2023-08-23,1.4758
2023-08-24,1.4949
2023-08-25,1.5118
2023-08-26,1.5262
2023-08-27,1.5384
2023-08-28,1.5444
2023-08-29,1.5483
2023-08-30,1.5643
2023-08-31,1.58
2023-09-01,1.546
2023-09-02,1.5275
2023-09-03,1.5174
2023-09-04,1.5084
2023-09-05,1.5188
2023-09-06,1.5471
2023-09-07,1.5795
2023-09-08,1.5894
2023-09-09,1.5753
2023-09-10,1.5704
2023-09-11,1.562
2023-09-12,1.5487
2023-09-13,1.5266
2023-09-14,1.4918
2023-09-15,1.4524
2023-09-16,1.4051
2023-09-17,1.3952
2023-09-18,1.3815
2023-09-19,1.3721
2023-09-20,1.3568
2023-09-21,1.3419
2023-09-22,1.3363
2023-09-23,1.3313
2023-09-24,1.3182
2023-09-25,1.3068
2023-09-26,1.2984
2023-09-27,1.2909
2023-09-28,1.2867
2023-09-29,1.2885
2023-09-30,1.3048
2023-10-01,1.3029
2023-10-02,1.2905
2023-10-03,1.2741
2023-10-04,1.2548
2023-10-05,1.247
2023-10-06,1.2509
2023-10-07,1.2597
2023-10-08,1.2569
2023-10-09,1.265
2023-10-10,1.2876
2023-10-11,1.3179
2023-10-12,1.3397
2023-10-13,1.3602
2023-10-14,1.379
2023-10-15,1.3921
2023-10-16,1.4114
2023-10-17,1.4143
2023-10-18,1.4049
2023-10-19,1.3898
2023-10-20,1.367
2023-10-21,1.3404
2023-10-22,1.3181
2023-10-23,1.3097
2023-10-24,1.315
2023-10-25,1.3062
2023-10-26,1.2735
2023-10-27,1.2329
2023-10-28,1.2081
2023-10-29,1.1984
2023-10-30,1.2147
2023-10-31,1.2352
2023-11-01,1.2407
2023-11-02,1.2164
2023-11-03,1.1771
2023-11-04,1.1457
2023-11-05,1.1242
2023-11-06,1.0976
2023-11-07,1.0752
2023-11-08,1.0621
2023-11-09,1.0589
2023-11-10,1.058
2023-11-11,1.0614
2023-11-12,1.0633
2023-11-13,1.0657
2023-11-14,1.0741
2023-11-15,1.0777
2023-11-16,1.0707
2023-11-17,1.0782
2023-11-18,1.0822
2023-11-19,1.0763
2023-11-20,1.0761
2023-11-21,1.0764
2023-11-22,1.0899
2023-11-23,1.0881
2023-11-24,1.084
2023-11-25,1.0701
2023-11-26,1.0671
2023-11-27,1.0841
2023-11-28,1.0996
2023-11-29,1.0876
2023-11-30,1.0717
2023-12-01,1.0678
2023-12-02,1.0661
2023-12-03,1.0617
2023-12-04,1.052
2023-12-05,1.0445
2023-12-06,1.0593
2023-12-07,1.0635
2023-12-08,1.0601
2023-12-09,1.0459
2023-12-10,1.0329
2023-12-11,1.0193
2023-12-12,1.005
2023-12-13,0.9766
2023-12-14,0.9657
2023-12-15,0.965
2023-12-16,0.9721
2023-12-17,0.9585
2023-12-18,0.9384
2023-12-19,0.9116
2023-12-20,0.891
2023-12-21,0.8573
2023-12-22,0.8553
2023-12-23,0.8513
2023-12-24,0.8486
2023-12-25,0.8508
2023-12-26,0.8707
2023-12-27,0.9041
2023-12-28,0.9273
2023-12-29,0.9475
2023-12-30,0.9643
2023-12-31,0.9775
