{"type":"FeatureCollection","features":[{"type":"Feature","properties":{"pcode":"SN0101","nom":"Dakar","region":"Dakar"},"geometry":{"type":"MultiPolygon","coordinates":[[[[-17.417,14.7712],[-17.4299,14.7636],[-17.4281,14.7512],[-17.4245,14.7447],[-17.4232,14.7435],[-17.4202,14.7334],[-17.4147,14.7369],[-17.4132,14.7336],[-17.4192,14.7309],[-17.4253,14.7265],[-17.4299,14.7203],[-17.4308,14.7135],[-17.4282,14.7068],[-17.4257,14.7048],[-17.4177,14.7064],[-17.417,14.7018],[-17.4218,14.6997],[-17.4241,14.6963],[-17.4212,14.6937],[-17.4233,14.6914],[-17.4198,14.6856],[-17.4201,14.683],[-17.4232,14.6859],[-17.4256,14.6836],[-17.4298,14.6922],[-17.4312,14.6883],[-17.4326,14.6911],[-17.4344,14.6854],[-17.4318,14.6866],[-17.4294,14.6833],[-17.4339,14.6824],[-17.4343,14.6802],[-17.4297,14.6777],[-17.429,14.6741],[-17.4215,14.6709],[-17.4314,14.6654],[-17.4341,14.6594],[-17.4312,14.6545],[-17.4303,14.6502],[-17.432,14.6469],[-17.4342,14.6474],[-17.4365,14.6547],[-17.4438,14.6602],[-17.4432,14.6661],[-17.4467,14.6708],[-17.4529,14.6742],[-17.4579,14.6736],[-17.4584,14.6769],[-17.4614,14.6787],[-17.4632,14.6746],[-17.4654,14.6769],[-17.4704,14.6752],[-17.4697,14.6863],[-17.4726,14.6872],[-17.4765,14.6918],[-17.4736,14.6972],[-17.4774,14.6991],[-17.4816,14.7038],[-17.4878,14.707],[-17.4901,14.7143],[-17.4971,14.715],[-17.4981,14.7176],[-17.503,14.7188],[-17.5038,14.7252],[-17.5152,14.7379],[-17.521,14.7408],[-17.5305,14.7409],[-17.5263,14.7509],[-17.523,14.7483],[-17.5184,14.7506],[-17.512,14.7501],[-17.5082,14.7538],[-17.5019,14.7526],[-17.5013,14.7553],[-17.4977,14.7542],[-17.4883,14.7581],[-17.4827,14.7643],[-17.4788,14.7654],[-17.4747,14.7622],[-17.4682,14.7617],[-17.4474,14.7658],[-17.4334,14.7701],[-17.419,14.7755],[-17.417,14.7712]]],[[[-17.4721,14.6517],[-17.473,14.6511],[-17.4727,14.6519],[-17.4721,14.6517]]],[[[-17.4725,14.6528],[-17.4726,14.6525],[-17.4728,14.6529],[-17.4725,14.6528]]],[[[-17.4691,14.6552],[-17.47,14.6523],[-17.4747,14.6556],[-17.4691,14.6552]]],[[[-17.3967,14.6672],[-17.3979,14.6632],[-17.4008,14.6689],[-17.3967,14.6672]]],[[[-17.5129,14.7547],[-17.5165,14.7563],[-17.5133,14.7575],[-17.5129,14.7547]]]]}},{"type":"Feature","properties":{"pcode":"SN0102","nom":"Guédiawaye","region":"Dakar"},"geometry":{"type":"Polygon","coordinates":[[[-17.3735,14.7754],[-17.3786,14.7671],[-17.3883,14.7671],[-17.3881,14.7695],[-17.3933,14.77],[-17.3985,14.7666],[-17.3988,14.7696],[-17.4037,14.7705],[-17.4082,14.7659],[-17.4107,14.7655],[-17.4147,14.7613],[-17.4204,14.7515],[-17.421,14.7453],[-17.4245,14.7447],[-17.4281,14.7512],[-17.4299,14.7636],[-17.417,14.7712],[-17.419,14.7755],[-17.3919,14.7864],[-17.3733,14.7943],[-17.366,14.7968],[-17.3622,14.7881],[-17.3657,14.7811],[-17.3644,14.7802],[-17.3677,14.773],[-17.3697,14.7733],[-17.3735,14.7754]]]}},{"type":"Feature","properties":{"pcode":"SN0103","nom":"Pikine","region":"Dakar"},"geometry":{"type":"Polygon","coordinates":[[[-17.421,14.7453],[-17.4204,14.7515],[-17.4147,14.7613],[-17.4107,14.7655],[-17.4082,14.7659],[-17.4037,14.7705],[-17.3988,14.7696],[-17.3985,14.7666],[-17.3933,14.77],[-17.3881,14.7695],[-17.3883,14.7671],[-17.3786,14.7671],[-17.3735,14.7754],[-17.3697,14.7733],[-17.3723,14.7645],[-17.3706,14.7629],[-17.3531,14.7653],[-17.3444,14.7637],[-17.3351,14.7638],[-17.3308,14.7689],[-17.3279,14.7703],[-17.3186,14.7705],[-17.3096,14.7624],[-17.3107,14.7577],[-17.3021,14.7547],[-17.2934,14.7499],[-17.3052,14.7252],[-17.3056,14.72],[-17.3199,14.7266],[-17.3405,14.7346],[-17.3568,14.7382],[-17.3702,14.7399],[-17.3881,14.7394],[-17.4011,14.7374],[-17.4132,14.7336],[-17.4147,14.7369],[-17.4202,14.7334],[-17.4232,14.7435],[-17.4245,14.7447],[-17.421,14.7453]]]}},{"type":"Feature","properties":{"pcode":"SN0104","nom":"Rufisque","region":"Dakar"},"geometry":{"type":"MultiPolygon","coordinates":[[[[-17.1297,14.791],[-17.1267,14.7844],[-17.1265,14.7777],[-17.1349,14.6897],[-17.1361,14.6772],[-17.1284,14.6539],[-17.1404,14.6324],[-17.1447,14.5876],[-17.1473,14.5912],[-17.1505,14.6028],[-17.1606,14.6201],[-17.1673,14.6294],[-17.1738,14.6347],[-17.175,14.6377],[-17.1835,14.6465],[-17.1931,14.6583],[-17.2046,14.6691],[-17.2211,14.6813],[-17.2368,14.6914],[-17.2424,14.6967],[-17.2514,14.7023],[-17.262,14.7077],[-17.2784,14.7131],[-17.2827,14.7114],[-17.2925,14.7157],[-17.3056,14.72],[-17.3052,14.7252],[-17.2934,14.7499],[-17.2882,14.7475],[-17.2847,14.7529],[-17.2819,14.7549],[-17.2846,14.7586],[-17.2701,14.7698],[-17.2892,14.7802],[-17.287,14.7863],[-17.2946,14.7863],[-17.287,14.7989],[-17.2888,14.8008],[-17.2931,14.7992],[-17.3032,14.8226],[-17.2986,14.8254],[-17.2823,14.8336],[-17.2558,14.8462],[-17.2139,14.8673],[-17.1902,14.8785],[-17.1768,14.8856],[-17.1686,14.8905],[-17.1563,14.8722],[-17.1551,14.8497],[-17.1532,14.8412],[-17.1477,14.8287],[-17.1417,14.815],[-17.134,14.7977],[-17.1297,14.791]]]]}},{"type":"Feature","properties":{"pcode":"SN0105","nom":"Keur Massar","region":"Dakar"},"geometry":{"type":"Polygon","coordinates":[[[-17.2931,14.7992],[-17.2888,14.8008],[-17.287,14.7989],[-17.2946,14.7863],[-17.287,14.7863],[-17.2892,14.7802],[-17.2701,14.7698],[-17.2846,14.7586],[-17.2819,14.7549],[-17.2847,14.7529],[-17.2882,14.7475],[-17.2934,14.7499],[-17.3021,14.7547],[-17.3107,14.7577],[-17.3096,14.7624],[-17.3186,14.7705],[-17.3279,14.7703],[-17.3308,14.7689],[-17.3351,14.7638],[-17.3444,14.7637],[-17.3531,14.7653],[-17.3706,14.7629],[-17.3723,14.7645],[-17.3697,14.7733],[-17.3677,14.773],[-17.3644,14.7802],[-17.3657,14.7811],[-17.3622,14.7881],[-17.366,14.7968],[-17.3243,14.8126],[-17.3032,14.8226],[-17.2931,14.7992]]]}},{"type":"Feature","properties":{"pcode":"SN0201","nom":"Bambey","region":"Diourbel"},"geometry":{"type":"Polygon","coordinates":[[[-16.3692,15.0038],[-16.3694,14.9999],[-16.363,14.9904],[-16.3614,14.9864],[-16.3626,14.9802],[-16.3674,14.9698],[-16.3688,14.9563],[-16.3682,14.9469],[-16.3718,14.9252],[-16.3728,14.9146],[-16.3719,14.8951],[-16.3693,14.8763],[-16.3631,14.8577],[-16.3619,14.8421],[-16.3602,14.8376],[-16.3576,14.8123],[-16.3532,14.7841],[-16.3499,14.7762],[-16.3216,14.7515],[-16.3101,14.7434],[-16.3038,14.7418],[-16.2959,14.7383],[-16.2834,14.7207],[-16.2861,14.7111],[-16.2894,14.7048],[-16.2944,14.698],[-16.3108,14.6887],[-16.3241,14.6851],[-16.3346,14.6787],[-16.3394,14.6722],[-16.3425,14.6633],[-16.3455,14.6316],[-16.3489,14.6168],[-16.3509,14.6124],[-16.3566,14.6066],[-16.3607,14.6041],[-16.363,14.6042],[-16.3829,14.6012],[-16.409,14.5992],[-16.4269,14.5991],[-16.4378,14.5961],[-16.4519,14.5954],[-16.4607,14.5967],[-16.4703,14.5969],[-16.4817,14.5931],[-16.4865,14.5927],[-16.4951,14.5993],[-16.5072,14.6053],[-16.5151,14.6069],[-16.5255,14.6075],[-16.5387,14.6076],[-16.5652,14.605],[-16.5755,14.6067],[-16.5819,14.609],[-16.5892,14.6133],[-16.5924,14.6168],[-16.6065,14.6293],[-16.6107,14.6317],[-16.6189,14.6393],[-16.621,14.64],[-16.6222,14.6498],[-16.6213,14.6621],[-16.6069,14.6823],[-16.6055,14.69],[-16.6051,14.6989],[-16.6066,14.7198],[-16.6044,14.7409],[-16.6064,14.7568],[-16.6071,14.7673],[-16.6086,14.7722],[-16.6179,14.782],[-16.6243,14.7941],[-16.6283,14.7961],[-16.6406,14.8043],[-16.6494,14.8119],[-16.6493,14.8174],[-16.6461,14.8229],[-16.6354,14.833],[-16.6261,14.839],[-16.624,14.8426],[-16.6238,14.8485],[-16.6277,14.8623],[-16.6346,14.8723],[-16.642,14.8796],[-16.6549,14.8887],[-16.6621,14.9045],[-16.6692,14.9137],[-16.6872,14.9291],[-16.6759,14.9411],[-16.665,14.9508],[-16.6538,14.9585],[-16.6144,14.9692],[-16.6026,14.9706],[-16.5753,14.9775],[-16.5516,14.9859],[-16.5355,14.9907],[-16.5206,14.9971],[-16.5121,14.9992],[-16.4976,15.0001],[-16.4804,15.0117],[-16.4668,15.0177],[-16.4532,15.0217],[-16.4357,15.0251],[-16.4275,15.026],[-16.4224,15.0245],[-16.4037,15.0213],[-16.38,15.0191],[-16.3692,15.0038]]]}},{"type":"Feature","properties":{"pcode":"SN0202","nom":"Diourbel","region":"Diourbel"},"geometry":{"type":"Polygon","coordinates":[[[-16.3625,15.0152],[-16.3479,15.0114],[-16.3251,15.0017],[-16.3197,15.0],[-16.3075,14.9977],[-16.3014,14.9956],[-16.295,14.995],[-16.2723,14.9892],[-16.2458,14.9765],[-16.2389,14.9714],[-16.2328,14.9644],[-16.2317,14.959],[-16.2284,14.9541],[-16.2236,14.953],[-16.2143,14.9532],[-16.2019,14.9571],[-16.187,14.9625],[-16.1783,14.9638],[-16.1622,14.9646],[-16.1383,14.9626],[-16.1276,14.9608],[-16.1104,14.957],[-16.1012,14.9573],[-16.0948,14.9588],[-16.094,14.9484],[-16.0929,14.9463],[-16.0921,14.9325],[-16.0942,14.9141],[-16.0956,14.9071],[-16.0994,14.8984],[-16.1064,14.8856],[-16.1111,14.8783],[-16.1147,14.8692],[-16.1138,14.8626],[-16.116,14.8421],[-16.1154,14.8304],[-16.1108,14.8152],[-16.1067,14.8079],[-16.1016,14.796],[-16.0999,14.7824],[-16.0965,14.7599],[-16.093,14.7429],[-16.0882,14.7261],[-16.0837,14.7119],[-16.0718,14.6831],[-16.0707,14.6722],[-16.0728,14.6633],[-16.0727,14.6572],[-16.0684,14.6434],[-16.0641,14.6341],[-16.0573,14.6257],[-16.0459,14.6077],[-16.0437,14.5976],[-16.0464,14.5854],[-16.0508,14.5723],[-16.049,14.5672],[-16.0435,14.5615],[-16.04,14.5563],[-16.0385,14.55],[-16.04,14.5411],[-16.0823,14.5443],[-16.1087,14.5476],[-16.1229,14.5482],[-16.1309,14.5474],[-16.1425,14.5472],[-16.149,14.5479],[-16.1532,14.5491],[-16.1654,14.5572],[-16.1727,14.5585],[-16.1869,14.5629],[-16.1932,14.566],[-16.199,14.5715],[-16.2285,14.5733],[-16.2411,14.5769],[-16.2619,14.5776],[-16.2707,14.5791],[-16.2851,14.5771],[-16.3089,14.5751],[-16.3228,14.5721],[-16.3334,14.5714],[-16.339,14.5731],[-16.3498,14.5867],[-16.3607,14.6041],[-16.3566,14.6066],[-16.3509,14.6124],[-16.3489,14.6168],[-16.3455,14.6316],[-16.3425,14.6633],[-16.3394,14.6722],[-16.3346,14.6787],[-16.3241,14.6851],[-16.3108,14.6887],[-16.2944,14.698],[-16.2894,14.7048],[-16.2861,14.7111],[-16.2834,14.7207],[-16.2959,14.7383],[-16.3038,14.7418],[-16.3101,14.7434],[-16.3216,14.7515],[-16.3499,14.7762],[-16.3532,14.7841],[-16.3576,14.8123],[-16.3602,14.8376],[-16.3619,14.8421],[-16.3631,14.8577],[-16.3693,14.8763],[-16.3719,14.8951],[-16.3728,14.9146],[-16.3718,14.9252],[-16.3682,14.9469],[-16.3688,14.9563],[-16.3674,14.9698],[-16.3626,14.9802],[-16.3614,14.9864],[-16.363,14.9904],[-16.3694,14.9999],[-16.3692,15.0038],[-16.38,15.0191],[-16.3625,15.0152]]]}},{"type":"Feature","properties":{"pcode":"SN0203","nom":"Mbacké","region":"Diourbel"},"geometry":{"type":"Polygon","coordinates":[[[-15.8062,14.9891],[-15.8079,14.9832],[-15.8072,14.9783],[-15.8023,14.9679],[-15.7995,14.9649],[-15.7881,14.9596],[-15.7762,14.9434],[-15.7728,14.9309],[-15.7668,14.9249],[-15.7541,14.9176],[-15.7305,14.9087],[-15.705,14.8921],[-15.6798,14.874],[-15.6689,14.87],[-15.6602,14.869],[-15.6538,14.8692],[-15.6376,14.8678],[-15.617,14.8649],[-15.6046,14.8607],[-15.5931,14.8548],[-15.5769,14.8434],[-15.5653,14.8372],[-15.5593,14.8328],[-15.5439,14.8241],[-15.5345,14.8268],[-15.5277,14.8302],[-15.5068,14.8372],[-15.5041,14.8387],[-15.4916,14.8406],[-15.4858,14.8404],[-15.4684,14.8357],[-15.4389,14.8242],[-15.4372,14.8213],[-15.4396,14.8006],[-15.4408,14.7984],[-15.4437,14.77],[-15.4502,14.7234],[-15.4592,14.6571],[-15.4626,14.6293],[-15.4801,14.6388],[-15.5544,14.6556],[-15.5986,14.6767],[-15.6117,14.6856],[-15.633,14.701],[-15.6529,14.7132],[-15.6564,14.7126],[-15.6587,14.7085],[-15.668,14.7062],[-15.6764,14.6998],[-15.6764,14.6961],[-15.6795,14.6943],[-15.6897,14.6931],[-15.6946,14.6935],[-15.6996,14.6917],[-15.7022,14.6946],[-15.7068,14.6938],[-15.7111,14.6991],[-15.7126,14.6959],[-15.7171,14.6973],[-15.7221,14.7047],[-15.7658,14.7526],[-15.7669,14.7496],[-15.7762,14.7442],[-15.7878,14.7398],[-15.7956,14.7375],[-15.8006,14.7177],[-15.8021,14.7057],[-15.8044,14.6953],[-15.8043,14.6882],[-15.8007,14.6708],[-15.7996,14.66],[-15.7973,14.6467],[-15.7958,14.6326],[-15.7985,14.6151],[-15.8015,14.6091],[-15.8057,14.598],[-15.8105,14.5887],[-15.8146,14.5855],[-15.8192,14.5796],[-15.8334,14.5705],[-15.8426,14.5615],[-15.8566,14.5527],[-15.8694,14.5465],[-15.8889,14.5407],[-15.897,14.5388],[-15.9184,14.5359],[-15.9226,14.5362],[-15.9363,14.5322],[-15.9444,14.5325],[-15.9547,14.5314],[-15.9602,14.5331],[-15.9702,14.5318],[-15.9866,14.5222],[-15.9999,14.5153],[-16.0002,14.5352],[-16.0209,14.5387],[-16.04,14.5411],[-16.0385,14.55],[-16.04,14.5563],[-16.0435,14.5615],[-16.049,14.5672],[-16.0508,14.5723],[-16.0464,14.5854],[-16.0437,14.5976],[-16.0459,14.6077],[-16.0573,14.6257],[-16.0641,14.6341],[-16.0684,14.6434],[-16.0727,14.6572],[-16.0728,14.6633],[-16.0707,14.6722],[-16.0718,14.6831],[-16.0837,14.7119],[-16.0882,14.7261],[-16.093,14.7429],[-16.0965,14.7599],[-16.0999,14.7824],[-16.1016,14.796],[-16.1067,14.8079],[-16.1108,14.8152],[-16.1154,14.8304],[-16.116,14.8421],[-16.1138,14.8626],[-16.1147,14.8692],[-16.1111,14.8783],[-16.1064,14.8856],[-16.0994,14.8984],[-16.0956,14.9071],[-16.0942,14.9141],[-16.0921,14.9325],[-16.0929,14.9463],[-16.094,14.9484],[-16.0948,14.9588],[-16.0856,14.9612],[-16.0758,14.9626],[-16.0248,14.9585],[-16.0035,14.9576],[-15.998,14.9566],[-15.992,14.97],[-15.99,14.9725],[-15.983,14.9736],[-15.9753,14.973],[-15.9536,14.9751],[-15.9325,14.9766],[-15.9217,14.978],[-15.9136,14.9799],[-15.9058,14.9832],[-15.9017,14.9862],[-15.8945,14.9959],[-15.8929,15.0002],[-15.8133,15.0002],[-15.8056,15.0003],[-15.8062,14.9891]]]}},{"type":"Feature","properties":{"pcode":"SN0301","nom":"Fatick","region":"Fatick"},"geometry":{"type":"Polygon","coordinates":[[[-16.5151,14.6069],[-16.5072,14.6053],[-16.4951,14.5993],[-16.4865,14.5927],[-16.4817,14.5931],[-16.4703,14.5969],[-16.4607,14.5967],[-16.4519,14.5954],[-16.4378,14.5961],[-16.4269,14.5991],[-16.409,14.5992],[-16.3829,14.6012],[-16.363,14.6042],[-16.3607,14.6041],[-16.3498,14.5867],[-16.339,14.5731],[-16.3334,14.5714],[-16.3228,14.5721],[-16.3089,14.5751],[-16.2851,14.5771],[-16.2707,14.5791],[-16.2619,14.5776],[-16.2411,14.5769],[-16.2285,14.5733],[-16.199,14.5715],[-16.1932,14.566],[-16.1869,14.5629],[-16.1727,14.5585],[-16.1654,14.5572],[-16.1532,14.5491],[-16.149,14.5479],[-16.1516,14.5421],[-16.1568,14.5388],[-16.1593,14.5348],[-16.1629,14.533],[-16.1742,14.5247],[-16.1833,14.5158],[-16.1877,14.5128],[-16.1919,14.5059],[-16.1955,14.5034],[-16.2003,14.495],[-16.2037,14.4821],[-16.205,14.4569],[-16.206,14.4463],[-16.2079,14.4423],[-16.2209,14.432],[-16.2239,14.4237],[-16.2206,14.4201],[-16.2141,14.4174],[-16.1938,14.4119],[-16.1884,14.4114],[-16.1713,14.4056],[-16.1609,14.4033],[-16.1531,14.4026],[-16.1409,14.404],[-16.1321,14.4028],[-16.1082,14.3913],[-16.1017,14.3892],[-16.0927,14.3829],[-16.0898,14.376],[-16.0901,14.3653],[-16.1014,14.3661],[-16.1101,14.3684],[-16.1287,14.3698],[-16.1378,14.3676],[-16.1467,14.3635],[-16.1605,14.3581],[-16.1634,14.3579],[-16.1844,14.3516],[-16.1948,14.3476],[-16.2025,14.3455],[-16.2098,14.3423],[-16.219,14.3406],[-16.2423,14.3393],[-16.2498,14.3362],[-16.2556,14.3326],[-16.261,14.3261],[-16.2657,14.3185],[-16.2797,14.3075],[-16.2903,14.2933],[-16.3035,14.2806],[-16.3122,14.2752],[-16.319,14.2695],[-16.3293,14.2674],[-16.3361,14.2647],[-16.3515,14.2572],[-16.3537,14.2529],[-16.3544,14.2443],[-16.3531,14.2393],[-16.3618,14.2367],[-16.3535,14.2337],[-16.3526,14.228],[-16.3556,14.223],[-16.362,14.2213],[-16.3659,14.2268],[-16.3685,14.2259],[-16.3645,14.2158],[-16.367,14.204],[-16.3673,14.1994],[-16.3622,14.1969],[-16.3623,14.1865],[-16.3659,14.1852],[-16.3675,14.1809],[-16.3638,14.1776],[-16.3595,14.1762],[-16.3608,14.174],[-16.3644,14.1766],[-16.3692,14.1773],[-16.3712,14.1718],[-16.376,14.1734],[-16.3777,14.1642],[-16.3821,14.165],[-16.3854,14.1635],[-16.3862,14.1603],[-16.3774,14.1539],[-16.3811,14.1479],[-16.3861,14.1439],[-16.394,14.1446],[-16.4082,14.1487],[-16.4155,14.1536],[-16.4214,14.165],[-16.4244,14.167],[-16.4306,14.1674],[-16.438,14.1645],[-16.4439,14.1581],[-16.4453,14.1526],[-16.4448,14.143],[-16.4465,14.1363],[-16.4511,14.1348],[-16.4631,14.1352],[-16.4779,14.1331],[-16.4885,14.1283],[-16.4961,14.1198],[-16.5059,14.1032],[-16.5114,14.0951],[-16.5237,14.0807],[-16.5338,14.07],[-16.5398,14.0646],[-16.5451,14.0613],[-16.5651,14.0537],[-16.5706,14.0508],[-16.579,14.0437],[-16.5889,14.0315],[-16.5948,14.0228],[-16.6082,14.0],[-16.6143,13.9951],[-16.626,13.9888],[-16.6342,13.9859],[-16.6421,13.9868],[-16.6495,13.9923],[-16.6539,13.9944],[-16.6669,13.9979],[-16.6747,14.0019],[-16.679,14.0057],[-16.685,14.0088],[-16.6933,14.0099],[-16.7005,14.0087],[-16.7062,14.0063],[-16.7151,13.9964],[-16.7208,13.9922],[-16.7264,13.9846],[-16.7433,13.9683],[-16.75,13.9593],[-16.7521,13.955],[-16.7533,13.9487],[-16.7529,13.944],[-16.7605,13.9383],[-16.7607,13.9303],[-16.764,13.9348],[-16.7651,13.9491],[-16.7664,13.9597],[-16.7662,13.9713],[-16.7678,13.9916],[-16.7729,14.0354],[-16.7745,14.0557],[-16.7686,14.062],[-16.7668,14.0665],[-16.7613,14.0698],[-16.7535,14.0675],[-16.753,14.0724],[-16.7544,14.0865],[-16.761,14.0954],[-16.7663,14.0979],[-16.765,14.1044],[-16.7771,14.1088],[-16.7799,14.1129],[-16.7838,14.1137],[-16.7924,14.1195],[-16.7917,14.1269],[-16.7931,14.1304],[-16.7891,14.1301],[-16.788,14.1373],[-16.7824,14.1422],[-16.7788,14.142],[-16.7755,14.1363],[-16.7728,14.1372],[-16.769,14.1354],[-16.7625,14.1377],[-16.7585,14.1427],[-16.7546,14.1415],[-16.7526,14.1439],[-16.7574,14.1492],[-16.7662,14.1553],[-16.765,14.1593],[-16.7579,14.1626],[-16.7548,14.1686],[-16.7421,14.172],[-16.7407,14.1777],[-16.7361,14.1807],[-16.7326,14.1799],[-16.7281,14.1875],[-16.7227,14.1918],[-16.7198,14.1996],[-16.7223,14.2117],[-16.726,14.2092],[-16.7305,14.2103],[-16.7431,14.2209],[-16.7486,14.2316],[-16.7498,14.241],[-16.7488,14.2454],[-16.7444,14.2547],[-16.7372,14.2645],[-16.7257,14.2772],[-16.7157,14.2928],[-16.7107,14.3023],[-16.7088,14.314],[-16.7094,14.3227],[-16.7118,14.3342],[-16.7119,14.3413],[-16.708,14.3801],[-16.706,14.396],[-16.7039,14.4007],[-16.6931,14.4109],[-16.6898,14.4152],[-16.6813,14.4231],[-16.6727,14.427],[-16.6389,14.4285],[-16.6354,14.4297],[-16.628,14.4393],[-16.6186,14.4484],[-16.6085,14.4529],[-16.6051,14.453],[-16.5959,14.4569],[-16.5826,14.4673],[-16.5758,14.472],[-16.558,14.4878],[-16.5519,14.4922],[-16.5485,14.4964],[-16.5468,14.5019],[-16.5422,14.5076],[-16.5357,14.5212],[-16.5328,14.5315],[-16.5313,14.5493],[-16.5263,14.5643],[-16.5203,14.5754],[-16.5188,14.5855],[-16.5212,14.5963],[-16.5255,14.6075],[-16.5151,14.6069]]]}},{"type":"Feature","properties":{"pcode":"SN0302","nom":"Foundiougne","region":"Fatick"},"geometry":{"type":"MultiPolygon","coordinates":[[[[-16.7533,13.9487],[-16.7521,13.955],[-16.75,13.9593],[-16.7433,13.9683],[-16.7264,13.9846],[-16.7208,13.9922],[-16.7151,13.9964],[-16.7062,14.0063],[-16.7005,14.0087],[-16.6933,14.0099],[-16.685,14.0088],[-16.679,14.0057],[-16.6747,14.0019],[-16.6669,13.9979],[-16.6539,13.9944],[-16.6495,13.9923],[-16.6421,13.9868],[-16.6342,13.9859],[-16.626,13.9888],[-16.6143,13.9951],[-16.6082,14.0],[-16.5948,14.0228],[-16.5889,14.0315],[-16.579,14.0437],[-16.5706,14.0508],[-16.5651,14.0537],[-16.5451,14.0613],[-16.5398,14.0646],[-16.5338,14.07],[-16.5237,14.0807],[-16.5114,14.0951],[-16.5059,14.1032],[-16.4961,14.1198],[-16.4885,14.1283],[-16.4779,14.1331],[-16.4631,14.1352],[-16.4511,14.1348],[-16.4465,14.1363],[-16.4448,14.143],[-16.4453,14.1526],[-16.4439,14.1581],[-16.438,14.1645],[-16.4306,14.1674],[-16.4244,14.167],[-16.4214,14.165],[-16.4155,14.1536],[-16.4082,14.1487],[-16.394,14.1446],[-16.3861,14.1439],[-16.3811,14.1479],[-16.3774,14.1539],[-16.3704,14.158],[-16.3638,14.158],[-16.3529,14.1562],[-16.3463,14.1566],[-16.3365,14.161],[-16.3304,14.1625],[-16.3171,14.1607],[-16.3091,14.1613],[-16.2984,14.1575],[-16.2875,14.1484],[-16.2795,14.1455],[-16.2784,14.1436],[-16.2675,14.1398],[-16.2598,14.1345],[-16.2531,14.1288],[-16.251,14.1256],[-16.2449,14.122],[-16.2348,14.1145],[-16.2319,14.1072],[-16.2305,14.1004],[-16.2298,14.083],[-16.2287,14.0735],[-16.2287,14.0639],[-16.2325,14.056],[-16.2355,14.0519],[-16.256,14.0388],[-16.2627,14.0319],[-16.2681,14.0206],[-16.2747,14.0098],[-16.2784,13.9992],[-16.2756,13.9964],[-16.2689,13.9941],[-16.2557,13.996],[-16.2472,13.9955],[-16.2307,13.9966],[-16.2099,13.9896],[-16.2033,13.9832],[-16.2066,13.9737],[-16.2067,13.9594],[-16.2002,13.95],[-16.1969,13.9224],[-16.1946,13.8989],[-16.2083,13.88],[-16.2031,13.8667],[-16.2108,13.8633],[-16.2264,13.8412],[-16.243,13.8279],[-16.241,13.8176],[-16.2433,13.7962],[-16.2256,13.784],[-16.2188,13.7738],[-16.2119,13.7651],[-16.1916,13.7528],[-16.1731,13.7434],[-16.1631,13.7511],[-16.1575,13.6945],[-16.1555,13.6769],[-16.156,13.6746],[-16.1522,13.671],[-16.1502,13.6635],[-16.1477,13.6625],[-16.1425,13.6574],[-16.1379,13.6553],[-16.1331,13.6475],[-16.1333,13.6447],[-16.1368,13.6422],[-16.1367,13.6401],[-16.13,13.6403],[-16.1244,13.6389],[-16.1201,13.635],[-16.1465,13.6093],[-16.1469,13.5907],[-16.3708,13.5911],[-16.4221,13.5917],[-16.4647,13.5917],[-16.4944,13.5918],[-16.5515,13.5915],[-16.5605,13.5991],[-16.5646,13.6076],[-16.571,13.6158],[-16.5841,13.6252],[-16.5854,13.6331],[-16.5894,13.6388],[-16.5953,13.6428],[-16.6054,13.6462],[-16.613,13.6506],[-16.6145,13.6547],[-16.6195,13.6581],[-16.6204,13.6629],[-16.6234,13.6683],[-16.6318,13.6888],[-16.6347,13.6927],[-16.638,13.702],[-16.6388,13.7106],[-16.6346,13.7241],[-16.6305,13.7308],[-16.6333,13.7357],[-16.6322,13.7389],[-16.6344,13.7429],[-16.6435,13.7513],[-16.6557,13.7642],[-16.6636,13.7707],[-16.6721,13.7755],[-16.6798,13.778],[-16.6934,13.7798],[-16.698,13.7867],[-16.7038,13.7976],[-16.7073,13.8026],[-16.7184,13.8123],[-16.7214,13.8159],[-16.7292,13.8285],[-16.7329,13.8371],[-16.7392,13.8489],[-16.7378,13.8545],[-16.7344,13.8556],[-16.729,13.8607],[-16.7313,13.8528],[-16.7291,13.8505],[-16.727,13.8522],[-16.7268,13.859],[-16.7242,13.8668],[-16.7335,13.8772],[-16.7318,13.8801],[-16.7325,13.8934],[-16.7346,13.8999],[-16.732,13.9044],[-16.7372,13.917],[-16.7362,13.9227],[-16.739,13.9319],[-16.742,13.938],[-16.7471,13.9442],[-16.7529,13.944],[-16.7533,13.9487]]],[[[-16.6392,13.6567],[-16.6373,13.6557],[-16.6435,13.6504],[-16.6433,13.6577],[-16.6421,13.6537],[-16.6392,13.6567]]],[[[-16.654,13.6489],[-16.649,13.6396],[-16.6453,13.638],[-16.6459,13.6351],[-16.6406,13.6347],[-16.6375,13.6321],[-16.6355,13.6263],[-16.6274,13.6267],[-16.6322,13.6229],[-16.6392,13.6252],[-16.6443,13.6293],[-16.6536,13.645],[-16.6567,13.6483],[-16.661,13.6502],[-16.67,13.6566],[-16.6707,13.6608],[-16.6647,13.6662],[-16.6669,13.6575],[-16.6643,13.6541],[-16.654,13.6489]]],[[[-16.6336,13.6735],[-16.6335,13.6706],[-16.6373,13.6643],[-16.6444,13.6597],[-16.6406,13.671],[-16.6403,13.6802],[-16.6336,13.6735]]],[[[-16.6391,13.6848],[-16.6377,13.6901],[-16.6359,13.6845],[-16.6391,13.6848]]],[[[-16.6539,13.6918],[-16.6567,13.6854],[-16.6604,13.6812],[-16.6523,13.679],[-16.6525,13.6764],[-16.6571,13.6767],[-16.66,13.6738],[-16.6662,13.6795],[-16.6647,13.6842],[-16.6589,13.6865],[-16.6578,13.6909],[-16.6608,13.6935],[-16.6558,13.6945],[-16.6539,13.6918]]],[[[-16.6719,13.6948],[-16.6759,13.6904],[-16.6836,13.6922],[-16.6855,13.694],[-16.6826,13.6959],[-16.6613,13.7],[-16.6603,13.6972],[-16.6719,13.6948]]],[[[-16.6856,13.741],[-16.687,13.7438],[-16.685,13.748],[-16.6784,13.7552],[-16.6665,13.7614],[-16.6637,13.7601],[-16.6698,13.7492],[-16.6733,13.7449],[-16.6732,13.7417],[-16.6767,13.7392],[-16.6856,13.741]]],[[[-16.7522,13.7909],[-16.7525,13.7895],[-16.7591,13.7876],[-16.752,13.7862],[-16.7531,13.7822],[-16.7476,13.7839],[-16.7435,13.782],[-16.7449,13.7759],[-16.735,13.7812],[-16.7302,13.7744],[-16.7292,13.777],[-16.725,13.7771],[-16.724,13.7728],[-16.7319,13.7691],[-16.7388,13.77],[-16.7458,13.7738],[-16.7453,13.7796],[-16.7495,13.7787],[-16.7539,13.7807],[-16.7553,13.7836],[-16.7627,13.7876],[-16.7681,13.7892],[-16.7648,13.7904],[-16.7611,13.7961],[-16.7573,13.7968],[-16.7628,13.7928],[-16.7616,13.7905],[-16.7522,13.7909]]],[[[-16.7548,13.8944],[-16.7573,13.8926],[-16.7549,13.8782],[-16.7569,13.8694],[-16.7553,13.8668],[-16.7578,13.8537],[-16.7547,13.8416],[-16.7554,13.8348],[-16.7512,13.8316],[-16.7498,13.8286],[-16.7495,13.8203],[-16.7528,13.8146],[-16.7523,13.8113],[-16.7559,13.8008],[-16.7596,13.8033],[-16.7609,13.8257],[-16.7598,13.8477],[-16.7615,13.8624],[-16.7583,13.8933],[-16.7598,13.8964],[-16.7548,13.8944]]]]}},{"type":"Feature","properties":{"pcode":"SN0303","nom":"Gossas","region":"Fatick"},"geometry":{"type":"Polygon","coordinates":[[[-16.0209,14.5387],[-16.0002,14.5352],[-15.9999,14.5153],[-15.9866,14.5222],[-15.9702,14.5318],[-15.9602,14.5331],[-15.9547,14.5314],[-15.9444,14.5325],[-15.9363,14.5322],[-15.9226,14.5362],[-15.9184,14.5359],[-15.897,14.5388],[-15.8889,14.5407],[-15.8694,14.5465],[-15.8566,14.5527],[-15.8426,14.5615],[-15.8334,14.5705],[-15.8192,14.5796],[-15.8146,14.5855],[-15.8105,14.5887],[-15.8057,14.598],[-15.8015,14.6091],[-15.7985,14.6151],[-15.7958,14.6326],[-15.7973,14.6467],[-15.7996,14.66],[-15.8007,14.6708],[-15.8043,14.6882],[-15.8044,14.6953],[-15.8021,14.7057],[-15.8006,14.7177],[-15.7956,14.7375],[-15.7878,14.7398],[-15.7762,14.7442],[-15.7669,14.7496],[-15.7658,14.7526],[-15.7221,14.7047],[-15.7171,14.6973],[-15.7126,14.6959],[-15.7111,14.6991],[-15.7068,14.6938],[-15.7022,14.6946],[-15.6996,14.6917],[-15.6946,14.6935],[-15.6897,14.6931],[-15.6795,14.6943],[-15.6764,14.6961],[-15.6764,14.6998],[-15.668,14.7062],[-15.6587,14.7085],[-15.6564,14.7126],[-15.6529,14.7132],[-15.633,14.701],[-15.6117,14.6856],[-15.5986,14.6767],[-15.5544,14.6556],[-15.4801,14.6388],[-15.4626,14.6293],[-15.4688,14.5824],[-15.4691,14.58],[-15.6346,14.5199],[-15.6481,14.5144],[-15.658,14.5116],[-15.6622,14.5066],[-15.6614,14.5011],[-15.6561,14.4974],[-15.6422,14.4925],[-15.6394,14.4881],[-15.6396,14.4829],[-15.6461,14.4795],[-15.6518,14.4792],[-15.6696,14.4825],[-15.675,14.4815],[-15.685,14.4772],[-15.6907,14.4764],[-15.6918,14.4779],[-15.6949,14.4834],[-15.7047,14.4929],[-15.7126,14.4968],[-15.7216,14.4983],[-15.7258,14.4948],[-15.7354,14.4826],[-15.738,14.4766],[-15.7423,14.4729],[-15.7507,14.4637],[-15.772,14.4441],[-15.7774,14.4378],[-15.7885,14.4274],[-15.7901,14.4195],[-15.797,14.4019],[-15.8034,14.3825],[-15.8032,14.377],[-15.8618,14.3784],[-15.8743,14.3783],[-15.8786,14.3791],[-15.9046,14.3794],[-15.9087,14.3802],[-15.919,14.3889],[-15.9303,14.396],[-15.9382,14.3981],[-15.9474,14.3958],[-15.9519,14.3919],[-15.9591,14.384],[-15.9737,14.3882],[-15.9825,14.3881],[-15.998,14.3892],[-15.999,14.3939],[-16.0098,14.387],[-16.0228,14.38],[-16.0418,14.3746],[-16.0527,14.3643],[-16.0642,14.3669],[-16.081,14.3666],[-16.0901,14.3653],[-16.0898,14.376],[-16.0927,14.3829],[-16.1017,14.3892],[-16.1082,14.3913],[-16.1321,14.4028],[-16.1409,14.404],[-16.1531,14.4026],[-16.1609,14.4033],[-16.1713,14.4056],[-16.1884,14.4114],[-16.1938,14.4119],[-16.2141,14.4174],[-16.2206,14.4201],[-16.2239,14.4237],[-16.2209,14.432],[-16.2079,14.4423],[-16.206,14.4463],[-16.205,14.4569],[-16.2037,14.4821],[-16.2003,14.495],[-16.1955,14.5034],[-16.1919,14.5059],[-16.1877,14.5128],[-16.1833,14.5158],[-16.1742,14.5247],[-16.1629,14.533],[-16.1593,14.5348],[-16.1568,14.5388],[-16.1516,14.5421],[-16.149,14.5479],[-16.1425,14.5472],[-16.1309,14.5474],[-16.1229,14.5482],[-16.1087,14.5476],[-16.0823,14.5443],[-16.04,14.5411],[-16.0209,14.5387]]]}},{"type":"Feature","properties":{"pcode":"SN0401","nom":"Birkelane","region":"Kaffrine"},"geometry":{"type":"Polygon","coordinates":[[[-15.6845,14.2791],[-15.6726,14.2501],[-15.664,14.2306],[-15.6601,14.2199],[-15.6565,14.212],[-15.6524,14.2054],[-15.6441,14.1884],[-15.6339,14.1659],[-15.6286,14.1597],[-15.6222,14.1544],[-15.6153,14.1467],[-15.6049,14.1382],[-15.5991,14.1325],[-15.5926,14.1234],[-15.5921,14.1199],[-15.5853,14.1007],[-15.5833,14.0937],[-15.5786,14.0847],[-15.5815,14.07],[-15.5907,14.0492],[-15.595,14.0361],[-15.5962,14.0229],[-15.5929,14.0097],[-15.5857,14.0],[-15.5801,13.996],[-15.5721,13.9934],[-15.5554,13.9913],[-15.5444,13.9909],[-15.5369,13.9921],[-15.5255,13.9951],[-15.5107,13.9971],[-15.5068,13.9954],[-15.5034,13.9906],[-15.4777,13.9466],[-15.4771,13.9442],[-15.4905,13.9333],[-15.4899,13.9225],[-15.4956,13.9104],[-15.5073,13.8999],[-15.5255,13.888],[-15.5318,13.8809],[-15.5336,13.8764],[-15.5377,13.8711],[-15.5444,13.8669],[-15.5518,13.8675],[-15.5554,13.8647],[-15.5596,13.8652],[-15.5647,13.8586],[-15.5653,13.8547],[-15.5757,13.8457],[-15.5747,13.8436],[-15.5811,13.8329],[-15.5858,13.828],[-15.5934,13.8234],[-15.5997,13.8142],[-15.6054,13.7993],[-15.6142,13.792],[-15.6196,13.7841],[-15.6347,13.7787],[-15.6419,13.7808],[-15.6591,13.7985],[-15.6617,13.8043],[-15.6783,13.8184],[-15.6853,13.8251],[-15.6974,13.8299],[-15.7008,13.8328],[-15.704,13.8407],[-15.7075,13.8566],[-15.7102,13.8652],[-15.7051,13.8672],[-15.6947,13.8766],[-15.6899,13.8824],[-15.6839,13.8934],[-15.682,13.8981],[-15.6812,13.9057],[-15.6842,13.9136],[-15.6918,13.9241],[-15.702,13.934],[-15.7101,13.9395],[-15.7481,13.9611],[-15.7575,13.9683],[-15.7676,13.9794],[-15.7787,13.9904],[-15.7798,14.0],[-15.7844,14.0055],[-15.7842,14.0166],[-15.7893,14.0232],[-15.7881,14.0433],[-15.7894,14.0506],[-15.7966,14.0501],[-15.8012,14.0543],[-15.8121,14.056],[-15.8147,14.0595],[-15.8194,14.06],[-15.8215,14.0634],[-15.8254,14.0635],[-15.8337,14.0609],[-15.843,14.0663],[-15.847,14.0745],[-15.8439,14.0795],[-15.8433,14.0835],[-15.8409,14.0864],[-15.8453,14.0881],[-15.8467,14.0908],[-15.8452,14.0962],[-15.8473,14.1009],[-15.8529,14.1026],[-15.8531,14.1067],[-15.8567,14.1108],[-15.8535,14.115],[-15.8511,14.1167],[-15.853,14.1421],[-15.8525,14.1576],[-15.853,14.1703],[-15.8523,14.1751],[-15.8495,14.183],[-15.8466,14.1885],[-15.8421,14.1998],[-15.8247,14.2373],[-15.8198,14.2456],[-15.8143,14.2581],[-15.81,14.2659],[-15.8056,14.2805],[-15.8016,14.2905],[-15.8018,14.293],[-15.7985,14.2938],[-15.6903,14.2966],[-15.6845,14.2791]]]}},{"type":"Feature","properties":{"pcode":"SN0402","nom":"Kaffrine","region":"Kaffrine"},"geometry":{"type":"Polygon","coordinates":[[[-15.4654,14.5807],[-15.3971,14.4477],[-15.3623,14.3949],[-15.3717,14.3399],[-15.3991,14.3286],[-15.4208,14.3166],[-15.4352,14.306],[-15.4453,14.2961],[-15.4409,14.2728],[-15.4351,14.251],[-15.43,14.2482],[-15.43,14.239],[-15.4386,14.2277],[-15.4437,14.2172],[-15.4386,14.2024],[-15.4357,14.1862],[-15.4248,14.177],[-15.4017,14.1651],[-15.4067,14.1517],[-15.4146,14.1108],[-15.4218,14.0946],[-15.4174,14.0847],[-15.4189,14.0692],[-15.4192,14.0541],[-15.4175,14.0509],[-15.391,14.0441],[-15.368,14.0386],[-15.3575,14.0351],[-15.3525,14.0347],[-15.336,14.0301],[-15.3013,14.0174],[-15.2947,14.013],[-15.2903,14.0116],[-15.277,14.004],[-15.2617,13.9975],[-15.2528,13.9963],[-15.2365,13.996],[-15.2272,13.9949],[-15.2199,13.9952],[-15.1749,13.9957],[-15.1554,13.9957],[-15.1355,13.9926],[-15.1269,13.9921],[-15.1266,13.9892],[-15.129,13.982],[-15.1418,13.9565],[-15.143,13.9487],[-15.1409,13.9324],[-15.1339,13.9125],[-15.13,13.9042],[-15.1203,13.8868],[-15.1096,13.8664],[-15.1046,13.8536],[-15.104,13.8466],[-15.102,13.8434],[-15.102,13.8352],[-15.1041,13.811],[-15.1171,13.8063],[-15.1279,13.8015],[-15.1342,13.7975],[-15.1425,13.789],[-15.1565,13.7832],[-15.1638,13.7791],[-15.2156,13.748],[-15.2415,13.7477],[-15.249,13.7587],[-15.2523,13.7623],[-15.2661,13.7722],[-15.2778,13.7778],[-15.2878,13.7809],[-15.2989,13.7832],[-15.3122,13.7845],[-15.327,13.7839],[-15.3369,13.7825],[-15.3558,13.7762],[-15.3768,13.767],[-15.3924,13.7573],[-15.412,13.7418],[-15.4356,13.7921],[-15.4397,13.7999],[-15.4416,13.801],[-15.4607,13.7993],[-15.4761,13.8013],[-15.5005,13.798],[-15.5084,13.798],[-15.5201,13.8002],[-15.5266,13.8035],[-15.5326,13.8083],[-15.544,13.8152],[-15.5662,13.826],[-15.578,13.8309],[-15.5811,13.8329],[-15.5747,13.8436],[-15.5757,13.8457],[-15.5653,13.8547],[-15.5647,13.8586],[-15.5596,13.8652],[-15.5554,13.8647],[-15.5518,13.8675],[-15.5444,13.8669],[-15.5377,13.8711],[-15.5336,13.8764],[-15.5318,13.8809],[-15.5255,13.888],[-15.5073,13.8999],[-15.4956,13.9104],[-15.4899,13.9225],[-15.4905,13.9333],[-15.4771,13.9442],[-15.4777,13.9466],[-15.5034,13.9906],[-15.5068,13.9954],[-15.5107,13.9971],[-15.5255,13.9951],[-15.5369,13.9921],[-15.5444,13.9909],[-15.5554,13.9913],[-15.5721,13.9934],[-15.5801,13.996],[-15.5857,14.0],[-15.5929,14.0097],[-15.5962,14.0229],[-15.595,14.0361],[-15.5907,14.0492],[-15.5815,14.07],[-15.5786,14.0847],[-15.5833,14.0937],[-15.5853,14.1007],[-15.5921,14.1199],[-15.5926,14.1234],[-15.5991,14.1325],[-15.6049,14.1382],[-15.6153,14.1467],[-15.6222,14.1544],[-15.6286,14.1597],[-15.6339,14.1659],[-15.6441,14.1884],[-15.6524,14.2054],[-15.6565,14.212],[-15.6601,14.2199],[-15.664,14.2306],[-15.6726,14.2501],[-15.6845,14.2791],[-15.6903,14.2966],[-15.6914,14.3031],[-15.6897,14.3239],[-15.6906,14.336],[-15.6888,14.3552],[-15.6952,14.3923],[-15.6971,14.3997],[-15.7,14.4277],[-15.6959,14.4517],[-15.6937,14.4603],[-15.6938,14.4644],[-15.6916,14.4728],[-15.6918,14.4779],[-15.6907,14.4764],[-15.685,14.4772],[-15.675,14.4815],[-15.6696,14.4825],[-15.6518,14.4792],[-15.6461,14.4795],[-15.6396,14.4829],[-15.6394,14.4881],[-15.6422,14.4925],[-15.6561,14.4974],[-15.6614,14.5011],[-15.6622,14.5066],[-15.658,14.5116],[-15.6481,14.5144],[-15.6346,14.5199],[-15.4691,14.58],[-15.4688,14.5824],[-15.4654,14.5807]]]}},{"type":"Feature","properties":{"pcode":"SN0403","nom":"Koungheul","region":"Kaffrine"},"geometry":{"type":"Polygon","coordinates":[[[-14.6329,14.4618],[-14.6342,14.4525],[-14.6365,14.4081],[-14.64,14.3546],[-14.6414,14.3277],[-14.6425,14.3126],[-14.6421,14.3015],[-14.6303,14.2897],[-14.6271,14.2876],[-14.6125,14.2741],[-14.5976,14.2593],[-14.5939,14.2244],[-14.5875,14.1551],[-14.5861,14.144],[-14.586,14.1378],[-14.5891,14.1233],[-14.5914,14.1078],[-14.5953,14.0995],[-14.5963,14.0914],[-14.5959,14.0854],[-14.5887,14.0375],[-14.5865,14.0184],[-14.5836,14.0014],[-14.582,13.9956],[-14.5993,13.9457],[-14.6048,13.9371],[-14.6151,13.9312],[-14.665,13.8986],[-14.6719,13.8959],[-14.6793,13.8903],[-14.6903,13.8852],[-14.6926,13.8825],[-14.6952,13.8757],[-14.7197,13.8173],[-14.726,13.8162],[-14.7544,13.8125],[-14.8016,13.8104],[-14.8073,13.8057],[-14.8179,13.7904],[-14.8344,13.7685],[-14.8416,13.7731],[-14.8545,13.7801],[-14.8729,13.7878],[-14.8875,13.7928],[-14.9045,13.7973],[-14.9166,13.7995],[-14.9295,13.8009],[-14.9493,13.8008],[-14.9708,13.7951],[-14.9946,13.8026],[-15.0,13.8038],[-15.0568,13.8245],[-15.0622,13.8254],[-15.0677,13.824],[-15.0811,13.8188],[-15.1041,13.811],[-15.102,13.8352],[-15.102,13.8434],[-15.104,13.8466],[-15.1046,13.8536],[-15.1096,13.8664],[-15.1203,13.8868],[-15.13,13.9042],[-15.1339,13.9125],[-15.1409,13.9324],[-15.143,13.9487],[-15.1418,13.9565],[-15.129,13.982],[-15.1266,13.9892],[-15.1269,13.9921],[-15.1369,14.0066],[-15.1346,14.0233],[-15.1293,14.0322],[-15.1265,14.0414],[-15.1193,14.0518],[-15.1161,14.1106],[-15.1136,14.1334],[-15.1124,14.1484],[-15.1099,14.1545],[-15.098,14.1775],[-15.0846,14.1929],[-15.0709,14.2124],[-15.067,14.2189],[-15.0594,14.2343],[-15.0557,14.2499],[-15.058,14.2804],[-15.0584,14.2933],[-15.0608,14.3297],[-15.0608,14.3476],[-15.0624,14.3733],[-15.0633,14.4032],[-15.0643,14.4181],[-15.0659,14.4579],[-15.0582,14.485],[-15.0538,14.5031],[-15.0494,14.518],[-15.0432,14.542],[-15.0325,14.5804],[-15.024,14.6127],[-15.0175,14.6365],[-15.0001,14.6474],[-14.9919,14.6538],[-14.9651,14.6701],[-14.9383,14.687],[-14.9109,14.7038],[-14.8697,14.6559],[-14.8498,14.6317],[-14.8212,14.6244],[-14.7927,14.6157],[-14.7097,14.5912],[-14.6539,14.5752],[-14.627,14.5672],[-14.6292,14.5282],[-14.6329,14.4618]]]}},{"type":"Feature","properties":{"pcode":"SN0404","nom":"Malem-Hodar","region":"Kaffrine"},"geometry":{"type":"Polygon","coordinates":[[[-15.3486,14.686],[-15.3164,14.6663],[-15.3114,14.6621],[-15.303,14.66],[-15.259,14.6521],[-15.2182,14.6449],[-15.1239,14.6271],[-15.0847,14.6197],[-15.0768,14.6208],[-15.024,14.6127],[-15.0325,14.5804],[-15.0432,14.542],[-15.0494,14.518],[-15.0538,14.5031],[-15.0582,14.485],[-15.0659,14.4579],[-15.0643,14.4181],[-15.0633,14.4032],[-15.0624,14.3733],[-15.0608,14.3476],[-15.0608,14.3297],[-15.0584,14.2933],[-15.058,14.2804],[-15.0557,14.2499],[-15.0594,14.2343],[-15.067,14.2189],[-15.0709,14.2124],[-15.0846,14.1929],[-15.098,14.1775],[-15.1099,14.1545],[-15.1124,14.1484],[-15.1136,14.1334],[-15.1161,14.1106],[-15.1193,14.0518],[-15.1265,14.0414],[-15.1293,14.0322],[-15.1346,14.0233],[-15.1369,14.0066],[-15.1269,13.9921],[-15.1355,13.9926],[-15.1554,13.9957],[-15.1749,13.9957],[-15.2199,13.9952],[-15.2272,13.9949],[-15.2365,13.996],[-15.2528,13.9963],[-15.2617,13.9975],[-15.277,14.004],[-15.2903,14.0116],[-15.2947,14.013],[-15.3013,14.0174],[-15.336,14.0301],[-15.3525,14.0347],[-15.3575,14.0351],[-15.368,14.0386],[-15.391,14.0441],[-15.4175,14.0509],[-15.4192,14.0541],[-15.4189,14.0692],[-15.4174,14.0847],[-15.4218,14.0946],[-15.4146,14.1108],[-15.4067,14.1517],[-15.4017,14.1651],[-15.4248,14.177],[-15.4357,14.1862],[-15.4386,14.2024],[-15.4437,14.2172],[-15.4386,14.2277],[-15.43,14.239],[-15.43,14.2482],[-15.4351,14.251],[-15.4409,14.2728],[-15.4453,14.2961],[-15.4352,14.306],[-15.4208,14.3166],[-15.3991,14.3286],[-15.3717,14.3399],[-15.3623,14.3949],[-15.3971,14.4477],[-15.4654,14.5807],[-15.4688,14.5824],[-15.4626,14.6293],[-15.4592,14.6571],[-15.4502,14.7234],[-15.3486,14.686]]]}},{"type":"Feature","properties":{"pcode":"SN0501","nom":"Guinguinéo","region":"Kaolack"},"geometry":{"type":"Polygon","coordinates":[[[-15.6916,14.4728],[-15.6938,14.4644],[-15.6937,14.4603],[-15.6959,14.4517],[-15.7,14.4277],[-15.6971,14.3997],[-15.6952,14.3923],[-15.6888,14.3552],[-15.6906,14.336],[-15.6897,14.3239],[-15.6914,14.3031],[-15.6903,14.2966],[-15.7985,14.2938],[-15.8018,14.293],[-15.8016,14.2905],[-15.8056,14.2805],[-15.81,14.2659],[-15.8143,14.2581],[-15.8198,14.2456],[-15.8247,14.2373],[-15.8421,14.1998],[-15.8466,14.1885],[-15.8495,14.183],[-15.8523,14.1751],[-15.853,14.1703],[-15.8525,14.1576],[-15.853,14.1421],[-15.8511,14.1167],[-15.8535,14.115],[-15.8567,14.1164],[-15.8671,14.1156],[-15.8803,14.1133],[-15.8899,14.1135],[-15.9018,14.112],[-15.9269,14.1109],[-15.9376,14.109],[-15.9573,14.1079],[-15.9648,14.1116],[-15.9991,14.1248],[-16.0058,14.1258],[-16.0215,14.1317],[-16.0376,14.1338],[-16.0526,14.1372],[-16.0572,14.1393],[-16.0585,14.144],[-16.0582,14.1497],[-16.0562,14.1552],[-16.0532,14.1598],[-16.0481,14.1715],[-16.0467,14.1768],[-16.0487,14.1873],[-16.0561,14.1903],[-16.0672,14.188],[-16.0848,14.1874],[-16.097,14.1904],[-16.1063,14.1936],[-16.1077,14.2046],[-16.1132,14.2149],[-16.1192,14.2231],[-16.1288,14.2282],[-16.1313,14.2334],[-16.1307,14.2449],[-16.1251,14.2615],[-16.1249,14.2662],[-16.1339,14.2847],[-16.1342,14.2964],[-16.1326,14.3054],[-16.1257,14.317],[-16.1179,14.3266],[-16.1112,14.3322],[-16.0953,14.3492],[-16.0901,14.3653],[-16.081,14.3666],[-16.0642,14.3669],[-16.0527,14.3643],[-16.0418,14.3746],[-16.0228,14.38],[-16.0098,14.387],[-15.999,14.3939],[-15.998,14.3892],[-15.9825,14.3881],[-15.9737,14.3882],[-15.9591,14.384],[-15.9519,14.3919],[-15.9474,14.3958],[-15.9382,14.3981],[-15.9303,14.396],[-15.919,14.3889],[-15.9087,14.3802],[-15.9046,14.3794],[-15.8786,14.3791],[-15.8743,14.3783],[-15.8618,14.3784],[-15.8032,14.377],[-15.8034,14.3825],[-15.797,14.4019],[-15.7901,14.4195],[-15.7885,14.4274],[-15.7774,14.4378],[-15.772,14.4441],[-15.7507,14.4637],[-15.7423,14.4729],[-15.738,14.4766],[-15.7354,14.4826],[-15.7258,14.4948],[-15.7216,14.4983],[-15.7126,14.4968],[-15.7047,14.4929],[-15.6949,14.4834],[-15.6918,14.4779],[-15.6916,14.4728]]]}},{"type":"Feature","properties":{"pcode":"SN0502","nom":"Kaolack","region":"Kaolack"},"geometry":{"type":"Polygon","coordinates":[[[-16.0953,14.3492],[-16.1112,14.3322],[-16.1179,14.3266],[-16.1257,14.317],[-16.1326,14.3054],[-16.1342,14.2964],[-16.1339,14.2847],[-16.1249,14.2662],[-16.1251,14.2615],[-16.1307,14.2449],[-16.1313,14.2334],[-16.1288,14.2282],[-16.1192,14.2231],[-16.1132,14.2149],[-16.1077,14.2046],[-16.1063,14.1936],[-16.097,14.1904],[-16.0848,14.1874],[-16.0672,14.188],[-16.0561,14.1903],[-16.0487,14.1873],[-16.0467,14.1768],[-16.0481,14.1715],[-16.0532,14.1598],[-16.0562,14.1552],[-16.0582,14.1497],[-16.0585,14.144],[-16.0572,14.1393],[-16.0526,14.1372],[-16.0376,14.1338],[-16.0215,14.1317],[-16.0058,14.1258],[-15.9991,14.1248],[-15.9648,14.1116],[-15.9573,14.1079],[-15.9376,14.109],[-15.9269,14.1109],[-15.9018,14.112],[-15.8899,14.1135],[-15.8803,14.1133],[-15.8671,14.1156],[-15.8567,14.1164],[-15.8535,14.115],[-15.8567,14.1108],[-15.8531,14.1067],[-15.8529,14.1026],[-15.8473,14.1009],[-15.8452,14.0962],[-15.8467,14.0908],[-15.8453,14.0881],[-15.8409,14.0864],[-15.8433,14.0835],[-15.8439,14.0795],[-15.847,14.0745],[-15.843,14.0663],[-15.8337,14.0609],[-15.8254,14.0635],[-15.8215,14.0634],[-15.8194,14.06],[-15.8147,14.0595],[-15.8121,14.056],[-15.8012,14.0543],[-15.7966,14.0501],[-15.7894,14.0506],[-15.7881,14.0433],[-15.7893,14.0232],[-15.7842,14.0166],[-15.7844,14.0055],[-15.7798,14.0],[-15.7787,13.9904],[-15.7676,13.9794],[-15.7575,13.9683],[-15.7481,13.9611],[-15.7101,13.9395],[-15.702,13.934],[-15.6918,13.9241],[-15.6842,13.9136],[-15.6812,13.9057],[-15.682,13.8981],[-15.6839,13.8934],[-15.6899,13.8824],[-15.6947,13.8766],[-15.7051,13.8672],[-15.7102,13.8652],[-15.7288,13.8673],[-15.7354,13.8697],[-15.75,13.8783],[-15.7552,13.8801],[-15.7656,13.8819],[-15.7811,13.8881],[-15.7878,13.893],[-15.7893,13.9012],[-15.7914,13.906],[-15.796,13.9091],[-15.8046,13.9079],[-15.8179,13.8994],[-15.8248,13.8983],[-15.8464,13.9007],[-15.8533,13.9021],[-15.8639,13.9025],[-15.8787,13.9004],[-15.894,13.8969],[-15.9048,13.896],[-15.9171,13.896],[-15.9324,13.8868],[-15.9465,13.8858],[-15.9551,13.8868],[-15.9615,13.886],[-15.9901,13.8884],[-16.0041,13.8845],[-16.0135,13.8807],[-16.0168,13.8786],[-16.0643,13.8658],[-16.0689,13.855],[-16.095,13.8613],[-16.1058,13.862],[-16.1113,13.8602],[-16.1123,13.8558],[-16.1154,13.8543],[-16.1197,13.855],[-16.1288,13.8591],[-16.1637,13.8511],[-16.1708,13.8554],[-16.188,13.868],[-16.1955,13.873],[-16.2083,13.88],[-16.1946,13.8989],[-16.1969,13.9224],[-16.2002,13.95],[-16.2067,13.9594],[-16.2066,13.9737],[-16.2033,13.9832],[-16.2099,13.9896],[-16.2307,13.9966],[-16.2472,13.9955],[-16.2557,13.996],[-16.2689,13.9941],[-16.2756,13.9964],[-16.2784,13.9992],[-16.2747,14.0098],[-16.2681,14.0206],[-16.2627,14.0319],[-16.256,14.0388],[-16.2355,14.0519],[-16.2325,14.056],[-16.2287,14.0639],[-16.2287,14.0735],[-16.2298,14.083],[-16.2305,14.1004],[-16.2319,14.1072],[-16.2348,14.1145],[-16.2449,14.122],[-16.251,14.1256],[-16.2531,14.1288],[-16.2598,14.1345],[-16.2675,14.1398],[-16.2784,14.1436],[-16.2795,14.1455],[-16.2875,14.1484],[-16.2984,14.1575],[-16.3091,14.1613],[-16.3171,14.1607],[-16.3304,14.1625],[-16.3365,14.161],[-16.3463,14.1566],[-16.3529,14.1562],[-16.3638,14.158],[-16.3704,14.158],[-16.3774,14.1539],[-16.3862,14.1603],[-16.3854,14.1635],[-16.3821,14.165],[-16.3777,14.1642],[-16.376,14.1734],[-16.3712,14.1718],[-16.3692,14.1773],[-16.3644,14.1766],[-16.3608,14.174],[-16.3595,14.1762],[-16.3638,14.1776],[-16.3675,14.1809],[-16.3659,14.1852],[-16.3623,14.1865],[-16.3622,14.1969],[-16.3673,14.1994],[-16.367,14.204],[-16.3645,14.2158],[-16.3685,14.2259],[-16.3659,14.2268],[-16.362,14.2213],[-16.3556,14.223],[-16.3526,14.228],[-16.3535,14.2337],[-16.3618,14.2367],[-16.3531,14.2393],[-16.3544,14.2443],[-16.3537,14.2529],[-16.3515,14.2572],[-16.3361,14.2647],[-16.3293,14.2674],[-16.319,14.2695],[-16.3122,14.2752],[-16.3035,14.2806],[-16.2903,14.2933],[-16.2797,14.3075],[-16.2657,14.3185],[-16.261,14.3261],[-16.2556,14.3326],[-16.2498,14.3362],[-16.2423,14.3393],[-16.219,14.3406],[-16.2098,14.3423],[-16.2025,14.3455],[-16.1948,14.3476],[-16.1844,14.3516],[-16.1634,14.3579],[-16.1605,14.3581],[-16.1467,14.3635],[-16.1378,14.3676],[-16.1287,14.3698],[-16.1101,14.3684],[-16.1014,14.3661],[-16.0901,14.3653],[-16.0953,14.3492]]]}},{"type":"Feature","properties":{"pcode":"SN0503","nom":"Nioro du Rip","region":"Kaolack"},"geometry":{"type":"Polygon","coordinates":[[[-16.1955,13.873],[-16.188,13.868],[-16.1708,13.8554],[-16.1637,13.8511],[-16.1288,13.8591],[-16.1197,13.855],[-16.1154,13.8543],[-16.1123,13.8558],[-16.1113,13.8602],[-16.1058,13.862],[-16.095,13.8613],[-16.0689,13.855],[-16.0643,13.8658],[-16.0168,13.8786],[-16.0135,13.8807],[-16.0041,13.8845],[-15.9901,13.8884],[-15.9615,13.886],[-15.9551,13.8868],[-15.9465,13.8858],[-15.9324,13.8868],[-15.9171,13.896],[-15.9048,13.896],[-15.894,13.8969],[-15.8787,13.9004],[-15.8639,13.9025],[-15.8533,13.9021],[-15.8464,13.9007],[-15.8248,13.8983],[-15.8179,13.8994],[-15.8046,13.9079],[-15.796,13.9091],[-15.7914,13.906],[-15.7893,13.9012],[-15.7878,13.893],[-15.7811,13.8881],[-15.7656,13.8819],[-15.7552,13.8801],[-15.75,13.8783],[-15.7354,13.8697],[-15.7288,13.8673],[-15.7102,13.8652],[-15.7075,13.8566],[-15.704,13.8407],[-15.7008,13.8328],[-15.6974,13.8299],[-15.6853,13.8251],[-15.6783,13.8184],[-15.6617,13.8043],[-15.6591,13.7985],[-15.6419,13.7808],[-15.6347,13.7787],[-15.6196,13.7841],[-15.6142,13.792],[-15.6054,13.7993],[-15.5997,13.8142],[-15.5934,13.8234],[-15.5858,13.828],[-15.5811,13.8329],[-15.578,13.8309],[-15.5662,13.826],[-15.544,13.8152],[-15.5326,13.8083],[-15.5266,13.8035],[-15.5201,13.8002],[-15.5084,13.798],[-15.5005,13.798],[-15.4761,13.8013],[-15.4607,13.7993],[-15.4416,13.801],[-15.4397,13.7999],[-15.4356,13.7921],[-15.412,13.7418],[-15.4189,13.7351],[-15.429,13.723],[-15.44,13.7057],[-15.4457,13.6946],[-15.4502,13.6841],[-15.456,13.667],[-15.4639,13.6376],[-15.4698,13.6073],[-15.4727,13.5891],[-15.4872,13.5899],[-15.5123,13.5899],[-15.6041,13.59],[-15.6093,13.5903],[-15.6587,13.5901],[-15.7172,13.5905],[-15.8089,13.5901],[-15.8764,13.5905],[-15.942,13.5906],[-16.1469,13.5907],[-16.1465,13.6093],[-16.1201,13.635],[-16.1244,13.6389],[-16.13,13.6403],[-16.1367,13.6401],[-16.1368,13.6422],[-16.1333,13.6447],[-16.1331,13.6475],[-16.1379,13.6553],[-16.1425,13.6574],[-16.1477,13.6625],[-16.1502,13.6635],[-16.1522,13.671],[-16.156,13.6746],[-16.1555,13.6769],[-16.1575,13.6945],[-16.1631,13.7511],[-16.1731,13.7434],[-16.1916,13.7528],[-16.2119,13.7651],[-16.2188,13.7738],[-16.2256,13.784],[-16.2433,13.7962],[-16.241,13.8176],[-16.243,13.8279],[-16.2264,13.8412],[-16.2108,13.8633],[-16.2031,13.8667],[-16.2083,13.88],[-16.1955,13.873]]]}},{"type":"Feature","properties":{"pcode":"SN0601","nom":"Kédougou","region":"Kédougou"},"geometry":{"type":"Polygon","coordinates":[[[-13.1115,12.8048],[-13.1134,12.8088],[-13.1123,12.8112],[-13.104,12.8133],[-13.1009,12.8153],[-13.1017,12.8216],[-13.1084,12.8283],[-13.1219,12.8276],[-13.1321,12.8297],[-13.1388,12.8337],[-13.1526,12.8362],[-13.1547,12.8426],[-13.153,12.8475],[-13.1461,12.8557],[-13.1491,12.8603],[-13.1605,12.8661],[-13.1714,12.8699],[-13.1736,12.8757],[-13.1696,12.886],[-13.1703,12.8909],[-13.1812,12.8964],[-13.183,12.899],[-13.1749,12.8999],[-13.1638,12.8954],[-13.1554,12.8992],[-13.1522,12.904],[-13.144,12.9107],[-13.1436,12.9133],[-13.1472,12.9181],[-13.1464,12.9255],[-13.1487,12.9308],[-13.1528,12.9309],[-13.1571,12.934],[-13.1644,12.9456],[-13.1646,12.952],[-13.1663,12.9564],[-13.1709,12.9612],[-13.1743,12.9627],[-13.181,12.9703],[-13.1862,12.9689],[-13.189,12.9632],[-13.1944,12.9727],[-13.1952,12.9785],[-13.2048,12.9878],[-13.2074,12.9894],[-13.2102,12.9949],[-13.211,13.0003],[-13.2135,13.0055],[-13.2196,13.0053],[-13.233,13.0079],[-13.2388,13.012],[-13.237,13.0178],[-13.2358,13.0158],[-13.2303,13.0163],[-13.226,13.0214],[-13.2229,13.0212],[-13.2216,13.0247],[-13.2145,13.0256],[-13.209,13.0292],[-13.2058,13.034],[-13.2089,13.0383],[-13.2066,13.041],[-13.2085,13.0428],[-13.2067,13.0478],[-13.2089,13.0514],[-13.206,13.0508],[-13.1986,13.0529],[-13.1959,13.0512],[-13.1931,13.056],[-13.1866,13.0606],[-13.1824,13.0588],[-13.1854,13.0581],[-13.1859,13.0545],[-13.1784,13.0551],[-13.1795,13.059],[-13.1777,13.0627],[-13.1746,13.0623],[-13.1706,13.0655],[-13.1657,13.0627],[-13.1609,13.0556],[-13.1667,13.0522],[-13.1578,13.0504],[-13.1541,13.0519],[-13.1535,13.0553],[-13.1491,13.0559],[-13.1447,13.0543],[-13.142,13.0507],[-13.1352,13.0567],[-13.1256,13.0538],[-13.116,13.0466],[-13.1082,13.0435],[-13.1,13.0418],[-13.0957,13.0364],[-13.0917,13.0358],[-13.0897,13.0327],[-13.0849,13.0309],[-13.0802,13.0331],[-13.0726,13.0416],[-13.0721,13.045],[-13.0663,13.0533],[-13.0605,13.053],[-13.0553,13.0582],[-13.0534,13.0648],[-13.0486,13.0638],[-13.0443,13.0576],[-13.0365,13.059],[-13.0287,13.0565],[-13.0236,13.0568],[-13.0219,13.0604],[-13.0227,13.0682],[-13.0161,13.0685],[-13.0147,13.0706],[-13.0044,13.0714],[-12.999,13.0768],[-12.9939,13.0786],[-12.9927,13.0824],[-12.9895,13.0821],[-12.9851,13.0762],[-12.9799,13.0757],[-12.9777,13.079],[-12.9746,13.08],[-12.967,13.0706],[-12.9651,13.0705],[-12.9562,13.0795],[-12.9526,13.082],[-12.9495,13.0809],[-12.9474,13.0775],[-12.9437,13.0754],[-12.9372,13.0757],[-12.9335,13.0808],[-12.9285,13.0816],[-12.9353,13.0673],[-12.9339,13.0641],[-12.9282,13.0657],[-12.9234,13.0654],[-12.9194,13.0585],[-12.9141,13.059],[-12.9158,13.0543],[-12.9135,13.0498],[-12.9138,13.046],[-12.9104,13.0428],[-12.9056,13.046],[-12.9017,13.0529],[-12.8982,13.0523],[-12.896,13.0471],[-12.8929,13.0466],[-12.8787,13.0376],[-12.8779,13.0273],[-12.8744,13.0243],[-12.8684,13.0287],[-12.8613,13.023],[-12.865,13.0186],[-12.8637,13.0163],[-12.8554,13.0157],[-12.8524,13.0101],[-12.848,13.0123],[-12.844,13.0163],[-12.8393,13.0178],[-12.8365,13.0164],[-12.8327,13.0113],[-12.8296,13.0005],[-12.8261,12.998],[-12.8197,12.9989],[-12.8127,12.996],[-12.8094,12.9992],[-12.8105,13.003],[-12.8197,13.0105],[-12.8178,13.0174],[-12.8129,13.019],[-12.8061,13.0154],[-12.8046,13.018],[-12.8117,13.026],[-12.8106,13.0312],[-12.8076,13.0316],[-12.7973,13.0303],[-12.7949,13.0307],[-12.7979,13.0347],[-12.7972,13.0372],[-12.7932,13.0353],[-12.7802,13.0366],[-12.7762,13.0351],[-12.7744,13.0368],[-12.7761,13.0431],[-12.7745,13.0533],[-12.7708,13.0556],[-12.7626,13.0557],[-12.7614,13.0529],[-12.7578,13.0544],[-12.7615,13.062],[-12.7615,13.0714],[-12.7577,13.075],[-12.7526,13.0706],[-12.7507,13.071],[-12.7496,13.0768],[-12.7447,13.08],[-12.7416,13.0764],[-12.7336,13.0745],[-12.7329,13.071],[-12.7271,13.0706],[-12.7191,13.0745],[-12.7155,13.0784],[-12.7156,13.0819],[-12.7191,13.0838],[-12.7195,13.0885],[-12.7176,13.0915],[-12.7132,13.0924],[-12.7023,13.0924],[-12.6986,13.0955],[-12.6986,13.0995],[-12.6964,13.1038],[-12.6865,13.1055],[-12.685,13.108],[-12.6871,13.1185],[-12.6798,13.1254],[-12.6756,13.1244],[-12.6724,13.1328],[-12.674,13.1374],[-12.6682,13.1356],[-12.6705,13.142],[-12.6673,13.142],[-12.675,13.1482],[-12.6718,13.1511],[-12.6735,13.1567],[-12.6714,13.1596],[-12.6741,13.1614],[-12.6724,13.1696],[-12.674,13.1744],[-12.6666,13.1709],[-12.658,13.1745],[-12.6561,13.1796],[-12.6542,13.18],[-12.65,13.1752],[-12.6459,13.1789],[-12.6364,13.1815],[-12.6333,13.1889],[-12.6331,13.1927],[-12.6309,13.1942],[-12.6256,13.192],[-12.6208,13.1925],[-12.6185,13.1907],[-12.6104,13.1903],[-12.6055,13.189],[-12.603,13.193],[-12.5973,13.1932],[-12.5948,13.1949],[-12.594,13.2015],[-12.5948,13.2054],[-12.5921,13.2072],[-12.5859,13.2054],[-12.5837,13.1979],[-12.5796,13.197],[-12.5772,13.2002],[-12.5715,13.2005],[-12.5687,13.1983],[-12.5659,13.1913],[-12.5541,13.1825],[-12.5473,13.1817],[-12.5443,13.1846],[-12.5382,13.1864],[-12.533,13.1823],[-12.5294,13.1829],[-12.5261,13.1864],[-12.5212,13.1826],[-12.5169,13.1834],[-12.5141,13.191],[-12.506,13.1932],[-12.5019,13.1958],[-12.4947,13.1939],[-12.4961,13.1898],[-12.4848,13.1878],[-12.4814,13.1825],[-12.4762,13.1836],[-12.4769,13.1799],[-12.4745,13.1796],[-12.4765,13.1759],[-12.4744,13.1728],[-12.4677,13.1708],[-12.4706,13.1608],[-12.4646,13.1603],[-12.4644,13.1565],[-12.4617,13.1511],[-12.4638,13.1481],[-12.4608,13.1482],[-12.4618,13.1443],[-12.4673,13.1412],[-12.4634,13.1374],[-12.4572,13.1361],[-12.4583,13.1294],[-12.457,13.127],[-12.4546,13.1291],[-12.4526,13.1265],[-12.4569,13.1211],[-12.4574,13.116],[-12.4554,13.1145],[-12.4497,13.1144],[-12.4468,13.1102],[-12.439,13.1103],[-12.4366,13.1029],[-12.4332,13.1037],[-12.4285,13.0998],[-12.425,13.1007],[-12.4217,13.0989],[-12.4139,13.1006],[-12.4125,13.0979],[-12.4092,13.0972],[-12.4067,13.0931],[-12.4031,13.0917],[-12.403,13.0877],[-12.3998,13.0873],[-12.3978,13.0837],[-12.3975,13.0745],[-12.3949,13.0722],[-12.3979,13.0675],[-12.3965,13.065],[-12.4016,13.062],[-12.3994,13.0596],[-12.3937,13.061],[-12.3936,13.0588],[-12.398,13.0571],[-12.3958,13.054],[-12.3921,13.0528],[-12.3925,13.0505],[-12.3903,13.0417],[-12.3914,13.0326],[-12.3899,13.0282],[-12.3865,13.0266],[-12.3896,13.0211],[-12.3898,13.0241],[-12.3967,13.0228],[-12.3971,13.017],[-12.3998,13.0156],[-12.3955,13.0113],[-12.3902,13.0092],[-12.388,13.0058],[-12.3857,13.0076],[-12.3801,13.0007],[-12.3645,13.0033],[-12.3595,13.0097],[-12.3539,13.0117],[-12.3497,13.0098],[-12.3446,13.0108],[-12.344,13.0175],[-12.336,13.0252],[-12.3291,13.027],[-12.3264,13.0207],[-12.3231,13.0184],[-12.3222,13.0126],[-12.3188,13.011],[-12.3139,13.0125],[-12.3108,13.0102],[-12.3114,13.0057],[-12.3073,13.0054],[-12.3058,13.0085],[-12.3012,13.0029],[-12.2899,13.0041],[-12.2917,13.0009],[-12.2803,13.0013],[-12.2826,12.9931],[-12.2786,12.9819],[-12.2731,12.9812],[-12.2716,12.9734],[-12.2689,12.9705],[-12.2606,12.9676],[-12.2584,12.9636],[-12.2536,12.9608],[-12.2438,12.9586],[-12.2316,12.9568],[-12.2272,12.9548],[-12.2246,12.9482],[-12.2195,12.9476],[-12.2146,12.9449],[-12.2106,12.9469],[-12.2041,12.9468],[-12.1983,12.9445],[-12.1955,12.9412],[-12.1901,12.9385],[-12.1852,12.9331],[-12.1855,12.9276],[-12.1841,12.9245],[-12.1872,12.9194],[-12.1873,12.9119],[-12.1886,12.9091],[-12.184,12.9011],[-12.1831,12.8977],[-12.1792,12.8931],[-12.1787,12.8869],[-12.1766,12.8846],[-12.1721,12.8858],[-12.1664,12.8828],[-12.1505,12.8823],[-12.1407,12.8837],[-12.1356,12.8825],[-12.1322,12.8754],[-12.127,12.869],[-12.1151,12.8674],[-12.1103,12.8692],[-12.1067,12.8681],[-12.102,12.8637],[-12.1003,12.856],[-12.0965,12.851],[-12.0936,12.8444],[-12.0875,12.843],[-12.0816,12.8378],[-12.0789,12.8337],[-12.0754,12.8236],[-12.0696,12.821],[-12.0687,12.8167],[-12.062,12.8048],[-12.0563,12.8035],[-12.0486,12.7995],[-12.048,12.7971],[-12.0415,12.7936],[-12.0371,12.7888],[-12.0364,12.7848],[-12.0307,12.7789],[-12.0287,12.7721],[-12.0268,12.7717],[-12.026,12.7604],[-12.0194,12.7556],[-12.0202,12.7534],[-12.0164,12.7513],[-12.0221,12.75],[-12.0232,12.7479],[-12.0289,12.7444],[-12.0256,12.7415],[-12.0194,12.7409],[-12.014,12.7361],[-12.0113,12.7376],[-12.0077,12.7345],[-12.0002,12.7328],[-11.9962,12.7345],[-11.9876,12.7309],[-11.9773,12.7203],[-11.971,12.7182],[-11.9546,12.7191],[-11.9327,12.7185],[-11.9176,12.72],[-11.9136,12.7212],[-11.8932,12.7236],[-11.8877,12.7219],[-11.8751,12.7271],[-11.8668,12.7229],[-11.8606,12.7234],[-11.8575,12.7221],[-11.846,12.7203],[-11.8278,12.7144],[-11.8142,12.7123],[-11.804,12.7099],[-11.7923,12.7062],[-11.7777,12.699],[-11.7688,12.6852],[-11.76,12.6792],[-11.7516,12.6704],[-11.7364,12.6576],[-11.7218,12.6414],[-11.7354,12.6167],[-11.7425,12.6065],[-11.8678,12.4198],[-11.8706,12.4167],[-11.8754,12.4166],[-11.8928,12.4243],[-11.9005,12.4459],[-11.9021,12.447],[-11.923,12.4348],[-11.9423,12.4218],[-11.9618,12.4099],[-11.9672,12.4072],[-11.9721,12.4063],[-11.9806,12.4076],[-11.9879,12.4056],[-12.0008,12.4047],[-12.0107,12.4015],[-12.0149,12.4021],[-12.0189,12.4102],[-12.0231,12.413],[-12.0291,12.4144],[-12.0341,12.4201],[-12.0421,12.4258],[-12.0552,12.4268],[-12.0599,12.4328],[-12.0674,12.4313],[-12.0703,12.4276],[-12.0789,12.4278],[-12.086,12.4245],[-12.0946,12.4235],[-12.1033,12.4186],[-12.1083,12.419],[-12.1171,12.4144],[-12.1205,12.4097],[-12.1221,12.4049],[-12.1247,12.4033],[-12.1274,12.3959],[-12.1326,12.3937],[-12.1326,12.3897],[-12.1353,12.3864],[-12.1419,12.386],[-12.1439,12.3843],[-12.1508,12.385],[-12.1532,12.3778],[-12.1594,12.3736],[-12.1703,12.3688],[-12.1752,12.3653],[-12.1758,12.3612],[-12.1821,12.3589],[-12.1866,12.3622],[-12.1947,12.3589],[-12.199,12.3597],[-12.204,12.3566],[-12.2071,12.3579],[-12.2142,12.3554],[-12.2181,12.3583],[-12.2302,12.3558],[-12.2323,12.3514],[-12.2422,12.349],[-12.2503,12.3527],[-12.2562,12.3493],[-12.262,12.3494],[-12.2675,12.3462],[-12.2679,12.3442],[-12.2777,12.3405],[-12.2813,12.3352],[-12.2976,12.3362],[-12.3516,12.3113],[-12.3594,12.3081],[-12.3606,12.3092],[-12.3647,12.3209],[-12.3639,12.3271],[-12.3661,12.3296],[-12.3663,12.3362],[-12.3752,12.3418],[-12.3776,12.3505],[-12.3828,12.3561],[-12.385,12.3638],[-12.3892,12.3703],[-12.3942,12.3732],[-12.394,12.3752],[-12.3911,12.377],[-12.3939,12.3866],[-12.3923,12.3898],[-12.3879,12.392],[-12.3927,12.4007],[-12.3913,12.4076],[-12.3956,12.4174],[-12.4015,12.4182],[-12.4024,12.4201],[-12.4005,12.4254],[-12.4031,12.4312],[-12.4031,12.4352],[-12.4075,12.4399],[-12.4115,12.4418],[-12.4194,12.4416],[-12.4229,12.4428],[-12.4276,12.4411],[-12.4283,12.4372],[-12.4469,12.4325],[-12.4467,12.4356],[-12.4516,12.4342],[-12.4555,12.4428],[-12.46,12.44],[-12.4641,12.4459],[-12.4677,12.4429],[-12.4725,12.4523],[-12.4716,12.4549],[-12.4753,12.4652],[-12.48,12.4719],[-12.4811,12.47],[-12.4865,12.471],[-12.4894,12.4697],[-12.4948,12.4722],[-12.4939,12.4805],[-12.4984,12.4808],[-12.5012,12.4843],[-12.5073,12.4825],[-12.5073,12.4864],[-12.5119,12.4843],[-12.5144,12.485],[-12.5178,12.4826],[-12.5188,12.4845],[-12.5168,12.4895],[-12.523,12.4961],[-12.5236,12.501],[-12.5272,12.5018],[-12.5259,12.5062],[-12.5291,12.5102],[-12.5257,12.511],[-12.5258,12.514],[-12.5305,12.5125],[-12.5358,12.5204],[-12.5322,12.5218],[-12.5326,12.5241],[-12.5366,12.5244],[-12.5383,12.5309],[-12.5406,12.5322],[-12.539,12.537],[-12.5402,12.5399],[-12.5371,12.5402],[-12.5371,12.5438],[-12.5344,12.5477],[-12.5371,12.5544],[-12.5412,12.5559],[-12.5413,12.5612],[-12.5391,12.5663],[-12.5337,12.5733],[-12.5345,12.5777],[-12.5332,12.5806],[-12.536,12.5912],[-12.5347,12.597],[-12.5402,12.6008],[-12.5435,12.6047],[-12.5403,12.6076],[-12.5386,12.6128],[-12.546,12.6145],[-12.5457,12.6232],[-12.5505,12.6242],[-12.5528,12.6267],[-12.5561,12.6236],[-12.5601,12.6306],[-12.5646,12.6288],[-12.5684,12.6303],[-12.5787,12.6403],[-12.5805,12.6361],[-12.5881,12.6401],[-12.5896,12.6482],[-12.5931,12.6466],[-12.5932,12.6524],[-12.5989,12.6542],[-12.5984,12.6594],[-12.6001,12.6633],[-12.5968,12.6665],[-12.5973,12.6699],[-12.5917,12.6732],[-12.5924,12.6753],[-12.5897,12.6816],[-12.586,12.6856],[-12.5872,12.6929],[-12.5833,12.6914],[-12.5761,12.6929],[-12.5738,12.6947],[-12.5759,12.6974],[-12.5789,12.6956],[-12.5836,12.6986],[-12.5845,12.7053],[-12.5808,12.7096],[-12.5892,12.7141],[-12.5947,12.7133],[-12.6062,12.7148],[-12.6102,12.718],[-12.6174,12.7204],[-12.6194,12.7229],[-12.6123,12.7293],[-12.6112,12.7352],[-12.6143,12.7443],[-12.6214,12.7522],[-12.6309,12.7552],[-12.6342,12.7536],[-12.6418,12.7539],[-12.6508,12.7524],[-12.6542,12.7492],[-12.6575,12.7426],[-12.6641,12.7397],[-12.6762,12.7419],[-12.6858,12.7373],[-12.6954,12.7347],[-12.6994,12.7326],[-12.702,12.729],[-12.7028,12.7183],[-12.6992,12.7096],[-12.7066,12.703],[-12.715,12.7021],[-12.717,12.7056],[-12.7232,12.7087],[-12.7408,12.705],[-12.7439,12.7055],[-12.755,12.7104],[-12.763,12.7113],[-12.7694,12.7088],[-12.7805,12.7153],[-12.788,12.7185],[-12.7921,12.7214],[-12.8085,12.7288],[-12.8124,12.7317],[-12.8199,12.74],[-12.8299,12.7471],[-12.8354,12.7525],[-12.8366,12.7622],[-12.8378,12.7651],[-12.8428,12.7701],[-12.8447,12.77],[-12.849,12.7596],[-12.8508,12.7575],[-12.8545,12.7591],[-12.8559,12.7772],[-12.8524,12.7872],[-12.8553,12.7913],[-12.8607,12.7941],[-12.8674,12.7944],[-12.8742,12.7962],[-12.8804,12.8003],[-12.8877,12.7984],[-12.8926,12.7914],[-12.898,12.7869],[-12.9132,12.7798],[-12.9193,12.7755],[-12.9253,12.7687],[-12.9288,12.7671],[-12.9325,12.7699],[-12.9367,12.781],[-12.9362,12.7914],[-12.9413,12.7922],[-12.9507,12.7965],[-12.9537,12.7966],[-12.9576,12.794],[-12.962,12.796],[-12.9655,12.8026],[-12.9718,12.808],[-12.98,12.8132],[-12.9839,12.8115],[-12.9874,12.8027],[-12.9901,12.8025],[-13.0005,12.8122],[-12.9982,12.8188],[-12.9953,12.8222],[-12.9834,12.829],[-12.9819,12.8326],[-12.9842,12.8402],[-12.9923,12.8433],[-12.9988,12.8438],[-13.0068,12.8419],[-13.013,12.8364],[-13.0164,12.8243],[-13.0213,12.8159],[-13.0295,12.8129],[-13.033,12.8099],[-13.0335,12.8016],[-13.0285,12.7973],[-13.0301,12.7952],[-13.0373,12.7947],[-13.0462,12.7968],[-13.0521,12.7951],[-13.0636,12.7939],[-13.0699,12.7896],[-13.0729,12.7915],[-13.0784,12.8042],[-13.0837,12.8046],[-13.0847,12.7978],[-13.0831,12.7901],[-13.0892,12.7892],[-13.1036,12.7976],[-13.1056,12.8],[-13.1115,12.8048]]]}},{"type":"Feature","properties":{"pcode":"SN0602","nom":"Salémata","region":"Kédougou"},"geometry":{"type":"Polygon","coordinates":[[[-13.1036,12.7976],[-13.0892,12.7892],[-13.0831,12.7901],[-13.0847,12.7978],[-13.0837,12.8046],[-13.0784,12.8042],[-13.0729,12.7915],[-13.0699,12.7896],[-13.0636,12.7939],[-13.0521,12.7951],[-13.0462,12.7968],[-13.0373,12.7947],[-13.0301,12.7952],[-13.0285,12.7973],[-13.0335,12.8016],[-13.033,12.8099],[-13.0295,12.8129],[-13.0213,12.8159],[-13.0164,12.8243],[-13.013,12.8364],[-13.0068,12.8419],[-12.9988,12.8438],[-12.9923,12.8433],[-12.9842,12.8402],[-12.9819,12.8326],[-12.9834,12.829],[-12.9953,12.8222],[-12.9982,12.8188],[-13.0005,12.8122],[-12.9901,12.8025],[-12.9874,12.8027],[-12.9839,12.8115],[-12.98,12.8132],[-12.9718,12.808],[-12.9655,12.8026],[-12.962,12.796],[-12.9576,12.794],[-12.9537,12.7966],[-12.9507,12.7965],[-12.9413,12.7922],[-12.9362,12.7914],[-12.9367,12.781],[-12.9325,12.7699],[-12.9288,12.7671],[-12.9253,12.7687],[-12.9193,12.7755],[-12.9132,12.7798],[-12.898,12.7869],[-12.8926,12.7914],[-12.8877,12.7984],[-12.8804,12.8003],[-12.8742,12.7962],[-12.8674,12.7944],[-12.8607,12.7941],[-12.8553,12.7913],[-12.8524,12.7872],[-12.8559,12.7772],[-12.8545,12.7591],[-12.8508,12.7575],[-12.849,12.7596],[-12.8447,12.77],[-12.8428,12.7701],[-12.8378,12.7651],[-12.8366,12.7622],[-12.8354,12.7525],[-12.8299,12.7471],[-12.8199,12.74],[-12.8124,12.7317],[-12.8085,12.7288],[-12.7921,12.7214],[-12.788,12.7185],[-12.7805,12.7153],[-12.7694,12.7088],[-12.763,12.7113],[-12.755,12.7104],[-12.7439,12.7055],[-12.7408,12.705],[-12.7232,12.7087],[-12.717,12.7056],[-12.715,12.7021],[-12.7066,12.703],[-12.6992,12.7096],[-12.7028,12.7183],[-12.702,12.729],[-12.6994,12.7326],[-12.6954,12.7347],[-12.6858,12.7373],[-12.6762,12.7419],[-12.6641,12.7397],[-12.6575,12.7426],[-12.6542,12.7492],[-12.6508,12.7524],[-12.6418,12.7539],[-12.6342,12.7536],[-12.6309,12.7552],[-12.6214,12.7522],[-12.6143,12.7443],[-12.6112,12.7352],[-12.6123,12.7293],[-12.6194,12.7229],[-12.6174,12.7204],[-12.6102,12.718],[-12.6062,12.7148],[-12.5947,12.7133],[-12.5892,12.7141],[-12.5808,12.7096],[-12.5845,12.7053],[-12.5836,12.6986],[-12.5789,12.6956],[-12.5759,12.6974],[-12.5738,12.6947],[-12.5761,12.6929],[-12.5833,12.6914],[-12.5872,12.6929],[-12.586,12.6856],[-12.5897,12.6816],[-12.5924,12.6753],[-12.5917,12.6732],[-12.5973,12.6699],[-12.5968,12.6665],[-12.6001,12.6633],[-12.5984,12.6594],[-12.5989,12.6542],[-12.5932,12.6524],[-12.5931,12.6466],[-12.5896,12.6482],[-12.5881,12.6401],[-12.5805,12.6361],[-12.5787,12.6403],[-12.5684,12.6303],[-12.5646,12.6288],[-12.5601,12.6306],[-12.5561,12.6236],[-12.5528,12.6267],[-12.5505,12.6242],[-12.5457,12.6232],[-12.546,12.6145],[-12.5386,12.6128],[-12.5403,12.6076],[-12.5435,12.6047],[-12.5402,12.6008],[-12.5347,12.597],[-12.536,12.5912],[-12.5332,12.5806],[-12.5345,12.5777],[-12.5337,12.5733],[-12.5391,12.5663],[-12.5413,12.5612],[-12.5412,12.5559],[-12.5371,12.5544],[-12.5344,12.5477],[-12.5371,12.5438],[-12.5371,12.5402],[-12.5402,12.5399],[-12.539,12.537],[-12.5406,12.5322],[-12.5383,12.5309],[-12.5366,12.5244],[-12.5326,12.5241],[-12.5322,12.5218],[-12.5358,12.5204],[-12.5305,12.5125],[-12.5258,12.514],[-12.5257,12.511],[-12.5291,12.5102],[-12.5259,12.5062],[-12.5272,12.5018],[-12.5236,12.501],[-12.523,12.4961],[-12.5168,12.4895],[-12.5188,12.4845],[-12.5178,12.4826],[-12.5144,12.485],[-12.5119,12.4843],[-12.5073,12.4864],[-12.5073,12.4825],[-12.5012,12.4843],[-12.4984,12.4808],[-12.4939,12.4805],[-12.4948,12.4722],[-12.4894,12.4697],[-12.4865,12.471],[-12.4811,12.47],[-12.48,12.4719],[-12.4753,12.4652],[-12.4716,12.4549],[-12.4725,12.4523],[-12.4677,12.4429],[-12.4641,12.4459],[-12.46,12.44],[-12.4555,12.4428],[-12.4516,12.4342],[-12.4467,12.4356],[-12.4469,12.4325],[-12.4283,12.4372],[-12.4276,12.4411],[-12.4229,12.4428],[-12.4194,12.4416],[-12.4115,12.4418],[-12.4075,12.4399],[-12.4031,12.4352],[-12.4031,12.4312],[-12.4005,12.4254],[-12.4024,12.4201],[-12.4015,12.4182],[-12.3956,12.4174],[-12.3913,12.4076],[-12.3927,12.4007],[-12.3879,12.392],[-12.3923,12.3898],[-12.3939,12.3866],[-12.3911,12.377],[-12.394,12.3752],[-12.3998,12.3824],[-12.4044,12.3853],[-12.4093,12.3856],[-12.4185,12.3842],[-12.4338,12.3882],[-12.4479,12.3978],[-12.4517,12.3991],[-12.4635,12.4007],[-12.4709,12.403],[-12.4854,12.4054],[-12.492,12.408],[-12.495,12.408],[-12.5031,12.4041],[-12.5135,12.4048],[-12.5163,12.4042],[-12.5244,12.3944],[-12.5322,12.3887],[-12.5375,12.381],[-12.5474,12.372],[-12.5554,12.3705],[-12.5627,12.3674],[-12.5666,12.3677],[-12.5735,12.3766],[-12.5768,12.3823],[-12.5851,12.3923],[-12.5858,12.3982],[-12.5836,12.4084],[-12.5909,12.4062],[-12.6008,12.4046],[-12.6031,12.4081],[-12.611,12.4151],[-12.6149,12.4259],[-12.6187,12.4297],[-12.6222,12.4308],[-12.6269,12.436],[-12.642,12.4385],[-12.666,12.4415],[-12.6713,12.4404],[-12.7532,12.4346],[-12.7628,12.4336],[-12.7665,12.4351],[-12.7657,12.4399],[-12.761,12.4453],[-12.7606,12.4495],[-12.7575,12.4511],[-12.757,12.4555],[-12.7535,12.4669],[-12.758,12.4685],[-12.7661,12.4743],[-12.7727,12.4726],[-12.7768,12.4733],[-12.7865,12.4816],[-12.7898,12.4818],[-12.7896,12.4846],[-12.7931,12.4842],[-12.7984,12.4791],[-12.8064,12.4775],[-12.8153,12.4773],[-12.8256,12.4844],[-12.8271,12.4878],[-12.8317,12.4923],[-12.8403,12.4926],[-12.8462,12.495],[-12.8455,12.4991],[-12.8346,12.5112],[-12.8352,12.5168],[-12.842,12.5162],[-12.8486,12.5173],[-12.8504,12.521],[-12.8588,12.5238],[-12.863,12.524],[-12.8689,12.5266],[-12.8779,12.5326],[-12.8795,12.5371],[-12.8832,12.5423],[-12.8808,12.5494],[-12.8852,12.5521],[-12.8891,12.552],[-12.8949,12.5542],[-12.8983,12.5514],[-12.9053,12.5508],[-12.9088,12.5477],[-12.9184,12.5457],[-12.9311,12.5395],[-12.9401,12.5385],[-12.9449,12.5346],[-12.9483,12.528],[-12.9446,12.5267],[-12.9403,12.519],[-12.9425,12.5142],[-12.9394,12.5096],[-12.9429,12.4982],[-12.9434,12.4889],[-12.9451,12.4767],[-12.9678,12.4744],[-12.9698,12.4732],[-12.968,12.4686],[-12.9722,12.4658],[-12.9787,12.4672],[-12.986,12.4701],[-12.9873,12.4683],[-12.9985,12.4753],[-12.9993,12.4789],[-13.0019,12.4801],[-13.0176,12.4819],[-13.0197,12.4832],[-13.0259,12.4829],[-13.029,12.4841],[-13.0371,12.4798],[-13.0433,12.4832],[-13.0503,12.4817],[-13.0567,12.4826],[-13.0666,12.4883],[-13.0696,12.494],[-13.0691,12.4995],[-13.0667,12.5073],[-13.0664,12.5171],[-13.0689,12.528],[-13.072,12.5298],[-13.0727,12.5382],[-13.0668,12.5452],[-13.0638,12.545],[-13.0574,12.5495],[-13.0582,12.5656],[-13.0544,12.5684],[-13.0477,12.5775],[-13.0473,12.5862],[-13.0505,12.5942],[-13.0486,12.5977],[-13.0487,12.6024],[-13.0523,12.6077],[-13.0512,12.6099],[-13.0555,12.6137],[-13.0563,12.6169],[-13.0526,12.6185],[-13.0535,12.6266],[-13.0604,12.6288],[-13.0639,12.6332],[-13.0674,12.6351],[-13.0681,12.6391],[-13.0651,12.6427],[-13.0726,12.6432],[-13.0749,12.6449],[-13.0784,12.6408],[-13.0777,12.6374],[-13.0887,12.6329],[-13.0909,12.6334],[-13.0913,12.6283],[-13.0962,12.6255],[-13.0988,12.6288],[-13.1034,12.6275],[-13.1071,12.6291],[-13.107,12.6322],[-13.1118,12.637],[-13.1223,12.6362],[-13.1219,12.6417],[-13.128,12.6388],[-13.1283,12.6425],[-13.1259,12.6441],[-13.123,12.6509],[-13.123,12.6605],[-13.1197,12.6732],[-13.1193,12.6816],[-13.1171,12.685],[-13.1114,12.6888],[-13.1022,12.6885],[-13.0995,12.6934],[-13.0937,12.699],[-13.0931,12.7069],[-13.1013,12.7143],[-13.1067,12.721],[-13.1104,12.731],[-13.1107,12.7373],[-13.1125,12.739],[-13.1162,12.7477],[-13.1156,12.7538],[-13.1176,12.7553],[-13.1172,12.7592],[-13.1197,12.7681],[-13.1171,12.7744],[-13.1203,12.7781],[-13.1198,12.7832],[-13.1163,12.7852],[-13.1143,12.789],[-13.1153,12.7928],[-13.1125,12.7933],[-13.1118,12.797],[-13.1056,12.8],[-13.1036,12.7976]]]}},{"type":"Feature","properties":{"pcode":"SN0603","nom":"Saraya","region":"Kédougou"},"geometry":{"type":"Polygon","coordinates":[[[-12.2413,13.4634],[-12.2403,13.4592],[-12.2357,13.4587],[-12.2297,13.456],[-12.2262,13.4524],[-12.222,13.4545],[-12.2104,13.4466],[-12.2044,13.4456],[-12.2002,13.4429],[-12.1978,13.4374],[-12.1926,13.4351],[-12.1908,13.4282],[-12.1851,13.4275],[-12.1836,13.4235],[-12.1782,13.421],[-12.1762,13.4235],[-12.166,13.4215],[-12.1573,13.4171],[-12.1534,13.4182],[-12.1478,13.4167],[-12.1447,13.414],[-12.1445,13.4048],[-12.1394,13.3993],[-12.1388,13.3968],[-12.1314,13.3919],[-12.1239,13.392],[-12.1215,13.3877],[-12.1177,13.3873],[-12.1116,13.3788],[-12.1092,13.374],[-12.1021,13.3764],[-12.0909,13.372],[-12.086,13.3723],[-12.0835,13.3703],[-12.0779,13.3727],[-12.0712,13.3721],[-12.0711,13.3676],[-12.0665,13.3645],[-12.065,13.3585],[-12.0617,13.3609],[-12.054,13.3584],[-12.0435,13.3629],[-12.0323,13.3693],[-12.0298,13.3746],[-12.028,13.3721],[-12.0298,13.3639],[-12.0273,13.3606],[-12.0278,13.3437],[-12.0292,13.3375],[-12.0342,13.328],[-12.0314,13.3239],[-12.0301,13.3143],[-12.0261,13.3118],[-12.0211,13.3115],[-12.0162,13.3134],[-12.011,13.3188],[-12.006,13.3277],[-11.9991,13.326],[-11.9932,13.3308],[-11.9891,13.3312],[-11.9844,13.3351],[-11.9817,13.3395],[-11.9739,13.3435],[-11.9666,13.3521],[-11.9625,13.3558],[-11.9603,13.3622],[-11.9568,13.3667],[-11.9533,13.3679],[-11.9437,13.3664],[-11.9408,13.3651],[-11.9342,13.3668],[-11.93,13.3704],[-11.9238,13.3736],[-11.9215,13.3725],[-11.9155,13.3742],[-11.9104,13.377],[-11.903,13.3781],[-11.8994,13.3807],[-11.8915,13.3831],[-11.8868,13.3879],[-11.8811,13.3828],[-11.8738,13.3821],[-11.8697,13.3771],[-11.8665,13.3691],[-11.8602,13.3614],[-11.8545,13.3585],[-11.8458,13.3523],[-11.8428,13.3482],[-11.842,13.3413],[-11.8381,13.3339],[-11.8317,13.3332],[-11.8285,13.3299],[-11.8276,13.3225],[-11.8317,13.3158],[-11.8323,13.3113],[-11.8274,13.3094],[-11.8142,13.31],[-11.8089,13.3111],[-11.8006,13.3106],[-11.7962,13.3153],[-11.794,13.3296],[-11.79,13.335],[-11.7854,13.338],[-11.7764,13.3394],[-11.7709,13.3384],[-11.7658,13.3418],[-11.7644,13.3457],[-11.7635,13.3545],[-11.7604,13.3655],[-11.7581,13.3692],[-11.753,13.3734],[-11.7476,13.3817],[-11.7474,13.3858],[-11.7437,13.3878],[-11.7427,13.3931],[-11.7462,13.4018],[-11.7451,13.409],[-11.7362,13.4152],[-11.7292,13.4168],[-11.7229,13.4169],[-11.7105,13.4154],[-11.7054,13.4158],[-11.6963,13.4085],[-11.6927,13.4038],[-11.6939,13.3963],[-11.6927,13.3909],[-11.6895,13.39],[-11.6837,13.3913],[-11.6757,13.3906],[-11.6712,13.3887],[-11.6613,13.3905],[-11.6456,13.3961],[-11.6312,13.3963],[-11.6255,13.3946],[-11.624,13.3914],[-11.6249,13.3809],[-11.6287,13.3744],[-11.6346,13.3701],[-11.6371,13.3663],[-11.6345,13.3633],[-11.6283,13.3634],[-11.6124,13.3606],[-11.6,13.3668],[-11.5951,13.3663],[-11.5932,13.3618],[-11.595,13.3418],[-11.5938,13.3343],[-11.5871,13.3257],[-11.5855,13.3208],[-11.5894,13.314],[-11.586,13.3085],[-11.5803,13.3081],[-11.5756,13.3062],[-11.5726,13.3012],[-11.5655,13.2924],[-11.5593,13.2907],[-11.5518,13.2919],[-11.5459,13.2904],[-11.542,13.2872],[-11.5396,13.2822],[-11.5415,13.2764],[-11.5338,13.2645],[-11.5232,13.26],[-11.5213,13.2548],[-11.5346,13.2391],[-11.5413,13.2294],[-11.54,13.2271],[-11.5421,13.2142],[-11.5402,13.2045],[-11.5335,13.1984],[-11.524,13.1995],[-11.5051,13.1973],[-11.4994,13.194],[-11.4981,13.191],[-11.4984,13.1815],[-11.5023,13.1737],[-11.5083,13.1664],[-11.5176,13.16],[-11.5176,13.1547],[-11.5154,13.1491],[-11.5123,13.1475],[-11.5042,13.1463],[-11.5002,13.1438],[-11.4993,13.1368],[-11.4959,13.131],[-11.4963,13.1232],[-11.4925,13.119],[-11.4857,13.117],[-11.4814,13.1136],[-11.4763,13.1038],[-11.4763,13.0997],[-11.4677,13.0977],[-11.4605,13.0987],[-11.4497,13.0981],[-11.4451,13.0988],[-11.4409,13.097],[-11.4354,13.0925],[-11.4348,13.0903],[-11.429,13.0879],[-11.4256,13.0846],[-11.4242,13.08],[-11.4256,13.0732],[-11.4352,13.063],[-11.4353,13.0574],[-11.427,13.0512],[-11.4187,13.0393],[-11.4125,13.0381],[-11.4095,13.0341],[-11.4103,13.0303],[-11.415,13.0214],[-11.414,13.0197],[-11.4041,13.018],[-11.3965,13.0131],[-11.3961,13.0047],[-11.4086,13.0015],[-11.4098,13.0033],[-11.4138,13.0019],[-11.4155,12.9982],[-11.4142,12.9924],[-11.4057,12.9842],[-11.4057,12.9803],[-11.4098,12.9763],[-11.4104,12.9702],[-11.4065,12.9703],[-11.4036,12.9752],[-11.3961,12.9728],[-11.3911,12.9663],[-11.3873,12.9662],[-11.3819,12.9693],[-11.3802,12.9742],[-11.3804,12.9823],[-11.3835,12.9922],[-11.3794,12.9945],[-11.3698,12.9934],[-11.3632,12.9907],[-11.3559,12.9815],[-11.354,12.9744],[-11.3549,12.9601],[-11.3454,12.9415],[-11.3482,12.9354],[-11.3635,12.9307],[-11.3816,12.929],[-11.3876,12.9247],[-11.3894,12.9297],[-11.392,12.9323],[-11.3972,12.9297],[-11.399,12.9261],[-11.4007,12.9176],[-11.3994,12.9132],[-11.3871,12.9097],[-11.3855,12.9048],[-11.3885,12.9009],[-11.3942,12.8972],[-11.3998,12.891],[-11.4036,12.8789],[-11.4014,12.8708],[-11.3992,12.8702],[-11.3944,12.8651],[-11.3934,12.8608],[-11.397,12.8547],[-11.4081,12.8499],[-11.4096,12.8476],[-11.407,12.8439],[-11.402,12.8417],[-11.4007,12.8384],[-11.4024,12.8322],[-11.402,12.8276],[-11.4,12.8264],[-11.3902,12.8273],[-11.3846,12.8323],[-11.3808,12.8307],[-11.3812,12.8282],[-11.3875,12.8138],[-11.3865,12.8104],[-11.3812,12.8068],[-11.3801,12.8007],[-11.3818,12.7949],[-11.3812,12.7854],[-11.3826,12.7793],[-11.3975,12.775],[-11.3937,12.7703],[-11.3861,12.7678],[-11.3807,12.7608],[-11.3769,12.7534],[-11.3775,12.7506],[-11.3833,12.7461],[-11.3833,12.744],[-11.3779,12.74],[-11.371,12.7385],[-11.367,12.7391],[-11.363,12.7323],[-11.367,12.7307],[-11.3881,12.7278],[-11.3927,12.7297],[-11.4111,12.7288],[-11.4205,12.7298],[-11.4238,12.7266],[-11.4231,12.7212],[-11.4241,12.7077],[-11.4219,12.7016],[-11.4267,12.6959],[-11.4308,12.6982],[-11.4325,12.7039],[-11.4374,12.702],[-11.4355,12.692],[-11.437,12.6826],[-11.4418,12.6791],[-11.4446,12.6791],[-11.4477,12.6731],[-11.4443,12.6645],[-11.4417,12.6626],[-11.4304,12.6611],[-11.4237,12.6642],[-11.4187,12.6602],[-11.4126,12.6507],[-11.412,12.6378],[-11.4066,12.6361],[-11.4069,12.6261],[-11.4088,12.6225],[-11.4151,12.6189],[-11.4196,12.6178],[-11.4225,12.6137],[-11.4218,12.6068],[-11.4202,12.6042],[-11.4129,12.6009],[-11.4068,12.5963],[-11.4024,12.5911],[-11.4029,12.5869],[-11.4074,12.5755],[-11.4197,12.5651],[-11.4303,12.5672],[-11.4394,12.5678],[-11.4407,12.5607],[-11.4473,12.549],[-11.4452,12.5459],[-11.4407,12.5436],[-11.4353,12.5495],[-11.4301,12.5498],[-11.4267,12.5461],[-11.4257,12.5421],[-11.4266,12.5309],[-11.4251,12.5275],[-11.4172,12.5256],[-11.4103,12.5222],[-11.409,12.523],[-11.4107,12.5353],[-11.4089,12.5402],[-11.4027,12.5426],[-11.3984,12.5382],[-11.3915,12.5395],[-11.3859,12.5386],[-11.388,12.53],[-11.3925,12.5249],[-11.3808,12.5234],[-11.3782,12.5196],[-11.3775,12.5118],[-11.381,12.4987],[-11.382,12.4922],[-11.3779,12.4875],[-11.3728,12.4837],[-11.3703,12.486],[-11.3727,12.4963],[-11.369,12.5024],[-11.3683,12.5068],[-11.3631,12.5101],[-11.3582,12.5083],[-11.3534,12.4926],[-11.3593,12.4825],[-11.3584,12.4804],[-11.3515,12.4762],[-11.3504,12.4721],[-11.3516,12.4639],[-11.3544,12.4659],[-11.3587,12.4636],[-11.3582,12.4604],[-11.3622,12.4573],[-11.3657,12.4585],[-11.3737,12.455],[-11.3717,12.4501],[-11.3715,12.4426],[-11.3653,12.4362],[-11.3641,12.4327],[-11.3679,12.4206],[-11.3718,12.4213],[-11.3754,12.415],[-11.3881,12.4147],[-11.4007,12.4154],[-11.4051,12.4178],[-11.4084,12.4236],[-11.4142,12.4275],[-11.4169,12.4318],[-11.4212,12.4339],[-11.4315,12.4359],[-11.4357,12.4381],[-11.4435,12.4367],[-11.4497,12.4372],[-11.4542,12.4396],[-11.4682,12.4406],[-11.4763,12.4467],[-11.5002,12.4452],[-11.5344,12.4411],[-11.5528,12.4399],[-11.5602,12.4385],[-11.5716,12.4382],[-11.5772,12.4368],[-11.5915,12.4359],[-11.6017,12.4288],[-11.6109,12.4293],[-11.618,12.4256],[-11.623,12.4259],[-11.6304,12.4319],[-11.6341,12.4317],[-11.6493,12.4266],[-11.653,12.4272],[-11.6597,12.4258],[-11.6704,12.4221],[-11.6747,12.4177],[-11.6821,12.4141],[-11.6913,12.4032],[-11.7017,12.3981],[-11.7154,12.3993],[-11.7194,12.3976],[-11.7269,12.3898],[-11.7298,12.3879],[-11.747,12.3878],[-11.7558,12.3864],[-11.7554,12.3849],[-11.763,12.3831],[-11.7721,12.3832],[-11.776,12.3921],[-11.7866,12.3941],[-11.7882,12.3929],[-11.7924,12.395],[-11.7977,12.3931],[-11.7981,12.3981],[-11.8053,12.4037],[-11.8069,12.4013],[-11.8113,12.3999],[-11.8124,12.3969],[-11.8191,12.4002],[-11.824,12.3977],[-11.8327,12.4002],[-11.8326,12.397],[-11.842,12.396],[-11.8466,12.3924],[-11.8528,12.3963],[-11.8528,12.3996],[-11.8594,12.4019],[-11.8665,12.41],[-11.8665,12.4158],[-11.8706,12.4167],[-11.8678,12.4198],[-11.7425,12.6065],[-11.7354,12.6167],[-11.7218,12.6414],[-11.7364,12.6576],[-11.7516,12.6704],[-11.76,12.6792],[-11.7688,12.6852],[-11.7777,12.699],[-11.7923,12.7062],[-11.804,12.7099],[-11.8142,12.7123],[-11.8278,12.7144],[-11.846,12.7203],[-11.8575,12.7221],[-11.8606,12.7234],[-11.8668,12.7229],[-11.8751,12.7271],[-11.8877,12.7219],[-11.8932,12.7236],[-11.9136,12.7212],[-11.9176,12.72],[-11.9327,12.7185],[-11.9546,12.7191],[-11.971,12.7182],[-11.9773,12.7203],[-11.9876,12.7309],[-11.9962,12.7345],[-12.0002,12.7328],[-12.0077,12.7345],[-12.0113,12.7376],[-12.014,12.7361],[-12.0194,12.7409],[-12.0256,12.7415],[-12.0289,12.7444],[-12.0232,12.7479],[-12.0221,12.75],[-12.0164,12.7513],[-12.0202,12.7534],[-12.0194,12.7556],[-12.026,12.7604],[-12.0268,12.7717],[-12.0287,12.7721],[-12.0307,12.7789],[-12.0364,12.7848],[-12.0371,12.7888],[-12.0415,12.7936],[-12.048,12.7971],[-12.0486,12.7995],[-12.0563,12.8035],[-12.062,12.8048],[-12.0687,12.8167],[-12.0696,12.821],[-12.0754,12.8236],[-12.0789,12.8337],[-12.0816,12.8378],[-12.0875,12.843],[-12.0936,12.8444],[-12.0965,12.851],[-12.1003,12.856],[-12.102,12.8637],[-12.1067,12.8681],[-12.1103,12.8692],[-12.1151,12.8674],[-12.127,12.869],[-12.1322,12.8754],[-12.1356,12.8825],[-12.1407,12.8837],[-12.1505,12.8823],[-12.1664,12.8828],[-12.1721,12.8858],[-12.1766,12.8846],[-12.1787,12.8869],[-12.1792,12.8931],[-12.1831,12.8977],[-12.184,12.9011],[-12.1886,12.9091],[-12.1873,12.9119],[-12.1872,12.9194],[-12.1841,12.9245],[-12.1855,12.9276],[-12.1852,12.9331],[-12.1901,12.9385],[-12.1955,12.9412],[-12.1983,12.9445],[-12.2041,12.9468],[-12.2106,12.9469],[-12.2146,12.9449],[-12.2195,12.9476],[-12.2246,12.9482],[-12.2272,12.9548],[-12.2316,12.9568],[-12.2438,12.9586],[-12.2536,12.9608],[-12.2584,12.9636],[-12.2606,12.9676],[-12.2689,12.9705],[-12.2716,12.9734],[-12.2731,12.9812],[-12.2786,12.9819],[-12.2826,12.9931],[-12.2803,13.0013],[-12.2917,13.0009],[-12.2899,13.0041],[-12.3012,13.0029],[-12.3058,13.0085],[-12.3073,13.0054],[-12.3114,13.0057],[-12.3108,13.0102],[-12.3139,13.0125],[-12.3188,13.011],[-12.3222,13.0126],[-12.3231,13.0184],[-12.3264,13.0207],[-12.3291,13.027],[-12.336,13.0252],[-12.344,13.0175],[-12.3446,13.0108],[-12.3497,13.0098],[-12.3539,13.0117],[-12.3595,13.0097],[-12.3645,13.0033],[-12.3801,13.0007],[-12.3857,13.0076],[-12.388,13.0058],[-12.3902,13.0092],[-12.3955,13.0113],[-12.3998,13.0156],[-12.3971,13.017],[-12.3967,13.0228],[-12.3898,13.0241],[-12.3896,13.0211],[-12.3865,13.0266],[-12.3899,13.0282],[-12.3914,13.0326],[-12.3903,13.0417],[-12.3925,13.0505],[-12.3921,13.0528],[-12.3958,13.054],[-12.398,13.0571],[-12.3936,13.0588],[-12.3937,13.061],[-12.3994,13.0596],[-12.4016,13.062],[-12.3965,13.065],[-12.3979,13.0675],[-12.3949,13.0722],[-12.3975,13.0745],[-12.3978,13.0837],[-12.3998,13.0873],[-12.403,13.0877],[-12.4031,13.0917],[-12.4067,13.0931],[-12.4092,13.0972],[-12.4125,13.0979],[-12.4139,13.1006],[-12.4217,13.0989],[-12.425,13.1007],[-12.4285,13.0998],[-12.4332,13.1037],[-12.4366,13.1029],[-12.439,13.1103],[-12.4468,13.1102],[-12.4497,13.1144],[-12.4554,13.1145],[-12.4574,13.116],[-12.4569,13.1211],[-12.4526,13.1265],[-12.4546,13.1291],[-12.457,13.127],[-12.4583,13.1294],[-12.4572,13.1361],[-12.4634,13.1374],[-12.4673,13.1412],[-12.4618,13.1443],[-12.4608,13.1482],[-12.4638,13.1481],[-12.4617,13.1511],[-12.4644,13.1565],[-12.4646,13.1603],[-12.4706,13.1608],[-12.4677,13.1708],[-12.4744,13.1728],[-12.4765,13.1759],[-12.4745,13.1796],[-12.4769,13.1799],[-12.4762,13.1836],[-12.4814,13.1825],[-12.4848,13.1878],[-12.4961,13.1898],[-12.4947,13.1939],[-12.4902,13.1908],[-12.4853,13.1979],[-12.4857,13.2009],[-12.4821,13.2017],[-12.482,13.205],[-12.4793,13.2079],[-12.4753,13.2191],[-12.4728,13.2228],[-12.4726,13.2285],[-12.4699,13.2328],[-12.4651,13.2363],[-12.4611,13.239],[-12.4606,13.2463],[-12.4565,13.2515],[-12.454,13.2567],[-12.4507,13.2555],[-12.4461,13.2606],[-12.4347,13.2684],[-12.4255,13.2709],[-12.4209,13.2732],[-12.4199,13.2789],[-12.4167,13.2842],[-12.4126,13.2852],[-12.4099,13.282],[-12.405,13.2819],[-12.3977,13.2856],[-12.3936,13.2862],[-12.3887,13.2849],[-12.3842,13.2901],[-12.3779,13.2902],[-12.3748,13.2915],[-12.3663,13.2866],[-12.3617,13.281],[-12.3574,13.2781],[-12.3445,13.2723],[-12.3402,13.2659],[-12.3395,13.2589],[-12.3343,13.258],[-12.3327,13.2609],[-12.3284,13.2629],[-12.325,13.2623],[-12.3248,13.2681],[-12.3229,13.2734],[-12.3243,13.2777],[-12.3233,13.2813],[-12.3179,13.2823],[-12.3131,13.2923],[-12.3111,13.293],[-12.3111,13.3012],[-12.3096,13.3055],[-12.3102,13.3108],[-12.3068,13.3176],[-12.2994,13.318],[-12.2922,13.3141],[-12.2836,13.316],[-12.2673,13.3166],[-12.2561,13.3133],[-12.2507,13.3153],[-12.2444,13.3161],[-12.2302,13.3159],[-12.2313,13.3218],[-12.2239,13.3336],[-12.2209,13.3368],[-12.2245,13.3435],[-12.2311,13.35],[-12.2315,13.3522],[-12.2378,13.3585],[-12.2399,13.3635],[-12.2458,13.3632],[-12.2506,13.3699],[-12.2535,13.3767],[-12.2545,13.3839],[-12.2583,13.3866],[-12.2612,13.397],[-12.2582,13.4039],[-12.2613,13.4136],[-12.2554,13.4233],[-12.2499,13.4247],[-12.2482,13.428],[-12.2474,13.4456],[-12.2489,13.4542],[-12.2457,13.4581],[-12.2413,13.4634]]]}},{"type":"Feature","properties":{"pcode":"SN0701","nom":"Kolda","region":"Kolda"},"geometry":{"type":"Polygon","coordinates":[[[-15.162,13.025],[-15.1299,13.0409],[-15.1255,13.0427],[-15.042,13.0611],[-15.0,13.0615],[-14.9974,13.06],[-14.9897,13.0602],[-14.9661,13.0585],[-14.96,13.0558],[-14.9567,13.0474],[-14.9527,13.0432],[-14.9462,13.0392],[-14.938,13.0216],[-14.9365,13.0104],[-14.9358,13.0],[-14.9296,12.994],[-14.9291,12.9887],[-14.9315,12.9681],[-14.931,12.9656],[-14.9351,12.956],[-14.9358,12.9488],[-14.9409,12.9411],[-14.9387,12.9353],[-14.9329,12.93],[-14.9307,12.9215],[-14.9266,12.9199],[-14.9236,12.9151],[-14.9168,12.9155],[-14.9138,12.9196],[-14.9058,12.9235],[-14.9031,12.9228],[-14.9011,12.9129],[-14.8946,12.9101],[-14.8936,12.9061],[-14.8883,12.9016],[-14.8857,12.9069],[-14.8794,12.9075],[-14.879,12.9114],[-14.8761,12.9124],[-14.8681,12.9051],[-14.8625,12.9075],[-14.8622,12.9111],[-14.8594,12.911],[-14.858,12.9149],[-14.8498,12.9189],[-14.8465,12.9186],[-14.8385,12.9142],[-14.8337,12.9145],[-14.8289,12.9037],[-14.8209,12.9036],[-14.8185,12.8982],[-14.811,12.8965],[-14.8126,12.891],[-14.8075,12.8844],[-14.8061,12.8756],[-14.7999,12.8684],[-14.799,12.8699],[-14.7925,12.8711],[-14.7896,12.8736],[-14.7784,12.8791],[-14.7685,12.8864],[-14.7627,12.8845],[-14.7564,12.8948],[-14.757,12.8967],[-14.7513,12.9009],[-14.7432,12.9047],[-14.7394,12.9044],[-14.7355,12.9066],[-14.7333,12.9163],[-14.7281,12.9229],[-14.7242,12.9179],[-14.721,12.9165],[-14.7157,12.9218],[-14.7134,12.9223],[-14.7078,12.92],[-14.7041,12.9225],[-14.7024,12.9262],[-14.6948,12.9258],[-14.6939,12.9228],[-14.6915,12.9275],[-14.6864,12.9322],[-14.6826,12.9338],[-14.6808,12.9381],[-14.6767,12.9381],[-14.6739,12.9435],[-14.6698,12.9435],[-14.6692,12.9491],[-14.6667,12.9511],[-14.6663,12.9634],[-14.6649,12.9689],[-14.6598,12.9744],[-14.6559,12.9837],[-14.652,12.9871],[-14.6471,12.9873],[-14.6438,12.9898],[-14.6393,12.9902],[-14.6402,12.9946],[-14.6341,12.9961],[-14.6268,12.9911],[-14.6208,12.9936],[-14.6167,12.9936],[-14.6109,12.997],[-14.6051,12.9916],[-14.5986,12.9961],[-14.5878,13.0004],[-14.5818,13.0096],[-14.5759,13.0212],[-14.5719,13.023],[-14.5705,13.0273],[-14.5666,13.0332],[-14.5614,13.0379],[-14.5598,13.0409],[-14.5547,13.043],[-14.5492,13.0483],[-14.5433,13.0506],[-14.5368,13.0499],[-14.522,13.0534],[-14.5168,13.053],[-14.5134,13.0552],[-14.5041,13.0497],[-14.5016,13.0493],[-14.4944,13.041],[-14.4839,13.0327],[-14.4804,13.0288],[-14.4674,13.0344],[-14.4476,13.0405],[-14.4337,13.0442],[-14.4218,13.0445],[-14.4178,13.0369],[-14.4143,13.0329],[-14.4068,13.0213],[-14.4006,13.0301],[-14.3879,13.0378],[-14.3729,13.0435],[-14.3635,13.0434],[-14.3598,13.0456],[-14.3547,13.0449],[-14.3415,13.0498],[-14.3319,13.0523],[-14.3271,13.0549],[-14.3164,13.055],[-14.3125,13.049],[-14.3085,13.0465],[-14.3013,13.0452],[-14.2905,13.0447],[-14.2838,13.0425],[-14.2588,13.0388],[-14.2477,13.0439],[-14.2426,13.0412],[-14.2368,13.0404],[-14.2305,13.0348],[-14.2289,13.0301],[-14.2211,13.0242],[-14.214,13.0263],[-14.2093,13.0262],[-14.1977,13.024],[-14.1927,13.0242],[-14.1869,13.0215],[-14.1826,13.018],[-14.171,13.0129],[-14.1656,13.0185],[-14.1615,13.0179],[-14.1577,13.0208],[-14.1499,13.0215],[-14.1432,13.0281],[-14.14,13.0254],[-14.1383,13.0266],[-14.1347,13.0231],[-14.132,13.0249],[-14.1259,13.0206],[-14.129,13.0169],[-14.1247,13.0077],[-14.1267,13.0065],[-14.1252,12.9998],[-14.1267,12.9987],[-14.1258,12.9887],[-14.1189,12.978],[-14.1127,12.9731],[-14.1064,12.9652],[-14.1062,12.957],[-14.1098,12.9502],[-14.1181,12.9461],[-14.1227,12.9455],[-14.1299,12.9469],[-14.1377,12.9464],[-14.1412,12.9399],[-14.1409,12.9361],[-14.1428,12.9292],[-14.145,12.9263],[-14.1477,12.9265],[-14.1581,12.9243],[-14.1641,12.9261],[-14.1721,12.9217],[-14.1749,12.9162],[-14.1758,12.9116],[-14.1701,12.8859],[-14.1661,12.879],[-14.1593,12.8747],[-14.1492,12.8706],[-14.1483,12.8634],[-14.1517,12.8547],[-14.1505,12.8382],[-14.1486,12.8331],[-14.1441,12.8289],[-14.1434,12.8239],[-14.1395,12.8216],[-14.144,12.8163],[-14.1432,12.8071],[-14.1416,12.8034],[-14.1438,12.8023],[-14.1512,12.8048],[-14.1556,12.8089],[-14.1611,12.8185],[-14.17,12.8207],[-14.1724,12.8122],[-14.1685,12.8103],[-14.1763,12.8081],[-14.1786,12.8128],[-14.1812,12.8108],[-14.1856,12.8112],[-14.1857,12.8138],[-14.1807,12.8147],[-14.1831,12.8182],[-14.1872,12.815],[-14.1913,12.8141],[-14.1954,12.8109],[-14.1984,12.8119],[-14.2006,12.8087],[-14.207,12.8159],[-14.2126,12.8163],[-14.2123,12.8282],[-14.2077,12.8298],[-14.2134,12.8382],[-14.2209,12.8426],[-14.2244,12.8393],[-14.2255,12.8355],[-14.2174,12.833],[-14.2203,12.8301],[-14.223,12.8334],[-14.2315,12.8281],[-14.2368,12.8285],[-14.2371,12.8183],[-14.2385,12.8111],[-14.2424,12.8091],[-14.2394,12.8057],[-14.2328,12.8095],[-14.2325,12.8053],[-14.2383,12.8011],[-14.2487,12.7965],[-14.2551,12.7982],[-14.2557,12.7928],[-14.262,12.7948],[-14.2679,12.7933],[-14.2712,12.7889],[-14.2729,12.7837],[-14.2692,12.775],[-14.2696,12.7707],[-14.2784,12.7668],[-14.2859,12.7687],[-14.2874,12.7748],[-14.2912,12.7734],[-14.2969,12.7617],[-14.2935,12.7548],[-14.2954,12.7536],[-14.3025,12.755],[-14.301,12.749],[-14.2972,12.7484],[-14.294,12.7501],[-14.2885,12.7479],[-14.2881,12.7381],[-14.2841,12.7345],[-14.2835,12.7303],[-14.2877,12.7268],[-14.2916,12.7259],[-14.2925,12.7169],[-14.2983,12.7182],[-14.3017,12.7156],[-14.304,12.7112],[-14.3091,12.7132],[-14.3083,12.719],[-14.3095,12.7209],[-14.3136,12.7205],[-14.3156,12.7092],[-14.3209,12.7122],[-14.324,12.7118],[-14.3248,12.7081],[-14.3232,12.7049],[-14.3306,12.7015],[-14.3323,12.6989],[-14.3387,12.7002],[-14.3388,12.6968],[-14.3344,12.689],[-14.3259,12.6798],[-14.4193,12.6804],[-14.5209,12.6806],[-14.6073,12.6811],[-14.7385,12.6801],[-14.8414,12.6818],[-14.9993,12.6843],[-15.1174,12.6844],[-15.1252,12.6924],[-15.1412,12.6998],[-15.1476,12.7252],[-15.1503,12.7319],[-15.1554,12.7392],[-15.1537,12.7441],[-15.1425,12.7597],[-15.1384,12.7686],[-15.1354,12.773],[-15.1376,12.78],[-15.1341,12.7881],[-15.128,12.79],[-15.1259,12.7955],[-15.1206,12.7997],[-15.1164,12.806],[-15.1151,12.8128],[-15.1161,12.8446],[-15.1158,12.8584],[-15.1169,12.8721],[-15.1162,12.8824],[-15.1121,12.8911],[-15.1126,12.898],[-15.157,12.9457],[-15.1579,12.9533],[-15.1609,12.9598],[-15.1652,12.9664],[-15.166,12.9711],[-15.1686,12.9752],[-15.162,12.9899],[-15.158,12.9942],[-15.1563,13.0014],[-15.1599,13.0137],[-15.17,13.0214],[-15.162,13.025]]]}},{"type":"Feature","properties":{"pcode":"SN0702","nom":"Médina-Yorofoula","region":"Kolda"},"geometry":{"type":"Polygon","coordinates":[[[-15.2964,13.3664],[-15.2876,13.3709],[-15.271,13.3816],[-15.2543,13.3949],[-15.2287,13.4174],[-15.2212,13.4291],[-15.2158,13.4439],[-15.2053,13.4842],[-15.1999,13.5102],[-15.1973,13.5247],[-15.194,13.53],[-15.1829,13.5353],[-15.1783,13.5403],[-15.1489,13.5657],[-15.1433,13.5714],[-15.1405,13.5798],[-15.1389,13.5817],[-15.1268,13.5861],[-15.1012,13.594],[-15.0895,13.5982],[-15.0859,13.5904],[-15.0815,13.5763],[-15.0772,13.5671],[-15.0732,13.5612],[-15.0598,13.5451],[-15.0515,13.5361],[-15.0279,13.5134],[-15.0199,13.507],[-15.0077,13.4986],[-14.9998,13.4938],[-14.9819,13.4817],[-14.962,13.4719],[-14.9497,13.4668],[-14.942,13.4627],[-14.9383,13.4618],[-14.927,13.456],[-14.9131,13.4509],[-14.8991,13.4471],[-14.889,13.4461],[-14.8636,13.4447],[-14.854,13.4459],[-14.8491,13.4432],[-14.8442,13.4377],[-14.8297,13.4258],[-14.8169,13.4191],[-14.8078,13.4165],[-14.7966,13.415],[-14.7775,13.4146],[-14.7613,13.4173],[-14.7574,13.4081],[-14.7473,13.3905],[-14.7395,13.383],[-14.7329,13.3752],[-14.7275,13.3712],[-14.7083,13.3608],[-14.6985,13.3569],[-14.6822,13.3476],[-14.674,13.3444],[-14.6681,13.3432],[-14.6445,13.34],[-14.6308,13.3404],[-14.614,13.3424],[-14.6019,13.3474],[-14.5831,13.3571],[-14.5781,13.3577],[-14.5682,13.3434],[-14.5592,13.3339],[-14.5554,13.3287],[-14.5484,13.3232],[-14.5436,13.3207],[-14.5331,13.3129],[-14.5169,13.3052],[-14.5103,13.3035],[-14.4959,13.3019],[-14.491,13.3006],[-14.4762,13.3],[-14.4605,13.3001],[-14.4581,13.2958],[-14.4473,13.2824],[-14.4387,13.2706],[-14.426,13.261],[-14.4146,13.253],[-14.4002,13.2444],[-14.3905,13.2399],[-14.3755,13.2347],[-14.3661,13.2327],[-14.3598,13.2297],[-14.3502,13.2292],[-14.3446,13.2189],[-14.3356,13.207],[-14.3235,13.1868],[-14.3193,13.1808],[-14.3143,13.169],[-14.3113,13.1517],[-14.308,13.1411],[-14.3077,13.1316],[-14.3091,13.1166],[-14.3185,13.0876],[-14.3205,13.0704],[-14.3189,13.0606],[-14.3164,13.055],[-14.3271,13.0549],[-14.3319,13.0523],[-14.3415,13.0498],[-14.3547,13.0449],[-14.3598,13.0456],[-14.3635,13.0434],[-14.3729,13.0435],[-14.3879,13.0378],[-14.4006,13.0301],[-14.4068,13.0213],[-14.4143,13.0329],[-14.4178,13.0369],[-14.4218,13.0445],[-14.4337,13.0442],[-14.4476,13.0405],[-14.4674,13.0344],[-14.4804,13.0288],[-14.4839,13.0327],[-14.4944,13.041],[-14.5016,13.0493],[-14.5041,13.0497],[-14.5134,13.0552],[-14.5168,13.053],[-14.522,13.0534],[-14.5368,13.0499],[-14.5433,13.0506],[-14.5492,13.0483],[-14.5547,13.043],[-14.5598,13.0409],[-14.5614,13.0379],[-14.5666,13.0332],[-14.5705,13.0273],[-14.5719,13.023],[-14.5759,13.0212],[-14.5818,13.0096],[-14.5878,13.0004],[-14.5986,12.9961],[-14.6051,12.9916],[-14.6109,12.997],[-14.6167,12.9936],[-14.6208,12.9936],[-14.6268,12.9911],[-14.6341,12.9961],[-14.6402,12.9946],[-14.6393,12.9902],[-14.6438,12.9898],[-14.6471,12.9873],[-14.652,12.9871],[-14.6559,12.9837],[-14.6598,12.9744],[-14.6649,12.9689],[-14.6663,12.9634],[-14.6667,12.9511],[-14.6692,12.9491],[-14.6698,12.9435],[-14.6739,12.9435],[-14.6767,12.9381],[-14.6808,12.9381],[-14.6826,12.9338],[-14.6864,12.9322],[-14.6915,12.9275],[-14.6939,12.9228],[-14.6948,12.9258],[-14.7024,12.9262],[-14.7041,12.9225],[-14.7078,12.92],[-14.7134,12.9223],[-14.7157,12.9218],[-14.721,12.9165],[-14.7242,12.9179],[-14.7281,12.9229],[-14.7333,12.9163],[-14.7355,12.9066],[-14.7394,12.9044],[-14.7432,12.9047],[-14.7513,12.9009],[-14.757,12.8967],[-14.7564,12.8948],[-14.7627,12.8845],[-14.7685,12.8864],[-14.7784,12.8791],[-14.7896,12.8736],[-14.7925,12.8711],[-14.799,12.8699],[-14.7999,12.8684],[-14.8061,12.8756],[-14.8075,12.8844],[-14.8126,12.891],[-14.811,12.8965],[-14.8185,12.8982],[-14.8209,12.9036],[-14.8289,12.9037],[-14.8337,12.9145],[-14.8385,12.9142],[-14.8465,12.9186],[-14.8498,12.9189],[-14.858,12.9149],[-14.8594,12.911],[-14.8622,12.9111],[-14.8625,12.9075],[-14.8681,12.9051],[-14.8761,12.9124],[-14.879,12.9114],[-14.8794,12.9075],[-14.8857,12.9069],[-14.8883,12.9016],[-14.8936,12.9061],[-14.8946,12.9101],[-14.9011,12.9129],[-14.9031,12.9228],[-14.9058,12.9235],[-14.9138,12.9196],[-14.9168,12.9155],[-14.9236,12.9151],[-14.9266,12.9199],[-14.9307,12.9215],[-14.9329,12.93],[-14.9387,12.9353],[-14.9409,12.9411],[-14.9358,12.9488],[-14.9351,12.956],[-14.931,12.9656],[-14.9315,12.9681],[-14.9291,12.9887],[-14.9296,12.994],[-14.9358,13.0],[-14.9365,13.0104],[-14.938,13.0216],[-14.9462,13.0392],[-14.9527,13.0432],[-14.9567,13.0474],[-14.96,13.0558],[-14.9661,13.0585],[-14.9897,13.0602],[-14.9974,13.06],[-15.0,13.0615],[-15.042,13.0611],[-15.1255,13.0427],[-15.1299,13.0409],[-15.162,13.025],[-15.17,13.0214],[-15.1764,13.0252],[-15.1791,13.0281],[-15.186,13.0311],[-15.1943,13.032],[-15.2023,13.0372],[-15.2051,13.0377],[-15.2073,13.0412],[-15.214,13.0422],[-15.2168,13.0457],[-15.2203,13.0459],[-15.2252,13.0492],[-15.2283,13.0543],[-15.2284,13.0583],[-15.2249,13.0769],[-15.2226,13.0821],[-15.2277,13.0912],[-15.2325,13.1061],[-15.2353,13.1188],[-15.251,13.1413],[-15.2537,13.1434],[-15.2542,13.1522],[-15.2515,13.1555],[-15.2529,13.1591],[-15.2519,13.1693],[-15.2546,13.1785],[-15.2568,13.1806],[-15.2763,13.1864],[-15.2921,13.1928],[-15.2978,13.1938],[-15.3035,13.1858],[-15.3113,13.1934],[-15.3181,13.1968],[-15.3209,13.1995],[-15.3301,13.2034],[-15.3451,13.2186],[-15.3493,13.2214],[-15.3524,13.227],[-15.3521,13.2379],[-15.3546,13.258],[-15.3545,13.2704],[-15.3453,13.2819],[-15.3398,13.2915],[-15.3381,13.2995],[-15.3386,13.3143],[-15.3382,13.341],[-15.3384,13.3595],[-15.2964,13.3664]]]}},{"type":"Feature","properties":{"pcode":"SN0703","nom":"Vélingara","region":"Kolda"},"geometry":{"type":"Polygon","coordinates":[[[-13.853,13.5113],[-13.8424,13.5068],[-13.8345,13.5043],[-13.8305,13.506],[-13.8303,13.5091],[-13.8328,13.5172],[-13.8322,13.5229],[-13.8236,13.5373],[-13.8223,13.5454],[-13.8206,13.5472],[-13.8152,13.5466],[-13.806,13.5429],[-13.7972,13.5429],[-13.7901,13.5454],[-13.7865,13.5432],[-13.7872,13.5383],[-13.7954,13.5278],[-13.7985,13.5199],[-13.7992,13.5152],[-13.7983,13.5047],[-13.8058,13.4922],[-13.8076,13.4866],[-13.808,13.4809],[-13.8059,13.4713],[-13.8007,13.4664],[-13.7918,13.4675],[-13.7879,13.4707],[-13.7787,13.4802],[-13.7722,13.4856],[-13.7688,13.4859],[-13.7431,13.4798],[-13.7248,13.4722],[-13.7177,13.4683],[-13.7159,13.4659],[-13.7191,13.4591],[-13.722,13.4556],[-13.7409,13.4466],[-13.7495,13.4405],[-13.7562,13.4346],[-13.7576,13.4319],[-13.7569,13.4249],[-13.753,13.4185],[-13.75,13.4171],[-13.749,13.4115],[-13.7501,13.4018],[-13.754,13.3948],[-13.7595,13.3876],[-13.7644,13.3833],[-13.7715,13.3792],[-13.7728,13.3763],[-13.7713,13.3735],[-13.7672,13.3716],[-13.7594,13.3724],[-13.7411,13.3712],[-13.7185,13.376],[-13.6979,13.3813],[-13.6745,13.3831],[-13.6717,13.3804],[-13.6707,13.3752],[-13.673,13.3706],[-13.6805,13.3668],[-13.685,13.3629],[-13.6885,13.3557],[-13.7016,13.3421],[-13.7007,13.3347],[-13.6967,13.3321],[-13.6914,13.3331],[-13.6761,13.3397],[-13.6633,13.3423],[-13.6615,13.3388],[-13.6738,13.3125],[-13.6748,13.309],[-13.6789,13.3036],[-13.6843,13.3009],[-13.6875,13.2959],[-13.6875,13.2915],[-13.6788,13.278],[-13.6748,13.2763],[-13.6605,13.2798],[-13.651,13.2816],[-13.6473,13.2806],[-13.6372,13.2729],[-13.6372,13.2703],[-13.6419,13.2616],[-13.6445,13.2534],[-13.6428,13.2468],[-13.6367,13.2424],[-13.6323,13.2416],[-13.6209,13.2428],[-13.6152,13.2479],[-13.6112,13.2449],[-13.6106,13.239],[-13.6065,13.2394],[-13.6076,13.2359],[-13.6048,13.2338],[-13.603,13.2283],[-13.6065,13.2309],[-13.6101,13.2263],[-13.6089,13.2217],[-13.6046,13.2235],[-13.6039,13.2212],[-13.6002,13.2211],[-13.6009,13.2181],[-13.5987,13.2141],[-13.5994,13.2119],[-13.5979,13.2033],[-13.5993,13.2008],[-13.6012,13.2069],[-13.6074,13.2067],[-13.6113,13.2048],[-13.6133,13.2008],[-13.6036,13.1993],[-13.6064,13.1915],[-13.6036,13.1907],[-13.6054,13.1852],[-13.6078,13.1831],[-13.6112,13.1839],[-13.6139,13.1799],[-13.6132,13.1776],[-13.6159,13.1735],[-13.6142,13.17],[-13.6078,13.1691],[-13.6042,13.1672],[-13.6061,13.1631],[-13.6106,13.1653],[-13.6089,13.1614],[-13.6097,13.158],[-13.6068,13.1566],[-13.6041,13.1592],[-13.6008,13.1566],[-13.6005,13.1536],[-13.604,13.1501],[-13.6088,13.1553],[-13.6106,13.1547],[-13.613,13.1472],[-13.6059,13.1459],[-13.6054,13.1436],[-13.614,13.1411],[-13.6153,13.1343],[-13.6126,13.1322],[-13.6108,13.1345],[-13.6026,13.131],[-13.5912,13.1286],[-13.5929,13.1263],[-13.5964,13.1278],[-13.5978,13.1243],[-13.5944,13.1216],[-13.597,13.121],[-13.5944,13.1109],[-13.5919,13.1122],[-13.5914,13.1084],[-13.5883,13.1053],[-13.5879,13.1091],[-13.5822,13.1086],[-13.5808,13.1041],[-13.5842,13.1004],[-13.5792,13.0947],[-13.5822,13.0922],[-13.5809,13.0849],[-13.5726,13.095],[-13.566,13.0921],[-13.5678,13.0903],[-13.5726,13.0927],[-13.573,13.088],[-13.57,13.0874],[-13.5721,13.0819],[-13.5749,13.0814],[-13.577,13.0778],[-13.5767,13.0697],[-13.5735,13.0649],[-13.5705,13.0662],[-13.5675,13.0633],[-13.5673,13.067],[-13.5599,13.0644],[-13.5579,13.0669],[-13.5617,13.0684],[-13.5596,13.0717],[-13.5611,13.0749],[-13.5546,13.0762],[-13.5527,13.0721],[-13.5488,13.0721],[-13.5469,13.0691],[-13.5502,13.0672],[-13.5525,13.0621],[-13.5562,13.0603],[-13.5546,13.0573],[-13.5555,13.0539],[-13.5511,13.0524],[-13.5464,13.0574],[-13.5423,13.0541],[-13.539,13.049],[-13.5454,13.0475],[-13.5444,13.0428],[-13.5375,13.0386],[-13.5337,13.0381],[-13.5324,13.0352],[-13.5296,13.0398],[-13.5295,13.0352],[-13.5258,13.0369],[-13.5207,13.0364],[-13.5168,13.0382],[-13.5177,13.0321],[-13.517,13.0263],[-13.5225,13.0243],[-13.5273,13.0241],[-13.5227,13.0201],[-13.5274,13.0201],[-13.5279,13.015],[-13.5308,13.0126],[-13.5312,13.0069],[-13.5277,13.0079],[-13.525,13.0033],[-13.5194,13.0063],[-13.5176,13.01],[-13.5122,13.0139],[-13.509,13.0097],[-13.5054,13.0088],[-13.5024,13.0048],[-13.5051,12.9959],[-13.5095,12.9948],[-13.5151,12.9903],[-13.5148,12.9872],[-13.5071,12.9793],[-13.5082,12.9743],[-13.5059,12.9697],[-13.4999,12.9696],[-13.4962,12.9724],[-13.4971,12.9681],[-13.5008,12.9656],[-13.5093,12.9653],[-13.5139,12.958],[-13.5173,12.9575],[-13.5176,12.9522],[-13.5131,12.945],[-13.5081,12.9431],[-13.4992,12.9451],[-13.501,12.9485],[-13.4987,12.9485],[-13.495,12.9431],[-13.5002,12.9349],[-13.5038,12.932],[-13.508,12.9342],[-13.5096,12.9323],[-13.5088,12.9279],[-13.5034,12.9207],[-13.503,12.9099],[-13.4925,12.9071],[-13.4873,12.9013],[-13.4806,12.8963],[-13.474,12.8971],[-13.4661,12.8966],[-13.4643,12.8946],[-13.4662,12.8876],[-13.469,12.8836],[-13.4644,12.879],[-13.4688,12.878],[-13.4738,12.8788],[-13.4751,12.8731],[-13.4629,12.8638],[-13.4596,12.8596],[-13.4534,12.8562],[-13.4523,12.8509],[-13.4552,12.8466],[-13.4585,12.8466],[-13.4609,12.85],[-13.4654,12.8524],[-13.4733,12.854],[-13.4793,12.8531],[-13.4805,12.8483],[-13.4762,12.8456],[-13.4695,12.8444],[-13.4681,12.8333],[-13.4748,12.8286],[-13.4814,12.8259],[-13.4816,12.8233],[-13.4781,12.8136],[-13.4782,12.8066],[-13.4687,12.8031],[-13.4632,12.8033],[-13.4629,12.7988],[-13.4673,12.7922],[-13.4686,12.7851],[-13.4728,12.781],[-13.4678,12.7784],[-13.4619,12.7828],[-13.459,12.7697],[-13.4635,12.7641],[-13.4594,12.7509],[-13.4655,12.7522],[-13.4679,12.7505],[-13.4672,12.7476],[-13.4703,12.7443],[-13.466,12.7384],[-13.4623,12.7375],[-13.461,12.7314],[-13.4589,12.7282],[-13.4625,12.7229],[-13.4667,12.7259],[-13.4725,12.7254],[-13.4734,12.7216],[-13.4661,12.7193],[-13.4665,12.7159],[-13.4629,12.7079],[-13.4673,12.7067],[-13.4706,12.6995],[-13.4684,12.6951],[-13.46,12.6986],[-13.4544,12.7069],[-13.4515,12.7082],[-13.444,12.707],[-13.4412,12.7033],[-13.4374,12.7042],[-13.4383,12.7013],[-13.4462,12.6965],[-13.4425,12.6936],[-13.439,12.6975],[-13.441,12.6912],[-13.4379,12.6899],[-13.4343,12.6916],[-13.4305,12.6882],[-13.4322,12.6844],[-13.4312,12.6781],[-13.4235,12.6731],[-13.4173,12.6742],[-13.408,12.6808],[-13.4005,12.6772],[-13.3954,12.6763],[-13.3911,12.6775],[-13.3879,12.6812],[-13.3884,12.6853],[-13.3816,12.6874],[-13.3797,12.6932],[-13.3731,12.6955],[-13.3633,12.6953],[-13.3533,12.6906],[-13.3478,12.6903],[-13.3452,12.6833],[-13.3468,12.6795],[-13.3465,12.6744],[-13.3474,12.6632],[-13.3463,12.6586],[-13.4007,12.6648],[-13.4617,12.6714],[-13.4846,12.6741],[-13.708,12.6741],[-14.0,12.6738],[-14.0121,12.6749],[-14.0234,12.675],[-14.161,12.677],[-14.1982,12.6778],[-14.2413,12.6785],[-14.2888,12.6795],[-14.3259,12.6798],[-14.3344,12.689],[-14.3388,12.6968],[-14.3387,12.7002],[-14.3323,12.6989],[-14.3306,12.7015],[-14.3232,12.7049],[-14.3248,12.7081],[-14.324,12.7118],[-14.3209,12.7122],[-14.3156,12.7092],[-14.3136,12.7205],[-14.3095,12.7209],[-14.3083,12.719],[-14.3091,12.7132],[-14.304,12.7112],[-14.3017,12.7156],[-14.2983,12.7182],[-14.2925,12.7169],[-14.2916,12.7259],[-14.2877,12.7268],[-14.2835,12.7303],[-14.2841,12.7345],[-14.2881,12.7381],[-14.2885,12.7479],[-14.294,12.7501],[-14.2972,12.7484],[-14.301,12.749],[-14.3025,12.755],[-14.2954,12.7536],[-14.2935,12.7548],[-14.2969,12.7617],[-14.2912,12.7734],[-14.2874,12.7748],[-14.2859,12.7687],[-14.2784,12.7668],[-14.2696,12.7707],[-14.2692,12.775],[-14.2729,12.7837],[-14.2712,12.7889],[-14.2679,12.7933],[-14.262,12.7948],[-14.2557,12.7928],[-14.2551,12.7982],[-14.2487,12.7965],[-14.2383,12.8011],[-14.2325,12.8053],[-14.2328,12.8095],[-14.2394,12.8057],[-14.2424,12.8091],[-14.2385,12.8111],[-14.2371,12.8183],[-14.2368,12.8285],[-14.2315,12.8281],[-14.223,12.8334],[-14.2203,12.8301],[-14.2174,12.833],[-14.2255,12.8355],[-14.2244,12.8393],[-14.2209,12.8426],[-14.2134,12.8382],[-14.2077,12.8298],[-14.2123,12.8282],[-14.2126,12.8163],[-14.207,12.8159],[-14.2006,12.8087],[-14.1984,12.8119],[-14.1954,12.8109],[-14.1913,12.8141],[-14.1872,12.815],[-14.1831,12.8182],[-14.1807,12.8147],[-14.1857,12.8138],[-14.1856,12.8112],[-14.1812,12.8108],[-14.1786,12.8128],[-14.1763,12.8081],[-14.1685,12.8103],[-14.1724,12.8122],[-14.17,12.8207],[-14.1611,12.8185],[-14.1556,12.8089],[-14.1512,12.8048],[-14.1438,12.8023],[-14.1416,12.8034],[-14.1432,12.8071],[-14.144,12.8163],[-14.1395,12.8216],[-14.1434,12.8239],[-14.1441,12.8289],[-14.1486,12.8331],[-14.1505,12.8382],[-14.1517,12.8547],[-14.1483,12.8634],[-14.1492,12.8706],[-14.1593,12.8747],[-14.1661,12.879],[-14.1701,12.8859],[-14.1758,12.9116],[-14.1749,12.9162],[-14.1721,12.9217],[-14.1641,12.9261],[-14.1581,12.9243],[-14.1477,12.9265],[-14.145,12.9263],[-14.1428,12.9292],[-14.1409,12.9361],[-14.1412,12.9399],[-14.1377,12.9464],[-14.1299,12.9469],[-14.1227,12.9455],[-14.1181,12.9461],[-14.1098,12.9502],[-14.1062,12.957],[-14.1064,12.9652],[-14.1127,12.9731],[-14.1189,12.978],[-14.1258,12.9887],[-14.1267,12.9987],[-14.1252,12.9998],[-14.1267,13.0065],[-14.1247,13.0077],[-14.129,13.0169],[-14.1259,13.0206],[-14.132,13.0249],[-14.1347,13.0231],[-14.1383,13.0266],[-14.14,13.0254],[-14.1432,13.0281],[-14.1499,13.0215],[-14.1577,13.0208],[-14.1615,13.0179],[-14.1656,13.0185],[-14.171,13.0129],[-14.1826,13.018],[-14.1869,13.0215],[-14.1927,13.0242],[-14.1977,13.024],[-14.2093,13.0262],[-14.214,13.0263],[-14.2211,13.0242],[-14.2289,13.0301],[-14.2305,13.0348],[-14.2368,13.0404],[-14.2426,13.0412],[-14.2477,13.0439],[-14.2588,13.0388],[-14.2838,13.0425],[-14.2905,13.0447],[-14.3013,13.0452],[-14.3085,13.0465],[-14.3125,13.049],[-14.3164,13.055],[-14.3189,13.0606],[-14.3205,13.0704],[-14.3185,13.0876],[-14.3091,13.1166],[-14.3077,13.1316],[-14.308,13.1411],[-14.3113,13.1517],[-14.3143,13.169],[-14.3193,13.1808],[-14.3235,13.1868],[-14.3356,13.207],[-14.3446,13.2189],[-14.3502,13.2292],[-14.3277,13.233],[-14.3012,13.2384],[-14.2898,13.2377],[-14.2864,13.2391],[-14.2749,13.2396],[-14.2683,13.2423],[-14.2636,13.2391],[-14.2558,13.2285],[-14.2424,13.2193],[-14.2348,13.2177],[-14.2189,13.2186],[-14.2039,13.2231],[-14.1959,13.2274],[-14.1834,13.2296],[-14.168,13.2224],[-14.1561,13.2201],[-14.1477,13.2205],[-14.1412,13.222],[-14.1333,13.2271],[-14.1195,13.2418],[-14.1155,13.2546],[-14.1166,13.2775],[-14.1154,13.2793],[-14.0975,13.2824],[-14.0748,13.2875],[-14.0668,13.291],[-14.0548,13.2884],[-14.034,13.2884],[-14.0057,13.2911],[-13.994,13.2976],[-13.9581,13.319],[-13.9522,13.3215],[-13.9413,13.3207],[-13.9187,13.3167],[-13.8956,13.3157],[-13.8798,13.3178],[-13.867,13.3203],[-13.861,13.3223],[-13.8523,13.3274],[-13.8396,13.3336],[-13.8254,13.3466],[-13.8203,13.3526],[-13.8167,13.3607],[-13.8053,13.3762],[-13.8009,13.3847],[-13.7976,13.3957],[-13.7933,13.4136],[-13.7922,13.4263],[-13.7928,13.4384],[-13.7989,13.4481],[-13.8045,13.4499],[-13.8172,13.4593],[-13.8232,13.4694],[-13.8267,13.4779],[-13.8376,13.4977],[-13.86,13.51],[-13.853,13.5113]]]}},{"type":"Feature","properties":{"pcode":"SN0801","nom":"Kébémer","region":"Louga"},"geometry":{"type":"Polygon","coordinates":[[[-16.5647,15.6589],[-16.542,15.6531],[-16.5234,15.6492],[-16.497,15.6402],[-16.4782,15.6413],[-16.4734,15.6441],[-16.4681,15.6584],[-16.4618,15.6639],[-16.4569,15.6628],[-16.4487,15.6587],[-16.4393,15.6499],[-16.4249,15.635],[-16.4175,15.6293],[-16.4047,15.6219],[-16.4004,15.6204],[-16.3776,15.6187],[-16.3707,15.6163],[-16.3631,15.6119],[-16.3503,15.5995],[-16.3422,15.5894],[-16.3392,15.578],[-16.3391,15.5642],[-16.3348,15.5538],[-16.3268,15.5432],[-16.3237,15.5371],[-16.3236,15.5231],[-16.3226,15.5144],[-16.3172,15.5079],[-16.2979,15.5041],[-16.2875,15.5011],[-16.2851,15.4939],[-16.2839,15.4819],[-16.2805,15.4732],[-16.2805,15.4613],[-16.2788,15.4585],[-16.2691,15.4513],[-16.2367,15.4333],[-16.2181,15.4238],[-16.2047,15.4188],[-16.195,15.4164],[-16.1828,15.4145],[-16.1673,15.4156],[-16.1579,15.4149],[-16.1524,15.4133],[-16.1229,15.3989],[-16.1094,15.3942],[-16.0971,15.3917],[-16.082,15.3903],[-16.0636,15.3918],[-16.0392,15.3912],[-16.0205,15.389],[-16.0101,15.3864],[-16.0056,15.3843],[-15.9989,15.3786],[-15.8901,15.3695],[-15.8445,15.3655],[-15.8184,15.3636],[-15.8188,15.3555],[-15.8187,15.3269],[-15.8183,15.3247],[-15.8188,15.2966],[-15.8173,15.2599],[-15.8141,15.2157],[-15.8124,15.1992],[-15.8109,15.1472],[-15.8098,15.1294],[-15.8074,15.057],[-15.8056,15.0003],[-15.8133,15.0002],[-15.8929,15.0002],[-15.8945,14.9959],[-15.9017,14.9862],[-15.9058,14.9832],[-15.9136,14.9799],[-15.9217,14.978],[-15.9325,14.9766],[-15.9536,14.9751],[-15.9753,14.973],[-15.983,14.9736],[-15.99,14.9725],[-15.992,14.97],[-15.998,14.9566],[-16.0035,14.9576],[-16.0248,14.9585],[-16.0758,14.9626],[-16.0856,14.9612],[-16.0948,14.9588],[-16.1012,14.9573],[-16.1104,14.957],[-16.1276,14.9608],[-16.1383,14.9626],[-16.1622,14.9646],[-16.1783,14.9638],[-16.1776,14.9784],[-16.1811,14.9998],[-16.1788,15.0059],[-16.1833,15.0176],[-16.1875,15.0257],[-16.1935,15.0417],[-16.1953,15.0536],[-16.1948,15.0705],[-16.1938,15.0833],[-16.1969,15.0936],[-16.2005,15.0978],[-16.2104,15.1058],[-16.227,15.116],[-16.2346,15.1225],[-16.2372,15.1315],[-16.2358,15.1443],[-16.2361,15.1511],[-16.2388,15.1582],[-16.2422,15.1636],[-16.2626,15.1895],[-16.2668,15.1976],[-16.2682,15.2033],[-16.2694,15.2152],[-16.2677,15.2321],[-16.268,15.2386],[-16.2698,15.2448],[-16.2757,15.2565],[-16.2793,15.2612],[-16.288,15.2694],[-16.3022,15.2698],[-16.3058,15.269],[-16.3089,15.264],[-16.3099,15.2528],[-16.312,15.2493],[-16.317,15.2471],[-16.323,15.2488],[-16.3287,15.2524],[-16.3432,15.267],[-16.3459,15.272],[-16.3451,15.2763],[-16.3397,15.2814],[-16.3354,15.2895],[-16.3345,15.2944],[-16.3376,15.3021],[-16.3413,15.3083],[-16.3526,15.3211],[-16.3625,15.3239],[-16.3798,15.3257],[-16.4151,15.3246],[-16.4177,15.3253],[-16.4248,15.3322],[-16.4374,15.3458],[-16.453,15.3602],[-16.4555,15.3575],[-16.4848,15.3304],[-16.5007,15.3113],[-16.5048,15.3088],[-16.519,15.2872],[-16.5154,15.283],[-16.5147,15.2794],[-16.517,15.2725],[-16.5209,15.2691],[-16.5249,15.268],[-16.5307,15.2695],[-16.5434,15.2501],[-16.5582,15.2204],[-16.5722,15.1916],[-16.5749,15.1876],[-16.5931,15.1713],[-16.598,15.1662],[-16.6021,15.1596],[-16.6159,15.1458],[-16.6163,15.1489],[-16.6142,15.1652],[-16.6131,15.1784],[-16.6141,15.188],[-16.616,15.1948],[-16.6203,15.2017],[-16.6277,15.2058],[-16.6316,15.2094],[-16.6365,15.2248],[-16.6533,15.2346],[-16.6714,15.2482],[-16.6784,15.2564],[-16.6891,15.2665],[-16.697,15.27],[-16.7073,15.2778],[-16.7106,15.2841],[-16.7175,15.2914],[-16.7373,15.2972],[-16.7521,15.3057],[-16.811,15.3293],[-16.791,15.3603],[-16.7806,15.3778],[-16.7692,15.395],[-16.7584,15.4127],[-16.7498,15.426],[-16.7467,15.4292],[-16.7347,15.4475],[-16.7217,15.4651],[-16.72,15.4681],[-16.688,15.5134],[-16.6673,15.5437],[-16.6425,15.5808],[-16.6278,15.6042],[-16.6091,15.6356],[-16.5933,15.6641],[-16.5647,15.6589]]]}},{"type":"Feature","properties":{"pcode":"SN0802","nom":"Linguère","region":"Louga"},"geometry":{"type":"Polygon","coordinates":[[[-15.2448,15.9997],[-15.1667,16.0],[-14.8856,16.0],[-14.8646,16.0001],[-14.837,15.9855],[-14.8101,15.9706],[-14.7557,15.9411],[-14.7529,15.9394],[-14.7024,15.9366],[-14.7,15.9383],[-14.6818,15.9378],[-14.6524,15.9356],[-14.5923,15.9333],[-14.5918,15.9314],[-14.5559,15.8719],[-14.5319,15.8314],[-14.5175,15.8081],[-14.5613,15.7793],[-14.6473,15.7184],[-14.7407,15.6931],[-14.7502,15.5236],[-14.7503,15.4727],[-14.7647,15.4303],[-14.7531,15.4145],[-14.7357,15.4089],[-14.7066,15.3975],[-14.6687,15.3862],[-14.6338,15.3692],[-14.6076,15.355],[-14.5843,15.3521],[-14.5581,15.3577],[-14.5115,15.3661],[-14.4979,15.3783],[-14.5207,15.297],[-14.539,15.2338],[-14.5624,15.1587],[-14.5738,15.1162],[-14.5232,15.0795],[-14.5542,15.0731],[-14.7038,15.0479],[-14.7503,15.0438],[-14.7806,15.0205],[-14.7739,15.0],[-14.7415,14.9041],[-14.7114,14.849],[-14.7091,14.832],[-14.7626,14.7664],[-14.7859,14.7537],[-14.7975,14.6923],[-14.8208,14.6541],[-14.8362,14.6414],[-14.8498,14.6317],[-14.8697,14.6559],[-14.9109,14.7038],[-14.9383,14.687],[-14.9651,14.6701],[-14.9919,14.6538],[-15.0001,14.6474],[-15.0175,14.6365],[-15.024,14.6127],[-15.0768,14.6208],[-15.0847,14.6197],[-15.1239,14.6271],[-15.2182,14.6449],[-15.259,14.6521],[-15.303,14.66],[-15.3114,14.6621],[-15.3164,14.6663],[-15.3486,14.686],[-15.4502,14.7234],[-15.4437,14.77],[-15.4408,14.7984],[-15.4396,14.8006],[-15.4372,14.8213],[-15.4389,14.8242],[-15.4684,14.8357],[-15.4858,14.8404],[-15.4916,14.8406],[-15.5041,14.8387],[-15.5068,14.8372],[-15.5277,14.8302],[-15.5345,14.8268],[-15.5439,14.8241],[-15.5593,14.8328],[-15.5653,14.8372],[-15.5769,14.8434],[-15.5931,14.8548],[-15.6046,14.8607],[-15.617,14.8649],[-15.6376,14.8678],[-15.6538,14.8692],[-15.6602,14.869],[-15.6689,14.87],[-15.6798,14.874],[-15.705,14.8921],[-15.7305,14.9087],[-15.7541,14.9176],[-15.7668,14.9249],[-15.7728,14.9309],[-15.7762,14.9434],[-15.7881,14.9596],[-15.7995,14.9649],[-15.8023,14.9679],[-15.8072,14.9783],[-15.8079,14.9832],[-15.8062,14.9891],[-15.8056,15.0003],[-15.8074,15.057],[-15.8098,15.1294],[-15.8109,15.1472],[-15.8124,15.1992],[-15.8141,15.2157],[-15.8173,15.2599],[-15.8188,15.2966],[-15.8183,15.3247],[-15.8187,15.3269],[-15.8188,15.3555],[-15.8184,15.3636],[-15.8061,15.3845],[-15.7941,15.4038],[-15.7695,15.4453],[-15.7635,15.4537],[-15.7531,15.4718],[-15.741,15.4912],[-15.7033,15.5541],[-15.6993,15.5601],[-15.6688,15.6116],[-15.6553,15.6351],[-15.6315,15.6721],[-15.6205,15.6902],[-15.6088,15.7106],[-15.5847,15.7496],[-15.5815,15.7569],[-15.5812,15.7826],[-15.5812,15.8917],[-15.5808,15.9269],[-15.5804,16.0],[-15.4396,16.0],[-15.2448,15.9997]]]}},{"type":"Feature","properties":{"pcode":"SN0803","nom":"Louga","region":"Louga"},"geometry":{"type":"Polygon","coordinates":[[[-15.5812,15.8917],[-15.5812,15.7826],[-15.5815,15.7569],[-15.5847,15.7496],[-15.6088,15.7106],[-15.6205,15.6902],[-15.6315,15.6721],[-15.6553,15.6351],[-15.6688,15.6116],[-15.6993,15.5601],[-15.7033,15.5541],[-15.741,15.4912],[-15.7531,15.4718],[-15.7635,15.4537],[-15.7695,15.4453],[-15.7941,15.4038],[-15.8061,15.3845],[-15.8184,15.3636],[-15.8445,15.3655],[-15.8901,15.3695],[-15.9989,15.3786],[-16.0056,15.3843],[-16.0101,15.3864],[-16.0205,15.389],[-16.0392,15.3912],[-16.0636,15.3918],[-16.082,15.3903],[-16.0971,15.3917],[-16.1094,15.3942],[-16.1229,15.3989],[-16.1524,15.4133],[-16.1579,15.4149],[-16.1673,15.4156],[-16.1828,15.4145],[-16.195,15.4164],[-16.2047,15.4188],[-16.2181,15.4238],[-16.2367,15.4333],[-16.2691,15.4513],[-16.2788,15.4585],[-16.2805,15.4613],[-16.2805,15.4732],[-16.2839,15.4819],[-16.2851,15.4939],[-16.2875,15.5011],[-16.2979,15.5041],[-16.3172,15.5079],[-16.3226,15.5144],[-16.3236,15.5231],[-16.3237,15.5371],[-16.3268,15.5432],[-16.3348,15.5538],[-16.3391,15.5642],[-16.3392,15.578],[-16.3422,15.5894],[-16.3503,15.5995],[-16.3631,15.6119],[-16.3707,15.6163],[-16.3776,15.6187],[-16.4004,15.6204],[-16.4047,15.6219],[-16.4175,15.6293],[-16.4249,15.635],[-16.4393,15.6499],[-16.4487,15.6587],[-16.4569,15.6628],[-16.4618,15.6639],[-16.4681,15.6584],[-16.4734,15.6441],[-16.4782,15.6413],[-16.497,15.6402],[-16.5234,15.6492],[-16.542,15.6531],[-16.5647,15.6589],[-16.5933,15.6641],[-16.5726,15.7039],[-16.561,15.7286],[-16.5545,15.7409],[-16.5524,15.7492],[-16.55,15.7544],[-16.5506,15.7583],[-16.5457,15.7731],[-16.5426,15.7805],[-16.5319,15.8138],[-16.5285,15.8285],[-16.4834,15.831],[-16.4655,15.8314],[-16.4315,15.8317],[-16.4144,15.8321],[-16.3565,15.8322],[-16.3204,15.851],[-16.2911,15.8562],[-16.2802,15.8702],[-16.2543,15.9021],[-16.2429,15.9092],[-16.2303,15.9154],[-16.2168,15.925],[-16.2025,15.9364],[-16.1858,15.9487],[-16.1777,15.9555],[-16.1711,15.9599],[-16.1644,15.966],[-16.1583,15.9754],[-16.1531,15.9848],[-16.14,16.003],[-16.1366,16.0056],[-16.0963,16.0261],[-16.0502,16.0479],[-16.0165,16.0628],[-16.0091,16.0671],[-15.9929,16.0751],[-15.9705,16.0857],[-15.9591,16.0919],[-15.9435,16.0969],[-15.9322,16.1019],[-15.9287,16.1043],[-15.9192,16.1186],[-15.8836,16.1503],[-15.8783,16.1552],[-15.8638,16.1662],[-15.849,16.1764],[-15.837,16.1836],[-15.8271,16.1878],[-15.822,16.1849],[-15.6741,16.0266],[-15.6505,16.0019],[-15.5808,15.9269],[-15.5812,15.8917]]]}},{"type":"Feature","properties":{"pcode":"SN0901","nom":"Kanel","region":"Matam"},"geometry":{"type":"Polygon","coordinates":[[[-13.1433,15.6055],[-13.1229,15.5978],[-13.1128,15.5948],[-13.1021,15.5885],[-13.0871,15.5828],[-13.0859,15.5808],[-13.0875,15.5763],[-13.0933,15.5728],[-13.0869,15.5644],[-13.0843,15.5565],[-13.0851,15.5472],[-13.0863,15.5445],[-13.095,15.5328],[-13.0988,15.5244],[-13.1032,15.507],[-13.103,15.5023],[-13.0999,15.4975],[-13.0967,15.4959],[-13.085,15.4935],[-13.0735,15.4884],[-13.0656,15.4834],[-13.0559,15.4799],[-13.0483,15.4792],[-13.0372,15.4804],[-13.0244,15.4806],[-13.0195,15.482],[-13.0083,15.4927],[-12.9968,15.4973],[-12.9852,15.4975],[-12.9757,15.4989],[-12.97,15.502],[-12.9639,15.5023],[-12.9597,15.4983],[-12.9626,15.4969],[-12.9619,15.488],[-12.9581,15.4742],[-12.9598,15.4628],[-12.9621,15.4551],[-12.9618,15.4498],[-12.96,15.4454],[-12.957,15.4438],[-12.9501,15.4432],[-12.9422,15.4445],[-12.9339,15.4474],[-12.9304,15.4474],[-12.9242,15.4438],[-12.924,15.4385],[-12.9289,15.4312],[-12.9373,15.4269],[-12.9453,15.4197],[-12.9468,15.4095],[-12.9447,15.3995],[-12.9446,15.3921],[-12.9456,15.382],[-12.9474,15.3734],[-12.9477,15.3676],[-12.9455,15.3623],[-12.9369,15.3516],[-12.9299,15.3469],[-12.9133,15.3392],[-12.9054,15.3378],[-12.8969,15.3389],[-12.8865,15.3378],[-12.8743,15.3315],[-12.8673,15.3265],[-12.8519,15.3179],[-12.8455,15.312],[-12.8389,15.296],[-12.8343,15.2886],[-12.8324,15.2836],[-12.8343,15.2733],[-12.8404,15.2635],[-12.8468,15.2578],[-12.8489,15.2538],[-12.8538,15.253],[-12.8596,15.2544],[-12.8707,15.2608],[-12.8757,15.2665],[-12.8802,15.2683],[-12.8901,15.2683],[-12.8956,15.2652],[-12.8979,15.2606],[-12.898,15.2546],[-12.8966,15.2514],[-12.8898,15.243],[-12.8762,15.2373],[-12.8626,15.2276],[-12.8571,15.2199],[-12.8551,15.215],[-12.8543,15.2073],[-12.8504,15.2017],[-12.8472,15.2005],[-12.8407,15.2014],[-12.8264,15.2136],[-12.8204,15.2159],[-12.8079,15.2174],[-12.8045,15.2164],[-12.7939,15.21],[-12.7909,15.2061],[-12.7856,15.1932],[-12.785,15.1891],[-12.7865,15.1839],[-12.7903,15.1771],[-12.793,15.1681],[-12.7934,15.1625],[-12.7921,15.1567],[-12.7883,15.1518],[-12.7811,15.1479],[-12.7713,15.1453],[-12.7578,15.1403],[-12.746,15.1328],[-12.7343,15.1182],[-12.7216,15.1075],[-12.7086,15.1034],[-12.6997,15.0982],[-12.6946,15.0927],[-12.695,15.089],[-12.6926,15.0862],[-12.6893,15.0874],[-12.6282,15.0024],[-12.6301,15.0],[-12.6267,14.9982],[-12.6269,14.9937],[-12.6226,14.9877],[-12.6221,14.9803],[-12.6172,14.9784],[-12.6156,14.9748],[-12.6185,14.971],[-12.6131,14.9632],[-12.608,14.9611],[-12.6057,14.951],[-12.6025,14.9431],[-12.6038,14.9333],[-12.5997,14.9219],[-12.5972,14.921],[-12.5965,14.9146],[-12.5934,14.9118],[-12.5938,14.8997],[-12.5917,14.898],[-12.598,14.8764],[-12.6066,14.8482],[-12.6166,14.8197],[-12.6351,14.7622],[-12.6528,14.7093],[-12.6553,14.7046],[-12.6987,14.6445],[-12.7208,14.6142],[-12.7783,14.5904],[-12.797,14.5824],[-12.8199,14.5787],[-12.8666,14.5724],[-12.9336,14.5624],[-12.9472,14.5607],[-12.9561,14.5617],[-12.9717,14.5665],[-13.0095,14.5761],[-13.0289,14.5806],[-13.0424,14.5832],[-13.0676,14.5871],[-13.0754,14.594],[-13.0877,14.598],[-13.0978,14.5943],[-13.1063,14.5952],[-13.1223,14.5956],[-13.194,14.6057],[-13.2154,14.6102],[-13.2281,14.6137],[-13.2346,14.612],[-13.2378,14.6124],[-13.242,14.6102],[-13.2475,14.6107],[-13.2561,14.6055],[-13.3114,14.5636],[-13.3981,14.4989],[-13.4943,14.4254],[-13.5102,14.4143],[-13.5189,14.4073],[-13.5204,14.4073],[-13.533,14.4075],[-13.5353,14.4107],[-13.5357,14.4187],[-13.5375,14.4244],[-13.5384,14.437],[-13.5383,14.4501],[-13.5368,14.4558],[-13.536,14.4702],[-13.5367,14.4814],[-13.5385,14.4944],[-13.5409,14.503],[-13.5476,14.5203],[-13.5521,14.5397],[-13.5542,14.5511],[-13.5517,14.5696],[-13.552,14.5782],[-13.5534,14.5871],[-13.5495,14.6094],[-13.542,14.624],[-13.5379,14.6268],[-13.5393,14.6358],[-13.5386,14.6401],[-13.5407,14.6449],[-13.5374,14.6624],[-13.5393,14.6754],[-13.546,14.6852],[-13.5508,14.6903],[-13.5534,14.6903],[-13.5593,14.6983],[-13.5637,14.7024],[-13.5611,14.7145],[-13.5581,14.7207],[-13.5531,14.7253],[-13.5495,14.734],[-13.5412,14.7469],[-13.537,14.7512],[-13.5352,14.7555],[-13.5354,14.7606],[-13.5293,14.7662],[-13.5319,14.771],[-13.5317,14.7782],[-13.5294,14.7839],[-13.5269,14.7946],[-13.5271,14.8031],[-13.5242,14.8105],[-13.5224,14.8192],[-13.5204,14.8247],[-13.52,14.8342],[-13.5168,14.8426],[-13.5159,14.8483],[-13.5167,14.8534],[-13.5224,14.8608],[-13.5199,14.8646],[-13.5223,14.8685],[-13.5201,14.8696],[-13.5152,14.882],[-13.5078,14.885],[-13.5068,14.8917],[-13.5004,14.9013],[-13.4971,14.9049],[-13.4845,14.9144],[-13.4785,14.9243],[-13.4753,14.9325],[-13.4747,14.9384],[-13.476,14.9404],[-13.4744,14.9465],[-13.4789,14.9502],[-13.4861,14.9501],[-13.4902,14.9535],[-13.493,14.9581],[-13.4995,14.9568],[-13.5059,14.9594],[-13.5154,14.968],[-13.5281,14.9664],[-13.5302,14.9693],[-13.5281,14.9764],[-13.5282,14.98],[-13.5315,14.9797],[-13.537,14.9839],[-13.5394,14.9872],[-13.5446,14.9835],[-13.5484,14.9858],[-13.5494,14.9925],[-13.5541,14.9953],[-13.5576,14.9997],[-13.5611,15.0091],[-13.5697,15.0163],[-13.5799,15.0217],[-13.5863,15.0238],[-13.5928,15.0241],[-13.6029,15.0282],[-13.6089,15.0339],[-13.6136,15.036],[-13.6182,15.0425],[-13.623,15.0465],[-13.6245,15.0498],[-13.6313,15.059],[-13.6373,15.0655],[-13.6512,15.072],[-13.6569,15.0723],[-13.6676,15.0757],[-13.6725,15.0807],[-13.6732,15.0882],[-13.6703,15.0934],[-13.6655,15.0977],[-13.6576,15.1],[-13.6483,15.1016],[-13.6385,15.1019],[-13.6307,15.1038],[-13.6205,15.1038],[-13.6139,15.1074],[-13.6018,15.1162],[-13.5956,15.1217],[-13.5901,15.1325],[-13.5892,15.1378],[-13.5844,15.1518],[-13.5797,15.1629],[-13.5789,15.1697],[-13.5747,15.1777],[-13.5735,15.186],[-13.5703,15.1908],[-13.5582,15.2012],[-13.5482,15.2059],[-13.5389,15.2124],[-13.53,15.2177],[-13.5171,15.2291],[-13.5076,15.2404],[-13.4954,15.2476],[-13.4916,15.2538],[-13.4867,15.2573],[-13.4824,15.2643],[-13.478,15.2677],[-13.472,15.2685],[-13.4661,15.272],[-13.4609,15.2833],[-13.4494,15.2917],[-13.442,15.3032],[-13.4391,15.3135],[-13.437,15.3166],[-13.4239,15.3297],[-13.4189,15.3378],[-13.4136,15.3549],[-13.4081,15.3676],[-13.4027,15.3744],[-13.3976,15.3826],[-13.39,15.3903],[-13.3741,15.4036],[-13.3629,15.4109],[-13.3581,15.4151],[-13.3497,15.4255],[-13.3354,15.4315],[-13.3275,15.4335],[-13.2868,15.4479],[-13.2737,15.4522],[-13.2554,15.459],[-13.2423,15.4629],[-13.2101,15.4738],[-13.2184,15.4808],[-13.2199,15.4887],[-13.2149,15.4965],[-13.209,15.5107],[-13.2043,15.5122],[-13.2002,15.5168],[-13.1978,15.5255],[-13.1914,15.5305],[-13.1885,15.5369],[-13.1775,15.5645],[-13.1704,15.5796],[-13.1594,15.6082],[-13.1572,15.6127],[-13.1433,15.6055]]]}},{"type":"Feature","properties":{"pcode":"SN0902","nom":"Matam","region":"Matam"},"geometry":{"type":"Polygon","coordinates":[[[-13.7153,16.132],[-13.7069,16.1185],[-13.703,16.1139],[-13.6842,16.0971],[-13.6809,16.0956],[-13.6736,16.0988],[-13.6663,16.1072],[-13.6595,16.1106],[-13.6418,16.107],[-13.6321,16.1083],[-13.6204,16.1136],[-13.6158,16.1164],[-13.597,16.1253],[-13.5908,16.1275],[-13.5818,16.1327],[-13.5651,16.1365],[-13.5549,16.136],[-13.5373,16.1305],[-13.5327,16.1272],[-13.5235,16.1253],[-13.5159,16.1276],[-13.5046,16.1364],[-13.492,16.1444],[-13.4903,16.1492],[-13.4858,16.1489],[-13.48,16.1456],[-13.4744,16.1372],[-13.4742,16.1314],[-13.4763,16.1287],[-13.494,16.1246],[-13.5039,16.1187],[-13.5081,16.1149],[-13.5135,16.1047],[-13.5127,16.0985],[-13.5087,16.0915],[-13.5021,16.0846],[-13.4898,16.0821],[-13.4843,16.0854],[-13.4785,16.0973],[-13.4727,16.1048],[-13.4689,16.1074],[-13.4615,16.1098],[-13.4563,16.1079],[-13.4537,16.0963],[-13.4519,16.093],[-13.4457,16.0868],[-13.434,16.0804],[-13.4054,16.0694],[-13.3919,16.0638],[-13.3863,16.0634],[-13.3754,16.0565],[-13.3722,16.0489],[-13.3756,16.0344],[-13.3769,16.0242],[-13.3771,16.0161],[-13.3699,16.006],[-13.3633,15.9999],[-13.3618,15.9953],[-13.3645,15.9856],[-13.3653,15.9789],[-13.3625,15.9699],[-13.3571,15.9591],[-13.3508,15.9493],[-13.345,15.9421],[-13.3389,15.9367],[-13.3318,15.9325],[-13.3248,15.93],[-13.3214,15.9311],[-13.3163,15.9302],[-13.3126,15.9261],[-13.3104,15.9194],[-13.3116,15.9158],[-13.3225,15.9065],[-13.3266,15.8992],[-13.326,15.8928],[-13.3227,15.8873],[-13.3192,15.8847],[-13.3067,15.8778],[-13.2999,15.8719],[-13.2978,15.8672],[-13.2966,15.8593],[-13.2998,15.8474],[-13.3002,15.8432],[-13.298,15.8236],[-13.2942,15.8159],[-13.281,15.805],[-13.2683,15.7957],[-13.2643,15.7901],[-13.2645,15.7847],[-13.2682,15.7824],[-13.2739,15.7834],[-13.2798,15.7882],[-13.2839,15.7878],[-13.2885,15.7842],[-13.291,15.7783],[-13.2924,15.7705],[-13.29,15.7648],[-13.2832,15.7607],[-13.2692,15.7484],[-13.2423,15.7282],[-13.2343,15.721],[-13.2145,15.7016],[-13.2076,15.6969],[-13.207,15.6911],[-13.2141,15.6784],[-13.2197,15.6732],[-13.2291,15.6714],[-13.2377,15.6744],[-13.2431,15.6774],[-13.2459,15.6769],[-13.2501,15.6727],[-13.2518,15.6611],[-13.2503,15.6543],[-13.2455,15.6465],[-13.2365,15.6354],[-13.2327,15.6259],[-13.2306,15.6177],[-13.225,15.6109],[-13.2206,15.6094],[-13.2154,15.6109],[-13.206,15.6205],[-13.2014,15.6242],[-13.1932,15.6272],[-13.1881,15.6276],[-13.1801,15.6258],[-13.1727,15.6222],[-13.1572,15.6127],[-13.1594,15.6082],[-13.1704,15.5796],[-13.1775,15.5645],[-13.1885,15.5369],[-13.1914,15.5305],[-13.1978,15.5255],[-13.2002,15.5168],[-13.2043,15.5122],[-13.209,15.5107],[-13.2149,15.4965],[-13.2199,15.4887],[-13.2184,15.4808],[-13.2101,15.4738],[-13.2423,15.4629],[-13.2554,15.459],[-13.2737,15.4522],[-13.2868,15.4479],[-13.3275,15.4335],[-13.3354,15.4315],[-13.3497,15.4255],[-13.3581,15.4151],[-13.3629,15.4109],[-13.3741,15.4036],[-13.39,15.3903],[-13.3976,15.3826],[-13.4027,15.3744],[-13.4081,15.3676],[-13.4136,15.3549],[-13.4189,15.3378],[-13.4239,15.3297],[-13.437,15.3166],[-13.4391,15.3135],[-13.442,15.3032],[-13.4494,15.2917],[-13.4725,15.3047],[-13.6011,15.3763],[-13.6944,15.4281],[-13.7779,15.4964],[-13.8592,15.5392],[-14.0,15.5519],[-14.0175,15.5533],[-14.2025,15.57],[-14.2484,15.573],[-14.2329,15.6017],[-14.2286,15.6084],[-14.204,15.6335],[-14.1318,15.704],[-14.0873,15.7482],[-14.0613,15.7744],[-14.022,15.8129],[-14.0083,15.8268],[-13.9874,15.8491],[-13.9607,15.8793],[-13.9336,15.9067],[-13.9052,15.9329],[-13.8794,15.9616],[-13.8523,15.9891],[-13.851,15.9912],[-13.8497,16.0015],[-13.8485,16.0041],[-13.843,16.0089],[-13.8056,16.0236],[-13.7424,16.0465],[-13.7414,16.0533],[-13.7309,16.097],[-13.7281,16.1052],[-13.7245,16.1234],[-13.7211,16.133],[-13.7174,16.1377],[-13.7153,16.132]]]}},{"type":"Feature","properties":{"pcode":"SN0903","nom":"Ranérou","region":"Matam"},"geometry":{"type":"Polygon","coordinates":[[[-14.477,15.7401],[-14.4484,15.6916],[-14.4266,15.6563],[-14.4058,15.6232],[-14.4039,15.6191],[-14.4043,15.6155],[-14.4078,15.607],[-14.4055,15.5965],[-14.4052,15.5895],[-14.4097,15.5748],[-14.4183,15.5567],[-14.4193,15.5466],[-14.4142,15.5215],[-14.4136,15.5159],[-14.4153,15.508],[-14.4183,15.5025],[-14.4188,15.4942],[-14.3415,15.4956],[-14.3337,15.4961],[-14.3106,15.5171],[-14.2996,15.5256],[-14.2931,15.5261],[-14.2871,15.5239],[-14.2831,15.5205],[-14.2808,15.5146],[-14.276,15.5144],[-14.263,15.5171],[-14.2564,15.5279],[-14.2481,15.5348],[-14.2459,15.5348],[-14.2537,15.5603],[-14.2531,15.5679],[-14.2484,15.573],[-14.2025,15.57],[-14.0175,15.5533],[-14.0,15.5519],[-13.8592,15.5392],[-13.7779,15.4964],[-13.6944,15.4281],[-13.6011,15.3763],[-13.4725,15.3047],[-13.4494,15.2917],[-13.4609,15.2833],[-13.4661,15.272],[-13.472,15.2685],[-13.478,15.2677],[-13.4824,15.2643],[-13.4867,15.2573],[-13.4916,15.2538],[-13.4954,15.2476],[-13.5076,15.2404],[-13.5171,15.2291],[-13.53,15.2177],[-13.5389,15.2124],[-13.5482,15.2059],[-13.5582,15.2012],[-13.5703,15.1908],[-13.5735,15.186],[-13.5747,15.1777],[-13.5789,15.1697],[-13.5797,15.1629],[-13.5844,15.1518],[-13.5892,15.1378],[-13.5901,15.1325],[-13.5956,15.1217],[-13.6018,15.1162],[-13.6139,15.1074],[-13.6205,15.1038],[-13.6307,15.1038],[-13.6385,15.1019],[-13.6483,15.1016],[-13.6576,15.1],[-13.6655,15.0977],[-13.6703,15.0934],[-13.6732,15.0882],[-13.6725,15.0807],[-13.6676,15.0757],[-13.6569,15.0723],[-13.6512,15.072],[-13.6373,15.0655],[-13.6313,15.059],[-13.6245,15.0498],[-13.623,15.0465],[-13.6182,15.0425],[-13.6136,15.036],[-13.6089,15.0339],[-13.6029,15.0282],[-13.5928,15.0241],[-13.5863,15.0238],[-13.5799,15.0217],[-13.5697,15.0163],[-13.5611,15.0091],[-13.5576,14.9997],[-13.5541,14.9953],[-13.5494,14.9925],[-13.5484,14.9858],[-13.5446,14.9835],[-13.5394,14.9872],[-13.537,14.9839],[-13.5315,14.9797],[-13.5282,14.98],[-13.5281,14.9764],[-13.5302,14.9693],[-13.5281,14.9664],[-13.5154,14.968],[-13.5059,14.9594],[-13.4995,14.9568],[-13.493,14.9581],[-13.4902,14.9535],[-13.4861,14.9501],[-13.4789,14.9502],[-13.4744,14.9465],[-13.476,14.9404],[-13.4747,14.9384],[-13.4753,14.9325],[-13.4785,14.9243],[-13.4845,14.9144],[-13.4971,14.9049],[-13.5004,14.9013],[-13.5068,14.8917],[-13.5078,14.885],[-13.5152,14.882],[-13.5201,14.8696],[-13.5223,14.8685],[-13.5199,14.8646],[-13.5224,14.8608],[-13.5167,14.8534],[-13.5159,14.8483],[-13.5168,14.8426],[-13.52,14.8342],[-13.5204,14.8247],[-13.5224,14.8192],[-13.5242,14.8105],[-13.5271,14.8031],[-13.5269,14.7946],[-13.5294,14.7839],[-13.5317,14.7782],[-13.5319,14.771],[-13.5293,14.7662],[-13.5354,14.7606],[-13.5352,14.7555],[-13.537,14.7512],[-13.5412,14.7469],[-13.5495,14.734],[-13.5531,14.7253],[-13.5581,14.7207],[-13.5611,14.7145],[-13.5637,14.7024],[-13.5593,14.6983],[-13.5534,14.6903],[-13.5508,14.6903],[-13.546,14.6852],[-13.5393,14.6754],[-13.5374,14.6624],[-13.5407,14.6449],[-13.5386,14.6401],[-13.5393,14.6358],[-13.5379,14.6268],[-13.542,14.624],[-13.5495,14.6094],[-13.5534,14.5871],[-13.552,14.5782],[-13.5517,14.5696],[-13.5542,14.5511],[-13.5521,14.5397],[-13.5476,14.5203],[-13.5409,14.503],[-13.5385,14.4944],[-13.5367,14.4814],[-13.536,14.4702],[-13.5368,14.4558],[-13.5383,14.4501],[-13.5384,14.437],[-13.5375,14.4244],[-13.5357,14.4187],[-13.5353,14.4107],[-13.533,14.4075],[-13.5621,14.4084],[-13.6038,14.4093],[-13.6294,14.4102],[-13.6716,14.4102],[-13.6897,14.411],[-13.7754,14.4129],[-13.7802,14.4129],[-13.7992,14.4128],[-13.8475,14.414],[-13.8805,14.4304],[-13.93,14.4541],[-13.9881,14.4816],[-14.0023,14.4888],[-14.0235,14.4941],[-14.0369,14.4984],[-14.0451,14.5018],[-14.0534,14.5037],[-14.0734,14.5101],[-14.0796,14.5131],[-14.0873,14.5153],[-14.1143,14.5244],[-14.1187,14.5264],[-14.1385,14.5319],[-14.1484,14.5356],[-14.1634,14.5403],[-14.1691,14.5431],[-14.1871,14.5484],[-14.1926,14.5506],[-14.2108,14.5557],[-14.2172,14.5586],[-14.2347,14.5635],[-14.2547,14.5713],[-14.2605,14.5723],[-14.2766,14.5782],[-14.2918,14.5899],[-14.2969,14.5911],[-14.3014,14.5944],[-14.3085,14.5961],[-14.3082,14.6025],[-14.3111,14.6074],[-14.3105,14.611],[-14.3174,14.6161],[-14.3232,14.6187],[-14.3325,14.6273],[-14.3322,14.632],[-14.3382,14.6421],[-14.3392,14.6497],[-14.343,14.6535],[-14.3429,14.6559],[-14.3576,14.6559],[-14.3593,14.6532],[-14.3674,14.6483],[-14.3719,14.6489],[-14.3786,14.6448],[-14.3865,14.6424],[-14.3936,14.6373],[-14.4041,14.6376],[-14.4105,14.6404],[-14.4508,14.5993],[-14.4703,14.5802],[-14.4783,14.5737],[-14.4815,14.5686],[-14.4897,14.5661],[-14.4959,14.5629],[-14.5075,14.5601],[-14.5108,14.5581],[-14.5262,14.5536],[-14.5368,14.5488],[-14.5468,14.5459],[-14.5561,14.5422],[-14.5757,14.5398],[-14.586,14.5369],[-14.588,14.5373],[-14.6027,14.5338],[-14.6057,14.5338],[-14.6253,14.5302],[-14.6292,14.5282],[-14.627,14.5672],[-14.6539,14.5752],[-14.7097,14.5912],[-14.7927,14.6157],[-14.8212,14.6244],[-14.8498,14.6317],[-14.8362,14.6414],[-14.8208,14.6541],[-14.7975,14.6923],[-14.7859,14.7537],[-14.7626,14.7664],[-14.7091,14.832],[-14.7114,14.849],[-14.7415,14.9041],[-14.7739,15.0],[-14.7806,15.0205],[-14.7503,15.0438],[-14.7038,15.0479],[-14.5542,15.0731],[-14.5232,15.0795],[-14.5738,15.1162],[-14.5624,15.1587],[-14.539,15.2338],[-14.5207,15.297],[-14.4979,15.3783],[-14.5115,15.3661],[-14.5581,15.3577],[-14.5843,15.3521],[-14.6076,15.355],[-14.6338,15.3692],[-14.6687,15.3862],[-14.7066,15.3975],[-14.7357,15.4089],[-14.7531,15.4145],[-14.7647,15.4303],[-14.7503,15.4727],[-14.7502,15.5236],[-14.7407,15.6931],[-14.6473,15.7184],[-14.5613,15.7793],[-14.5175,15.8081],[-14.477,15.7401]]]}},{"type":"Feature","properties":{"pcode":"SN1001","nom":"Dagana","region":"Saint-Louis"},"geometry":{"type":"Polygon","coordinates":[[[-16.4773,16.0704],[-16.471,16.0799],[-16.4632,16.0846],[-16.4595,16.0925],[-16.4516,16.0991],[-16.4478,16.1035],[-16.4471,16.1075],[-16.4495,16.1112],[-16.4549,16.1143],[-16.4607,16.12],[-16.4596,16.1262],[-16.456,16.1343],[-16.4577,16.1405],[-16.4581,16.1538],[-16.4562,16.161],[-16.4588,16.1733],[-16.4584,16.1869],[-16.4524,16.1924],[-16.4467,16.2025],[-16.441,16.2096],[-16.435,16.2152],[-16.4302,16.2179],[-16.4201,16.2213],[-16.4119,16.2203],[-16.4051,16.2155],[-16.3978,16.2151],[-16.3907,16.2179],[-16.3856,16.2226],[-16.3779,16.2317],[-16.3749,16.2367],[-16.3714,16.251],[-16.3659,16.2617],[-16.3573,16.27],[-16.3566,16.2778],[-16.3588,16.284],[-16.3631,16.2891],[-16.3669,16.2915],[-16.3704,16.3001],[-16.369,16.3125],[-16.3661,16.3214],[-16.3624,16.3268],[-16.3541,16.3357],[-16.3509,16.3377],[-16.3464,16.3365],[-16.3386,16.3454],[-16.3338,16.3534],[-16.3333,16.3609],[-16.336,16.3735],[-16.3357,16.3926],[-16.3341,16.3987],[-16.3294,16.4048],[-16.3252,16.4065],[-16.319,16.4063],[-16.3138,16.4094],[-16.3111,16.4173],[-16.3106,16.4255],[-16.3116,16.4371],[-16.3108,16.4522],[-16.3098,16.4573],[-16.3053,16.4669],[-16.3018,16.4705],[-16.2955,16.4736],[-16.2896,16.4748],[-16.2875,16.4779],[-16.2863,16.4886],[-16.2875,16.5006],[-16.2872,16.5042],[-16.2821,16.5142],[-16.2758,16.5194],[-16.2619,16.5263],[-16.2523,16.5282],[-16.2454,16.5281],[-16.2364,16.5262],[-16.2146,16.5168],[-16.2075,16.5169],[-16.1985,16.5191],[-16.193,16.5178],[-16.1891,16.5196],[-16.1848,16.5242],[-16.1783,16.5255],[-16.1731,16.5301],[-16.1624,16.5414],[-16.1513,16.5501],[-16.1462,16.5518],[-16.133,16.5531],[-16.1209,16.5562],[-16.1135,16.556],[-16.1059,16.5531],[-16.1033,16.5506],[-16.0998,16.543],[-16.0996,16.536],[-16.102,16.5262],[-16.1002,16.523],[-16.0908,16.5169],[-16.0842,16.5136],[-16.0742,16.5058],[-16.0738,16.5046],[-16.0621,16.4902],[-16.0582,16.4818],[-16.0541,16.4789],[-16.0451,16.4781],[-16.0333,16.4821],[-16.0112,16.4997],[-16.0058,16.5022],[-16.0002,16.5032],[-15.9938,16.502],[-15.9816,16.4958],[-15.9768,16.4927],[-15.9719,16.4859],[-15.9651,16.4852],[-15.951,16.4901],[-15.9428,16.4964],[-15.9379,16.5015],[-15.9319,16.5055],[-15.9242,16.5085],[-15.9141,16.5137],[-15.906,16.5145],[-15.8952,16.5171],[-15.8851,16.517],[-15.868,16.514],[-15.8646,16.5126],[-15.8605,16.5057],[-15.8614,16.4963],[-15.8589,16.4919],[-15.8538,16.493],[-15.8474,16.4966],[-15.8346,16.505],[-15.825,16.507],[-15.8199,16.5091],[-15.809,16.5077],[-15.7932,16.4997],[-15.7831,16.4961],[-15.7754,16.4942],[-15.7623,16.4926],[-15.7535,16.4925],[-15.7461,16.4911],[-15.7338,16.49],[-15.73,16.4883],[-15.7106,16.4753],[-15.7021,16.4713],[-15.6971,16.4722],[-15.6944,16.477],[-15.6892,16.4796],[-15.6668,16.4811],[-15.6488,16.4843],[-15.6359,16.4886],[-15.6284,16.4929],[-15.6261,16.5024],[-15.631,16.5146],[-15.6301,16.521],[-15.625,16.5254],[-15.5972,16.5281],[-15.5909,16.5254],[-15.5799,16.5175],[-15.5744,16.5143],[-15.5607,16.5116],[-15.5522,16.5118],[-15.5387,16.5147],[-15.5185,16.521],[-15.5088,16.5271],[-15.5088,16.5345],[-15.5179,16.5444],[-15.5194,16.5511],[-15.5178,16.5573],[-15.5153,16.5624],[-15.5106,16.5674],[-15.5058,16.5705],[-15.4868,16.5775],[-15.4819,16.5805],[-15.4755,16.5892],[-15.4703,16.5917],[-15.4615,16.5922],[-15.4552,16.5903],[-15.4475,16.5861],[-15.4406,16.5802],[-15.4368,16.5748],[-15.4333,16.567],[-15.4322,16.556],[-15.4301,16.5493],[-15.4253,16.5432],[-15.4142,16.5386],[-15.4039,16.5365],[-15.3983,16.5366],[-15.3903,16.5387],[-15.3723,16.5496],[-15.3634,16.5585],[-15.3595,16.5601],[-15.3533,16.5604],[-15.3489,16.5592],[-15.3401,16.5594],[-15.3334,16.5621],[-15.3345,16.5523],[-15.3348,16.5039],[-15.3358,16.5015],[-15.3814,16.4729],[-15.4368,16.4372],[-15.4159,16.361],[-15.4128,16.3501],[-15.4012,16.2157],[-15.4006,16.2113],[-15.4278,16.1625],[-15.4282,16.16],[-15.4396,16.0025],[-15.4396,16.0],[-15.5804,16.0],[-15.5808,15.9269],[-15.6505,16.0019],[-15.6741,16.0266],[-15.822,16.1849],[-15.8271,16.1878],[-15.837,16.1836],[-15.849,16.1764],[-15.8638,16.1662],[-15.8783,16.1552],[-15.8836,16.1503],[-15.9192,16.1186],[-15.9287,16.1043],[-15.9322,16.1019],[-15.9435,16.0969],[-15.9591,16.0919],[-15.9705,16.0857],[-15.9929,16.0751],[-16.0091,16.0671],[-16.0165,16.0628],[-16.0502,16.0479],[-16.0963,16.0261],[-16.1366,16.0056],[-16.1757,16.0065],[-16.2237,16.0415],[-16.2275,16.0409],[-16.2173,16.0257],[-16.2177,16.0235],[-16.2232,16.0233],[-16.2485,16.024],[-16.2768,16.0323],[-16.2897,16.0241],[-16.3331,16.0234],[-16.3344,16.1011],[-16.3345,16.1402],[-16.3377,16.1398],[-16.3466,16.1327],[-16.3492,16.1277],[-16.351,16.1167],[-16.3516,16.1077],[-16.3547,16.1008],[-16.3599,16.0939],[-16.3647,16.0925],[-16.3645,16.0955],[-16.3675,16.0993],[-16.3629,16.1019],[-16.363,16.1047],[-16.3681,16.1069],[-16.3749,16.1045],[-16.38,16.101],[-16.3857,16.099],[-16.391,16.0996],[-16.3975,16.0968],[-16.3998,16.0934],[-16.4085,16.0888],[-16.4111,16.0831],[-16.4176,16.079],[-16.4214,16.0802],[-16.426,16.0787],[-16.433,16.0744],[-16.4407,16.0763],[-16.444,16.0758],[-16.4494,16.0688],[-16.454,16.0659],[-16.4603,16.0669],[-16.4693,16.0652],[-16.4771,16.0661],[-16.4806,16.0677],[-16.4773,16.0704]]]}},{"type":"Feature","properties":{"pcode":"SN1002","nom":"Podor","region":"Saint-Louis"},"geometry":{"type":"Polygon","coordinates":[[[-15.3185,16.5729],[-15.3084,16.5756],[-15.2997,16.5758],[-15.2895,16.5737],[-15.2721,16.5682],[-15.2646,16.5699],[-15.2575,16.5699],[-15.2524,16.5664],[-15.2443,16.5578],[-15.236,16.554],[-15.2295,16.5537],[-15.2196,16.5577],[-15.214,16.5627],[-15.2054,16.5684],[-15.1966,16.5731],[-15.1812,16.5778],[-15.1783,16.5795],[-15.1758,16.5867],[-15.171,16.5908],[-15.1649,16.5914],[-15.1572,16.5892],[-15.1468,16.5843],[-15.1378,16.5808],[-15.1271,16.5787],[-15.1185,16.5795],[-15.1119,16.5824],[-15.1017,16.5924],[-15.0918,16.599],[-15.0874,16.603],[-15.0847,16.6081],[-15.0843,16.6158],[-15.0914,16.6272],[-15.0961,16.6304],[-15.1111,16.6317],[-15.1182,16.6349],[-15.1209,16.6402],[-15.1206,16.6486],[-15.1181,16.6552],[-15.1148,16.6599],[-15.1004,16.6763],[-15.0967,16.6787],[-15.0873,16.678],[-15.0821,16.6766],[-15.0764,16.673],[-15.0725,16.6688],[-15.0683,16.66],[-15.0649,16.6468],[-15.0632,16.6435],[-15.0567,16.6358],[-15.0534,16.629],[-15.0517,16.6283],[-15.0476,16.6333],[-15.0417,16.6316],[-15.0338,16.6315],[-15.0195,16.6372],[-15.0097,16.6397],[-15.0038,16.6433],[-14.9999,16.6487],[-14.9975,16.6662],[-14.9984,16.6784],[-14.9969,16.6833],[-14.9913,16.6905],[-14.986,16.6927],[-14.9766,16.6903],[-14.966,16.6843],[-14.9542,16.6794],[-14.95,16.6731],[-14.9495,16.6699],[-14.954,16.6539],[-14.9533,16.6487],[-14.9462,16.6367],[-14.9435,16.6337],[-14.9354,16.6316],[-14.9299,16.6345],[-14.9195,16.644],[-14.9157,16.649],[-14.9119,16.649],[-14.9107,16.6368],[-14.9025,16.6311],[-14.8985,16.6305],[-14.8938,16.6341],[-14.8894,16.6449],[-14.8873,16.6559],[-14.8846,16.6595],[-14.8792,16.661],[-14.8731,16.6582],[-14.8642,16.6449],[-14.862,16.6375],[-14.8562,16.6369],[-14.8413,16.6405],[-14.8381,16.6404],[-14.8322,16.6361],[-14.828,16.6349],[-14.8247,16.6373],[-14.8228,16.6414],[-14.8233,16.6452],[-14.8203,16.652],[-14.8136,16.6544],[-14.8095,16.6521],[-14.8023,16.6427],[-14.7924,16.631],[-14.7892,16.6294],[-14.786,16.6312],[-14.778,16.6469],[-14.7718,16.654],[-14.7672,16.6566],[-14.7622,16.6548],[-14.7558,16.6503],[-14.7522,16.645],[-14.7514,16.6396],[-14.7535,16.6309],[-14.7519,16.6274],[-14.746,16.6231],[-14.739,16.6195],[-14.7347,16.6198],[-14.7346,16.6229],[-14.7384,16.6272],[-14.738,16.6319],[-14.7354,16.6332],[-14.7308,16.6321],[-14.7277,16.6343],[-14.7288,16.6446],[-14.7258,16.6474],[-14.7199,16.6412],[-14.7133,16.639],[-14.7095,16.6394],[-14.6898,16.6461],[-14.6845,16.6468],[-14.6661,16.647],[-14.6539,16.65],[-14.646,16.6503],[-14.6396,16.6453],[-14.639,16.6391],[-14.6411,16.6343],[-14.6499,16.6327],[-14.6511,16.6284],[-14.6417,16.6186],[-14.6375,16.6177],[-14.63,16.6278],[-14.6256,16.6294],[-14.6154,16.6295],[-14.6107,16.6277],[-14.6076,16.624],[-14.6057,16.619],[-14.6024,16.6179],[-14.5954,16.624],[-14.5856,16.6205],[-14.578,16.6233],[-14.5705,16.6245],[-14.567,16.6235],[-14.5616,16.6187],[-14.5577,16.6172],[-14.5553,16.6188],[-14.552,16.6264],[-14.5503,16.6391],[-14.5488,16.6428],[-14.5448,16.6443],[-14.5401,16.6418],[-14.5324,16.6329],[-14.5275,16.6288],[-14.5113,16.6233],[-14.5047,16.617],[-14.4983,16.6144],[-14.4919,16.6151],[-14.4858,16.6188],[-14.4776,16.6265],[-14.4714,16.6269],[-14.4573,16.6242],[-14.4484,16.6238],[-14.443,16.6293],[-14.4402,16.6364],[-14.4364,16.6416],[-14.4202,16.653],[-14.4161,16.6518],[-14.4132,16.6478],[-14.4123,16.6405],[-14.4077,16.6336],[-14.4011,16.633],[-14.3908,16.6369],[-14.3801,16.6377],[-14.3702,16.6342],[-14.365,16.6345],[-14.3525,16.6399],[-14.339,16.6427],[-14.3316,16.6407],[-14.3289,16.6385],[-14.3265,16.6321],[-14.327,16.6165],[-14.3265,16.6022],[-14.3303,16.5919],[-14.334,16.577],[-14.3322,16.5691],[-14.3275,16.5656],[-14.3236,16.5655],[-14.3182,16.5696],[-14.3126,16.5711],[-14.2997,16.5706],[-14.2954,16.5748],[-14.2929,16.5798],[-14.289,16.5842],[-14.2837,16.5869],[-14.2759,16.5838],[-14.2666,16.5754],[-14.2671,16.5716],[-14.2721,16.5644],[-14.2744,16.5585],[-14.2753,16.5523],[-14.2729,16.5446],[-14.267,16.5358],[-14.2576,16.5159],[-14.2537,16.5158],[-14.2581,16.524],[-14.2587,16.5269],[-14.2557,16.5379],[-14.2534,16.5415],[-14.2471,16.5463],[-14.2386,16.5474],[-14.2212,16.5448],[-14.2166,16.5423],[-14.2098,16.5358],[-14.1999,16.5322],[-14.1982,16.5289],[-14.203,16.5226],[-14.2039,16.5189],[-14.2029,16.5135],[-14.1987,16.5088],[-14.1882,16.5048],[-14.18,16.4996],[-14.1698,16.4957],[-14.1631,16.4905],[-14.159,16.4816],[-14.1541,16.4746],[-14.1468,16.4715],[-14.1424,16.4734],[-14.1384,16.4778],[-14.1338,16.4783],[-14.1321,16.4738],[-14.135,16.472],[-14.1403,16.4644],[-14.1401,16.4585],[-14.1369,16.4538],[-14.1279,16.4522],[-14.1214,16.4498],[-14.114,16.4453],[-14.1105,16.4419],[-14.108,16.4366],[-14.1079,16.4306],[-14.1059,16.4273],[-14.1013,16.4242],[-14.0923,16.4211],[-14.0849,16.4175],[-14.0715,16.4073],[-14.0689,16.4044],[-14.065,16.3958],[-14.0583,16.3902],[-14.0475,16.3799],[-14.0398,16.3717],[-14.0347,16.3633],[-14.0314,16.3518],[-14.0263,16.3486],[-14.012,16.3501],[-13.9956,16.3469],[-13.9874,16.3396],[-13.9781,16.3359],[-13.9724,16.3353],[-13.9649,16.3289],[-13.9597,16.3193],[-13.9569,16.3159],[-13.9575,16.3085],[-13.9623,16.306],[-13.9711,16.31],[-13.9784,16.3104],[-13.9866,16.3085],[-13.9902,16.3048],[-13.9883,16.2928],[-13.9883,16.2774],[-13.983,16.2752],[-13.9776,16.2765],[-13.9632,16.2766],[-13.9518,16.2717],[-13.9514,16.2679],[-13.9601,16.2607],[-13.9667,16.2533],[-13.9702,16.245],[-13.9704,16.2328],[-13.9737,16.2239],[-13.9682,16.2235],[-13.9604,16.2271],[-13.9525,16.232],[-13.9418,16.2357],[-13.9387,16.2345],[-13.9344,16.2293],[-13.9315,16.2276],[-13.9219,16.2308],[-13.9191,16.2294],[-13.9191,16.2216],[-13.9168,16.203],[-13.9145,16.1987],[-13.9096,16.1947],[-13.9004,16.1911],[-13.8921,16.1949],[-13.8877,16.1982],[-13.8834,16.1995],[-13.8764,16.1964],[-13.8696,16.1897],[-13.8674,16.1815],[-13.87,16.1767],[-13.8757,16.1709],[-13.8781,16.1622],[-13.8781,16.1546],[-13.8713,16.1469],[-13.8668,16.1381],[-13.8668,16.1324],[-13.8649,16.1302],[-13.8566,16.1285],[-13.8547,16.127],[-13.8509,16.1109],[-13.8464,16.1066],[-13.8427,16.1088],[-13.8328,16.122],[-13.8274,16.1279],[-13.8217,16.1324],[-13.8105,16.1381],[-13.8017,16.1416],[-13.7987,16.144],[-13.7908,16.1448],[-13.7776,16.1423],[-13.7601,16.1459],[-13.7505,16.1497],[-13.7432,16.1548],[-13.7352,16.1643],[-13.7328,16.1703],[-13.7228,16.1798],[-13.7173,16.1829],[-13.7085,16.1823],[-13.7026,16.1776],[-13.701,16.1716],[-13.7012,16.1675],[-13.7058,16.1572],[-13.7168,16.1484],[-13.7187,16.1459],[-13.7174,16.1377],[-13.7211,16.133],[-13.7245,16.1234],[-13.7281,16.1052],[-13.7309,16.097],[-13.7414,16.0533],[-13.7424,16.0465],[-13.8056,16.0236],[-13.843,16.0089],[-13.8485,16.0041],[-13.8497,16.0015],[-13.851,15.9912],[-13.8523,15.9891],[-13.8794,15.9616],[-13.9052,15.9329],[-13.9336,15.9067],[-13.9607,15.8793],[-13.9874,15.8491],[-14.0083,15.8268],[-14.022,15.8129],[-14.0613,15.7744],[-14.0873,15.7482],[-14.1318,15.704],[-14.204,15.6335],[-14.2286,15.6084],[-14.2329,15.6017],[-14.2484,15.573],[-14.2531,15.5679],[-14.2537,15.5603],[-14.2459,15.5348],[-14.2481,15.5348],[-14.2564,15.5279],[-14.263,15.5171],[-14.276,15.5144],[-14.2808,15.5146],[-14.2831,15.5205],[-14.2871,15.5239],[-14.2931,15.5261],[-14.2996,15.5256],[-14.3106,15.5171],[-14.3337,15.4961],[-14.3415,15.4956],[-14.4188,15.4942],[-14.4183,15.5025],[-14.4153,15.508],[-14.4136,15.5159],[-14.4142,15.5215],[-14.4193,15.5466],[-14.4183,15.5567],[-14.4097,15.5748],[-14.4052,15.5895],[-14.4055,15.5965],[-14.4078,15.607],[-14.4043,15.6155],[-14.4039,15.6191],[-14.4058,15.6232],[-14.4266,15.6563],[-14.4484,15.6916],[-14.477,15.7401],[-14.5175,15.8081],[-14.5319,15.8314],[-14.5559,15.8719],[-14.5918,15.9314],[-14.5923,15.9333],[-14.6524,15.9356],[-14.6818,15.9378],[-14.7,15.9383],[-14.7024,15.9366],[-14.7529,15.9394],[-14.7557,15.9411],[-14.8101,15.9706],[-14.837,15.9855],[-14.8646,16.0001],[-14.8856,16.0],[-15.1667,16.0],[-15.2448,15.9997],[-15.4396,16.0],[-15.4396,16.0025],[-15.4282,16.16],[-15.4278,16.1625],[-15.4006,16.2113],[-15.4012,16.2157],[-15.4128,16.3501],[-15.4159,16.361],[-15.4368,16.4372],[-15.3814,16.4729],[-15.3358,16.5015],[-15.3348,16.5039],[-15.3345,16.5523],[-15.3334,16.5621],[-15.3185,16.5729]]]}},{"type":"Feature","properties":{"pcode":"SN1003","nom":"Saint Louis","region":"Saint-Louis"},"geometry":{"type":"Polygon","coordinates":[[[-16.4771,16.0661],[-16.4693,16.0652],[-16.4603,16.0669],[-16.454,16.0659],[-16.4494,16.0688],[-16.444,16.0758],[-16.4407,16.0763],[-16.433,16.0744],[-16.426,16.0787],[-16.4214,16.0802],[-16.4176,16.079],[-16.4111,16.0831],[-16.4085,16.0888],[-16.3998,16.0934],[-16.3975,16.0968],[-16.391,16.0996],[-16.3857,16.099],[-16.38,16.101],[-16.3749,16.1045],[-16.3681,16.1069],[-16.363,16.1047],[-16.3629,16.1019],[-16.3675,16.0993],[-16.3645,16.0955],[-16.3647,16.0925],[-16.3599,16.0939],[-16.3547,16.1008],[-16.3516,16.1077],[-16.351,16.1167],[-16.3492,16.1277],[-16.3466,16.1327],[-16.3377,16.1398],[-16.3345,16.1402],[-16.3344,16.1011],[-16.3331,16.0234],[-16.2897,16.0241],[-16.2768,16.0323],[-16.2485,16.024],[-16.2232,16.0233],[-16.2177,16.0235],[-16.2173,16.0257],[-16.2275,16.0409],[-16.2237,16.0415],[-16.1757,16.0065],[-16.1366,16.0056],[-16.14,16.003],[-16.1531,15.9848],[-16.1583,15.9754],[-16.1644,15.966],[-16.1711,15.9599],[-16.1777,15.9555],[-16.1858,15.9487],[-16.2025,15.9364],[-16.2168,15.925],[-16.2303,15.9154],[-16.2429,15.9092],[-16.2543,15.9021],[-16.2802,15.8702],[-16.2911,15.8562],[-16.3204,15.851],[-16.3565,15.8322],[-16.4144,15.8321],[-16.4315,15.8317],[-16.4655,15.8314],[-16.4834,15.831],[-16.5285,15.8285],[-16.5255,15.8405],[-16.523,15.8548],[-16.5226,15.8653],[-16.52,15.8858],[-16.5192,15.9044],[-16.5172,15.9221],[-16.5161,15.938],[-16.516,15.9481],[-16.5141,15.9605],[-16.511,15.963],[-16.5134,15.9695],[-16.5139,15.9826],[-16.5133,15.9915],[-16.5111,16.0037],[-16.5096,16.0181],[-16.5092,16.0319],[-16.5099,16.0401],[-16.5088,16.049],[-16.5087,16.0612],[-16.5071,16.0676],[-16.4965,16.075],[-16.4896,16.0677],[-16.4885,16.0601],[-16.4806,16.0677],[-16.4771,16.0661]]]}},{"type":"Feature","properties":{"pcode":"SN1101","nom":"Bounkiling","region":"Sédhiou"},"geometry":{"type":"Polygon","coordinates":[[[-15.8659,13.1667],[-15.8154,13.1661],[-15.8025,13.1671],[-15.8025,13.1969],[-15.8029,13.2216],[-15.803,13.3475],[-15.8003,13.3482],[-15.7525,13.3485],[-15.7316,13.3497],[-15.7238,13.3507],[-15.7108,13.3539],[-15.6986,13.3587],[-15.6792,13.3701],[-15.671,13.3668],[-15.6439,13.3579],[-15.629,13.354],[-15.6166,13.3515],[-15.6039,13.3497],[-15.5858,13.3493],[-15.5774,13.3508],[-15.5697,13.3532],[-15.5599,13.3575],[-15.5494,13.364],[-15.5391,13.373],[-15.5328,13.3798],[-15.5141,13.3926],[-15.5037,13.3925],[-15.4994,13.3942],[-15.4885,13.3937],[-15.4718,13.3863],[-15.4547,13.3777],[-15.4357,13.3734],[-15.4128,13.3666],[-15.394,13.3607],[-15.3886,13.3596],[-15.3784,13.3546],[-15.3704,13.3567],[-15.357,13.3566],[-15.3384,13.3595],[-15.3382,13.341],[-15.3386,13.3143],[-15.3381,13.2995],[-15.3398,13.2915],[-15.3453,13.2819],[-15.3545,13.2704],[-15.3546,13.258],[-15.3521,13.2379],[-15.3524,13.227],[-15.3493,13.2214],[-15.3451,13.2186],[-15.3301,13.2034],[-15.3209,13.1995],[-15.3181,13.1968],[-15.3113,13.1934],[-15.3035,13.1858],[-15.2978,13.1938],[-15.2921,13.1928],[-15.2763,13.1864],[-15.2568,13.1806],[-15.2546,13.1785],[-15.2519,13.1693],[-15.2529,13.1591],[-15.2515,13.1555],[-15.2542,13.1522],[-15.2537,13.1434],[-15.251,13.1413],[-15.2353,13.1188],[-15.2325,13.1061],[-15.2277,13.0912],[-15.2226,13.0821],[-15.2249,13.0769],[-15.2284,13.0583],[-15.2283,13.0543],[-15.2252,13.0492],[-15.2312,13.0493],[-15.2329,13.0479],[-15.2668,13.0409],[-15.3021,13.037],[-15.3701,13.0281],[-15.4075,13.0083],[-15.418,13.0011],[-15.4608,12.9823],[-15.5006,12.9654],[-15.5393,12.95],[-15.5454,12.9469],[-15.5534,12.9443],[-15.5702,12.9372],[-15.5906,12.9266],[-15.6208,12.9102],[-15.6326,12.9041],[-15.6466,12.902],[-15.6559,12.9015],[-15.6686,12.8999],[-15.6976,12.8954],[-15.7195,12.8906],[-15.7478,12.885],[-15.7521,12.8884],[-15.7509,12.893],[-15.7544,12.8977],[-15.7581,12.8996],[-15.7573,12.9061],[-15.755,12.9086],[-15.7557,12.9135],[-15.7613,12.9144],[-15.7655,12.9201],[-15.767,12.9258],[-15.7713,12.927],[-15.7731,12.9317],[-15.77,12.9352],[-15.7745,12.9364],[-15.7755,12.9345],[-15.7862,12.9305],[-15.7921,12.9318],[-15.7986,12.9377],[-15.8055,12.9381],[-15.8149,12.9353],[-15.8269,12.9338],[-15.8342,12.9373],[-15.8375,12.9424],[-15.8388,12.9485],[-15.8428,12.9554],[-15.8468,12.9574],[-15.8523,12.9571],[-15.8657,12.9507],[-15.871,12.9464],[-15.8731,12.9393],[-15.8741,12.9297],[-15.8771,12.9266],[-15.8821,12.926],[-15.8931,12.9299],[-15.9054,12.9416],[-15.9168,12.946],[-15.9248,12.9443],[-15.9299,12.9374],[-15.9321,12.9277],[-15.9321,12.9239],[-15.9289,12.9173],[-15.9239,12.9107],[-15.9153,12.9041],[-15.9137,12.8993],[-15.9138,12.894],[-15.9169,12.8886],[-15.9219,12.886],[-15.9324,12.8837],[-15.9438,12.8852],[-15.951,12.8885],[-15.9546,12.8925],[-15.9617,12.8937],[-15.9708,12.889],[-15.9759,12.884],[-15.9745,12.8913],[-15.9752,12.8939],[-15.9786,12.8927],[-15.9845,12.8939],[-15.9849,12.9006],[-15.98,12.904],[-15.9827,12.908],[-15.9843,12.9139],[-15.9945,12.9155],[-15.9952,12.9186],[-15.9914,12.9267],[-15.9879,12.9282],[-15.9884,12.9362],[-15.9867,12.9449],[-15.9816,12.9496],[-15.9758,12.9527],[-15.9703,12.9537],[-15.9659,12.959],[-15.9669,12.9647],[-15.9651,12.9702],[-15.9593,12.9799],[-15.9556,12.9794],[-15.9482,12.9823],[-15.9495,12.984],[-15.9422,12.9918],[-15.9343,13.0046],[-15.9331,13.0096],[-15.928,13.0217],[-15.9274,13.0299],[-15.9246,13.0387],[-15.9215,13.0452],[-15.9113,13.0606],[-15.9046,13.0657],[-15.9006,13.0711],[-15.8985,13.0834],[-15.8961,13.0879],[-15.9068,13.095],[-15.9223,13.0929],[-15.9272,13.0954],[-15.9331,13.1061],[-15.9349,13.1141],[-15.9339,13.12],[-15.9243,13.1314],[-15.9157,13.1367],[-15.9096,13.1432],[-15.9031,13.1462],[-15.8962,13.1469],[-15.8947,13.1678],[-15.8659,13.1667]]]}},{"type":"Feature","properties":{"pcode":"SN1102","nom":"Goudomp","region":"Sédhiou"},"geometry":{"type":"Polygon","coordinates":[[[-15.9664,12.6263],[-15.9535,12.6155],[-15.9392,12.6056],[-15.9329,12.6022],[-15.9064,12.5826],[-15.9003,12.5805],[-15.8973,12.5811],[-15.8807,12.59],[-15.8715,12.5935],[-15.8605,12.5965],[-15.8563,12.5961],[-15.8473,12.5924],[-15.8402,12.5881],[-15.8356,12.5831],[-15.8247,12.5744],[-15.8156,12.5692],[-15.8046,12.5696],[-15.797,12.5772],[-15.7913,12.5872],[-15.7833,12.5957],[-15.7737,12.6011],[-15.7618,12.604],[-15.7531,12.6044],[-15.7381,12.6026],[-15.7276,12.6],[-15.7167,12.5952],[-15.7028,12.5941],[-15.6956,12.5949],[-15.6862,12.5947],[-15.6735,12.5888],[-15.6692,12.5835],[-15.6684,12.578],[-15.6694,12.569],[-15.6683,12.5576],[-15.6586,12.5465],[-15.6546,12.5434],[-15.6453,12.5403],[-15.6323,12.5385],[-15.6276,12.5392],[-15.6214,12.5423],[-15.6157,12.5475],[-15.6067,12.5603],[-15.6032,12.5637],[-15.5871,12.5726],[-15.571,12.5808],[-15.5654,12.5865],[-15.5583,12.6025],[-15.5515,12.6128],[-15.5289,12.6339],[-15.5268,12.6374],[-15.5261,12.6454],[-15.5283,12.6585],[-15.5325,12.6869],[-15.536,12.7024],[-15.5408,12.7114],[-15.5468,12.7307],[-15.5469,12.7431],[-15.5434,12.7538],[-15.539,12.7801],[-15.535,12.7891],[-15.526,12.7978],[-15.5163,12.8045],[-15.5106,12.8047],[-15.5055,12.8022],[-15.4996,12.7976],[-15.4931,12.7948],[-15.4863,12.7935],[-15.4796,12.7944],[-15.4722,12.7971],[-15.4557,12.8055],[-15.4496,12.8117],[-15.4431,12.8259],[-15.4384,12.8297],[-15.4333,12.8302],[-15.4268,12.8289],[-15.4179,12.8241],[-15.4071,12.8159],[-15.4031,12.812],[-15.3926,12.8062],[-15.3873,12.8063],[-15.3823,12.8117],[-15.3844,12.8228],[-15.3838,12.8274],[-15.3812,12.8322],[-15.3722,12.8428],[-15.3598,12.8465],[-15.3471,12.8518],[-15.3343,12.8548],[-15.3209,12.8563],[-15.312,12.8559],[-15.3039,12.8577],[-15.2994,12.8601],[-15.2929,12.8604],[-15.2829,12.8648],[-15.2752,12.8648],[-15.27,12.8608],[-15.2666,12.8563],[-15.2614,12.8532],[-15.2551,12.8513],[-15.2527,12.8488],[-15.2493,12.8413],[-15.2458,12.8372],[-15.2459,12.8328],[-15.2436,12.8255],[-15.2415,12.8154],[-15.2329,12.8077],[-15.2297,12.808],[-15.2254,12.8139],[-15.2144,12.8163],[-15.2107,12.8218],[-15.2073,12.8168],[-15.1905,12.8183],[-15.1867,12.8193],[-15.1774,12.8163],[-15.1669,12.8104],[-15.1546,12.8069],[-15.1505,12.8069],[-15.1468,12.8043],[-15.1341,12.7881],[-15.1376,12.78],[-15.1354,12.773],[-15.1384,12.7686],[-15.1425,12.7597],[-15.1537,12.7441],[-15.1554,12.7392],[-15.1503,12.7319],[-15.1476,12.7252],[-15.1412,12.6998],[-15.1252,12.6924],[-15.1174,12.6844],[-15.1688,12.6845],[-15.1768,12.6839],[-15.2172,12.6668],[-15.2381,12.6589],[-15.2721,12.6381],[-15.2891,12.6309],[-15.3174,12.6199],[-15.3357,12.6136],[-15.3527,12.5948],[-15.3691,12.5775],[-15.3877,12.5648],[-15.3984,12.5559],[-15.4154,12.5441],[-15.4321,12.534],[-15.5063,12.5044],[-15.5485,12.4856],[-15.5683,12.4763],[-15.5786,12.4732],[-15.606,12.4592],[-15.6197,12.4515],[-15.6817,12.4245],[-15.7006,12.4268],[-15.7357,12.4329],[-15.778,12.4374],[-15.8605,12.4467],[-15.8912,12.4496],[-15.8903,12.4554],[-15.8921,12.4617],[-15.8951,12.4654],[-15.8993,12.4679],[-15.9127,12.4681],[-15.9222,12.4643],[-15.9267,12.4713],[-15.9296,12.4779],[-15.9246,12.48],[-15.9244,12.4865],[-15.9274,12.4952],[-15.9277,12.5011],[-15.9263,12.505],[-15.9256,12.5152],[-15.9268,12.5177],[-15.9375,12.5254],[-15.9471,12.5305],[-15.9533,12.5323],[-15.9529,12.5379],[-15.9578,12.5416],[-15.9589,12.5476],[-15.9545,12.5508],[-15.9575,12.5565],[-15.9592,12.5634],[-15.9613,12.5635],[-15.9685,12.5728],[-15.9669,12.5743],[-15.968,12.5809],[-15.9635,12.5872],[-15.9613,12.5931],[-15.9619,12.5969],[-15.9646,12.598],[-15.9668,12.6024],[-15.9641,12.6064],[-15.9687,12.6275],[-15.9664,12.6263]]]}},{"type":"Feature","properties":{"pcode":"SN1103","nom":"Sédhiou","region":"Sédhiou"},"geometry":{"type":"Polygon","coordinates":[[[-15.9708,12.889],[-15.9617,12.8937],[-15.9546,12.8925],[-15.951,12.8885],[-15.9438,12.8852],[-15.9324,12.8837],[-15.9219,12.886],[-15.9169,12.8886],[-15.9138,12.894],[-15.9137,12.8993],[-15.9153,12.9041],[-15.9239,12.9107],[-15.9289,12.9173],[-15.9321,12.9239],[-15.9321,12.9277],[-15.9299,12.9374],[-15.9248,12.9443],[-15.9168,12.946],[-15.9054,12.9416],[-15.8931,12.9299],[-15.8821,12.926],[-15.8771,12.9266],[-15.8741,12.9297],[-15.8731,12.9393],[-15.871,12.9464],[-15.8657,12.9507],[-15.8523,12.9571],[-15.8468,12.9574],[-15.8428,12.9554],[-15.8388,12.9485],[-15.8375,12.9424],[-15.8342,12.9373],[-15.8269,12.9338],[-15.8149,12.9353],[-15.8055,12.9381],[-15.7986,12.9377],[-15.7921,12.9318],[-15.7862,12.9305],[-15.7755,12.9345],[-15.7745,12.9364],[-15.77,12.9352],[-15.7731,12.9317],[-15.7713,12.927],[-15.767,12.9258],[-15.7655,12.9201],[-15.7613,12.9144],[-15.7557,12.9135],[-15.755,12.9086],[-15.7573,12.9061],[-15.7581,12.8996],[-15.7544,12.8977],[-15.7509,12.893],[-15.7521,12.8884],[-15.7478,12.885],[-15.7195,12.8906],[-15.6976,12.8954],[-15.6686,12.8999],[-15.6559,12.9015],[-15.6466,12.902],[-15.6326,12.9041],[-15.6208,12.9102],[-15.5906,12.9266],[-15.5702,12.9372],[-15.5534,12.9443],[-15.5454,12.9469],[-15.5393,12.95],[-15.5006,12.9654],[-15.4608,12.9823],[-15.418,13.0011],[-15.4075,13.0083],[-15.3701,13.0281],[-15.3021,13.037],[-15.2668,13.0409],[-15.2329,13.0479],[-15.2312,13.0493],[-15.2252,13.0492],[-15.2203,13.0459],[-15.2168,13.0457],[-15.214,13.0422],[-15.2073,13.0412],[-15.2051,13.0377],[-15.2023,13.0372],[-15.1943,13.032],[-15.186,13.0311],[-15.1791,13.0281],[-15.1764,13.0252],[-15.17,13.0214],[-15.1599,13.0137],[-15.1563,13.0014],[-15.158,12.9942],[-15.162,12.9899],[-15.1686,12.9752],[-15.166,12.9711],[-15.1652,12.9664],[-15.1609,12.9598],[-15.1579,12.9533],[-15.157,12.9457],[-15.1126,12.898],[-15.1121,12.8911],[-15.1162,12.8824],[-15.1169,12.8721],[-15.1158,12.8584],[-15.1161,12.8446],[-15.1151,12.8128],[-15.1164,12.806],[-15.1206,12.7997],[-15.1259,12.7955],[-15.128,12.79],[-15.1341,12.7881],[-15.1468,12.8043],[-15.1505,12.8069],[-15.1546,12.8069],[-15.1669,12.8104],[-15.1774,12.8163],[-15.1867,12.8193],[-15.1905,12.8183],[-15.2073,12.8168],[-15.2107,12.8218],[-15.2144,12.8163],[-15.2254,12.8139],[-15.2297,12.808],[-15.2329,12.8077],[-15.2415,12.8154],[-15.2436,12.8255],[-15.2459,12.8328],[-15.2458,12.8372],[-15.2493,12.8413],[-15.2527,12.8488],[-15.2551,12.8513],[-15.2614,12.8532],[-15.2666,12.8563],[-15.27,12.8608],[-15.2752,12.8648],[-15.2829,12.8648],[-15.2929,12.8604],[-15.2994,12.8601],[-15.3039,12.8577],[-15.312,12.8559],[-15.3209,12.8563],[-15.3343,12.8548],[-15.3471,12.8518],[-15.3598,12.8465],[-15.3722,12.8428],[-15.3812,12.8322],[-15.3838,12.8274],[-15.3844,12.8228],[-15.3823,12.8117],[-15.3873,12.8063],[-15.3926,12.8062],[-15.4031,12.812],[-15.4071,12.8159],[-15.4179,12.8241],[-15.4268,12.8289],[-15.4333,12.8302],[-15.4384,12.8297],[-15.4431,12.8259],[-15.4496,12.8117],[-15.4557,12.8055],[-15.4722,12.7971],[-15.4796,12.7944],[-15.4863,12.7935],[-15.4931,12.7948],[-15.4996,12.7976],[-15.5055,12.8022],[-15.5106,12.8047],[-15.5163,12.8045],[-15.526,12.7978],[-15.535,12.7891],[-15.539,12.7801],[-15.5434,12.7538],[-15.5469,12.7431],[-15.5468,12.7307],[-15.5408,12.7114],[-15.536,12.7024],[-15.5325,12.6869],[-15.5283,12.6585],[-15.5261,12.6454],[-15.5268,12.6374],[-15.5289,12.6339],[-15.5515,12.6128],[-15.5583,12.6025],[-15.5654,12.5865],[-15.571,12.5808],[-15.5871,12.5726],[-15.6032,12.5637],[-15.6067,12.5603],[-15.6157,12.5475],[-15.6214,12.5423],[-15.6276,12.5392],[-15.6323,12.5385],[-15.6453,12.5403],[-15.6546,12.5434],[-15.6586,12.5465],[-15.6683,12.5576],[-15.6694,12.569],[-15.6684,12.578],[-15.6692,12.5835],[-15.6735,12.5888],[-15.6862,12.5947],[-15.6956,12.5949],[-15.7028,12.5941],[-15.7167,12.5952],[-15.7276,12.6],[-15.7381,12.6026],[-15.7531,12.6044],[-15.7618,12.604],[-15.7737,12.6011],[-15.7833,12.5957],[-15.7913,12.5872],[-15.797,12.5772],[-15.8046,12.5696],[-15.8156,12.5692],[-15.8247,12.5744],[-15.8356,12.5831],[-15.8402,12.5881],[-15.8473,12.5924],[-15.8563,12.5961],[-15.8605,12.5965],[-15.8715,12.5935],[-15.8807,12.59],[-15.8973,12.5811],[-15.9003,12.5805],[-15.9064,12.5826],[-15.9329,12.6022],[-15.9392,12.6056],[-15.9535,12.6155],[-15.9664,12.6263],[-15.9687,12.6275],[-15.9754,12.6331],[-15.9838,12.6476],[-15.9888,12.6524],[-15.9992,12.6574],[-16.0102,12.6577],[-16.015,12.6566],[-16.0203,12.6724],[-16.0199,12.6838],[-16.0178,12.6971],[-16.0138,12.7064],[-16.0128,12.7138],[-16.0091,12.7203],[-16.0103,12.7226],[-16.0181,12.73],[-16.0196,12.7331],[-16.0196,12.743],[-16.021,12.7515],[-16.0104,12.7604],[-16.0036,12.7639],[-15.9952,12.7661],[-15.9925,12.7715],[-15.9876,12.7852],[-15.9878,12.7894],[-15.9946,12.8026],[-15.9997,12.8078],[-16.0013,12.8185],[-16.0011,12.8241],[-15.9979,12.8289],[-15.9879,12.8347],[-15.9806,12.8429],[-15.9764,12.8465],[-15.9717,12.8571],[-15.9735,12.8631],[-15.9775,12.8711],[-15.9783,12.8757],[-15.9759,12.884],[-15.9708,12.889]]]}},{"type":"Feature","properties":{"pcode":"SN1201","nom":"Bakel","region":"Tambacounda"},"geometry":{"type":"Polygon","coordinates":[[[-12.6862,15.1013],[-12.6802,15.1076],[-12.6754,15.1098],[-12.6658,15.1105],[-12.6582,15.1086],[-12.6492,15.1044],[-12.637,15.0975],[-12.6227,15.0907],[-12.6077,15.0854],[-12.6,15.0799],[-12.5941,15.073],[-12.5895,15.0642],[-12.5806,15.0558],[-12.5752,15.0544],[-12.5552,15.0352],[-12.5482,15.0319],[-12.5166,15.0233],[-12.5074,15.0188],[-12.499,15.0184],[-12.4902,15.0148],[-12.4815,15.0074],[-12.4713,14.9974],[-12.4624,14.9867],[-12.4585,14.9733],[-12.454,14.9446],[-12.4533,14.9308],[-12.4519,14.9223],[-12.4488,14.9165],[-12.4488,14.9092],[-12.4536,14.8961],[-12.451,14.8922],[-12.4417,14.887],[-12.4343,14.8812],[-12.4151,14.8605],[-12.3948,14.8452],[-12.3898,14.8449],[-12.3816,14.8415],[-12.3756,14.8364],[-12.3537,14.8299],[-12.3369,14.8311],[-12.329,14.8288],[-12.3182,14.8211],[-12.3114,14.8114],[-12.306,14.8052],[-12.283,14.7809],[-12.271,14.7739],[-12.2533,14.7692],[-12.2414,14.7666],[-12.2376,14.7576],[-12.2354,14.7457],[-12.2332,14.7382],[-12.2285,14.7368],[-12.2206,14.7372],[-12.2125,14.7331],[-12.2099,14.7281],[-12.2082,14.7208],[-12.2084,14.7154],[-12.2137,14.7062],[-12.2076,14.6995],[-12.2018,14.6967],[-12.1968,14.6963],[-12.1841,14.6972],[-12.1801,14.6951],[-12.1727,14.6878],[-12.1679,14.688],[-12.1632,14.6901],[-12.1597,14.6887],[-12.1584,14.6829],[-12.1601,14.6794],[-12.1651,14.6752],[-12.1743,14.6724],[-12.1765,14.6706],[-12.1767,14.6659],[-12.1745,14.6632],[-12.1507,14.6575],[-12.1453,14.6527],[-12.1436,14.6447],[-12.1438,14.6369],[-12.1488,14.6226],[-12.1536,14.6175],[-12.17,14.6153],[-12.1723,14.6107],[-12.1709,14.5868],[-12.1812,14.5751],[-12.1852,14.5678],[-12.1857,14.5557],[-12.1914,14.5533],[-12.1972,14.5551],[-12.2077,14.556],[-12.2127,14.553],[-12.2161,14.5465],[-12.2133,14.5336],[-12.2125,14.5258],[-12.2144,14.5202],[-12.22,14.5088],[-12.2208,14.4939],[-12.2192,14.4907],[-12.214,14.4868],[-12.2014,14.4821],[-12.1983,14.4771],[-12.2048,14.4639],[-12.2061,14.4594],[-12.2045,14.4562],[-12.1989,14.4521],[-12.1893,14.4426],[-12.1891,14.437],[-12.1965,14.4297],[-12.2011,14.4217],[-12.2002,14.4058],[-12.1918,14.4028],[-12.1882,14.3991],[-12.1828,14.3966],[-12.1794,14.3972],[-12.1768,14.401],[-12.1705,14.4005],[-12.1687,14.3951],[-12.165,14.3928],[-12.1639,14.3884],[-12.1557,14.3845],[-12.1417,14.3845],[-12.1407,14.3872],[-12.1366,14.388],[-12.1312,14.386],[-12.1278,14.3874],[-12.1304,14.3914],[-12.1265,14.3938],[-12.1247,14.3883],[-12.1299,14.3811],[-12.1293,14.3768],[-12.1249,14.3705],[-12.1201,14.3695],[-12.1187,14.3669],[-12.1144,14.3721],[-12.1037,14.3757],[-12.0992,14.3726],[-12.0951,14.3679],[-12.0942,14.361],[-12.0969,14.3592],[-12.0942,14.3567],[-12.0962,14.3543],[-12.0986,14.3559],[-12.104,14.3497],[-12.1016,14.3445],[-12.0962,14.3428],[-12.0948,14.3382],[-12.0905,14.3359],[-12.0949,14.3311],[-12.0959,14.3337],[-12.0938,14.3365],[-12.0981,14.3371],[-12.0974,14.3327],[-12.1058,14.3358],[-12.1085,14.331],[-12.1043,14.3265],[-12.096,14.3268],[-12.0911,14.3247],[-12.0957,14.3147],[-12.1003,14.3124],[-12.1038,14.3132],[-12.1037,14.3106],[-12.1002,14.3109],[-12.0997,14.3078],[-12.0924,14.3051],[-12.0821,14.3061],[-12.0749,14.2977],[-12.0678,14.2979],[-12.0638,14.2996],[-12.0566,14.2976],[-12.0511,14.2949],[-12.0481,14.2911],[-12.0427,14.2892],[-12.0357,14.2911],[-12.0302,14.2841],[-12.0266,14.2874],[-12.0217,14.2791],[-12.0181,14.2664],[-12.0116,14.2515],[-12.0076,14.2377],[-12.0023,14.2257],[-11.9985,14.2151],[-11.9928,14.2088],[-11.9891,14.2069],[-11.9883,14.201],[-11.9888,14.1934],[-11.9812,14.1889],[-11.9764,14.1876],[-11.9748,14.1843],[-11.9771,14.1655],[-11.9763,14.1571],[-11.977,14.1492],[-11.9842,14.1385],[-11.9882,14.1252],[-11.9843,14.1138],[-11.9828,14.0904],[-11.9928,14.0888],[-11.9964,14.0862],[-11.9978,14.0828],[-11.9977,14.0769],[-11.9944,14.0674],[-11.9943,14.0645],[-12.0018,14.0534],[-12.0074,14.0519],[-12.0083,14.0502],[-12.0068,14.0358],[-12.0072,14.0334],[-12.0149,14.0289],[-12.0132,14.0239],[-12.0091,14.0192],[-12.0058,14.0118],[-12.0037,14.0006],[-12.0061,13.9988],[-12.0095,13.9927],[-12.009,13.9858],[-12.0036,13.9818],[-11.9986,13.98],[-11.9934,13.9761],[-11.9891,13.9701],[-11.9867,13.9627],[-11.9811,13.9618],[-11.9333,13.9243],[-11.9468,13.8594],[-11.9489,13.8543],[-11.9473,13.8486],[-11.9495,13.8379],[-11.951,13.8244],[-11.9527,13.8207],[-11.9512,13.8155],[-11.9488,13.8128],[-11.9492,13.8096],[-11.9623,13.8053],[-11.9653,13.7971],[-11.9732,13.7956],[-11.9761,13.7936],[-11.9745,13.7911],[-11.9781,13.7899],[-11.9826,13.7825],[-11.9834,13.779],[-11.988,13.7781],[-11.9884,13.7733],[-11.9978,13.7671],[-12.0052,13.7639],[-12.0036,13.7584],[-12.0092,13.7525],[-12.0165,13.753],[-12.0255,13.7437],[-12.0304,13.7412],[-12.0366,13.7404],[-12.0384,13.7375],[-12.0449,13.7359],[-12.0459,13.7332],[-12.0503,13.734],[-12.0575,13.7308],[-12.0585,13.7285],[-12.0613,13.7306],[-12.0638,13.7246],[-12.0688,13.7205],[-12.0734,13.7202],[-12.0706,13.7162],[-12.0662,13.7067],[-12.0611,13.7034],[-12.0576,13.6979],[-12.0558,13.6895],[-12.0506,13.6861],[-12.0471,13.6817],[-12.0466,13.6749],[-12.0395,13.6676],[-12.0375,13.655],[-12.0345,13.6474],[-12.0357,13.6466],[-12.0378,13.6286],[-12.036,13.6234],[-12.0297,13.6161],[-12.0271,13.6158],[-12.0213,13.6104],[-12.0206,13.6121],[-12.0115,13.6041],[-12.0048,13.5961],[-11.9983,13.593],[-11.995,13.5875],[-11.9952,13.5816],[-11.9981,13.5721],[-11.9956,13.5668],[-11.9885,13.5653],[-11.985,13.5634],[-11.9738,13.5511],[-11.9705,13.5425],[-11.9693,13.5363],[-11.9566,13.5286],[-11.9534,13.524],[-11.9476,13.5243],[-11.9425,13.5196],[-11.9347,13.5192],[-11.9269,13.5148],[-11.923,13.5063],[-11.9188,13.5012],[-11.9144,13.4981],[-11.9069,13.496],[-11.8949,13.4889],[-11.8927,13.4802],[-11.8892,13.477],[-11.8849,13.4759],[-11.8824,13.4727],[-11.8748,13.4699],[-11.8705,13.4664],[-11.8645,13.4554],[-11.8633,13.4477],[-11.8633,13.4383],[-11.8675,13.4303],[-11.8712,13.4285],[-11.8741,13.4242],[-11.8783,13.4111],[-11.8868,13.3932],[-11.8868,13.3879],[-11.8915,13.3831],[-11.8994,13.3807],[-11.903,13.3781],[-11.9104,13.377],[-11.9155,13.3742],[-11.9215,13.3725],[-11.9238,13.3736],[-11.93,13.3704],[-11.9342,13.3668],[-11.9408,13.3651],[-11.9437,13.3664],[-11.9533,13.3679],[-11.9568,13.3667],[-11.9603,13.3622],[-11.9625,13.3558],[-11.9666,13.3521],[-11.9739,13.3435],[-11.9817,13.3395],[-11.9844,13.3351],[-11.9891,13.3312],[-11.9932,13.3308],[-11.9991,13.326],[-12.006,13.3277],[-12.011,13.3188],[-12.0162,13.3134],[-12.0211,13.3115],[-12.0261,13.3118],[-12.0301,13.3143],[-12.0314,13.3239],[-12.0342,13.328],[-12.0292,13.3375],[-12.0278,13.3437],[-12.0273,13.3606],[-12.0298,13.3639],[-12.028,13.3721],[-12.0298,13.3746],[-12.0323,13.3693],[-12.0435,13.3629],[-12.054,13.3584],[-12.0617,13.3609],[-12.065,13.3585],[-12.0665,13.3645],[-12.0711,13.3676],[-12.0712,13.3721],[-12.0779,13.3727],[-12.0835,13.3703],[-12.086,13.3723],[-12.0909,13.372],[-12.1021,13.3764],[-12.1092,13.374],[-12.1116,13.3788],[-12.1177,13.3873],[-12.1215,13.3877],[-12.1239,13.392],[-12.1314,13.3919],[-12.1388,13.3968],[-12.1394,13.3993],[-12.1445,13.4048],[-12.1447,13.414],[-12.1478,13.4167],[-12.1534,13.4182],[-12.1573,13.4171],[-12.166,13.4215],[-12.1762,13.4235],[-12.1782,13.421],[-12.1836,13.4235],[-12.1851,13.4275],[-12.1908,13.4282],[-12.1926,13.4351],[-12.1978,13.4374],[-12.2002,13.4429],[-12.2044,13.4456],[-12.2104,13.4466],[-12.222,13.4545],[-12.2262,13.4524],[-12.2297,13.456],[-12.2357,13.4587],[-12.2403,13.4592],[-12.2413,13.4634],[-12.2457,13.4581],[-12.2535,13.4632],[-12.2849,13.4861],[-12.3147,13.5068],[-12.3343,13.5239],[-12.3342,13.577],[-12.3345,13.5921],[-12.3342,13.6425],[-12.3343,13.7216],[-12.3341,13.7749],[-12.3336,13.8005],[-12.3341,13.9062],[-12.3338,13.9313],[-12.3344,13.9714],[-12.3339,13.9904],[-12.3333,13.9955],[-12.3308,14.0006],[-12.3309,14.0066],[-12.3285,14.0091],[-12.3289,14.0128],[-12.325,14.0166],[-12.3261,14.0183],[-12.3224,14.0221],[-12.3212,14.027],[-12.3227,14.0319],[-12.3277,14.0334],[-12.3276,14.0362],[-12.3312,14.0391],[-12.3306,14.041],[-12.3352,14.0449],[-12.3379,14.0558],[-12.3431,14.0615],[-12.3411,14.063],[-12.3404,14.0693],[-12.3365,14.0698],[-12.3393,14.0723],[-12.3399,14.0764],[-12.3431,14.0792],[-12.3377,14.0846],[-12.3405,14.0878],[-12.3413,14.0927],[-12.3382,14.0969],[-12.3408,14.0993],[-12.3377,14.1029],[-12.3406,14.1053],[-12.3397,14.1142],[-12.3449,14.1223],[-12.337,14.1324],[-12.341,14.1365],[-12.3347,14.139],[-12.3354,14.1428],[-12.3337,14.1461],[-12.3346,14.1505],[-12.3367,14.1513],[-12.3394,14.1582],[-12.3321,14.1596],[-12.3354,14.1626],[-12.3366,14.1665],[-12.3337,14.1701],[-12.3377,14.1718],[-12.3364,14.1757],[-12.4761,14.1782],[-12.4851,14.1771],[-12.4862,14.1795],[-12.4896,14.179],[-12.498,14.1804],[-12.4982,14.1925],[-12.5038,14.2152],[-12.5034,14.2462],[-12.4974,14.2631],[-12.4887,14.2687],[-12.4886,14.2743],[-12.503,14.2801],[-12.4995,14.3337],[-12.5067,14.6466],[-12.5072,14.6717],[-12.6528,14.7093],[-12.6351,14.7622],[-12.6166,14.8197],[-12.6066,14.8482],[-12.598,14.8764],[-12.5917,14.898],[-12.5938,14.8997],[-12.5934,14.9118],[-12.5965,14.9146],[-12.5972,14.921],[-12.5997,14.9219],[-12.6038,14.9333],[-12.6025,14.9431],[-12.6057,14.951],[-12.608,14.9611],[-12.6131,14.9632],[-12.6185,14.971],[-12.6156,14.9748],[-12.6172,14.9784],[-12.6221,14.9803],[-12.6226,14.9877],[-12.6269,14.9937],[-12.6267,14.9982],[-12.6301,15.0],[-12.6282,15.0024],[-12.6893,15.0874],[-12.6862,15.1013]]]}},{"type":"Feature","properties":{"pcode":"SN1202","nom":"Goudiry","region":"Tambacounda"},"geometry":{"type":"Polygon","coordinates":[[[-12.5072,14.6717],[-12.5067,14.6466],[-12.4995,14.3337],[-12.503,14.2801],[-12.4886,14.2743],[-12.4887,14.2687],[-12.4974,14.2631],[-12.5034,14.2462],[-12.5038,14.2152],[-12.4982,14.1925],[-12.498,14.1804],[-12.4896,14.179],[-12.4862,14.1795],[-12.4851,14.1771],[-12.4761,14.1782],[-12.3364,14.1757],[-12.3377,14.1718],[-12.3337,14.1701],[-12.3366,14.1665],[-12.3354,14.1626],[-12.3321,14.1596],[-12.3394,14.1582],[-12.3367,14.1513],[-12.3346,14.1505],[-12.3337,14.1461],[-12.3354,14.1428],[-12.3347,14.139],[-12.341,14.1365],[-12.337,14.1324],[-12.3449,14.1223],[-12.3397,14.1142],[-12.3406,14.1053],[-12.3377,14.1029],[-12.3408,14.0993],[-12.3382,14.0969],[-12.3413,14.0927],[-12.3405,14.0878],[-12.3377,14.0846],[-12.3431,14.0792],[-12.3399,14.0764],[-12.3393,14.0723],[-12.3365,14.0698],[-12.3404,14.0693],[-12.3411,14.063],[-12.3431,14.0615],[-12.3379,14.0558],[-12.3352,14.0449],[-12.3306,14.041],[-12.3312,14.0391],[-12.3276,14.0362],[-12.3277,14.0334],[-12.3227,14.0319],[-12.3212,14.027],[-12.3224,14.0221],[-12.3261,14.0183],[-12.325,14.0166],[-12.3289,14.0128],[-12.3285,14.0091],[-12.3309,14.0066],[-12.3308,14.0006],[-12.3333,13.9955],[-12.3339,13.9904],[-12.3344,13.9714],[-12.3338,13.9313],[-12.3341,13.9062],[-12.3336,13.8005],[-12.3341,13.7749],[-12.3343,13.7216],[-12.3342,13.6425],[-12.3345,13.5921],[-12.3342,13.577],[-12.3343,13.5239],[-12.3147,13.5068],[-12.2849,13.4861],[-12.2535,13.4632],[-12.2457,13.4581],[-12.2489,13.4542],[-12.2474,13.4456],[-12.2482,13.428],[-12.2499,13.4247],[-12.2554,13.4233],[-12.2613,13.4136],[-12.2582,13.4039],[-12.2612,13.397],[-12.2583,13.3866],[-12.2545,13.3839],[-12.2535,13.3767],[-12.2506,13.3699],[-12.2458,13.3632],[-12.2399,13.3635],[-12.2378,13.3585],[-12.2315,13.3522],[-12.2311,13.35],[-12.2245,13.3435],[-12.2209,13.3368],[-12.2239,13.3336],[-12.2313,13.3218],[-12.2302,13.3159],[-12.2444,13.3161],[-12.2507,13.3153],[-12.2561,13.3133],[-12.2673,13.3166],[-12.2836,13.316],[-12.2922,13.3141],[-12.2994,13.318],[-12.3068,13.3176],[-12.3102,13.3108],[-12.3096,13.3055],[-12.3111,13.3012],[-12.3111,13.293],[-12.3131,13.2923],[-12.3179,13.2823],[-12.3233,13.2813],[-12.3243,13.2777],[-12.3229,13.2734],[-12.3248,13.2681],[-12.325,13.2623],[-12.3284,13.2629],[-12.3327,13.2609],[-12.3343,13.258],[-12.3395,13.2589],[-12.3402,13.2659],[-12.3445,13.2723],[-12.3574,13.2781],[-12.3617,13.281],[-12.3663,13.2866],[-12.3748,13.2915],[-12.3779,13.2902],[-12.3842,13.2901],[-12.3887,13.2849],[-12.3936,13.2862],[-12.3977,13.2856],[-12.405,13.2819],[-12.4099,13.282],[-12.4126,13.2852],[-12.4167,13.2842],[-12.4199,13.2789],[-12.4209,13.2732],[-12.4255,13.2709],[-12.4347,13.2684],[-12.4461,13.2606],[-12.4507,13.2555],[-12.454,13.2567],[-12.4565,13.2515],[-12.4606,13.2463],[-12.4611,13.239],[-12.4651,13.2363],[-12.4692,13.2394],[-12.4705,13.2456],[-12.47,13.2558],[-12.4724,13.2573],[-12.4713,13.2599],[-12.4715,13.2685],[-12.4647,13.2731],[-12.4636,13.2772],[-12.4603,13.2777],[-12.4603,13.2805],[-12.467,13.2929],[-12.467,13.3007],[-12.469,13.3052],[-12.4682,13.3074],[-12.4725,13.3101],[-12.4736,13.3171],[-12.473,13.3276],[-12.4797,13.3387],[-12.487,13.3432],[-12.4979,13.352],[-12.5001,13.3558],[-12.5086,13.3625],[-12.5133,13.3637],[-12.5155,13.3675],[-12.5239,13.3724],[-12.528,13.379],[-12.5328,13.3893],[-12.5428,13.3967],[-12.5442,13.4067],[-12.5516,13.418],[-12.5548,13.4205],[-12.5585,13.4272],[-12.5652,13.4317],[-12.5728,13.4385],[-12.5767,13.4441],[-12.5785,13.4502],[-12.5822,13.4546],[-12.5827,13.4588],[-12.5884,13.459],[-12.5936,13.4631],[-12.6023,13.4651],[-12.6074,13.4644],[-12.6138,13.4656],[-12.6165,13.4644],[-12.6209,13.4667],[-12.6237,13.4639],[-12.6289,13.4678],[-12.6317,13.4655],[-12.638,13.4699],[-12.6379,13.4733],[-12.643,13.4751],[-12.6412,13.4778],[-12.6424,13.4809],[-12.6487,13.486],[-12.6522,13.4861],[-12.6543,13.4906],[-12.6602,13.4903],[-12.6618,13.5016],[-12.6666,13.5021],[-12.667,13.5068],[-12.6744,13.5122],[-12.6788,13.5177],[-12.6865,13.5206],[-12.6862,13.5253],[-12.6963,13.5298],[-12.7018,13.5305],[-12.6995,13.5319],[-12.7027,13.5338],[-12.7113,13.5339],[-12.7172,13.5321],[-12.7208,13.5434],[-12.728,13.5503],[-12.7277,13.5524],[-12.7378,13.5542],[-12.7396,13.5588],[-12.7418,13.5569],[-12.7463,13.5599],[-12.7495,13.5646],[-12.7502,13.5627],[-12.7556,13.5648],[-12.7602,13.5637],[-12.764,13.5609],[-12.7683,13.5606],[-12.7709,13.558],[-12.7737,13.5594],[-12.7782,13.5576],[-12.7796,13.5541],[-12.7846,13.5508],[-12.787,13.5472],[-12.7889,13.5496],[-12.7937,13.546],[-12.7996,13.5438],[-12.7976,13.5404],[-12.801,13.5345],[-12.8073,13.5333],[-12.8062,13.5306],[-12.8082,13.5266],[-12.8102,13.5287],[-12.8147,13.5253],[-12.8184,13.5297],[-12.8296,13.5318],[-12.8311,13.5277],[-12.8378,13.5254],[-12.8401,13.523],[-12.8485,13.5276],[-12.8504,13.5235],[-12.856,13.5213],[-12.8524,13.5176],[-12.855,13.5157],[-12.8571,13.5082],[-12.8557,13.5041],[-12.8592,13.5035],[-12.8593,13.4993],[-12.8613,13.4946],[-12.8651,13.4948],[-12.8655,13.4993],[-12.8689,13.5004],[-12.8722,13.4946],[-12.8758,13.4946],[-12.8799,13.4912],[-12.8795,13.4853],[-12.8832,13.4872],[-12.8865,13.4866],[-12.8897,13.4771],[-12.9003,13.4727],[-12.9006,13.4655],[-12.9031,13.4696],[-12.9066,13.4691],[-12.9085,13.4634],[-12.9114,13.4615],[-12.9155,13.4614],[-12.9152,13.4577],[-12.911,13.455],[-12.9101,13.4507],[-12.9124,13.4492],[-12.9177,13.4502],[-12.9187,13.4485],[-12.931,13.4458],[-12.9313,13.4433],[-12.9367,13.4417],[-12.9437,13.4426],[-12.9472,13.4383],[-12.9454,13.4356],[-12.9493,13.4309],[-12.9575,13.4289],[-12.9593,13.4243],[-12.9635,13.4255],[-12.9667,13.4295],[-12.9685,13.4252],[-12.9722,13.4241],[-12.9739,13.4271],[-12.9764,13.4257],[-12.9805,13.4198],[-12.9794,13.4169],[-12.9835,13.4122],[-12.9887,13.4135],[-12.9888,13.4085],[-12.9918,13.4095],[-12.9964,13.4037],[-12.9962,13.398],[-12.9931,13.3955],[-12.9904,13.3902],[-12.9921,13.3884],[-13.0004,13.3908],[-13.0001,13.3849],[-13.0047,13.3827],[-13.0079,13.3835],[-13.0144,13.3795],[-13.0212,13.3833],[-13.025,13.3815],[-13.0276,13.3762],[-13.0268,13.37],[-13.0233,13.3647],[-13.0271,13.3636],[-13.0311,13.3683],[-13.033,13.3658],[-13.0323,13.3624],[-13.0379,13.3586],[-13.0385,13.3628],[-13.0416,13.3632],[-13.0426,13.3606],[-13.0406,13.3534],[-13.0418,13.3503],[-13.0452,13.3486],[-13.0468,13.3524],[-13.0501,13.3534],[-13.06,13.3501],[-13.0632,13.3507],[-13.0614,13.3577],[-13.0585,13.3622],[-13.0629,13.3684],[-13.0592,13.3715],[-13.0542,13.3695],[-13.0565,13.3783],[-13.064,13.3744],[-13.0671,13.3774],[-13.0658,13.3815],[-13.0688,13.3831],[-13.0657,13.3853],[-13.0693,13.3907],[-13.0694,13.3967],[-13.0782,13.3976],[-13.0801,13.4003],[-13.0764,13.4111],[-13.0734,13.4122],[-13.0764,13.4182],[-13.0828,13.4187],[-13.0848,13.4135],[-13.0884,13.415],[-13.0908,13.4247],[-13.0838,13.4322],[-13.0825,13.4372],[-13.0869,13.4403],[-13.0805,13.4411],[-13.0751,13.4432],[-13.0727,13.4486],[-13.0761,13.4494],[-13.0709,13.4535],[-13.0742,13.4594],[-13.0788,13.4589],[-13.081,13.4555],[-13.0843,13.4587],[-13.09,13.4564],[-13.0955,13.4565],[-13.0999,13.4542],[-13.1021,13.4592],[-13.1093,13.4602],[-13.1131,13.4656],[-13.1158,13.466],[-13.1162,13.4701],[-13.1202,13.4709],[-13.1262,13.4693],[-13.1319,13.4697],[-13.1337,13.4733],[-13.1383,13.4714],[-13.1426,13.4762],[-13.1455,13.473],[-13.1482,13.4753],[-13.1478,13.4785],[-13.1562,13.4761],[-13.1666,13.4784],[-13.1666,13.4802],[-13.1714,13.4798],[-13.1744,13.4776],[-13.1796,13.4814],[-13.1822,13.4861],[-13.1852,13.4836],[-13.184,13.4789],[-13.1853,13.4756],[-13.1883,13.4752],[-13.1923,13.478],[-13.1982,13.48],[-13.2033,13.477],[-13.1993,13.4696],[-13.2001,13.4673],[-13.2042,13.4661],[-13.2111,13.4605],[-13.2122,13.452],[-13.2172,13.451],[-13.2284,13.4532],[-13.2301,13.4498],[-13.2384,13.4451],[-13.2398,13.4405],[-13.2354,13.4324],[-13.2352,13.4285],[-13.2435,13.4271],[-13.2525,13.4334],[-13.2595,13.4486],[-13.2627,13.4476],[-13.2636,13.4448],[-13.2628,13.4369],[-13.2645,13.4348],[-13.273,13.4372],[-13.2775,13.4351],[-13.2821,13.4377],[-13.2783,13.452],[-13.2802,13.4547],[-13.2892,13.4532],[-13.2959,13.453],[-13.3028,13.4512],[-13.3064,13.4527],[-13.3064,13.4561],[-13.3036,13.4606],[-13.3112,13.4587],[-13.3157,13.4549],[-13.3142,13.449],[-13.3098,13.4434],[-13.3111,13.4406],[-13.3108,13.4272],[-13.3141,13.4248],[-13.3238,13.4283],[-13.3261,13.4273],[-13.3273,13.4353],[-13.3305,13.4433],[-13.3348,13.4493],[-13.3341,13.454],[-13.3368,13.4655],[-13.3407,13.4743],[-13.3437,13.4778],[-13.3488,13.4902],[-13.3507,13.4909],[-13.3482,13.4992],[-13.346,13.5114],[-13.3392,13.5255],[-13.3376,13.5317],[-13.3396,13.5389],[-13.3407,13.5476],[-13.3507,13.5505],[-13.3635,13.5499],[-13.3798,13.5539],[-13.3888,13.5589],[-13.3934,13.5542],[-13.3984,13.5515],[-13.4069,13.5584],[-13.4134,13.5682],[-13.4173,13.5723],[-13.4212,13.5839],[-13.4215,13.5883],[-13.4255,13.5889],[-13.4327,13.5923],[-13.4343,13.5945],[-13.4414,13.596],[-13.4479,13.5955],[-13.4571,13.5962],[-13.4608,13.5992],[-13.4683,13.6078],[-13.4776,13.6147],[-13.4872,13.6253],[-13.4795,13.6381],[-13.4781,13.6416],[-13.4745,13.6426],[-13.4725,13.6472],[-13.4677,13.6526],[-13.4636,13.6594],[-13.4556,13.6644],[-13.4528,13.6705],[-13.4486,13.6746],[-13.4433,13.6821],[-13.438,13.6836],[-13.4345,13.6883],[-13.4307,13.6888],[-13.4246,13.6856],[-13.4117,13.6841],[-13.4017,13.6896],[-13.3956,13.6911],[-13.3864,13.6966],[-13.38,13.6978],[-13.3766,13.7005],[-13.3738,13.7068],[-13.3663,13.7151],[-13.3583,13.7197],[-13.3409,13.7283],[-13.3407,13.734],[-13.351,13.7466],[-13.3546,13.7549],[-13.3541,13.7666],[-13.3616,13.7744],[-13.3641,13.7782],[-13.3699,13.7826],[-13.373,13.7902],[-13.3837,13.809],[-13.385,13.8164],[-13.3879,13.8189],[-13.3892,13.8235],[-13.3943,13.8263],[-13.4041,13.8286],[-13.4109,13.8333],[-13.4207,13.8382],[-13.4352,13.8424],[-13.4491,13.847],[-13.4552,13.8527],[-13.4605,13.8613],[-13.4654,13.8797],[-13.4694,13.8818],[-13.4741,13.887],[-13.4858,13.891],[-13.4904,13.8936],[-13.4947,13.8984],[-13.4996,13.897],[-13.5078,13.8984],[-13.512,13.8962],[-13.5117,13.8911],[-13.5093,13.8868],[-13.5124,13.8774],[-13.5097,13.8749],[-13.5118,13.8694],[-13.5212,13.8732],[-13.5257,13.8702],[-13.5289,13.8604],[-13.5359,13.8621],[-13.5427,13.8609],[-13.5459,13.8616],[-13.5508,13.8574],[-13.5542,13.8616],[-13.5583,13.8639],[-13.5656,13.8715],[-13.5689,13.8722],[-13.5727,13.8695],[-13.579,13.8675],[-13.5924,13.8667],[-13.5944,13.8688],[-13.5963,13.8759],[-13.5945,13.8817],[-13.6009,13.882],[-13.6022,13.8848],[-13.6008,13.8917],[-13.5972,13.8965],[-13.6009,13.9002],[-13.6073,13.9012],[-13.6075,13.9041],[-13.603,13.9115],[-13.6088,13.9127],[-13.6117,13.9108],[-13.6128,13.9063],[-13.6205,13.902],[-13.6242,13.902],[-13.625,13.8975],[-13.6198,13.8992],[-13.617,13.8972],[-13.6178,13.8928],[-13.6206,13.8901],[-13.6244,13.8931],[-13.6275,13.8928],[-13.6272,13.8891],[-13.6314,13.8838],[-13.6441,13.8901],[-13.6442,13.8946],[-13.652,13.8908],[-13.6614,13.8889],[-13.667,13.8926],[-13.6679,13.8949],[-13.673,13.8962],[-13.6751,13.9016],[-13.6789,13.9028],[-13.6866,13.9012],[-13.6907,13.905],[-13.6912,13.9077],[-13.6883,13.9163],[-13.689,13.9245],[-13.6913,13.9278],[-13.691,13.9322],[-13.6938,13.9359],[-13.6936,13.9402],[-13.7043,13.9471],[-13.7075,13.9507],[-13.7053,13.9563],[-13.7041,13.9684],[-13.704,13.9812],[-13.701,13.9875],[-13.7012,13.9911],[-13.6976,13.9949],[-13.6971,13.9989],[-13.7008,14.0107],[-13.699,14.027],[-13.695,14.0298],[-13.6943,14.0335],[-13.6882,14.0387],[-13.6855,14.0504],[-13.6803,14.0581],[-13.6766,14.0568],[-13.6759,14.0607],[-13.6788,14.0616],[-13.6795,14.0791],[-13.6771,14.0822],[-13.6762,14.0878],[-13.6795,14.0896],[-13.6766,14.1001],[-13.6769,14.1062],[-13.6755,14.1096],[-13.6725,14.1113],[-13.6703,14.1168],[-13.6673,14.1205],[-13.6657,14.1268],[-13.6557,14.1291],[-13.6516,14.1291],[-13.6453,14.1325],[-13.6395,14.1422],[-13.6248,14.1622],[-13.6187,14.1659],[-13.6132,14.1672],[-13.6008,14.1757],[-13.5962,14.1814],[-13.594,14.1886],[-13.5956,14.1907],[-13.5927,14.1967],[-13.5917,14.2048],[-13.5863,14.2096],[-13.5838,14.2177],[-13.5777,14.2237],[-13.5748,14.2287],[-13.5734,14.2365],[-13.5564,14.247],[-13.5392,14.2638],[-13.5339,14.2712],[-13.5319,14.2756],[-13.5284,14.2783],[-13.5237,14.2883],[-13.5215,14.2973],[-13.5185,14.3034],[-13.5161,14.3145],[-13.5169,14.3209],[-13.5235,14.3354],[-13.5251,14.3459],[-13.5227,14.354],[-13.5224,14.3652],[-13.5246,14.3747],[-13.5277,14.3835],[-13.5238,14.3958],[-13.5233,14.4014],[-13.5204,14.4073],[-13.5189,14.4073],[-13.5102,14.4143],[-13.4943,14.4254],[-13.3981,14.4989],[-13.3114,14.5636],[-13.2561,14.6055],[-13.2475,14.6107],[-13.242,14.6102],[-13.2378,14.6124],[-13.2346,14.612],[-13.2281,14.6137],[-13.2154,14.6102],[-13.194,14.6057],[-13.1223,14.5956],[-13.1063,14.5952],[-13.0978,14.5943],[-13.0877,14.598],[-13.0754,14.594],[-13.0676,14.5871],[-13.0424,14.5832],[-13.0289,14.5806],[-13.0095,14.5761],[-12.9717,14.5665],[-12.9561,14.5617],[-12.9472,14.5607],[-12.9336,14.5624],[-12.8666,14.5724],[-12.8199,14.5787],[-12.797,14.5824],[-12.7783,14.5904],[-12.7208,14.6142],[-12.6987,14.6445],[-12.6553,14.7046],[-12.6528,14.7093],[-12.5072,14.6717]]]}},{"type":"Feature","properties":{"pcode":"SN1203","nom":"Koumpentoum","region":"Tambacounda"},"geometry":{"type":"Polygon","coordinates":[[[-14.6253,14.5302],[-14.6057,14.5338],[-14.6027,14.5338],[-14.588,14.5373],[-14.586,14.5369],[-14.5757,14.5398],[-14.5561,14.5422],[-14.5468,14.5459],[-14.5368,14.5488],[-14.5262,14.5536],[-14.5108,14.5581],[-14.5075,14.5601],[-14.4959,14.5629],[-14.4897,14.5661],[-14.4815,14.5686],[-14.4783,14.5737],[-14.4703,14.5802],[-14.4508,14.5993],[-14.4105,14.6404],[-14.4041,14.6376],[-14.3936,14.6373],[-14.3865,14.6424],[-14.3786,14.6448],[-14.3719,14.6489],[-14.3674,14.6483],[-14.3593,14.6532],[-14.3576,14.6559],[-14.3429,14.6559],[-14.343,14.6535],[-14.3392,14.6497],[-14.3382,14.6421],[-14.3322,14.632],[-14.3325,14.6273],[-14.3232,14.6187],[-14.3174,14.6161],[-14.3105,14.611],[-14.3111,14.6074],[-14.3082,14.6025],[-14.3085,14.5961],[-14.3014,14.5944],[-14.2969,14.5911],[-14.2918,14.5899],[-14.2766,14.5782],[-14.2605,14.5723],[-14.2547,14.5713],[-14.2347,14.5635],[-14.2172,14.5586],[-14.2108,14.5557],[-14.1926,14.5506],[-14.1871,14.5484],[-14.1691,14.5431],[-14.1634,14.5403],[-14.1484,14.5356],[-14.1385,14.5319],[-14.1187,14.5264],[-14.1143,14.5244],[-14.0873,14.5153],[-14.0796,14.5131],[-14.0734,14.5101],[-14.0534,14.5037],[-14.0451,14.5018],[-14.0369,14.4984],[-14.0235,14.4941],[-14.0023,14.4888],[-13.9881,14.4816],[-13.93,14.4541],[-13.8805,14.4304],[-13.8475,14.414],[-13.7992,14.4128],[-13.7802,14.4129],[-13.7886,14.4071],[-13.7986,14.3915],[-13.8034,14.3875],[-13.8075,14.386],[-13.8115,14.3779],[-13.8185,14.3728],[-13.8208,14.3692],[-13.8207,14.3655],[-13.8262,14.3578],[-13.832,14.3512],[-13.8379,14.3421],[-13.8426,14.3426],[-13.8547,14.3368],[-13.857,14.3291],[-13.8561,14.3241],[-13.8581,14.3176],[-13.8569,14.3127],[-13.859,14.3076],[-13.8673,14.2947],[-13.8675,14.2925],[-13.8729,14.2865],[-13.8762,14.2848],[-13.8857,14.2844],[-13.8931,14.2805],[-13.8983,14.2733],[-13.8976,14.2716],[-13.8989,14.2596],[-13.9013,14.2521],[-13.9143,14.2288],[-13.9127,14.226],[-13.9216,14.2215],[-13.9274,14.2087],[-13.9365,14.2004],[-13.946,14.1968],[-13.9553,14.1901],[-13.9653,14.187],[-13.9684,14.1826],[-13.9657,14.1799],[-13.9698,14.1697],[-13.9693,14.1639],[-13.9719,14.1585],[-13.9744,14.15],[-13.9736,14.146],[-13.9781,14.1373],[-13.9743,14.127],[-13.9711,14.1225],[-13.957,14.0877],[-13.9658,14.0784],[-13.9766,14.0696],[-13.9816,14.0677],[-13.9852,14.0639],[-13.997,14.0561],[-14.0015,14.0516],[-14.0325,14.0277],[-14.1002,13.9748],[-14.1481,13.9369],[-14.1722,13.9174],[-14.1797,13.8977],[-14.1837,13.8887],[-14.1653,13.8804],[-14.1707,13.8717],[-14.1792,13.862],[-14.1678,13.8371],[-14.1697,13.8346],[-14.1835,13.8114],[-14.1954,13.7923],[-14.2166,13.7718],[-14.2425,13.7464],[-14.26,13.728],[-14.2941,13.6906],[-14.2973,13.6885],[-14.3269,13.6791],[-14.3337,13.6793],[-14.3408,13.6812],[-14.3595,13.6878],[-14.3731,13.6968],[-14.4286,13.5109],[-14.4303,13.5097],[-14.4338,13.5148],[-14.4397,13.5212],[-14.457,13.534],[-14.4673,13.5399],[-14.4683,13.5542],[-14.4703,13.5668],[-14.4736,13.5781],[-14.4776,13.5886],[-14.4826,13.5981],[-14.492,13.6114],[-14.5018,13.6215],[-14.518,13.6335],[-14.531,13.641],[-14.5524,13.6504],[-14.5805,13.6552],[-14.6141,13.6572],[-14.6264,13.6557],[-14.6415,13.6515],[-14.6517,13.6472],[-14.6621,13.6418],[-14.6848,13.6279],[-14.7017,13.6152],[-14.7105,13.6149],[-14.7292,13.6252],[-14.7581,13.6417],[-14.7803,13.6529],[-14.7821,13.6542],[-14.7862,13.6806],[-14.7877,13.6947],[-14.7932,13.7157],[-14.8022,13.7352],[-14.8157,13.7522],[-14.8208,13.7579],[-14.8344,13.7685],[-14.8179,13.7904],[-14.8073,13.8057],[-14.8016,13.8104],[-14.7544,13.8125],[-14.726,13.8162],[-14.7197,13.8173],[-14.6952,13.8757],[-14.6926,13.8825],[-14.6903,13.8852],[-14.6793,13.8903],[-14.6719,13.8959],[-14.665,13.8986],[-14.6151,13.9312],[-14.6048,13.9371],[-14.5993,13.9457],[-14.582,13.9956],[-14.5836,14.0014],[-14.5865,14.0184],[-14.5887,14.0375],[-14.5959,14.0854],[-14.5963,14.0914],[-14.5953,14.0995],[-14.5914,14.1078],[-14.5891,14.1233],[-14.586,14.1378],[-14.5861,14.144],[-14.5875,14.1551],[-14.5939,14.2244],[-14.5976,14.2593],[-14.6125,14.2741],[-14.6271,14.2876],[-14.6303,14.2897],[-14.6421,14.3015],[-14.6425,14.3126],[-14.6414,14.3277],[-14.64,14.3546],[-14.6365,14.4081],[-14.6342,14.4525],[-14.6329,14.4618],[-14.6292,14.5282],[-14.6253,14.5302]]]}},{"type":"Feature","properties":{"pcode":"SN1204","nom":"Tambacounda","region":"Tambacounda"},"geometry":{"type":"Polygon","coordinates":[[[-13.5233,14.4014],[-13.5238,14.3958],[-13.5277,14.3835],[-13.5246,14.3747],[-13.5224,14.3652],[-13.5227,14.354],[-13.5251,14.3459],[-13.5235,14.3354],[-13.5169,14.3209],[-13.5161,14.3145],[-13.5185,14.3034],[-13.5215,14.2973],[-13.5237,14.2883],[-13.5284,14.2783],[-13.5319,14.2756],[-13.5339,14.2712],[-13.5392,14.2638],[-13.5564,14.247],[-13.5734,14.2365],[-13.5748,14.2287],[-13.5777,14.2237],[-13.5838,14.2177],[-13.5863,14.2096],[-13.5917,14.2048],[-13.5927,14.1967],[-13.5956,14.1907],[-13.594,14.1886],[-13.5962,14.1814],[-13.6008,14.1757],[-13.6132,14.1672],[-13.6187,14.1659],[-13.6248,14.1622],[-13.6395,14.1422],[-13.6453,14.1325],[-13.6516,14.1291],[-13.6557,14.1291],[-13.6657,14.1268],[-13.6673,14.1205],[-13.6703,14.1168],[-13.6725,14.1113],[-13.6755,14.1096],[-13.6769,14.1062],[-13.6766,14.1001],[-13.6795,14.0896],[-13.6762,14.0878],[-13.6771,14.0822],[-13.6795,14.0791],[-13.6788,14.0616],[-13.6759,14.0607],[-13.6766,14.0568],[-13.6803,14.0581],[-13.6855,14.0504],[-13.6882,14.0387],[-13.6943,14.0335],[-13.695,14.0298],[-13.699,14.027],[-13.7008,14.0107],[-13.6971,13.9989],[-13.6976,13.9949],[-13.7012,13.9911],[-13.701,13.9875],[-13.704,13.9812],[-13.7041,13.9684],[-13.7053,13.9563],[-13.7075,13.9507],[-13.7043,13.9471],[-13.6936,13.9402],[-13.6938,13.9359],[-13.691,13.9322],[-13.6913,13.9278],[-13.689,13.9245],[-13.6883,13.9163],[-13.6912,13.9077],[-13.6907,13.905],[-13.6866,13.9012],[-13.6789,13.9028],[-13.6751,13.9016],[-13.673,13.8962],[-13.6679,13.8949],[-13.667,13.8926],[-13.6614,13.8889],[-13.652,13.8908],[-13.6442,13.8946],[-13.6441,13.8901],[-13.6314,13.8838],[-13.6272,13.8891],[-13.6275,13.8928],[-13.6244,13.8931],[-13.6206,13.8901],[-13.6178,13.8928],[-13.617,13.8972],[-13.6198,13.8992],[-13.625,13.8975],[-13.6242,13.902],[-13.6205,13.902],[-13.6128,13.9063],[-13.6117,13.9108],[-13.6088,13.9127],[-13.603,13.9115],[-13.6075,13.9041],[-13.6073,13.9012],[-13.6009,13.9002],[-13.5972,13.8965],[-13.6008,13.8917],[-13.6022,13.8848],[-13.6009,13.882],[-13.5945,13.8817],[-13.5963,13.8759],[-13.5944,13.8688],[-13.5924,13.8667],[-13.579,13.8675],[-13.5727,13.8695],[-13.5689,13.8722],[-13.5656,13.8715],[-13.5583,13.8639],[-13.5542,13.8616],[-13.5508,13.8574],[-13.5459,13.8616],[-13.5427,13.8609],[-13.5359,13.8621],[-13.5289,13.8604],[-13.5257,13.8702],[-13.5212,13.8732],[-13.5118,13.8694],[-13.5097,13.8749],[-13.5124,13.8774],[-13.5093,13.8868],[-13.5117,13.8911],[-13.512,13.8962],[-13.5078,13.8984],[-13.4996,13.897],[-13.4947,13.8984],[-13.4904,13.8936],[-13.4858,13.891],[-13.4741,13.887],[-13.4694,13.8818],[-13.4654,13.8797],[-13.4605,13.8613],[-13.4552,13.8527],[-13.4491,13.847],[-13.4352,13.8424],[-13.4207,13.8382],[-13.4109,13.8333],[-13.4041,13.8286],[-13.3943,13.8263],[-13.3892,13.8235],[-13.3879,13.8189],[-13.385,13.8164],[-13.3837,13.809],[-13.373,13.7902],[-13.3699,13.7826],[-13.3641,13.7782],[-13.3616,13.7744],[-13.3541,13.7666],[-13.3546,13.7549],[-13.351,13.7466],[-13.3407,13.734],[-13.3409,13.7283],[-13.3583,13.7197],[-13.3663,13.7151],[-13.3738,13.7068],[-13.3766,13.7005],[-13.38,13.6978],[-13.3864,13.6966],[-13.3956,13.6911],[-13.4017,13.6896],[-13.4117,13.6841],[-13.4246,13.6856],[-13.4307,13.6888],[-13.4345,13.6883],[-13.438,13.6836],[-13.4433,13.6821],[-13.4486,13.6746],[-13.4528,13.6705],[-13.4556,13.6644],[-13.4636,13.6594],[-13.4677,13.6526],[-13.4725,13.6472],[-13.4745,13.6426],[-13.4781,13.6416],[-13.4795,13.6381],[-13.4872,13.6253],[-13.4776,13.6147],[-13.4683,13.6078],[-13.4608,13.5992],[-13.4571,13.5962],[-13.4479,13.5955],[-13.4414,13.596],[-13.4343,13.5945],[-13.4327,13.5923],[-13.4255,13.5889],[-13.4215,13.5883],[-13.4212,13.5839],[-13.4173,13.5723],[-13.4134,13.5682],[-13.4069,13.5584],[-13.3984,13.5515],[-13.3934,13.5542],[-13.3888,13.5589],[-13.3798,13.5539],[-13.3635,13.5499],[-13.3507,13.5505],[-13.3407,13.5476],[-13.3396,13.5389],[-13.3376,13.5317],[-13.3392,13.5255],[-13.346,13.5114],[-13.3482,13.4992],[-13.3507,13.4909],[-13.3488,13.4902],[-13.3437,13.4778],[-13.3407,13.4743],[-13.3368,13.4655],[-13.3341,13.454],[-13.3348,13.4493],[-13.3305,13.4433],[-13.3273,13.4353],[-13.3261,13.4273],[-13.3238,13.4283],[-13.3141,13.4248],[-13.3108,13.4272],[-13.3111,13.4406],[-13.3098,13.4434],[-13.3142,13.449],[-13.3157,13.4549],[-13.3112,13.4587],[-13.3036,13.4606],[-13.3064,13.4561],[-13.3064,13.4527],[-13.3028,13.4512],[-13.2959,13.453],[-13.2892,13.4532],[-13.2802,13.4547],[-13.2783,13.452],[-13.2821,13.4377],[-13.2775,13.4351],[-13.273,13.4372],[-13.2645,13.4348],[-13.2628,13.4369],[-13.2636,13.4448],[-13.2627,13.4476],[-13.2595,13.4486],[-13.2525,13.4334],[-13.2435,13.4271],[-13.2352,13.4285],[-13.2354,13.4324],[-13.2398,13.4405],[-13.2384,13.4451],[-13.2301,13.4498],[-13.2284,13.4532],[-13.2172,13.451],[-13.2122,13.452],[-13.2111,13.4605],[-13.2042,13.4661],[-13.2001,13.4673],[-13.1993,13.4696],[-13.2033,13.477],[-13.1982,13.48],[-13.1923,13.478],[-13.1883,13.4752],[-13.1853,13.4756],[-13.184,13.4789],[-13.1852,13.4836],[-13.1822,13.4861],[-13.1796,13.4814],[-13.1744,13.4776],[-13.1714,13.4798],[-13.1666,13.4802],[-13.1666,13.4784],[-13.1562,13.4761],[-13.1478,13.4785],[-13.1482,13.4753],[-13.1455,13.473],[-13.1426,13.4762],[-13.1383,13.4714],[-13.1337,13.4733],[-13.1319,13.4697],[-13.1262,13.4693],[-13.1202,13.4709],[-13.1162,13.4701],[-13.1158,13.466],[-13.1131,13.4656],[-13.1093,13.4602],[-13.1021,13.4592],[-13.0999,13.4542],[-13.0955,13.4565],[-13.09,13.4564],[-13.0843,13.4587],[-13.081,13.4555],[-13.0788,13.4589],[-13.0742,13.4594],[-13.0709,13.4535],[-13.0761,13.4494],[-13.0727,13.4486],[-13.0751,13.4432],[-13.0805,13.4411],[-13.0869,13.4403],[-13.0825,13.4372],[-13.0838,13.4322],[-13.0908,13.4247],[-13.0884,13.415],[-13.0848,13.4135],[-13.0828,13.4187],[-13.0764,13.4182],[-13.0734,13.4122],[-13.0764,13.4111],[-13.0801,13.4003],[-13.0782,13.3976],[-13.0694,13.3967],[-13.0693,13.3907],[-13.0657,13.3853],[-13.0688,13.3831],[-13.0658,13.3815],[-13.0671,13.3774],[-13.064,13.3744],[-13.0565,13.3783],[-13.0542,13.3695],[-13.0592,13.3715],[-13.0629,13.3684],[-13.0585,13.3622],[-13.0614,13.3577],[-13.0632,13.3507],[-13.06,13.3501],[-13.0501,13.3534],[-13.0468,13.3524],[-13.0452,13.3486],[-13.0418,13.3503],[-13.0406,13.3534],[-13.0426,13.3606],[-13.0416,13.3632],[-13.0385,13.3628],[-13.0379,13.3586],[-13.0323,13.3624],[-13.033,13.3658],[-13.0311,13.3683],[-13.0271,13.3636],[-13.0233,13.3647],[-13.0268,13.37],[-13.0276,13.3762],[-13.025,13.3815],[-13.0212,13.3833],[-13.0144,13.3795],[-13.0079,13.3835],[-13.0047,13.3827],[-13.0001,13.3849],[-13.0004,13.3908],[-12.9921,13.3884],[-12.9904,13.3902],[-12.9931,13.3955],[-12.9962,13.398],[-12.9964,13.4037],[-12.9918,13.4095],[-12.9888,13.4085],[-12.9887,13.4135],[-12.9835,13.4122],[-12.9794,13.4169],[-12.9805,13.4198],[-12.9764,13.4257],[-12.9739,13.4271],[-12.9722,13.4241],[-12.9685,13.4252],[-12.9667,13.4295],[-12.9635,13.4255],[-12.9593,13.4243],[-12.9575,13.4289],[-12.9493,13.4309],[-12.9454,13.4356],[-12.9472,13.4383],[-12.9437,13.4426],[-12.9367,13.4417],[-12.9313,13.4433],[-12.931,13.4458],[-12.9187,13.4485],[-12.9177,13.4502],[-12.9124,13.4492],[-12.9101,13.4507],[-12.911,13.455],[-12.9152,13.4577],[-12.9155,13.4614],[-12.9114,13.4615],[-12.9085,13.4634],[-12.9066,13.4691],[-12.9031,13.4696],[-12.9006,13.4655],[-12.9003,13.4727],[-12.8897,13.4771],[-12.8865,13.4866],[-12.8832,13.4872],[-12.8795,13.4853],[-12.8799,13.4912],[-12.8758,13.4946],[-12.8722,13.4946],[-12.8689,13.5004],[-12.8655,13.4993],[-12.8651,13.4948],[-12.8613,13.4946],[-12.8593,13.4993],[-12.8592,13.5035],[-12.8557,13.5041],[-12.8571,13.5082],[-12.855,13.5157],[-12.8524,13.5176],[-12.856,13.5213],[-12.8504,13.5235],[-12.8485,13.5276],[-12.8401,13.523],[-12.8378,13.5254],[-12.8311,13.5277],[-12.8296,13.5318],[-12.8184,13.5297],[-12.8147,13.5253],[-12.8102,13.5287],[-12.8082,13.5266],[-12.8062,13.5306],[-12.8073,13.5333],[-12.801,13.5345],[-12.7976,13.5404],[-12.7996,13.5438],[-12.7937,13.546],[-12.7889,13.5496],[-12.787,13.5472],[-12.7846,13.5508],[-12.7796,13.5541],[-12.7782,13.5576],[-12.7737,13.5594],[-12.7709,13.558],[-12.7683,13.5606],[-12.764,13.5609],[-12.7602,13.5637],[-12.7556,13.5648],[-12.7502,13.5627],[-12.7495,13.5646],[-12.7463,13.5599],[-12.7418,13.5569],[-12.7396,13.5588],[-12.7378,13.5542],[-12.7277,13.5524],[-12.728,13.5503],[-12.7208,13.5434],[-12.7172,13.5321],[-12.7113,13.5339],[-12.7027,13.5338],[-12.6995,13.5319],[-12.7018,13.5305],[-12.6963,13.5298],[-12.6862,13.5253],[-12.6865,13.5206],[-12.6788,13.5177],[-12.6744,13.5122],[-12.667,13.5068],[-12.6666,13.5021],[-12.6618,13.5016],[-12.6602,13.4903],[-12.6543,13.4906],[-12.6522,13.4861],[-12.6487,13.486],[-12.6424,13.4809],[-12.6412,13.4778],[-12.643,13.4751],[-12.6379,13.4733],[-12.638,13.4699],[-12.6317,13.4655],[-12.6289,13.4678],[-12.6237,13.4639],[-12.6209,13.4667],[-12.6165,13.4644],[-12.6138,13.4656],[-12.6074,13.4644],[-12.6023,13.4651],[-12.5936,13.4631],[-12.5884,13.459],[-12.5827,13.4588],[-12.5822,13.4546],[-12.5785,13.4502],[-12.5767,13.4441],[-12.5728,13.4385],[-12.5652,13.4317],[-12.5585,13.4272],[-12.5548,13.4205],[-12.5516,13.418],[-12.5442,13.4067],[-12.5428,13.3967],[-12.5328,13.3893],[-12.528,13.379],[-12.5239,13.3724],[-12.5155,13.3675],[-12.5133,13.3637],[-12.5086,13.3625],[-12.5001,13.3558],[-12.4979,13.352],[-12.487,13.3432],[-12.4797,13.3387],[-12.473,13.3276],[-12.4736,13.3171],[-12.4725,13.3101],[-12.4682,13.3074],[-12.469,13.3052],[-12.467,13.3007],[-12.467,13.2929],[-12.4603,13.2805],[-12.4603,13.2777],[-12.4636,13.2772],[-12.4647,13.2731],[-12.4715,13.2685],[-12.4713,13.2599],[-12.4724,13.2573],[-12.47,13.2558],[-12.4705,13.2456],[-12.4692,13.2394],[-12.4651,13.2363],[-12.4699,13.2328],[-12.4726,13.2285],[-12.4728,13.2228],[-12.4753,13.2191],[-12.4793,13.2079],[-12.482,13.205],[-12.4821,13.2017],[-12.4857,13.2009],[-12.4853,13.1979],[-12.4902,13.1908],[-12.4947,13.1939],[-12.5019,13.1958],[-12.506,13.1932],[-12.5141,13.191],[-12.5169,13.1834],[-12.5212,13.1826],[-12.5261,13.1864],[-12.5294,13.1829],[-12.533,13.1823],[-12.5382,13.1864],[-12.5443,13.1846],[-12.5473,13.1817],[-12.5541,13.1825],[-12.5659,13.1913],[-12.5687,13.1983],[-12.5715,13.2005],[-12.5772,13.2002],[-12.5796,13.197],[-12.5837,13.1979],[-12.5859,13.2054],[-12.5921,13.2072],[-12.5948,13.2054],[-12.594,13.2015],[-12.5948,13.1949],[-12.5973,13.1932],[-12.603,13.193],[-12.6055,13.189],[-12.6104,13.1903],[-12.6185,13.1907],[-12.6208,13.1925],[-12.6256,13.192],[-12.6309,13.1942],[-12.6331,13.1927],[-12.6333,13.1889],[-12.6364,13.1815],[-12.6459,13.1789],[-12.65,13.1752],[-12.6542,13.18],[-12.6561,13.1796],[-12.658,13.1745],[-12.6666,13.1709],[-12.674,13.1744],[-12.6724,13.1696],[-12.6741,13.1614],[-12.6714,13.1596],[-12.6735,13.1567],[-12.6718,13.1511],[-12.675,13.1482],[-12.6673,13.142],[-12.6705,13.142],[-12.6682,13.1356],[-12.674,13.1374],[-12.6724,13.1328],[-12.6756,13.1244],[-12.6798,13.1254],[-12.6871,13.1185],[-12.685,13.108],[-12.6865,13.1055],[-12.6964,13.1038],[-12.6986,13.0995],[-12.6986,13.0955],[-12.7023,13.0924],[-12.7132,13.0924],[-12.7176,13.0915],[-12.7195,13.0885],[-12.7191,13.0838],[-12.7156,13.0819],[-12.7155,13.0784],[-12.7191,13.0745],[-12.7271,13.0706],[-12.7329,13.071],[-12.7336,13.0745],[-12.7416,13.0764],[-12.7447,13.08],[-12.7496,13.0768],[-12.7507,13.071],[-12.7526,13.0706],[-12.7577,13.075],[-12.7615,13.0714],[-12.7615,13.062],[-12.7578,13.0544],[-12.7614,13.0529],[-12.7626,13.0557],[-12.7708,13.0556],[-12.7745,13.0533],[-12.7761,13.0431],[-12.7744,13.0368],[-12.7762,13.0351],[-12.7802,13.0366],[-12.7932,13.0353],[-12.7972,13.0372],[-12.7979,13.0347],[-12.7949,13.0307],[-12.7973,13.0303],[-12.8076,13.0316],[-12.8106,13.0312],[-12.8117,13.026],[-12.8046,13.018],[-12.8061,13.0154],[-12.8129,13.019],[-12.8178,13.0174],[-12.8197,13.0105],[-12.8105,13.003],[-12.8094,12.9992],[-12.8127,12.996],[-12.8197,12.9989],[-12.8261,12.998],[-12.8296,13.0005],[-12.8327,13.0113],[-12.8365,13.0164],[-12.8393,13.0178],[-12.844,13.0163],[-12.848,13.0123],[-12.8524,13.0101],[-12.8554,13.0157],[-12.8637,13.0163],[-12.865,13.0186],[-12.8613,13.023],[-12.8684,13.0287],[-12.8744,13.0243],[-12.8779,13.0273],[-12.8787,13.0376],[-12.8929,13.0466],[-12.896,13.0471],[-12.8982,13.0523],[-12.9017,13.0529],[-12.9056,13.046],[-12.9104,13.0428],[-12.9138,13.046],[-12.9135,13.0498],[-12.9158,13.0543],[-12.9141,13.059],[-12.9194,13.0585],[-12.9234,13.0654],[-12.9282,13.0657],[-12.9339,13.0641],[-12.9353,13.0673],[-12.9285,13.0816],[-12.9335,13.0808],[-12.9372,13.0757],[-12.9437,13.0754],[-12.9474,13.0775],[-12.9495,13.0809],[-12.9526,13.082],[-12.9562,13.0795],[-12.9651,13.0705],[-12.967,13.0706],[-12.9746,13.08],[-12.9777,13.079],[-12.9799,13.0757],[-12.9851,13.0762],[-12.9895,13.0821],[-12.9927,13.0824],[-12.9939,13.0786],[-12.999,13.0768],[-13.0044,13.0714],[-13.0147,13.0706],[-13.0161,13.0685],[-13.0227,13.0682],[-13.0219,13.0604],[-13.0236,13.0568],[-13.0287,13.0565],[-13.0365,13.059],[-13.0443,13.0576],[-13.0486,13.0638],[-13.0534,13.0648],[-13.0553,13.0582],[-13.0605,13.053],[-13.0663,13.0533],[-13.0721,13.045],[-13.0726,13.0416],[-13.0802,13.0331],[-13.0849,13.0309],[-13.0897,13.0327],[-13.0917,13.0358],[-13.0957,13.0364],[-13.1,13.0418],[-13.1082,13.0435],[-13.116,13.0466],[-13.1256,13.0538],[-13.1352,13.0567],[-13.142,13.0507],[-13.1447,13.0543],[-13.1491,13.0559],[-13.1535,13.0553],[-13.1541,13.0519],[-13.1578,13.0504],[-13.1667,13.0522],[-13.1609,13.0556],[-13.1657,13.0627],[-13.1706,13.0655],[-13.1746,13.0623],[-13.1777,13.0627],[-13.1795,13.059],[-13.1784,13.0551],[-13.1859,13.0545],[-13.1854,13.0581],[-13.1824,13.0588],[-13.1866,13.0606],[-13.1931,13.056],[-13.1959,13.0512],[-13.1986,13.0529],[-13.206,13.0508],[-13.2089,13.0514],[-13.2067,13.0478],[-13.2085,13.0428],[-13.2066,13.041],[-13.2089,13.0383],[-13.2058,13.034],[-13.209,13.0292],[-13.2145,13.0256],[-13.2216,13.0247],[-13.2229,13.0212],[-13.226,13.0214],[-13.2303,13.0163],[-13.2358,13.0158],[-13.237,13.0178],[-13.2388,13.012],[-13.233,13.0079],[-13.2196,13.0053],[-13.2135,13.0055],[-13.211,13.0003],[-13.2102,12.9949],[-13.2074,12.9894],[-13.2048,12.9878],[-13.1952,12.9785],[-13.1944,12.9727],[-13.189,12.9632],[-13.1862,12.9689],[-13.181,12.9703],[-13.1743,12.9627],[-13.1709,12.9612],[-13.1663,12.9564],[-13.1646,12.952],[-13.1644,12.9456],[-13.1571,12.934],[-13.1528,12.9309],[-13.1487,12.9308],[-13.1464,12.9255],[-13.1472,12.9181],[-13.1436,12.9133],[-13.144,12.9107],[-13.1522,12.904],[-13.1554,12.8992],[-13.1638,12.8954],[-13.1749,12.8999],[-13.183,12.899],[-13.1812,12.8964],[-13.1703,12.8909],[-13.1696,12.886],[-13.1736,12.8757],[-13.1714,12.8699],[-13.1605,12.8661],[-13.1491,12.8603],[-13.1461,12.8557],[-13.153,12.8475],[-13.1547,12.8426],[-13.1526,12.8362],[-13.1388,12.8337],[-13.1321,12.8297],[-13.1219,12.8276],[-13.1084,12.8283],[-13.1017,12.8216],[-13.1009,12.8153],[-13.104,12.8133],[-13.1123,12.8112],[-13.1134,12.8088],[-13.1115,12.8048],[-13.1056,12.8],[-13.1118,12.797],[-13.1125,12.7933],[-13.1153,12.7928],[-13.1143,12.789],[-13.1163,12.7852],[-13.1198,12.7832],[-13.1203,12.7781],[-13.1171,12.7744],[-13.1197,12.7681],[-13.1172,12.7592],[-13.1176,12.7553],[-13.1156,12.7538],[-13.1162,12.7477],[-13.1125,12.739],[-13.1107,12.7373],[-13.1104,12.731],[-13.1067,12.721],[-13.1013,12.7143],[-13.0931,12.7069],[-13.0937,12.699],[-13.0995,12.6934],[-13.1022,12.6885],[-13.1114,12.6888],[-13.1171,12.685],[-13.1193,12.6816],[-13.1197,12.6732],[-13.123,12.6605],[-13.123,12.6509],[-13.1259,12.6441],[-13.1283,12.6425],[-13.128,12.6388],[-13.1311,12.6387],[-13.1379,12.6445],[-13.1372,12.6362],[-13.1393,12.6332],[-13.1459,12.6392],[-13.1498,12.6412],[-13.159,12.6423],[-13.1577,12.6396],[-13.1592,12.6353],[-13.1647,12.6377],[-13.1655,12.6325],[-13.1687,12.633],[-13.1701,12.6374],[-13.1728,12.6369],[-13.1774,12.6282],[-13.1805,12.6272],[-13.184,12.6323],[-13.1895,12.6374],[-13.1987,12.6409],[-13.2003,12.6435],[-13.207,12.6441],[-13.2054,12.6503],[-13.2088,12.6537],[-13.2138,12.6501],[-13.2185,12.6511],[-13.2202,12.6463],[-13.2261,12.6429],[-13.2285,12.6398],[-13.2339,12.6433],[-13.2397,12.6503],[-13.2454,12.6467],[-13.2483,12.6464],[-13.254,12.6509],[-13.258,12.6523],[-13.2692,12.6499],[-13.2706,12.6539],[-13.2738,12.6553],[-13.2768,12.6539],[-13.2815,12.6563],[-13.2893,12.6532],[-13.286,12.6466],[-13.2894,12.6453],[-13.2989,12.6452],[-13.3018,12.6461],[-13.306,12.6441],[-13.3108,12.646],[-13.3183,12.6416],[-13.3261,12.6441],[-13.3307,12.6436],[-13.3324,12.6489],[-13.3291,12.6543],[-13.3317,12.6579],[-13.3352,12.6573],[-13.3374,12.6524],[-13.3401,12.6515],[-13.3463,12.6586],[-13.3474,12.6632],[-13.3465,12.6744],[-13.3468,12.6795],[-13.3452,12.6833],[-13.3478,12.6903],[-13.3533,12.6906],[-13.3633,12.6953],[-13.3731,12.6955],[-13.3797,12.6932],[-13.3816,12.6874],[-13.3884,12.6853],[-13.3879,12.6812],[-13.3911,12.6775],[-13.3954,12.6763],[-13.4005,12.6772],[-13.408,12.6808],[-13.4173,12.6742],[-13.4235,12.6731],[-13.4312,12.6781],[-13.4322,12.6844],[-13.4305,12.6882],[-13.4343,12.6916],[-13.4379,12.6899],[-13.441,12.6912],[-13.439,12.6975],[-13.4425,12.6936],[-13.4462,12.6965],[-13.4383,12.7013],[-13.4374,12.7042],[-13.4412,12.7033],[-13.444,12.707],[-13.4515,12.7082],[-13.4544,12.7069],[-13.46,12.6986],[-13.4684,12.6951],[-13.4706,12.6995],[-13.4673,12.7067],[-13.4629,12.7079],[-13.4665,12.7159],[-13.4661,12.7193],[-13.4734,12.7216],[-13.4725,12.7254],[-13.4667,12.7259],[-13.4625,12.7229],[-13.4589,12.7282],[-13.461,12.7314],[-13.4623,12.7375],[-13.466,12.7384],[-13.4703,12.7443],[-13.4672,12.7476],[-13.4679,12.7505],[-13.4655,12.7522],[-13.4594,12.7509],[-13.4635,12.7641],[-13.459,12.7697],[-13.4619,12.7828],[-13.4678,12.7784],[-13.4728,12.781],[-13.4686,12.7851],[-13.4673,12.7922],[-13.4629,12.7988],[-13.4632,12.8033],[-13.4687,12.8031],[-13.4782,12.8066],[-13.4781,12.8136],[-13.4816,12.8233],[-13.4814,12.8259],[-13.4748,12.8286],[-13.4681,12.8333],[-13.4695,12.8444],[-13.4762,12.8456],[-13.4805,12.8483],[-13.4793,12.8531],[-13.4733,12.854],[-13.4654,12.8524],[-13.4609,12.85],[-13.4585,12.8466],[-13.4552,12.8466],[-13.4523,12.8509],[-13.4534,12.8562],[-13.4596,12.8596],[-13.4629,12.8638],[-13.4751,12.8731],[-13.4738,12.8788],[-13.4688,12.878],[-13.4644,12.879],[-13.469,12.8836],[-13.4662,12.8876],[-13.4643,12.8946],[-13.4661,12.8966],[-13.474,12.8971],[-13.4806,12.8963],[-13.4873,12.9013],[-13.4925,12.9071],[-13.503,12.9099],[-13.5034,12.9207],[-13.5088,12.9279],[-13.5096,12.9323],[-13.508,12.9342],[-13.5038,12.932],[-13.5002,12.9349],[-13.495,12.9431],[-13.4987,12.9485],[-13.501,12.9485],[-13.4992,12.9451],[-13.5081,12.9431],[-13.5131,12.945],[-13.5176,12.9522],[-13.5173,12.9575],[-13.5139,12.958],[-13.5093,12.9653],[-13.5008,12.9656],[-13.4971,12.9681],[-13.4962,12.9724],[-13.4999,12.9696],[-13.5059,12.9697],[-13.5082,12.9743],[-13.5071,12.9793],[-13.5148,12.9872],[-13.5151,12.9903],[-13.5095,12.9948],[-13.5051,12.9959],[-13.5024,13.0048],[-13.5054,13.0088],[-13.509,13.0097],[-13.5122,13.0139],[-13.5176,13.01],[-13.5194,13.0063],[-13.525,13.0033],[-13.5277,13.0079],[-13.5312,13.0069],[-13.5308,13.0126],[-13.5279,13.015],[-13.5274,13.0201],[-13.5227,13.0201],[-13.5273,13.0241],[-13.5225,13.0243],[-13.517,13.0263],[-13.5177,13.0321],[-13.5168,13.0382],[-13.5207,13.0364],[-13.5258,13.0369],[-13.5295,13.0352],[-13.5296,13.0398],[-13.5324,13.0352],[-13.5337,13.0381],[-13.5375,13.0386],[-13.5444,13.0428],[-13.5454,13.0475],[-13.539,13.049],[-13.5423,13.0541],[-13.5464,13.0574],[-13.5511,13.0524],[-13.5555,13.0539],[-13.5546,13.0573],[-13.5562,13.0603],[-13.5525,13.0621],[-13.5502,13.0672],[-13.5469,13.0691],[-13.5488,13.0721],[-13.5527,13.0721],[-13.5546,13.0762],[-13.5611,13.0749],[-13.5596,13.0717],[-13.5617,13.0684],[-13.5579,13.0669],[-13.5599,13.0644],[-13.5673,13.067],[-13.5675,13.0633],[-13.5705,13.0662],[-13.5735,13.0649],[-13.5767,13.0697],[-13.577,13.0778],[-13.5749,13.0814],[-13.5721,13.0819],[-13.57,13.0874],[-13.573,13.088],[-13.5726,13.0927],[-13.5678,13.0903],[-13.566,13.0921],[-13.5726,13.095],[-13.5809,13.0849],[-13.5822,13.0922],[-13.5792,13.0947],[-13.5842,13.1004],[-13.5808,13.1041],[-13.5822,13.1086],[-13.5879,13.1091],[-13.5883,13.1053],[-13.5914,13.1084],[-13.5919,13.1122],[-13.5944,13.1109],[-13.597,13.121],[-13.5944,13.1216],[-13.5978,13.1243],[-13.5964,13.1278],[-13.5929,13.1263],[-13.5912,13.1286],[-13.6026,13.131],[-13.6108,13.1345],[-13.6126,13.1322],[-13.6153,13.1343],[-13.614,13.1411],[-13.6054,13.1436],[-13.6059,13.1459],[-13.613,13.1472],[-13.6106,13.1547],[-13.6088,13.1553],[-13.604,13.1501],[-13.6005,13.1536],[-13.6008,13.1566],[-13.6041,13.1592],[-13.6068,13.1566],[-13.6097,13.158],[-13.6089,13.1614],[-13.6106,13.1653],[-13.6061,13.1631],[-13.6042,13.1672],[-13.6078,13.1691],[-13.6142,13.17],[-13.6159,13.1735],[-13.6132,13.1776],[-13.6139,13.1799],[-13.6112,13.1839],[-13.6078,13.1831],[-13.6054,13.1852],[-13.6036,13.1907],[-13.6064,13.1915],[-13.6036,13.1993],[-13.6133,13.2008],[-13.6113,13.2048],[-13.6074,13.2067],[-13.6012,13.2069],[-13.5993,13.2008],[-13.5979,13.2033],[-13.5994,13.2119],[-13.5987,13.2141],[-13.6009,13.2181],[-13.6002,13.2211],[-13.6039,13.2212],[-13.6046,13.2235],[-13.6089,13.2217],[-13.6101,13.2263],[-13.6065,13.2309],[-13.603,13.2283],[-13.6048,13.2338],[-13.6076,13.2359],[-13.6065,13.2394],[-13.6106,13.239],[-13.6112,13.2449],[-13.6152,13.2479],[-13.6209,13.2428],[-13.6323,13.2416],[-13.6367,13.2424],[-13.6428,13.2468],[-13.6445,13.2534],[-13.6419,13.2616],[-13.6372,13.2703],[-13.6372,13.2729],[-13.6473,13.2806],[-13.651,13.2816],[-13.6605,13.2798],[-13.6748,13.2763],[-13.6788,13.278],[-13.6875,13.2915],[-13.6875,13.2959],[-13.6843,13.3009],[-13.6789,13.3036],[-13.6748,13.309],[-13.6738,13.3125],[-13.6615,13.3388],[-13.6633,13.3423],[-13.6761,13.3397],[-13.6914,13.3331],[-13.6967,13.3321],[-13.7007,13.3347],[-13.7016,13.3421],[-13.6885,13.3557],[-13.685,13.3629],[-13.6805,13.3668],[-13.673,13.3706],[-13.6707,13.3752],[-13.6717,13.3804],[-13.6745,13.3831],[-13.6979,13.3813],[-13.7185,13.376],[-13.7411,13.3712],[-13.7594,13.3724],[-13.7672,13.3716],[-13.7713,13.3735],[-13.7728,13.3763],[-13.7715,13.3792],[-13.7644,13.3833],[-13.7595,13.3876],[-13.754,13.3948],[-13.7501,13.4018],[-13.749,13.4115],[-13.75,13.4171],[-13.753,13.4185],[-13.7569,13.4249],[-13.7576,13.4319],[-13.7562,13.4346],[-13.7495,13.4405],[-13.7409,13.4466],[-13.722,13.4556],[-13.7191,13.4591],[-13.7159,13.4659],[-13.7177,13.4683],[-13.7248,13.4722],[-13.7431,13.4798],[-13.7688,13.4859],[-13.7722,13.4856],[-13.7787,13.4802],[-13.7879,13.4707],[-13.7918,13.4675],[-13.8007,13.4664],[-13.8059,13.4713],[-13.808,13.4809],[-13.8076,13.4866],[-13.8058,13.4922],[-13.7983,13.5047],[-13.7992,13.5152],[-13.7985,13.5199],[-13.7954,13.5278],[-13.7872,13.5383],[-13.7865,13.5432],[-13.7901,13.5454],[-13.7972,13.5429],[-13.806,13.5429],[-13.8152,13.5466],[-13.8206,13.5472],[-13.8223,13.5454],[-13.8236,13.5373],[-13.8322,13.5229],[-13.8328,13.5172],[-13.8303,13.5091],[-13.8305,13.506],[-13.8345,13.5043],[-13.8424,13.5068],[-13.853,13.5113],[-13.86,13.51],[-13.8692,13.5212],[-13.8786,13.5392],[-13.8855,13.5464],[-13.8837,13.5492],[-13.8878,13.5549],[-13.9002,13.5623],[-13.9045,13.5632],[-13.9205,13.563],[-13.9338,13.5674],[-13.9416,13.5715],[-13.9463,13.5715],[-13.9481,13.5738],[-13.9608,13.5797],[-13.9677,13.5808],[-13.9777,13.5806],[-13.993,13.5764],[-13.9988,13.5733],[-14.0011,13.5691],[-14.0236,13.5545],[-14.0532,13.5523],[-14.0605,13.5543],[-14.075,13.5557],[-14.0885,13.5547],[-14.1178,13.5452],[-14.1355,13.5369],[-14.1452,13.537],[-14.1523,13.5362],[-14.1609,13.5335],[-14.1687,13.5291],[-14.1767,13.5227],[-14.1854,13.5176],[-14.1943,13.5133],[-14.2038,13.5077],[-14.2146,13.4994],[-14.229,13.485],[-14.2372,13.4745],[-14.2553,13.4751],[-14.2711,13.472],[-14.2901,13.4672],[-14.3016,13.4633],[-14.3198,13.4553],[-14.3275,13.4594],[-14.3418,13.465],[-14.3514,13.4674],[-14.3671,13.4686],[-14.3785,13.4791],[-14.3889,13.486],[-14.4033,13.4915],[-14.4144,13.4975],[-14.4261,13.5017],[-14.4303,13.5097],[-14.4286,13.5109],[-14.3731,13.6968],[-14.3595,13.6878],[-14.3408,13.6812],[-14.3337,13.6793],[-14.3269,13.6791],[-14.2973,13.6885],[-14.2941,13.6906],[-14.26,13.728],[-14.2425,13.7464],[-14.2166,13.7718],[-14.1954,13.7923],[-14.1835,13.8114],[-14.1697,13.8346],[-14.1678,13.8371],[-14.1792,13.862],[-14.1707,13.8717],[-14.1653,13.8804],[-14.1837,13.8887],[-14.1797,13.8977],[-14.1722,13.9174],[-14.1481,13.9369],[-14.1002,13.9748],[-14.0325,14.0277],[-14.0015,14.0516],[-13.997,14.0561],[-13.9852,14.0639],[-13.9816,14.0677],[-13.9766,14.0696],[-13.9658,14.0784],[-13.957,14.0877],[-13.9711,14.1225],[-13.9743,14.127],[-13.9781,14.1373],[-13.9736,14.146],[-13.9744,14.15],[-13.9719,14.1585],[-13.9693,14.1639],[-13.9698,14.1697],[-13.9657,14.1799],[-13.9684,14.1826],[-13.9653,14.187],[-13.9553,14.1901],[-13.946,14.1968],[-13.9365,14.2004],[-13.9274,14.2087],[-13.9216,14.2215],[-13.9127,14.226],[-13.9143,14.2288],[-13.9013,14.2521],[-13.8989,14.2596],[-13.8976,14.2716],[-13.8983,14.2733],[-13.8931,14.2805],[-13.8857,14.2844],[-13.8762,14.2848],[-13.8729,14.2865],[-13.8675,14.2925],[-13.8673,14.2947],[-13.859,14.3076],[-13.8569,14.3127],[-13.8581,14.3176],[-13.8561,14.3241],[-13.857,14.3291],[-13.8547,14.3368],[-13.8426,14.3426],[-13.8379,14.3421],[-13.832,14.3512],[-13.8262,14.3578],[-13.8207,14.3655],[-13.8208,14.3692],[-13.8185,14.3728],[-13.8115,14.3779],[-13.8075,14.386],[-13.8034,14.3875],[-13.7986,14.3915],[-13.7886,14.4071],[-13.7802,14.4129],[-13.7754,14.4129],[-13.6897,14.411],[-13.6716,14.4102],[-13.6294,14.4102],[-13.6038,14.4093],[-13.5621,14.4084],[-13.533,14.4075],[-13.5204,14.4073],[-13.5233,14.4014]]]}},{"type":"Feature","properties":{"pcode":"SN1301","nom":"Mbour","region":"Thiès"},"geometry":{"type":"Polygon","coordinates":[[[-17.1226,14.682],[-17.1135,14.6868],[-17.1099,14.6868],[-17.1002,14.6894],[-17.094,14.688],[-17.0579,14.6816],[-17.0364,14.6785],[-17.0335,14.66],[-17.008,14.6523],[-17.0,14.6479],[-16.9908,14.6446],[-16.9691,14.633],[-16.9467,14.6057],[-16.9371,14.5907],[-16.934,14.5842],[-16.927,14.5769],[-16.9178,14.566],[-16.9163,14.5619],[-16.915,14.5485],[-16.9175,14.5343],[-16.9176,14.5256],[-16.9107,14.5153],[-16.9067,14.5141],[-16.9007,14.5169],[-16.898,14.5222],[-16.892,14.5262],[-16.8848,14.5272],[-16.8768,14.5255],[-16.8612,14.5185],[-16.8485,14.5075],[-16.8383,14.5176],[-16.8325,14.5248],[-16.812,14.5559],[-16.7886,14.5866],[-16.7704,14.6126],[-16.7579,14.6322],[-16.7366,14.6559],[-16.7277,14.6516],[-16.7167,14.6565],[-16.7094,14.656],[-16.6942,14.6612],[-16.6907,14.6651],[-16.684,14.6663],[-16.6773,14.6642],[-16.6752,14.6655],[-16.6708,14.6617],[-16.6657,14.6454],[-16.6609,14.6419],[-16.6284,14.6409],[-16.621,14.64],[-16.6189,14.6393],[-16.6107,14.6317],[-16.6065,14.6293],[-16.5924,14.6168],[-16.5892,14.6133],[-16.5819,14.609],[-16.5755,14.6067],[-16.5652,14.605],[-16.5387,14.6076],[-16.5255,14.6075],[-16.5212,14.5963],[-16.5188,14.5855],[-16.5203,14.5754],[-16.5263,14.5643],[-16.5313,14.5493],[-16.5328,14.5315],[-16.5357,14.5212],[-16.5422,14.5076],[-16.5468,14.5019],[-16.5485,14.4964],[-16.5519,14.4922],[-16.558,14.4878],[-16.5758,14.472],[-16.5826,14.4673],[-16.5959,14.4569],[-16.6051,14.453],[-16.6085,14.4529],[-16.6186,14.4484],[-16.628,14.4393],[-16.6354,14.4297],[-16.6389,14.4285],[-16.6727,14.427],[-16.6813,14.4231],[-16.6898,14.4152],[-16.6931,14.4109],[-16.7039,14.4007],[-16.706,14.396],[-16.708,14.3801],[-16.7119,14.3413],[-16.7118,14.3342],[-16.7094,14.3227],[-16.7088,14.314],[-16.7107,14.3023],[-16.7157,14.2928],[-16.7257,14.2772],[-16.7372,14.2645],[-16.7444,14.2547],[-16.7488,14.2454],[-16.7498,14.241],[-16.7486,14.2316],[-16.7431,14.2209],[-16.7305,14.2103],[-16.726,14.2092],[-16.7223,14.2117],[-16.7198,14.1996],[-16.7227,14.1918],[-16.7281,14.1875],[-16.7326,14.1799],[-16.7361,14.1807],[-16.7407,14.1777],[-16.7421,14.172],[-16.7548,14.1686],[-16.7579,14.1626],[-16.765,14.1593],[-16.7662,14.1553],[-16.7574,14.1492],[-16.7526,14.1439],[-16.7546,14.1415],[-16.7585,14.1427],[-16.7625,14.1377],[-16.769,14.1354],[-16.7728,14.1372],[-16.7755,14.1363],[-16.7788,14.142],[-16.7824,14.1422],[-16.788,14.1373],[-16.7891,14.1301],[-16.7931,14.1304],[-16.7917,14.1269],[-16.7924,14.1195],[-16.7838,14.1137],[-16.7799,14.1129],[-16.7771,14.1088],[-16.765,14.1044],[-16.7663,14.0979],[-16.761,14.0954],[-16.7544,14.0865],[-16.753,14.0724],[-16.7535,14.0675],[-16.7613,14.0698],[-16.7668,14.0665],[-16.7686,14.062],[-16.7745,14.0557],[-16.7787,14.0702],[-16.7817,14.085],[-16.7848,14.0955],[-16.7892,14.1071],[-16.7932,14.1157],[-16.799,14.1255],[-16.8019,14.1286],[-16.8024,14.1327],[-16.8069,14.1366],[-16.8137,14.1387],[-16.8212,14.1433],[-16.8254,14.1419],[-16.8285,14.1466],[-16.8478,14.1654],[-16.8566,14.1807],[-16.8638,14.1847],[-16.8677,14.1854],[-16.8676,14.1925],[-16.8696,14.2071],[-16.8728,14.2233],[-16.8763,14.2333],[-16.8809,14.2414],[-16.8906,14.2543],[-16.897,14.2601],[-16.9071,14.275],[-16.9142,14.2829],[-16.924,14.2863],[-16.9291,14.2854],[-16.9318,14.295],[-16.9315,14.2989],[-16.933,14.3128],[-16.9313,14.3285],[-16.9313,14.3373],[-16.9338,14.3524],[-16.9382,14.3608],[-16.9442,14.3664],[-16.946,14.3753],[-16.9519,14.3841],[-16.9548,14.3849],[-16.9584,14.3901],[-16.9606,14.3964],[-16.9703,14.4073],[-16.9743,14.4085],[-16.9821,14.4155],[-16.9849,14.4157],[-16.9954,14.4241],[-17.0045,14.4352],[-17.0111,14.4388],[-17.0133,14.4376],[-17.0174,14.4404],[-17.0236,14.4423],[-17.0276,14.4474],[-17.032,14.4486],[-17.0367,14.4473],[-17.0391,14.449],[-17.0474,14.4497],[-17.054,14.4524],[-17.058,14.4561],[-17.0632,14.4685],[-17.0658,14.4718],[-17.0713,14.4718],[-17.0779,14.4799],[-17.0797,14.4852],[-17.0867,14.4906],[-17.0911,14.4971],[-17.0929,14.5103],[-17.0985,14.5273],[-17.1037,14.5365],[-17.1076,14.5464],[-17.1101,14.5499],[-17.1184,14.5568],[-17.124,14.5595],[-17.1262,14.5629],[-17.1305,14.5646],[-17.1384,14.5743],[-17.1384,14.5755],[-17.1447,14.5876],[-17.1404,14.6324],[-17.1284,14.6539],[-17.1361,14.6772],[-17.1349,14.6897],[-17.1226,14.682]]]}},{"type":"Feature","properties":{"pcode":"SN1302","nom":"Thiès","region":"Thiès"},"geometry":{"type":"Polygon","coordinates":[[[-17.1417,14.815],[-17.1477,14.8287],[-17.1532,14.8412],[-17.1551,14.8497],[-17.1563,14.8722],[-17.1686,14.8905],[-17.1566,14.8963],[-17.1471,14.9025],[-17.1402,14.9049],[-17.129,14.911],[-17.1229,14.9192],[-17.1206,14.9249],[-17.1196,14.9312],[-17.1172,14.9382],[-17.1118,14.9478],[-17.1085,14.952],[-17.0838,14.9324],[-17.0824,14.916],[-17.0775,14.9122],[-17.0619,14.8947],[-17.0566,14.8728],[-17.0571,14.8666],[-17.0607,14.8374],[-17.0576,14.8254],[-17.0536,14.8218],[-17.0484,14.8123],[-17.0456,14.811],[-17.037,14.812],[-17.0274,14.8142],[-17.011,14.8252],[-17.0007,14.8312],[-16.9934,14.8387],[-16.9888,14.8407],[-16.9853,14.8454],[-16.9697,14.8564],[-16.9626,14.8604],[-16.958,14.8616],[-16.9503,14.8614],[-16.9339,14.8561],[-16.9206,14.8543],[-16.9044,14.8585],[-16.9011,14.8609],[-16.8803,14.8715],[-16.8781,14.8741],[-16.8729,14.8757],[-16.8681,14.8756],[-16.8568,14.8663],[-16.8518,14.8638],[-16.8402,14.8639],[-16.8329,14.869],[-16.8226,14.8747],[-16.8151,14.8779],[-16.7931,14.8857],[-16.7806,14.8838],[-16.7666,14.8792],[-16.7608,14.8784],[-16.7567,14.8797],[-16.7408,14.8897],[-16.7374,14.893],[-16.7116,14.9082],[-16.7057,14.9108],[-16.6959,14.9196],[-16.6872,14.9291],[-16.6692,14.9137],[-16.6621,14.9045],[-16.6549,14.8887],[-16.642,14.8796],[-16.6346,14.8723],[-16.6277,14.8623],[-16.6238,14.8485],[-16.624,14.8426],[-16.6261,14.839],[-16.6354,14.833],[-16.6461,14.8229],[-16.6493,14.8174],[-16.6494,14.8119],[-16.6406,14.8043],[-16.6283,14.7961],[-16.6243,14.7941],[-16.6179,14.782],[-16.6086,14.7722],[-16.6071,14.7673],[-16.6064,14.7568],[-16.6044,14.7409],[-16.6066,14.7198],[-16.6051,14.6989],[-16.6055,14.69],[-16.6069,14.6823],[-16.6213,14.6621],[-16.6222,14.6498],[-16.621,14.64],[-16.6284,14.6409],[-16.6609,14.6419],[-16.6657,14.6454],[-16.6708,14.6617],[-16.6752,14.6655],[-16.6773,14.6642],[-16.684,14.6663],[-16.6907,14.6651],[-16.6942,14.6612],[-16.7094,14.656],[-16.7167,14.6565],[-16.7277,14.6516],[-16.7366,14.6559],[-16.7579,14.6322],[-16.7704,14.6126],[-16.7886,14.5866],[-16.812,14.5559],[-16.8325,14.5248],[-16.8383,14.5176],[-16.8485,14.5075],[-16.8612,14.5185],[-16.8768,14.5255],[-16.8848,14.5272],[-16.892,14.5262],[-16.898,14.5222],[-16.9007,14.5169],[-16.9067,14.5141],[-16.9107,14.5153],[-16.9176,14.5256],[-16.9175,14.5343],[-16.915,14.5485],[-16.9163,14.5619],[-16.9178,14.566],[-16.927,14.5769],[-16.934,14.5842],[-16.9371,14.5907],[-16.9467,14.6057],[-16.9691,14.633],[-16.9908,14.6446],[-17.0,14.6479],[-17.008,14.6523],[-17.0335,14.66],[-17.0364,14.6785],[-17.0579,14.6816],[-17.094,14.688],[-17.1002,14.6894],[-17.1099,14.6868],[-17.1135,14.6868],[-17.1226,14.682],[-17.1349,14.6897],[-17.1265,14.7777],[-17.1267,14.7844],[-17.1297,14.791],[-17.134,14.7977],[-17.1417,14.815]]]}},{"type":"Feature","properties":{"pcode":"SN1303","nom":"Tivaouane","region":"Thiès"},"geometry":{"type":"Polygon","coordinates":[[[-16.7521,15.3057],[-16.7373,15.2972],[-16.7175,15.2914],[-16.7106,15.2841],[-16.7073,15.2778],[-16.697,15.27],[-16.6891,15.2665],[-16.6784,15.2564],[-16.6714,15.2482],[-16.6533,15.2346],[-16.6365,15.2248],[-16.6316,15.2094],[-16.6277,15.2058],[-16.6203,15.2017],[-16.616,15.1948],[-16.6141,15.188],[-16.6131,15.1784],[-16.6142,15.1652],[-16.6163,15.1489],[-16.6159,15.1458],[-16.6021,15.1596],[-16.598,15.1662],[-16.5931,15.1713],[-16.5749,15.1876],[-16.5722,15.1916],[-16.5582,15.2204],[-16.5434,15.2501],[-16.5307,15.2695],[-16.5249,15.268],[-16.5209,15.2691],[-16.517,15.2725],[-16.5147,15.2794],[-16.5154,15.283],[-16.519,15.2872],[-16.5048,15.3088],[-16.5007,15.3113],[-16.4848,15.3304],[-16.4555,15.3575],[-16.453,15.3602],[-16.4374,15.3458],[-16.4248,15.3322],[-16.4177,15.3253],[-16.4151,15.3246],[-16.3798,15.3257],[-16.3625,15.3239],[-16.3526,15.3211],[-16.3413,15.3083],[-16.3376,15.3021],[-16.3345,15.2944],[-16.3354,15.2895],[-16.3397,15.2814],[-16.3451,15.2763],[-16.3459,15.272],[-16.3432,15.267],[-16.3287,15.2524],[-16.323,15.2488],[-16.317,15.2471],[-16.312,15.2493],[-16.3099,15.2528],[-16.3089,15.264],[-16.3058,15.269],[-16.3022,15.2698],[-16.288,15.2694],[-16.2793,15.2612],[-16.2757,15.2565],[-16.2698,15.2448],[-16.268,15.2386],[-16.2677,15.2321],[-16.2694,15.2152],[-16.2682,15.2033],[-16.2668,15.1976],[-16.2626,15.1895],[-16.2422,15.1636],[-16.2388,15.1582],[-16.2361,15.1511],[-16.2358,15.1443],[-16.2372,15.1315],[-16.2346,15.1225],[-16.227,15.116],[-16.2104,15.1058],[-16.2005,15.0978],[-16.1969,15.0936],[-16.1938,15.0833],[-16.1948,15.0705],[-16.1953,15.0536],[-16.1935,15.0417],[-16.1875,15.0257],[-16.1833,15.0176],[-16.1788,15.0059],[-16.1811,14.9998],[-16.1776,14.9784],[-16.1783,14.9638],[-16.187,14.9625],[-16.2019,14.9571],[-16.2143,14.9532],[-16.2236,14.953],[-16.2284,14.9541],[-16.2317,14.959],[-16.2328,14.9644],[-16.2389,14.9714],[-16.2458,14.9765],[-16.2723,14.9892],[-16.295,14.995],[-16.3014,14.9956],[-16.3075,14.9977],[-16.3197,15.0],[-16.3251,15.0017],[-16.3479,15.0114],[-16.3625,15.0152],[-16.38,15.0191],[-16.4037,15.0213],[-16.4224,15.0245],[-16.4275,15.026],[-16.4357,15.0251],[-16.4532,15.0217],[-16.4668,15.0177],[-16.4804,15.0117],[-16.4976,15.0001],[-16.5121,14.9992],[-16.5206,14.9971],[-16.5355,14.9907],[-16.5516,14.9859],[-16.5753,14.9775],[-16.6026,14.9706],[-16.6144,14.9692],[-16.6538,14.9585],[-16.665,14.9508],[-16.6759,14.9411],[-16.6872,14.9291],[-16.6959,14.9196],[-16.7057,14.9108],[-16.7116,14.9082],[-16.7374,14.893],[-16.7408,14.8897],[-16.7567,14.8797],[-16.7608,14.8784],[-16.7666,14.8792],[-16.7806,14.8838],[-16.7931,14.8857],[-16.8151,14.8779],[-16.8226,14.8747],[-16.8329,14.869],[-16.8402,14.8639],[-16.8518,14.8638],[-16.8568,14.8663],[-16.8681,14.8756],[-16.8729,14.8757],[-16.8781,14.8741],[-16.8803,14.8715],[-16.9011,14.8609],[-16.9044,14.8585],[-16.9206,14.8543],[-16.9339,14.8561],[-16.9503,14.8614],[-16.958,14.8616],[-16.9626,14.8604],[-16.9697,14.8564],[-16.9853,14.8454],[-16.9888,14.8407],[-16.9934,14.8387],[-17.0007,14.8312],[-17.011,14.8252],[-17.0274,14.8142],[-17.037,14.812],[-17.0456,14.811],[-17.0484,14.8123],[-17.0536,14.8218],[-17.0576,14.8254],[-17.0607,14.8374],[-17.0571,14.8666],[-17.0566,14.8728],[-17.0619,14.8947],[-17.0775,14.9122],[-17.0824,14.916],[-17.0838,14.9324],[-17.1085,14.952],[-17.0964,14.9673],[-17.0848,14.9801],[-17.0579,15.0084],[-17.0173,15.0529],[-16.9918,15.0823],[-16.9693,15.1086],[-16.9504,15.1324],[-16.9399,15.1464],[-16.9351,15.1515],[-16.921,15.1704],[-16.9063,15.1885],[-16.8698,15.2379],[-16.8496,15.2682],[-16.844,15.2745],[-16.8373,15.2861],[-16.8315,15.2944],[-16.8265,15.3042],[-16.811,15.3293],[-16.7521,15.3057]]]}},{"type":"Feature","properties":{"pcode":"SN1401","nom":"Bignona","region":"Ziguinchor"},"geometry":{"type":"Polygon","coordinates":[[[-15.8962,13.1469],[-15.9031,13.1462],[-15.9096,13.1432],[-15.9157,13.1367],[-15.9243,13.1314],[-15.9339,13.12],[-15.9349,13.1141],[-15.9331,13.1061],[-15.9272,13.0954],[-15.9223,13.0929],[-15.9068,13.095],[-15.8961,13.0879],[-15.8985,13.0834],[-15.9006,13.0711],[-15.9046,13.0657],[-15.9113,13.0606],[-15.9215,13.0452],[-15.9246,13.0387],[-15.9274,13.0299],[-15.928,13.0217],[-15.9331,13.0096],[-15.9343,13.0046],[-15.9422,12.9918],[-15.9495,12.984],[-15.9482,12.9823],[-15.9556,12.9794],[-15.9593,12.9799],[-15.9651,12.9702],[-15.9669,12.9647],[-15.9659,12.959],[-15.9703,12.9537],[-15.9758,12.9527],[-15.9816,12.9496],[-15.9867,12.9449],[-15.9884,12.9362],[-15.9879,12.9282],[-15.9914,12.9267],[-15.9952,12.9186],[-15.9945,12.9155],[-15.9843,12.9139],[-15.9827,12.908],[-15.98,12.904],[-15.9849,12.9006],[-15.9845,12.8939],[-15.9786,12.8927],[-15.9752,12.8939],[-15.9745,12.8913],[-15.9759,12.884],[-15.9783,12.8757],[-15.9775,12.8711],[-15.9735,12.8631],[-15.9717,12.8571],[-15.9764,12.8465],[-15.9806,12.8429],[-15.9879,12.8347],[-15.9979,12.8289],[-16.0011,12.8241],[-16.0013,12.8185],[-15.9997,12.8078],[-15.9946,12.8026],[-15.9878,12.7894],[-15.9876,12.7852],[-15.9925,12.7715],[-15.9952,12.7661],[-16.0036,12.7639],[-16.0104,12.7604],[-16.021,12.7515],[-16.0196,12.743],[-16.0196,12.7331],[-16.0181,12.73],[-16.0103,12.7226],[-16.0091,12.7203],[-16.0128,12.7138],[-16.0138,12.7064],[-16.0178,12.6971],[-16.0199,12.6838],[-16.0203,12.6724],[-16.015,12.6566],[-16.0229,12.6505],[-16.0317,12.6395],[-16.0442,12.626],[-16.0513,12.6209],[-16.0591,12.6181],[-16.0808,12.618],[-16.0968,12.6171],[-16.1066,12.6137],[-16.1124,12.6096],[-16.1202,12.6021],[-16.127,12.599],[-16.1703,12.5889],[-16.1794,12.5879],[-16.1859,12.5912],[-16.1995,12.603],[-16.2099,12.6097],[-16.2157,12.611],[-16.2244,12.6091],[-16.2294,12.6062],[-16.24,12.5982],[-16.2488,12.593],[-16.2548,12.5909],[-16.2637,12.5901],[-16.2789,12.5914],[-16.2824,12.5926],[-16.2973,12.6016],[-16.3065,12.6045],[-16.3203,12.6042],[-16.3254,12.6032],[-16.3327,12.5987],[-16.3364,12.5942],[-16.3415,12.5849],[-16.344,12.5784],[-16.3541,12.5612],[-16.3614,12.5544],[-16.3688,12.5526],[-16.3737,12.553],[-16.381,12.5569],[-16.3922,12.5675],[-16.3976,12.5705],[-16.4146,12.5733],[-16.4218,12.575],[-16.4283,12.578],[-16.4464,12.5961],[-16.4563,12.6],[-16.4599,12.6],[-16.4857,12.6035],[-16.4918,12.6052],[-16.508,12.6133],[-16.5182,12.6207],[-16.5362,12.634],[-16.5456,12.6394],[-16.5559,12.6445],[-16.5699,12.6481],[-16.5782,12.6482],[-16.5843,12.6468],[-16.5919,12.6437],[-16.6037,12.6355],[-16.6148,12.6254],[-16.6382,12.6055],[-16.6565,12.594],[-16.6745,12.5846],[-16.7015,12.5711],[-16.7114,12.5672],[-16.7274,12.5616],[-16.7491,12.5566],[-16.7489,12.5684],[-16.7534,12.5723],[-16.7616,12.5727],[-16.766,12.5753],[-16.7681,12.5798],[-16.7679,12.5844],[-16.7656,12.6011],[-16.7664,12.6162],[-16.7707,12.6302],[-16.7732,12.6361],[-16.7763,12.6383],[-16.7774,12.6451],[-16.7723,12.6497],[-16.777,12.6517],[-16.7824,12.6647],[-16.7864,12.6687],[-16.7847,12.6699],[-16.7824,12.6774],[-16.7717,12.6846],[-16.7888,12.6968],[-16.7789,12.72],[-16.7761,12.7316],[-16.7769,12.7419],[-16.7806,12.7475],[-16.7872,12.7473],[-16.7872,12.7487],[-16.7806,12.7559],[-16.7838,12.7581],[-16.7872,12.7561],[-16.7908,12.7614],[-16.7906,12.7708],[-16.7843,12.7891],[-16.778,12.8054],[-16.7773,12.818],[-16.7696,12.8523],[-16.763,12.8696],[-16.7598,12.8904],[-16.7549,12.9107],[-16.753,12.928],[-16.7464,12.9454],[-16.7461,12.9517],[-16.7426,12.9727],[-16.7403,12.9839],[-16.7396,12.9948],[-16.7367,13.0114],[-16.7362,13.0266],[-16.7383,13.0335],[-16.7422,13.0415],[-16.7421,13.0501],[-16.7472,13.064],[-16.7465,13.0698],[-16.741,13.0749],[-16.7342,13.0748],[-16.7292,13.0816],[-16.7336,13.0901],[-16.7282,13.093],[-16.7269,13.0989],[-16.7301,13.0982],[-16.7368,13.1039],[-16.7357,13.112],[-16.7308,13.1144],[-16.7299,13.1085],[-16.7262,13.1069],[-16.7205,13.1081],[-16.7164,13.1111],[-16.7198,13.1115],[-16.7245,13.1151],[-16.7264,13.1199],[-16.7237,13.1224],[-16.7216,13.119],[-16.7188,13.1186],[-16.7122,13.1211],[-16.7087,13.1273],[-16.71,13.1327],[-16.7079,13.1343],[-16.704,13.1312],[-16.6997,13.1339],[-16.7035,13.137],[-16.7032,13.1438],[-16.7077,13.147],[-16.7097,13.1533],[-16.7057,13.1556],[-16.702,13.1528],[-16.6997,13.1555],[-16.702,13.1609],[-16.7006,13.1627],[-16.6968,13.1596],[-16.69,13.1604],[-16.6903,13.1657],[-16.6867,13.1688],[-16.6831,13.1682],[-16.6291,13.1664],[-16.6084,13.1661],[-16.566,13.1663],[-16.5527,13.1661],[-16.536,13.1667],[-16.5083,13.1666],[-16.4693,13.166],[-16.4385,13.1665],[-16.3934,13.1658],[-16.3717,13.1658],[-16.3562,13.1665],[-16.3416,13.1661],[-16.2497,13.1649],[-16.0776,13.1643],[-16.0001,13.1644],[-15.9717,13.1663],[-15.9463,13.1693],[-15.8947,13.1678],[-15.8962,13.1469]]]}},{"type":"Feature","properties":{"pcode":"SN1402","nom":"Oussouye","region":"Ziguinchor"},"geometry":{"type":"Polygon","coordinates":[[[-16.5283,12.6058],[-16.5331,12.5938],[-16.5353,12.5839],[-16.534,12.5751],[-16.529,12.5573],[-16.5251,12.5525],[-16.5203,12.5502],[-16.5146,12.5504],[-16.5096,12.5526],[-16.5039,12.5569],[-16.4971,12.5568],[-16.4922,12.5552],[-16.4872,12.551],[-16.4866,12.5478],[-16.4916,12.54],[-16.4927,12.5361],[-16.4897,12.5255],[-16.4861,12.5174],[-16.4773,12.5096],[-16.4716,12.5068],[-16.457,12.5034],[-16.4511,12.4985],[-16.4472,12.4879],[-16.4497,12.4845],[-16.4601,12.4845],[-16.4666,12.4828],[-16.4687,12.4767],[-16.4672,12.4693],[-16.4648,12.4641],[-16.4607,12.451],[-16.4575,12.4439],[-16.4545,12.4413],[-16.442,12.4363],[-16.4377,12.4306],[-16.4382,12.4267],[-16.4513,12.4034],[-16.4496,12.3847],[-16.4437,12.382],[-16.4395,12.384],[-16.4336,12.379],[-16.4371,12.3744],[-16.4427,12.376],[-16.4446,12.3741],[-16.4454,12.3685],[-16.4562,12.3611],[-16.4884,12.357],[-16.4985,12.3545],[-16.5096,12.3508],[-16.5201,12.3542],[-16.5423,12.3601],[-16.5905,12.3494],[-16.6041,12.3474],[-16.6353,12.3599],[-16.688,12.36],[-16.7168,12.3397],[-16.721,12.3459],[-16.7304,12.3562],[-16.7313,12.3688],[-16.7372,12.3801],[-16.7419,12.3824],[-16.745,12.3817],[-16.7497,12.3895],[-16.7572,12.3932],[-16.7608,12.3976],[-16.7638,12.3971],[-16.7655,12.4027],[-16.7719,12.4049],[-16.7768,12.4199],[-16.7811,12.4284],[-16.7824,12.4386],[-16.784,12.4439],[-16.7895,12.4568],[-16.7902,12.4775],[-16.7921,12.4842],[-16.7856,12.4942],[-16.7813,12.506],[-16.7771,12.5209],[-16.7717,12.5311],[-16.767,12.5359],[-16.7583,12.5431],[-16.7532,12.5455],[-16.7494,12.5449],[-16.7491,12.5566],[-16.7274,12.5616],[-16.7114,12.5672],[-16.7015,12.5711],[-16.6745,12.5846],[-16.6565,12.594],[-16.6382,12.6055],[-16.6148,12.6254],[-16.6037,12.6355],[-16.5919,12.6437],[-16.5843,12.6468],[-16.5782,12.6482],[-16.5699,12.6481],[-16.5559,12.6445],[-16.5456,12.6394],[-16.5362,12.634],[-16.5182,12.6207],[-16.5283,12.6058]]]}},{"type":"Feature","properties":{"pcode":"SN1403","nom":"Ziguinchor","region":"Ziguinchor"},"geometry":{"type":"Polygon","coordinates":[[[-15.9641,12.6064],[-15.9668,12.6024],[-15.9646,12.598],[-15.9619,12.5969],[-15.9613,12.5931],[-15.9635,12.5872],[-15.968,12.5809],[-15.9669,12.5743],[-15.9685,12.5728],[-15.9613,12.5635],[-15.9592,12.5634],[-15.9575,12.5565],[-15.9545,12.5508],[-15.9589,12.5476],[-15.9578,12.5416],[-15.9529,12.5379],[-15.9533,12.5323],[-15.9471,12.5305],[-15.9375,12.5254],[-15.9268,12.5177],[-15.9256,12.5152],[-15.9263,12.505],[-15.9277,12.5011],[-15.9274,12.4952],[-15.9244,12.4865],[-15.9246,12.48],[-15.9296,12.4779],[-15.9267,12.4713],[-15.9222,12.4643],[-15.9127,12.4681],[-15.8993,12.4679],[-15.8951,12.4654],[-15.8921,12.4617],[-15.8903,12.4554],[-15.8912,12.4496],[-15.9009,12.4481],[-15.9535,12.4423],[-16.0361,12.4723],[-16.0634,12.4738],[-16.0672,12.4724],[-16.1069,12.4622],[-16.133,12.4563],[-16.1421,12.4534],[-16.1589,12.4491],[-16.2025,12.4606],[-16.2171,12.4552],[-16.2245,12.4506],[-16.3399,12.3933],[-16.3705,12.3769],[-16.3766,12.365],[-16.3899,12.3656],[-16.4174,12.366],[-16.4267,12.3653],[-16.4562,12.3611],[-16.4454,12.3685],[-16.4446,12.3741],[-16.4427,12.376],[-16.4371,12.3744],[-16.4336,12.379],[-16.4395,12.384],[-16.4437,12.382],[-16.4496,12.3847],[-16.4513,12.4034],[-16.4382,12.4267],[-16.4377,12.4306],[-16.442,12.4363],[-16.4545,12.4413],[-16.4575,12.4439],[-16.4607,12.451],[-16.4648,12.4641],[-16.4672,12.4693],[-16.4687,12.4767],[-16.4666,12.4828],[-16.4601,12.4845],[-16.4497,12.4845],[-16.4472,12.4879],[-16.4511,12.4985],[-16.457,12.5034],[-16.4716,12.5068],[-16.4773,12.5096],[-16.4861,12.5174],[-16.4897,12.5255],[-16.4927,12.5361],[-16.4916,12.54],[-16.4866,12.5478],[-16.4872,12.551],[-16.4922,12.5552],[-16.4971,12.5568],[-16.5039,12.5569],[-16.5096,12.5526],[-16.5146,12.5504],[-16.5203,12.5502],[-16.5251,12.5525],[-16.529,12.5573],[-16.534,12.5751],[-16.5353,12.5839],[-16.5331,12.5938],[-16.5283,12.6058],[-16.5182,12.6207],[-16.508,12.6133],[-16.4918,12.6052],[-16.4857,12.6035],[-16.4599,12.6],[-16.4563,12.6],[-16.4464,12.5961],[-16.4283,12.578],[-16.4218,12.575],[-16.4146,12.5733],[-16.3976,12.5705],[-16.3922,12.5675],[-16.381,12.5569],[-16.3737,12.553],[-16.3688,12.5526],[-16.3614,12.5544],[-16.3541,12.5612],[-16.344,12.5784],[-16.3415,12.5849],[-16.3364,12.5942],[-16.3327,12.5987],[-16.3254,12.6032],[-16.3203,12.6042],[-16.3065,12.6045],[-16.2973,12.6016],[-16.2824,12.5926],[-16.2789,12.5914],[-16.2637,12.5901],[-16.2548,12.5909],[-16.2488,12.593],[-16.24,12.5982],[-16.2294,12.6062],[-16.2244,12.6091],[-16.2157,12.611],[-16.2099,12.6097],[-16.1995,12.603],[-16.1859,12.5912],[-16.1794,12.5879],[-16.1703,12.5889],[-16.127,12.599],[-16.1202,12.6021],[-16.1124,12.6096],[-16.1066,12.6137],[-16.0968,12.6171],[-16.0808,12.618],[-16.0591,12.6181],[-16.0513,12.6209],[-16.0442,12.626],[-16.0317,12.6395],[-16.0229,12.6505],[-16.015,12.6566],[-16.0102,12.6577],[-15.9992,12.6574],[-15.9888,12.6524],[-15.9838,12.6476],[-15.9754,12.6331],[-15.9687,12.6275],[-15.9641,12.6064]]]}}],"source":"OCHA COD-AB Senegal v02 (2024), CC BY-IGO ; simplifie par scripts/28_contours_simplifies.py (coverage_simplify, tolerance 0.002 deg)"}