longitude,latitude,event_date,pixel_id,precipitation_mm,anomaly_standardized,climatology_mm,is_extreme,is_intense,intensity_category,anomaly_category,region,climate_zone,season_phase,phase_description,year,month,day,day_of_year,precip_percentile,anomaly_percentile,distance_to_coast
-16.625,12.375,1985-08-06,1985-08-06_000_003,8.461650848388672,-0.4739924371242523,17.08795738220215,False,False,modérée,normale,Ziguinchor,Zone soudanienne,Phase_2_pleine,Pleine saison (Juillet-Août),1985,8,6,218,8.489954943632956,-0.4736103859528824,95.14187622070312
-16.375,12.375,1985-08-06,1985-08-06_000_004,9.423874855041504,-0.3891988694667816,15.582767486572266,False,False,modérée,normale,Ziguinchor,Zone soudanienne,Phase_2_pleine,Pleine saison (Juillet-Août),1985,8,6,218,9.476816258837829,-0.38894187670257224,122.32527160644531
-16.125,12.375,1985-08-06,1985-08-06_000_005,12.436239242553711,-0.08326873928308487,13.7073392868042,False,False,modérée,normale,Sédhiou,Zone soudanienne,Phase_2_pleine,Pleine saison (Juillet-Août),1985,8,6,218,12.612998535884664,-0.07865377919907551,149.5086669921875
-15.875,12.375,1985-08-06,1985-08-06_000_006,10.5029296875,-0.2026374489068985,13.592537879943848,False,False,modérée,normale,Sédhiou,Zone soudanienne,Phase_2_pleine,Pleine saison (Juillet-Août),1985,8,6,218,10.574777881104746,-0.20023037216172151,176.6920623779297
-15.625,12.375,1985-08-06,1985-08-06_000_007,15.35978889465332,0.054473403841257095,14.534499168395996,False,False,modérée,normale,Sédhiou,Zone soudanienne,Phase_2_pleine,Pleine saison (Juillet-Août),1985,8,6,218,15.416093787955273,0.055172821815738786,203.87545776367188
-15.375,12.375,1985-08-06,1985-08-06_000_008,14.898530006408691,-0.024159733206033707,15.282784461975098,False,False,modérée,normale,Sédhiou,Zone soudanienne,Phase_2_pleine,Pleine saison (Juillet-Août),1985,8,6,218,15.006311605923118,-0.01688816937519566,231.058837890625
-15.125,12.375,1985-08-06,1985-08-06_000_009,30.08721923828125,0.8020638823509216,16.971757888793945,False,True,forte,normale,Sédhiou,Zone soudanienne,Phase_2_pleine,Pleine saison (Juillet-Août),1985,8,6,218,30.496565459361616,0.8033647833757064,258.24224853515625
-14.875,12.375,1985-08-06,1985-08-06_000_010,38.01461410522461,1.4862521886825562,15.263001441955566,False,True,forte,humide,Kolda,Zone soudanienne,Phase_2_pleine,Pleine saison (Juillet-Août),1985,8,6,218,38.143340585219825,1.4983493185522598,285.4256286621094
-14.625,12.375,1985-08-06,1985-08-06_000_011,93.36294555664062,4.106907844543457,16.356464385986328,True,True,très forte,exceptionelle,Kolda,Zone soudanienne,Phase_2_pleine,Pleine saison (Juillet-Août),1985,8,6,218,93.42679716714062,4.113328420936162,312.6090393066406
-14.375,12.375,1985-08-06,1985-08-06_000_012,120.57044219970703,4.34260892868042,18.07386589050293,True,True,extrême,exceptionelle,Kolda,Zone soudanienne,Phase_2_pleine,Pleine saison (Juillet-Août),1985,8,6,218,120.57960115365647,4.345217340555623,339.79241943359375
-14.125,12.375,1985-08-06,1985-08-06_000_013,191.1962890625,5.196719646453857,19.485631942749023,True,True,extrême,exceptionelle,Kolda,Zone soudanienne,Phase_2_pleine,Pleine saison (Juillet-Août),1985,8,6,218,191.38121446772433,5.1983475733042965,366.9757995605469
-13.875,12.375,1985-08-06,1985-08-06_000_014,211.88906860351562,5.760221004486084,18.17262840270996,True,True,extrême,exceptionelle,Kolda,Zone soudanienne,Phase_2_pleine,Pleine saison (Juillet-Août),1985,8,6,218,211.89068825879886,5.760630058882823,394.1592102050781
-13.625,12.375,1985-08-06,1985-08-06_000_015,231.35137939453125,5.9625935554504395,17.899250030517578,True,True,extrême,exceptionelle,Kolda,Zone soudanienne,Phase_2_pleine,Pleine saison (Juillet-Août),1985,8,6,218,231.35137939453125,5.9625935554504395,421.34259033203125
-13.375,12.375,1985-08-06,1985-08-06_000_016,212.12631225585938,5.9255828857421875,16.284334182739258,True,True,extrême,exceptionelle,Kédougou,Zone soudanienne,Phase_2_pleine,Pleine saison (Juillet-Août),1985,8,6,218,212.17461644464956,5.925685081050624,448.5260009765625
-13.125,12.375,1985-08-06,1985-08-06_000_017,176.4390869140625,5.670303821563721,15.18090534210205,True,True,extrême,exceptionelle,Kédougou,Zone soudanienne,Phase_2_pleine,Pleine saison (Juillet-Août),1985,8,6,218,176.57435109507506,5.670758920698309,475.7093811035156
-12.875,12.375,1985-08-06,1985-08-06_000_018,147.6811981201172,5.2968950271606445,14.454510688781738,True,True,extrême,exceptionelle,Kédougou,Zone soudanienne,Phase_2_pleine,Pleine saison (Juillet-Août),1985,8,6,218,147.8992196854635,5.302561180076404,502.89276123046875
-12.625,12.375,1985-08-06,1985-08-06_000_019,90.05558776855469,4.488820552825928,12.69024658203125,True,True,très forte,exceptionelle,Kédougou,Zone soudanienne,Phase_2_pleine,Pleine saison (Juillet-Août),1985,8,6,218,90.27164631752521,4.489791226746449,530.076171875
-12.375,12.375,1985-08-06,1985-08-06_000_020,79.6493911743164,4.197141170501709,12.472472190856934,True,True,très forte,exceptionelle,Kédougou,Zone soudanienne,Phase_2_pleine,Pleine saison (Juillet-Août),1985,8,6,218,80.01855865555198,4.211030051935862,557.2595825195312
-12.125,12.375,1985-08-06,1985-08-06_000_021,36.88165283203125,2.325883150100708,10.711169242858887,True,True,forte,très humide,Kédougou,Zone soudanienne,Phase_2_pleine,Pleine saison (Juillet-Août),1985,8,6,218,36.90520111160662,2.327609522258816,584.4429321289062
-11.875,12.375,1985-08-06,1985-08-06_000_022,37.77286911010742,2.4607229232788086,10.33202838897705,True,True,forte,très humide,Kédougou,Zone soudanienne,Phase_2_pleine,Pleine saison (Juillet-Août),1985,8,6,218,37.809363149518354,2.4638859500837094,611.6263427734375
-11.625,12.375,1985-08-06,1985-08-06_000_023,23.142841339111328,1.1120703220367432,9.867966651916504,False,True,forte,humide,Kédougou,Zone soudanienne,Phase_2_pleine,Pleine saison (Juillet-Août),1985,8,6,218,23.322510580321634,1.1157676954964302,638.8097534179688
-11.375,12.375,1985-08-06,1985-08-06_000_024,24.08959197998047,1.3173015117645264,9.508764266967773,False,True,forte,humide,Kédougou,Zone soudanienne,Phase_2_pleine,Pleine saison (Juillet-Août),1985,8,6,218,24.18167762181269,1.3292906985211002,665.9931640625
-16.625,12.625,1985-08-06,1985-08-06_001_003,7.654501914978027,-0.4818795323371887,16.082820892333984,False,False,modérée,normale,Ziguinchor,Zone soudanienne,Phase_2_pleine,Pleine saison (Juillet-Août),1985,8,6,218,7.69927657189681,-0.48163902692159816,95.04988861083984
-16.375,12.625,1985-08-06,1985-08-06_001_004,7.979987621307373,-0.457539439201355,14.60333251953125,False,False,modérée,normale,Ziguinchor,Zone soudanienne,Phase_2_pleine,Pleine saison (Juillet-Août),1985,8,6,218,8.00348606660737,-0.4575041485341949,122.2070083618164
-16.125,12.625,1985-08-06,1985-08-06_001_005,8.214194297790527,-0.34404468536376953,12.859160423278809,False,False,modérée,normale,Sédhiou,Zone soudanienne,Phase_2_pleine,Pleine saison (Juillet-Août),1985,8,6,218,8.283208561902082,-0.34175853214072227,149.36412048339844
-15.875,12.625,1985-08-06,1985-08-06_001_006,6.061162948608398,-0.48509567975997925,12.5855131149292,False,False,modérée,normale,Sédhiou,Zone soudanienne,Phase_2_pleine,Pleine saison (Juillet-Août),1985,8,6,218,6.175961045164541,-0.4840361014682444,176.521240234375
-15.625,12.625,1985-08-06,1985-08-06_001_007,11.009543418884277,-0.11615370959043503,12.485808372497559,False,False,modérée,normale,Sédhiou,Zone soudanienne,Phase_2_pleine,Pleine saison (Juillet-Août),1985,8,6,218,11.065590312133489,-0.10920913199234358,203.6783447265625
-15.375,12.625,1985-08-06,1985-08-06_001_008,10.7752685546875,-0.14254194498062134,12.774176597595215,False,False,modérée,normale,Kolda,Zone soudanienne,Phase_2_pleine,Pleine saison (Juillet-Août),1985,8,6,218,10.830105805516839,-0.1344220947904798,230.83544921875
-15.125,12.625,1985-08-06,1985-08-06_001_009,19.837194442749023,0.4522174596786499,13.565380096435547,False,False,modérée,normale,Kolda,Zone soudanienne,Phase_2_pleine,Pleine saison (Juillet-Août),1985,8,6,218,19.937869359500453,0.4818607997055609,257.9925842285156
-14.875,12.625,1985-08-06,1985-08-06_001_010,24.8153133392334,0.9891784191131592,12.180198669433594,False,True,forte,normale,Kolda,Zone soudanienne,Phase_2_pleine,Pleine saison (Juillet-Août),1985,8,6,218,24.91949943082417,1.0157329509006672,285.1496887207031
-14.625,12.625,1985-08-06,1985-08-06_001_011,72.3752212524414,3.972876787185669,12.644758224487305,True,True,très forte,exceptionelle,Kolda,Zone soudanienne,Phase_2_pleine,Pleine saison (Juillet-Août),1985,8,6,218,72.39111565824729,3.9811139076798425,312.3067932128906
-14.375,12.625,1985-08-06,1985-08-06_001_012,94.37946319580078,4.431075572967529,13.615887641906738,True,True,très forte,exceptionelle,Kolda,Zone soudanienne,Phase_2_pleine,Pleine saison (Juillet-Août),1985,8,6,218,94.41412349681755,4.432627090856658,339.4638977050781
-14.125,12.625,1985-08-06,1985-08-06_001_013,169.8993682861328,5.234832286834717,16.476898193359375,True,True,extrême,exceptionelle,Kolda,Zone soudanienne,Phase_2_pleine,Pleine saison (Juillet-Août),1985,8,6,218,169.93789945056093,5.23562480456865,366.6210021972656
-13.875,12.625,1985-08-06,1985-08-06_001_014,184.12982177734375,5.566276550292969,15.876715660095215,True,True,extrême,exceptionelle,Kolda,Zone soudanienne,Phase_2_pleine,Pleine saison (Juillet-Août),1985,8,6,218,184.23635143490876,5.5686070859132695,393.77813720703125
-13.625,12.625,1985-08-06,1985-08-06_001_015,212.10394287109375,5.939140796661377,14.656878471374512,True,True,extrême,exceptionelle,Tambacounda,Zone soudanienne,Phase_2_pleine,Pleine saison (Juillet-Août),1985,8,6,218,212.10405528006243,5.939238172080649,420.93524169921875
-13.375,12.625,1985-08-06,1985-08-06_001_016,205.91635131835938,5.9585185050964355,13.729513168334961,True,True,extrême,exceptionelle,Kédougou,Zone soudanienne,Phase_2_pleine,Pleine saison (Juillet-Août),1985,8,6,218,205.97637862775807,5.95852874391642,448.09234619140625
-13.125,12.625,1985-08-06,1985-08-06_001_017,166.21377563476562,5.787354946136475,12.543877601623535,True,True,extrême,exceptionelle,Kédougou,Zone soudanienne,Phase_2_pleine,Pleine saison (Juillet-Août),1985,8,6,218,166.30637846520196,5.788328155201284,475.24945068359375
-12.875,12.625,1985-08-06,1985-08-06_001_018,142.5600128173828,5.513251304626465,12.313057899475098,True,True,extrême,exceptionelle,Kédougou,Zone soudanienne,Phase_2_pleine,Pleine saison (Juillet-Août),1985,8,6,218,142.72728771420572,5.514716826491621,502.40655517578125
-12.625,12.625,1985-08-06,1985-08-06_001_019,84.71589660644531,4.482761859893799,11.11452865600586,True,True,très forte,exceptionelle,Kédougou,Zone soudanienne,Phase_2_pleine,Pleine saison (Juillet-Août),1985,8,6,218,85.02103297554658,4.483188099597567,529.5636596679688
-12.375,12.625,1985-08-06,1985-08-06_001_020,72.17436218261719,4.503129005432129,9.503745079040527,True,True,très forte,exceptionelle,Kédougou,Zone soudanienne,Phase_2_pleine,Pleine saison (Juillet-Août),1985,8,6,218,72.19202566865701,4.506364542036201,556.7208251953125
-12.125,12.625,1985-08-06,1985-08-06_001_021,39.900001525878906,2.992535352706909,8.81861686706543,True,True,forte,très humide,Kédougou,Zone soudanienne,Phase_2_pleine,Pleine saison (Juillet-Août),1985,8,6,218,39.92452664590961,2.9971829335294187,583.8778686523438
-11.875,12.625,1985-08-06,1985-08-06_001_022,38.868499755859375,3.0816657543182373,8.619332313537598,True,True,forte,exceptionelle,Kédougou,Zone soudanienne,Phase_2_pleine,Pleine saison (Juillet-Août),1985,8,6,218,38.86867562490492,3.0823192620397215,611.0350341796875
-11.625,12.625,1985-08-06,1985-08-06_001_023,24.547718048095703,1.6996711492538452,8.561247825622559,False,True,forte,humide,Kédougou,Zone soudanienne,Phase_2_pleine,Pleine saison (Juillet-Août),1985,8,6,218,24.600833696336615,1.72417804943257,638.192138671875
-11.375,12.625,1985-08-06,1985-08-06_001_024,25.3469295501709,1.8263431787490845,8.341277122497559,False,True,forte,humide,Kédougou,Zone soudanienne,Phase_2_pleine,Pleine saison (Juillet-Août),1985,8,6,218,25.423423038655184,1.9051264596344852,665.3492431640625
-16.625,12.875,1985-08-06,1985-08-06_002_003,7.517256259918213,-0.5243360996246338,15.78243350982666,False,False,modérée,normale,Ziguinchor,Zone soudanienne,Phase_2_pleine,Pleine saison (Juillet-Août),1985,8,6,218,7.557947182775143,-0.5238384254014672,94.95609283447266
-16.375,12.875,1985-08-06,1985-08-06_002_004,6.714364528656006,-0.4883847236633301,13.145428657531738,False,False,modérée,normale,Ziguinchor,Zone soudanienne,Phase_2_pleine,Pleine saison (Juillet-Août),1985,8,6,218,6.805694129598796,-0.4871454346719099,122.08641052246094
-16.125,12.875,1985-08-06,1985-08-06_002_005,0.0,-0.9337314963340759,11.382506370544434,False,False,trace,normale,Sédhiou,Zone soudanienne,Phase_2_pleine,Pleine saison (Juillet-Août),1985,8,6,218,0.08147261018429101,-0.8916203151995213,149.2167205810547
-15.875,12.875,1985-08-06,1985-08-06_002_006,0.0,-0.891514241695404,10.526456832885742,False,False,trace,normale,Sédhiou,Zone soudanienne,Phase_2_pleine,Pleine saison (Juillet-Août),1985,8,6,218,0.08147261018429101,-0.7974763009416398,176.34703063964844
-15.625,12.875,1985-08-06,1985-08-06_002_007,8.061312675476074,-0.20687229931354523,10.362593650817871,False,False,modérée,normale,Sédhiou,Zone soudanienne,Phase_2_pleine,Pleine saison (Juillet-Août),1985,8,6,218,8.081934023143058,-0.20589323405494642,203.47735595703125
-15.375,12.875,1985-08-06,1985-08-06_002_008,8.144736289978027,-0.21940405666828156,10.684046745300293,False,False,modérée,normale,Kolda,Zone soudanienne,Phase_2_pleine,Pleine saison (Juillet-Août),1985,8,6,218,8.164282262025768,-0.21512184812495483,230.60765075683594
-15.125,12.875,1985-08-06,1985-08-06_002_009,13.1614990234375,0.05036139488220215,12.495741844177246,False,False,modérée,normale,Kolda,Zone soudanienne,Phase_2_pleine,Pleine saison (Juillet-Août),1985,8,6,218,13.312656728466585,0.0515288748127881,257.73797607421875
-14.875,12.875,1985-08-06,1985-08-06_002_010,15.603368759155273,0.3411412835121155,11.27574634552002,False,False,modérée,normale,Kolda,Zone soudanienne,Phase_2_pleine,Pleine saison (Juillet-Août),1985,8,6,218,15.732454175326092,0.3690498704886335,284.8682861328125
-14.625,12.875,1985-08-06,1985-08-06_002_011,44.84589767456055,2.378591299057007,10.771208763122559,True,True,forte,très humide,Kolda,Zone soudanienne,Phase_2_pleine,Pleine saison (Juillet-Août),1985,8,6,218,45.06030253309693,2.384729305104395,311.99859619140625
-14.375,12.875,1985-08-06,1985-08-06_002_012,55.48445129394531,3.023364305496216,11.126153945922852,True,True,très forte,exceptionelle,Kolda,Zone soudanienne,Phase_2_pleine,Pleine saison (Juillet-Août),1985,8,6,218,55.71533923891924,3.0320069825828972,339.12890625
-14.125,12.875,1985-08-06,1985-08-06_002_013,125.19918823242188,5.116249084472656,12.071199417114258,True,True,extrême,exceptionelle,Kolda,Zone soudanienne,Phase_2_pleine,Pleine saison (Juillet-Août),1985,8,6,218,125.27316130825028,5.119433368270721,366.25921630859375
-13.875,12.875,1985-08-06,1985-08-06_002_014,154.91224670410156,5.1829514503479,13.818593978881836,True,True,extrême,exceptionelle,Tambacounda,Zone soudanienne,Phase_2_pleine,Pleine saison (Juillet-Août),1985,8,6,218,155.22460051876848,5.183574132583848,393.3895263671875
-13.625,12.875,1985-08-06,1985-08-06_002_015,171.60330200195312,5.6929450035095215,12.578831672668457,True,True,extrême,exceptionelle,Tambacounda,Zone soudanienne,Phase_2_pleine,Pleine saison (Juillet-Août),1985,8,6,218,171.70050370872912,5.694128249757854,420.51983642578125
-13.375,12.875,1985-08-06,1985-08-06_002_016,139.06365966796875,5.8648223876953125,9.77842903137207,True,True,extrême,exceptionelle,Tambacounda,Zone soudanienne,Phase_2_pleine,Pleine saison (Juillet-Août),1985,8,6,218,139.18664696468187,5.8654330459671415,447.6501770019531
-13.125,12.875,1985-08-06,1985-08-06_002_017,127.03926849365234,5.659031867980957,10.532307624816895,True,True,extrême,exceptionelle,Kédougou,Zone soudanienne,Phase_2_pleine,Pleine saison (Juillet-Août),1985,8,6,218,127.49244906554861,5.659286761403683,474.78045654296875
-12.875,12.875,1985-08-06,1985-08-06_002_018,120.77295684814453,5.470366477966309,11.25403881072998,True,True,extrême,exceptionelle,Kédougou,Zone soudanienne,Phase_2_pleine,Pleine saison (Juillet-Août),1985,8,6,218,120.96201698264886,5.471659487815359,501.9107666015625
-12.625,12.875,1985-08-06,1985-08-06_002_019,79.4701156616211,4.90648078918457,10.057008743286133,True,True,très forte,exceptionelle,Kédougou,Zone soudanienne,Phase_2_pleine,Pleine saison (Juillet-Août),1985,8,6,218,79.48362889122124,4.9170219095508045,529.0410766601562
-12.375,12.875,1985-08-06,1985-08-06_002_020,70.1596450805664,4.479970455169678,9.18759822845459,True,True,très forte,exceptionelle,Kédougou,Zone soudanienne,Phase_2_pleine,Pleine saison (Juillet-Août),1985,8,6,218,70.34188079833989,4.480173848981234,556.1714477539062
-12.125,12.875,1985-08-06,1985-08-06_002_021,42.251495361328125,3.0935018062591553,8.17482852935791,True,True,forte,exceptionelle,Kédougou,Zone soudanienne,Phase_2_pleine,Pleine saison (Juillet-Août),1985,8,6,218,42.52064990518086,3.1007727390557656,583.3016967773438
-11.875,12.875,1985-08-06,1985-08-06_002_022,40.210872650146484,3.0861501693725586,8.03525447845459,True,True,forte,exceptionelle,Kédougou,Zone soudanienne,Phase_2_pleine,Pleine saison (Juillet-Août),1985,8,6,218,40.22453022482407,3.0872030419919962,610.4320068359375
-11.625,12.875,1985-08-06,1985-08-06_002_023,25.971942901611328,2.3042609691619873,7.343742847442627,True,True,forte,très humide,Kédougou,Zone soudanienne,Phase_2_pleine,Pleine saison (Juillet-Août),1985,8,6,218,26.227165917056325,2.3081725194825595,637.5623779296875
-11.375,12.875,1985-08-06,1985-08-06_002_024,27.326326370239258,2.338404655456543,7.646590709686279,True,True,forte,très humide,Kédougou,Zone soudanienne,Phase_2_pleine,Pleine saison (Juillet-Août),1985,8,6,218,27.400058401289918,2.3453716866335075,664.6926879882812
-16.625,13.125,1985-08-06,1985-08-06_003_003,5.894664287567139,-0.4183133840560913,10.620944023132324,False,False,modérée,normale,Ziguinchor,Zone soudanienne,Phase_2_pleine,Pleine saison (Juillet-Août),1985,8,6,218,5.9005772444471045,-0.41684063924616904,94.86048126220703
-16.375,13.125,1985-08-06,1985-08-06_003_004,6.426680088043213,-0.3370356857776642,9.966801643371582,False,False,modérée,normale,Ziguinchor,Zone soudanienne,Phase_2_pleine,Pleine saison (Juillet-Août),1985,8,6,218,6.437099507106607,-0.33593408733456587,121.9634780883789
-16.125,13.125,1985-08-06,1985-08-06_003_005,2.3763344287872314,-0.6661061644554138,9.576619148254395,False,False,faible,normale,Sédhiou,Zone soudanienne,Phase_2_pleine,Pleine saison (Juillet-Août),1985,8,6,218,2.399164550867513,-0.6645569814809004,149.0664825439453
-15.875,13.125,1985-08-06,1985-08-06_003_006,2.187450647354126,-0.6638236045837402,9.136165618896484,False,False,faible,normale,Sédhiou,Zone soudanienne,Phase_2_pleine,Pleine saison (Juillet-Août),1985,8,6,218,2.239973838005836,-0.6637568485796751,176.1694793701172
-15.625,13.125,1985-08-06,1985-08-06_003_007,6.460123062133789,-0.2744602560997009,10.202679634094238,False,False,modérée,normale,Sédhiou,Zone soudanienne,Phase_2_pleine,Pleine saison (Juillet-Août),1985,8,6,218,6.511527248363398,-0.2707877031073497,203.27247619628906
-15.375,13.125,1985-08-06,1985-08-06_003_008,5.799034595489502,-0.25017911195755005,8.849141120910645,False,False,modérée,normale,Kolda,Zone soudanienne,Phase_2_pleine,Pleine saison (Juillet-Août),1985,8,6,218,5.829789873343616,-0.24853775886135496,230.37545776367188
-15.125,13.125,1985-08-06,1985-08-06_003_009,9.618973731994629,-0.038132622838020325,10.091490745544434,False,False,modérée,normale,Kolda,Zone soudanienne,Phase_2_pleine,Pleine saison (Juillet-Août),1985,8,6,218,9.783534466920802,-0.0361677596354904,257.47845458984375
-14.875,13.125,1985-08-06,1985-08-06_003_010,11.61899185180664,0.17872844636440277,9.650184631347656,False,False,modérée,normale,Kolda,Zone soudanienne,Phase_2_pleine,Pleine saison (Juillet-Août),1985,8,6,218,11.638576200859033,0.19879253759006352,284.5814514160156
-14.625,13.125,1985-08-06,1985-08-06_003_011,28.35211753845215,1.3754929304122925,9.878031730651855,False,True,forte,humide,Kolda,Zone soudanienne,Phase_2_pleine,Pleine saison (Juillet-Août),1985,8,6,218,28.603782088313245,1.392301080813959,311.6844482421875
-14.375,13.125,1985-08-06,1985-08-06_003_012,37.025840759277344,1.5471972227096558,11.124971389770508,False,True,forte,humide,Tambacounda,Zone soudanienne,Phase_2_pleine,Pleine saison (Juillet-Août),1985,8,6,218,37.03246015999186,1.5770790475097756,338.7874450683594
-14.125,13.125,1985-08-06,1985-08-06_003_013,89.05319213867188,3.7854316234588623,11.228302955627441,True,True,très forte,exceptionelle,Tambacounda,Zone soudanienne,Phase_2_pleine,Pleine saison (Juillet-Août),1985,8,6,218,89.1211938522569,3.7868822231963652,365.89044189453125
-13.875,13.125,1985-08-06,1985-08-06_003_014,97.44576263427734,3.9121899604797363,11.602872848510742,True,True,très forte,exceptionelle,Tambacounda,Zone soudanienne,Phase_2_pleine,Pleine saison (Juillet-Août),1985,8,6,218,97.95158993898349,3.918899056899488,392.9934387207031
-13.625,13.125,1985-08-06,1985-08-06_003_015,119.3947525024414,4.459273815155029,11.976734161376953,True,True,extrême,exceptionelle,Tambacounda,Zone soudanienne,Phase_2_pleine,Pleine saison (Juillet-Août),1985,8,6,218,119.4508783925119,4.4604742694739725,420.096435546875
-13.375,13.125,1985-08-06,1985-08-06_003_016,107.03239440917969,5.254546165466309,9.927218437194824,True,True,extrême,exceptionelle,Tambacounda,Zone soudanienne,Phase_2_pleine,Pleine saison (Juillet-Août),1985,8,6,218,107.65361843396661,5.255479538260992,447.1994323730469
-13.125,13.125,1985-08-06,1985-08-06_003_017,95.88874053955078,5.279311656951904,9.4672269821167,True,True,très forte,exceptionelle,Tambacounda,Zone soudanienne,Phase_2_pleine,Pleine saison (Juillet-Août),1985,8,6,218,95.9748070875005,5.279930167461759,474.30242919921875
-12.875,13.125,1985-08-06,1985-08-06_003_018,94.9542465209961,4.65478515625,11.425347328186035,True,True,très forte,exceptionelle,Tambacounda,Zone soudanienne,Phase_2_pleine,Pleine saison (Juillet-Août),1985,8,6,218,95.00824994417889,4.6683262029484895,501.4053955078125
-12.625,13.125,1985-08-06,1985-08-06_003_019,69.79934692382812,4.475248336791992,9.356009483337402,True,True,très forte,exceptionelle,Tambacounda,Zone soudanienne,Phase_2_pleine,Pleine saison (Juillet-Août),1985,8,6,218,69.83284197860027,4.475604275363175,528.5084228515625
-12.375,13.125,1985-08-06,1985-08-06_003_020,61.722965240478516,4.6463775634765625,8.024484634399414,True,True,très forte,exceptionelle,Tambacounda,Zone soudanienne,Phase_2_pleine,Pleine saison (Juillet-Août),1985,8,6,218,62.50972984544003,4.6468634293906055,555.6114501953125
-12.125,13.125,1985-08-06,1985-08-06_003_021,52.236900329589844,3.797715425491333,8.397567749023438,True,True,très forte,exceptionelle,Tambacounda,Zone soudanienne,Phase_2_pleine,Pleine saison (Juillet-Août),1985,8,6,218,52.33389418328825,3.8051273056011112,582.71435546875
-11.875,13.125,1985-08-06,1985-08-06_003_022,49.416133880615234,3.692730665206909,8.114727973937988,True,True,forte,exceptionelle,Tambacounda,Zone soudanienne,Phase_2_pleine,Pleine saison (Juillet-Août),1985,8,6,218,49.71211186126247,3.698823517890431,609.8173828125
-11.625,13.125,1985-08-06,1985-08-06_003_023,40.3097038269043,3.601600170135498,7.4070563316345215,True,True,forte,exceptionelle,Tambacounda,Zone soudanienne,Phase_2_pleine,Pleine saison (Juillet-Août),1985,8,6,218,40.573162979816075,3.613277695885851,636.92041015625
-11.375,13.125,1985-08-06,1985-08-06_003_024,37.0670051574707,3.5735692977905273,7.192986011505127,True,True,forte,exceptionelle,Kédougou,Zone soudanienne,Phase_2_pleine,Pleine saison (Juillet-Août),1985,8,6,218,37.178737391179546,3.5772316228205248,664.0234375
-16.625,13.375,1985-08-06,1985-08-06_004_003,5.695826053619385,-0.33813631534576416,9.45461654663086,False,False,modérée,normale,Ziguinchor,Zone soudanienne,Phase_2_pleine,Pleine saison (Juillet-Août),1985,8,6,218,5.7292780684466305,-0.33810859020031875,94.76307678222656
-16.375,13.375,1985-08-06,1985-08-06_004_004,7.014770984649658,-0.06833577901124954,7.6961469650268555,False,False,modérée,normale,Ziguinchor,Zone soudanienne,Phase_2_pleine,Pleine saison (Juillet-Août),1985,8,6,218,7.060789748052849,-0.0646340318361117,121.83824157714844
-16.125,13.375,1985-08-06,1985-08-06_004_005,5.627248764038086,-0.29461631178855896,9.256525993347168,False,False,modérée,normale,Kaolack,Zone soudanienne,Phase_2_pleine,Pleine saison (Juillet-Août),1985,8,6,218,5.649648381238008,-0.29191187113972783,148.9134063720703
-15.875,13.375,1985-08-06,1985-08-06_004_006,4.724074840545654,-0.32929539680480957,8.92202377319336,False,False,faible,normale,Sédhiou,Zone soudanienne,Phase_2_pleine,Pleine saison (Juillet-Août),1985,8,6,218,4.847565101019685,-0.3205122087319295,175.9885711669922
-15.625,13.375,1985-08-06,1985-08-06_004_007,0.7098421454429626,-0.5922142863273621,7.275169372558594,False,False,trace,normale,Sédhiou,Zone soudanienne,Phase_2_pleine,Pleine saison (Juillet-Août),1985,8,6,218,0.7355718882239649,-0.591273464449686,203.06373596191406
-15.375,13.375,1985-08-06,1985-08-06_004_008,0.0,-0.6637516021728516,8.03650188446045,False,False,trace,normale,Kolda,Zone soudanienne,Phase_2_pleine,Pleine saison (Juillet-Août),1985,8,6,218,0.08147261018429101,-0.6629348999291809,230.13888549804688
-15.125,13.375,1985-08-06,1985-08-06_004_009,5.25581169128418,-0.2419121265411377,7.457808971405029,False,False,modérée,normale,Kolda,Zone soudanienne,Phase_2_pleine,Pleine saison (Juillet-Août),1985,8,6,218,5.2797329437792575,-0.23923169570652109,257.2140808105469
-14.875,13.375,1985-08-06,1985-08-06_004_010,5.91319465637207,-0.17476603388786316,7.410195827484131,False,False,modérée,normale,Kolda,Zone soudanienne,Phase_2_pleine,Pleine saison (Juillet-Août),1985,8,6,218,5.960038889592614,-0.1714955422297197,284.2892150878906
-14.625,13.375,1985-08-06,1985-08-06_004_011,13.78817367553711,0.6039071679115295,7.917511463165283,False,False,modérée,normale,Kolda,Zone soudanienne,Phase_2_pleine,Pleine saison (Juillet-Août),1985,8,6,218,13.904990236962869,0.6165739362263785,311.3644104003906
-14.375,13.375,1985-08-06,1985-08-06_004_012,16.167940139770508,0.8009740710258484,7.205935955047607,False,False,modérée,normale,Tambacounda,Zone soudanienne,Phase_2_pleine,Pleine saison (Juillet-Août),1985,8,6,218,16.354524842458773,0.8012287254309534,338.4395446777344
-14.125,13.375,1985-08-06,1985-08-06_004_013,38.869686126708984,2.428013563156128,7.765899181365967,True,True,forte,très humide,Tambacounda,Zone soudanienne,Phase_2_pleine,Pleine saison (Juillet-Août),1985,8,6,218,39.01983259191467,2.4334377284026028,365.51470947265625
-13.875,13.375,1985-08-06,1985-08-06_004_014,46.51909637451172,2.2406044006347656,9.738492012023926,True,True,forte,très humide,Tambacounda,Zone soudanienne,Phase_2_pleine,Pleine saison (Juillet-Août),1985,8,6,218,46.59411939304677,2.250965038136624,392.5898742675781
-13.625,13.375,1985-08-06,1985-08-06_004_015,74.32024383544922,3.861844301223755,9.864572525024414,True,True,très forte,exceptionelle,Tambacounda,Zone soudanienne,Phase_2_pleine,Pleine saison (Juillet-Août),1985,8,6,218,74.33304281570204,3.8675366496320938,419.6650390625
-13.375,13.375,1985-08-06,1985-08-06_004_016,72.561279296875,4.552657604217529,8.45421028137207,True,True,très forte,exceptionelle,Tambacounda,Zone soudanienne,Phase_2_pleine,Pleine saison (Juillet-Août),1985,8,6,218,72.70712309027442,4.553877822118788,446.7402038574219
-13.125,13.375,1985-08-06,1985-08-06_004_017,74.47943115234375,4.899755001068115,8.058361053466797,True,True,très forte,exceptionelle,Tambacounda,Zone soudanienne,Phase_2_pleine,Pleine saison (Juillet-Août),1985,8,6,218,74.86815281010165,4.900109879335567,473.81536865234375
-12.875,13.375,1985-08-06,1985-08-06_004_018,69.75199890136719,4.448718547821045,9.016311645507812,True,True,très forte,exceptionelle,Tambacounda,Zone soudanienne,Phase_2_pleine,Pleine saison (Juillet-Août),1985,8,6,218,69.75651956682829,4.449620254075707,500.8905334472656
-12.625,13.375,1985-08-06,1985-08-06_004_019,53.094757080078125,4.0491180419921875,8.165129661560059,True,True,très forte,exceptionelle,Tambacounda,Zone soudanienne,Phase_2_pleine,Pleine saison (Juillet-Août),1985,8,6,218,53.13184234005722,4.054122366497864,527.9656982421875
-12.375,13.375,1985-08-06,1985-08-06_004_020,49.05615234375,4.0965399742126465,7.680710315704346,True,True,forte,exceptionelle,Tambacounda,Zone soudanienne,Phase_2_pleine,Pleine saison (Juillet-Août),1985,8,6,218,49.099567202467426,4.097608021156273,555.0408935546875
-12.125,13.375,1985-08-06,1985-08-06_004_021,54.44928741455078,4.572083473205566,7.621201515197754,True,True,très forte,exceptionelle,Tambacounda,Zone soudanienne,Phase_2_pleine,Pleine saison (Juillet-Août),1985,8,6,218,54.55852581388387,4.576563518850046,582.1160278320312
-11.875,13.375,1985-08-06,1985-08-06_004_022,53.43021011352539,4.370666980743408,7.285369396209717,True,True,très forte,exceptionelle,Tambacounda,Zone soudanienne,Phase_2_pleine,Pleine saison (Juillet-Août),1985,8,6,218,53.54031142996786,4.376131074512426,609.191162109375
-11.625,13.375,1985-08-06,1985-08-06_004_023,57.72575378417969,4.473752021789551,7.970138072967529,True,True,très forte,exceptionelle,Tambacounda,Zone soudanienne,Phase_2_pleine,Pleine saison (Juillet-Août),1985,8,6,218,58.127483578782524,4.473790092084875,636.266357421875
-11.375,13.375,1985-08-06,1985-08-06_004_024,51.92250061035156,4.4742255210876465,7.285386085510254,True,True,très forte,exceptionelle,Kédougou,Zone soudanienne,Phase_2_pleine,Pleine saison (Juillet-Août),1985,8,6,218,51.95883826634393,4.474305187637483,663.341552734375
-16.625,13.625,1985-08-06,1985-08-06_005_003,16.993059158325195,0.9156879782676697,7.551657199859619,False,False,modérée,normale,Fatick,Zone soudano-sahélienne,Phase_2_pleine,Pleine saison (Juillet-Août),1985,8,6,218,17.374012788935598,0.9281728832266463,94.66385650634766
-16.375,13.625,1985-08-06,1985-08-06_005_004,11.228236198425293,0.6558800935745239,5.906905174255371,False,False,modérée,normale,Kaolack,Zone soudano-sahélienne,Phase_2_pleine,Pleine saison (Juillet-Août),1985,8,6,218,11.32739780895676,0.6575699086165312,121.71067810058594
-16.125,13.625,1985-08-06,1985-08-06_005_005,5.381896495819092,-0.11709548532962799,6.44072151184082,False,False,modérée,normale,Kaolack,Zone soudano-sahélienne,Phase_2_pleine,Pleine saison (Juillet-Août),1985,8,6,218,5.4364279526562065,-0.11679733522124028,148.7574920654297
-15.875,13.625,1985-08-06,1985-08-06_005_006,5.082827568054199,-0.1447325199842453,6.6111578941345215,False,False,modérée,normale,Kaffrine,Zone soudano-sahélienne,Phase_2_pleine,Pleine saison (Juillet-Août),1985,8,6,218,5.0850536451866875,-0.14432942710030622,175.8043212890625
-15.625,13.625,1985-08-06,1985-08-06_005_007,0.0,-0.6491356492042542,6.596823692321777,False,False,trace,normale,Kaffrine,Zone soudano-sahélienne,Phase_2_pleine,Pleine saison (Juillet-Août),1985,8,6,218,0.08147261018429101,-0.6472289093475246,202.85113525390625
-15.375,13.625,1985-08-06,1985-08-06_005_008,0.0,-0.6787502765655518,7.3863844871521,False,False,trace,normale,Kaffrine,Zone soudano-sahélienne,Phase_2_pleine,Pleine saison (Juillet-Août),1985,8,6,218,0.08147261018429101,-0.6693956228955906,229.89793395996094
-15.125,13.625,1985-08-06,1985-08-06_005_009,2.748049020767212,-0.45151352882385254,6.834205627441406,False,False,faible,normale,Kaffrine,Zone soudano-sahélienne,Phase_2_pleine,Pleine saison (Juillet-Août),1985,8,6,218,2.7873666358353497,-0.4508023315937675,256.94476318359375
-14.875,13.625,1985-08-06,1985-08-06_005_010,2.923647403717041,-0.4005090892314911,6.150233268737793,False,False,faible,normale,Kolda,Zone soudano-sahélienne,Phase_2_pleine,Pleine saison (Juillet-Août),1985,8,6,218,2.9899871349334632,-0.39815369862407884,283.9915771484375
-14.625,13.625,1985-08-06,1985-08-06_005_011,5.546317100524902,-0.03150537237524986,5.797929286956787,False,False,modérée,normale,Kolda,Zone soudano-sahélienne,Phase_2_pleine,Pleine saison (Juillet-Août),1985,8,6,218,5.572955411882255,-0.029345975936058023,311.0384216308594
-14.375,13.625,1985-08-06,1985-08-06_005_012,6.626455307006836,0.11043238639831543,5.6232194900512695,False,False,modérée,normale,Tambacounda,Zone soudano-sahélienne,Phase_2_pleine,Pleine saison (Juillet-Août),1985,8,6,218,6.653402354849045,0.114126827399336,338.085205078125
-14.125,13.625,1985-08-06,1985-08-06_005_013,14.277573585510254,0.895947277545929,5.837741374969482,False,False,modérée,normale,Tambacounda,Zone soudano-sahélienne,Phase_2_pleine,Pleine saison (Juillet-Août),1985,8,6,218,14.424231634667162,0.9004112550960718,365.13201904296875
-13.875,13.625,1985-08-06,1985-08-06_005_014,18.6966495513916,1.3117015361785889,6.209249019622803,False,False,modérée,humide,Tambacounda,Zone soudano-sahélienne,Phase_2_pleine,Pleine saison (Juillet-Août),1985,8,6,218,18.7655847731547,1.3128693702831937,392.1788635253906
-13.625,13.625,1985-08-06,1985-08-06_005_015,27.722885131835938,2.296327829360962,5.967994213104248,True,True,forte,très humide,Tambacounda,Zone soudano-sahélienne,Phase_2_pleine,Pleine saison (Juillet-Août),1985,8,6,218,27.838297105913796,2.297782902741552,419.22564697265625
-13.375,13.625,1985-08-06,1985-08-06_005_016,30.047218322753906,2.480090379714966,6.235185623168945,True,True,forte,très humide,Tambacounda,Zone soudano-sahélienne,Phase_2_pleine,Pleine saison (Juillet-Août),1985,8,6,218,30.0542536596557,2.5278570987471376,446.2724914550781
-13.125,13.625,1985-08-06,1985-08-06_005_017,32.4483757019043,2.927790403366089,6.475907325744629,True,True,forte,très humide,Tambacounda,Zone soudano-sahélienne,Phase_2_pleine,Pleine saison (Juillet-Août),1985,8,6,218,32.75497277417977,2.9378063271393158,473.3193054199219
-12.875,13.625,1985-08-06,1985-08-06_005_018,29.743263244628906,2.992086172103882,6.031721115112305,True,True,forte,très humide,Tambacounda,Zone soudano-sahélienne,Phase_2_pleine,Pleine saison (Juillet-Août),1985,8,6,218,29.797486386706485,2.99215501636716,500.3660888671875
-12.625,13.625,1985-08-06,1985-08-06_005_019,24.014894485473633,2.2389187812805176,6.178380012512207,True,True,forte,très humide,Tambacounda,Zone soudano-sahélienne,Phase_2_pleine,Pleine saison (Juillet-Août),1985,8,6,218,24.030096739380802,2.2392364231186295,527.4129028320312
-12.375,13.625,1985-08-06,1985-08-06_005_020,21.3089542388916,2.4145166873931885,5.385275840759277,True,True,forte,très humide,Tambacounda,Zone soudano-sahélienne,Phase_2_pleine,Pleine saison (Juillet-Août),1985,8,6,218,21.6913980311484,2.4167887745191097,554.4597778320312
-12.125,13.625,1985-08-06,1985-08-06_005_021,38.007137298583984,3.741229772567749,5.92562198638916,True,True,forte,exceptionelle,Tambacounda,Zone soudano-sahélienne,Phase_2_pleine,Pleine saison (Juillet-Août),1985,8,6,218,38.00828324131031,3.744590402248517,581.5065307617188
-11.875,13.625,1985-08-06,1985-08-06_005_022,40.07124710083008,3.5503897666931152,6.564031600952148,True,True,forte,exceptionelle,Tambacounda,Zone soudano-sahélienne,Phase_2_pleine,Pleine saison (Juillet-Août),1985,8,6,218,40.09089290676404,3.553476488170912,608.5533447265625
-11.625,13.625,1985-08-06,1985-08-06_005_023,47.11627960205078,4.170792579650879,7.160080909729004,True,True,forte,exceptionelle,Tambacounda,Zone soudano-sahélienne,Phase_2_pleine,Pleine saison (Juillet-Août),1985,8,6,218,47.35510815567707,4.173374476744302,635.6002197265625
-11.375,13.625,1985-08-06,1985-08-06_005_024,44.2726936340332,3.768526315689087,7.333953857421875,True,True,forte,exceptionelle,Kédougou,Zone soudano-sahélienne,Phase_2_pleine,Pleine saison (Juillet-Août),1985,8,6,218,44.34758461420263,3.7705651467768995,662.6470336914062
-16.625,13.875,1985-08-06,1985-08-06_006_003,19.05371856689453,0.9715193510055542,8.105401039123535,False,False,modérée,normale,Fatick,Zone soudano-sahélienne,Phase_2_pleine,Pleine saison (Juillet-Août),1985,8,6,218,19.223012349114345,0.972432570840845,94.56283569335938
-16.375,13.875,1985-08-06,1985-08-06_006_004,19.008424758911133,1.4580811262130737,6.152615070343018,False,False,modérée,humide,Fatick,Zone soudano-sahélienne,Phase_2_pleine,Pleine saison (Juillet-Août),1985,8,6,218,19.018325666686398,1.4637436513325683,121.58079528808594
-16.125,13.875,1985-08-06,1985-08-06_006_005,10.231078147888184,0.6628857851028442,5.011899471282959,False,False,modérée,normale,Fatick,Zone soudano-sahélienne,Phase_2_pleine,Pleine saison (Juillet-Août),1985,8,6,218,10.303480819242097,0.6813177854272003,148.5987548828125
-15.875,13.875,1985-08-06,1985-08-06_006_006,10.985126495361328,0.5713896751403809,5.7781782150268555,False,False,modérée,normale,Kaolack,Zone soudano-sahélienne,Phase_2_pleine,Pleine saison (Juillet-Août),1985,8,6,218,10.991445447931337,0.579396494968451,175.61669921875
-15.625,13.875,1985-08-06,1985-08-06_006_007,0.0,-0.5709784030914307,6.315886974334717,False,False,trace,normale,Kaolack,Zone soudano-sahélienne,Phase_2_pleine,Pleine saison (Juillet-Août),1985,8,6,218,0.08147261018429101,-0.570445946113548,202.63465881347656
-15.375,13.875,1985-08-06,1985-08-06_006_008,0.0,-0.5875980854034424,5.996414661407471,False,False,trace,normale,Kaffrine,Zone soudano-sahélienne,Phase_2_pleine,Pleine saison (Juillet-Août),1985,8,6,218,0.08147261018429101,-0.5862630012646393,229.65260314941406
-15.125,13.875,1985-08-06,1985-08-06_006_009,0.0,-0.6958386898040771,5.263882637023926,False,False,trace,normale,Kaffrine,Zone soudano-sahélienne,Phase_2_pleine,Pleine saison (Juillet-Août),1985,8,6,218,0.08147261018429101,-0.6885832173740445,256.6705627441406
-14.875,13.875,1985-08-06,1985-08-06_006_010,0.0,-0.7380378246307373,5.721981525421143,False,False,trace,normale,Kaffrine,Zone soudano-sahélienne,Phase_2_pleine,Pleine saison (Juillet-Août),1985,8,6,218,0.08147261018429101,-0.7377332344127061,283.6885070800781
-14.625,13.875,1985-08-06,1985-08-06_006_011,0.0,-0.6444473266601562,4.8235182762146,False,False,trace,normale,Kaffrine,Zone soudano-sahélienne,Phase_2_pleine,Pleine saison (Juillet-Août),1985,8,6,218,0.08147261018429101,-0.6422327936594211,310.70648193359375
-14.375,13.875,1985-08-06,1985-08-06_006_012,0.0,-0.6385788917541504,4.427979946136475,False,False,trace,normale,Tambacounda,Zone soudano-sahélienne,Phase_2_pleine,Pleine saison (Juillet-Août),1985,8,6,218,0.08147261018429101,-0.6375684133127107,337.72442626953125
-14.125,13.875,1985-08-06,1985-08-06_006_013,0.0,-0.6075747013092041,4.416916370391846,False,False,trace,normale,Tambacounda,Zone soudano-sahélienne,Phase_2_pleine,Pleine saison (Juillet-Août),1985,8,6,218,0.08147261018429101,-0.6074397647800158,364.74237060546875
-13.875,13.875,1985-08-06,1985-08-06_006_014,0.0,-0.5988998413085938,4.2635321617126465,False,False,trace,normale,Tambacounda,Zone soudano-sahélienne,Phase_2_pleine,Pleine saison (Juillet-Août),1985,8,6,218,0.08147261018429101,-0.5979900357112213,391.7603454589844
-13.625,13.875,1985-08-06,1985-08-06_006_015,0.0,-0.6025810241699219,4.348647594451904,False,False,trace,normale,Tambacounda,Zone soudano-sahélienne,Phase_2_pleine,Pleine saison (Juillet-Août),1985,8,6,218,0.08147261018429101,-0.6022747215913169,418.7782897949219
-13.375,13.875,1985-08-06,1985-08-06_006_016,0.0,-0.703438401222229,4.771798610687256,False,False,trace,normale,Tambacounda,Zone soudano-sahélienne,Phase_2_pleine,Pleine saison (Juillet-Août),1985,8,6,218,0.08147261018429101,-0.6961442058409878,445.7962341308594
-13.125,13.875,1985-08-06,1985-08-06_006_017,0.0,-0.7249170541763306,5.209372043609619,False,False,trace,normale,Tambacounda,Zone soudano-sahélienne,Phase_2_pleine,Pleine saison (Juillet-Août),1985,8,6,218,0.08147261018429101,-0.7195043048666949,472.8141784667969
-12.875,13.875,1985-08-06,1985-08-06_006_018,0.0,-0.7377269864082336,5.372169017791748,False,False,trace,normale,Tambacounda,Zone soudano-sahélienne,Phase_2_pleine,Pleine saison (Juillet-Août),1985,8,6,218,0.08147261018429101,-0.7274507197303389,499.8321228027344
-12.625,13.875,1985-08-06,1985-08-06_006_019,2.7438855171203613,-0.29610562324523926,4.723687171936035,False,False,faible,normale,Tambacounda,Zone soudano-sahélienne,Phase_2_pleine,Pleine saison (Juillet-Août),1985,8,6,218,2.745402371464063,-0.29555555092329955,526.85009765625
-12.375,13.875,1985-08-06,1985-08-06_006_020,2.5046768188476562,-0.28579866886138916,4.083240032196045,False,False,faible,normale,Tambacounda,Zone soudano-sahélienne,Phase_2_pleine,Pleine saison (Juillet-Août),1985,8,6,218,2.5341054590503194,-0.28169632856570304,553.8680419921875
-12.125,13.875,1985-08-06,1985-08-06_006_021,20.308589935302734,2.3355605602264404,4.251272201538086,True,True,forte,très humide,Tambacounda,Zone soudano-sahélienne,Phase_2_pleine,Pleine saison (Juillet-Août),1985,8,6,218,20.519722099879324,2.3360607779804785,580.885986328125
-11.875,13.875,1985-08-06,1985-08-06_006_022,25.742311477661133,2.777139663696289,5.0251359939575195,True,True,forte,très humide,Tambacounda,Zone soudano-sahélienne,Phase_2_pleine,Pleine saison (Juillet-Août),1985,8,6,218,25.78616069429484,2.800986388819904,607.9039306640625
-11.625,13.875,1985-08-06,1985-08-06_006_023,34.24287033081055,3.3871490955352783,6.5482001304626465,True,True,forte,exceptionelle,Tambacounda,Zone soudano-sahélienne,Phase_2_pleine,Pleine saison (Juillet-Août),1985,8,6,218,34.53897421563677,3.409297327300412,634.9219360351562
-11.375,13.875,1985-08-06,1985-08-06_006_024,36.00181579589844,3.1451773643493652,7.113126754760742,True,True,forte,exceptionelle,Kédougou,Zone soudano-sahélienne,Phase_2_pleine,Pleine saison (Juillet-Août),1985,8,6,218,36.14771841998077,3.1786156689102274,661.9398803710938
-16.625,14.125,1985-08-06,1985-08-06_007_003,7.806812286376953,0.13514329493045807,6.51066780090332,False,False,modérée,normale,Fatick,Zone soudano-sahélienne,Phase_2_pleine,Pleine saison (Juillet-Août),1985,8,6,218,7.857285499572762,0.1465323797272669,94.46001434326172
-16.375,14.125,1985-08-06,1985-08-06_007_004,8.56406021118164,0.25625765323638916,6.200684070587158,False,False,modérée,normale,Fatick,Zone soudano-sahélienne,Phase_2_pleine,Pleine saison (Juillet-Août),1985,8,6,218,8.799537086007565,0.2593679257373717,121.44859313964844
-16.125,14.125,1985-08-06,1985-08-06_007_005,5.326861381530762,-0.047342319041490555,5.727194309234619,False,False,modérée,normale,Fatick,Zone soudano-sahélienne,Phase_2_pleine,Pleine saison (Juillet-Août),1985,8,6,218,5.345252512687415,-0.04484600687970508,148.4371795654297
-15.875,14.125,1985-08-06,1985-08-06_007_006,5.08934211730957,-0.03906288370490074,5.4079365730285645,False,False,modérée,normale,Kaolack,Zone soudano-sahélienne,Phase_2_pleine,Pleine saison (Juillet-Août),1985,8,6,218,5.145807927577341,-0.038784740380381245,175.42575073242188
-15.625,14.125,1985-08-06,1985-08-06_007_007,0.0,-0.6062121391296387,4.880191802978516,False,False,trace,normale,Kaolack,Zone soudano-sahélienne,Phase_2_pleine,Pleine saison (Juillet-Août),1985,8,6,218,0.08147261018429101,-0.6059783059148932,202.41433715820312
-15.375,14.125,1985-08-06,1985-08-06_007_008,0.0,-0.6234863996505737,4.268914699554443,False,False,trace,normale,Kaffrine,Zone soudano-sahélienne,Phase_2_pleine,Pleine saison (Juillet-Août),1985,8,6,218,0.08147261018429101,-0.6201228071097753,229.40289306640625
-15.125,14.125,1985-08-06,1985-08-06_007_009,0.0,-0.7411361932754517,4.041959285736084,False,False,trace,normale,Kaffrine,Zone soudano-sahélienne,Phase_2_pleine,Pleine saison (Juillet-Août),1985,8,6,218,0.08147261018429101,-0.7380923185516243,256.3914794921875
-14.875,14.125,1985-08-06,1985-08-06_007_010,0.0,-0.7970013618469238,4.415812015533447,False,False,trace,normale,Kaffrine,Zone soudano-sahélienne,Phase_2_pleine,Pleine saison (Juillet-Août),1985,8,6,218,0.08147261018429101,-0.7643964635067849,283.38006591796875
-14.625,14.125,1985-08-06,1985-08-06_007_011,0.0,-0.6848987340927124,4.327296733856201,False,False,trace,normale,Kaffrine,Zone soudano-sahélienne,Phase_2_pleine,Pleine saison (Juillet-Août),1985,8,6,218,0.08147261018429101,-0.6846289901278126,310.36865234375
-14.375,14.125,1985-08-06,1985-08-06_007_012,0.0,-0.603173017501831,3.847301483154297,False,False,trace,normale,Tambacounda,Zone soudano-sahélienne,Phase_2_pleine,Pleine saison (Juillet-Août),1985,8,6,218,0.08147261018429101,-0.6027671810071074,337.3572082519531
-14.125,14.125,1985-08-06,1985-08-06_007_013,0.0,-0.6392892599105835,4.164738178253174,False,False,trace,normale,Tambacounda,Zone soudano-sahélienne,Phase_2_pleine,Pleine saison (Juillet-Août),1985,8,6,218,0.08147261018429101,-0.6389496655919444,364.34576416015625
-13.875,14.125,1985-08-06,1985-08-06_007_014,0.0,-0.6098504662513733,4.315347194671631,False,False,trace,normale,Tambacounda,Zone soudano-sahélienne,Phase_2_pleine,Pleine saison (Juillet-Août),1985,8,6,218,0.08147261018429101,-0.6087973372421073,391.3343811035156
-13.625,14.125,1985-08-06,1985-08-06_007_015,0.0,-0.6195720434188843,4.154183864593506,False,False,trace,normale,Tambacounda,Zone soudano-sahélienne,Phase_2_pleine,Pleine saison (Juillet-Août),1985,8,6,218,0.08147261018429101,-0.6187080188312722,418.32293701171875
-13.375,14.125,1985-08-06,1985-08-06_007_016,0.0,-0.6470217704772949,3.919595718383789,False,False,trace,normale,Tambacounda,Zone soudano-sahélienne,Phase_2_pleine,Pleine saison (Juillet-Août),1985,8,6,218,0.08147261018429101,-0.6448558628858634,445.3115234375
-13.125,14.125,1985-08-06,1985-08-06_007_017,0.0,-0.7193360328674316,4.308472156524658,False,False,trace,normale,Tambacounda,Zone soudano-sahélienne,Phase_2_pleine,Pleine saison (Juillet-Août),1985,8,6,218,0.08147261018429101,-0.7155241630784231,472.3000793457031
-12.875,14.125,1985-08-06,1985-08-06_007_018,0.0,-0.7614864706993103,4.8409528732299805,False,False,trace,normale,Tambacounda,Zone soudano-sahélienne,Phase_2_pleine,Pleine saison (Juillet-Août),1985,8,6,218,0.08147261018429101,-0.7415210974575887,499.2886657714844
-12.625,14.125,1985-08-06,1985-08-06_007_019,2.5018150806427,-0.22850286960601807,3.993762969970703,False,False,faible,normale,Tambacounda,Zone soudano-sahélienne,Phase_2_pleine,Pleine saison (Juillet-Août),1985,8,6,218,2.502900815489304,-0.22537086615760163,526.2772216796875
-12.375,14.125,1985-08-06,1985-08-06_007_020,2.582760810852051,-0.14348886907100677,3.4137580394744873,False,False,faible,normale,Tambacounda,Zone soudano-sahélienne,Phase_2_pleine,Pleine saison (Juillet-Août),1985,8,6,218,2.5877148535982446,-0.1431843306700788,553.2658081054688
-12.125,14.125,1985-08-06,1985-08-06_007_021,7.167399883270264,0.7401061654090881,3.3496804237365723,False,False,modérée,normale,Tambacounda,Zone soudano-sahélienne,Phase_2_pleine,Pleine saison (Juillet-Août),1985,8,6,218,7.272005181815747,0.7544820024140507,580.25439453125
-11.875,14.125,1985-08-06,1985-08-06_007_022,8.133306503295898,0.8076916933059692,3.7489211559295654,False,False,modérée,normale,Tambacounda,Zone soudano-sahélienne,Phase_2_pleine,Pleine saison (Juillet-Août),1985,8,6,218,8.1365516437358,0.8278707339236483,607.2429809570312
-11.625,14.125,1985-08-06,1985-08-06_007_023,12.110408782958984,1.1293827295303345,4.880858421325684,False,False,modérée,humide,Tambacounda,Zone soudano-sahélienne,Phase_2_pleine,Pleine saison (Juillet-Août),1985,8,6,218,12.190638393612947,1.16786207565711,634.2315673828125
-11.375,14.125,1985-08-06,1985-08-06_007_024,11.696937561035156,0.9756495952606201,5.2594475746154785,False,False,modérée,normale,Kédougou,Zone soudano-sahélienne,Phase_2_pleine,Pleine saison (Juillet-Août),1985,8,6,218,11.799785930307658,0.9786069009771295,661.2201538085938
-16.875,14.375,1985-08-06,1985-08-06_008_002,0.0,-0.5400054454803467,4.563002586364746,False,False,trace,normale,Thiès,Zone soudano-sahélienne,Phase_2_pleine,Pleine saison (Juillet-Août),1985,8,6,218,0.08147261018429101,-0.5397806251468371,67.39671325683594
-16.625,14.375,1985-08-06,1985-08-06_008_003,0.0,-0.6279241442680359,5.055906295776367,False,False,trace,normale,Fatick,Zone soudano-sahélienne,Phase_2_pleine,Pleine saison (Juillet-Août),1985,8,6,218,0.08147261018429101,-0.6263075764454789,94.35540008544922
-16.375,14.375,1985-08-06,1985-08-06_008_004,0.0,-0.5909906029701233,5.787906169891357,False,False,trace,normale,Diourbel,Zone soudano-sahélienne,Phase_2_pleine,Pleine saison (Juillet-Août),1985,8,6,218,0.08147261018429101,-0.5883908093574658,121.31409454345703
-16.125,14.375,1985-08-06,1985-08-06_008_005,0.0,-0.5712692737579346,4.593160629272461,False,False,trace,normale,Diourbel,Zone soudano-sahélienne,Phase_2_pleine,Pleine saison (Juillet-Août),1985,8,6,218,0.08147261018429101,-0.5710551403275687,148.2727813720703
-15.875,14.375,1985-08-06,1985-08-06_008_006,0.0,-0.5396740436553955,4.472293376922607,False,False,trace,normale,Diourbel,Zone soudano-sahélienne,Phase_2_pleine,Pleine saison (Juillet-Août),1985,8,6,218,0.08147261018429101,-0.5394581533856129,175.23147583007812
-15.625,14.375,1985-08-06,1985-08-06_008_007,0.0,-0.5054863691329956,4.04282283782959,False,False,trace,normale,Kaolack,Zone soudano-sahélienne,Phase_2_pleine,Pleine saison (Juillet-Août),1985,8,6,218,0.08147261018429101,-0.5050745768163671,202.19015502929688
-15.375,14.375,1985-08-06,1985-08-06_008_008,0.0,-0.5226033329963684,3.448132276535034,False,False,trace,normale,Kaffrine,Zone soudano-sahélienne,Phase_2_pleine,Pleine saison (Juillet-Août),1985,8,6,218,0.08147261018429101,-0.5222046608900904,229.14883422851562
-15.125,14.375,1985-08-06,1985-08-06_008_009,0.0,-0.6241403818130493,3.6027257442474365,False,False,trace,normale,Kaffrine,Zone soudano-sahélienne,Phase_2_pleine,Pleine saison (Juillet-Août),1985,8,6,218,0.08147261018429101,-0.6235767740700113,256.1075439453125
-14.875,14.375,1985-08-06,1985-08-06_008_010,0.0,-0.6568751931190491,3.7180685997009277,False,False,trace,normale,Kaffrine,Zone soudano-sahélienne,Phase_2_pleine,Pleine saison (Juillet-Août),1985,8,6,218,0.08147261018429101,-0.6540044989418144,283.06622314453125
-14.625,14.375,1985-08-06,1985-08-06_008_011,0.0,-0.715395450592041,4.678473949432373,False,False,trace,normale,Kaffrine,Zone soudano-sahélienne,Phase_2_pleine,Pleine saison (Juillet-Août),1985,8,6,218,0.08147261018429101,-0.7071833658458,310.02490234375
-14.375,14.375,1985-08-06,1985-08-06_008_012,0.0,-0.6876264810562134,4.392503261566162,False,False,trace,normale,Tambacounda,Zone soudano-sahélienne,Phase_2_pleine,Pleine saison (Juillet-Août),1985,8,6,218,0.08147261018429101,-0.6850289531688595,336.98358154296875
-14.125,14.375,1985-08-06,1985-08-06_008_013,0.0,-0.6638507843017578,4.39871072769165,False,False,trace,normale,Tambacounda,Zone soudano-sahélienne,Phase_2_pleine,Pleine saison (Juillet-Août),1985,8,6,218,0.08147261018429101,-0.6638255167247062,363.9422607421875
-13.875,14.375,1985-08-06,1985-08-06_008_014,0.0,-0.6068081259727478,4.651329040527344,False,False,trace,normale,Tambacounda,Zone soudano-sahélienne,Phase_2_pleine,Pleine saison (Juillet-Août),1985,8,6,218,0.08147261018429101,-0.6065428628394353,390.9009704589844
-13.625,14.375,1985-08-06,1985-08-06_008_015,0.0,-0.5943254232406616,3.716732978820801,False,False,trace,normale,Tambacounda,Zone soudano-sahélienne,Phase_2_pleine,Pleine saison (Juillet-Août),1985,8,6,218,0.08147261018429101,-0.5935530398958292,417.8596496582031
-13.375,14.375,1985-08-06,1985-08-06_008_016,0.0,-0.5852629542350769,3.7115156650543213,False,False,trace,normale,Tambacounda,Zone soudano-sahélienne,Phase_2_pleine,Pleine saison (Juillet-Août),1985,8,6,218,0.08147261018429101,-0.582709672762521,444.8183288574219
-13.125,14.375,1985-08-06,1985-08-06_008_017,0.0,-0.6846147179603577,4.089108943939209,False,False,trace,normale,Tambacounda,Zone soudano-sahélienne,Phase_2_pleine,Pleine saison (Juillet-Août),1985,8,6,218,0.08147261018429101,-0.6790597068904033,471.7770080566406
-12.875,14.375,1985-08-06,1985-08-06_008_018,0.0,-0.6081403493881226,3.9321608543395996,False,False,trace,normale,Tambacounda,Zone soudano-sahélienne,Phase_2_pleine,Pleine saison (Juillet-Août),1985,8,6,218,0.08147261018429101,-0.6077683579981626,498.7356872558594
-12.625,14.375,1985-08-06,1985-08-06_008_019,3.3665812015533447,-0.05625958740711212,3.716226577758789,False,False,faible,normale,Tambacounda,Zone soudano-sahélienne,Phase_2_pleine,Pleine saison (Juillet-Août),1985,8,6,218,3.4989674043415655,-0.053548558582388106,525.6943969726562
-12.375,14.375,1985-08-06,1985-08-06_008_020,3.2475802898406982,0.0007892536232247949,3.2432684898376465,False,False,faible,normale,Tambacounda,Zone soudano-sahélienne,Phase_2_pleine,Pleine saison (Juillet-Août),1985,8,6,218,3.2894399070260514,0.0030865836274296355,552.653076171875
-12.125,14.375,1985-08-06,1985-08-06_008_021,0.0,-0.6415879130363464,3.1656551361083984,False,False,trace,normale,Tambacounda,Zone soudano-sahélienne,Phase_2_pleine,Pleine saison (Juillet-Août),1985,8,6,218,0.08147261018429101,-0.6395491578770642,579.6117553710938
-11.875,14.375,1985-08-06,1985-08-06_008_022,0.0,-0.6506858468055725,3.432131767272949,False,False,trace,normale,Tambacounda,Zone soudano-sahélienne,Phase_2_pleine,Pleine saison (Juillet-Août),1985,8,6,218,0.08147261018429101,-0.6503179986872266,606.5704345703125
-11.625,14.375,1985-08-06,1985-08-06_008_023,0.0,-0.6644531488418579,4.135780334472656,False,False,trace,normale,Tambacounda,Zone soudano-sahélienne,Phase_2_pleine,Pleine saison (Juillet-Août),1985,8,6,218,0.08147261018429101,-0.6643108632696334,633.5291748046875
-11.375,14.375,1985-08-06,1985-08-06_008_024,0.0,-0.725485622882843,4.357414722442627,False,False,trace,normale,Kédougou,Zone soudano-sahélienne,Phase_2_pleine,Pleine saison (Juillet-Août),1985,8,6,218,0.08147261018429101,-0.7249327683868121,660.4878540039062
-17.125,14.625,1985-08-06,1985-08-06_009_001,0.0,-0.48322969675064087,3.5410571098327637,False,False,trace,normale,Dakar,Zone soudano-sahélienne,Phase_2_pleine,Pleine saison (Juillet-Août),1985,8,6,218,0.08147261018429101,-0.4826078690476154,40.39242172241211
-16.875,14.625,1985-08-06,1985-08-06_009_002,0.0,-0.5213627219200134,3.5865354537963867,False,False,trace,normale,Thiès,Zone soudano-sahélienne,Phase_2_pleine,Pleine saison (Juillet-Août),1985,8,6,218,0.08147261018429101,-0.5211710136140412,67.3207015991211
-16.625,14.625,1985-08-06,1985-08-06_009_003,0.0,-0.5252670049667358,4.875519752502441,False,False,trace,normale,Thiès,Zone soudano-sahélienne,Phase_2_pleine,Pleine saison (Juillet-Août),1985,8,6,218,0.08147261018429101,-0.5246658927232176,94.24898529052734
-16.375,14.625,1985-08-06,1985-08-06_009_004,0.0,-0.5702526569366455,4.640605449676514,False,False,trace,normale,Diourbel,Zone soudano-sahélienne,Phase_2_pleine,Pleine saison (Juillet-Août),1985,8,6,218,0.08147261018429101,-0.570031269111825,121.17727661132812
-16.125,14.625,1985-08-06,1985-08-06_009_005,0.0,-0.4493316113948822,3.8992035388946533,False,False,trace,normale,Diourbel,Zone soudano-sahélienne,Phase_2_pleine,Pleine saison (Juillet-Août),1985,8,6,218,0.08147261018429101,-0.4487103309164095,148.10556030273438
-15.875,14.625,1985-08-06,1985-08-06_009_006,0.0,-0.4329599440097809,3.844557046890259,False,False,trace,normale,Diourbel,Zone soudano-sahélienne,Phase_2_pleine,Pleine saison (Juillet-Août),1985,8,6,218,0.08147261018429101,-0.4322664653086782,175.03384399414062
-15.625,14.625,1985-08-06,1985-08-06_009_007,0.0,-0.4500982463359833,4.141363620758057,False,False,trace,normale,Kaffrine,Zone soudano-sahélienne,Phase_2_pleine,Pleine saison (Juillet-Août),1985,8,6,218,0.08147261018429101,-0.44971492886543274,201.96212768554688
-15.375,14.625,1985-08-06,1985-08-06_009_008,0.0,-0.46692922711372375,3.7225053310394287,False,False,trace,normale,Kaffrine,Zone soudano-sahélienne,Phase_2_pleine,Pleine saison (Juillet-Août),1985,8,6,218,0.08147261018429101,-0.46479563317706235,228.89039611816406
-15.125,14.625,1985-08-06,1985-08-06_009_009,0.0,-0.512837827205658,3.835446834564209,False,False,trace,normale,Kaffrine,Zone soudano-sahélienne,Phase_2_pleine,Pleine saison (Juillet-Août),1985,8,6,218,0.08147261018429101,-0.5126403081956221,255.81869506835938
-14.875,14.625,1985-08-06,1985-08-06_009_010,0.0,-0.6021317839622498,3.786252498626709,False,False,trace,normale,Kaffrine,Zone soudano-sahélienne,Phase_2_pleine,Pleine saison (Juillet-Août),1985,8,6,218,0.08147261018429101,-0.6006825352134417,282.7469787597656
-14.625,14.625,1985-08-06,1985-08-06_009_011,0.0,-0.6572208404541016,3.8320045471191406,False,False,trace,normale,Kaffrine,Zone soudano-sahélienne,Phase_2_pleine,Pleine saison (Juillet-Août),1985,8,6,218,0.08147261018429101,-0.6569047207808375,309.6752624511719
-14.375,14.625,1985-08-06,1985-08-06_009_012,0.0,-0.6537277102470398,4.158712863922119,False,False,trace,normale,Tambacounda,Zone soudano-sahélienne,Phase_2_pleine,Pleine saison (Juillet-Août),1985,8,6,218,0.08147261018429101,-0.6509609902324389,336.6035461425781
-14.125,14.625,1985-08-06,1985-08-06_009_013,0.0,-0.662868320941925,4.296329975128174,False,False,trace,normale,Tambacounda,Zone soudano-sahélienne,Phase_2_pleine,Pleine saison (Juillet-Août),1985,8,6,218,0.08147261018429101,-0.6624110365033749,363.53179931640625
-13.875,14.625,1985-08-06,1985-08-06_009_014,0.0,-0.6419258117675781,4.81635046005249,False,False,trace,normale,Tambacounda,Zone soudano-sahélienne,Phase_2_pleine,Pleine saison (Juillet-Août),1985,8,6,218,0.08147261018429101,-0.641625268674975,390.4601135253906
-13.625,14.625,1985-08-06,1985-08-06_009_015,0.0,-0.6643009185791016,4.804855823516846,False,False,trace,normale,Tambacounda,Zone soudano-sahélienne,Phase_2_pleine,Pleine saison (Juillet-Août),1985,8,6,218,0.08147261018429101,-0.6638813210492158,417.38836669921875
-13.375,14.625,1985-08-06,1985-08-06_009_016,0.0,-0.6389052867889404,4.7484130859375,False,False,trace,normale,Tambacounda,Zone soudano-sahélienne,Phase_2_pleine,Pleine saison (Juillet-Août),1985,8,6,218,0.08147261018429101,-0.6386174358914246,444.3166809082031
-13.125,14.625,1985-08-06,1985-08-06_009_017,0.0,-0.6677932739257812,4.261937141418457,False,False,trace,normale,Tambacounda,Zone soudano-sahélienne,Phase_2_pleine,Pleine saison (Juillet-Août),1985,8,6,218,0.08147261018429101,-0.666207899699858,471.24493408203125
-12.875,14.625,1985-08-06,1985-08-06_009_018,0.0,-0.6098716259002686,3.9394006729125977,False,False,trace,normale,Tambacounda,Zone soudano-sahélienne,Phase_2_pleine,Pleine saison (Juillet-Août),1985,8,6,218,0.08147261018429101,-0.6098539219729265,498.1732177734375
-12.625,14.625,1985-08-06,1985-08-06_009_019,1.5048991441726685,-0.4150927662849426,4.081932544708252,False,False,faible,normale,Tambacounda,Zone soudano-sahélienne,Phase_2_pleine,Pleine saison (Juillet-Août),1985,8,6,218,1.5110081709809033,-0.4140005721968023,525.1015014648438
-12.375,14.625,1985-08-06,1985-08-06_009_020,1.354848027229309,-0.45747092366218567,4.030908107757568,False,False,faible,normale,Tambacounda,Zone soudano-sahélienne,Phase_2_pleine,Pleine saison (Juillet-Août),1985,8,6,218,1.4155470971486075,-0.45620378522417654,552.02978515625
-12.125,14.625,1985-08-06,1985-08-06_009_021,0.8940685391426086,-0.5620493292808533,4.03126859664917,False,False,trace,normale,Tambacounda,Zone soudano-sahélienne,Phase_2_pleine,Pleine saison (Juillet-Août),1985,8,6,218,0.9072682243495723,-0.5609383094849898,578.9580688476562
-11.875,14.625,1985-08-06,1985-08-06_009_022,1.0219959020614624,-0.5205023884773254,3.7350449562072754,False,False,faible,normale,Tambacounda,Zone soudano-sahélienne,Phase_2_pleine,Pleine saison (Juillet-Août),1985,8,6,218,1.0554302463579406,-0.5200099786322321,605.8863525390625
-11.625,14.625,1985-08-06,1985-08-06_009_023,0.0,-0.70688396692276,4.210814952850342,False,False,trace,normale,Tambacounda,Zone soudano-sahélienne,Phase_2_pleine,Pleine saison (Juillet-Août),1985,8,6,218,0.08147261018429101,-0.7035682592260178,632.8146362304688
-11.375,14.625,1985-08-06,1985-08-06_009_024,0.0,-0.7412670850753784,4.700742244720459,False,False,trace,normale,Matam,Zone soudano-sahélienne,Phase_2_pleine,Pleine saison (Juillet-Août),1985,8,6,218,0.08147261018429101,-0.7411381665186666,659.742919921875
-17.125,14.875,1985-08-06,1985-08-06_010_001,0.0,-0.47894448041915894,3.690463066101074,False,False,trace,normale,Thiès,Zone soudano-sahélienne,Phase_2_pleine,Pleine saison (Juillet-Août),1985,8,6,218,0.08147261018429101,-0.47887762265289247,40.346046447753906
-16.875,14.875,1985-08-06,1985-08-06_010_002,0.0,-0.4732851982116699,3.534080982208252,False,False,trace,normale,Thiès,Zone soudano-sahélienne,Phase_2_pleine,Pleine saison (Juillet-Août),1985,8,6,218,0.08147261018429101,-0.4731513146479525,67.24341583251953
-16.625,14.875,1985-08-06,1985-08-06_010_003,0.0,-0.5326250195503235,3.8863635063171387,False,False,trace,normale,Thiès,Zone soudano-sahélienne,Phase_2_pleine,Pleine saison (Juillet-Août),1985,8,6,218,0.08147261018429101,-0.5296100467892748,94.14077758789062
-16.375,14.875,1985-08-06,1985-08-06_010_004,0.0,-0.4528484046459198,3.628737449645996,False,False,trace,normale,Diourbel,Zone soudano-sahélienne,Phase_2_pleine,Pleine saison (Juillet-Août),1985,8,6,218,0.08147261018429101,-0.45280478183348577,121.03814697265625
-16.125,14.875,1985-08-06,1985-08-06_010_005,0.0,-0.4233736991882324,3.71134877204895,False,False,trace,normale,Diourbel,Zone soudano-sahélienne,Phase_2_pleine,Pleine saison (Juillet-Août),1985,8,6,218,0.08147261018429101,-0.42104697137621794,147.93551635742188
-15.875,14.875,1985-08-06,1985-08-06_010_006,0.0,-0.480183869600296,3.790346384048462,False,False,trace,normale,Diourbel,Zone soudano-sahélienne,Phase_2_pleine,Pleine saison (Juillet-Août),1985,8,6,218,0.08147261018429101,-0.4794987801031851,174.8328857421875
-15.625,14.875,1985-08-06,1985-08-06_010_007,0.0,-0.5210587382316589,4.0611677169799805,False,False,trace,normale,Diourbel,Zone soudano-sahélienne,Phase_2_pleine,Pleine saison (Juillet-Août),1985,8,6,218,0.08147261018429101,-0.5208022735226694,201.73025512695312
-15.375,14.875,1985-08-06,1985-08-06_010_008,0.0,-0.5625002384185791,3.9889121055603027,False,False,trace,normale,Kaffrine,Zone soudano-sahélienne,Phase_2_pleine,Pleine saison (Juillet-Août),1985,8,6,218,0.08147261018429101,-0.5621773512219664,228.6276092529297
-15.125,14.875,1985-08-06,1985-08-06_010_009,0.0,-0.5392633676528931,4.131356239318848,False,False,trace,normale,Kaffrine,Zone soudano-sahélienne,Phase_2_pleine,Pleine saison (Juillet-Août),1985,8,6,218,0.08147261018429101,-0.538932683180325,255.52499389648438
-14.875,14.875,1985-08-06,1985-08-06_010_010,0.0,-0.5801260471343994,3.7539613246917725,False,False,trace,normale,Kaffrine,Zone soudano-sahélienne,Phase_2_pleine,Pleine saison (Juillet-Août),1985,8,6,218,0.08147261018429101,-0.577558903538402,282.4223327636719
-14.625,14.875,1985-08-06,1985-08-06_010_011,0.0,-0.618079423904419,3.995420217514038,False,False,trace,normale,Kaffrine,Zone soudano-sahélienne,Phase_2_pleine,Pleine saison (Juillet-Août),1985,8,6,218,0.08147261018429101,-0.6178104509061305,309.3197326660156
-14.375,14.875,1985-08-06,1985-08-06_010_012,0.0,-0.564781904220581,4.058147430419922,False,False,trace,normale,Tambacounda,Zone soudano-sahélienne,Phase_2_pleine,Pleine saison (Juillet-Août),1985,8,6,218,0.08147261018429101,-0.5645024402057706,336.2170715332031
-14.125,14.875,1985-08-06,1985-08-06_010_013,0.0,-0.6073827743530273,4.217795372009277,False,False,trace,normale,Matam,Zone soudano-sahélienne,Phase_2_pleine,Pleine saison (Juillet-Août),1985,8,6,218,0.08147261018429101,-0.6069120824636527,363.11444091796875
-13.875,14.875,1985-08-06,1985-08-06_010_014,0.0,-0.6446138620376587,4.9166669845581055,False,False,trace,normale,Matam,Zone soudano-sahélienne,Phase_2_pleine,Pleine saison (Juillet-Août),1985,8,6,218,0.08147261018429101,-0.6444644823146226,390.0118103027344
-13.625,14.875,1985-08-06,1985-08-06_010_015,0.0,-0.6623724102973938,5.570281028747559,False,False,trace,normale,Matam,Zone soudano-sahélienne,Phase_2_pleine,Pleine saison (Juillet-Août),1985,8,6,218,0.08147261018429101,-0.6597790754021112,416.9091796875
-13.375,14.875,1985-08-06,1985-08-06_010_016,0.0,-0.6260592341423035,5.430871486663818,False,False,trace,normale,Matam,Zone soudano-sahélienne,Phase_2_pleine,Pleine saison (Juillet-Août),1985,8,6,218,0.08147261018429101,-0.6244007286114909,443.8065490722656
-13.125,14.875,1985-08-06,1985-08-06_010_017,0.0,-0.6076917052268982,4.306639671325684,False,False,trace,normale,Matam,Zone soudano-sahélienne,Phase_2_pleine,Pleine saison (Juillet-Août),1985,8,6,218,0.08147261018429101,-0.6075949859080003,470.7038879394531
-12.875,14.875,1985-08-06,1985-08-06_010_018,0.0,-0.581898033618927,3.9589929580688477,False,False,trace,normale,Matam,Zone soudano-sahélienne,Phase_2_pleine,Pleine saison (Juillet-Août),1985,8,6,218,0.08147261018429101,-0.5806568591438945,497.60125732421875
-12.625,14.875,1985-08-06,1985-08-06_010_019,0.0,-0.6374298334121704,3.8365378379821777,False,False,trace,normale,Matam,Zone soudano-sahélienne,Phase_2_pleine,Pleine saison (Juillet-Août),1985,8,6,218,0.08147261018429101,-0.6334355840431386,524.4986572265625
-12.375,14.875,1985-08-06,1985-08-06_010_020,0.0,-0.6038963198661804,3.9110195636749268,False,False,trace,normale,Matam,Zone soudano-sahélienne,Phase_2_pleine,Pleine saison (Juillet-Août),1985,8,6,218,0.08147261018429101,-0.6034404907993336,551.39599609375
-12.125,14.875,1985-08-06,1985-08-06_010_021,1.7336686849594116,-0.36858710646629333,3.8623206615448,False,False,faible,normale,Matam,Zone soudano-sahélienne,Phase_2_pleine,Pleine saison (Juillet-Août),1985,8,6,218,1.794234942850756,-0.366672934224857,578.2933349609375
-11.875,14.875,1985-08-06,1985-08-06_010_022,1.8872060775756836,-0.36021286249160767,3.8861870765686035,False,False,faible,normale,Matam,Zone soudano-sahélienne,Phase_2_pleine,Pleine saison (Juillet-Août),1985,8,6,218,2.0048898787953746,-0.35889321999933255,605.1907348632812
-11.625,14.875,1985-08-06,1985-08-06_010_023,0.0,-0.7272129654884338,3.558116912841797,False,False,trace,normale,Matam,Zone soudano-sahélienne,Phase_2_pleine,Pleine saison (Juillet-Août),1985,8,6,218,0.08147261018429101,-0.7255290234508227,632.088134765625
-11.375,14.875,1985-08-06,1985-08-06_010_024,0.0,-0.7641488313674927,4.657882213592529,False,False,trace,normale,Matam,Zone soudano-sahélienne,Phase_2_pleine,Pleine saison (Juillet-Août),1985,8,6,218,0.08147261018429101,-0.7615132280929604,658.9854736328125
-16.875,15.125,1985-08-06,1985-08-06_011_002,0.0,-0.43501394987106323,2.620330810546875,False,False,trace,normale,Thiès,Zone soudano-sahélienne,Phase_2_pleine,Pleine saison (Juillet-Août),1985,8,6,218,0.08147261018429101,-0.43472777501722076,67.16484069824219
-16.625,15.125,1985-08-06,1985-08-06_011_003,0.0,-0.43527206778526306,2.590618133544922,False,False,trace,normale,Thiès,Zone soudano-sahélienne,Phase_2_pleine,Pleine saison (Juillet-Août),1985,8,6,218,0.08147261018429101,-0.4351488456654189,94.03077697753906
-16.375,15.125,1985-08-06,1985-08-06_011_004,0.0,-0.37421363592147827,3.2751543521881104,False,False,trace,normale,Louga,Zone soudano-sahélienne,Phase_2_pleine,Pleine saison (Juillet-Août),1985,8,6,218,0.08147261018429101,-0.3718951664977338,120.89671325683594
-16.125,15.125,1985-08-06,1985-08-06_011_005,0.0,-0.4314839839935303,3.716885566711426,False,False,trace,normale,Louga,Zone soudano-sahélienne,Phase_2_pleine,Pleine saison (Juillet-Août),1985,8,6,218,0.08147261018429101,-0.43012480580027984,147.7626495361328
-15.875,15.125,1985-08-06,1985-08-06_011_006,0.0,-0.48511385917663574,4.29441499710083,False,False,trace,normale,Louga,Zone soudano-sahélienne,Phase_2_pleine,Pleine saison (Juillet-Août),1985,8,6,218,0.08147261018429101,-0.48510349051437185,174.62860107421875
-15.625,15.125,1985-08-06,1985-08-06_011_007,0.0,-0.5125129818916321,4.87513542175293,False,False,trace,normale,Louga,Zone soudano-sahélienne,Phase_2_pleine,Pleine saison (Juillet-Août),1985,8,6,218,0.08147261018429101,-0.5123643539658743,201.49453735351562
-15.375,15.125,1985-08-06,1985-08-06_011_008,0.0,-0.543199896812439,4.9046711921691895,False,False,trace,normale,Louga,Zone soudano-sahélienne,Phase_2_pleine,Pleine saison (Juillet-Août),1985,8,6,218,0.08147261018429101,-0.5427863082694049,228.36045837402344
-15.125,15.125,1985-08-06,1985-08-06_011_009,0.0,-0.5206504464149475,3.960047483444214,False,False,trace,normale,Kaffrine,Zone soudano-sahélienne,Phase_2_pleine,Pleine saison (Juillet-Août),1985,8,6,218,0.08147261018429101,-0.5205578172027167,255.22640991210938
-14.875,15.125,1985-08-06,1985-08-06_011_010,0.0,-0.5570147037506104,3.463169813156128,False,False,trace,normale,Kaffrine,Zone soudano-sahélienne,Phase_2_pleine,Pleine saison (Juillet-Août),1985,8,6,218,0.08147261018429101,-0.5567818922014093,282.09234619140625
-14.625,15.125,1985-08-06,1985-08-06_011_011,0.0,-0.5550495386123657,3.795140027999878,False,False,trace,normale,Kaffrine,Zone soudano-sahélienne,Phase_2_pleine,Pleine saison (Juillet-Août),1985,8,6,218,0.08147261018429101,-0.5533896124542658,308.9582824707031
-14.375,15.125,1985-08-06,1985-08-06_011_012,0.0,-0.5089548230171204,4.100282669067383,False,False,trace,normale,Matam,Zone soudano-sahélienne,Phase_2_pleine,Pleine saison (Juillet-Août),1985,8,6,218,0.08147261018429101,-0.5076069042610762,335.82421875
-14.125,15.125,1985-08-06,1985-08-06_011_013,0.0,-0.5280274748802185,4.878978252410889,False,False,trace,normale,Matam,Zone soudano-sahélienne,Phase_2_pleine,Pleine saison (Juillet-Août),1985,8,6,218,0.08147261018429101,-0.5268808372655706,362.69012451171875
-13.875,15.125,1985-08-06,1985-08-06_011_014,0.0,-0.6026666760444641,4.95157527923584,False,False,trace,normale,Matam,Zone soudano-sahélienne,Phase_2_pleine,Pleine saison (Juillet-Août),1985,8,6,218,0.08147261018429101,-0.6025982406271163,389.55609130859375
-13.625,15.125,1985-08-06,1985-08-06_011_015,0.0,-0.6177636384963989,5.1610636711120605,False,False,trace,normale,Matam,Zone soudano-sahélienne,Phase_2_pleine,Pleine saison (Juillet-Août),1985,8,6,218,0.08147261018429101,-0.6166623204796757,416.4220275878906
-13.375,15.125,1985-08-06,1985-08-06_011_016,0.0,-0.6146138310432434,4.570156574249268,False,False,trace,normale,Matam,Zone soudano-sahélienne,Phase_2_pleine,Pleine saison (Juillet-Août),1985,8,6,218,0.08147261018429101,-0.61337285155627,443.2879638671875
-13.125,15.125,1985-08-06,1985-08-06_011_017,0.6162788271903992,-0.5158212780952454,4.699212074279785,False,False,trace,normale,Matam,Zone soudano-sahélienne,Phase_2_pleine,Pleine saison (Juillet-Août),1985,8,6,218,0.6574184771758242,-0.5139997239088893,470.1539001464844
-12.875,15.125,1985-08-06,1985-08-06_011_018,0.0,-0.6185635924339294,4.611781597137451,False,False,trace,normale,Matam,Zone soudano-sahélienne,Phase_2_pleine,Pleine saison (Juillet-Août),1985,8,6,218,0.08147261018429101,-0.6181499811273125,497.0198059082031
-12.625,15.125,1985-08-06,1985-08-06_011_019,0.0,-0.688259482383728,3.4543216228485107,False,False,trace,normale,Matam,Zone soudano-sahélienne,Phase_2_pleine,Pleine saison (Juillet-Août),1985,8,6,218,0.08147261018429101,-0.6876551092569553,523.8857421875
-12.375,15.125,1985-08-06,1985-08-06_011_020,0.0,-0.6595523357391357,3.843398332595825,False,False,trace,normale,Matam,Zone soudano-sahélienne,Phase_2_pleine,Pleine saison (Juillet-Août),1985,8,6,218,0.08147261018429101,-0.6574141553897953,550.751708984375
-12.125,15.125,1985-08-06,1985-08-06_011_021,0.0,-0.6502802968025208,4.148151397705078,False,False,trace,normale,Matam,Zone soudano-sahélienne,Phase_2_pleine,Pleine saison (Juillet-Août),1985,8,6,218,0.08147261018429101,-0.6492449371658977,577.6176147460938
-11.875,15.125,1985-08-06,1985-08-06_011_022,0.1821690946817398,-0.5802568793296814,3.4869980812072754,False,False,trace,normale,Matam,Zone soudano-sahélienne,Phase_2_pleine,Pleine saison (Juillet-Août),1985,8,6,218,0.2997108143028895,-0.5801582620970568,604.4835815429688
-11.625,15.125,1985-08-06,1985-08-06_011_023,0.0,-0.5977355241775513,2.8096983432769775,False,False,trace,normale,Matam,Zone soudano-sahélienne,Phase_2_pleine,Pleine saison (Juillet-Août),1985,8,6,218,0.08147261018429101,-0.5954544888668922,631.3495483398438
-11.375,15.125,1985-08-06,1985-08-06_011_024,0.0,-0.5459327697753906,3.152515172958374,False,False,trace,normale,Matam,Zone soudano-sahélienne,Phase_2_pleine,Pleine saison (Juillet-Août),1985,8,6,218,0.08147261018429101,-0.544051344670243,658.2154541015625
-16.625,15.375,1985-08-06,1985-08-06_012_003,0.0,-0.4018186628818512,2.059486150741577,False,False,trace,normale,Louga,Zone soudano-sahélienne,Phase_2_pleine,Pleine saison (Juillet-Août),1985,8,6,218,0.08147261018429101,-0.4017818541682545,93.91899108886719
-16.375,15.375,1985-08-06,1985-08-06_012_004,0.0,-0.3885936439037323,2.9654524326324463,False,False,trace,normale,Louga,Zone soudano-sahélienne,Phase_2_pleine,Pleine saison (Juillet-Août),1985,8,6,218,0.08147261018429101,-0.38780070923680643,120.75298309326172
-16.125,15.375,1985-08-06,1985-08-06_012_005,0.0,-0.43680867552757263,3.872243881225586,False,False,trace,normale,Louga,Zone soudano-sahélienne,Phase_2_pleine,Pleine saison (Juillet-Août),1985,8,6,218,0.08147261018429101,-0.4366922656345607,147.5869903564453
-15.875,15.375,1985-08-06,1985-08-06_012_006,0.0,-0.43719372153282166,3.3559112548828125,False,False,trace,normale,Louga,Zone soudano-sahélienne,Phase_2_pleine,Pleine saison (Juillet-Août),1985,8,6,218,0.08147261018429101,-0.4370060357915696,174.42098999023438
-15.625,15.375,1985-08-06,1985-08-06_012_007,0.0,-0.5387704372406006,4.211597442626953,False,False,trace,normale,Louga,Zone soudano-sahélienne,Phase_2_pleine,Pleine saison (Juillet-Août),1985,8,6,218,0.08147261018429101,-0.5382806502993982,201.25497436523438
-15.375,15.375,1985-08-06,1985-08-06_012_008,0.0,-0.5566837787628174,4.880768299102783,False,False,trace,normale,Louga,Zone soudano-sahélienne,Phase_2_pleine,Pleine saison (Juillet-Août),1985,8,6,218,0.08147261018429101,-0.5559408742578784,228.08895874023438
-15.125,15.375,1985-08-06,1985-08-06_012_009,0.0,-0.4821297526359558,3.6067113876342773,False,False,trace,normale,Louga,Zone soudano-sahélienne,Phase_2_pleine,Pleine saison (Juillet-Août),1985,8,6,218,0.08147261018429101,-0.48198892513112207,254.9229736328125
-14.875,15.375,1985-08-06,1985-08-06_012_010,0.0,-0.5380375981330872,3.1652183532714844,False,False,trace,normale,Louga,Zone soudano-sahélienne,Phase_2_pleine,Pleine saison (Juillet-Août),1985,8,6,218,0.08147261018429101,-0.5366642861510041,281.7569580078125
-14.625,15.375,1985-08-06,1985-08-06_012_011,0.0,-0.5526645183563232,2.9140329360961914,False,False,trace,normale,Matam,Zone soudano-sahélienne,Phase_2_pleine,Pleine saison (Juillet-Août),1985,8,6,218,0.08147261018429101,-0.5514184673826898,308.5909729003906
-14.375,15.375,1985-08-06,1985-08-06_012_012,0.0,-0.5697996020317078,3.211764335632324,False,False,trace,normale,Matam,Zone soudano-sahélienne,Phase_2_pleine,Pleine saison (Juillet-Août),1985,8,6,218,0.08147261018429101,-0.5668099835589903,335.4249572753906
-14.125,15.375,1985-08-06,1985-08-06_012_013,0.0,-0.6328747868537903,4.042214393615723,False,False,trace,normale,Matam,Zone soudano-sahélienne,Phase_2_pleine,Pleine saison (Juillet-Août),1985,8,6,218,0.08147261018429101,-0.6315207448436986,362.2589416503906
-13.875,15.375,1985-08-06,1985-08-06_012_014,0.0,-0.585850179195404,4.163398742675781,False,False,trace,normale,Matam,Zone soudano-sahélienne,Phase_2_pleine,Pleine saison (Juillet-Août),1985,8,6,218,0.08147261018429101,-0.585403120996964,389.09295654296875
-13.625,15.375,1985-08-06,1985-08-06_012_015,0.0,-0.6059240102767944,3.706190347671509,False,False,trace,normale,Matam,Zone soudano-sahélienne,Phase_2_pleine,Pleine saison (Juillet-Août),1985,8,6,218,0.08147261018429101,-0.6042835170300163,415.92694091796875
-13.375,15.375,1985-08-06,1985-08-06_012_016,0.0,-0.6293662190437317,3.9484760761260986,False,False,trace,normale,Matam,Zone soudano-sahélienne,Phase_2_pleine,Pleine saison (Juillet-Août),1985,8,6,218,0.08147261018429101,-0.628112556047775,442.7609558105469
-13.125,15.375,1985-08-06,1985-08-06_012_017,1.5446674823760986,-0.35554826259613037,3.8831584453582764,False,False,faible,normale,Matam,Zone soudano-sahélienne,Phase_2_pleine,Pleine saison (Juillet-Août),1985,8,6,218,1.6196981105373154,-0.35505782067775726,469.5949401855469
-12.875,15.375,1985-08-06,1985-08-06_012_018,0.0,-0.594806969165802,3.927797555923462,False,False,trace,normale,Matam,Zone soudano-sahélienne,Phase_2_pleine,Pleine saison (Juillet-Août),1985,8,6,218,0.08147261018429101,-0.5944331056209066,496.4289245605469
-12.625,15.375,1985-08-06,1985-08-06_012_019,0.0,-0.6688482761383057,3.623339891433716,False,False,trace,normale,Matam,Zone soudano-sahélienne,Phase_2_pleine,Pleine saison (Juillet-Août),1985,8,6,218,0.08147261018429101,-0.6678542413903241,523.262939453125
-12.375,15.375,1985-08-06,1985-08-06_012_020,0.0,-0.6419715285301208,3.775275707244873,False,False,trace,normale,Matam,Zone soudano-sahélienne,Phase_2_pleine,Pleine saison (Juillet-Août),1985,8,6,218,0.08147261018429101,-0.6419307510157926,550.096923828125
-12.125,15.375,1985-08-06,1985-08-06_012_021,0.0,-0.6164668202400208,3.8377654552459717,False,False,trace,normale,Matam,Zone soudano-sahélienne,Phase_2_pleine,Pleine saison (Juillet-Août),1985,8,6,218,0.08147261018429101,-0.6148978319000359,576.930908203125
-11.875,15.375,1985-08-06,1985-08-06_012_022,0.0,-0.600300669670105,2.890972852706909,False,False,trace,normale,Matam,Zone soudano-sahélienne,Phase_2_pleine,Pleine saison (Juillet-Août),1985,8,6,218,0.08147261018429101,-0.5993274450302124,603.764892578125
-11.625,15.375,1985-08-06,1985-08-06_012_023,0.0,-0.5262722373008728,2.296130418777466,False,False,trace,normale,Matam,Zone soudano-sahélienne,Phase_2_pleine,Pleine saison (Juillet-Août),1985,8,6,218,0.08147261018429101,-0.5262346905679559,630.5989379882812
-11.375,15.375,1985-08-06,1985-08-06_012_024,0.0,-0.5262145400047302,2.472247838973999,False,False,trace,normale,Matam,Zone soudano-sahélienne,Phase_2_pleine,Pleine saison (Juillet-Août),1985,8,6,218,0.08147261018429101,-0.5256003087489449,657.4329223632812
-16.625,15.625,1985-08-06,1985-08-06_013_003,0.4464719593524933,-0.30583426356315613,1.9766958951950073,False,False,trace,normale,Saint-Louis,Zone sahélienne,Phase_2_pleine,Pleine saison (Juillet-Août),1985,8,6,218,0.5215624335722694,-0.30221657821880527,93.80541229248047
-16.375,15.625,1985-08-06,1985-08-06_013_004,0.9351555109024048,-0.23423722386360168,2.2305612564086914,False,False,trace,normale,Saint-Louis,Zone sahélienne,Phase_2_pleine,Pleine saison (Juillet-Août),1985,8,6,218,0.9580298051163177,-0.23224893017629855,120.6069564819336
-16.125,15.625,1985-08-06,1985-08-06_013_005,0.0,-0.4616321623325348,3.0182275772094727,False,False,trace,normale,Saint-Louis,Zone sahélienne,Phase_2_pleine,Pleine saison (Juillet-Août),1985,8,6,218,0.08147261018429101,-0.4602126537555426,147.40850830078125
-15.875,15.625,1985-08-06,1985-08-06_013_006,0.0,-0.42857563495635986,2.2376792430877686,False,False,trace,normale,Saint-Louis,Zone sahélienne,Phase_2_pleine,Pleine saison (Juillet-Août),1985,8,6,218,0.08147261018429101,-0.42797145726692737,174.21005249023438
-15.625,15.625,1985-08-06,1985-08-06_013_007,0.0,-0.4756090044975281,2.709662437438965,False,False,trace,normale,Saint-Louis,Zone sahélienne,Phase_2_pleine,Pleine saison (Juillet-Août),1985,8,6,218,0.08147261018429101,-0.47512185933002876,201.0115966796875
-15.375,15.625,1985-08-06,1985-08-06_013_008,0.0,-0.48145028948783875,3.0644798278808594,False,False,trace,normale,Louga,Zone sahélienne,Phase_2_pleine,Pleine saison (Juillet-Août),1985,8,6,218,0.08147261018429101,-0.4811731440637579,227.81312561035156
-15.125,15.625,1985-08-06,1985-08-06_013_009,0.0,-0.43656861782073975,2.3340978622436523,False,False,trace,normale,Louga,Zone sahélienne,Phase_2_pleine,Pleine saison (Juillet-Août),1985,8,6,218,0.08147261018429101,-0.4359480058727552,254.6147003173828
-14.875,15.625,1985-08-06,1985-08-06_013_010,0.0,-0.4480827748775482,2.119764566421509,False,False,trace,normale,Louga,Zone sahélienne,Phase_2_pleine,Pleine saison (Juillet-Août),1985,8,6,218,0.08147261018429101,-0.4468227249743351,281.4162292480469
-14.625,15.625,1985-08-06,1985-08-06_013_011,0.0,-0.5990338325500488,2.4768521785736084,False,False,trace,normale,Matam,Zone sahélienne,Phase_2_pleine,Pleine saison (Juillet-Août),1985,8,6,218,0.08147261018429101,-0.5989287941899132,308.2177734375
-14.375,15.625,1985-08-06,1985-08-06_013_012,0.0,-0.5643943548202515,2.69162917137146,False,False,trace,normale,Matam,Zone sahélienne,Phase_2_pleine,Pleine saison (Juillet-Août),1985,8,6,218,0.08147261018429101,-0.5630332560994518,335.0193176269531
-14.125,15.625,1985-08-06,1985-08-06_013_013,0.0,-0.5556240081787109,2.7914319038391113,False,False,trace,normale,Matam,Zone sahélienne,Phase_2_pleine,Pleine saison (Juillet-Août),1985,8,6,218,0.08147261018429101,-0.5552227455167914,361.82086181640625
-13.875,15.625,1985-08-06,1985-08-06_013_014,0.0,-0.5197121500968933,2.9911959171295166,False,False,trace,normale,Matam,Zone sahélienne,Phase_2_pleine,Pleine saison (Juillet-Août),1985,8,6,218,0.08147261018429101,-0.5195163946654928,388.6224060058594
-13.625,15.625,1985-08-06,1985-08-06_013_015,0.0,-0.5163067579269409,3.428011894226074,False,False,trace,normale,Matam,Zone sahélienne,Phase_2_pleine,Pleine saison (Juillet-Août),1985,8,6,218,0.08147261018429101,-0.5160091270753486,415.4239501953125
-13.375,15.625,1985-08-06,1985-08-06_013_016,0.0,-0.571809709072113,3.514927625656128,False,False,trace,normale,Matam,Zone sahélienne,Phase_2_pleine,Pleine saison (Juillet-Août),1985,8,6,218,0.08147261018429101,-0.5714104930360113,442.22552490234375
-13.125,15.625,1985-08-06,1985-08-06_013_017,0.9899986982345581,-0.4527624547481537,3.511737108230591,False,False,trace,normale,Matam,Zone sahélienne,Phase_2_pleine,Pleine saison (Juillet-Août),1985,8,6,218,1.003263870675359,-0.45213171577633327,469.02703857421875
-12.875,15.625,1985-08-06,1985-08-06_013_018,0.8551489114761353,-0.44553709030151367,3.1198134422302246,False,False,trace,normale,Matam,Zone sahélienne,Phase_2_pleine,Pleine saison (Juillet-Août),1985,8,6,218,0.8580509882476463,-0.4441797616493762,495.8285827636719
-12.625,15.625,1985-08-06,1985-08-06_013_019,0.0,-0.6074109673500061,3.247617244720459,False,False,trace,normale,Matam,Zone sahélienne,Phase_2_pleine,Pleine saison (Juillet-Août),1985,8,6,218,0.08147261018429101,-0.607387803757011,522.630126953125
-12.375,15.625,1985-08-06,1985-08-06_013_020,0.0,-0.602196455001831,2.9365248680114746,False,False,trace,normale,Matam,Zone sahélienne,Phase_2_pleine,Pleine saison (Juillet-Août),1985,8,6,218,0.08147261018429101,-0.6021451081462841,549.4317016601562
-12.125,15.625,1985-08-06,1985-08-06_013_021,0.0,-0.5728266835212708,2.874584197998047,False,False,trace,normale,Matam,Zone sahélienne,Phase_2_pleine,Pleine saison (Juillet-Août),1985,8,6,218,0.08147261018429101,-0.5720728959270458,576.2332153320312
-11.875,15.625,1985-08-06,1985-08-06_013_022,0.0,-0.5508676767349243,2.3924126625061035,False,False,trace,normale,Matam,Zone sahélienne,Phase_2_pleine,Pleine saison (Juillet-Août),1985,8,6,218,0.08147261018429101,-0.5474578792126334,603.0347900390625
-11.625,15.625,1985-08-06,1985-08-06_013_023,0.0,-0.4809534251689911,1.8001132011413574,False,False,trace,normale,Matam,Zone sahélienne,Phase_2_pleine,Pleine saison (Juillet-Août),1985,8,6,218,0.08147261018429101,-0.48052610913712773,629.8363037109375
-11.375,15.625,1985-08-06,1985-08-06_013_024,0.0,-0.5219761729240417,2.402435541152954,False,False,trace,normale,Matam,Zone sahélienne,Phase_2_pleine,Pleine saison (Juillet-Août),1985,8,6,218,0.08147261018429101,-0.5215877567104359,656.6378784179688
-16.375,15.875,1985-08-06,1985-08-06_014_004,2.435722589492798,0.08006905019283295,2.065817356109619,False,False,faible,normale,Saint-Louis,Zone sahélienne,Phase_2_pleine,Pleine saison (Juillet-Août),1985,8,6,218,2.460963942896781,0.08306453650321197,120.45863342285156
-16.125,15.875,1985-08-06,1985-08-06_014_005,0.0,-0.45890286564826965,2.4011070728302,False,False,trace,normale,Saint-Louis,Zone sahélienne,Phase_2_pleine,Pleine saison (Juillet-Août),1985,8,6,218,0.08147261018429101,-0.45819717256268067,147.2272186279297
-15.875,15.875,1985-08-06,1985-08-06_014_006,0.0,-0.46270057559013367,2.0625312328338623,False,False,trace,normale,Saint-Louis,Zone sahélienne,Phase_2_pleine,Pleine saison (Juillet-Août),1985,8,6,218,0.08147261018429101,-0.4621422088625443,173.9958038330078
-15.625,15.875,1985-08-06,1985-08-06_014_007,0.0,-0.4109860360622406,1.9232879877090454,False,False,trace,normale,Saint-Louis,Zone sahélienne,Phase_2_pleine,Pleine saison (Juillet-Août),1985,8,6,218,0.08147261018429101,-0.4083237794775461,200.76438903808594
-15.375,15.875,1985-08-06,1985-08-06_014_008,0.0,-0.36391323804855347,1.9780393838882446,False,False,trace,normale,Louga,Zone sahélienne,Phase_2_pleine,Pleine saison (Juillet-Août),1985,8,6,218,0.08147261018429101,-0.3624070550329122,227.53297424316406
-15.125,15.875,1985-08-06,1985-08-06_014_009,0.0,-0.35695064067840576,2.3325490951538086,False,False,trace,normale,Louga,Zone sahélienne,Phase_2_pleine,Pleine saison (Juillet-Août),1985,8,6,218,0.08147261018429101,-0.356386870595079,254.30157470703125
-14.875,15.875,1985-08-06,1985-08-06_014_010,0.0,-0.43441131711006165,2.3593480587005615,False,False,trace,normale,Louga,Zone sahélienne,Phase_2_pleine,Pleine saison (Juillet-Août),1985,8,6,218,0.08147261018429101,-0.4337257438868135,281.07012939453125
-14.625,15.875,1985-08-06,1985-08-06_014_011,0.0,-0.5164124965667725,2.227189302444458,False,False,trace,normale,Matam,Zone sahélienne,Phase_2_pleine,Pleine saison (Juillet-Août),1985,8,6,218,0.08147261018429101,-0.516347406198032,307.8387451171875
-14.375,15.875,1985-08-06,1985-08-06_014_012,0.0,-0.45499876141548157,2.3174054622650146,False,False,trace,normale,Matam,Zone sahélienne,Phase_2_pleine,Pleine saison (Juillet-Août),1985,8,6,218,0.08147261018429101,-0.453901971404876,334.6073303222656
-14.125,15.875,1985-08-06,1985-08-06_014_013,0.0,-0.44278088212013245,2.5019125938415527,False,False,trace,normale,Matam,Zone sahélienne,Phase_2_pleine,Pleine saison (Juillet-Août),1985,8,6,218,0.08147261018429101,-0.44004345419418867,361.3758850097656
-13.875,15.875,1985-08-06,1985-08-06_014_014,0.0,-0.4670654535293579,3.006462335586548,False,False,trace,normale,Matam,Zone sahélienne,Phase_2_pleine,Pleine saison (Juillet-Août),1985,8,6,218,0.08147261018429101,-0.46699323299242623,388.1445007324219
-13.625,15.875,1985-08-06,1985-08-06_014_015,0.0,-0.5393546223640442,3.1778616905212402,False,False,trace,normale,Matam,Zone sahélienne,Phase_2_pleine,Pleine saison (Juillet-Août),1985,8,6,218,0.08147261018429101,-0.5392931744680932,414.9130554199219
-13.375,15.875,1985-08-06,1985-08-06_014_016,0.0,-0.5749114155769348,3.3911423683166504,False,False,trace,normale,Matam,Zone sahélienne,Phase_2_pleine,Pleine saison (Juillet-Août),1985,8,6,218,0.08147261018429101,-0.5739185588443698,441.6816711425781
-13.125,15.875,1985-08-06,1985-08-06_014_017,0.0,-0.6131438612937927,3.3084230422973633,False,False,trace,normale,Matam,Zone sahélienne,Phase_2_pleine,Pleine saison (Juillet-Août),1985,8,6,218,0.08147261018429101,-0.611992265111837,468.4502258300781
-12.875,15.875,1985-08-06,1985-08-06_014_018,0.0,-0.6085879802703857,2.976915121078491,False,False,trace,normale,Matam,Zone sahélienne,Phase_2_pleine,Pleine saison (Juillet-Août),1985,8,6,218,0.08147261018429101,-0.6082157043356392,495.21881103515625
-12.625,15.875,1985-08-06,1985-08-06_014_019,0.0,-0.6313261985778809,2.5898232460021973,False,False,trace,normale,Matam,Zone sahélienne,Phase_2_pleine,Pleine saison (Juillet-Août),1985,8,6,218,0.08147261018429101,-0.6296173722001176,521.9874267578125
-12.375,15.875,1985-08-06,1985-08-06_014_020,0.0,-0.6033311486244202,2.287287950515747,False,False,trace,normale,Matam,Zone sahélienne,Phase_2_pleine,Pleine saison (Juillet-Août),1985,8,6,218,0.08147261018429101,-0.6032040080233435,548.7560424804688
-12.125,15.875,1985-08-06,1985-08-06_014_021,0.0,-0.5933273434638977,2.126997709274292,False,False,trace,normale,Matam,Zone sahélienne,Phase_2_pleine,Pleine saison (Juillet-Août),1985,8,6,218,0.08147261018429101,-0.5924687792907408,575.5245361328125
-11.875,15.875,1985-08-06,1985-08-06_014_022,0.0,-0.5656824111938477,2.242486000061035,False,False,trace,normale,Matam,Zone sahélienne,Phase_2_pleine,Pleine saison (Juillet-Août),1985,8,6,218,0.08147261018429101,-0.5650307880574136,602.2931518554688
-11.625,15.875,1985-08-06,1985-08-06_014_023,0.0,-0.5038214325904846,1.9096633195877075,False,False,trace,normale,Matam,Zone sahélienne,Phase_2_pleine,Pleine saison (Juillet-Août),1985,8,6,218,0.08147261018429101,-0.5034949983184661,629.061767578125
-11.375,15.875,1985-08-06,1985-08-06_014_024,0.0,-0.5350089073181152,2.2064719200134277,False,False,trace,normale,Matam,Zone sahélienne,Phase_2_pleine,Pleine saison (Juillet-Août),1985,8,6,218,0.08147261018429101,-0.5334396143654483,655.8303833007812
-16.375,16.125,1985-08-06,1985-08-06_015_004,2.3223166465759277,0.008740013465285301,2.280203104019165,False,False,faible,normale,Saint-Louis,Zone sahélienne,Phase_2_pleine,Pleine saison (Juillet-Août),1985,8,6,218,2.3432179994918587,0.020661715146658655,120.30801391601562
-16.125,16.125,1985-08-06,1985-08-06_015_005,1.1065282821655273,-0.26423874497413635,2.361389636993408,False,False,faible,normale,Saint-Louis,Zone sahélienne,Phase_2_pleine,Pleine saison (Juillet-Août),1985,8,6,218,1.2076031532718916,-0.25922249399837,147.0431365966797
-15.875,16.125,1985-08-06,1985-08-06_015_006,1.5200953483581543,-0.1954343169927597,2.5906167030334473,False,False,faible,normale,Saint-Louis,Zone sahélienne,Phase_2_pleine,Pleine saison (Juillet-Août),1985,8,6,218,1.5299118541592927,-0.18857950953083272,173.7782440185547
-15.625,16.125,1985-08-06,1985-08-06_015_007,0.0,-0.40085580945014954,1.9424101114273071,False,False,trace,normale,Saint-Louis,Zone sahélienne,Phase_2_pleine,Pleine saison (Juillet-Août),1985,8,6,218,0.08147261018429101,-0.4007167971164138,200.51336669921875
-15.375,16.125,1985-08-06,1985-08-06_015_008,0.0,-0.47471553087234497,2.0939536094665527,False,False,trace,normale,Louga,Zone sahélienne,Phase_2_pleine,Pleine saison (Juillet-Août),1985,8,6,218,0.08147261018429101,-0.4743230980844354,227.2484588623047
-15.125,16.125,1985-08-06,1985-08-06_015_009,0.0,-0.4352821409702301,2.0184407234191895,False,False,trace,normale,Louga,Zone sahélienne,Phase_2_pleine,Pleine saison (Juillet-Août),1985,8,6,218,0.08147261018429101,-0.4352773068538263,253.9835968017578
-14.875,16.125,1985-08-06,1985-08-06_015_010,0.0,-0.3867151439189911,1.9770137071609497,False,False,trace,normale,Louga,Zone sahélienne,Phase_2_pleine,Pleine saison (Juillet-Août),1985,8,6,218,0.08147261018429101,-0.38316815222927075,280.71868896484375
-14.625,16.125,1985-08-06,1985-08-06_015_011,0.0,-0.4014790952205658,1.8934754133224487,False,False,trace,normale,Matam,Zone sahélienne,Phase_2_pleine,Pleine saison (Juillet-Août),1985,8,6,218,0.08147261018429101,-0.4012066034515898,307.4538269042969
-14.375,16.125,1985-08-06,1985-08-06_015_012,0.0,-0.39502695202827454,1.8795453310012817,False,False,trace,normale,Matam,Zone sahélienne,Phase_2_pleine,Pleine saison (Juillet-Août),1985,8,6,218,0.08147261018429101,-0.3925375700296468,334.1889343261719
-14.125,16.125,1985-08-06,1985-08-06_015_013,0.0,-0.4126911461353302,2.198546886444092,False,False,trace,normale,Matam,Zone sahélienne,Phase_2_pleine,Pleine saison (Juillet-Août),1985,8,6,218,0.08147261018429101,-0.4125719293577587,360.9240417480469
-13.875,16.125,1985-08-06,1985-08-06_015_014,0.0,-0.4272758364677429,2.356025457382202,False,False,trace,normale,Matam,Zone sahélienne,Phase_2_pleine,Pleine saison (Juillet-Août),1985,8,6,218,0.08147261018429101,-0.4254718333033461,387.6591491699219
-13.625,16.125,1985-08-06,1985-08-06_015_015,0.0,-0.4900265634059906,2.601212739944458,False,False,trace,normale,Matam,Zone sahélienne,Phase_2_pleine,Pleine saison (Juillet-Août),1985,8,6,218,0.08147261018429101,-0.4890777615446541,414.3942565917969
-13.375,16.125,1985-08-06,1985-08-06_015_016,0.0,-0.5767089128494263,3.17612361907959,False,False,trace,normale,Matam,Zone sahélienne,Phase_2_pleine,Pleine saison (Juillet-Août),1985,8,6,218,0.08147261018429101,-0.5753630480574603,441.12939453125
-13.125,16.125,1985-08-06,1985-08-06_015_017,0.0,-0.6064832806587219,3.2607107162475586,False,False,trace,normale,Matam,Zone sahélienne,Phase_2_pleine,Pleine saison (Juillet-Août),1985,8,6,218,0.08147261018429101,-0.6062625523787647,467.864501953125
-12.875,16.125,1985-08-06,1985-08-06_015_018,0.0,-0.5990670919418335,2.7082808017730713,False,False,trace,normale,Matam,Zone sahélienne,Phase_2_pleine,Pleine saison (Juillet-Août),1985,8,6,218,0.08147261018429101,-0.5990409356864852,494.5995788574219
-12.625,16.125,1985-08-06,1985-08-06_015_019,0.0,-0.6117756962776184,2.806084394454956,False,False,trace,normale,Matam,Zone sahélienne,Phase_2_pleine,Pleine saison (Juillet-Août),1985,8,6,218,0.08147261018429101,-0.6101778080715007,521.334716796875
-12.375,16.125,1985-08-06,1985-08-06_015_020,0.0,-0.5412834882736206,2.2239251136779785,False,False,trace,normale,Matam,Zone sahélienne,Phase_2_pleine,Pleine saison (Juillet-Août),1985,8,6,218,0.08147261018429101,-0.5404132631555874,548.0698852539062
-12.125,16.125,1985-08-06,1985-08-06_015_021,0.0,-0.5235623717308044,1.9852310419082642,False,False,trace,normale,Matam,Zone sahélienne,Phase_2_pleine,Pleine saison (Juillet-Août),1985,8,6,218,0.08147261018429101,-0.5230251302072151,574.804931640625
-11.875,16.125,1985-08-06,1985-08-06_015_022,0.0,-0.5047925114631653,2.0311594009399414,False,False,trace,normale,Matam,Zone sahélienne,Phase_2_pleine,Pleine saison (Juillet-Août),1985,8,6,218,0.08147261018429101,-0.504219135746884,601.5400390625
-11.625,16.125,1985-08-06,1985-08-06_015_023,0.0,-0.5227238535881042,2.065377950668335,False,False,trace,normale,Matam,Zone sahélienne,Phase_2_pleine,Pleine saison (Juillet-Août),1985,8,6,218,0.08147261018429101,-0.5226469384365945,628.2752075195312
-11.375,16.125,1985-08-06,1985-08-06_015_024,0.0,-0.5587685704231262,2.2183682918548584,False,False,trace,normale,Matam,Zone sahélienne,Phase_2_pleine,Pleine saison (Juillet-Août),1985,8,6,218,0.08147261018429101,-0.5586461385889868,655.0103149414062
-16.375,16.375,1985-08-06,1985-08-06_016_004,2.8567185401916504,0.05695883557200432,2.5431067943573,False,False,faible,normale,Saint-Louis,Zone sahélienne,Phase_2_pleine,Pleine saison (Juillet-Août),1985,8,6,218,2.880765845428161,0.06036785041829207,120.15510559082031
-16.125,16.375,1985-08-06,1985-08-06_016_005,3.1095855236053467,0.12430396676063538,2.455421209335327,False,False,faible,normale,Saint-Louis,Zone sahélienne,Phase_2_pleine,Pleine saison (Juillet-Août),1985,8,6,218,3.1584731166686213,0.1271635885139807,146.85623168945312
-15.875,16.375,1985-08-06,1985-08-06_016_006,3.7456438541412354,0.2683938145637512,2.257708787918091,False,False,faible,normale,Saint-Louis,Zone sahélienne,Phase_2_pleine,Pleine saison (Juillet-Août),1985,8,6,218,4.084898819276482,0.28685485567879204,173.557373046875
-15.625,16.375,1985-08-06,1985-08-06_016_007,0.0,-0.37808290123939514,1.827266812324524,False,False,trace,normale,Saint-Louis,Zone sahélienne,Phase_2_pleine,Pleine saison (Juillet-Août),1985,8,6,218,0.08147261018429101,-0.37647880883372625,200.25851440429688
-15.375,16.375,1985-08-06,1985-08-06_016_008,0.0,-0.41242754459381104,1.9699105024337769,False,False,trace,normale,Louga,Zone sahélienne,Phase_2_pleine,Pleine saison (Juillet-Août),1985,8,6,218,0.08147261018429101,-0.4117792279426776,226.95962524414062
-15.125,16.375,1985-08-06,1985-08-06_016_009,0.0,-0.4005360007286072,1.715205192565918,False,False,trace,normale,Louga,Zone sahélienne,Phase_2_pleine,Pleine saison (Juillet-Août),1985,8,6,218,0.08147261018429101,-0.4005243706343761,253.66078186035156
-14.875,16.375,1985-08-06,1985-08-06_016_010,0.0,-0.33806419372558594,1.5958316326141357,False,False,trace,normale,Louga,Zone sahélienne,Phase_2_pleine,Pleine saison (Juillet-Août),1985,8,6,218,0.08147261018429101,-0.33767139672034946,280.3619079589844
-14.625,16.375,1985-08-06,1985-08-06_016_011,0.0,-0.3461374342441559,1.4706999063491821,False,False,trace,normale,Matam,Zone sahélienne,Phase_2_pleine,Pleine saison (Juillet-Août),1985,8,6,218,0.08147261018429101,-0.3453224189766687,307.06304931640625
-14.375,16.375,1985-08-06,1985-08-06_016_012,0.0,-0.35432061553001404,1.4078377485275269,False,False,trace,normale,Matam,Zone sahélienne,Phase_2_pleine,Pleine saison (Juillet-Août),1985,8,6,218,0.08147261018429101,-0.3533773950895472,333.76416015625
-14.125,16.375,1985-08-06,1985-08-06_016_013,0.0,-0.4050333499908447,1.5921889543533325,False,False,trace,normale,Matam,Zone sahélienne,Phase_2_pleine,Pleine saison (Juillet-Août),1985,8,6,218,0.08147261018429101,-0.4036037027087044,360.4653015136719
-13.875,16.375,1985-08-06,1985-08-06_016_014,0.0,-0.40173542499542236,1.5991017818450928,False,False,trace,normale,Matam,Zone sahélienne,Phase_2_pleine,Pleine saison (Juillet-Août),1985,8,6,218,0.08147261018429101,-0.4016227171798447,387.16644287109375
-13.625,16.375,1985-08-06,1985-08-06_016_015,0.0,-0.4730361998081207,2.257181406021118,False,False,trace,normale,Matam,Zone sahélienne,Phase_2_pleine,Pleine saison (Juillet-Août),1985,8,6,218,0.08147261018429101,-0.4705826109228422,413.8675537109375
-13.375,16.375,1985-08-06,1985-08-06_016_016,0.0,-0.5585957765579224,2.574235439300537,False,False,trace,normale,Matam,Zone sahélienne,Phase_2_pleine,Pleine saison (Juillet-Août),1985,8,6,218,0.08147261018429101,-0.5574794914854232,440.5687255859375
-13.125,16.375,1985-08-06,1985-08-06_016_017,0.0,-0.5735809206962585,2.556684732437134,False,False,trace,normale,Matam,Zone sahélienne,Phase_2_pleine,Pleine saison (Juillet-Août),1985,8,6,218,0.08147261018429101,-0.5730199804857149,467.26983642578125
-12.875,16.375,1985-08-06,1985-08-06_016_018,0.0,-0.5359098315238953,2.3165855407714844,False,False,trace,normale,Matam,Zone sahélienne,Phase_2_pleine,Pleine saison (Juillet-Août),1985,8,6,218,0.08147261018429101,-0.5353144971869099,493.970947265625
-12.625,16.375,1985-08-06,1985-08-06_016_019,0.0,-0.5604923367500305,2.4547407627105713,False,False,trace,normale,Matam,Zone sahélienne,Phase_2_pleine,Pleine saison (Juillet-Août),1985,8,6,218,0.08147261018429101,-0.5592666436080358,520.672119140625
-12.375,16.375,1985-08-06,1985-08-06_016_020,0.0,-0.512267529964447,2.522052049636841,False,False,trace,normale,Matam,Zone sahélienne,Phase_2_pleine,Pleine saison (Juillet-Août),1985,8,6,218,0.08147261018429101,-0.5102699177349034,547.3732299804688
-12.125,16.375,1985-08-06,1985-08-06_016_021,0.0,-0.5425969362258911,2.088677406311035,False,False,trace,normale,Matam,Zone sahélienne,Phase_2_pleine,Pleine saison (Juillet-Août),1985,8,6,218,0.08147261018429101,-0.5416993034544901,574.0743408203125
-11.875,16.375,1985-08-06,1985-08-06_016_022,0.0,-0.5359750390052795,2.19539737701416,False,False,trace,normale,Matam,Zone sahélienne,Phase_2_pleine,Pleine saison (Juillet-Août),1985,8,6,218,0.08147261018429101,-0.5359317858015472,600.7755126953125
-11.625,16.375,1985-08-06,1985-08-06_016_023,0.0,-0.5193967223167419,1.9396148920059204,False,False,trace,normale,Matam,Zone sahélienne,Phase_2_pleine,Pleine saison (Juillet-Août),1985,8,6,218,0.08147261018429101,-0.5175522008732935,627.4766235351562
-11.375,16.375,1985-08-06,1985-08-06_016_024,0.0,-0.5699498653411865,2.3880531787872314,False,False,trace,normale,Matam,Zone sahélienne,Phase_2_pleine,Pleine saison (Juillet-Août),1985,8,6,218,0.08147261018429101,-0.569840377000109,654.1777954101562
-16.375,16.625,1985-08-06,1985-08-06_017_004,2.7100958824157715,0.0691821500658989,2.3204166889190674,False,False,faible,normale,Saint-Louis,Zone sahélienne,Phase_2_pleine,Pleine saison (Juillet-Août),1985,8,6,218,2.7224910750460976,0.07200261115578506,119.99990844726562
-16.125,16.625,1985-08-06,1985-08-06_017_005,2.604956865310669,0.07938709110021591,2.176558494567871,False,False,faible,normale,Saint-Louis,Zone sahélienne,Phase_2_pleine,Pleine saison (Juillet-Août),1985,8,6,218,2.6437896178595395,0.07957385879141,146.6665496826172
-15.875,16.625,1985-08-06,1985-08-06_017_006,2.595993757247925,0.09110797196626663,2.116403818130493,False,False,faible,normale,Saint-Louis,Zone sahélienne,Phase_2_pleine,Pleine saison (Juillet-Août),1985,8,6,218,2.5993267723064326,0.0963032291125717,173.3332061767578
-15.625,16.625,1985-08-06,1985-08-06_017_007,0.8194410800933838,-0.20398586988449097,1.8687797784805298,False,False,trace,normale,Saint-Louis,Zone sahélienne,Phase_2_pleine,Pleine saison (Juillet-Août),1985,8,6,218,0.8347828870442653,-0.20353187890208552,199.99984741210938
-15.375,16.625,1985-08-06,1985-08-06_017_008,0.7686952352523804,-0.24554607272148132,1.9756945371627808,False,False,trace,normale,Saint-Louis,Zone sahélienne,Phase_2_pleine,Pleine saison (Juillet-Août),1985,8,6,218,0.7841640914504843,-0.2442678001957323,226.66648864746094
-15.125,16.625,1985-08-06,1985-08-06_017_009,0.9253392219543457,-0.16482973098754883,1.585051417350769,False,False,trace,normale,Saint-Louis,Zone sahélienne,Phase_2_pleine,Pleine saison (Juillet-Août),1985,8,6,218,0.9294581170657172,-0.15826531533320337,253.33314514160156
-14.875,16.625,1985-08-06,1985-08-06_017_010,1.103135347366333,-0.09404217451810837,1.480607271194458,False,False,faible,normale,Louga,Zone sahélienne,Phase_2_pleine,Pleine saison (Juillet-Août),1985,8,6,218,1.1045249161408774,-0.09068562685694556,279.9997863769531
-14.625,16.625,1985-08-06,1985-08-06_017_011,0.0,-0.3519446551799774,1.5199382305145264,False,False,trace,normale,Matam,Zone sahélienne,Phase_2_pleine,Pleine saison (Juillet-Août),1985,8,6,218,0.08147261018429101,-0.35102308724992837,306.66644287109375
-14.375,16.625,1985-08-06,1985-08-06_017_012,0.0,-0.349608451128006,1.4324194192886353,False,False,trace,normale,Matam,Zone sahélienne,Phase_2_pleine,Pleine saison (Juillet-Août),1985,8,6,218,0.08147261018429101,-0.34824795204790393,333.33306884765625
-14.125,16.625,1985-08-06,1985-08-06_017_013,0.0,-0.37826183438301086,1.2571754455566406,False,False,trace,normale,Matam,Zone sahélienne,Phase_2_pleine,Pleine saison (Juillet-Août),1985,8,6,218,0.08147261018429101,-0.3781872039763772,359.99969482421875
-13.875,16.625,1985-08-06,1985-08-06_017_014,0.0,-0.4628855586051941,1.4304176568984985,False,False,trace,normale,Matam,Zone sahélienne,Phase_2_pleine,Pleine saison (Juillet-Août),1985,8,6,218,0.08147261018429101,-0.4627884192832151,386.6663513183594
-13.625,16.625,1985-08-06,1985-08-06_017_015,0.0,-0.4951724410057068,1.8297200202941895,False,False,trace,normale,Matam,Zone sahélienne,Phase_2_pleine,Pleine saison (Juillet-Août),1985,8,6,218,0.08147261018429101,-0.49218576330335895,413.3330078125
-13.375,16.625,1985-08-06,1985-08-06_017_016,0.0,-0.5047948360443115,1.7615504264831543,False,False,trace,normale,Matam,Zone sahélienne,Phase_2_pleine,Pleine saison (Juillet-Août),1985,8,6,218,0.08147261018429101,-0.504793457649461,439.9996643066406
-13.125,16.625,1985-08-06,1985-08-06_017_017,0.0,-0.5067101716995239,1.6887671947479248,False,False,trace,normale,Matam,Zone sahélienne,Phase_2_pleine,Pleine saison (Juillet-Août),1985,8,6,218,0.08147261018429101,-0.5059783500642633,466.6662902832031
-12.875,16.625,1985-08-06,1985-08-06_017_018,0.0,-0.48623085021972656,1.8852260112762451,False,False,trace,normale,Matam,Zone sahélienne,Phase_2_pleine,Pleine saison (Juillet-Août),1985,8,6,218,0.08147261018429101,-0.4855909659035841,493.3329162597656
-12.625,16.625,1985-08-06,1985-08-06_017_019,0.0,-0.4684515595436096,1.8646410703659058,False,False,trace,normale,Matam,Zone sahélienne,Phase_2_pleine,Pleine saison (Juillet-Août),1985,8,6,218,0.08147261018429101,-0.46771323171692275,519.9995727539062
-12.375,16.625,1985-08-06,1985-08-06_017_020,0.0,-0.4788229763507843,2.2033236026763916,False,False,trace,normale,Matam,Zone sahélienne,Phase_2_pleine,Pleine saison (Juillet-Août),1985,8,6,218,0.08147261018429101,-0.4770625596070409,546.666259765625
-12.125,16.625,1985-08-06,1985-08-06_017_021,0.0,-0.5032662153244019,2.3337645530700684,False,False,trace,normale,Matam,Zone sahélienne,Phase_2_pleine,Pleine saison (Juillet-Août),1985,8,6,218,0.08147261018429101,-0.49924912794151494,573.3328247070312
-11.875,16.625,1985-08-06,1985-08-06_017_022,0.0,-0.49640440940856934,2.2230708599090576,False,False,trace,normale,Matam,Zone sahélienne,Phase_2_pleine,Pleine saison (Juillet-Août),1985,8,6,218,0.08147261018429101,-0.4956862770732324,599.99951171875
-11.625,16.625,1985-08-06,1985-08-06_017_023,0.8619431853294373,-0.28724393248558044,2.1075942516326904,False,False,trace,normale,Matam,Zone sahélienne,Phase_2_pleine,Pleine saison (Juillet-Août),1985,8,6,218,0.8755843531546276,-0.28671739171797306,626.6661987304688
-11.375,16.625,1985-08-06,1985-08-06_017_024,0.804282546043396,-0.3341321349143982,2.269098997116089,False,False,trace,normale,Matam,Zone sahélienne,Phase_2_pleine,Pleine saison (Juillet-Août),1985,8,6,218,0.8108334703062048,-0.33230924366706566,653.3328247070312
-16.625,12.375,2009-08-28,2009-08-28_000_003,68.53536224365234,3.2255756855010986,17.586761474609375,True,True,très forte,exceptionelle,Ziguinchor,Zone soudanienne,Phase_2_pleine,Pleine saison (Juillet-Août),2009,8,28,240,68.63290570129685,3.2293124276788987,95.14187622070312
-16.375,12.375,2009-08-28,2009-08-28_000_004,65.21878051757812,2.8253839015960693,17.81289291381836,True,True,très forte,très humide,Ziguinchor,Zone soudanienne,Phase_2_pleine,Pleine saison (Juillet-Août),2009,8,28,240,65.22370837801066,2.827622290232672,122.32527160644531
-16.125,12.375,2009-08-28,2009-08-28_000_005,33.9263916015625,1.1530041694641113,17.462467193603516,False,True,forte,humide,Sédhiou,Zone soudanienne,Phase_2_pleine,Pleine saison (Juillet-Août),2009,8,28,240,33.96020237524904,1.153128499361738,149.5086669921875
-15.875,12.375,2009-08-28,2009-08-28_000_006,29.1854248046875,0.9381592273712158,17.403032302856445,False,True,forte,normale,Sédhiou,Zone soudanienne,Phase_2_pleine,Pleine saison (Juillet-Août),2009,8,28,240,29.19526003832793,0.9537041570673043,176.6920623779297
-15.625,12.375,2009-08-28,2009-08-28_000_007,44.510311126708984,1.9809943437576294,17.299211502075195,False,True,forte,humide,Sédhiou,Zone soudanienne,Phase_2_pleine,Pleine saison (Juillet-Août),2009,8,28,240,44.528550718297915,1.9821429540164508,203.87545776367188
-15.375,12.375,2009-08-28,2009-08-28_000_008,28.091825485229492,0.859189510345459,17.055702209472656,False,True,forte,normale,Sédhiou,Zone soudanienne,Phase_2_pleine,Pleine saison (Juillet-Août),2009,8,28,240,28.107325601817376,0.8622644693408181,231.058837890625
-15.125,12.375,2009-08-28,2009-08-28_000_009,14.501620292663574,-0.304882675409317,19.442888259887695,False,False,modérée,normale,Sédhiou,Zone soudanienne,Phase_2_pleine,Pleine saison (Juillet-Août),2009,8,28,240,14.547013752424537,-0.2833247587608934,258.24224853515625
-14.875,12.375,2009-08-28,2009-08-28_000_010,14.688867568969727,-0.3271337151527405,19.578527450561523,False,False,modérée,normale,Kolda,Zone soudanienne,Phase_2_pleine,Pleine saison (Juillet-Août),2009,8,28,240,15.117125870594439,-0.3265841318734327,285.4256286621094
-14.625,12.375,2009-08-28,2009-08-28_000_011,11.24113655090332,-0.5370508432388306,18.508142471313477,False,False,modérée,normale,Kolda,Zone soudanienne,Phase_2_pleine,Pleine saison (Juillet-Août),2009,8,28,240,11.264366787282666,-0.5339164551179013,312.6090393066406
-14.375,12.375,2009-08-28,2009-08-28_000_012,10.454645156860352,-0.406739741563797,16.071596145629883,False,False,modérée,normale,Kolda,Zone soudanienne,Phase_2_pleine,Pleine saison (Juillet-Août),2009,8,28,240,10.456856531114434,-0.4022820880964174,339.79241943359375
-14.125,12.375,2009-08-28,2009-08-28_000_013,14.583741188049316,-0.06592495739459991,15.5690279006958,False,False,modérée,normale,Kolda,Zone soudanienne,Phase_2_pleine,Pleine saison (Juillet-Août),2009,8,28,240,14.641587111219089,-0.06367664810401111,366.9757995605469
-13.875,12.375,2009-08-28,2009-08-28_000_014,13.087868690490723,-0.16442832350730896,15.557923316955566,False,False,modérée,normale,Kolda,Zone soudanienne,Phase_2_pleine,Pleine saison (Juillet-Août),2009,8,28,240,13.137373090389387,-0.15211524271485816,394.1592102050781
-13.625,12.375,2009-08-28,2009-08-28_000_015,22.90915298461914,0.4529423415660858,15.996210098266602,False,True,forte,normale,Kolda,Zone soudanienne,Phase_2_pleine,Pleine saison (Juillet-Août),2009,8,28,240,22.93459619109954,0.4546280986999148,421.34259033203125
-13.375,12.375,2009-08-28,2009-08-28_000_016,25.73062515258789,0.7361928820610046,15.012736320495605,False,True,forte,normale,Kédougou,Zone soudanienne,Phase_2_pleine,Pleine saison (Juillet-Août),2009,8,28,240,25.84837278049795,0.7522914583359535,448.5260009765625
-13.125,12.375,2009-08-28,2009-08-28_000_017,23.767837524414062,0.4892829656600952,16.34685516357422,False,True,forte,normale,Kédougou,Zone soudanienne,Phase_2_pleine,Pleine saison (Juillet-Août),2009,8,28,240,23.80131005521995,0.4930126614606561,475.7093811035156
-12.875,12.375,2009-08-28,2009-08-28_000_018,23.200458526611328,0.43053001165390015,17.00981330871582,False,True,forte,normale,Kédougou,Zone soudanienne,Phase_2_pleine,Pleine saison (Juillet-Août),2009,8,28,240,23.352289305260438,0.4324804589376977,502.89276123046875
-12.625,12.375,2009-08-28,2009-08-28_000_019,24.250934600830078,0.4959847331047058,17.31792449951172,False,True,forte,normale,Kédougou,Zone soudanienne,Phase_2_pleine,Pleine saison (Juillet-Août),2009,8,28,240,24.281333185320523,0.5033736829482132,530.076171875
-12.375,12.375,2009-08-28,2009-08-28_000_020,21.115747451782227,0.09482043236494064,19.526805877685547,False,True,forte,normale,Kédougou,Zone soudanienne,Phase_2_pleine,Pleine saison (Juillet-Août),2009,8,28,240,21.154424432534068,0.09989556677676918,557.2595825195312
-12.125,12.375,2009-08-28,2009-08-28_000_021,22.0741024017334,0.3074057400226593,17.60692596435547,False,True,forte,normale,Kédougou,Zone soudanienne,Phase_2_pleine,Pleine saison (Juillet-Août),2009,8,28,240,22.124420827357614,0.3230663518510272,584.4429321289062
-11.875,12.375,2009-08-28,2009-08-28_000_022,21.610380172729492,0.3545514941215515,16.667253494262695,False,True,forte,normale,Kédougou,Zone soudanienne,Phase_2_pleine,Pleine saison (Juillet-Août),2009,8,28,240,21.621439392243197,0.3662498139556331,611.6263427734375
-11.625,12.375,2009-08-28,2009-08-28_000_023,12.286540985107422,-0.35460132360458374,18.215734481811523,False,False,modérée,normale,Kédougou,Zone soudanienne,Phase_2_pleine,Pleine saison (Juillet-Août),2009,8,28,240,12.308939222115368,-0.3338280820367325,638.8097534179688
-11.375,12.375,2009-08-28,2009-08-28_000_024,10.690861701965332,-0.4348130524158478,17.725175857543945,False,False,modérée,normale,Kédougou,Zone soudanienne,Phase_2_pleine,Pleine saison (Juillet-Août),2009,8,28,240,10.741438271412298,-0.43338306847229674,665.9931640625
-16.625,12.625,2009-08-28,2009-08-28_001_003,82.76788330078125,3.748305082321167,19.58730697631836,True,True,très forte,exceptionelle,Ziguinchor,Zone soudanienne,Phase_2_pleine,Pleine saison (Juillet-Août),2009,8,28,240,82.89302051486567,3.753469956580118,95.04988861083984
-16.375,12.625,2009-08-28,2009-08-28_001_004,46.15499496459961,1.894084095954895,18.14354705810547,False,True,forte,humide,Ziguinchor,Zone soudanienne,Phase_2_pleine,Pleine saison (Juillet-Août),2009,8,28,240,46.17351173515896,1.8997523748694953,122.2070083618164
-16.125,12.625,2009-08-28,2009-08-28_001_005,37.57585525512695,1.6296941041946411,15.972412109375,False,True,forte,humide,Sédhiou,Zone soudanienne,Phase_2_pleine,Pleine saison (Juillet-Août),2009,8,28,240,37.57763259734341,1.6382063408592835,149.36412048339844
-15.875,12.625,2009-08-28,2009-08-28_001_006,41.227508544921875,2.113569736480713,15.831929206848145,True,True,forte,très humide,Sédhiou,Zone soudanienne,Phase_2_pleine,Pleine saison (Juillet-Août),2009,8,28,240,41.25589312261072,2.115415139413958,176.521240234375
-15.625,12.625,2009-08-28,2009-08-28_001_007,37.59666061401367,2.0437493324279785,14.55911922454834,True,True,forte,très humide,Sédhiou,Zone soudanienne,Phase_2_pleine,Pleine saison (Juillet-Août),2009,8,28,240,37.63647380426303,2.0438602114442603,203.6783447265625
-15.375,12.625,2009-08-28,2009-08-28_001_008,34.526756286621094,1.5400058031082153,15.663655281066895,False,True,forte,humide,Kolda,Zone soudanienne,Phase_2_pleine,Pleine saison (Juillet-Août),2009,8,28,240,34.569179324049465,1.5427935351079434,230.83544921875
-15.125,12.625,2009-08-28,2009-08-28_001_009,14.150629997253418,-0.22739921510219574,17.519073486328125,False,False,modérée,normale,Kolda,Zone soudanienne,Phase_2_pleine,Pleine saison (Juillet-Août),2009,8,28,240,14.155488263422521,-0.22702222178928816,257.9925842285156
-14.875,12.625,2009-08-28,2009-08-28_001_010,16.978290557861328,0.02432011067867279,16.679956436157227,False,False,modérée,normale,Kolda,Zone soudanienne,Phase_2_pleine,Pleine saison (Juillet-Août),2009,8,28,240,17.01543177312343,0.043482735865380366,285.1496887207031
-14.625,12.625,2009-08-28,2009-08-28_001_011,17.3171443939209,0.1533270627260208,15.545296669006348,False,False,modérée,normale,Kolda,Zone soudanienne,Phase_2_pleine,Pleine saison (Juillet-Août),2009,8,28,240,17.319530779392874,0.16357448270272987,312.3067932128906
-14.375,12.625,2009-08-28,2009-08-28_001_012,16.160350799560547,0.13284707069396973,14.567827224731445,False,False,modérée,normale,Kolda,Zone soudanienne,Phase_2_pleine,Pleine saison (Juillet-Août),2009,8,28,240,16.413608191600392,0.1460201308954898,339.4638977050781
-14.125,12.625,2009-08-28,2009-08-28_001_013,20.98883056640625,0.43387603759765625,14.851366996765137,False,True,forte,normale,Kolda,Zone soudanienne,Phase_2_pleine,Pleine saison (Juillet-Août),2009,8,28,240,21.005990665761672,0.43620970658021957,366.6210021972656
-13.875,12.625,2009-08-28,2009-08-28_001_014,14.472663879394531,0.07452822476625443,13.420968055725098,False,False,modérée,normale,Kolda,Zone soudanienne,Phase_2_pleine,Pleine saison (Juillet-Août),2009,8,28,240,14.488742691787643,0.07693070993201817,393.77813720703125
-13.625,12.625,2009-08-28,2009-08-28_001_015,20.370994567871094,0.45588502287864685,14.197698593139648,False,True,forte,normale,Tambacounda,Zone soudanienne,Phase_2_pleine,Pleine saison (Juillet-Août),2009,8,28,240,20.402983277287316,0.4648274841470331,420.93524169921875
-13.375,12.625,2009-08-28,2009-08-28_001_016,19.007631301879883,0.3331616222858429,14.197075843811035,False,False,modérée,normale,Kédougou,Zone soudanienne,Phase_2_pleine,Pleine saison (Juillet-Août),2009,8,28,240,19.05162231406974,0.33849874715409706,448.09234619140625
-13.125,12.625,2009-08-28,2009-08-28_001_017,16.851783752441406,0.1890602558851242,14.190648078918457,False,False,modérée,normale,Kédougou,Zone soudanienne,Phase_2_pleine,Pleine saison (Juillet-Août),2009,8,28,240,16.852817439553725,0.21406098305430207,475.24945068359375
-12.875,12.625,2009-08-28,2009-08-28_001_018,20.44333267211914,0.44194886088371277,14.293431282043457,False,True,forte,normale,Kédougou,Zone soudanienne,Phase_2_pleine,Pleine saison (Juillet-Août),2009,8,28,240,20.521183646504007,0.4482742555476914,502.40655517578125
-12.625,12.625,2009-08-28,2009-08-28_001_019,21.672260284423828,0.6722882986068726,13.262733459472656,False,True,forte,normale,Kédougou,Zone soudanienne,Phase_2_pleine,Pleine saison (Juillet-Août),2009,8,28,240,21.83582416131868,0.6733831251086901,529.5636596679688
-12.375,12.625,2009-08-28,2009-08-28_001_020,17.537614822387695,0.2509151101112366,14.247154235839844,False,False,modérée,normale,Kédougou,Zone soudanienne,Phase_2_pleine,Pleine saison (Juillet-Août),2009,8,28,240,17.550084114074707,0.2563395737553364,556.7208251953125
-12.125,12.625,2009-08-28,2009-08-28_001_021,21.206832885742188,0.49593955278396606,14.506909370422363,False,True,forte,normale,Kédougou,Zone soudanienne,Phase_2_pleine,Pleine saison (Juillet-Août),2009,8,28,240,21.237382860039943,0.49596475386739375,583.8778686523438
-11.875,12.625,2009-08-28,2009-08-28_001_022,26.091114044189453,0.9150331020355225,13.827900886535645,False,True,forte,normale,Kédougou,Zone soudanienne,Phase_2_pleine,Pleine saison (Juillet-Août),2009,8,28,240,26.110679185570184,0.9258186984900854,611.0350341796875
-11.625,12.625,2009-08-28,2009-08-28_001_023,13.566567420959473,-0.055310316383838654,14.383634567260742,False,False,modérée,normale,Kédougou,Zone soudanienne,Phase_2_pleine,Pleine saison (Juillet-Août),2009,8,28,240,13.5801100515241,-0.0546071465459451,638.192138671875
-11.375,12.625,2009-08-28,2009-08-28_001_024,7.678760528564453,-0.5672546029090881,16.316402435302734,False,False,modérée,normale,Kédougou,Zone soudanienne,Phase_2_pleine,Pleine saison (Juillet-Août),2009,8,28,240,7.730148634119847,-0.5594640908828332,665.3492431640625
-16.625,12.875,2009-08-28,2009-08-28_002_003,132.57249450683594,4.5664167404174805,22.94504165649414,True,True,extrême,exceptionelle,Ziguinchor,Zone soudanienne,Phase_2_pleine,Pleine saison (Juillet-Août),2009,8,28,240,132.57249450683594,4.5664167404174805,94.95609283447266
-16.375,12.875,2009-08-28,2009-08-28_002_004,51.627681732177734,2.393718957901001,16.956125259399414,True,True,très forte,très humide,Ziguinchor,Zone soudanienne,Phase_2_pleine,Pleine saison (Juillet-Août),2009,8,28,240,51.646475461260174,2.3989488790981723,122.08641052246094
-16.125,12.875,2009-08-28,2009-08-28_002_005,46.681400299072266,2.8073768615722656,13.77734088897705,True,True,forte,très humide,Sédhiou,Zone soudanienne,Phase_2_pleine,Pleine saison (Juillet-Août),2009,8,28,240,46.73373232894205,2.810181978359894,149.2167205810547
-15.875,12.875,2009-08-28,2009-08-28_002_006,45.107391357421875,2.8399884700775146,13.574928283691406,True,True,forte,très humide,Sédhiou,Zone soudanienne,Phase_2_pleine,Pleine saison (Juillet-Août),2009,8,28,240,45.14687390543108,2.84026368179513,176.34703063964844
-15.625,12.875,2009-08-28,2009-08-28_002_007,34.92619323730469,2.128862142562866,13.577875137329102,True,True,forte,très humide,Sédhiou,Zone soudanienne,Phase_2_pleine,Pleine saison (Juillet-Août),2009,8,28,240,34.953529607111484,2.131022612653186,203.47735595703125
-15.375,12.875,2009-08-28,2009-08-28_002_008,37.15959548950195,1.9993140697479248,14.117911338806152,False,True,forte,humide,Kolda,Zone soudanienne,Phase_2_pleine,Pleine saison (Juillet-Août),2009,8,28,240,37.16097784761208,2.00163609897671,230.60765075683594
-15.125,12.875,2009-08-28,2009-08-28_002_009,31.636991500854492,1.2283928394317627,15.459432601928711,False,True,forte,humide,Kolda,Zone soudanienne,Phase_2_pleine,Pleine saison (Juillet-Août),2009,8,28,240,31.644017837754447,1.2298390925230094,257.73797607421875
-14.875,12.875,2009-08-28,2009-08-28_002_010,22.97406578063965,0.5293542742729187,16.01702880859375,False,True,forte,normale,Kolda,Zone soudanienne,Phase_2_pleine,Pleine saison (Juillet-Août),2009,8,28,240,23.03405153571661,0.5345616954654905,284.8682861328125
-14.625,12.875,2009-08-28,2009-08-28_002_011,17.08156967163086,0.2642650604248047,14.099207878112793,False,False,modérée,normale,Kolda,Zone soudanienne,Phase_2_pleine,Pleine saison (Juillet-Août),2009,8,28,240,17.202316514211685,0.27868978694156155,311.99859619140625
-14.375,12.875,2009-08-28,2009-08-28_002_012,19.101259231567383,0.524120569229126,13.307076454162598,False,False,modérée,normale,Kolda,Zone soudanienne,Phase_2_pleine,Pleine saison (Juillet-Août),2009,8,28,240,19.12680511857996,0.5269741219791336,339.12890625
-14.125,12.875,2009-08-28,2009-08-28_002_013,20.686655044555664,0.8222230672836304,11.771496772766113,False,True,forte,normale,Kolda,Zone soudanienne,Phase_2_pleine,Pleine saison (Juillet-Août),2009,8,28,240,20.776619484676182,0.8349704341073733,366.25921630859375
-13.875,12.875,2009-08-28,2009-08-28_002_014,20.16559410095215,0.6441478729248047,12.525863647460938,False,True,forte,normale,Tambacounda,Zone soudanienne,Phase_2_pleine,Pleine saison (Juillet-Août),2009,8,28,240,20.201959849602012,0.6590665408115285,393.3895263671875
-13.625,12.875,2009-08-28,2009-08-28_002_015,18.46689796447754,0.5179527997970581,12.579261779785156,False,False,modérée,normale,Tambacounda,Zone soudanienne,Phase_2_pleine,Pleine saison (Juillet-Août),2009,8,28,240,18.46790775701628,0.5213311257673868,420.51983642578125
-13.375,12.875,2009-08-28,2009-08-28_002_016,13.033267974853516,0.25965574383735657,10.29043960571289,False,False,modérée,normale,Tambacounda,Zone soudanienne,Phase_2_pleine,Pleine saison (Juillet-Août),2009,8,28,240,13.060913435777827,0.2625047184115079,447.6501770019531
-13.125,12.875,2009-08-28,2009-08-28_002_017,11.443514823913574,-0.03581372648477554,11.881673812866211,False,False,modérée,normale,Kédougou,Zone soudanienne,Phase_2_pleine,Pleine saison (Juillet-Août),2009,8,28,240,11.79742637231722,-0.03346355323066667,474.78045654296875
-12.875,12.875,2009-08-28,2009-08-28_002_018,13.727619171142578,0.05277803912758827,13.036293029785156,False,False,modérée,normale,Kédougou,Zone soudanienne,Phase_2_pleine,Pleine saison (Juillet-Août),2009,8,28,240,13.728775887034047,0.05461943082174461,501.9107666015625
-12.625,12.875,2009-08-28,2009-08-28_002_019,18.0385684967041,0.3828158676624298,13.124395370483398,False,False,modérée,normale,Kédougou,Zone soudanienne,Phase_2_pleine,Pleine saison (Juillet-Août),2009,8,28,240,18.06029731903843,0.3832507660640544,529.0410766601562
-12.375,12.875,2009-08-28,2009-08-28_002_020,17.56255340576172,0.3419756293296814,12.838289260864258,False,False,modérée,normale,Kédougou,Zone soudanienne,Phase_2_pleine,Pleine saison (Juillet-Août),2009,8,28,240,17.569622576536247,0.3495590653850803,556.1714477539062
-12.125,12.875,2009-08-28,2009-08-28_002_021,19.948261260986328,0.5155665874481201,13.165570259094238,False,False,modérée,normale,Kédougou,Zone soudanienne,Phase_2_pleine,Pleine saison (Juillet-Août),2009,8,28,240,20.04600643272975,0.5168796037908774,583.3016967773438
-11.875,12.875,2009-08-28,2009-08-28_002_022,19.803539276123047,0.6134302616119385,11.994428634643555,False,False,modérée,normale,Kédougou,Zone soudanienne,Phase_2_pleine,Pleine saison (Juillet-Août),2009,8,28,240,19.868991430081316,0.629792406331355,610.4320068359375
-11.625,12.875,2009-08-28,2009-08-28_002_023,13.172794342041016,0.11323542147874832,11.809895515441895,False,False,modérée,normale,Kédougou,Zone soudanienne,Phase_2_pleine,Pleine saison (Juillet-Août),2009,8,28,240,13.401341028548964,0.11526896759643031,637.5623779296875
-11.375,12.875,2009-08-28,2009-08-28_002_024,4.817526817321777,-0.6231815218925476,13.568225860595703,False,False,faible,normale,Kédougou,Zone soudanienne,Phase_2_pleine,Pleine saison (Juillet-Août),2009,8,28,240,4.886040388040206,-0.6212416160945318,664.6926879882812
-16.625,13.125,2009-08-28,2009-08-28_003_003,81.47612762451172,4.096562385559082,15.321986198425293,True,True,très forte,exceptionelle,Ziguinchor,Zone soudanienne,Phase_2_pleine,Pleine saison (Juillet-Août),2009,8,28,240,81.48261885906585,4.097675733230819,94.86048126220703
-16.375,13.125,2009-08-28,2009-08-28_003_004,29.074176788330078,1.2063801288604736,13.655384063720703,False,True,forte,humide,Ziguinchor,Zone soudanienne,Phase_2_pleine,Pleine saison (Juillet-Août),2009,8,28,240,29.085094868837288,1.2159484678776415,121.9634780883789
-16.125,13.125,2009-08-28,2009-08-28_003_005,29.118974685668945,1.7018523216247559,11.913094520568848,False,True,forte,humide,Sédhiou,Zone soudanienne,Phase_2_pleine,Pleine saison (Juillet-Août),2009,8,28,240,29.135002855080458,1.7022307242580395,149.0664825439453
-15.875,13.125,2009-08-28,2009-08-28_003_006,41.75026321411133,2.7385454177856445,12.66439437866211,True,True,forte,très humide,Sédhiou,Zone soudanienne,Phase_2_pleine,Pleine saison (Juillet-Août),2009,8,28,240,41.764435600395785,2.746061758180361,176.1694793701172
-15.625,13.125,2009-08-28,2009-08-28_003_007,38.07683181762695,2.228093385696411,13.619654655456543,True,True,forte,très humide,Sédhiou,Zone soudanienne,Phase_2_pleine,Pleine saison (Juillet-Août),2009,8,28,240,38.07950754980346,2.2287144720853873,203.27247619628906
-15.375,13.125,2009-08-28,2009-08-28_003_008,40.68906021118164,2.5819242000579834,12.649977684020996,True,True,forte,très humide,Kolda,Zone soudanienne,Phase_2_pleine,Pleine saison (Juillet-Août),2009,8,28,240,40.69306647717653,2.5829606469552124,230.37545776367188
-15.125,13.125,2009-08-28,2009-08-28_003_009,48.84697723388672,2.9346439838409424,13.707801818847656,True,True,forte,très humide,Kolda,Zone soudanienne,Phase_2_pleine,Pleine saison (Juillet-Août),2009,8,28,240,48.87944006800056,2.936871374671782,257.47845458984375
-14.875,13.125,2009-08-28,2009-08-28_003_010,29.486082077026367,1.3115513324737549,13.762872695922852,False,True,forte,humide,Kolda,Zone soudanienne,Phase_2_pleine,Pleine saison (Juillet-Août),2009,8,28,240,29.506503435834567,1.3189445069087804,284.5814514160156
-14.625,13.125,2009-08-28,2009-08-28_003_011,24.657127380371094,1.2454735040664673,12.258460998535156,False,True,forte,humide,Kolda,Zone soudanienne,Phase_2_pleine,Pleine saison (Juillet-Août),2009,8,28,240,24.749717386523674,1.2457677018103288,311.6844482421875
-14.375,13.125,2009-08-28,2009-08-28_003_012,24.555870056152344,1.2328625917434692,12.037049293518066,False,True,forte,humide,Tambacounda,Zone soudanienne,Phase_2_pleine,Pleine saison (Juillet-Août),2009,8,28,240,24.56557608369607,1.2382491623336946,338.7874450683594
-14.125,13.125,2009-08-28,2009-08-28_003_013,24.583267211914062,1.1112862825393677,11.893204689025879,False,True,forte,humide,Tambacounda,Zone soudanienne,Phase_2_pleine,Pleine saison (Juillet-Août),2009,8,28,240,24.60924817569292,1.1123157383209497,365.89044189453125
-13.875,13.125,2009-08-28,2009-08-28_003_014,21.279207229614258,0.9371602535247803,10.965523719787598,False,True,forte,normale,Tambacounda,Zone soudanienne,Phase_2_pleine,Pleine saison (Juillet-Août),2009,8,28,240,21.29519521531148,0.9376446805407653,392.9934387207031
-13.625,13.125,2009-08-28,2009-08-28_003_015,16.633573532104492,0.5389494299888611,10.918580055236816,False,False,modérée,normale,Tambacounda,Zone soudanienne,Phase_2_pleine,Pleine saison (Juillet-Août),2009,8,28,240,16.650681529212836,0.5607624251638824,420.096435546875
-13.375,13.125,2009-08-28,2009-08-28_003_016,8.658197402954102,-0.11654382944107056,9.78969669342041,False,False,modérée,normale,Tambacounda,Zone soudanienne,Phase_2_pleine,Pleine saison (Juillet-Août),2009,8,28,240,8.838269674598271,-0.11608016198903472,447.1994323730469
-13.125,13.125,2009-08-28,2009-08-28_003_017,7.939952850341797,-0.22414089739322662,10.303016662597656,False,False,modérée,normale,Tambacounda,Zone soudanienne,Phase_2_pleine,Pleine saison (Juillet-Août),2009,8,28,240,8.070456471275442,-0.21027076495202937,474.30242919921875
-12.875,13.125,2009-08-28,2009-08-28_003_018,12.535887718200684,0.11821619421243668,11.19896411895752,False,False,modérée,normale,Tambacounda,Zone soudanienne,Phase_2_pleine,Pleine saison (Juillet-Août),2009,8,28,240,12.829567015470568,0.12552926797962666,501.4053955078125
-12.625,13.125,2009-08-28,2009-08-28_003_019,18.08361053466797,0.4715638756752014,12.47113037109375,False,False,modérée,normale,Tambacounda,Zone soudanienne,Phase_2_pleine,Pleine saison (Juillet-Août),2009,8,28,240,18.26754997962683,0.4727557235626719,528.5084228515625
-12.375,13.125,2009-08-28,2009-08-28_003_020,22.1984920501709,0.6868466734886169,13.151335716247559,False,True,forte,normale,Tambacounda,Zone soudanienne,Phase_2_pleine,Pleine saison (Juillet-Août),2009,8,28,240,22.244233912559007,0.6959333638450007,555.6114501953125
-12.125,13.125,2009-08-28,2009-08-28_003_021,19.155921936035156,0.47767704725265503,13.039669036865234,False,False,modérée,normale,Tambacounda,Zone soudanienne,Phase_2_pleine,Pleine saison (Juillet-Août),2009,8,28,240,19.30129384275657,0.48420902143171674,582.71435546875
-11.875,13.125,2009-08-28,2009-08-28_003_022,10.458083152770996,-0.10086338967084885,11.836002349853516,False,False,modérée,normale,Tambacounda,Zone soudanienne,Phase_2_pleine,Pleine saison (Juillet-Août),2009,8,28,240,10.467595550882157,-0.09776314312414311,609.8173828125
-11.625,13.125,2009-08-28,2009-08-28_003_023,6.309683799743652,-0.4160315990447998,11.438361167907715,False,False,modérée,normale,Tambacounda,Zone soudanienne,Phase_2_pleine,Pleine saison (Juillet-Août),2009,8,28,240,6.3291042797529515,-0.41261671446076587,636.92041015625
-11.375,13.125,2009-08-28,2009-08-28_003_024,3.278627395629883,-0.7127581834793091,12.624762535095215,False,False,faible,normale,Kédougou,Zone soudanienne,Phase_2_pleine,Pleine saison (Juillet-Août),2009,8,28,240,3.2833903896149677,-0.7127481806817366,664.0234375
-16.625,13.375,2009-08-28,2009-08-28_004_003,65.61103820800781,3.393463134765625,14.512736320495605,True,True,très forte,exceptionelle,Ziguinchor,Zone soudanienne,Phase_2_pleine,Pleine saison (Juillet-Août),2009,8,28,240,65.64042839932088,3.3940399441886786,94.76307678222656
-16.375,13.375,2009-08-28,2009-08-28_004_004,35.930233001708984,1.7029204368591309,13.315979957580566,False,True,forte,humide,Ziguinchor,Zone soudanienne,Phase_2_pleine,Pleine saison (Juillet-Août),2009,8,28,240,35.934097443393725,1.707825413900404,121.83824157714844
-16.125,13.375,2009-08-28,2009-08-28_004_005,19.637163162231445,0.43789681792259216,13.799739837646484,False,False,modérée,normale,Kaolack,Zone soudanienne,Phase_2_pleine,Pleine saison (Juillet-Août),2009,8,28,240,19.7128266713128,0.4402384507895715,148.9134063720703
-15.875,13.375,2009-08-28,2009-08-28_004_006,28.42319107055664,1.6113306283950806,11.204339027404785,False,True,forte,humide,Sédhiou,Zone soudanienne,Phase_2_pleine,Pleine saison (Juillet-Août),2009,8,28,240,28.444695650033612,1.6129923373011488,175.9885711669922
-15.625,13.375,2009-08-28,2009-08-28_004_007,33.25381088256836,2.2907114028930664,11.195600509643555,True,True,forte,très humide,Sédhiou,Zone soudanienne,Phase_2_pleine,Pleine saison (Juillet-Août),2009,8,28,240,33.2610936955591,2.294679778305131,203.06373596191406
-15.375,13.375,2009-08-28,2009-08-28_004_008,34.182437896728516,2.1040494441986084,11.656033515930176,True,True,forte,très humide,Kolda,Zone soudanienne,Phase_2_pleine,Pleine saison (Juillet-Août),2009,8,28,240,34.22828934060869,2.1066567604266218,230.13888549804688
-15.125,13.375,2009-08-28,2009-08-28_004_009,26.371538162231445,1.6039732694625854,10.4630708694458,False,True,forte,humide,Kolda,Zone soudanienne,Phase_2_pleine,Pleine saison (Juillet-Août),2009,8,28,240,26.40162263323913,1.6042838372177814,257.2140808105469
-14.875,13.375,2009-08-28,2009-08-28_004_010,28.148422241210938,1.7623019218444824,10.409626960754395,False,True,forte,humide,Kolda,Zone soudanienne,Phase_2_pleine,Pleine saison (Juillet-Août),2009,8,28,240,28.17667442590148,1.7671980450500793,284.2892150878906
-14.625,13.375,2009-08-28,2009-08-28_004_011,30.747983932495117,2.0465433597564697,9.996349334716797,True,True,forte,très humide,Kolda,Zone soudanienne,Phase_2_pleine,Pleine saison (Juillet-Août),2009,8,28,240,30.766925936368242,2.0477806203928424,311.3644104003906
-14.375,13.375,2009-08-28,2009-08-28_004_012,28.833635330200195,2.0837819576263428,9.808115005493164,True,True,forte,très humide,Tambacounda,Zone soudanienne,Phase_2_pleine,Pleine saison (Juillet-Août),2009,8,28,240,28.840305778848467,2.084245836315443,338.4395446777344
-14.125,13.375,2009-08-28,2009-08-28_004_013,25.671924591064453,1.2828407287597656,10.060734748840332,False,True,forte,humide,Tambacounda,Zone soudanienne,Phase_2_pleine,Pleine saison (Juillet-Août),2009,8,28,240,25.69124563015885,1.2925785180911347,365.51470947265625
-13.875,13.375,2009-08-28,2009-08-28_004_014,21.317310333251953,0.9854101538658142,9.7265625,False,True,forte,normale,Tambacounda,Zone soudanienne,Phase_2_pleine,Pleine saison (Juillet-Août),2009,8,28,240,21.439545492431026,1.0000921225727504,392.5898742675781
-13.625,13.375,2009-08-28,2009-08-28_004_015,5.307555675506592,-0.3790786564350128,9.43532657623291,False,False,modérée,normale,Tambacounda,Zone soudanienne,Phase_2_pleine,Pleine saison (Juillet-Août),2009,8,28,240,5.321976132129305,-0.3755667819150129,419.6650390625
-13.375,13.375,2009-08-28,2009-08-28_004_016,4.364169120788574,-0.4750329256057739,9.2384672164917,False,False,faible,normale,Tambacounda,Zone soudanienne,Phase_2_pleine,Pleine saison (Juillet-Août),2009,8,28,240,4.523993296838887,-0.465264752282569,446.7402038574219
-13.125,13.375,2009-08-28,2009-08-28_004_017,1.7513967752456665,-0.7775910496711731,10.182174682617188,False,False,faible,normale,Tambacounda,Zone soudanienne,Phase_2_pleine,Pleine saison (Juillet-Août),2009,8,28,240,1.7791330601701782,-0.7750626856358207,473.81536865234375
-12.875,13.375,2009-08-28,2009-08-28_004_018,7.754510402679443,-0.27599361538887024,10.810476303100586,False,False,modérée,normale,Tambacounda,Zone soudanienne,Phase_2_pleine,Pleine saison (Juillet-Août),2009,8,28,240,7.85529840651469,-0.26183752183938147,500.8905334472656
-12.625,13.375,2009-08-28,2009-08-28_004_019,16.001848220825195,0.38354620337486267,11.689726829528809,False,False,modérée,normale,Tambacounda,Zone soudanienne,Phase_2_pleine,Pleine saison (Juillet-Août),2009,8,28,240,16.087038725464787,0.3889999639748331,527.9656982421875
-12.375,13.375,2009-08-28,2009-08-28_004_020,21.651872634887695,0.8654018640518188,11.676332473754883,False,True,forte,normale,Tambacounda,Zone soudanienne,Phase_2_pleine,Pleine saison (Juillet-Août),2009,8,28,240,21.660222350652493,0.8738539254845085,555.0408935546875
-12.125,13.375,2009-08-28,2009-08-28_004_021,12.038344383239746,0.10252998769283295,10.924931526184082,False,False,modérée,normale,Tambacounda,Zone soudanienne,Phase_2_pleine,Pleine saison (Juillet-Août),2009,8,28,240,12.060768045971741,0.10955038522580746,582.1160278320312
-11.875,13.375,2009-08-28,2009-08-28_004_022,7.543006420135498,-0.3074021339416504,11.232549667358398,False,False,modérée,normale,Tambacounda,Zone soudanienne,Phase_2_pleine,Pleine saison (Juillet-Août),2009,8,28,240,7.635442006528078,-0.30551570519131027,609.191162109375
-11.625,13.375,2009-08-28,2009-08-28_004_023,2.45904278755188,-0.6648691892623901,11.167482376098633,False,False,faible,normale,Tambacounda,Zone soudanienne,Phase_2_pleine,Pleine saison (Juillet-Août),2009,8,28,240,2.598356927459564,-0.6576012654520159,636.266357421875
-11.375,13.375,2009-08-28,2009-08-28_004_024,5.5852484703063965,-0.49190908670425415,11.745026588439941,False,False,modérée,normale,Kédougou,Zone soudanienne,Phase_2_pleine,Pleine saison (Juillet-Août),2009,8,28,240,5.600893539399957,-0.4907554265991527,663.341552734375
-16.625,13.625,2009-08-28,2009-08-28_005_003,62.45170211791992,3.318190574645996,13.902204513549805,True,True,très forte,exceptionelle,Fatick,Zone soudano-sahélienne,Phase_2_pleine,Pleine saison (Juillet-Août),2009,8,28,240,62.49341686766344,3.3202070159528723,94.66385650634766
-16.375,13.625,2009-08-28,2009-08-28_005_004,41.169960021972656,2.8459842205047607,10.973872184753418,True,True,forte,très humide,Kaolack,Zone soudano-sahélienne,Phase_2_pleine,Pleine saison (Juillet-Août),2009,8,28,240,41.173430284663056,2.846391668271779,121.71067810058594
-16.125,13.625,2009-08-28,2009-08-28_005_005,36.83203125,2.5874242782592773,10.129966735839844,True,True,forte,très humide,Kaolack,Zone soudano-sahélienne,Phase_2_pleine,Pleine saison (Juillet-Août),2009,8,28,240,36.84093951699722,2.5907856196015335,148.7574920654297
-15.875,13.625,2009-08-28,2009-08-28_005_006,25.2315731048584,1.7463383674621582,9.563453674316406,False,True,forte,humide,Kaffrine,Zone soudano-sahélienne,Phase_2_pleine,Pleine saison (Juillet-Août),2009,8,28,240,25.25120525743494,1.7518333597997917,175.8043212890625
-15.625,13.625,2009-08-28,2009-08-28_005_007,29.29468536376953,2.050825357437134,10.203422546386719,True,True,forte,très humide,Kaffrine,Zone soudano-sahélienne,Phase_2_pleine,Pleine saison (Juillet-Août),2009,8,28,240,29.339408716364712,2.0539974627183306,202.85113525390625
-15.375,13.625,2009-08-28,2009-08-28_005_008,24.086532592773438,1.3060481548309326,10.825837135314941,False,True,forte,humide,Kaffrine,Zone soudano-sahélienne,Phase_2_pleine,Pleine saison (Juillet-Août),2009,8,28,240,24.093955624642685,1.3083434500286926,229.89793395996094
-15.125,13.625,2009-08-28,2009-08-28_005_009,17.576763153076172,0.7672959566116333,9.81087875366211,False,False,modérée,normale,Kaffrine,Zone soudano-sahélienne,Phase_2_pleine,Pleine saison (Juillet-Août),2009,8,28,240,17.58072738551614,0.7674756795916725,256.94476318359375
-14.875,13.625,2009-08-28,2009-08-28_005_010,26.743986129760742,1.7966868877410889,8.851584434509277,False,True,forte,humide,Kolda,Zone soudano-sahélienne,Phase_2_pleine,Pleine saison (Juillet-Août),2009,8,28,240,26.769347128556603,1.8018249300257043,283.9915771484375
-14.625,13.625,2009-08-28,2009-08-28_005_011,27.818899154663086,2.085430383682251,7.842405319213867,True,True,forte,très humide,Kolda,Zone soudano-sahélienne,Phase_2_pleine,Pleine saison (Juillet-Août),2009,8,28,240,27.847729141388708,2.088989255416334,311.0384216308594
-14.375,13.625,2009-08-28,2009-08-28_005_012,33.476680755615234,2.1942873001098633,8.73219108581543,True,True,forte,très humide,Tambacounda,Zone soudano-sahélienne,Phase_2_pleine,Pleine saison (Juillet-Août),2009,8,28,240,33.539956653537445,2.202866231376803,338.085205078125
-14.125,13.625,2009-08-28,2009-08-28_005_013,27.67630386352539,1.6157104969024658,8.748175621032715,False,True,forte,humide,Tambacounda,Zone soudano-sahélienne,Phase_2_pleine,Pleine saison (Juillet-Août),2009,8,28,240,27.677414544263677,1.6209807006557986,365.13201904296875
-13.875,13.625,2009-08-28,2009-08-28_005_014,19.518959045410156,0.9843018651008606,8.490110397338867,False,False,modérée,normale,Tambacounda,Zone soudano-sahélienne,Phase_2_pleine,Pleine saison (Juillet-Août),2009,8,28,240,19.573012184258083,0.9848309476770948,392.1788635253906
-13.625,13.625,2009-08-28,2009-08-28_005_015,8.488112449645996,0.058078452944755554,7.94611930847168,False,False,modérée,normale,Tambacounda,Zone soudano-sahélienne,Phase_2_pleine,Pleine saison (Juillet-Août),2009,8,28,240,8.600932619679513,0.06903119046409585,419.22564697265625
-13.375,13.625,2009-08-28,2009-08-28_005_016,4.321378707885742,-0.43702253699302673,8.433992385864258,False,False,faible,normale,Tambacounda,Zone soudano-sahélienne,Phase_2_pleine,Pleine saison (Juillet-Août),2009,8,28,240,4.35320273356222,-0.4352904787315196,446.2724914550781
-13.125,13.625,2009-08-28,2009-08-28_005_017,0.0,-0.9171514511108398,9.456438064575195,False,False,trace,normale,Tambacounda,Zone soudano-sahélienne,Phase_2_pleine,Pleine saison (Juillet-Août),2009,8,28,240,0.01744369022435872,-0.9086152729976117,473.3193054199219
-12.875,13.625,2009-08-28,2009-08-28_005_018,0.8896068334579468,-0.8557916879653931,10.062005043029785,False,False,trace,normale,Tambacounda,Zone soudano-sahélienne,Phase_2_pleine,Pleine saison (Juillet-Août),2009,8,28,240,0.9487893669749033,-0.8532642868895027,500.3660888671875
-12.625,13.625,2009-08-28,2009-08-28_005_019,12.323840141296387,0.16932107508182526,10.33682632446289,False,False,modérée,normale,Tambacounda,Zone soudano-sahélienne,Phase_2_pleine,Pleine saison (Juillet-Août),2009,8,28,240,12.403075338009016,0.1717722795566721,527.4129028320312
-12.375,13.625,2009-08-28,2009-08-28_005_020,11.336389541625977,0.18736718595027924,9.398749351501465,False,False,modérée,normale,Tambacounda,Zone soudano-sahélienne,Phase_2_pleine,Pleine saison (Juillet-Août),2009,8,28,240,11.402333496803013,0.1884391799793771,554.4597778320312
-12.125,13.625,2009-08-28,2009-08-28_005_021,9.750872611999512,-0.05429263785481453,10.344461441040039,False,False,modérée,normale,Tambacounda,Zone soudano-sahélienne,Phase_2_pleine,Pleine saison (Juillet-Août),2009,8,28,240,9.87149009512896,-0.044323203196028185,581.5065307617188
-11.875,13.625,2009-08-28,2009-08-28_005_022,3.065804958343506,-0.6650680899620056,10.716897010803223,False,False,faible,normale,Tambacounda,Zone soudano-sahélienne,Phase_2_pleine,Pleine saison (Juillet-Août),2009,8,28,240,3.07819345428716,-0.6648936770369659,608.5533447265625
-11.625,13.625,2009-08-28,2009-08-28_005_023,0.0,-0.9253864884376526,11.08563232421875,False,False,trace,normale,Tambacounda,Zone soudano-sahélienne,Phase_2_pleine,Pleine saison (Juillet-Août),2009,8,28,240,0.01744369022435872,-0.9171928332079595,635.6002197265625
-11.375,13.625,2009-08-28,2009-08-28_005_024,0.5976943373680115,-0.8829753994941711,11.575923919677734,False,False,trace,normale,Kédougou,Zone soudano-sahélienne,Phase_2_pleine,Pleine saison (Juillet-Août),2009,8,28,240,0.6734601928660618,-0.8807004055186133,662.6470336914062
-16.625,13.875,2009-08-28,2009-08-28_006_003,52.45878219604492,2.9621880054473877,12.467549324035645,True,True,très forte,très humide,Fatick,Zone soudano-sahélienne,Phase_2_pleine,Pleine saison (Juillet-Août),2009,8,28,240,52.54002144588292,2.965521894507672,94.56283569335938
-16.375,13.875,2009-08-28,2009-08-28_006_004,40.82404327392578,3.0448086261749268,10.062981605529785,True,True,forte,exceptionelle,Fatick,Zone soudano-sahélienne,Phase_2_pleine,Pleine saison (Juillet-Août),2009,8,28,240,40.84577171287344,3.0462483952392887,121.58079528808594
-16.125,13.875,2009-08-28,2009-08-28_006_005,35.148231506347656,2.625495195388794,9.951272964477539,True,True,forte,très humide,Fatick,Zone soudano-sahélienne,Phase_2_pleine,Pleine saison (Juillet-Août),2009,8,28,240,35.18092595392736,2.630139727688315,148.5987548828125
-15.875,13.875,2009-08-28,2009-08-28_006_006,26.913957595825195,1.812062382698059,9.807727813720703,False,True,forte,humide,Kaolack,Zone soudano-sahélienne,Phase_2_pleine,Pleine saison (Juillet-Août),2009,8,28,240,26.9201489069953,1.8252631102375079,175.61669921875
-15.625,13.875,2009-08-28,2009-08-28_006_007,26.197494506835938,1.680988073348999,10.182552337646484,False,True,forte,humide,Kaolack,Zone soudano-sahélienne,Phase_2_pleine,Pleine saison (Juillet-Août),2009,8,28,240,26.25259375452396,1.6865559085529656,202.63465881347656
-15.375,13.875,2009-08-28,2009-08-28_006_008,23.971471786499023,1.4107487201690674,10.567169189453125,False,True,forte,humide,Kaffrine,Zone soudano-sahélienne,Phase_2_pleine,Pleine saison (Juillet-Août),2009,8,28,240,24.014258216972923,1.4138072546403013,229.65260314941406
-15.125,13.875,2009-08-28,2009-08-28_006_009,14.159300804138184,0.5092915296554565,9.098276138305664,False,False,modérée,normale,Kaffrine,Zone soudano-sahélienne,Phase_2_pleine,Pleine saison (Juillet-Août),2009,8,28,240,14.334091263200772,0.5127601545659741,256.6705627441406
-14.875,13.875,2009-08-28,2009-08-28_006_010,20.246906280517578,1.181107521057129,8.439021110534668,False,True,forte,humide,Kaffrine,Zone soudano-sahélienne,Phase_2_pleine,Pleine saison (Juillet-Août),2009,8,28,240,20.30209127263208,1.1867993902321439,283.6885070800781
-14.625,13.875,2009-08-28,2009-08-28_006_011,29.22662925720215,2.098191022872925,7.935150146484375,True,True,forte,très humide,Kaffrine,Zone soudano-sahélienne,Phase_2_pleine,Pleine saison (Juillet-Août),2009,8,28,240,29.24270281000952,2.099810184545852,310.70648193359375
-14.375,13.875,2009-08-28,2009-08-28_006_012,28.588743209838867,1.984741449356079,7.663630485534668,False,True,forte,humide,Tambacounda,Zone soudano-sahélienne,Phase_2_pleine,Pleine saison (Juillet-Août),2009,8,28,240,28.61430203615122,1.9891718188721927,337.72442626953125
-14.125,13.875,2009-08-28,2009-08-28_006_013,19.46866798400879,1.0933303833007812,7.412007808685303,False,False,modérée,humide,Tambacounda,Zone soudano-sahélienne,Phase_2_pleine,Pleine saison (Juillet-Août),2009,8,28,240,19.47755906569898,1.0999900791513257,364.74237060546875
-13.875,13.875,2009-08-28,2009-08-28_006_014,5.9283552169799805,-0.07719597965478897,6.657796382904053,False,False,modérée,normale,Tambacounda,Zone soudano-sahélienne,Phase_2_pleine,Pleine saison (Juillet-Août),2009,8,28,240,6.011252760288103,-0.06932325556350108,391.7603454589844
-13.625,13.875,2009-08-28,2009-08-28_006_015,2.8996779918670654,-0.42415377497673035,6.854775905609131,False,False,faible,normale,Tambacounda,Zone soudano-sahélienne,Phase_2_pleine,Pleine saison (Juillet-Août),2009,8,28,240,3.027403750012268,-0.41784786451701544,418.7782897949219
-13.375,13.875,2009-08-28,2009-08-28_006_016,1.7860019207000732,-0.5756672620773315,6.761662006378174,False,False,faible,normale,Tambacounda,Zone soudano-sahélienne,Phase_2_pleine,Pleine saison (Juillet-Août),2009,8,28,240,1.8375329803581815,-0.5693445196702852,445.7962341308594
-13.125,13.875,2009-08-28,2009-08-28_006_017,0.0,-0.8531924486160278,8.034435272216797,False,False,trace,normale,Tambacounda,Zone soudano-sahélienne,Phase_2_pleine,Pleine saison (Juillet-Août),2009,8,28,240,0.01744369022435872,-0.8470785518986496,472.8141784667969
-12.875,13.875,2009-08-28,2009-08-28_006_018,0.5051426887512207,-0.816676914691925,8.687662124633789,False,False,trace,normale,Tambacounda,Zone soudano-sahélienne,Phase_2_pleine,Pleine saison (Juillet-Août),2009,8,28,240,0.5842069111876751,-0.8158112431890402,499.8321228027344
-12.625,13.875,2009-08-28,2009-08-28_006_019,7.005602836608887,-0.12362930923700333,8.32517147064209,False,False,modérée,normale,Tambacounda,Zone soudano-sahélienne,Phase_2_pleine,Pleine saison (Juillet-Août),2009,8,28,240,7.1782901993948,-0.11875108225111981,526.85009765625
-12.375,13.875,2009-08-28,2009-08-28_006_020,6.906336784362793,-0.09647229313850403,7.811429977416992,False,False,modérée,normale,Tambacounda,Zone soudano-sahélienne,Phase_2_pleine,Pleine saison (Juillet-Août),2009,8,28,240,6.91307916593312,-0.08494552161226318,553.8680419921875
-12.125,13.875,2009-08-28,2009-08-28_006_021,2.006537437438965,-0.7148433327674866,8.547103881835938,False,False,faible,normale,Tambacounda,Zone soudano-sahélienne,Phase_2_pleine,Pleine saison (Juillet-Août),2009,8,28,240,2.042603090180824,-0.7129363118104599,580.885986328125
-11.875,13.875,2009-08-28,2009-08-28_006_022,0.3152264356613159,-0.8806537389755249,9.596500396728516,False,False,trace,normale,Tambacounda,Zone soudano-sahélienne,Phase_2_pleine,Pleine saison (Juillet-Août),2009,8,28,240,0.32737459070119423,-0.8677921519806637,607.9039306640625
-11.625,13.875,2009-08-28,2009-08-28_006_023,0.0,-0.932560920715332,11.00705337524414,False,False,trace,normale,Tambacounda,Zone soudano-sahélienne,Phase_2_pleine,Pleine saison (Juillet-Août),2009,8,28,240,0.01744369022435872,-0.9254045146494055,634.9219360351562
-11.375,13.875,2009-08-28,2009-08-28_006_024,0.0,-0.9085504412651062,11.872066497802734,False,False,trace,normale,Kédougou,Zone soudano-sahélienne,Phase_2_pleine,Pleine saison (Juillet-Août),2009,8,28,240,0.01744369022435872,-0.9037859748356306,661.9398803710938
-16.625,14.125,2009-08-28,2009-08-28_007_003,39.40105056762695,2.309971570968628,11.12508487701416,True,True,forte,très humide,Fatick,Zone soudano-sahélienne,Phase_2_pleine,Pleine saison (Juillet-Août),2009,8,28,240,39.44396158918065,2.3106382629979194,94.46001434326172
-16.375,14.125,2009-08-28,2009-08-28_007_004,31.829486846923828,2.044126510620117,9.829972267150879,True,True,forte,très humide,Fatick,Zone soudano-sahélienne,Phase_2_pleine,Pleine saison (Juillet-Août),2009,8,28,240,31.857452459670792,2.0448309189111145,121.44859313964844
-16.125,14.125,2009-08-28,2009-08-28_007_005,20.62038803100586,1.154296636581421,9.351265907287598,False,True,forte,humide,Fatick,Zone soudano-sahélienne,Phase_2_pleine,Pleine saison (Juillet-Août),2009,8,28,240,20.649359036929646,1.1661527060983168,148.4371795654297
-15.875,14.125,2009-08-28,2009-08-28_007_006,16.829618453979492,0.8573956489562988,8.83853530883789,False,False,modérée,normale,Kaolack,Zone soudano-sahélienne,Phase_2_pleine,Pleine saison (Juillet-Août),2009,8,28,240,16.841258020257232,0.858288072461459,175.42575073242188
-15.625,14.125,2009-08-28,2009-08-28_007_007,17.050048828125,0.8825647234916687,8.777173042297363,False,False,modérée,normale,Kaolack,Zone soudano-sahélienne,Phase_2_pleine,Pleine saison (Juillet-Août),2009,8,28,240,17.066284438473495,0.898472597401346,202.41433715820312
-15.375,14.125,2009-08-28,2009-08-28_007_008,21.028770446777344,1.2461663484573364,8.241061210632324,False,True,forte,humide,Kaffrine,Zone soudano-sahélienne,Phase_2_pleine,Pleine saison (Juillet-Août),2009,8,28,240,21.065921428814608,1.2616469913990644,229.40289306640625
-15.125,14.125,2009-08-28,2009-08-28_007_009,18.469013214111328,1.1192861795425415,7.624882698059082,False,False,modérée,humide,Kaffrine,Zone soudano-sahélienne,Phase_2_pleine,Pleine saison (Juillet-Août),2009,8,28,240,18.478862350310514,1.134450803150484,256.3914794921875
-14.875,14.125,2009-08-28,2009-08-28_007_010,21.637056350708008,1.6047759056091309,6.914239883422852,False,True,forte,humide,Kaffrine,Zone soudano-sahélienne,Phase_2_pleine,Pleine saison (Juillet-Août),2009,8,28,240,21.64316155323431,1.6063800687765957,283.38006591796875
-14.625,14.125,2009-08-28,2009-08-28_007_011,28.5054874420166,2.337268829345703,6.944418907165527,True,True,forte,très humide,Kaffrine,Zone soudano-sahélienne,Phase_2_pleine,Pleine saison (Juillet-Août),2009,8,28,240,28.527033532684168,2.349892099299026,310.36865234375
-14.375,14.125,2009-08-28,2009-08-28_007_012,28.260953903198242,2.187236785888672,6.86372709274292,True,True,forte,très humide,Tambacounda,Zone soudano-sahélienne,Phase_2_pleine,Pleine saison (Juillet-Août),2009,8,28,240,28.276781264261988,2.1890437015936004,337.3572082519531
-14.125,14.125,2009-08-28,2009-08-28_007_013,17.321823120117188,1.1078143119812012,6.371027946472168,False,False,modérée,humide,Tambacounda,Zone soudano-sahélienne,Phase_2_pleine,Pleine saison (Juillet-Août),2009,8,28,240,17.3909497285009,1.1094019970103124,364.34576416015625
-13.875,14.125,2009-08-28,2009-08-28_007_014,6.053381443023682,-0.03237487003207207,6.375023365020752,False,False,modérée,normale,Tambacounda,Zone soudano-sahélienne,Phase_2_pleine,Pleine saison (Juillet-Août),2009,8,28,240,6.178265993319563,-0.03039756785123493,391.3343811035156
-13.625,14.125,2009-08-28,2009-08-28_007_015,5.535407543182373,-0.11589404195547104,6.781250476837158,False,False,modérée,normale,Tambacounda,Zone soudano-sahélienne,Phase_2_pleine,Pleine saison (Juillet-Août),2009,8,28,240,5.571222882774008,-0.11065110457527585,418.32293701171875
-13.375,14.125,2009-08-28,2009-08-28_007_016,1.347891092300415,-0.5372318029403687,5.876399040222168,False,False,faible,normale,Tambacounda,Zone soudano-sahélienne,Phase_2_pleine,Pleine saison (Juillet-Août),2009,8,28,240,1.371376918787932,-0.5370835796672495,445.3115234375
-13.125,14.125,2009-08-28,2009-08-28_007_017,0.0,-0.747841477394104,6.465600490570068,False,False,trace,normale,Tambacounda,Zone soudano-sahélienne,Phase_2_pleine,Pleine saison (Juillet-Août),2009,8,28,240,0.01744369022435872,-0.7373038746004728,472.3000793457031
-12.875,14.125,2009-08-28,2009-08-28_007_018,0.1962699443101883,-0.7213276624679565,7.406918048858643,False,False,trace,normale,Tambacounda,Zone soudano-sahélienne,Phase_2_pleine,Pleine saison (Juillet-Août),2009,8,28,240,0.29938549585827595,-0.7153809781949125,499.2886657714844
-12.625,14.125,2009-08-28,2009-08-28_007_019,1.5481171607971191,-0.5936964750289917,7.4742112159729,False,False,faible,normale,Tambacounda,Zone soudano-sahélienne,Phase_2_pleine,Pleine saison (Juillet-Août),2009,8,28,240,1.5991094441869154,-0.5812099200097758,526.2772216796875
-12.375,14.125,2009-08-28,2009-08-28_007_020,1.5017294883728027,-0.620930552482605,7.205307960510254,False,False,faible,normale,Tambacounda,Zone soudano-sahélienne,Phase_2_pleine,Pleine saison (Juillet-Août),2009,8,28,240,1.5078850969597322,-0.6185821531405999,553.2658081054688
-12.125,14.125,2009-08-28,2009-08-28_007_021,2.2774906158447266,-0.515263020992279,6.993496894836426,False,False,faible,normale,Tambacounda,Zone soudano-sahélienne,Phase_2_pleine,Pleine saison (Juillet-Août),2009,8,28,240,2.330777204216426,-0.5090516763715888,580.25439453125
-11.875,14.125,2009-08-28,2009-08-28_007_022,0.0,-0.8832898139953613,7.938431739807129,False,False,trace,normale,Tambacounda,Zone soudano-sahélienne,Phase_2_pleine,Pleine saison (Juillet-Août),2009,8,28,240,0.01744369022435872,-0.8829809293974584,607.2429809570312
-11.625,14.125,2009-08-28,2009-08-28_007_023,0.0,-0.9008857607841492,9.74063491821289,False,False,trace,normale,Tambacounda,Zone soudano-sahélienne,Phase_2_pleine,Pleine saison (Juillet-Août),2009,8,28,240,0.01744369022435872,-0.8835550795248406,634.2315673828125
-11.375,14.125,2009-08-28,2009-08-28_007_024,0.0,-0.9037376046180725,9.859919548034668,False,False,trace,normale,Kédougou,Zone soudano-sahélienne,Phase_2_pleine,Pleine saison (Juillet-Août),2009,8,28,240,0.01744369022435872,-0.9009215879679924,661.2201538085938
-16.875,14.375,2009-08-28,2009-08-28_008_002,31.294170379638672,1.9296085834503174,9.285273551940918,False,True,forte,humide,Thiès,Zone soudano-sahélienne,Phase_2_pleine,Pleine saison (Juillet-Août),2009,8,28,240,31.339312203565434,1.9342880860045926,67.39671325683594
-16.625,14.375,2009-08-28,2009-08-28_008_003,27.9941349029541,1.7766302824020386,9.374945640563965,False,True,forte,humide,Fatick,Zone soudano-sahélienne,Phase_2_pleine,Pleine saison (Juillet-Août),2009,8,28,240,28.0211348126282,1.7784212027961885,94.35540008544922
-16.375,14.375,2009-08-28,2009-08-28_008_004,25.597829818725586,1.5470280647277832,9.176502227783203,False,True,forte,humide,Diourbel,Zone soudano-sahélienne,Phase_2_pleine,Pleine saison (Juillet-Août),2009,8,28,240,25.622403964325418,1.5541654372934122,121.31409454345703
-16.125,14.375,2009-08-28,2009-08-28_008_005,22.312274932861328,1.608948826789856,7.787285327911377,False,True,forte,humide,Diourbel,Zone soudano-sahélienne,Phase_2_pleine,Pleine saison (Juillet-Août),2009,8,28,240,22.390493043104005,1.6098584595637107,148.2727813720703
-15.875,14.375,2009-08-28,2009-08-28_008_006,17.602067947387695,1.1135499477386475,8.012818336486816,False,False,modérée,humide,Diourbel,Zone soudano-sahélienne,Phase_2_pleine,Pleine saison (Juillet-Août),2009,8,28,240,17.618744188816702,1.1161442234288508,175.23147583007812
-15.625,14.375,2009-08-28,2009-08-28_008_007,23.688711166381836,1.6524314880371094,7.747873783111572,False,True,forte,humide,Kaolack,Zone soudano-sahélienne,Phase_2_pleine,Pleine saison (Juillet-Août),2009,8,28,240,23.718731468047327,1.6550818352244008,202.19015502929688
-15.375,14.375,2009-08-28,2009-08-28_008_008,28.860183715820312,2.0618999004364014,7.584665775299072,True,True,forte,très humide,Kaffrine,Zone soudano-sahélienne,Phase_2_pleine,Pleine saison (Juillet-Août),2009,8,28,240,28.900178616969427,2.0681126453169627,229.14883422851562
-15.125,14.375,2009-08-28,2009-08-28_008_009,26.172117233276367,2.032017230987549,6.7337541580200195,True,True,forte,très humide,Kaffrine,Zone soudano-sahélienne,Phase_2_pleine,Pleine saison (Juillet-Août),2009,8,28,240,26.180215006497637,2.0354955927211433,256.1075439453125
-14.875,14.375,2009-08-28,2009-08-28_008_010,17.636104583740234,1.349002718925476,5.730253219604492,False,False,modérée,humide,Kaffrine,Zone soudano-sahélienne,Phase_2_pleine,Pleine saison (Juillet-Août),2009,8,28,240,17.748687207399303,1.3670635978181176,283.06622314453125
-14.625,14.375,2009-08-28,2009-08-28_008_011,12.075222969055176,0.7937004566192627,5.65045166015625,False,False,modérée,normale,Kaffrine,Zone soudano-sahélienne,Phase_2_pleine,Pleine saison (Juillet-Août),2009,8,28,240,12.19276015602764,0.7955922727009759,310.02490234375
-14.375,14.375,2009-08-28,2009-08-28_008_012,16.159549713134766,1.4183095693588257,5.041573524475098,False,False,modérée,humide,Tambacounda,Zone soudano-sahélienne,Phase_2_pleine,Pleine saison (Juillet-Août),2009,8,28,240,16.159980448047122,1.4575794336184749,336.98358154296875
-14.125,14.375,2009-08-28,2009-08-28_008_013,9.515982627868652,0.473662793636322,4.843520164489746,False,False,modérée,normale,Tambacounda,Zone soudano-sahélienne,Phase_2_pleine,Pleine saison (Juillet-Août),2009,8,28,240,9.567657511437957,0.4759321581179174,363.9422607421875
-13.875,14.375,2009-08-28,2009-08-28_008_014,5.495699882507324,-0.005953303538262844,5.5573811531066895,False,False,modérée,normale,Tambacounda,Zone soudano-sahélienne,Phase_2_pleine,Pleine saison (Juillet-Août),2009,8,28,240,5.524333296109684,0.014507873105493636,390.9009704589844
-13.625,14.375,2009-08-28,2009-08-28_008_015,5.078820705413818,-0.03981148824095726,5.471408367156982,False,False,modérée,normale,Tambacounda,Zone soudano-sahélienne,Phase_2_pleine,Pleine saison (Juillet-Août),2009,8,28,240,5.15907152573667,-0.037069304925787416,417.8596496582031
-13.375,14.375,2009-08-28,2009-08-28_008_016,0.7076296806335449,-0.47649696469306946,5.377326965332031,False,False,trace,normale,Tambacounda,Zone soudano-sahélienne,Phase_2_pleine,Pleine saison (Juillet-Août),2009,8,28,240,0.8048381681118775,-0.4753382402898079,444.8183288574219
-13.125,14.375,2009-08-28,2009-08-28_008_017,0.0,-0.5680646896362305,5.895931243896484,False,False,trace,normale,Tambacounda,Zone soudano-sahélienne,Phase_2_pleine,Pleine saison (Juillet-Août),2009,8,28,240,0.01744369022435872,-0.5673930096865898,471.7770080566406
-12.875,14.375,2009-08-28,2009-08-28_008_018,0.39438396692276,-0.5578302145004272,6.431921482086182,False,False,trace,normale,Tambacounda,Zone soudano-sahélienne,Phase_2_pleine,Pleine saison (Juillet-Août),2009,8,28,240,0.47406685037828594,-0.5459314848310385,498.7356872558594
-12.625,14.375,2009-08-28,2009-08-28_008_019,0.0,-0.609778881072998,7.0044989585876465,False,False,trace,normale,Tambacounda,Zone soudano-sahélienne,Phase_2_pleine,Pleine saison (Juillet-Août),2009,8,28,240,0.01744369022435872,-0.6070366054024529,525.6943969726562
-12.375,14.375,2009-08-28,2009-08-28_008_020,0.0,-0.6724537014961243,7.283919811248779,False,False,trace,normale,Tambacounda,Zone soudano-sahélienne,Phase_2_pleine,Pleine saison (Juillet-Août),2009,8,28,240,0.01744369022435872,-0.6659588169811957,552.653076171875
-12.125,14.375,2009-08-28,2009-08-28_008_021,0.0,-0.7364448308944702,7.193241596221924,False,False,trace,normale,Tambacounda,Zone soudano-sahélienne,Phase_2_pleine,Pleine saison (Juillet-Août),2009,8,28,240,0.01744369022435872,-0.7229970958664189,579.6117553710938
-11.875,14.375,2009-08-28,2009-08-28_008_022,0.0,-0.8018813133239746,7.728091239929199,False,False,trace,normale,Tambacounda,Zone soudano-sahélienne,Phase_2_pleine,Pleine saison (Juillet-Août),2009,8,28,240,0.01744369022435872,-0.7969927820728053,606.5704345703125
-11.625,14.375,2009-08-28,2009-08-28_008_023,0.0,-0.8463629484176636,7.88987922668457,False,False,trace,normale,Tambacounda,Zone soudano-sahélienne,Phase_2_pleine,Pleine saison (Juillet-Août),2009,8,28,240,0.01744369022435872,-0.845415906690473,633.5291748046875
-11.375,14.375,2009-08-28,2009-08-28_008_024,0.0,-0.8674945831298828,8.607427597045898,False,False,trace,normale,Kédougou,Zone soudano-sahélienne,Phase_2_pleine,Pleine saison (Juillet-Août),2009,8,28,240,0.01744369022435872,-0.8560857305574656,660.4878540039062
-17.125,14.625,2009-08-28,2009-08-28_009_001,25.289451599121094,2.1369740962982178,7.637801647186279,True,True,forte,très humide,Dakar,Zone soudano-sahélienne,Phase_2_pleine,Pleine saison (Juillet-Août),2009,8,28,240,25.338760826455882,2.140470609593032,40.39242172241211
-16.875,14.625,2009-08-28,2009-08-28_009_002,30.640413284301758,2.230565309524536,8.558531761169434,True,True,forte,très humide,Thiès,Zone soudano-sahélienne,Phase_2_pleine,Pleine saison (Juillet-Août),2009,8,28,240,30.662846359176246,2.233132331814598,67.3207015991211
-16.625,14.625,2009-08-28,2009-08-28_009_003,32.14140701293945,2.1502275466918945,9.061036109924316,True,True,forte,très humide,Thiès,Zone soudano-sahélienne,Phase_2_pleine,Pleine saison (Juillet-Août),2009,8,28,240,32.178210445384885,2.155839560618951,94.24898529052734
-16.375,14.625,2009-08-28,2009-08-28_009_004,27.664016723632812,1.746155023574829,8.774897575378418,False,True,forte,humide,Diourbel,Zone soudano-sahélienne,Phase_2_pleine,Pleine saison (Juillet-Août),2009,8,28,240,27.66756702787313,1.7462185950734508,121.17727661132812
-16.125,14.625,2009-08-28,2009-08-28_009_005,24.9222412109375,1.669980764389038,8.156368255615234,False,True,forte,humide,Diourbel,Zone soudano-sahélienne,Phase_2_pleine,Pleine saison (Juillet-Août),2009,8,28,240,24.96537724212187,1.671133575726993,148.10556030273438
-15.875,14.625,2009-08-28,2009-08-28_009_006,23.128093719482422,1.3931022882461548,8.097648620605469,False,True,forte,humide,Diourbel,Zone soudano-sahélienne,Phase_2_pleine,Pleine saison (Juillet-Août),2009,8,28,240,23.1560941724921,1.4002850067675414,175.03384399414062
-15.625,14.625,2009-08-28,2009-08-28_009_007,31.29045867919922,2.0070154666900635,8.391519546508789,True,True,forte,très humide,Kaffrine,Zone soudano-sahélienne,Phase_2_pleine,Pleine saison (Juillet-Août),2009,8,28,240,31.291176771997808,2.0144908685780045,201.96212768554688
-15.375,14.625,2009-08-28,2009-08-28_009_008,33.381622314453125,2.3128247261047363,7.605743885040283,True,True,forte,très humide,Kaffrine,Zone soudano-sahélienne,Phase_2_pleine,Pleine saison (Juillet-Août),2009,8,28,240,33.390974399432466,2.314252673681058,228.89039611816406
-15.125,14.625,2009-08-28,2009-08-28_009_009,28.25253677368164,1.9656018018722534,7.228054523468018,False,True,forte,humide,Kaffrine,Zone soudano-sahélienne,Phase_2_pleine,Pleine saison (Juillet-Août),2009,8,28,240,28.254799670310476,1.9673174946152383,255.81869506835938
-14.875,14.625,2009-08-28,2009-08-28_009_010,20.893625259399414,1.6595587730407715,5.986316680908203,False,True,forte,humide,Kaffrine,Zone soudano-sahélienne,Phase_2_pleine,Pleine saison (Juillet-Août),2009,8,28,240,20.934769261422467,1.6634081015035735,282.7469787597656
-14.625,14.625,2009-08-28,2009-08-28_009_011,16.741119384765625,1.1940524578094482,5.729551792144775,False,False,modérée,humide,Kaffrine,Zone soudano-sahélienne,Phase_2_pleine,Pleine saison (Juillet-Août),2009,8,28,240,16.78781487354681,1.1994419421382887,309.6752624511719
-14.375,14.625,2009-08-28,2009-08-28_009_012,9.594781875610352,0.5849400758743286,4.692363262176514,False,False,modérée,normale,Tambacounda,Zone soudano-sahélienne,Phase_2_pleine,Pleine saison (Juillet-Août),2009,8,28,240,9.69675069837714,0.6001873360806371,336.6035461425781
-14.125,14.625,2009-08-28,2009-08-28_009_013,7.257359504699707,0.24287591874599457,4.995941162109375,False,False,modérée,normale,Tambacounda,Zone soudano-sahélienne,Phase_2_pleine,Pleine saison (Juillet-Août),2009,8,28,240,7.452575487108083,0.24387168277747667,363.53179931640625
-13.875,14.625,2009-08-28,2009-08-28_009_014,6.230264186859131,0.07815015316009521,5.443197727203369,False,False,modérée,normale,Tambacounda,Zone soudano-sahélienne,Phase_2_pleine,Pleine saison (Juillet-Août),2009,8,28,240,6.241035243374618,0.08916594067485484,390.4601135253906
-13.625,14.625,2009-08-28,2009-08-28_009_015,3.0819709300994873,-0.22688712179660797,5.645670413970947,False,False,faible,normale,Tambacounda,Zone soudano-sahélienne,Phase_2_pleine,Pleine saison (Juillet-Août),2009,8,28,240,3.232180893720694,-0.22487230389261967,417.38836669921875
-13.375,14.625,2009-08-28,2009-08-28_009_016,0.0,-0.5953343510627747,5.96730375289917,False,False,trace,normale,Tambacounda,Zone soudano-sahélienne,Phase_2_pleine,Pleine saison (Juillet-Août),2009,8,28,240,0.01744369022435872,-0.5945085074434329,444.3166809082031
-13.125,14.625,2009-08-28,2009-08-28_009_017,0.0,-0.5962331891059875,6.128434181213379,False,False,trace,normale,Tambacounda,Zone soudano-sahélienne,Phase_2_pleine,Pleine saison (Juillet-Août),2009,8,28,240,0.01744369022435872,-0.5954721126724128,471.24493408203125
-12.875,14.625,2009-08-28,2009-08-28_009_018,0.0,-0.5787726044654846,6.276613235473633,False,False,trace,normale,Tambacounda,Zone soudano-sahélienne,Phase_2_pleine,Pleine saison (Juillet-Août),2009,8,28,240,0.01744369022435872,-0.576182218352754,498.1732177734375
-12.625,14.625,2009-08-28,2009-08-28_009_019,3.3011443614959717,-0.3654934763908386,7.227200508117676,False,False,faible,normale,Tambacounda,Zone soudano-sahélienne,Phase_2_pleine,Pleine saison (Juillet-Août),2009,8,28,240,3.5578347857873043,-0.3572285765379517,525.1015014648438
-12.375,14.625,2009-08-28,2009-08-28_009_020,1.3764762878417969,-0.5941674709320068,7.473557472229004,False,False,faible,normale,Tambacounda,Zone soudano-sahélienne,Phase_2_pleine,Pleine saison (Juillet-Août),2009,8,28,240,1.39354735163588,-0.5937722130636474,552.02978515625
-12.125,14.625,2009-08-28,2009-08-28_009_021,0.0,-0.7748786807060242,7.060303211212158,False,False,trace,normale,Tambacounda,Zone soudano-sahélienne,Phase_2_pleine,Pleine saison (Juillet-Août),2009,8,28,240,0.01744369022435872,-0.7517471559083642,578.9580688476562
-11.875,14.625,2009-08-28,2009-08-28_009_022,0.0,-0.8224355578422546,7.516411304473877,False,False,trace,normale,Tambacounda,Zone soudano-sahélienne,Phase_2_pleine,Pleine saison (Juillet-Août),2009,8,28,240,0.01744369022435872,-0.8200484547183742,605.8863525390625
-11.625,14.625,2009-08-28,2009-08-28_009_023,0.0,-0.8199353814125061,7.399740695953369,False,False,trace,normale,Tambacounda,Zone soudano-sahélienne,Phase_2_pleine,Pleine saison (Juillet-Août),2009,8,28,240,0.01744369022435872,-0.8168324696358724,632.8146362304688
-11.375,14.625,2009-08-28,2009-08-28_009_024,0.0,-0.8370136022567749,7.315036296844482,False,False,trace,normale,Matam,Zone soudano-sahélienne,Phase_2_pleine,Pleine saison (Juillet-Août),2009,8,28,240,0.01744369022435872,-0.8328060903141846,659.742919921875
-17.125,14.875,2009-08-28,2009-08-28_010_001,30.616605758666992,2.420581340789795,7.941830635070801,True,True,forte,très humide,Thiès,Zone soudano-sahélienne,Phase_2_pleine,Pleine saison (Juillet-Août),2009,8,28,240,30.621630462569808,2.4206011235414437,40.346046447753906
-16.875,14.875,2009-08-28,2009-08-28_010_002,30.919031143188477,2.6055028438568115,7.163914203643799,True,True,forte,très humide,Thiès,Zone soudano-sahélienne,Phase_2_pleine,Pleine saison (Juillet-Août),2009,8,28,240,30.928742327282777,2.6059840929568114,67.24341583251953
-16.625,14.875,2009-08-28,2009-08-28_010_003,29.965246200561523,2.513801336288452,6.962886333465576,True,True,forte,très humide,Thiès,Zone soudano-sahélienne,Phase_2_pleine,Pleine saison (Juillet-Août),2009,8,28,240,30.010770606036154,2.5150463233641043,94.14077758789062
-16.375,14.875,2009-08-28,2009-08-28_010_004,27.6801815032959,2.1717042922973633,6.977600574493408,True,True,forte,très humide,Diourbel,Zone soudano-sahélienne,Phase_2_pleine,Pleine saison (Juillet-Août),2009,8,28,240,27.71956616310618,2.175724007975515,121.03814697265625
-16.125,14.875,2009-08-28,2009-08-28_010_005,27.623472213745117,1.971064567565918,7.125730514526367,False,True,forte,humide,Diourbel,Zone soudano-sahélienne,Phase_2_pleine,Pleine saison (Juillet-Août),2009,8,28,240,27.635289206576708,1.971248264887824,147.93551635742188
-15.875,14.875,2009-08-28,2009-08-28_010_006,24.334373474121094,1.589722752571106,7.4645562171936035,False,True,forte,humide,Diourbel,Zone soudano-sahélienne,Phase_2_pleine,Pleine saison (Juillet-Août),2009,8,28,240,24.362241620394453,1.5952725769886422,174.8328857421875
-15.625,14.875,2009-08-28,2009-08-28_010_007,36.74485778808594,2.79223895072937,7.238175392150879,True,True,forte,très humide,Diourbel,Zone soudano-sahélienne,Phase_2_pleine,Pleine saison (Juillet-Août),2009,8,28,240,36.754056997634656,2.7946351526969644,201.73025512695312
-15.375,14.875,2009-08-28,2009-08-28_010_008,30.967344284057617,2.5345020294189453,6.738291263580322,True,True,forte,très humide,Kaffrine,Zone soudano-sahélienne,Phase_2_pleine,Pleine saison (Juillet-Août),2009,8,28,240,30.97628668205223,2.536714516692425,228.6276092529297
-15.125,14.875,2009-08-28,2009-08-28_010_009,28.32038116455078,1.8518645763397217,6.976069450378418,False,True,forte,humide,Kaffrine,Zone soudano-sahélienne,Phase_2_pleine,Pleine saison (Juillet-Août),2009,8,28,240,28.347504380959364,1.8657609508864237,255.52499389648438
-14.875,14.875,2009-08-28,2009-08-28_010_010,25.4359073638916,1.6731233596801758,6.498706340789795,False,True,forte,humide,Kaffrine,Zone soudano-sahélienne,Phase_2_pleine,Pleine saison (Juillet-Août),2009,8,28,240,25.490017128949187,1.675895442914723,282.4223327636719
-14.625,14.875,2009-08-28,2009-08-28_010_011,25.164661407470703,1.515993356704712,6.356283664703369,False,True,forte,humide,Kaffrine,Zone soudano-sahélienne,Phase_2_pleine,Pleine saison (Juillet-Août),2009,8,28,240,25.187525706075544,1.5255862687101314,309.3197326660156
-14.375,14.875,2009-08-28,2009-08-28_010_012,15.879408836364746,1.0163277387619019,5.276135444641113,False,False,modérée,humide,Tambacounda,Zone soudano-sahélienne,Phase_2_pleine,Pleine saison (Juillet-Août),2009,8,28,240,15.945858351549312,1.018386204039032,336.2170715332031
-14.125,14.875,2009-08-28,2009-08-28_010_013,10.967926979064941,0.704233705997467,4.908178329467773,False,False,modérée,normale,Matam,Zone soudano-sahélienne,Phase_2_pleine,Pleine saison (Juillet-Août),2009,8,28,240,11.074920611165878,0.7208556895280008,363.11444091796875
-13.875,14.875,2009-08-28,2009-08-28_010_014,7.903631687164307,0.24446754157543182,5.579840183258057,False,False,modérée,normale,Matam,Zone soudano-sahélienne,Phase_2_pleine,Pleine saison (Juillet-Août),2009,8,28,240,7.915393400431878,0.24848512196960146,390.0118103027344
-13.625,14.875,2009-08-28,2009-08-28_010_015,4.579796314239502,-0.20517075061798096,7.220189094543457,False,False,faible,normale,Matam,Zone soudano-sahélienne,Phase_2_pleine,Pleine saison (Juillet-Août),2009,8,28,240,4.755406283853043,-0.19451123977725832,416.9091796875
-13.375,14.875,2009-08-28,2009-08-28_010_016,0.8840135931968689,-0.49046972393989563,6.791252613067627,False,False,trace,normale,Matam,Zone soudano-sahélienne,Phase_2_pleine,Pleine saison (Juillet-Août),2009,8,28,240,0.8887074179385774,-0.48882989323318904,443.8065490722656
-13.125,14.875,2009-08-28,2009-08-28_010_017,0.0,-0.674930214881897,5.501490592956543,False,False,trace,normale,Matam,Zone soudano-sahélienne,Phase_2_pleine,Pleine saison (Juillet-Août),2009,8,28,240,0.01744369022435872,-0.6727461540818813,470.7038879394531
-12.875,14.875,2009-08-28,2009-08-28_010_018,0.0,-0.6128702759742737,5.594569206237793,False,False,trace,normale,Matam,Zone soudano-sahélienne,Phase_2_pleine,Pleine saison (Juillet-Août),2009,8,28,240,0.01744369022435872,-0.6102293858576061,497.60125732421875
-12.625,14.875,2009-08-28,2009-08-28_010_019,1.2607121467590332,-0.5075856447219849,6.322660446166992,False,False,faible,normale,Matam,Zone soudano-sahélienne,Phase_2_pleine,Pleine saison (Juillet-Août),2009,8,28,240,1.26629394502496,-0.5013116013314856,524.4986572265625
-12.375,14.875,2009-08-28,2009-08-28_010_020,2.345032215118408,-0.4626516103744507,6.639856338500977,False,False,faible,normale,Matam,Zone soudano-sahélienne,Phase_2_pleine,Pleine saison (Juillet-Août),2009,8,28,240,2.356800280024658,-0.4424960828156925,551.39599609375
-12.125,14.875,2009-08-28,2009-08-28_010_021,0.0,-0.7080581784248352,6.157646179199219,False,False,trace,normale,Matam,Zone soudano-sahélienne,Phase_2_pleine,Pleine saison (Juillet-Août),2009,8,28,240,0.01744369022435872,-0.6981047505709393,578.2933349609375
-11.875,14.875,2009-08-28,2009-08-28_010_022,0.0,-0.7499966621398926,6.3454389572143555,False,False,trace,normale,Matam,Zone soudano-sahélienne,Phase_2_pleine,Pleine saison (Juillet-Août),2009,8,28,240,0.01744369022435872,-0.7479985134685458,605.1907348632812
-11.625,14.875,2009-08-28,2009-08-28_010_023,0.0,-0.7966790795326233,6.3683180809021,False,False,trace,normale,Matam,Zone soudano-sahélienne,Phase_2_pleine,Pleine saison (Juillet-Août),2009,8,28,240,0.01744369022435872,-0.794952427322541,632.088134765625
-11.375,14.875,2009-08-28,2009-08-28_010_024,0.0,-0.8453813791275024,7.156722545623779,False,False,trace,normale,Matam,Zone soudano-sahélienne,Phase_2_pleine,Pleine saison (Juillet-Août),2009,8,28,240,0.01744369022435872,-0.8373289707318023,658.9854736328125
-16.875,15.125,2009-08-28,2009-08-28_011_002,28.688472747802734,2.5210580825805664,6.8418145179748535,True,True,forte,très humide,Thiès,Zone soudano-sahélienne,Phase_2_pleine,Pleine saison (Juillet-Août),2009,8,28,240,28.725310488561895,2.5237266046917024,67.16484069824219
-16.625,15.125,2009-08-28,2009-08-28_011_003,32.032833099365234,2.989267349243164,6.234793186187744,True,True,forte,très humide,Thiès,Zone soudano-sahélienne,Phase_2_pleine,Pleine saison (Juillet-Août),2009,8,28,240,32.05165621503514,2.9913464071762625,94.03077697753906
-16.375,15.125,2009-08-28,2009-08-28_011_004,31.01239585876465,2.7845685482025146,6.244684219360352,True,True,forte,très humide,Louga,Zone soudano-sahélienne,Phase_2_pleine,Pleine saison (Juillet-Août),2009,8,28,240,31.066890582367407,2.785801979764622,120.89671325683594
-16.125,15.125,2009-08-28,2009-08-28_011_005,31.674781799316406,2.3073368072509766,7.013361930847168,True,True,forte,très humide,Louga,Zone soudano-sahélienne,Phase_2_pleine,Pleine saison (Juillet-Août),2009,8,28,240,31.694516642009795,2.3079590881290146,147.7626495361328
-15.875,15.125,2009-08-28,2009-08-28_011_006,40.74811553955078,2.608126640319824,7.526118278503418,True,True,forte,très humide,Louga,Zone soudano-sahélienne,Phase_2_pleine,Pleine saison (Juillet-Août),2009,8,28,240,40.75307564280141,2.6112686904830547,174.62860107421875
-15.625,15.125,2009-08-28,2009-08-28_011_007,44.93733215332031,2.731680393218994,8.188199996948242,True,True,forte,très humide,Louga,Zone soudano-sahélienne,Phase_2_pleine,Pleine saison (Juillet-Août),2009,8,28,240,44.944168704238976,2.732818814378288,201.49453735351562
-15.375,15.125,2009-08-28,2009-08-28_011_008,43.13396453857422,2.8418140411376953,7.682814598083496,True,True,forte,très humide,Louga,Zone soudano-sahélienne,Phase_2_pleine,Pleine saison (Juillet-Août),2009,8,28,240,43.180518797294596,2.842432233556431,228.36045837402344
-15.125,15.125,2009-08-28,2009-08-28_011_009,36.31354522705078,2.5457913875579834,7.214872360229492,True,True,forte,très humide,Kaffrine,Zone soudano-sahélienne,Phase_2_pleine,Pleine saison (Juillet-Août),2009,8,28,240,36.32939872550006,2.5466625271131047,255.22640991210938
-14.875,15.125,2009-08-28,2009-08-28_011_010,30.839921951293945,2.5502941608428955,5.905969619750977,True,True,forte,très humide,Kaffrine,Zone soudano-sahélienne,Phase_2_pleine,Pleine saison (Juillet-Août),2009,8,28,240,30.85602206321218,2.556334067828691,282.09234619140625
-14.625,15.125,2009-08-28,2009-08-28_011_011,32.498802185058594,2.42067289352417,6.473060607910156,True,True,forte,très humide,Kaffrine,Zone soudano-sahélienne,Phase_2_pleine,Pleine saison (Juillet-Août),2009,8,28,240,32.53466509335005,2.4210378267058177,308.9582824707031
-14.375,15.125,2009-08-28,2009-08-28_011_012,23.595417022705078,1.911437749862671,5.689346790313721,False,True,forte,humide,Matam,Zone soudano-sahélienne,Phase_2_pleine,Pleine saison (Juillet-Août),2009,8,28,240,23.631046946923338,1.917327291402385,335.82421875
-14.125,15.125,2009-08-28,2009-08-28_011_013,17.58477210998535,1.3293845653533936,5.421673774719238,False,False,modérée,humide,Matam,Zone soudano-sahélienne,Phase_2_pleine,Pleine saison (Juillet-Août),2009,8,28,240,17.593289658052836,1.3374684276293267,362.69012451171875
-13.875,15.125,2009-08-28,2009-08-28_011_014,8.930702209472656,0.39274364709854126,5.383242607116699,False,False,modérée,normale,Matam,Zone soudano-sahélienne,Phase_2_pleine,Pleine saison (Juillet-Août),2009,8,28,240,9.315987309019764,0.39884120151026153,389.55609130859375
-13.625,15.125,2009-08-28,2009-08-28_011_015,4.138216018676758,-0.23810359835624695,6.670585632324219,False,False,faible,normale,Matam,Zone soudano-sahélienne,Phase_2_pleine,Pleine saison (Juillet-Août),2009,8,28,240,4.2748977239407475,-0.2301963403746111,416.4220275878906
-13.375,15.125,2009-08-28,2009-08-28_011_016,0.3292815685272217,-0.6065593361854553,6.199930667877197,False,False,trace,normale,Matam,Zone soudano-sahélienne,Phase_2_pleine,Pleine saison (Juillet-Août),2009,8,28,240,0.38538740433041135,-0.5977898946958571,443.2879638671875
-13.125,15.125,2009-08-28,2009-08-28_011_017,1.312107801437378,-0.5193885564804077,5.50177001953125,False,False,faible,normale,Matam,Zone soudano-sahélienne,Phase_2_pleine,Pleine saison (Juillet-Août),2009,8,28,240,1.3415975486812879,-0.516040446021449,470.1539001464844
-12.875,15.125,2009-08-28,2009-08-28_011_018,1.267444133758545,-0.48631685972213745,4.825662136077881,False,False,faible,normale,Matam,Zone soudano-sahélienne,Phase_2_pleine,Pleine saison (Juillet-Août),2009,8,28,240,1.3043646027694398,-0.4785201591462945,497.0198059082031
-12.625,15.125,2009-08-28,2009-08-28_011_019,0.0,-0.627077579498291,4.655597686767578,False,False,trace,normale,Matam,Zone soudano-sahélienne,Phase_2_pleine,Pleine saison (Juillet-Août),2009,8,28,240,0.01744369022435872,-0.6237101327234776,523.8857421875
-12.375,15.125,2009-08-28,2009-08-28_011_020,0.0,-0.7127472162246704,5.478304386138916,False,False,trace,normale,Matam,Zone soudano-sahélienne,Phase_2_pleine,Pleine saison (Juillet-Août),2009,8,28,240,0.01744369022435872,-0.7123534110323269,550.751708984375
-12.125,15.125,2009-08-28,2009-08-28_011_021,0.0,-0.712314248085022,5.579141139984131,False,False,trace,normale,Matam,Zone soudano-sahélienne,Phase_2_pleine,Pleine saison (Juillet-Août),2009,8,28,240,0.01744369022435872,-0.7096122620093762,577.6176147460938
-11.875,15.125,2009-08-28,2009-08-28_011_022,0.0,-0.8025099039077759,5.410648345947266,False,False,trace,normale,Matam,Zone soudano-sahélienne,Phase_2_pleine,Pleine saison (Juillet-Août),2009,8,28,240,0.01744369022435872,-0.8019176389104757,604.4835815429688
-11.625,15.125,2009-08-28,2009-08-28_011_023,0.0,-0.8468884825706482,5.404656410217285,False,False,trace,normale,Matam,Zone soudano-sahélienne,Phase_2_pleine,Pleine saison (Juillet-Août),2009,8,28,240,0.01744369022435872,-0.8463801141060776,631.3495483398438
-11.375,15.125,2009-08-28,2009-08-28_011_024,0.0,-0.8326298594474792,6.30275297164917,False,False,trace,normale,Matam,Zone soudano-sahélienne,Phase_2_pleine,Pleine saison (Juillet-Août),2009,8,28,240,0.01744369022435872,-0.8228709928354426,658.2154541015625
-16.625,15.375,2009-08-28,2009-08-28_012_003,27.445131301879883,2.8687994480133057,5.60062313079834,True,True,forte,très humide,Louga,Zone soudano-sahélienne,Phase_2_pleine,Pleine saison (Juillet-Août),2009,8,28,240,27.497558152855344,2.8689825438973893,93.91899108886719
-16.375,15.375,2009-08-28,2009-08-28_012_004,32.88587188720703,3.0645992755889893,5.711492538452148,True,True,forte,exceptionelle,Louga,Zone soudano-sahélienne,Phase_2_pleine,Pleine saison (Juillet-Août),2009,8,28,240,32.941275534318336,3.06520883162417,120.75298309326172
-16.125,15.375,2009-08-28,2009-08-28_012_005,36.91850662231445,2.8487801551818848,6.788039207458496,True,True,forte,très humide,Louga,Zone soudano-sahélienne,Phase_2_pleine,Pleine saison (Juillet-Août),2009,8,28,240,36.91975032863905,2.8516472398336217,147.5869903564453
-15.875,15.375,2009-08-28,2009-08-28_012_006,44.109153747558594,3.1373374462127686,7.2513604164123535,True,True,forte,exceptionelle,Louga,Zone soudano-sahélienne,Phase_2_pleine,Pleine saison (Juillet-Août),2009,8,28,240,44.127296543600565,3.1422128545578993,174.42098999023438
-15.625,15.375,2009-08-28,2009-08-28_012_007,50.021541595458984,3.4018502235412598,7.627091407775879,True,True,très forte,exceptionelle,Louga,Zone soudano-sahélienne,Phase_2_pleine,Pleine saison (Juillet-Août),2009,8,28,240,50.061896875276034,3.404358134796871,201.25497436523438
-15.375,15.375,2009-08-28,2009-08-28_012_008,56.50043487548828,3.401379346847534,8.228669166564941,True,True,très forte,exceptionelle,Louga,Zone soudano-sahélienne,Phase_2_pleine,Pleine saison (Juillet-Août),2009,8,28,240,56.60510540487783,3.4014124738511127,228.08895874023438
-15.125,15.375,2009-08-28,2009-08-28_012_009,48.283565521240234,3.0065062046051025,7.66111421585083,True,True,forte,exceptionelle,Louga,Zone soudano-sahélienne,Phase_2_pleine,Pleine saison (Juillet-Août),2009,8,28,240,48.30055280905872,3.011029354890986,254.9229736328125
-14.875,15.375,2009-08-28,2009-08-28_012_010,38.110111236572266,3.4614956378936768,5.7659525871276855,True,True,forte,exceptionelle,Louga,Zone soudano-sahélienne,Phase_2_pleine,Pleine saison (Juillet-Août),2009,8,28,240,38.210161726678464,3.465245623684408,281.7569580078125
-14.625,15.375,2009-08-28,2009-08-28_012_011,27.16179847717285,2.667991876602173,5.452775478363037,True,True,forte,très humide,Matam,Zone soudano-sahélienne,Phase_2_pleine,Pleine saison (Juillet-Août),2009,8,28,240,27.24580167645785,2.6692880589758334,308.5909729003906
-14.375,15.375,2009-08-28,2009-08-28_012_012,19.487899780273438,1.9558755159378052,4.955319881439209,False,False,modérée,humide,Matam,Zone soudano-sahélienne,Phase_2_pleine,Pleine saison (Juillet-Août),2009,8,28,240,19.50218079916796,1.9589546918869016,335.4249572753906
-14.125,15.375,2009-08-28,2009-08-28_012_013,17.49834632873535,1.680732250213623,4.756560802459717,False,False,modérée,humide,Matam,Zone soudano-sahélienne,Phase_2_pleine,Pleine saison (Juillet-Août),2009,8,28,240,17.51807924011844,1.6808248093379803,362.2589416503906
-13.875,15.375,2009-08-28,2009-08-28_012_014,13.729656219482422,1.06779944896698,5.079219341278076,False,False,modérée,humide,Matam,Zone soudano-sahélienne,Phase_2_pleine,Pleine saison (Juillet-Août),2009,8,28,240,13.754138452922879,1.0753195453528785,389.09295654296875
-13.625,15.375,2009-08-28,2009-08-28_012_015,10.770424842834473,0.7974095344543457,4.787935256958008,False,False,modérée,normale,Matam,Zone soudano-sahélienne,Phase_2_pleine,Pleine saison (Juillet-Août),2009,8,28,240,10.870079792923667,0.8053753564705199,415.92694091796875
-13.375,15.375,2009-08-28,2009-08-28_012_016,10.927816390991211,0.6743632555007935,5.401737689971924,False,False,modérée,normale,Matam,Zone soudano-sahélienne,Phase_2_pleine,Pleine saison (Juillet-Août),2009,8,28,240,10.953112264374392,0.6809186182129922,442.7609558105469
-13.125,15.375,2009-08-28,2009-08-28_012_017,6.245574474334717,0.2287028431892395,4.707430362701416,False,False,modérée,normale,Matam,Zone soudano-sahélienne,Phase_2_pleine,Pleine saison (Juillet-Août),2009,8,28,240,6.290515433603794,0.23760552884046776,469.5949401855469
-12.875,15.375,2009-08-28,2009-08-28_012_018,5.6070966720581055,0.2876978814601898,3.887618064880371,False,False,modérée,normale,Matam,Zone soudano-sahélienne,Phase_2_pleine,Pleine saison (Juillet-Août),2009,8,28,240,5.836336437781255,0.2976205724867147,496.4289245605469
-12.625,15.375,2009-08-28,2009-08-28_012_019,0.8423515558242798,-0.49980661273002625,4.067709445953369,False,False,trace,normale,Matam,Zone soudano-sahélienne,Phase_2_pleine,Pleine saison (Juillet-Août),2009,8,28,240,0.8774188485876397,-0.49345684306106374,523.262939453125
-12.375,15.375,2009-08-28,2009-08-28_012_020,0.0,-0.6885712146759033,4.493354320526123,False,False,trace,normale,Matam,Zone soudano-sahélienne,Phase_2_pleine,Pleine saison (Juillet-Août),2009,8,28,240,0.01744369022435872,-0.6782801136299593,550.096923828125
-12.125,15.375,2009-08-28,2009-08-28_012_021,0.0,-0.7082574963569641,4.253605842590332,False,False,trace,normale,Matam,Zone soudano-sahélienne,Phase_2_pleine,Pleine saison (Juillet-Août),2009,8,28,240,0.01744369022435872,-0.7080777095789885,576.930908203125
-11.875,15.375,2009-08-28,2009-08-28_012_022,0.0,-0.807026743888855,4.035925388336182,False,False,trace,normale,Matam,Zone soudano-sahélienne,Phase_2_pleine,Pleine saison (Juillet-Août),2009,8,28,240,0.01744369022435872,-0.8027595784795943,603.764892578125
-11.625,15.375,2009-08-28,2009-08-28_012_023,0.0,-0.794836699962616,4.065859794616699,False,False,trace,normale,Matam,Zone soudano-sahélienne,Phase_2_pleine,Pleine saison (Juillet-Août),2009,8,28,240,0.01744369022435872,-0.7787176499414683,630.5989379882812
-11.375,15.375,2009-08-28,2009-08-28_012_024,0.0,-0.8157654404640198,4.591476917266846,False,False,trace,normale,Matam,Zone soudano-sahélienne,Phase_2_pleine,Pleine saison (Juillet-Août),2009,8,28,240,0.01744369022435872,-0.8074878308940773,657.4329223632812
-16.625,15.625,2009-08-28,2009-08-28_013_003,24.41139793395996,2.2590527534484863,5.793929100036621,True,True,forte,très humide,Saint-Louis,Zone sahélienne,Phase_2_pleine,Pleine saison (Juillet-Août),2009,8,28,240,24.416680939832524,2.2666890106009494,93.80541229248047
-16.375,15.625,2009-08-28,2009-08-28_013_004,29.574426651000977,2.450669765472412,6.205732345581055,True,True,forte,très humide,Saint-Louis,Zone sahélienne,Phase_2_pleine,Pleine saison (Juillet-Août),2009,8,28,240,29.576542183382426,2.4528389695900765,120.6069564819336
-16.125,15.625,2009-08-28,2009-08-28_013_005,30.4697208404541,2.3196945190429688,6.574277877807617,True,True,forte,très humide,Saint-Louis,Zone sahélienne,Phase_2_pleine,Pleine saison (Juillet-Août),2009,8,28,240,30.477580362827933,2.3236686093124317,147.40850830078125
-15.875,15.625,2009-08-28,2009-08-28_013_006,29.020971298217773,2.6755783557891846,5.9841508865356445,True,True,forte,très humide,Saint-Louis,Zone sahélienne,Phase_2_pleine,Pleine saison (Juillet-Août),2009,8,28,240,29.034072147541906,2.685022668622842,174.21005249023438
-15.625,15.625,2009-08-28,2009-08-28_013_007,33.302120208740234,2.906428575515747,6.087696075439453,True,True,forte,très humide,Saint-Louis,Zone sahélienne,Phase_2_pleine,Pleine saison (Juillet-Août),2009,8,28,240,33.31390569677305,2.9092372374318956,201.0115966796875
-15.375,15.625,2009-08-28,2009-08-28_013_008,39.989967346191406,3.0702412128448486,6.368095874786377,True,True,forte,exceptionelle,Louga,Zone sahélienne,Phase_2_pleine,Pleine saison (Juillet-Août),2009,8,28,240,40.03914975880377,3.070686892648438,227.81312561035156
-15.125,15.625,2009-08-28,2009-08-28_013_009,41.718685150146484,3.0572657585144043,6.333364009857178,True,True,forte,exceptionelle,Louga,Zone sahélienne,Phase_2_pleine,Pleine saison (Juillet-Août),2009,8,28,240,41.72043067127017,3.0576461469707774,254.6147003173828
-14.875,15.625,2009-08-28,2009-08-28_013_010,33.445796966552734,2.9520263671875,5.579146862030029,True,True,forte,très humide,Louga,Zone sahélienne,Phase_2_pleine,Pleine saison (Juillet-Août),2009,8,28,240,33.45022002177023,2.953302954908591,281.4162292480469
-14.625,15.625,2009-08-28,2009-08-28_013_011,24.426101684570312,3.0744645595550537,4.459559440612793,True,True,forte,exceptionelle,Matam,Zone sahélienne,Phase_2_pleine,Pleine saison (Juillet-Août),2009,8,28,240,24.472400952823193,3.0809414147132617,308.2177734375
-14.375,15.625,2009-08-28,2009-08-28_013_012,17.458023071289062,2.120370388031006,4.104018211364746,True,False,modérée,très humide,Matam,Zone sahélienne,Phase_2_pleine,Pleine saison (Juillet-Août),2009,8,28,240,17.478387329446612,2.1226533471639435,335.0193176269531
-14.125,15.625,2009-08-28,2009-08-28_013_013,12.020796775817871,1.0526542663574219,4.379580974578857,False,False,modérée,humide,Matam,Zone sahélienne,Phase_2_pleine,Pleine saison (Juillet-Août),2009,8,28,240,12.031510516027708,1.0597321657679186,361.82086181640625
-13.875,15.625,2009-08-28,2009-08-28_013_014,12.480172157287598,1.0839778184890747,4.640374660491943,False,False,modérée,humide,Matam,Zone sahélienne,Phase_2_pleine,Pleine saison (Juillet-Août),2009,8,28,240,12.513209525065207,1.088301617296497,388.6224060058594
-13.625,15.625,2009-08-28,2009-08-28_013_015,16.665691375732422,1.7819101810455322,4.425927639007568,False,False,modérée,humide,Matam,Zone sahélienne,Phase_2_pleine,Pleine saison (Juillet-Août),2009,8,28,240,16.705679591576654,1.7868852531490609,415.4239501953125
-13.375,15.625,2009-08-28,2009-08-28_013_016,13.77296257019043,1.2317394018173218,4.773257255554199,False,False,modérée,humide,Matam,Zone sahélienne,Phase_2_pleine,Pleine saison (Juillet-Août),2009,8,28,240,13.985519112055023,1.2322219783936315,442.22552490234375
-13.125,15.625,2009-08-28,2009-08-28_013_017,11.138260841369629,1.0206855535507202,4.430988311767578,False,False,modérée,humide,Matam,Zone sahélienne,Phase_2_pleine,Pleine saison (Juillet-Août),2009,8,28,240,11.189836070765203,1.03570602916593,469.02703857421875
-12.875,15.625,2009-08-28,2009-08-28_013_018,6.928949356079102,0.4202207922935486,4.343098163604736,False,False,modérée,normale,Matam,Zone sahélienne,Phase_2_pleine,Pleine saison (Juillet-Août),2009,8,28,240,6.98172084770011,0.42625608905475953,495.8285827636719
-12.625,15.625,2009-08-28,2009-08-28_013_019,1.4605300426483154,-0.4116188585758209,3.7716193199157715,False,False,faible,normale,Matam,Zone sahélienne,Phase_2_pleine,Pleine saison (Juillet-Août),2009,8,28,240,1.4940692899215164,-0.4078553185690587,522.630126953125
-12.375,15.625,2009-08-28,2009-08-28_013_020,0.0,-0.6355578303337097,3.4861176013946533,False,False,trace,normale,Matam,Zone sahélienne,Phase_2_pleine,Pleine saison (Juillet-Août),2009,8,28,240,0.01744369022435872,-0.6282068591321534,549.4317016601562
-12.125,15.625,2009-08-28,2009-08-28_013_021,0.0,-0.656557023525238,3.345268487930298,False,False,trace,normale,Matam,Zone sahélienne,Phase_2_pleine,Pleine saison (Juillet-Août),2009,8,28,240,0.01744369022435872,-0.6429713783252179,576.2332153320312
-11.875,15.625,2009-08-28,2009-08-28_013_022,0.0,-0.6966604590415955,3.107807159423828,False,False,trace,normale,Matam,Zone sahélienne,Phase_2_pleine,Pleine saison (Juillet-Août),2009,8,28,240,0.01744369022435872,-0.6935086001702888,603.0347900390625
-11.625,15.625,2009-08-28,2009-08-28_013_023,0.0,-0.7093353271484375,3.2362968921661377,False,False,trace,normale,Matam,Zone sahélienne,Phase_2_pleine,Pleine saison (Juillet-Août),2009,8,28,240,0.01744369022435872,-0.7083604048244917,629.8363037109375
-11.375,15.625,2009-08-28,2009-08-28_013_024,0.0,-0.7218611836433411,4.22285270690918,False,False,trace,normale,Matam,Zone sahélienne,Phase_2_pleine,Pleine saison (Juillet-Août),2009,8,28,240,0.01744369022435872,-0.7213705586428618,656.6378784179688
-16.375,15.875,2009-08-28,2009-08-28_014_004,25.046648025512695,2.250030040740967,5.838632106781006,True,True,forte,très humide,Saint-Louis,Zone sahélienne,Phase_2_pleine,Pleine saison (Juillet-Août),2009,8,28,240,25.08727072231733,2.252229043586769,120.45863342285156
-16.125,15.875,2009-08-28,2009-08-28_014_005,26.151477813720703,2.51991868019104,5.251668930053711,True,True,forte,très humide,Saint-Louis,Zone sahélienne,Phase_2_pleine,Pleine saison (Juillet-Août),2009,8,28,240,26.158115616994888,2.5201477057969752,147.2272186279297
-15.875,15.875,2009-08-28,2009-08-28_014_006,26.934492111206055,2.6515307426452637,5.314187049865723,True,True,forte,très humide,Saint-Louis,Zone sahélienne,Phase_2_pleine,Pleine saison (Juillet-Août),2009,8,28,240,27.002455572387078,2.6534383129234893,173.9958038330078
-15.625,15.875,2009-08-28,2009-08-28_014_007,26.712621688842773,2.882309913635254,5.071609020233154,True,True,forte,très humide,Saint-Louis,Zone sahélienne,Phase_2_pleine,Pleine saison (Juillet-Août),2009,8,28,240,26.72231471957873,2.8855822948954213,200.76438903808594
-15.375,15.875,2009-08-28,2009-08-28_014_008,31.53057098388672,3.3432700634002686,4.556619167327881,True,True,forte,exceptionelle,Louga,Zone sahélienne,Phase_2_pleine,Pleine saison (Juillet-Août),2009,8,28,240,31.550625101405775,3.34500952401952,227.53297424316406
-15.125,15.875,2009-08-28,2009-08-28_014_009,35.96366882324219,3.6694397926330566,4.710667610168457,True,True,forte,exceptionelle,Louga,Zone sahélienne,Phase_2_pleine,Pleine saison (Juillet-Août),2009,8,28,240,36.00322771312004,3.6710636639714833,254.30157470703125
-14.875,15.875,2009-08-28,2009-08-28_014_010,37.480777740478516,4.001442909240723,4.603582382202148,True,True,forte,exceptionelle,Louga,Zone sahélienne,Phase_2_pleine,Pleine saison (Juillet-Août),2009,8,28,240,37.489138828450116,4.002270200144705,281.07012939453125
-14.625,15.875,2009-08-28,2009-08-28_014_011,32.356815338134766,4.349328994750977,3.8554205894470215,True,True,forte,exceptionelle,Matam,Zone sahélienne,Phase_2_pleine,Pleine saison (Juillet-Août),2009,8,28,240,32.37228078219159,4.349746299149404,307.8387451171875
-14.375,15.875,2009-08-28,2009-08-28_014_012,24.106630325317383,3.892453193664551,3.1870315074920654,True,True,forte,exceptionelle,Matam,Zone sahélienne,Phase_2_pleine,Pleine saison (Juillet-Août),2009,8,28,240,24.159566064575806,3.894047108726884,334.6073303222656
-14.125,15.875,2009-08-28,2009-08-28_014_013,15.470733642578125,2.319002151489258,3.3475961685180664,True,False,modérée,très humide,Matam,Zone sahélienne,Phase_2_pleine,Pleine saison (Juillet-Août),2009,8,28,240,15.693554037180382,2.319160456633448,361.3758850097656
-13.875,15.875,2009-08-28,2009-08-28_014_014,13.080288887023926,1.6964845657348633,3.5007505416870117,False,False,modérée,humide,Matam,Zone sahélienne,Phase_2_pleine,Pleine saison (Juillet-Août),2009,8,28,240,13.084726309656498,1.698399694720704,388.1445007324219
-13.625,15.875,2009-08-28,2009-08-28_014_015,16.853761672973633,2.2408852577209473,3.224123954772949,True,False,modérée,très humide,Matam,Zone sahélienne,Phase_2_pleine,Pleine saison (Juillet-Août),2009,8,28,240,16.918529208581052,2.2431369882133136,414.9130554199219
-13.375,15.875,2009-08-28,2009-08-28_014_016,12.456342697143555,1.5651215314865112,3.5257821083068848,False,False,modérée,humide,Matam,Zone sahélienne,Phase_2_pleine,Pleine saison (Juillet-Août),2009,8,28,240,12.470532601802194,1.5747642211578599,441.6816711425781
-13.125,15.875,2009-08-28,2009-08-28_014_017,10.112300872802734,1.1532821655273438,3.651416778564453,False,False,modérée,humide,Matam,Zone sahélienne,Phase_2_pleine,Pleine saison (Juillet-Août),2009,8,28,240,10.333362382860047,1.153733324764961,468.4502258300781
-12.875,15.875,2009-08-28,2009-08-28_014_018,7.921098709106445,0.7676448822021484,3.513302803039551,False,False,modérée,normale,Matam,Zone sahélienne,Phase_2_pleine,Pleine saison (Juillet-Août),2009,8,28,240,7.9337470902869445,0.7810000007476039,495.21881103515625
-12.625,15.875,2009-08-28,2009-08-28_014_019,5.188579559326172,0.30388325452804565,3.593292474746704,False,False,modérée,normale,Matam,Zone sahélienne,Phase_2_pleine,Pleine saison (Juillet-Août),2009,8,28,240,5.2752706992566285,0.3060339177822946,521.9874267578125
-12.375,15.875,2009-08-28,2009-08-28_014_020,0.8224337697029114,-0.4884173572063446,3.4023640155792236,False,False,trace,normale,Matam,Zone sahélienne,Phase_2_pleine,Pleine saison (Juillet-Août),2009,8,28,240,0.8392487851219562,-0.48674434790359666,548.7560424804688
-12.125,15.875,2009-08-28,2009-08-28_014_021,0.0,-0.6409746408462524,3.381605386734009,False,False,trace,normale,Matam,Zone sahélienne,Phase_2_pleine,Pleine saison (Juillet-Août),2009,8,28,240,0.01744369022435872,-0.6362655543202731,575.5245361328125
-11.875,15.875,2009-08-28,2009-08-28_014_022,0.0,-0.6923531889915466,3.599698543548584,False,False,trace,normale,Matam,Zone sahélienne,Phase_2_pleine,Pleine saison (Juillet-Août),2009,8,28,240,0.01744369022435872,-0.6889893223891905,602.2931518554688
-11.625,15.875,2009-08-28,2009-08-28_014_023,0.0,-0.6769682168960571,3.4248533248901367,False,False,trace,normale,Matam,Zone sahélienne,Phase_2_pleine,Pleine saison (Juillet-Août),2009,8,28,240,0.01744369022435872,-0.6751657628533828,629.061767578125
-11.375,15.875,2009-08-28,2009-08-28_014_024,0.4871143400669098,-0.5433921217918396,3.9151320457458496,False,False,trace,normale,Matam,Zone sahélienne,Phase_2_pleine,Pleine saison (Juillet-Août),2009,8,28,240,0.502560739316533,-0.5383307542932693,655.8303833007812
-16.375,16.125,2009-08-28,2009-08-28_015_004,29.646530151367188,3.0606300830841064,5.425320148468018,True,True,forte,exceptionelle,Saint-Louis,Zone sahélienne,Phase_2_pleine,Pleine saison (Juillet-Août),2009,8,28,240,29.717800825684527,3.0610688882856514,120.30801391601562
-16.125,16.125,2009-08-28,2009-08-28_015_005,32.721824645996094,3.365602493286133,5.327673435211182,True,True,forte,exceptionelle,Saint-Louis,Zone sahélienne,Phase_2_pleine,Pleine saison (Juillet-Août),2009,8,28,240,32.747791922871194,3.367702541638858,147.0431365966797
-15.875,16.125,2009-08-28,2009-08-28_015_006,42.018863677978516,3.732788562774658,6.234009265899658,True,True,forte,exceptionelle,Saint-Louis,Zone sahélienne,Phase_2_pleine,Pleine saison (Juillet-Août),2009,8,28,240,42.07489889710392,3.7334123424549204,173.7782440185547
-15.625,16.125,2009-08-28,2009-08-28_015_007,31.986251831054688,3.554208755493164,4.860382556915283,True,True,forte,exceptionelle,Saint-Louis,Zone sahélienne,Phase_2_pleine,Pleine saison (Juillet-Août),2009,8,28,240,31.99444451643594,3.555779985447026,200.51336669921875
-15.375,16.125,2009-08-28,2009-08-28_015_008,34.866722106933594,3.9902524948120117,4.351223468780518,True,True,forte,exceptionelle,Louga,Zone sahélienne,Phase_2_pleine,Pleine saison (Juillet-Août),2009,8,28,240,34.87419335446765,3.9905055443845203,227.2484588623047
-15.125,16.125,2009-08-28,2009-08-28_015_009,35.4193229675293,4.170414447784424,4.278432369232178,True,True,forte,exceptionelle,Louga,Zone sahélienne,Phase_2_pleine,Pleine saison (Juillet-Août),2009,8,28,240,35.47965656453041,4.170725350403906,253.9835968017578
-14.875,16.125,2009-08-28,2009-08-28_015_010,37.126399993896484,4.432372570037842,4.280477523803711,True,True,forte,exceptionelle,Louga,Zone sahélienne,Phase_2_pleine,Pleine saison (Juillet-Août),2009,8,28,240,37.1295694130749,4.432709364435778,280.71868896484375
-14.625,16.125,2009-08-28,2009-08-28_015_011,30.171140670776367,3.961501359939575,4.119694709777832,True,True,forte,exceptionelle,Matam,Zone sahélienne,Phase_2_pleine,Pleine saison (Juillet-Août),2009,8,28,240,30.236408195303905,3.9622700400088906,307.4538269042969
-14.375,16.125,2009-08-28,2009-08-28_015_012,22.586952209472656,3.3053104877471924,3.6989591121673584,True,True,forte,exceptionelle,Matam,Zone sahélienne,Phase_2_pleine,Pleine saison (Juillet-Août),2009,8,28,240,22.714051510221395,3.3063784346508625,334.1889343261719
-14.125,16.125,2009-08-28,2009-08-28_015_013,18.48975372314453,3.185847759246826,3.179525375366211,True,False,modérée,exceptionelle,Matam,Zone sahélienne,Phase_2_pleine,Pleine saison (Juillet-Août),2009,8,28,240,18.734379313099907,3.1868131963451902,360.9240417480469
-13.875,16.125,2009-08-28,2009-08-28_015_014,13.590002059936523,2.422381639480591,2.997985601425171,True,False,modérée,très humide,Matam,Zone sahélienne,Phase_2_pleine,Pleine saison (Juillet-Août),2009,8,28,240,13.649303012157807,2.4283519977301222,387.6591491699219
-13.625,16.125,2009-08-28,2009-08-28_015_015,12.269330024719238,1.944158911705017,2.797891616821289,False,False,modérée,humide,Matam,Zone sahélienne,Phase_2_pleine,Pleine saison (Juillet-Août),2009,8,28,240,12.279708493295027,1.9478976271260326,414.3942565917969
-13.375,16.125,2009-08-28,2009-08-28_015_016,8.135217666625977,0.970382571220398,3.0739824771881104,False,False,modérée,normale,Matam,Zone sahélienne,Phase_2_pleine,Pleine saison (Juillet-Août),2009,8,28,240,8.370185298536304,0.9770624333590118,441.12939453125
-13.125,16.125,2009-08-28,2009-08-28_015_017,5.3274149894714355,0.4030705690383911,3.1508049964904785,False,False,modérée,normale,Matam,Zone sahélienne,Phase_2_pleine,Pleine saison (Juillet-Août),2009,8,28,240,5.449188982422026,0.41315386612810706,467.864501953125
-12.875,16.125,2009-08-28,2009-08-28_015_018,6.044939041137695,0.5793288350105286,3.043210506439209,False,False,modérée,normale,Matam,Zone sahélienne,Phase_2_pleine,Pleine saison (Juillet-Août),2009,8,28,240,6.050920843479022,0.5823459343694561,494.5995788574219
-12.625,16.125,2009-08-28,2009-08-28_015_019,4.910593032836914,0.12949760258197784,4.057730197906494,False,False,faible,normale,Matam,Zone sahélienne,Phase_2_pleine,Pleine saison (Juillet-Août),2009,8,28,240,5.034016350405898,0.13166045008142996,521.334716796875
-12.375,16.125,2009-08-28,2009-08-28_015_020,1.214479923248291,-0.43298304080963135,3.640113353729248,False,False,faible,normale,Matam,Zone sahélienne,Phase_2_pleine,Pleine saison (Juillet-Août),2009,8,28,240,1.2529293352635062,-0.42610597445737175,548.0698852539062
-12.125,16.125,2009-08-28,2009-08-28_015_021,0.019892804324626923,-0.6931367516517639,3.4837746620178223,False,False,trace,normale,Matam,Zone sahélienne,Phase_2_pleine,Pleine saison (Juillet-Août),2009,8,28,240,0.021800039869606807,-0.6924378452588565,574.804931640625
-11.875,16.125,2009-08-28,2009-08-28_015_022,0.02207406796514988,-0.6969926357269287,3.722438097000122,False,False,trace,normale,Matam,Zone sahélienne,Phase_2_pleine,Pleine saison (Juillet-Août),2009,8,28,240,0.07100129047006222,-0.6966946782478735,601.5400390625
-11.625,16.125,2009-08-28,2009-08-28_015_023,0.0,-0.6181976199150085,3.1481339931488037,False,False,trace,normale,Matam,Zone sahélienne,Phase_2_pleine,Pleine saison (Juillet-Août),2009,8,28,240,0.01744369022435872,-0.6136332372924191,628.2752075195312
-11.375,16.125,2009-08-28,2009-08-28_015_024,1.39731764793396,-0.37448087334632874,3.6061251163482666,False,False,faible,normale,Matam,Zone sahélienne,Phase_2_pleine,Pleine saison (Juillet-Août),2009,8,28,240,1.4489358094469393,-0.3676387093324758,655.0103149414062
-16.375,16.375,2009-08-28,2009-08-28_016_004,36.456947326660156,3.26577091217041,5.5817341804504395,True,True,forte,exceptionelle,Saint-Louis,Zone sahélienne,Phase_2_pleine,Pleine saison (Juillet-Août),2009,8,28,240,36.488053230784054,3.2660774873129688,120.15510559082031
-16.125,16.375,2009-08-28,2009-08-28_016_005,34.171058654785156,3.4388186931610107,4.994969367980957,True,True,forte,exceptionelle,Saint-Louis,Zone sahélienne,Phase_2_pleine,Pleine saison (Juillet-Août),2009,8,28,240,34.17260257203375,3.440300101610884,146.85623168945312
-15.875,16.375,2009-08-28,2009-08-28_016_006,39.394630432128906,3.705345392227173,5.804488658905029,True,True,forte,exceptionelle,Saint-Louis,Zone sahélienne,Phase_2_pleine,Pleine saison (Juillet-Août),2009,8,28,240,39.395114361940315,3.7065175879540755,173.557373046875
-15.625,16.375,2009-08-28,2009-08-28_016_007,31.782377243041992,3.5310773849487305,4.769165515899658,True,True,forte,exceptionelle,Saint-Louis,Zone sahélienne,Phase_2_pleine,Pleine saison (Juillet-Août),2009,8,28,240,31.790899583442727,3.532414122442504,200.25851440429688
-15.375,16.375,2009-08-28,2009-08-28_016_008,29.58367919921875,3.521195411682129,4.528251647949219,True,True,forte,exceptionelle,Louga,Zone sahélienne,Phase_2_pleine,Pleine saison (Juillet-Août),2009,8,28,240,29.597891726086488,3.5217913095675515,226.95962524414062
-15.125,16.375,2009-08-28,2009-08-28_016_009,27.921348571777344,3.269160270690918,4.699268341064453,True,True,forte,exceptionelle,Louga,Zone sahélienne,Phase_2_pleine,Pleine saison (Juillet-Août),2009,8,28,240,27.941648277206042,3.270803202336758,253.66078186035156
-14.875,16.375,2009-08-28,2009-08-28_016_010,26.467327117919922,3.195700168609619,4.529265403747559,True,True,forte,exceptionelle,Louga,Zone sahélienne,Phase_2_pleine,Pleine saison (Juillet-Août),2009,8,28,240,26.543750552076784,3.1985526048957413,280.3619079589844
-14.625,16.375,2009-08-28,2009-08-28_016_011,22.508066177368164,3.2878427505493164,3.930903196334839,True,True,forte,exceptionelle,Matam,Zone sahélienne,Phase_2_pleine,Pleine saison (Juillet-Août),2009,8,28,240,22.539382742876985,3.289334969304914,307.06304931640625
-14.375,16.375,2009-08-28,2009-08-28_016_012,17.86707305908203,2.870100736618042,3.194077491760254,True,False,modérée,très humide,Matam,Zone sahélienne,Phase_2_pleine,Pleine saison (Juillet-Août),2009,8,28,240,17.95023541953696,2.8717879344470534,333.76416015625
-14.125,16.375,2009-08-28,2009-08-28_016_013,13.693066596984863,2.417372465133667,2.9002840518951416,True,False,modérée,très humide,Matam,Zone sahélienne,Phase_2_pleine,Pleine saison (Juillet-Août),2009,8,28,240,13.705220711291137,2.418073902777092,360.4653015136719
-13.875,16.375,2009-08-28,2009-08-28_016_014,11.278568267822266,2.461071491241455,2.5025246143341064,True,False,modérée,très humide,Matam,Zone sahélienne,Phase_2_pleine,Pleine saison (Juillet-Août),2009,8,28,240,11.314307045097925,2.4719354291657094,387.16644287109375
-13.625,16.375,2009-08-28,2009-08-28_016_015,10.472929954528809,1.7168645858764648,2.832520008087158,False,False,modérée,humide,Matam,Zone sahélienne,Phase_2_pleine,Pleine saison (Juillet-Août),2009,8,28,240,10.612012024500856,1.7270941608515207,413.8675537109375
-13.375,16.375,2009-08-28,2009-08-28_016_016,6.916059494018555,0.8475903272628784,2.8552069664001465,False,False,modérée,normale,Matam,Zone sahélienne,Phase_2_pleine,Pleine saison (Juillet-Août),2009,8,28,240,6.924965805743807,0.8524929881095886,440.5687255859375
-13.125,16.375,2009-08-28,2009-08-28_016_017,4.036162853240967,0.3740323781967163,2.437612295150757,False,False,faible,normale,Matam,Zone sahélienne,Phase_2_pleine,Pleine saison (Juillet-Août),2009,8,28,240,4.1125745198235455,0.379284816620937,467.26983642578125
-12.875,16.375,2009-08-28,2009-08-28_016_018,2.051961898803711,-0.10852058231830597,2.5094947814941406,False,False,faible,normale,Matam,Zone sahélienne,Phase_2_pleine,Pleine saison (Juillet-Août),2009,8,28,240,2.2304582452055204,-0.10309513426156501,493.970947265625
-12.625,16.375,2009-08-28,2009-08-28_016_019,2.410515069961548,-0.14741232991218567,3.196413516998291,False,False,faible,normale,Matam,Zone sahélienne,Phase_2_pleine,Pleine saison (Juillet-Août),2009,8,28,240,2.4484349698876615,-0.1302622622393784,520.672119140625
-12.375,16.375,2009-08-28,2009-08-28_016_020,2.822662591934204,-0.080087810754776,3.223106622695923,False,False,faible,normale,Matam,Zone sahélienne,Phase_2_pleine,Pleine saison (Juillet-Août),2009,8,28,240,2.8820689431386977,-0.07806062262187057,547.3732299804688
-12.125,16.375,2009-08-28,2009-08-28_016_021,0.686646580696106,-0.533212423324585,3.1097781658172607,False,False,trace,normale,Matam,Zone sahélienne,Phase_2_pleine,Pleine saison (Juillet-Août),2009,8,28,240,0.7044663992359411,-0.5219588231800788,574.0743408203125
-11.875,16.375,2009-08-28,2009-08-28_016_022,1.5093144178390503,-0.3264046013355255,3.097064971923828,False,False,faible,normale,Matam,Zone sahélienne,Phase_2_pleine,Pleine saison (Juillet-Août),2009,8,28,240,1.5407075917900506,-0.3121288783436444,600.7755126953125
-11.625,16.375,2009-08-28,2009-08-28_016_023,1.6113412380218506,-0.2569594085216522,2.8316752910614014,False,False,faible,normale,Matam,Zone sahélienne,Phase_2_pleine,Pleine saison (Juillet-Août),2009,8,28,240,1.7239487051364764,-0.24298336832367576,627.4766235351562
-11.375,16.375,2009-08-28,2009-08-28_016_024,2.637904167175293,-0.11684072762727737,3.265517473220825,False,False,faible,normale,Matam,Zone sahélienne,Phase_2_pleine,Pleine saison (Juillet-Août),2009,8,28,240,2.638946301973046,-0.11662812465474234,654.1777954101562
-16.375,16.625,2009-08-28,2009-08-28_017_004,32.44868469238281,3.6490564346313477,4.733869552612305,True,True,forte,exceptionelle,Saint-Louis,Zone sahélienne,Phase_2_pleine,Pleine saison (Juillet-Août),2009,8,28,240,32.45428246349545,3.6500295095108264,119.99990844726562
-16.125,16.625,2009-08-28,2009-08-28_017_005,36.93088150024414,3.9893136024475098,4.584432125091553,True,True,forte,exceptionelle,Saint-Louis,Zone sahélienne,Phase_2_pleine,Pleine saison (Juillet-Août),2009,8,28,240,36.95004034761209,3.989337192707924,146.6665496826172
-15.875,16.625,2009-08-28,2009-08-28_017_006,37.17446517944336,3.8853464126586914,5.116906642913818,True,True,forte,exceptionelle,Saint-Louis,Zone sahélienne,Phase_2_pleine,Pleine saison (Juillet-Août),2009,8,28,240,37.20217184325559,3.8855963999302543,173.3332061767578
-15.625,16.625,2009-08-28,2009-08-28_017_007,34.85145568847656,3.5826337337493896,4.919857978820801,True,True,forte,exceptionelle,Saint-Louis,Zone sahélienne,Phase_2_pleine,Pleine saison (Juillet-Août),2009,8,28,240,34.85341193807784,3.584275558366249,199.99984741210938
-15.375,16.625,2009-08-28,2009-08-28_017_008,32.48244094848633,3.6137502193450928,4.441368103027344,True,True,forte,exceptionelle,Saint-Louis,Zone sahélienne,Phase_2_pleine,Pleine saison (Juillet-Août),2009,8,28,240,32.48511300973557,3.6155244010177685,226.66648864746094
-15.125,16.625,2009-08-28,2009-08-28_017_009,33.24152755737305,4.042600631713867,3.9933524131774902,True,True,forte,exceptionelle,Saint-Louis,Zone sahélienne,Phase_2_pleine,Pleine saison (Juillet-Août),2009,8,28,240,33.2434101775663,4.043549707786522,253.33314514160156
-14.875,16.625,2009-08-28,2009-08-28_017_010,30.506093978881836,3.941251516342163,3.810094118118286,True,True,forte,exceptionelle,Louga,Zone sahélienne,Phase_2_pleine,Pleine saison (Juillet-Août),2009,8,28,240,30.529695740896255,3.9418620643903264,279.9997863769531
-14.625,16.625,2009-08-28,2009-08-28_017_011,26.82672119140625,4.195162296295166,3.3126816749572754,True,True,forte,exceptionelle,Matam,Zone sahélienne,Phase_2_pleine,Pleine saison (Juillet-Août),2009,8,28,240,26.853242811845174,4.195911730953199,306.66644287109375
-14.375,16.625,2009-08-28,2009-08-28_017_012,23.856651306152344,4.269731044769287,2.911424398422241,True,True,forte,exceptionelle,Matam,Zone sahélienne,Phase_2_pleine,Pleine saison (Juillet-Août),2009,8,28,240,23.899636862865044,4.270331029316886,333.33306884765625
-14.125,16.625,2009-08-28,2009-08-28_017_013,13.714282989501953,2.9275200366973877,2.571362018585205,True,False,modérée,très humide,Matam,Zone sahélienne,Phase_2_pleine,Pleine saison (Juillet-Août),2009,8,28,240,13.72188930415628,2.9284508036608674,359.99969482421875
-13.875,16.625,2009-08-28,2009-08-28_017_014,11.220698356628418,2.662376642227173,2.129791498184204,True,False,modérée,très humide,Matam,Zone sahélienne,Phase_2_pleine,Pleine saison (Juillet-Août),2009,8,28,240,11.23343371386504,2.663350137633894,386.6663513183594
-13.625,16.625,2009-08-28,2009-08-28_017_015,9.936223030090332,1.9716541767120361,2.2012059688568115,False,False,modérée,humide,Matam,Zone sahélienne,Phase_2_pleine,Pleine saison (Juillet-Août),2009,8,28,240,10.050363943205406,1.9745407107487396,413.3330078125
-13.375,16.625,2009-08-28,2009-08-28_017_016,6.33748722076416,0.8131045699119568,2.5016767978668213,False,False,modérée,normale,Matam,Zone sahélienne,Phase_2_pleine,Pleine saison (Juillet-Août),2009,8,28,240,6.733395082866727,0.8177096401926262,439.9996643066406
-13.125,16.625,2009-08-28,2009-08-28_017_017,2.6392464637756348,0.05552288517355919,2.369741916656494,False,False,faible,normale,Matam,Zone sahélienne,Phase_2_pleine,Pleine saison (Juillet-Août),2009,8,28,240,2.781186583054127,0.05723087770405722,466.6662902832031
-12.875,16.625,2009-08-28,2009-08-28_017_018,1.850496768951416,-0.06269453465938568,2.115940809249878,False,False,faible,normale,Matam,Zone sahélienne,Phase_2_pleine,Pleine saison (Juillet-Août),2009,8,28,240,1.9747804169678826,-0.057573820478353105,493.3329162597656
-12.625,16.625,2009-08-28,2009-08-28_017_019,0.0781923234462738,-0.594356119632721,2.587684154510498,False,False,trace,normale,Matam,Zone sahélienne,Phase_2_pleine,Pleine saison (Juillet-Août),2009,8,28,240,0.18084271746364697,-0.594197332409758,519.9995727539062
-12.375,16.625,2009-08-28,2009-08-28_017_020,0.9603415131568909,-0.4009418785572052,3.0188517570495605,False,False,trace,normale,Matam,Zone sahélienne,Phase_2_pleine,Pleine saison (Juillet-Août),2009,8,28,240,1.1723363678059966,-0.3841873992927109,546.666259765625
-12.125,16.625,2009-08-28,2009-08-28_017_021,2.3599960803985596,-0.19054149091243744,3.47062087059021,False,False,faible,normale,Matam,Zone sahélienne,Phase_2_pleine,Pleine saison (Juillet-Août),2009,8,28,240,2.3995989063876357,-0.17157991960569824,573.3328247070312
-11.875,16.625,2009-08-28,2009-08-28_017_022,3.284883737564087,-0.029470935463905334,3.4487545490264893,False,False,faible,normale,Matam,Zone sahélienne,Phase_2_pleine,Pleine saison (Juillet-Août),2009,8,28,240,3.2972222009495873,-0.013516762752517019,599.99951171875
-11.625,16.625,2009-08-28,2009-08-28_017_023,3.6405556201934814,0.11634831130504608,3.0259225368499756,False,False,faible,normale,Matam,Zone sahélienne,Phase_2_pleine,Pleine saison (Juillet-Août),2009,8,28,240,3.8789735403492203,0.11756384314679016,626.6661987304688
-11.375,16.625,2009-08-28,2009-08-28_017_024,3.9568567276000977,0.17316193878650665,3.0440621376037598,False,False,faible,normale,Matam,Zone sahélienne,Phase_2_pleine,Pleine saison (Juillet-Août),2009,8,28,240,4.0164359526418565,0.1821919074609651,653.3328247070312
-16.625,12.375,2012-09-28,2012-09-28_000_003,30.3969669342041,2.0351662635803223,8.064615249633789,True,True,forte,très humide,Ziguinchor,Zone soudanienne,Phase_3_fin,Fin de saison (Septembre-Octobre),2012,9,28,272,30.401226551688495,2.0502560749724883,95.14187622070312
-16.375,12.375,2012-09-28,2012-09-28_000_004,36.5367317199707,2.259739398956299,9.81241226196289,True,True,forte,très humide,Ziguinchor,Zone soudanienne,Phase_3_fin,Fin de saison (Septembre-Octobre),2012,9,28,272,36.54038428301788,2.273978408257566,122.32527160644531
-16.125,12.375,2012-09-28,2012-09-28_000_005,31.1205997467041,1.8807272911071777,10.11331558227539,False,True,forte,humide,Sédhiou,Zone soudanienne,Phase_3_fin,Fin de saison (Septembre-Octobre),2012,9,28,272,31.125139351466196,1.881104905401642,149.5086669921875
-15.875,12.375,2012-09-28,2012-09-28_000_006,33.110870361328125,2.5024681091308594,8.608357429504395,True,True,forte,très humide,Sédhiou,Zone soudanienne,Phase_3_fin,Fin de saison (Septembre-Octobre),2012,9,28,272,33.11647298228202,2.5054906936147106,176.6920623779297
-15.625,12.375,2012-09-28,2012-09-28_000_007,28.757299423217773,2.051848888397217,8.741093635559082,True,True,forte,très humide,Sédhiou,Zone soudanienne,Phase_3_fin,Fin de saison (Septembre-Octobre),2012,9,28,272,28.758138335529882,2.0544899905746306,203.87545776367188
-15.375,12.375,2012-09-28,2012-09-28_000_008,23.07331085205078,1.6915178298950195,8.218035697937012,False,True,forte,humide,Sédhiou,Zone soudanienne,Phase_3_fin,Fin de saison (Septembre-Octobre),2012,9,28,272,23.09245802529493,1.7204976998381878,231.058837890625
-15.125,12.375,2012-09-28,2012-09-28_000_009,26.217792510986328,1.9252068996429443,9.284749031066895,False,True,forte,humide,Sédhiou,Zone soudanienne,Phase_3_fin,Fin de saison (Septembre-Octobre),2012,9,28,272,26.22076596207355,1.9350681700299133,258.24224853515625
-14.875,12.375,2012-09-28,2012-09-28_000_010,27.622060775756836,2.1929430961608887,9.56534194946289,True,True,forte,très humide,Kolda,Zone soudanienne,Phase_3_fin,Fin de saison (Septembre-Octobre),2012,9,28,272,27.624520862521837,2.199901623941546,285.4256286621094
-14.625,12.375,2012-09-28,2012-09-28_000_011,24.83875274658203,2.1411213874816895,8.811530113220215,True,True,forte,très humide,Kolda,Zone soudanienne,Phase_3_fin,Fin de saison (Septembre-Octobre),2012,9,28,272,24.841455766304055,2.160002413706564,312.6090393066406
-14.375,12.375,2012-09-28,2012-09-28_000_012,31.671592712402344,2.6924827098846436,9.277506828308105,True,True,forte,très humide,Kolda,Zone soudanienne,Phase_3_fin,Fin de saison (Septembre-Octobre),2012,9,28,272,31.671985396188706,2.699674597337617,339.79241943359375
-14.125,12.375,2012-09-28,2012-09-28_000_013,38.058773040771484,3.183274984359741,9.811738014221191,True,True,forte,exceptionelle,Kolda,Zone soudanienne,Phase_3_fin,Fin de saison (Septembre-Octobre),2012,9,28,272,38.06513911875048,3.1872392024227123,366.9757995605469
-13.875,12.375,2012-09-28,2012-09-28_000_014,37.88285827636719,3.468428611755371,8.885336875915527,True,True,forte,exceptionelle,Kolda,Zone soudanienne,Phase_3_fin,Fin de saison (Septembre-Octobre),2012,9,28,272,37.885952254635605,3.4716956795160496,394.1592102050781
-13.625,12.375,2012-09-28,2012-09-28_000_015,28.73139190673828,2.7496418952941895,8.087658882141113,True,True,forte,très humide,Kolda,Zone soudanienne,Phase_3_fin,Fin de saison (Septembre-Octobre),2012,9,28,272,28.73529756248896,2.7518376669092994,421.34259033203125
-13.375,12.375,2012-09-28,2012-09-28_000_016,25.86004638671875,2.6483964920043945,7.693835735321045,True,True,forte,très humide,Kédougou,Zone soudanienne,Phase_3_fin,Fin de saison (Septembre-Octobre),2012,9,28,272,25.8628603968788,2.6496158299134605,448.5260009765625
-13.125,12.375,2012-09-28,2012-09-28_000_017,19.30072593688965,1.5871814489364624,8.20828628540039,False,False,modérée,humide,Kédougou,Zone soudanienne,Phase_3_fin,Fin de saison (Septembre-Octobre),2012,9,28,272,19.322837906267175,1.5928204604728737,475.7093811035156
-12.875,12.375,2012-09-28,2012-09-28_000_018,11.861833572387695,0.44202885031700134,8.511115074157715,False,False,modérée,normale,Kédougou,Zone soudanienne,Phase_3_fin,Fin de saison (Septembre-Octobre),2012,9,28,272,11.988199320270787,1.313596460986976,502.89276123046875
-12.625,12.375,2012-09-28,2012-09-28_000_019,19.96442222595215,1.3401482105255127,8.619263648986816,False,False,modérée,humide,Kédougou,Zone soudanienne,Phase_3_fin,Fin de saison (Septembre-Octobre),2012,9,28,272,19.969097137451172,1.3999115728852738,530.076171875
-12.375,12.375,2012-09-28,2012-09-28_000_020,27.34624671936035,1.877379059791565,9.15509033203125,False,True,forte,humide,Kédougou,Zone soudanienne,Phase_3_fin,Fin de saison (Septembre-Octobre),2012,9,28,272,27.350405525322536,1.880550625635751,557.2595825195312
-12.125,12.375,2012-09-28,2012-09-28_000_021,26.051586151123047,1.637144923210144,9.35870361328125,False,True,forte,humide,Kédougou,Zone soudanienne,Phase_3_fin,Fin de saison (Septembre-Octobre),2012,9,28,272,26.08085230726692,1.668938680509826,584.4429321289062
-11.875,12.375,2012-09-28,2012-09-28_000_022,27.69792938232422,1.811448335647583,9.054778099060059,False,True,forte,humide,Kédougou,Zone soudanienne,Phase_3_fin,Fin de saison (Septembre-Octobre),2012,9,28,272,27.70883083343506,1.8354545244619476,611.6263427734375
-11.625,12.375,2012-09-28,2012-09-28_000_023,25.538951873779297,1.547151803970337,8.540519714355469,False,True,forte,humide,Kédougou,Zone soudanienne,Phase_3_fin,Fin de saison (Septembre-Octobre),2012,9,28,272,25.583051461071225,1.555972376960007,638.8097534179688
-11.375,12.375,2012-09-28,2012-09-28_000_024,21.637060165405273,1.4003654718399048,7.546762943267822,False,True,forte,humide,Kédougou,Zone soudanienne,Phase_3_fin,Fin de saison (Septembre-Octobre),2012,9,28,272,21.6841458699212,1.4735012647494599,665.9931640625
-16.625,12.625,2012-09-28,2012-09-28_001_003,32.415122985839844,2.2766058444976807,8.201685905456543,True,True,forte,très humide,Ziguinchor,Zone soudanienne,Phase_3_fin,Fin de saison (Septembre-Octobre),2012,9,28,272,32.43178608189876,2.278304391170866,95.04988861083984
-16.375,12.625,2012-09-28,2012-09-28_001_004,30.369831085205078,2.017719030380249,8.607962608337402,True,True,forte,très humide,Ziguinchor,Zone soudanienne,Phase_3_fin,Fin de saison (Septembre-Octobre),2012,9,28,272,30.372967389360745,2.023418887775747,122.2070083618164
-16.125,12.625,2012-09-28,2012-09-28_001_005,28.527860641479492,2.097588300704956,8.106634140014648,True,True,forte,très humide,Sédhiou,Zone soudanienne,Phase_3_fin,Fin de saison (Septembre-Octobre),2012,9,28,272,28.533799348764084,2.0992656221341846,149.36412048339844
-15.875,12.625,2012-09-28,2012-09-28_001_006,27.061655044555664,2.0970664024353027,7.204293727874756,True,True,forte,très humide,Sédhiou,Zone soudanienne,Phase_3_fin,Fin de saison (Septembre-Octobre),2012,9,28,272,27.066553173352727,2.097524046897888,176.521240234375
-15.625,12.625,2012-09-28,2012-09-28_001_007,25.039674758911133,2.0283257961273193,6.8602776527404785,True,True,forte,très humide,Sédhiou,Zone soudanienne,Phase_3_fin,Fin de saison (Septembre-Octobre),2012,9,28,272,25.068350475637157,2.0323423488655283,203.6783447265625
-15.375,12.625,2012-09-28,2012-09-28_001_008,21.160715103149414,2.023951292037964,6.189941883087158,True,True,forte,très humide,Kolda,Zone soudanienne,Phase_3_fin,Fin de saison (Septembre-Octobre),2012,9,28,272,21.168915384378863,2.0279411035566475,230.83544921875
-15.125,12.625,2012-09-28,2012-09-28_001_009,25.379493713378906,2.576474905014038,7.272972106933594,True,True,forte,très humide,Kolda,Zone soudanienne,Phase_3_fin,Fin de saison (Septembre-Octobre),2012,9,28,272,25.382963257219323,2.5897514802127626,257.9925842285156
-14.875,12.625,2012-09-28,2012-09-28_001_010,26.72541046142578,2.7897677421569824,7.420263290405273,True,True,forte,très humide,Kolda,Zone soudanienne,Phase_3_fin,Fin de saison (Septembre-Octobre),2012,9,28,272,26.735408572096322,2.791542133494238,285.1496887207031
-14.625,12.625,2012-09-28,2012-09-28_001_011,20.737018585205078,2.088723659515381,7.031277179718018,True,True,forte,très humide,Kolda,Zone soudanienne,Phase_3_fin,Fin de saison (Septembre-Octobre),2012,9,28,272,20.762997440357307,2.0923132800576676,312.3067932128906
-14.375,12.625,2012-09-28,2012-09-28_001_012,25.448989868164062,2.518447160720825,7.568963527679443,True,True,forte,très humide,Kolda,Zone soudanienne,Phase_3_fin,Fin de saison (Septembre-Octobre),2012,9,28,272,25.471110319971437,2.5224248146890993,339.4638977050781
-14.125,12.625,2012-09-28,2012-09-28_001_013,40.37165451049805,3.4372942447662354,9.017545700073242,True,True,forte,exceptionelle,Kolda,Zone soudanienne,Phase_3_fin,Fin de saison (Septembre-Octobre),2012,9,28,272,40.37292862896943,3.437335689463208,366.6210021972656
-13.875,12.625,2012-09-28,2012-09-28_001_014,44.27000427246094,3.903745174407959,8.283884048461914,True,True,forte,exceptionelle,Kolda,Zone soudanienne,Phase_3_fin,Fin de saison (Septembre-Octobre),2012,9,28,272,44.27000427246094,3.90376372433188,393.77813720703125
-13.625,12.625,2012-09-28,2012-09-28_001_015,37.132606506347656,3.5767245292663574,7.151683807373047,True,True,forte,exceptionelle,Tambacounda,Zone soudanienne,Phase_3_fin,Fin de saison (Septembre-Octobre),2012,9,28,272,37.14768694393598,3.579172698696654,420.93524169921875
-13.375,12.625,2012-09-28,2012-09-28_001_016,31.46292495727539,3.442614793777466,6.329380512237549,True,True,forte,exceptionelle,Kédougou,Zone soudanienne,Phase_3_fin,Fin de saison (Septembre-Octobre),2012,9,28,272,31.481275136746362,3.44598656683112,448.09234619140625
-13.125,12.625,2012-09-28,2012-09-28_001_017,26.341392517089844,2.834547519683838,6.572164058685303,True,True,forte,très humide,Kédougou,Zone soudanienne,Phase_3_fin,Fin de saison (Septembre-Octobre),2012,9,28,272,26.346205093153756,2.8357818546007625,475.24945068359375
-12.875,12.625,2012-09-28,2012-09-28_001_018,24.469141006469727,2.365219831466675,7.0196638107299805,True,True,forte,très humide,Kédougou,Zone soudanienne,Phase_3_fin,Fin de saison (Septembre-Octobre),2012,9,28,272,24.486826096347826,2.369966096015432,502.40655517578125
-12.625,12.625,2012-09-28,2012-09-28_001_019,23.060930252075195,2.003755807876587,7.378658771514893,True,True,forte,très humide,Kédougou,Zone soudanienne,Phase_3_fin,Fin de saison (Septembre-Octobre),2012,9,28,272,23.066436197290468,2.014948262641178,529.5636596679688
-12.375,12.625,2012-09-28,2012-09-28_001_020,24.60955047607422,1.9357573986053467,7.6225690841674805,False,True,forte,humide,Kédougou,Zone soudanienne,Phase_3_fin,Fin de saison (Septembre-Octobre),2012,9,28,272,24.61403900414855,1.9379836213049577,556.7208251953125
-12.125,12.625,2012-09-28,2012-09-28_001_021,22.764663696289062,1.4742437601089478,7.759521484375,False,True,forte,humide,Kédougou,Zone soudanienne,Phase_3_fin,Fin de saison (Septembre-Octobre),2012,9,28,272,22.790722123342544,1.4999012584662317,583.8778686523438
-11.875,12.625,2012-09-28,2012-09-28_001_022,17.99825668334961,1.3157918453216553,6.593418598175049,False,False,modérée,humide,Kédougou,Zone soudanienne,Phase_3_fin,Fin de saison (Septembre-Octobre),2012,9,28,272,18.059133764487417,1.3400258167305183,611.0350341796875
-11.625,12.625,2012-09-28,2012-09-28_001_023,21.2359561920166,1.5837689638137817,6.543891429901123,False,True,forte,humide,Kédougou,Zone soudanienne,Phase_3_fin,Fin de saison (Septembre-Octobre),2012,9,28,272,21.241797825798916,1.5870957081042343,638.192138671875
-11.375,12.625,2012-09-28,2012-09-28_001_024,24.518020629882812,1.785334587097168,6.757203578948975,False,True,forte,humide,Kédougou,Zone soudanienne,Phase_3_fin,Fin de saison (Septembre-Octobre),2012,9,28,272,24.525249898134163,1.8102673118437953,665.3492431640625
-16.625,12.875,2012-09-28,2012-09-28_002_003,40.540687561035156,2.9913148880004883,7.572803497314453,True,True,forte,très humide,Ziguinchor,Zone soudanienne,Phase_3_fin,Fin de saison (Septembre-Octobre),2012,9,28,272,40.54466038612865,2.991429965100696,94.95609283447266
-16.375,12.875,2012-09-28,2012-09-28_002_004,28.565378189086914,2.32041072845459,6.9574103355407715,True,True,forte,très humide,Ziguinchor,Zone soudanienne,Phase_3_fin,Fin de saison (Septembre-Octobre),2012,9,28,272,28.57294951970853,2.3319247481810987,122.08641052246094
-16.125,12.875,2012-09-28,2012-09-28_002_005,20.85578155517578,1.8814619779586792,6.34580659866333,False,True,forte,humide,Sédhiou,Zone soudanienne,Phase_3_fin,Fin de saison (Septembre-Octobre),2012,9,28,272,20.875535380301162,1.9132561665683536,149.2167205810547
-15.875,12.875,2012-09-28,2012-09-28_002_006,19.971633911132812,1.9656888246536255,5.798543453216553,False,False,modérée,humide,Sédhiou,Zone soudanienne,Phase_3_fin,Fin de saison (Septembre-Octobre),2012,9,28,272,19.99885415791267,1.9714660878157495,176.34703063964844
-15.625,12.875,2012-09-28,2012-09-28_002_007,29.599815368652344,3.3316757678985596,5.561291217803955,True,True,forte,exceptionelle,Sédhiou,Zone soudanienne,Phase_3_fin,Fin de saison (Septembre-Octobre),2012,9,28,272,29.605301631754966,3.341592898320912,203.47735595703125
-15.375,12.875,2012-09-28,2012-09-28_002_008,19.492141723632812,2.1630940437316895,5.188045024871826,True,False,modérée,très humide,Kolda,Zone soudanienne,Phase_3_fin,Fin de saison (Septembre-Octobre),2012,9,28,272,19.497143496221035,2.188668231868265,230.60765075683594
-15.125,12.875,2012-09-28,2012-09-28_002_009,21.851030349731445,2.1144859790802,6.2041449546813965,True,True,forte,très humide,Kolda,Zone soudanienne,Phase_3_fin,Fin de saison (Septembre-Octobre),2012,9,28,272,21.891029918613146,2.1297537298058744,257.73797607421875
-14.875,12.875,2012-09-28,2012-09-28_002_010,19.499597549438477,2.0995066165924072,6.193142890930176,True,False,modérée,très humide,Kolda,Zone soudanienne,Phase_3_fin,Fin de saison (Septembre-Octobre),2012,9,28,272,19.51444851094155,2.1032361744636265,284.8682861328125
-14.625,12.875,2012-09-28,2012-09-28_002_011,19.182241439819336,2.0927939414978027,6.280913829803467,True,False,modérée,très humide,Kolda,Zone soudanienne,Phase_3_fin,Fin de saison (Septembre-Octobre),2012,9,28,272,19.217721383176258,2.0965511307644484,311.99859619140625
-14.375,12.875,2012-09-28,2012-09-28_002_012,21.928688049316406,2.292604684829712,6.435529708862305,True,True,forte,très humide,Kolda,Zone soudanienne,Phase_3_fin,Fin de saison (Septembre-Octobre),2012,9,28,272,21.939120402887237,2.2989154311280755,339.12890625
-14.125,12.875,2012-09-28,2012-09-28_002_013,22.83629608154297,2.395404100418091,6.279379844665527,True,True,forte,très humide,Kolda,Zone soudanienne,Phase_3_fin,Fin de saison (Septembre-Octobre),2012,9,28,272,22.879278580747055,2.402949076202048,366.25921630859375
-13.875,12.875,2012-09-28,2012-09-28_002_014,27.780580520629883,2.602778673171997,6.838160991668701,True,True,forte,très humide,Tambacounda,Zone soudanienne,Phase_3_fin,Fin de saison (Septembre-Octobre),2012,9,28,272,27.815580392003657,2.608251272733487,393.3895263671875
-13.625,12.875,2012-09-28,2012-09-28_002_015,31.86444091796875,3.2977209091186523,6.10418701171875,True,True,forte,exceptionelle,Tambacounda,Zone soudanienne,Phase_3_fin,Fin de saison (Septembre-Octobre),2012,9,28,272,31.865664688187028,3.298384220755879,420.51983642578125
-13.375,12.875,2012-09-28,2012-09-28_002_016,24.049781799316406,3.069611072540283,5.037180423736572,True,True,forte,exceptionelle,Tambacounda,Zone soudanienne,Phase_3_fin,Fin de saison (Septembre-Octobre),2012,9,28,272,24.070978730168175,3.0774590651593616,447.6501770019531
-13.125,12.875,2012-09-28,2012-09-28_002_017,27.982463836669922,3.13513445854187,5.745211601257324,True,True,forte,exceptionelle,Kédougou,Zone soudanienne,Phase_3_fin,Fin de saison (Septembre-Octobre),2012,9,28,272,27.986376661751137,3.135538507346532,474.78045654296875
-12.875,12.875,2012-09-28,2012-09-28_002_018,31.879661560058594,3.4785871505737305,5.901589393615723,True,True,forte,exceptionelle,Kédougou,Zone soudanienne,Phase_3_fin,Fin de saison (Septembre-Octobre),2012,9,28,272,31.880335587352963,3.483589982866642,501.9107666015625
-12.625,12.875,2012-09-28,2012-09-28_002_019,30.08838653564453,3.1360180377960205,6.245672225952148,True,True,forte,exceptionelle,Kédougou,Zone soudanienne,Phase_3_fin,Fin de saison (Septembre-Octobre),2012,9,28,272,30.088579427057773,3.1422603705420564,529.0410766601562
-12.375,12.875,2012-09-28,2012-09-28_002_020,30.089921951293945,2.844088077545166,6.398940563201904,True,True,forte,très humide,Kédougou,Zone soudanienne,Phase_3_fin,Fin de saison (Septembre-Octobre),2012,9,28,272,30.10233664392826,2.844822177934886,556.1714477539062
-12.125,12.875,2012-09-28,2012-09-28_002_021,24.6951904296875,2.1049201488494873,6.291009426116943,True,True,forte,très humide,Kédougou,Zone soudanienne,Phase_3_fin,Fin de saison (Septembre-Octobre),2012,9,28,272,24.744246899782112,2.11321213736606,583.3016967773438
-11.875,12.875,2012-09-28,2012-09-28_002_022,18.37225341796875,1.500227689743042,5.696897983551025,False,False,modérée,humide,Kédougou,Zone soudanienne,Phase_3_fin,Fin de saison (Septembre-Octobre),2012,9,28,272,18.39344954370853,1.5464444052633928,610.4320068359375
-11.625,12.875,2012-09-28,2012-09-28_002_023,18.151121139526367,1.5929807424545288,5.255101203918457,False,False,modérée,humide,Kédougou,Zone soudanienne,Phase_3_fin,Fin de saison (Septembre-Octobre),2012,9,28,272,18.17458319544193,1.6356391080060797,637.5623779296875
-11.375,12.875,2012-09-28,2012-09-28_002_024,23.116609573364258,1.8811269998550415,6.117008686065674,False,True,forte,humide,Kédougou,Zone soudanienne,Phase_3_fin,Fin de saison (Septembre-Octobre),2012,9,28,272,23.146283820645895,1.8814426199275645,664.6926879882812
-16.625,13.125,2012-09-28,2012-09-28_003_003,30.87801170349121,2.6349053382873535,6.037149906158447,True,True,forte,très humide,Ziguinchor,Zone soudanienne,Phase_3_fin,Fin de saison (Septembre-Octobre),2012,9,28,272,30.887391066431398,2.644125423239703,94.86048126220703
-16.375,13.125,2012-09-28,2012-09-28_003_004,29.838478088378906,2.6719281673431396,5.983999729156494,True,True,forte,très humide,Ziguinchor,Zone soudanienne,Phase_3_fin,Fin de saison (Septembre-Octobre),2012,9,28,272,29.870501532626502,2.685668924346042,121.9634780883789
-16.125,13.125,2012-09-28,2012-09-28_003_005,21.725875854492188,2.3001928329467773,5.393086910247803,True,True,forte,très humide,Sédhiou,Zone soudanienne,Phase_3_fin,Fin de saison (Septembre-Octobre),2012,9,28,272,21.73922159204531,2.3041813002159848,149.0664825439453
-15.875,13.125,2012-09-28,2012-09-28_003_006,20.297588348388672,1.9719370603561401,5.804204940795898,False,True,forte,humide,Sédhiou,Zone soudanienne,Phase_3_fin,Fin de saison (Septembre-Octobre),2012,9,28,272,20.341931232854947,2.0012774632204717,176.1694793701172
-15.625,13.125,2012-09-28,2012-09-28_003_007,23.488658905029297,2.4997732639312744,5.64924955368042,True,True,forte,très humide,Sédhiou,Zone soudanienne,Phase_3_fin,Fin de saison (Septembre-Octobre),2012,9,28,272,23.51246284599879,2.5005381538640314,203.27247619628906
-15.375,13.125,2012-09-28,2012-09-28_003_008,21.011093139648438,2.483893871307373,4.849614143371582,True,True,forte,très humide,Kolda,Zone soudanienne,Phase_3_fin,Fin de saison (Septembre-Octobre),2012,9,28,272,21.096054355103767,2.4858498932728215,230.37545776367188
-15.125,13.125,2012-09-28,2012-09-28_003_009,24.171968460083008,2.6258392333984375,5.643810749053955,True,True,forte,très humide,Kolda,Zone soudanienne,Phase_3_fin,Fin de saison (Septembre-Octobre),2012,9,28,272,24.2412334806356,2.6273702401012633,257.47845458984375
-14.875,13.125,2012-09-28,2012-09-28_003_010,22.5826416015625,2.3050031661987305,6.067543029785156,True,True,forte,très humide,Kolda,Zone soudanienne,Phase_3_fin,Fin de saison (Septembre-Octobre),2012,9,28,272,22.63992944554468,2.3106646214298268,284.5814514160156
-14.625,13.125,2012-09-28,2012-09-28_003_011,25.729768753051758,2.96915340423584,5.4380269050598145,True,True,forte,très humide,Kolda,Zone soudanienne,Phase_3_fin,Fin de saison (Septembre-Octobre),2012,9,28,272,25.76773911864315,2.9699644988505685,311.6844482421875
-14.375,13.125,2012-09-28,2012-09-28_003_012,21.003276824951172,2.595015525817871,5.174153804779053,True,True,forte,très humide,Tambacounda,Zone soudanienne,Phase_3_fin,Fin de saison (Septembre-Octobre),2012,9,28,272,21.007734873786045,2.5954546257479105,338.7874450683594
-14.125,13.125,2012-09-28,2012-09-28_003_013,19.33332061767578,2.4249770641326904,5.039783000946045,True,False,modérée,très humide,Tambacounda,Zone soudanienne,Phase_3_fin,Fin de saison (Septembre-Octobre),2012,9,28,272,19.340802772560313,2.4296396425620994,365.89044189453125
-13.875,13.125,2012-09-28,2012-09-28_003_014,23.861438751220703,2.7455544471740723,5.310671329498291,True,True,forte,très humide,Tambacounda,Zone soudanienne,Phase_3_fin,Fin de saison (Septembre-Octobre),2012,9,28,272,23.872809793481874,2.7462321513861268,392.9934387207031
-13.625,13.125,2012-09-28,2012-09-28_003_015,21.22991943359375,2.404758930206299,5.186256408691406,True,True,forte,très humide,Tambacounda,Zone soudanienne,Phase_3_fin,Fin de saison (Septembre-Octobre),2012,9,28,272,21.233256335234522,2.405518227486155,420.096435546875
-13.375,13.125,2012-09-28,2012-09-28_003_016,20.44660186767578,2.3521924018859863,5.09991979598999,True,True,forte,très humide,Tambacounda,Zone soudanienne,Phase_3_fin,Fin de saison (Septembre-Octobre),2012,9,28,272,20.448908815431835,2.3628303783023776,447.1994323730469
-13.125,13.125,2012-09-28,2012-09-28_003_017,22.732912063598633,2.40570330619812,5.34123420715332,True,True,forte,très humide,Tambacounda,Zone soudanienne,Phase_3_fin,Fin de saison (Septembre-Octobre),2012,9,28,272,22.74783054428484,2.4084134053944344,474.30242919921875
-12.875,13.125,2012-09-28,2012-09-28_003_018,25.00838851928711,2.9842560291290283,4.878661632537842,True,True,forte,très humide,Tambacounda,Zone soudanienne,Phase_3_fin,Fin de saison (Septembre-Octobre),2012,9,28,272,25.016648426726835,2.987120991376177,501.4053955078125
-12.625,13.125,2012-09-28,2012-09-28_003_019,30.728593826293945,3.240063428878784,5.539432525634766,True,True,forte,exceptionelle,Tambacounda,Zone soudanienne,Phase_3_fin,Fin de saison (Septembre-Octobre),2012,9,28,272,30.733556411973197,3.24361131598602,528.5084228515625
-12.375,13.125,2012-09-28,2012-09-28_003_020,33.371829986572266,3.5072152614593506,5.254150390625,True,True,forte,exceptionelle,Tambacounda,Zone soudanienne,Phase_3_fin,Fin de saison (Septembre-Octobre),2012,9,28,272,33.37807861404802,3.5087391898859686,555.6114501953125
-12.125,13.125,2012-09-28,2012-09-28_003_021,30.190759658813477,3.4375994205474854,4.934937000274658,True,True,forte,exceptionelle,Tambacounda,Zone soudanienne,Phase_3_fin,Fin de saison (Septembre-Octobre),2012,9,28,272,30.191503352256277,3.4379333353521835,582.71435546875
-11.875,13.125,2012-09-28,2012-09-28_003_022,26.1574764251709,3.2323880195617676,4.1815667152404785,True,True,forte,exceptionelle,Tambacounda,Zone soudanienne,Phase_3_fin,Fin de saison (Septembre-Octobre),2012,9,28,272,26.173995152190702,3.23261466397712,609.8173828125
-11.625,13.125,2012-09-28,2012-09-28_003_023,26.84246826171875,3.053436279296875,4.493003845214844,True,True,forte,exceptionelle,Tambacounda,Zone soudanienne,Phase_3_fin,Fin de saison (Septembre-Octobre),2012,9,28,272,26.848724815713698,3.061157914262321,636.92041015625
-11.375,13.125,2012-09-28,2012-09-28_003_024,22.574237823486328,2.4618680477142334,4.837308883666992,True,True,forte,très humide,Kédougou,Zone soudanienne,Phase_3_fin,Fin de saison (Septembre-Octobre),2012,9,28,272,22.576584744094006,2.4620860210016144,664.0234375
-16.625,13.375,2012-09-28,2012-09-28_004_003,39.204891204833984,3.1497442722320557,6.282759666442871,True,True,forte,exceptionelle,Ziguinchor,Zone soudanienne,Phase_3_fin,Fin de saison (Septembre-Octobre),2012,9,28,272,39.216617469212544,3.154662931384753,94.76307678222656
-16.375,13.375,2012-09-28,2012-09-28_004_004,31.950849533081055,2.9194862842559814,5.8039045333862305,True,True,forte,très humide,Ziguinchor,Zone soudanienne,Phase_3_fin,Fin de saison (Septembre-Octobre),2012,9,28,272,31.95628008530967,2.92031558853897,121.83824157714844
-16.125,13.375,2012-09-28,2012-09-28_004_005,27.269760131835938,2.753082513809204,5.32859992980957,True,True,forte,très humide,Kaolack,Zone soudanienne,Phase_3_fin,Fin de saison (Septembre-Octobre),2012,9,28,272,27.28054214362523,2.7596099454553884,148.9134063720703
-15.875,13.375,2012-09-28,2012-09-28_004_006,24.00826644897461,2.7312471866607666,5.002218246459961,True,True,forte,très humide,Sédhiou,Zone soudanienne,Phase_3_fin,Fin de saison (Septembre-Octobre),2012,9,28,272,24.01011271452784,2.7335856344232607,175.9885711669922
-15.625,13.375,2012-09-28,2012-09-28_004_007,22.427274703979492,2.5350754261016846,5.289615154266357,True,True,forte,très humide,Sédhiou,Zone soudanienne,Phase_3_fin,Fin de saison (Septembre-Octobre),2012,9,28,272,22.43532448198328,2.5356685923571565,203.06373596191406
-15.375,13.375,2012-09-28,2012-09-28_004_008,23.63506317138672,2.5361862182617188,5.276796817779541,True,True,forte,très humide,Kolda,Zone soudanienne,Phase_3_fin,Fin de saison (Septembre-Octobre),2012,9,28,272,23.644370122171527,2.538567756288615,230.13888549804688
-15.125,13.375,2012-09-28,2012-09-28_004_009,20.406211853027344,2.132150411605835,5.084024906158447,True,True,forte,très humide,Kolda,Zone soudanienne,Phase_3_fin,Fin de saison (Septembre-Octobre),2012,9,28,272,20.430973570550506,2.1398816797601516,257.2140808105469
-14.875,13.375,2012-09-28,2012-09-28_004_010,25.421186447143555,2.7065491676330566,5.335536956787109,True,True,forte,très humide,Kolda,Zone soudanienne,Phase_3_fin,Fin de saison (Septembre-Octobre),2012,9,28,272,25.429639245996523,2.713773322464833,284.2892150878906
-14.625,13.375,2012-09-28,2012-09-28_004_011,24.957103729248047,3.0975019931793213,4.870388507843018,True,True,forte,exceptionelle,Kolda,Zone soudanienne,Phase_3_fin,Fin de saison (Septembre-Octobre),2012,9,28,272,24.97411275509015,3.098867912388327,311.3644104003906
-14.375,13.375,2012-09-28,2012-09-28_004_012,21.977941513061523,2.8813698291778564,4.428511142730713,True,True,forte,très humide,Tambacounda,Zone soudanienne,Phase_3_fin,Fin de saison (Septembre-Octobre),2012,9,28,272,22.015875571936217,2.8831182520593233,338.4395446777344
-14.125,13.375,2012-09-28,2012-09-28_004_013,22.052682876586914,2.9060521125793457,4.578192234039307,True,True,forte,très humide,Tambacounda,Zone soudanienne,Phase_3_fin,Fin de saison (Septembre-Octobre),2012,9,28,272,22.10243712957181,2.9088505290860507,365.51470947265625
-13.875,13.375,2012-09-28,2012-09-28_004_014,25.86978530883789,3.1760177612304688,4.964207649230957,True,True,forte,exceptionelle,Tambacounda,Zone soudanienne,Phase_3_fin,Fin de saison (Septembre-Octobre),2012,9,28,272,25.897123461392656,3.1792452197578087,392.5898742675781
-13.625,13.375,2012-09-28,2012-09-28_004_015,26.228750228881836,2.717440128326416,5.629073619842529,True,True,forte,très humide,Tambacounda,Zone soudanienne,Phase_3_fin,Fin de saison (Septembre-Octobre),2012,9,28,272,26.2368782992339,2.7239427626432486,419.6650390625
-13.375,13.375,2012-09-28,2012-09-28_004_016,27.397451400756836,2.9898455142974854,5.611889362335205,True,True,forte,très humide,Tambacounda,Zone soudanienne,Phase_3_fin,Fin de saison (Septembre-Octobre),2012,9,28,272,27.414795813248986,2.9905949687238915,446.7402038574219
-13.125,13.375,2012-09-28,2012-09-28_004_017,24.382984161376953,2.628046989440918,5.384443283081055,True,True,forte,très humide,Tambacounda,Zone soudanienne,Phase_3_fin,Fin de saison (Septembre-Octobre),2012,9,28,272,24.398041567011695,2.6292459413633873,473.81536865234375
-12.875,13.375,2012-09-28,2012-09-28_004_018,22.52127456665039,2.5064780712127686,4.7560224533081055,True,True,forte,très humide,Tambacounda,Zone soudanienne,Phase_3_fin,Fin de saison (Septembre-Octobre),2012,9,28,272,22.533298540354973,2.512447027105782,500.8905334472656
-12.625,13.375,2012-09-28,2012-09-28_004_019,26.014585494995117,3.254197597503662,4.562370300292969,True,True,forte,exceptionelle,Tambacounda,Zone soudanienne,Phase_3_fin,Fin de saison (Septembre-Octobre),2012,9,28,272,26.024904773462957,3.2584687165878523,527.9656982421875
-12.375,13.375,2012-09-28,2012-09-28_004_020,30.80721664428711,3.5968847274780273,4.643539905548096,True,True,forte,exceptionelle,Tambacounda,Zone soudanienne,Phase_3_fin,Fin de saison (Septembre-Octobre),2012,9,28,272,30.81450960264733,3.5995611209965235,555.0408935546875
-12.125,13.375,2012-09-28,2012-09-28_004_021,24.846721649169922,3.3262577056884766,3.8698251247406006,True,True,forte,exceptionelle,Tambacounda,Zone soudanienne,Phase_3_fin,Fin de saison (Septembre-Octobre),2012,9,28,272,24.8583777250357,3.32776686654019,582.1160278320312
-11.875,13.375,2012-09-28,2012-09-28_004_022,24.8813419342041,3.2118446826934814,4.092092990875244,True,True,forte,exceptionelle,Tambacounda,Zone soudanienne,Phase_3_fin,Fin de saison (Septembre-Octobre),2012,9,28,272,24.906659317975066,3.21627658036486,609.191162109375
-11.625,13.375,2012-09-28,2012-09-28_004_023,26.766860961914062,3.2272379398345947,4.257070064544678,True,True,forte,exceptionelle,Tambacounda,Zone soudanienne,Phase_3_fin,Fin de saison (Septembre-Octobre),2012,9,28,272,26.779350884595708,3.2293859630373856,636.266357421875
-11.375,13.375,2012-09-28,2012-09-28_004_024,27.522106170654297,3.49642276763916,4.05540657043457,True,True,forte,exceptionelle,Kédougou,Zone soudanienne,Phase_3_fin,Fin de saison (Septembre-Octobre),2012,9,28,272,27.525958947799914,3.4965377836371188,663.341552734375
-16.625,13.625,2012-09-28,2012-09-28_005_003,36.67020034790039,2.9161205291748047,6.474864959716797,True,True,forte,très humide,Fatick,Zone soudano-sahélienne,Phase_3_fin,Fin de saison (Septembre-Octobre),2012,9,28,272,36.6806567685688,2.9179471701233832,94.66385650634766
-16.375,13.625,2012-09-28,2012-09-28_005_004,20.396656036376953,2.065258026123047,4.89729642868042,True,True,forte,très humide,Kaolack,Zone soudano-sahélienne,Phase_3_fin,Fin de saison (Septembre-Octobre),2012,9,28,272,20.402538385822545,2.0688219915083303,121.71067810058594
-16.125,13.625,2012-09-28,2012-09-28_005_005,18.65856170654297,2.2828683853149414,3.9111948013305664,True,False,modérée,très humide,Kaolack,Zone soudano-sahélienne,Phase_3_fin,Fin de saison (Septembre-Octobre),2012,9,28,272,18.681567441278965,2.2879415828378957,148.7574920654297
-15.875,13.625,2012-09-28,2012-09-28_005_006,21.213071823120117,2.7032032012939453,4.112001419067383,True,True,forte,très humide,Kaffrine,Zone soudano-sahélienne,Phase_3_fin,Fin de saison (Septembre-Octobre),2012,9,28,272,21.215793777350804,2.704150507797548,175.8043212890625
-15.625,13.625,2012-09-28,2012-09-28_005_007,27.541765213012695,3.2222819328308105,4.687437057495117,True,True,forte,exceptionelle,Kaffrine,Zone soudano-sahélienne,Phase_3_fin,Fin de saison (Septembre-Octobre),2012,9,28,272,27.548327311798555,3.224264722373617,202.85113525390625
-15.375,13.625,2012-09-28,2012-09-28_005_008,28.081340789794922,3.005988359451294,5.114409923553467,True,True,forte,exceptionelle,Kaffrine,Zone soudano-sahélienne,Phase_3_fin,Fin de saison (Septembre-Octobre),2012,9,28,272,28.152682457737,3.0110365302119426,229.89793395996094
-15.125,13.625,2012-09-28,2012-09-28_005_009,20.1397647857666,2.0819239616394043,5.033991813659668,True,True,forte,très humide,Kaffrine,Zone soudano-sahélienne,Phase_3_fin,Fin de saison (Septembre-Octobre),2012,9,28,272,20.1499191073317,2.0870561372095615,256.94476318359375
-14.875,13.625,2012-09-28,2012-09-28_005_010,22.443620681762695,2.692258358001709,4.550866603851318,True,True,forte,très humide,Kolda,Zone soudano-sahélienne,Phase_3_fin,Fin de saison (Septembre-Octobre),2012,9,28,272,22.481667183152396,2.692409429118861,283.9915771484375
-14.625,13.625,2012-09-28,2012-09-28_005_011,24.4534854888916,2.824618101119995,4.97923469543457,True,True,forte,très humide,Kolda,Zone soudano-sahélienne,Phase_3_fin,Fin de saison (Septembre-Octobre),2012,9,28,272,24.459189132230367,2.8251300337326586,311.0384216308594
-14.375,13.625,2012-09-28,2012-09-28_005_012,26.259933471679688,2.8311407566070557,5.318275451660156,True,True,forte,très humide,Tambacounda,Zone soudano-sahélienne,Phase_3_fin,Fin de saison (Septembre-Octobre),2012,9,28,272,26.281423923358247,2.8331694069819235,338.085205078125
-14.125,13.625,2012-09-28,2012-09-28_005_013,23.657512664794922,2.4239702224731445,5.212038516998291,True,True,forte,très humide,Tambacounda,Zone soudano-sahélienne,Phase_3_fin,Fin de saison (Septembre-Octobre),2012,9,28,272,23.66074367504024,2.4247721541467024,365.13201904296875
-13.875,13.625,2012-09-28,2012-09-28_005_014,30.971336364746094,3.390275001525879,5.2743821144104,True,True,forte,exceptionelle,Tambacounda,Zone soudano-sahélienne,Phase_3_fin,Fin de saison (Septembre-Octobre),2012,9,28,272,30.98596267604349,3.395122964178497,392.1788635253906
-13.625,13.625,2012-09-28,2012-09-28_005_015,32.216148376464844,3.463042736053467,5.2262983322143555,True,True,forte,exceptionelle,Tambacounda,Zone soudano-sahélienne,Phase_3_fin,Fin de saison (Septembre-Octobre),2012,9,28,272,32.229646653985256,3.464768221629924,419.22564697265625
-13.375,13.625,2012-09-28,2012-09-28_005_016,34.63734436035156,3.821322441101074,5.152093887329102,True,True,forte,exceptionelle,Tambacounda,Zone soudano-sahélienne,Phase_3_fin,Fin de saison (Septembre-Octobre),2012,9,28,272,34.66318615477288,3.821905001923067,446.2724914550781
-13.125,13.625,2012-09-28,2012-09-28_005_017,33.496177673339844,3.9910144805908203,4.945991516113281,True,True,forte,exceptionelle,Tambacounda,Zone soudano-sahélienne,Phase_3_fin,Fin de saison (Septembre-Octobre),2012,9,28,272,33.502137725676725,3.994981457839659,473.3193054199219
-12.875,13.625,2012-09-28,2012-09-28_005_018,26.258983612060547,3.4320828914642334,4.248811721801758,True,True,forte,exceptionelle,Tambacounda,Zone soudano-sahélienne,Phase_3_fin,Fin de saison (Septembre-Octobre),2012,9,28,272,26.259236589748056,3.4338898431116616,500.3660888671875
-12.625,13.625,2012-09-28,2012-09-28_005_019,32.88639831542969,4.1472859382629395,4.109182357788086,True,True,forte,exceptionelle,Tambacounda,Zone soudano-sahélienne,Phase_3_fin,Fin de saison (Septembre-Octobre),2012,9,28,272,32.889148347940875,4.1478319635343315,527.4129028320312
-12.375,13.625,2012-09-28,2012-09-28_005_020,26.890405654907227,3.7688090801239014,3.8751702308654785,True,True,forte,exceptionelle,Tambacounda,Zone soudano-sahélienne,Phase_3_fin,Fin de saison (Septembre-Octobre),2012,9,28,272,26.922412948991784,3.7712830329061147,554.4597778320312
-12.125,13.625,2012-09-28,2012-09-28_005_021,23.184097290039062,3.3585262298583984,3.660637855529785,True,True,forte,exceptionelle,Tambacounda,Zone soudano-sahélienne,Phase_3_fin,Fin de saison (Septembre-Octobre),2012,9,28,272,23.202773386509573,3.3635207252885824,581.5065307617188
-11.875,13.625,2012-09-28,2012-09-28_005_022,23.665353775024414,3.2329347133636475,3.6501502990722656,True,True,forte,exceptionelle,Tambacounda,Zone soudano-sahélienne,Phase_3_fin,Fin de saison (Septembre-Octobre),2012,9,28,272,23.712878960460877,3.235872174028176,608.5533447265625
-11.625,13.625,2012-09-28,2012-09-28_005_023,18.654273986816406,2.4090845584869385,3.742119073867798,True,False,modérée,très humide,Tambacounda,Zone soudano-sahélienne,Phase_3_fin,Fin de saison (Septembre-Octobre),2012,9,28,272,18.65733356571677,2.4209781292095855,635.6002197265625
-11.375,13.625,2012-09-28,2012-09-28_005_024,16.456008911132812,2.2889318466186523,3.536194086074829,True,False,modérée,très humide,Kédougou,Zone soudano-sahélienne,Phase_3_fin,Fin de saison (Septembre-Octobre),2012,9,28,272,16.460870805098185,2.2919956212067722,662.6470336914062
-16.625,13.875,2012-09-28,2012-09-28_006_003,35.50783157348633,3.2994132041931152,5.076994895935059,True,True,forte,exceptionelle,Fatick,Zone soudano-sahélienne,Phase_3_fin,Fin de saison (Septembre-Octobre),2012,9,28,272,35.53885368845571,3.299655175089237,94.56283569335938
-16.375,13.875,2012-09-28,2012-09-28_006_004,27.483739852905273,2.991541624069214,4.535089492797852,True,True,forte,très humide,Fatick,Zone soudano-sahélienne,Phase_3_fin,Fin de saison (Septembre-Octobre),2012,9,28,272,27.491355277785107,2.9967443062432446,121.58079528808594
-16.125,13.875,2012-09-28,2012-09-28_006_005,15.120845794677734,2.0159268379211426,3.2887630462646484,True,False,modérée,très humide,Fatick,Zone soudano-sahélienne,Phase_3_fin,Fin de saison (Septembre-Octobre),2012,9,28,272,15.159672420827588,2.0175704315080116,148.5987548828125
-15.875,13.875,2012-09-28,2012-09-28_006_006,21.320907592773438,2.500781297683716,3.9705147743225098,True,True,forte,très humide,Kaolack,Zone soudano-sahélienne,Phase_3_fin,Fin de saison (Septembre-Octobre),2012,9,28,272,21.351380242774233,2.5020570018183648,175.61669921875
-15.625,13.875,2012-09-28,2012-09-28_006_007,27.57568359375,3.264822006225586,4.073774814605713,True,True,forte,exceptionelle,Kaolack,Zone soudano-sahélienne,Phase_3_fin,Fin de saison (Septembre-Octobre),2012,9,28,272,27.58445030480773,3.2674797959064117,202.63465881347656
-15.375,13.875,2012-09-28,2012-09-28_006_008,24.622495651245117,2.6501872539520264,4.483179569244385,True,True,forte,très humide,Kaffrine,Zone soudano-sahélienne,Phase_3_fin,Fin de saison (Septembre-Octobre),2012,9,28,272,24.647518728246638,2.6649361147952435,229.65260314941406
-15.125,13.875,2012-09-28,2012-09-28_006_009,20.234331130981445,2.06925368309021,4.468313694000244,True,True,forte,très humide,Kaffrine,Zone soudano-sahélienne,Phase_3_fin,Fin de saison (Septembre-Octobre),2012,9,28,272,20.25816130039081,2.0805232273274332,256.6705627441406
-14.875,13.875,2012-09-28,2012-09-28_006_010,26.490800857543945,2.911137819290161,4.488774299621582,True,True,forte,très humide,Kaffrine,Zone soudano-sahélienne,Phase_3_fin,Fin de saison (Septembre-Octobre),2012,9,28,272,26.5066011658865,2.9123072624206543,283.6885070800781
-14.625,13.875,2012-09-28,2012-09-28_006_011,28.762958526611328,3.54400897026062,4.356204986572266,True,True,forte,exceptionelle,Kaffrine,Zone soudano-sahélienne,Phase_3_fin,Fin de saison (Septembre-Octobre),2012,9,28,272,28.794328564974535,3.5449970295680826,310.70648193359375
-14.375,13.875,2012-09-28,2012-09-28_006_012,29.54277992248535,4.088376522064209,4.125542163848877,True,True,forte,exceptionelle,Tambacounda,Zone soudano-sahélienne,Phase_3_fin,Fin de saison (Septembre-Octobre),2012,9,28,272,29.55066170524712,4.088733555683539,337.72442626953125
-14.125,13.875,2012-09-28,2012-09-28_006_013,26.402013778686523,3.170321464538574,4.370684623718262,True,True,forte,exceptionelle,Tambacounda,Zone soudano-sahélienne,Phase_3_fin,Fin de saison (Septembre-Octobre),2012,9,28,272,26.424322089957233,3.1728690545163563,364.74237060546875
-13.875,13.875,2012-09-28,2012-09-28_006_014,33.21222686767578,3.8239572048187256,4.483448028564453,True,True,forte,exceptionelle,Tambacounda,Zone soudano-sahélienne,Phase_3_fin,Fin de saison (Septembre-Octobre),2012,9,28,272,33.220648137768315,3.8245732754319155,391.7603454589844
-13.625,13.875,2012-09-28,2012-09-28_006_015,36.668888092041016,4.499505043029785,4.323040962219238,True,True,forte,exceptionelle,Tambacounda,Zone soudano-sahélienne,Phase_3_fin,Fin de saison (Septembre-Octobre),2012,9,28,272,36.668921063293766,4.500035388984872,418.7782897949219
-13.375,13.875,2012-09-28,2012-09-28_006_016,32.932003021240234,4.220569133758545,4.424949645996094,True,True,forte,exceptionelle,Tambacounda,Zone soudano-sahélienne,Phase_3_fin,Fin de saison (Septembre-Octobre),2012,9,28,272,32.94233957606943,4.223409295681134,445.7962341308594
-13.125,13.875,2012-09-28,2012-09-28_006_017,35.32301330566406,4.4741291999816895,4.484715461730957,True,True,forte,exceptionelle,Tambacounda,Zone soudano-sahélienne,Phase_3_fin,Fin de saison (Septembre-Octobre),2012,9,28,272,35.3291128340678,4.474382287892864,472.8141784667969
-12.875,13.875,2012-09-28,2012-09-28_006_018,38.481056213378906,4.5754804611206055,4.379068851470947,True,True,forte,exceptionelle,Tambacounda,Zone soudano-sahélienne,Phase_3_fin,Fin de saison (Septembre-Octobre),2012,9,28,272,38.49014961779417,4.5756771768157805,499.8321228027344
-12.625,13.875,2012-09-28,2012-09-28_006_019,41.33127975463867,5.079472541809082,3.8001108169555664,True,True,forte,exceptionelle,Tambacounda,Zone soudano-sahélienne,Phase_3_fin,Fin de saison (Septembre-Octobre),2012,9,28,272,41.33866348458288,5.079472541809082,526.85009765625
-12.375,13.875,2012-09-28,2012-09-28_006_020,31.403173446655273,4.510614395141602,3.3199708461761475,True,True,forte,exceptionelle,Tambacounda,Zone soudano-sahélienne,Phase_3_fin,Fin de saison (Septembre-Octobre),2012,9,28,272,31.408578105907345,4.511722301118937,553.8680419921875
-12.125,13.875,2012-09-28,2012-09-28_006_021,27.097671508789062,4.1313300132751465,2.8991215229034424,True,True,forte,exceptionelle,Tambacounda,Zone soudano-sahélienne,Phase_3_fin,Fin de saison (Septembre-Octobre),2012,9,28,272,27.135288871113374,4.131875350846717,580.885986328125
-11.875,13.875,2012-09-28,2012-09-28_006_022,26.869243621826172,3.8587863445281982,3.3088104724884033,True,True,forte,exceptionelle,Tambacounda,Zone soudano-sahélienne,Phase_3_fin,Fin de saison (Septembre-Octobre),2012,9,28,272,26.874135348066012,3.8612015367153303,607.9039306640625
-11.625,13.875,2012-09-28,2012-09-28_006_023,25.522356033325195,3.3008272647857666,3.644325017929077,True,True,forte,exceptionelle,Tambacounda,Zone soudano-sahélienne,Phase_3_fin,Fin de saison (Septembre-Octobre),2012,9,28,272,25.527318106224786,3.3050369042247985,634.9219360351562
-11.375,13.875,2012-09-28,2012-09-28_006_024,23.94208526611328,3.6417930126190186,3.064344644546509,True,True,forte,exceptionelle,Kédougou,Zone soudano-sahélienne,Phase_3_fin,Fin de saison (Septembre-Octobre),2012,9,28,272,23.955219172952162,3.6429486837818397,661.9398803710938
-16.625,14.125,2012-09-28,2012-09-28_007_003,24.579174041748047,2.552687406539917,4.005939483642578,True,True,forte,très humide,Fatick,Zone soudano-sahélienne,Phase_3_fin,Fin de saison (Septembre-Octobre),2012,9,28,272,24.589782896952414,2.5548824335462483,94.46001434326172
-16.375,14.125,2012-09-28,2012-09-28_007_004,30.19692611694336,3.0018434524536133,4.376070976257324,True,True,forte,exceptionelle,Fatick,Zone soudano-sahélienne,Phase_3_fin,Fin de saison (Septembre-Octobre),2012,9,28,272,30.217344542843612,3.002860026143903,121.44859313964844
-16.125,14.125,2012-09-28,2012-09-28_007_005,15.794585227966309,1.556130290031433,4.113204479217529,False,False,modérée,humide,Fatick,Zone soudano-sahélienne,Phase_3_fin,Fin de saison (Septembre-Octobre),2012,9,28,272,15.802920243248868,1.5733528664363687,148.4371795654297
-15.875,14.125,2012-09-28,2012-09-28_007_006,22.41864585876465,2.473048686981201,4.02571964263916,True,True,forte,très humide,Kaolack,Zone soudano-sahélienne,Phase_3_fin,Fin de saison (Septembre-Octobre),2012,9,28,272,22.42291692034084,2.4795458328783813,175.42575073242188
-15.625,14.125,2012-09-28,2012-09-28_007_007,27.319658279418945,2.8999955654144287,4.445868015289307,True,True,forte,très humide,Kaolack,Zone soudano-sahélienne,Phase_3_fin,Fin de saison (Septembre-Octobre),2012,9,28,272,27.325336715084823,2.900804986905812,202.41433715820312
-15.375,14.125,2012-09-28,2012-09-28_007_008,30.774526596069336,3.086137533187866,4.668327808380127,True,True,forte,exceptionelle,Kaffrine,Zone soudano-sahélienne,Phase_3_fin,Fin de saison (Septembre-Octobre),2012,9,28,272,30.777976299650106,3.090347825582303,229.40289306640625
-15.125,14.125,2012-09-28,2012-09-28_007_009,21.845155715942383,2.430849552154541,4.157647132873535,True,True,forte,très humide,Kaffrine,Zone soudano-sahélienne,Phase_3_fin,Fin de saison (Septembre-Octobre),2012,9,28,272,21.848196355541745,2.442528078903505,256.3914794921875
-14.875,14.125,2012-09-28,2012-09-28_007_010,19.521818161010742,2.3710501194000244,3.757718563079834,True,False,modérée,très humide,Kaffrine,Zone soudano-sahélienne,Phase_3_fin,Fin de saison (Septembre-Octobre),2012,9,28,272,19.591534341399996,2.3714988237649353,283.38006591796875
-14.625,14.125,2012-09-28,2012-09-28_007_011,23.487585067749023,3.286404848098755,3.7294797897338867,True,True,forte,exceptionelle,Kaffrine,Zone soudano-sahélienne,Phase_3_fin,Fin de saison (Septembre-Octobre),2012,9,28,272,23.488041043880596,3.290868721415649,310.36865234375
-14.375,14.125,2012-09-28,2012-09-28_007_012,22.969003677368164,4.151721000671387,2.941981554031372,True,True,forte,exceptionelle,Tambacounda,Zone soudano-sahélienne,Phase_3_fin,Fin de saison (Septembre-Octobre),2012,9,28,272,22.970816041955995,4.155830522278446,337.3572082519531
-14.125,14.125,2012-09-28,2012-09-28_007_013,22.820423126220703,3.8453471660614014,3.128242015838623,True,True,forte,exceptionelle,Tambacounda,Zone soudano-sahélienne,Phase_3_fin,Fin de saison (Septembre-Octobre),2012,9,28,272,22.826788782474384,3.8462598347783685,364.34576416015625
-13.875,14.125,2012-09-28,2012-09-28_007_014,27.7590389251709,3.985311508178711,3.635484218597412,True,True,forte,exceptionelle,Tambacounda,Zone soudano-sahélienne,Phase_3_fin,Fin de saison (Septembre-Octobre),2012,9,28,272,27.762827647990317,3.9863145435275746,391.3343811035156
-13.625,14.125,2012-09-28,2012-09-28_007_015,35.49641418457031,4.710653781890869,3.785541534423828,True,True,forte,exceptionelle,Tambacounda,Zone soudano-sahélienne,Phase_3_fin,Fin de saison (Septembre-Octobre),2012,9,28,272,35.49678711435902,4.710951565498084,418.32293701171875
-13.375,14.125,2012-09-28,2012-09-28_007_016,27.366344451904297,4.332287311553955,3.2882449626922607,True,True,forte,exceptionelle,Tambacounda,Zone soudano-sahélienne,Phase_3_fin,Fin de saison (Septembre-Octobre),2012,9,28,272,27.372048823677716,4.332509710561091,445.3115234375
-13.125,14.125,2012-09-28,2012-09-28_007_017,26.3852481842041,4.281768321990967,3.1318345069885254,True,True,forte,exceptionelle,Tambacounda,Zone soudano-sahélienne,Phase_3_fin,Fin de saison (Septembre-Octobre),2012,9,28,272,26.389502769738588,4.284284392792975,472.3000793457031
-12.875,14.125,2012-09-28,2012-09-28_007_018,29.006677627563477,4.582728385925293,3.155229330062866,True,True,forte,exceptionelle,Tambacounda,Zone soudano-sahélienne,Phase_3_fin,Fin de saison (Septembre-Octobre),2012,9,28,272,29.082109106245927,4.585307763449512,499.2886657714844
-12.625,14.125,2012-09-28,2012-09-28_007_019,34.34236145019531,4.885805130004883,3.0276618003845215,True,True,forte,exceptionelle,Tambacounda,Zone soudano-sahélienne,Phase_3_fin,Fin de saison (Septembre-Octobre),2012,9,28,272,34.34247958120988,4.885994325331108,526.2772216796875
-12.375,14.125,2012-09-28,2012-09-28_007_020,33.62102508544922,4.722505569458008,3.1210968494415283,True,True,forte,exceptionelle,Tambacounda,Zone soudano-sahélienne,Phase_3_fin,Fin de saison (Septembre-Octobre),2012,9,28,272,33.65364833812617,4.723206167844073,553.2658081054688
-12.125,14.125,2012-09-28,2012-09-28_007_021,32.670196533203125,4.379811763763428,3.1049513816833496,True,True,forte,exceptionelle,Tambacounda,Zone soudano-sahélienne,Phase_3_fin,Fin de saison (Septembre-Octobre),2012,9,28,272,32.683777047162074,4.381491788068608,580.25439453125
-11.875,14.125,2012-09-28,2012-09-28_007_022,31.676189422607422,4.065428256988525,3.391521453857422,True,True,forte,exceptionelle,Tambacounda,Zone soudano-sahélienne,Phase_3_fin,Fin de saison (Septembre-Octobre),2012,9,28,272,31.691798214936384,4.0655667913619,607.2429809570312
-11.625,14.125,2012-09-28,2012-09-28_007_023,29.72420883178711,3.8708019256591797,3.6101715564727783,True,True,forte,exceptionelle,Tambacounda,Zone soudano-sahélienne,Phase_3_fin,Fin de saison (Septembre-Octobre),2012,9,28,272,29.739138483402122,3.8773409122198688,634.2315673828125
-11.375,14.125,2012-09-28,2012-09-28_007_024,23.97559356689453,3.9776856899261475,2.9257473945617676,True,True,forte,exceptionelle,Kédougou,Zone soudano-sahélienne,Phase_3_fin,Fin de saison (Septembre-Octobre),2012,9,28,272,23.976027368900166,3.9781884104762244,661.2201538085938
-16.875,14.375,2012-09-28,2012-09-28_008_002,21.175220489501953,2.4864296913146973,3.3348212242126465,True,True,forte,très humide,Thiès,Zone soudano-sahélienne,Phase_3_fin,Fin de saison (Septembre-Octobre),2012,9,28,272,21.196523752643834,2.4882063003041637,67.39671325683594
-16.625,14.375,2012-09-28,2012-09-28_008_003,21.246572494506836,2.4526162147521973,3.335385799407959,True,True,forte,très humide,Fatick,Zone soudano-sahélienne,Phase_3_fin,Fin de saison (Septembre-Octobre),2012,9,28,272,21.26919609338195,2.457715840794932,94.35540008544922
-16.375,14.375,2012-09-28,2012-09-28_008_004,20.277915954589844,2.5557103157043457,3.1219465732574463,True,True,forte,très humide,Diourbel,Zone soudano-sahélienne,Phase_3_fin,Fin de saison (Septembre-Octobre),2012,9,28,272,20.290223557745392,2.5627860423907562,121.31409454345703
-16.125,14.375,2012-09-28,2012-09-28_008_005,18.60205841064453,2.054776906967163,3.780468225479126,True,False,modérée,très humide,Diourbel,Zone soudano-sahélienne,Phase_3_fin,Fin de saison (Septembre-Octobre),2012,9,28,272,18.639448961420875,2.0584777899123914,148.2727813720703
-15.875,14.375,2012-09-28,2012-09-28_008_006,16.556459426879883,1.72171151638031,3.9928653240203857,False,False,modérée,humide,Diourbel,Zone soudano-sahélienne,Phase_3_fin,Fin de saison (Septembre-Octobre),2012,9,28,272,16.562812421789122,1.7826170187499655,175.23147583007812
-15.625,14.375,2012-09-28,2012-09-28_008_007,16.590757369995117,1.670097827911377,4.16636323928833,False,False,modérée,humide,Kaolack,Zone soudano-sahélienne,Phase_3_fin,Fin de saison (Septembre-Octobre),2012,9,28,272,16.653341168734297,1.6907105433880985,202.19015502929688
-15.375,14.375,2012-09-28,2012-09-28_008_008,25.39072036743164,2.7348406314849854,4.121962070465088,True,True,forte,très humide,Kaffrine,Zone soudano-sahélienne,Phase_3_fin,Fin de saison (Septembre-Octobre),2012,9,28,272,25.40005921598655,2.7417857682884637,229.14883422851562
-15.125,14.375,2012-09-28,2012-09-28_008_009,19.281557083129883,2.2786238193511963,3.686910629272461,True,False,modérée,très humide,Kaffrine,Zone soudano-sahélienne,Phase_3_fin,Fin de saison (Septembre-Octobre),2012,9,28,272,19.294609242348216,2.2821858420443895,256.1075439453125
-14.875,14.375,2012-09-28,2012-09-28_008_010,17.951095581054688,2.523777484893799,3.2433834075927734,True,False,modérée,très humide,Kaffrine,Zone soudano-sahélienne,Phase_3_fin,Fin de saison (Septembre-Octobre),2012,9,28,272,17.965607053670453,2.52570331755595,283.06622314453125
-14.625,14.375,2012-09-28,2012-09-28_008_011,18.735820770263672,2.845336675643921,3.0306010246276855,True,False,modérée,très humide,Kaffrine,Zone soudano-sahélienne,Phase_3_fin,Fin de saison (Septembre-Octobre),2012,9,28,272,18.764104354321656,2.847968952739658,310.02490234375
-14.375,14.375,2012-09-28,2012-09-28_008_012,20.889816284179688,3.6063954830169678,2.995049476623535,True,True,forte,exceptionelle,Tambacounda,Zone soudano-sahélienne,Phase_3_fin,Fin de saison (Septembre-Octobre),2012,9,28,272,20.94594217425016,3.609238085435264,336.98358154296875
-14.125,14.375,2012-09-28,2012-09-28_008_013,22.929777145385742,4.446229934692383,2.7455132007598877,True,True,forte,exceptionelle,Tambacounda,Zone soudano-sahélienne,Phase_3_fin,Fin de saison (Septembre-Octobre),2012,9,28,272,22.93529994523705,4.446233068878327,363.9422607421875
-13.875,14.375,2012-09-28,2012-09-28_008_014,26.000202178955078,4.441445350646973,2.98745059967041,True,True,forte,exceptionelle,Tambacounda,Zone soudano-sahélienne,Phase_3_fin,Fin de saison (Septembre-Octobre),2012,9,28,272,26.004249745277903,4.441745889845805,390.9009704589844
-13.625,14.375,2012-09-28,2012-09-28_008_015,25.262983322143555,4.066317558288574,3.142143487930298,True,True,forte,exceptionelle,Tambacounda,Zone soudano-sahélienne,Phase_3_fin,Fin de saison (Septembre-Octobre),2012,9,28,272,25.299283042025923,4.06646204354176,417.8596496582031
-13.375,14.375,2012-09-28,2012-09-28_008_016,23.976707458496094,4.067260265350342,3.086198329925537,True,True,forte,exceptionelle,Tambacounda,Zone soudano-sahélienne,Phase_3_fin,Fin de saison (Septembre-Octobre),2012,9,28,272,23.988918726168684,4.07028417970667,444.8183288574219
-13.125,14.375,2012-09-28,2012-09-28_008_017,25.203170776367188,4.430853843688965,2.695706367492676,True,True,forte,exceptionelle,Tambacounda,Zone soudano-sahélienne,Phase_3_fin,Fin de saison (Septembre-Octobre),2012,9,28,272,25.210200007836423,4.431392668479651,471.7770080566406
-12.875,14.375,2012-09-28,2012-09-28_008_018,27.621593475341797,4.33467960357666,2.931394338607788,True,True,forte,exceptionelle,Tambacounda,Zone soudano-sahélienne,Phase_3_fin,Fin de saison (Septembre-Octobre),2012,9,28,272,27.621681534465235,4.336181726886998,498.7356872558594
-12.625,14.375,2012-09-28,2012-09-28_008_019,26.35980987548828,4.016228199005127,3.008857488632202,True,True,forte,exceptionelle,Tambacounda,Zone soudano-sahélienne,Phase_3_fin,Fin de saison (Septembre-Octobre),2012,9,28,272,26.363824901868348,4.017018231914271,525.6943969726562
-12.375,14.375,2012-09-28,2012-09-28_008_020,26.5543212890625,4.135585784912109,2.77529239654541,True,True,forte,exceptionelle,Tambacounda,Zone soudano-sahélienne,Phase_3_fin,Fin de saison (Septembre-Octobre),2012,9,28,272,26.592004958109634,4.13705565342352,552.653076171875
-12.125,14.375,2012-09-28,2012-09-28_008_021,26.70736312866211,4.055125713348389,2.727459192276001,True,True,forte,exceptionelle,Tambacounda,Zone soudano-sahélienne,Phase_3_fin,Fin de saison (Septembre-Octobre),2012,9,28,272,26.71176159921004,4.056756517994943,579.6117553710938
-11.875,14.375,2012-09-28,2012-09-28_008_022,28.518171310424805,4.020921230316162,3.159947633743286,True,True,forte,exceptionelle,Tambacounda,Zone soudano-sahélienne,Phase_3_fin,Fin de saison (Septembre-Octobre),2012,9,28,272,28.519729393810483,4.023458857033121,606.5704345703125
-11.625,14.375,2012-09-28,2012-09-28_008_023,25.170978546142578,3.9826037883758545,2.8849594593048096,True,True,forte,exceptionelle,Tambacounda,Zone soudano-sahélienne,Phase_3_fin,Fin de saison (Septembre-Octobre),2012,9,28,272,25.181250941214252,3.9830868238180726,633.5291748046875
-11.375,14.375,2012-09-28,2012-09-28_008_024,21.751169204711914,3.8571743965148926,2.7553603649139404,True,True,forte,exceptionelle,Kédougou,Zone soudano-sahélienne,Phase_3_fin,Fin de saison (Septembre-Octobre),2012,9,28,272,21.770752441942992,3.857502456286445,660.4878540039062
-17.125,14.625,2012-09-28,2012-09-28_009_001,27.030393600463867,2.884462594985962,3.6366350650787354,True,True,forte,très humide,Dakar,Zone soudano-sahélienne,Phase_3_fin,Fin de saison (Septembre-Octobre),2012,9,28,272,27.037462771238395,2.890751324706341,40.39242172241211
-16.875,14.625,2012-09-28,2012-09-28_009_002,20.830760955810547,2.0327417850494385,3.9742271900177,True,True,forte,très humide,Thiès,Zone soudano-sahélienne,Phase_3_fin,Fin de saison (Septembre-Octobre),2012,9,28,272,20.84534582780234,2.0349408723601146,67.3207015991211
-16.625,14.625,2012-09-28,2012-09-28_009_003,18.40114402770996,1.9152964353561401,3.7108206748962402,False,False,modérée,humide,Thiès,Zone soudano-sahélienne,Phase_3_fin,Fin de saison (Septembre-Octobre),2012,9,28,272,18.40409911936851,1.9245843830420144,94.24898529052734
-16.375,14.625,2012-09-28,2012-09-28_009_004,24.423751831054688,2.966078519821167,3.466068983078003,True,True,forte,très humide,Diourbel,Zone soudano-sahélienne,Phase_3_fin,Fin de saison (Septembre-Octobre),2012,9,28,272,24.434659152773754,2.96698759488724,121.17727661132812
-16.125,14.625,2012-09-28,2012-09-28_009_005,25.12814712524414,2.864753246307373,3.586984634399414,True,True,forte,très humide,Diourbel,Zone soudano-sahélienne,Phase_3_fin,Fin de saison (Septembre-Octobre),2012,9,28,272,25.141922054578313,2.8721738903965783,148.10556030273438
-15.875,14.625,2012-09-28,2012-09-28_009_006,23.781396865844727,2.729771375656128,3.663954973220825,True,True,forte,très humide,Diourbel,Zone soudano-sahélienne,Phase_3_fin,Fin de saison (Septembre-Octobre),2012,9,28,272,23.786963352605927,2.730735473297349,175.03384399414062
-15.625,14.625,2012-09-28,2012-09-28_009_007,17.299030303955078,1.636965274810791,4.1749348640441895,False,False,modérée,humide,Kaffrine,Zone soudano-sahélienne,Phase_3_fin,Fin de saison (Septembre-Octobre),2012,9,28,272,17.299864936713597,1.6371390552976024,201.96212768554688
-15.375,14.625,2012-09-28,2012-09-28_009_008,15.978087425231934,1.5737061500549316,3.866361141204834,False,False,modérée,humide,Kaffrine,Zone soudano-sahélienne,Phase_3_fin,Fin de saison (Septembre-Octobre),2012,9,28,272,16.112634637247975,1.5835414127488832,228.89039611816406
-15.125,14.625,2012-09-28,2012-09-28_009_009,20.59027099609375,2.6328988075256348,3.3201591968536377,True,True,forte,très humide,Kaffrine,Zone soudano-sahélienne,Phase_3_fin,Fin de saison (Septembre-Octobre),2012,9,28,272,20.633969062536806,2.6342751464652054,255.81869506835938
-14.875,14.625,2012-09-28,2012-09-28_009_010,23.799087524414062,3.4043054580688477,3.1663849353790283,True,True,forte,exceptionelle,Kaffrine,Zone soudano-sahélienne,Phase_3_fin,Fin de saison (Septembre-Octobre),2012,9,28,272,23.824153344235825,3.4102968330958383,282.7469787597656
-14.625,14.625,2012-09-28,2012-09-28_009_011,20.46363067626953,2.8054428100585938,3.5069260597229004,True,True,forte,très humide,Kaffrine,Zone soudano-sahélienne,Phase_3_fin,Fin de saison (Septembre-Octobre),2012,9,28,272,20.516942120077623,2.8171021578898983,309.6752624511719
-14.375,14.625,2012-09-28,2012-09-28_009_012,20.792469024658203,3.19223952293396,3.1206071376800537,True,True,forte,exceptionelle,Tambacounda,Zone soudano-sahélienne,Phase_3_fin,Fin de saison (Septembre-Octobre),2012,9,28,272,20.814886160232316,3.1926147176991755,336.6035461425781
-14.125,14.625,2012-09-28,2012-09-28_009_013,27.365951538085938,4.753487586975098,2.788187026977539,True,True,forte,exceptionelle,Tambacounda,Zone soudano-sahélienne,Phase_3_fin,Fin de saison (Septembre-Octobre),2012,9,28,272,27.366033477399817,4.754614302860432,363.53179931640625
-13.875,14.625,2012-09-28,2012-09-28_009_014,25.965229034423828,4.95048189163208,2.3566479682922363,True,True,forte,exceptionelle,Tambacounda,Zone soudano-sahélienne,Phase_3_fin,Fin de saison (Septembre-Octobre),2012,9,28,272,25.975158595559584,4.951408870256126,390.4601135253906
-13.625,14.625,2012-09-28,2012-09-28_009_015,24.53814125061035,5.073461055755615,2.219635248184204,True,True,forte,exceptionelle,Tambacounda,Zone soudano-sahélienne,Phase_3_fin,Fin de saison (Septembre-Octobre),2012,9,28,272,24.544575485152816,5.073486872054824,417.38836669921875
-13.375,14.625,2012-09-28,2012-09-28_009_016,21.63448715209961,4.580373764038086,2.4011425971984863,True,True,forte,exceptionelle,Tambacounda,Zone soudano-sahélienne,Phase_3_fin,Fin de saison (Septembre-Octobre),2012,9,28,272,21.635857701900616,4.5804625060690105,444.3166809082031
-13.125,14.625,2012-09-28,2012-09-28_009_017,22.325239181518555,4.359585762023926,2.398040533065796,True,True,forte,exceptionelle,Tambacounda,Zone soudano-sahélienne,Phase_3_fin,Fin de saison (Septembre-Octobre),2012,9,28,272,22.35648536682129,4.360747768651301,471.24493408203125
-12.875,14.625,2012-09-28,2012-09-28_009_018,28.019880294799805,4.703172206878662,2.461841106414795,True,True,forte,exceptionelle,Tambacounda,Zone soudano-sahélienne,Phase_3_fin,Fin de saison (Septembre-Octobre),2012,9,28,272,28.030072236180906,4.703378984077492,498.1732177734375
-12.625,14.625,2012-09-28,2012-09-28_009_019,23.795072555541992,3.8062877655029297,2.6668405532836914,True,True,forte,exceptionelle,Tambacounda,Zone soudano-sahélienne,Phase_3_fin,Fin de saison (Septembre-Octobre),2012,9,28,272,23.796696701241498,3.8096497909507567,525.1015014648438
-12.375,14.625,2012-09-28,2012-09-28_009_020,20.376834869384766,3.547286033630371,2.3979504108428955,True,True,forte,exceptionelle,Tambacounda,Zone soudano-sahélienne,Phase_3_fin,Fin de saison (Septembre-Octobre),2012,9,28,272,20.389086143455312,3.5556324073417693,552.02978515625
-12.125,14.625,2012-09-28,2012-09-28_009_021,19.23377799987793,3.757408857345581,2.105013847351074,True,False,modérée,exceptionelle,Tambacounda,Zone soudano-sahélienne,Phase_3_fin,Fin de saison (Septembre-Octobre),2012,9,28,272,19.263303871729864,3.7574539861487386,578.9580688476562
-11.875,14.625,2012-09-28,2012-09-28_009_022,23.249675750732422,3.7398741245269775,2.763197422027588,True,True,forte,exceptionelle,Tambacounda,Zone soudano-sahélienne,Phase_3_fin,Fin de saison (Septembre-Octobre),2012,9,28,272,23.29086261538405,3.741874592987137,605.8863525390625
-11.625,14.625,2012-09-28,2012-09-28_009_023,20.988256454467773,3.798970937728882,2.571547508239746,True,True,forte,exceptionelle,Tambacounda,Zone soudano-sahélienne,Phase_3_fin,Fin de saison (Septembre-Octobre),2012,9,28,272,20.99686108881505,3.7991805939219105,632.8146362304688
-11.375,14.625,2012-09-28,2012-09-28_009_024,17.90424156188965,3.6165878772735596,2.3095271587371826,True,False,modérée,exceptionelle,Matam,Zone soudano-sahélienne,Phase_3_fin,Fin de saison (Septembre-Octobre),2012,9,28,272,17.93979410909528,3.6211195794781244,659.742919921875
-17.125,14.875,2012-09-28,2012-09-28_010_001,28.613981246948242,2.940171957015991,3.866013526916504,True,True,forte,très humide,Thiès,Zone soudano-sahélienne,Phase_3_fin,Fin de saison (Septembre-Octobre),2012,9,28,272,28.631976348071834,2.9538412489483705,40.346046447753906
-16.875,14.875,2012-09-28,2012-09-28_010_002,20.788236618041992,2.206503391265869,3.7469322681427,True,True,forte,très humide,Thiès,Zone soudano-sahélienne,Phase_3_fin,Fin de saison (Septembre-Octobre),2012,9,28,272,20.790725017911825,2.2089088070931746,67.24341583251953
-16.625,14.875,2012-09-28,2012-09-28_010_003,21.788461685180664,2.481417179107666,3.644289493560791,True,True,forte,très humide,Thiès,Zone soudano-sahélienne,Phase_3_fin,Fin de saison (Septembre-Octobre),2012,9,28,272,21.81645297524917,2.4833338152823137,94.14077758789062
-16.375,14.875,2012-09-28,2012-09-28_010_004,26.81918716430664,3.128763198852539,3.622652530670166,True,True,forte,exceptionelle,Diourbel,Zone soudano-sahélienne,Phase_3_fin,Fin de saison (Septembre-Octobre),2012,9,28,272,26.824685714951713,3.128966671737594,121.03814697265625
-16.125,14.875,2012-09-28,2012-09-28_010_005,30.434640884399414,3.271474838256836,3.8146588802337646,True,True,forte,exceptionelle,Diourbel,Zone soudano-sahélienne,Phase_3_fin,Fin de saison (Septembre-Octobre),2012,9,28,272,30.46713819455861,3.2774018270885525,147.93551635742188
-15.875,14.875,2012-09-28,2012-09-28_010_006,28.0053653717041,2.9285104274749756,3.8795669078826904,True,True,forte,très humide,Diourbel,Zone soudano-sahélienne,Phase_3_fin,Fin de saison (Septembre-Octobre),2012,9,28,272,28.007808838657397,2.9346927961512423,174.8328857421875
-15.625,14.875,2012-09-28,2012-09-28_010_007,18.421436309814453,1.938145637512207,3.5345537662506104,False,False,modérée,humide,Diourbel,Zone soudano-sahélienne,Phase_3_fin,Fin de saison (Septembre-Octobre),2012,9,28,272,18.447287041937287,1.9487883852953887,201.73025512695312
-15.375,14.875,2012-09-28,2012-09-28_010_008,16.186262130737305,1.836658000946045,3.335700511932373,False,False,modérée,humide,Kaffrine,Zone soudano-sahélienne,Phase_3_fin,Fin de saison (Septembre-Octobre),2012,9,28,272,16.234847691789945,1.8753327754274685,228.6276092529297
-15.125,14.875,2012-09-28,2012-09-28_010_009,22.703279495239258,3.048093557357788,3.0249199867248535,True,True,forte,exceptionelle,Kaffrine,Zone soudano-sahélienne,Phase_3_fin,Fin de saison (Septembre-Octobre),2012,9,28,272,22.71727678883615,3.0495916970411137,255.52499389648438
-14.875,14.875,2012-09-28,2012-09-28_010_010,23.010679244995117,3.49426531791687,3.040393114089966,True,True,forte,exceptionelle,Kaffrine,Zone soudano-sahélienne,Phase_3_fin,Fin de saison (Septembre-Octobre),2012,9,28,272,23.033153313488217,3.4949483296379973,282.4223327636719
-14.625,14.875,2012-09-28,2012-09-28_010_011,22.834117889404297,3.300034523010254,3.20169997215271,True,True,forte,exceptionelle,Kaffrine,Zone soudano-sahélienne,Phase_3_fin,Fin de saison (Septembre-Octobre),2012,9,28,272,22.83512489280509,3.300341262290226,309.3197326660156
-14.375,14.875,2012-09-28,2012-09-28_010_012,22.57912826538086,3.379242181777954,2.8734130859375,True,True,forte,exceptionelle,Tambacounda,Zone soudano-sahélienne,Phase_3_fin,Fin de saison (Septembre-Octobre),2012,9,28,272,22.58080548617109,3.3820702813977572,336.2170715332031
-14.125,14.875,2012-09-28,2012-09-28_010_013,22.151201248168945,3.709610939025879,2.6254851818084717,True,True,forte,exceptionelle,Matam,Zone soudano-sahélienne,Phase_3_fin,Fin de saison (Septembre-Octobre),2012,9,28,272,22.238657496083324,3.7171387163238903,363.11444091796875
-13.875,14.875,2012-09-28,2012-09-28_010_014,25.225374221801758,4.4847588539123535,2.361358880996704,True,True,forte,exceptionelle,Matam,Zone soudano-sahélienne,Phase_3_fin,Fin de saison (Septembre-Octobre),2012,9,28,272,25.237186125175437,4.485499868440868,390.0118103027344
-13.625,14.875,2012-09-28,2012-09-28_010_015,27.394031524658203,4.900865077972412,2.179903268814087,True,True,forte,exceptionelle,Matam,Zone soudano-sahélienne,Phase_3_fin,Fin de saison (Septembre-Octobre),2012,9,28,272,27.39472752959285,4.901363739416229,416.9091796875
-13.375,14.875,2012-09-28,2012-09-28_010_016,23.362749099731445,4.876364231109619,2.046544313430786,True,True,forte,exceptionelle,Matam,Zone soudano-sahélienne,Phase_3_fin,Fin de saison (Septembre-Octobre),2012,9,28,272,23.41607099561835,4.876506556218593,443.8065490722656
-13.125,14.875,2012-09-28,2012-09-28_010_017,20.11667251586914,4.809541702270508,1.7230569124221802,True,True,forte,exceptionelle,Matam,Zone soudano-sahélienne,Phase_3_fin,Fin de saison (Septembre-Octobre),2012,9,28,272,20.131467814421534,4.8107169728782315,470.7038879394531
-12.875,14.875,2012-09-28,2012-09-28_010_018,18.837596893310547,4.6766180992126465,1.6788138151168823,True,False,modérée,exceptionelle,Matam,Zone soudano-sahélienne,Phase_3_fin,Fin de saison (Septembre-Octobre),2012,9,28,272,18.961086206100696,4.677418725574436,497.60125732421875
-12.625,14.875,2012-09-28,2012-09-28_010_019,19.01982307434082,4.405948162078857,1.6933364868164062,True,False,modérée,exceptionelle,Matam,Zone soudano-sahélienne,Phase_3_fin,Fin de saison (Septembre-Octobre),2012,9,28,272,19.09001394492298,4.40770032058409,524.4986572265625
-12.375,14.875,2012-09-28,2012-09-28_010_020,17.68396759033203,3.49678897857666,2.1038403511047363,True,False,modérée,exceptionelle,Matam,Zone soudano-sahélienne,Phase_3_fin,Fin de saison (Septembre-Octobre),2012,9,28,272,17.851663603854536,3.498714346382486,551.39599609375
-12.125,14.875,2012-09-28,2012-09-28_010_021,15.240992546081543,3.2080109119415283,2.025303602218628,True,False,modérée,exceptionelle,Matam,Zone soudano-sahélienne,Phase_3_fin,Fin de saison (Septembre-Octobre),2012,9,28,272,15.261701789932633,3.2081537078972437,578.2933349609375
-11.875,14.875,2012-09-28,2012-09-28_010_022,15.634664535522461,2.7836949825286865,2.3834502696990967,True,False,modérée,très humide,Matam,Zone soudano-sahélienne,Phase_3_fin,Fin de saison (Septembre-Octobre),2012,9,28,272,15.643106000507297,2.7862540076126407,605.1907348632812
-11.625,14.875,2012-09-28,2012-09-28_010_023,15.691080093383789,2.8498330116271973,2.387596607208252,True,False,modérée,très humide,Matam,Zone soudano-sahélienne,Phase_3_fin,Fin de saison (Septembre-Octobre),2012,9,28,272,15.7795015651377,2.856135509720999,632.088134765625
-11.375,14.875,2012-09-28,2012-09-28_010_024,18.587034225463867,3.2269792556762695,2.5914249420166016,True,False,modérée,exceptionelle,Matam,Zone soudano-sahélienne,Phase_3_fin,Fin de saison (Septembre-Octobre),2012,9,28,272,18.597830499236906,3.2270877990291345,658.9854736328125
-16.875,15.125,2012-09-28,2012-09-28_011_002,22.548124313354492,3.051222801208496,2.954454183578491,True,True,forte,exceptionelle,Thiès,Zone soudano-sahélienne,Phase_3_fin,Fin de saison (Septembre-Octobre),2012,9,28,272,22.560721785578895,3.0522850482308086,67.16484069824219
-16.625,15.125,2012-09-28,2012-09-28_011_003,20.9869384765625,2.8254635334014893,3.010057210922241,True,True,forte,très humide,Thiès,Zone soudano-sahélienne,Phase_3_fin,Fin de saison (Septembre-Octobre),2012,9,28,272,20.987696810583373,2.826313214086408,94.03077697753906
-16.375,15.125,2012-09-28,2012-09-28_011_004,23.911148071289062,3.1004247665405273,3.174234390258789,True,True,forte,exceptionelle,Louga,Zone soudano-sahélienne,Phase_3_fin,Fin de saison (Septembre-Octobre),2012,9,28,272,23.92335193959912,3.1135971534192266,120.89671325683594
-16.125,15.125,2012-09-28,2012-09-28_011_005,32.0253791809082,3.4374146461486816,3.8534915447235107,True,True,forte,exceptionelle,Louga,Zone soudano-sahélienne,Phase_3_fin,Fin de saison (Septembre-Octobre),2012,9,28,272,32.03880012933932,3.4374777851392277,147.7626495361328
-15.875,15.125,2012-09-28,2012-09-28_011_006,24.565052032470703,2.4887404441833496,3.8789782524108887,True,True,forte,très humide,Louga,Zone soudano-sahélienne,Phase_3_fin,Fin de saison (Septembre-Octobre),2012,9,28,272,24.57001957342253,2.4945894659464085,174.62860107421875
-15.625,15.125,2012-09-28,2012-09-28_011_007,21.842021942138672,2.2093358039855957,4.117036819458008,True,True,forte,très humide,Louga,Zone soudano-sahélienne,Phase_3_fin,Fin de saison (Septembre-Octobre),2012,9,28,272,21.843651819468743,2.252014224852749,201.49453735351562
-15.375,15.125,2012-09-28,2012-09-28_011_008,18.344968795776367,1.9495937824249268,3.7524569034576416,False,False,modérée,humide,Louga,Zone soudano-sahélienne,Phase_3_fin,Fin de saison (Septembre-Octobre),2012,9,28,272,18.365055213621513,1.9645160703203786,228.36045837402344
-15.125,15.125,2012-09-28,2012-09-28_011_009,20.551671981811523,2.595947027206421,3.217291831970215,True,True,forte,très humide,Kaffrine,Zone soudano-sahélienne,Phase_3_fin,Fin de saison (Septembre-Octobre),2012,9,28,272,20.574947769318392,2.600787540177005,255.22640991210938
-14.875,15.125,2012-09-28,2012-09-28_011_010,20.155675888061523,2.575516700744629,3.0612096786499023,True,True,forte,très humide,Kaffrine,Zone soudano-sahélienne,Phase_3_fin,Fin de saison (Septembre-Octobre),2012,9,28,272,20.193075438839706,2.576205259591491,282.09234619140625
-14.625,15.125,2012-09-28,2012-09-28_011_011,18.310009002685547,2.565488576889038,2.977630853652954,True,False,modérée,très humide,Kaffrine,Zone soudano-sahélienne,Phase_3_fin,Fin de saison (Septembre-Octobre),2012,9,28,272,18.335833573461176,2.572719912433145,308.9582824707031
-14.375,15.125,2012-09-28,2012-09-28_011_012,17.064403533935547,2.4980103969573975,2.8322651386260986,True,False,modérée,très humide,Matam,Zone soudano-sahélienne,Phase_3_fin,Fin de saison (Septembre-Octobre),2012,9,28,272,17.136598443266138,2.4993524791008266,335.82421875
-14.125,15.125,2012-09-28,2012-09-28_011_013,18.4570369720459,2.613774061203003,2.996295928955078,True,False,modérée,très humide,Matam,Zone soudano-sahélienne,Phase_3_fin,Fin de saison (Septembre-Octobre),2012,9,28,272,18.502679920675767,2.6145547376805216,362.69012451171875
-13.875,15.125,2012-09-28,2012-09-28_011_014,23.889902114868164,3.3721413612365723,2.956348419189453,True,True,forte,exceptionelle,Matam,Zone soudano-sahélienne,Phase_3_fin,Fin de saison (Septembre-Octobre),2012,9,28,272,23.89833643927646,3.3747283435946134,389.55609130859375
-13.625,15.125,2012-09-28,2012-09-28_011_015,23.226816177368164,3.826775550842285,2.6336042881011963,True,True,forte,exceptionelle,Matam,Zone soudano-sahélienne,Phase_3_fin,Fin de saison (Septembre-Octobre),2012,9,28,272,23.236752625086798,3.8287336826324463,416.4220275878906
-13.375,15.125,2012-09-28,2012-09-28_011_016,19.873598098754883,4.3512864112854,1.9347018003463745,True,False,modérée,exceptionelle,Matam,Zone soudano-sahélienne,Phase_3_fin,Fin de saison (Septembre-Octobre),2012,9,28,272,19.8922645242969,4.3516069045617956,443.2879638671875
-13.125,15.125,2012-09-28,2012-09-28_011_017,21.379236221313477,5.078598499298096,1.7905986309051514,True,True,forte,exceptionelle,Matam,Zone soudano-sahélienne,Phase_3_fin,Fin de saison (Septembre-Octobre),2012,9,28,272,21.51584036266384,5.078600695384806,470.1539001464844
-12.875,15.125,2012-09-28,2012-09-28_011_018,19.840524673461914,4.535111427307129,1.8634568452835083,True,False,modérée,exceptionelle,Matam,Zone soudano-sahélienne,Phase_3_fin,Fin de saison (Septembre-Octobre),2012,9,28,272,19.86221352773695,4.536835732771523,497.0198059082031
-12.625,15.125,2012-09-28,2012-09-28_011_019,19.344390869140625,4.3555192947387695,1.8334393501281738,True,False,modérée,exceptionelle,Matam,Zone soudano-sahélienne,Phase_3_fin,Fin de saison (Septembre-Octobre),2012,9,28,272,19.443881394276072,4.355856464136785,523.8857421875
-12.375,15.125,2012-09-28,2012-09-28_011_020,18.69348907470703,4.090826511383057,1.9889194965362549,True,False,modérée,exceptionelle,Matam,Zone soudano-sahélienne,Phase_3_fin,Fin de saison (Septembre-Octobre),2012,9,28,272,18.72337652810255,4.091657746377303,550.751708984375
-12.125,15.125,2012-09-28,2012-09-28_011_021,16.729393005371094,3.5926260948181152,2.0299723148345947,True,False,modérée,exceptionelle,Matam,Zone soudano-sahélienne,Phase_3_fin,Fin de saison (Septembre-Octobre),2012,9,28,272,16.760466024504236,3.5938352040909045,577.6176147460938
-11.875,15.125,2012-09-28,2012-09-28_011_022,12.386466979980469,3.0168066024780273,1.7422521114349365,True,False,modérée,exceptionelle,Matam,Zone soudano-sahélienne,Phase_3_fin,Fin de saison (Septembre-Octobre),2012,9,28,272,12.5358905313003,3.0290270953921214,604.4835815429688
-11.625,15.125,2012-09-28,2012-09-28_011_023,9.971619606018066,2.5358784198760986,1.639133334159851,True,False,modérée,très humide,Matam,Zone soudano-sahélienne,Phase_3_fin,Fin de saison (Septembre-Octobre),2012,9,28,272,9.989194934691616,2.536105015170035,631.3495483398438
-11.375,15.125,2012-09-28,2012-09-28_011_024,12.3197021484375,2.895982027053833,1.8484654426574707,True,False,modérée,très humide,Matam,Zone soudano-sahélienne,Phase_3_fin,Fin de saison (Septembre-Octobre),2012,9,28,272,12.38327971415304,2.8982207343805975,658.2154541015625
-16.625,15.375,2012-09-28,2012-09-28_012_003,28.978221893310547,3.5752007961273193,3.433701276779175,True,True,forte,exceptionelle,Louga,Zone soudano-sahélienne,Phase_3_fin,Fin de saison (Septembre-Octobre),2012,9,28,272,28.982297212035213,3.5756525562037176,93.91899108886719
-16.375,15.375,2012-09-28,2012-09-28_012_004,24.356985092163086,2.860645055770874,3.3013858795166016,True,True,forte,très humide,Louga,Zone soudano-sahélienne,Phase_3_fin,Fin de saison (Septembre-Octobre),2012,9,28,272,24.36665308775015,2.8608858345741,120.75298309326172
-16.125,15.375,2012-09-28,2012-09-28_012_005,29.64025115966797,3.4385838508605957,3.4397733211517334,True,True,forte,exceptionelle,Louga,Zone soudano-sahélienne,Phase_3_fin,Fin de saison (Septembre-Octobre),2012,9,28,272,29.65143145268886,3.4395186937035027,147.5869903564453
-15.875,15.375,2012-09-28,2012-09-28_012_006,23.54505157470703,2.526366949081421,3.579012393951416,True,True,forte,très humide,Louga,Zone soudano-sahélienne,Phase_3_fin,Fin de saison (Septembre-Octobre),2012,9,28,272,23.55553656247393,2.5328217247622695,174.42098999023438
-15.625,15.375,2012-09-28,2012-09-28_012_007,24.556175231933594,2.4591007232666016,3.8972373008728027,True,True,forte,très humide,Louga,Zone soudano-sahélienne,Phase_3_fin,Fin de saison (Septembre-Octobre),2012,9,28,272,24.559320028103777,2.461270083135097,201.25497436523438
-15.375,15.375,2012-09-28,2012-09-28_012_008,26.375324249267578,2.787818431854248,3.866828680038452,True,True,forte,très humide,Louga,Zone soudano-sahélienne,Phase_3_fin,Fin de saison (Septembre-Octobre),2012,9,28,272,26.377867569276436,2.789023281940863,228.08895874023438
-15.125,15.375,2012-09-28,2012-09-28_012_009,23.570039749145508,2.8811755180358887,3.315960168838501,True,True,forte,très humide,Louga,Zone soudano-sahélienne,Phase_3_fin,Fin de saison (Septembre-Octobre),2012,9,28,272,23.597160070984806,2.8812858555185135,254.9229736328125
-14.875,15.375,2012-09-28,2012-09-28_012_010,20.214509963989258,2.727280616760254,2.790529251098633,True,True,forte,très humide,Louga,Zone soudano-sahélienne,Phase_3_fin,Fin de saison (Septembre-Octobre),2012,9,28,272,20.2270600496225,2.7285939652716094,281.7569580078125
-14.625,15.375,2012-09-28,2012-09-28_012_011,19.902172088623047,3.041621685028076,2.710864305496216,True,False,modérée,exceptionelle,Matam,Zone soudano-sahélienne,Phase_3_fin,Fin de saison (Septembre-Octobre),2012,9,28,272,19.94268160010103,3.043208240863666,308.5909729003906
-14.375,15.375,2012-09-28,2012-09-28_012_012,17.525375366210938,2.5504133701324463,2.6163082122802734,True,False,modérée,très humide,Matam,Zone soudano-sahélienne,Phase_3_fin,Fin de saison (Septembre-Octobre),2012,9,28,272,17.583096384403095,2.5520703313338697,335.4249572753906
-14.125,15.375,2012-09-28,2012-09-28_012_013,17.97028350830078,2.496372938156128,2.857952833175659,True,False,modérée,très humide,Matam,Zone soudano-sahélienne,Phase_3_fin,Fin de saison (Septembre-Octobre),2012,9,28,272,17.99136881612653,2.497623660456595,362.2589416503906
-13.875,15.375,2012-09-28,2012-09-28_012_014,21.30978775024414,3.00386643409729,2.879002332687378,True,True,forte,exceptionelle,Matam,Zone soudano-sahélienne,Phase_3_fin,Fin de saison (Septembre-Octobre),2012,9,28,272,21.315822639657025,3.004927396774292,389.09295654296875
-13.625,15.375,2012-09-28,2012-09-28_012_015,15.685942649841309,2.927795648574829,2.23014235496521,True,False,modérée,très humide,Matam,Zone soudano-sahélienne,Phase_3_fin,Fin de saison (Septembre-Octobre),2012,9,28,272,15.690344328856348,2.9281763850744045,415.92694091796875
-13.375,15.375,2012-09-28,2012-09-28_012_016,19.12104034423828,4.188526630401611,2.0078213214874268,True,False,modérée,exceptionelle,Matam,Zone soudano-sahélienne,Phase_3_fin,Fin de saison (Septembre-Octobre),2012,9,28,272,19.163327533396046,4.189313186472984,442.7609558105469
-13.125,15.375,2012-09-28,2012-09-28_012_017,18.07929039001465,4.246259689331055,2.016878366470337,True,False,modérée,exceptionelle,Matam,Zone soudano-sahélienne,Phase_3_fin,Fin de saison (Septembre-Octobre),2012,9,28,272,18.133073212513374,4.246678887899198,469.5949401855469
-12.875,15.375,2012-09-28,2012-09-28_012_018,18.40518569946289,4.374038219451904,1.915814995765686,True,False,modérée,exceptionelle,Matam,Zone soudano-sahélienne,Phase_3_fin,Fin de saison (Septembre-Octobre),2012,9,28,272,18.41702659645272,4.374487917626922,496.4289245605469
-12.625,15.375,2012-09-28,2012-09-28_012_019,20.663040161132812,4.354930877685547,1.9575194120407104,True,True,forte,exceptionelle,Matam,Zone soudano-sahélienne,Phase_3_fin,Fin de saison (Septembre-Octobre),2012,9,28,272,20.702565658032594,4.354981144468988,523.262939453125
-12.375,15.375,2012-09-28,2012-09-28_012_020,16.984054565429688,3.9125049114227295,1.8948495388031006,True,False,modérée,exceptionelle,Matam,Zone soudano-sahélienne,Phase_3_fin,Fin de saison (Septembre-Octobre),2012,9,28,272,16.996076037536316,3.915146078895684,550.096923828125
-12.125,15.375,2012-09-28,2012-09-28_012_021,13.573058128356934,3.709066152572632,1.6280444860458374,True,False,modérée,exceptionelle,Matam,Zone soudano-sahélienne,Phase_3_fin,Fin de saison (Septembre-Octobre),2012,9,28,272,13.777108441645177,3.7092030335910358,576.930908203125
-11.875,15.375,2012-09-28,2012-09-28_012_022,10.128676414489746,3.330288887023926,1.3063381910324097,True,False,modérée,exceptionelle,Matam,Zone soudano-sahélienne,Phase_3_fin,Fin de saison (Septembre-Octobre),2012,9,28,272,10.269023106924852,3.330804611570272,603.764892578125
-11.625,15.375,2012-09-28,2012-09-28_012_023,9.233241081237793,2.9014532566070557,1.3209691047668457,True,False,modérée,très humide,Matam,Zone soudano-sahélienne,Phase_3_fin,Fin de saison (Septembre-Octobre),2012,9,28,272,9.409081042112417,2.9039953377977685,630.5989379882812
-11.375,15.375,2012-09-28,2012-09-28_012_024,9.484003067016602,2.4456052780151367,1.7055689096450806,True,False,modérée,très humide,Matam,Zone soudano-sahélienne,Phase_3_fin,Fin de saison (Septembre-Octobre),2012,9,28,272,9.623905975015917,2.451136519561461,657.4329223632812
-16.625,15.625,2012-09-28,2012-09-28_013_003,34.34512710571289,4.6560564041137695,2.9322707653045654,True,True,forte,exceptionelle,Saint-Louis,Zone sahélienne,Phase_3_fin,Fin de saison (Septembre-Octobre),2012,9,28,272,34.356874533035054,4.656728017270265,93.80541229248047
-16.375,15.625,2012-09-28,2012-09-28_013_004,31.888315200805664,4.185795783996582,2.9919040203094482,True,True,forte,exceptionelle,Saint-Louis,Zone sahélienne,Phase_3_fin,Fin de saison (Septembre-Octobre),2012,9,28,272,31.893028843941998,4.186118270883608,120.6069564819336
-16.125,15.625,2012-09-28,2012-09-28_013_005,25.687694549560547,3.6818082332611084,2.8205926418304443,True,True,forte,exceptionelle,Saint-Louis,Zone sahélienne,Phase_3_fin,Fin de saison (Septembre-Octobre),2012,9,28,272,25.700063096818013,3.688725443940667,147.40850830078125
-15.875,15.625,2012-09-28,2012-09-28_013_006,23.344980239868164,3.6781625747680664,2.7538087368011475,True,True,forte,exceptionelle,Saint-Louis,Zone sahélienne,Phase_3_fin,Fin de saison (Septembre-Octobre),2012,9,28,272,23.35261459925666,3.679096889256233,174.21005249023438
-15.625,15.625,2012-09-28,2012-09-28_013_007,21.94904136657715,3.0161356925964355,3.0346245765686035,True,True,forte,exceptionelle,Saint-Louis,Zone sahélienne,Phase_3_fin,Fin de saison (Septembre-Octobre),2012,9,28,272,21.96378189355285,3.016467776130791,201.0115966796875
-15.375,15.625,2012-09-28,2012-09-28_013_008,27.635292053222656,2.8956363201141357,3.6906962394714355,True,True,forte,très humide,Louga,Zone sahélienne,Phase_3_fin,Fin de saison (Septembre-Octobre),2012,9,28,272,27.646215467596775,2.8958300202336145,227.81312561035156
-15.125,15.625,2012-09-28,2012-09-28_013_009,20.0137882232666,2.5394322872161865,2.9986581802368164,True,True,forte,très humide,Louga,Zone sahélienne,Phase_3_fin,Fin de saison (Septembre-Octobre),2012,9,28,272,20.07996505468934,2.5474611694489293,254.6147003173828
-14.875,15.625,2012-09-28,2012-09-28_013_010,18.18256187438965,2.704620599746704,2.6820626258850098,True,False,modérée,très humide,Louga,Zone sahélienne,Phase_3_fin,Fin de saison (Septembre-Octobre),2012,9,28,272,18.20451647312797,2.705904696454954,281.4162292480469
-14.625,15.625,2012-09-28,2012-09-28_013_011,16.51251792907715,2.2010886669158936,2.789733648300171,True,False,modérée,très humide,Matam,Zone sahélienne,Phase_3_fin,Fin de saison (Septembre-Octobre),2012,9,28,272,16.548731022743723,2.205700705997908,308.2177734375
-14.375,15.625,2012-09-28,2012-09-28_013_012,17.155332565307617,2.7466039657592773,2.3143510818481445,True,False,modérée,très humide,Matam,Zone sahélienne,Phase_3_fin,Fin de saison (Septembre-Octobre),2012,9,28,272,17.165656616939373,2.747644937218134,335.0193176269531
-14.125,15.625,2012-09-28,2012-09-28_013_013,16.767681121826172,2.6174020767211914,2.400578498840332,True,False,modérée,très humide,Matam,Zone sahélienne,Phase_3_fin,Fin de saison (Septembre-Octobre),2012,9,28,272,16.93984828163032,2.6232741681774656,361.82086181640625
-13.875,15.625,2012-09-28,2012-09-28_013_014,22.973011016845703,3.8497235774993896,2.3425631523132324,True,True,forte,exceptionelle,Matam,Zone sahélienne,Phase_3_fin,Fin de saison (Septembre-Octobre),2012,9,28,272,22.989952255134007,3.8512586708643926,388.6224060058594
-13.625,15.625,2012-09-28,2012-09-28_013_015,15.679346084594727,3.4413604736328125,1.805200219154358,True,False,modérée,exceptionelle,Matam,Zone sahélienne,Phase_3_fin,Fin de saison (Septembre-Octobre),2012,9,28,272,15.685014489907116,3.441779630867081,415.4239501953125
-13.375,15.625,2012-09-28,2012-09-28_013_016,20.272117614746094,4.096630573272705,1.9998466968536377,True,True,forte,exceptionelle,Matam,Zone sahélienne,Phase_3_fin,Fin de saison (Septembre-Octobre),2012,9,28,272,20.27575978801478,4.097460174081314,442.22552490234375
-13.125,15.625,2012-09-28,2012-09-28_013_017,21.21792984008789,4.1264424324035645,2.07924222946167,True,True,forte,exceptionelle,Matam,Zone sahélienne,Phase_3_fin,Fin de saison (Septembre-Octobre),2012,9,28,272,21.224207902074458,4.127081010808897,469.02703857421875
-12.875,15.625,2012-09-28,2012-09-28_013_018,16.461854934692383,3.5885236263275146,1.95741605758667,True,False,modérée,exceptionelle,Matam,Zone sahélienne,Phase_3_fin,Fin de saison (Septembre-Octobre),2012,9,28,272,16.465999967488813,3.5891411544090537,495.8285827636719
-12.625,15.625,2012-09-28,2012-09-28_013_019,20.78083038330078,3.980426549911499,2.259519100189209,True,True,forte,exceptionelle,Matam,Zone sahélienne,Phase_3_fin,Fin de saison (Septembre-Octobre),2012,9,28,272,20.785203411351496,3.980820422196508,522.630126953125
-12.375,15.625,2012-09-28,2012-09-28_013_020,19.683849334716797,3.7526867389678955,2.272597074508667,True,False,modérée,exceptionelle,Matam,Zone sahélienne,Phase_3_fin,Fin de saison (Septembre-Octobre),2012,9,28,272,19.751215580120757,3.753825742395679,549.4317016601562
-12.125,15.625,2012-09-28,2012-09-28_013_021,16.24433135986328,4.102526664733887,1.7036049365997314,True,False,modérée,exceptionelle,Matam,Zone sahélienne,Phase_3_fin,Fin de saison (Septembre-Octobre),2012,9,28,272,16.420906603635853,4.102772978682014,576.2332153320312
-11.875,15.625,2012-09-28,2012-09-28_013_022,11.100212097167969,3.7575979232788086,1.3362723588943481,True,False,modérée,exceptionelle,Matam,Zone sahélienne,Phase_3_fin,Fin de saison (Septembre-Octobre),2012,9,28,272,11.684093944990456,3.760245784443227,603.0347900390625
-11.625,15.625,2012-09-28,2012-09-28_013_023,9.768749237060547,3.1606199741363525,1.1760456562042236,True,False,modérée,exceptionelle,Matam,Zone sahélienne,Phase_3_fin,Fin de saison (Septembre-Octobre),2012,9,28,272,9.96856125874735,3.1649832072569497,629.8363037109375
-11.375,15.625,2012-09-28,2012-09-28_013_024,10.767782211303711,2.629782199859619,1.7479575872421265,True,False,modérée,très humide,Matam,Zone sahélienne,Phase_3_fin,Fin de saison (Septembre-Octobre),2012,9,28,272,11.091024336503379,2.6319278041322027,656.6378784179688
-16.375,15.875,2012-09-28,2012-09-28_014_004,31.16814613342285,4.3218512535095215,2.5042550563812256,True,True,forte,exceptionelle,Saint-Louis,Zone sahélienne,Phase_3_fin,Fin de saison (Septembre-Octobre),2012,9,28,272,31.18999540626104,4.322847661061503,120.45863342285156
-16.125,15.875,2012-09-28,2012-09-28_014_005,24.10565185546875,4.0473313331604,2.4977898597717285,True,True,forte,exceptionelle,Saint-Louis,Zone sahélienne,Phase_3_fin,Fin de saison (Septembre-Octobre),2012,9,28,272,24.13064555067513,4.048584700828821,147.2272186279297
-15.875,15.875,2012-09-28,2012-09-28_014_006,22.545942306518555,4.1098952293396,2.3250811100006104,True,True,forte,exceptionelle,Saint-Louis,Zone sahélienne,Phase_3_fin,Fin de saison (Septembre-Octobre),2012,9,28,272,22.547000415361108,4.1120987513556555,173.9958038330078
-15.625,15.875,2012-09-28,2012-09-28_014_007,20.729137420654297,3.7793965339660645,2.169417381286621,True,True,forte,exceptionelle,Saint-Louis,Zone sahélienne,Phase_3_fin,Fin de saison (Septembre-Octobre),2012,9,28,272,20.733830475926997,3.783921270514253,200.76438903808594
-15.375,15.875,2012-09-28,2012-09-28_014_008,17.168376922607422,2.6148877143859863,2.5018959045410156,True,False,modérée,très humide,Louga,Zone sahélienne,Phase_3_fin,Fin de saison (Septembre-Octobre),2012,9,28,272,17.182422657108788,2.6166439775246473,227.53297424316406
-15.125,15.875,2012-09-28,2012-09-28_014_009,15.424358367919922,2.610529899597168,2.309614419937134,True,False,modérée,très humide,Louga,Zone sahélienne,Phase_3_fin,Fin de saison (Septembre-Octobre),2012,9,28,272,15.438364814873317,2.6128122243449914,254.30157470703125
-14.875,15.875,2012-09-28,2012-09-28_014_010,14.668096542358398,2.780228853225708,2.1104280948638916,True,False,modérée,très humide,Louga,Zone sahélienne,Phase_3_fin,Fin de saison (Septembre-Octobre),2012,9,28,272,14.671903284350831,2.782388652389373,281.07012939453125
-14.625,15.875,2012-09-28,2012-09-28_014_011,17.507177352905273,2.978846311569214,2.325514078140259,True,False,modérée,très humide,Matam,Zone sahélienne,Phase_3_fin,Fin de saison (Septembre-Octobre),2012,9,28,272,17.521168790270934,2.9816327238801734,307.8387451171875
-14.375,15.875,2012-09-28,2012-09-28_014_012,20.450380325317383,3.1989591121673584,2.611656427383423,True,True,forte,exceptionelle,Matam,Zone sahélienne,Phase_3_fin,Fin de saison (Septembre-Octobre),2012,9,28,272,20.458437071373716,3.199163996993597,334.6073303222656
-14.125,15.875,2012-09-28,2012-09-28_014_013,17.05352020263672,2.8366291522979736,2.4452788829803467,True,False,modérée,très humide,Matam,Zone sahélienne,Phase_3_fin,Fin de saison (Septembre-Octobre),2012,9,28,272,17.06218858460086,2.841033291577095,361.3758850097656
-13.875,15.875,2012-09-28,2012-09-28_014_014,17.400426864624023,3.46832537651062,1.9790282249450684,True,False,modérée,exceptionelle,Matam,Zone sahélienne,Phase_3_fin,Fin de saison (Septembre-Octobre),2012,9,28,272,17.482769577946495,3.4683588371804013,388.1445007324219
-13.625,15.875,2012-09-28,2012-09-28_014_015,17.300098419189453,3.5029687881469727,1.8638864755630493,True,False,modérée,exceptionelle,Matam,Zone sahélienne,Phase_3_fin,Fin de saison (Septembre-Octobre),2012,9,28,272,17.307464139545385,3.504281140452054,414.9130554199219
-13.375,15.875,2012-09-28,2012-09-28_014_016,21.229185104370117,4.10430908203125,1.910854458808899,True,True,forte,exceptionelle,Matam,Zone sahélienne,Phase_3_fin,Fin de saison (Septembre-Octobre),2012,9,28,272,21.229592860044548,4.105067001515297,441.6816711425781
-13.125,15.875,2012-09-28,2012-09-28_014_017,20.368751525878906,4.013896465301514,1.8275295495986938,True,True,forte,exceptionelle,Matam,Zone sahélienne,Phase_3_fin,Fin de saison (Septembre-Octobre),2012,9,28,272,20.373768073230533,4.014294851964443,468.4502258300781
-12.875,15.875,2012-09-28,2012-09-28_014_018,15.804370880126953,3.5121867656707764,1.75654137134552,True,False,modérée,exceptionelle,Matam,Zone sahélienne,Phase_3_fin,Fin de saison (Septembre-Octobre),2012,9,28,272,15.842139148232924,3.5218613555083915,495.21881103515625
-12.625,15.875,2012-09-28,2012-09-28_014_019,16.137937545776367,3.7998878955841064,1.7337952852249146,True,False,modérée,exceptionelle,Matam,Zone sahélienne,Phase_3_fin,Fin de saison (Septembre-Octobre),2012,9,28,272,16.1784913432059,3.8013351023496695,521.9874267578125
-12.375,15.875,2012-09-28,2012-09-28_014_020,16.980484008789062,3.838747978210449,1.7198235988616943,True,False,modérée,exceptionelle,Matam,Zone sahélienne,Phase_3_fin,Fin de saison (Septembre-Octobre),2012,9,28,272,16.98336377934595,3.8401407716262286,548.7560424804688
-12.125,15.875,2012-09-28,2012-09-28_014_021,18.690916061401367,4.438796520233154,1.674248456954956,True,False,modérée,exceptionelle,Matam,Zone sahélienne,Phase_3_fin,Fin de saison (Septembre-Octobre),2012,9,28,272,18.69273915123101,4.438969559405916,575.5245361328125
-11.875,15.875,2012-09-28,2012-09-28_014_022,14.546257019042969,4.0873188972473145,1.5063320398330688,True,False,modérée,exceptionelle,Matam,Zone sahélienne,Phase_3_fin,Fin de saison (Septembre-Octobre),2012,9,28,272,14.548987347876007,4.0874756808256985,602.2931518554688
-11.625,15.875,2012-09-28,2012-09-28_014_023,14.6723051071167,3.590660810470581,1.6765958070755005,True,False,modérée,exceptionelle,Matam,Zone sahélienne,Phase_3_fin,Fin de saison (Septembre-Octobre),2012,9,28,272,14.679883678953852,3.5912237311128394,629.061767578125
-11.375,15.875,2012-09-28,2012-09-28_014_024,12.54379653930664,2.8610599040985107,1.783583402633667,True,False,modérée,très humide,Matam,Zone sahélienne,Phase_3_fin,Fin de saison (Septembre-Octobre),2012,9,28,272,12.57693249736,2.863194247586044,655.8303833007812
-16.375,16.125,2012-09-28,2012-09-28_015_004,27.694847106933594,4.446281909942627,2.260228395462036,True,True,forte,exceptionelle,Saint-Louis,Zone sahélienne,Phase_3_fin,Fin de saison (Septembre-Octobre),2012,9,28,272,27.695404704491697,4.447891175447396,120.30801391601562
-16.125,16.125,2012-09-28,2012-09-28_015_005,25.033483505249023,3.9038398265838623,2.7710745334625244,True,True,forte,exceptionelle,Saint-Louis,Zone sahélienne,Phase_3_fin,Fin de saison (Septembre-Octobre),2012,9,28,272,25.03550577403313,3.9055162374697736,147.0431365966797
-15.875,16.125,2012-09-28,2012-09-28_015_006,27.083559036254883,4.2501397132873535,2.7550857067108154,True,True,forte,exceptionelle,Saint-Louis,Zone sahélienne,Phase_3_fin,Fin de saison (Septembre-Octobre),2012,9,28,272,27.086679381940833,4.250482288437273,173.7782440185547
-15.625,16.125,2012-09-28,2012-09-28_015_007,21.377317428588867,4.306803226470947,1.9666268825531006,True,True,forte,exceptionelle,Saint-Louis,Zone sahélienne,Phase_3_fin,Fin de saison (Septembre-Octobre),2012,9,28,272,21.37834914125989,4.308277781884275,200.51336669921875
-15.375,16.125,2012-09-28,2012-09-28_015_008,16.66739845275879,3.6359968185424805,1.827254056930542,True,False,modérée,exceptionelle,Louga,Zone sahélienne,Phase_3_fin,Fin de saison (Septembre-Octobre),2012,9,28,272,16.717866380011017,3.637471510537306,227.2484588623047
-15.125,16.125,2012-09-28,2012-09-28_015_009,15.264408111572266,3.0448598861694336,1.9208203554153442,True,False,modérée,exceptionelle,Louga,Zone sahélienne,Phase_3_fin,Fin de saison (Septembre-Octobre),2012,9,28,272,15.312138794654578,3.046436097753707,253.9835968017578
-14.875,16.125,2012-09-28,2012-09-28_015_010,12.628745079040527,2.311851978302002,2.02010178565979,True,False,modérée,très humide,Louga,Zone sahélienne,Phase_3_fin,Fin de saison (Septembre-Octobre),2012,9,28,272,12.665618738337377,2.3189054206388082,280.71868896484375
-14.625,16.125,2012-09-28,2012-09-28_015_011,16.999006271362305,2.970712900161743,2.1562469005584717,True,False,modérée,très humide,Matam,Zone sahélienne,Phase_3_fin,Fin de saison (Septembre-Octobre),2012,9,28,272,17.018878548588585,2.974922655814856,307.4538269042969
-14.375,16.125,2012-09-28,2012-09-28_015_012,17.186180114746094,2.8807671070098877,2.2496683597564697,True,False,modérée,très humide,Matam,Zone sahélienne,Phase_3_fin,Fin de saison (Septembre-Octobre),2012,9,28,272,17.207469619099218,2.881000044956878,334.1889343261719
-14.125,16.125,2012-09-28,2012-09-28_015_013,19.785795211791992,3.6329843997955322,2.1563267707824707,True,False,modérée,exceptionelle,Matam,Zone sahélienne,Phase_3_fin,Fin de saison (Septembre-Octobre),2012,9,28,272,19.821823148871186,3.633809408949847,360.9240417480469
-13.875,16.125,2012-09-28,2012-09-28_015_014,16.466854095458984,2.9678096771240234,2.159074068069458,True,False,modérée,très humide,Matam,Zone sahélienne,Phase_3_fin,Fin de saison (Septembre-Octobre),2012,9,28,272,16.50460133480666,2.968511926468892,387.6591491699219
-13.625,16.125,2012-09-28,2012-09-28_015_015,14.374370574951172,2.922008752822876,1.9421412944793701,True,False,modérée,très humide,Matam,Zone sahélienne,Phase_3_fin,Fin de saison (Septembre-Octobre),2012,9,28,272,14.531573252462263,2.925105759845906,414.3942565917969
-13.375,16.125,2012-09-28,2012-09-28_015_016,15.528186798095703,3.252267837524414,1.8176352977752686,True,False,modérée,exceptionelle,Matam,Zone sahélienne,Phase_3_fin,Fin de saison (Septembre-Octobre),2012,9,28,272,15.620485339332465,3.2530484690738084,441.12939453125
-13.125,16.125,2012-09-28,2012-09-28_015_017,16.564191818237305,3.387058734893799,1.9288703203201294,True,False,modérée,exceptionelle,Matam,Zone sahélienne,Phase_3_fin,Fin de saison (Septembre-Octobre),2012,9,28,272,16.585951541536417,3.3882143281812045,467.864501953125
-12.875,16.125,2012-09-28,2012-09-28_015_018,14.872908592224121,3.095050811767578,1.8710527420043945,True,False,modérée,exceptionelle,Matam,Zone sahélienne,Phase_3_fin,Fin de saison (Septembre-Octobre),2012,9,28,272,14.995718613341825,3.0962024975062614,494.5995788574219
-12.625,16.125,2012-09-28,2012-09-28_015_019,14.636750221252441,3.6733148097991943,1.4952261447906494,True,False,modérée,exceptionelle,Matam,Zone sahélienne,Phase_3_fin,Fin de saison (Septembre-Octobre),2012,9,28,272,14.665182437129955,3.6745693821403846,521.334716796875
-12.375,16.125,2012-09-28,2012-09-28_015_020,14.32302474975586,4.2533860206604,1.2163888216018677,True,False,modérée,exceptionelle,Matam,Zone sahélienne,Phase_3_fin,Fin de saison (Septembre-Octobre),2012,9,28,272,14.370113257786736,4.256309825571338,548.0698852539062
-12.125,16.125,2012-09-28,2012-09-28_015_021,15.848843574523926,4.478707790374756,1.269574761390686,True,False,modérée,exceptionelle,Matam,Zone sahélienne,Phase_3_fin,Fin de saison (Septembre-Octobre),2012,9,28,272,15.952517123677623,4.479027067596589,574.804931640625
-11.875,16.125,2012-09-28,2012-09-28_015_022,15.440377235412598,3.8358376026153564,1.5221718549728394,True,False,modérée,exceptionelle,Matam,Zone sahélienne,Phase_3_fin,Fin de saison (Septembre-Octobre),2012,9,28,272,15.44922906310115,3.836459165242449,601.5400390625
-11.625,16.125,2012-09-28,2012-09-28_015_023,15.164498329162598,3.6597156524658203,1.605553388595581,True,False,modérée,exceptionelle,Matam,Zone sahélienne,Phase_3_fin,Fin de saison (Septembre-Octobre),2012,9,28,272,15.232343702460055,3.663269201115747,628.2752075195312
-11.375,16.125,2012-09-28,2012-09-28_015_024,17.309555053710938,3.646132230758667,1.8628575801849365,True,False,modérée,exceptionelle,Matam,Zone sahélienne,Phase_3_fin,Fin de saison (Septembre-Octobre),2012,9,28,272,17.340548845990817,3.6497157967869365,655.0103149414062
-16.375,16.375,2012-09-28,2012-09-28_016_004,24.01306915283203,3.926801919937134,2.1600019931793213,True,True,forte,exceptionelle,Saint-Louis,Zone sahélienne,Phase_3_fin,Fin de saison (Septembre-Octobre),2012,9,28,272,24.02709006304717,3.93626272139238,120.15510559082031
-16.125,16.375,2012-09-28,2012-09-28_016_005,17.600696563720703,3.4527812004089355,2.0690438747406006,True,False,modérée,exceptionelle,Saint-Louis,Zone sahélienne,Phase_3_fin,Fin de saison (Septembre-Octobre),2012,9,28,272,17.66430056394644,3.456158741035653,146.85623168945312
-15.875,16.375,2012-09-28,2012-09-28_016_006,18.212081909179688,3.2487263679504395,2.375642776489258,True,False,modérée,exceptionelle,Saint-Louis,Zone sahélienne,Phase_3_fin,Fin de saison (Septembre-Octobre),2012,9,28,272,18.284666061401367,3.250167870641354,173.557373046875
-15.625,16.375,2012-09-28,2012-09-28_016_007,17.2132511138916,3.1930928230285645,2.184176445007324,True,False,modérée,exceptionelle,Saint-Louis,Zone sahélienne,Phase_3_fin,Fin de saison (Septembre-Octobre),2012,9,28,272,17.280495102082064,3.1956574820992936,200.25851440429688
-15.375,16.375,2012-09-28,2012-09-28_016_008,15.450530052185059,3.051182985305786,1.951786994934082,True,False,modérée,exceptionelle,Louga,Zone sahélienne,Phase_3_fin,Fin de saison (Septembre-Octobre),2012,9,28,272,15.51804069058979,3.051202192977445,226.95962524414062
-15.125,16.375,2012-09-28,2012-09-28_016_009,19.01439094543457,3.403862953186035,2.205321788787842,True,False,modérée,exceptionelle,Louga,Zone sahélienne,Phase_3_fin,Fin de saison (Septembre-Octobre),2012,9,28,272,19.0181715979648,3.4040197199912527,253.66078186035156
-14.875,16.375,2012-09-28,2012-09-28_016_010,15.326148986816406,2.877650260925293,2.161264181137085,True,False,modérée,très humide,Louga,Zone sahélienne,Phase_3_fin,Fin de saison (Septembre-Octobre),2012,9,28,272,15.412267263211197,2.879435790843101,280.3619079589844
-14.625,16.375,2012-09-28,2012-09-28_016_011,11.841653823852539,2.371603012084961,1.8372877836227417,True,False,modérée,très humide,Matam,Zone sahélienne,Phase_3_fin,Fin de saison (Septembre-Octobre),2012,9,28,272,11.846394323224398,2.3908591689775935,307.06304931640625
-14.375,16.375,2012-09-28,2012-09-28_016_012,12.578778266906738,2.514423370361328,1.8252922296524048,True,False,modérée,très humide,Matam,Zone sahélienne,Phase_3_fin,Fin de saison (Septembre-Octobre),2012,9,28,272,12.613766996105712,2.5174361581179365,333.76416015625
-14.125,16.375,2012-09-28,2012-09-28_016_013,10.272270202636719,2.5956308841705322,1.4594528675079346,True,False,modérée,très humide,Matam,Zone sahélienne,Phase_3_fin,Fin de saison (Septembre-Octobre),2012,9,28,272,10.75533216083469,2.595855679344292,360.4653015136719
-13.875,16.375,2012-09-28,2012-09-28_016_014,15.971282958984375,3.4213380813598633,1.8278001546859741,True,False,modérée,exceptionelle,Matam,Zone sahélienne,Phase_3_fin,Fin de saison (Septembre-Octobre),2012,9,28,272,15.977027433002414,3.4250906657932987,387.16644287109375
-13.625,16.375,2012-09-28,2012-09-28_016_015,14.549250602722168,2.7979183197021484,2.0679268836975098,True,False,modérée,très humide,Matam,Zone sahélienne,Phase_3_fin,Fin de saison (Septembre-Octobre),2012,9,28,272,14.62883568289292,2.8025124180856062,413.8675537109375
-13.375,16.375,2012-09-28,2012-09-28_016_016,15.644431114196777,3.1292033195495605,1.9680124521255493,True,False,modérée,exceptionelle,Matam,Zone sahélienne,Phase_3_fin,Fin de saison (Septembre-Octobre),2012,9,28,272,15.674521151499532,3.1319304512972805,440.5687255859375
-13.125,16.375,2012-09-28,2012-09-28_016_017,15.009822845458984,2.8268725872039795,1.9115756750106812,True,False,modérée,très humide,Matam,Zone sahélienne,Phase_3_fin,Fin de saison (Septembre-Octobre),2012,9,28,272,15.035006154122664,2.8281536809164076,467.26983642578125
-12.875,16.375,2012-09-28,2012-09-28_016_018,15.03797721862793,2.7652359008789062,1.9301146268844604,True,False,modérée,très humide,Matam,Zone sahélienne,Phase_3_fin,Fin de saison (Septembre-Octobre),2012,9,28,272,15.111892657064313,2.767027933992932,493.970947265625
-12.625,16.375,2012-09-28,2012-09-28_016_019,14.680706977844238,3.6414313316345215,1.4690179824829102,True,False,modérée,exceptionelle,Matam,Zone sahélienne,Phase_3_fin,Fin de saison (Septembre-Octobre),2012,9,28,272,14.853591847060315,3.641528567477087,520.672119140625
-12.375,16.375,2012-09-28,2012-09-28_016_020,15.318530082702637,4.195332050323486,1.3364551067352295,True,False,modérée,exceptionelle,Matam,Zone sahélienne,Phase_3_fin,Fin de saison (Septembre-Octobre),2012,9,28,272,15.325230124008716,4.198185489405339,547.3732299804688
-12.125,16.375,2012-09-28,2012-09-28_016_021,18.776023864746094,4.402100086212158,1.4847142696380615,True,False,modérée,exceptionelle,Matam,Zone sahélienne,Phase_3_fin,Fin de saison (Septembre-Octobre),2012,9,28,272,18.81918686718198,4.402380473649681,574.0743408203125
-11.875,16.375,2012-09-28,2012-09-28_016_022,17.023799896240234,4.036223888397217,1.4773648977279663,True,False,modérée,exceptionelle,Matam,Zone sahélienne,Phase_3_fin,Fin de saison (Septembre-Octobre),2012,9,28,272,17.047546271702753,4.038037918320852,600.7755126953125
-11.625,16.375,2012-09-28,2012-09-28_016_023,13.9063138961792,3.7479984760284424,1.306837797164917,True,False,modérée,exceptionelle,Matam,Zone sahélienne,Phase_3_fin,Fin de saison (Septembre-Octobre),2012,9,28,272,13.940908254690505,3.7491410928754947,627.4766235351562
-11.375,16.375,2012-09-28,2012-09-28_016_024,14.051907539367676,3.585052490234375,1.5242912769317627,True,False,modérée,exceptionelle,Matam,Zone sahélienne,Phase_3_fin,Fin de saison (Septembre-Octobre),2012,9,28,272,14.301226381081431,3.5860641781409184,654.1777954101562
-16.375,16.625,2012-09-28,2012-09-28_017_004,22.94185447692871,3.9263362884521484,2.0724294185638428,True,True,forte,exceptionelle,Saint-Louis,Zone sahélienne,Phase_3_fin,Fin de saison (Septembre-Octobre),2012,9,28,272,22.95420122386223,3.926424033078716,119.99990844726562
-16.125,16.625,2012-09-28,2012-09-28_017_005,19.626523971557617,3.32082200050354,2.2747418880462646,True,False,modérée,exceptionelle,Saint-Louis,Zone sahélienne,Phase_3_fin,Fin de saison (Septembre-Octobre),2012,9,28,272,19.6645488355627,3.3217668964635187,146.6665496826172
-15.875,16.625,2012-09-28,2012-09-28_017_006,18.520112991333008,2.7633509635925293,2.630183219909668,True,False,modérée,très humide,Saint-Louis,Zone sahélienne,Phase_3_fin,Fin de saison (Septembre-Octobre),2012,9,28,272,18.56837026318114,2.7640628838658934,173.3332061767578
-15.625,16.625,2012-09-28,2012-09-28_017_007,21.28787612915039,2.8290059566497803,2.965877056121826,True,True,forte,très humide,Saint-Louis,Zone sahélienne,Phase_3_fin,Fin de saison (Septembre-Octobre),2012,9,28,272,21.29982291753568,2.830282545568955,199.99984741210938
-15.375,16.625,2012-09-28,2012-09-28_017_008,22.387731552124023,2.729275703430176,3.015122175216675,True,True,forte,très humide,Saint-Louis,Zone sahélienne,Phase_3_fin,Fin de saison (Septembre-Octobre),2012,9,28,272,22.40311103130705,2.7296007548145313,226.66648864746094
-15.125,16.625,2012-09-28,2012-09-28_017_009,19.276823043823242,2.9210214614868164,2.6203126907348633,True,False,modérée,très humide,Saint-Louis,Zone sahélienne,Phase_3_fin,Fin de saison (Septembre-Octobre),2012,9,28,272,19.280058367168483,2.9215523166273107,253.33314514160156
-14.875,16.625,2012-09-28,2012-09-28_017_010,17.349475860595703,2.7926502227783203,2.5398457050323486,True,False,modérée,très humide,Louga,Zone sahélienne,Phase_3_fin,Fin de saison (Septembre-Octobre),2012,9,28,272,17.388905280798525,2.795879910339662,279.9997863769531
-14.625,16.625,2012-09-28,2012-09-28_017_011,12.900795936584473,2.7482223510742188,1.816454291343689,True,False,modérée,très humide,Matam,Zone sahélienne,Phase_3_fin,Fin de saison (Septembre-Octobre),2012,9,28,272,13.527452401779405,2.7491318580493256,306.66644287109375
-14.375,16.625,2012-09-28,2012-09-28_017_012,12.839216232299805,2.3344247341156006,2.0197806358337402,True,False,modérée,très humide,Matam,Zone sahélienne,Phase_3_fin,Fin de saison (Septembre-Octobre),2012,9,28,272,12.896773141832208,2.348978150430037,333.33306884765625
-14.125,16.625,2012-09-28,2012-09-28_017_013,9.409523963928223,2.0605759620666504,1.6493377685546875,True,False,modérée,très humide,Matam,Zone sahélienne,Phase_3_fin,Fin de saison (Septembre-Octobre),2012,9,28,272,9.483628800166912,2.064763938961317,359.99969482421875
-13.875,16.625,2012-09-28,2012-09-28_017_014,11.993492126464844,2.7644753456115723,1.6693388223648071,True,False,modérée,très humide,Matam,Zone sahélienne,Phase_3_fin,Fin de saison (Septembre-Octobre),2012,9,28,272,12.305039115886592,2.764954992275142,386.6663513183594
-13.625,16.625,2012-09-28,2012-09-28_017_015,9.624968528747559,2.087710380554199,1.6542510986328125,True,False,modérée,très humide,Matam,Zone sahélienne,Phase_3_fin,Fin de saison (Septembre-Octobre),2012,9,28,272,9.67523752624665,2.088606546871626,413.3330078125
-13.375,16.625,2012-09-28,2012-09-28_017_016,9.989509582519531,2.0588912963867188,1.7939797639846802,True,False,modérée,très humide,Matam,Zone sahélienne,Phase_3_fin,Fin de saison (Septembre-Octobre),2012,9,28,272,10.125879091234063,2.0604024161046475,439.9996643066406
-13.125,16.625,2012-09-28,2012-09-28_017_017,12.615814208984375,2.1037843227386475,2.07647705078125,True,False,modérée,très humide,Matam,Zone sahélienne,Phase_3_fin,Fin de saison (Septembre-Octobre),2012,9,28,272,12.627997817705625,2.1047717494581213,466.6662902832031
-12.875,16.625,2012-09-28,2012-09-28_017_018,13.792550086975098,2.4621469974517822,1.9486265182495117,True,False,modérée,très humide,Matam,Zone sahélienne,Phase_3_fin,Fin de saison (Septembre-Octobre),2012,9,28,272,13.898024573397995,2.470638263165651,493.3329162597656
-12.625,16.625,2012-09-28,2012-09-28_017_019,11.846567153930664,2.9132728576660156,1.5152831077575684,True,False,modérée,très humide,Matam,Zone sahélienne,Phase_3_fin,Fin de saison (Septembre-Octobre),2012,9,28,272,11.861258204857908,2.914825482584124,519.9995727539062
-12.375,16.625,2012-09-28,2012-09-28_017_020,12.667984962463379,3.323312520980835,1.4089062213897705,True,False,modérée,exceptionelle,Matam,Zone sahélienne,Phase_3_fin,Fin de saison (Septembre-Octobre),2012,9,28,272,12.828460499269879,3.324422515217383,546.666259765625
-12.125,16.625,2012-09-28,2012-09-28_017_021,13.94372844696045,3.3117778301239014,1.5425491333007812,True,False,modérée,exceptionelle,Matam,Zone sahélienne,Phase_3_fin,Fin de saison (Septembre-Octobre),2012,9,28,272,14.043481529657566,3.3152318851432607,573.3328247070312
-11.875,16.625,2012-09-28,2012-09-28_017_022,12.318940162658691,3.199430465698242,1.3660753965377808,True,False,modérée,exceptionelle,Matam,Zone sahélienne,Phase_3_fin,Fin de saison (Septembre-Octobre),2012,9,28,272,12.319667686769112,3.2031385982455918,599.99951171875
-11.625,16.625,2012-09-28,2012-09-28_017_023,11.702245712280273,3.208343267440796,1.3151791095733643,True,False,modérée,exceptionelle,Matam,Zone sahélienne,Phase_3_fin,Fin de saison (Septembre-Octobre),2012,9,28,272,11.837100292570028,3.209838846820084,626.6661987304688
-11.375,16.625,2012-09-28,2012-09-28_017_024,9.675747871398926,2.7680888175964355,1.2323980331420898,True,False,modérée,très humide,Matam,Zone sahélienne,Phase_3_fin,Fin de saison (Septembre-Octobre),2012,9,28,272,9.767580878195451,2.7756839655152516,653.3328247070312
-16.625,12.375,2000-10-16,2000-10-16_000_003,22.929550170898438,3.0437684059143066,3.65499210357666,True,True,forte,exceptionelle,Ziguinchor,Zone soudanienne,Phase_3_fin,Fin de saison (Septembre-Octobre),2000,10,16,290,22.934566545726067,3.049731664921171,95.14187622070312
-16.375,12.375,2000-10-16,2000-10-16_000_004,19.035991668701172,2.2324023246765137,3.763298511505127,True,False,modérée,très humide,Ziguinchor,Zone soudanienne,Phase_3_fin,Fin de saison (Septembre-Octobre),2000,10,16,290,19.03996386120667,2.2692362363614023,122.32527160644531
-16.125,12.375,2000-10-16,2000-10-16_000_005,25.554214477539062,2.5149495601654053,4.65030574798584,True,True,forte,très humide,Sédhiou,Zone soudanienne,Phase_3_fin,Fin de saison (Septembre-Octobre),2000,10,16,290,25.55439917406245,2.516229458190688,149.5086669921875
-15.875,12.375,2000-10-16,2000-10-16_000_006,25.56891632080078,3.5428850650787354,4.15360689163208,True,True,forte,exceptionelle,Sédhiou,Zone soudanienne,Phase_3_fin,Fin de saison (Septembre-Octobre),2000,10,16,290,25.570735969735154,3.5458396930790426,176.6920623779297
-15.625,12.375,2000-10-16,2000-10-16_000_007,21.519248962402344,2.649430513381958,4.5066938400268555,True,True,forte,très humide,Sédhiou,Zone soudanienne,Phase_3_fin,Fin de saison (Septembre-Octobre),2000,10,16,290,21.5220384837395,2.6762547397134293,203.87545776367188
-15.375,12.375,2000-10-16,2000-10-16_000_008,22.09249496459961,2.809195041656494,4.654965400695801,True,True,forte,très humide,Sédhiou,Zone soudanienne,Phase_3_fin,Fin de saison (Septembre-Octobre),2000,10,16,290,22.096110252878773,2.812120474762653,231.058837890625
-15.125,12.375,2000-10-16,2000-10-16_000_009,22.20317840576172,3.1142578125,4.675180435180664,True,True,forte,exceptionelle,Sédhiou,Zone soudanienne,Phase_3_fin,Fin de saison (Septembre-Octobre),2000,10,16,290,22.21389490635551,3.114718092745872,258.24224853515625
-14.875,12.375,2000-10-16,2000-10-16_000_010,15.729766845703125,2.0499267578125,4.713891506195068,True,False,modérée,très humide,Kolda,Zone soudanienne,Phase_3_fin,Fin de saison (Septembre-Octobre),2000,10,16,290,15.74633510867555,2.0657597846122244,285.4256286621094
-14.625,12.375,2000-10-16,2000-10-16_000_011,13.146228790283203,1.6993379592895508,4.440598964691162,False,False,modérée,humide,Kolda,Zone soudanienne,Phase_3_fin,Fin de saison (Septembre-Octobre),2000,10,16,290,13.150827079562086,1.7365603629668156,312.6090393066406
-14.375,12.375,2000-10-16,2000-10-16_000_012,10.26026725769043,1.130920648574829,4.518731594085693,False,False,modérée,humide,Kolda,Zone soudanienne,Phase_3_fin,Fin de saison (Septembre-Octobre),2000,10,16,290,10.265400524714485,1.332860449151178,339.79241943359375
-14.125,12.375,2000-10-16,2000-10-16_000_013,6.837818622589111,0.606203019618988,4.018991947174072,False,False,modérée,normale,Kolda,Zone soudanienne,Phase_3_fin,Fin de saison (Septembre-Octobre),2000,10,16,290,6.877008210474522,0.6630159841110957,366.9757995605469
-13.875,12.375,2000-10-16,2000-10-16_000_014,8.720213890075684,1.3429840803146362,3.485034942626953,False,False,modérée,humide,Kolda,Zone soudanienne,Phase_3_fin,Fin de saison (Septembre-Octobre),2000,10,16,290,8.720331184828101,1.3727917791011945,394.1592102050781
-13.625,12.375,2000-10-16,2000-10-16_000_015,10.998919486999512,1.7915713787078857,3.5289902687072754,False,False,modérée,humide,Kolda,Zone soudanienne,Phase_3_fin,Fin de saison (Septembre-Octobre),2000,10,16,290,11.018106911050614,1.8262424154497272,421.34259033203125
-13.375,12.375,2000-10-16,2000-10-16_000_016,11.353947639465332,1.8901795148849487,3.7184536457061768,False,False,modérée,humide,Kédougou,Zone soudanienne,Phase_3_fin,Fin de saison (Septembre-Octobre),2000,10,16,290,11.359072680449366,1.8947171431090963,448.5260009765625
-13.125,12.375,2000-10-16,2000-10-16_000_017,11.081768035888672,1.849799394607544,3.8706252574920654,False,False,modérée,humide,Kédougou,Zone soudanienne,Phase_3_fin,Fin de saison (Septembre-Octobre),2000,10,16,290,11.092637450251747,1.8625162983659524,475.7093811035156
-12.875,12.375,2000-10-16,2000-10-16_000_018,13.451786041259766,2.6099390983581543,3.5663392543792725,True,False,modérée,très humide,Kédougou,Zone soudanienne,Phase_3_fin,Fin de saison (Septembre-Octobre),2000,10,16,290,13.460926707665525,2.610886794238833,502.89276123046875
-12.625,12.375,2000-10-16,2000-10-16_000_019,15.559736251831055,3.6162030696868896,3.248033285140991,True,False,modérée,exceptionelle,Kédougou,Zone soudanienne,Phase_3_fin,Fin de saison (Septembre-Octobre),2000,10,16,290,15.57366902145309,3.6205408081936477,530.076171875
-12.375,12.375,2000-10-16,2000-10-16_000_020,19.13349151611328,3.8843119144439697,3.503697156906128,True,False,modérée,exceptionelle,Kédougou,Zone soudanienne,Phase_3_fin,Fin de saison (Septembre-Octobre),2000,10,16,290,19.140869246056333,3.8866256062109867,557.2595825195312
-12.125,12.375,2000-10-16,2000-10-16_000_021,20.71609878540039,4.356194019317627,3.303338050842285,True,True,forte,exceptionelle,Kédougou,Zone soudanienne,Phase_3_fin,Fin de saison (Septembre-Octobre),2000,10,16,290,20.71886867734056,4.360562710306753,584.4429321289062
-11.875,12.375,2000-10-16,2000-10-16_000_022,28.990243911743164,5.361764907836914,3.1836133003234863,True,True,forte,exceptionelle,Kédougou,Zone soudanienne,Phase_3_fin,Fin de saison (Septembre-Octobre),2000,10,16,290,28.993770000323547,5.361787882282506,611.6263427734375
-11.625,12.375,2000-10-16,2000-10-16_000_023,30.393627166748047,5.239064693450928,3.239537477493286,True,True,forte,exceptionelle,Kédougou,Zone soudanienne,Phase_3_fin,Fin de saison (Septembre-Octobre),2000,10,16,290,30.393627166748047,5.239333336077743,638.8097534179688
-11.375,12.375,2000-10-16,2000-10-16_000_024,25.749971389770508,5.124772071838379,2.7935991287231445,True,True,forte,exceptionelle,Kédougou,Zone soudanienne,Phase_3_fin,Fin de saison (Septembre-Octobre),2000,10,16,290,25.75679442630939,5.127868667918834,665.9931640625
-16.625,12.625,2000-10-16,2000-10-16_001_003,21.584556579589844,2.431144952774048,3.8722939491271973,True,True,forte,très humide,Ziguinchor,Zone soudanienne,Phase_3_fin,Fin de saison (Septembre-Octobre),2000,10,16,290,21.587530433233063,2.436174794058105,95.04988861083984
-16.375,12.625,2000-10-16,2000-10-16_001_004,19.442829132080078,2.373689889907837,3.680701971054077,True,False,modérée,très humide,Ziguinchor,Zone soudanienne,Phase_3_fin,Fin de saison (Septembre-Octobre),2000,10,16,290,19.472027955941815,2.3777122281903598,122.2070083618164
-16.125,12.625,2000-10-16,2000-10-16_001_005,21.10186767578125,2.5442161560058594,3.8767037391662598,True,True,forte,très humide,Sédhiou,Zone soudanienne,Phase_3_fin,Fin de saison (Septembre-Octobre),2000,10,16,290,21.11420644827225,2.56941840876287,149.36412048339844
-15.875,12.625,2000-10-16,2000-10-16_001_006,22.558609008789062,3.501211166381836,3.5542564392089844,True,True,forte,exceptionelle,Sédhiou,Zone soudanienne,Phase_3_fin,Fin de saison (Septembre-Octobre),2000,10,16,290,22.56886115146044,3.504440695796181,176.521240234375
-15.625,12.625,2000-10-16,2000-10-16_001_007,20.397968292236328,3.690788745880127,3.2885029315948486,True,True,forte,exceptionelle,Sédhiou,Zone soudanienne,Phase_3_fin,Fin de saison (Septembre-Octobre),2000,10,16,290,20.404570210519147,3.695008733164725,203.6783447265625
-15.375,12.625,2000-10-16,2000-10-16_001_008,18.194120407104492,3.3394298553466797,3.431766986846924,True,False,modérée,exceptionelle,Kolda,Zone soudanienne,Phase_3_fin,Fin de saison (Septembre-Octobre),2000,10,16,290,18.205537599534846,3.3507415253912387,230.83544921875
-15.125,12.625,2000-10-16,2000-10-16_001_009,14.804298400878906,2.4374008178710938,3.647747039794922,True,False,modérée,très humide,Kolda,Zone soudanienne,Phase_3_fin,Fin de saison (Septembre-Octobre),2000,10,16,290,14.809323497753047,2.4592832159157374,257.9925842285156
-14.875,12.625,2000-10-16,2000-10-16_001_010,11.630291938781738,1.9073153734207153,3.3014910221099854,False,False,modérée,humide,Kolda,Zone soudanienne,Phase_3_fin,Fin de saison (Septembre-Octobre),2000,10,16,290,11.63037578544425,1.910966048288585,285.1496887207031
-14.625,12.625,2000-10-16,2000-10-16_001_011,12.802779197692871,2.085416793823242,3.4705324172973633,True,False,modérée,très humide,Kolda,Zone soudanienne,Phase_3_fin,Fin de saison (Septembre-Octobre),2000,10,16,290,12.821587610484366,2.124868308479462,312.3067932128906
-14.375,12.625,2000-10-16,2000-10-16_001_012,6.507024765014648,0.6643304228782654,3.540644884109497,False,False,modérée,normale,Kolda,Zone soudanienne,Phase_3_fin,Fin de saison (Septembre-Octobre),2000,10,16,290,6.513975026020453,0.7217890470471214,339.4638977050781
-14.125,12.625,2000-10-16,2000-10-16_001_013,6.583714485168457,0.7232699394226074,3.4884605407714844,False,False,modérée,normale,Kolda,Zone soudanienne,Phase_3_fin,Fin de saison (Septembre-Octobre),2000,10,16,290,6.584712162688749,0.7329023234808265,366.6210021972656
-13.875,12.625,2000-10-16,2000-10-16_001_014,10.160313606262207,2.029094696044922,3.054053783416748,True,False,modérée,très humide,Kolda,Zone soudanienne,Phase_3_fin,Fin de saison (Septembre-Octobre),2000,10,16,290,10.167855988794834,2.047257322761881,393.77813720703125
-13.625,12.625,2000-10-16,2000-10-16_001_015,6.021266937255859,1.0279285907745361,2.66235089302063,False,False,modérée,humide,Tambacounda,Zone soudanienne,Phase_3_fin,Fin de saison (Septembre-Octobre),2000,10,16,290,6.027633702934687,1.0707261667179702,420.93524169921875
-13.375,12.625,2000-10-16,2000-10-16_001_016,7.683794975280762,1.7470402717590332,2.6506810188293457,False,False,modérée,humide,Kédougou,Zone soudanienne,Phase_3_fin,Fin de saison (Septembre-Octobre),2000,10,16,290,7.695043827421102,1.7678675783339457,448.09234619140625
-13.125,12.625,2000-10-16,2000-10-16_001_017,8.147026062011719,1.4253621101379395,3.05191969871521,False,False,modérée,humide,Kédougou,Zone soudanienne,Phase_3_fin,Fin de saison (Septembre-Octobre),2000,10,16,290,8.176708456259876,1.4384275872503693,475.24945068359375
-12.875,12.625,2000-10-16,2000-10-16_001_018,11.77087116241455,2.852078437805176,2.843280792236328,True,False,modérée,très humide,Kédougou,Zone soudanienne,Phase_3_fin,Fin de saison (Septembre-Octobre),2000,10,16,290,11.789495679002313,2.853375492383487,502.40655517578125
-12.625,12.625,2000-10-16,2000-10-16_001_019,14.826037406921387,4.091339111328125,2.5691990852355957,True,False,modérée,exceptionelle,Kédougou,Zone soudanienne,Phase_3_fin,Fin de saison (Septembre-Octobre),2000,10,16,290,14.845419102577708,4.091827378201125,529.5636596679688
-12.375,12.625,2000-10-16,2000-10-16_001_020,16.511919021606445,4.352767467498779,2.6739838123321533,True,False,modérée,exceptionelle,Kédougou,Zone soudanienne,Phase_3_fin,Fin de saison (Septembre-Octobre),2000,10,16,290,16.51332890208642,4.352927138457945,556.7208251953125
-12.125,12.625,2000-10-16,2000-10-16_001_021,23.727033615112305,4.96813440322876,3.0623939037323,True,True,forte,exceptionelle,Kédougou,Zone soudanienne,Phase_3_fin,Fin de saison (Septembre-Octobre),2000,10,16,290,23.727303711014176,4.968619150132989,583.8778686523438
-11.875,12.625,2000-10-16,2000-10-16_001_022,26.655160903930664,4.971774578094482,3.091689348220825,True,True,forte,exceptionelle,Kédougou,Zone soudanienne,Phase_3_fin,Fin de saison (Septembre-Octobre),2000,10,16,290,26.666894989397083,4.97190260527721,611.0350341796875
-11.625,12.625,2000-10-16,2000-10-16_001_023,20.503070831298828,4.5433526039123535,2.473938226699829,True,True,forte,exceptionelle,Kédougou,Zone soudanienne,Phase_3_fin,Fin de saison (Septembre-Octobre),2000,10,16,290,20.512300865134993,4.544198829325,638.192138671875
-11.375,12.625,2000-10-16,2000-10-16_001_024,16.686641693115234,4.173475742340088,2.29679536819458,True,False,modérée,exceptionelle,Kédougou,Zone soudanienne,Phase_3_fin,Fin de saison (Septembre-Octobre),2000,10,16,290,16.724997285622436,4.174877032562716,665.3492431640625
-16.625,12.875,2000-10-16,2000-10-16_002_003,23.129201889038086,3.4182558059692383,3.278536319732666,True,True,forte,exceptionelle,Ziguinchor,Zone soudanienne,Phase_3_fin,Fin de saison (Septembre-Octobre),2000,10,16,290,23.142720696914147,3.4199622983309492,94.95609283447266
-16.375,12.875,2000-10-16,2000-10-16_002_004,17.03792953491211,3.283954620361328,2.6053547859191895,True,False,modérée,exceptionelle,Ziguinchor,Zone soudanienne,Phase_3_fin,Fin de saison (Septembre-Octobre),2000,10,16,290,17.04355565746825,3.297696129161509,122.08641052246094
-16.125,12.875,2000-10-16,2000-10-16_002_005,16.288166046142578,3.4763741493225098,2.409306764602661,True,False,modérée,exceptionelle,Sédhiou,Zone soudanienne,Phase_3_fin,Fin de saison (Septembre-Octobre),2000,10,16,290,16.288838736375972,3.478576806322414,149.2167205810547
-15.875,12.875,2000-10-16,2000-10-16_002_006,15.271040916442871,3.811018466949463,2.3526885509490967,True,False,modérée,exceptionelle,Sédhiou,Zone soudanienne,Phase_3_fin,Fin de saison (Septembre-Octobre),2000,10,16,290,15.27689227147318,3.8151741842528684,176.34703063964844
-15.625,12.875,2000-10-16,2000-10-16_002_007,15.330284118652344,3.491868495941162,2.312466859817505,True,False,modérée,exceptionelle,Sédhiou,Zone soudanienne,Phase_3_fin,Fin de saison (Septembre-Octobre),2000,10,16,290,15.330391006853112,3.496868467810166,203.47735595703125
-15.375,12.875,2000-10-16,2000-10-16_002_008,14.49478530883789,3.314732551574707,2.3912529945373535,True,False,modérée,exceptionelle,Kolda,Zone soudanienne,Phase_3_fin,Fin de saison (Septembre-Octobre),2000,10,16,290,14.521563429329266,3.3162941669099895,230.60765075683594
-15.125,12.875,2000-10-16,2000-10-16_002_009,8.219274520874023,1.6951853036880493,2.5082225799560547,False,False,modérée,humide,Kolda,Zone soudanienne,Phase_3_fin,Fin de saison (Septembre-Octobre),2000,10,16,290,8.241122006171912,1.6990249450482315,257.73797607421875
-14.875,12.875,2000-10-16,2000-10-16_002_010,5.935957431793213,0.8601030707359314,2.6536612510681152,False,False,modérée,normale,Kolda,Zone soudanienne,Phase_3_fin,Fin de saison (Septembre-Octobre),2000,10,16,290,5.947824782462575,0.873863440961694,284.8682861328125
-14.625,12.875,2000-10-16,2000-10-16_002_011,6.183250904083252,0.874328076839447,2.6605660915374756,False,False,modérée,normale,Kolda,Zone soudanienne,Phase_3_fin,Fin de saison (Septembre-Octobre),2000,10,16,290,6.225498367194554,0.9501729038492519,311.99859619140625
-14.375,12.875,2000-10-16,2000-10-16_002_012,5.67185115814209,1.0726357698440552,2.268946886062622,False,False,modérée,humide,Kolda,Zone soudanienne,Phase_3_fin,Fin de saison (Septembre-Octobre),2000,10,16,290,5.722320616544791,1.128284649034241,339.12890625
-14.125,12.875,2000-10-16,2000-10-16_002_013,5.533720016479492,1.0030781030654907,2.388293743133545,False,False,modérée,humide,Kolda,Zone soudanienne,Phase_3_fin,Fin de saison (Septembre-Octobre),2000,10,16,290,5.560243740752714,1.026929576193268,366.25921630859375
-13.875,12.875,2000-10-16,2000-10-16_002_014,10.38729476928711,1.7697505950927734,3.1700737476348877,False,False,modérée,humide,Tambacounda,Zone soudanienne,Phase_3_fin,Fin de saison (Septembre-Octobre),2000,10,16,290,10.417506941598862,1.7711003317904832,393.3895263671875
-13.625,12.875,2000-10-16,2000-10-16_002_015,5.193915367126465,0.9529380798339844,2.4118990898132324,False,False,modérée,normale,Tambacounda,Zone soudanienne,Phase_3_fin,Fin de saison (Septembre-Octobre),2000,10,16,290,5.281541412200161,1.0011884036974692,420.51983642578125
-13.375,12.875,2000-10-16,2000-10-16_002_016,4.6723432540893555,1.5285122394561768,1.7535322904586792,False,False,faible,humide,Tambacounda,Zone soudanienne,Phase_3_fin,Fin de saison (Septembre-Octobre),2000,10,16,290,4.680761255810609,1.6040776890126904,447.6501770019531
-13.125,12.875,2000-10-16,2000-10-16_002_017,9.098285675048828,2.763763666152954,2.090301036834717,True,False,modérée,très humide,Kédougou,Zone soudanienne,Phase_3_fin,Fin de saison (Septembre-Octobre),2000,10,16,290,9.107192473195905,2.769993144663135,474.78045654296875
-12.875,12.875,2000-10-16,2000-10-16_002_018,14.738282203674316,3.942427635192871,2.475209951400757,True,False,modérée,exceptionelle,Kédougou,Zone soudanienne,Phase_3_fin,Fin de saison (Septembre-Octobre),2000,10,16,290,14.746026602222692,3.9461560321213613,501.9107666015625
-12.625,12.875,2000-10-16,2000-10-16_002_019,19.369003295898438,4.657384395599365,2.602937698364258,True,False,modérée,exceptionelle,Kédougou,Zone soudanienne,Phase_3_fin,Fin de saison (Septembre-Octobre),2000,10,16,290,19.374753549470377,4.6610961271889835,529.0410766601562
-12.375,12.875,2000-10-16,2000-10-16_002_020,17.49955940246582,4.248434066772461,2.5452308654785156,True,False,modérée,exceptionelle,Kédougou,Zone soudanienne,Phase_3_fin,Fin de saison (Septembre-Octobre),2000,10,16,290,17.52228685120242,4.255249133661165,556.1714477539062
-12.125,12.875,2000-10-16,2000-10-16_002_021,15.9406099319458,3.9306883811950684,2.425487756729126,True,False,modérée,exceptionelle,Kédougou,Zone soudanienne,Phase_3_fin,Fin de saison (Septembre-Octobre),2000,10,16,290,15.942049012112259,3.9353781836715775,583.3016967773438
-11.875,12.875,2000-10-16,2000-10-16_002_022,20.76620864868164,4.323665142059326,2.674938917160034,True,True,forte,exceptionelle,Kédougou,Zone soudanienne,Phase_3_fin,Fin de saison (Septembre-Octobre),2000,10,16,290,20.777513326711997,4.324861135914098,610.4320068359375
-11.625,12.875,2000-10-16,2000-10-16_002_023,15.330802917480469,4.2181077003479,1.9690214395523071,True,False,modérée,exceptionelle,Kédougou,Zone soudanienne,Phase_3_fin,Fin de saison (Septembre-Octobre),2000,10,16,290,15.331897582241039,4.219418226174973,637.5623779296875
-11.375,12.875,2000-10-16,2000-10-16_002_024,14.621748924255371,3.5985090732574463,2.214311361312866,True,False,modérée,exceptionelle,Kédougou,Zone soudanienne,Phase_3_fin,Fin de saison (Septembre-Octobre),2000,10,16,290,14.634584769531708,3.600117020870573,664.6926879882812
-16.625,13.125,2000-10-16,2000-10-16_003_003,14.193756103515625,3.6897659301757812,1.861336588859558,True,False,modérée,exceptionelle,Ziguinchor,Zone soudanienne,Phase_3_fin,Fin de saison (Septembre-Octobre),2000,10,16,290,14.215356000104743,3.6902464993635014,94.86048126220703
-16.375,13.125,2000-10-16,2000-10-16_003_004,11.598880767822266,3.5203113555908203,1.6530226469039917,True,False,modérée,exceptionelle,Ziguinchor,Zone soudanienne,Phase_3_fin,Fin de saison (Septembre-Octobre),2000,10,16,290,11.611745141858433,3.5207895166310834,121.9634780883789
-16.125,13.125,2000-10-16,2000-10-16_003_005,11.117395401000977,3.360473155975342,1.6978522539138794,True,False,modérée,exceptionelle,Sédhiou,Zone soudanienne,Phase_3_fin,Fin de saison (Septembre-Octobre),2000,10,16,290,11.125867632765267,3.3676145472119203,149.0664825439453
-15.875,13.125,2000-10-16,2000-10-16_003_006,13.837542533874512,4.583632469177246,1.7101389169692993,True,False,modérée,exceptionelle,Sédhiou,Zone soudanienne,Phase_3_fin,Fin de saison (Septembre-Octobre),2000,10,16,290,13.841828271971275,4.584588508510111,176.1694793701172
-15.625,13.125,2000-10-16,2000-10-16_003_007,12.792379379272461,3.5275497436523438,2.160646915435791,True,False,modérée,exceptionelle,Sédhiou,Zone soudanienne,Phase_3_fin,Fin de saison (Septembre-Octobre),2000,10,16,290,12.794753481994322,3.527605689350684,203.27247619628906
-15.375,13.125,2000-10-16,2000-10-16_003_008,10.544327735900879,2.6131951808929443,2.1575071811676025,True,False,modérée,très humide,Kolda,Zone soudanienne,Phase_3_fin,Fin de saison (Septembre-Octobre),2000,10,16,290,10.619723214575993,2.6184246132721256,230.37545776367188
-15.125,13.125,2000-10-16,2000-10-16_003_009,12.673503875732422,3.317366123199463,2.162631034851074,True,False,modérée,exceptionelle,Kolda,Zone soudanienne,Phase_3_fin,Fin de saison (Septembre-Octobre),2000,10,16,290,12.681447966014918,3.3198695212752374,257.47845458984375
-14.875,13.125,2000-10-16,2000-10-16_003_010,11.818694114685059,2.7911434173583984,2.2383551597595215,True,False,modérée,très humide,Kolda,Zone soudanienne,Phase_3_fin,Fin de saison (Septembre-Octobre),2000,10,16,290,11.824971707022968,2.804296610942438,284.5814514160156
-14.625,13.125,2000-10-16,2000-10-16_003_011,9.578882217407227,1.9919530153274536,2.3187291622161865,False,False,modérée,humide,Kolda,Zone soudanienne,Phase_3_fin,Fin de saison (Septembre-Octobre),2000,10,16,290,9.635840823302916,1.9928259684811884,311.6844482421875
-14.375,13.125,2000-10-16,2000-10-16_003_012,7.371384143829346,1.7875170707702637,2.0080738067626953,False,False,modérée,humide,Tambacounda,Zone soudanienne,Phase_3_fin,Fin de saison (Septembre-Octobre),2000,10,16,290,7.389503773732401,1.7912046573868947,338.7874450683594
-14.125,13.125,2000-10-16,2000-10-16_003_013,5.3120551109313965,1.6239172220230103,1.6412310600280762,False,False,modérée,humide,Tambacounda,Zone soudanienne,Phase_3_fin,Fin de saison (Septembre-Octobre),2000,10,16,290,5.366267901569156,1.6822535188952883,365.89044189453125
-13.875,13.125,2000-10-16,2000-10-16_003_014,6.358138561248779,1.4600765705108643,2.1200201511383057,False,False,modérée,humide,Tambacounda,Zone soudanienne,Phase_3_fin,Fin de saison (Septembre-Octobre),2000,10,16,290,6.358910066997586,1.5031178704458266,392.9934387207031
-13.625,13.125,2000-10-16,2000-10-16_003_015,5.887664794921875,1.8638978004455566,1.6651709079742432,False,False,modérée,humide,Tambacounda,Zone soudanienne,Phase_3_fin,Fin de saison (Septembre-Octobre),2000,10,16,290,5.907987712016657,1.8639977373669494,420.096435546875
-13.375,13.125,2000-10-16,2000-10-16_003_016,5.8835296630859375,2.0681393146514893,1.4934083223342896,True,False,modérée,très humide,Tambacounda,Zone soudanienne,Phase_3_fin,Fin de saison (Septembre-Octobre),2000,10,16,290,5.887010238877493,2.07463245295999,447.1994323730469
-13.125,13.125,2000-10-16,2000-10-16_003_017,11.408756256103516,3.2322707176208496,1.953906774520874,True,False,modérée,exceptionelle,Tambacounda,Zone soudanienne,Phase_3_fin,Fin de saison (Septembre-Octobre),2000,10,16,290,11.409383946327708,3.235463150182561,474.30242919921875
-12.875,13.125,2000-10-16,2000-10-16_003_018,16.34211540222168,4.009893417358398,2.243070602416992,True,False,modérée,exceptionelle,Tambacounda,Zone soudanienne,Phase_3_fin,Fin de saison (Septembre-Octobre),2000,10,16,290,16.345924013224078,4.011864504023413,501.4053955078125
-12.625,13.125,2000-10-16,2000-10-16_003_019,16.2092227935791,3.8644309043884277,2.3323512077331543,True,False,modérée,exceptionelle,Tambacounda,Zone soudanienne,Phase_3_fin,Fin de saison (Septembre-Octobre),2000,10,16,290,16.217333108336483,3.8707961449071986,528.5084228515625
-12.375,13.125,2000-10-16,2000-10-16_003_020,15.9490327835083,4.082863807678223,2.1054437160491943,True,False,modérée,exceptionelle,Tambacounda,Zone soudanienne,Phase_3_fin,Fin de saison (Septembre-Octobre),2000,10,16,290,15.97122996296714,4.085866365001429,555.6114501953125
-12.125,13.125,2000-10-16,2000-10-16_003_021,13.720797538757324,3.59686279296875,2.071259021759033,True,False,modérée,exceptionelle,Tambacounda,Zone soudanienne,Phase_3_fin,Fin de saison (Septembre-Octobre),2000,10,16,290,13.726901435372817,3.597694205878368,582.71435546875
-11.875,13.125,2000-10-16,2000-10-16_003_022,15.851663589477539,3.650679588317871,2.3892242908477783,True,False,modérée,exceptionelle,Tambacounda,Zone soudanienne,Phase_3_fin,Fin de saison (Septembre-Octobre),2000,10,16,290,15.859254353010474,3.6511333803435666,609.8173828125
-11.625,13.125,2000-10-16,2000-10-16_003_023,10.851502418518066,2.995784044265747,1.9981917142868042,True,False,modérée,très humide,Tambacounda,Zone soudanienne,Phase_3_fin,Fin de saison (Septembre-Octobre),2000,10,16,290,10.851790878640946,2.996336971096058,636.92041015625
-11.375,13.125,2000-10-16,2000-10-16_003_024,0.6904861330986023,-0.40667724609375,1.7856870889663696,False,False,trace,normale,Kédougou,Zone soudanienne,Phase_3_fin,Fin de saison (Septembre-Octobre),2000,10,16,290,0.9287813747648019,-0.3873175590032309,664.0234375
-16.625,13.375,2000-10-16,2000-10-16_004_003,10.174020767211914,2.576782703399658,1.8222262859344482,True,False,modérée,très humide,Ziguinchor,Zone soudanienne,Phase_3_fin,Fin de saison (Septembre-Octobre),2000,10,16,290,10.188248404306384,2.6023581135812117,94.76307678222656
-16.375,13.375,2000-10-16,2000-10-16_004_004,11.248146057128906,2.872424840927124,1.9261448383331299,True,False,modérée,très humide,Ziguinchor,Zone soudanienne,Phase_3_fin,Fin de saison (Septembre-Octobre),2000,10,16,290,11.25233397172324,2.874093191108512,121.83824157714844
-16.125,13.375,2000-10-16,2000-10-16_004_005,11.105026245117188,3.321605920791626,1.757622241973877,True,False,modérée,exceptionelle,Kaolack,Zone soudanienne,Phase_3_fin,Fin de saison (Septembre-Octobre),2000,10,16,290,11.110775727123471,3.3233703129255594,148.9134063720703
-15.875,13.375,2000-10-16,2000-10-16_004_006,10.905341148376465,4.01512336730957,1.5653901100158691,True,False,modérée,exceptionelle,Sédhiou,Zone soudanienne,Phase_3_fin,Fin de saison (Septembre-Octobre),2000,10,16,290,10.912255083496246,4.015835818333842,175.9885711669922
-15.625,13.375,2000-10-16,2000-10-16_004_007,9.004508018493652,3.7160274982452393,1.4271506071090698,True,False,modérée,exceptionelle,Sédhiou,Zone soudanienne,Phase_3_fin,Fin de saison (Septembre-Octobre),2000,10,16,290,9.010578965421898,3.7212504465975353,203.06373596191406
-15.375,13.375,2000-10-16,2000-10-16_004_008,11.955753326416016,3.5072741508483887,1.8377184867858887,True,False,modérée,exceptionelle,Kolda,Zone soudanienne,Phase_3_fin,Fin de saison (Septembre-Octobre),2000,10,16,290,12.015241397685147,3.514185834769627,230.13888549804688
-15.125,13.375,2000-10-16,2000-10-16_004_009,12.655997276306152,3.6023619174957275,1.817417025566101,True,False,modérée,exceptionelle,Kolda,Zone soudanienne,Phase_3_fin,Fin de saison (Septembre-Octobre),2000,10,16,290,12.662243349468287,3.606146889116297,257.2140808105469
-14.875,13.375,2000-10-16,2000-10-16_004_010,11.465169906616211,3.5276567935943604,1.6781071424484253,True,False,modérée,exceptionelle,Kolda,Zone soudanienne,Phase_3_fin,Fin de saison (Septembre-Octobre),2000,10,16,290,11.48222580147748,3.535577025245782,284.2892150878906
-14.625,13.375,2000-10-16,2000-10-16_004_011,13.341082572937012,3.306934118270874,2.0231964588165283,True,False,modérée,exceptionelle,Kolda,Zone soudanienne,Phase_3_fin,Fin de saison (Septembre-Octobre),2000,10,16,290,13.34175200198763,3.3115779089568247,311.3644104003906
-14.375,13.375,2000-10-16,2000-10-16_004_012,11.425743103027344,3.0618584156036377,1.8999695777893066,True,False,modérée,exceptionelle,Tambacounda,Zone soudanienne,Phase_3_fin,Fin de saison (Septembre-Octobre),2000,10,16,290,11.442484635204526,3.06701849333605,338.4395446777344
-14.125,13.375,2000-10-16,2000-10-16_004_013,9.560269355773926,2.6332125663757324,1.9349228143692017,True,False,modérée,très humide,Tambacounda,Zone soudanienne,Phase_3_fin,Fin de saison (Septembre-Octobre),2000,10,16,290,9.571165830046688,2.6455186467673912,365.51470947265625
-13.875,13.375,2000-10-16,2000-10-16_004_014,9.02289867401123,2.2228009700775146,2.102916955947876,True,False,modérée,très humide,Tambacounda,Zone soudanienne,Phase_3_fin,Fin de saison (Septembre-Octobre),2000,10,16,290,9.049684821660795,2.224946922992342,392.5898742675781
-13.625,13.375,2000-10-16,2000-10-16_004_015,4.856377601623535,1.4391920566558838,1.5630601644515991,False,False,faible,humide,Tambacounda,Zone soudanienne,Phase_3_fin,Fin de saison (Septembre-Octobre),2000,10,16,290,4.8676651063276895,1.4588696764941191,419.6650390625
-13.375,13.375,2000-10-16,2000-10-16_004_016,9.0140962600708,2.853896141052246,1.6806182861328125,True,False,modérée,très humide,Tambacounda,Zone soudanienne,Phase_3_fin,Fin de saison (Septembre-Octobre),2000,10,16,290,9.019647531173936,2.8670710708627745,446.7402038574219
-13.125,13.375,2000-10-16,2000-10-16_004_017,15.248851776123047,3.727324962615967,2.0404727458953857,True,False,modérée,exceptionelle,Tambacounda,Zone soudanienne,Phase_3_fin,Fin de saison (Septembre-Octobre),2000,10,16,290,15.253646414483612,3.7302650950062812,473.81536865234375
-12.875,13.375,2000-10-16,2000-10-16_004_018,17.084579467773438,4.192373752593994,1.927624225616455,True,False,modérée,exceptionelle,Tambacounda,Zone soudanienne,Phase_3_fin,Fin de saison (Septembre-Octobre),2000,10,16,290,17.11047617274912,4.197728703369447,500.8905334472656
-12.625,13.375,2000-10-16,2000-10-16_004_019,16.080890655517578,4.095646381378174,1.9590134620666504,True,False,modérée,exceptionelle,Tambacounda,Zone soudanienne,Phase_3_fin,Fin de saison (Septembre-Octobre),2000,10,16,290,16.09384479235165,4.096500224204519,527.9656982421875
-12.375,13.375,2000-10-16,2000-10-16_004_020,14.601362228393555,3.9577691555023193,1.815264105796814,True,False,modérée,exceptionelle,Tambacounda,Zone soudanienne,Phase_3_fin,Fin de saison (Septembre-Octobre),2000,10,16,290,14.602356656711905,3.958959247598696,555.0408935546875
-12.125,13.375,2000-10-16,2000-10-16_004_021,10.214476585388184,3.3975255489349365,1.4688583612442017,True,False,modérée,exceptionelle,Tambacounda,Zone soudanienne,Phase_3_fin,Fin de saison (Septembre-Octobre),2000,10,16,290,10.22245236976662,3.3988384182129674,582.1160278320312
-11.875,13.375,2000-10-16,2000-10-16_004_022,9.558893203735352,3.5649588108062744,1.4467612504959106,True,False,modérée,exceptionelle,Tambacounda,Zone soudanienne,Phase_3_fin,Fin de saison (Septembre-Octobre),2000,10,16,290,9.559702298149992,3.565030193209049,609.191162109375
-11.625,13.375,2000-10-16,2000-10-16_004_023,10.229172706604004,3.237499475479126,1.6694273948669434,True,False,modérée,exceptionelle,Tambacounda,Zone soudanienne,Phase_3_fin,Fin de saison (Septembre-Octobre),2000,10,16,290,10.233780439175552,3.2495576305006018,636.266357421875
-11.375,13.375,2000-10-16,2000-10-16_004_024,0.44042712450027466,-0.41198137402534485,1.5216479301452637,False,False,trace,normale,Kédougou,Zone soudanienne,Phase_3_fin,Fin de saison (Septembre-Octobre),2000,10,16,290,0.6879729772332923,-0.406703900002954,663.341552734375
-16.625,13.625,2000-10-16,2000-10-16_005_003,8.7251558303833,2.1574156284332275,1.5126957893371582,True,False,modérée,très humide,Fatick,Zone soudano-sahélienne,Phase_3_fin,Fin de saison (Septembre-Octobre),2000,10,16,290,8.729000978134385,2.1602060836763237,94.66385650634766
-16.375,13.625,2000-10-16,2000-10-16_005_004,6.289062976837158,2.2253353595733643,1.118612289428711,True,False,modérée,très humide,Kaolack,Zone soudano-sahélienne,Phase_3_fin,Fin de saison (Septembre-Octobre),2000,10,16,290,6.296984128616563,2.227497487810988,121.71067810058594
-16.125,13.625,2000-10-16,2000-10-16_005_005,8.720394134521484,2.9871411323547363,1.3940417766571045,True,False,modérée,très humide,Kaolack,Zone soudano-sahélienne,Phase_3_fin,Fin de saison (Septembre-Octobre),2000,10,16,290,8.723480861989698,2.9929609825862715,148.7574920654297
-15.875,13.625,2000-10-16,2000-10-16_005_006,9.449310302734375,3.820634603500366,1.3177355527877808,True,False,modérée,exceptionelle,Kaffrine,Zone soudano-sahélienne,Phase_3_fin,Fin de saison (Septembre-Octobre),2000,10,16,290,9.451133881382008,3.8310848294790074,175.8043212890625
-15.625,13.625,2000-10-16,2000-10-16_005_007,9.4523344039917,4.536531925201416,1.0854674577713013,True,False,modérée,exceptionelle,Kaffrine,Zone soudano-sahélienne,Phase_3_fin,Fin de saison (Septembre-Octobre),2000,10,16,290,9.470002845304096,4.538159976652519,202.85113525390625
-15.375,13.625,2000-10-16,2000-10-16_005_008,14.793643951416016,4.546935558319092,1.7899471521377563,True,False,modérée,exceptionelle,Kaffrine,Zone soudano-sahélienne,Phase_3_fin,Fin de saison (Septembre-Octobre),2000,10,16,290,14.796133558953827,4.549382825592654,229.89793395996094
-15.125,13.625,2000-10-16,2000-10-16_005_009,16.437515258789062,4.21539831161499,2.2182540893554688,True,False,modérée,exceptionelle,Kaffrine,Zone soudano-sahélienne,Phase_3_fin,Fin de saison (Septembre-Octobre),2000,10,16,290,16.447984129939243,4.215565592799354,256.94476318359375
-14.875,13.625,2000-10-16,2000-10-16_005_010,16.159008026123047,4.144756317138672,2.156832695007324,True,False,modérée,exceptionelle,Kolda,Zone soudano-sahélienne,Phase_3_fin,Fin de saison (Septembre-Octobre),2000,10,16,290,16.16720893035582,4.148225737576508,283.9915771484375
-14.625,13.625,2000-10-16,2000-10-16_005_011,15.894214630126953,4.224528789520264,1.8913148641586304,True,False,modérée,exceptionelle,Kolda,Zone soudano-sahélienne,Phase_3_fin,Fin de saison (Septembre-Octobre),2000,10,16,290,15.896694375042939,4.2272336782522535,311.0384216308594
-14.375,13.625,2000-10-16,2000-10-16_005_012,15.336181640625,3.6998186111450195,2.1496641635894775,True,False,modérée,exceptionelle,Tambacounda,Zone soudano-sahélienne,Phase_3_fin,Fin de saison (Septembre-Octobre),2000,10,16,290,15.338166625056434,3.7073528928373327,338.085205078125
-14.125,13.625,2000-10-16,2000-10-16_005_013,11.67146110534668,2.9688916206359863,1.9674427509307861,True,False,modérée,très humide,Tambacounda,Zone soudano-sahélienne,Phase_3_fin,Fin de saison (Septembre-Octobre),2000,10,16,290,11.672409771674841,2.9718245285839293,365.13201904296875
-13.875,13.625,2000-10-16,2000-10-16_005_014,11.07535171508789,2.777338743209839,1.9242035150527954,True,False,modérée,très humide,Tambacounda,Zone soudano-sahélienne,Phase_3_fin,Fin de saison (Septembre-Octobre),2000,10,16,290,11.078366418579716,2.782887210798024,392.1788635253906
-13.625,13.625,2000-10-16,2000-10-16_005_015,11.555075645446777,3.38028883934021,1.7666138410568237,True,False,modérée,exceptionelle,Tambacounda,Zone soudano-sahélienne,Phase_3_fin,Fin de saison (Septembre-Octobre),2000,10,16,290,11.55760797423933,3.384269382486391,419.22564697265625
-13.375,13.625,2000-10-16,2000-10-16_005_016,12.799177169799805,3.6358532905578613,1.8642600774765015,True,False,modérée,exceptionelle,Tambacounda,Zone soudano-sahélienne,Phase_3_fin,Fin de saison (Septembre-Octobre),2000,10,16,290,12.799433109149263,3.63789401940964,446.2724914550781
-13.125,13.625,2000-10-16,2000-10-16_005_017,13.574732780456543,3.8984532356262207,1.7956695556640625,True,False,modérée,exceptionelle,Tambacounda,Zone soudano-sahélienne,Phase_3_fin,Fin de saison (Septembre-Octobre),2000,10,16,290,13.614806247116926,3.9025034928441644,473.3193054199219
-12.875,13.625,2000-10-16,2000-10-16_005_018,16.341672897338867,4.353355884552002,1.7655181884765625,True,False,modérée,exceptionelle,Tambacounda,Zone soudano-sahélienne,Phase_3_fin,Fin de saison (Septembre-Octobre),2000,10,16,290,16.341739606617683,4.354118900682459,500.3660888671875
-12.625,13.625,2000-10-16,2000-10-16_005_019,13.790209770202637,4.057880401611328,1.6312928199768066,True,False,modérée,exceptionelle,Tambacounda,Zone soudano-sahélienne,Phase_3_fin,Fin de saison (Septembre-Octobre),2000,10,16,290,13.80329168981044,4.0595034870071025,527.4129028320312
-12.375,13.625,2000-10-16,2000-10-16_005_020,9.538818359375,3.6099700927734375,1.317548394203186,True,False,modérée,exceptionelle,Tambacounda,Zone soudano-sahélienne,Phase_3_fin,Fin de saison (Septembre-Octobre),2000,10,16,290,9.54080664093171,3.612764480125964,554.4597778320312
-12.125,13.625,2000-10-16,2000-10-16_005_021,10.852082252502441,3.651630163192749,1.444948434829712,True,False,modérée,exceptionelle,Tambacounda,Zone soudano-sahélienne,Phase_3_fin,Fin de saison (Septembre-Octobre),2000,10,16,290,10.856890029044607,3.6518966804197683,581.5065307617188
-11.875,13.625,2000-10-16,2000-10-16_005_022,14.16822624206543,4.443112850189209,1.4595987796783447,True,False,modérée,exceptionelle,Tambacounda,Zone soudano-sahélienne,Phase_3_fin,Fin de saison (Septembre-Octobre),2000,10,16,290,14.175025652401413,4.449644597930525,608.5533447265625
-11.625,13.625,2000-10-16,2000-10-16_005_023,20.980459213256836,5.122641563415527,1.7615073919296265,True,True,forte,exceptionelle,Tambacounda,Zone soudano-sahélienne,Phase_3_fin,Fin de saison (Septembre-Octobre),2000,10,16,290,20.98656014102188,5.122812860575154,635.6002197265625
-11.375,13.625,2000-10-16,2000-10-16_005_024,6.916985511779785,1.9145501852035522,1.6356154680252075,False,False,modérée,humide,Kédougou,Zone soudano-sahélienne,Phase_3_fin,Fin de saison (Septembre-Octobre),2000,10,16,290,6.936830491875884,1.9421287822963005,662.6470336914062
-16.625,13.875,2000-10-16,2000-10-16_006_003,8.056809425354004,1.8297959566116333,1.5460164546966553,False,False,modérée,humide,Fatick,Zone soudano-sahélienne,Phase_3_fin,Fin de saison (Septembre-Octobre),2000,10,16,290,8.059763841293565,1.8478895186179847,94.56283569335938
-16.375,13.875,2000-10-16,2000-10-16_006_004,5.604197978973389,1.9458216428756714,1.0631840229034424,False,False,modérée,humide,Fatick,Zone soudano-sahélienne,Phase_3_fin,Fin de saison (Septembre-Octobre),2000,10,16,290,5.662502100719279,1.9863894327202036,121.58079528808594
-16.125,13.875,2000-10-16,2000-10-16_006_005,8.190942764282227,3.0384068489074707,1.2535275220870972,True,False,modérée,exceptionelle,Fatick,Zone soudano-sahélienne,Phase_3_fin,Fin de saison (Septembre-Octobre),2000,10,16,290,8.209726314448831,3.041909373585303,148.5987548828125
-15.875,13.875,2000-10-16,2000-10-16_006_006,11.135721206665039,3.912853717803955,1.3629627227783203,True,False,modérée,exceptionelle,Kaolack,Zone soudano-sahélienne,Phase_3_fin,Fin de saison (Septembre-Octobre),2000,10,16,290,11.14710068103656,3.9162939541303934,175.61669921875
-15.625,13.875,2000-10-16,2000-10-16_006_007,12.384408950805664,3.95181941986084,1.509441614151001,True,False,modérée,exceptionelle,Kaolack,Zone soudano-sahélienne,Phase_3_fin,Fin de saison (Septembre-Octobre),2000,10,16,290,12.401364911141707,3.954166426131474,202.63465881347656
-15.375,13.875,2000-10-16,2000-10-16_006_008,20.65613555908203,4.7373247146606445,2.0238776206970215,True,True,forte,exceptionelle,Kaffrine,Zone soudano-sahélienne,Phase_3_fin,Fin de saison (Septembre-Octobre),2000,10,16,290,20.659600770653192,4.7424342620312885,229.65260314941406
-15.125,13.875,2000-10-16,2000-10-16_006_009,19.2198543548584,4.946943759918213,1.8342558145523071,True,False,modérée,exceptionelle,Kaffrine,Zone soudano-sahélienne,Phase_3_fin,Fin de saison (Septembre-Octobre),2000,10,16,290,19.2269138786661,4.948067921489926,256.6705627441406
-14.875,13.875,2000-10-16,2000-10-16_006_010,19.94806480407715,4.8918986320495605,1.9932032823562622,True,False,modérée,exceptionelle,Kaffrine,Zone soudano-sahélienne,Phase_3_fin,Fin de saison (Septembre-Octobre),2000,10,16,290,19.950793194411386,4.892593086664402,283.6885070800781
-14.625,13.875,2000-10-16,2000-10-16_006_011,16.37152671813965,4.22238302230835,2.0259320735931396,True,False,modérée,exceptionelle,Kaffrine,Zone soudano-sahélienne,Phase_3_fin,Fin de saison (Septembre-Octobre),2000,10,16,290,16.38097733828291,4.223035378671771,310.70648193359375
-14.375,13.875,2000-10-16,2000-10-16_006_012,14.352133750915527,3.734797716140747,2.0680840015411377,True,False,modérée,exceptionelle,Tambacounda,Zone soudano-sahélienne,Phase_3_fin,Fin de saison (Septembre-Octobre),2000,10,16,290,14.371994425903015,3.736653219515355,337.72442626953125
-14.125,13.875,2000-10-16,2000-10-16_006_013,10.861795425415039,3.372830867767334,1.6724543571472168,True,False,modérée,exceptionelle,Tambacounda,Zone soudano-sahélienne,Phase_3_fin,Fin de saison (Septembre-Octobre),2000,10,16,290,10.883240052803076,3.373584126108256,364.74237060546875
-13.875,13.875,2000-10-16,2000-10-16_006_014,11.059521675109863,3.453867197036743,1.564837098121643,True,False,modérée,exceptionelle,Tambacounda,Zone soudano-sahélienne,Phase_3_fin,Fin de saison (Septembre-Octobre),2000,10,16,290,11.066999181431141,3.456507923015997,391.7603454589844
-13.625,13.875,2000-10-16,2000-10-16_006_015,11.189492225646973,2.914330244064331,1.8064528703689575,True,False,modérée,très humide,Tambacounda,Zone soudano-sahélienne,Phase_3_fin,Fin de saison (Septembre-Octobre),2000,10,16,290,11.20740775966165,2.918890123391271,418.7782897949219
-13.375,13.875,2000-10-16,2000-10-16_006_016,15.0729341506958,3.466186285018921,2.069777488708496,True,False,modérée,exceptionelle,Tambacounda,Zone soudano-sahélienne,Phase_3_fin,Fin de saison (Septembre-Octobre),2000,10,16,290,15.111388506002758,3.4717409748527874,445.7962341308594
-13.125,13.875,2000-10-16,2000-10-16_006_017,15.329998970031738,3.8831682205200195,1.9457571506500244,True,False,modérée,exceptionelle,Tambacounda,Zone soudano-sahélienne,Phase_3_fin,Fin de saison (Septembre-Octobre),2000,10,16,290,15.330058435698849,3.8836481121916266,472.8141784667969
-12.875,13.875,2000-10-16,2000-10-16_006_018,15.39163589477539,4.4708075523376465,1.548254370689392,True,False,modérée,exceptionelle,Tambacounda,Zone soudano-sahélienne,Phase_3_fin,Fin de saison (Septembre-Octobre),2000,10,16,290,15.398254432869917,4.479916295813554,499.8321228027344
-12.625,13.875,2000-10-16,2000-10-16_006_019,12.518245697021484,4.092727184295654,1.3750741481781006,True,False,modérée,exceptionelle,Tambacounda,Zone soudano-sahélienne,Phase_3_fin,Fin de saison (Septembre-Octobre),2000,10,16,290,12.524296803690081,4.093264255092372,526.85009765625
-12.375,13.875,2000-10-16,2000-10-16_006_020,12.211661338806152,4.321788787841797,1.2461340427398682,True,False,modérée,exceptionelle,Tambacounda,Zone soudano-sahélienne,Phase_3_fin,Fin de saison (Septembre-Octobre),2000,10,16,290,12.275899144273305,4.322321521576924,553.8680419921875
-12.125,13.875,2000-10-16,2000-10-16_006_021,14.910805702209473,4.469371795654297,1.4814070463180542,True,False,modérée,exceptionelle,Tambacounda,Zone soudano-sahélienne,Phase_3_fin,Fin de saison (Septembre-Octobre),2000,10,16,290,14.917875088638997,4.469725323681855,580.885986328125
-11.875,13.875,2000-10-16,2000-10-16_006_022,20.27615737915039,4.630233287811279,1.868902564048767,True,True,forte,exceptionelle,Tambacounda,Zone soudano-sahélienne,Phase_3_fin,Fin de saison (Septembre-Octobre),2000,10,16,290,20.284114875985154,4.634485087802063,607.9039306640625
-11.625,13.875,2000-10-16,2000-10-16_006_023,21.658531188964844,4.955078601837158,1.7784205675125122,True,True,forte,exceptionelle,Tambacounda,Zone soudano-sahélienne,Phase_3_fin,Fin de saison (Septembre-Octobre),2000,10,16,290,21.673263803798346,4.956849991975718,634.9219360351562
-11.375,13.875,2000-10-16,2000-10-16_006_024,7.884655952453613,2.529719591140747,1.4203870296478271,True,False,modérée,très humide,Kédougou,Zone soudano-sahélienne,Phase_3_fin,Fin de saison (Septembre-Octobre),2000,10,16,290,7.9059845143227125,2.5300083591710383,661.9398803710938
-16.625,14.125,2000-10-16,2000-10-16_007_003,4.949163436889648,1.7397044897079468,0.9596601128578186,False,False,faible,humide,Fatick,Zone soudano-sahélienne,Phase_3_fin,Fin de saison (Septembre-Octobre),2000,10,16,290,4.996962504171247,1.7464504601368354,94.46001434326172
-16.375,14.125,2000-10-16,2000-10-16_007_004,7.97200870513916,2.7319886684417725,1.1048834323883057,True,False,modérée,très humide,Fatick,Zone soudano-sahélienne,Phase_3_fin,Fin de saison (Septembre-Octobre),2000,10,16,290,8.011834072707286,2.734630355882884,121.44859313964844
-16.125,14.125,2000-10-16,2000-10-16_007_005,13.41411018371582,3.8794212341308594,1.4199858903884888,True,False,modérée,exceptionelle,Fatick,Zone soudano-sahélienne,Phase_3_fin,Fin de saison (Septembre-Octobre),2000,10,16,290,13.415490279844658,3.8810028766267863,148.4371795654297
-15.875,14.125,2000-10-16,2000-10-16_007_006,13.55086898803711,4.044475555419922,1.5073572397232056,True,False,modérée,exceptionelle,Kaolack,Zone soudano-sahélienne,Phase_3_fin,Fin de saison (Septembre-Octobre),2000,10,16,290,13.55782426421966,4.049392911057975,175.42575073242188
-15.625,14.125,2000-10-16,2000-10-16_007_007,14.60536003112793,3.929670810699463,1.711359977722168,True,False,modérée,exceptionelle,Kaolack,Zone soudano-sahélienne,Phase_3_fin,Fin de saison (Septembre-Octobre),2000,10,16,290,14.609395487224635,3.9300798842655356,202.41433715820312
-15.375,14.125,2000-10-16,2000-10-16_007_008,19.079906463623047,4.72783899307251,1.8725255727767944,True,False,modérée,exceptionelle,Kaffrine,Zone soudano-sahélienne,Phase_3_fin,Fin de saison (Septembre-Octobre),2000,10,16,290,19.084618716982742,4.728984768067173,229.40289306640625
-15.125,14.125,2000-10-16,2000-10-16_007_009,17.004371643066406,4.876816272735596,1.6752294301986694,True,False,modérée,exceptionelle,Kaffrine,Zone soudano-sahélienne,Phase_3_fin,Fin de saison (Septembre-Octobre),2000,10,16,290,17.008503142313742,4.879203681370721,256.3914794921875
-14.875,14.125,2000-10-16,2000-10-16_007_010,18.84181785583496,5.017444133758545,1.7512242794036865,True,False,modérée,exceptionelle,Kaffrine,Zone soudano-sahélienne,Phase_3_fin,Fin de saison (Septembre-Octobre),2000,10,16,290,18.859869190196896,5.020192575215096,283.38006591796875
-14.625,14.125,2000-10-16,2000-10-16_007_011,18.325782775878906,4.837320804595947,1.8128879070281982,True,False,modérée,exceptionelle,Kaffrine,Zone soudano-sahélienne,Phase_3_fin,Fin de saison (Septembre-Octobre),2000,10,16,290,18.328084835455048,4.8391564551310315,310.36865234375
-14.375,14.125,2000-10-16,2000-10-16_007_012,14.995906829833984,4.094264984130859,1.8714545965194702,True,False,modérée,exceptionelle,Tambacounda,Zone soudano-sahélienne,Phase_3_fin,Fin de saison (Septembre-Octobre),2000,10,16,290,15.012937996255689,4.094743961065858,337.3572082519531
-14.125,14.125,2000-10-16,2000-10-16_007_013,8.731110572814941,2.9838943481445312,1.4885129928588867,True,False,modérée,très humide,Tambacounda,Zone soudano-sahélienne,Phase_3_fin,Fin de saison (Septembre-Octobre),2000,10,16,290,8.74721956013435,2.9860887826986646,364.34576416015625
-13.875,14.125,2000-10-16,2000-10-16_007_014,9.949975967407227,2.9414331912994385,1.616011381149292,True,False,modérée,très humide,Tambacounda,Zone soudano-sahélienne,Phase_3_fin,Fin de saison (Septembre-Octobre),2000,10,16,290,9.962036008211836,2.9477135811618824,391.3343811035156
-13.625,14.125,2000-10-16,2000-10-16_007_015,8.21883773803711,2.3202762603759766,1.4554873704910278,True,False,modérée,très humide,Tambacounda,Zone soudano-sahélienne,Phase_3_fin,Fin de saison (Septembre-Octobre),2000,10,16,290,8.219130755668909,2.3204512104916213,418.32293701171875
-13.375,14.125,2000-10-16,2000-10-16_007_016,12.430316925048828,3.7542977333068848,1.3879579305648804,True,False,modérée,exceptionelle,Tambacounda,Zone soudano-sahélienne,Phase_3_fin,Fin de saison (Septembre-Octobre),2000,10,16,290,12.45790498340549,3.7544894529946484,445.3115234375
-13.125,14.125,2000-10-16,2000-10-16_007_017,18.349275588989258,4.977132797241211,1.5400195121765137,True,False,modérée,exceptionelle,Tambacounda,Zone soudano-sahélienne,Phase_3_fin,Fin de saison (Septembre-Octobre),2000,10,16,290,18.39630223758258,4.977898971519278,472.3000793457031
-12.875,14.125,2000-10-16,2000-10-16_007_018,16.292484283447266,4.848225116729736,1.4154523611068726,True,False,modérée,exceptionelle,Tambacounda,Zone soudano-sahélienne,Phase_3_fin,Fin de saison (Septembre-Octobre),2000,10,16,290,16.300023241857787,4.849308423660508,499.2886657714844
-12.625,14.125,2000-10-16,2000-10-16_007_019,13.418649673461914,4.233500003814697,1.3402926921844482,True,False,modérée,exceptionelle,Tambacounda,Zone soudano-sahélienne,Phase_3_fin,Fin de saison (Septembre-Octobre),2000,10,16,290,13.418825360398795,4.237965213593526,526.2772216796875
-12.375,14.125,2000-10-16,2000-10-16_007_020,16.52212142944336,4.4377617835998535,1.4880040884017944,True,False,modérée,exceptionelle,Tambacounda,Zone soudano-sahélienne,Phase_3_fin,Fin de saison (Septembre-Octobre),2000,10,16,290,16.535469611086437,4.439106272692657,553.2658081054688
-12.125,14.125,2000-10-16,2000-10-16_007_021,17.700571060180664,4.191019535064697,1.8187536001205444,True,False,modérée,exceptionelle,Tambacounda,Zone soudano-sahélienne,Phase_3_fin,Fin de saison (Septembre-Octobre),2000,10,16,290,17.704324837306036,4.191451659753694,580.25439453125
-11.875,14.125,2000-10-16,2000-10-16_007_022,19.8302001953125,4.389880657196045,1.9147186279296875,True,False,modérée,exceptionelle,Tambacounda,Zone soudano-sahélienne,Phase_3_fin,Fin de saison (Septembre-Octobre),2000,10,16,290,19.838788320071735,4.39446210142356,607.2429809570312
-11.625,14.125,2000-10-16,2000-10-16_007_023,15.346056938171387,3.275722026824951,2.063896894454956,True,False,modérée,exceptionelle,Tambacounda,Zone soudano-sahélienne,Phase_3_fin,Fin de saison (Septembre-Octobre),2000,10,16,290,15.35510401749731,3.280665719928454,634.2315673828125
-11.375,14.125,2000-10-16,2000-10-16_007_024,10.237702369689941,2.285078525543213,1.8989571332931519,True,False,modérée,très humide,Kédougou,Zone soudano-sahélienne,Phase_3_fin,Fin de saison (Septembre-Octobre),2000,10,16,290,10.239771948387874,2.314351013557396,661.2201538085938
-16.875,14.375,2000-10-16,2000-10-16_008_002,5.912347793579102,4.345477104187012,0.5274811387062073,True,False,modérée,exceptionelle,Thiès,Zone soudano-sahélienne,Phase_3_fin,Fin de saison (Septembre-Octobre),2000,10,16,290,5.917321430378823,4.347473711224657,67.39671325683594
-16.625,14.375,2000-10-16,2000-10-16_008_003,6.5045247077941895,3.809530735015869,0.7484743595123291,True,False,modérée,exceptionelle,Fatick,Zone soudano-sahélienne,Phase_3_fin,Fin de saison (Septembre-Octobre),2000,10,16,290,6.506503396297819,3.810177412464391,94.35540008544922
-16.375,14.375,2000-10-16,2000-10-16_008_004,11.36560344696045,3.908282518386841,1.1665154695510864,True,False,modérée,exceptionelle,Diourbel,Zone soudano-sahélienne,Phase_3_fin,Fin de saison (Septembre-Octobre),2000,10,16,290,11.375070744423411,3.910154642771237,121.31409454345703
-16.125,14.375,2000-10-16,2000-10-16_008_005,16.620502471923828,4.407583713531494,1.4418076276779175,True,False,modérée,exceptionelle,Diourbel,Zone soudano-sahélienne,Phase_3_fin,Fin de saison (Septembre-Octobre),2000,10,16,290,16.622899410113618,4.41313179773302,148.2727813720703
-15.875,14.375,2000-10-16,2000-10-16_008_006,12.113595008850098,4.118956565856934,1.2112973928451538,True,False,modérée,exceptionelle,Diourbel,Zone soudano-sahélienne,Phase_3_fin,Fin de saison (Septembre-Octobre),2000,10,16,290,12.150308283130128,4.127642914278423,175.23147583007812
-15.625,14.375,2000-10-16,2000-10-16_008_007,11.652889251708984,3.565098762512207,1.4469980001449585,True,False,modérée,exceptionelle,Kaolack,Zone soudano-sahélienne,Phase_3_fin,Fin de saison (Septembre-Octobre),2000,10,16,290,11.660355323523133,3.5812202051057285,202.19015502929688
-15.375,14.375,2000-10-16,2000-10-16_008_008,11.160470008850098,3.0291943550109863,1.683030366897583,True,False,modérée,exceptionelle,Kaffrine,Zone soudano-sahélienne,Phase_3_fin,Fin de saison (Septembre-Octobre),2000,10,16,290,11.173741474822538,3.0352357140737563,229.14883422851562
-15.125,14.375,2000-10-16,2000-10-16_008_009,13.482616424560547,3.652191400527954,1.705560326576233,True,False,modérée,exceptionelle,Kaffrine,Zone soudano-sahélienne,Phase_3_fin,Fin de saison (Septembre-Octobre),2000,10,16,290,13.502680620356422,3.6699401733264243,256.1075439453125
-14.875,14.375,2000-10-16,2000-10-16_008_010,15.298439025878906,4.102045059204102,1.7374296188354492,True,False,modérée,exceptionelle,Kaffrine,Zone soudano-sahélienne,Phase_3_fin,Fin de saison (Septembre-Octobre),2000,10,16,290,15.305099918614681,4.1077813742747855,283.06622314453125
-14.625,14.375,2000-10-16,2000-10-16_008_011,17.303874969482422,4.320019721984863,1.8907157182693481,True,False,modérée,exceptionelle,Kaffrine,Zone soudano-sahélienne,Phase_3_fin,Fin de saison (Septembre-Octobre),2000,10,16,290,17.326491763244324,4.3205264393408696,310.02490234375
-14.375,14.375,2000-10-16,2000-10-16_008_012,13.407318115234375,4.028324127197266,1.6473145484924316,True,False,modérée,exceptionelle,Tambacounda,Zone soudano-sahélienne,Phase_3_fin,Fin de saison (Septembre-Octobre),2000,10,16,290,13.408150428503602,4.034289604455383,336.98358154296875
-14.125,14.375,2000-10-16,2000-10-16_008_013,9.810952186584473,3.2711689472198486,1.4104573726654053,True,False,modérée,exceptionelle,Tambacounda,Zone soudano-sahélienne,Phase_3_fin,Fin de saison (Septembre-Octobre),2000,10,16,290,9.865090212031227,3.2739145228611166,363.9422607421875
-13.875,14.375,2000-10-16,2000-10-16_008_014,8.430782318115234,2.7395808696746826,1.4649490118026733,True,False,modérée,très humide,Tambacounda,Zone soudano-sahélienne,Phase_3_fin,Fin de saison (Septembre-Octobre),2000,10,16,290,8.47156455169371,2.757505304250286,390.9009704589844
-13.625,14.375,2000-10-16,2000-10-16_008_015,8.756155014038086,2.480639934539795,1.478235125541687,True,False,modérée,très humide,Tambacounda,Zone soudano-sahélienne,Phase_3_fin,Fin de saison (Septembre-Octobre),2000,10,16,290,8.841204456348517,2.4863686345929477,417.8596496582031
-13.375,14.375,2000-10-16,2000-10-16_008_016,11.722614288330078,3.226710557937622,1.5644229650497437,True,False,modérée,exceptionelle,Tambacounda,Zone soudano-sahélienne,Phase_3_fin,Fin de saison (Septembre-Octobre),2000,10,16,290,11.737566660397016,3.228959734715409,444.8183288574219
-13.125,14.375,2000-10-16,2000-10-16_008_017,16.63850212097168,4.680652618408203,1.5138448476791382,True,False,modérée,exceptionelle,Tambacounda,Zone soudano-sahélienne,Phase_3_fin,Fin de saison (Septembre-Octobre),2000,10,16,290,16.644791713312046,4.682385046877454,471.7770080566406
-12.875,14.375,2000-10-16,2000-10-16_008_018,19.986846923828125,4.897302150726318,1.7299695014953613,True,False,modérée,exceptionelle,Tambacounda,Zone soudano-sahélienne,Phase_3_fin,Fin de saison (Septembre-Octobre),2000,10,16,290,20.006473512505767,4.898301064668589,498.7356872558594
-12.625,14.375,2000-10-16,2000-10-16_008_019,18.304950714111328,4.824779987335205,1.6683933734893799,True,False,modérée,exceptionelle,Tambacounda,Zone soudano-sahélienne,Phase_3_fin,Fin de saison (Septembre-Octobre),2000,10,16,290,18.307044388660834,4.826922639530508,525.6943969726562
-12.375,14.375,2000-10-16,2000-10-16_008_020,12.5349702835083,3.9742164611816406,1.3370258808135986,True,False,modérée,exceptionelle,Tambacounda,Zone soudano-sahélienne,Phase_3_fin,Fin de saison (Septembre-Octobre),2000,10,16,290,12.57845485629748,3.977202948613382,552.653076171875
-12.125,14.375,2000-10-16,2000-10-16_008_021,11.505576133728027,3.358835220336914,1.3746259212493896,True,False,modérée,exceptionelle,Tambacounda,Zone soudano-sahélienne,Phase_3_fin,Fin de saison (Septembre-Octobre),2000,10,16,290,11.51956091933514,3.3597858814737904,579.6117553710938
-11.875,14.375,2000-10-16,2000-10-16_008_022,14.942068099975586,3.6017088890075684,1.8249115943908691,True,False,modérée,exceptionelle,Tambacounda,Zone soudano-sahélienne,Phase_3_fin,Fin de saison (Septembre-Octobre),2000,10,16,290,14.954107413938898,3.602035403251648,606.5704345703125
-11.625,14.375,2000-10-16,2000-10-16_008_023,9.233448028564453,2.684899091720581,1.4265884160995483,True,False,modérée,très humide,Tambacounda,Zone soudano-sahélienne,Phase_3_fin,Fin de saison (Septembre-Octobre),2000,10,16,290,9.267087878893369,2.707850713825705,633.5291748046875
-11.375,14.375,2000-10-16,2000-10-16_008_024,9.517892837524414,2.075629949569702,1.7469009160995483,True,False,modérée,très humide,Kédougou,Zone soudano-sahélienne,Phase_3_fin,Fin de saison (Septembre-Octobre),2000,10,16,290,9.530353512596246,2.0840889305325607,660.4878540039062
-17.125,14.625,2000-10-16,2000-10-16_009_001,11.673835754394531,5.760327339172363,0.6125720739364624,True,False,modérée,exceptionelle,Dakar,Zone soudano-sahélienne,Phase_3_fin,Fin de saison (Septembre-Octobre),2000,10,16,290,11.693200097012161,5.760394990144663,40.39242172241211
-16.875,14.625,2000-10-16,2000-10-16_009_002,11.630497932434082,5.001514434814453,0.7735910415649414,True,False,modérée,exceptionelle,Thiès,Zone soudano-sahélienne,Phase_3_fin,Fin de saison (Septembre-Octobre),2000,10,16,290,11.639555727417145,5.002949079676489,67.3207015991211
-16.625,14.625,2000-10-16,2000-10-16_009_003,13.204442977905273,5.116215705871582,0.8913955688476562,True,False,modérée,exceptionelle,Thiès,Zone soudano-sahélienne,Phase_3_fin,Fin de saison (Septembre-Octobre),2000,10,16,290,13.210191103681247,5.116748503105126,94.24898529052734
-16.375,14.625,2000-10-16,2000-10-16_009_004,9.542171478271484,5.044124126434326,0.7329234480857849,True,False,modérée,exceptionelle,Diourbel,Zone soudano-sahélienne,Phase_3_fin,Fin de saison (Septembre-Octobre),2000,10,16,290,9.552044858884571,5.0443540625835785,121.17727661132812
-16.125,14.625,2000-10-16,2000-10-16_009_005,13.290351867675781,4.903928279876709,1.108411431312561,True,False,modérée,exceptionelle,Diourbel,Zone soudano-sahélienne,Phase_3_fin,Fin de saison (Septembre-Octobre),2000,10,16,290,13.306412342205718,4.905162756167464,148.10556030273438
-15.875,14.625,2000-10-16,2000-10-16_009_006,11.228886604309082,4.570119857788086,1.065653920173645,True,False,modérée,exceptionelle,Diourbel,Zone soudano-sahélienne,Phase_3_fin,Fin de saison (Septembre-Octobre),2000,10,16,290,11.23759690960448,4.570387624616,175.03384399414062
-15.625,14.625,2000-10-16,2000-10-16_009_007,10.076253890991211,3.4224212169647217,1.3897576332092285,True,False,modérée,exceptionelle,Kaffrine,Zone soudano-sahélienne,Phase_3_fin,Fin de saison (Septembre-Octobre),2000,10,16,290,10.092703390361077,3.4398034170045326,201.96212768554688
-15.375,14.625,2000-10-16,2000-10-16_009_008,9.76257038116455,3.006687641143799,1.5300557613372803,True,False,modérée,exceptionelle,Kaffrine,Zone soudano-sahélienne,Phase_3_fin,Fin de saison (Septembre-Octobre),2000,10,16,290,9.790529715954959,3.0088943698298394,228.89039611816406
-15.125,14.625,2000-10-16,2000-10-16_009_009,9.676595687866211,3.052932024002075,1.5209943056106567,True,False,modérée,exceptionelle,Kaffrine,Zone soudano-sahélienne,Phase_3_fin,Fin de saison (Septembre-Octobre),2000,10,16,290,9.726495572670022,3.0577369143615414,255.81869506835938
-14.875,14.625,2000-10-16,2000-10-16_009_010,10.817410469055176,3.171869993209839,1.5275020599365234,True,False,modérée,exceptionelle,Kaffrine,Zone soudano-sahélienne,Phase_3_fin,Fin de saison (Septembre-Octobre),2000,10,16,290,10.818723568365202,3.1869855591999228,282.7469787597656
-14.625,14.625,2000-10-16,2000-10-16_009_011,11.90863037109375,3.625056505203247,1.465196132659912,True,False,modérée,exceptionelle,Kaffrine,Zone soudano-sahélienne,Phase_3_fin,Fin de saison (Septembre-Octobre),2000,10,16,290,11.926508678263755,3.626437244702823,309.6752624511719
-14.375,14.625,2000-10-16,2000-10-16_009_012,13.34321403503418,4.1551384925842285,1.5542385578155518,True,False,modérée,exceptionelle,Tambacounda,Zone soudano-sahélienne,Phase_3_fin,Fin de saison (Septembre-Octobre),2000,10,16,290,13.363186160523686,4.155450991050682,336.6035461425781
-14.125,14.625,2000-10-16,2000-10-16_009_013,13.713421821594238,3.8449573516845703,1.6939984560012817,True,False,modérée,exceptionelle,Tambacounda,Zone soudano-sahélienne,Phase_3_fin,Fin de saison (Septembre-Octobre),2000,10,16,290,13.71553446419874,3.8532752008294344,363.53179931640625
-13.875,14.625,2000-10-16,2000-10-16_009_014,14.290274620056152,3.7547264099121094,1.7249668836593628,True,False,modérée,exceptionelle,Tambacounda,Zone soudano-sahélienne,Phase_3_fin,Fin de saison (Septembre-Octobre),2000,10,16,290,14.30628339010267,3.762163274252235,390.4601135253906
-13.625,14.625,2000-10-16,2000-10-16_009_015,14.674415588378906,3.555915117263794,1.8625746965408325,True,False,modérée,exceptionelle,Tambacounda,Zone soudano-sahélienne,Phase_3_fin,Fin de saison (Septembre-Octobre),2000,10,16,290,14.689820601113482,3.560550578275518,417.38836669921875
-13.375,14.625,2000-10-16,2000-10-16_009_016,12.695927619934082,3.6400835514068604,1.5899344682693481,True,False,modérée,exceptionelle,Tambacounda,Zone soudano-sahélienne,Phase_3_fin,Fin de saison (Septembre-Octobre),2000,10,16,290,12.729855374475221,3.6451685841958126,444.3166809082031
-13.125,14.625,2000-10-16,2000-10-16_009_017,15.908313751220703,4.689271450042725,1.4802014827728271,True,False,modérée,exceptionelle,Tambacounda,Zone soudano-sahélienne,Phase_3_fin,Fin de saison (Septembre-Octobre),2000,10,16,290,15.913912837828823,4.69514903231482,471.24493408203125
-12.875,14.625,2000-10-16,2000-10-16_009_018,25.421031951904297,5.357832908630371,1.9739168882369995,True,True,forte,exceptionelle,Tambacounda,Zone soudano-sahélienne,Phase_3_fin,Fin de saison (Septembre-Octobre),2000,10,16,290,25.423039728672656,5.358010737740215,498.1732177734375
-12.625,14.625,2000-10-16,2000-10-16_009_019,17.748458862304688,5.097174167633057,1.46132230758667,True,False,modérée,exceptionelle,Tambacounda,Zone soudano-sahélienne,Phase_3_fin,Fin de saison (Septembre-Octobre),2000,10,16,290,17.795488472559942,5.098205717364748,525.1015014648438
-12.375,14.625,2000-10-16,2000-10-16_009_020,9.18420696258545,4.002957820892334,1.0222387313842773,True,False,modérée,exceptionelle,Tambacounda,Zone soudano-sahélienne,Phase_3_fin,Fin de saison (Septembre-Octobre),2000,10,16,290,9.214518674054936,4.005589165280212,552.02978515625
-12.125,14.625,2000-10-16,2000-10-16_009_021,5.950270175933838,3.196030616760254,0.7387663125991821,True,False,modérée,exceptionelle,Tambacounda,Zone soudano-sahélienne,Phase_3_fin,Fin de saison (Septembre-Octobre),2000,10,16,290,5.9755679686464855,3.2026584280196144,578.9580688476562
-11.875,14.625,2000-10-16,2000-10-16_009_022,10.919452667236328,3.4804327487945557,1.3060939311981201,True,False,modérée,exceptionelle,Tambacounda,Zone soudano-sahélienne,Phase_3_fin,Fin de saison (Septembre-Octobre),2000,10,16,290,10.922818227029925,3.483054864945723,605.8863525390625
-11.625,14.625,2000-10-16,2000-10-16_009_023,8.492498397827148,3.10626482963562,1.151521921157837,True,False,modérée,exceptionelle,Tambacounda,Zone soudano-sahélienne,Phase_3_fin,Fin de saison (Septembre-Octobre),2000,10,16,290,8.56241788336979,3.1113658790013297,632.8146362304688
-11.375,14.625,2000-10-16,2000-10-16_009_024,5.29243278503418,1.771226406097412,1.148187518119812,False,False,modérée,humide,Matam,Zone soudano-sahélienne,Phase_3_fin,Fin de saison (Septembre-Octobre),2000,10,16,290,5.309836506244525,1.7860844746306912,659.742919921875
-17.125,14.875,2000-10-16,2000-10-16_010_001,17.734525680541992,6.093733787536621,0.7664306163787842,True,False,modérée,exceptionelle,Thiès,Zone soudano-sahélienne,Phase_3_fin,Fin de saison (Septembre-Octobre),2000,10,16,290,17.736031024300274,6.093733787536621,40.346046447753906
-16.875,14.875,2000-10-16,2000-10-16_010_002,14.4296293258667,5.674564361572266,0.8168001174926758,True,False,modérée,exceptionelle,Thiès,Zone soudano-sahélienne,Phase_3_fin,Fin de saison (Septembre-Octobre),2000,10,16,290,14.446163884359391,5.674947901586792,67.24341583251953
-16.625,14.875,2000-10-16,2000-10-16_010_003,14.770727157592773,5.1645283699035645,1.030409812927246,True,False,modérée,exceptionelle,Thiès,Zone soudano-sahélienne,Phase_3_fin,Fin de saison (Septembre-Octobre),2000,10,16,290,14.776139666686705,5.164823565650825,94.14077758789062
-16.375,14.875,2000-10-16,2000-10-16_010_004,12.799915313720703,5.190860271453857,0.9309009909629822,True,False,modérée,exceptionelle,Diourbel,Zone soudano-sahélienne,Phase_3_fin,Fin de saison (Septembre-Octobre),2000,10,16,290,12.800901123027705,5.190931916835919,121.03814697265625
-16.125,14.875,2000-10-16,2000-10-16_010_005,11.280638694763184,4.650141716003418,1.0051147937774658,True,False,modérée,exceptionelle,Diourbel,Zone soudano-sahélienne,Phase_3_fin,Fin de saison (Septembre-Octobre),2000,10,16,290,11.3079402434766,4.651670321747287,147.93551635742188
-15.875,14.875,2000-10-16,2000-10-16_010_006,12.886309623718262,4.379400253295898,1.3122011423110962,True,False,modérée,exceptionelle,Diourbel,Zone soudano-sahélienne,Phase_3_fin,Fin de saison (Septembre-Octobre),2000,10,16,290,12.961639365958202,4.382138851299957,174.8328857421875
-15.625,14.875,2000-10-16,2000-10-16_010_007,8.25196361541748,2.929103136062622,1.3104099035263062,True,False,modérée,très humide,Diourbel,Zone soudano-sahélienne,Phase_3_fin,Fin de saison (Septembre-Octobre),2000,10,16,290,8.320430781973071,2.9303355468577474,201.73025512695312
-15.375,14.875,2000-10-16,2000-10-16_010_008,10.717145919799805,2.920835018157959,1.748742938041687,True,False,modérée,très humide,Kaffrine,Zone soudano-sahélienne,Phase_3_fin,Fin de saison (Septembre-Octobre),2000,10,16,290,10.75872662798244,2.9265829246846877,228.6276092529297
-15.125,14.875,2000-10-16,2000-10-16_010_009,9.905043601989746,2.378600597381592,1.7824045419692993,True,False,modérée,très humide,Kaffrine,Zone soudano-sahélienne,Phase_3_fin,Fin de saison (Septembre-Octobre),2000,10,16,290,9.90829642693601,2.3805260670244994,255.52499389648438
-14.875,14.875,2000-10-16,2000-10-16_010_010,11.56118392944336,2.9731831550598145,1.7430123090744019,True,False,modérée,très humide,Kaffrine,Zone soudano-sahélienne,Phase_3_fin,Fin de saison (Septembre-Octobre),2000,10,16,290,11.576717300031651,2.9735292645555047,282.4223327636719
-14.625,14.875,2000-10-16,2000-10-16_010_011,11.838152885437012,3.1149818897247314,1.6682771444320679,True,False,modérée,exceptionelle,Kaffrine,Zone soudano-sahélienne,Phase_3_fin,Fin de saison (Septembre-Octobre),2000,10,16,290,11.865068910109937,3.1327552903237663,309.3197326660156
-14.375,14.875,2000-10-16,2000-10-16_010_012,13.74229621887207,4.06233549118042,1.4378560781478882,True,False,modérée,exceptionelle,Tambacounda,Zone soudano-sahélienne,Phase_3_fin,Fin de saison (Septembre-Octobre),2000,10,16,290,13.750803300483742,4.0629941878007285,336.2170715332031
-14.125,14.875,2000-10-16,2000-10-16_010_013,13.110050201416016,4.429232120513916,1.3060228824615479,True,False,modérée,exceptionelle,Matam,Zone soudano-sahélienne,Phase_3_fin,Fin de saison (Septembre-Octobre),2000,10,16,290,13.113481857069772,4.43139668325683,363.11444091796875
-13.875,14.875,2000-10-16,2000-10-16_010_014,13.772526741027832,4.508181571960449,1.3238015174865723,True,False,modérée,exceptionelle,Matam,Zone soudano-sahélienne,Phase_3_fin,Fin de saison (Septembre-Octobre),2000,10,16,290,13.777458440119299,4.515019848119076,390.0118103027344
-13.625,14.875,2000-10-16,2000-10-16_010_015,16.985965728759766,4.733761310577393,1.577038049697876,True,False,modérée,exceptionelle,Matam,Zone soudano-sahélienne,Phase_3_fin,Fin de saison (Septembre-Octobre),2000,10,16,290,16.988278029552056,4.734324663727727,416.9091796875
-13.375,14.875,2000-10-16,2000-10-16_010_016,16.259658813476562,5.014995098114014,1.4087872505187988,True,False,modérée,exceptionelle,Matam,Zone soudano-sahélienne,Phase_3_fin,Fin de saison (Septembre-Octobre),2000,10,16,290,16.26417126487847,5.01515475110193,443.8065490722656
-13.125,14.875,2000-10-16,2000-10-16_010_017,19.304996490478516,5.20175313949585,1.4756433963775635,True,False,modérée,exceptionelle,Matam,Zone soudano-sahélienne,Phase_3_fin,Fin de saison (Septembre-Octobre),2000,10,16,290,19.31014276629117,5.204003082447913,470.7038879394531
-12.875,14.875,2000-10-16,2000-10-16_010_018,22.049436569213867,5.591059684753418,1.437060832977295,True,True,forte,exceptionelle,Matam,Zone soudano-sahélienne,Phase_3_fin,Fin de saison (Septembre-Octobre),2000,10,16,290,22.050951186136984,5.591182430784906,497.60125732421875
-12.625,14.875,2000-10-16,2000-10-16_010_019,15.632699966430664,5.36991548538208,1.1009635925292969,True,False,modérée,exceptionelle,Matam,Zone soudano-sahélienne,Phase_3_fin,Fin de saison (Septembre-Octobre),2000,10,16,290,15.641767899594715,5.370281576511249,524.4986572265625
-12.375,14.875,2000-10-16,2000-10-16_010_020,13.289676666259766,5.046411991119385,0.9826812148094177,True,False,modérée,exceptionelle,Matam,Zone soudano-sahélienne,Phase_3_fin,Fin de saison (Septembre-Octobre),2000,10,16,290,13.289892119977942,5.047702355600482,551.39599609375
-12.125,14.875,2000-10-16,2000-10-16_010_021,7.4632182121276855,3.9213056564331055,0.8046212196350098,True,False,modérée,exceptionelle,Matam,Zone soudano-sahélienne,Phase_3_fin,Fin de saison (Septembre-Octobre),2000,10,16,290,7.504107450121013,3.9246895504956267,578.2933349609375
-11.875,14.875,2000-10-16,2000-10-16_010_022,7.801856517791748,3.399858236312866,0.9350660443305969,True,False,modérée,exceptionelle,Matam,Zone soudano-sahélienne,Phase_3_fin,Fin de saison (Septembre-Octobre),2000,10,16,290,7.828210516790649,3.4101664223263612,605.1907348632812
-11.625,14.875,2000-10-16,2000-10-16_010_023,6.359104156494141,2.143709421157837,1.1560559272766113,True,False,modérée,très humide,Matam,Zone soudano-sahélienne,Phase_3_fin,Fin de saison (Septembre-Octobre),2000,10,16,290,6.447847210582179,2.1554182414433463,632.088134765625
-11.375,14.875,2000-10-16,2000-10-16_010_024,0.0,-0.4267421364784241,0.7618808150291443,False,False,trace,normale,Matam,Zone soudano-sahélienne,Phase_3_fin,Fin de saison (Septembre-Octobre),2000,10,16,290,0.43710732205429276,-0.41201846136819176,658.9854736328125
-16.875,15.125,2000-10-16,2000-10-16_011_002,13.410011291503906,5.385108470916748,0.8411536812782288,True,False,modérée,exceptionelle,Thiès,Zone soudano-sahélienne,Phase_3_fin,Fin de saison (Septembre-Octobre),2000,10,16,290,13.411267735850272,5.387133543215805,67.16484069824219
-16.625,15.125,2000-10-16,2000-10-16_011_003,13.853191375732422,5.016472816467285,0.9729518294334412,True,False,modérée,exceptionelle,Thiès,Zone soudano-sahélienne,Phase_3_fin,Fin de saison (Septembre-Octobre),2000,10,16,290,13.873362708930394,5.016575317286966,94.03077697753906
-16.375,15.125,2000-10-16,2000-10-16_011_004,15.68082046508789,4.896356582641602,1.2223495244979858,True,False,modérée,exceptionelle,Louga,Zone soudano-sahélienne,Phase_3_fin,Fin de saison (Septembre-Octobre),2000,10,16,290,15.689921048418364,4.896501506393279,120.89671325683594
-16.125,15.125,2000-10-16,2000-10-16_011_005,11.410208702087402,4.177765846252441,1.152754783630371,True,False,modérée,exceptionelle,Louga,Zone soudano-sahélienne,Phase_3_fin,Fin de saison (Septembre-Octobre),2000,10,16,290,11.41543048590272,4.179200713957973,147.7626495361328
-15.875,15.125,2000-10-16,2000-10-16_011_006,11.422362327575684,3.7439963817596436,1.407524585723877,True,False,modérée,exceptionelle,Louga,Zone soudano-sahélienne,Phase_3_fin,Fin de saison (Septembre-Octobre),2000,10,16,290,11.423806377391719,3.748629401676619,174.62860107421875
-15.625,15.125,2000-10-16,2000-10-16_011_007,7.188966274261475,2.498931407928467,1.2356013059616089,True,False,modérée,très humide,Louga,Zone soudano-sahélienne,Phase_3_fin,Fin de saison (Septembre-Octobre),2000,10,16,290,7.195529460906982,2.5113096440856784,201.49453735351562
-15.375,15.125,2000-10-16,2000-10-16_011_008,6.888624668121338,2.2278964519500732,1.2788701057434082,True,False,modérée,très humide,Louga,Zone soudano-sahélienne,Phase_3_fin,Fin de saison (Septembre-Octobre),2000,10,16,290,6.9104297388738125,2.231689083516298,228.36045837402344
-15.125,15.125,2000-10-16,2000-10-16_011_009,10.799072265625,2.7849013805389404,1.6387940645217896,True,False,modérée,très humide,Kaffrine,Zone soudano-sahélienne,Phase_3_fin,Fin de saison (Septembre-Octobre),2000,10,16,290,10.808333519116118,2.7894652818315593,255.22640991210938
-14.875,15.125,2000-10-16,2000-10-16_011_010,12.505522727966309,3.5212175846099854,1.4802875518798828,True,False,modérée,exceptionelle,Kaffrine,Zone soudano-sahélienne,Phase_3_fin,Fin de saison (Septembre-Octobre),2000,10,16,290,12.510157980511536,3.5245427636045905,282.09234619140625
-14.625,15.125,2000-10-16,2000-10-16_011_011,13.120319366455078,3.7337193489074707,1.3756141662597656,True,False,modérée,exceptionelle,Kaffrine,Zone soudano-sahélienne,Phase_3_fin,Fin de saison (Septembre-Octobre),2000,10,16,290,13.128912441694558,3.734212471612135,308.9582824707031
-14.375,15.125,2000-10-16,2000-10-16_011_012,10.462072372436523,3.3246068954467773,1.3288238048553467,True,False,modérée,exceptionelle,Matam,Zone soudano-sahélienne,Phase_3_fin,Fin de saison (Septembre-Octobre),2000,10,16,290,10.50464675654119,3.333284658403253,335.82421875
-14.125,15.125,2000-10-16,2000-10-16_011_013,10.331683158874512,3.2303643226623535,1.3996624946594238,True,False,modérée,exceptionelle,Matam,Zone soudano-sahélienne,Phase_3_fin,Fin de saison (Septembre-Octobre),2000,10,16,290,10.360886240724342,3.231533067310276,362.69012451171875
-13.875,15.125,2000-10-16,2000-10-16_011_014,11.538905143737793,3.7720580101013184,1.410499930381775,True,False,modérée,exceptionelle,Matam,Zone soudano-sahélienne,Phase_3_fin,Fin de saison (Septembre-Octobre),2000,10,16,290,11.545649624350084,3.7738886963782,389.55609130859375
-13.625,15.125,2000-10-16,2000-10-16_011_015,14.275629997253418,4.587907791137695,1.4425034523010254,True,False,modérée,exceptionelle,Matam,Zone soudano-sahélienne,Phase_3_fin,Fin de saison (Septembre-Octobre),2000,10,16,290,14.279456732860162,4.591156025028707,416.4220275878906
-13.375,15.125,2000-10-16,2000-10-16_011_016,15.425407409667969,4.939177989959717,1.3082756996154785,True,False,modérée,exceptionelle,Matam,Zone soudano-sahélienne,Phase_3_fin,Fin de saison (Septembre-Octobre),2000,10,16,290,15.451395653001025,4.940270661109656,443.2879638671875
-13.125,15.125,2000-10-16,2000-10-16_011_017,23.74047088623047,5.628357410430908,1.4018547534942627,True,True,forte,exceptionelle,Matam,Zone soudano-sahélienne,Phase_3_fin,Fin de saison (Septembre-Octobre),2000,10,16,290,23.770028492913188,5.628937899766854,470.1539001464844
-12.875,15.125,2000-10-16,2000-10-16_011_018,21.360332489013672,5.538870334625244,1.3607056140899658,True,True,forte,exceptionelle,Matam,Zone soudano-sahélienne,Phase_3_fin,Fin de saison (Septembre-Octobre),2000,10,16,290,21.367519666202103,5.53957882598417,497.0198059082031
-12.625,15.125,2000-10-16,2000-10-16_011_019,11.257457733154297,5.362302780151367,0.7623512148857117,True,False,modérée,exceptionelle,Matam,Zone soudano-sahélienne,Phase_3_fin,Fin de saison (Septembre-Octobre),2000,10,16,290,11.26782509789395,5.362576460718509,523.8857421875
-12.375,15.125,2000-10-16,2000-10-16_011_020,11.387258529663086,5.24371337890625,0.791205644607544,True,False,modérée,exceptionelle,Matam,Zone soudano-sahélienne,Phase_3_fin,Fin de saison (Septembre-Octobre),2000,10,16,290,11.396603018794227,5.244303952509434,550.751708984375
-12.125,15.125,2000-10-16,2000-10-16_011_021,11.834918022155762,4.557408809661865,1.0093920230865479,True,False,modérée,exceptionelle,Matam,Zone soudano-sahélienne,Phase_3_fin,Fin de saison (Septembre-Octobre),2000,10,16,290,11.83616157512569,4.560347041892046,577.6176147460938
-11.875,15.125,2000-10-16,2000-10-16_011_022,7.19779109954834,3.0173773765563965,0.9428443908691406,True,False,modérée,exceptionelle,Matam,Zone soudano-sahélienne,Phase_3_fin,Fin de saison (Septembre-Octobre),2000,10,16,290,7.240782174632778,3.0189432456864784,604.4835815429688
-11.625,15.125,2000-10-16,2000-10-16_011_023,1.2306463718414307,0.19404543936252594,0.8524755239486694,False,False,faible,normale,Matam,Zone soudano-sahélienne,Phase_3_fin,Fin de saison (Septembre-Octobre),2000,10,16,290,1.5812461421118311,0.5025853598537159,631.3495483398438
-11.375,15.125,2000-10-16,2000-10-16_011_024,0.0,-0.3871705234050751,0.6723291873931885,False,False,trace,normale,Matam,Zone soudano-sahélienne,Phase_3_fin,Fin de saison (Septembre-Octobre),2000,10,16,290,0.43710732205429276,-0.3828011879968883,658.2154541015625
-16.625,15.375,2000-10-16,2000-10-16_012_003,10.931853294372559,4.983231544494629,0.7254945039749146,True,False,modérée,exceptionelle,Louga,Zone soudano-sahélienne,Phase_3_fin,Fin de saison (Septembre-Octobre),2000,10,16,290,10.955680468573643,4.983261073654021,93.91899108886719
-16.375,15.375,2000-10-16,2000-10-16_012_004,13.160199165344238,4.764805793762207,0.9950296878814697,True,False,modérée,exceptionelle,Louga,Zone soudano-sahélienne,Phase_3_fin,Fin de saison (Septembre-Octobre),2000,10,16,290,13.1746506619094,4.7650049403684225,120.75298309326172
-16.125,15.375,2000-10-16,2000-10-16_012_005,9.320462226867676,3.3741400241851807,1.1705878973007202,True,False,modérée,exceptionelle,Louga,Zone soudano-sahélienne,Phase_3_fin,Fin de saison (Septembre-Octobre),2000,10,16,290,9.362395114036062,3.376850757167567,147.5869903564453
-15.875,15.375,2000-10-16,2000-10-16_012_006,7.402656078338623,2.1311943531036377,1.2817082405090332,True,False,modérée,très humide,Louga,Zone soudano-sahélienne,Phase_3_fin,Fin de saison (Septembre-Octobre),2000,10,16,290,7.446784266275377,2.138133376087975,174.42098999023438
-15.625,15.375,2000-10-16,2000-10-16_012_007,5.532270431518555,1.3743689060211182,1.3194470405578613,False,False,modérée,humide,Louga,Zone soudano-sahélienne,Phase_3_fin,Fin de saison (Septembre-Octobre),2000,10,16,290,5.533534265642789,1.4226715139408208,201.25497436523438
-15.375,15.375,2000-10-16,2000-10-16_012_008,5.9808735847473145,1.6093591451644897,1.2566752433776855,False,False,modérée,humide,Louga,Zone soudano-sahélienne,Phase_3_fin,Fin de saison (Septembre-Octobre),2000,10,16,290,6.01251445703171,1.6229296137939146,228.08895874023438
-15.125,15.375,2000-10-16,2000-10-16_012_009,9.910721778869629,2.4774680137634277,1.6903043985366821,True,False,modérée,très humide,Louga,Zone soudano-sahélienne,Phase_3_fin,Fin de saison (Septembre-Octobre),2000,10,16,290,9.915242379634224,2.4799943928742527,254.9229736328125
-14.875,15.375,2000-10-16,2000-10-16_012_010,10.199995994567871,2.996608257293701,1.352921962738037,True,False,modérée,très humide,Louga,Zone soudano-sahélienne,Phase_3_fin,Fin de saison (Septembre-Octobre),2000,10,16,290,10.207891191070404,3.003344729917133,281.7569580078125
-14.625,15.375,2000-10-16,2000-10-16_012_011,9.92436695098877,3.6278891563415527,1.0778061151504517,True,False,modérée,exceptionelle,Matam,Zone soudano-sahélienne,Phase_3_fin,Fin de saison (Septembre-Octobre),2000,10,16,290,9.938844410019305,3.6317511611248383,308.5909729003906
-14.375,15.375,2000-10-16,2000-10-16_012_012,10.241551399230957,3.9608054161071777,1.0885742902755737,True,False,modérée,exceptionelle,Matam,Zone soudano-sahélienne,Phase_3_fin,Fin de saison (Septembre-Octobre),2000,10,16,290,10.242078114993609,3.9660283105457252,335.4249572753906
-14.125,15.375,2000-10-16,2000-10-16_012_013,12.857821464538574,4.0981268882751465,1.4312463998794556,True,False,modérée,exceptionelle,Matam,Zone soudano-sahélienne,Phase_3_fin,Fin de saison (Septembre-Octobre),2000,10,16,290,12.867484533607062,4.099465760753382,362.2589416503906
-13.875,15.375,2000-10-16,2000-10-16_012_014,13.419232368469238,4.271420478820801,1.4202022552490234,True,False,modérée,exceptionelle,Matam,Zone soudano-sahélienne,Phase_3_fin,Fin de saison (Septembre-Octobre),2000,10,16,290,13.42896575304731,4.283099641752004,389.09295654296875
-13.625,15.375,2000-10-16,2000-10-16_012_015,11.342028617858887,4.571290969848633,1.1268824338912964,True,False,modérée,exceptionelle,Matam,Zone soudano-sahélienne,Phase_3_fin,Fin de saison (Septembre-Octobre),2000,10,16,290,11.347299340981335,4.5740817611540985,415.92694091796875
-13.375,15.375,2000-10-16,2000-10-16_012_016,13.222177505493164,5.184034824371338,1.0292065143585205,True,False,modérée,exceptionelle,Matam,Zone soudano-sahélienne,Phase_3_fin,Fin de saison (Septembre-Octobre),2000,10,16,290,13.243885778302523,5.1844978572136196,442.7609558105469
-13.125,15.375,2000-10-16,2000-10-16_012_017,16.367807388305664,5.452273368835449,1.0576444864273071,True,False,modérée,exceptionelle,Matam,Zone soudano-sahélienne,Phase_3_fin,Fin de saison (Septembre-Octobre),2000,10,16,290,16.368349401196046,5.454614998707223,469.5949401855469
-12.875,15.375,2000-10-16,2000-10-16_012_018,15.820097923278809,5.712726593017578,0.8967553973197937,True,False,modérée,exceptionelle,Matam,Zone soudano-sahélienne,Phase_3_fin,Fin de saison (Septembre-Octobre),2000,10,16,290,15.825808295053452,5.713085392611709,496.4289245605469
-12.625,15.375,2000-10-16,2000-10-16_012_019,13.927526473999023,5.598038673400879,0.8117066025733948,True,False,modérée,exceptionelle,Matam,Zone soudano-sahélienne,Phase_3_fin,Fin de saison (Septembre-Octobre),2000,10,16,290,13.992237215665124,5.598495739788265,523.262939453125
-12.375,15.375,2000-10-16,2000-10-16_012_020,11.039112091064453,5.254397392272949,0.7605418562889099,True,False,modérée,exceptionelle,Matam,Zone soudano-sahélienne,Phase_3_fin,Fin de saison (Septembre-Octobre),2000,10,16,290,11.048804079467926,5.254721701444693,550.096923828125
-12.125,15.375,2000-10-16,2000-10-16_012_021,10.028775215148926,3.992102861404419,0.9713407158851624,True,False,modérée,exceptionelle,Matam,Zone soudano-sahélienne,Phase_3_fin,Fin de saison (Septembre-Octobre),2000,10,16,290,10.055258295643869,3.9962484740731705,576.930908203125
-11.875,15.375,2000-10-16,2000-10-16_012_022,10.820023536682129,3.3788719177246094,1.301361083984375,True,False,modérée,exceptionelle,Matam,Zone soudano-sahélienne,Phase_3_fin,Fin de saison (Septembre-Octobre),2000,10,16,290,10.835762977600098,3.3796800614601405,603.764892578125
-11.625,15.375,2000-10-16,2000-10-16_012_023,0.93181312084198,0.07367278635501862,0.792571485042572,False,False,trace,normale,Matam,Zone soudano-sahélienne,Phase_3_fin,Fin de saison (Septembre-Octobre),2000,10,16,290,1.226141347957017,0.19223077625186002,630.5989379882812
-11.375,15.375,2000-10-16,2000-10-16_012_024,0.0,-0.3827568292617798,0.6406412720680237,False,False,trace,normale,Matam,Zone soudano-sahélienne,Phase_3_fin,Fin de saison (Septembre-Octobre),2000,10,16,290,0.43710732205429276,0.06793874614502328,657.4329223632812
-16.625,15.625,2000-10-16,2000-10-16_013_003,10.242535591125488,4.017026424407959,0.7331911325454712,True,False,modérée,exceptionelle,Saint-Louis,Zone sahélienne,Phase_3_fin,Fin de saison (Septembre-Octobre),2000,10,16,290,10.251980599446513,4.021227580219057,93.80541229248047
-16.375,15.625,2000-10-16,2000-10-16_013_004,10.105877876281738,3.6156156063079834,0.8086852431297302,True,False,modérée,exceptionelle,Saint-Louis,Zone sahélienne,Phase_3_fin,Fin de saison (Septembre-Octobre),2000,10,16,290,10.135967978280993,3.615904909881515,120.6069564819336
-16.125,15.625,2000-10-16,2000-10-16_013_005,6.086613178253174,2.890774965286255,0.5747811794281006,True,False,modérée,très humide,Saint-Louis,Zone sahélienne,Phase_3_fin,Fin de saison (Septembre-Octobre),2000,10,16,290,6.100227391899531,2.907346518195454,147.40850830078125
-15.875,15.625,2000-10-16,2000-10-16_013_006,6.515834331512451,2.382594347000122,0.9141019582748413,True,False,modérée,très humide,Saint-Louis,Zone sahélienne,Phase_3_fin,Fin de saison (Septembre-Octobre),2000,10,16,290,6.569217467427853,2.4117597437384135,174.21005249023438
-15.625,15.625,2000-10-16,2000-10-16_013_007,6.981024265289307,1.6866681575775146,1.2284464836120605,False,False,modérée,humide,Saint-Louis,Zone sahélienne,Phase_3_fin,Fin de saison (Septembre-Octobre),2000,10,16,290,7.031333708882931,1.6945647076146686,201.0115966796875
-15.375,15.625,2000-10-16,2000-10-16_013_008,10.690705299377441,1.8952667713165283,1.8168118000030518,False,False,modérée,humide,Louga,Zone sahélienne,Phase_3_fin,Fin de saison (Septembre-Octobre),2000,10,16,290,10.703076305101865,1.905983367157941,227.81312561035156
-15.125,15.625,2000-10-16,2000-10-16_013_009,10.269949913024902,2.418531894683838,1.6759430170059204,True,False,modérée,très humide,Louga,Zone sahélienne,Phase_3_fin,Fin de saison (Septembre-Octobre),2000,10,16,290,10.302522731186757,2.426513934255245,254.6147003173828
-14.875,15.625,2000-10-16,2000-10-16_013_010,7.849417209625244,2.3620731830596924,1.2924284934997559,True,False,modérée,très humide,Louga,Zone sahélienne,Phase_3_fin,Fin de saison (Septembre-Octobre),2000,10,16,290,7.874031205872195,2.369335882627784,281.4162292480469
-14.625,15.625,2000-10-16,2000-10-16_013_011,8.061132431030273,2.836418390274048,1.0928668975830078,True,False,modérée,très humide,Matam,Zone sahélienne,Phase_3_fin,Fin de saison (Septembre-Octobre),2000,10,16,290,8.108961776273334,2.8476322434056343,308.2177734375
-14.375,15.625,2000-10-16,2000-10-16_013_012,9.112637519836426,4.337246417999268,0.8004355430603027,True,False,modérée,exceptionelle,Matam,Zone sahélienne,Phase_3_fin,Fin de saison (Septembre-Octobre),2000,10,16,290,9.156873909073258,4.339521230764724,335.0193176269531
-14.125,15.625,2000-10-16,2000-10-16_013_013,9.28831958770752,4.156080722808838,0.8399041891098022,True,False,modérée,exceptionelle,Matam,Zone sahélienne,Phase_3_fin,Fin de saison (Septembre-Octobre),2000,10,16,290,9.307944364883191,4.161806219187214,361.82086181640625
-13.875,15.625,2000-10-16,2000-10-16_013_014,10.445104598999023,4.215935230255127,0.963902473449707,True,False,modérée,exceptionelle,Matam,Zone sahélienne,Phase_3_fin,Fin de saison (Septembre-Octobre),2000,10,16,290,10.453929546490386,4.216606621766211,388.6224060058594
-13.625,15.625,2000-10-16,2000-10-16_013_015,10.981245040893555,4.3119096755981445,1.0336189270019531,True,False,modérée,exceptionelle,Matam,Zone sahélienne,Phase_3_fin,Fin de saison (Septembre-Octobre),2000,10,16,290,10.989726998698172,4.314253030709884,415.4239501953125
-13.375,15.625,2000-10-16,2000-10-16_013_016,11.760519027709961,4.993133544921875,0.9811250567436218,True,False,modérée,exceptionelle,Matam,Zone sahélienne,Phase_3_fin,Fin de saison (Septembre-Octobre),2000,10,16,290,11.76457664834794,4.993965242376279,442.22552490234375
-13.125,15.625,2000-10-16,2000-10-16_013_017,9.971404075622559,5.2605438232421875,0.6823477745056152,True,False,modérée,exceptionelle,Matam,Zone sahélienne,Phase_3_fin,Fin de saison (Septembre-Octobre),2000,10,16,290,10.003549211588338,5.260548280112109,469.02703857421875
-12.875,15.625,2000-10-16,2000-10-16_013_018,9.065542221069336,5.773789882659912,0.5071932077407837,True,False,modérée,exceptionelle,Matam,Zone sahélienne,Phase_3_fin,Fin de saison (Septembre-Octobre),2000,10,16,290,9.070451420156202,5.774593761817886,495.8285827636719
-12.625,15.625,2000-10-16,2000-10-16_013_019,9.481757164001465,5.570201396942139,0.5573079586029053,True,False,modérée,exceptionelle,Matam,Zone sahélienne,Phase_3_fin,Fin de saison (Septembre-Octobre),2000,10,16,290,9.50336593359559,5.570620659008696,522.630126953125
-12.375,15.625,2000-10-16,2000-10-16_013_020,5.031865119934082,4.602598667144775,0.384066641330719,True,False,modérée,exceptionelle,Matam,Zone sahélienne,Phase_3_fin,Fin de saison (Septembre-Octobre),2000,10,16,290,5.036692545042565,4.608134703420514,549.4317016601562
-12.125,15.625,2000-10-16,2000-10-16_013_021,7.074578285217285,4.7188825607299805,0.5016320943832397,True,False,modérée,exceptionelle,Matam,Zone sahélienne,Phase_3_fin,Fin de saison (Septembre-Octobre),2000,10,16,290,7.08417912464046,4.720637841440325,576.2332153320312
-11.875,15.625,2000-10-16,2000-10-16_013_022,5.785777568817139,2.620041608810425,0.7993196845054626,True,False,modérée,très humide,Matam,Zone sahélienne,Phase_3_fin,Fin de saison (Septembre-Octobre),2000,10,16,290,5.8259035882039285,2.6300687448463247,603.0347900390625
-11.625,15.625,2000-10-16,2000-10-16_013_023,1.5875228643417358,0.5081090927124023,0.7310361266136169,False,False,faible,normale,Matam,Zone sahélienne,Phase_3_fin,Fin de saison (Septembre-Octobre),2000,10,16,290,1.7131905387993431,0.6042312823947349,629.8363037109375
-11.375,15.625,2000-10-16,2000-10-16_013_024,1.7157683372497559,0.7331761121749878,0.6299744844436646,False,False,faible,normale,Matam,Zone sahélienne,Phase_3_fin,Fin de saison (Septembre-Octobre),2000,10,16,290,1.985243326455504,0.8562761272617322,656.6378784179688
-16.375,15.875,2000-10-16,2000-10-16_014_004,10.71484088897705,3.9819347858428955,0.7404125332832336,True,False,modérée,exceptionelle,Saint-Louis,Zone sahélienne,Phase_3_fin,Fin de saison (Septembre-Octobre),2000,10,16,290,10.71601657052735,3.9858436189105166,120.45863342285156
-16.125,15.875,2000-10-16,2000-10-16_014_005,8.131376266479492,3.889859199523926,0.581561803817749,True,False,modérée,exceptionelle,Saint-Louis,Zone sahélienne,Phase_3_fin,Fin de saison (Septembre-Octobre),2000,10,16,290,8.141992961941053,3.8934220536869373,147.2272186279297
-15.875,15.875,2000-10-16,2000-10-16_014_006,6.235469818115234,2.8212313652038574,0.6315209865570068,True,False,modérée,très humide,Saint-Louis,Zone sahélienne,Phase_3_fin,Fin de saison (Septembre-Octobre),2000,10,16,290,6.278694451154776,2.8239226784538385,173.9958038330078
-15.625,15.875,2000-10-16,2000-10-16_014_007,5.730584621429443,1.9114314317703247,0.8691022992134094,False,False,modérée,humide,Saint-Louis,Zone sahélienne,Phase_3_fin,Fin de saison (Septembre-Octobre),2000,10,16,290,5.7484515815524,1.9141897262640335,200.76438903808594
-15.375,15.875,2000-10-16,2000-10-16_014_008,7.7013840675354,2.4647023677825928,0.9837179780006409,True,False,modérée,très humide,Louga,Zone sahélienne,Phase_3_fin,Fin de saison (Septembre-Octobre),2000,10,16,290,7.734227051087959,2.474902054772305,227.53297424316406
-15.125,15.875,2000-10-16,2000-10-16_014_009,7.519529342651367,2.5165822505950928,1.050032377243042,True,False,modérée,très humide,Louga,Zone sahélienne,Phase_3_fin,Fin de saison (Septembre-Octobre),2000,10,16,290,7.53871918683076,2.5268478609209684,254.30157470703125
-14.875,15.875,2000-10-16,2000-10-16_014_010,7.255792617797852,2.281632423400879,1.085900902748108,True,False,modérée,très humide,Louga,Zone sahélienne,Phase_3_fin,Fin de saison (Septembre-Octobre),2000,10,16,290,7.2752874987808305,2.284507061368856,281.07012939453125
-14.625,15.875,2000-10-16,2000-10-16_014_011,7.04754638671875,2.9290640354156494,0.811557412147522,True,False,modérée,très humide,Matam,Zone sahélienne,Phase_3_fin,Fin de saison (Septembre-Octobre),2000,10,16,290,7.067922189607093,2.92909124868,307.8387451171875
-14.375,15.875,2000-10-16,2000-10-16_014_012,6.966248989105225,3.548593521118164,0.656761109828949,True,False,modérée,exceptionelle,Matam,Zone sahélienne,Phase_3_fin,Fin de saison (Septembre-Octobre),2000,10,16,290,6.977460379576564,3.55236469501227,334.6073303222656
-14.125,15.875,2000-10-16,2000-10-16_014_013,8.888898849487305,3.776221513748169,0.8217827677726746,True,False,modérée,exceptionelle,Matam,Zone sahélienne,Phase_3_fin,Fin de saison (Septembre-Octobre),2000,10,16,290,8.949860687830938,3.7907838366139477,361.3758850097656
-13.875,15.875,2000-10-16,2000-10-16_014_014,9.073389053344727,4.0641560554504395,0.748805046081543,True,False,modérée,exceptionelle,Matam,Zone sahélienne,Phase_3_fin,Fin de saison (Septembre-Octobre),2000,10,16,290,9.088902526165372,4.069568926365531,388.1445007324219
-13.625,15.875,2000-10-16,2000-10-16_014_015,9.918647766113281,4.6756391525268555,0.7198347449302673,True,False,modérée,exceptionelle,Matam,Zone sahélienne,Phase_3_fin,Fin de saison (Septembre-Octobre),2000,10,16,290,9.921895343454638,4.676659481010246,414.9130554199219
-13.375,15.875,2000-10-16,2000-10-16_014_016,7.8393168449401855,4.8665642738342285,0.5704425573348999,True,False,modérée,exceptionelle,Matam,Zone sahélienne,Phase_3_fin,Fin de saison (Septembre-Octobre),2000,10,16,290,7.846397251340013,4.868212836471634,441.6816711425781
-13.125,15.875,2000-10-16,2000-10-16_014_017,7.747736930847168,4.983471393585205,0.5514793395996094,True,False,modérée,exceptionelle,Matam,Zone sahélienne,Phase_3_fin,Fin de saison (Septembre-Octobre),2000,10,16,290,7.785946990976381,4.984636678168522,468.4502258300781
-12.875,15.875,2000-10-16,2000-10-16_014_018,7.699559211730957,5.1089043617248535,0.5724453330039978,True,False,modérée,exceptionelle,Matam,Zone sahélienne,Phase_3_fin,Fin de saison (Septembre-Octobre),2000,10,16,290,7.700856785079343,5.109528948913267,495.21881103515625
-12.625,15.875,2000-10-16,2000-10-16_014_019,9.389426231384277,5.369110584259033,0.6381205320358276,True,False,modérée,exceptionelle,Matam,Zone sahélienne,Phase_3_fin,Fin de saison (Septembre-Octobre),2000,10,16,290,9.425687691674161,5.369140919728495,521.9874267578125
-12.375,15.875,2000-10-16,2000-10-16_014_020,5.037231922149658,5.179896354675293,0.3531312048435211,True,False,modérée,exceptionelle,Matam,Zone sahélienne,Phase_3_fin,Fin de saison (Septembre-Octobre),2000,10,16,290,5.137425190240295,5.180187503297125,548.7560424804688
-12.125,15.875,2000-10-16,2000-10-16_014_021,4.868753433227539,4.854757785797119,0.36368584632873535,True,False,faible,exceptionelle,Matam,Zone sahélienne,Phase_3_fin,Fin de saison (Septembre-Octobre),2000,10,16,290,4.8958145290163895,4.856685981079562,575.5245361328125
-11.875,15.875,2000-10-16,2000-10-16_014_022,7.915301322937012,4.327915191650391,0.7206575870513916,True,False,modérée,exceptionelle,Matam,Zone sahélienne,Phase_3_fin,Fin de saison (Septembre-Octobre),2000,10,16,290,7.954626040243024,4.330517619099449,602.2931518554688
-11.625,15.875,2000-10-16,2000-10-16_014_023,4.03361701965332,2.715348243713379,0.5832998752593994,True,False,faible,très humide,Matam,Zone sahélienne,Phase_3_fin,Fin de saison (Septembre-Octobre),2000,10,16,290,4.386761564705241,2.7212215530213397,629.061767578125
-11.375,15.875,2000-10-16,2000-10-16_014_024,3.2669568061828613,2.160691738128662,0.5465559959411621,True,False,faible,très humide,Matam,Zone sahélienne,Phase_3_fin,Fin de saison (Septembre-Octobre),2000,10,16,290,3.3273167849785117,2.2134377692812053,655.8303833007812
-16.375,16.125,2000-10-16,2000-10-16_015_004,8.613656044006348,4.182192802429199,0.530796468257904,True,False,modérée,exceptionelle,Saint-Louis,Zone sahélienne,Phase_3_fin,Fin de saison (Septembre-Octobre),2000,10,16,290,8.683266697217473,4.18503155061348,120.30801391601562
-16.125,16.125,2000-10-16,2000-10-16_015_005,7.187002658843994,3.2573306560516357,0.6178085803985596,True,False,modérée,exceptionelle,Saint-Louis,Zone sahélienne,Phase_3_fin,Fin de saison (Septembre-Octobre),2000,10,16,290,7.188467969846486,3.2657101238193227,147.0431365966797
-15.875,16.125,2000-10-16,2000-10-16_015_006,7.618931770324707,3.069880723953247,0.773918092250824,True,False,modérée,exceptionelle,Saint-Louis,Zone sahélienne,Phase_3_fin,Fin de saison (Septembre-Octobre),2000,10,16,290,7.665379040205299,3.093192148448235,173.7782440185547
-15.625,16.125,2000-10-16,2000-10-16_015_007,7.546048641204834,3.0100018978118896,0.7968424558639526,True,False,modérée,exceptionelle,Saint-Louis,Zone sahélienne,Phase_3_fin,Fin de saison (Septembre-Octobre),2000,10,16,290,7.56437480988814,3.014894175170055,200.51336669921875
-15.375,16.125,2000-10-16,2000-10-16_015_008,5.86000919342041,2.4878551959991455,0.7227955460548401,True,False,modérée,très humide,Louga,Zone sahélienne,Phase_3_fin,Fin de saison (Septembre-Octobre),2000,10,16,290,5.879865670323971,2.4966215446366737,227.2484588623047
-15.125,16.125,2000-10-16,2000-10-16_015_009,6.821227550506592,2.3809585571289062,0.8694304823875427,True,False,modérée,très humide,Louga,Zone sahélienne,Phase_3_fin,Fin de saison (Septembre-Octobre),2000,10,16,290,6.834066872620703,2.3822902051647703,253.9835968017578
-14.875,16.125,2000-10-16,2000-10-16_015_010,6.962314605712891,2.3204872608184814,0.9515911340713501,True,False,modérée,très humide,Louga,Zone sahélienne,Phase_3_fin,Fin de saison (Septembre-Octobre),2000,10,16,290,6.965309877491476,2.3548635633746584,280.71868896484375
-14.625,16.125,2000-10-16,2000-10-16_015_011,6.9428815841674805,2.930880308151245,0.8405260443687439,True,False,modérée,très humide,Matam,Zone sahélienne,Phase_3_fin,Fin de saison (Septembre-Octobre),2000,10,16,290,6.957724897106688,2.9381718731405746,307.4538269042969
-14.375,16.125,2000-10-16,2000-10-16_015_012,5.5110368728637695,3.143052577972412,0.6082878112792969,True,False,modérée,exceptionelle,Matam,Zone sahélienne,Phase_3_fin,Fin de saison (Septembre-Octobre),2000,10,16,290,5.529602899024235,3.1510587679081823,334.1889343261719
-14.125,16.125,2000-10-16,2000-10-16_015_013,4.790966033935547,2.973691463470459,0.5986681580543518,True,False,faible,très humide,Matam,Zone sahélienne,Phase_3_fin,Fin de saison (Septembre-Octobre),2000,10,16,290,4.7975001766454035,2.980613018400106,360.9240417480469
-13.875,16.125,2000-10-16,2000-10-16_015_014,8.984421730041504,4.3725972175598145,0.7551193237304688,True,False,modérée,exceptionelle,Matam,Zone sahélienne,Phase_3_fin,Fin de saison (Septembre-Octobre),2000,10,16,290,8.997190149585206,4.374391988294208,387.6591491699219
-13.625,16.125,2000-10-16,2000-10-16_015_015,7.571462631225586,5.084053993225098,0.4741190969944,True,False,modérée,exceptionelle,Matam,Zone sahélienne,Phase_3_fin,Fin de saison (Septembre-Octobre),2000,10,16,290,7.605573620628472,5.0847539494385074,414.3942565917969
-13.375,16.125,2000-10-16,2000-10-16_015_016,6.7449798583984375,5.260632514953613,0.4193205237388611,True,False,modérée,exceptionelle,Matam,Zone sahélienne,Phase_3_fin,Fin de saison (Septembre-Octobre),2000,10,16,290,6.778072860372726,5.265272734752254,441.12939453125
-13.125,16.125,2000-10-16,2000-10-16_015_017,5.918310165405273,4.9256463050842285,0.4543483257293701,True,False,modérée,exceptionelle,Matam,Zone sahélienne,Phase_3_fin,Fin de saison (Septembre-Octobre),2000,10,16,290,5.932986660818359,4.927584259953332,467.864501953125
-12.875,16.125,2000-10-16,2000-10-16_015_018,5.418803691864014,4.736711502075195,0.4210543632507324,True,False,modérée,exceptionelle,Matam,Zone sahélienne,Phase_3_fin,Fin de saison (Septembre-Octobre),2000,10,16,290,5.499681531484402,4.736827057210644,494.5995788574219
-12.625,16.125,2000-10-16,2000-10-16_015_019,10.92635726928711,5.091583251953125,0.7657599449157715,True,False,modérée,exceptionelle,Matam,Zone sahélienne,Phase_3_fin,Fin de saison (Septembre-Octobre),2000,10,16,290,10.929022427180305,5.092088962919149,521.334716796875
-12.375,16.125,2000-10-16,2000-10-16_015_020,8.032471656799316,5.5369977951049805,0.47950923442840576,True,False,modérée,exceptionelle,Matam,Zone sahélienne,Phase_3_fin,Fin de saison (Septembre-Octobre),2000,10,16,290,8.049165653823009,5.537044843836646,548.0698852539062
-12.125,16.125,2000-10-16,2000-10-16_015_021,6.470522880554199,5.3803229331970215,0.4415372312068939,True,False,modérée,exceptionelle,Matam,Zone sahélienne,Phase_3_fin,Fin de saison (Septembre-Octobre),2000,10,16,290,6.497519306202031,5.38047924473058,574.804931640625
-11.875,16.125,2000-10-16,2000-10-16_015_022,8.029646873474121,4.768852710723877,0.6544733047485352,True,False,modérée,exceptionelle,Matam,Zone sahélienne,Phase_3_fin,Fin de saison (Septembre-Octobre),2000,10,16,290,8.031591573552271,4.773176594595214,601.5400390625
-11.625,16.125,2000-10-16,2000-10-16_015_023,3.808913469314575,2.7355287075042725,0.5519542098045349,True,False,faible,très humide,Matam,Zone sahélienne,Phase_3_fin,Fin de saison (Septembre-Octobre),2000,10,16,290,3.851722294361747,2.738542375852115,628.2752075195312
-11.375,16.125,2000-10-16,2000-10-16_015_024,2.1561620235443115,1.864008903503418,0.41069966554641724,False,False,faible,humide,Matam,Zone sahélienne,Phase_3_fin,Fin de saison (Septembre-Octobre),2000,10,16,290,2.585657230573683,1.8662591160242281,655.0103149414062
-16.375,16.375,2000-10-16,2000-10-16_016_004,8.598711967468262,4.209288597106934,0.49439936876296997,True,False,modérée,exceptionelle,Saint-Louis,Zone sahélienne,Phase_3_fin,Fin de saison (Septembre-Octobre),2000,10,16,290,8.608511977459317,4.211207477291625,120.15510559082031
-16.125,16.375,2000-10-16,2000-10-16_016_005,6.787467002868652,2.7721967697143555,0.6230676174163818,True,False,modérée,très humide,Saint-Louis,Zone sahélienne,Phase_3_fin,Fin de saison (Septembre-Octobre),2000,10,16,290,6.813678081311173,2.7759821924132915,146.85623168945312
-15.875,16.375,2000-10-16,2000-10-16_016_006,5.373352527618408,2.276294231414795,0.6536287069320679,True,False,modérée,très humide,Saint-Louis,Zone sahélienne,Phase_3_fin,Fin de saison (Septembre-Octobre),2000,10,16,290,5.400304118592535,2.2807606081267697,173.557373046875
-15.625,16.375,2000-10-16,2000-10-16_016_007,5.5665154457092285,2.8132238388061523,0.5889391899108887,True,False,modérée,très humide,Saint-Louis,Zone sahélienne,Phase_3_fin,Fin de saison (Septembre-Octobre),2000,10,16,290,5.5990852734551355,2.819018229767306,200.25851440429688
-15.375,16.375,2000-10-16,2000-10-16_016_008,5.564229965209961,3.2208261489868164,0.5288730263710022,True,False,modérée,exceptionelle,Louga,Zone sahélienne,Phase_3_fin,Fin de saison (Septembre-Octobre),2000,10,16,290,5.5662110978035475,3.2244632459765104,226.95962524414062
-15.125,16.375,2000-10-16,2000-10-16_016_009,6.103336811065674,2.9505558013916016,0.6030824184417725,True,False,modérée,très humide,Louga,Zone sahélienne,Phase_3_fin,Fin de saison (Septembre-Octobre),2000,10,16,290,6.168191715700542,2.9631328834361166,253.66078186035156
-14.875,16.375,2000-10-16,2000-10-16_016_010,7.087357997894287,2.53009033203125,0.8793035745620728,True,False,modérée,très humide,Louga,Zone sahélienne,Phase_3_fin,Fin de saison (Septembre-Octobre),2000,10,16,290,7.161966311871707,2.5410573662225926,280.3619079589844
-14.625,16.375,2000-10-16,2000-10-16_016_011,6.0192670822143555,2.8249635696411133,0.7454341650009155,True,False,modérée,très humide,Matam,Zone sahélienne,Phase_3_fin,Fin de saison (Septembre-Octobre),2000,10,16,290,6.020910179195692,2.8331949231612623,307.06304931640625
-14.375,16.375,2000-10-16,2000-10-16_016_012,5.002007961273193,3.0603442192077637,0.5361216068267822,True,False,modérée,exceptionelle,Matam,Zone sahélienne,Phase_3_fin,Fin de saison (Septembre-Octobre),2000,10,16,290,5.028939418457261,3.061321979192034,333.76416015625
-14.125,16.375,2000-10-16,2000-10-16_016_013,3.7802822589874268,3.019747018814087,0.4324195384979248,True,False,faible,exceptionelle,Matam,Zone sahélienne,Phase_3_fin,Fin de saison (Septembre-Octobre),2000,10,16,290,3.807402777312389,3.0259661195266188,360.4653015136719
-13.875,16.375,2000-10-16,2000-10-16_016_014,4.681447505950928,3.771448850631714,0.45359930396080017,True,False,faible,exceptionelle,Matam,Zone sahélienne,Phase_3_fin,Fin de saison (Septembre-Octobre),2000,10,16,290,4.692680434365967,3.7717182276835994,387.16644287109375
-13.625,16.375,2000-10-16,2000-10-16_016_015,7.396081447601318,4.675182819366455,0.5656737685203552,True,False,modérée,exceptionelle,Matam,Zone sahélienne,Phase_3_fin,Fin de saison (Septembre-Octobre),2000,10,16,290,7.400888526858996,4.675276837756286,413.8675537109375
-13.375,16.375,2000-10-16,2000-10-16_016_016,5.911881923675537,4.97275447845459,0.409867525100708,True,False,modérée,exceptionelle,Matam,Zone sahélienne,Phase_3_fin,Fin de saison (Septembre-Octobre),2000,10,16,290,5.912271709298369,4.973315519304132,440.5687255859375
-13.125,16.375,2000-10-16,2000-10-16_016_017,4.411443710327148,5.168444633483887,0.28633633255958557,True,False,faible,exceptionelle,Matam,Zone sahélienne,Phase_3_fin,Fin de saison (Septembre-Octobre),2000,10,16,290,4.599048699565868,5.169279055379743,467.26983642578125
-12.875,16.375,2000-10-16,2000-10-16_016_018,6.584987163543701,5.059580326080322,0.4439888894557953,True,False,modérée,exceptionelle,Matam,Zone sahélienne,Phase_3_fin,Fin de saison (Septembre-Octobre),2000,10,16,290,6.710006580879939,5.061917007868015,493.970947265625
-12.625,16.375,2000-10-16,2000-10-16_016_019,5.846944808959961,5.191956996917725,0.3882194459438324,True,False,modérée,exceptionelle,Matam,Zone sahélienne,Phase_3_fin,Fin de saison (Septembre-Octobre),2000,10,16,290,5.858006863138783,5.192572332506803,520.672119140625
-12.375,16.375,2000-10-16,2000-10-16_016_020,5.4039130210876465,5.014203071594238,0.3582901954650879,True,False,modérée,exceptionelle,Matam,Zone sahélienne,Phase_3_fin,Fin de saison (Septembre-Octobre),2000,10,16,290,5.417007832071889,5.014290632315017,547.3732299804688
-12.125,16.375,2000-10-16,2000-10-16_016_021,7.282183647155762,4.62792444229126,0.5490121841430664,True,False,modérée,exceptionelle,Matam,Zone sahélienne,Phase_3_fin,Fin de saison (Septembre-Octobre),2000,10,16,290,7.347851349480786,4.628423338559405,574.0743408203125
-11.875,16.375,2000-10-16,2000-10-16_016_022,8.354793548583984,4.079221248626709,0.7512169480323792,True,False,modérée,exceptionelle,Matam,Zone sahélienne,Phase_3_fin,Fin de saison (Septembre-Octobre),2000,10,16,290,8.405198159529336,4.080520855122475,600.7755126953125
-11.625,16.375,2000-10-16,2000-10-16_016_023,3.720879316329956,2.874779462814331,0.47050678730010986,True,False,faible,très humide,Matam,Zone sahélienne,Phase_3_fin,Fin de saison (Septembre-Octobre),2000,10,16,290,3.7772971864920764,2.8860727698359656,627.4766235351562
-11.375,16.375,2000-10-16,2000-10-16_016_024,1.9914779663085938,2.1392695903778076,0.3567911982536316,True,False,faible,très humide,Matam,Zone sahélienne,Phase_3_fin,Fin de saison (Septembre-Octobre),2000,10,16,290,2.1520242331615047,2.143073565995873,654.1777954101562
-16.375,16.625,2000-10-16,2000-10-16_017_004,5.832887172698975,3.206667184829712,0.4236564636230469,True,False,modérée,exceptionelle,Saint-Louis,Zone sahélienne,Phase_3_fin,Fin de saison (Septembre-Octobre),2000,10,16,290,5.844825567312576,3.2154542806759556,119.99990844726562
-16.125,16.625,2000-10-16,2000-10-16_017_005,4.798090934753418,2.3708858489990234,0.456711083650589,True,False,faible,très humide,Saint-Louis,Zone sahélienne,Phase_3_fin,Fin de saison (Septembre-Octobre),2000,10,16,290,4.8513983386245805,2.373189671554757,146.6665496826172
-15.875,16.625,2000-10-16,2000-10-16_017_006,3.854227066040039,1.9929485321044922,0.4498788118362427,False,False,faible,humide,Saint-Louis,Zone sahélienne,Phase_3_fin,Fin de saison (Septembre-Octobre),2000,10,16,290,3.9675715131376257,2.0245537206755215,173.3332061767578
-15.625,16.625,2000-10-16,2000-10-16_017_007,3.704744338989258,2.4283978939056396,0.41150084137916565,True,False,faible,très humide,Saint-Louis,Zone sahélienne,Phase_3_fin,Fin de saison (Septembre-Octobre),2000,10,16,290,3.720109053592586,2.4306134866110645,199.99984741210938
-15.375,16.625,2000-10-16,2000-10-16_017_008,3.3298449516296387,2.6111717224121094,0.36865127086639404,True,False,faible,très humide,Saint-Louis,Zone sahélienne,Phase_3_fin,Fin de saison (Septembre-Octobre),2000,10,16,290,3.5800789253196523,2.6127223627052114,226.66648864746094
-15.125,16.625,2000-10-16,2000-10-16_017_009,2.6343698501586914,1.8665175437927246,0.35505539178848267,False,False,faible,humide,Saint-Louis,Zone sahélienne,Phase_3_fin,Fin de saison (Septembre-Octobre),2000,10,16,290,2.8620008391950598,1.8876825229606438,253.33314514160156
-14.875,16.625,2000-10-16,2000-10-16_017_010,2.8937981128692627,1.5058798789978027,0.5238807797431946,False,False,faible,humide,Louga,Zone sahélienne,Phase_3_fin,Fin de saison (Septembre-Octobre),2000,10,16,290,3.2528930363343593,1.527090608774118,279.9997863769531
-14.625,16.625,2000-10-16,2000-10-16_017_011,5.148931980133057,2.7231662273406982,0.5786375999450684,True,False,modérée,très humide,Matam,Zone sahélienne,Phase_3_fin,Fin de saison (Septembre-Octobre),2000,10,16,290,5.169493116925111,2.729771974697784,306.66644287109375
-14.375,16.625,2000-10-16,2000-10-16_017_012,5.751438140869141,3.4213151931762695,0.5319849252700806,True,False,modérée,exceptionelle,Matam,Zone sahélienne,Phase_3_fin,Fin de saison (Septembre-Octobre),2000,10,16,290,5.78077333057346,3.421929342063827,333.33306884765625
-14.125,16.625,2000-10-16,2000-10-16_017_013,5.171918869018555,3.738877773284912,0.45814770460128784,True,False,modérée,exceptionelle,Matam,Zone sahélienne,Phase_3_fin,Fin de saison (Septembre-Octobre),2000,10,16,290,5.191538861049479,3.7411927218413235,359.99969482421875
-13.875,16.625,2000-10-16,2000-10-16_017_014,4.612701892852783,3.4852867126464844,0.4640246033668518,True,False,faible,exceptionelle,Matam,Zone sahélienne,Phase_3_fin,Fin de saison (Septembre-Octobre),2000,10,16,290,4.621942733400431,3.4888256614531703,386.6663513183594
-13.625,16.625,2000-10-16,2000-10-16_017_015,4.6226420402526855,3.155747652053833,0.5634660124778748,True,False,faible,exceptionelle,Matam,Zone sahélienne,Phase_3_fin,Fin de saison (Septembre-Octobre),2000,10,16,290,4.668721808860051,3.1658747507699174,413.3330078125
-13.375,16.625,2000-10-16,2000-10-16_017_016,3.9845056533813477,3.4586663246154785,0.4765450358390808,True,False,faible,exceptionelle,Matam,Zone sahélienne,Phase_3_fin,Fin de saison (Septembre-Octobre),2000,10,16,290,4.030532134837242,3.462785297901786,439.9996643066406
-13.125,16.625,2000-10-16,2000-10-16_017_017,4.693629264831543,4.8002777099609375,0.3549266755580902,True,False,faible,exceptionelle,Matam,Zone sahélienne,Phase_3_fin,Fin de saison (Septembre-Octobre),2000,10,16,290,4.7831399620477875,4.80452559221929,466.6662902832031
-12.875,16.625,2000-10-16,2000-10-16_017_018,6.298914909362793,5.000176429748535,0.4477160573005676,True,False,modérée,exceptionelle,Matam,Zone sahélienne,Phase_3_fin,Fin de saison (Septembre-Octobre),2000,10,16,290,6.346383112758847,5.000331073550123,493.3329162597656
-12.625,16.625,2000-10-16,2000-10-16_017_019,3.5912442207336426,4.7930908203125,0.22878314554691315,True,False,faible,exceptionelle,Matam,Zone sahélienne,Phase_3_fin,Fin de saison (Septembre-Octobre),2000,10,16,290,3.699611167811868,4.794354846130065,519.9995727539062
-12.375,16.625,2000-10-16,2000-10-16_017_020,2.869687080383301,4.912255764007568,0.18519558012485504,True,False,faible,exceptionelle,Matam,Zone sahélienne,Phase_3_fin,Fin de saison (Septembre-Octobre),2000,10,16,290,2.8929499860983996,4.9142071493906,546.666259765625
-12.125,16.625,2000-10-16,2000-10-16_017_021,4.898505687713623,4.7658915519714355,0.34653642773628235,True,False,faible,exceptionelle,Matam,Zone sahélienne,Phase_3_fin,Fin de saison (Septembre-Octobre),2000,10,16,290,4.944454048147154,4.766427238981928,573.3328247070312
-11.875,16.625,2000-10-16,2000-10-16_017_022,6.0290398597717285,4.311149597167969,0.5276569724082947,True,False,modérée,exceptionelle,Matam,Zone sahélienne,Phase_3_fin,Fin de saison (Septembre-Octobre),2000,10,16,290,6.0760532479789395,4.311371127564703,599.99951171875
-11.625,16.625,2000-10-16,2000-10-16_017_023,3.9745233058929443,3.387298822402954,0.43523070216178894,True,False,faible,exceptionelle,Matam,Zone sahélienne,Phase_3_fin,Fin de saison (Septembre-Octobre),2000,10,16,290,3.983903702779032,3.3930802632815875,626.6661987304688
-11.375,16.625,2000-10-16,2000-10-16_017_024,2.597865104675293,2.5146210193634033,0.3878304362297058,True,False,faible,très humide,Matam,Zone sahélienne,Phase_3_fin,Fin de saison (Septembre-Octobre),2000,10,16,290,2.6332692045662274,2.514879394416234,653.3328247070312
-16.625,12.375,2022-05-27,2022-05-27_000_003,5.893159866333008,5.895318031311035,0.24047714471817017,True,False,modérée,exceptionelle,Ziguinchor,Zone soudanienne,Phase_1_debut,Début de saison (Mai-Juin),2022,5,27,147,5.913267699917356,5.898012748315706,95.14187622070312
-16.375,12.375,2022-05-27,2022-05-27_000_004,7.0508222579956055,6.227135181427002,0.25236666202545166,True,False,modérée,exceptionelle,Ziguinchor,Zone soudanienne,Phase_1_debut,Début de saison (Mai-Juin),2022,5,27,147,7.067696499465098,6.2271465392568,122.32527160644531
-16.125,12.375,2022-05-27,2022-05-27_000_005,10.049447059631348,6.039132118225098,0.4171306788921356,True,False,modérée,exceptionelle,Sédhiou,Zone soudanienne,Phase_1_debut,Début de saison (Mai-Juin),2022,5,27,147,10.058172144482484,6.03972976291599,149.5086669921875
-15.875,12.375,2022-05-27,2022-05-27_000_006,13.645992279052734,5.946430683135986,0.6011369824409485,True,False,modérée,exceptionelle,Sédhiou,Zone soudanienne,Phase_1_debut,Début de saison (Mai-Juin),2022,5,27,147,13.686583207480272,5.947392590680913,176.6920623779297
-15.625,12.375,2022-05-27,2022-05-27_000_007,11.754961967468262,5.604963779449463,0.5709415078163147,True,False,modérée,exceptionelle,Sédhiou,Zone soudanienne,Phase_1_debut,Début de saison (Mai-Juin),2022,5,27,147,11.843565648524608,5.610394214265909,203.87545776367188
-15.375,12.375,2022-05-27,2022-05-27_000_008,12.25313949584961,5.488720417022705,0.6680097579956055,True,False,modérée,exceptionelle,Sédhiou,Zone soudanienne,Phase_1_debut,Début de saison (Mai-Juin),2022,5,27,147,12.29079316249445,5.494508942167963,231.058837890625
-15.125,12.375,2022-05-27,2022-05-27_000_009,15.97118854522705,4.757652759552002,1.356812596321106,True,False,modérée,exceptionelle,Sédhiou,Zone soudanienne,Phase_1_debut,Début de saison (Mai-Juin),2022,5,27,147,15.986564796773635,4.763145055004101,258.24224853515625
-14.875,12.375,2022-05-27,2022-05-27_000_010,17.576522827148438,4.232883930206299,1.6867438554763794,True,False,modérée,exceptionelle,Kolda,Zone soudanienne,Phase_1_debut,Début de saison (Mai-Juin),2022,5,27,147,17.59276530970281,4.235893503505381,285.4256286621094
-14.625,12.375,2022-05-27,2022-05-27_000_011,16.18976593017578,3.446934938430786,2.077531576156616,True,False,modérée,exceptionelle,Kolda,Zone soudanienne,Phase_1_debut,Début de saison (Mai-Juin),2022,5,27,147,16.275555845481083,3.4472512593820466,312.6090393066406
-14.375,12.375,2022-05-27,2022-05-27_000_012,13.315020561218262,3.0258796215057373,2.077188730239868,True,False,modérée,exceptionelle,Kolda,Zone soudanienne,Phase_1_debut,Début de saison (Mai-Juin),2022,5,27,147,13.358571469484257,3.028184064069585,339.79241943359375
-14.125,12.375,2022-05-27,2022-05-27_000_013,15.891907691955566,3.7080159187316895,2.1698482036590576,True,False,modérée,exceptionelle,Kolda,Zone soudanienne,Phase_1_debut,Début de saison (Mai-Juin),2022,5,27,147,15.900727305580023,3.733530708293819,366.9757995605469
-13.875,12.375,2022-05-27,2022-05-27_000_014,17.277851104736328,4.043034076690674,2.104276418685913,True,False,modérée,exceptionelle,Kolda,Zone soudanienne,Phase_1_debut,Début de saison (Mai-Juin),2022,5,27,147,17.316204540693576,4.0431136030647625,394.1592102050781
-13.625,12.375,2022-05-27,2022-05-27_000_015,19.866886138916016,4.0703444480896,2.6841304302215576,True,False,modérée,exceptionelle,Kolda,Zone soudanienne,Phase_1_debut,Début de saison (Mai-Juin),2022,5,27,147,19.882579630942804,4.073669483913249,421.34259033203125
-13.375,12.375,2022-05-27,2022-05-27_000_016,21.97305679321289,3.8701515197753906,3.1376140117645264,True,True,forte,exceptionelle,Kédougou,Zone soudanienne,Phase_1_debut,Début de saison (Mai-Juin),2022,5,27,147,21.985696677586535,3.9618679985928176,448.5260009765625
-13.125,12.375,2022-05-27,2022-05-27_000_017,23.6677188873291,4.211273670196533,2.9400241374969482,True,True,forte,exceptionelle,Kédougou,Zone soudanienne,Phase_1_debut,Début de saison (Mai-Juin),2022,5,27,147,23.709626332000273,4.217493505334136,475.7093811035156
-12.875,12.375,2022-05-27,2022-05-27_000_018,29.646650314331055,4.798418998718262,2.867112636566162,True,True,forte,exceptionelle,Kédougou,Zone soudanienne,Phase_1_debut,Début de saison (Mai-Juin),2022,5,27,147,29.661051352419452,4.8036952138546125,502.89276123046875
-12.625,12.375,2022-05-27,2022-05-27_000_019,24.683948516845703,4.074815273284912,3.052371025085449,True,True,forte,exceptionelle,Kédougou,Zone soudanienne,Phase_1_debut,Début de saison (Mai-Juin),2022,5,27,147,24.68538740531883,4.092125085131008,530.076171875
-12.375,12.375,2022-05-27,2022-05-27_000_020,24.620737075805664,3.663745880126953,3.607333183288574,True,True,forte,exceptionelle,Kédougou,Zone soudanienne,Phase_1_debut,Début de saison (Mai-Juin),2022,5,27,147,24.629154679763257,3.6985612622457538,557.2595825195312
-12.125,12.375,2022-05-27,2022-05-27_000_021,29.919584274291992,4.18666934967041,3.5184872150421143,True,True,forte,exceptionelle,Kédougou,Zone soudanienne,Phase_1_debut,Début de saison (Mai-Juin),2022,5,27,147,29.942398464260386,4.204535301007218,584.4429321289062
-11.875,12.375,2022-05-27,2022-05-27_000_022,16.55056381225586,2.894887685775757,2.938948154449463,True,False,modérée,très humide,Kédougou,Zone soudanienne,Phase_1_debut,Début de saison (Mai-Juin),2022,5,27,147,16.57495912714819,2.932806030589731,611.6263427734375
-11.625,12.375,2022-05-27,2022-05-27_000_023,9.558486938476562,1.6178109645843506,2.7885591983795166,False,False,modérée,humide,Kédougou,Zone soudanienne,Phase_1_debut,Début de saison (Mai-Juin),2022,5,27,147,9.560612038751342,1.8290329830131324,638.8097534179688
-11.375,12.375,2022-05-27,2022-05-27_000_024,8.084680557250977,1.2692468166351318,2.676229476928711,False,False,modérée,humide,Kédougou,Zone soudanienne,Phase_1_debut,Début de saison (Mai-Juin),2022,5,27,147,8.091694256768156,1.2740925188040613,665.9931640625
-16.625,12.625,2022-05-27,2022-05-27_001_003,7.401223659515381,5.841125965118408,0.30780407786369324,True,False,modérée,exceptionelle,Ziguinchor,Zone soudanienne,Phase_1_debut,Début de saison (Mai-Juin),2022,5,27,147,7.409861528693732,5.84119687248115,95.04988861083984
-16.375,12.625,2022-05-27,2022-05-27_001_004,12.942914009094238,6.180573463439941,0.4524543583393097,True,False,modérée,exceptionelle,Ziguinchor,Zone soudanienne,Phase_1_debut,Début de saison (Mai-Juin),2022,5,27,147,13.064948484526196,6.1808881448141895,122.2070083618164
-16.125,12.625,2022-05-27,2022-05-27_001_005,13.955050468444824,6.273224353790283,0.46494054794311523,True,False,modérée,exceptionelle,Sédhiou,Zone soudanienne,Phase_1_debut,Début de saison (Mai-Juin),2022,5,27,147,13.988794278858892,6.273406056303475,149.36412048339844
-15.875,12.625,2022-05-27,2022-05-27_001_006,13.441540718078613,6.176689147949219,0.47436976432800293,True,False,modérée,exceptionelle,Sédhiou,Zone soudanienne,Phase_1_debut,Début de saison (Mai-Juin),2022,5,27,147,13.45439337246382,6.177411357362067,176.521240234375
-15.625,12.625,2022-05-27,2022-05-27_001_007,16.928993225097656,6.0343804359436035,0.7613101601600647,True,False,modérée,exceptionelle,Sédhiou,Zone soudanienne,Phase_1_debut,Début de saison (Mai-Juin),2022,5,27,147,16.938965600938655,6.035668067596665,203.6783447265625
-15.375,12.625,2022-05-27,2022-05-27_001_008,15.475682258605957,5.228111267089844,0.9674104452133179,True,False,modérée,exceptionelle,Kolda,Zone soudanienne,Phase_1_debut,Début de saison (Mai-Juin),2022,5,27,147,15.534680828976276,5.233432755398391,230.83544921875
-15.125,12.625,2022-05-27,2022-05-27_001_009,15.4300537109375,5.274119853973389,1.0815168619155884,True,False,modérée,exceptionelle,Kolda,Zone soudanienne,Phase_1_debut,Début de saison (Mai-Juin),2022,5,27,147,15.443581772809052,5.277645741275807,257.9925842285156
-14.875,12.625,2022-05-27,2022-05-27_001_010,20.41389274597168,4.979593753814697,1.564167857170105,True,True,forte,exceptionelle,Kolda,Zone soudanienne,Phase_1_debut,Début de saison (Mai-Juin),2022,5,27,147,20.41724721630614,4.987921234351306,285.1496887207031
-14.625,12.625,2022-05-27,2022-05-27_001_011,17.005460739135742,4.2790985107421875,1.678134799003601,True,False,modérée,exceptionelle,Kolda,Zone soudanienne,Phase_1_debut,Début de saison (Mai-Juin),2022,5,27,147,17.00899058011309,4.290143137601152,312.3067932128906
-14.375,12.625,2022-05-27,2022-05-27_001_012,18.679054260253906,4.40427303314209,1.7898141145706177,True,False,modérée,exceptionelle,Kolda,Zone soudanienne,Phase_1_debut,Début de saison (Mai-Juin),2022,5,27,147,18.762698149561302,4.432696983442834,339.4638977050781
-14.125,12.625,2022-05-27,2022-05-27_001_013,16.973129272460938,4.043139934539795,1.904189944267273,True,False,modérée,exceptionelle,Kolda,Zone soudanienne,Phase_1_debut,Début de saison (Mai-Juin),2022,5,27,147,16.981252756550084,4.046845179706363,366.6210021972656
-13.875,12.625,2022-05-27,2022-05-27_001_014,18.038978576660156,4.445711612701416,1.8316922187805176,True,False,modérée,exceptionelle,Kolda,Zone soudanienne,Phase_1_debut,Début de saison (Mai-Juin),2022,5,27,147,18.046733784316174,4.454329799767115,393.77813720703125
-13.625,12.625,2022-05-27,2022-05-27_001_015,21.606887817382812,4.868082046508789,2.042607069015503,True,True,forte,exceptionelle,Tambacounda,Zone soudanienne,Phase_1_debut,Début de saison (Mai-Juin),2022,5,27,147,21.638099521847824,4.88091626838224,420.93524169921875
-13.375,12.625,2022-05-27,2022-05-27_001_016,23.020193099975586,4.604624271392822,2.3961849212646484,True,True,forte,exceptionelle,Kédougou,Zone soudanienne,Phase_1_debut,Début de saison (Mai-Juin),2022,5,27,147,23.02551400841181,4.6314417225631646,448.09234619140625
-13.125,12.625,2022-05-27,2022-05-27_001_017,32.090396881103516,5.08999490737915,2.6578776836395264,True,True,forte,exceptionelle,Kédougou,Zone soudanienne,Phase_1_debut,Début de saison (Mai-Juin),2022,5,27,147,32.13351281324225,5.116229937903247,475.24945068359375
-12.875,12.625,2022-05-27,2022-05-27_001_018,37.51918411254883,5.411989688873291,2.729412317276001,True,True,forte,exceptionelle,Kédougou,Zone soudanienne,Phase_1_debut,Début de saison (Mai-Juin),2022,5,27,147,37.51918411254883,5.417568408065105,502.40655517578125
-12.625,12.625,2022-05-27,2022-05-27_001_019,29.12128448486328,4.840940475463867,2.717545509338379,True,True,forte,exceptionelle,Kédougou,Zone soudanienne,Phase_1_debut,Début de saison (Mai-Juin),2022,5,27,147,29.147749665993523,4.852339358785045,529.5636596679688
-12.375,12.625,2022-05-27,2022-05-27_001_020,27.866044998168945,4.022819519042969,3.102861166000366,True,True,forte,exceptionelle,Kédougou,Zone soudanienne,Phase_1_debut,Début de saison (Mai-Juin),2022,5,27,147,27.87650393481231,4.03805662279752,556.7208251953125
-12.125,12.625,2022-05-27,2022-05-27_001_021,26.14459800720215,3.5833773612976074,3.3049590587615967,True,True,forte,exceptionelle,Kédougou,Zone soudanienne,Phase_1_debut,Début de saison (Mai-Juin),2022,5,27,147,26.148730100698806,3.6191679652611817,583.8778686523438
-11.875,12.625,2022-05-27,2022-05-27_001_022,23.97467803955078,3.7599329948425293,3.0813138484954834,True,True,forte,exceptionelle,Kédougou,Zone soudanienne,Phase_1_debut,Début de saison (Mai-Juin),2022,5,27,147,23.97790027024159,3.7749119775379123,611.0350341796875
-11.625,12.625,2022-05-27,2022-05-27_001_023,18.346710205078125,3.0787899494171143,2.8450124263763428,True,False,modérée,exceptionelle,Kédougou,Zone soudanienne,Phase_1_debut,Début de saison (Mai-Juin),2022,5,27,147,18.417688206811654,3.2048794252788593,638.192138671875
-11.375,12.625,2022-05-27,2022-05-27_001_024,13.896573066711426,2.6263973712921143,2.594564914703369,True,False,modérée,très humide,Kédougou,Zone soudanienne,Phase_1_debut,Début de saison (Mai-Juin),2022,5,27,147,13.915673725569068,2.666628213384044,665.3492431640625
-16.625,12.875,2022-05-27,2022-05-27_002_003,9.793070793151855,6.258232593536377,0.297077476978302,True,False,modérée,exceptionelle,Ziguinchor,Zone soudanienne,Phase_1_debut,Début de saison (Mai-Juin),2022,5,27,147,9.812668785977005,6.258718294114923,94.95609283447266
-16.375,12.875,2022-05-27,2022-05-27_002_004,14.575672149658203,6.170902729034424,0.5057724118232727,True,False,modérée,exceptionelle,Ziguinchor,Zone soudanienne,Phase_1_debut,Début de saison (Mai-Juin),2022,5,27,147,14.592904040561848,6.17126017719058,122.08641052246094
-16.125,12.875,2022-05-27,2022-05-27_002_005,14.059159278869629,6.112868785858154,0.5081070065498352,True,False,modérée,exceptionelle,Sédhiou,Zone soudanienne,Phase_1_debut,Début de saison (Mai-Juin),2022,5,27,147,14.074763115926004,6.113305983231895,149.2167205810547
-15.875,12.875,2022-05-27,2022-05-27_002_006,14.902192115783691,6.3346848487854,0.43875622749328613,True,False,modérée,exceptionelle,Sédhiou,Zone soudanienne,Phase_1_debut,Début de saison (Mai-Juin),2022,5,27,147,15.060020080163838,6.334720705022764,176.34703063964844
-15.625,12.875,2022-05-27,2022-05-27_002_007,16.026321411132812,6.153132915496826,0.5644696354866028,True,False,modérée,exceptionelle,Sédhiou,Zone soudanienne,Phase_1_debut,Début de saison (Mai-Juin),2022,5,27,147,16.034618856918872,6.153858199191453,203.47735595703125
-15.375,12.875,2022-05-27,2022-05-27_002_008,18.14258575439453,5.377230167388916,0.9993231296539307,True,False,modérée,exceptionelle,Kolda,Zone soudanienne,Phase_1_debut,Début de saison (Mai-Juin),2022,5,27,147,18.16057371014926,5.379140965303584,230.60765075683594
-15.125,12.875,2022-05-27,2022-05-27_002_009,16.967905044555664,5.454014778137207,0.9335341453552246,True,False,modérée,exceptionelle,Kolda,Zone soudanienne,Phase_1_debut,Début de saison (Mai-Juin),2022,5,27,147,16.969230790833134,5.456613410058333,257.73797607421875
-14.875,12.875,2022-05-27,2022-05-27_002_010,19.532543182373047,5.220615863800049,1.1681437492370605,True,False,modérée,exceptionelle,Kolda,Zone soudanienne,Phase_1_debut,Début de saison (Mai-Juin),2022,5,27,147,19.559716100069746,5.223147701378444,284.8682861328125
-14.625,12.875,2022-05-27,2022-05-27_002_011,20.386314392089844,4.865428924560547,1.5732102394104004,True,True,forte,exceptionelle,Kolda,Zone soudanienne,Phase_1_debut,Début de saison (Mai-Juin),2022,5,27,147,20.391511318072602,4.867135455260923,311.99859619140625
-14.375,12.875,2022-05-27,2022-05-27_002_012,13.625044822692871,3.6359002590179443,1.6091657876968384,True,False,modérée,exceptionelle,Kolda,Zone soudanienne,Phase_1_debut,Début de saison (Mai-Juin),2022,5,27,147,13.632097483879358,3.6578689148677657,339.12890625
-14.125,12.875,2022-05-27,2022-05-27_002_013,20.348709106445312,4.676741123199463,1.711538314819336,True,True,forte,exceptionelle,Kolda,Zone soudanienne,Phase_1_debut,Début de saison (Mai-Juin),2022,5,27,147,20.35106412609618,4.730817744480304,366.25921630859375
-13.875,12.875,2022-05-27,2022-05-27_002_014,25.711645126342773,5.242128372192383,1.767874836921692,True,True,forte,exceptionelle,Tambacounda,Zone soudanienne,Phase_1_debut,Début de saison (Mai-Juin),2022,5,27,147,25.718116923193236,5.244093868600663,393.3895263671875
-13.625,12.875,2022-05-27,2022-05-27_002_015,26.252281188964844,5.324920177459717,1.8609153032302856,True,True,forte,exceptionelle,Tambacounda,Zone soudanienne,Phase_1_debut,Début de saison (Mai-Juin),2022,5,27,147,26.262200585561782,5.33319823586162,420.51983642578125
-13.375,12.875,2022-05-27,2022-05-27_002_016,26.184709548950195,5.469110488891602,1.770796537399292,True,True,forte,exceptionelle,Tambacounda,Zone soudanienne,Phase_1_debut,Début de saison (Mai-Juin),2022,5,27,147,26.191500668549658,5.471391173463371,447.6501770019531
-13.125,12.875,2022-05-27,2022-05-27_002_017,33.520408630371094,5.445380687713623,2.3242411613464355,True,True,forte,exceptionelle,Kédougou,Zone soudanienne,Phase_1_debut,Début de saison (Mai-Juin),2022,5,27,147,33.52147116732957,5.44976281400901,474.78045654296875
-12.875,12.875,2022-05-27,2022-05-27_002_018,33.945526123046875,5.267671585083008,2.3669090270996094,True,True,forte,exceptionelle,Kédougou,Zone soudanienne,Phase_1_debut,Début de saison (Mai-Juin),2022,5,27,147,33.95559723053744,5.2712521565020385,501.9107666015625
-12.625,12.875,2022-05-27,2022-05-27_002_019,29.578651428222656,4.806495666503906,2.443235397338867,True,True,forte,exceptionelle,Kédougou,Zone soudanienne,Phase_1_debut,Début de saison (Mai-Juin),2022,5,27,147,29.582410160620608,4.8289107557517195,529.0410766601562
-12.375,12.875,2022-05-27,2022-05-27_002_020,28.366798400878906,4.237086772918701,2.9456934928894043,True,True,forte,exceptionelle,Kédougou,Zone soudanienne,Phase_1_debut,Début de saison (Mai-Juin),2022,5,27,147,28.379201687760087,4.237131006154582,556.1714477539062
-12.125,12.875,2022-05-27,2022-05-27_002_021,35.87507247924805,4.345953464508057,3.3845794200897217,True,True,forte,exceptionelle,Kédougou,Zone soudanienne,Phase_1_debut,Début de saison (Mai-Juin),2022,5,27,147,35.884651241590014,4.350839904804325,583.3016967773438
-11.875,12.875,2022-05-27,2022-05-27_002_022,24.694961547851562,3.3925771713256836,3.379164218902588,True,True,forte,exceptionelle,Kédougou,Zone soudanienne,Phase_1_debut,Début de saison (Mai-Juin),2022,5,27,147,24.695305675717453,3.4365550633051885,610.4320068359375
-11.625,12.875,2022-05-27,2022-05-27_002_023,16.05634307861328,2.2990520000457764,2.852724552154541,True,False,modérée,très humide,Kédougou,Zone soudanienne,Phase_1_debut,Début de saison (Mai-Juin),2022,5,27,147,16.068161571445177,2.5762263470558655,637.5623779296875
-11.375,12.875,2022-05-27,2022-05-27_002_024,13.292336463928223,1.9347895383834839,2.8631179332733154,False,False,modérée,humide,Kédougou,Zone soudanienne,Phase_1_debut,Début de saison (Mai-Juin),2022,5,27,147,13.30020180419462,2.116206087059711,664.6926879882812
-16.625,13.125,2022-05-27,2022-05-27_003_003,7.085087299346924,6.324215888977051,0.20116601884365082,True,False,modérée,exceptionelle,Ziguinchor,Zone soudanienne,Phase_1_debut,Début de saison (Mai-Juin),2022,5,27,147,7.187150896494114,6.324367385413779,94.86048126220703
-16.375,13.125,2022-05-27,2022-05-27_003_004,14.406935691833496,6.084713935852051,0.5689708590507507,True,False,modérée,exceptionelle,Ziguinchor,Zone soudanienne,Phase_1_debut,Début de saison (Mai-Juin),2022,5,27,147,14.439930906247847,6.086328257268398,121.9634780883789
-16.125,13.125,2022-05-27,2022-05-27_003_005,12.148723602294922,6.190887451171875,0.3972568213939667,True,False,modérée,exceptionelle,Sédhiou,Zone soudanienne,Phase_1_debut,Début de saison (Mai-Juin),2022,5,27,147,12.186502217048377,6.191572353468469,149.0664825439453
-15.875,13.125,2022-05-27,2022-05-27_003_006,13.767459869384766,6.3386359214782715,0.3842792809009552,True,False,modérée,exceptionelle,Sédhiou,Zone soudanienne,Phase_1_debut,Début de saison (Mai-Juin),2022,5,27,147,13.802653902140102,6.338707140342674,176.1694793701172
-15.625,13.125,2022-05-27,2022-05-27_003_007,14.7445650100708,6.380227088928223,0.3948940336704254,True,False,modérée,exceptionelle,Sédhiou,Zone soudanienne,Phase_1_debut,Début de saison (Mai-Juin),2022,5,27,147,14.775512216079173,6.380340810996204,203.27247619628906
-15.375,13.125,2022-05-27,2022-05-27_003_008,19.666059494018555,5.7130913734436035,0.8514119386672974,True,False,modérée,exceptionelle,Kolda,Zone soudanienne,Phase_1_debut,Début de saison (Mai-Juin),2022,5,27,147,19.70642665882207,5.715498568424628,230.37545776367188
-15.125,13.125,2022-05-27,2022-05-27_003_009,21.78692054748535,5.84132194519043,0.9484169483184814,True,True,forte,exceptionelle,Kolda,Zone soudanienne,Phase_1_debut,Début de saison (Mai-Juin),2022,5,27,147,21.81872272012222,5.843420344980518,257.47845458984375
-14.875,13.125,2022-05-27,2022-05-27_003_010,21.46053695678711,5.640365123748779,1.0843559503555298,True,True,forte,exceptionelle,Kolda,Zone soudanienne,Phase_1_debut,Début de saison (Mai-Juin),2022,5,27,147,21.48627705789691,5.647166123941316,284.5814514160156
-14.625,13.125,2022-05-27,2022-05-27_003_011,20.360881805419922,5.487201690673828,1.1320009231567383,True,True,forte,exceptionelle,Kolda,Zone soudanienne,Phase_1_debut,Début de saison (Mai-Juin),2022,5,27,147,20.36573827925639,5.487938158476173,311.6844482421875
-14.375,13.125,2022-05-27,2022-05-27_003_012,17.645294189453125,5.079931259155273,1.2004001140594482,True,False,modérée,exceptionelle,Tambacounda,Zone soudanienne,Phase_1_debut,Début de saison (Mai-Juin),2022,5,27,147,17.65024710899621,5.086050361844164,338.7874450683594
-14.125,13.125,2022-05-27,2022-05-27_003_013,21.31841468811035,5.354799270629883,1.38569176197052,True,True,forte,exceptionelle,Tambacounda,Zone soudanienne,Phase_1_debut,Début de saison (Mai-Juin),2022,5,27,147,21.343768158150677,5.366634668417312,365.89044189453125
-13.875,13.125,2022-05-27,2022-05-27_003_014,24.513792037963867,5.237400531768799,1.6795697212219238,True,True,forte,exceptionelle,Tambacounda,Zone soudanienne,Phase_1_debut,Début de saison (Mai-Juin),2022,5,27,147,24.528302168726324,5.240097063869687,392.9934387207031
-13.625,13.125,2022-05-27,2022-05-27_003_015,28.847291946411133,5.40057897567749,1.79961359500885,True,True,forte,exceptionelle,Tambacounda,Zone soudanienne,Phase_1_debut,Début de saison (Mai-Juin),2022,5,27,147,28.86043656890716,5.406485023210995,420.096435546875
-13.375,13.125,2022-05-27,2022-05-27_003_016,25.770185470581055,5.2573161125183105,1.7949988842010498,True,True,forte,exceptionelle,Tambacounda,Zone soudanienne,Phase_1_debut,Début de saison (Mai-Juin),2022,5,27,147,25.79713617257737,5.2630922806322875,447.1994323730469
-13.125,13.125,2022-05-27,2022-05-27_003_017,29.048505783081055,5.224997043609619,2.0277256965637207,True,True,forte,exceptionelle,Tambacounda,Zone soudanienne,Phase_1_debut,Début de saison (Mai-Juin),2022,5,27,147,29.053077309574913,5.226788895813065,474.30242919921875
-12.875,13.125,2022-05-27,2022-05-27_003_018,33.55885314941406,5.350219249725342,2.1369736194610596,True,True,forte,exceptionelle,Tambacounda,Zone soudanienne,Phase_1_debut,Début de saison (Mai-Juin),2022,5,27,147,33.5631684538108,5.352221481764137,501.4053955078125
-12.625,13.125,2022-05-27,2022-05-27_003_019,37.49540710449219,5.255715370178223,2.354081153869629,True,True,forte,exceptionelle,Tambacounda,Zone soudanienne,Phase_1_debut,Début de saison (Mai-Juin),2022,5,27,147,37.49546684571846,5.256612268524553,528.5084228515625
-12.375,13.125,2022-05-27,2022-05-27_003_020,34.63648223876953,4.888113498687744,2.7450737953186035,True,True,forte,exceptionelle,Tambacounda,Zone soudanienne,Phase_1_debut,Début de saison (Mai-Juin),2022,5,27,147,34.637267855543584,4.94649537005017,555.6114501953125
-12.125,13.125,2022-05-27,2022-05-27_003_021,34.961036682128906,4.458322048187256,3.2351975440979004,True,True,forte,exceptionelle,Tambacounda,Zone soudanienne,Phase_1_debut,Début de saison (Mai-Juin),2022,5,27,147,34.97022297154721,4.463048423354949,582.71435546875
-11.875,13.125,2022-05-27,2022-05-27_003_022,22.9185733795166,3.062138557434082,3.3290491104125977,True,True,forte,exceptionelle,Tambacounda,Zone soudanienne,Phase_1_debut,Début de saison (Mai-Juin),2022,5,27,147,22.934658913157097,3.075861312636179,609.8173828125
-11.625,13.125,2022-05-27,2022-05-27_003_023,9.434606552124023,1.089821696281433,2.8567192554473877,False,False,modérée,humide,Tambacounda,Zone soudanienne,Phase_1_debut,Début de saison (Mai-Juin),2022,5,27,147,9.486275255979605,1.1815924102337516,636.92041015625
-11.375,13.125,2022-05-27,2022-05-27_003_024,5.68492317199707,0.5732215046882629,2.5011885166168213,False,False,modérée,normale,Kédougou,Zone soudanienne,Phase_1_debut,Début de saison (Mai-Juin),2022,5,27,147,5.701078072265165,0.5849070590944146,664.0234375
-16.625,13.375,2022-05-27,2022-05-27_004_003,3.3467628955841064,6.187067985534668,0.10914336889982224,True,False,faible,exceptionelle,Ziguinchor,Zone soudanienne,Phase_1_debut,Début de saison (Mai-Juin),2022,5,27,147,3.351989777842958,6.1877397508477445,94.76307678222656
-16.375,13.375,2022-05-27,2022-05-27_004_004,5.508835792541504,6.39511775970459,0.1424179971218109,True,False,modérée,exceptionelle,Ziguinchor,Zone soudanienne,Phase_1_debut,Début de saison (Mai-Juin),2022,5,27,147,5.54174958401589,6.395148401883379,121.83824157714844
-16.125,13.375,2022-05-27,2022-05-27_004_005,6.317930221557617,6.374517440795898,0.1701354831457138,True,False,modérée,exceptionelle,Kaolack,Zone soudanienne,Phase_1_debut,Début de saison (Mai-Juin),2022,5,27,147,6.385638935482083,6.374668471178218,148.9134063720703
-15.875,13.375,2022-05-27,2022-05-27_004_006,8.06859302520752,6.167424201965332,0.2745274007320404,True,False,modérée,exceptionelle,Sédhiou,Zone soudanienne,Phase_1_debut,Début de saison (Mai-Juin),2022,5,27,147,8.07570710972925,6.167988355435319,175.9885711669922
-15.625,13.375,2022-05-27,2022-05-27_004_007,16.099496841430664,6.400521278381348,0.3973861634731293,True,False,modérée,exceptionelle,Sédhiou,Zone soudanienne,Phase_1_debut,Début de saison (Mai-Juin),2022,5,27,147,16.118860244750977,6.400523118637315,203.06373596191406
-15.375,13.375,2022-05-27,2022-05-27_004_008,18.30937385559082,6.1999125480651855,0.616606593132019,True,False,modérée,exceptionelle,Kolda,Zone soudanienne,Phase_1_debut,Début de saison (Mai-Juin),2022,5,27,147,18.317441508997625,6.200594425201416,230.13888549804688
-15.125,13.375,2022-05-27,2022-05-27_004_009,19.19731903076172,6.099842548370361,0.6944983005523682,True,False,modérée,exceptionelle,Kolda,Zone soudanienne,Phase_1_debut,Début de saison (Mai-Juin),2022,5,27,147,19.2663853132545,6.099939808773635,257.2140808105469
-14.875,13.375,2022-05-27,2022-05-27_004_010,20.555635452270508,5.85828971862793,0.8722296357154846,True,True,forte,exceptionelle,Kolda,Zone soudanienne,Phase_1_debut,Début de saison (Mai-Juin),2022,5,27,147,20.69362566578926,5.859873273264823,284.2892150878906
-14.625,13.375,2022-05-27,2022-05-27_004_011,14.405523300170898,5.6169047355651855,0.7189640402793884,True,False,modérée,exceptionelle,Kolda,Zone soudanienne,Phase_1_debut,Début de saison (Mai-Juin),2022,5,27,147,14.405970439239962,5.617830542463753,311.3644104003906
-14.375,13.375,2022-05-27,2022-05-27_004_012,14.511992454528809,5.561509609222412,0.708564817905426,True,False,modérée,exceptionelle,Tambacounda,Zone soudanienne,Phase_1_debut,Début de saison (Mai-Juin),2022,5,27,147,14.531832359543996,5.563944009081204,338.4395446777344
-14.125,13.375,2022-05-27,2022-05-27_004_013,23.997177124023438,5.473718166351318,1.292967677116394,True,True,forte,exceptionelle,Tambacounda,Zone soudanienne,Phase_1_debut,Début de saison (Mai-Juin),2022,5,27,147,24.019406802690202,5.474965788012174,365.51470947265625
-13.875,13.375,2022-05-27,2022-05-27_004_014,30.67117691040039,5.476251602172852,1.7894867658615112,True,True,forte,exceptionelle,Tambacounda,Zone soudanienne,Phase_1_debut,Début de saison (Mai-Juin),2022,5,27,147,30.673760802302528,5.481322693465343,392.5898742675781
-13.625,13.375,2022-05-27,2022-05-27_004_015,33.7306022644043,5.685252666473389,1.8969886302947998,True,True,forte,exceptionelle,Tambacounda,Zone soudanienne,Phase_1_debut,Début de saison (Mai-Juin),2022,5,27,147,33.73546235166004,5.692043978964264,419.6650390625
-13.375,13.375,2022-05-27,2022-05-27_004_016,34.446563720703125,5.1333208084106445,2.3348093032836914,True,True,forte,exceptionelle,Tambacounda,Zone soudanienne,Phase_1_debut,Début de saison (Mai-Juin),2022,5,27,147,34.4499039961465,5.148847968135048,446.7402038574219
-13.125,13.375,2022-05-27,2022-05-27_004_017,27.20763397216797,4.765901565551758,2.154074192047119,True,True,forte,exceptionelle,Tambacounda,Zone soudanienne,Phase_1_debut,Début de saison (Mai-Juin),2022,5,27,147,27.21128606077415,4.7695218666115,473.81536865234375
-12.875,13.375,2022-05-27,2022-05-27_004_018,30.373586654663086,4.858524799346924,2.2699873447418213,True,True,forte,exceptionelle,Tambacounda,Zone soudanienne,Phase_1_debut,Début de saison (Mai-Juin),2022,5,27,147,30.384828222456893,4.862982990753711,500.8905334472656
-12.625,13.375,2022-05-27,2022-05-27_004_019,34.688594818115234,5.049740314483643,2.371696949005127,True,True,forte,exceptionelle,Tambacounda,Zone soudanienne,Phase_1_debut,Début de saison (Mai-Juin),2022,5,27,147,34.69201745459782,5.065209664292072,527.9656982421875
-12.375,13.375,2022-05-27,2022-05-27_004_020,31.843156814575195,5.022300720214844,2.3764472007751465,True,True,forte,exceptionelle,Tambacounda,Zone soudanienne,Phase_1_debut,Début de saison (Mai-Juin),2022,5,27,147,31.851232495140188,5.023045271485295,555.0408935546875
-12.125,13.375,2022-05-27,2022-05-27_004_021,28.543102264404297,4.2959370613098145,2.753513813018799,True,True,forte,exceptionelle,Tambacounda,Zone soudanienne,Phase_1_debut,Début de saison (Mai-Juin),2022,5,27,147,28.56373824785702,4.301871743034478,582.1160278320312
-11.875,13.375,2022-05-27,2022-05-27_004_022,22.048141479492188,3.0286505222320557,3.0267415046691895,True,True,forte,exceptionelle,Tambacounda,Zone soudanienne,Phase_1_debut,Début de saison (Mai-Juin),2022,5,27,147,22.096894086904864,3.035888514926086,609.191162109375
-11.625,13.375,2022-05-27,2022-05-27_004_023,11.739917755126953,1.3744685649871826,2.834813356399536,False,False,modérée,humide,Tambacounda,Zone soudanienne,Phase_1_debut,Début de saison (Mai-Juin),2022,5,27,147,11.745512085344323,1.5332827133748994,636.266357421875
-11.375,13.375,2022-05-27,2022-05-27_004_024,3.4162936210632324,0.2773590087890625,1.934062123298645,False,False,faible,normale,Kédougou,Zone soudanienne,Phase_1_debut,Début de saison (Mai-Juin),2022,5,27,147,3.434612969058242,0.3258580643327992,663.341552734375
-16.625,13.625,2022-05-27,2022-05-27_005_003,1.4431610107421875,5.940576076507568,0.051135968416929245,True,False,faible,exceptionelle,Fatick,Zone soudano-sahélienne,Phase_1_debut,Début de saison (Mai-Juin),2022,5,27,147,1.4594852055736522,5.941227220410678,94.66385650634766
-16.375,13.625,2022-05-27,2022-05-27_005_004,2.7114946842193604,6.396642208099365,0.06920760869979858,True,False,faible,exceptionelle,Kaolack,Zone soudano-sahélienne,Phase_1_debut,Début de saison (Mai-Juin),2022,5,27,147,2.806141771263818,6.396710432953571,121.71067810058594
-16.125,13.625,2022-05-27,2022-05-27_005_005,4.086942672729492,6.227480411529541,0.12630434334278107,True,False,faible,exceptionelle,Kaolack,Zone soudano-sahélienne,Phase_1_debut,Début de saison (Mai-Juin),2022,5,27,147,4.103231831411621,6.227605838871481,148.7574920654297
-15.875,13.625,2022-05-27,2022-05-27_005_006,6.959737777709961,6.197812080383301,0.24263037741184235,True,False,modérée,exceptionelle,Kaffrine,Zone soudano-sahélienne,Phase_1_debut,Début de saison (Mai-Juin),2022,5,27,147,6.971301317214966,6.197877180636229,175.8043212890625
-15.625,13.625,2022-05-27,2022-05-27_005_007,9.653630256652832,6.257782936096191,0.2807134687900543,True,False,modérée,exceptionelle,Kaffrine,Zone soudano-sahélienne,Phase_1_debut,Début de saison (Mai-Juin),2022,5,27,147,9.710737813058216,6.257836036346665,202.85113525390625
-15.375,13.625,2022-05-27,2022-05-27_005_008,13.479153633117676,6.402087211608887,0.33079221844673157,True,False,modérée,exceptionelle,Kaffrine,Zone soudano-sahélienne,Phase_1_debut,Début de saison (Mai-Juin),2022,5,27,147,13.528639338124337,6.402089214804184,229.89793395996094
-15.125,13.625,2022-05-27,2022-05-27_005_009,16.511882781982422,6.228341102600098,0.5342870354652405,True,False,modérée,exceptionelle,Kaffrine,Zone soudano-sahélienne,Phase_1_debut,Début de saison (Mai-Juin),2022,5,27,147,16.522087576401294,6.228800972502436,256.94476318359375
-14.875,13.625,2022-05-27,2022-05-27_005_010,15.67637825012207,6.204087734222412,0.5258016586303711,True,False,modérée,exceptionelle,Kolda,Zone soudano-sahélienne,Phase_1_debut,Début de saison (Mai-Juin),2022,5,27,147,15.732724242473974,6.20457202825115,283.9915771484375
-14.625,13.625,2022-05-27,2022-05-27_005_011,12.907914161682129,6.160346984863281,0.4687512516975403,True,False,modérée,exceptionelle,Kolda,Zone soudano-sahélienne,Phase_1_debut,Début de saison (Mai-Juin),2022,5,27,147,12.920225665796941,6.1616303309723355,311.0384216308594
-14.375,13.625,2022-05-27,2022-05-27_005_012,17.66649055480957,5.869376182556152,0.7143295407295227,True,False,modérée,exceptionelle,Tambacounda,Zone soudano-sahélienne,Phase_1_debut,Début de saison (Mai-Juin),2022,5,27,147,17.752593313629294,5.8769328198840265,338.085205078125
-14.125,13.625,2022-05-27,2022-05-27_005_013,22.449417114257812,5.433568954467773,1.1787135601043701,True,True,forte,exceptionelle,Tambacounda,Zone soudano-sahélienne,Phase_1_debut,Début de saison (Mai-Juin),2022,5,27,147,22.524859327766762,5.439593531977591,365.13201904296875
-13.875,13.625,2022-05-27,2022-05-27_005_014,28.000324249267578,5.389418125152588,1.5047684907913208,True,True,forte,exceptionelle,Tambacounda,Zone soudano-sahélienne,Phase_1_debut,Début de saison (Mai-Juin),2022,5,27,147,28.014919923178514,5.395222889119057,392.1788635253906
-13.625,13.625,2022-05-27,2022-05-27_005_015,37.14585494995117,5.252860069274902,2.2114956378936768,True,True,forte,exceptionelle,Tambacounda,Zone soudano-sahélienne,Phase_1_debut,Début de saison (Mai-Juin),2022,5,27,147,37.14761149344133,5.254467072798379,419.22564697265625
-13.375,13.625,2022-05-27,2022-05-27_005_016,31.6198673248291,5.459160327911377,1.835140347480774,True,True,forte,exceptionelle,Tambacounda,Zone soudano-sahélienne,Phase_1_debut,Début de saison (Mai-Juin),2022,5,27,147,31.627721728991027,5.4601822929765715,446.2724914550781
-13.125,13.625,2022-05-27,2022-05-27_005_017,27.193378448486328,5.314046382904053,1.7084227800369263,True,True,forte,exceptionelle,Tambacounda,Zone soudano-sahélienne,Phase_1_debut,Début de saison (Mai-Juin),2022,5,27,147,27.194596257042047,5.319920417651459,473.3193054199219
-12.875,13.625,2022-05-27,2022-05-27_005_018,27.251680374145508,5.552586555480957,1.687780737876892,True,True,forte,exceptionelle,Tambacounda,Zone soudano-sahélienne,Phase_1_debut,Début de saison (Mai-Juin),2022,5,27,147,27.301076524820758,5.5567342060894225,500.3660888671875
-12.625,13.625,2022-05-27,2022-05-27_005_019,29.560165405273438,5.618951797485352,1.8849494457244873,True,True,forte,exceptionelle,Tambacounda,Zone soudano-sahélienne,Phase_1_debut,Début de saison (Mai-Juin),2022,5,27,147,29.56123369303181,5.625770669486655,527.4129028320312
-12.375,13.625,2022-05-27,2022-05-27_005_020,30.731670379638672,5.520101547241211,2.0662338733673096,True,True,forte,exceptionelle,Tambacounda,Zone soudano-sahélienne,Phase_1_debut,Début de saison (Mai-Juin),2022,5,27,147,30.755602525107243,5.530624744281098,554.4597778320312
-12.125,13.625,2022-05-27,2022-05-27_005_021,28.193960189819336,5.188055992126465,2.0509119033813477,True,True,forte,exceptionelle,Tambacounda,Zone soudano-sahélienne,Phase_1_debut,Début de saison (Mai-Juin),2022,5,27,147,28.20655392881614,5.189523632202915,581.5065307617188
-11.875,13.625,2022-05-27,2022-05-27_005_022,17.462940216064453,3.0373799800872803,2.1824862957000732,True,False,modérée,exceptionelle,Tambacounda,Zone soudano-sahélienne,Phase_1_debut,Début de saison (Mai-Juin),2022,5,27,147,17.490051643333246,3.057846241260893,608.5533447265625
-11.625,13.625,2022-05-27,2022-05-27_005_023,15.86970329284668,2.6740517616271973,2.2462072372436523,True,False,modérée,très humide,Tambacounda,Zone soudano-sahélienne,Phase_1_debut,Début de saison (Mai-Juin),2022,5,27,147,15.876119136810301,2.859931245521084,635.6002197265625
-11.375,13.625,2022-05-27,2022-05-27_005_024,5.621038913726807,1.0222233533859253,1.6776325702667236,False,False,modérée,humide,Kédougou,Zone soudano-sahélienne,Phase_1_debut,Début de saison (Mai-Juin),2022,5,27,147,5.647133168263651,1.0820088224794397,662.6470336914062
-16.625,13.875,2022-05-27,2022-05-27_006_003,0.796116292476654,5.163426876068115,0.037260521203279495,True,False,trace,exceptionelle,Fatick,Zone soudano-sahélienne,Phase_1_debut,Début de saison (Mai-Juin),2022,5,27,147,0.8137813120631118,5.175001924361416,94.56283569335938
-16.375,13.875,2022-05-27,2022-05-27_006_004,1.5235708951950073,6.4049391746521,0.0354318805038929,True,False,faible,exceptionelle,Fatick,Zone soudano-sahélienne,Phase_1_debut,Début de saison (Mai-Juin),2022,5,27,147,1.5374498954370392,6.404939177048266,121.58079528808594
-16.125,13.875,2022-05-27,2022-05-27_006_005,3.082296371459961,6.274906158447266,0.09568136930465698,True,False,faible,exceptionelle,Fatick,Zone soudano-sahélienne,Phase_1_debut,Début de saison (Mai-Juin),2022,5,27,147,3.1588352888672806,6.275318476422947,148.5987548828125
-15.875,13.875,2022-05-27,2022-05-27_006_006,4.632747650146484,6.237247943878174,0.1519797295331955,True,False,faible,exceptionelle,Kaolack,Zone soudano-sahélienne,Phase_1_debut,Début de saison (Mai-Juin),2022,5,27,147,4.719652713842726,6.238112677281825,175.61669921875
-15.625,13.875,2022-05-27,2022-05-27_006_007,7.553464412689209,6.173812389373779,0.24452868103981018,True,False,modérée,exceptionelle,Kaolack,Zone soudano-sahélienne,Phase_1_debut,Début de saison (Mai-Juin),2022,5,27,147,7.59454243626427,6.1738728494500394,202.63465881347656
-15.375,13.875,2022-05-27,2022-05-27_006_008,8.981383323669434,6.400643348693848,0.21651944518089294,True,False,modérée,exceptionelle,Kaffrine,Zone soudano-sahélienne,Phase_1_debut,Début de saison (Mai-Juin),2022,5,27,147,9.059279322025168,6.400661487675192,229.65260314941406
-15.125,13.875,2022-05-27,2022-05-27_006_009,10.071425437927246,6.339924335479736,0.279236763715744,True,False,modérée,exceptionelle,Kaffrine,Zone soudano-sahélienne,Phase_1_debut,Début de saison (Mai-Juin),2022,5,27,147,10.099937496472844,6.340091043980277,256.6705627441406
-14.875,13.875,2022-05-27,2022-05-27_006_010,10.904828071594238,6.166575908660889,0.3699265718460083,True,False,modérée,exceptionelle,Kaffrine,Zone soudano-sahélienne,Phase_1_debut,Début de saison (Mai-Juin),2022,5,27,147,10.991519808170185,6.166748551268074,283.6885070800781
-14.625,13.875,2022-05-27,2022-05-27_006_011,10.766118049621582,6.207099437713623,0.36600834131240845,True,False,modérée,exceptionelle,Kaffrine,Zone soudano-sahélienne,Phase_1_debut,Début de saison (Mai-Juin),2022,5,27,147,10.819441249023132,6.207759050867665,310.70648193359375
-14.375,13.875,2022-05-27,2022-05-27_006_012,14.107677459716797,6.091012954711914,0.5461980104446411,True,False,modérée,exceptionelle,Tambacounda,Zone soudano-sahélienne,Phase_1_debut,Début de saison (Mai-Juin),2022,5,27,147,14.202718720364217,6.092023116260318,337.72442626953125
-14.125,13.875,2022-05-27,2022-05-27_006_013,18.223026275634766,5.422820568084717,0.9654898643493652,True,False,modérée,exceptionelle,Tambacounda,Zone soudano-sahélienne,Phase_1_debut,Début de saison (Mai-Juin),2022,5,27,147,18.236886700194084,5.428329791255932,364.74237060546875
-13.875,13.875,2022-05-27,2022-05-27_006_014,26.019636154174805,5.015464782714844,1.5380825996398926,True,True,forte,exceptionelle,Tambacounda,Zone soudano-sahélienne,Phase_1_debut,Début de saison (Mai-Juin),2022,5,27,147,26.032823083388745,5.015885609478207,391.7603454589844
-13.625,13.875,2022-05-27,2022-05-27_006_015,31.326982498168945,5.190552234649658,1.789097785949707,True,True,forte,exceptionelle,Tambacounda,Zone soudano-sahélienne,Phase_1_debut,Début de saison (Mai-Juin),2022,5,27,147,31.33802087103302,5.193189117776688,418.7782897949219
-13.375,13.875,2022-05-27,2022-05-27_006_016,30.609067916870117,6.132172107696533,1.269364833831787,True,True,forte,exceptionelle,Tambacounda,Zone soudano-sahélienne,Phase_1_debut,Début de saison (Mai-Juin),2022,5,27,147,30.61187686632626,6.133774347640761,445.7962341308594
-13.125,13.875,2022-05-27,2022-05-27_006_017,26.968399047851562,5.8186516761779785,1.2910629510879517,True,True,forte,exceptionelle,Tambacounda,Zone soudano-sahélienne,Phase_1_debut,Début de saison (Mai-Juin),2022,5,27,147,26.970000923578464,5.821204676699998,472.8141784667969
-12.875,13.875,2022-05-27,2022-05-27_006_018,26.3535099029541,5.681635856628418,1.4307159185409546,True,True,forte,exceptionelle,Tambacounda,Zone soudano-sahélienne,Phase_1_debut,Début de saison (Mai-Juin),2022,5,27,147,26.412217911763424,5.68316255023132,499.8321228027344
-12.625,13.875,2022-05-27,2022-05-27_006_019,25.110353469848633,5.511802673339844,1.6131364107131958,True,True,forte,exceptionelle,Tambacounda,Zone soudano-sahélienne,Phase_1_debut,Début de saison (Mai-Juin),2022,5,27,147,25.12816691758046,5.515743595870895,526.85009765625
-12.375,13.875,2022-05-27,2022-05-27_006_020,25.406923294067383,5.245589733123779,1.779229998588562,True,True,forte,exceptionelle,Tambacounda,Zone soudano-sahélienne,Phase_1_debut,Début de saison (Mai-Juin),2022,5,27,147,25.44170855996597,5.249699847782078,553.8680419921875
-12.125,13.875,2022-05-27,2022-05-27_006_021,20.431934356689453,5.074973106384277,1.468871831893921,True,True,forte,exceptionelle,Tambacounda,Zone soudano-sahélienne,Phase_1_debut,Début de saison (Mai-Juin),2022,5,27,147,20.454623251105076,5.0780003202620465,580.885986328125
-11.875,13.875,2022-05-27,2022-05-27_006_022,16.170854568481445,4.3973493576049805,1.4440463781356812,True,False,modérée,exceptionelle,Tambacounda,Zone soudano-sahélienne,Phase_1_debut,Début de saison (Mai-Juin),2022,5,27,147,16.175938778786204,4.402115908100377,607.9039306640625
-11.625,13.875,2022-05-27,2022-05-27_006_023,15.948090553283691,3.804813861846924,1.6816489696502686,True,False,modérée,exceptionelle,Tambacounda,Zone soudano-sahélienne,Phase_1_debut,Début de saison (Mai-Juin),2022,5,27,147,15.954590490714988,3.814125379725317,634.9219360351562
-11.375,13.875,2022-05-27,2022-05-27_006_024,11.186729431152344,2.9400718212127686,1.5883139371871948,True,False,modérée,très humide,Kédougou,Zone soudano-sahélienne,Phase_1_debut,Début de saison (Mai-Juin),2022,5,27,147,11.225660549336345,3.0091217259066796,661.9398803710938
-16.625,14.125,2022-05-27,2022-05-27_007_003,0.6267169117927551,4.230470180511475,0.041849326342344284,True,False,trace,exceptionelle,Fatick,Zone soudano-sahélienne,Phase_1_debut,Début de saison (Mai-Juin),2022,5,27,147,0.6789902164109393,4.2322046840610215,94.46001434326172
-16.375,14.125,2022-05-27,2022-05-27_007_004,0.7689359188079834,4.780359745025635,0.044700320810079575,True,False,trace,exceptionelle,Fatick,Zone soudano-sahélienne,Phase_1_debut,Début de saison (Mai-Juin),2022,5,27,147,0.7743840828612822,4.781014221996518,121.44859313964844
-16.125,14.125,2022-05-27,2022-05-27_007_005,2.172109842300415,6.2990946769714355,0.06074826791882515,True,False,faible,exceptionelle,Fatick,Zone soudano-sahélienne,Phase_1_debut,Début de saison (Mai-Juin),2022,5,27,147,2.259520982378093,6.299423335185602,148.4371795654297
-15.875,14.125,2022-05-27,2022-05-27_007_006,2.5058350563049316,6.117720603942871,0.09188442677259445,True,False,faible,exceptionelle,Kaolack,Zone soudano-sahélienne,Phase_1_debut,Début de saison (Mai-Juin),2022,5,27,147,2.5326251091070513,6.119130378991515,175.42575073242188
-15.625,14.125,2022-05-27,2022-05-27_007_007,3.3548574447631836,5.9216742515563965,0.12238825112581253,True,False,faible,exceptionelle,Kaolack,Zone soudano-sahélienne,Phase_1_debut,Début de saison (Mai-Juin),2022,5,27,147,3.3662309934146437,5.927800722457655,202.41433715820312
-15.375,14.125,2022-05-27,2022-05-27_007_008,4.333543300628662,6.3785247802734375,0.11162203550338745,True,False,faible,exceptionelle,Kaffrine,Zone soudano-sahélienne,Phase_1_debut,Début de saison (Mai-Juin),2022,5,27,147,4.387476259739556,6.37858080264911,229.40289306640625
-15.125,14.125,2022-05-27,2022-05-27_007_009,4.779931545257568,6.383998870849609,0.12277709692716599,True,False,faible,exceptionelle,Kaffrine,Zone soudano-sahélienne,Phase_1_debut,Début de saison (Mai-Juin),2022,5,27,147,4.8525083795863795,6.384122383654417,256.3914794921875
-14.875,14.125,2022-05-27,2022-05-27_007_010,6.109434127807617,6.262434959411621,0.2018837332725525,True,False,modérée,exceptionelle,Kaffrine,Zone soudano-sahélienne,Phase_1_debut,Début de saison (Mai-Juin),2022,5,27,147,6.114983342999789,6.263441744761251,283.38006591796875
-14.625,14.125,2022-05-27,2022-05-27_007_011,8.721883773803711,6.094993591308594,0.3395322859287262,True,False,modérée,exceptionelle,Kaffrine,Zone soudano-sahélienne,Phase_1_debut,Début de saison (Mai-Juin),2022,5,27,147,8.83337729899728,6.096211922228636,310.36865234375
-14.375,14.125,2022-05-27,2022-05-27_007_012,10.143704414367676,6.05455207824707,0.4049720764160156,True,False,modérée,exceptionelle,Tambacounda,Zone soudano-sahélienne,Phase_1_debut,Début de saison (Mai-Juin),2022,5,27,147,10.143787398410202,6.056964222510256,337.3572082519531
-14.125,14.125,2022-05-27,2022-05-27_007_013,12.565643310546875,6.021877765655518,0.5471130609512329,True,False,modérée,exceptionelle,Tambacounda,Zone soudano-sahélienne,Phase_1_debut,Début de saison (Mai-Juin),2022,5,27,147,12.686900069366141,6.02300025590101,364.34576416015625
-13.875,14.125,2022-05-27,2022-05-27_007_014,18.28571319580078,5.794854640960693,0.9421477317810059,True,False,modérée,exceptionelle,Tambacounda,Zone soudano-sahélienne,Phase_1_debut,Début de saison (Mai-Juin),2022,5,27,147,18.29088524957398,5.799102774816542,391.3343811035156
-13.625,14.125,2022-05-27,2022-05-27_007_015,25.258056640625,6.128619194030762,0.9762462377548218,True,True,forte,exceptionelle,Tambacounda,Zone soudano-sahélienne,Phase_1_debut,Début de saison (Mai-Juin),2022,5,27,147,25.27563637105664,6.129440470556518,418.32293701171875
-13.375,14.125,2022-05-27,2022-05-27_007_016,26.98563003540039,6.215965747833252,0.9431628584861755,True,True,forte,exceptionelle,Tambacounda,Zone soudano-sahélienne,Phase_1_debut,Début de saison (Mai-Juin),2022,5,27,147,26.99695019745947,6.217677645946867,445.3115234375
-13.125,14.125,2022-05-27,2022-05-27_007_017,27.110780715942383,5.942600727081299,1.1417349576950073,True,True,forte,exceptionelle,Tambacounda,Zone soudano-sahélienne,Phase_1_debut,Début de saison (Mai-Juin),2022,5,27,147,27.118044335638462,5.94382284873694,472.3000793457031
-12.875,14.125,2022-05-27,2022-05-27_007_018,25.7078914642334,5.838500499725342,1.21269690990448,True,True,forte,exceptionelle,Tambacounda,Zone soudano-sahélienne,Phase_1_debut,Début de saison (Mai-Juin),2022,5,27,147,25.708315873265864,5.839457013499198,499.2886657714844
-12.625,14.125,2022-05-27,2022-05-27_007_019,22.342134475708008,5.655657768249512,1.2677353620529175,True,True,forte,exceptionelle,Tambacounda,Zone soudano-sahélienne,Phase_1_debut,Début de saison (Mai-Juin),2022,5,27,147,22.359655509642025,5.656245653353744,526.2772216796875
-12.375,14.125,2022-05-27,2022-05-27_007_020,16.643922805786133,5.016134738922119,1.215630054473877,True,False,modérée,exceptionelle,Tambacounda,Zone soudano-sahélienne,Phase_1_debut,Début de saison (Mai-Juin),2022,5,27,147,16.717697311286337,5.018620960676491,553.2658081054688
-12.125,14.125,2022-05-27,2022-05-27_007_021,11.131823539733887,4.304372787475586,0.9220137596130371,True,False,modérée,exceptionelle,Tambacounda,Zone soudano-sahélienne,Phase_1_debut,Début de saison (Mai-Juin),2022,5,27,147,11.152654669392646,4.310376525524274,580.25439453125
-11.875,14.125,2022-05-27,2022-05-27_007_022,6.596380233764648,3.447327136993408,0.7013192772865295,True,False,modérée,exceptionelle,Tambacounda,Zone soudano-sahélienne,Phase_1_debut,Début de saison (Mai-Juin),2022,5,27,147,6.6061855249069446,3.452392824930162,607.2429809570312
-11.625,14.125,2022-05-27,2022-05-27_007_023,7.8298444747924805,3.545974016189575,0.8681284785270691,True,False,modérée,exceptionelle,Tambacounda,Zone soudano-sahélienne,Phase_1_debut,Début de saison (Mai-Juin),2022,5,27,147,7.835192397611225,3.575765122720345,634.2315673828125
-11.375,14.125,2022-05-27,2022-05-27_007_024,7.903688907623291,3.3755078315734863,0.909945547580719,True,False,modérée,exceptionelle,Kédougou,Zone soudano-sahélienne,Phase_1_debut,Début de saison (Mai-Juin),2022,5,27,147,7.920269757658993,3.3893605872015256,661.2201538085938
-16.875,14.375,2022-05-27,2022-05-27_008_002,0.7109472155570984,3.262070417404175,0.04647672548890114,True,False,trace,exceptionelle,Thiès,Zone soudano-sahélienne,Phase_1_debut,Début de saison (Mai-Juin),2022,5,27,147,0.7324785948099204,3.284562394846624,67.39671325683594
-16.625,14.375,2022-05-27,2022-05-27_008_003,0.8188827633857727,3.9996838569641113,0.044388797134160995,True,False,trace,exceptionelle,Fatick,Zone soudano-sahélienne,Phase_1_debut,Début de saison (Mai-Juin),2022,5,27,147,0.8246634845158562,4.0152530214894355,94.35540008544922
-16.375,14.375,2022-05-27,2022-05-27_008_004,0.754737913608551,4.048088550567627,0.04313503950834274,True,False,trace,exceptionelle,Diourbel,Zone soudano-sahélienne,Phase_1_debut,Début de saison (Mai-Juin),2022,5,27,147,0.7574749883994385,4.064696594698345,121.31409454345703
-16.125,14.375,2022-05-27,2022-05-27_008_005,1.5421696901321411,6.402286529541016,0.03689662367105484,True,False,faible,exceptionelle,Diourbel,Zone soudano-sahélienne,Phase_1_debut,Début de saison (Mai-Juin),2022,5,27,147,1.5547051567528116,6.402304831461691,148.2727813720703
-15.875,14.375,2022-05-27,2022-05-27_008_006,1.2297872304916382,6.3610100746154785,0.032426636666059494,True,False,faible,exceptionelle,Diourbel,Zone soudano-sahélienne,Phase_1_debut,Début de saison (Mai-Juin),2022,5,27,147,1.3183659357042177,6.361314832265653,175.23147583007812
-15.625,14.375,2022-05-27,2022-05-27_008_007,1.9397201538085938,6.100233554840088,0.07281163334846497,True,False,faible,exceptionelle,Kaolack,Zone soudano-sahélienne,Phase_1_debut,Début de saison (Mai-Juin),2022,5,27,147,1.9611441621828318,6.103344742377199,202.19015502929688
-15.375,14.375,2022-05-27,2022-05-27_008_008,2.685941457748413,5.159070014953613,0.13718265295028687,True,False,faible,exceptionelle,Kaffrine,Zone soudano-sahélienne,Phase_1_debut,Début de saison (Mai-Juin),2022,5,27,147,2.7030197447867845,5.15947432973277,229.14883422851562
-15.125,14.375,2022-05-27,2022-05-27_008_009,3.1994597911834717,5.994814395904541,0.11774491518735886,True,False,faible,exceptionelle,Kaffrine,Zone soudano-sahélienne,Phase_1_debut,Début de saison (Mai-Juin),2022,5,27,147,3.255634668484403,5.997014172712163,256.1075439453125
-14.875,14.375,2022-05-27,2022-05-27_008_010,6.067228317260742,6.404714584350586,0.14228202402591705,True,False,modérée,exceptionelle,Kaffrine,Zone soudano-sahélienne,Phase_1_debut,Début de saison (Mai-Juin),2022,5,27,147,6.089391670035357,6.404715712945066,283.06622314453125
-14.625,14.375,2022-05-27,2022-05-27_008_011,7.9403510093688965,6.1981987953186035,0.25824758410453796,True,False,modérée,exceptionelle,Kaffrine,Zone soudano-sahélienne,Phase_1_debut,Début de saison (Mai-Juin),2022,5,27,147,7.947771647467685,6.198482985472559,310.02490234375
-14.375,14.375,2022-05-27,2022-05-27_008_012,9.303095817565918,5.864414691925049,0.37820836901664734,True,False,modérée,exceptionelle,Tambacounda,Zone soudano-sahélienne,Phase_1_debut,Début de saison (Mai-Juin),2022,5,27,147,9.309512560092024,5.864640374878543,336.98358154296875
-14.125,14.375,2022-05-27,2022-05-27_008_013,14.631430625915527,5.964632034301758,0.6018675565719604,True,False,modérée,exceptionelle,Tambacounda,Zone soudano-sahélienne,Phase_1_debut,Début de saison (Mai-Juin),2022,5,27,147,14.666110010003328,5.9677524722401225,363.9422607421875
-13.875,14.375,2022-05-27,2022-05-27_008_014,19.075366973876953,5.974729061126709,0.7841232419013977,True,False,modérée,exceptionelle,Tambacounda,Zone soudano-sahélienne,Phase_1_debut,Début de saison (Mai-Juin),2022,5,27,147,19.100799186744876,5.977401417104443,390.9009704589844
-13.625,14.375,2022-05-27,2022-05-27_008_015,24.756603240966797,6.117544174194336,0.9361448884010315,True,True,forte,exceptionelle,Tambacounda,Zone soudano-sahélienne,Phase_1_debut,Début de saison (Mai-Juin),2022,5,27,147,24.80015540482411,6.117586286822755,417.8596496582031
-13.375,14.375,2022-05-27,2022-05-27_008_016,24.697647094726562,6.025762557983398,1.0041303634643555,True,True,forte,exceptionelle,Tambacounda,Zone soudano-sahélienne,Phase_1_debut,Début de saison (Mai-Juin),2022,5,27,147,24.705053645761765,6.028230995389085,444.8183288574219
-13.125,14.375,2022-05-27,2022-05-27_008_017,23.384145736694336,6.0412750244140625,0.8980886936187744,True,True,forte,exceptionelle,Tambacounda,Zone soudano-sahélienne,Phase_1_debut,Début de saison (Mai-Juin),2022,5,27,147,23.426895457895565,6.044451275063519,471.7770080566406
-12.875,14.375,2022-05-27,2022-05-27_008_018,23.054349899291992,5.903755187988281,0.9561050534248352,True,True,forte,exceptionelle,Tambacounda,Zone soudano-sahélienne,Phase_1_debut,Début de saison (Mai-Juin),2022,5,27,147,23.10489649748681,5.908173340648863,498.7356872558594
-12.625,14.375,2022-05-27,2022-05-27_008_019,19.94594955444336,5.747084617614746,0.9997072219848633,True,False,modérée,exceptionelle,Tambacounda,Zone soudano-sahélienne,Phase_1_debut,Début de saison (Mai-Juin),2022,5,27,147,20.02488233096636,5.751322634855107,525.6943969726562
-12.375,14.375,2022-05-27,2022-05-27_008_020,12.357937812805176,5.159743309020996,0.793184757232666,True,False,modérée,exceptionelle,Tambacounda,Zone soudano-sahélienne,Phase_1_debut,Début de saison (Mai-Juin),2022,5,27,147,12.432043794411502,5.161946045094399,552.653076171875
-12.125,14.375,2022-05-27,2022-05-27_008_021,9.859007835388184,5.182865142822266,0.6133654117584229,True,False,modérée,exceptionelle,Tambacounda,Zone soudano-sahélienne,Phase_1_debut,Début de saison (Mai-Juin),2022,5,27,147,9.925902673347506,5.185003846134972,579.6117553710938
-11.875,14.375,2022-05-27,2022-05-27_008_022,7.649179458618164,3.7405636310577393,0.74576336145401,True,False,modérée,exceptionelle,Tambacounda,Zone soudano-sahélienne,Phase_1_debut,Début de saison (Mai-Juin),2022,5,27,147,7.672048832303915,3.755698988186055,606.5704345703125
-11.625,14.375,2022-05-27,2022-05-27_008_023,5.772567272186279,4.098168849945068,0.5000470876693726,True,False,modérée,exceptionelle,Tambacounda,Zone soudano-sahélienne,Phase_1_debut,Début de saison (Mai-Juin),2022,5,27,147,5.787545751686671,4.105350952052591,633.5291748046875
-11.375,14.375,2022-05-27,2022-05-27_008_024,8.187189102172852,4.237148761749268,0.7066184878349304,True,False,modérée,exceptionelle,Kédougou,Zone soudano-sahélienne,Phase_1_debut,Début de saison (Mai-Juin),2022,5,27,147,8.418263181370108,4.26697735211358,660.4878540039062
-17.125,14.625,2022-05-27,2022-05-27_009_001,0.0,-0.15249858796596527,0.008257179521024227,False,False,trace,normale,Dakar,Zone soudano-sahélienne,Phase_1_debut,Début de saison (Mai-Juin),2022,5,27,147,0.03756420246919787,-0.15249857381360615,40.39242172241211
-16.875,14.625,2022-05-27,2022-05-27_009_002,0.7910192608833313,4.148223876953125,0.039453376084566116,True,False,trace,exceptionelle,Thiès,Zone soudano-sahélienne,Phase_1_debut,Début de saison (Mai-Juin),2022,5,27,147,0.7951301833493027,4.156223124595144,67.3207015991211
-16.625,14.625,2022-05-27,2022-05-27_009_003,0.7792648077011108,4.1591644287109375,0.03877558186650276,True,False,trace,exceptionelle,Thiès,Zone soudano-sahélienne,Phase_1_debut,Début de saison (Mai-Juin),2022,5,27,147,0.7887746919339625,4.179205702776885,94.24898529052734
-16.375,14.625,2022-05-27,2022-05-27_009_004,0.8870707154273987,4.312937259674072,0.04875824600458145,True,False,trace,exceptionelle,Diourbel,Zone soudano-sahélienne,Phase_1_debut,Début de saison (Mai-Juin),2022,5,27,147,0.8897608614447129,4.335998829884745,121.17727661132812
-16.125,14.625,2022-05-27,2022-05-27_009_005,0.826117753982544,4.781353950500488,0.04831518605351448,True,False,trace,exceptionelle,Diourbel,Zone soudano-sahélienne,Phase_1_debut,Début de saison (Mai-Juin),2022,5,27,147,0.8515507900834687,4.792544848954857,148.10556030273438
-15.875,14.625,2022-05-27,2022-05-27_009_006,0.7371659278869629,5.2960524559021,0.038259055465459824,True,False,trace,exceptionelle,Diourbel,Zone soudano-sahélienne,Phase_1_debut,Début de saison (Mai-Juin),2022,5,27,147,0.7450568545703313,5.300092682766555,175.03384399414062
-15.625,14.625,2022-05-27,2022-05-27_009_007,0.8672571778297424,5.659091472625732,0.03131559118628502,True,False,trace,exceptionelle,Kaffrine,Zone soudano-sahélienne,Phase_1_debut,Début de saison (Mai-Juin),2022,5,27,147,0.882938746531405,5.66352763846891,201.96212768554688
-15.375,14.625,2022-05-27,2022-05-27_009_008,1.5590248107910156,5.791410446166992,0.056981563568115234,True,False,faible,exceptionelle,Kaffrine,Zone soudano-sahélienne,Phase_1_debut,Début de saison (Mai-Juin),2022,5,27,147,1.5608680604690284,5.791478970542026,228.89039611816406
-15.125,14.625,2022-05-27,2022-05-27_009_009,2.366847515106201,6.077225208282471,0.08018577843904495,True,False,faible,exceptionelle,Kaffrine,Zone soudano-sahélienne,Phase_1_debut,Début de saison (Mai-Juin),2022,5,27,147,2.4136158281834272,6.078004959240631,255.81869506835938
-14.875,14.625,2022-05-27,2022-05-27_009_010,4.587646007537842,6.323894023895264,0.13447213172912598,True,False,faible,exceptionelle,Kaffrine,Zone soudano-sahélienne,Phase_1_debut,Début de saison (Mai-Juin),2022,5,27,147,4.614389695114827,6.323919902494804,282.7469787597656
-14.625,14.625,2022-05-27,2022-05-27_009_011,5.930732250213623,6.34308385848999,0.16478413343429565,True,False,modérée,exceptionelle,Kaffrine,Zone soudano-sahélienne,Phase_1_debut,Début de saison (Mai-Juin),2022,5,27,147,5.934068964953399,6.343648706848298,309.6752624511719
-14.375,14.625,2022-05-27,2022-05-27_009_012,7.976194858551025,5.634113311767578,0.32550403475761414,True,False,modérée,exceptionelle,Tambacounda,Zone soudano-sahélienne,Phase_1_debut,Début de saison (Mai-Juin),2022,5,27,147,8.017286505531425,5.636909348281783,336.6035461425781
-14.125,14.625,2022-05-27,2022-05-27_009_013,11.994854927062988,5.99131965637207,0.4484720826148987,True,False,modérée,exceptionelle,Tambacounda,Zone soudano-sahélienne,Phase_1_debut,Début de saison (Mai-Juin),2022,5,27,147,12.044384271056206,5.99160475227701,363.53179931640625
-13.875,14.625,2022-05-27,2022-05-27_009_014,17.435218811035156,6.227210521697998,0.5406081080436707,True,False,modérée,exceptionelle,Tambacounda,Zone soudano-sahélienne,Phase_1_debut,Début de saison (Mai-Juin),2022,5,27,147,17.441905381092475,6.227250530492121,390.4601135253906
-13.625,14.625,2022-05-27,2022-05-27_009_015,23.950416564941406,6.247981548309326,0.7560800313949585,True,True,forte,exceptionelle,Tambacounda,Zone soudano-sahélienne,Phase_1_debut,Début de saison (Mai-Juin),2022,5,27,147,23.953952156718653,6.248024814691975,417.38836669921875
-13.375,14.625,2022-05-27,2022-05-27_009_016,24.155166625976562,5.949469089508057,0.9631426334381104,True,True,forte,exceptionelle,Tambacounda,Zone soudano-sahélienne,Phase_1_debut,Début de saison (Mai-Juin),2022,5,27,147,24.20472541406525,5.95372647855749,444.3166809082031
-13.125,14.625,2022-05-27,2022-05-27_009_017,15.922698974609375,5.542379379272461,0.7997958064079285,True,False,modérée,exceptionelle,Tambacounda,Zone soudano-sahélienne,Phase_1_debut,Début de saison (Mai-Juin),2022,5,27,147,15.929908141418917,5.545329334747851,471.24493408203125
-12.875,14.625,2022-05-27,2022-05-27_009_018,17.019651412963867,5.7766523361206055,0.7309437394142151,True,False,modérée,exceptionelle,Tambacounda,Zone soudano-sahélienne,Phase_1_debut,Début de saison (Mai-Juin),2022,5,27,147,17.083228221490742,5.777780925808241,498.1732177734375
-12.625,14.625,2022-05-27,2022-05-27_009_019,18.07289695739746,5.656987190246582,0.856347382068634,True,False,modérée,exceptionelle,Tambacounda,Zone soudano-sahélienne,Phase_1_debut,Début de saison (Mai-Juin),2022,5,27,147,18.088655730587753,5.657527076539083,525.1015014648438
-12.375,14.625,2022-05-27,2022-05-27_009_020,9.318297386169434,5.353978157043457,0.5513420104980469,True,False,modérée,exceptionelle,Tambacounda,Zone soudano-sahélienne,Phase_1_debut,Début de saison (Mai-Juin),2022,5,27,147,9.367100478416711,5.354413471030231,552.02978515625
-12.125,14.625,2022-05-27,2022-05-27_009_021,7.481756687164307,5.195056438446045,0.4876983165740967,True,False,modérée,exceptionelle,Tambacounda,Zone soudano-sahélienne,Phase_1_debut,Début de saison (Mai-Juin),2022,5,27,147,7.515628678115766,5.199198250794531,578.9580688476562
-11.875,14.625,2022-05-27,2022-05-27_009_022,11.290026664733887,4.020202159881592,0.9921124577522278,True,False,modérée,exceptionelle,Tambacounda,Zone soudano-sahélienne,Phase_1_debut,Début de saison (Mai-Juin),2022,5,27,147,11.458453228725258,4.022181619950874,605.8863525390625
-11.625,14.625,2022-05-27,2022-05-27_009_023,6.982864856719971,4.129201889038086,0.5953809022903442,True,False,modérée,exceptionelle,Tambacounda,Zone soudano-sahélienne,Phase_1_debut,Début de saison (Mai-Juin),2022,5,27,147,6.986610568348487,4.1431577193677125,632.8146362304688
-11.375,14.625,2022-05-27,2022-05-27_009_024,5.592622756958008,4.771359443664551,0.40739041566848755,True,False,modérée,exceptionelle,Matam,Zone soudano-sahélienne,Phase_1_debut,Début de saison (Mai-Juin),2022,5,27,147,5.608401577676361,4.777306878986071,659.742919921875
-17.125,14.875,2022-05-27,2022-05-27_010_001,0.0,0.0,0.0,False,False,trace,normale,Thiès,Zone soudano-sahélienne,Phase_1_debut,Début de saison (Mai-Juin),2022,5,27,147,0.03756420246919787,0.2343655471226673,40.346046447753906
-16.875,14.875,2022-05-27,2022-05-27_010_002,0.260373055934906,6.404940128326416,0.006055187433958054,True,False,trace,exceptionelle,Thiès,Zone soudano-sahélienne,Phase_1_debut,Début de saison (Mai-Juin),2022,5,27,147,0.2643457242292375,6.404940128326416,67.24341583251953
-16.625,14.875,2022-05-27,2022-05-27_010_003,0.8580494523048401,3.816885471343994,0.046015579253435135,True,False,trace,exceptionelle,Thiès,Zone soudano-sahélienne,Phase_1_debut,Début de saison (Mai-Juin),2022,5,27,147,0.8653601087517475,3.839013345277489,94.14077758789062
-16.375,14.875,2022-05-27,2022-05-27_010_004,0.6910709142684937,4.294686317443848,0.033754535019397736,True,False,trace,exceptionelle,Diourbel,Zone soudano-sahélienne,Phase_1_debut,Début de saison (Mai-Juin),2022,5,27,147,0.6911158322089881,4.295569380324091,121.03814697265625
-16.125,14.875,2022-05-27,2022-05-27_010_005,0.7757729887962341,3.8456661701202393,0.0521123893558979,True,False,trace,exceptionelle,Diourbel,Zone soudano-sahélienne,Phase_1_debut,Début de saison (Mai-Juin),2022,5,27,147,0.7786068016260712,3.864430068725318,147.93551635742188
-15.875,14.875,2022-05-27,2022-05-27_010_006,0.4497210681438446,2.147153615951538,0.05664324760437012,True,False,trace,très humide,Diourbel,Zone soudano-sahélienne,Phase_1_debut,Début de saison (Mai-Juin),2022,5,27,147,0.49862821235429083,2.2136655920114947,174.8328857421875
-15.625,14.875,2022-05-27,2022-05-27_010_007,0.5574092268943787,3.802474021911621,0.03404950723052025,True,False,trace,exceptionelle,Diourbel,Zone soudano-sahélienne,Phase_1_debut,Début de saison (Mai-Juin),2022,5,27,147,0.5577838128835113,3.8042847523138152,201.73025512695312
-15.375,14.875,2022-05-27,2022-05-27_010_008,0.746711790561676,6.332304954528809,0.02249973639845848,True,False,trace,exceptionelle,Kaffrine,Zone soudano-sahélienne,Phase_1_debut,Début de saison (Mai-Juin),2022,5,27,147,0.7533262839269398,6.332400414212864,228.6276092529297
-15.125,14.875,2022-05-27,2022-05-27_010_009,1.5655517578125,6.388467788696289,0.0401785783469677,True,False,faible,exceptionelle,Kaffrine,Zone soudano-sahélienne,Phase_1_debut,Début de saison (Mai-Juin),2022,5,27,147,1.5709733705424782,6.38854027273667,255.52499389648438
-14.875,14.875,2022-05-27,2022-05-27_010_010,3.6111693382263184,6.123689651489258,0.124648816883564,True,False,faible,exceptionelle,Kaffrine,Zone soudano-sahélienne,Phase_1_debut,Début de saison (Mai-Juin),2022,5,27,147,3.7111429581091047,6.124841529520313,282.4223327636719
-14.625,14.875,2022-05-27,2022-05-27_010_011,5.5675787925720215,6.31732177734375,0.16471563279628754,True,False,modérée,exceptionelle,Kaffrine,Zone soudano-sahélienne,Phase_1_debut,Début de saison (Mai-Juin),2022,5,27,147,5.5815480390385765,6.317365322879811,309.3197326660156
-14.375,14.875,2022-05-27,2022-05-27_010_012,5.258124351501465,6.281446933746338,0.153771311044693,True,False,modérée,exceptionelle,Tambacounda,Zone soudano-sahélienne,Phase_1_debut,Début de saison (Mai-Juin),2022,5,27,147,5.268306538088238,6.2814688946134485,336.2170715332031
-14.125,14.875,2022-05-27,2022-05-27_010_013,4.045459747314453,5.20216178894043,0.17494001984596252,True,False,faible,exceptionelle,Matam,Zone soudano-sahélienne,Phase_1_debut,Début de saison (Mai-Juin),2022,5,27,147,4.047331158240237,5.2128725710825705,363.11444091796875
-13.875,14.875,2022-05-27,2022-05-27_010_014,7.745441436767578,6.038915634155273,0.26611050963401794,True,False,modérée,exceptionelle,Matam,Zone soudano-sahélienne,Phase_1_debut,Début de saison (Mai-Juin),2022,5,27,147,7.784249868824252,6.038976554295526,390.0118103027344
-13.625,14.875,2022-05-27,2022-05-27_010_015,14.846358299255371,6.2315521240234375,0.4516802132129669,True,False,modérée,exceptionelle,Matam,Zone soudano-sahélienne,Phase_1_debut,Début de saison (Mai-Juin),2022,5,27,147,14.86319261579657,6.232322414915765,416.9091796875
-13.375,14.875,2022-05-27,2022-05-27_010_016,13.873575210571289,6.139179706573486,0.47528931498527527,True,False,modérée,exceptionelle,Matam,Zone soudano-sahélienne,Phase_1_debut,Début de saison (Mai-Juin),2022,5,27,147,13.881144856687765,6.140363005537484,443.8065490722656
-13.125,14.875,2022-05-27,2022-05-27_010_017,12.129873275756836,5.983447074890137,0.48898816108703613,True,False,modérée,exceptionelle,Matam,Zone soudano-sahélienne,Phase_1_debut,Début de saison (Mai-Juin),2022,5,27,147,12.136740857033274,5.985840497903489,470.7038879394531
-12.875,14.875,2022-05-27,2022-05-27_010_018,10.343243598937988,5.669297218322754,0.467742919921875,True,False,modérée,exceptionelle,Matam,Zone soudano-sahélienne,Phase_1_debut,Début de saison (Mai-Juin),2022,5,27,147,10.506868386388419,5.670381972538167,497.60125732421875
-12.625,14.875,2022-05-27,2022-05-27_010_019,9.163751602172852,5.815225124359131,0.38324084877967834,True,False,modérée,exceptionelle,Matam,Zone soudano-sahélienne,Phase_1_debut,Début de saison (Mai-Juin),2022,5,27,147,9.22292037705081,5.815752580537269,524.4986572265625
-12.375,14.875,2022-05-27,2022-05-27_010_020,8.100631713867188,5.502284526824951,0.3721766769886017,True,False,modérée,exceptionelle,Matam,Zone soudano-sahélienne,Phase_1_debut,Début de saison (Mai-Juin),2022,5,27,147,8.123731886322176,5.506828365613468,551.39599609375
-12.125,14.875,2022-05-27,2022-05-27_010_021,7.640892505645752,5.043009281158447,0.4927865266799927,True,False,modérée,exceptionelle,Matam,Zone soudano-sahélienne,Phase_1_debut,Début de saison (Mai-Juin),2022,5,27,147,7.6447653027635125,5.04715275644657,578.2933349609375
-11.875,14.875,2022-05-27,2022-05-27_010_022,6.9436821937561035,5.023500442504883,0.4374227821826935,True,False,modérée,exceptionelle,Matam,Zone soudano-sahélienne,Phase_1_debut,Début de saison (Mai-Juin),2022,5,27,147,6.951750326396233,5.035558669411357,605.1907348632812
-11.625,14.875,2022-05-27,2022-05-27_010_023,4.907228946685791,3.990227699279785,0.3951188325881958,True,False,faible,exceptionelle,Matam,Zone soudano-sahélienne,Phase_1_debut,Début de saison (Mai-Juin),2022,5,27,147,4.97057996922402,3.9974267338987572,632.088134765625
-11.375,14.875,2022-05-27,2022-05-27_010_024,6.615604400634766,5.006581783294678,0.36578744649887085,True,False,modérée,exceptionelle,Matam,Zone soudano-sahélienne,Phase_1_debut,Début de saison (Mai-Juin),2022,5,27,147,6.645650535372632,5.012183875893828,658.9854736328125
-16.875,15.125,2022-05-27,2022-05-27_011_002,0.0,0.0,0.0,False,False,trace,normale,Thiès,Zone soudano-sahélienne,Phase_1_debut,Début de saison (Mai-Juin),2022,5,27,147,0.03756420246919787,0.2343655471226673,67.16484069824219
-16.625,15.125,2022-05-27,2022-05-27_011_003,0.26487767696380615,1.5576802492141724,0.028603332117199898,False,False,trace,humide,Thiès,Zone soudano-sahélienne,Phase_1_debut,Début de saison (Mai-Juin),2022,5,27,147,0.31963926089468925,1.6096525258155323,94.03077697753906
-16.375,15.125,2022-05-27,2022-05-27_011_004,0.3271494209766388,3.022599935531616,0.021220140159130096,True,False,trace,exceptionelle,Louga,Zone soudano-sahélienne,Phase_1_debut,Début de saison (Mai-Juin),2022,5,27,147,0.33316567382920326,3.0253357539823904,120.89671325683594
-16.125,15.125,2022-05-27,2022-05-27_011_005,0.7580692768096924,3.628455400466919,0.04385067895054817,True,False,trace,exceptionelle,Louga,Zone soudano-sahélienne,Phase_1_debut,Début de saison (Mai-Juin),2022,5,27,147,0.7669700941248754,3.6343476880135848,147.7626495361328
-15.875,15.125,2022-05-27,2022-05-27_011_006,0.5695298910140991,3.2322566509246826,0.047132015228271484,True,False,trace,exceptionelle,Louga,Zone soudano-sahélienne,Phase_1_debut,Début de saison (Mai-Juin),2022,5,27,147,0.6033952567146053,3.2566769722119044,174.62860107421875
-15.625,15.125,2022-05-27,2022-05-27_011_007,0.7756078243255615,4.6444501876831055,0.04832689091563225,True,False,trace,exceptionelle,Louga,Zone soudano-sahélienne,Phase_1_debut,Début de saison (Mai-Juin),2022,5,27,147,0.7757422798243,4.66611269970036,201.49453735351562
-15.375,15.125,2022-05-27,2022-05-27_011_008,0.6980499029159546,5.461194038391113,0.0326414480805397,True,False,trace,exceptionelle,Louga,Zone soudano-sahélienne,Phase_1_debut,Début de saison (Mai-Juin),2022,5,27,147,0.7088084652196222,5.4649012088775635,228.36045837402344
-15.125,15.125,2022-05-27,2022-05-27_011_009,1.1957858800888062,6.391352653503418,0.029799697920680046,True,False,faible,exceptionelle,Kaffrine,Zone soudano-sahélienne,Phase_1_debut,Début de saison (Mai-Juin),2022,5,27,147,1.2219276218558075,6.391437794095907,255.22640991210938
-14.875,15.125,2022-05-27,2022-05-27_011_010,2.3398854732513428,6.281671047210693,0.06826695054769516,True,False,faible,exceptionelle,Kaffrine,Zone soudano-sahélienne,Phase_1_debut,Début de saison (Mai-Juin),2022,5,27,147,2.3583795371367104,6.282886668066284,282.09234619140625
-14.625,15.125,2022-05-27,2022-05-27_011_011,3.2857825756073,5.678138256072998,0.12413705885410309,True,False,faible,exceptionelle,Kaffrine,Zone soudano-sahélienne,Phase_1_debut,Début de saison (Mai-Juin),2022,5,27,147,3.3253125317731693,5.679442381739017,308.9582824707031
-14.375,15.125,2022-05-27,2022-05-27_011_012,2.9700100421905518,6.070132255554199,0.09214623272418976,True,False,faible,exceptionelle,Matam,Zone soudano-sahélienne,Phase_1_debut,Début de saison (Mai-Juin),2022,5,27,147,3.0369765339185237,6.070808259686034,335.82421875
-14.125,15.125,2022-05-27,2022-05-27_011_013,2.8536438941955566,5.5007195472717285,0.11406026780605316,True,False,faible,exceptionelle,Matam,Zone soudano-sahélienne,Phase_1_debut,Début de saison (Mai-Juin),2022,5,27,147,2.8851080300220895,5.5014705801728985,362.69012451171875
-13.875,15.125,2022-05-27,2022-05-27_011_014,4.278947830200195,5.762845516204834,0.16953955590724945,True,False,faible,exceptionelle,Matam,Zone soudano-sahélienne,Phase_1_debut,Début de saison (Mai-Juin),2022,5,27,147,4.311732547367039,5.768361306070682,389.55609130859375
-13.625,15.125,2022-05-27,2022-05-27_011_015,6.064105987548828,5.992265224456787,0.22362151741981506,True,False,modérée,exceptionelle,Matam,Zone soudano-sahélienne,Phase_1_debut,Début de saison (Mai-Juin),2022,5,27,147,6.065753447949587,5.993027413909759,416.4220275878906
-13.375,15.125,2022-05-27,2022-05-27_011_016,7.306197643280029,6.237026691436768,0.21128062903881073,True,False,modérée,exceptionelle,Matam,Zone soudano-sahélienne,Phase_1_debut,Début de saison (Mai-Juin),2022,5,27,147,7.338546962594269,6.237057266522892,443.2879638671875
-13.125,15.125,2022-05-27,2022-05-27_011_017,5.800294876098633,6.278813362121582,0.17663238942623138,True,False,modérée,exceptionelle,Matam,Zone soudano-sahélienne,Phase_1_debut,Début de saison (Mai-Juin),2022,5,27,147,5.850227308033698,6.279020752739068,470.1539001464844
-12.875,15.125,2022-05-27,2022-05-27_011_018,5.757016181945801,5.920325756072998,0.211991086602211,True,False,modérée,exceptionelle,Matam,Zone soudano-sahélienne,Phase_1_debut,Début de saison (Mai-Juin),2022,5,27,147,5.765455969614,5.920766219421846,497.0198059082031
-12.625,15.125,2022-05-27,2022-05-27_011_019,9.563612937927246,6.144412517547607,0.31701597571372986,True,False,modérée,exceptionelle,Matam,Zone soudano-sahélienne,Phase_1_debut,Début de saison (Mai-Juin),2022,5,27,147,9.60070550142221,6.144621617829979,523.8857421875
-12.375,15.125,2022-05-27,2022-05-27_011_020,10.143916130065918,6.245364189147949,0.3071804344654083,True,False,modérée,exceptionelle,Matam,Zone soudano-sahélienne,Phase_1_debut,Début de saison (Mai-Juin),2022,5,27,147,10.221543661913085,6.245392909601106,550.751708984375
-12.125,15.125,2022-05-27,2022-05-27_011_021,7.6983795166015625,5.805905342102051,0.3188342750072479,True,False,modérée,exceptionelle,Matam,Zone soudano-sahélienne,Phase_1_debut,Début de saison (Mai-Juin),2022,5,27,147,7.720136786226052,5.808565767566163,577.6176147460938
-11.875,15.125,2022-05-27,2022-05-27_011_022,6.4493842124938965,5.718897819519043,0.2968286871910095,True,False,modérée,exceptionelle,Matam,Zone soudano-sahélienne,Phase_1_debut,Début de saison (Mai-Juin),2022,5,27,147,6.5247289068135785,5.719469199827568,604.4835815429688
-11.625,15.125,2022-05-27,2022-05-27_011_023,5.668245792388916,5.468608379364014,0.2860214412212372,True,False,modérée,exceptionelle,Matam,Zone soudano-sahélienne,Phase_1_debut,Début de saison (Mai-Juin),2022,5,27,147,5.6774225414697845,5.46885817254608,631.3495483398438
-11.375,15.125,2022-05-27,2022-05-27_011_024,7.396475315093994,5.566775321960449,0.35017386078834534,True,False,modérée,exceptionelle,Matam,Zone soudano-sahélienne,Phase_1_debut,Début de saison (Mai-Juin),2022,5,27,147,7.398754043195715,5.581428187576369,658.2154541015625
-16.625,15.375,2022-05-27,2022-05-27_012_003,0.0,0.0,0.0,False,False,trace,normale,Louga,Zone soudano-sahélienne,Phase_1_debut,Début de saison (Mai-Juin),2022,5,27,147,0.03756420246919787,0.2343655471226673,93.91899108886719
-16.375,15.375,2022-05-27,2022-05-27_012_004,0.0,0.0,0.0,False,False,trace,normale,Louga,Zone soudano-sahélienne,Phase_1_debut,Début de saison (Mai-Juin),2022,5,27,147,0.03756420246919787,0.2343655471226673,120.75298309326172
-16.125,15.375,2022-05-27,2022-05-27_012_005,0.1174129992723465,0.5863595008850098,0.02731473185122013,False,False,trace,normale,Louga,Zone soudano-sahélienne,Phase_1_debut,Début de saison (Mai-Juin),2022,5,27,147,0.15298829695687222,0.972942264535321,147.5869903564453
-15.875,15.375,2022-05-27,2022-05-27_012_006,0.3612321615219116,3.462052822113037,0.022803189232945442,True,False,trace,exceptionelle,Louga,Zone soudano-sahélienne,Phase_1_debut,Début de saison (Mai-Juin),2022,5,27,147,0.4047141874854888,3.5291054344656483,174.42098999023438
-15.625,15.375,2022-05-27,2022-05-27_012_007,0.6092892289161682,4.10789155960083,0.03467506915330887,True,False,trace,exceptionelle,Louga,Zone soudano-sahélienne,Phase_1_debut,Début de saison (Mai-Juin),2022,5,27,147,0.6162707560026466,4.123579817201624,201.25497436523438
-15.375,15.375,2022-05-27,2022-05-27_012_008,0.7368369102478027,4.363889694213867,0.03556421771645546,True,False,trace,exceptionelle,Louga,Zone soudano-sahélienne,Phase_1_debut,Début de saison (Mai-Juin),2022,5,27,147,0.7371097138179606,4.387008808366018,228.08895874023438
-15.125,15.375,2022-05-27,2022-05-27_012_009,1.0255228281021118,6.368144989013672,0.027290016412734985,True,False,faible,exceptionelle,Louga,Zone soudano-sahélienne,Phase_1_debut,Début de saison (Mai-Juin),2022,5,27,147,1.0564457058307515,6.368401167979791,254.9229736328125
-14.875,15.375,2022-05-27,2022-05-27_012_010,1.3453751802444458,6.004507064819336,0.04897712543606758,True,False,faible,exceptionelle,Louga,Zone soudano-sahélienne,Phase_1_debut,Début de saison (Mai-Juin),2022,5,27,147,1.4027191951646278,6.009569882148475,281.7569580078125
-14.625,15.375,2022-05-27,2022-05-27_012_011,2.0026657581329346,5.380868911743164,0.09478067606687546,True,False,faible,exceptionelle,Matam,Zone soudano-sahélienne,Phase_1_debut,Début de saison (Mai-Juin),2022,5,27,147,2.0564972455777117,5.3853368423691945,308.5909729003906
-14.375,15.375,2022-05-27,2022-05-27_012_012,1.8440552949905396,5.303428649902344,0.08304017782211304,True,False,faible,exceptionelle,Matam,Zone soudano-sahélienne,Phase_1_debut,Début de saison (Mai-Juin),2022,5,27,147,1.9120782976174464,5.306136904050358,335.4249572753906
-14.125,15.375,2022-05-27,2022-05-27_012_013,1.7702616453170776,5.280498504638672,0.07831498235464096,True,False,faible,exceptionelle,Matam,Zone soudano-sahélienne,Phase_1_debut,Début de saison (Mai-Juin),2022,5,27,147,1.8229184204609556,5.289057085861512,362.2589416503906
-13.875,15.375,2022-05-27,2022-05-27_012_014,2.4586262702941895,5.486601829528809,0.10049320012331009,True,False,faible,exceptionelle,Matam,Zone soudano-sahélienne,Phase_1_debut,Début de saison (Mai-Juin),2022,5,27,147,2.490652331155747,5.486894224157285,389.09295654296875
-13.625,15.375,2022-05-27,2022-05-27_012_015,4.903374195098877,6.0726704597473145,0.17727042734622955,True,False,faible,exceptionelle,Matam,Zone soudano-sahélienne,Phase_1_debut,Début de saison (Mai-Juin),2022,5,27,147,4.905630871279156,6.073872089385986,415.92694091796875
-13.375,15.375,2022-05-27,2022-05-27_012_016,5.256606578826904,6.172726631164551,0.17367979884147644,True,False,modérée,exceptionelle,Matam,Zone soudano-sahélienne,Phase_1_debut,Début de saison (Mai-Juin),2022,5,27,147,5.257472243141289,6.1729366899135725,442.7609558105469
-13.125,15.375,2022-05-27,2022-05-27_012_017,3.9221372604370117,6.294403076171875,0.11505188047885895,True,False,faible,exceptionelle,Matam,Zone soudano-sahélienne,Phase_1_debut,Début de saison (Mai-Juin),2022,5,27,147,3.9613924433837577,6.29483923001505,469.5949401855469
-12.875,15.375,2022-05-27,2022-05-27_012_018,7.372907638549805,6.33527946472168,0.21473509073257446,True,False,modérée,exceptionelle,Matam,Zone soudano-sahélienne,Phase_1_debut,Début de saison (Mai-Juin),2022,5,27,147,7.384276969948007,6.335473430815654,496.4289245605469
-12.625,15.375,2022-05-27,2022-05-27_012_019,5.015908718109131,5.865065574645996,0.1988820880651474,True,False,modérée,exceptionelle,Matam,Zone soudano-sahélienne,Phase_1_debut,Début de saison (Mai-Juin),2022,5,27,147,5.032133334845155,5.866549376866326,523.262939453125
-12.375,15.375,2022-05-27,2022-05-27_012_020,8.153470039367676,5.720284461975098,0.33294984698295593,True,False,modérée,exceptionelle,Matam,Zone soudano-sahélienne,Phase_1_debut,Début de saison (Mai-Juin),2022,5,27,147,8.168126817923694,5.721470248160051,550.096923828125
-12.125,15.375,2022-05-27,2022-05-27_012_021,10.025408744812012,5.8296613693237305,0.3897002339363098,True,False,modérée,exceptionelle,Matam,Zone soudano-sahélienne,Phase_1_debut,Début de saison (Mai-Juin),2022,5,27,147,10.035011991184561,5.8329038643956785,576.930908203125
-11.875,15.375,2022-05-27,2022-05-27_012_022,6.120052337646484,5.81287145614624,0.2609986662864685,True,False,modérée,exceptionelle,Matam,Zone soudano-sahélienne,Phase_1_debut,Début de saison (Mai-Juin),2022,5,27,147,6.135704318482673,5.813764430769724,603.764892578125
-11.625,15.375,2022-05-27,2022-05-27_012_023,6.990394115447998,6.174129009246826,0.2294340282678604,True,False,modérée,exceptionelle,Matam,Zone soudano-sahélienne,Phase_1_debut,Début de saison (Mai-Juin),2022,5,27,147,7.020304527714026,6.174611447444513,630.5989379882812
-11.375,15.375,2022-05-27,2022-05-27_012_024,6.674804210662842,6.156647205352783,0.22969555854797363,True,False,modérée,exceptionelle,Matam,Zone soudano-sahélienne,Phase_1_debut,Début de saison (Mai-Juin),2022,5,27,147,6.8105943478531605,6.157418767411505,657.4329223632812
-16.625,15.625,2022-05-27,2022-05-27_013_003,0.0,-0.15249860286712646,0.0016190472524613142,False,False,trace,normale,Saint-Louis,Zone sahélienne,Phase_1_debut,Début de saison (Mai-Juin),2022,5,27,147,0.03756420246919787,-0.1524985884901267,93.80541229248047
-16.375,15.625,2022-05-27,2022-05-27_013_004,0.0,-0.15249858796596527,0.005264401435852051,False,False,trace,normale,Saint-Louis,Zone sahélienne,Phase_1_debut,Début de saison (Mai-Juin),2022,5,27,147,0.03756420246919787,-0.15249857381360615,120.6069564819336
-16.125,15.625,2022-05-27,2022-05-27_013_005,0.0,-0.21557089686393738,0.014163020066916943,False,False,trace,normale,Saint-Louis,Zone sahélienne,Phase_1_debut,Début de saison (Mai-Juin),2022,5,27,147,0.03756420246919787,-0.21374261368009911,147.40850830078125
-15.875,15.625,2022-05-27,2022-05-27_013_006,0.0,-0.19350112974643707,0.026384886354207993,False,False,trace,normale,Saint-Louis,Zone sahélienne,Phase_1_debut,Début de saison (Mai-Juin),2022,5,27,147,0.03756420246919787,-0.18703012449208217,174.21005249023438
-15.625,15.625,2022-05-27,2022-05-27_013_007,0.07847317308187485,0.5183935761451721,0.024430835619568825,False,False,trace,normale,Saint-Louis,Zone sahélienne,Phase_1_debut,Début de saison (Mai-Juin),2022,5,27,147,0.11330377138289995,0.5461526249521343,201.0115966796875
-15.375,15.625,2022-05-27,2022-05-27_013_008,0.068631112575531,0.2591041326522827,0.03129934147000313,False,False,trace,normale,Louga,Zone sahélienne,Phase_1_debut,Début de saison (Mai-Juin),2022,5,27,147,0.07745929247695002,0.2755702143937499,227.81312561035156
-15.125,15.625,2022-05-27,2022-05-27_013_009,0.4111049175262451,2.2252414226531982,0.036393776535987854,True,False,trace,très humide,Louga,Zone sahélienne,Phase_1_debut,Début de saison (Mai-Juin),2022,5,27,147,0.44467574193250003,2.287924777323277,254.6147003173828
-14.875,15.625,2022-05-27,2022-05-27_013_010,0.8904805183410645,4.219869136810303,0.04794303700327873,True,False,trace,exceptionelle,Louga,Zone sahélienne,Phase_1_debut,Début de saison (Mai-Juin),2022,5,27,147,0.9151791483912638,4.227513608021952,281.4162292480469
-14.625,15.625,2022-05-27,2022-05-27_013_011,1.977482557296753,6.002233982086182,0.07462393492460251,True,False,faible,exceptionelle,Matam,Zone sahélienne,Phase_1_debut,Début de saison (Mai-Juin),2022,5,27,147,1.9780294463862127,6.002902199874571,308.2177734375
-14.375,15.625,2022-05-27,2022-05-27_013_012,1.7217907905578613,5.891490459442139,0.06655590236186981,True,False,faible,exceptionelle,Matam,Zone sahélienne,Phase_1_debut,Début de saison (Mai-Juin),2022,5,27,147,1.7385152835941795,5.892788756432845,335.0193176269531
-14.125,15.625,2022-05-27,2022-05-27_013_013,1.9782599210739136,6.3543243408203125,0.05680039897561073,True,False,faible,exceptionelle,Matam,Zone sahélienne,Phase_1_debut,Début de saison (Mai-Juin),2022,5,27,147,1.9907454800366153,6.354507132391235,361.82086181640625
-13.875,15.625,2022-05-27,2022-05-27_013_014,1.7016654014587402,6.302728176116943,0.04973449185490608,True,False,faible,exceptionelle,Matam,Zone sahélienne,Phase_1_debut,Début de saison (Mai-Juin),2022,5,27,147,1.7161779307839857,6.304011533008748,388.6224060058594
-13.625,15.625,2022-05-27,2022-05-27_013_015,3.77803373336792,6.243621349334717,0.11989039182662964,True,False,faible,exceptionelle,Matam,Zone sahélienne,Phase_1_debut,Début de saison (Mai-Juin),2022,5,27,147,3.8674648167499983,6.243853436043514,415.4239501953125
-13.375,15.625,2022-05-27,2022-05-27_013_016,5.507129669189453,6.271339416503906,0.16559888422489166,True,False,modérée,exceptionelle,Matam,Zone sahélienne,Phase_1_debut,Début de saison (Mai-Juin),2022,5,27,147,5.508089899417743,6.271547801530541,442.22552490234375
-13.125,15.625,2022-05-27,2022-05-27_013_017,5.276055812835693,6.248332977294922,0.15871481597423553,True,False,modérée,exceptionelle,Matam,Zone sahélienne,Phase_1_debut,Début de saison (Mai-Juin),2022,5,27,147,5.406688018060814,6.249472670818693,469.02703857421875
-12.875,15.625,2022-05-27,2022-05-27_013_018,6.150146484375,6.184205532073975,0.202188640832901,True,False,modérée,exceptionelle,Matam,Zone sahélienne,Phase_1_debut,Début de saison (Mai-Juin),2022,5,27,147,6.236989323218266,6.184716170756661,495.8285827636719
-12.625,15.625,2022-05-27,2022-05-27_013_019,4.048524856567383,5.757561206817627,0.16464245319366455,True,False,faible,exceptionelle,Matam,Zone sahélienne,Phase_1_debut,Début de saison (Mai-Juin),2022,5,27,147,4.071884433228766,5.759685552299921,522.630126953125
-12.375,15.625,2022-05-27,2022-05-27_013_020,3.5795562267303467,5.701437950134277,0.15016818046569824,True,False,faible,exceptionelle,Matam,Zone sahélienne,Phase_1_debut,Début de saison (Mai-Juin),2022,5,27,147,3.5816253231997464,5.70629842317284,549.4317016601562
-12.125,15.625,2022-05-27,2022-05-27_013_021,5.9369964599609375,5.681191444396973,0.24387456476688385,True,False,modérée,exceptionelle,Matam,Zone sahélienne,Phase_1_debut,Début de saison (Mai-Juin),2022,5,27,147,6.004383671822857,5.68138015210329,576.2332153320312
-11.875,15.625,2022-05-27,2022-05-27_013_022,7.419317722320557,5.847162246704102,0.3057853877544403,True,False,modérée,exceptionelle,Matam,Zone sahélienne,Phase_1_debut,Début de saison (Mai-Juin),2022,5,27,147,7.448968386530277,5.847708186911578,603.0347900390625
-11.625,15.625,2022-05-27,2022-05-27_013_023,5.714416980743408,5.862791538238525,0.22967806458473206,True,False,modérée,exceptionelle,Matam,Zone sahélienne,Phase_1_debut,Début de saison (Mai-Juin),2022,5,27,147,5.737643178383909,5.86335841854613,629.8363037109375
-11.375,15.625,2022-05-27,2022-05-27_013_024,7.956850528717041,6.145347595214844,0.2397657185792923,True,False,modérée,exceptionelle,Matam,Zone sahélienne,Phase_1_debut,Début de saison (Mai-Juin),2022,5,27,147,7.965502012914149,6.145443537726474,656.6378784179688
-16.375,15.875,2022-05-27,2022-05-27_014_004,0.0,-0.15249858796596527,0.013441489078104496,False,False,trace,normale,Saint-Louis,Zone sahélienne,Phase_1_debut,Début de saison (Mai-Juin),2022,5,27,147,0.03756420246919787,-0.15249857381360615,120.45863342285156
-16.125,15.875,2022-05-27,2022-05-27_014_005,0.0,-0.15249858796596527,0.020234256982803345,False,False,trace,normale,Saint-Louis,Zone sahélienne,Phase_1_debut,Début de saison (Mai-Juin),2022,5,27,147,0.03756420246919787,-0.15249857381360615,147.2272186279297
-15.875,15.875,2022-05-27,2022-05-27_014_006,0.0,-0.15249857306480408,0.026356136426329613,False,False,trace,normale,Saint-Louis,Zone sahélienne,Phase_1_debut,Début de saison (Mai-Juin),2022,5,27,147,0.03756420246919787,-0.15249855909964546,173.9958038330078
-15.625,15.875,2022-05-27,2022-05-27_014_007,0.0,-0.15249857306480408,0.012061087414622307,False,False,trace,normale,Saint-Louis,Zone sahélienne,Phase_1_debut,Début de saison (Mai-Juin),2022,5,27,147,0.03756420246919787,-0.15249855909964546,200.76438903808594
-15.375,15.875,2022-05-27,2022-05-27_014_008,0.0,-0.15249858796596527,0.015068959444761276,False,False,trace,normale,Louga,Zone sahélienne,Phase_1_debut,Début de saison (Mai-Juin),2022,5,27,147,0.03756420246919787,-0.15249857381360615,227.53297424316406
-15.125,15.875,2022-05-27,2022-05-27_014_009,0.0,-0.15249857306480408,0.01609383523464203,False,False,trace,normale,Louga,Zone sahélienne,Phase_1_debut,Début de saison (Mai-Juin),2022,5,27,147,0.03756420246919787,-0.15249855909964546,254.30157470703125
-14.875,15.875,2022-05-27,2022-05-27_014_010,0.15729741752147675,1.209959864616394,0.02391446754336357,False,False,trace,humide,Louga,Zone sahélienne,Phase_1_debut,Début de saison (Mai-Juin),2022,5,27,147,0.21547238663512872,1.2617987070850394,281.07012939453125
-14.625,15.875,2022-05-27,2022-05-27_014_011,1.5017883777618408,5.5486578941345215,0.06444606930017471,True,False,faible,exceptionelle,Matam,Zone sahélienne,Phase_1_debut,Début de saison (Mai-Juin),2022,5,27,147,1.5180979008650664,5.550493901698434,307.8387451171875
-14.375,15.875,2022-05-27,2022-05-27_014_012,2.4352805614471436,6.145781517028809,0.08037949353456497,True,False,faible,exceptionelle,Matam,Zone sahélienne,Phase_1_debut,Début de saison (Mai-Juin),2022,5,27,147,2.4511767601847048,6.146716697731209,334.6073303222656
-14.125,15.875,2022-05-27,2022-05-27_014_013,1.9960708618164062,5.963024616241455,0.07445413619279861,True,False,faible,exceptionelle,Matam,Zone sahélienne,Phase_1_debut,Début de saison (Mai-Juin),2022,5,27,147,2.0006773471832275,5.963525419858232,361.3758850097656
-13.875,15.875,2022-05-27,2022-05-27_014_014,1.111961007118225,4.992693901062012,0.06299645453691483,True,False,faible,exceptionelle,Matam,Zone sahélienne,Phase_1_debut,Début de saison (Mai-Juin),2022,5,27,147,1.1153505453512298,5.001487233530936,388.1445007324219
-13.625,15.875,2022-05-27,2022-05-27_014_015,2.5454723834991455,6.1146626472473145,0.09213624894618988,True,False,faible,exceptionelle,Matam,Zone sahélienne,Phase_1_debut,Début de saison (Mai-Juin),2022,5,27,147,2.595153910430833,6.115357688922978,414.9130554199219
-13.375,15.875,2022-05-27,2022-05-27_014_016,3.5828371047973633,6.246459007263184,0.1157236397266388,True,False,faible,exceptionelle,Matam,Zone sahélienne,Phase_1_debut,Début de saison (Mai-Juin),2022,5,27,147,3.600633733835652,6.246650281263955,441.6816711425781
-13.125,15.875,2022-05-27,2022-05-27_014_017,3.372539758682251,6.194838047027588,0.12173242121934891,True,False,faible,exceptionelle,Matam,Zone sahélienne,Phase_1_debut,Début de saison (Mai-Juin),2022,5,27,147,3.400573012217805,6.195346173329569,468.4502258300781
-12.875,15.875,2022-05-27,2022-05-27_014_018,3.7709665298461914,6.156528949737549,0.13793383538722992,True,False,faible,exceptionelle,Matam,Zone sahélienne,Phase_1_debut,Début de saison (Mai-Juin),2022,5,27,147,3.7753702144526953,6.156553908209106,495.21881103515625
-12.625,15.875,2022-05-27,2022-05-27_014_019,5.043862819671631,6.080209255218506,0.17451505362987518,True,False,modérée,exceptionelle,Matam,Zone sahélienne,Phase_1_debut,Début de saison (Mai-Juin),2022,5,27,147,5.129638324430843,6.081375039402563,521.9874267578125
-12.375,15.875,2022-05-27,2022-05-27_014_020,3.071737766265869,5.790188789367676,0.11670813709497452,True,False,faible,exceptionelle,Matam,Zone sahélienne,Phase_1_debut,Début de saison (Mai-Juin),2022,5,27,147,3.0786618767072205,5.7906676297211765,548.7560424804688
-12.125,15.875,2022-05-27,2022-05-27_014_021,4.423733711242676,5.917076587677002,0.1639769971370697,True,False,faible,exceptionelle,Matam,Zone sahélienne,Phase_1_debut,Début de saison (Mai-Juin),2022,5,27,147,4.521339777126983,5.918146037576187,575.5245361328125
-11.875,15.875,2022-05-27,2022-05-27_014_022,7.293401718139648,5.5986433029174805,0.31684619188308716,True,False,modérée,exceptionelle,Matam,Zone sahélienne,Phase_1_debut,Début de saison (Mai-Juin),2022,5,27,147,7.299638927881442,5.601533571080346,602.2931518554688
-11.625,15.875,2022-05-27,2022-05-27_014_023,5.217219352722168,5.7794952392578125,0.2159072309732437,True,False,modérée,exceptionelle,Matam,Zone sahélienne,Phase_1_debut,Début de saison (Mai-Juin),2022,5,27,147,5.2397828892846805,5.783713549225774,629.061767578125
-11.375,15.875,2022-05-27,2022-05-27_014_024,4.008096218109131,5.671807289123535,0.14436668157577515,True,False,faible,exceptionelle,Matam,Zone sahélienne,Phase_1_debut,Début de saison (Mai-Juin),2022,5,27,147,4.03100250234556,5.674527377938506,655.8303833007812
-16.375,16.125,2022-05-27,2022-05-27_015_004,0.0,-0.1524985283613205,0.0046690478920936584,False,False,trace,normale,Saint-Louis,Zone sahélienne,Phase_1_debut,Début de saison (Mai-Juin),2022,5,27,147,0.03756420246919787,-0.023773565794804656,120.30801391601562
-16.125,16.125,2022-05-27,2022-05-27_015_005,0.0,0.0,0.0,False,False,trace,normale,Saint-Louis,Zone sahélienne,Phase_1_debut,Début de saison (Mai-Juin),2022,5,27,147,0.03756420246919787,0.2343655471226673,147.0431365966797
-15.875,16.125,2022-05-27,2022-05-27_015_006,0.0,-0.19606143236160278,0.006781420670449734,False,False,trace,normale,Saint-Louis,Zone sahélienne,Phase_1_debut,Début de saison (Mai-Juin),2022,5,27,147,0.03756420246919787,-0.19355259311558615,173.7782440185547
-15.625,16.125,2022-05-27,2022-05-27_015_007,0.0,-0.18562312424182892,0.0033882339484989643,False,False,trace,normale,Saint-Louis,Zone sahélienne,Phase_1_debut,Début de saison (Mai-Juin),2022,5,27,147,0.03756420246919787,-0.171976416105002,200.51336669921875
-15.375,16.125,2022-05-27,2022-05-27_015_008,0.0,-0.15249857306480408,0.00507156690582633,False,False,trace,normale,Louga,Zone sahélienne,Phase_1_debut,Début de saison (Mai-Juin),2022,5,27,147,0.03756420246919787,-0.15249855909964546,227.2484588623047
-15.125,16.125,2022-05-27,2022-05-27_015_009,0.0,-0.15249858796596527,0.004862310364842415,False,False,trace,normale,Louga,Zone sahélienne,Phase_1_debut,Début de saison (Mai-Juin),2022,5,27,147,0.03756420246919787,-0.15249857381360615,253.9835968017578
-14.875,16.125,2022-05-27,2022-05-27_015_010,0.0,-0.20980364084243774,0.008114641532301903,False,False,trace,normale,Louga,Zone sahélienne,Phase_1_debut,Début de saison (Mai-Juin),2022,5,27,147,0.03756420246919787,-0.19630312949568782,280.71868896484375
-14.625,16.125,2022-05-27,2022-05-27_015_011,0.5061414837837219,5.723179817199707,0.01761642098426819,True,False,trace,exceptionelle,Matam,Zone sahélienne,Phase_1_debut,Début de saison (Mai-Juin),2022,5,27,147,0.5154973858564942,5.732909911841005,307.4538269042969
-14.375,16.125,2022-05-27,2022-05-27_015_012,1.5615116357803345,6.333712100982666,0.043792515993118286,True,False,faible,exceptionelle,Matam,Zone sahélienne,Phase_1_debut,Début de saison (Mai-Juin),2022,5,27,147,1.564496047532738,6.333738734374693,334.1889343261719
-14.125,16.125,2022-05-27,2022-05-27_015_013,1.6721022129058838,6.33411979675293,0.04680394008755684,True,False,faible,exceptionelle,Matam,Zone sahélienne,Phase_1_debut,Début de saison (Mai-Juin),2022,5,27,147,1.6934946709541816,6.33415528997105,360.9240417480469
-13.875,16.125,2022-05-27,2022-05-27_015_014,1.7450647354125977,6.331665992736816,0.04731534793972969,True,False,faible,exceptionelle,Matam,Zone sahélienne,Phase_1_debut,Début de saison (Mai-Juin),2022,5,27,147,1.7631077487864086,6.331710944822685,387.6591491699219
-13.625,16.125,2022-05-27,2022-05-27_015_015,2.2986176013946533,6.280826568603516,0.07179182022809982,True,False,faible,exceptionelle,Matam,Zone sahélienne,Phase_1_debut,Début de saison (Mai-Juin),2022,5,27,147,2.327028146341219,6.280888916859076,414.3942565917969
-13.375,16.125,2022-05-27,2022-05-27_015_016,3.985647678375244,6.182289123535156,0.12368249148130417,True,False,faible,exceptionelle,Matam,Zone sahélienne,Phase_1_debut,Début de saison (Mai-Juin),2022,5,27,147,3.9994665030858023,6.182635810507003,441.12939453125
-13.125,16.125,2022-05-27,2022-05-27_015_017,3.559894323348999,6.326160907745361,0.10773547738790512,True,False,faible,exceptionelle,Matam,Zone sahélienne,Phase_1_debut,Début de saison (Mai-Juin),2022,5,27,147,3.572343568706034,6.326262013996066,467.864501953125
-12.875,16.125,2022-05-27,2022-05-27_015_018,4.1138434410095215,6.358153343200684,0.12185000628232956,True,False,faible,exceptionelle,Matam,Zone sahélienne,Phase_1_debut,Début de saison (Mai-Juin),2022,5,27,147,4.2134038767023885,6.35828254210889,494.5995788574219
-12.625,16.125,2022-05-27,2022-05-27_015_019,9.841218948364258,6.052767276763916,0.34678706526756287,True,False,modérée,exceptionelle,Matam,Zone sahélienne,Phase_1_debut,Début de saison (Mai-Juin),2022,5,27,147,9.8484149554267,6.053256079180157,521.334716796875
-12.375,16.125,2022-05-27,2022-05-27_015_020,2.080012083053589,5.186471939086914,0.09199358522891998,True,False,faible,exceptionelle,Matam,Zone sahélienne,Phase_1_debut,Début de saison (Mai-Juin),2022,5,27,147,2.1438788708729954,5.1874072467861465,548.0698852539062
-12.125,16.125,2022-05-27,2022-05-27_015_021,1.4646743535995483,3.7791640758514404,0.09650550037622452,True,False,faible,exceptionelle,Matam,Zone sahélienne,Phase_1_debut,Début de saison (Mai-Juin),2022,5,27,147,1.4669984791746091,3.797261496285098,574.804931640625
-11.875,16.125,2022-05-27,2022-05-27_015_022,3.4449987411499023,4.573651313781738,0.18991097807884216,True,False,faible,exceptionelle,Matam,Zone sahélienne,Phase_1_debut,Début de saison (Mai-Juin),2022,5,27,147,3.518035380085509,4.594585297694757,601.5400390625
-11.625,16.125,2022-05-27,2022-05-27_015_023,2.619253158569336,4.3529744148254395,0.1619890183210373,True,False,faible,exceptionelle,Matam,Zone sahélienne,Phase_1_debut,Début de saison (Mai-Juin),2022,5,27,147,2.663991288923138,4.360543804552088,628.2752075195312
-11.375,16.125,2022-05-27,2022-05-27_015_024,1.5729162693023682,3.453627586364746,0.13797302544116974,True,False,faible,exceptionelle,Matam,Zone sahélienne,Phase_1_debut,Début de saison (Mai-Juin),2022,5,27,147,1.573953370952127,3.4603804763238033,655.0103149414062
-16.375,16.375,2022-05-27,2022-05-27_016_004,0.0,-0.21371935307979584,0.02749246172606945,False,False,trace,normale,Saint-Louis,Zone sahélienne,Phase_1_debut,Début de saison (Mai-Juin),2022,5,27,147,0.03756420246919787,-0.20986267168018685,120.15510559082031
-16.125,16.375,2022-05-27,2022-05-27_016_005,0.0,-0.15249857306480408,0.00869358517229557,False,False,trace,normale,Saint-Louis,Zone sahélienne,Phase_1_debut,Début de saison (Mai-Juin),2022,5,27,147,0.03756420246919787,-0.15249855909964546,146.85623168945312
-15.875,16.375,2022-05-27,2022-05-27_016_006,0.0,0.0,0.0,False,False,trace,normale,Saint-Louis,Zone sahélienne,Phase_1_debut,Début de saison (Mai-Juin),2022,5,27,147,0.03756420246919787,0.2343655471226673,173.557373046875
-15.625,16.375,2022-05-27,2022-05-27_016_007,0.0,0.0,0.0,False,False,trace,normale,Saint-Louis,Zone sahélienne,Phase_1_debut,Début de saison (Mai-Juin),2022,5,27,147,0.03756420246919787,0.2343655471226673,200.25851440429688
-15.375,16.375,2022-05-27,2022-05-27_016_008,0.0,0.0,0.0,False,False,trace,normale,Louga,Zone sahélienne,Phase_1_debut,Début de saison (Mai-Juin),2022,5,27,147,0.03756420246919787,0.2343655471226673,226.95962524414062
-15.125,16.375,2022-05-27,2022-05-27_016_009,0.0,-0.013656970113515854,0.0013656970113515854,False,False,trace,normale,Louga,Zone sahélienne,Phase_1_debut,Début de saison (Mai-Juin),2022,5,27,147,0.03756420246919787,-0.0010294198578026843,253.66078186035156
-14.875,16.375,2022-05-27,2022-05-27_016_010,0.0,-0.17158852517604828,0.0034610936418175697,False,False,trace,normale,Louga,Zone sahélienne,Phase_1_debut,Début de saison (Mai-Juin),2022,5,27,147,0.03756420246919787,-0.15307417841412913,280.3619079589844
-14.625,16.375,2022-05-27,2022-05-27_016_011,0.04152931272983551,3.28961443901062,0.0036248236428946257,True,False,trace,exceptionelle,Matam,Zone sahélienne,Phase_1_debut,Début de saison (Mai-Juin),2022,5,27,147,0.06479334007555516,3.3595377033080296,307.06304931640625
-14.375,16.375,2022-05-27,2022-05-27_016_012,0.5578464269638062,5.308395862579346,0.022713197395205498,True,False,trace,exceptionelle,Matam,Zone sahélienne,Phase_1_debut,Début de saison (Mai-Juin),2022,5,27,147,0.567827275649986,5.311462476624915,333.76416015625
-14.125,16.375,2022-05-27,2022-05-27_016_013,1.5874103307724,6.063441276550293,0.05798451974987984,True,False,faible,exceptionelle,Matam,Zone sahélienne,Phase_1_debut,Début de saison (Mai-Juin),2022,5,27,147,1.5984190121367947,6.065240107589032,360.4653015136719
-13.875,16.375,2022-05-27,2022-05-27_016_014,1.6025187969207764,6.150059700012207,0.058008816093206406,True,False,faible,exceptionelle,Matam,Zone sahélienne,Phase_1_debut,Début de saison (Mai-Juin),2022,5,27,147,1.6530454482265458,6.150723761649587,387.16644287109375
-13.625,16.375,2022-05-27,2022-05-27_016_015,1.4204505681991577,6.317831516265869,0.04005229100584984,True,False,faible,exceptionelle,Matam,Zone sahélienne,Phase_1_debut,Début de saison (Mai-Juin),2022,5,27,147,1.4377401764668412,6.318334186496447,413.8675537109375
-13.375,16.375,2022-05-27,2022-05-27_016_016,1.467747449874878,6.327502250671387,0.04133202135562897,True,False,faible,exceptionelle,Matam,Zone sahélienne,Phase_1_debut,Début de saison (Mai-Juin),2022,5,27,147,1.4805762264596756,6.327805638912335,440.5687255859375
-13.125,16.375,2022-05-27,2022-05-27_016_017,1.5743298530578613,6.21126651763916,0.04962058365345001,True,False,faible,exceptionelle,Matam,Zone sahélienne,Phase_1_debut,Début de saison (Mai-Juin),2022,5,27,147,1.5838937199295466,6.211998558523667,467.26983642578125
-12.875,16.375,2022-05-27,2022-05-27_016_018,1.484766960144043,6.170230865478516,0.049279455095529556,True,False,faible,exceptionelle,Matam,Zone sahélienne,Phase_1_debut,Début de saison (Mai-Juin),2022,5,27,147,1.4975544070478661,6.170364225330065,493.970947265625
-12.625,16.375,2022-05-27,2022-05-27_016_019,2.901078462600708,6.245584011077881,0.09360669553279877,True,False,faible,exceptionelle,Matam,Zone sahélienne,Phase_1_debut,Début de saison (Mai-Juin),2022,5,27,147,2.9466287275055545,6.245696133704641,520.672119140625
-12.375,16.375,2022-05-27,2022-05-27_016_020,1.969956874847412,6.380117416381836,0.053655851632356644,True,False,faible,exceptionelle,Matam,Zone sahélienne,Phase_1_debut,Début de saison (Mai-Juin),2022,5,27,147,1.9752702335616452,6.380120998650939,547.3732299804688
-12.125,16.375,2022-05-27,2022-05-27_016_021,0.22270317375659943,1.1938807964324951,0.0363135002553463,False,False,trace,humide,Matam,Zone sahélienne,Phase_1_debut,Début de saison (Mai-Juin),2022,5,27,147,0.22631530972880937,1.2005371226737247,574.0743408203125
-11.875,16.375,2022-05-27,2022-05-27_016_022,0.9218864440917969,1.8629024028778076,0.11749178916215897,False,False,trace,humide,Matam,Zone sahélienne,Phase_1_debut,Début de saison (Mai-Juin),2022,5,27,147,0.9611833598745528,1.9036385857280176,600.7755126953125
-11.625,16.375,2022-05-27,2022-05-27_016_023,0.6175100803375244,1.910308837890625,0.08525526523590088,False,False,trace,humide,Matam,Zone sahélienne,Phase_1_debut,Début de saison (Mai-Juin),2022,5,27,147,0.6253058145094157,1.9312835084134012,627.4766235351562
-11.375,16.375,2022-05-27,2022-05-27_016_024,0.5245288014411926,1.274804711341858,0.11069656163454056,False,False,trace,humide,Matam,Zone sahélienne,Phase_1_debut,Début de saison (Mai-Juin),2022,5,27,147,0.5527828353733274,1.3614471569732207,654.1777954101562
-16.375,16.625,2022-05-27,2022-05-27_017_004,0.0,-0.24617119133472443,0.006226285360753536,False,False,trace,normale,Saint-Louis,Zone sahélienne,Phase_1_debut,Début de saison (Mai-Juin),2022,5,27,147,0.03756420246919787,-0.22461026495126024,119.99990844726562
-16.125,16.625,2022-05-27,2022-05-27_017_005,0.0,-0.2175426483154297,0.0245639830827713,False,False,trace,normale,Saint-Louis,Zone sahélienne,Phase_1_debut,Début de saison (Mai-Juin),2022,5,27,147,0.03756420246919787,-0.21559071346143982,146.6665496826172
-15.875,16.625,2022-05-27,2022-05-27_017_006,0.0,-0.18688040971755981,0.009362948127090931,False,False,trace,normale,Saint-Louis,Zone sahélienne,Phase_1_debut,Début de saison (Mai-Juin),2022,5,27,147,0.03756420246919787,-0.18565471432915884,173.3332061767578
-15.625,16.625,2022-05-27,2022-05-27_017_007,0.0,-0.15249855816364288,0.004455095622688532,False,False,trace,normale,Saint-Louis,Zone sahélienne,Phase_1_debut,Début de saison (Mai-Juin),2022,5,27,147,0.03756420246919787,-0.1524985304579663,199.99984741210938
-15.375,16.625,2022-05-27,2022-05-27_017_008,0.0,-0.15249855816364288,0.005760866217315197,False,False,trace,normale,Saint-Louis,Zone sahélienne,Phase_1_debut,Début de saison (Mai-Juin),2022,5,27,147,0.03756420246919787,-0.1524985304579663,226.66648864746094
-15.125,16.625,2022-05-27,2022-05-27_017_009,0.0,-0.15249855816364288,0.007620171643793583,False,False,trace,normale,Saint-Louis,Zone sahélienne,Phase_1_debut,Début de saison (Mai-Juin),2022,5,27,147,0.03756420246919787,-0.1524985304579663,253.33314514160156
-14.875,16.625,2022-05-27,2022-05-27_017_010,0.0,-0.15249860286712646,0.015625344589352608,False,False,trace,normale,Louga,Zone sahélienne,Phase_1_debut,Début de saison (Mai-Juin),2022,5,27,147,0.03756420246919787,-0.1524985884901267,279.9997863769531
-14.625,16.625,2022-05-27,2022-05-27_017_011,0.0,-0.224501371383667,0.013566657900810242,False,False,trace,normale,Matam,Zone sahélienne,Phase_1_debut,Début de saison (Mai-Juin),2022,5,27,147,0.03756420246919787,-0.21759510100187368,306.66644287109375
-14.375,16.625,2022-05-27,2022-05-27_017_012,0.33401036262512207,4.465263366699219,0.01728794164955616,True,False,trace,exceptionelle,Matam,Zone sahélienne,Phase_1_debut,Début de saison (Mai-Juin),2022,5,27,147,0.35781233753990305,4.538792878539116,333.33306884765625
-14.125,16.625,2022-05-27,2022-05-27_017_013,1.1163409948349,5.340315818786621,0.05609367787837982,True,False,faible,exceptionelle,Matam,Zone sahélienne,Phase_1_debut,Début de saison (Mai-Juin),2022,5,27,147,1.1776213460232148,5.345615896148298,359.99969482421875
-13.875,16.625,2022-05-27,2022-05-27_017_014,5.192291736602783,5.903321743011475,0.21121464669704437,True,False,modérée,exceptionelle,Matam,Zone sahélienne,Phase_1_debut,Début de saison (Mai-Juin),2022,5,27,147,5.206634510701625,5.903466587689653,386.6663513183594
-13.625,16.625,2022-05-27,2022-05-27_017_015,7.84153938293457,5.816624641418457,0.323831170797348,True,False,modérée,exceptionelle,Matam,Zone sahélienne,Phase_1_debut,Début de saison (Mai-Juin),2022,5,27,147,7.869803362755319,5.817383506190238,413.3330078125
-13.375,16.625,2022-05-27,2022-05-27_017_016,0.9720152020454407,5.791586399078369,0.039120204746723175,True,False,trace,exceptionelle,Matam,Zone sahélienne,Phase_1_debut,Début de saison (Mai-Juin),2022,5,27,147,1.0138264374816834,5.79285099518359,439.9996643066406
-13.125,16.625,2022-05-27,2022-05-27_017_017,0.691124439239502,5.825517177581787,0.026739802211523056,True,False,trace,exceptionelle,Matam,Zone sahélienne,Phase_1_debut,Début de saison (Mai-Juin),2022,5,27,147,0.6969188598532174,5.827047821265369,466.6662902832031
-12.875,16.625,2022-05-27,2022-05-27_017_018,0.6886358857154846,5.658215045928955,0.030068635940551758,True,False,trace,exceptionelle,Matam,Zone sahélienne,Phase_1_debut,Début de saison (Mai-Juin),2022,5,27,147,0.6906854700503038,5.658598207349154,493.3329162597656
-12.625,16.625,2022-05-27,2022-05-27_017_019,0.8180871605873108,5.020108699798584,0.046321991831064224,True,False,trace,exceptionelle,Matam,Zone sahélienne,Phase_1_debut,Début de saison (Mai-Juin),2022,5,27,147,0.818724842227284,5.0214745818670075,519.9995727539062
-12.375,16.625,2022-05-27,2022-05-27_017_020,1.0652238130569458,5.848692417144775,0.04886594042181969,True,False,faible,exceptionelle,Matam,Zone sahélienne,Phase_1_debut,Début de saison (Mai-Juin),2022,5,27,147,1.101509725029145,5.852092466162676,546.666259765625
-12.125,16.625,2022-05-27,2022-05-27_017_021,0.06732062995433807,0.33127695322036743,0.032081376761198044,False,False,trace,normale,Matam,Zone sahélienne,Phase_1_debut,Début de saison (Mai-Juin),2022,5,27,147,0.06849940577943121,0.499117743130306,573.3328247070312
-11.875,16.625,2022-05-27,2022-05-27_017_022,0.0,-0.27408838272094727,0.08608028292655945,False,False,trace,normale,Matam,Zone sahélienne,Phase_1_debut,Début de saison (Mai-Juin),2022,5,27,147,0.03756420246919787,-0.24624133503167475,599.99951171875
-11.625,16.625,2022-05-27,2022-05-27_017_023,0.22677578032016754,0.5494275689125061,0.08318709582090378,False,False,trace,normale,Matam,Zone sahélienne,Phase_1_debut,Début de saison (Mai-Juin),2022,5,27,147,0.2564899537281774,0.5706508030843496,626.6661987304688
-11.375,16.625,2022-05-27,2022-05-27_017_024,0.5169660449028015,1.201449990272522,0.13170397281646729,False,False,trace,humide,Matam,Zone sahélienne,Phase_1_debut,Début de saison (Mai-Juin),2022,5,27,147,0.52348369689443,1.2089121665187816,653.3328247070312
