longitude,latitude,event_date,pixel_id,precipitation_mm,anomaly_standardized,climatology_mm,is_extreme,is_intense,intensity_category,anomaly_category,region,climate_zone,season_phase,phase_description,year,month,day,day_of_year,precip_percentile,anomaly_percentile,distance_to_coast
-16.625,12.375,2012-09-28,2012-09-28_000_003,30.3969669342041,2.0351662635803223,8.064615249633789,True,True,forte,très humide,Ziguinchor,Zone soudanienne,Phase_3_fin,Fin de saison (Septembre-Octobre),2012,9,28,272,30.401226551688495,2.0502560749724883,95.14187622070312
-16.375,12.375,2012-09-28,2012-09-28_000_004,36.5367317199707,2.259739398956299,9.81241226196289,True,True,forte,très humide,Ziguinchor,Zone soudanienne,Phase_3_fin,Fin de saison (Septembre-Octobre),2012,9,28,272,36.54038428301788,2.273978408257566,122.32527160644531
-16.125,12.375,2012-09-28,2012-09-28_000_005,31.1205997467041,1.8807272911071777,10.11331558227539,False,True,forte,humide,Sédhiou,Zone soudanienne,Phase_3_fin,Fin de saison (Septembre-Octobre),2012,9,28,272,31.125139351466196,1.881104905401642,149.5086669921875
-15.875,12.375,2012-09-28,2012-09-28_000_006,33.110870361328125,2.5024681091308594,8.608357429504395,True,True,forte,très humide,Sédhiou,Zone soudanienne,Phase_3_fin,Fin de saison (Septembre-Octobre),2012,9,28,272,33.11647298228202,2.5054906936147106,176.6920623779297
-15.625,12.375,2012-09-28,2012-09-28_000_007,28.757299423217773,2.051848888397217,8.741093635559082,True,True,forte,très humide,Sédhiou,Zone soudanienne,Phase_3_fin,Fin de saison (Septembre-Octobre),2012,9,28,272,28.758138335529882,2.0544899905746306,203.87545776367188
-15.375,12.375,2012-09-28,2012-09-28_000_008,23.07331085205078,1.6915178298950195,8.218035697937012,False,True,forte,humide,Sédhiou,Zone soudanienne,Phase_3_fin,Fin de saison (Septembre-Octobre),2012,9,28,272,23.09245802529493,1.7204976998381878,231.058837890625
-15.125,12.375,2012-09-28,2012-09-28_000_009,26.217792510986328,1.9252068996429443,9.284749031066895,False,True,forte,humide,Sédhiou,Zone soudanienne,Phase_3_fin,Fin de saison (Septembre-Octobre),2012,9,28,272,26.22076596207355,1.9350681700299133,258.24224853515625
-14.875,12.375,2012-09-28,2012-09-28_000_010,27.622060775756836,2.1929430961608887,9.56534194946289,True,True,forte,très humide,Kolda,Zone soudanienne,Phase_3_fin,Fin de saison (Septembre-Octobre),2012,9,28,272,27.624520862521837,2.199901623941546,285.4256286621094
-14.625,12.375,2012-09-28,2012-09-28_000_011,24.83875274658203,2.1411213874816895,8.811530113220215,True,True,forte,très humide,Kolda,Zone soudanienne,Phase_3_fin,Fin de saison (Septembre-Octobre),2012,9,28,272,24.841455766304055,2.160002413706564,312.6090393066406
-14.375,12.375,2012-09-28,2012-09-28_000_012,31.671592712402344,2.6924827098846436,9.277506828308105,True,True,forte,très humide,Kolda,Zone soudanienne,Phase_3_fin,Fin de saison (Septembre-Octobre),2012,9,28,272,31.671985396188706,2.699674597337617,339.79241943359375
-14.125,12.375,2012-09-28,2012-09-28_000_013,38.058773040771484,3.183274984359741,9.811738014221191,True,True,forte,exceptionelle,Kolda,Zone soudanienne,Phase_3_fin,Fin de saison (Septembre-Octobre),2012,9,28,272,38.06513911875048,3.1872392024227123,366.9757995605469
-13.875,12.375,2012-09-28,2012-09-28_000_014,37.88285827636719,3.468428611755371,8.885336875915527,True,True,forte,exceptionelle,Kolda,Zone soudanienne,Phase_3_fin,Fin de saison (Septembre-Octobre),2012,9,28,272,37.885952254635605,3.4716956795160496,394.1592102050781
-13.625,12.375,2012-09-28,2012-09-28_000_015,28.73139190673828,2.7496418952941895,8.087658882141113,True,True,forte,très humide,Kolda,Zone soudanienne,Phase_3_fin,Fin de saison (Septembre-Octobre),2012,9,28,272,28.73529756248896,2.7518376669092994,421.34259033203125
-13.375,12.375,2012-09-28,2012-09-28_000_016,25.86004638671875,2.6483964920043945,7.693835735321045,True,True,forte,très humide,Kédougou,Zone soudanienne,Phase_3_fin,Fin de saison (Septembre-Octobre),2012,9,28,272,25.8628603968788,2.6496158299134605,448.5260009765625
-13.125,12.375,2012-09-28,2012-09-28_000_017,19.30072593688965,1.5871814489364624,8.20828628540039,False,False,modérée,humide,Kédougou,Zone soudanienne,Phase_3_fin,Fin de saison (Septembre-Octobre),2012,9,28,272,19.322837906267175,1.5928204604728737,475.7093811035156
-12.875,12.375,2012-09-28,2012-09-28_000_018,11.861833572387695,0.44202885031700134,8.511115074157715,False,False,modérée,normale,Kédougou,Zone soudanienne,Phase_3_fin,Fin de saison (Septembre-Octobre),2012,9,28,272,11.988199320270787,1.313596460986976,502.89276123046875
-12.625,12.375,2012-09-28,2012-09-28_000_019,19.96442222595215,1.3401482105255127,8.619263648986816,False,False,modérée,humide,Kédougou,Zone soudanienne,Phase_3_fin,Fin de saison (Septembre-Octobre),2012,9,28,272,19.969097137451172,1.3999115728852738,530.076171875
-12.375,12.375,2012-09-28,2012-09-28_000_020,27.34624671936035,1.877379059791565,9.15509033203125,False,True,forte,humide,Kédougou,Zone soudanienne,Phase_3_fin,Fin de saison (Septembre-Octobre),2012,9,28,272,27.350405525322536,1.880550625635751,557.2595825195312
-12.125,12.375,2012-09-28,2012-09-28_000_021,26.051586151123047,1.637144923210144,9.35870361328125,False,True,forte,humide,Kédougou,Zone soudanienne,Phase_3_fin,Fin de saison (Septembre-Octobre),2012,9,28,272,26.08085230726692,1.668938680509826,584.4429321289062
-11.875,12.375,2012-09-28,2012-09-28_000_022,27.69792938232422,1.811448335647583,9.054778099060059,False,True,forte,humide,Kédougou,Zone soudanienne,Phase_3_fin,Fin de saison (Septembre-Octobre),2012,9,28,272,27.70883083343506,1.8354545244619476,611.6263427734375
-11.625,12.375,2012-09-28,2012-09-28_000_023,25.538951873779297,1.547151803970337,8.540519714355469,False,True,forte,humide,Kédougou,Zone soudanienne,Phase_3_fin,Fin de saison (Septembre-Octobre),2012,9,28,272,25.583051461071225,1.555972376960007,638.8097534179688
-11.375,12.375,2012-09-28,2012-09-28_000_024,21.637060165405273,1.4003654718399048,7.546762943267822,False,True,forte,humide,Kédougou,Zone soudanienne,Phase_3_fin,Fin de saison (Septembre-Octobre),2012,9,28,272,21.6841458699212,1.4735012647494599,665.9931640625
-16.625,12.625,2012-09-28,2012-09-28_001_003,32.415122985839844,2.2766058444976807,8.201685905456543,True,True,forte,très humide,Ziguinchor,Zone soudanienne,Phase_3_fin,Fin de saison (Septembre-Octobre),2012,9,28,272,32.43178608189876,2.278304391170866,95.04988861083984
-16.375,12.625,2012-09-28,2012-09-28_001_004,30.369831085205078,2.017719030380249,8.607962608337402,True,True,forte,très humide,Ziguinchor,Zone soudanienne,Phase_3_fin,Fin de saison (Septembre-Octobre),2012,9,28,272,30.372967389360745,2.023418887775747,122.2070083618164
-16.125,12.625,2012-09-28,2012-09-28_001_005,28.527860641479492,2.097588300704956,8.106634140014648,True,True,forte,très humide,Sédhiou,Zone soudanienne,Phase_3_fin,Fin de saison (Septembre-Octobre),2012,9,28,272,28.533799348764084,2.0992656221341846,149.36412048339844
-15.875,12.625,2012-09-28,2012-09-28_001_006,27.061655044555664,2.0970664024353027,7.204293727874756,True,True,forte,très humide,Sédhiou,Zone soudanienne,Phase_3_fin,Fin de saison (Septembre-Octobre),2012,9,28,272,27.066553173352727,2.097524046897888,176.521240234375
-15.625,12.625,2012-09-28,2012-09-28_001_007,25.039674758911133,2.0283257961273193,6.8602776527404785,True,True,forte,très humide,Sédhiou,Zone soudanienne,Phase_3_fin,Fin de saison (Septembre-Octobre),2012,9,28,272,25.068350475637157,2.0323423488655283,203.6783447265625
-15.375,12.625,2012-09-28,2012-09-28_001_008,21.160715103149414,2.023951292037964,6.189941883087158,True,True,forte,très humide,Kolda,Zone soudanienne,Phase_3_fin,Fin de saison (Septembre-Octobre),2012,9,28,272,21.168915384378863,2.0279411035566475,230.83544921875
-15.125,12.625,2012-09-28,2012-09-28_001_009,25.379493713378906,2.576474905014038,7.272972106933594,True,True,forte,très humide,Kolda,Zone soudanienne,Phase_3_fin,Fin de saison (Septembre-Octobre),2012,9,28,272,25.382963257219323,2.5897514802127626,257.9925842285156
-14.875,12.625,2012-09-28,2012-09-28_001_010,26.72541046142578,2.7897677421569824,7.420263290405273,True,True,forte,très humide,Kolda,Zone soudanienne,Phase_3_fin,Fin de saison (Septembre-Octobre),2012,9,28,272,26.735408572096322,2.791542133494238,285.1496887207031
-14.625,12.625,2012-09-28,2012-09-28_001_011,20.737018585205078,2.088723659515381,7.031277179718018,True,True,forte,très humide,Kolda,Zone soudanienne,Phase_3_fin,Fin de saison (Septembre-Octobre),2012,9,28,272,20.762997440357307,2.0923132800576676,312.3067932128906
-14.375,12.625,2012-09-28,2012-09-28_001_012,25.448989868164062,2.518447160720825,7.568963527679443,True,True,forte,très humide,Kolda,Zone soudanienne,Phase_3_fin,Fin de saison (Septembre-Octobre),2012,9,28,272,25.471110319971437,2.5224248146890993,339.4638977050781
-14.125,12.625,2012-09-28,2012-09-28_001_013,40.37165451049805,3.4372942447662354,9.017545700073242,True,True,forte,exceptionelle,Kolda,Zone soudanienne,Phase_3_fin,Fin de saison (Septembre-Octobre),2012,9,28,272,40.37292862896943,3.437335689463208,366.6210021972656
-13.875,12.625,2012-09-28,2012-09-28_001_014,44.27000427246094,3.903745174407959,8.283884048461914,True,True,forte,exceptionelle,Kolda,Zone soudanienne,Phase_3_fin,Fin de saison (Septembre-Octobre),2012,9,28,272,44.27000427246094,3.90376372433188,393.77813720703125
-13.625,12.625,2012-09-28,2012-09-28_001_015,37.132606506347656,3.5767245292663574,7.151683807373047,True,True,forte,exceptionelle,Tambacounda,Zone soudanienne,Phase_3_fin,Fin de saison (Septembre-Octobre),2012,9,28,272,37.14768694393598,3.579172698696654,420.93524169921875
-13.375,12.625,2012-09-28,2012-09-28_001_016,31.46292495727539,3.442614793777466,6.329380512237549,True,True,forte,exceptionelle,Kédougou,Zone soudanienne,Phase_3_fin,Fin de saison (Septembre-Octobre),2012,9,28,272,31.481275136746362,3.44598656683112,448.09234619140625
-13.125,12.625,2012-09-28,2012-09-28_001_017,26.341392517089844,2.834547519683838,6.572164058685303,True,True,forte,très humide,Kédougou,Zone soudanienne,Phase_3_fin,Fin de saison (Septembre-Octobre),2012,9,28,272,26.346205093153756,2.8357818546007625,475.24945068359375
-12.875,12.625,2012-09-28,2012-09-28_001_018,24.469141006469727,2.365219831466675,7.0196638107299805,True,True,forte,très humide,Kédougou,Zone soudanienne,Phase_3_fin,Fin de saison (Septembre-Octobre),2012,9,28,272,24.486826096347826,2.369966096015432,502.40655517578125
-12.625,12.625,2012-09-28,2012-09-28_001_019,23.060930252075195,2.003755807876587,7.378658771514893,True,True,forte,très humide,Kédougou,Zone soudanienne,Phase_3_fin,Fin de saison (Septembre-Octobre),2012,9,28,272,23.066436197290468,2.014948262641178,529.5636596679688
-12.375,12.625,2012-09-28,2012-09-28_001_020,24.60955047607422,1.9357573986053467,7.6225690841674805,False,True,forte,humide,Kédougou,Zone soudanienne,Phase_3_fin,Fin de saison (Septembre-Octobre),2012,9,28,272,24.61403900414855,1.9379836213049577,556.7208251953125
-12.125,12.625,2012-09-28,2012-09-28_001_021,22.764663696289062,1.4742437601089478,7.759521484375,False,True,forte,humide,Kédougou,Zone soudanienne,Phase_3_fin,Fin de saison (Septembre-Octobre),2012,9,28,272,22.790722123342544,1.4999012584662317,583.8778686523438
-11.875,12.625,2012-09-28,2012-09-28_001_022,17.99825668334961,1.3157918453216553,6.593418598175049,False,False,modérée,humide,Kédougou,Zone soudanienne,Phase_3_fin,Fin de saison (Septembre-Octobre),2012,9,28,272,18.059133764487417,1.3400258167305183,611.0350341796875
-11.625,12.625,2012-09-28,2012-09-28_001_023,21.2359561920166,1.5837689638137817,6.543891429901123,False,True,forte,humide,Kédougou,Zone soudanienne,Phase_3_fin,Fin de saison (Septembre-Octobre),2012,9,28,272,21.241797825798916,1.5870957081042343,638.192138671875
-11.375,12.625,2012-09-28,2012-09-28_001_024,24.518020629882812,1.785334587097168,6.757203578948975,False,True,forte,humide,Kédougou,Zone soudanienne,Phase_3_fin,Fin de saison (Septembre-Octobre),2012,9,28,272,24.525249898134163,1.8102673118437953,665.3492431640625
-16.625,12.875,2012-09-28,2012-09-28_002_003,40.540687561035156,2.9913148880004883,7.572803497314453,True,True,forte,très humide,Ziguinchor,Zone soudanienne,Phase_3_fin,Fin de saison (Septembre-Octobre),2012,9,28,272,40.54466038612865,2.991429965100696,94.95609283447266
-16.375,12.875,2012-09-28,2012-09-28_002_004,28.565378189086914,2.32041072845459,6.9574103355407715,True,True,forte,très humide,Ziguinchor,Zone soudanienne,Phase_3_fin,Fin de saison (Septembre-Octobre),2012,9,28,272,28.57294951970853,2.3319247481810987,122.08641052246094
-16.125,12.875,2012-09-28,2012-09-28_002_005,20.85578155517578,1.8814619779586792,6.34580659866333,False,True,forte,humide,Sédhiou,Zone soudanienne,Phase_3_fin,Fin de saison (Septembre-Octobre),2012,9,28,272,20.875535380301162,1.9132561665683536,149.2167205810547
-15.875,12.875,2012-09-28,2012-09-28_002_006,19.971633911132812,1.9656888246536255,5.798543453216553,False,False,modérée,humide,Sédhiou,Zone soudanienne,Phase_3_fin,Fin de saison (Septembre-Octobre),2012,9,28,272,19.99885415791267,1.9714660878157495,176.34703063964844
-15.625,12.875,2012-09-28,2012-09-28_002_007,29.599815368652344,3.3316757678985596,5.561291217803955,True,True,forte,exceptionelle,Sédhiou,Zone soudanienne,Phase_3_fin,Fin de saison (Septembre-Octobre),2012,9,28,272,29.605301631754966,3.341592898320912,203.47735595703125
-15.375,12.875,2012-09-28,2012-09-28_002_008,19.492141723632812,2.1630940437316895,5.188045024871826,True,False,modérée,très humide,Kolda,Zone soudanienne,Phase_3_fin,Fin de saison (Septembre-Octobre),2012,9,28,272,19.497143496221035,2.188668231868265,230.60765075683594
-15.125,12.875,2012-09-28,2012-09-28_002_009,21.851030349731445,2.1144859790802,6.2041449546813965,True,True,forte,très humide,Kolda,Zone soudanienne,Phase_3_fin,Fin de saison (Septembre-Octobre),2012,9,28,272,21.891029918613146,2.1297537298058744,257.73797607421875
-14.875,12.875,2012-09-28,2012-09-28_002_010,19.499597549438477,2.0995066165924072,6.193142890930176,True,False,modérée,très humide,Kolda,Zone soudanienne,Phase_3_fin,Fin de saison (Septembre-Octobre),2012,9,28,272,19.51444851094155,2.1032361744636265,284.8682861328125
-14.625,12.875,2012-09-28,2012-09-28_002_011,19.182241439819336,2.0927939414978027,6.280913829803467,True,False,modérée,très humide,Kolda,Zone soudanienne,Phase_3_fin,Fin de saison (Septembre-Octobre),2012,9,28,272,19.217721383176258,2.0965511307644484,311.99859619140625
-14.375,12.875,2012-09-28,2012-09-28_002_012,21.928688049316406,2.292604684829712,6.435529708862305,True,True,forte,très humide,Kolda,Zone soudanienne,Phase_3_fin,Fin de saison (Septembre-Octobre),2012,9,28,272,21.939120402887237,2.2989154311280755,339.12890625
-14.125,12.875,2012-09-28,2012-09-28_002_013,22.83629608154297,2.395404100418091,6.279379844665527,True,True,forte,très humide,Kolda,Zone soudanienne,Phase_3_fin,Fin de saison (Septembre-Octobre),2012,9,28,272,22.879278580747055,2.402949076202048,366.25921630859375
-13.875,12.875,2012-09-28,2012-09-28_002_014,27.780580520629883,2.602778673171997,6.838160991668701,True,True,forte,très humide,Tambacounda,Zone soudanienne,Phase_3_fin,Fin de saison (Septembre-Octobre),2012,9,28,272,27.815580392003657,2.608251272733487,393.3895263671875
-13.625,12.875,2012-09-28,2012-09-28_002_015,31.86444091796875,3.2977209091186523,6.10418701171875,True,True,forte,exceptionelle,Tambacounda,Zone soudanienne,Phase_3_fin,Fin de saison (Septembre-Octobre),2012,9,28,272,31.865664688187028,3.298384220755879,420.51983642578125
-13.375,12.875,2012-09-28,2012-09-28_002_016,24.049781799316406,3.069611072540283,5.037180423736572,True,True,forte,exceptionelle,Tambacounda,Zone soudanienne,Phase_3_fin,Fin de saison (Septembre-Octobre),2012,9,28,272,24.070978730168175,3.0774590651593616,447.6501770019531
-13.125,12.875,2012-09-28,2012-09-28_002_017,27.982463836669922,3.13513445854187,5.745211601257324,True,True,forte,exceptionelle,Kédougou,Zone soudanienne,Phase_3_fin,Fin de saison (Septembre-Octobre),2012,9,28,272,27.986376661751137,3.135538507346532,474.78045654296875
-12.875,12.875,2012-09-28,2012-09-28_002_018,31.879661560058594,3.4785871505737305,5.901589393615723,True,True,forte,exceptionelle,Kédougou,Zone soudanienne,Phase_3_fin,Fin de saison (Septembre-Octobre),2012,9,28,272,31.880335587352963,3.483589982866642,501.9107666015625
-12.625,12.875,2012-09-28,2012-09-28_002_019,30.08838653564453,3.1360180377960205,6.245672225952148,True,True,forte,exceptionelle,Kédougou,Zone soudanienne,Phase_3_fin,Fin de saison (Septembre-Octobre),2012,9,28,272,30.088579427057773,3.1422603705420564,529.0410766601562
-12.375,12.875,2012-09-28,2012-09-28_002_020,30.089921951293945,2.844088077545166,6.398940563201904,True,True,forte,très humide,Kédougou,Zone soudanienne,Phase_3_fin,Fin de saison (Septembre-Octobre),2012,9,28,272,30.10233664392826,2.844822177934886,556.1714477539062
-12.125,12.875,2012-09-28,2012-09-28_002_021,24.6951904296875,2.1049201488494873,6.291009426116943,True,True,forte,très humide,Kédougou,Zone soudanienne,Phase_3_fin,Fin de saison (Septembre-Octobre),2012,9,28,272,24.744246899782112,2.11321213736606,583.3016967773438
-11.875,12.875,2012-09-28,2012-09-28_002_022,18.37225341796875,1.500227689743042,5.696897983551025,False,False,modérée,humide,Kédougou,Zone soudanienne,Phase_3_fin,Fin de saison (Septembre-Octobre),2012,9,28,272,18.39344954370853,1.5464444052633928,610.4320068359375
-11.625,12.875,2012-09-28,2012-09-28_002_023,18.151121139526367,1.5929807424545288,5.255101203918457,False,False,modérée,humide,Kédougou,Zone soudanienne,Phase_3_fin,Fin de saison (Septembre-Octobre),2012,9,28,272,18.17458319544193,1.6356391080060797,637.5623779296875
-11.375,12.875,2012-09-28,2012-09-28_002_024,23.116609573364258,1.8811269998550415,6.117008686065674,False,True,forte,humide,Kédougou,Zone soudanienne,Phase_3_fin,Fin de saison (Septembre-Octobre),2012,9,28,272,23.146283820645895,1.8814426199275645,664.6926879882812
-16.625,13.125,2012-09-28,2012-09-28_003_003,30.87801170349121,2.6349053382873535,6.037149906158447,True,True,forte,très humide,Ziguinchor,Zone soudanienne,Phase_3_fin,Fin de saison (Septembre-Octobre),2012,9,28,272,30.887391066431398,2.644125423239703,94.86048126220703
-16.375,13.125,2012-09-28,2012-09-28_003_004,29.838478088378906,2.6719281673431396,5.983999729156494,True,True,forte,très humide,Ziguinchor,Zone soudanienne,Phase_3_fin,Fin de saison (Septembre-Octobre),2012,9,28,272,29.870501532626502,2.685668924346042,121.9634780883789
-16.125,13.125,2012-09-28,2012-09-28_003_005,21.725875854492188,2.3001928329467773,5.393086910247803,True,True,forte,très humide,Sédhiou,Zone soudanienne,Phase_3_fin,Fin de saison (Septembre-Octobre),2012,9,28,272,21.73922159204531,2.3041813002159848,149.0664825439453
-15.875,13.125,2012-09-28,2012-09-28_003_006,20.297588348388672,1.9719370603561401,5.804204940795898,False,True,forte,humide,Sédhiou,Zone soudanienne,Phase_3_fin,Fin de saison (Septembre-Octobre),2012,9,28,272,20.341931232854947,2.0012774632204717,176.1694793701172
-15.625,13.125,2012-09-28,2012-09-28_003_007,23.488658905029297,2.4997732639312744,5.64924955368042,True,True,forte,très humide,Sédhiou,Zone soudanienne,Phase_3_fin,Fin de saison (Septembre-Octobre),2012,9,28,272,23.51246284599879,2.5005381538640314,203.27247619628906
-15.375,13.125,2012-09-28,2012-09-28_003_008,21.011093139648438,2.483893871307373,4.849614143371582,True,True,forte,très humide,Kolda,Zone soudanienne,Phase_3_fin,Fin de saison (Septembre-Octobre),2012,9,28,272,21.096054355103767,2.4858498932728215,230.37545776367188
-15.125,13.125,2012-09-28,2012-09-28_003_009,24.171968460083008,2.6258392333984375,5.643810749053955,True,True,forte,très humide,Kolda,Zone soudanienne,Phase_3_fin,Fin de saison (Septembre-Octobre),2012,9,28,272,24.2412334806356,2.6273702401012633,257.47845458984375
-14.875,13.125,2012-09-28,2012-09-28_003_010,22.5826416015625,2.3050031661987305,6.067543029785156,True,True,forte,très humide,Kolda,Zone soudanienne,Phase_3_fin,Fin de saison (Septembre-Octobre),2012,9,28,272,22.63992944554468,2.3106646214298268,284.5814514160156
-14.625,13.125,2012-09-28,2012-09-28_003_011,25.729768753051758,2.96915340423584,5.4380269050598145,True,True,forte,très humide,Kolda,Zone soudanienne,Phase_3_fin,Fin de saison (Septembre-Octobre),2012,9,28,272,25.76773911864315,2.9699644988505685,311.6844482421875
-14.375,13.125,2012-09-28,2012-09-28_003_012,21.003276824951172,2.595015525817871,5.174153804779053,True,True,forte,très humide,Tambacounda,Zone soudanienne,Phase_3_fin,Fin de saison (Septembre-Octobre),2012,9,28,272,21.007734873786045,2.5954546257479105,338.7874450683594
-14.125,13.125,2012-09-28,2012-09-28_003_013,19.33332061767578,2.4249770641326904,5.039783000946045,True,False,modérée,très humide,Tambacounda,Zone soudanienne,Phase_3_fin,Fin de saison (Septembre-Octobre),2012,9,28,272,19.340802772560313,2.4296396425620994,365.89044189453125
-13.875,13.125,2012-09-28,2012-09-28_003_014,23.861438751220703,2.7455544471740723,5.310671329498291,True,True,forte,très humide,Tambacounda,Zone soudanienne,Phase_3_fin,Fin de saison (Septembre-Octobre),2012,9,28,272,23.872809793481874,2.7462321513861268,392.9934387207031
-13.625,13.125,2012-09-28,2012-09-28_003_015,21.22991943359375,2.404758930206299,5.186256408691406,True,True,forte,très humide,Tambacounda,Zone soudanienne,Phase_3_fin,Fin de saison (Septembre-Octobre),2012,9,28,272,21.233256335234522,2.405518227486155,420.096435546875
-13.375,13.125,2012-09-28,2012-09-28_003_016,20.44660186767578,2.3521924018859863,5.09991979598999,True,True,forte,très humide,Tambacounda,Zone soudanienne,Phase_3_fin,Fin de saison (Septembre-Octobre),2012,9,28,272,20.448908815431835,2.3628303783023776,447.1994323730469
-13.125,13.125,2012-09-28,2012-09-28_003_017,22.732912063598633,2.40570330619812,5.34123420715332,True,True,forte,très humide,Tambacounda,Zone soudanienne,Phase_3_fin,Fin de saison (Septembre-Octobre),2012,9,28,272,22.74783054428484,2.4084134053944344,474.30242919921875
-12.875,13.125,2012-09-28,2012-09-28_003_018,25.00838851928711,2.9842560291290283,4.878661632537842,True,True,forte,très humide,Tambacounda,Zone soudanienne,Phase_3_fin,Fin de saison (Septembre-Octobre),2012,9,28,272,25.016648426726835,2.987120991376177,501.4053955078125
-12.625,13.125,2012-09-28,2012-09-28_003_019,30.728593826293945,3.240063428878784,5.539432525634766,True,True,forte,exceptionelle,Tambacounda,Zone soudanienne,Phase_3_fin,Fin de saison (Septembre-Octobre),2012,9,28,272,30.733556411973197,3.24361131598602,528.5084228515625
-12.375,13.125,2012-09-28,2012-09-28_003_020,33.371829986572266,3.5072152614593506,5.254150390625,True,True,forte,exceptionelle,Tambacounda,Zone soudanienne,Phase_3_fin,Fin de saison (Septembre-Octobre),2012,9,28,272,33.37807861404802,3.5087391898859686,555.6114501953125
-12.125,13.125,2012-09-28,2012-09-28_003_021,30.190759658813477,3.4375994205474854,4.934937000274658,True,True,forte,exceptionelle,Tambacounda,Zone soudanienne,Phase_3_fin,Fin de saison (Septembre-Octobre),2012,9,28,272,30.191503352256277,3.4379333353521835,582.71435546875
-11.875,13.125,2012-09-28,2012-09-28_003_022,26.1574764251709,3.2323880195617676,4.1815667152404785,True,True,forte,exceptionelle,Tambacounda,Zone soudanienne,Phase_3_fin,Fin de saison (Septembre-Octobre),2012,9,28,272,26.173995152190702,3.23261466397712,609.8173828125
-11.625,13.125,2012-09-28,2012-09-28_003_023,26.84246826171875,3.053436279296875,4.493003845214844,True,True,forte,exceptionelle,Tambacounda,Zone soudanienne,Phase_3_fin,Fin de saison (Septembre-Octobre),2012,9,28,272,26.848724815713698,3.061157914262321,636.92041015625
-11.375,13.125,2012-09-28,2012-09-28_003_024,22.574237823486328,2.4618680477142334,4.837308883666992,True,True,forte,très humide,Kédougou,Zone soudanienne,Phase_3_fin,Fin de saison (Septembre-Octobre),2012,9,28,272,22.576584744094006,2.4620860210016144,664.0234375
-16.625,13.375,2012-09-28,2012-09-28_004_003,39.204891204833984,3.1497442722320557,6.282759666442871,True,True,forte,exceptionelle,Ziguinchor,Zone soudanienne,Phase_3_fin,Fin de saison (Septembre-Octobre),2012,9,28,272,39.216617469212544,3.154662931384753,94.76307678222656
-16.375,13.375,2012-09-28,2012-09-28_004_004,31.950849533081055,2.9194862842559814,5.8039045333862305,True,True,forte,très humide,Ziguinchor,Zone soudanienne,Phase_3_fin,Fin de saison (Septembre-Octobre),2012,9,28,272,31.95628008530967,2.92031558853897,121.83824157714844
-16.125,13.375,2012-09-28,2012-09-28_004_005,27.269760131835938,2.753082513809204,5.32859992980957,True,True,forte,très humide,Kaolack,Zone soudanienne,Phase_3_fin,Fin de saison (Septembre-Octobre),2012,9,28,272,27.28054214362523,2.7596099454553884,148.9134063720703
-15.875,13.375,2012-09-28,2012-09-28_004_006,24.00826644897461,2.7312471866607666,5.002218246459961,True,True,forte,très humide,Sédhiou,Zone soudanienne,Phase_3_fin,Fin de saison (Septembre-Octobre),2012,9,28,272,24.01011271452784,2.7335856344232607,175.9885711669922
-15.625,13.375,2012-09-28,2012-09-28_004_007,22.427274703979492,2.5350754261016846,5.289615154266357,True,True,forte,très humide,Sédhiou,Zone soudanienne,Phase_3_fin,Fin de saison (Septembre-Octobre),2012,9,28,272,22.43532448198328,2.5356685923571565,203.06373596191406
-15.375,13.375,2012-09-28,2012-09-28_004_008,23.63506317138672,2.5361862182617188,5.276796817779541,True,True,forte,très humide,Kolda,Zone soudanienne,Phase_3_fin,Fin de saison (Septembre-Octobre),2012,9,28,272,23.644370122171527,2.538567756288615,230.13888549804688
-15.125,13.375,2012-09-28,2012-09-28_004_009,20.406211853027344,2.132150411605835,5.084024906158447,True,True,forte,très humide,Kolda,Zone soudanienne,Phase_3_fin,Fin de saison (Septembre-Octobre),2012,9,28,272,20.430973570550506,2.1398816797601516,257.2140808105469
-14.875,13.375,2012-09-28,2012-09-28_004_010,25.421186447143555,2.7065491676330566,5.335536956787109,True,True,forte,très humide,Kolda,Zone soudanienne,Phase_3_fin,Fin de saison (Septembre-Octobre),2012,9,28,272,25.429639245996523,2.713773322464833,284.2892150878906
-14.625,13.375,2012-09-28,2012-09-28_004_011,24.957103729248047,3.0975019931793213,4.870388507843018,True,True,forte,exceptionelle,Kolda,Zone soudanienne,Phase_3_fin,Fin de saison (Septembre-Octobre),2012,9,28,272,24.97411275509015,3.098867912388327,311.3644104003906
-14.375,13.375,2012-09-28,2012-09-28_004_012,21.977941513061523,2.8813698291778564,4.428511142730713,True,True,forte,très humide,Tambacounda,Zone soudanienne,Phase_3_fin,Fin de saison (Septembre-Octobre),2012,9,28,272,22.015875571936217,2.8831182520593233,338.4395446777344
-14.125,13.375,2012-09-28,2012-09-28_004_013,22.052682876586914,2.9060521125793457,4.578192234039307,True,True,forte,très humide,Tambacounda,Zone soudanienne,Phase_3_fin,Fin de saison (Septembre-Octobre),2012,9,28,272,22.10243712957181,2.9088505290860507,365.51470947265625
-13.875,13.375,2012-09-28,2012-09-28_004_014,25.86978530883789,3.1760177612304688,4.964207649230957,True,True,forte,exceptionelle,Tambacounda,Zone soudanienne,Phase_3_fin,Fin de saison (Septembre-Octobre),2012,9,28,272,25.897123461392656,3.1792452197578087,392.5898742675781
-13.625,13.375,2012-09-28,2012-09-28_004_015,26.228750228881836,2.717440128326416,5.629073619842529,True,True,forte,très humide,Tambacounda,Zone soudanienne,Phase_3_fin,Fin de saison (Septembre-Octobre),2012,9,28,272,26.2368782992339,2.7239427626432486,419.6650390625
-13.375,13.375,2012-09-28,2012-09-28_004_016,27.397451400756836,2.9898455142974854,5.611889362335205,True,True,forte,très humide,Tambacounda,Zone soudanienne,Phase_3_fin,Fin de saison (Septembre-Octobre),2012,9,28,272,27.414795813248986,2.9905949687238915,446.7402038574219
-13.125,13.375,2012-09-28,2012-09-28_004_017,24.382984161376953,2.628046989440918,5.384443283081055,True,True,forte,très humide,Tambacounda,Zone soudanienne,Phase_3_fin,Fin de saison (Septembre-Octobre),2012,9,28,272,24.398041567011695,2.6292459413633873,473.81536865234375
-12.875,13.375,2012-09-28,2012-09-28_004_018,22.52127456665039,2.5064780712127686,4.7560224533081055,True,True,forte,très humide,Tambacounda,Zone soudanienne,Phase_3_fin,Fin de saison (Septembre-Octobre),2012,9,28,272,22.533298540354973,2.512447027105782,500.8905334472656
-12.625,13.375,2012-09-28,2012-09-28_004_019,26.014585494995117,3.254197597503662,4.562370300292969,True,True,forte,exceptionelle,Tambacounda,Zone soudanienne,Phase_3_fin,Fin de saison (Septembre-Octobre),2012,9,28,272,26.024904773462957,3.2584687165878523,527.9656982421875
-12.375,13.375,2012-09-28,2012-09-28_004_020,30.80721664428711,3.5968847274780273,4.643539905548096,True,True,forte,exceptionelle,Tambacounda,Zone soudanienne,Phase_3_fin,Fin de saison (Septembre-Octobre),2012,9,28,272,30.81450960264733,3.5995611209965235,555.0408935546875
-12.125,13.375,2012-09-28,2012-09-28_004_021,24.846721649169922,3.3262577056884766,3.8698251247406006,True,True,forte,exceptionelle,Tambacounda,Zone soudanienne,Phase_3_fin,Fin de saison (Septembre-Octobre),2012,9,28,272,24.8583777250357,3.32776686654019,582.1160278320312
-11.875,13.375,2012-09-28,2012-09-28_004_022,24.8813419342041,3.2118446826934814,4.092092990875244,True,True,forte,exceptionelle,Tambacounda,Zone soudanienne,Phase_3_fin,Fin de saison (Septembre-Octobre),2012,9,28,272,24.906659317975066,3.21627658036486,609.191162109375
-11.625,13.375,2012-09-28,2012-09-28_004_023,26.766860961914062,3.2272379398345947,4.257070064544678,True,True,forte,exceptionelle,Tambacounda,Zone soudanienne,Phase_3_fin,Fin de saison (Septembre-Octobre),2012,9,28,272,26.779350884595708,3.2293859630373856,636.266357421875
-11.375,13.375,2012-09-28,2012-09-28_004_024,27.522106170654297,3.49642276763916,4.05540657043457,True,True,forte,exceptionelle,Kédougou,Zone soudanienne,Phase_3_fin,Fin de saison (Septembre-Octobre),2012,9,28,272,27.525958947799914,3.4965377836371188,663.341552734375
-16.625,13.625,2012-09-28,2012-09-28_005_003,36.67020034790039,2.9161205291748047,6.474864959716797,True,True,forte,très humide,Fatick,Zone soudano-sahélienne,Phase_3_fin,Fin de saison (Septembre-Octobre),2012,9,28,272,36.6806567685688,2.9179471701233832,94.66385650634766
-16.375,13.625,2012-09-28,2012-09-28_005_004,20.396656036376953,2.065258026123047,4.89729642868042,True,True,forte,très humide,Kaolack,Zone soudano-sahélienne,Phase_3_fin,Fin de saison (Septembre-Octobre),2012,9,28,272,20.402538385822545,2.0688219915083303,121.71067810058594
-16.125,13.625,2012-09-28,2012-09-28_005_005,18.65856170654297,2.2828683853149414,3.9111948013305664,True,False,modérée,très humide,Kaolack,Zone soudano-sahélienne,Phase_3_fin,Fin de saison (Septembre-Octobre),2012,9,28,272,18.681567441278965,2.2879415828378957,148.7574920654297
-15.875,13.625,2012-09-28,2012-09-28_005_006,21.213071823120117,2.7032032012939453,4.112001419067383,True,True,forte,très humide,Kaffrine,Zone soudano-sahélienne,Phase_3_fin,Fin de saison (Septembre-Octobre),2012,9,28,272,21.215793777350804,2.704150507797548,175.8043212890625
-15.625,13.625,2012-09-28,2012-09-28_005_007,27.541765213012695,3.2222819328308105,4.687437057495117,True,True,forte,exceptionelle,Kaffrine,Zone soudano-sahélienne,Phase_3_fin,Fin de saison (Septembre-Octobre),2012,9,28,272,27.548327311798555,3.224264722373617,202.85113525390625
-15.375,13.625,2012-09-28,2012-09-28_005_008,28.081340789794922,3.005988359451294,5.114409923553467,True,True,forte,exceptionelle,Kaffrine,Zone soudano-sahélienne,Phase_3_fin,Fin de saison (Septembre-Octobre),2012,9,28,272,28.152682457737,3.0110365302119426,229.89793395996094
-15.125,13.625,2012-09-28,2012-09-28_005_009,20.1397647857666,2.0819239616394043,5.033991813659668,True,True,forte,très humide,Kaffrine,Zone soudano-sahélienne,Phase_3_fin,Fin de saison (Septembre-Octobre),2012,9,28,272,20.1499191073317,2.0870561372095615,256.94476318359375
-14.875,13.625,2012-09-28,2012-09-28_005_010,22.443620681762695,2.692258358001709,4.550866603851318,True,True,forte,très humide,Kolda,Zone soudano-sahélienne,Phase_3_fin,Fin de saison (Septembre-Octobre),2012,9,28,272,22.481667183152396,2.692409429118861,283.9915771484375
-14.625,13.625,2012-09-28,2012-09-28_005_011,24.4534854888916,2.824618101119995,4.97923469543457,True,True,forte,très humide,Kolda,Zone soudano-sahélienne,Phase_3_fin,Fin de saison (Septembre-Octobre),2012,9,28,272,24.459189132230367,2.8251300337326586,311.0384216308594
-14.375,13.625,2012-09-28,2012-09-28_005_012,26.259933471679688,2.8311407566070557,5.318275451660156,True,True,forte,très humide,Tambacounda,Zone soudano-sahélienne,Phase_3_fin,Fin de saison (Septembre-Octobre),2012,9,28,272,26.281423923358247,2.8331694069819235,338.085205078125
-14.125,13.625,2012-09-28,2012-09-28_005_013,23.657512664794922,2.4239702224731445,5.212038516998291,True,True,forte,très humide,Tambacounda,Zone soudano-sahélienne,Phase_3_fin,Fin de saison (Septembre-Octobre),2012,9,28,272,23.66074367504024,2.4247721541467024,365.13201904296875
-13.875,13.625,2012-09-28,2012-09-28_005_014,30.971336364746094,3.390275001525879,5.2743821144104,True,True,forte,exceptionelle,Tambacounda,Zone soudano-sahélienne,Phase_3_fin,Fin de saison (Septembre-Octobre),2012,9,28,272,30.98596267604349,3.395122964178497,392.1788635253906
-13.625,13.625,2012-09-28,2012-09-28_005_015,32.216148376464844,3.463042736053467,5.2262983322143555,True,True,forte,exceptionelle,Tambacounda,Zone soudano-sahélienne,Phase_3_fin,Fin de saison (Septembre-Octobre),2012,9,28,272,32.229646653985256,3.464768221629924,419.22564697265625
-13.375,13.625,2012-09-28,2012-09-28_005_016,34.63734436035156,3.821322441101074,5.152093887329102,True,True,forte,exceptionelle,Tambacounda,Zone soudano-sahélienne,Phase_3_fin,Fin de saison (Septembre-Octobre),2012,9,28,272,34.66318615477288,3.821905001923067,446.2724914550781
-13.125,13.625,2012-09-28,2012-09-28_005_017,33.496177673339844,3.9910144805908203,4.945991516113281,True,True,forte,exceptionelle,Tambacounda,Zone soudano-sahélienne,Phase_3_fin,Fin de saison (Septembre-Octobre),2012,9,28,272,33.502137725676725,3.994981457839659,473.3193054199219
-12.875,13.625,2012-09-28,2012-09-28_005_018,26.258983612060547,3.4320828914642334,4.248811721801758,True,True,forte,exceptionelle,Tambacounda,Zone soudano-sahélienne,Phase_3_fin,Fin de saison (Septembre-Octobre),2012,9,28,272,26.259236589748056,3.4338898431116616,500.3660888671875
-12.625,13.625,2012-09-28,2012-09-28_005_019,32.88639831542969,4.1472859382629395,4.109182357788086,True,True,forte,exceptionelle,Tambacounda,Zone soudano-sahélienne,Phase_3_fin,Fin de saison (Septembre-Octobre),2012,9,28,272,32.889148347940875,4.1478319635343315,527.4129028320312
-12.375,13.625,2012-09-28,2012-09-28_005_020,26.890405654907227,3.7688090801239014,3.8751702308654785,True,True,forte,exceptionelle,Tambacounda,Zone soudano-sahélienne,Phase_3_fin,Fin de saison (Septembre-Octobre),2012,9,28,272,26.922412948991784,3.7712830329061147,554.4597778320312
-12.125,13.625,2012-09-28,2012-09-28_005_021,23.184097290039062,3.3585262298583984,3.660637855529785,True,True,forte,exceptionelle,Tambacounda,Zone soudano-sahélienne,Phase_3_fin,Fin de saison (Septembre-Octobre),2012,9,28,272,23.202773386509573,3.3635207252885824,581.5065307617188
-11.875,13.625,2012-09-28,2012-09-28_005_022,23.665353775024414,3.2329347133636475,3.6501502990722656,True,True,forte,exceptionelle,Tambacounda,Zone soudano-sahélienne,Phase_3_fin,Fin de saison (Septembre-Octobre),2012,9,28,272,23.712878960460877,3.235872174028176,608.5533447265625
-11.625,13.625,2012-09-28,2012-09-28_005_023,18.654273986816406,2.4090845584869385,3.742119073867798,True,False,modérée,très humide,Tambacounda,Zone soudano-sahélienne,Phase_3_fin,Fin de saison (Septembre-Octobre),2012,9,28,272,18.65733356571677,2.4209781292095855,635.6002197265625
-11.375,13.625,2012-09-28,2012-09-28_005_024,16.456008911132812,2.2889318466186523,3.536194086074829,True,False,modérée,très humide,Kédougou,Zone soudano-sahélienne,Phase_3_fin,Fin de saison (Septembre-Octobre),2012,9,28,272,16.460870805098185,2.2919956212067722,662.6470336914062
-16.625,13.875,2012-09-28,2012-09-28_006_003,35.50783157348633,3.2994132041931152,5.076994895935059,True,True,forte,exceptionelle,Fatick,Zone soudano-sahélienne,Phase_3_fin,Fin de saison (Septembre-Octobre),2012,9,28,272,35.53885368845571,3.299655175089237,94.56283569335938
-16.375,13.875,2012-09-28,2012-09-28_006_004,27.483739852905273,2.991541624069214,4.535089492797852,True,True,forte,très humide,Fatick,Zone soudano-sahélienne,Phase_3_fin,Fin de saison (Septembre-Octobre),2012,9,28,272,27.491355277785107,2.9967443062432446,121.58079528808594
-16.125,13.875,2012-09-28,2012-09-28_006_005,15.120845794677734,2.0159268379211426,3.2887630462646484,True,False,modérée,très humide,Fatick,Zone soudano-sahélienne,Phase_3_fin,Fin de saison (Septembre-Octobre),2012,9,28,272,15.159672420827588,2.0175704315080116,148.5987548828125
-15.875,13.875,2012-09-28,2012-09-28_006_006,21.320907592773438,2.500781297683716,3.9705147743225098,True,True,forte,très humide,Kaolack,Zone soudano-sahélienne,Phase_3_fin,Fin de saison (Septembre-Octobre),2012,9,28,272,21.351380242774233,2.5020570018183648,175.61669921875
-15.625,13.875,2012-09-28,2012-09-28_006_007,27.57568359375,3.264822006225586,4.073774814605713,True,True,forte,exceptionelle,Kaolack,Zone soudano-sahélienne,Phase_3_fin,Fin de saison (Septembre-Octobre),2012,9,28,272,27.58445030480773,3.2674797959064117,202.63465881347656
-15.375,13.875,2012-09-28,2012-09-28_006_008,24.622495651245117,2.6501872539520264,4.483179569244385,True,True,forte,très humide,Kaffrine,Zone soudano-sahélienne,Phase_3_fin,Fin de saison (Septembre-Octobre),2012,9,28,272,24.647518728246638,2.6649361147952435,229.65260314941406
-15.125,13.875,2012-09-28,2012-09-28_006_009,20.234331130981445,2.06925368309021,4.468313694000244,True,True,forte,très humide,Kaffrine,Zone soudano-sahélienne,Phase_3_fin,Fin de saison (Septembre-Octobre),2012,9,28,272,20.25816130039081,2.0805232273274332,256.6705627441406
-14.875,13.875,2012-09-28,2012-09-28_006_010,26.490800857543945,2.911137819290161,4.488774299621582,True,True,forte,très humide,Kaffrine,Zone soudano-sahélienne,Phase_3_fin,Fin de saison (Septembre-Octobre),2012,9,28,272,26.5066011658865,2.9123072624206543,283.6885070800781
-14.625,13.875,2012-09-28,2012-09-28_006_011,28.762958526611328,3.54400897026062,4.356204986572266,True,True,forte,exceptionelle,Kaffrine,Zone soudano-sahélienne,Phase_3_fin,Fin de saison (Septembre-Octobre),2012,9,28,272,28.794328564974535,3.5449970295680826,310.70648193359375
-14.375,13.875,2012-09-28,2012-09-28_006_012,29.54277992248535,4.088376522064209,4.125542163848877,True,True,forte,exceptionelle,Tambacounda,Zone soudano-sahélienne,Phase_3_fin,Fin de saison (Septembre-Octobre),2012,9,28,272,29.55066170524712,4.088733555683539,337.72442626953125
-14.125,13.875,2012-09-28,2012-09-28_006_013,26.402013778686523,3.170321464538574,4.370684623718262,True,True,forte,exceptionelle,Tambacounda,Zone soudano-sahélienne,Phase_3_fin,Fin de saison (Septembre-Octobre),2012,9,28,272,26.424322089957233,3.1728690545163563,364.74237060546875
-13.875,13.875,2012-09-28,2012-09-28_006_014,33.21222686767578,3.8239572048187256,4.483448028564453,True,True,forte,exceptionelle,Tambacounda,Zone soudano-sahélienne,Phase_3_fin,Fin de saison (Septembre-Octobre),2012,9,28,272,33.220648137768315,3.8245732754319155,391.7603454589844
-13.625,13.875,2012-09-28,2012-09-28_006_015,36.668888092041016,4.499505043029785,4.323040962219238,True,True,forte,exceptionelle,Tambacounda,Zone soudano-sahélienne,Phase_3_fin,Fin de saison (Septembre-Octobre),2012,9,28,272,36.668921063293766,4.500035388984872,418.7782897949219
-13.375,13.875,2012-09-28,2012-09-28_006_016,32.932003021240234,4.220569133758545,4.424949645996094,True,True,forte,exceptionelle,Tambacounda,Zone soudano-sahélienne,Phase_3_fin,Fin de saison (Septembre-Octobre),2012,9,28,272,32.94233957606943,4.223409295681134,445.7962341308594
-13.125,13.875,2012-09-28,2012-09-28_006_017,35.32301330566406,4.4741291999816895,4.484715461730957,True,True,forte,exceptionelle,Tambacounda,Zone soudano-sahélienne,Phase_3_fin,Fin de saison (Septembre-Octobre),2012,9,28,272,35.3291128340678,4.474382287892864,472.8141784667969
-12.875,13.875,2012-09-28,2012-09-28_006_018,38.481056213378906,4.5754804611206055,4.379068851470947,True,True,forte,exceptionelle,Tambacounda,Zone soudano-sahélienne,Phase_3_fin,Fin de saison (Septembre-Octobre),2012,9,28,272,38.49014961779417,4.5756771768157805,499.8321228027344
-12.625,13.875,2012-09-28,2012-09-28_006_019,41.33127975463867,5.079472541809082,3.8001108169555664,True,True,forte,exceptionelle,Tambacounda,Zone soudano-sahélienne,Phase_3_fin,Fin de saison (Septembre-Octobre),2012,9,28,272,41.33866348458288,5.079472541809082,526.85009765625
-12.375,13.875,2012-09-28,2012-09-28_006_020,31.403173446655273,4.510614395141602,3.3199708461761475,True,True,forte,exceptionelle,Tambacounda,Zone soudano-sahélienne,Phase_3_fin,Fin de saison (Septembre-Octobre),2012,9,28,272,31.408578105907345,4.511722301118937,553.8680419921875
-12.125,13.875,2012-09-28,2012-09-28_006_021,27.097671508789062,4.1313300132751465,2.8991215229034424,True,True,forte,exceptionelle,Tambacounda,Zone soudano-sahélienne,Phase_3_fin,Fin de saison (Septembre-Octobre),2012,9,28,272,27.135288871113374,4.131875350846717,580.885986328125
-11.875,13.875,2012-09-28,2012-09-28_006_022,26.869243621826172,3.8587863445281982,3.3088104724884033,True,True,forte,exceptionelle,Tambacounda,Zone soudano-sahélienne,Phase_3_fin,Fin de saison (Septembre-Octobre),2012,9,28,272,26.874135348066012,3.8612015367153303,607.9039306640625
-11.625,13.875,2012-09-28,2012-09-28_006_023,25.522356033325195,3.3008272647857666,3.644325017929077,True,True,forte,exceptionelle,Tambacounda,Zone soudano-sahélienne,Phase_3_fin,Fin de saison (Septembre-Octobre),2012,9,28,272,25.527318106224786,3.3050369042247985,634.9219360351562
-11.375,13.875,2012-09-28,2012-09-28_006_024,23.94208526611328,3.6417930126190186,3.064344644546509,True,True,forte,exceptionelle,Kédougou,Zone soudano-sahélienne,Phase_3_fin,Fin de saison (Septembre-Octobre),2012,9,28,272,23.955219172952162,3.6429486837818397,661.9398803710938
-16.625,14.125,2012-09-28,2012-09-28_007_003,24.579174041748047,2.552687406539917,4.005939483642578,True,True,forte,très humide,Fatick,Zone soudano-sahélienne,Phase_3_fin,Fin de saison (Septembre-Octobre),2012,9,28,272,24.589782896952414,2.5548824335462483,94.46001434326172
-16.375,14.125,2012-09-28,2012-09-28_007_004,30.19692611694336,3.0018434524536133,4.376070976257324,True,True,forte,exceptionelle,Fatick,Zone soudano-sahélienne,Phase_3_fin,Fin de saison (Septembre-Octobre),2012,9,28,272,30.217344542843612,3.002860026143903,121.44859313964844
-16.125,14.125,2012-09-28,2012-09-28_007_005,15.794585227966309,1.556130290031433,4.113204479217529,False,False,modérée,humide,Fatick,Zone soudano-sahélienne,Phase_3_fin,Fin de saison (Septembre-Octobre),2012,9,28,272,15.802920243248868,1.5733528664363687,148.4371795654297
-15.875,14.125,2012-09-28,2012-09-28_007_006,22.41864585876465,2.473048686981201,4.02571964263916,True,True,forte,très humide,Kaolack,Zone soudano-sahélienne,Phase_3_fin,Fin de saison (Septembre-Octobre),2012,9,28,272,22.42291692034084,2.4795458328783813,175.42575073242188
-15.625,14.125,2012-09-28,2012-09-28_007_007,27.319658279418945,2.8999955654144287,4.445868015289307,True,True,forte,très humide,Kaolack,Zone soudano-sahélienne,Phase_3_fin,Fin de saison (Septembre-Octobre),2012,9,28,272,27.325336715084823,2.900804986905812,202.41433715820312
-15.375,14.125,2012-09-28,2012-09-28_007_008,30.774526596069336,3.086137533187866,4.668327808380127,True,True,forte,exceptionelle,Kaffrine,Zone soudano-sahélienne,Phase_3_fin,Fin de saison (Septembre-Octobre),2012,9,28,272,30.777976299650106,3.090347825582303,229.40289306640625
-15.125,14.125,2012-09-28,2012-09-28_007_009,21.845155715942383,2.430849552154541,4.157647132873535,True,True,forte,très humide,Kaffrine,Zone soudano-sahélienne,Phase_3_fin,Fin de saison (Septembre-Octobre),2012,9,28,272,21.848196355541745,2.442528078903505,256.3914794921875
-14.875,14.125,2012-09-28,2012-09-28_007_010,19.521818161010742,2.3710501194000244,3.757718563079834,True,False,modérée,très humide,Kaffrine,Zone soudano-sahélienne,Phase_3_fin,Fin de saison (Septembre-Octobre),2012,9,28,272,19.591534341399996,2.3714988237649353,283.38006591796875
-14.625,14.125,2012-09-28,2012-09-28_007_011,23.487585067749023,3.286404848098755,3.7294797897338867,True,True,forte,exceptionelle,Kaffrine,Zone soudano-sahélienne,Phase_3_fin,Fin de saison (Septembre-Octobre),2012,9,28,272,23.488041043880596,3.290868721415649,310.36865234375
-14.375,14.125,2012-09-28,2012-09-28_007_012,22.969003677368164,4.151721000671387,2.941981554031372,True,True,forte,exceptionelle,Tambacounda,Zone soudano-sahélienne,Phase_3_fin,Fin de saison (Septembre-Octobre),2012,9,28,272,22.970816041955995,4.155830522278446,337.3572082519531
-14.125,14.125,2012-09-28,2012-09-28_007_013,22.820423126220703,3.8453471660614014,3.128242015838623,True,True,forte,exceptionelle,Tambacounda,Zone soudano-sahélienne,Phase_3_fin,Fin de saison (Septembre-Octobre),2012,9,28,272,22.826788782474384,3.8462598347783685,364.34576416015625
-13.875,14.125,2012-09-28,2012-09-28_007_014,27.7590389251709,3.985311508178711,3.635484218597412,True,True,forte,exceptionelle,Tambacounda,Zone soudano-sahélienne,Phase_3_fin,Fin de saison (Septembre-Octobre),2012,9,28,272,27.762827647990317,3.9863145435275746,391.3343811035156
-13.625,14.125,2012-09-28,2012-09-28_007_015,35.49641418457031,4.710653781890869,3.785541534423828,True,True,forte,exceptionelle,Tambacounda,Zone soudano-sahélienne,Phase_3_fin,Fin de saison (Septembre-Octobre),2012,9,28,272,35.49678711435902,4.710951565498084,418.32293701171875
-13.375,14.125,2012-09-28,2012-09-28_007_016,27.366344451904297,4.332287311553955,3.2882449626922607,True,True,forte,exceptionelle,Tambacounda,Zone soudano-sahélienne,Phase_3_fin,Fin de saison (Septembre-Octobre),2012,9,28,272,27.372048823677716,4.332509710561091,445.3115234375
-13.125,14.125,2012-09-28,2012-09-28_007_017,26.3852481842041,4.281768321990967,3.1318345069885254,True,True,forte,exceptionelle,Tambacounda,Zone soudano-sahélienne,Phase_3_fin,Fin de saison (Septembre-Octobre),2012,9,28,272,26.389502769738588,4.284284392792975,472.3000793457031
-12.875,14.125,2012-09-28,2012-09-28_007_018,29.006677627563477,4.582728385925293,3.155229330062866,True,True,forte,exceptionelle,Tambacounda,Zone soudano-sahélienne,Phase_3_fin,Fin de saison (Septembre-Octobre),2012,9,28,272,29.082109106245927,4.585307763449512,499.2886657714844
-12.625,14.125,2012-09-28,2012-09-28_007_019,34.34236145019531,4.885805130004883,3.0276618003845215,True,True,forte,exceptionelle,Tambacounda,Zone soudano-sahélienne,Phase_3_fin,Fin de saison (Septembre-Octobre),2012,9,28,272,34.34247958120988,4.885994325331108,526.2772216796875
-12.375,14.125,2012-09-28,2012-09-28_007_020,33.62102508544922,4.722505569458008,3.1210968494415283,True,True,forte,exceptionelle,Tambacounda,Zone soudano-sahélienne,Phase_3_fin,Fin de saison (Septembre-Octobre),2012,9,28,272,33.65364833812617,4.723206167844073,553.2658081054688
-12.125,14.125,2012-09-28,2012-09-28_007_021,32.670196533203125,4.379811763763428,3.1049513816833496,True,True,forte,exceptionelle,Tambacounda,Zone soudano-sahélienne,Phase_3_fin,Fin de saison (Septembre-Octobre),2012,9,28,272,32.683777047162074,4.381491788068608,580.25439453125
-11.875,14.125,2012-09-28,2012-09-28_007_022,31.676189422607422,4.065428256988525,3.391521453857422,True,True,forte,exceptionelle,Tambacounda,Zone soudano-sahélienne,Phase_3_fin,Fin de saison (Septembre-Octobre),2012,9,28,272,31.691798214936384,4.0655667913619,607.2429809570312
-11.625,14.125,2012-09-28,2012-09-28_007_023,29.72420883178711,3.8708019256591797,3.6101715564727783,True,True,forte,exceptionelle,Tambacounda,Zone soudano-sahélienne,Phase_3_fin,Fin de saison (Septembre-Octobre),2012,9,28,272,29.739138483402122,3.8773409122198688,634.2315673828125
-11.375,14.125,2012-09-28,2012-09-28_007_024,23.97559356689453,3.9776856899261475,2.9257473945617676,True,True,forte,exceptionelle,Kédougou,Zone soudano-sahélienne,Phase_3_fin,Fin de saison (Septembre-Octobre),2012,9,28,272,23.976027368900166,3.9781884104762244,661.2201538085938
-16.875,14.375,2012-09-28,2012-09-28_008_002,21.175220489501953,2.4864296913146973,3.3348212242126465,True,True,forte,très humide,Thiès,Zone soudano-sahélienne,Phase_3_fin,Fin de saison (Septembre-Octobre),2012,9,28,272,21.196523752643834,2.4882063003041637,67.39671325683594
-16.625,14.375,2012-09-28,2012-09-28_008_003,21.246572494506836,2.4526162147521973,3.335385799407959,True,True,forte,très humide,Fatick,Zone soudano-sahélienne,Phase_3_fin,Fin de saison (Septembre-Octobre),2012,9,28,272,21.26919609338195,2.457715840794932,94.35540008544922
-16.375,14.375,2012-09-28,2012-09-28_008_004,20.277915954589844,2.5557103157043457,3.1219465732574463,True,True,forte,très humide,Diourbel,Zone soudano-sahélienne,Phase_3_fin,Fin de saison (Septembre-Octobre),2012,9,28,272,20.290223557745392,2.5627860423907562,121.31409454345703
-16.125,14.375,2012-09-28,2012-09-28_008_005,18.60205841064453,2.054776906967163,3.780468225479126,True,False,modérée,très humide,Diourbel,Zone soudano-sahélienne,Phase_3_fin,Fin de saison (Septembre-Octobre),2012,9,28,272,18.639448961420875,2.0584777899123914,148.2727813720703
-15.875,14.375,2012-09-28,2012-09-28_008_006,16.556459426879883,1.72171151638031,3.9928653240203857,False,False,modérée,humide,Diourbel,Zone soudano-sahélienne,Phase_3_fin,Fin de saison (Septembre-Octobre),2012,9,28,272,16.562812421789122,1.7826170187499655,175.23147583007812
-15.625,14.375,2012-09-28,2012-09-28_008_007,16.590757369995117,1.670097827911377,4.16636323928833,False,False,modérée,humide,Kaolack,Zone soudano-sahélienne,Phase_3_fin,Fin de saison (Septembre-Octobre),2012,9,28,272,16.653341168734297,1.6907105433880985,202.19015502929688
-15.375,14.375,2012-09-28,2012-09-28_008_008,25.39072036743164,2.7348406314849854,4.121962070465088,True,True,forte,très humide,Kaffrine,Zone soudano-sahélienne,Phase_3_fin,Fin de saison (Septembre-Octobre),2012,9,28,272,25.40005921598655,2.7417857682884637,229.14883422851562
-15.125,14.375,2012-09-28,2012-09-28_008_009,19.281557083129883,2.2786238193511963,3.686910629272461,True,False,modérée,très humide,Kaffrine,Zone soudano-sahélienne,Phase_3_fin,Fin de saison (Septembre-Octobre),2012,9,28,272,19.294609242348216,2.2821858420443895,256.1075439453125
-14.875,14.375,2012-09-28,2012-09-28_008_010,17.951095581054688,2.523777484893799,3.2433834075927734,True,False,modérée,très humide,Kaffrine,Zone soudano-sahélienne,Phase_3_fin,Fin de saison (Septembre-Octobre),2012,9,28,272,17.965607053670453,2.52570331755595,283.06622314453125
-14.625,14.375,2012-09-28,2012-09-28_008_011,18.735820770263672,2.845336675643921,3.0306010246276855,True,False,modérée,très humide,Kaffrine,Zone soudano-sahélienne,Phase_3_fin,Fin de saison (Septembre-Octobre),2012,9,28,272,18.764104354321656,2.847968952739658,310.02490234375
-14.375,14.375,2012-09-28,2012-09-28_008_012,20.889816284179688,3.6063954830169678,2.995049476623535,True,True,forte,exceptionelle,Tambacounda,Zone soudano-sahélienne,Phase_3_fin,Fin de saison (Septembre-Octobre),2012,9,28,272,20.94594217425016,3.609238085435264,336.98358154296875
-14.125,14.375,2012-09-28,2012-09-28_008_013,22.929777145385742,4.446229934692383,2.7455132007598877,True,True,forte,exceptionelle,Tambacounda,Zone soudano-sahélienne,Phase_3_fin,Fin de saison (Septembre-Octobre),2012,9,28,272,22.93529994523705,4.446233068878327,363.9422607421875
-13.875,14.375,2012-09-28,2012-09-28_008_014,26.000202178955078,4.441445350646973,2.98745059967041,True,True,forte,exceptionelle,Tambacounda,Zone soudano-sahélienne,Phase_3_fin,Fin de saison (Septembre-Octobre),2012,9,28,272,26.004249745277903,4.441745889845805,390.9009704589844
-13.625,14.375,2012-09-28,2012-09-28_008_015,25.262983322143555,4.066317558288574,3.142143487930298,True,True,forte,exceptionelle,Tambacounda,Zone soudano-sahélienne,Phase_3_fin,Fin de saison (Septembre-Octobre),2012,9,28,272,25.299283042025923,4.06646204354176,417.8596496582031
-13.375,14.375,2012-09-28,2012-09-28_008_016,23.976707458496094,4.067260265350342,3.086198329925537,True,True,forte,exceptionelle,Tambacounda,Zone soudano-sahélienne,Phase_3_fin,Fin de saison (Septembre-Octobre),2012,9,28,272,23.988918726168684,4.07028417970667,444.8183288574219
-13.125,14.375,2012-09-28,2012-09-28_008_017,25.203170776367188,4.430853843688965,2.695706367492676,True,True,forte,exceptionelle,Tambacounda,Zone soudano-sahélienne,Phase_3_fin,Fin de saison (Septembre-Octobre),2012,9,28,272,25.210200007836423,4.431392668479651,471.7770080566406
-12.875,14.375,2012-09-28,2012-09-28_008_018,27.621593475341797,4.33467960357666,2.931394338607788,True,True,forte,exceptionelle,Tambacounda,Zone soudano-sahélienne,Phase_3_fin,Fin de saison (Septembre-Octobre),2012,9,28,272,27.621681534465235,4.336181726886998,498.7356872558594
-12.625,14.375,2012-09-28,2012-09-28_008_019,26.35980987548828,4.016228199005127,3.008857488632202,True,True,forte,exceptionelle,Tambacounda,Zone soudano-sahélienne,Phase_3_fin,Fin de saison (Septembre-Octobre),2012,9,28,272,26.363824901868348,4.017018231914271,525.6943969726562
-12.375,14.375,2012-09-28,2012-09-28_008_020,26.5543212890625,4.135585784912109,2.77529239654541,True,True,forte,exceptionelle,Tambacounda,Zone soudano-sahélienne,Phase_3_fin,Fin de saison (Septembre-Octobre),2012,9,28,272,26.592004958109634,4.13705565342352,552.653076171875
-12.125,14.375,2012-09-28,2012-09-28_008_021,26.70736312866211,4.055125713348389,2.727459192276001,True,True,forte,exceptionelle,Tambacounda,Zone soudano-sahélienne,Phase_3_fin,Fin de saison (Septembre-Octobre),2012,9,28,272,26.71176159921004,4.056756517994943,579.6117553710938
-11.875,14.375,2012-09-28,2012-09-28_008_022,28.518171310424805,4.020921230316162,3.159947633743286,True,True,forte,exceptionelle,Tambacounda,Zone soudano-sahélienne,Phase_3_fin,Fin de saison (Septembre-Octobre),2012,9,28,272,28.519729393810483,4.023458857033121,606.5704345703125
-11.625,14.375,2012-09-28,2012-09-28_008_023,25.170978546142578,3.9826037883758545,2.8849594593048096,True,True,forte,exceptionelle,Tambacounda,Zone soudano-sahélienne,Phase_3_fin,Fin de saison (Septembre-Octobre),2012,9,28,272,25.181250941214252,3.9830868238180726,633.5291748046875
-11.375,14.375,2012-09-28,2012-09-28_008_024,21.751169204711914,3.8571743965148926,2.7553603649139404,True,True,forte,exceptionelle,Kédougou,Zone soudano-sahélienne,Phase_3_fin,Fin de saison (Septembre-Octobre),2012,9,28,272,21.770752441942992,3.857502456286445,660.4878540039062
-17.125,14.625,2012-09-28,2012-09-28_009_001,27.030393600463867,2.884462594985962,3.6366350650787354,True,True,forte,très humide,Dakar,Zone soudano-sahélienne,Phase_3_fin,Fin de saison (Septembre-Octobre),2012,9,28,272,27.037462771238395,2.890751324706341,40.39242172241211
-16.875,14.625,2012-09-28,2012-09-28_009_002,20.830760955810547,2.0327417850494385,3.9742271900177,True,True,forte,très humide,Thiès,Zone soudano-sahélienne,Phase_3_fin,Fin de saison (Septembre-Octobre),2012,9,28,272,20.84534582780234,2.0349408723601146,67.3207015991211
-16.625,14.625,2012-09-28,2012-09-28_009_003,18.40114402770996,1.9152964353561401,3.7108206748962402,False,False,modérée,humide,Thiès,Zone soudano-sahélienne,Phase_3_fin,Fin de saison (Septembre-Octobre),2012,9,28,272,18.40409911936851,1.9245843830420144,94.24898529052734
-16.375,14.625,2012-09-28,2012-09-28_009_004,24.423751831054688,2.966078519821167,3.466068983078003,True,True,forte,très humide,Diourbel,Zone soudano-sahélienne,Phase_3_fin,Fin de saison (Septembre-Octobre),2012,9,28,272,24.434659152773754,2.96698759488724,121.17727661132812
-16.125,14.625,2012-09-28,2012-09-28_009_005,25.12814712524414,2.864753246307373,3.586984634399414,True,True,forte,très humide,Diourbel,Zone soudano-sahélienne,Phase_3_fin,Fin de saison (Septembre-Octobre),2012,9,28,272,25.141922054578313,2.8721738903965783,148.10556030273438
-15.875,14.625,2012-09-28,2012-09-28_009_006,23.781396865844727,2.729771375656128,3.663954973220825,True,True,forte,très humide,Diourbel,Zone soudano-sahélienne,Phase_3_fin,Fin de saison (Septembre-Octobre),2012,9,28,272,23.786963352605927,2.730735473297349,175.03384399414062
-15.625,14.625,2012-09-28,2012-09-28_009_007,17.299030303955078,1.636965274810791,4.1749348640441895,False,False,modérée,humide,Kaffrine,Zone soudano-sahélienne,Phase_3_fin,Fin de saison (Septembre-Octobre),2012,9,28,272,17.299864936713597,1.6371390552976024,201.96212768554688
-15.375,14.625,2012-09-28,2012-09-28_009_008,15.978087425231934,1.5737061500549316,3.866361141204834,False,False,modérée,humide,Kaffrine,Zone soudano-sahélienne,Phase_3_fin,Fin de saison (Septembre-Octobre),2012,9,28,272,16.112634637247975,1.5835414127488832,228.89039611816406
-15.125,14.625,2012-09-28,2012-09-28_009_009,20.59027099609375,2.6328988075256348,3.3201591968536377,True,True,forte,très humide,Kaffrine,Zone soudano-sahélienne,Phase_3_fin,Fin de saison (Septembre-Octobre),2012,9,28,272,20.633969062536806,2.6342751464652054,255.81869506835938
-14.875,14.625,2012-09-28,2012-09-28_009_010,23.799087524414062,3.4043054580688477,3.1663849353790283,True,True,forte,exceptionelle,Kaffrine,Zone soudano-sahélienne,Phase_3_fin,Fin de saison (Septembre-Octobre),2012,9,28,272,23.824153344235825,3.4102968330958383,282.7469787597656
-14.625,14.625,2012-09-28,2012-09-28_009_011,20.46363067626953,2.8054428100585938,3.5069260597229004,True,True,forte,très humide,Kaffrine,Zone soudano-sahélienne,Phase_3_fin,Fin de saison (Septembre-Octobre),2012,9,28,272,20.516942120077623,2.8171021578898983,309.6752624511719
-14.375,14.625,2012-09-28,2012-09-28_009_012,20.792469024658203,3.19223952293396,3.1206071376800537,True,True,forte,exceptionelle,Tambacounda,Zone soudano-sahélienne,Phase_3_fin,Fin de saison (Septembre-Octobre),2012,9,28,272,20.814886160232316,3.1926147176991755,336.6035461425781
-14.125,14.625,2012-09-28,2012-09-28_009_013,27.365951538085938,4.753487586975098,2.788187026977539,True,True,forte,exceptionelle,Tambacounda,Zone soudano-sahélienne,Phase_3_fin,Fin de saison (Septembre-Octobre),2012,9,28,272,27.366033477399817,4.754614302860432,363.53179931640625
-13.875,14.625,2012-09-28,2012-09-28_009_014,25.965229034423828,4.95048189163208,2.3566479682922363,True,True,forte,exceptionelle,Tambacounda,Zone soudano-sahélienne,Phase_3_fin,Fin de saison (Septembre-Octobre),2012,9,28,272,25.975158595559584,4.951408870256126,390.4601135253906
-13.625,14.625,2012-09-28,2012-09-28_009_015,24.53814125061035,5.073461055755615,2.219635248184204,True,True,forte,exceptionelle,Tambacounda,Zone soudano-sahélienne,Phase_3_fin,Fin de saison (Septembre-Octobre),2012,9,28,272,24.544575485152816,5.073486872054824,417.38836669921875
-13.375,14.625,2012-09-28,2012-09-28_009_016,21.63448715209961,4.580373764038086,2.4011425971984863,True,True,forte,exceptionelle,Tambacounda,Zone soudano-sahélienne,Phase_3_fin,Fin de saison (Septembre-Octobre),2012,9,28,272,21.635857701900616,4.5804625060690105,444.3166809082031
-13.125,14.625,2012-09-28,2012-09-28_009_017,22.325239181518555,4.359585762023926,2.398040533065796,True,True,forte,exceptionelle,Tambacounda,Zone soudano-sahélienne,Phase_3_fin,Fin de saison (Septembre-Octobre),2012,9,28,272,22.35648536682129,4.360747768651301,471.24493408203125
-12.875,14.625,2012-09-28,2012-09-28_009_018,28.019880294799805,4.703172206878662,2.461841106414795,True,True,forte,exceptionelle,Tambacounda,Zone soudano-sahélienne,Phase_3_fin,Fin de saison (Septembre-Octobre),2012,9,28,272,28.030072236180906,4.703378984077492,498.1732177734375
-12.625,14.625,2012-09-28,2012-09-28_009_019,23.795072555541992,3.8062877655029297,2.6668405532836914,True,True,forte,exceptionelle,Tambacounda,Zone soudano-sahélienne,Phase_3_fin,Fin de saison (Septembre-Octobre),2012,9,28,272,23.796696701241498,3.8096497909507567,525.1015014648438
-12.375,14.625,2012-09-28,2012-09-28_009_020,20.376834869384766,3.547286033630371,2.3979504108428955,True,True,forte,exceptionelle,Tambacounda,Zone soudano-sahélienne,Phase_3_fin,Fin de saison (Septembre-Octobre),2012,9,28,272,20.389086143455312,3.5556324073417693,552.02978515625
-12.125,14.625,2012-09-28,2012-09-28_009_021,19.23377799987793,3.757408857345581,2.105013847351074,True,False,modérée,exceptionelle,Tambacounda,Zone soudano-sahélienne,Phase_3_fin,Fin de saison (Septembre-Octobre),2012,9,28,272,19.263303871729864,3.7574539861487386,578.9580688476562
-11.875,14.625,2012-09-28,2012-09-28_009_022,23.249675750732422,3.7398741245269775,2.763197422027588,True,True,forte,exceptionelle,Tambacounda,Zone soudano-sahélienne,Phase_3_fin,Fin de saison (Septembre-Octobre),2012,9,28,272,23.29086261538405,3.741874592987137,605.8863525390625
-11.625,14.625,2012-09-28,2012-09-28_009_023,20.988256454467773,3.798970937728882,2.571547508239746,True,True,forte,exceptionelle,Tambacounda,Zone soudano-sahélienne,Phase_3_fin,Fin de saison (Septembre-Octobre),2012,9,28,272,20.99686108881505,3.7991805939219105,632.8146362304688
-11.375,14.625,2012-09-28,2012-09-28_009_024,17.90424156188965,3.6165878772735596,2.3095271587371826,True,False,modérée,exceptionelle,Matam,Zone soudano-sahélienne,Phase_3_fin,Fin de saison (Septembre-Octobre),2012,9,28,272,17.93979410909528,3.6211195794781244,659.742919921875
-17.125,14.875,2012-09-28,2012-09-28_010_001,28.613981246948242,2.940171957015991,3.866013526916504,True,True,forte,très humide,Thiès,Zone soudano-sahélienne,Phase_3_fin,Fin de saison (Septembre-Octobre),2012,9,28,272,28.631976348071834,2.9538412489483705,40.346046447753906
-16.875,14.875,2012-09-28,2012-09-28_010_002,20.788236618041992,2.206503391265869,3.7469322681427,True,True,forte,très humide,Thiès,Zone soudano-sahélienne,Phase_3_fin,Fin de saison (Septembre-Octobre),2012,9,28,272,20.790725017911825,2.2089088070931746,67.24341583251953
-16.625,14.875,2012-09-28,2012-09-28_010_003,21.788461685180664,2.481417179107666,3.644289493560791,True,True,forte,très humide,Thiès,Zone soudano-sahélienne,Phase_3_fin,Fin de saison (Septembre-Octobre),2012,9,28,272,21.81645297524917,2.4833338152823137,94.14077758789062
-16.375,14.875,2012-09-28,2012-09-28_010_004,26.81918716430664,3.128763198852539,3.622652530670166,True,True,forte,exceptionelle,Diourbel,Zone soudano-sahélienne,Phase_3_fin,Fin de saison (Septembre-Octobre),2012,9,28,272,26.824685714951713,3.128966671737594,121.03814697265625
-16.125,14.875,2012-09-28,2012-09-28_010_005,30.434640884399414,3.271474838256836,3.8146588802337646,True,True,forte,exceptionelle,Diourbel,Zone soudano-sahélienne,Phase_3_fin,Fin de saison (Septembre-Octobre),2012,9,28,272,30.46713819455861,3.2774018270885525,147.93551635742188
-15.875,14.875,2012-09-28,2012-09-28_010_006,28.0053653717041,2.9285104274749756,3.8795669078826904,True,True,forte,très humide,Diourbel,Zone soudano-sahélienne,Phase_3_fin,Fin de saison (Septembre-Octobre),2012,9,28,272,28.007808838657397,2.9346927961512423,174.8328857421875
-15.625,14.875,2012-09-28,2012-09-28_010_007,18.421436309814453,1.938145637512207,3.5345537662506104,False,False,modérée,humide,Diourbel,Zone soudano-sahélienne,Phase_3_fin,Fin de saison (Septembre-Octobre),2012,9,28,272,18.447287041937287,1.9487883852953887,201.73025512695312
-15.375,14.875,2012-09-28,2012-09-28_010_008,16.186262130737305,1.836658000946045,3.335700511932373,False,False,modérée,humide,Kaffrine,Zone soudano-sahélienne,Phase_3_fin,Fin de saison (Septembre-Octobre),2012,9,28,272,16.234847691789945,1.8753327754274685,228.6276092529297
-15.125,14.875,2012-09-28,2012-09-28_010_009,22.703279495239258,3.048093557357788,3.0249199867248535,True,True,forte,exceptionelle,Kaffrine,Zone soudano-sahélienne,Phase_3_fin,Fin de saison (Septembre-Octobre),2012,9,28,272,22.71727678883615,3.0495916970411137,255.52499389648438
-14.875,14.875,2012-09-28,2012-09-28_010_010,23.010679244995117,3.49426531791687,3.040393114089966,True,True,forte,exceptionelle,Kaffrine,Zone soudano-sahélienne,Phase_3_fin,Fin de saison (Septembre-Octobre),2012,9,28,272,23.033153313488217,3.4949483296379973,282.4223327636719
-14.625,14.875,2012-09-28,2012-09-28_010_011,22.834117889404297,3.300034523010254,3.20169997215271,True,True,forte,exceptionelle,Kaffrine,Zone soudano-sahélienne,Phase_3_fin,Fin de saison (Septembre-Octobre),2012,9,28,272,22.83512489280509,3.300341262290226,309.3197326660156
-14.375,14.875,2012-09-28,2012-09-28_010_012,22.57912826538086,3.379242181777954,2.8734130859375,True,True,forte,exceptionelle,Tambacounda,Zone soudano-sahélienne,Phase_3_fin,Fin de saison (Septembre-Octobre),2012,9,28,272,22.58080548617109,3.3820702813977572,336.2170715332031
-14.125,14.875,2012-09-28,2012-09-28_010_013,22.151201248168945,3.709610939025879,2.6254851818084717,True,True,forte,exceptionelle,Matam,Zone soudano-sahélienne,Phase_3_fin,Fin de saison (Septembre-Octobre),2012,9,28,272,22.238657496083324,3.7171387163238903,363.11444091796875
-13.875,14.875,2012-09-28,2012-09-28_010_014,25.225374221801758,4.4847588539123535,2.361358880996704,True,True,forte,exceptionelle,Matam,Zone soudano-sahélienne,Phase_3_fin,Fin de saison (Septembre-Octobre),2012,9,28,272,25.237186125175437,4.485499868440868,390.0118103027344
-13.625,14.875,2012-09-28,2012-09-28_010_015,27.394031524658203,4.900865077972412,2.179903268814087,True,True,forte,exceptionelle,Matam,Zone soudano-sahélienne,Phase_3_fin,Fin de saison (Septembre-Octobre),2012,9,28,272,27.39472752959285,4.901363739416229,416.9091796875
-13.375,14.875,2012-09-28,2012-09-28_010_016,23.362749099731445,4.876364231109619,2.046544313430786,True,True,forte,exceptionelle,Matam,Zone soudano-sahélienne,Phase_3_fin,Fin de saison (Septembre-Octobre),2012,9,28,272,23.41607099561835,4.876506556218593,443.8065490722656
-13.125,14.875,2012-09-28,2012-09-28_010_017,20.11667251586914,4.809541702270508,1.7230569124221802,True,True,forte,exceptionelle,Matam,Zone soudano-sahélienne,Phase_3_fin,Fin de saison (Septembre-Octobre),2012,9,28,272,20.131467814421534,4.8107169728782315,470.7038879394531
-12.875,14.875,2012-09-28,2012-09-28_010_018,18.837596893310547,4.6766180992126465,1.6788138151168823,True,False,modérée,exceptionelle,Matam,Zone soudano-sahélienne,Phase_3_fin,Fin de saison (Septembre-Octobre),2012,9,28,272,18.961086206100696,4.677418725574436,497.60125732421875
-12.625,14.875,2012-09-28,2012-09-28_010_019,19.01982307434082,4.405948162078857,1.6933364868164062,True,False,modérée,exceptionelle,Matam,Zone soudano-sahélienne,Phase_3_fin,Fin de saison (Septembre-Octobre),2012,9,28,272,19.09001394492298,4.40770032058409,524.4986572265625
-12.375,14.875,2012-09-28,2012-09-28_010_020,17.68396759033203,3.49678897857666,2.1038403511047363,True,False,modérée,exceptionelle,Matam,Zone soudano-sahélienne,Phase_3_fin,Fin de saison (Septembre-Octobre),2012,9,28,272,17.851663603854536,3.498714346382486,551.39599609375
-12.125,14.875,2012-09-28,2012-09-28_010_021,15.240992546081543,3.2080109119415283,2.025303602218628,True,False,modérée,exceptionelle,Matam,Zone soudano-sahélienne,Phase_3_fin,Fin de saison (Septembre-Octobre),2012,9,28,272,15.261701789932633,3.2081537078972437,578.2933349609375
-11.875,14.875,2012-09-28,2012-09-28_010_022,15.634664535522461,2.7836949825286865,2.3834502696990967,True,False,modérée,très humide,Matam,Zone soudano-sahélienne,Phase_3_fin,Fin de saison (Septembre-Octobre),2012,9,28,272,15.643106000507297,2.7862540076126407,605.1907348632812
-11.625,14.875,2012-09-28,2012-09-28_010_023,15.691080093383789,2.8498330116271973,2.387596607208252,True,False,modérée,très humide,Matam,Zone soudano-sahélienne,Phase_3_fin,Fin de saison (Septembre-Octobre),2012,9,28,272,15.7795015651377,2.856135509720999,632.088134765625
-11.375,14.875,2012-09-28,2012-09-28_010_024,18.587034225463867,3.2269792556762695,2.5914249420166016,True,False,modérée,exceptionelle,Matam,Zone soudano-sahélienne,Phase_3_fin,Fin de saison (Septembre-Octobre),2012,9,28,272,18.597830499236906,3.2270877990291345,658.9854736328125
-16.875,15.125,2012-09-28,2012-09-28_011_002,22.548124313354492,3.051222801208496,2.954454183578491,True,True,forte,exceptionelle,Thiès,Zone soudano-sahélienne,Phase_3_fin,Fin de saison (Septembre-Octobre),2012,9,28,272,22.560721785578895,3.0522850482308086,67.16484069824219
-16.625,15.125,2012-09-28,2012-09-28_011_003,20.9869384765625,2.8254635334014893,3.010057210922241,True,True,forte,très humide,Thiès,Zone soudano-sahélienne,Phase_3_fin,Fin de saison (Septembre-Octobre),2012,9,28,272,20.987696810583373,2.826313214086408,94.03077697753906
-16.375,15.125,2012-09-28,2012-09-28_011_004,23.911148071289062,3.1004247665405273,3.174234390258789,True,True,forte,exceptionelle,Louga,Zone soudano-sahélienne,Phase_3_fin,Fin de saison (Septembre-Octobre),2012,9,28,272,23.92335193959912,3.1135971534192266,120.89671325683594
-16.125,15.125,2012-09-28,2012-09-28_011_005,32.0253791809082,3.4374146461486816,3.8534915447235107,True,True,forte,exceptionelle,Louga,Zone soudano-sahélienne,Phase_3_fin,Fin de saison (Septembre-Octobre),2012,9,28,272,32.03880012933932,3.4374777851392277,147.7626495361328
-15.875,15.125,2012-09-28,2012-09-28_011_006,24.565052032470703,2.4887404441833496,3.8789782524108887,True,True,forte,très humide,Louga,Zone soudano-sahélienne,Phase_3_fin,Fin de saison (Septembre-Octobre),2012,9,28,272,24.57001957342253,2.4945894659464085,174.62860107421875
-15.625,15.125,2012-09-28,2012-09-28_011_007,21.842021942138672,2.2093358039855957,4.117036819458008,True,True,forte,très humide,Louga,Zone soudano-sahélienne,Phase_3_fin,Fin de saison (Septembre-Octobre),2012,9,28,272,21.843651819468743,2.252014224852749,201.49453735351562
-15.375,15.125,2012-09-28,2012-09-28_011_008,18.344968795776367,1.9495937824249268,3.7524569034576416,False,False,modérée,humide,Louga,Zone soudano-sahélienne,Phase_3_fin,Fin de saison (Septembre-Octobre),2012,9,28,272,18.365055213621513,1.9645160703203786,228.36045837402344
-15.125,15.125,2012-09-28,2012-09-28_011_009,20.551671981811523,2.595947027206421,3.217291831970215,True,True,forte,très humide,Kaffrine,Zone soudano-sahélienne,Phase_3_fin,Fin de saison (Septembre-Octobre),2012,9,28,272,20.574947769318392,2.600787540177005,255.22640991210938
-14.875,15.125,2012-09-28,2012-09-28_011_010,20.155675888061523,2.575516700744629,3.0612096786499023,True,True,forte,très humide,Kaffrine,Zone soudano-sahélienne,Phase_3_fin,Fin de saison (Septembre-Octobre),2012,9,28,272,20.193075438839706,2.576205259591491,282.09234619140625
-14.625,15.125,2012-09-28,2012-09-28_011_011,18.310009002685547,2.565488576889038,2.977630853652954,True,False,modérée,très humide,Kaffrine,Zone soudano-sahélienne,Phase_3_fin,Fin de saison (Septembre-Octobre),2012,9,28,272,18.335833573461176,2.572719912433145,308.9582824707031
-14.375,15.125,2012-09-28,2012-09-28_011_012,17.064403533935547,2.4980103969573975,2.8322651386260986,True,False,modérée,très humide,Matam,Zone soudano-sahélienne,Phase_3_fin,Fin de saison (Septembre-Octobre),2012,9,28,272,17.136598443266138,2.4993524791008266,335.82421875
-14.125,15.125,2012-09-28,2012-09-28_011_013,18.4570369720459,2.613774061203003,2.996295928955078,True,False,modérée,très humide,Matam,Zone soudano-sahélienne,Phase_3_fin,Fin de saison (Septembre-Octobre),2012,9,28,272,18.502679920675767,2.6145547376805216,362.69012451171875
-13.875,15.125,2012-09-28,2012-09-28_011_014,23.889902114868164,3.3721413612365723,2.956348419189453,True,True,forte,exceptionelle,Matam,Zone soudano-sahélienne,Phase_3_fin,Fin de saison (Septembre-Octobre),2012,9,28,272,23.89833643927646,3.3747283435946134,389.55609130859375
-13.625,15.125,2012-09-28,2012-09-28_011_015,23.226816177368164,3.826775550842285,2.6336042881011963,True,True,forte,exceptionelle,Matam,Zone soudano-sahélienne,Phase_3_fin,Fin de saison (Septembre-Octobre),2012,9,28,272,23.236752625086798,3.8287336826324463,416.4220275878906
-13.375,15.125,2012-09-28,2012-09-28_011_016,19.873598098754883,4.3512864112854,1.9347018003463745,True,False,modérée,exceptionelle,Matam,Zone soudano-sahélienne,Phase_3_fin,Fin de saison (Septembre-Octobre),2012,9,28,272,19.8922645242969,4.3516069045617956,443.2879638671875
-13.125,15.125,2012-09-28,2012-09-28_011_017,21.379236221313477,5.078598499298096,1.7905986309051514,True,True,forte,exceptionelle,Matam,Zone soudano-sahélienne,Phase_3_fin,Fin de saison (Septembre-Octobre),2012,9,28,272,21.51584036266384,5.078600695384806,470.1539001464844
-12.875,15.125,2012-09-28,2012-09-28_011_018,19.840524673461914,4.535111427307129,1.8634568452835083,True,False,modérée,exceptionelle,Matam,Zone soudano-sahélienne,Phase_3_fin,Fin de saison (Septembre-Octobre),2012,9,28,272,19.86221352773695,4.536835732771523,497.0198059082031
-12.625,15.125,2012-09-28,2012-09-28_011_019,19.344390869140625,4.3555192947387695,1.8334393501281738,True,False,modérée,exceptionelle,Matam,Zone soudano-sahélienne,Phase_3_fin,Fin de saison (Septembre-Octobre),2012,9,28,272,19.443881394276072,4.355856464136785,523.8857421875
-12.375,15.125,2012-09-28,2012-09-28_011_020,18.69348907470703,4.090826511383057,1.9889194965362549,True,False,modérée,exceptionelle,Matam,Zone soudano-sahélienne,Phase_3_fin,Fin de saison (Septembre-Octobre),2012,9,28,272,18.72337652810255,4.091657746377303,550.751708984375
-12.125,15.125,2012-09-28,2012-09-28_011_021,16.729393005371094,3.5926260948181152,2.0299723148345947,True,False,modérée,exceptionelle,Matam,Zone soudano-sahélienne,Phase_3_fin,Fin de saison (Septembre-Octobre),2012,9,28,272,16.760466024504236,3.5938352040909045,577.6176147460938
-11.875,15.125,2012-09-28,2012-09-28_011_022,12.386466979980469,3.0168066024780273,1.7422521114349365,True,False,modérée,exceptionelle,Matam,Zone soudano-sahélienne,Phase_3_fin,Fin de saison (Septembre-Octobre),2012,9,28,272,12.5358905313003,3.0290270953921214,604.4835815429688
-11.625,15.125,2012-09-28,2012-09-28_011_023,9.971619606018066,2.5358784198760986,1.639133334159851,True,False,modérée,très humide,Matam,Zone soudano-sahélienne,Phase_3_fin,Fin de saison (Septembre-Octobre),2012,9,28,272,9.989194934691616,2.536105015170035,631.3495483398438
-11.375,15.125,2012-09-28,2012-09-28_011_024,12.3197021484375,2.895982027053833,1.8484654426574707,True,False,modérée,très humide,Matam,Zone soudano-sahélienne,Phase_3_fin,Fin de saison (Septembre-Octobre),2012,9,28,272,12.38327971415304,2.8982207343805975,658.2154541015625
-16.625,15.375,2012-09-28,2012-09-28_012_003,28.978221893310547,3.5752007961273193,3.433701276779175,True,True,forte,exceptionelle,Louga,Zone soudano-sahélienne,Phase_3_fin,Fin de saison (Septembre-Octobre),2012,9,28,272,28.982297212035213,3.5756525562037176,93.91899108886719
-16.375,15.375,2012-09-28,2012-09-28_012_004,24.356985092163086,2.860645055770874,3.3013858795166016,True,True,forte,très humide,Louga,Zone soudano-sahélienne,Phase_3_fin,Fin de saison (Septembre-Octobre),2012,9,28,272,24.36665308775015,2.8608858345741,120.75298309326172
-16.125,15.375,2012-09-28,2012-09-28_012_005,29.64025115966797,3.4385838508605957,3.4397733211517334,True,True,forte,exceptionelle,Louga,Zone soudano-sahélienne,Phase_3_fin,Fin de saison (Septembre-Octobre),2012,9,28,272,29.65143145268886,3.4395186937035027,147.5869903564453
-15.875,15.375,2012-09-28,2012-09-28_012_006,23.54505157470703,2.526366949081421,3.579012393951416,True,True,forte,très humide,Louga,Zone soudano-sahélienne,Phase_3_fin,Fin de saison (Septembre-Octobre),2012,9,28,272,23.55553656247393,2.5328217247622695,174.42098999023438
-15.625,15.375,2012-09-28,2012-09-28_012_007,24.556175231933594,2.4591007232666016,3.8972373008728027,True,True,forte,très humide,Louga,Zone soudano-sahélienne,Phase_3_fin,Fin de saison (Septembre-Octobre),2012,9,28,272,24.559320028103777,2.461270083135097,201.25497436523438
-15.375,15.375,2012-09-28,2012-09-28_012_008,26.375324249267578,2.787818431854248,3.866828680038452,True,True,forte,très humide,Louga,Zone soudano-sahélienne,Phase_3_fin,Fin de saison (Septembre-Octobre),2012,9,28,272,26.377867569276436,2.789023281940863,228.08895874023438
-15.125,15.375,2012-09-28,2012-09-28_012_009,23.570039749145508,2.8811755180358887,3.315960168838501,True,True,forte,très humide,Louga,Zone soudano-sahélienne,Phase_3_fin,Fin de saison (Septembre-Octobre),2012,9,28,272,23.597160070984806,2.8812858555185135,254.9229736328125
-14.875,15.375,2012-09-28,2012-09-28_012_010,20.214509963989258,2.727280616760254,2.790529251098633,True,True,forte,très humide,Louga,Zone soudano-sahélienne,Phase_3_fin,Fin de saison (Septembre-Octobre),2012,9,28,272,20.2270600496225,2.7285939652716094,281.7569580078125
-14.625,15.375,2012-09-28,2012-09-28_012_011,19.902172088623047,3.041621685028076,2.710864305496216,True,False,modérée,exceptionelle,Matam,Zone soudano-sahélienne,Phase_3_fin,Fin de saison (Septembre-Octobre),2012,9,28,272,19.94268160010103,3.043208240863666,308.5909729003906
-14.375,15.375,2012-09-28,2012-09-28_012_012,17.525375366210938,2.5504133701324463,2.6163082122802734,True,False,modérée,très humide,Matam,Zone soudano-sahélienne,Phase_3_fin,Fin de saison (Septembre-Octobre),2012,9,28,272,17.583096384403095,2.5520703313338697,335.4249572753906
-14.125,15.375,2012-09-28,2012-09-28_012_013,17.97028350830078,2.496372938156128,2.857952833175659,True,False,modérée,très humide,Matam,Zone soudano-sahélienne,Phase_3_fin,Fin de saison (Septembre-Octobre),2012,9,28,272,17.99136881612653,2.497623660456595,362.2589416503906
-13.875,15.375,2012-09-28,2012-09-28_012_014,21.30978775024414,3.00386643409729,2.879002332687378,True,True,forte,exceptionelle,Matam,Zone soudano-sahélienne,Phase_3_fin,Fin de saison (Septembre-Octobre),2012,9,28,272,21.315822639657025,3.004927396774292,389.09295654296875
-13.625,15.375,2012-09-28,2012-09-28_012_015,15.685942649841309,2.927795648574829,2.23014235496521,True,False,modérée,très humide,Matam,Zone soudano-sahélienne,Phase_3_fin,Fin de saison (Septembre-Octobre),2012,9,28,272,15.690344328856348,2.9281763850744045,415.92694091796875
-13.375,15.375,2012-09-28,2012-09-28_012_016,19.12104034423828,4.188526630401611,2.0078213214874268,True,False,modérée,exceptionelle,Matam,Zone soudano-sahélienne,Phase_3_fin,Fin de saison (Septembre-Octobre),2012,9,28,272,19.163327533396046,4.189313186472984,442.7609558105469
-13.125,15.375,2012-09-28,2012-09-28_012_017,18.07929039001465,4.246259689331055,2.016878366470337,True,False,modérée,exceptionelle,Matam,Zone soudano-sahélienne,Phase_3_fin,Fin de saison (Septembre-Octobre),2012,9,28,272,18.133073212513374,4.246678887899198,469.5949401855469
-12.875,15.375,2012-09-28,2012-09-28_012_018,18.40518569946289,4.374038219451904,1.915814995765686,True,False,modérée,exceptionelle,Matam,Zone soudano-sahélienne,Phase_3_fin,Fin de saison (Septembre-Octobre),2012,9,28,272,18.41702659645272,4.374487917626922,496.4289245605469
-12.625,15.375,2012-09-28,2012-09-28_012_019,20.663040161132812,4.354930877685547,1.9575194120407104,True,True,forte,exceptionelle,Matam,Zone soudano-sahélienne,Phase_3_fin,Fin de saison (Septembre-Octobre),2012,9,28,272,20.702565658032594,4.354981144468988,523.262939453125
-12.375,15.375,2012-09-28,2012-09-28_012_020,16.984054565429688,3.9125049114227295,1.8948495388031006,True,False,modérée,exceptionelle,Matam,Zone soudano-sahélienne,Phase_3_fin,Fin de saison (Septembre-Octobre),2012,9,28,272,16.996076037536316,3.915146078895684,550.096923828125
-12.125,15.375,2012-09-28,2012-09-28_012_021,13.573058128356934,3.709066152572632,1.6280444860458374,True,False,modérée,exceptionelle,Matam,Zone soudano-sahélienne,Phase_3_fin,Fin de saison (Septembre-Octobre),2012,9,28,272,13.777108441645177,3.7092030335910358,576.930908203125
-11.875,15.375,2012-09-28,2012-09-28_012_022,10.128676414489746,3.330288887023926,1.3063381910324097,True,False,modérée,exceptionelle,Matam,Zone soudano-sahélienne,Phase_3_fin,Fin de saison (Septembre-Octobre),2012,9,28,272,10.269023106924852,3.330804611570272,603.764892578125
-11.625,15.375,2012-09-28,2012-09-28_012_023,9.233241081237793,2.9014532566070557,1.3209691047668457,True,False,modérée,très humide,Matam,Zone soudano-sahélienne,Phase_3_fin,Fin de saison (Septembre-Octobre),2012,9,28,272,9.409081042112417,2.9039953377977685,630.5989379882812
-11.375,15.375,2012-09-28,2012-09-28_012_024,9.484003067016602,2.4456052780151367,1.7055689096450806,True,False,modérée,très humide,Matam,Zone soudano-sahélienne,Phase_3_fin,Fin de saison (Septembre-Octobre),2012,9,28,272,9.623905975015917,2.451136519561461,657.4329223632812
-16.625,15.625,2012-09-28,2012-09-28_013_003,34.34512710571289,4.6560564041137695,2.9322707653045654,True,True,forte,exceptionelle,Saint-Louis,Zone sahélienne,Phase_3_fin,Fin de saison (Septembre-Octobre),2012,9,28,272,34.356874533035054,4.656728017270265,93.80541229248047
-16.375,15.625,2012-09-28,2012-09-28_013_004,31.888315200805664,4.185795783996582,2.9919040203094482,True,True,forte,exceptionelle,Saint-Louis,Zone sahélienne,Phase_3_fin,Fin de saison (Septembre-Octobre),2012,9,28,272,31.893028843941998,4.186118270883608,120.6069564819336
-16.125,15.625,2012-09-28,2012-09-28_013_005,25.687694549560547,3.6818082332611084,2.8205926418304443,True,True,forte,exceptionelle,Saint-Louis,Zone sahélienne,Phase_3_fin,Fin de saison (Septembre-Octobre),2012,9,28,272,25.700063096818013,3.688725443940667,147.40850830078125
-15.875,15.625,2012-09-28,2012-09-28_013_006,23.344980239868164,3.6781625747680664,2.7538087368011475,True,True,forte,exceptionelle,Saint-Louis,Zone sahélienne,Phase_3_fin,Fin de saison (Septembre-Octobre),2012,9,28,272,23.35261459925666,3.679096889256233,174.21005249023438
-15.625,15.625,2012-09-28,2012-09-28_013_007,21.94904136657715,3.0161356925964355,3.0346245765686035,True,True,forte,exceptionelle,Saint-Louis,Zone sahélienne,Phase_3_fin,Fin de saison (Septembre-Octobre),2012,9,28,272,21.96378189355285,3.016467776130791,201.0115966796875
-15.375,15.625,2012-09-28,2012-09-28_013_008,27.635292053222656,2.8956363201141357,3.6906962394714355,True,True,forte,très humide,Louga,Zone sahélienne,Phase_3_fin,Fin de saison (Septembre-Octobre),2012,9,28,272,27.646215467596775,2.8958300202336145,227.81312561035156
-15.125,15.625,2012-09-28,2012-09-28_013_009,20.0137882232666,2.5394322872161865,2.9986581802368164,True,True,forte,très humide,Louga,Zone sahélienne,Phase_3_fin,Fin de saison (Septembre-Octobre),2012,9,28,272,20.07996505468934,2.5474611694489293,254.6147003173828
-14.875,15.625,2012-09-28,2012-09-28_013_010,18.18256187438965,2.704620599746704,2.6820626258850098,True,False,modérée,très humide,Louga,Zone sahélienne,Phase_3_fin,Fin de saison (Septembre-Octobre),2012,9,28,272,18.20451647312797,2.705904696454954,281.4162292480469
-14.625,15.625,2012-09-28,2012-09-28_013_011,16.51251792907715,2.2010886669158936,2.789733648300171,True,False,modérée,très humide,Matam,Zone sahélienne,Phase_3_fin,Fin de saison (Septembre-Octobre),2012,9,28,272,16.548731022743723,2.205700705997908,308.2177734375
-14.375,15.625,2012-09-28,2012-09-28_013_012,17.155332565307617,2.7466039657592773,2.3143510818481445,True,False,modérée,très humide,Matam,Zone sahélienne,Phase_3_fin,Fin de saison (Septembre-Octobre),2012,9,28,272,17.165656616939373,2.747644937218134,335.0193176269531
-14.125,15.625,2012-09-28,2012-09-28_013_013,16.767681121826172,2.6174020767211914,2.400578498840332,True,False,modérée,très humide,Matam,Zone sahélienne,Phase_3_fin,Fin de saison (Septembre-Octobre),2012,9,28,272,16.93984828163032,2.6232741681774656,361.82086181640625
-13.875,15.625,2012-09-28,2012-09-28_013_014,22.973011016845703,3.8497235774993896,2.3425631523132324,True,True,forte,exceptionelle,Matam,Zone sahélienne,Phase_3_fin,Fin de saison (Septembre-Octobre),2012,9,28,272,22.989952255134007,3.8512586708643926,388.6224060058594
-13.625,15.625,2012-09-28,2012-09-28_013_015,15.679346084594727,3.4413604736328125,1.805200219154358,True,False,modérée,exceptionelle,Matam,Zone sahélienne,Phase_3_fin,Fin de saison (Septembre-Octobre),2012,9,28,272,15.685014489907116,3.441779630867081,415.4239501953125
-13.375,15.625,2012-09-28,2012-09-28_013_016,20.272117614746094,4.096630573272705,1.9998466968536377,True,True,forte,exceptionelle,Matam,Zone sahélienne,Phase_3_fin,Fin de saison (Septembre-Octobre),2012,9,28,272,20.27575978801478,4.097460174081314,442.22552490234375
-13.125,15.625,2012-09-28,2012-09-28_013_017,21.21792984008789,4.1264424324035645,2.07924222946167,True,True,forte,exceptionelle,Matam,Zone sahélienne,Phase_3_fin,Fin de saison (Septembre-Octobre),2012,9,28,272,21.224207902074458,4.127081010808897,469.02703857421875
-12.875,15.625,2012-09-28,2012-09-28_013_018,16.461854934692383,3.5885236263275146,1.95741605758667,True,False,modérée,exceptionelle,Matam,Zone sahélienne,Phase_3_fin,Fin de saison (Septembre-Octobre),2012,9,28,272,16.465999967488813,3.5891411544090537,495.8285827636719
-12.625,15.625,2012-09-28,2012-09-28_013_019,20.78083038330078,3.980426549911499,2.259519100189209,True,True,forte,exceptionelle,Matam,Zone sahélienne,Phase_3_fin,Fin de saison (Septembre-Octobre),2012,9,28,272,20.785203411351496,3.980820422196508,522.630126953125
-12.375,15.625,2012-09-28,2012-09-28_013_020,19.683849334716797,3.7526867389678955,2.272597074508667,True,False,modérée,exceptionelle,Matam,Zone sahélienne,Phase_3_fin,Fin de saison (Septembre-Octobre),2012,9,28,272,19.751215580120757,3.753825742395679,549.4317016601562
-12.125,15.625,2012-09-28,2012-09-28_013_021,16.24433135986328,4.102526664733887,1.7036049365997314,True,False,modérée,exceptionelle,Matam,Zone sahélienne,Phase_3_fin,Fin de saison (Septembre-Octobre),2012,9,28,272,16.420906603635853,4.102772978682014,576.2332153320312
-11.875,15.625,2012-09-28,2012-09-28_013_022,11.100212097167969,3.7575979232788086,1.3362723588943481,True,False,modérée,exceptionelle,Matam,Zone sahélienne,Phase_3_fin,Fin de saison (Septembre-Octobre),2012,9,28,272,11.684093944990456,3.760245784443227,603.0347900390625
-11.625,15.625,2012-09-28,2012-09-28_013_023,9.768749237060547,3.1606199741363525,1.1760456562042236,True,False,modérée,exceptionelle,Matam,Zone sahélienne,Phase_3_fin,Fin de saison (Septembre-Octobre),2012,9,28,272,9.96856125874735,3.1649832072569497,629.8363037109375
-11.375,15.625,2012-09-28,2012-09-28_013_024,10.767782211303711,2.629782199859619,1.7479575872421265,True,False,modérée,très humide,Matam,Zone sahélienne,Phase_3_fin,Fin de saison (Septembre-Octobre),2012,9,28,272,11.091024336503379,2.6319278041322027,656.6378784179688
-16.375,15.875,2012-09-28,2012-09-28_014_004,31.16814613342285,4.3218512535095215,2.5042550563812256,True,True,forte,exceptionelle,Saint-Louis,Zone sahélienne,Phase_3_fin,Fin de saison (Septembre-Octobre),2012,9,28,272,31.18999540626104,4.322847661061503,120.45863342285156
-16.125,15.875,2012-09-28,2012-09-28_014_005,24.10565185546875,4.0473313331604,2.4977898597717285,True,True,forte,exceptionelle,Saint-Louis,Zone sahélienne,Phase_3_fin,Fin de saison (Septembre-Octobre),2012,9,28,272,24.13064555067513,4.048584700828821,147.2272186279297
-15.875,15.875,2012-09-28,2012-09-28_014_006,22.545942306518555,4.1098952293396,2.3250811100006104,True,True,forte,exceptionelle,Saint-Louis,Zone sahélienne,Phase_3_fin,Fin de saison (Septembre-Octobre),2012,9,28,272,22.547000415361108,4.1120987513556555,173.9958038330078
-15.625,15.875,2012-09-28,2012-09-28_014_007,20.729137420654297,3.7793965339660645,2.169417381286621,True,True,forte,exceptionelle,Saint-Louis,Zone sahélienne,Phase_3_fin,Fin de saison (Septembre-Octobre),2012,9,28,272,20.733830475926997,3.783921270514253,200.76438903808594
-15.375,15.875,2012-09-28,2012-09-28_014_008,17.168376922607422,2.6148877143859863,2.5018959045410156,True,False,modérée,très humide,Louga,Zone sahélienne,Phase_3_fin,Fin de saison (Septembre-Octobre),2012,9,28,272,17.182422657108788,2.6166439775246473,227.53297424316406
-15.125,15.875,2012-09-28,2012-09-28_014_009,15.424358367919922,2.610529899597168,2.309614419937134,True,False,modérée,très humide,Louga,Zone sahélienne,Phase_3_fin,Fin de saison (Septembre-Octobre),2012,9,28,272,15.438364814873317,2.6128122243449914,254.30157470703125
-14.875,15.875,2012-09-28,2012-09-28_014_010,14.668096542358398,2.780228853225708,2.1104280948638916,True,False,modérée,très humide,Louga,Zone sahélienne,Phase_3_fin,Fin de saison (Septembre-Octobre),2012,9,28,272,14.671903284350831,2.782388652389373,281.07012939453125
-14.625,15.875,2012-09-28,2012-09-28_014_011,17.507177352905273,2.978846311569214,2.325514078140259,True,False,modérée,très humide,Matam,Zone sahélienne,Phase_3_fin,Fin de saison (Septembre-Octobre),2012,9,28,272,17.521168790270934,2.9816327238801734,307.8387451171875
-14.375,15.875,2012-09-28,2012-09-28_014_012,20.450380325317383,3.1989591121673584,2.611656427383423,True,True,forte,exceptionelle,Matam,Zone sahélienne,Phase_3_fin,Fin de saison (Septembre-Octobre),2012,9,28,272,20.458437071373716,3.199163996993597,334.6073303222656
-14.125,15.875,2012-09-28,2012-09-28_014_013,17.05352020263672,2.8366291522979736,2.4452788829803467,True,False,modérée,très humide,Matam,Zone sahélienne,Phase_3_fin,Fin de saison (Septembre-Octobre),2012,9,28,272,17.06218858460086,2.841033291577095,361.3758850097656
-13.875,15.875,2012-09-28,2012-09-28_014_014,17.400426864624023,3.46832537651062,1.9790282249450684,True,False,modérée,exceptionelle,Matam,Zone sahélienne,Phase_3_fin,Fin de saison (Septembre-Octobre),2012,9,28,272,17.482769577946495,3.4683588371804013,388.1445007324219
-13.625,15.875,2012-09-28,2012-09-28_014_015,17.300098419189453,3.5029687881469727,1.8638864755630493,True,False,modérée,exceptionelle,Matam,Zone sahélienne,Phase_3_fin,Fin de saison (Septembre-Octobre),2012,9,28,272,17.307464139545385,3.504281140452054,414.9130554199219
-13.375,15.875,2012-09-28,2012-09-28_014_016,21.229185104370117,4.10430908203125,1.910854458808899,True,True,forte,exceptionelle,Matam,Zone sahélienne,Phase_3_fin,Fin de saison (Septembre-Octobre),2012,9,28,272,21.229592860044548,4.105067001515297,441.6816711425781
-13.125,15.875,2012-09-28,2012-09-28_014_017,20.368751525878906,4.013896465301514,1.8275295495986938,True,True,forte,exceptionelle,Matam,Zone sahélienne,Phase_3_fin,Fin de saison (Septembre-Octobre),2012,9,28,272,20.373768073230533,4.014294851964443,468.4502258300781
-12.875,15.875,2012-09-28,2012-09-28_014_018,15.804370880126953,3.5121867656707764,1.75654137134552,True,False,modérée,exceptionelle,Matam,Zone sahélienne,Phase_3_fin,Fin de saison (Septembre-Octobre),2012,9,28,272,15.842139148232924,3.5218613555083915,495.21881103515625
-12.625,15.875,2012-09-28,2012-09-28_014_019,16.137937545776367,3.7998878955841064,1.7337952852249146,True,False,modérée,exceptionelle,Matam,Zone sahélienne,Phase_3_fin,Fin de saison (Septembre-Octobre),2012,9,28,272,16.1784913432059,3.8013351023496695,521.9874267578125
-12.375,15.875,2012-09-28,2012-09-28_014_020,16.980484008789062,3.838747978210449,1.7198235988616943,True,False,modérée,exceptionelle,Matam,Zone sahélienne,Phase_3_fin,Fin de saison (Septembre-Octobre),2012,9,28,272,16.98336377934595,3.8401407716262286,548.7560424804688
-12.125,15.875,2012-09-28,2012-09-28_014_021,18.690916061401367,4.438796520233154,1.674248456954956,True,False,modérée,exceptionelle,Matam,Zone sahélienne,Phase_3_fin,Fin de saison (Septembre-Octobre),2012,9,28,272,18.69273915123101,4.438969559405916,575.5245361328125
-11.875,15.875,2012-09-28,2012-09-28_014_022,14.546257019042969,4.0873188972473145,1.5063320398330688,True,False,modérée,exceptionelle,Matam,Zone sahélienne,Phase_3_fin,Fin de saison (Septembre-Octobre),2012,9,28,272,14.548987347876007,4.0874756808256985,602.2931518554688
-11.625,15.875,2012-09-28,2012-09-28_014_023,14.6723051071167,3.590660810470581,1.6765958070755005,True,False,modérée,exceptionelle,Matam,Zone sahélienne,Phase_3_fin,Fin de saison (Septembre-Octobre),2012,9,28,272,14.679883678953852,3.5912237311128394,629.061767578125
-11.375,15.875,2012-09-28,2012-09-28_014_024,12.54379653930664,2.8610599040985107,1.783583402633667,True,False,modérée,très humide,Matam,Zone sahélienne,Phase_3_fin,Fin de saison (Septembre-Octobre),2012,9,28,272,12.57693249736,2.863194247586044,655.8303833007812
-16.375,16.125,2012-09-28,2012-09-28_015_004,27.694847106933594,4.446281909942627,2.260228395462036,True,True,forte,exceptionelle,Saint-Louis,Zone sahélienne,Phase_3_fin,Fin de saison (Septembre-Octobre),2012,9,28,272,27.695404704491697,4.447891175447396,120.30801391601562
-16.125,16.125,2012-09-28,2012-09-28_015_005,25.033483505249023,3.9038398265838623,2.7710745334625244,True,True,forte,exceptionelle,Saint-Louis,Zone sahélienne,Phase_3_fin,Fin de saison (Septembre-Octobre),2012,9,28,272,25.03550577403313,3.9055162374697736,147.0431365966797
-15.875,16.125,2012-09-28,2012-09-28_015_006,27.083559036254883,4.2501397132873535,2.7550857067108154,True,True,forte,exceptionelle,Saint-Louis,Zone sahélienne,Phase_3_fin,Fin de saison (Septembre-Octobre),2012,9,28,272,27.086679381940833,4.250482288437273,173.7782440185547
-15.625,16.125,2012-09-28,2012-09-28_015_007,21.377317428588867,4.306803226470947,1.9666268825531006,True,True,forte,exceptionelle,Saint-Louis,Zone sahélienne,Phase_3_fin,Fin de saison (Septembre-Octobre),2012,9,28,272,21.37834914125989,4.308277781884275,200.51336669921875
-15.375,16.125,2012-09-28,2012-09-28_015_008,16.66739845275879,3.6359968185424805,1.827254056930542,True,False,modérée,exceptionelle,Louga,Zone sahélienne,Phase_3_fin,Fin de saison (Septembre-Octobre),2012,9,28,272,16.717866380011017,3.637471510537306,227.2484588623047
-15.125,16.125,2012-09-28,2012-09-28_015_009,15.264408111572266,3.0448598861694336,1.9208203554153442,True,False,modérée,exceptionelle,Louga,Zone sahélienne,Phase_3_fin,Fin de saison (Septembre-Octobre),2012,9,28,272,15.312138794654578,3.046436097753707,253.9835968017578
-14.875,16.125,2012-09-28,2012-09-28_015_010,12.628745079040527,2.311851978302002,2.02010178565979,True,False,modérée,très humide,Louga,Zone sahélienne,Phase_3_fin,Fin de saison (Septembre-Octobre),2012,9,28,272,12.665618738337377,2.3189054206388082,280.71868896484375
-14.625,16.125,2012-09-28,2012-09-28_015_011,16.999006271362305,2.970712900161743,2.1562469005584717,True,False,modérée,très humide,Matam,Zone sahélienne,Phase_3_fin,Fin de saison (Septembre-Octobre),2012,9,28,272,17.018878548588585,2.974922655814856,307.4538269042969
-14.375,16.125,2012-09-28,2012-09-28_015_012,17.186180114746094,2.8807671070098877,2.2496683597564697,True,False,modérée,très humide,Matam,Zone sahélienne,Phase_3_fin,Fin de saison (Septembre-Octobre),2012,9,28,272,17.207469619099218,2.881000044956878,334.1889343261719
-14.125,16.125,2012-09-28,2012-09-28_015_013,19.785795211791992,3.6329843997955322,2.1563267707824707,True,False,modérée,exceptionelle,Matam,Zone sahélienne,Phase_3_fin,Fin de saison (Septembre-Octobre),2012,9,28,272,19.821823148871186,3.633809408949847,360.9240417480469
-13.875,16.125,2012-09-28,2012-09-28_015_014,16.466854095458984,2.9678096771240234,2.159074068069458,True,False,modérée,très humide,Matam,Zone sahélienne,Phase_3_fin,Fin de saison (Septembre-Octobre),2012,9,28,272,16.50460133480666,2.968511926468892,387.6591491699219
-13.625,16.125,2012-09-28,2012-09-28_015_015,14.374370574951172,2.922008752822876,1.9421412944793701,True,False,modérée,très humide,Matam,Zone sahélienne,Phase_3_fin,Fin de saison (Septembre-Octobre),2012,9,28,272,14.531573252462263,2.925105759845906,414.3942565917969
-13.375,16.125,2012-09-28,2012-09-28_015_016,15.528186798095703,3.252267837524414,1.8176352977752686,True,False,modérée,exceptionelle,Matam,Zone sahélienne,Phase_3_fin,Fin de saison (Septembre-Octobre),2012,9,28,272,15.620485339332465,3.2530484690738084,441.12939453125
-13.125,16.125,2012-09-28,2012-09-28_015_017,16.564191818237305,3.387058734893799,1.9288703203201294,True,False,modérée,exceptionelle,Matam,Zone sahélienne,Phase_3_fin,Fin de saison (Septembre-Octobre),2012,9,28,272,16.585951541536417,3.3882143281812045,467.864501953125
-12.875,16.125,2012-09-28,2012-09-28_015_018,14.872908592224121,3.095050811767578,1.8710527420043945,True,False,modérée,exceptionelle,Matam,Zone sahélienne,Phase_3_fin,Fin de saison (Septembre-Octobre),2012,9,28,272,14.995718613341825,3.0962024975062614,494.5995788574219
-12.625,16.125,2012-09-28,2012-09-28_015_019,14.636750221252441,3.6733148097991943,1.4952261447906494,True,False,modérée,exceptionelle,Matam,Zone sahélienne,Phase_3_fin,Fin de saison (Septembre-Octobre),2012,9,28,272,14.665182437129955,3.6745693821403846,521.334716796875
-12.375,16.125,2012-09-28,2012-09-28_015_020,14.32302474975586,4.2533860206604,1.2163888216018677,True,False,modérée,exceptionelle,Matam,Zone sahélienne,Phase_3_fin,Fin de saison (Septembre-Octobre),2012,9,28,272,14.370113257786736,4.256309825571338,548.0698852539062
-12.125,16.125,2012-09-28,2012-09-28_015_021,15.848843574523926,4.478707790374756,1.269574761390686,True,False,modérée,exceptionelle,Matam,Zone sahélienne,Phase_3_fin,Fin de saison (Septembre-Octobre),2012,9,28,272,15.952517123677623,4.479027067596589,574.804931640625
-11.875,16.125,2012-09-28,2012-09-28_015_022,15.440377235412598,3.8358376026153564,1.5221718549728394,True,False,modérée,exceptionelle,Matam,Zone sahélienne,Phase_3_fin,Fin de saison (Septembre-Octobre),2012,9,28,272,15.44922906310115,3.836459165242449,601.5400390625
-11.625,16.125,2012-09-28,2012-09-28_015_023,15.164498329162598,3.6597156524658203,1.605553388595581,True,False,modérée,exceptionelle,Matam,Zone sahélienne,Phase_3_fin,Fin de saison (Septembre-Octobre),2012,9,28,272,15.232343702460055,3.663269201115747,628.2752075195312
-11.375,16.125,2012-09-28,2012-09-28_015_024,17.309555053710938,3.646132230758667,1.8628575801849365,True,False,modérée,exceptionelle,Matam,Zone sahélienne,Phase_3_fin,Fin de saison (Septembre-Octobre),2012,9,28,272,17.340548845990817,3.6497157967869365,655.0103149414062
-16.375,16.375,2012-09-28,2012-09-28_016_004,24.01306915283203,3.926801919937134,2.1600019931793213,True,True,forte,exceptionelle,Saint-Louis,Zone sahélienne,Phase_3_fin,Fin de saison (Septembre-Octobre),2012,9,28,272,24.02709006304717,3.93626272139238,120.15510559082031
-16.125,16.375,2012-09-28,2012-09-28_016_005,17.600696563720703,3.4527812004089355,2.0690438747406006,True,False,modérée,exceptionelle,Saint-Louis,Zone sahélienne,Phase_3_fin,Fin de saison (Septembre-Octobre),2012,9,28,272,17.66430056394644,3.456158741035653,146.85623168945312
-15.875,16.375,2012-09-28,2012-09-28_016_006,18.212081909179688,3.2487263679504395,2.375642776489258,True,False,modérée,exceptionelle,Saint-Louis,Zone sahélienne,Phase_3_fin,Fin de saison (Septembre-Octobre),2012,9,28,272,18.284666061401367,3.250167870641354,173.557373046875
-15.625,16.375,2012-09-28,2012-09-28_016_007,17.2132511138916,3.1930928230285645,2.184176445007324,True,False,modérée,exceptionelle,Saint-Louis,Zone sahélienne,Phase_3_fin,Fin de saison (Septembre-Octobre),2012,9,28,272,17.280495102082064,3.1956574820992936,200.25851440429688
-15.375,16.375,2012-09-28,2012-09-28_016_008,15.450530052185059,3.051182985305786,1.951786994934082,True,False,modérée,exceptionelle,Louga,Zone sahélienne,Phase_3_fin,Fin de saison (Septembre-Octobre),2012,9,28,272,15.51804069058979,3.051202192977445,226.95962524414062
-15.125,16.375,2012-09-28,2012-09-28_016_009,19.01439094543457,3.403862953186035,2.205321788787842,True,False,modérée,exceptionelle,Louga,Zone sahélienne,Phase_3_fin,Fin de saison (Septembre-Octobre),2012,9,28,272,19.0181715979648,3.4040197199912527,253.66078186035156
-14.875,16.375,2012-09-28,2012-09-28_016_010,15.326148986816406,2.877650260925293,2.161264181137085,True,False,modérée,très humide,Louga,Zone sahélienne,Phase_3_fin,Fin de saison (Septembre-Octobre),2012,9,28,272,15.412267263211197,2.879435790843101,280.3619079589844
-14.625,16.375,2012-09-28,2012-09-28_016_011,11.841653823852539,2.371603012084961,1.8372877836227417,True,False,modérée,très humide,Matam,Zone sahélienne,Phase_3_fin,Fin de saison (Septembre-Octobre),2012,9,28,272,11.846394323224398,2.3908591689775935,307.06304931640625
-14.375,16.375,2012-09-28,2012-09-28_016_012,12.578778266906738,2.514423370361328,1.8252922296524048,True,False,modérée,très humide,Matam,Zone sahélienne,Phase_3_fin,Fin de saison (Septembre-Octobre),2012,9,28,272,12.613766996105712,2.5174361581179365,333.76416015625
-14.125,16.375,2012-09-28,2012-09-28_016_013,10.272270202636719,2.5956308841705322,1.4594528675079346,True,False,modérée,très humide,Matam,Zone sahélienne,Phase_3_fin,Fin de saison (Septembre-Octobre),2012,9,28,272,10.75533216083469,2.595855679344292,360.4653015136719
-13.875,16.375,2012-09-28,2012-09-28_016_014,15.971282958984375,3.4213380813598633,1.8278001546859741,True,False,modérée,exceptionelle,Matam,Zone sahélienne,Phase_3_fin,Fin de saison (Septembre-Octobre),2012,9,28,272,15.977027433002414,3.4250906657932987,387.16644287109375
-13.625,16.375,2012-09-28,2012-09-28_016_015,14.549250602722168,2.7979183197021484,2.0679268836975098,True,False,modérée,très humide,Matam,Zone sahélienne,Phase_3_fin,Fin de saison (Septembre-Octobre),2012,9,28,272,14.62883568289292,2.8025124180856062,413.8675537109375
-13.375,16.375,2012-09-28,2012-09-28_016_016,15.644431114196777,3.1292033195495605,1.9680124521255493,True,False,modérée,exceptionelle,Matam,Zone sahélienne,Phase_3_fin,Fin de saison (Septembre-Octobre),2012,9,28,272,15.674521151499532,3.1319304512972805,440.5687255859375
-13.125,16.375,2012-09-28,2012-09-28_016_017,15.009822845458984,2.8268725872039795,1.9115756750106812,True,False,modérée,très humide,Matam,Zone sahélienne,Phase_3_fin,Fin de saison (Septembre-Octobre),2012,9,28,272,15.035006154122664,2.8281536809164076,467.26983642578125
-12.875,16.375,2012-09-28,2012-09-28_016_018,15.03797721862793,2.7652359008789062,1.9301146268844604,True,False,modérée,très humide,Matam,Zone sahélienne,Phase_3_fin,Fin de saison (Septembre-Octobre),2012,9,28,272,15.111892657064313,2.767027933992932,493.970947265625
-12.625,16.375,2012-09-28,2012-09-28_016_019,14.680706977844238,3.6414313316345215,1.4690179824829102,True,False,modérée,exceptionelle,Matam,Zone sahélienne,Phase_3_fin,Fin de saison (Septembre-Octobre),2012,9,28,272,14.853591847060315,3.641528567477087,520.672119140625
-12.375,16.375,2012-09-28,2012-09-28_016_020,15.318530082702637,4.195332050323486,1.3364551067352295,True,False,modérée,exceptionelle,Matam,Zone sahélienne,Phase_3_fin,Fin de saison (Septembre-Octobre),2012,9,28,272,15.325230124008716,4.198185489405339,547.3732299804688
-12.125,16.375,2012-09-28,2012-09-28_016_021,18.776023864746094,4.402100086212158,1.4847142696380615,True,False,modérée,exceptionelle,Matam,Zone sahélienne,Phase_3_fin,Fin de saison (Septembre-Octobre),2012,9,28,272,18.81918686718198,4.402380473649681,574.0743408203125
-11.875,16.375,2012-09-28,2012-09-28_016_022,17.023799896240234,4.036223888397217,1.4773648977279663,True,False,modérée,exceptionelle,Matam,Zone sahélienne,Phase_3_fin,Fin de saison (Septembre-Octobre),2012,9,28,272,17.047546271702753,4.038037918320852,600.7755126953125
-11.625,16.375,2012-09-28,2012-09-28_016_023,13.9063138961792,3.7479984760284424,1.306837797164917,True,False,modérée,exceptionelle,Matam,Zone sahélienne,Phase_3_fin,Fin de saison (Septembre-Octobre),2012,9,28,272,13.940908254690505,3.7491410928754947,627.4766235351562
-11.375,16.375,2012-09-28,2012-09-28_016_024,14.051907539367676,3.585052490234375,1.5242912769317627,True,False,modérée,exceptionelle,Matam,Zone sahélienne,Phase_3_fin,Fin de saison (Septembre-Octobre),2012,9,28,272,14.301226381081431,3.5860641781409184,654.1777954101562
-16.375,16.625,2012-09-28,2012-09-28_017_004,22.94185447692871,3.9263362884521484,2.0724294185638428,True,True,forte,exceptionelle,Saint-Louis,Zone sahélienne,Phase_3_fin,Fin de saison (Septembre-Octobre),2012,9,28,272,22.95420122386223,3.926424033078716,119.99990844726562
-16.125,16.625,2012-09-28,2012-09-28_017_005,19.626523971557617,3.32082200050354,2.2747418880462646,True,False,modérée,exceptionelle,Saint-Louis,Zone sahélienne,Phase_3_fin,Fin de saison (Septembre-Octobre),2012,9,28,272,19.6645488355627,3.3217668964635187,146.6665496826172
-15.875,16.625,2012-09-28,2012-09-28_017_006,18.520112991333008,2.7633509635925293,2.630183219909668,True,False,modérée,très humide,Saint-Louis,Zone sahélienne,Phase_3_fin,Fin de saison (Septembre-Octobre),2012,9,28,272,18.56837026318114,2.7640628838658934,173.3332061767578
-15.625,16.625,2012-09-28,2012-09-28_017_007,21.28787612915039,2.8290059566497803,2.965877056121826,True,True,forte,très humide,Saint-Louis,Zone sahélienne,Phase_3_fin,Fin de saison (Septembre-Octobre),2012,9,28,272,21.29982291753568,2.830282545568955,199.99984741210938
-15.375,16.625,2012-09-28,2012-09-28_017_008,22.387731552124023,2.729275703430176,3.015122175216675,True,True,forte,très humide,Saint-Louis,Zone sahélienne,Phase_3_fin,Fin de saison (Septembre-Octobre),2012,9,28,272,22.40311103130705,2.7296007548145313,226.66648864746094
-15.125,16.625,2012-09-28,2012-09-28_017_009,19.276823043823242,2.9210214614868164,2.6203126907348633,True,False,modérée,très humide,Saint-Louis,Zone sahélienne,Phase_3_fin,Fin de saison (Septembre-Octobre),2012,9,28,272,19.280058367168483,2.9215523166273107,253.33314514160156
-14.875,16.625,2012-09-28,2012-09-28_017_010,17.349475860595703,2.7926502227783203,2.5398457050323486,True,False,modérée,très humide,Louga,Zone sahélienne,Phase_3_fin,Fin de saison (Septembre-Octobre),2012,9,28,272,17.388905280798525,2.795879910339662,279.9997863769531
-14.625,16.625,2012-09-28,2012-09-28_017_011,12.900795936584473,2.7482223510742188,1.816454291343689,True,False,modérée,très humide,Matam,Zone sahélienne,Phase_3_fin,Fin de saison (Septembre-Octobre),2012,9,28,272,13.527452401779405,2.7491318580493256,306.66644287109375
-14.375,16.625,2012-09-28,2012-09-28_017_012,12.839216232299805,2.3344247341156006,2.0197806358337402,True,False,modérée,très humide,Matam,Zone sahélienne,Phase_3_fin,Fin de saison (Septembre-Octobre),2012,9,28,272,12.896773141832208,2.348978150430037,333.33306884765625
-14.125,16.625,2012-09-28,2012-09-28_017_013,9.409523963928223,2.0605759620666504,1.6493377685546875,True,False,modérée,très humide,Matam,Zone sahélienne,Phase_3_fin,Fin de saison (Septembre-Octobre),2012,9,28,272,9.483628800166912,2.064763938961317,359.99969482421875
-13.875,16.625,2012-09-28,2012-09-28_017_014,11.993492126464844,2.7644753456115723,1.6693388223648071,True,False,modérée,très humide,Matam,Zone sahélienne,Phase_3_fin,Fin de saison (Septembre-Octobre),2012,9,28,272,12.305039115886592,2.764954992275142,386.6663513183594
-13.625,16.625,2012-09-28,2012-09-28_017_015,9.624968528747559,2.087710380554199,1.6542510986328125,True,False,modérée,très humide,Matam,Zone sahélienne,Phase_3_fin,Fin de saison (Septembre-Octobre),2012,9,28,272,9.67523752624665,2.088606546871626,413.3330078125
-13.375,16.625,2012-09-28,2012-09-28_017_016,9.989509582519531,2.0588912963867188,1.7939797639846802,True,False,modérée,très humide,Matam,Zone sahélienne,Phase_3_fin,Fin de saison (Septembre-Octobre),2012,9,28,272,10.125879091234063,2.0604024161046475,439.9996643066406
-13.125,16.625,2012-09-28,2012-09-28_017_017,12.615814208984375,2.1037843227386475,2.07647705078125,True,False,modérée,très humide,Matam,Zone sahélienne,Phase_3_fin,Fin de saison (Septembre-Octobre),2012,9,28,272,12.627997817705625,2.1047717494581213,466.6662902832031
-12.875,16.625,2012-09-28,2012-09-28_017_018,13.792550086975098,2.4621469974517822,1.9486265182495117,True,False,modérée,très humide,Matam,Zone sahélienne,Phase_3_fin,Fin de saison (Septembre-Octobre),2012,9,28,272,13.898024573397995,2.470638263165651,493.3329162597656
-12.625,16.625,2012-09-28,2012-09-28_017_019,11.846567153930664,2.9132728576660156,1.5152831077575684,True,False,modérée,très humide,Matam,Zone sahélienne,Phase_3_fin,Fin de saison (Septembre-Octobre),2012,9,28,272,11.861258204857908,2.914825482584124,519.9995727539062
-12.375,16.625,2012-09-28,2012-09-28_017_020,12.667984962463379,3.323312520980835,1.4089062213897705,True,False,modérée,exceptionelle,Matam,Zone sahélienne,Phase_3_fin,Fin de saison (Septembre-Octobre),2012,9,28,272,12.828460499269879,3.324422515217383,546.666259765625
-12.125,16.625,2012-09-28,2012-09-28_017_021,13.94372844696045,3.3117778301239014,1.5425491333007812,True,False,modérée,exceptionelle,Matam,Zone sahélienne,Phase_3_fin,Fin de saison (Septembre-Octobre),2012,9,28,272,14.043481529657566,3.3152318851432607,573.3328247070312
-11.875,16.625,2012-09-28,2012-09-28_017_022,12.318940162658691,3.199430465698242,1.3660753965377808,True,False,modérée,exceptionelle,Matam,Zone sahélienne,Phase_3_fin,Fin de saison (Septembre-Octobre),2012,9,28,272,12.319667686769112,3.2031385982455918,599.99951171875
-11.625,16.625,2012-09-28,2012-09-28_017_023,11.702245712280273,3.208343267440796,1.3151791095733643,True,False,modérée,exceptionelle,Matam,Zone sahélienne,Phase_3_fin,Fin de saison (Septembre-Octobre),2012,9,28,272,11.837100292570028,3.209838846820084,626.6661987304688
-11.375,16.625,2012-09-28,2012-09-28_017_024,9.675747871398926,2.7680888175964355,1.2323980331420898,True,False,modérée,très humide,Matam,Zone sahélienne,Phase_3_fin,Fin de saison (Septembre-Octobre),2012,9,28,272,9.767580878195451,2.7756839655152516,653.3328247070312
