{
"type": "FeatureCollection",
"name": "sen_admin0_em",
"crs": { "type": "name", "properties": { "name": "urn:ogc:def:crs:OGC:1.3:CRS84" } },
"features": [
{ "type": "Feature", "properties": { "iso2": "SN", "iso3": "SEN", "adm0_name": "Sénégal", "adm0_name1": null, "adm0_name2": null, "adm0_name3": null, "adm0_pcode": "SN", "valid_on": "2024-05-20", "valid_to": null, "area_sqkm": 196629.30230118, "version": "v02", "lang": "fr", "lang1": null, "lang2": null, "lang3": null, "center_lat": 14.49992648, "center_lon": -14.6559946 }, "geometry": { "type": "MultiPolygon", "coordinates": [ [ [ [ -14.93925226999994, 16.63172156000013 ], [ -14.941044208999813, 16.632415214000105 ], [ -14.942604929999959, 16.633224477000056 ], [ -14.943761019999897, 16.63403374000012 ], [ -14.945437350999953, 16.635536657000046 ], [ -14.948963424999931, 16.640854671000056 ], [ -14.952316085999939, 16.646288294000101 ], [ -14.95271473299988, 16.647174176000021 ], [ -14.952836326999943, 16.647444384000039 ], [ -14.953761198999871, 16.650103391000016 ], [ -14.954165829999965, 16.652126548000183 ], [ -14.954223634999948, 16.653802879000068 ], [ -14.953240957999981, 16.657906998000101 ], [ -14.951738040999885, 16.663745253000059 ], [ -14.950928777999934, 16.665421583000011 ], [ -14.950408537999863, 16.665826215000095 ], [ -14.949541469999872, 16.670277161000172 ], [ -14.949599274999969, 16.672069101000091 ], [ -14.950292928999886, 16.674265671000114 ], [ -14.950928777999934, 16.675768588000039 ], [ -14.951911454999959, 16.677444919000095 ], [ -14.953067544999953, 16.678716618000067 ], [ -14.954339243999925, 16.679525881000131 ], [ -14.958443362999958, 16.681260016000181 ], [ -14.962085046999903, 16.682589519000146 ], [ -14.971275961999822, 16.687676315000033 ], [ -14.974744231999978, 16.689410450000082 ], [ -14.977461043999881, 16.690739954000094 ], [ -14.979426396999884, 16.691491412000119 ], [ -14.981565162999914, 16.69218506600015 ], [ -14.983125884999936, 16.692531893000137 ], [ -14.985438064999926, 16.692705307000097 ], [ -14.989021943999887, 16.691780435000112 ], [ -14.991102905999924, 16.690393127000107 ], [ -14.992663626999843, 16.688774601000148 ], [ -14.994686784999885, 16.686346812000068 ], [ -14.995496047999893, 16.685306331000049 ], [ -14.996305310999958, 16.684150241000111 ], [ -14.997692618999906, 16.680739775 ], [ -14.997981640999853, 16.67964149 ], [ -14.998212858999977, 16.677733941000042 ], [ -14.998039445999837, 16.674612498000101 ], [ -14.9977504229999, 16.670739597000022 ], [ -14.997461400999953, 16.668543026000123 ], [ -14.997287986999936, 16.666693281999983 ], [ -14.997345791999976, 16.664149884000039 ], [ -14.998501881999971, 16.655305796000164 ], [ -14.998906512999895, 16.65258898400009 ], [ -14.999484557999949, 16.650045586000147 ], [ -15.000293820999957, 16.647791211000026 ], [ -15.00249039199997, 16.644843181000169 ], [ -15.004629158999819, 16.642588806000106 ], [ -15.006825729999946, 16.640854671000056 ], [ -15.008386450999922, 16.640103212000099 ], [ -15.010351803999981, 16.639409558000125 ], [ -15.012663983999914, 16.638773709000191 ], [ -15.014802750999934, 16.638253468000187 ], [ -15.016941516999964, 16.637733228000116 ], [ -15.019484914999907, 16.637039574000141 ], [ -15.020814418999976, 16.636577138000064 ], [ -15.022895380999955, 16.635710070000073 ], [ -15.025207560999945, 16.634380567000107 ], [ -15.027577544999929, 16.633224477000056 ], [ -15.030120942999929, 16.632126191000111 ], [ -15.033415799999887, 16.631374733000087 ], [ -15.035959197999944, 16.631027906000099 ], [ -15.038444790999961, 16.630970101 ], [ -15.039889902999903, 16.631027906000099 ], [ -15.042028669999922, 16.631663755000034 ], [ -15.043531586999961, 16.632530823000025 ], [ -15.044051826999919, 16.632877650000012 ], [ -15.044572067999979, 16.633224477000056 ], [ -15.045670352999878, 16.63345569500018 ], [ -15.046884247999969, 16.63345569500018 ], [ -15.047751314999971, 16.633108868000136 ], [ -15.048444968999945, 16.632646432000058 ], [ -15.049138622999976, 16.631894973000158 ], [ -15.049716667999917, 16.631143515000133 ], [ -15.050352517999954, 16.629871816 ], [ -15.050814953999861, 16.628831334999973 ], [ -15.051335193999932, 16.628311094000026 ], [ -15.05202884799985, 16.628195485000106 ], [ -15.052664697999944, 16.628426703000059 ], [ -15.053127133999965, 16.628715726000109 ], [ -15.054167614999869, 16.630392056000062 ], [ -15.055439313999955, 16.632877650000012 ], [ -15.056248576999849, 16.634553980000192 ], [ -15.05700003499993, 16.636114702000157 ], [ -15.058618560999832, 16.637906641000029 ], [ -15.060526109999898, 16.639987603000066 ], [ -15.063185116999932, 16.642820024 ], [ -15.064630228999931, 16.645016595000129 ], [ -15.065139651999971, 16.646672218999981 ], [ -15.065323882999962, 16.647270970000079 ], [ -15.066190950999953, 16.6502768040001 ], [ -15.06636436399998, 16.65258898400009 ], [ -15.066884604999871, 16.65495896900012 ], [ -15.067751671999929, 16.657849194000107 ], [ -15.069485806999978, 16.662473554000087 ], [ -15.07098872399996, 16.665768410000055 ], [ -15.072202618999881, 16.667907177000188 ], [ -15.07590210699982, 16.672473732000071 ], [ -15.077520632999892, 16.673745431000043 ], [ -15.079601594999929, 16.675132739000105 ], [ -15.081220120999831, 16.676057611000033 ], [ -15.083069864999914, 16.676866874000154 ], [ -15.085613262999971, 16.677502723000089 ], [ -15.091278103999969, 16.678369791000023 ], [ -15.093705892999935, 16.67865881299997 ], [ -15.095440027999928, 16.67865881299997 ], [ -15.09694294499991, 16.678369791000023 ], [ -15.097810011999968, 16.678138573000126 ], [ -15.099023906999946, 16.677444919000095 ], [ -15.100006582999981, 16.67652004700011 ], [ -15.100989259999949, 16.675537370000086 ], [ -15.114746730999968, 16.65981454700011 ], [ -15.116365256999927, 16.657733585000017 ], [ -15.11815719599997, 16.654612142000133 ], [ -15.119197676999931, 16.65264678900013 ], [ -15.120353766999926, 16.649814368000023 ], [ -15.120758398999897, 16.647906820000117 ], [ -15.121047420999901, 16.645305617000076 ], [ -15.121220834999974, 16.643513678000033 ], [ -15.121047420999901, 16.641317107000134 ], [ -15.120353766999926, 16.639062731000081 ], [ -15.119313285999965, 16.636808356000188 ], [ -15.117868173999966, 16.634843003000185 ], [ -15.116538669999898, 16.633513499000117 ], [ -15.115151361999949, 16.632935454000176 ], [ -15.111220655999887, 16.631952778000084 ], [ -15.109428716999957, 16.63160595100004 ], [ -15.106769709999924, 16.631316928000047 ], [ -15.104515333999927, 16.631316928000047 ], [ -15.100758041999939, 16.631374733000087 ], [ -15.098272447999875, 16.631085710000093 ], [ -15.096191485999896, 16.630507665000152 ], [ -15.093994914999882, 16.62912035700009 ], [ -15.091046885999958, 16.626576959000147 ], [ -15.089197141999932, 16.624149170000067 ], [ -15.086827156999959, 16.620738705000065 ], [ -15.084514976999969, 16.616634585000156 ], [ -15.084110345999875, 16.615420691000054 ], [ -15.083647909999968, 16.613397533000182 ], [ -15.083936931999915, 16.610680722000041 ], [ -15.084283758999902, 16.608599760000118 ], [ -15.085150826999893, 16.606692211000166 ], [ -15.086769352999966, 16.604206618000092 ], [ -15.08775202899983, 16.602819310000086 ], [ -15.089486163999936, 16.600796151999987 ], [ -15.091220298999929, 16.599408844000152 ], [ -15.093185651999875, 16.597848123000063 ], [ -15.095671245999938, 16.596345206000137 ], [ -15.097752207999974, 16.594957898000132 ], [ -15.10139389099993, 16.592356695000092 ], [ -15.103128025999979, 16.59096938700003 ], [ -15.105324596999935, 16.588830621 ], [ -15.107058731999871, 16.586980877000087 ], [ -15.108388235999939, 16.585477960000162 ], [ -15.110642610999946, 16.583281389000035 ], [ -15.113995271999954, 16.581373840000083 ], [ -15.116827692999948, 16.579928728000027 ], [ -15.118966458999978, 16.57946629200012 ], [ -15.122030097999982, 16.578946051000173 ], [ -15.125035931999889, 16.578772638000146 ], [ -15.127752742999974, 16.57883044200014 ], [ -15.133186365999961, 16.579524096000114 ], [ -15.136770244999923, 16.580333359 ], [ -15.140874363999956, 16.581547254000043 ], [ -15.144978483999978, 16.583454802000119 ], [ -15.145903355999849, 16.584264065000184 ], [ -15.154920857999969, 16.588310380000053 ], [ -15.161279352999941, 16.590333538000095 ], [ -15.163418118999971, 16.590853778000167 ], [ -15.165845907999937, 16.59125841000008 ], [ -15.16821589299991, 16.59125841000008 ], [ -15.169603200999973, 16.59108499600012 ], [ -15.171510748999935, 16.590449147000186 ], [ -15.173476101999938, 16.589235252000037 ], [ -15.174863409999887, 16.587674531000118 ], [ -15.175614868999958, 16.586402832000147 ], [ -15.176655349999919, 16.584090652000157 ], [ -15.176944371999923, 16.582240908000017 ], [ -15.177522416999977, 16.579986532000191 ], [ -15.178620702999979, 16.579003856000099 ], [ -15.180008010999927, 16.578136788000108 ], [ -15.18179994999997, 16.577443134000077 ], [ -15.187117963999981, 16.575651195000034 ], [ -15.190412820999939, 16.574784127999976 ], [ -15.194632548999834, 16.573628038000095 ], [ -15.197233751999931, 16.572471948000157 ], [ -15.199950562999845, 16.571200249000185 ], [ -15.203245419999973, 16.569639527000049 ], [ -15.206482471999948, 16.567731979000087 ], [ -15.211973898999815, 16.564148100000125 ], [ -15.214632905999906, 16.562182747000179 ], [ -15.215326559999937, 16.561315679000188 ], [ -15.216367040999955, 16.559986176000052 ], [ -15.217465326999957, 16.559234717000152 ], [ -15.220528964999971, 16.557269364000149 ], [ -15.223534798999879, 16.556171079000137 ], [ -15.227927940999848, 16.555766447000053 ], [ -15.23203206099987, 16.555882056000087 ], [ -15.235731547999876, 16.556864733000168 ], [ -15.239777862999915, 16.55871447700008 ], [ -15.24122297599996, 16.56044861200013 ], [ -15.242783696999936, 16.563107619000107 ], [ -15.244806854999922, 16.564263709000045 ], [ -15.256136536999975, 16.569350505000102 ], [ -15.258159693999858, 16.569986354000036 ], [ -15.260587482999824, 16.57039098600012 ], [ -15.262610640999981, 16.57027537700003 ], [ -15.264518188999887, 16.57010196300007 ], [ -15.266599150999923, 16.569408309000096 ], [ -15.267466218999914, 16.568367828000078 ], [ -15.26902693999989, 16.568425633000118 ], [ -15.273188863999906, 16.569639527000049 ], [ -15.282842215999892, 16.572298534000026 ], [ -15.287697793999939, 16.573454624000135 ], [ -15.298622843999965, 16.575535586000171 ], [ -15.301802091999946, 16.575766804000125 ], [ -15.30451890299986, 16.575766804000125 ], [ -15.308854240999892, 16.575477782000178 ], [ -15.310877397999889, 16.575073150000094 ], [ -15.313420795999946, 16.57443730100016 ], [ -15.315443953999875, 16.573743647000128 ], [ -15.317582719999848, 16.572876578999967 ], [ -15.31885441899982, 16.572356339000123 ], [ -15.32151342599991, 16.570969031000061 ], [ -15.330126295999946, 16.564957363000019 ], [ -15.333093963999943, 16.562503329000037 ], [ -15.333132129999967, 16.562471769000069 ], [ -15.333371374999956, 16.562273538000113 ], [ -15.335155287999953, 16.560795439000117 ], [ -15.338045512999884, 16.559870567000132 ], [ -15.3422074369999, 16.559292522000192 ], [ -15.345502292999925, 16.559119108000061 ], [ -15.348565931999929, 16.559061304000068 ], [ -15.350415675999955, 16.559350326000185 ], [ -15.352438832999951, 16.560217394000176 ], [ -15.355964907999919, 16.56073763400002 ], [ -15.359606590999874, 16.559986176000052 ], [ -15.361571943999934, 16.559176913000158 ], [ -15.363248274999933, 16.558194236000077 ], [ -15.367178980999881, 16.554668162000041 ], [ -15.369375551999838, 16.551662328000191 ], [ -15.37082066399995, 16.550217215000089 ], [ -15.372843821999936, 16.548829907000027 ], [ -15.376196482999944, 16.546748945 ], [ -15.383190826999908, 16.542644826000128 ], [ -15.386774705999869, 16.540563864000092 ], [ -15.390763216999915, 16.538598511000089 ], [ -15.394809531999954, 16.537037789000124 ], [ -15.399954131999948, 16.536170722000065 ], [ -15.404347273999974, 16.536228526000059 ], [ -15.408104566999896, 16.53697998500013 ], [ -15.418278158999954, 16.539696796000101 ], [ -15.422440082999969, 16.541662149000103 ], [ -15.425734938999938, 16.543685306999976 ], [ -15.428393945999915, 16.545881878000102 ], [ -15.429492230999927, 16.547616013000152 ], [ -15.430937343999972, 16.551431110000067 ], [ -15.431804410999916, 16.555304011000146 ], [ -15.432324651999977, 16.55842545400003 ], [ -15.432498064999947, 16.56027519800017 ], [ -15.432555869999931, 16.563974686 ], [ -15.433018305999894, 16.566344671000081 ], [ -15.434521222999933, 16.570159768000167 ], [ -15.436024139999915, 16.573281211000051 ], [ -15.437758274999965, 16.576171436000038 ], [ -15.440648499999838, 16.580102141000111 ], [ -15.443596528999933, 16.582703344000095 ], [ -15.446833580999908, 16.585420155000122 ], [ -15.449550392999981, 16.587443313000165 ], [ -15.45175052999997, 16.588608091000083 ], [ -15.452498421999906, 16.589004034000084 ], [ -15.456833759999881, 16.59096938700003 ], [ -15.460244224999826, 16.591952064000111 ], [ -15.463770299999965, 16.592298891000098 ], [ -15.466891742999962, 16.592183282000065 ], [ -15.468972704999942, 16.591778650000151 ], [ -15.471342688999982, 16.59108499600012 ], [ -15.473250237999935, 16.590506951000179 ], [ -15.475157785999897, 16.589293057000077 ], [ -15.47694972599993, 16.587212095000041 ], [ -15.477412161999951, 16.586229418000187 ], [ -15.478105815999925, 16.58432187000011 ], [ -15.478741664999973, 16.583512606999989 ], [ -15.480360190999932, 16.581836276000104 ], [ -15.482903588999875, 16.581200427 ], [ -15.490129151999895, 16.578772638000146 ], [ -15.494984729999942, 16.576749481000149 ], [ -15.497585931999936, 16.575593391000041 ], [ -15.499435675999962, 16.574668519000113 ], [ -15.503655404999961, 16.572009512000079 ], [ -15.50978268199998, 16.567905392000171 ], [ -15.511516816999915, 16.566402475000075 ], [ -15.51458045499993, 16.562992010000073 ], [ -15.515736544999925, 16.561546897000142 ], [ -15.516777025999943, 16.559754958000099 ], [ -15.517990920999921, 16.556517906000124 ], [ -15.518395551999845, 16.554899380000165 ], [ -15.518857987999979, 16.552702809000039 ], [ -15.519147010999916, 16.549985997000135 ], [ -15.519031401999939, 16.547789426 ], [ -15.518279942999982, 16.545997487000022 ], [ -15.517817506999961, 16.545014810000112 ], [ -15.516661416999966, 16.543338480000159 ], [ -15.5149850869999, 16.541777758000023 ], [ -15.513308755999958, 16.540332645999968 ], [ -15.510071703999927, 16.536401940000189 ], [ -15.508800004999955, 16.534205369000063 ], [ -15.507817328999977, 16.531777579999982 ], [ -15.50787513299997, 16.529118573000176 ], [ -15.508395373999917, 16.52715322 ], [ -15.510071703999927, 16.525881521000031 ], [ -15.513366560999941, 16.523395927000081 ], [ -15.517586288999951, 16.521025943000097 ], [ -15.520881145999965, 16.519869852999989 ], [ -15.525678918999915, 16.518598154000017 ], [ -15.529725233999955, 16.517384259000039 ], [ -15.53264831499996, 16.516227572 ], [ -15.53444225699991, 16.515689389000158 ], [ -15.538448727999935, 16.514613024000028 ], [ -15.545205909999936, 16.512938678000012 ], [ -15.551664101999961, 16.511742716000185 ], [ -15.55495299599994, 16.511383928000157 ], [ -15.560633812999924, 16.512101505000146 ], [ -15.562846340999954, 16.512460293000117 ], [ -15.565896042999952, 16.512998476000178 ], [ -15.570022109999911, 16.514134639000133 ], [ -15.573311003999891, 16.515629591 ], [ -15.576241108999966, 16.517004947000089 ], [ -15.579828993999911, 16.519217475000062 ], [ -15.582639502999939, 16.521968185999981 ], [ -15.584612838999874, 16.523403340000073 ], [ -15.593044367999937, 16.528426378 ], [ -15.598924285999885, 16.532153958000038 ], [ -15.604804429999945, 16.535881372000119 ], [ -15.610684798999955, 16.539608618000102 ], [ -15.613136519999955, 16.540087002000064 ], [ -15.61552844299996, 16.540445791000025 ], [ -15.618338951999817, 16.540266396 ], [ -15.620431884999959, 16.53996740600013 ], [ -15.621926835999943, 16.539070435000099 ], [ -15.623003201999893, 16.537994070000082 ], [ -15.623003201999893, 16.536618713999985 ], [ -15.622465018999947, 16.534884570000031 ], [ -15.622524816999942, 16.533808205000071 ], [ -15.625155931999927, 16.531416282000123 ], [ -15.628145835999874, 16.529323349000094 ], [ -15.631255335999867, 16.526453042000185 ], [ -15.632331700999941, 16.524001321000071 ], [ -15.632989479999821, 16.52131040800009 ], [ -15.633228671999973, 16.518858687000034 ], [ -15.630597556999874, 16.512400495000179 ], [ -15.628265431999921, 16.506899072000181 ], [ -15.627189066999961, 16.504566948000104 ], [ -15.626650883999901, 16.503191592000178 ], [ -15.626232297999934, 16.502115227000047 ], [ -15.626172498999949, 16.500201688000061 ], [ -15.626531287999967, 16.498347948000173 ], [ -15.626949873999877, 16.49619521700015 ], [ -15.627966441999945, 16.493922891000068 ], [ -15.629281998999943, 16.492248545000052 ], [ -15.630717152999921, 16.490873189000126 ], [ -15.632152306999899, 16.49003601600009 ], [ -15.63729494099988, 16.487703891000081 ], [ -15.642377776999979, 16.485969747000127 ], [ -15.64979273799986, 16.483876814999974 ], [ -15.658284063999872, 16.482082873000081 ], [ -15.66683518799988, 16.480946709000023 ], [ -15.672934591999876, 16.480827113000089 ], [ -15.676163687999974, 16.480767315000094 ], [ -15.678794802999903, 16.480707517000155 ], [ -15.686867541999959, 16.479750748000129 ], [ -15.689857445999962, 16.479332161 ], [ -15.690496792999909, 16.479144118000022 ], [ -15.691890579999949, 16.478734181000107 ], [ -15.693445329999918, 16.477657815000043 ], [ -15.694760887999962, 16.476402056000154 ], [ -15.69577745499987, 16.474966902000062 ], [ -15.696315637999817, 16.473172960000113 ], [ -15.696973416999981, 16.472096595000153 ], [ -15.697870387999956, 16.47137901800005 ], [ -15.699245742999949, 16.471139825000023 ], [ -15.701876857999878, 16.471139825000023 ], [ -15.704567771999962, 16.471678008000083 ], [ -15.707438078999928, 16.472933768000075 ], [ -15.710846568999955, 16.475086498 ], [ -15.71485303999998, 16.477657815000043 ], [ -15.719517289999885, 16.480886911000084 ], [ -15.722566990999894, 16.483219036000037 ], [ -15.726513663999981, 16.485969747000127 ], [ -15.730041749999941, 16.488301872000136 ], [ -15.73225427899996, 16.489318439000101 ], [ -15.734526605999918, 16.49003601600009 ], [ -15.735842162999973, 16.490155612000024 ], [ -15.74792137399993, 16.491411372000186 ], [ -15.754678555999931, 16.492427938999981 ], [ -15.76000058399984, 16.492308343000047 ], [ -15.764784429999963, 16.492786727 ], [ -15.769329083999935, 16.493265112000074 ], [ -15.773335553999971, 16.493743497000139 ], [ -15.778836976999969, 16.494819862000099 ], [ -15.784099206999883, 16.496135419000154 ], [ -15.788703658999907, 16.497869564000041 ], [ -15.793308109999941, 16.499663506000104 ], [ -15.805686310999874, 16.505882505000159 ], [ -15.810589752999874, 16.508513619999974 ], [ -15.813639454999873, 16.508752813000171 ], [ -15.816509761999953, 16.5089322070001 ], [ -15.819559463999951, 16.5089322070001 ], [ -15.822668963999945, 16.508154832000173 ], [ -15.830861299999924, 16.505762909000055 ], [ -15.833193423999887, 16.505045332000066 ], [ -15.83486776999996, 16.504447351000067 ], [ -15.837379288999898, 16.503311188000112 ], [ -15.840907375999961, 16.501098659000149 ], [ -15.844076672999847, 16.498646938000036 ], [ -15.847305768999945, 16.496374612000125 ], [ -15.850594662999924, 16.494461073000025 ], [ -15.85460113399995, 16.49260733300008 ], [ -15.856574469999885, 16.491829957999983 ], [ -15.859384979999902, 16.491829957999983 ], [ -15.860461344999976, 16.492368141000043 ], [ -15.861238719999903, 16.494281679000096 ], [ -15.861657306999973, 16.496075620999989 ], [ -15.861418113999832, 16.497989160000145 ], [ -15.860999527999923, 16.50079966900006 ], [ -15.860700536999957, 16.504507149000062 ], [ -15.860999527999923, 16.506899072000181 ], [ -15.861657306999973, 16.508872409000105 ], [ -15.86327185399989, 16.511025139000083 ], [ -15.865304988999981, 16.512819080999975 ], [ -15.867039132999935, 16.513536658000135 ], [ -15.87146418999987, 16.514553226000032 ], [ -15.875470660999895, 16.515270802000089 ], [ -15.882885621999947, 16.516526562000081 ], [ -15.886772496999981, 16.517004947000089 ], [ -15.890061390999961, 16.517184341000018 ], [ -15.892752303999941, 16.517184341000018 ], [ -15.89580200599994, 16.516825552000114 ], [ -15.897894937999979, 16.516347168000152 ], [ -15.900286860999927, 16.515450197000064 ], [ -15.903097369999955, 16.514971812 ], [ -15.906505859999982, 16.514433629000166 ], [ -15.91063192699994, 16.513955245000034 ], [ -15.914578599999913, 16.513536658000135 ], [ -15.917688099999964, 16.512101505000146 ], [ -15.92193376299997, 16.510128168 ], [ -15.930783877999943, 16.505762909000055 ], [ -15.93401297399987, 16.504088563000039 ], [ -15.936464693999937, 16.50241421700008 ], [ -15.940351568999859, 16.498766535000073 ], [ -15.941726924999955, 16.497271583000042 ], [ -15.944537433999812, 16.494461073000025 ], [ -15.947826327999962, 16.491770160000044 ], [ -15.950696635999975, 16.490095814000028 ], [ -15.954284519999931, 16.488301872000136 ], [ -15.960025134999967, 16.486268738000092 ], [ -15.963912008999955, 16.485252170000024 ], [ -15.966961710999954, 16.484713988000067 ], [ -15.969413431999953, 16.484833584 ], [ -15.972881719999975, 16.485969747000127 ], [ -15.973599296999907, 16.487225507000119 ], [ -15.974137479999968, 16.488959651000073 ], [ -15.975333440999975, 16.491052583000055 ], [ -15.977127382999981, 16.492726929000071 ], [ -15.979459507999934, 16.494341477000035 ], [ -15.986455882999905, 16.498467544000107 ], [ -15.993093468999859, 16.501577043999987 ], [ -15.997697919999894, 16.502533813000014 ], [ -16.000508428999979, 16.502713207000113 ], [ -16.002737773999968, 16.502713207000113 ], [ -16.003378736999878, 16.502713207000113 ], [ -16.006129447999854, 16.502055429000052 ], [ -16.00858116899991, 16.501098659000149 ], [ -16.010375110999973, 16.500381083000093 ], [ -16.012647437999931, 16.499065525000105 ], [ -16.013962995999975, 16.497630371000014 ], [ -16.016414716999975, 16.495417843000098 ], [ -16.01946441799987, 16.492726929000071 ], [ -16.029510493999965, 16.484713988000067 ], [ -16.032321003999982, 16.482740651000142 ], [ -16.035071714999901, 16.481066305000184 ], [ -16.038300810999942, 16.479750748000129 ], [ -16.040931925999928, 16.478793979000102 ], [ -16.04344344499998, 16.478315594000037 ], [ -16.046433348999926, 16.477837209000143 ], [ -16.04996143499983, 16.477897007000138 ], [ -16.052771943999915, 16.478195998000103 ], [ -16.055163866999976, 16.478913575000036 ], [ -16.057137203999957, 16.480109536000157 ], [ -16.059469327999921, 16.482322065000119 ], [ -16.059887914999933, 16.483637622 ], [ -16.060545693999927, 16.486029545000122 ], [ -16.061203471999875, 16.487883286000113 ], [ -16.062160241999948, 16.489438035000035 ], [ -16.064073779999887, 16.491889756000148 ], [ -16.066166711999927, 16.494281679000096 ], [ -16.068558634999874, 16.497211785000047 ], [ -16.071608336999873, 16.501098659000149 ], [ -16.074478643999953, 16.504985534000127 ], [ -16.076033393999978, 16.507198063000146 ], [ -16.078425316999926, 16.509111601000029 ], [ -16.081534816999977, 16.511503524000091 ], [ -16.086498056999972, 16.514373831 ], [ -16.092597459999979, 16.51766272499998 ], [ -16.098936055999957, 16.52148980200019 ], [ -16.101208382999857, 16.522984754000106 ], [ -16.102105353999889, 16.524659100000065 ], [ -16.102703333999898, 16.526333446000024 ], [ -16.10234454599987, 16.528127388000144 ], [ -16.101447574999952, 16.531834868000146 ], [ -16.101028987999939, 16.533509214000105 ], [ -16.100012420999917, 16.539249829000028 ], [ -16.100012420999917, 16.540744781000058 ], [ -16.100490805999982, 16.543196502000171 ], [ -16.101208382999857, 16.545409031000133 ], [ -16.101746564999871, 16.547023579000154 ], [ -16.10264353599996, 16.54869792500017 ], [ -16.103839497999957, 16.550252674000092 ], [ -16.105155054999898, 16.551927020000051 ], [ -16.106530410999937, 16.553003386000114 ], [ -16.108623342999977, 16.554199347000065 ], [ -16.11131425699989, 16.555335511000067 ], [ -16.115799111999877, 16.555993289000185 ], [ -16.11854982299991, 16.556053087000123 ], [ -16.123333668999976, 16.555514905 ], [ -16.125486399999943, 16.555036520000158 ], [ -16.12889488999997, 16.554019953000136 ], [ -16.135592273999976, 16.553003386000114 ], [ -16.142708243999948, 16.552345607000177 ], [ -16.144741378999981, 16.552046617000087 ], [ -16.148987041999874, 16.550790857000095 ], [ -16.15215633999992, 16.54977429000013 ], [ -16.158494934999908, 16.545289435000029 ], [ -16.159690896999905, 16.544153270999971 ], [ -16.160647665999932, 16.543196502000171 ], [ -16.162262213999952, 16.540744781000058 ], [ -16.163816963999977, 16.538651849000075 ], [ -16.166806866999934, 16.535422753000091 ], [ -16.173205260999964, 16.528785167000137 ], [ -16.17458061699989, 16.527469608999979 ], [ -16.176733346999924, 16.525436475000163 ], [ -16.178766481999958, 16.523881725000138 ], [ -16.180739817999893, 16.523582734000172 ], [ -16.183071942999959, 16.523762129000033 ], [ -16.184566894999932, 16.523343542000077 ], [ -16.186002047999978, 16.522087783000018 ], [ -16.186779422999905, 16.520951619000186 ], [ -16.188453768999977, 16.518739091000043 ], [ -16.190008518999946, 16.517363735000117 ], [ -16.191084884999896, 16.516825552000114 ], [ -16.193536605999896, 16.516526562000081 ], [ -16.196287316999928, 16.516526562000081 ], [ -16.198081258999878, 16.517722523000145 ], [ -16.200532979999934, 16.517543129000046 ], [ -16.20304449899993, 16.516765754000119 ], [ -16.208127334999915, 16.515749187000154 ], [ -16.212372997999921, 16.514971812 ], [ -16.216558862999875, 16.515390399000125 ], [ -16.218412602999877, 16.515808985000092 ], [ -16.220326141999919, 16.516646158000185 ], [ -16.223495439999965, 16.519097879000071 ], [ -16.227561707999882, 16.521190812000157 ], [ -16.229594842999973, 16.522087783000018 ], [ -16.231269188999875, 16.52268576300014 ], [ -16.237966572999881, 16.524958090000098 ], [ -16.240537889999928, 16.525615869000092 ], [ -16.244245369999874, 16.526393244000189 ], [ -16.247414667999919, 16.526752032000047 ], [ -16.25309548499996, 16.526572638000118 ], [ -16.256623570999921, 16.52621385000009 ], [ -16.261048628999959, 16.525376677 ], [ -16.262423983999952, 16.525077686000031 ], [ -16.263918935999925, 16.524360109000099 ], [ -16.270556521999879, 16.521011417000125 ], [ -16.272111271999904, 16.520174244000088 ], [ -16.273068040999931, 16.51951646599997 ], [ -16.27922724299998, 16.515031610000165 ], [ -16.280722193999964, 16.513476860000139 ], [ -16.282037751999951, 16.511981908000109 ], [ -16.283413107999934, 16.510128168 ], [ -16.284429674999956, 16.508274428000107 ], [ -16.285805029999892, 16.505463919000022 ], [ -16.286522606999938, 16.502892602000145 ], [ -16.286761799999908, 16.501038861000154 ], [ -16.286761799999908, 16.498467544000107 ], [ -16.286702001999856, 16.49643441000012 ], [ -16.28658240499982, 16.494879660000095 ], [ -16.286343212999896, 16.493145516000141 ], [ -16.285924626999929, 16.491471170000125 ], [ -16.285625635999963, 16.487823487000071 ], [ -16.285685433999959, 16.483577824000065 ], [ -16.286044222999976, 16.479272363000064 ], [ -16.286462808999943, 16.477418623000176 ], [ -16.28682159799996, 16.475863873000094 ], [ -16.288376347999929, 16.474069931000031 ], [ -16.289333116999956, 16.473412152000037 ], [ -16.29172503999996, 16.472814171000039 ], [ -16.293160192999949, 16.472574979000115 ], [ -16.29513352999993, 16.472395585000015 ], [ -16.296688279999955, 16.472335787000077 ], [ -16.298661615999947, 16.470960431000151 ], [ -16.301053538999895, 16.469286085000135 ], [ -16.303146470999877, 16.467252951000148 ], [ -16.304880614999831, 16.464741432000096 ], [ -16.306255970999928, 16.461691729999984 ], [ -16.307212739999954, 16.459299807000036 ], [ -16.307930316999943, 16.456967682000084 ], [ -16.308468499999947, 16.454994346000092 ], [ -16.309544864999907, 16.448894942999971 ], [ -16.309963450999931, 16.445905039000024 ], [ -16.310501633999934, 16.432809261000045 ], [ -16.310322239999948, 16.425633493000191 ], [ -16.310202643999901, 16.421088839000049 ], [ -16.310142845999906, 16.41983308000016 ], [ -16.310142845999906, 16.416962772000147 ], [ -16.310202643999901, 16.414032667000072 ], [ -16.310681027999976, 16.411879936000048 ], [ -16.311697595999874, 16.4099066 ], [ -16.312773960999948, 16.408172456000045 ], [ -16.313790527999913, 16.407215687000019 ], [ -16.315106085999901, 16.406199119000121 ], [ -16.316481440999894, 16.405601139000055 ], [ -16.318693969999913, 16.404943360000061 ], [ -16.321145690999913, 16.405361946000028 ], [ -16.322939632999919, 16.405720735000159 ], [ -16.324135594999973, 16.405720735000159 ], [ -16.325869738999927, 16.405242350000094 ], [ -16.327603882999938, 16.4045845710001 ], [ -16.329756612999972, 16.402491639000175 ], [ -16.331371160999822, 16.40039870600009 ], [ -16.332507324999938, 16.39860476399997 ], [ -16.33322490099988, 16.396810822000077 ], [ -16.334062073999974, 16.393880716000069 ], [ -16.334540458999925, 16.39113000500015 ], [ -16.334839448999901, 16.389037073000168 ], [ -16.334899246999953, 16.372712198999977 ], [ -16.334361064999939, 16.368167546000109 ], [ -16.333165102999942, 16.362905315000035 ], [ -16.332507324999938, 16.362486729000182 ], [ -16.331909343999939, 16.358061670999973 ], [ -16.331909343999939, 16.357104902000117 ], [ -16.331909343999939, 16.355490354000153 ], [ -16.332028939999873, 16.353517018000105 ], [ -16.332507324999938, 16.351782874000151 ], [ -16.333583689999898, 16.349390951000032 ], [ -16.335258035999971, 16.346580442000118 ], [ -16.341716227999939, 16.337491135000107 ], [ -16.346500072999959, 16.33468062500009 ], [ -16.348114620999979, 16.334202241000071 ], [ -16.349788966999938, 16.333963048000101 ], [ -16.350745736999897, 16.334082645000137 ], [ -16.353675841999973, 16.333903250000162 ], [ -16.357144129999938, 16.33127213500012 ], [ -16.359655648999933, 16.328581222000139 ], [ -16.361090802999911, 16.326727482000081 ], [ -16.362705350999931, 16.324634549 ], [ -16.364080706999914, 16.322302424000043 ], [ -16.365456061999964, 16.319611511000062 ], [ -16.366173638999896, 16.317996963000041 ], [ -16.367548994999936, 16.3142296850001 ], [ -16.368445965999967, 16.311239781000154 ], [ -16.368924349999872, 16.309087051000063 ], [ -16.369223340999895, 16.306994118000148 ], [ -16.369402734999937, 16.304482599000096 ], [ -16.369522330999871, 16.302748455000142 ], [ -16.369462532999876, 16.301373099000045 ], [ -16.369223340999895, 16.29969875300003 ], [ -16.367907782999964, 16.295692282000118 ], [ -16.366293234999944, 16.292821975000038 ], [ -16.365695253999945, 16.292044600000111 ], [ -16.362884744999917, 16.289832071000092 ], [ -16.362226965999923, 16.289832071000092 ], [ -16.36061241799996, 16.288097927000138 ], [ -16.358997869999939, 16.286244187000079 ], [ -16.357084331999886, 16.283553274000099 ], [ -16.355768774999945, 16.281280947000084 ], [ -16.355350187999932, 16.280383976000053 ], [ -16.354692408999938, 16.277214678000178 ], [ -16.354513014999952, 16.274583562999965 ], [ -16.354453216999957, 16.27302881300011 ], [ -16.354572812999891, 16.271593659000075 ], [ -16.354931601999908, 16.270218304000025 ], [ -16.355529581999917, 16.268783150000104 ], [ -16.357144129999938, 16.266809814000112 ], [ -16.358340091999935, 16.265673650000053 ], [ -16.359117466999976, 16.265135468000096 ], [ -16.360552619999964, 16.26417869900007 ], [ -16.362226965999923, 16.263162131000172 ], [ -16.363662119999958, 16.261846574000117 ], [ -16.365396263999969, 16.260172228000158 ], [ -16.366472628999873, 16.258916468000166 ], [ -16.367907782999964, 16.256464747000052 ], [ -16.368386167999915, 16.255627574000187 ], [ -16.368984147999925, 16.2541326220001 ], [ -16.370419301999902, 16.250365344000159 ], [ -16.371854455999937, 16.245641296000088 ], [ -16.372392638999941, 16.241874018000146 ], [ -16.372631830999921, 16.240080076000027 ], [ -16.372572032999869, 16.238764518000096 ], [ -16.372631830999921, 16.237987143000169 ], [ -16.373469003999844, 16.236073605000115 ], [ -16.375860926999962, 16.232306326000071 ], [ -16.377475474999869, 16.23003400000016 ], [ -16.379269416999875, 16.227821471000141 ], [ -16.385309021999831, 16.220884895000154 ], [ -16.388777309999909, 16.217655799000113 ], [ -16.390092867999954, 16.216519635000111 ], [ -16.392365194999968, 16.215383472000156 ], [ -16.393262165999886, 16.215024683000024 ], [ -16.396491261999927, 16.214008116000059 ], [ -16.399959549999835, 16.21352973200004 ], [ -16.403248443999928, 16.21382872200013 ], [ -16.405700164999928, 16.214606097000058 ], [ -16.411978961999921, 16.219210548999968 ], [ -16.413679999999886, 16.21991 ], [ -16.419800156999941, 16.217363510000041 ], [ -16.42592015699995, 16.214816844000154 ], [ -16.433847349999894, 16.212086779000117 ], [ -16.437437311999929, 16.208676751000098 ], [ -16.442666331999874, 16.2030782490001 ], [ -16.446609571999829, 16.196231532000184 ], [ -16.450552538999943, 16.189384738000172 ], [ -16.452492518999975, 16.184929725000075 ], [ -16.454432410999971, 16.180474691000029 ], [ -16.453945591999911, 16.173284715000023 ], [ -16.45345880799988, 16.166094732000147 ], [ -16.451705664999963, 16.161454346000085 ], [ -16.452436791999958, 16.153766664000102 ], [ -16.454626738999877, 16.148276650000071 ], [ -16.452306695999937, 16.142986673000166 ], [ -16.451666625999906, 16.135186684000018 ], [ -16.454091640999934, 16.129356683000026 ], [ -16.45471, 16.12371 ], [ -16.45451, 16.120040000000188 ], [ -16.449984430999905, 16.113945528000045 ], [ -16.445482016999961, 16.109323679 ], [ -16.443727266999929, 16.104350851000163 ], [ -16.448806085999934, 16.093682457000114 ], [ -16.455014081999934, 16.085887092 ], [ -16.460036965999961, 16.08132083300012 ], [ -16.46642972799998, 16.080711999000187 ], [ -16.471757029999878, 16.078124452000054 ], [ -16.474192366999944, 16.074167028000033 ], [ -16.47693212299987, 16.069752978 ], [ -16.476966749999974, 16.069758305 ], [ -16.479441631999975, 16.067094326000131 ], [ -16.480566843999952, 16.065883140000096 ], [ -16.489173147999907, 16.067817295000168 ], [ -16.497328076999906, 16.066861015000086 ], [ -16.502350960999934, 16.057271872000115 ], [ -16.508591513999875, 16.057271872000115 ], [ -16.510210036999979, 16.038646698000036 ], [ -16.510257720999903, 16.029674530000023 ], [ -16.510648726999932, 16.018371582000043 ], [ -16.510635375999982, 16.016471863000163 ], [ -16.51057624799995, 16.008657455 ], [ -16.510833739999953, 16.000780106000093 ], [ -16.512414931999956, 15.992946625 ], [ -16.513385772999982, 15.981180191000078 ], [ -16.513319015999969, 15.965482712000039 ], [ -16.515773772999978, 15.947212219000107 ], [ -16.516706466999949, 15.930434227000148 ], [ -16.517589568999938, 15.915535927000064 ], [ -16.519090651999932, 15.902959824000163 ], [ -16.519342421999909, 15.887261391000038 ], [ -16.521585463999941, 15.872523307999984 ], [ -16.521671294999976, 15.859556198 ], [ -16.523855208999919, 15.844620705000182 ], [ -16.526296615999968, 15.834939003000045 ], [ -16.526809953999873, 15.832904033999966 ], [ -16.527905475999944, 15.828561136000189 ], [ -16.528268813999944, 15.827120781000133 ], [ -16.531017302999942, 15.814064026000096 ], [ -16.543273925999927, 15.777608871000098 ], [ -16.54482459999997, 15.76926612900013 ], [ -16.543996810999943, 15.763971329000071 ], [ -16.547044753999899, 15.753480911000054 ], [ -16.555444716999887, 15.737017632000061 ], [ -16.567359923999902, 15.711231232000046 ], [ -16.582586287999959, 15.679782867000085 ], [ -16.589342116999887, 15.667805672000043 ], [ -16.590306933999955, 15.666095799000061 ], [ -16.591595228999893, 15.663812632000088 ], [ -16.591979979999962, 15.663130760000115 ], [ -16.600997924999945, 15.646181107000075 ], [ -16.617971419999947, 15.615707397 ], [ -16.640068053999983, 15.580381393000096 ], [ -16.660968780999951, 15.550016403000029 ], [ -16.67494773899989, 15.529718399000103 ], [ -16.688348769999891, 15.510552406000158 ], [ -16.716440200999841, 15.469962120000048 ], [ -16.725059508999948, 15.458930016000124 ], [ -16.745237349999968, 15.428080558999966 ], [ -16.761497497999926, 15.403817177000064 ], [ -16.782846450999955, 15.37145233200016 ], [ -16.807558059999906, 15.331585884000106 ], [ -16.808679580999978, 15.329847336000114 ], [ -16.809449100999871, 15.328655554000079 ], [ -16.809596266999904, 15.32842763300016 ], [ -16.825519561999954, 15.303763390000029 ], [ -16.845193862999963, 15.272125244000108 ], [ -16.884433745999956, 15.215330124 ], [ -16.927356719999977, 15.158921242000076 ], [ -16.983078002999889, 15.090780258000052 ], [ -17.030260085999942, 15.03773784599997 ], [ -17.041525057999877, 15.025367135000067 ], [ -17.064624785999968, 15.0 ], [ -17.071502685999917, 14.992446899000072 ], [ -17.098203658999978, 14.96404171000006 ], [ -17.107364654999913, 14.953131676000112 ], [ -17.108174648999977, 14.952166700000191 ], [ -17.108413441999915, 14.951882215000182 ], [ -17.110559463999948, 14.949325562000126 ], [ -17.114706038999941, 14.939673424000148 ], [ -17.120801925999899, 14.924003601000095 ], [ -17.126504897999951, 14.913830757000028 ], [ -17.132707595999932, 14.909147263000136 ], [ -17.138023375999978, 14.906132698000022 ], [ -17.168431140999928, 14.890237731000127 ], [ -17.175872802999947, 14.886347770999976 ], [ -17.176523208999924, 14.886007309000036 ], [ -17.176636284999972, 14.88594819500014 ], [ -17.185895919999894, 14.881107330000077 ], [ -17.226963042999898, 14.859575272000029 ], [ -17.28800773599994, 14.830654144 ], [ -17.303504796999903, 14.823384417000057 ], [ -17.327116012999966, 14.812308311000038 ], [ -17.32766248299987, 14.812051870000062 ], [ -17.330095290999907, 14.810910225000043 ], [ -17.35826966999997, 14.799983429000122 ], [ -17.366068786999904, 14.796958718000042 ], [ -17.366334967999933, 14.796855486000027 ], [ -17.366432189999955, 14.796817780000083 ], [ -17.380443572999923, 14.791382790000171 ], [ -17.41036796599991, 14.780252457000188 ], [ -17.419115247999969, 14.775920189000033 ], [ -17.419441222999978, 14.775758742999983 ], [ -17.42000775799994, 14.775477968000132 ], [ -17.420091628999955, 14.77543640100015 ], [ -17.447803496999938, 14.765870094000093 ], [ -17.449333827999965, 14.765473136000082 ], [ -17.46333694499998, 14.761840820000145 ], [ -17.469039916999918, 14.761977196000032 ], [ -17.473304748999965, 14.7624492650001 ], [ -17.47628784199992, 14.763970375000042 ], [ -17.478124618999971, 14.764986038000131 ], [ -17.480026244999976, 14.764966011000183 ], [ -17.482376098999907, 14.764201164000042 ], [ -17.486364364999929, 14.760312080000119 ], [ -17.491878509999935, 14.75707244900002 ], [ -17.496654509999928, 14.755540848000066 ], [ -17.503032683999834, 14.754658699000174 ], [ -17.505466460999855, 14.754631996000171 ], [ -17.507286071999943, 14.754095078000148 ], [ -17.509923934999961, 14.751995087000012 ], [ -17.511497497999869, 14.74990749400007 ], [ -17.512861251999936, 14.749374390000185 ], [ -17.514884948999963, 14.750128746000087 ], [ -17.515991210999971, 14.750220299000091 ], [ -17.517168044999949, 14.749450684000124 ], [ -17.518968581999957, 14.748062134000122 ], [ -17.52078056299996, 14.74779033700014 ], [ -17.523904799999912, 14.748872757000129 ], [ -17.525838851999879, 14.749464035000074 ], [ -17.526762008999981, 14.749238014000071 ], [ -17.528919219999921, 14.746800423000082 ], [ -17.529294967999931, 14.744021416000123 ], [ -17.528751372999977, 14.74175834700003 ], [ -17.527698516999919, 14.740508080000041 ], [ -17.526548385999888, 14.740268707000041 ], [ -17.524473189999981, 14.740291595000144 ], [ -17.520946502999948, 14.739717483999982 ], [ -17.518749236999952, 14.738732338000034 ], [ -17.515878676999932, 14.73725032800013 ], [ -17.51095199599996, 14.732385635000071 ], [ -17.505807876999938, 14.726424217000101 ], [ -17.504505156999983, 14.72269153600007 ], [ -17.503208159999872, 14.719462395000164 ], [ -17.499549865999938, 14.71697998000019 ], [ -17.49767494199989, 14.714982033000183 ], [ -17.495891570999959, 14.714497566000148 ], [ -17.493295669999952, 14.714237213 ], [ -17.491739272999951, 14.714253426000028 ], [ -17.490694045999874, 14.713543892000132 ], [ -17.489120482999965, 14.712047577000021 ], [ -17.489023208999924, 14.710031509000032 ], [ -17.486795424999968, 14.706272125 ], [ -17.479482650999955, 14.701594353000019 ], [ -17.477645873999961, 14.698763847000123 ], [ -17.475511344999973, 14.69934117400004 ], [ -17.475456237999879, 14.699356079000097 ], [ -17.473436355999979, 14.695462227000178 ], [ -17.476476668999908, 14.692440033000025 ], [ -17.473932265999906, 14.68904209100009 ], [ -17.469806670999958, 14.685178757000187 ], [ -17.470222472999978, 14.679941177000103 ], [ -17.46815109299996, 14.677969933000043 ], [ -17.470174788999941, 14.675599098000077 ], [ -17.464340209999932, 14.675992965999967 ], [ -17.462078093999878, 14.678176880000024 ], [ -17.45939636199995, 14.677846908999982 ], [ -17.45835113499993, 14.677137375000086 ], [ -17.458850860999974, 14.674260139000069 ], [ -17.458108901999935, 14.673342704999982 ], [ -17.453210830999922, 14.673892975000058 ], [ -17.451366424999947, 14.672701836000158 ], [ -17.450122832999966, 14.672715187000108 ], [ -17.446796416999973, 14.669902802000024 ], [ -17.44614028899997, 14.668149948000121 ], [ -17.443607329999907, 14.66616249100008 ], [ -17.443271636999953, 14.663424492000104 ], [ -17.443902968999964, 14.659823418000087 ], [ -17.443525313999942, 14.658688545000018 ], [ -17.440212249999945, 14.656943321000085 ], [ -17.437988280999946, 14.654615402000104 ], [ -17.435768126999903, 14.651432037000063 ], [ -17.434764861999952, 14.647695541000132 ], [ -17.433715819999918, 14.646697044000064 ], [ -17.432376861999899, 14.646206856000163 ], [ -17.43184471099994, 14.64813232400013 ], [ -17.430402755999978, 14.650140762000035 ], [ -17.431228637999936, 14.652053832999968 ], [ -17.431034087999933, 14.654405594000139 ], [ -17.433462142999929, 14.65544796000006 ], [ -17.433994292999955, 14.657222747999981 ], [ -17.432308196999827, 14.660043716000189 ], [ -17.431708825999976, 14.661623287000054 ], [ -17.431376648999844, 14.664064003000021 ], [ -17.431207876999906, 14.664617794000094 ], [ -17.431264572999964, 14.665127416000132 ], [ -17.431161879999934, 14.665937424000049 ], [ -17.428253173999963, 14.667605400000184 ], [ -17.4268968639999, 14.667729939000083 ], [ -17.426017585999887, 14.668381002000046 ], [ -17.424022674999947, 14.669073105000052 ], [ -17.421564967999927, 14.669785793000017 ], [ -17.421497344999977, 14.672303200000044 ], [ -17.421367644999918, 14.673871040000108 ], [ -17.422313689999953, 14.674057007000101 ], [ -17.423561095999958, 14.673034668000184 ], [ -17.425117492999959, 14.672946930000023 ], [ -17.426681518999942, 14.673723221000046 ], [ -17.43131256099997, 14.680484772 ], [ -17.432780200999957, 14.683973543000093 ], [ -17.433214187999909, 14.685005188000105 ], [ -17.433233260999884, 14.686806679000028 ], [ -17.431703567999875, 14.689056396000126 ], [ -17.430673598999931, 14.68986034400001 ], [ -17.429119109999931, 14.689876556000115 ], [ -17.420494079999912, 14.680381775000114 ], [ -17.420280456999933, 14.685463905000177 ], [ -17.424081801999932, 14.688976288000049 ], [ -17.424108504999936, 14.691356659000121 ], [ -17.424566268999968, 14.693235397000137 ], [ -17.425362592999875, 14.694381964000058 ], [ -17.425410022999813, 14.694735712000181 ], [ -17.425325087999965, 14.695242012000165 ], [ -17.424398912999891, 14.696563696000112 ], [ -17.423557280999887, 14.697757721000016 ], [ -17.420589446999941, 14.700204848999988 ], [ -17.417495727999835, 14.701374054000041 ], [ -17.417930602999945, 14.706006050000099 ], [ -17.419754027999886, 14.705631256000174 ], [ -17.422136306999903, 14.705046654000114 ], [ -17.423696517999872, 14.705319405000068 ], [ -17.42481040999985, 14.707035065000071 ], [ -17.425704955999947, 14.705355644000122 ], [ -17.430278777999945, 14.709287643000096 ], [ -17.4310779569999, 14.712050438000176 ], [ -17.4310779569999, 14.715425491000076 ], [ -17.430379867999875, 14.718179703000089 ], [ -17.429840087999878, 14.720785141000022 ], [ -17.426130294999894, 14.725620270000093 ], [ -17.423000335999916, 14.728300095000066 ], [ -17.418464660999973, 14.731189728000174 ], [ -17.415195464999954, 14.733071327000118 ], [ -17.413834551999969, 14.733468906000098 ], [ -17.413249635999875, 14.733639773000107 ], [ -17.407226562999881, 14.7353992460001 ], [ -17.403213500999925, 14.736571312000081 ], [ -17.398217417999888, 14.737418846000025 ], [ -17.387601851999875, 14.739219666 ], [ -17.364408492999928, 14.738722801000051 ], [ -17.345928191999974, 14.736100197000098 ], [ -17.326290130999951, 14.729235649000032 ], [ -17.305632997999965, 14.719723705000092 ], [ -17.304843902999949, 14.719360351999967 ], [ -17.301347732999886, 14.717943192000121 ], [ -17.300729608999973, 14.717692805000127 ], [ -17.28921699499989, 14.713028908000126 ], [ -17.282766341999888, 14.71093273200006 ], [ -17.280780791999916, 14.71095180500015 ], [ -17.278327941999919, 14.711620331 ], [ -17.276014327999974, 14.711826324000128 ], [ -17.271038054999906, 14.710771561000172 ], [ -17.262731551999877, 14.707633972000167 ], [ -17.257007598999962, 14.705265044999976 ], [ -17.256074904999878, 14.704878807 ], [ -17.255893706999927, 14.704803466999977 ], [ -17.247640609999962, 14.699939728000174 ], [ -17.244170450999889, 14.697504253000034 ], [ -17.238592147999952, 14.693589211000074 ], [ -17.231914519999975, 14.68785858200016 ], [ -17.220342635999941, 14.679645538000045 ], [ -17.204051970999956, 14.667567253000129 ], [ -17.196985244999951, 14.660552025000015 ], [ -17.194128777999936, 14.65787699800012 ], [ -17.186805724999942, 14.651019096000084 ], [ -17.186725615999876, 14.650944710000147 ], [ -17.18440437299995, 14.648232460000088 ], [ -17.182949065999878, 14.64653396600005 ], [ -17.178413390999935, 14.640783310000131 ], [ -17.174312591999922, 14.635501862000126 ], [ -17.164329528999929, 14.624847412000179 ], [ -17.156412124999974, 14.612906456000189 ], [ -17.154447555999923, 14.609941483000114 ], [ -17.153394698999932, 14.607581139 ], [ -17.150814055999945, 14.601784706000103 ], [ -17.150123595999958, 14.600235939000129 ], [ -17.149274825999953, 14.597851753000043 ], [ -17.148529052999891, 14.595760345000031 ], [ -17.146896361999893, 14.591177940000023 ], [ -17.145719527999972, 14.587877274000164 ], [ -17.145217895999906, 14.58696079300006 ], [ -17.14479344699987, 14.586186270000042 ], [ -17.144674695999925, 14.585969577000128 ], [ -17.143732074999832, 14.584249468000166 ], [ -17.138696674999949, 14.575055090999967 ], [ -17.132730487999936, 14.567854848000081 ], [ -17.125873569999953, 14.562784160000149 ], [ -17.115074161999928, 14.554570161000072 ], [ -17.110857014999965, 14.550541839000175 ], [ -17.108015064999904, 14.547826728000132 ], [ -17.106025700999965, 14.543821294 ], [ -17.103691105999928, 14.537122684000167 ], [ -17.097587590999922, 14.525683358000094 ], [ -17.092960362999975, 14.51179880899997 ], [ -17.091133123999953, 14.500940271000047 ], [ -17.08724022499996, 14.492486899000141 ], [ -17.086826329999951, 14.492091124000126 ], [ -17.082107549999932, 14.487581197000111 ], [ -17.078804021999872, 14.483896199000071 ], [ -17.07180405299988, 14.473348558000168 ], [ -17.067991262999897, 14.473381936000067 ], [ -17.065431600999943, 14.471635758 ], [ -17.058774953999944, 14.458608563000098 ], [ -17.057559972999968, 14.454993183000113 ], [ -17.053714757999956, 14.45149033600012 ], [ -17.03660965499995, 14.447748117000174 ], [ -17.03325272099994, 14.448399477000066 ], [ -17.030466084999944, 14.448604517000149 ], [ -17.02934647099994, 14.44819157600017 ], [ -17.02803993699996, 14.447599344000025 ], [ -17.025405888999956, 14.444241456000043 ], [ -17.021907810999892, 14.44125359300017 ], [ -17.018674854999915, 14.440255096000044 ], [ -17.014938358999927, 14.438355376000061 ], [ -17.0130176589999, 14.438371589000099 ], [ -17.010601047999955, 14.438633849000098 ], [ -17.009113315999969, 14.438465049000172 ], [ -17.005807880999953, 14.43638126999997 ], [ -17.001899723999884, 14.432399679000127 ], [ -16.9905052229999, 14.419638559000134 ], [ -16.987224582999886, 14.416739389000099 ], [ -16.984613421999939, 14.41591541400004 ], [ -16.982683185999917, 14.414905472000157 ], [ -16.980495456999904, 14.41281120300016 ], [ -16.975875857999881, 14.409047050000027 ], [ -16.972642901999905, 14.407806319000088 ], [ -16.969589236999923, 14.405960959000026 ], [ -16.966524126999957, 14.402787130000036 ], [ -16.963682177999942, 14.40012446999998 ], [ -16.959474565999869, 14.393881717000113 ], [ -16.957044603999975, 14.388860620000059 ], [ -16.953542711999944, 14.385268128 ], [ -16.949851991999935, 14.381314193000151 ], [ -16.945791246999875, 14.374013814000023 ], [ -16.94444275099994, 14.368591221000145 ], [ -16.943334581999977, 14.365854175000152 ], [ -16.940080644999966, 14.362137705000123 ], [ -16.936330796999869, 14.358305841000174 ], [ -16.935066224999957, 14.355418114000088 ], [ -16.934606553999913, 14.352463630000045 ], [ -16.932603837999977, 14.346413519000123 ], [ -16.931695939999884, 14.341712857 ], [ -16.930564881999942, 14.336258792000024 ], [ -16.931716920999918, 14.326228043000071 ], [ -16.932708741999932, 14.318907637000109 ], [ -16.933389664999879, 14.311777012000164 ], [ -16.932039261999876, 14.298624886000141 ], [ -16.930730820999884, 14.290544401000091 ], [ -16.929719925999905, 14.288137327000072 ], [ -16.929327012999977, 14.285604367000076 ], [ -16.926734925999938, 14.286833654000134 ], [ -16.921527862999937, 14.286513219000142 ], [ -16.914995193999971, 14.283063778000098 ], [ -16.906246184999929, 14.273955232 ], [ -16.895256040999925, 14.259212377000097 ], [ -16.88523579699995, 14.246683033000068 ], [ -16.881053921999978, 14.241454004000047 ], [ -16.878578183999878, 14.237558243000024 ], [ -16.876440045999971, 14.23229872800016 ], [ -16.873264309999968, 14.223048084000027 ], [ -16.870466228999874, 14.211750855999981 ], [ -16.868530269999951, 14.193894253000053 ], [ -16.867153163999944, 14.185565813000153 ], [ -16.861408228999949, 14.182035310000174 ], [ -16.855522150999946, 14.17731557400009 ], [ -16.852167123999891, 14.172575812000161 ], [ -16.847831719999931, 14.165204861000177 ], [ -16.842197411999962, 14.158950664000088 ], [ -16.828943244999891, 14.147416924000026 ], [ -16.826843252999879, 14.144042823000177 ], [ -16.82188605399989, 14.142711494000082 ], [ -16.812961568999981, 14.138214918000187 ], [ -16.806177128999877, 14.134158941000067 ], [ -16.80166052699991, 14.1291721770001 ], [ -16.796205508999947, 14.119825212000023 ], [ -16.791723238999964, 14.110795822000114 ], [ -16.784603104999974, 14.093310199000086 ], [ -16.78311537299993, 14.086605866000014 ], [ -16.781173691999925, 14.07762225200014 ], [ -16.776931747999981, 14.064874483999972 ], [ -16.774877532999881, 14.058370424000088 ], [ -16.774814589999949, 14.057705712000143 ], [ -16.77461969999996, 14.055634393000105 ], [ -16.774587034999911, 14.055287226000075 ], [ -16.774168014999816, 14.050833701999977 ], [ -16.773859023999933, 14.047554970000135 ], [ -16.772420882999938, 14.034264565000115 ], [ -16.770437240999968, 14.011068344000137 ], [ -16.767486571999882, 13.983183860999986 ], [ -16.766250609999929, 13.96141624500018 ], [ -16.765243529999907, 13.943167686000095 ], [ -16.762332915999878, 13.929105759000038 ], [ -16.758543895999878, 13.930411749000086 ], [ -16.76041528199994, 13.94319955300017 ], [ -16.758855793999942, 13.960042027000156 ], [ -16.754489225999976, 13.971582240000089 ], [ -16.748875067999961, 13.979379682000115 ], [ -16.736711059999891, 13.983746248999978 ], [ -16.734082814999965, 13.983021216000111 ], [ -16.729010546999859, 13.98162197 ], [ -16.727666027999874, 13.981251068000063 ], [ -16.724547050999945, 13.977508296000167 ], [ -16.726067861999979, 13.973361823000175 ], [ -16.733280185999888, 13.96440859400002 ], [ -16.74263711499998, 13.952556483000023 ], [ -16.743260910999879, 13.945070939000118 ], [ -16.739518138999927, 13.931659340000181 ], [ -16.737646752999979, 13.922614308 ], [ -16.739518138999927, 13.91419307100017 ], [ -16.736711059999891, 13.909826504000137 ], [ -16.736087263999877, 13.900469574000056 ], [ -16.738582445999953, 13.89360782600005 ], [ -16.739518138999927, 13.888305566000099 ], [ -16.741077626999981, 13.874893966000116 ], [ -16.739518138999927, 13.862729958000102 ], [ -16.737646752999979, 13.84713507500004 ], [ -16.733903980999912, 13.837778145000186 ], [ -16.729225515999872, 13.829356907999966 ], [ -16.723611357999971, 13.817816695000033 ], [ -16.716749609999965, 13.810331151000071 ], [ -16.707704577999948, 13.803781300000026 ], [ -16.693763732999969, 13.779972076000035 ], [ -16.692035674999943, 13.777677536000056 ], [ -16.684000355999899, 13.778517590000092 ], [ -16.67620291399993, 13.785067441000024 ], [ -16.677207333999888, 13.789759354000182 ], [ -16.673395834999951, 13.79286488200006 ], [ -16.641270375999909, 13.820935670999972 ], [ -16.62567549399995, 13.831540192000148 ], [ -16.611328200999878, 13.836530554000035 ], [ -16.596357113999886, 13.836530554000035 ], [ -16.590449068999931, 13.838639797000042 ], [ -16.582009820999929, 13.843704200000104 ], [ -16.575771867999947, 13.844327996000061 ], [ -16.57140530099997, 13.842768507000073 ], [ -16.568574673999933, 13.837542735000056 ], [ -16.567350630999954, 13.835282964000044 ], [ -16.567350630999954, 13.828733113000169 ], [ -16.573588584999925, 13.823742750000179 ], [ -16.595421420999912, 13.797855245000051 ], [ -16.60976871299988, 13.784755543000131 ], [ -16.6222446189999, 13.770720148000123 ], [ -16.630042060999926, 13.749199210000086 ], [ -16.634583278999969, 13.736221224000076 ], [ -16.635032422999871, 13.726118783000061 ], [ -16.639354557999923, 13.711269504000086 ], [ -16.639354235999974, 13.711269075000132 ], [ -16.639283258999967, 13.711160092000057 ], [ -16.638538360999974, 13.708511353 ], [ -16.637817382999913, 13.703639030000033 ], [ -16.636920928999928, 13.700230598000132 ], [ -16.635768889999895, 13.696152687000108 ], [ -16.635372161999953, 13.692741394000052 ], [ -16.63292312599998, 13.69044113200016 ], [ -16.630960463999941, 13.686368942000172 ], [ -16.623451232999912, 13.669345856000177 ], [ -16.617744445999961, 13.655726433000098 ], [ -16.615243911999926, 13.653113365000081 ], [ -16.613220214999899, 13.651000023000051 ], [ -16.60670852699991, 13.647261620000052 ], [ -16.597953795999956, 13.643903732000069 ], [ -16.593465804999937, 13.641512871000032 ], [ -16.59094238299997, 13.64016914400014 ], [ -16.586702346999971, 13.635621071000173 ], [ -16.585620879999965, 13.633365631000061 ], [ -16.584976195999957, 13.630325317000029 ], [ -16.584871291999889, 13.629735947000086 ], [ -16.584329604999937, 13.626675606000106 ], [ -16.584136962999821, 13.624545097000123 ], [ -16.581317901999967, 13.622257233000028 ], [ -16.574897765999822, 13.616773605000162 ], [ -16.570253371999968, 13.614454269000134 ], [ -16.566135405999944, 13.610825539000075 ], [ -16.562723159999962, 13.605975151000052 ], [ -16.561082839999926, 13.60015583 ], [ -16.561059653999962, 13.600070999000025 ], [ -16.556669637999903, 13.600080529000081 ], [ -16.54750445399992, 13.600100088000033 ], [ -16.538339269999938, 13.600119309000092 ], [ -16.52917408299993, 13.600138194000181 ], [ -16.520008894999819, 13.600156740999978 ], [ -16.510843705999889, 13.600174950000167 ], [ -16.50167851599997, 13.600192823000157 ], [ -16.492513323999958, 13.600210359000187 ], [ -16.483348129999968, 13.600227556999982 ], [ -16.474182935999977, 13.600244418000045 ], [ -16.465017739999951, 13.600260942000034 ], [ -16.455852542999935, 13.60027712800013 ], [ -16.44668734399994, 13.60029297799997 ], [ -16.437522144999946, 13.600308490000032 ], [ -16.428356943999859, 13.600323665000133 ], [ -16.419191741999953, 13.600338502000056 ], [ -16.410026538999944, 13.600353003000066 ], [ -16.400861334999945, 13.600367166000069 ], [ -16.3916961299999, 13.600380992000169 ], [ -16.38253092399998, 13.600394481000137 ], [ -16.37336571599991, 13.600407633000145 ], [ -16.364200507999897, 13.600420447000147 ], [ -16.355035298999894, 13.600432925000121 ], [ -16.345870088999959, 13.600445065000031 ], [ -16.336704876999875, 13.600456867000162 ], [ -16.327539664999961, 13.600468333000038 ], [ -16.318374452999876, 13.600479461000077 ], [ -16.313739935999934, 13.600484918000063 ], [ -16.30920923899987, 13.600490252000156 ], [ -16.300044023999931, 13.600500706000105 ], [ -16.290878808999935, 13.600510822999979 ], [ -16.281713592999949, 13.600520602000188 ], [ -16.272548375999918, 13.600530044999971 ], [ -16.263383157999897, 13.600539150000088 ], [ -16.254217939999933, 13.600547918000132 ], [ -16.245052720999979, 13.600556348000111 ], [ -16.235887501999969, 13.600564442000064 ], [ -16.226722281999969, 13.600572198000179 ], [ -16.21755706099998, 13.600579617000164 ], [ -16.208391839999877, 13.600586698000143 ], [ -16.199226617999955, 13.600593443000093 ], [ -16.19006139499993, 13.600599850000151 ], [ -16.180896172999951, 13.600605920000135 ], [ -16.171730948999937, 13.600611653000158 ], [ -16.162565725999912, 13.600617048000174 ], [ -16.15340050199984, 13.600622107000163 ], [ -16.146681354999885, 13.600625568000169 ], [ -16.144235276999893, 13.600626828000088 ], [ -16.13507005199989, 13.60063121200011 ], [ -16.125904826999886, 13.600635259000171 ], [ -16.116739601999882, 13.600638968 ], [ -16.107574375999889, 13.600642340000149 ], [ -16.098409149999952, 13.600645375000113 ], [ -16.091500320999955, 13.600647409000089 ], [ -16.089243923999959, 13.600648073000173 ], [ -16.085665817999939, 13.600648995000029 ], [ -16.080078696999976, 13.600650434000102 ], [ -16.070913470999926, 13.600652456999967 ], [ -16.061748243999943, 13.600654143000099 ], [ -16.052583016999847, 13.600655492000158 ], [ -16.043417789999921, 13.600656504000028 ], [ -16.034252563999928, 13.60065717800012 ], [ -16.025087336999889, 13.600657515000023 ], [ -16.015922108999973, 13.600657515000023 ], [ -16.006756881999877, 13.60065717800012 ], [ -15.997591655999884, 13.600656504000028 ], [ -15.997360673999879, 13.600656478000076 ], [ -15.988426428999958, 13.600655492000158 ], [ -15.979261201999975, 13.600654143000099 ], [ -15.970095974999936, 13.600652456999967 ], [ -15.960930748999942, 13.600650434000102 ], [ -15.95176552199996, 13.600648073000173 ], [ -15.94260029599991, 13.600645375000113 ], [ -15.933435069999916, 13.600642340000149 ], [ -15.924269843999923, 13.600638968 ], [ -15.915104618999976, 13.600635259000171 ], [ -15.905939393999972, 13.60063121200011 ], [ -15.896774168999968, 13.600626828000088 ], [ -15.891441038999972, 13.600624081000149 ], [ -15.887608944999954, 13.600622107000163 ], [ -15.87844371999995, 13.60061704900005 ], [ -15.869278496999982, 13.600611653000158 ], [ -15.860113272999968, 13.600605920000135 ], [ -15.850948050999932, 13.600599850000151 ], [ -15.848472646999937, 13.600598120000029 ], [ -15.841782827999964, 13.600593443000093 ], [ -15.832617605999928, 13.600586699000075 ], [ -15.823452384999939, 13.600579617000164 ], [ -15.814287163999836, 13.600572198000179 ], [ -15.805121943999893, 13.600564442000064 ], [ -15.795956724999883, 13.600556349000044 ], [ -15.786791505999815, 13.600547918000132 ], [ -15.777626287999965, 13.600539150000088 ], [ -15.768461069999887, 13.600530044999971 ], [ -15.759295852999969, 13.600520603000064 ], [ -15.753831870999875, 13.600514773000157 ], [ -15.75013063699987, 13.600510822999979 ], [ -15.740965421999931, 13.600500707000037 ], [ -15.731800206999935, 13.600490253000089 ], [ -15.722634992999929, 13.600479462000123 ], [ -15.713469780999958, 13.600468333000038 ], [ -15.70430456899993, 13.600456868000038 ], [ -15.695139356999903, 13.600445065000031 ], [ -15.685974146999911, 13.600432925000121 ], [ -15.676808937999908, 13.600420448000079 ], [ -15.667643729999895, 13.600407634000078 ], [ -15.658478521999882, 13.60039448200007 ], [ -15.649313315999962, 13.600380993000101 ], [ -15.640148110999974, 13.600367167000172 ], [ -15.630982906999975, 13.600353004000169 ], [ -15.621817703999966, 13.600338503000103 ], [ -15.612652501999946, 13.600323665000133 ], [ -15.603487300999973, 13.600308490000032 ], [ -15.594322101999865, 13.60029297799997 ], [ -15.585156902999927, 13.600277129 ], [ -15.575991705999854, 13.600260942000034 ], [ -15.566826509999942, 13.600244419000148 ], [ -15.557661315999951, 13.600227558000086 ], [ -15.548496121999904, 13.600210359000187 ], [ -15.539330929999835, 13.600192824000032 ], [ -15.530165739999916, 13.600174951000099 ], [ -15.521000550999929, 13.600156740999978 ], [ -15.511835362999818, 13.600138194000181 ], [ -15.502670175999981, 13.600119310000025 ], [ -15.493504991999885, 13.600100089000136 ], [ -15.484339807999959, 13.600080530000184 ], [ -15.475174625999955, 13.600060634000158 ], [ -15.466009445999873, 13.600040401000172 ], [ -15.465632527999958, 13.606022933000077 ], [ -15.465503456999954, 13.609034580000127 ], [ -15.465326683999876, 13.614072615000168 ], [ -15.465272920999951, 13.615346939000062 ], [ -15.465052413999842, 13.61982006500017 ], [ -15.464968933999955, 13.621274011000025 ], [ -15.464392103999899, 13.627130672000135 ], [ -15.464106365999896, 13.629127713000059 ], [ -15.463573080999936, 13.632800830000122 ], [ -15.462822760999927, 13.637525340000082 ], [ -15.462664134999955, 13.638377222000031 ], [ -15.461972236999884, 13.642092968000156 ], [ -15.461763917999974, 13.643174853000062 ], [ -15.46042757399988, 13.64890611800007 ], [ -15.459023500999876, 13.654790701000138 ], [ -15.458054091999884, 13.658768700000053 ], [ -15.45723336199984, 13.661640123000041 ], [ -15.456047243999933, 13.665543426000113 ], [ -15.455698851999955, 13.666663609000182 ], [ -15.454375814999935, 13.670821725000167 ], [ -15.453836612999964, 13.672461712000029 ], [ -15.451763621999874, 13.677969516000132 ], [ -15.451159033999943, 13.679394316000071 ], [ -15.448859469999945, 13.684686465000141 ], [ -15.445015016999889, 13.693387921000181 ], [ -15.442586236999944, 13.698748353000099 ], [ -15.442568607999874, 13.698784082000145 ], [ -15.440087453999865, 13.703809750000119 ], [ -15.438062231999879, 13.707672963000107 ], [ -15.435542160999944, 13.712209089999988 ], [ -15.434810843999969, 13.713500252000074 ], [ -15.432813987999964, 13.716793941 ], [ -15.429764986999942, 13.721588382000164 ], [ -15.428654163999965, 13.723292246000085 ], [ -15.425226283999905, 13.728075848000117 ], [ -15.422531279999873, 13.731419599999981 ], [ -15.418103655999971, 13.736652247000166 ], [ -15.417065256999877, 13.737857659000042 ], [ -15.413564969999982, 13.741594879 ], [ -15.413042316999906, 13.742152908999969 ], [ -15.412435128999959, 13.742721603000177 ], [ -15.408747067999968, 13.746175849000167 ], [ -15.404197902999954, 13.749909252000066 ], [ -15.403953446999822, 13.750096165000173 ], [ -15.398318289999963, 13.754389618 ], [ -15.395521605999932, 13.756436474000111 ], [ -15.390557299999955, 13.759924904000059 ], [ -15.388814837999917, 13.761119017 ], [ -15.385463198999901, 13.763252948000115 ], [ -15.381035574999942, 13.765936356000111 ], [ -15.379978861999973, 13.766561523 ], [ -15.379389660999891, 13.7669101030001 ], [ -15.374199554999905, 13.769684272000063 ], [ -15.371970268999917, 13.770745841 ], [ -15.367005963999873, 13.773026738 ], [ -15.363874817999886, 13.77439395000016 ], [ -15.36000422799998, 13.775893512000096 ], [ -15.355174093999949, 13.777637728000173 ], [ -15.353536877999943, 13.778211156000168 ], [ -15.3479052859999, 13.779919481000036 ], [ -15.342174020999892, 13.781255824000027 ], [ -15.340516906999937, 13.781569322 ], [ -15.33528426099997, 13.782508514000085 ], [ -15.331134979999945, 13.783153657000128 ], [ -15.328406349999852, 13.783470573000045 ], [ -15.323127450999948, 13.784002115000135 ], [ -15.319999420999977, 13.784262029000161 ], [ -15.315277891999926, 13.784447096000122 ], [ -15.310395254999946, 13.784510098000169 ], [ -15.303353088999927, 13.78432503200014 ], [ -15.297496428999864, 13.783748201000094 ], [ -15.291690033999942, 13.782789561000186 ], [ -15.28904963899987, 13.782223014000124 ], [ -15.284720768999819, 13.781225959000096 ], [ -15.281629899999871, 13.780456163 ], [ -15.275998307999942, 13.778747837000083 ], [ -15.270490501999859, 13.776674847000152 ], [ -15.265892072999975, 13.774617390000174 ], [ -15.262269470999968, 13.772873174000097 ], [ -15.26150746899998, 13.772501851000186 ], [ -15.248994464999953, 13.75870996000009 ], [ -15.245103427999936, 13.753071588000068 ], [ -15.241508854999893, 13.747704122000016 ], [ -15.225750626999968, 13.746312191000072 ], [ -15.215562934999923, 13.748008470000173 ], [ -15.199113540999974, 13.759366862000093 ], [ -15.196197133999874, 13.760515751000014 ], [ -15.190934015999972, 13.763801581000109 ], [ -15.188230058999977, 13.765680810999982 ], [ -15.186384815999872, 13.766881357000045 ], [ -15.182359703999907, 13.769430595000074 ], [ -15.179207392999956, 13.771337727000173 ], [ -15.176790610999831, 13.772683924999967 ], [ -15.169545408999966, 13.776574867000022 ], [ -15.166772084999934, 13.778002838000134 ], [ -15.161411652999959, 13.780431618000023 ], [ -15.154984167999885, 13.783869579 ], [ -15.151713159999872, 13.785791827000082 ], [ -15.151626576999888, 13.785842642000091 ], [ -15.148725747999947, 13.787542996000127 ], [ -15.148214024999902, 13.78784068900012 ], [ -15.143023919999905, 13.790614858000083 ], [ -15.13918352099995, 13.792397604000143 ], [ -15.133950873999879, 13.794678502000011 ], [ -15.132430840999973, 13.795324535000134 ], [ -15.127929570999925, 13.80149952000005 ], [ -15.124932564999938, 13.802794086000063 ], [ -15.121075323999946, 13.804586357000119 ], [ -15.117051458999981, 13.806333437000092 ], [ -15.111436326999979, 13.808515200000045 ], [ -15.109914965999963, 13.809016915000086 ], [ -15.105708125999968, 13.81050318500013 ], [ -15.104127810999955, 13.811017256000127 ], [ -15.093951567999966, 13.814327554999977 ], [ -15.078344162999883, 13.819812558000081 ], [ -15.071719871999903, 13.822328294000044 ], [ -15.065104654999857, 13.824717257999964 ], [ -15.060348777999877, 13.825505139000086 ], [ -15.050398040999937, 13.822165063999989 ], [ -15.045882631999973, 13.82052324600005 ], [ -15.032303192999962, 13.814530089000073 ], [ -15.026571928999942, 13.813193745000149 ], [ -15.0209403369999, 13.81148542000011 ], [ -15.020138954999936, 13.811209169000108 ], [ -15.017455546999884, 13.810269977000189 ], [ -15.012749123999924, 13.808473236000111 ], [ -15.00738869099996, 13.806044456000052 ], [ -15.004527845999974, 13.80456942100011 ], [ -15.002783629999954, 13.803630228000145 ], [ -15.000454370999876, 13.802331094000124 ], [ -14.999308198999927, 13.801658009000107 ], [ -14.997885241999938, 13.800808180000047 ], [ -14.994035141999973, 13.798374443000057 ], [ -14.993627811999943, 13.798157200000105 ], [ -14.99337935799997, 13.798060148000047 ], [ -14.991783657999861, 13.798655766000138 ], [ -14.988324991999946, 13.799946764000026 ], [ -14.982693398999913, 13.801655089000064 ], [ -14.981228995999913, 13.802034304000074 ], [ -14.979082268999946, 13.802570986000092 ], [ -14.974815407999927, 13.803528114000017 ], [ -14.969009012999948, 13.804486754000152 ], [ -14.959617083999888, 13.805962629000135 ], [ -14.953803952999976, 13.806536596000115 ], [ -14.951514137999936, 13.806687793000094 ], [ -14.951470608999898, 13.806690657000161 ], [ -14.945588760999954, 13.806883209000091 ], [ -14.939706912999895, 13.806690657000161 ], [ -14.93198919799994, 13.806155141999966 ], [ -14.926164618999962, 13.805734437000069 ], [ -14.920307957999967, 13.805157606000023 ], [ -14.914501563999863, 13.804198966000115 ], [ -14.908770298999855, 13.802862623000124 ], [ -14.903138706999925, 13.801154298000085 ], [ -14.896564355999942, 13.799141741000085 ], [ -14.895301148999977, 13.798702439000181 ], [ -14.894438206999894, 13.798395123000148 ], [ -14.890193609999869, 13.796761436000054 ], [ -14.884833177999838, 13.794332656 ], [ -14.879643072999841, 13.791558486000156 ], [ -14.871886748999941, 13.787777618000177 ], [ -14.866378942999972, 13.785704627000143 ], [ -14.861747430999912, 13.783631233 ], [ -14.860350457999971, 13.782973132000166 ], [ -14.857788671999913, 13.781759610000108 ], [ -14.852598565999926, 13.778985441000032 ], [ -14.834529435999968, 13.768405320999989 ], [ -14.83366859299997, 13.767901267000013 ], [ -14.833596111999896, 13.767858822000164 ], [ -14.833115266999926, 13.767577238000115 ], [ -14.826495349999902, 13.76262661700008 ], [ -14.81839472199988, 13.757737514000098 ], [ -14.814371998999945, 13.753442113000062 ], [ -14.81063881599988, 13.748892810000143 ], [ -14.807211164999956, 13.744109080000101 ], [ -14.804103719999887, 13.739111411000067 ], [ -14.801329786999872, 13.733921203000136 ], [ -14.800116380999953, 13.731359371999986 ], [ -14.798384001999921, 13.727547702000095 ], [ -14.797168867999858, 13.724749011000085 ], [ -14.795618556999841, 13.720736975000136 ], [ -14.794453165999869, 13.717492341000082 ], [ -14.793930725999871, 13.715996495000127 ], [ -14.792222642999945, 13.710364841000114 ], [ -14.790886539999974, 13.704633528999977 ], [ -14.789928138999926, 13.69882710000013 ], [ -14.789351544999931, 13.692970420000165 ], [ -14.789271389999953, 13.691582308000079 ], [ -14.789029660999915, 13.686746806000031 ], [ -14.788917495999954, 13.682253063000076 ], [ -14.789110276999907, 13.676371227000118 ], [ -14.789687328999889, 13.670514589000163 ], [ -14.7902008289999, 13.667117846 ], [ -14.791140225999925, 13.661616896000169 ], [ -14.791234312999904, 13.661075901000061 ], [ -14.791891717999931, 13.65736301600009 ], [ -14.792242987999941, 13.65549439800003 ], [ -14.792843759999926, 13.652786269000046 ], [ -14.792536027999972, 13.652717588000144 ], [ -14.788845772999878, 13.65181173700006 ], [ -14.783214312999974, 13.650103201999968 ], [ -14.775622787999964, 13.647582849000059 ], [ -14.770115127999873, 13.645509653000147 ], [ -14.764754851999953, 13.643080673999975 ], [ -14.75500774399984, 13.638345143000095 ], [ -14.749647312999969, 13.63591636200016 ], [ -14.747593559999927, 13.635278406000111 ], [ -14.742568881999944, 13.634128319000069 ], [ -14.738946280999869, 13.633189126000104 ], [ -14.738239693999958, 13.633002870000155 ], [ -14.736536902999944, 13.632486334000021 ], [ -14.732608101999915, 13.631294545000117 ], [ -14.727100296999936, 13.629221554000083 ], [ -14.724610861999849, 13.628146142000105 ], [ -14.71730187299994, 13.627721945000076 ], [ -14.711420025999928, 13.627529394000078 ], [ -14.710162882999896, 13.627438144000166 ], [ -14.706536781999887, 13.627149386000042 ], [ -14.701937263999923, 13.626663805000135 ], [ -14.69613086899983, 13.625705165 ], [ -14.690399603999822, 13.624368822 ], [ -14.686865578999971, 13.623343949000059 ], [ -14.685672045999979, 13.622971189000111 ], [ -14.683574478999901, 13.622287737000079 ], [ -14.68011189799995, 13.620984513000053 ], [ -14.679963270999963, 13.621133855000153 ], [ -14.676877632999947, 13.624377056000185 ], [ -14.672582383999895, 13.628399996000155 ], [ -14.67152449699995, 13.629313295000145 ], [ -14.670347296999978, 13.630313739000144 ], [ -14.666856018999965, 13.633133844000156 ], [ -14.662072416999933, 13.636561724999979 ], [ -14.657074863999867, 13.639669403000084 ], [ -14.65188475899987, 13.642443572000047 ], [ -14.646524325999906, 13.644872352999982 ], [ -14.643198806999976, 13.646173094000062 ], [ -14.640649568999834, 13.64711228800013 ], [ -14.638467283999944, 13.647884536000106 ], [ -14.632835691999901, 13.649592861000144 ], [ -14.620055667999964, 13.653039874000115 ], [ -14.614324401999852, 13.654376218000039 ], [ -14.609724024999878, 13.655167770000162 ], [ -14.606671939999956, 13.655611698000143 ], [ -14.605465922999883, 13.655778786000099 ], [ -14.599609262999934, 13.656355617000145 ], [ -14.595359107999968, 13.656533365000087 ], [ -14.592048015999922, 13.656593450000173 ], [ -14.59041632199984, 13.656608254000162 ], [ -14.584534473999895, 13.656415702000061 ], [ -14.578677813999889, 13.655838872000118 ], [ -14.576509301999977, 13.655526464 ], [ -14.572886699999913, 13.65495944800017 ], [ -14.569248817999892, 13.654313216000162 ], [ -14.56351755399993, 13.652976873000171 ], [ -14.557885961999887, 13.651268548000132 ], [ -14.552378156999964, 13.649195556000052 ], [ -14.541869695999935, 13.644872352999982 ], [ -14.53650926399996, 13.642443572000047 ], [ -14.531319158999963, 13.639669403000084 ], [ -14.530015523999964, 13.638902059000031 ], [ -14.52666126299988, 13.636889503000134 ], [ -14.522967344999927, 13.634549168000035 ], [ -14.518183742999838, 13.631121288000088 ], [ -14.514403897999898, 13.628054893000126 ], [ -14.512525511999911, 13.626444849000109 ], [ -14.51175619299994, 13.625777839000023 ], [ -14.507460942999899, 13.621754899000052 ], [ -14.503438002999928, 13.617459651000104 ], [ -14.499704599999973, 13.6129104850001 ], [ -14.496276719999912, 13.608126885000047 ], [ -14.49316904199992, 13.60312933 ], [ -14.49119645199994, 13.599524981000116 ], [ -14.489454569999964, 13.596161971000072 ], [ -14.488652989999935, 13.594576215000131 ], [ -14.486224209999932, 13.589215783000157 ], [ -14.484151219999944, 13.583707978000177 ], [ -14.482442894999906, 13.578076385000031 ], [ -14.478001269999936, 13.561853431000145 ], [ -14.476664926999945, 13.556122167000069 ], [ -14.476162439999939, 13.553078651000135 ], [ -14.474156185999846, 13.552169629000048 ], [ -14.471506881999915, 13.550808136000114 ], [ -14.469458157999952, 13.549712023000097 ], [ -14.466917356999886, 13.548299346000022 ], [ -14.461919802999944, 13.545191668000086 ], [ -14.457136201999901, 13.541763788000139 ], [ -14.452587035999898, 13.538030383999967 ], [ -14.448909842999967, 13.534586316000116 ], [ -14.448291787999949, 13.5340074450001 ], [ -14.444268847999979, 13.529712195000172 ], [ -14.440535444999909, 13.525163030999977 ], [ -14.437107563999973, 13.520379429000116 ], [ -14.436006199999952, 13.518766467000091 ], [ -14.432898521999959, 13.513768914000025 ], [ -14.431508657999927, 13.511270724000099 ], [ -14.431036144999894, 13.510388700000135 ], [ -14.43058667899993, 13.509514670000101 ], [ -14.430583353999907, 13.509508205000031 ], [ -14.429651839999906, 13.507696784000132 ], [ -14.427223058999971, 13.502336351999986 ], [ -14.42540917499997, 13.497516976000043 ], [ -14.421790421999958, 13.496638581000127 ], [ -14.417457151999884, 13.495359996000104 ], [ -14.413297868999848, 13.494018292000135 ], [ -14.41199954599989, 13.493588552000062 ], [ -14.406491741999901, 13.491515561000085 ], [ -14.401131308999936, 13.489086781000026 ], [ -14.396288437999885, 13.486512058000073 ], [ -14.392531665999911, 13.484365331000163 ], [ -14.392184431999965, 13.484165884999982 ], [ -14.387186878999898, 13.481058206000171 ], [ -14.385288142999912, 13.479754032000073 ], [ -14.38300724599992, 13.47814398700018 ], [ -14.380122379999875, 13.47602028100016 ], [ -14.376964897999926, 13.473482458000035 ], [ -14.373589636999895, 13.470642129000169 ], [ -14.372197953999944, 13.469446548000064 ], [ -14.371134075999976, 13.468498537000073 ], [ -14.368803010999898, 13.466387978000114 ], [ -14.358505241999978, 13.467972236000151 ], [ -14.353602267999861, 13.467702158000179 ], [ -14.347784751999882, 13.466656358000137 ], [ -14.34056571799988, 13.464630233000094 ], [ -14.320172486999923, 13.455090579 ], [ -14.314811904999942, 13.457519279000053 ], [ -14.309303953999915, 13.459592187000169 ], [ -14.303672218999964, 13.461300428000186 ], [ -14.297940814999947, 13.462636686999986 ], [ -14.292134284999861, 13.463595241000064 ], [ -14.286277493999933, 13.464171985 ], [ -14.280395520999889, 13.464364452000041 ], [ -14.238096301999917, 13.466285857000116 ], [ -14.233711777999872, 13.479474964000076 ], [ -14.230603918999918, 13.484472475000132 ], [ -14.227175848999877, 13.489256030000092 ], [ -14.223442244999887, 13.493805146000057 ], [ -14.2194190969999, 13.49810034300009 ], [ -14.215123632999962, 13.50212322800013 ], [ -14.210574245999908, 13.505856573000017 ], [ -14.205790416999889, 13.509284394000076 ], [ -14.202096327999925, 13.511624680000068 ], [ -14.200083677999942, 13.512832190000154 ], [ -14.198779983999827, 13.513599517000159 ], [ -14.193589641999893, 13.516373623000163 ], [ -14.18822897299998, 13.518802337000011 ], [ -14.18272092899997, 13.520875260000025 ], [ -14.177089096999964, 13.522583517000101 ], [ -14.174034911999911, 13.523344790000067 ], [ -14.172290623999913, 13.523747279000077 ], [ -14.169613304999928, 13.524322281000082 ], [ -14.163806673999886, 13.525280851000161 ], [ -14.157949777999875, 13.525857611999982 ], [ -14.152067699999918, 13.526050094000084 ], [ -14.15018924199984, 13.526050072000089 ], [ -14.144332417999919, 13.525858276000065 ], [ -14.142823522999947, 13.527140604000124 ], [ -14.140542514999936, 13.529018960000087 ], [ -14.13811909899988, 13.530945556000177 ], [ -14.133335269999861, 13.534373374999973 ], [ -14.128337483999871, 13.537480990000176 ], [ -14.127046260999975, 13.538212290000104 ], [ -14.123423494999884, 13.540224799999976 ], [ -14.121145788999911, 13.541447602000119 ], [ -14.11402313699989, 13.545219282000062 ], [ -14.108662466999817, 13.547647996000137 ], [ -14.104980448999981, 13.549079121000148 ], [ -14.102028570999892, 13.55015244700013 ], [ -14.100202544999888, 13.550794244000031 ], [ -14.094570712999939, 13.552502498000138 ], [ -14.088839207999911, 13.55383877100013 ], [ -14.083032576999869, 13.554797340000107 ], [ -14.077175680999972, 13.555374098000073 ], [ -14.075200160999941, 13.555481745000179 ], [ -14.072114118999934, 13.555615877999969 ], [ -14.068207561999941, 13.555700710999986 ], [ -14.062325488999875, 13.555508089000057 ], [ -14.056468607999932, 13.554931188000182 ], [ -14.052717098999949, 13.554356498000061 ], [ -14.049747741999965, 13.553837282000075 ], [ -14.047692641999902, 13.553453262000119 ], [ -14.046066900999961, 13.553114243000039 ], [ -14.042601678999858, 13.552358180000112 ], [ -14.038495950999959, 13.551360788000181 ], [ -14.032864160999907, 13.549652398000035 ], [ -14.029907745999935, 13.548543214000119 ], [ -14.026540477999845, 13.550451201000158 ], [ -14.023164559999941, 13.552270124000074 ], [ -14.017394970999931, 13.555221799000151 ], [ -14.01620896999998, 13.555817547000061 ], [ -14.016041356999949, 13.555899982000028 ], [ -14.008930002999875, 13.559388321000085 ], [ -14.00373694599989, 13.561734596000178 ], [ -14.00215443899998, 13.562372525000114 ], [ -13.989177475999895, 13.567537775000119 ], [ -13.985210156999926, 13.569032083000081 ], [ -13.979843107999841, 13.570910400000173 ], [ -13.979041690999964, 13.5711866420001 ], [ -13.973409857999911, 13.572894893000125 ], [ -13.967678353999872, 13.574231164000139 ], [ -13.961871721999955, 13.575189731000137 ], [ -13.961256067999898, 13.57526861100007 ], [ -13.959645957999896, 13.575469263000173 ], [ -13.954404715999942, 13.575967140000046 ], [ -13.946339874999865, 13.571498609000059 ], [ -13.937018257999966, 13.568674476000069 ], [ -13.931761979999919, 13.565060135000067 ], [ -13.9260307159999, 13.563723792000076 ], [ -13.920399122999982, 13.562015467000037 ], [ -13.914891317999889, 13.55994247600006 ], [ -13.91207421799993, 13.558718826000074 ], [ -13.91012466299992, 13.557832135000126 ], [ -13.907581331999893, 13.556627004000177 ], [ -13.902391226999896, 13.553852835000043 ], [ -13.89869274699987, 13.551552973000184 ], [ -13.897393672999954, 13.550745157000108 ], [ -13.89307079799994, 13.547668453000142 ], [ -13.890865736999842, 13.545998906000079 ], [ -13.890405009999824, 13.545647729000052 ], [ -13.885855844999924, 13.541914325999983 ], [ -13.881560595999872, 13.537891386000013 ], [ -13.877537655999902, 13.533596138000064 ], [ -13.875668936999944, 13.531394971000111 ], [ -13.87324920299983, 13.528450222000117 ], [ -13.8713845179999, 13.526102223000066 ], [ -13.867956637999953, 13.521318621000034 ], [ -13.861336878999964, 13.51090064400006 ], [ -13.860529423999878, 13.509629894000057 ], [ -13.859772241999849, 13.508438262000027 ], [ -13.843413865999935, 13.492770393000171 ], [ -13.828261103999921, 13.471834038000111 ], [ -13.824238164999883, 13.467538789000059 ], [ -13.820504760999881, 13.462989623000055 ], [ -13.817076879999945, 13.458206023000059 ], [ -13.813969201999953, 13.45320846900006 ], [ -13.811195032999933, 13.448018363000187 ], [ -13.808766252999931, 13.442657932000088 ], [ -13.806693261999953, 13.437150127000109 ], [ -13.804984936999972, 13.43151853400019 ], [ -13.803648592999821, 13.425787270000114 ], [ -13.802689953999902, 13.419980876000182 ], [ -13.802563950999968, 13.419004348000044 ], [ -13.801987119999922, 13.413147688000038 ], [ -13.801794567999877, 13.407265840000093 ], [ -13.801987119999922, 13.401383992000149 ], [ -13.802563950999968, 13.395527332000142 ], [ -13.803522589999943, 13.389720938000039 ], [ -13.804858932999934, 13.383989674000134 ], [ -13.806567257999973, 13.378358081000044 ], [ -13.808640249999939, 13.372850276 ], [ -13.811069029999885, 13.367489844000033 ], [ -13.813843198999905, 13.362299739000036 ], [ -13.816950876999897, 13.357302185000094 ], [ -13.820378756999958, 13.352518584000165 ], [ -13.82411216099996, 13.347969419000094 ], [ -13.82813510099993, 13.343674170000043 ], [ -13.832430349999925, 13.339651230000072 ], [ -13.836979514999939, 13.33591782600007 ], [ -13.841763115999868, 13.332489946000123 ], [ -13.846760669999981, 13.329382268000074 ], [ -13.851950774999978, 13.326608099000111 ], [ -13.857311206999952, 13.324179319000052 ], [ -13.862819011999875, 13.322106327000142 ], [ -13.868450604999964, 13.320398002000104 ], [ -13.874181868999926, 13.319061659000113 ], [ -13.879988262999916, 13.318103020000081 ], [ -13.885844922999979, 13.317526189000091 ], [ -13.889891801999966, 13.317352359000097 ], [ -13.893360767999866, 13.317269455000144 ], [ -13.89569588199987, 13.317239135000136 ], [ -13.896848763999969, 13.317246524000097 ], [ -13.899305832999971, 13.317278026000054 ], [ -13.90403479899993, 13.317463186999987 ], [ -13.909891458999937, 13.318040018000033 ], [ -13.915697852999926, 13.318998657000066 ], [ -13.916784244999917, 13.319221727000013 ], [ -13.919461819999981, 13.319788743000061 ], [ -13.924106691999953, 13.320902016000048 ], [ -13.927666292999959, 13.321847043 ], [ -13.931693419999931, 13.32302747600005 ], [ -13.936920485999963, 13.324626398000191 ], [ -13.942428290999942, 13.326699389000055 ], [ -13.944064065999953, 13.327395971000101 ], [ -13.94615712399991, 13.328311830000132 ], [ -13.955609647999893, 13.321449702000052 ], [ -13.964398457999948, 13.315482814 ], [ -13.975534037999978, 13.307834971999966 ], [ -13.981705565999903, 13.303809788000024 ], [ -13.986702869999874, 13.30070205300018 ], [ -13.991892720999942, 13.297927824000055 ], [ -13.995810210999878, 13.296111393000103 ], [ -13.998895981999851, 13.294769654000049 ], [ -14.000338666999937, 13.294157246000168 ], [ -14.005846211999824, 13.292084195000143 ], [ -14.011477542999899, 13.290375809000011 ], [ -14.01720854499996, 13.28903940400005 ], [ -14.02301467999996, 13.288080702000116 ], [ -14.02887108099992, 13.287503810000146 ], [ -14.03354350799998, 13.287251754000067 ], [ -14.039425098999914, 13.287059141000043 ], [ -14.040718972999969, 13.287101486000097 ], [ -14.045306694999852, 13.28725163200005 ], [ -14.051163109999891, 13.287828402 ], [ -14.054209237999885, 13.288282614000138 ], [ -14.056288210999924, 13.288629103000119 ], [ -14.059048235999967, 13.289133472000174 ], [ -14.059671764999962, 13.289278859000035 ], [ -14.071981546999893, 13.2924625980001 ], [ -14.072997129999976, 13.292049165000094 ], [ -14.076351389999957, 13.290707461000125 ], [ -14.080843612999956, 13.289047903000096 ], [ -14.086475205999875, 13.287339577000182 ], [ -14.092206469999894, 13.286003234000191 ], [ -14.098012863999827, 13.285044595000159 ], [ -14.10386952399989, 13.284467764000112 ], [ -14.109751371999948, 13.284275212000182 ], [ -14.111898098999916, 13.284275212000182 ], [ -14.11693037099991, 13.277755081000123 ], [ -14.117024975999925, 13.277770702000055 ], [ -14.117634700999929, 13.276150779000034 ], [ -14.121653207999884, 13.259289654000042 ], [ -14.123687723999979, 13.252990000000125 ], [ -14.127421179999828, 13.248441016000186 ], [ -14.128189717999931, 13.247576004 ], [ -14.129397261999884, 13.246234359000084 ], [ -14.134929707999959, 13.242335090000154 ], [ -14.136137233999875, 13.241127603000166 ], [ -14.140432439999927, 13.237104830000135 ], [ -14.144981541999982, 13.233371601000044 ], [ -14.149765056999911, 13.229943903000105 ], [ -14.154762502999972, 13.226836414000161 ], [ -14.159952476999933, 13.224062442000104 ], [ -14.16531275799997, 13.221633864000069 ], [ -14.177041187999976, 13.226262723 ], [ -14.185136229999898, 13.22883463300019 ], [ -14.187014615999885, 13.228297952000105 ], [ -14.188444724999897, 13.227902081000138 ], [ -14.194175988999916, 13.226565737000044 ], [ -14.199982383999838, 13.225607098000012 ], [ -14.205839044999891, 13.225030267000022 ], [ -14.21172089199996, 13.224837715000035 ], [ -14.217602739999961, 13.225030267000022 ], [ -14.223459399999967, 13.225607098000012 ], [ -14.225061475999837, 13.225832694000076 ], [ -14.227744884999822, 13.226235205000023 ], [ -14.231949202999942, 13.226968249000151 ], [ -14.237680467999951, 13.228304593000018 ], [ -14.24331205999988, 13.230012917000181 ], [ -14.248819864999973, 13.232085908000158 ], [ -14.254180295999959, 13.234514688000047 ], [ -14.259370401999945, 13.237288858000056 ], [ -14.26436795599983, 13.240396536000162 ], [ -14.26915155699993, 13.243824416000109 ], [ -14.270878880999931, 13.245241995000072 ], [ -14.272841485999891, 13.244503322000128 ], [ -14.277051117999918, 13.243188540000062 ], [ -14.281961508999871, 13.24172163500009 ], [ -14.284225251999942, 13.241146467000135 ], [ -14.286179472999834, 13.240676870000073 ], [ -14.289646993999952, 13.23991569400016 ], [ -14.295453388999931, 13.238957055000185 ], [ -14.304651645999911, 13.237697019 ], [ -14.309082965999949, 13.237224991 ], [ -14.314879127999973, 13.236752478000085 ], [ -14.316304468999874, 13.236647676000132 ], [ -14.316745033999837, 13.236619885000039 ], [ -14.325116986999944, 13.236041086000057 ], [ -14.330923381999924, 13.235082446000149 ], [ -14.334631212999966, 13.234672339000042 ], [ -14.33919884099987, 13.234262828000169 ], [ -14.341347669999948, 13.234096104000059 ], [ -14.34722951699996, 13.233903552000129 ], [ -14.349123666999844, 13.233965560000058 ], [ -14.349662894999938, 13.233983213000045 ], [ -14.353111364999904, 13.234096104000059 ], [ -14.355711431999907, 13.234304430000066 ], [ -14.358704015999933, 13.234587938000061 ], [ -14.36196060899988, 13.234956443000101 ], [ -14.367767002999813, 13.235915083000179 ], [ -14.373498267999821, 13.237251426000171 ], [ -14.373530309999978, 13.237260017999972 ], [ -14.378188941999952, 13.238510137000162 ], [ -14.383788490999905, 13.240209869000068 ], [ -14.38495494599988, 13.240614779 ], [ -14.389114227999926, 13.242090653999981 ], [ -14.393455578999976, 13.243758735000085 ], [ -14.396254224999893, 13.244973993000087 ], [ -14.400681848999966, 13.246986550000088 ], [ -14.402920245999951, 13.248041398000169 ], [ -14.407409704999907, 13.250233043000037 ], [ -14.407733093999923, 13.250391716000081 ], [ -14.41292319899992, 13.253165885000044 ], [ -14.417920751999873, 13.256273564000026 ], [ -14.41911662699988, 13.257086604000165 ], [ -14.422543222999821, 13.259456753000052 ], [ -14.426130949999845, 13.262071593000087 ], [ -14.430680114999916, 13.265804997000089 ], [ -14.434975363999968, 13.269827937000059 ], [ -14.438998302999835, 13.274123186000054 ], [ -14.442371876999971, 13.278206575000127 ], [ -14.444250262999958, 13.280621643000131 ], [ -14.444610092999881, 13.28108741900013 ], [ -14.448037972999941, 13.285871020000059 ], [ -14.449377289999973, 13.288019898000073 ], [ -14.451053217999913, 13.290708852000137 ], [ -14.462532701999919, 13.296358884000085 ], [ -14.464700624999978, 13.296046569999987 ], [ -14.470557285999973, 13.295469738000065 ], [ -14.476439132999928, 13.295277187000011 ], [ -14.478585859999896, 13.295277187000011 ], [ -14.484467706999908, 13.295469738000065 ], [ -14.490324367999904, 13.296046569999987 ], [ -14.49613076199995, 13.29700520900019 ], [ -14.501862026999959, 13.298341552000181 ], [ -14.507493618999945, 13.300049877000049 ], [ -14.513001423999867, 13.302122868000026 ], [ -14.516616881999937, 13.30371434400007 ], [ -14.518629437999948, 13.304653535999989 ], [ -14.525564516999907, 13.308265010000014 ], [ -14.530562070999963, 13.311372689000052 ], [ -14.535345671999892, 13.31480056900017 ], [ -14.539894837999952, 13.318533972000068 ], [ -14.54419008699989, 13.322556912000039 ], [ -14.547299892999888, 13.32585502500018 ], [ -14.547814581999944, 13.326400879 ], [ -14.55480087799998, 13.328031835000161 ], [ -14.558932855999899, 13.333032189000164 ], [ -14.562360861999935, 13.337815714000101 ], [ -14.56546866899987, 13.342813199000148 ], [ -14.568242970999904, 13.348003244000154 ], [ -14.570671886999889, 13.35336362400011 ], [ -14.571839327999953, 13.355180857999983 ], [ -14.575463925999884, 13.359024743000134 ], [ -14.57761071699997, 13.361439763000135 ], [ -14.578009172999884, 13.361891034999985 ], [ -14.586381116999917, 13.359967763000043 ], [ -14.591571221999914, 13.35719359400008 ], [ -14.597340549999956, 13.354241845 ], [ -14.60270098299992, 13.351813065000158 ], [ -14.608208787999899, 13.349740074000124 ], [ -14.613840379999942, 13.348031749000086 ], [ -14.615304783999875, 13.347652535000179 ], [ -14.619598236999934, 13.346579170000098 ], [ -14.62386509799984, 13.345622042000116 ], [ -14.627735162999954, 13.344939779000072 ], [ -14.631223592999902, 13.344403097000054 ], [ -14.633159922999823, 13.344126721000123 ], [ -14.639016583999876, 13.343549890000077 ], [ -14.644898430999945, 13.343357338000146 ], [ -14.648108248999961, 13.343414639000173 ], [ -14.651865019999946, 13.343548809000083 ], [ -14.654537049999931, 13.343684060000157 ], [ -14.660393710999926, 13.344260891000033 ], [ -14.666200105999962, 13.345219531000112 ], [ -14.671931369999925, 13.346555874000103 ], [ -14.67508487099991, 13.347462827000072 ], [ -14.678272709999874, 13.348442965000174 ], [ -14.680750800999931, 13.349244337000073 ], [ -14.686258604999921, 13.35131732800005 ], [ -14.691619036999896, 13.353746108000109 ], [ -14.696809142999882, 13.356520277000072 ], [ -14.701806696999938, 13.359627955000178 ], [ -14.712879097999917, 13.363198082000054 ], [ -14.720050212999979, 13.367139541000142 ], [ -14.723315182999954, 13.37014840300003 ], [ -14.725628418999918, 13.372388275000105 ], [ -14.726658853999936, 13.373402205000104 ], [ -14.73068195999997, 13.377697314000159 ], [ -14.734415538999826, 13.382246352000152 ], [ -14.737843601999941, 13.387029835000078 ], [ -14.742539823999948, 13.393738194999969 ], [ -14.745647693999956, 13.39873564200002 ], [ -14.748422057999903, 13.403925652000112 ], [ -14.749828403999913, 13.406914303000065 ], [ -14.751572765999924, 13.410805186000175 ], [ -14.752886005999869, 13.413238670000112 ], [ -14.755257334999953, 13.417447609000078 ], [ -14.75586876999995, 13.418198040999982 ], [ -14.757255230999817, 13.41941242200005 ], [ -14.766556595999873, 13.417646334000096 ], [ -14.773581736999915, 13.415695765000066 ], [ -14.775862471999972, 13.415829848999977 ], [ -14.776463274999969, 13.415867188000163 ], [ -14.782319526999913, 13.416443801000185 ], [ -14.784606920999977, 13.416774835000012 ], [ -14.787155986999949, 13.417177251000112 ], [ -14.790113191999978, 13.417694837000113 ], [ -14.793601391999914, 13.418365559 ], [ -14.794162794999977, 13.418475361000048 ], [ -14.802078328999926, 13.420085110000116 ], [ -14.80513123899982, 13.420747626000036 ], [ -14.807411986999966, 13.421284224000033 ], [ -14.810089969999922, 13.421957837000036 ], [ -14.812655470999914, 13.422686151999983 ], [ -14.815338712999903, 13.423491075000072 ], [ -14.818404454999893, 13.424470877000147 ], [ -14.823911932999977, 13.426543664000121 ], [ -14.829272064999884, 13.428972249000083 ], [ -14.834461892999968, 13.431746229000112 ], [ -14.839459197999929, 13.434853724999982 ], [ -14.844242578999911, 13.4382814330001 ], [ -14.852571443999977, 13.442332323000073 ], [ -14.861704915999951, 13.44676070200012 ], [ -14.861804311999833, 13.446740870000099 ], [ -14.867664397999931, 13.45104267500011 ], [ -14.872862561999966, 13.450852722000093 ], [ -14.875792893999972, 13.450830444000076 ], [ -14.882358425999882, 13.451020397000036 ], [ -14.888215085999946, 13.451597228000082 ], [ -14.894021479999878, 13.452555867000058 ], [ -14.900998341999923, 13.453897572000187 ], [ -14.906729605999942, 13.455233915000179 ], [ -14.91097351999997, 13.456483726999977 ], [ -14.914730291999945, 13.457691261000093 ], [ -14.916117970999949, 13.458149774999981 ], [ -14.921625775999928, 13.460222765000083 ], [ -14.926126669999917, 13.462233332000096 ], [ -14.929480929999897, 13.463843376999989 ], [ -14.93034046799994, 13.464261590000035 ], [ -14.935530572999937, 13.467035760000101 ], [ -14.940528127999926, 13.47014343799998 ], [ -14.945311727999922, 13.473571318000097 ], [ -14.949860893999926, 13.477304721000053 ], [ -14.954156141999874, 13.481327661000023 ], [ -14.956530250999947, 13.483701769000163 ], [ -14.961787314999981, 13.483892151000077 ], [ -14.967643974999874, 13.48446898100002 ], [ -14.972281155999951, 13.485203085000023 ], [ -14.975903756999912, 13.485873937000122 ], [ -14.977072970999927, 13.486098473000027 ], [ -14.982804234999946, 13.487434817000121 ], [ -14.988435827999979, 13.489143141000056 ], [ -14.993943632999958, 13.491216132000091 ], [ -14.99538638599995, 13.491828524000141 ], [ -14.99847230599994, 13.49317022800011 ], [ -15.002389983999933, 13.494986616000119 ], [ -15.007580089999976, 13.497760786000129 ], [ -15.011741052999923, 13.500316192000184 ], [ -15.014826972999913, 13.502328748000082 ], [ -15.015663562999919, 13.502881021000064 ], [ -15.02044716499995, 13.506308901000182 ], [ -15.021125867999899, 13.506834854999966 ], [ -15.024211786999956, 13.509249922000038 ], [ -15.028082249999954, 13.512457372000028 ], [ -15.03237749799996, 13.516480311000123 ], [ -15.035329246999936, 13.519432061000089 ], [ -15.039352186999906, 13.52372731000014 ], [ -15.043085589999976, 13.528276475000041 ], [ -15.046513470999912, 13.53306007600014 ], [ -15.053159267999945, 13.537765023000134 ], [ -15.059778270999971, 13.545060688000092 ], [ -15.061914353999953, 13.547634100000039 ], [ -15.061914736999881, 13.547634562000042 ], [ -15.067350161999912, 13.554182466000043 ], [ -15.07255555699993, 13.560329783000043 ], [ -15.078288929999928, 13.569099092000044 ], [ -15.082590553999978, 13.579487310000161 ], [ -15.0847654989999, 13.587163488000101 ], [ -15.087615739999933, 13.599933491000172 ], [ -15.095436361999873, 13.596021072000042 ], [ -15.106219409999881, 13.593316926000114 ], [ -15.107963624999968, 13.591975222000144 ], [ -15.108049, 13.591909630000032 ], [ -15.112832601999969, 13.588481748999982 ], [ -15.113940471999967, 13.587753249000116 ], [ -15.116221369999948, 13.586277375 ], [ -15.120111052999903, 13.583898196000064 ], [ -15.122756116999881, 13.58242982500019 ], [ -15.123625397999888, 13.581823480000025 ], [ -15.129104950999931, 13.577113647000147 ], [ -15.132212682999864, 13.573370365000073 ], [ -15.136235621999901, 13.569075117000125 ], [ -15.138318959999879, 13.56705789900019 ], [ -15.14046568699996, 13.565045343000122 ], [ -15.142677597999921, 13.563039621000087 ], [ -15.147226762999935, 13.559306217000085 ], [ -15.152010364999967, 13.555878337000138 ], [ -15.157007917999977, 13.5527706580001 ], [ -15.157722225999862, 13.552362597000013 ], [ -15.160808145999908, 13.550618381000106 ], [ -15.165283942999963, 13.548252274 ], [ -15.170644374999938, 13.54582349400016 ], [ -15.173942694999823, 13.544582094000077 ], [ -15.176152179999917, 13.543750503000126 ], [ -15.18178377199996, 13.542042176999985 ], [ -15.187515036999969, 13.540705834 ], [ -15.193321430999958, 13.539747195000189 ], [ -15.202299861999961, 13.499629837000157 ], [ -15.206910541999889, 13.477861216000179 ], [ -15.211963139999966, 13.460192114000165 ], [ -15.212644372999932, 13.45584306100011 ], [ -15.213449394999941, 13.451415437000037 ], [ -15.213726801999883, 13.449958097000092 ], [ -15.213846253999918, 13.449367907000124 ], [ -15.214785445999894, 13.444806113000141 ], [ -15.216002338999886, 13.439665038000101 ], [ -15.217552997999917, 13.434502145000067 ], [ -15.218894700999897, 13.430477032000169 ], [ -15.219052367999893, 13.430008333000046 ], [ -15.221125358999927, 13.424500527000134 ], [ -15.223554138999873, 13.419140095000159 ], [ -15.226328308999939, 13.413949990000162 ], [ -15.227949524999929, 13.411252119000153 ], [ -15.22996208099994, 13.40803202900014 ], [ -15.231448542999885, 13.405732347000139 ], [ -15.234876422999946, 13.400948745000107 ], [ -15.238609826999948, 13.396399580000036 ], [ -15.241101116999914, 13.393673793000175 ], [ -15.243784525999899, 13.390856214 ], [ -15.245316174999971, 13.389286752000032 ], [ -15.246885635999888, 13.387755103000188 ], [ -15.249703214999954, 13.385071695000022 ], [ -15.252429002999975, 13.382580404000066 ], [ -15.256978166999886, 13.378847 ], [ -15.258594271999925, 13.377688916000182 ], [ -15.261761768999975, 13.375419120000117 ], [ -15.261840013999972, 13.375366898000038 ], [ -15.264657591999878, 13.373488512000051 ], [ -15.269576901999926, 13.370433056000024 ], [ -15.274767006999923, 13.367658887000118 ], [ -15.281475527999874, 13.364438797000105 ], [ -15.286662214999978, 13.362082197000177 ], [ -15.291492349999942, 13.360069641000109 ], [ -15.291666094999982, 13.359997460999978 ], [ -15.304814796999892, 13.35463064400011 ], [ -15.308270781999965, 13.35328195000011 ], [ -15.312295893999931, 13.35180607500007 ], [ -15.31434771399995, 13.351081778000093 ], [ -15.31997930599988, 13.349373453000055 ], [ -15.320685892999904, 13.349187197000106 ], [ -15.324308494999968, 13.348248005000016 ], [ -15.329333171999963, 13.347097916 ], [ -15.33285201599989, 13.346470398000122 ], [ -15.335401253999976, 13.346067887000117 ], [ -15.337688804999971, 13.345736766000186 ], [ -15.338250414999891, 13.345681452000065 ], [ -15.33891500999988, 13.34561599500006 ], [ -15.34324696699997, 13.345189334 ], [ -15.343545464999977, 13.34515993500014 ], [ -15.34552090699998, 13.345052265000106 ], [ -15.348606826999969, 13.344918095000025 ], [ -15.352513231999978, 13.344833213000129 ], [ -15.35839507999998, 13.345025765000059 ], [ -15.364251739999816, 13.345602596000106 ], [ -15.370058133999976, 13.346561235000081 ], [ -15.374324994999881, 13.347518364000166 ], [ -15.379155129999958, 13.348725898000055 ], [ -15.380619533999891, 13.349105112000188 ], [ -15.385026322999977, 13.350407448000112 ], [ -15.388564456999916, 13.351552138000159 ], [ -15.393050285999891, 13.352886968000064 ], [ -15.399742673999924, 13.354599799000141 ], [ -15.406782766999982, 13.356484486000056 ], [ -15.412414358999911, 13.358192810000162 ], [ -15.41267379999988, 13.35828132 ], [ -15.417369765999922, 13.359891365000124 ], [ -15.422618127999954, 13.361875846999965 ], [ -15.422981745999948, 13.362027395999974 ], [ -15.427141028999927, 13.363771611000175 ], [ -15.428297444999941, 13.364266096000108 ], [ -15.433530089999977, 13.3665469930001 ], [ -15.437370489999864, 13.368329740000092 ], [ -15.446225737999953, 13.372623193000152 ], [ -15.45141584299995, 13.375397362000115 ], [ -15.456335151999951, 13.378452819000017 ], [ -15.463982865999981, 13.383551295000188 ], [ -15.464061109999875, 13.383603516000164 ], [ -15.468844711999907, 13.387031396999987 ], [ -15.469077668999887, 13.387210756 ], [ -15.472641184999873, 13.389963694000073 ], [ -15.475609124999949, 13.392358714000181 ], [ -15.479011219999961, 13.395225295000103 ], [ -15.480359487999976, 13.396384318000173 ], [ -15.48104522899996, 13.396513456000037 ], [ -15.491748122999923, 13.394223430000068 ], [ -15.491169581999941, 13.393413928000086 ], [ -15.494069061999937, 13.393460675000142 ], [ -15.497709138999937, 13.393578090000176 ], [ -15.500691402999962, 13.393723880000152 ], [ -15.506547963999935, 13.394300697000176 ], [ -15.506585030999815, 13.394305585000041 ], [ -15.50865948299986, 13.394579569000143 ], [ -15.51442871099988, 13.395533308000097 ], [ -15.51743322599998, 13.394895526000084 ], [ -15.518774943999972, 13.395266212000024 ], [ -15.520638048999956, 13.393071857000109 ], [ -15.52389944499987, 13.389547358000073 ], [ -15.52550421199993, 13.387903437000034 ], [ -15.526265693999903, 13.387132719000022 ], [ -15.53056087199991, 13.383109813999965 ], [ -15.531819375999874, 13.382026517000156 ], [ -15.53408953099995, 13.380108612000186 ], [ -15.53580713599996, 13.378693567000084 ], [ -15.542214787999967, 13.369896415000142 ], [ -15.545154766999929, 13.36722268300008 ], [ -15.550714084999925, 13.363096499000108 ], [ -15.551007408999965, 13.362952515000075 ], [ -15.554451756999924, 13.36126952300009 ], [ -15.562887511999975, 13.355980743000032 ], [ -15.56971447899997, 13.353180524000038 ], [ -15.571055143999956, 13.352737149000063 ], [ -15.573364388999892, 13.351993513000139 ], [ -15.581065036999973, 13.34994481800004 ], [ -15.590038766999839, 13.349137425000094 ], [ -15.592637219999972, 13.348660093000035 ], [ -15.5990781779999, 13.348644949 ], [ -15.603858984999874, 13.348633603000167 ], [ -15.604714010999942, 13.348631564000073 ], [ -15.614228165999862, 13.351132485000164 ], [ -15.619022875999917, 13.351970765000033 ], [ -15.622974196999905, 13.352938646000098 ], [ -15.625395113999843, 13.353224088000104 ], [ -15.631201339999905, 13.354182818000027 ], [ -15.636932432999913, 13.355519251000032 ], [ -15.64072902099997, 13.356536985000048 ], [ -15.642433902999926, 13.357011877000048 ], [ -15.645682528999941, 13.357951320000097 ], [ -15.649609065999925, 13.359184843000094 ], [ -15.655116691999922, 13.361257921 ], [ -15.655599933999952, 13.361459751000041 ], [ -15.658574572999953, 13.362712320000185 ], [ -15.666791438999894, 13.365367218000131 ], [ -15.670988088999934, 13.366848043000175 ], [ -15.676470230999939, 13.368976378000127 ], [ -15.679197673999852, 13.370108351000113 ], [ -15.687746543999936, 13.365069854000012 ], [ -15.690234483999973, 13.363603431000115 ], [ -15.693486598999868, 13.361686531000146 ], [ -15.702394605999928, 13.35699763700012 ], [ -15.715678775999834, 13.352502826000091 ], [ -15.729891293999913, 13.349831113000107 ], [ -15.736972638999816, 13.34945798800004 ], [ -15.744385733999877, 13.348875730000032 ], [ -15.752528757999869, 13.348453842000083 ], [ -15.760596280999835, 13.348469455000043 ], [ -15.766480975999912, 13.348317946000066 ], [ -15.787559067999894, 13.348204437000163 ], [ -15.800341559999879, 13.349341898000034 ], [ -15.802517332999969, 13.34912760300017 ], [ -15.802539659999866, 13.340699260000122 ], [ -15.802540332999911, 13.340440972000067 ], [ -15.802563331999977, 13.331754334000038 ], [ -15.802586329999883, 13.323067691000119 ], [ -15.802609324999935, 13.31438104199998 ], [ -15.802632318999883, 13.305694386000141 ], [ -15.80265531099991, 13.297007725000014 ], [ -15.802678301999947, 13.288321058000122 ], [ -15.802701290999892, 13.279634385000179 ], [ -15.802724277999971, 13.270947707000118 ], [ -15.80274726399989, 13.262261022000189 ], [ -15.802770247999945, 13.253574331000095 ], [ -15.802780661999975, 13.249638315000027 ], [ -15.802793230999953, 13.244887635000055 ], [ -15.802816211999982, 13.236200932000145 ], [ -15.802839190999975, 13.227514224000117 ], [ -15.802842134999935, 13.22640128400019 ], [ -15.802862167999876, 13.218827509000164 ], [ -15.802885143999958, 13.21014078900015 ], [ -15.802908118999881, 13.201454063000085 ], [ -15.802931091999938, 13.192767331000084 ], [ -15.802954062999959, 13.184080593000033 ], [ -15.802977031999887, 13.175393850000091 ], [ -15.803, 13.166707100000053 ], [ -15.812189455999885, 13.166722563000178 ], [ -15.821378912999876, 13.166737696000098 ], [ -15.830568370999913, 13.16675250100019 ], [ -15.839757829999883, 13.166766977000123 ], [ -15.848947289999956, 13.166781124000124 ], [ -15.858136750999847, 13.166794942000024 ], [ -15.867326213999888, 13.166808430000117 ], [ -15.876515676999873, 13.166821590000097 ], [ -15.885705140999846, 13.166834421000033 ], [ -15.887420119999888, 13.166836754000144 ], [ -15.894741404999934, 13.166846715000133 ], [ -15.894894606999969, 13.16684692299998 ], [ -15.894996916999844, 13.16684705900019 ], [ -15.904084072999979, 13.166859096000053 ], [ -15.913273539999921, 13.166870939000034 ], [ -15.922463007999966, 13.166882454000188 ], [ -15.931652475999954, 13.166893640000069 ], [ -15.940841945999921, 13.166904497000132 ], [ -15.950031415999888, 13.166915025000151 ], [ -15.959220886999958, 13.166925224000181 ], [ -15.968410358999847, 13.16693509400011 ], [ -15.977599831999896, 13.166944635000107 ], [ -15.986789304999945, 13.166953846000069 ], [ -15.995978778999927, 13.166962728999977 ], [ -16.005168253999898, 13.16697128300018 ], [ -16.014357728999983, 13.166979508000054 ], [ -16.02033319599991, 13.166984642000102 ], [ -16.023547204999943, 13.166987404000167 ], [ -16.032736680999903, 13.166994971000179 ], [ -16.041926157999967, 13.167002209000032 ], [ -16.051115635999849, 13.16700911800018 ], [ -16.060305113999902, 13.167015698 ], [ -16.069494591999955, 13.167021949000116 ], [ -16.078684070999941, 13.167027871000073 ], [ -16.087873549999927, 13.167033464000042 ], [ -16.097063029999958, 13.167038728000136 ], [ -16.106252509999933, 13.167043663000129 ], [ -16.115441990999898, 13.167048269000134 ], [ -16.116136081999969, 13.167048592000071 ], [ -16.124631471999976, 13.167052545000161 ], [ -16.13382095299994, 13.167056493000132 ], [ -16.143010433999905, 13.167060112000115 ], [ -16.152199915999972, 13.167063402000053 ], [ -16.161389397999926, 13.16706636300006 ], [ -16.170578879999937, 13.167068995000079 ], [ -16.179768361999891, 13.167071298000167 ], [ -16.188957844999948, 13.167073272000152 ], [ -16.198147326999901, 13.167074917000036 ], [ -16.207336809999958, 13.167076233000159 ], [ -16.216526292999959, 13.167077220000124 ], [ -16.225715775999902, 13.167077877999986 ], [ -16.234905258999902, 13.167078207000145 ], [ -16.244094740999969, 13.167078207000145 ], [ -16.253284223999913, 13.167077877999986 ], [ -16.26247370699997, 13.167077220000124 ], [ -16.27166318999997, 13.167076233000159 ], [ -16.280852672999913, 13.167074917000036 ], [ -16.284773669999822, 13.167074215000127 ], [ -16.290042154999981, 13.167073272000152 ], [ -16.299231637999981, 13.167071298000167 ], [ -16.308421119999934, 13.167068995000079 ], [ -16.317610601999888, 13.16706636300006 ], [ -16.326800083999956, 13.167063402000053 ], [ -16.335989565999967, 13.167060112000115 ], [ -16.345179046999931, 13.167056493000132 ], [ -16.354368527999952, 13.167052545000161 ], [ -16.36355800899986, 13.167048269000134 ], [ -16.372747489999938, 13.167043663000129 ], [ -16.38193696999997, 13.167038728000136 ], [ -16.391126449999945, 13.167033464000042 ], [ -16.40031592899993, 13.167027871000073 ], [ -16.409505407999973, 13.167021949000116 ], [ -16.41502729799987, 13.16701819300016 ], [ -16.418694885999969, 13.167015698 ], [ -16.427884363999908, 13.16700911800018 ], [ -16.428822927999931, 13.167008412000143 ], [ -16.437073841999961, 13.167002209000032 ], [ -16.446263318999968, 13.166994971000179 ], [ -16.455452794999928, 13.166987404000167 ], [ -16.464642270999889, 13.166979508000054 ], [ -16.473831745999973, 13.16697128300018 ], [ -16.483021220999944, 13.166962728999977 ], [ -16.492210694999812, 13.166953846000069 ], [ -16.501400167999975, 13.166944635000107 ], [ -16.51058964099991, 13.16693509400011 ], [ -16.51977911299997, 13.166925224000181 ], [ -16.52896858399987, 13.166915025000151 ], [ -16.53815805399995, 13.166904497000132 ], [ -16.547347523999974, 13.166893640000069 ], [ -16.556536991999963, 13.166882454000188 ], [ -16.565726459999951, 13.166870939000034 ], [ -16.574915926999893, 13.166859096000053 ], [ -16.584105392999959, 13.16684692299998 ], [ -16.586523506999924, 13.166843633000099 ], [ -16.593294858999911, 13.166834421000033 ], [ -16.602484322999885, 13.166821590000097 ], [ -16.611673785999869, 13.166808430000117 ], [ -16.62086324899991, 13.166794942000024 ], [ -16.630052709999973, 13.166781124000124 ], [ -16.639242169999932, 13.166766977000123 ], [ -16.648431628999901, 13.16675250100019 ], [ -16.657621086999882, 13.166737696000098 ], [ -16.666810543999929, 13.166722563000178 ], [ -16.676, 13.166707100000053 ], [ -16.674525784999958, 13.165730640000106 ], [ -16.674395074999893, 13.165033519000076 ], [ -16.674438645999942, 13.164292827000054 ], [ -16.674612924999906, 13.163203575000182 ], [ -16.674787205999962, 13.162637164000103 ], [ -16.675440756999933, 13.162157894000075 ], [ -16.676355728999965, 13.161896472000137 ], [ -16.677314270999943, 13.161983613000132 ], [ -16.678142101999981, 13.162288604000025 ], [ -16.678621372999942, 13.162637164000103 ], [ -16.679144214999951, 13.164074977000155 ], [ -16.679274924999902, 13.164728528000126 ], [ -16.679579915999909, 13.165251370000078 ], [ -16.680001760999914, 13.165517798000053 ], [ -16.682891241999982, 13.167342733000169 ], [ -16.683806213999844, 13.167822004000129 ], [ -16.684721185999877, 13.168039855000131 ], [ -16.685941148999916, 13.167909145000124 ], [ -16.68746610099987, 13.167168454000034 ], [ -16.687771091999878, 13.166689182000027 ], [ -16.68803251199995, 13.164684958000066 ], [ -16.687901801999942, 13.163900697000145 ], [ -16.686202568999875, 13.162157894000075 ], [ -16.685505446999912, 13.161896472000137 ], [ -16.684459765999918, 13.162332173000038 ], [ -16.683762643999955, 13.16224503300009 ], [ -16.68367550399995, 13.161417202000052 ], [ -16.683806213999844, 13.160676510000087 ], [ -16.684764755999936, 13.160240810000062 ], [ -16.686202568999875, 13.159805109 ], [ -16.696267259999956, 13.159064417000025 ], [ -16.698532903999933, 13.154620268000087 ], [ -16.70145209899988, 13.152311053000062 ], [ -16.702279931999897, 13.152006062000169 ], [ -16.70315133299988, 13.151831783000034 ], [ -16.704153444999918, 13.151831783000034 ], [ -16.70454557599993, 13.152528904000064 ], [ -16.70454557599993, 13.153095315000144 ], [ -16.705199126999958, 13.1550123990001 ], [ -16.705678398999964, 13.155535239000017 ], [ -16.706724080999891, 13.155753090000189 ], [ -16.707421201999921, 13.155317389000118 ], [ -16.708205463999889, 13.15479454900003 ], [ -16.708597593999912, 13.154140997000127 ], [ -16.708597593999912, 13.152180343000111 ], [ -16.708554023999966, 13.151526792000084 ], [ -16.70659337099994, 13.147474773000113 ], [ -16.706070528999931, 13.14690836200009 ], [ -16.705504117999965, 13.146341951000181 ], [ -16.704502005999814, 13.145731970000099 ], [ -16.703456323999887, 13.145252699000139 ], [ -16.702497781999966, 13.144729858000119 ], [ -16.702062080999895, 13.144337727000106 ], [ -16.701887799999952, 13.143945596000037 ], [ -16.698837893999951, 13.13553656900018 ], [ -16.698794323999891, 13.134708737999972 ], [ -16.698837893999951, 13.134055186000069 ], [ -16.699317165999958, 13.133140214000036 ], [ -16.699840005999874, 13.132573803000184 ], [ -16.701974940999889, 13.13122313000008 ], [ -16.702889912999922, 13.130743860000052 ], [ -16.703935594999905, 13.130438869000102 ], [ -16.70489413699994, 13.130438869000102 ], [ -16.706331948999946, 13.131310271000075 ], [ -16.706898359999911, 13.132225243000107 ], [ -16.708161892999954, 13.133924476000118 ], [ -16.708554023999966, 13.133706625000116 ], [ -16.708902584999919, 13.132965935000129 ], [ -16.709120434999932, 13.132268813000167 ], [ -16.709120434999932, 13.131397411000023 ], [ -16.70868473399986, 13.12948032700001 ], [ -16.708466883999961, 13.12900105600005 ], [ -16.708074752999948, 13.128347505000079 ], [ -16.707856902999936, 13.127911804000178 ], [ -16.707813331999944, 13.127258252000104 ], [ -16.707987612999887, 13.126343280000071 ], [ -16.708859014999973, 13.123424085000011 ], [ -16.709251144999939, 13.122857674000159 ], [ -16.709817556999951, 13.122116981999966 ], [ -16.711429649999957, 13.120940589999975 ], [ -16.716396639999971, 13.118805656000063 ], [ -16.717311611999889, 13.11850066500017 ], [ -16.718095873999971, 13.118413525000051 ], [ -16.719446545999972, 13.118544235000059 ], [ -16.720535797999958, 13.118718515000069 ], [ -16.721363629999871, 13.119110646000081 ], [ -16.72193004199994, 13.11950277700015 ], [ -16.722496452999906, 13.120243469000116 ], [ -16.72262716299997, 13.121027730000094 ], [ -16.722409311999968, 13.121768421000183 ], [ -16.722670732999859, 13.122160553000128 ], [ -16.722975722999934, 13.122291263000079 ], [ -16.724021404999974, 13.122247692000144 ], [ -16.724544246999869, 13.122029842000074 ], [ -16.724979946999952, 13.121289151000155 ], [ -16.725197796999964, 13.120809880000024 ], [ -16.725415647999966, 13.120287038000072 ], [ -16.725372077999964, 13.119633487000101 ], [ -16.724892806999947, 13.117062852000117 ], [ -16.724544246999869, 13.116409301000147 ], [ -16.724064974999919, 13.115668609000124 ], [ -16.722932152999817, 13.114884347999975 ], [ -16.719969386999878, 13.112836554000012 ], [ -16.718531574999929, 13.112662273000069 ], [ -16.718139442999927, 13.113185115000022 ], [ -16.717529461999902, 13.113533675000042 ], [ -16.716875910999931, 13.113490105000039 ], [ -16.716265929999963, 13.113054404000138 ], [ -16.715699518999941, 13.112183002000108 ], [ -16.715438097999879, 13.111398741000187 ], [ -16.715438097999879, 13.110614479000105 ], [ -16.715786658999946, 13.109917358000075 ], [ -16.717180901999939, 13.108958815000108 ], [ -16.718444433999935, 13.10834883400014 ], [ -16.719446545999972, 13.107869564000111 ], [ -16.721668619999889, 13.107041732000027 ], [ -16.722757872999978, 13.106693171000018 ], [ -16.723934264999968, 13.106475321000119 ], [ -16.725328507999961, 13.106475321000119 ], [ -16.72641775999989, 13.106693171000018 ], [ -16.728073423999945, 13.107128872000089 ], [ -16.728944824999928, 13.107477432000167 ], [ -16.729511235999894, 13.108218124000189 ], [ -16.729772656999955, 13.108958815000108 ], [ -16.730426207999926, 13.111398741000187 ], [ -16.730077646999973, 13.111965152000039 ], [ -16.729641945999958, 13.112226572 ], [ -16.729119105999871, 13.11274941400012 ], [ -16.729293385999881, 13.113315824999972 ], [ -16.72968551699995, 13.113707955000109 ], [ -16.730164787999968, 13.114012946 ], [ -16.730644057999939, 13.114056516000062 ], [ -16.732430431999944, 13.113490105000039 ], [ -16.734042524999893, 13.112792983000077 ], [ -16.734521795999967, 13.112357282000175 ], [ -16.735088206999933, 13.111529451000138 ], [ -16.73521891799993, 13.110963040000115 ], [ -16.736133889999962, 13.105560349000086 ], [ -16.736221029999967, 13.104776088000108 ], [ -16.736003178999965, 13.104035396000143 ], [ -16.73539319799994, 13.103381844000069 ], [ -16.734783216999915, 13.102728294000144 ], [ -16.73417323599989, 13.102161882000189 ], [ -16.730600488999983, 13.099634817000094 ], [ -16.729119105999871, 13.098763415000121 ], [ -16.728247703999955, 13.099111976000074 ], [ -16.72763772299993, 13.099286256000084 ], [ -16.726766320999957, 13.099416966000092 ], [ -16.726156339999932, 13.099155546000134 ], [ -16.725720638999974, 13.098632705000114 ], [ -16.725284937999959, 13.097892013000148 ], [ -16.725023517999944, 13.09728203200018 ], [ -16.725110657999949, 13.096410630000037 ], [ -16.72641775999989, 13.093186444000082 ], [ -16.726853460999905, 13.092663603000062 ], [ -16.727550581999935, 13.092184332000102 ], [ -16.728291273999957, 13.092097191999983 ], [ -16.728901254999982, 13.0919664810001 ], [ -16.732386862999874, 13.0909208 ], [ -16.732691852999892, 13.090528668000104 ], [ -16.732561141999895, 13.090049397000143 ], [ -16.732386862999874, 13.089613696000072 ], [ -16.732081871999981, 13.089134425999987 ], [ -16.731559029999971, 13.088568015000135 ], [ -16.730774768999879, 13.087958034 ], [ -16.730164787999968, 13.087522333000095 ], [ -16.729598376999888, 13.08691235100008 ], [ -16.728073423999945, 13.082206782000014 ], [ -16.728378413999963, 13.080376838000177 ], [ -16.728552694999962, 13.079592576000096 ], [ -16.730644057999939, 13.075758408000127 ], [ -16.731123329999946, 13.074974147000148 ], [ -16.731820450999976, 13.074189885000123 ], [ -16.733214693999969, 13.073057062999965 ], [ -16.735480338999935, 13.072621363000167 ], [ -16.736308169999973, 13.072664932000123 ], [ -16.737223141999891, 13.073013493000133 ], [ -16.738225253999872, 13.073536334000096 ], [ -16.739270935999969, 13.073928465000165 ], [ -16.740273047999949, 13.074015605000056 ], [ -16.740883028999974, 13.073797755000157 ], [ -16.741972281999949, 13.073318484000026 ], [ -16.745884438999951, 13.068426633 ], [ -16.746790599999883, 13.064207100000033 ], [ -16.744873046999942, 13.059326172000112 ], [ -16.74077811899997, 13.049724266000055 ], [ -16.738706646999901, 13.043291802 ], [ -16.737487792999957, 13.038085937000119 ], [ -16.735926514999903, 13.033752132000131 ], [ -16.735217853999927, 13.02617490800003 ], [ -16.735926514999903, 13.016526213000077 ], [ -16.737507373999961, 13.003061650000063 ], [ -16.740069456999947, 12.986871467000128 ], [ -16.741394042999957, 12.977478027000075 ], [ -16.745178222999982, 12.956298828000172 ], [ -16.745910644999981, 12.946289062000119 ], [ -16.750305175999927, 12.93389892600004 ], [ -16.752685546999942, 12.925903320000032 ], [ -16.753784179999968, 12.91632080100004 ], [ -16.756469726999967, 12.902526855000019 ], [ -16.759887694999975, 12.891113281000173 ], [ -16.764404296999942, 12.864501953000115 ], [ -16.771728515999939, 12.840698242000144 ], [ -16.773925780999946, 12.828918457000043 ], [ -16.776184081999929, 12.822692871000072 ], [ -16.777282714999956, 12.819274902000188 ], [ -16.777709960999971, 12.809692383000026 ], [ -16.777893065999933, 12.804077148000033 ], [ -16.778808593999884, 12.799499512000182 ], [ -16.783996581999929, 12.789123535000044 ], [ -16.788513183999953, 12.777282715000183 ], [ -16.789672851999967, 12.768920898000147 ], [ -16.790100097999982, 12.764892578000058 ], [ -16.789794921999942, 12.761291504000042 ], [ -16.78680419899996, 12.756286621000072 ], [ -16.782641275999936, 12.758473216000084 ], [ -16.782742664999887, 12.763572123000131 ], [ -16.781204636999917, 12.768232263000073 ], [ -16.781641273999981, 12.773644639999986 ], [ -16.779716680999968, 12.780115223000053 ], [ -16.777377004999948, 12.786841792000189 ], [ -16.775622246999944, 12.799417553000012 ], [ -16.774452408999878, 12.803511987000036 ], [ -16.769480596999927, 12.803511987000036 ], [ -16.767725838999979, 12.798832634000064 ], [ -16.769773055999963, 12.791228686000068 ], [ -16.771443240999872, 12.786600206000116 ], [ -16.773886413999946, 12.779829592000169 ], [ -16.77474486899996, 12.768416841000089 ], [ -16.775914706999913, 12.762275190000025 ], [ -16.783813476999967, 12.752319335999971 ], [ -16.781982421999942, 12.749877930000139 ], [ -16.778198241999917, 12.744689941000161 ], [ -16.775695800999927, 12.737670897999976 ], [ -16.776672362999875, 12.729125977000081 ], [ -16.778686522999919, 12.716674805000139 ], [ -16.785522460999971, 12.702087402000132 ], [ -16.786987304999911, 12.697082520000095 ], [ -16.784973144999981, 12.69470214800009 ], [ -16.780594059999942, 12.697934088000181 ], [ -16.775622246999944, 12.709632471000077 ], [ -16.770650434999936, 12.715481662000059 ], [ -16.766848460999938, 12.718991176000031 ], [ -16.762754026999971, 12.718406257000026 ], [ -16.763338945999976, 12.714311823 ], [ -16.76421632499995, 12.708755092000047 ], [ -16.768603217999896, 12.69179243800005 ], [ -16.774169921999885, 12.681274414000029 ], [ -16.778808593999884, 12.677490234000118 ], [ -16.781127929999968, 12.674926758000083 ], [ -16.782226562999938, 12.671508788999972 ], [ -16.781982421999942, 12.667297363000046 ], [ -16.780212401999961, 12.660705566000104 ], [ -16.776123046999942, 12.64929199200003 ], [ -16.776123046999942, 12.639709473000039 ], [ -16.773986815999933, 12.637084961000141 ], [ -16.769897460999971, 12.63171386700003 ], [ -16.766113280999946, 12.622070312000119 ], [ -16.763793944999975, 12.610290527000075 ], [ -16.762878417999957, 12.602722168000128 ], [ -16.764282226999967, 12.592285156 ], [ -16.765502929999968, 12.586120605000076 ], [ -16.766906737999932, 12.579895019999981 ], [ -16.764709472999982, 12.575500487999989 ], [ -16.761413573999903, 12.573303223000039 ], [ -16.754394530999946, 12.572692871000129 ], [ -16.747487307999961, 12.568413049000071 ], [ -16.736769630999959, 12.571377513000016 ], [ -16.729727178999894, 12.57571722800003 ], [ -16.703248118999966, 12.587149647000103 ], [ -16.680868292999946, 12.599120251000045 ], [ -16.662652155999979, 12.609529472000077 ], [ -16.646517863999918, 12.62097961500001 ], [ -16.635067720999871, 12.629827453000075 ], [ -16.62830172699995, 12.637634369000125 ], [ -16.626219882999919, 12.6480435900001 ], [ -16.624257909999869, 12.649515069000131 ], [ -16.619974349999836, 12.65272773900017 ], [ -16.609044667999854, 12.656891428000165 ], [ -16.595512680999946, 12.662096038000016 ], [ -16.586144381999929, 12.663136959999974 ], [ -16.575735160999898, 12.665739266 ], [ -16.553875795999943, 12.667300648999969 ], [ -16.543466574999968, 12.662096038000016 ], [ -16.519004905999964, 12.64492082300012 ], [ -16.500268307999931, 12.625143303000073 ], [ -16.490379547999908, 12.618897771000093 ], [ -16.481011248999891, 12.616815927000118 ], [ -16.462274650999916, 12.612131777000172 ], [ -16.447701741999936, 12.606406706000143 ], [ -16.429224222999949, 12.596986911000101 ], [ -16.425413299999946, 12.589365063000116 ], [ -16.424746387999903, 12.583934496000097 ], [ -16.418555922999928, 12.584026880000124 ], [ -16.411269467999944, 12.582465497000157 ], [ -16.405787040999883, 12.581457396000133 ], [ -16.400832839999964, 12.579075568000064 ], [ -16.398355738999896, 12.5765031950001 ], [ -16.392258260999881, 12.572025359000179 ], [ -16.386922966999975, 12.570310443000039 ], [ -16.38406477399991, 12.568690800000013 ], [ -16.381968765999943, 12.564308237999967 ], [ -16.383655070999851, 12.55977035 ], [ -16.383754466999903, 12.559665718000076 ], [ -16.385589143999937, 12.557734393999965 ], [ -16.39044807199997, 12.557543848000023 ], [ -16.394094252999935, 12.561126593999973 ], [ -16.402452482999934, 12.564022419000025 ], [ -16.407626240999946, 12.564249360000076 ], [ -16.416473388999975, 12.560394287000065 ], [ -16.424959182999942, 12.563467979000166 ], [ -16.456970137999974, 12.590889554 ], [ -16.467659730999969, 12.591924031000076 ], [ -16.476997374999939, 12.591774939000175 ], [ -16.502355575999957, 12.595238687000062 ], [ -16.503179549999913, 12.595381736000093 ], [ -16.511987685999941, 12.596908568000117 ], [ -16.521835326999962, 12.597425460000068 ], [ -16.527879714999926, 12.595017433000066 ], [ -16.531969702999959, 12.595372287000089 ], [ -16.532294305999869, 12.595593017000056 ], [ -16.535233029999915, 12.597591348000151 ], [ -16.536280022999961, 12.598303304000069 ], [ -16.536969674999909, 12.605544642000041 ], [ -16.53610761099992, 12.613303217000123 ], [ -16.545245488999967, 12.619854904000135 ], [ -16.546624790999942, 12.622096270000156 ], [ -16.549383395999939, 12.623475572000018 ], [ -16.555762668999932, 12.631234148000033 ], [ -16.559210924999945, 12.633303101000024 ], [ -16.562141942999972, 12.632613450000122 ], [ -16.566797087999873, 12.635027229000059 ], [ -16.571452232999945, 12.636923770000067 ], [ -16.578521157999944, 12.638130660000058 ], [ -16.584545136999907, 12.634104728000011 ], [ -16.585762494999926, 12.631923799000162 ], [ -16.585934907999899, 12.625199700000053 ], [ -16.59438313499993, 12.626579003000074 ], [ -16.598642349999977, 12.625038147000112 ], [ -16.601463316999968, 12.622227668000164 ], [ -16.604900315999942, 12.612785979000137 ], [ -16.608693396999911, 12.60692394400013 ], [ -16.615072669999961, 12.602613624000185 ], [ -16.61902251999993, 12.598303383000143 ], [ -16.620245053999952, 12.592441269000062 ], [ -16.625934676999975, 12.58502751900005 ], [ -16.633176013999957, 12.578131007000138 ], [ -16.638175984999918, 12.571406908000085 ], [ -16.651796595999883, 12.566406937000181 ], [ -16.656968979999931, 12.566062112000168 ], [ -16.664727554999899, 12.562096617000066 ], [ -16.676796450999916, 12.556234582000059 ], [ -16.682790355999884, 12.552374101000112 ], [ -16.686968805999925, 12.549682896000093 ], [ -16.690072235999935, 12.551407024000127 ], [ -16.695761857999969, 12.555544931000099 ], [ -16.697313572999917, 12.560200077000161 ], [ -16.699899764999941, 12.559510425000099 ], [ -16.701968718999979, 12.559338013000058 ], [ -16.704899735999959, 12.558648361 ], [ -16.70903764399992, 12.560544902000174 ], [ -16.710416945999896, 12.557786297000121 ], [ -16.717485869999962, 12.5515794370001 ], [ -16.724899620999963, 12.550544960000025 ], [ -16.724209968999958, 12.556924233000188 ], [ -16.729209939999919, 12.557269059000134 ], [ -16.738347818999955, 12.54261397199997 ], [ -16.749092101999963, 12.545187950000184 ], [ -16.752862929999878, 12.544754982000029 ], [ -16.756732940999882, 12.542823792000149 ], [ -16.761352538999915, 12.538980484000092 ], [ -16.767345427999942, 12.533494949000158 ], [ -16.771947860999944, 12.527270317000102 ], [ -16.774068831999955, 12.523171425000044 ], [ -16.777893065999933, 12.514636040000028 ], [ -16.780525207999915, 12.50420284300003 ], [ -16.786939620999874, 12.489319801000136 ], [ -16.790134429999966, 12.485349655000107 ], [ -16.790334701999939, 12.484190941000122 ], [ -16.790321349999886, 12.48208141300006 ], [ -16.788627624999833, 12.477803230000177 ], [ -16.788585662999935, 12.471813201999964 ], [ -16.788478850999979, 12.461125374000119 ], [ -16.787969588999943, 12.457589149000171 ], [ -16.786970138999891, 12.453306198000121 ], [ -16.783052443999964, 12.44291687000009 ], [ -16.781282424999972, 12.437414169000135 ], [ -16.780759810999882, 12.431971550000014 ], [ -16.779012679999937, 12.424630165000053 ], [ -16.774370192999925, 12.414448738000033 ], [ -16.770883559999902, 12.406234741000162 ], [ -16.769205092999982, 12.403862952999987 ], [ -16.765800475999981, 12.40245533000018 ], [ -16.764328002999946, 12.399877548000063 ], [ -16.762853621999966, 12.397232056000178 ], [ -16.761877059999904, 12.39608097100006 ], [ -16.760902404999911, 12.395610809000061 ], [ -16.759237288999884, 12.395145416 ], [ -16.757776259999957, 12.394201279000129 ], [ -16.755338668999912, 12.392311096000128 ], [ -16.749177932999885, 12.388061522999976 ], [ -16.745548247999977, 12.384068489000185 ], [ -16.743591308999953, 12.381698608000136 ], [ -16.741647719999889, 12.381234169000152 ], [ -16.739429473999962, 12.381044388000191 ], [ -16.737482070999931, 12.379831314000171 ], [ -16.734832763999918, 12.377465247999965 ], [ -16.732873916999949, 12.374414444000138 ], [ -16.730789184999935, 12.368232727000191 ], [ -16.729356765999967, 12.361161232000143 ], [ -16.728553771999884, 12.354903221000029 ], [ -16.72592925999993, 12.350971222000055 ], [ -16.717355727999916, 12.342923164000126 ], [ -16.716338024999914, 12.340770739999982 ], [ -16.715244503999941, 12.339339287000143 ], [ -16.713520375999906, 12.338304810000068 ], [ -16.71210173999998, 12.336298745000079 ], [ -16.711685319999958, 12.335269585000049 ], [ -16.70856684499995, 12.337740110000084 ], [ -16.703113511999959, 12.342060110000091 ], [ -16.69766, 12.346380000000124 ], [ -16.691783450999878, 12.349023461000115 ], [ -16.685906784999929, 12.351666794000039 ], [ -16.68003, 12.35431 ], [ -16.67281, 12.356050000000153 ], [ -16.665783319999946, 12.355800181000177 ], [ -16.658756652999955, 12.355550181000126 ], [ -16.651729999999873, 12.355300000000113 ], [ -16.618063010999947, 12.349307541000144 ], [ -16.610346464999907, 12.347933880000085 ], [ -16.60263, 12.346560000000125 ], [ -16.592089999999871, 12.3463 ], [ -16.583439999999882, 12.34669 ], [ -16.56014, 12.35218 ], [ -16.55597, 12.354560000000163 ], [ -16.550955012999964, 12.355230045999974 ], [ -16.54594, 12.35590000000019 ], [ -16.509339999999895, 12.35151 ], [ -16.50719, 12.349480000000142 ], [ -16.49433, 12.350410000000181 ], [ -16.485476805999951, 12.352486955000131 ], [ -16.476623472999904, 12.354563621000182 ], [ -16.46777, 12.356640000000141 ], [ -16.458768858999917, 12.357096041000091 ], [ -16.455643614999929, 12.357254277000038 ], [ -16.455483861999937, 12.3572623660001 ], [ -16.449767686999905, 12.357551785000169 ], [ -16.440766482999891, 12.358007232000091 ], [ -16.431765248999966, 12.358462380000105 ], [ -16.422763982999925, 12.358917232000067 ], [ -16.413762686999974, 12.359371785000121 ], [ -16.404761358999963, 12.359826042000122 ], [ -16.395759999999882, 12.36028 ], [ -16.389899999999898, 12.360590000000116 ], [ -16.38107, 12.36419 ], [ -16.376810058999979, 12.367835034000052 ], [ -16.37255, 12.37148000000019 ], [ -16.366765077999901, 12.375030062000121 ], [ -16.36097999999987, 12.37858 ], [ -16.352912836999963, 12.382232861000034 ], [ -16.344845448999934, 12.385885481000059 ], [ -16.336777836999886, 12.389537861000122 ], [ -16.328709999999887, 12.39319 ], [ -16.306469999999877, 12.40555 ], [ -16.30417999999986, 12.40835 ], [ -16.297450082999887, 12.411575084000162 ], [ -16.29072, 12.414800000000184 ], [ -16.28449, 12.41997 ], [ -16.277670357999966, 12.423402345000056 ], [ -16.270850536999944, 12.426834518000078 ], [ -16.26403053699994, 12.430266518000167 ], [ -16.257210357999952, 12.433698344999982 ], [ -16.25039, 12.43713 ], [ -16.244255266999915, 12.44091771 ], [ -16.238120355999911, 12.444705280000051 ], [ -16.23198526699997, 12.448492710000096 ], [ -16.231569536999928, 12.448749339000074 ], [ -16.22585, 12.45228 ], [ -16.220385042999908, 12.454330055000185 ], [ -16.214919999999836, 12.45638 ], [ -16.208135008999932, 12.456725085000073 ], [ -16.201349999999877, 12.457070000000101 ], [ -16.194784985999888, 12.456495079999968 ], [ -16.18822, 12.45592 ], [ -16.181863244999931, 12.45411015000019 ], [ -16.175506578999943, 12.452300149999985 ], [ -16.169149999999888, 12.450490000000173 ], [ -16.15324, 12.451 ], [ -16.14977, 12.45336 ], [ -16.141115011999943, 12.453735139000173 ], [ -16.13246, 12.454110000000185 ], [ -16.124487702999886, 12.456322853000017 ], [ -16.116515269999979, 12.458535471000118 ], [ -16.108542702999898, 12.460747853000044 ], [ -16.10057, 12.46296 ], [ -16.092998147999879, 12.464232425000091 ], [ -16.08542622199991, 12.465504636999981 ], [ -16.077854221999928, 12.466776637000066 ], [ -16.070282147999933, 12.46804842500012 ], [ -16.06271, 12.46932 ], [ -16.0566, 12.46781 ], [ -16.049925, 12.467810082000028 ], [ -16.043249999999887, 12.46781 ], [ -16.034854392999875, 12.465117165000095 ], [ -16.026458959999957, 12.462424068000075 ], [ -16.023747607999894, 12.461554215000149 ], [ -16.018063699999971, 12.459730710000031 ], [ -16.009668613999963, 12.457037090000085 ], [ -16.001273700999889, 12.454343209 ], [ -15.992878960999974, 12.451649067000062 ], [ -15.984484393999935, 12.448954664000098 ], [ -15.97609, 12.446260000000109 ], [ -15.95801, 12.44046 ], [ -15.9491, 12.439680000000124 ], [ -15.941865034999921, 12.440950097000155 ], [ -15.934629999999856, 12.442220000000134 ], [ -15.927146057999948, 12.442730414000096 ], [ -15.919662087999882, 12.443240621000143 ], [ -15.912178087999962, 12.443750621000049 ], [ -15.904694057999961, 12.444260414000041 ], [ -15.89721, 12.444770000000119 ], [ -15.892168073999926, 12.444643640000095 ], [ -15.889890370999922, 12.444586556 ], [ -15.888249976999816, 12.444545445000074 ], [ -15.879289968999899, 12.4443205930001 ], [ -15.870329976999926, 12.44409544500013 ], [ -15.86137, 12.44387 ], [ -15.853664842999933, 12.442803882000135 ], [ -15.845959747999927, 12.44173754500008 ], [ -15.83825471699987, 12.440670988000022 ], [ -15.830549747999896, 12.43960421100013 ], [ -15.822844842999928, 12.438537215000167 ], [ -15.815139999999872, 12.43747 ], [ -15.807969955999909, 12.43586009500018 ], [ -15.8008, 12.43425 ], [ -15.792719989999966, 12.433915120999984 ], [ -15.78464, 12.43358 ], [ -15.77946, 12.432050000000118 ], [ -15.76959, 12.43208 ], [ -15.76143, 12.432110000000137 ], [ -15.753859868999882, 12.430974423000066 ], [ -15.746289802999968, 12.42983863500001 ], [ -15.738719802999981, 12.428702635000036 ], [ -15.731149868999978, 12.427566423000144 ], [ -15.72358, 12.42643 ], [ -15.7037, 12.423810000000117 ], [ -15.690359999999885, 12.423780000000136 ], [ -15.66585, 12.4283 ], [ -15.63091, 12.43942 ], [ -15.62792, 12.44268 ], [ -15.621180079999874, 12.445775084000104 ], [ -15.614439999999888, 12.44887 ], [ -15.6119, 12.45144 ], [ -15.59512192699998, 12.459539430000177 ], [ -15.587893659999963, 12.463028666000014 ], [ -15.580665200999931, 12.466517708000083 ], [ -15.573436546999915, 12.470006555000168 ], [ -15.566207700999882, 12.473495208000088 ], [ -15.558978660999969, 12.476983667000127 ], [ -15.551749426999891, 12.480471931000068 ], [ -15.54452, 12.483960000000138 ], [ -15.54198, 12.486760000000174 ], [ -15.536295066999912, 12.489835060000019 ], [ -15.53061, 12.492910000000109 ], [ -15.522536844999934, 12.495790242 ], [ -15.51446351199985, 12.498670243 ], [ -15.50638999999984, 12.501550000000179 ], [ -15.49938, 12.502810000000125 ], [ -15.49218999999988, 12.50729 ], [ -15.486449999999877, 12.50926 ], [ -15.480801325999948, 12.511204747000079 ], [ -15.47123, 12.514500000000169 ], [ -15.468699999999842, 12.517980000000136 ], [ -15.460420069999884, 12.520170128000188 ], [ -15.45214, 12.522360000000162 ], [ -15.432840753999869, 12.533286527000143 ], [ -15.42962, 12.535110000000145 ], [ -15.40738, 12.55108 ], [ -15.40209, 12.55713 ], [ -15.396745060999876, 12.560085054000126 ], [ -15.3914, 12.56304 ], [ -15.36616, 12.58203 ], [ -15.36113778299989, 12.586875144000032 ], [ -15.356115376999924, 12.591720192000025 ], [ -15.351092782999956, 12.596565144000124 ], [ -15.34607, 12.60141 ], [ -15.340656811999963, 12.604860111000164 ], [ -15.335243477999938, 12.608310111000151 ], [ -15.32983, 12.61176 ], [ -15.321862377999935, 12.614818477000085 ], [ -15.313894567999967, 12.617876714999966 ], [ -15.305926567999961, 12.620934715000033 ], [ -15.297958377999976, 12.623992477000115 ], [ -15.289989999999875, 12.62705 ], [ -15.27231, 12.635800000000131 ], [ -15.26889, 12.637990000000173 ], [ -15.262148451999906, 12.642302344000086 ], [ -15.255406678999975, 12.646614516 ], [ -15.24866467899983, 12.650926516000084 ], [ -15.241922452999916, 12.655238344000168 ], [ -15.23518, 12.65955 ], [ -15.227122440999892, 12.663064490000068 ], [ -15.219064661999937, 12.666578735000087 ], [ -15.211006661999875, 12.670092735000082 ], [ -15.202948441999979, 12.673606490000111 ], [ -15.19489, 12.67712 ], [ -15.186689999999828, 12.67724 ], [ -15.17925, 12.680790000000115 ], [ -15.171859982999877, 12.680200103000061 ], [ -15.16447, 12.67961 ], [ -15.15127, 12.67961 ], [ -15.143503999999837, 12.679612454 ], [ -15.135738, 12.679614681000089 ], [ -15.127971999999886, 12.679616681000084 ], [ -15.124528616999839, 12.679617467000185 ], [ -15.120206, 12.679618454000149 ], [ -15.116383759999962, 12.679619215000116 ], [ -15.112439999999879, 12.679620000000114 ], [ -15.107274980999932, 12.678655050000032 ], [ -15.10211, 12.67769 ], [ -15.094505064999908, 12.678422825999974 ], [ -15.086900086999947, 12.679155435000098 ], [ -15.079295064999883, 12.679887826000083 ], [ -15.07169, 12.68062 ], [ -15.064524976999962, 12.679795097000124 ], [ -15.05736, 12.678970000000163 ], [ -15.049946685999942, 12.679296873000112 ], [ -15.042533351999964, 12.679623540000023 ], [ -15.03512, 12.67995 ], [ -15.029019995999874, 12.679790070000138 ], [ -15.02292, 12.67963 ], [ -15.015279987999975, 12.679423553000106 ], [ -14.983642786999951, 12.678568401000064 ], [ -14.975464200999966, 12.678347224000106 ], [ -14.967285628999889, 12.678125795000028 ], [ -14.959107071999881, 12.67790411500016 ], [ -14.950928528999896, 12.677682183000059 ], [ -14.942749999999819, 12.67746000000011 ], [ -14.93443752099995, 12.677680390000035 ], [ -14.926125028999877, 12.677900520000094 ], [ -14.917812520999973, 12.67812039 ], [ -14.912899869999933, 12.678250178000098 ], [ -14.9095, 12.67834 ], [ -14.902449999999874, 12.67728000000011 ], [ -14.895199999999875, 12.67875 ], [ -14.89439, 12.678740000000118 ], [ -14.885708397999963, 12.678585547000068 ], [ -14.877026806999822, 12.678430810000123 ], [ -14.86834522599986, 12.678275790999976 ], [ -14.859663655999896, 12.678120487000115 ], [ -14.850982095999939, 12.67796490000012 ], [ -14.842300546999979, 12.67780903 ], [ -14.841333155999962, 12.677791630000172 ], [ -14.83361900899996, 12.677652876000082 ], [ -14.824937480999893, 12.677496438999981 ], [ -14.816255962999946, 12.677339718000098 ], [ -14.807574455999884, 12.67718271300015 ], [ -14.798892959999932, 12.677025426 ], [ -14.790211474999921, 12.676867855000012 ], [ -14.78153, 12.67671 ], [ -14.774155015999952, 12.677260102000048 ], [ -14.76678, 12.67781 ], [ -14.76564, 12.67781 ], [ -14.756439274999877, 12.677789212000164 ], [ -14.747238551999942, 12.677768105999974 ], [ -14.738037830999929, 12.677746682000191 ], [ -14.728837109999915, 12.677724939000086 ], [ -14.719636391999927, 12.677702878000105 ], [ -14.710435674999928, 12.677680498000029 ], [ -14.701234959999965, 12.677657800000134 ], [ -14.692034245999878, 12.677634784000134 ], [ -14.68283353399994, 12.677611449000096 ], [ -14.673632823999867, 12.677587796000182 ], [ -14.664432114999954, 12.67756382500005 ], [ -14.655231407999906, 12.677539535 ], [ -14.646030702999894, 12.677514927000118 ], [ -14.627628558999902, 12.677465641000083 ], [ -14.618427120999911, 12.677440964000084 ], [ -14.609225682999863, 12.677415968000162 ], [ -14.600024247999954, 12.677390654000021 ], [ -14.590822814999967, 12.67736502200006 ], [ -14.581621382999913, 12.677339071000119 ], [ -14.57241995399994, 12.677312801000085 ], [ -14.563218525999957, 12.677286214000105 ], [ -14.554017099999953, 12.677259307000099 ], [ -14.544815675999871, 12.677232083000149 ], [ -14.535614253999825, 12.677204540000105 ], [ -14.526412833999927, 12.67717667800008 ], [ -14.517211415999952, 12.677148498000065 ], [ -14.50801, 12.67712 ], [ -14.498809270999971, 12.677090641000177 ], [ -14.489608544999953, 12.677060963000031 ], [ -14.480407819999925, 12.677030967 ], [ -14.471207097999979, 12.677000653 ], [ -14.462006377999899, 12.676970020000056 ], [ -14.452805659999967, 12.676939069000071 ], [ -14.443604944999947, 12.676907800000038 ], [ -14.43440423099986, 12.676876212000082 ], [ -14.425203519999911, 12.676844306000135 ], [ -14.416002811999931, 12.67681208200014 ], [ -14.406802104999883, 12.676779539 ], [ -14.352782843999933, 12.676587464000022 ], [ -14.343977129999814, 12.676556034999976 ], [ -14.339649617999953, 12.676540446000047 ], [ -14.335171417999959, 12.676524315000052 ], [ -14.327119918999927, 12.676495045000081 ], [ -14.326365707999969, 12.676492303000032 ], [ -14.325636699999961, 12.676489629000173 ], [ -14.31756, 12.676460000000134 ], [ -14.30981, 12.674930000000188 ], [ -14.30983, 12.676080000000127 ], [ -14.301958020999905, 12.676254466000159 ], [ -14.294086031999882, 12.676428699000098 ], [ -14.286214031999918, 12.676602699000114 ], [ -14.278342020999901, 12.676776466000035 ], [ -14.270469999999875, 12.67695 ], [ -14.264226665999956, 12.676930147 ], [ -14.257983331999924, 12.676910147000171 ], [ -14.25174, 12.676890000000185 ], [ -14.242599990999963, 12.676859034000074 ], [ -14.233459983999978, 12.67682775500009 ], [ -14.224319978999858, 12.676796161000141 ], [ -14.215179976999877, 12.676764253000158 ], [ -14.206039976999932, 12.676732030999972 ], [ -14.196899978999966, 12.676699494000047 ], [ -14.187759983999911, 12.676666643999965 ], [ -14.178619990999948, 12.676633478999975 ], [ -14.16948, 12.676600000000178 ], [ -14.164314981999951, 12.675730050000141 ], [ -14.15915, 12.67486 ], [ -14.15448, 12.676510000000178 ], [ -14.146710027999916, 12.676817841000172 ], [ -14.138940036999884, 12.677125454000134 ], [ -14.131170027999929, 12.677432841000041 ], [ -14.12339999999989, 12.67774 ], [ -14.114399999999875, 12.675990000000127 ], [ -14.08744, 12.6751 ], [ -14.07996, 12.67656 ], [ -14.071707797999977, 12.676638802000184 ], [ -14.063455590999922, 12.676717348000125 ], [ -14.055203377999874, 12.676795637999987 ], [ -14.046951160999924, 12.676873672000056 ], [ -14.038698938999971, 12.676951450000104 ], [ -14.0304467119999, 12.67702897200013 ], [ -14.02219447899995, 12.677106237000032 ], [ -14.013942241999928, 12.677183247000187 ], [ -14.00569, 12.67726 ], [ -14.000339987999951, 12.676700054000094 ], [ -13.99499, 12.67614 ], [ -13.991619999999841, 12.67579000000012 ], [ -13.982661429999951, 12.675794819000089 ], [ -13.973702859999833, 12.675799336000182 ], [ -13.964744288999952, 12.675803551000058 ], [ -13.955785718999891, 12.675807465000048 ], [ -13.946827147999954, 12.675811076000059 ], [ -13.937868575999971, 12.675814386000184 ], [ -13.928910004999921, 12.675817394000092 ], [ -13.919951432999881, 12.675820100000124 ], [ -13.910992860999897, 12.675822505000042 ], [ -13.902034288999971, 12.675824607000038 ], [ -13.893075716999817, 12.675826408000091 ], [ -13.884117144999948, 12.675827907000155 ], [ -13.875158571999975, 12.675829105000048 ], [ -13.8662, 12.67583 ], [ -13.86063, 12.67583 ], [ -13.84447956199989, 12.67597307799997 ], [ -13.82338, 12.67616 ], [ -13.82339, 12.67731 ], [ -13.817136642999913, 12.676830147000089 ], [ -13.810883309999952, 12.676350147 ], [ -13.80463, 12.675870000000145 ], [ -13.7963675069999, 12.67590214900008 ], [ -13.788105011999903, 12.675934040000129 ], [ -13.779842514999814, 12.675965675000157 ], [ -13.771580015999973, 12.675997054 ], [ -13.763317514999869, 12.676028175 ], [ -13.755055011999957, 12.676059040000155 ], [ -13.746792506999952, 12.676089649000119 ], [ -13.73853, 12.67612 ], [ -13.73115500199998, 12.676145307000127 ], [ -13.723780002999945, 12.676170409000065 ], [ -13.716405001999931, 12.676195307000171 ], [ -13.709029999999871, 12.676220000000171 ], [ -13.699127154999871, 12.676127476000147 ], [ -13.689981182999929, 12.676041865000059 ], [ -13.680835215999934, 12.675955940000165 ], [ -13.671689256999912, 12.675869700000135 ], [ -13.662543302999893, 12.675783144999968 ], [ -13.653397354999981, 12.675696276000167 ], [ -13.644251413999882, 12.675609093000162 ], [ -13.635105478999947, 12.675521594000088 ], [ -13.625959549999948, 12.675433782000141 ], [ -13.610066452999888, 12.675281049000034 ], [ -13.57874, 12.67498 ], [ -13.570173595999961, 12.674357040000018 ], [ -13.56160723399995, 12.673733804000165 ], [ -13.553040912999961, 12.673110292000104 ], [ -13.544474633999926, 12.672486504000176 ], [ -13.535908395999911, 12.671862441000144 ], [ -13.52734220099984, 12.671238100999972 ], [ -13.518776046999903, 12.670613486000093 ], [ -13.510209934999921, 12.669988594000074 ], [ -13.501643863999959, 12.669363427000121 ], [ -13.493077834999951, 12.668737984000131 ], [ -13.487288840999952, 12.668315115999974 ], [ -13.484511847999954, 12.668112265000161 ], [ -13.475945902999968, 12.667486270000154 ], [ -13.467379999999821, 12.66686 ], [ -13.46174, 12.665060000000153 ], [ -13.45308, 12.666050000000155 ], [ -13.426785496999912, 12.664327317000186 ], [ -13.401491319999877, 12.662672230000112 ], [ -13.384627932999933, 12.661610533999976 ], [ -13.376195898999924, 12.661100801000032 ], [ -13.367763898999954, 12.660590801000069 ], [ -13.359331932999908, 12.660080534000087 ], [ -13.3509, 12.65957 ], [ -13.35017, 12.65344 ], [ -13.348751424999875, 12.652069201000074 ], [ -13.34631, 12.64971 ], [ -13.342309999999827, 12.65389000000016 ], [ -13.33854, 12.654800000000137 ], [ -13.33602, 12.65212 ], [ -13.33325, 12.64461 ], [ -13.32409, 12.64172 ], [ -13.30466, 12.64246 ], [ -13.297419999999875, 12.64642 ], [ -13.29532, 12.64666 ], [ -13.29067, 12.65175 ], [ -13.28786, 12.652460000000133 ], [ -13.281409957999927, 12.650775077999981 ], [ -13.27496, 12.64909 ], [ -13.268985000999862, 12.64912506700017 ], [ -13.26301, 12.649160000000109 ], [ -13.255034929999965, 12.646910120000143 ], [ -13.24706, 12.644660000000101 ], [ -13.242124953999848, 12.642275046000123 ], [ -13.237189999999828, 12.63989000000015 ], [ -13.23297, 12.63968 ], [ -13.227260094999963, 12.643970062000051 ], [ -13.22155, 12.648260000000107 ], [ -13.21335, 12.648770000000184 ], [ -13.21077, 12.64649 ], [ -13.2091, 12.6419 ], [ -13.203109941999969, 12.6394000680001 ], [ -13.197119999999813, 12.6369 ], [ -13.192409915999917, 12.632330042000092 ], [ -13.1877, 12.62776 ], [ -13.18465, 12.62778 ], [ -13.182105042999922, 12.632165013000019 ], [ -13.17956, 12.63655 ], [ -13.17184, 12.638660000000186 ], [ -13.162665017999871, 12.639155158000108 ], [ -13.15349, 12.639650000000188 ], [ -13.15264, 12.639690000000144 ], [ -13.145109999999875, 12.63491 ], [ -13.13906, 12.641610000000185 ], [ -13.13415, 12.64233 ], [ -13.12833145399992, 12.639511824000124 ], [ -13.127019190999874, 12.638876238000137 ], [ -13.126634893999892, 12.638690106000183 ], [ -13.119119999999896, 12.63505 ], [ -13.11092, 12.63441 ], [ -13.106844951999904, 12.631375031000061 ], [ -13.10277, 12.62834 ], [ -13.100799999999879, 12.62687 ], [ -13.09728, 12.62575 ], [ -13.08794, 12.62994 ], [ -13.083985070999915, 12.634560030000046 ], [ -13.08003, 12.63918 ], [ -13.07769, 12.63988 ], [ -13.073469999999872, 12.63899 ], [ -13.069449890999977, 12.631995032000077 ], [ -13.065429999999878, 12.625 ], [ -13.061079951999943, 12.622145036000063 ], [ -13.056729999999845, 12.61929 ], [ -13.056469994999929, 12.614690001000099 ], [ -13.05621, 12.61009 ], [ -13.054766593999943, 12.603580011000133 ], [ -13.053323259999956, 12.597070011000085 ], [ -13.05188, 12.59056 ], [ -13.050899999999899, 12.58206 ], [ -13.0525, 12.575380000000166 ], [ -13.056320108999955, 12.568000029000189 ], [ -13.060139999999876, 12.56062 ], [ -13.061976754999819, 12.554400015000056 ], [ -13.063813421999896, 12.548180015000185 ], [ -13.065649999999891, 12.54196 ], [ -13.070310072999916, 12.537910041000089 ], [ -13.074969999999837, 12.53386 ], [ -13.07659, 12.52971 ], [ -13.074439939999934, 12.522475010999983 ], [ -13.07229, 12.515240000000119 ], [ -13.072720010999831, 12.508680002000176 ], [ -13.073149999999885, 12.50212 ], [ -13.07121, 12.49132 ], [ -13.06578, 12.482380000000148 ], [ -13.0606, 12.47781 ], [ -13.05877, 12.47707 ], [ -13.050989999999899, 12.47395 ], [ -13.03975, 12.474930000000143 ], [ -13.034145032999959, 12.47645505800017 ], [ -13.02854, 12.47798 ], [ -13.022494991999963, 12.477650068000116 ], [ -13.01645, 12.477320000000134 ], [ -13.010219963999873, 12.475830072000178 ], [ -13.00399, 12.474340000000154 ], [ -13.0024, 12.47374 ], [ -12.97405, 12.46358 ], [ -12.96865, 12.46167 ], [ -12.967019999999877, 12.46269 ], [ -12.948149999999885, 12.477060000000165 ], [ -12.93955, 12.487460000000169 ], [ -12.940489999999897, 12.487460000000169 ], [ -12.939485095999885, 12.495745013000089 ], [ -12.938480127999981, 12.504030018000037 ], [ -12.937475095999957, 12.512315013000091 ], [ -12.93647, 12.5206 ], [ -12.932619999999872, 12.52747 ], [ -12.930909999999869, 12.530520000000138 ], [ -12.926720051999951, 12.533765033000122 ], [ -12.922529999999824, 12.537010000000123 ], [ -12.913880081999821, 12.539475139000103 ], [ -12.90523, 12.541940000000181 ], [ -12.90007, 12.54197 ], [ -12.89327, 12.5397 ], [ -12.88765, 12.54065 ], [ -12.883419953999919, 12.537800034000099 ], [ -12.87918999999988, 12.53495 ], [ -12.876589959999933, 12.530935013000089 ], [ -12.87399, 12.526920000000189 ], [ -12.868809999999883, 12.52304 ], [ -12.861069851999957, 12.520553556000095 ], [ -12.853329851999888, 12.518066890000057 ], [ -12.84559, 12.51558000000017 ], [ -12.843967458999941, 12.513416612000015 ], [ -12.84181, 12.51054 ], [ -12.841769998999837, 12.503405001999965 ], [ -12.841729999999814, 12.49627 ], [ -12.83759, 12.491120000000137 ], [ -12.83418, 12.486880000000156 ], [ -12.810469999999896, 12.4759600000001 ], [ -12.80015, 12.47280000000012 ], [ -12.793485035999936, 12.474215082000114 ], [ -12.78682, 12.475630000000137 ], [ -12.781559999999899, 12.47626 ], [ -12.7766, 12.471890000000144 ], [ -12.77183, 12.4709 ], [ -12.76967, 12.46628 ], [ -12.76543493499986, 12.462275034000015 ], [ -12.7612, 12.458270000000141 ], [ -12.759984962999852, 12.450225005000163 ], [ -12.75877, 12.44218 ], [ -12.755449999999882, 12.43507 ], [ -12.73957, 12.43002 ], [ -12.73763, 12.429410000000189 ], [ -12.71868, 12.43042 ], [ -12.7147, 12.43204 ], [ -12.706322034999857, 12.432312518000174 ], [ -12.697944051999968, 12.432584778000148 ], [ -12.689566051999975, 12.432856778000087 ], [ -12.681188034999934, 12.433128518 ], [ -12.67281, 12.43340000000012 ], [ -12.66445999299998, 12.433283591000134 ], [ -12.656109992999916, 12.433166923999977 ], [ -12.64776, 12.43305 ], [ -12.640849976999959, 12.432165088000033 ], [ -12.63394, 12.431280000000186 ], [ -12.627839941999866, 12.428775069000153 ], [ -12.621739999999818, 12.426270000000102 ], [ -12.619004961999906, 12.42261501400003 ], [ -12.61627, 12.41896 ], [ -12.60595, 12.40518 ], [ -12.597859908999965, 12.402225121000015 ], [ -12.589769999999874, 12.39927 ], [ -12.58437, 12.39538 ], [ -12.580709905999925, 12.388615026000025 ], [ -12.577049999999815, 12.38185 ], [ -12.565702925999915, 12.369756767000126 ], [ -12.56458, 12.368560000000173 ], [ -12.555449999999894, 12.3679 ], [ -12.54376, 12.37141 ], [ -12.537222836999888, 12.375920238000049 ], [ -12.530685448999975, 12.380430317000105 ], [ -12.524147836999873, 12.384940238000127 ], [ -12.51761, 12.38945 ], [ -12.511905085999956, 12.393385060000185 ], [ -12.5062, 12.39732 ], [ -12.501400001999855, 12.397455042000161 ], [ -12.496599999999887, 12.39759000000015 ], [ -12.48936, 12.40061 ], [ -12.481749977999982, 12.399835107000172 ], [ -12.47414, 12.39906 ], [ -12.465936510999938, 12.396563582000113 ], [ -12.457733176999966, 12.394066915000053 ], [ -12.44953, 12.391570000000115 ], [ -12.442019868999921, 12.38699510500004 ], [ -12.43451, 12.382420000000138 ], [ -12.427789863999919, 12.379763500000081 ], [ -12.42106986399989, 12.377106833000084 ], [ -12.414349999999899, 12.37445 ], [ -12.409184943999946, 12.371595049 ], [ -12.404019999999889, 12.368740000000116 ], [ -12.403982816999928, 12.368706749000125 ], [ -12.39963599399988, 12.364819597 ], [ -12.389929999999879, 12.356140000000153 ], [ -12.385769796999853, 12.349713400000098 ], [ -12.381609796999896, 12.34328673300007 ], [ -12.377449999999897, 12.33686 ], [ -12.3765, 12.33341 ], [ -12.372619940999925, 12.329400028000123 ], [ -12.368739999999889, 12.32539 ], [ -12.368019999999831, 12.321480000000122 ], [ -12.360029999999881, 12.311390000000131 ], [ -12.35322, 12.307280000000105 ], [ -12.34363, 12.30731 ], [ -12.33078, 12.311490000000106 ], [ -12.323696864999874, 12.31519685100011 ], [ -12.316613531999906, 12.318903518000127 ], [ -12.30953, 12.322610000000168 ], [ -12.30565, 12.324070000000177 ], [ -12.297849999999869, 12.32702 ], [ -12.292009999999834, 12.331180000000131 ], [ -12.283832063999967, 12.334592167000096 ], [ -12.275653915999953, 12.338004088000048 ], [ -12.267475555999965, 12.341415762999986 ], [ -12.259296984999935, 12.344827192000082 ], [ -12.25111820199993, 12.348238374000061 ], [ -12.242939206999893, 12.351649310000028 ], [ -12.23476, 12.355060000000151 ], [ -12.226730061999831, 12.356076904000076 ], [ -12.218700061999868, 12.357093570000188 ], [ -12.21066999999988, 12.35811 ], [ -12.203493342999934, 12.35828685600012 ], [ -12.196316675999981, 12.358463522000022 ], [ -12.189139999999838, 12.35864 ], [ -12.186641408999947, 12.360293692000084 ], [ -12.185679999999877, 12.360930000000167 ], [ -12.178359999999884, 12.36064000000016 ], [ -12.17251, 12.36273 ], [ -12.165979999999877, 12.36849 ], [ -12.15919, 12.36805 ], [ -12.154347782999878, 12.373177632000136 ], [ -12.149505377999958, 12.378305176000026 ], [ -12.144662783999934, 12.383432632000051 ], [ -12.139819999999816, 12.38856 ], [ -12.134915059999969, 12.391790045000107 ], [ -12.13001, 12.395020000000102 ], [ -12.124406912999973, 12.400783451000109 ], [ -12.118803579999962, 12.406546785000046 ], [ -12.1132, 12.41231 ], [ -12.107746791999944, 12.415310110000064 ], [ -12.102293457999906, 12.418310110000164 ], [ -12.096839999999816, 12.42131 ], [ -12.08865, 12.422020000000146 ], [ -12.08209, 12.42134 ], [ -12.0757, 12.4175 ], [ -12.073, 12.418990000000122 ], [ -12.065203416999907, 12.42039022400013 ], [ -12.057406749999814, 12.421790224000176 ], [ -12.04961, 12.423190000000147 ], [ -12.043384852999964, 12.416995073000123 ], [ -12.03716, 12.410800000000108 ], [ -12.03622, 12.40689 ], [ -12.02496, 12.39956 ], [ -12.016759999999863, 12.396590000000174 ], [ -11.99874, 12.396860000000117 ], [ -11.97768, 12.40082 ], [ -11.95874, 12.407060000000115 ], [ -11.93419, 12.42207 ], [ -11.93186, 12.425290000000189 ], [ -11.925466749999828, 12.426990151000098 ], [ -11.919073415999947, 12.428690151000069 ], [ -11.91268, 12.430390000000102 ], [ -11.908000003999973, 12.43063004000004 ], [ -11.90332, 12.43087 ], [ -11.89863496699985, 12.429040041000064 ], [ -11.89395, 12.42721 ], [ -11.890544951999971, 12.423535022000124 ], [ -11.887139999999874, 12.419860000000142 ], [ -11.88246, 12.41918 ], [ -11.877007227999968, 12.41482016700013 ], [ -11.874121382999931, 12.412512616000072 ], [ -11.873195731999886, 12.411772457000041 ], [ -11.871554636999974, 12.410460222000097 ], [ -11.866102227999875, 12.406100166000101 ], [ -11.86065, 12.401740000000132 ], [ -11.8494, 12.397380000000169 ], [ -11.81382, 12.39284 ], [ -11.806797514999971, 12.393025272000102 ], [ -11.79977501999997, 12.393210363000037 ], [ -11.792752514999904, 12.393395272000134 ], [ -11.785729999999887, 12.393580000000156 ], [ -11.777689882999823, 12.391673572000172 ], [ -11.769649882999943, 12.389766905000045 ], [ -11.76161, 12.387860000000103 ], [ -11.722639999999899, 12.392290000000173 ], [ -11.712469999999882, 12.39345 ], [ -11.703349999999887, 12.396910000000162 ], [ -11.698203498999874, 12.401133432000051 ], [ -11.693056831999911, 12.405356766000068 ], [ -11.68791, 12.40958 ], [ -11.682610139999952, 12.413036771 ], [ -11.677310139999975, 12.416493438000145 ], [ -11.67201, 12.419950000000142 ], [ -11.66383, 12.423400000000129 ], [ -11.655990030999874, 12.424445113000161 ], [ -11.64815, 12.42549 ], [ -11.643579983999871, 12.424575039000104 ], [ -11.63901, 12.423660000000154 ], [ -11.600389999999834, 12.42692 ], [ -11.600389999999834, 12.428070000000162 ], [ -11.594073414999968, 12.429760148000014 ], [ -11.587756747999947, 12.431450148000067 ], [ -11.581439999999873, 12.43314 ], [ -11.573597660999894, 12.434927841000103 ], [ -11.565755213999921, 12.436715455000069 ], [ -11.557912660999932, 12.438502841000172 ], [ -11.55007, 12.440290000000118 ], [ -11.543830040999921, 12.441140144000144 ], [ -11.53759004099993, 12.441990144000101 ], [ -11.53135, 12.442840000000103 ], [ -11.52244497099997, 12.442672399000173 ], [ -11.45971, 12.441490000000158 ], [ -11.453037310999946, 12.439020247000144 ], [ -11.446364747999951, 12.436550330000159 ], [ -11.439692310999931, 12.434080247000168 ], [ -11.43302, 12.431610000000148 ], [ -11.42693225499994, 12.428102707000107 ], [ -11.420844673999966, 12.424595275000172 ], [ -11.41475725499987, 12.421087706000094 ], [ -11.40867, 12.417580000000157 ], [ -11.40071, 12.415280000000109 ], [ -11.37946, 12.41356 ], [ -11.375577766999982, 12.415311404000022 ], [ -11.374820875999887, 12.417209567000157 ], [ -11.37361348699983, 12.419574036000085 ], [ -11.373110408999935, 12.420529886000168 ], [ -11.372506714999929, 12.420831733000171 ], [ -11.372003635999931, 12.420932349000111 ], [ -11.370494399999927, 12.420630501 ], [ -11.369136087999891, 12.420127423000167 ], [ -11.368532393999942, 12.420127423000167 ], [ -11.367979006999917, 12.420580194000024 ], [ -11.367174080999916, 12.4225422 ], [ -11.365262382999958, 12.431346076000125 ], [ -11.367023157999881, 12.436729017000118 ], [ -11.368381469999917, 12.437735174000125 ], [ -11.368934855999953, 12.438187945000038 ], [ -11.372255174999964, 12.442313189000117 ], [ -11.372758253999962, 12.443168423000031 ], [ -11.372456406999902, 12.448249517000136 ], [ -11.37220486699988, 12.449255673999971 ], [ -11.372456406999902, 12.450110908000056 ], [ -11.373110408999935, 12.450463063000143 ], [ -11.373865026999965, 12.451016449000122 ], [ -11.374921491999942, 12.452827532000128 ], [ -11.37512272299989, 12.453481534000048 ], [ -11.374921491999942, 12.453984612999989 ], [ -11.374166873999968, 12.454538 ], [ -11.366620694999881, 12.457858318000149 ], [ -11.364859919999958, 12.458462013000087 ], [ -11.364306532999819, 12.458462013000087 ], [ -11.362445141999899, 12.457254624000143 ], [ -11.360231595999892, 12.458663244000149 ], [ -11.359527285999889, 12.459266937999985 ], [ -11.358873283999969, 12.459870633000151 ], [ -11.358873283999969, 12.46062525100001 ], [ -11.359275746999856, 12.461882947 ], [ -11.35932605499994, 12.462687873000164 ], [ -11.35892359199994, 12.463543107000078 ], [ -11.358269589999907, 12.464599572000168 ], [ -11.357464663999906, 12.465404497000065 ], [ -11.356206967999981, 12.465605729000174 ], [ -11.355351733999896, 12.465605729000174 ], [ -11.35439588499986, 12.464901419000171 ], [ -11.353339419999941, 12.464146801000084 ], [ -11.35258480199991, 12.463945569000145 ], [ -11.351327104999882, 12.464348032000146 ], [ -11.351025257999936, 12.465002035000168 ], [ -11.351176181999904, 12.47234698200009 ], [ -11.351377412999966, 12.47340344700001 ], [ -11.351729567999939, 12.474812067000016 ], [ -11.35248418599997, 12.476019456000188 ], [ -11.354697731999977, 12.477981463000106 ], [ -11.355150502999948, 12.478333618000022 ], [ -11.355703888999926, 12.478484541000171 ], [ -11.356760353999903, 12.478383925000173 ], [ -11.357514971999933, 12.478534849000027 ], [ -11.359175130999972, 12.480094393000115 ], [ -11.359476978999965, 12.481050242000094 ], [ -11.35972851799994, 12.482056399000101 ], [ -11.359678209999913, 12.482760709000104 ], [ -11.359275746999856, 12.483163172000104 ], [ -11.358068357999969, 12.483968098000105 ], [ -11.355090790999895, 12.489120730000081 ], [ -11.354318482999929, 12.490913589 ], [ -11.354180569999812, 12.491989304000128 ], [ -11.35426331799988, 12.492734030000122 ], [ -11.354428811999924, 12.494002823000187 ], [ -11.355807934999973, 12.498526344000084 ], [ -11.358400684999935, 12.506883824000056 ], [ -11.35878683899989, 12.507380308000108 ], [ -11.360055630999966, 12.50820778200017 ], [ -11.361793324999951, 12.508980090000136 ], [ -11.363448271999857, 12.50942140900014 ], [ -11.365241130999948, 12.509283497000126 ], [ -11.366206515999977, 12.508842178000066 ], [ -11.368192451999903, 12.50638734 ], [ -11.368440693999844, 12.504759976 ], [ -11.368578606999961, 12.503987668000036 ], [ -11.368937177999953, 12.502305138000111 ], [ -11.369819816999893, 12.500898434000078 ], [ -11.371971246999919, 12.497698870000022 ], [ -11.372826302999954, 12.495547439000063 ], [ -11.372522895999907, 12.493754581000076 ], [ -11.371916082999974, 12.492237546000069 ], [ -11.371116191999874, 12.490803259000131 ], [ -11.369406079999976, 12.488265674000047 ], [ -11.36937849799989, 12.486252156000091 ], [ -11.372909050999965, 12.483052592000035 ], [ -11.375281140999959, 12.48302500900013 ], [ -11.380576969999936, 12.489203477000103 ], [ -11.382452576999924, 12.491410073000054 ], [ -11.382976642999949, 12.492734030000122 ], [ -11.381956091999882, 12.496512825000025 ], [ -11.380549387999963, 12.501532829999974 ], [ -11.378149714999893, 12.511876247000032 ], [ -11.378232461999971, 12.514331084000048 ], [ -11.378342791999955, 12.516041196000117 ], [ -11.378894440999943, 12.518771858000093 ], [ -11.379142682999884, 12.519654496000157 ], [ -11.37933575999989, 12.520316475000129 ], [ -11.380494222999971, 12.52194383900013 ], [ -11.381321695999873, 12.522578236000129 ], [ -11.382259498999929, 12.522964390000084 ], [ -11.385596974999942, 12.523295379000047 ], [ -11.388134559999969, 12.523047137000106 ], [ -11.389899836999973, 12.523185049000119 ], [ -11.392933905999939, 12.52390219300014 ], [ -11.393209729999967, 12.524233182000103 ], [ -11.39318214799988, 12.525750217000109 ], [ -11.392658080999865, 12.526384613000175 ], [ -11.391968519999921, 12.526991427000098 ], [ -11.391030716999865, 12.526991427000098 ], [ -11.39050664999985, 12.527294834000088 ], [ -11.389927418999946, 12.52809472500013 ], [ -11.388493131999951, 12.531046046000142 ], [ -11.386645107999982, 12.535707479000109 ], [ -11.386589942999876, 12.536314293000032 ], [ -11.386534777999941, 12.537059019000026 ], [ -11.386507195999968, 12.53780374500019 ], [ -11.388437966999902, 12.538741548000019 ], [ -11.389320604999966, 12.538796713000067 ], [ -11.392161596999927, 12.538631218000148 ], [ -11.393844125999919, 12.538107152000123 ], [ -11.39486467699993, 12.537583086000097 ], [ -11.395885226999894, 12.537307261000137 ], [ -11.397154019999959, 12.537279679000164 ], [ -11.398229734999973, 12.537279679000164 ], [ -11.399526109999954, 12.537445173000151 ], [ -11.400188088999926, 12.537886491999984 ], [ -11.400381165999931, 12.538631218000148 ], [ -11.400739736999924, 12.539541439000061 ], [ -11.401401715999896, 12.540341330000047 ], [ -11.402422266999963, 12.541168803000062 ], [ -11.403635893999933, 12.541665287000114 ], [ -11.404766773999881, 12.541665287000114 ], [ -11.406807874999913, 12.541417045000173 ], [ -11.40813183299997, 12.540617155000064 ], [ -11.409069635999913, 12.539706934000151 ], [ -11.409786778999944, 12.538189899000145 ], [ -11.410476340999935, 12.536203963000162 ], [ -11.410697, 12.535183413000084 ], [ -11.410145350999926, 12.530328903000054 ], [ -11.409510954999917, 12.526246701000161 ], [ -11.409124800999962, 12.524453842000014 ], [ -11.409069635999913, 12.523102302000098 ], [ -11.409097217999886, 12.522164499000041 ], [ -11.409924691999947, 12.521585268000024 ], [ -11.410614252999892, 12.521447355000078 ], [ -11.413151837999976, 12.522302411000112 ], [ -11.413510409999901, 12.522798895000165 ], [ -11.415275685999973, 12.523984940000162 ], [ -11.416406565999978, 12.524619336000058 ], [ -11.41748228199998, 12.524895161000074 ], [ -11.418723491999856, 12.525088238000137 ], [ -11.420350855999857, 12.525170985000159 ], [ -11.421840307999901, 12.525253733000056 ], [ -11.423936573999981, 12.526136371000064 ], [ -11.42564668499989, 12.526881097000057 ], [ -11.426308663999976, 12.527349999000137 ], [ -11.426667235999957, 12.527791318000141 ], [ -11.426915477999955, 12.528536044000134 ], [ -11.427108554999961, 12.529253187000052 ], [ -11.427136136999934, 12.530273738000176 ], [ -11.427191301999869, 12.534797259000072 ], [ -11.427025807999939, 12.536865942000134 ], [ -11.42669481799993, 12.540258583000082 ], [ -11.426584487999946, 12.541830782000034 ], [ -11.426777565999942, 12.543816718000016 ], [ -11.427191301999869, 12.544837269000027 ], [ -11.427770533999933, 12.545664741999985 ], [ -11.428432511999915, 12.54654738 ], [ -11.430170205999957, 12.548091997000029 ], [ -11.432018229999926, 12.549002218000112 ], [ -11.435521200999972, 12.548809141 ], [ -11.437010652999902, 12.547871338000164 ], [ -11.43786570799989, 12.547071447000121 ], [ -11.437976037999931, 12.546106060999989 ], [ -11.438389774999905, 12.544506279000132 ], [ -11.439686149999943, 12.543375399000013 ], [ -11.440982524999924, 12.542989245000058 ], [ -11.44222373499997, 12.543016827000031 ], [ -11.442940877999945, 12.543237487000169 ], [ -11.445230220999917, 12.54486485100017 ], [ -11.446057694999922, 12.545499247000066 ], [ -11.447878135999929, 12.54820232700007 ], [ -11.446692090999932, 12.551181230999987 ], [ -11.446168023999974, 12.552284529000133 ], [ -11.444320000999937, 12.556090906000065 ], [ -11.441699667999956, 12.564503552000133 ], [ -11.441451425999901, 12.565799927000057 ], [ -11.441037689999973, 12.566903225000033 ], [ -11.440734282999927, 12.567234214000109 ], [ -11.440210215999969, 12.567510038000023 ], [ -11.438169114999937, 12.567923775000054 ], [ -11.436707245999969, 12.567951357000027 ], [ -11.430997679999962, 12.56720663100009 ], [ -11.429480644999956, 12.566930807000176 ], [ -11.427880862999928, 12.566434323000124 ], [ -11.424488222999969, 12.565717179000103 ], [ -11.421923054999979, 12.565303443000175 ], [ -11.419688876999885, 12.565055201000064 ], [ -11.413841398999921, 12.570157953000034 ], [ -11.412545023999883, 12.571619823 ], [ -11.41116590199988, 12.573219604000144 ], [ -11.411386560999972, 12.57490213400007 ], [ -11.41133139599998, 12.575922684000147 ], [ -11.411110736999944, 12.576915652000025 ], [ -11.409510954999917, 12.580115216000081 ], [ -11.409097217999886, 12.580777194000177 ], [ -11.408573151999974, 12.581466755000122 ], [ -11.407966337999937, 12.582045987000072 ], [ -11.40708369999993, 12.582514888000048 ], [ -11.40620106199998, 12.583038955000177 ], [ -11.405428752999853, 12.583563020999975 ], [ -11.404739191999909, 12.584307746999968 ], [ -11.40393930099998, 12.586155771000108 ], [ -11.403387651999878, 12.588252037000188 ], [ -11.403139409999881, 12.589410500000042 ], [ -11.403277321999894, 12.59043105000012 ], [ -11.404215125999883, 12.59208599699997 ], [ -11.405318422999869, 12.593189295000116 ], [ -11.409593701999938, 12.597326661000182 ], [ -11.411358978999885, 12.598678201000098 ], [ -11.412738100999945, 12.599698752000052 ], [ -11.414779201999977, 12.600691720000157 ], [ -11.415965246999974, 12.600939962000098 ], [ -11.418585578999966, 12.601905347000127 ], [ -11.421371405999935, 12.60402919500018 ], [ -11.42275052899987, 12.606621945000086 ], [ -11.423329759999945, 12.608138980000092 ], [ -11.423688331999927, 12.609600849 ], [ -11.423798660999921, 12.613324479000084 ], [ -11.423495254999978, 12.614620854000123 ], [ -11.42280569299993, 12.615558657 ], [ -11.422198879999883, 12.616358548000051 ], [ -11.419964701999959, 12.61806866000012 ], [ -11.418833820999907, 12.618509979000123 ], [ -11.417923600999927, 12.61878580400014 ], [ -11.416682390999881, 12.618951298000184 ], [ -11.415551509999943, 12.618840968000086 ], [ -11.414117222999948, 12.619502947000058 ], [ -11.412489858999948, 12.620330420000073 ], [ -11.410752164999963, 12.621323388000121 ], [ -11.409676449999949, 12.62226119200011 ], [ -11.408848975999945, 12.623447237000107 ], [ -11.407911172999889, 12.625598667000133 ], [ -11.40741468899995, 12.626895042000172 ], [ -11.407276776999879, 12.628108670000074 ], [ -11.407000952999908, 12.630949662000091 ], [ -11.406863039999962, 12.633266587000037 ], [ -11.407056116999854, 12.634728457000051 ], [ -11.407525018999934, 12.63555593000001 ], [ -11.407973227999946, 12.63573705400006 ], [ -11.409332074999952, 12.635715017000109 ], [ -11.410085497999944, 12.635715017000109 ], [ -11.411517002999972, 12.636091729000043 ], [ -11.41249645299996, 12.636769810000089 ], [ -11.413174533999893, 12.63782460300007 ], [ -11.413250136999977, 12.639152061000118 ], [ -11.412797821999902, 12.641968431000066 ], [ -11.412571794999963, 12.642646512000169 ], [ -11.412948506999953, 12.647091709000165 ], [ -11.413249875999952, 12.650030060000176 ], [ -11.419126577999975, 12.658619086000101 ], [ -11.420934793999947, 12.660879356000066 ], [ -11.421914243999879, 12.662084833000051 ], [ -11.423119721999967, 12.663290310999969 ], [ -11.423797802999957, 12.663365653000028 ], [ -11.424551225999949, 12.662612230000093 ], [ -11.428695053999945, 12.660653329000127 ], [ -11.431256692999909, 12.660050590000083 ], [ -11.432763539999883, 12.660050590000083 ], [ -11.442181330999915, 12.661557437000113 ], [ -11.443838862999939, 12.662160175999986 ], [ -11.444742970999926, 12.662988941000094 ], [ -11.445571735999863, 12.664420445000076 ], [ -11.4466265289999, 12.666605372999982 ], [ -11.447605978999945, 12.669167012000116 ], [ -11.448359402999927, 12.671201255000142 ], [ -11.44858542999998, 12.672557417000064 ], [ -11.448510086999875, 12.673536868000042 ], [ -11.447982690999936, 12.674968371999967 ], [ -11.44730460999989, 12.676701246 ], [ -11.446325159999958, 12.678208091999977 ], [ -11.445571735999863, 12.678886173000024 ], [ -11.444516943999872, 12.678961515000083 ], [ -11.443145659999857, 12.678964798999971 ], [ -11.443141808999883, 12.678966245000083 ], [ -11.442874538999888, 12.679070586000137 ], [ -11.442609986999855, 12.679181636000067 ], [ -11.44234832099994, 12.679299326000034 ], [ -11.44208970699998, 12.679423581000094 ], [ -11.44183431099998, 12.679554321000069 ], [ -11.441582294999932, 12.679691464000143 ], [ -11.441333818999965, 12.679834921 ], [ -11.44108904199993, 12.679984602000047 ], [ -11.440848119999828, 12.680140412000185 ], [ -11.440611204999925, 12.680302250000068 ], [ -11.440378449999969, 12.680470015000026 ], [ -11.440150000999949, 12.680643599000177 ], [ -11.438936621999858, 12.681609700000081 ], [ -11.438819225999907, 12.681707944000038 ], [ -11.438706601999911, 12.681811622000055 ], [ -11.438598998999964, 12.681920504 ], [ -11.438496656999973, 12.682034345000091 ], [ -11.43839980599995, 12.682152892999966 ], [ -11.43830866199994, 12.682275882000113 ], [ -11.438223426999912, 12.682403038000132 ], [ -11.438144292999937, 12.682534077000071 ], [ -11.438071433999937, 12.682668707 ], [ -11.438005014999931, 12.682806628000151 ], [ -11.437945182999954, 12.682947531000025 ], [ -11.437892072999944, 12.683091103000152 ], [ -11.437845800999924, 12.683237023000174 ], [ -11.437806471999977, 12.68338496500013 ], [ -11.437774172999866, 12.683534599000097 ], [ -11.43692409199997, 12.688353145000178 ], [ -11.43689072899997, 12.688544984000146 ], [ -11.43684395299988, 12.688848394 ], [ -11.436804329999973, 12.68915282100005 ], [ -11.43677188099997, 12.689458095000077 ], [ -11.436746624999842, 12.689764049000189 ], [ -11.436728573999858, 12.690070512000034 ], [ -11.436717739999949, 12.690377316000024 ], [ -11.436714127999892, 12.690684289000103 ], [ -11.436717739999949, 12.690991262000011 ], [ -11.436740833999977, 12.691933203000076 ], [ -11.436751668999818, 12.692309015000092 ], [ -11.436769721999951, 12.692684549000091 ], [ -11.436794987999917, 12.693059668000103 ], [ -11.436827454999957, 12.693434231000083 ], [ -11.436867113999938, 12.693808101000116 ], [ -11.436913948999916, 12.694181141000058 ], [ -11.436967941999967, 12.694553212000073 ], [ -11.437029073999952, 12.694924176000029 ], [ -11.437097321999886, 12.695293898000045 ], [ -11.437172661999909, 12.695662240000161 ], [ -11.437235169999951, 12.695943458000158 ], [ -11.437260278999872, 12.696004402000028 ], [ -11.437373279999974, 12.69629020300016 ], [ -11.437479524999901, 12.696578584000122 ], [ -11.437578954999879, 12.696869385000127 ], [ -11.437671513999874, 12.697162445 ], [ -11.43775715299995, 12.697457602000043 ], [ -11.437835821999897, 12.697754692999979 ], [ -11.437907478999875, 12.698053552000147 ], [ -11.437972082999977, 12.698354015 ], [ -11.438029599999936, 12.698655914000028 ], [ -11.438079996999932, 12.69895908400008 ], [ -11.438123246999965, 12.699263355000141 ], [ -11.438159323999912, 12.699568560000046 ], [ -11.43818821099984, 12.699874529000056 ], [ -11.43820988899995, 12.700181094000129 ], [ -11.438224348999881, 12.700488083000039 ], [ -11.438231579999979, 12.70079532800014 ], [ -11.438231579999979, 12.701102657000092 ], [ -11.438230620999946, 12.701169575000108 ], [ -11.438180960999944, 12.701321205000056 ], [ -11.438124308999875, 12.701470976999985 ], [ -11.43806094699994, 12.701618036000184 ], [ -11.437991003999969, 12.701762081000084 ], [ -11.437914623999916, 12.701902819 ], [ -11.437831962999951, 12.702039962000072 ], [ -11.437743187999956, 12.702173229000039 ], [ -11.437648482999919, 12.702302349000036 ], [ -11.437548038999978, 12.702427057000079 ], [ -11.437442062999935, 12.702547099000014 ], [ -11.437330770999949, 12.702662230000044 ], [ -11.437214389999895, 12.702772214000106 ], [ -11.437093157999982, 12.702876827000125 ], [ -11.436967321999873, 12.702975854999977 ], [ -11.436837140999955, 12.703069095000046 ], [ -11.436702878999938, 12.703156358000115 ], [ -11.436564810999812, 12.703237465000143 ], [ -11.436423218999892, 12.703312249000135 ], [ -11.436278391999906, 12.703380559999971 ], [ -11.435637320999888, 12.703673438000067 ], [ -11.435417399999892, 12.703768449 ], [ -11.435194708999973, 12.703856773000041 ], [ -11.434969452999951, 12.703938332000121 ], [ -11.434741835999944, 12.704013050000071 ], [ -11.434512066999957, 12.704080860000033 ], [ -11.434280353999952, 12.704141698000058 ], [ -11.434046908999846, 12.704195511000023 ], [ -11.433811944999945, 12.704242248000071 ], [ -11.433575676999908, 12.70428186700002 ], [ -11.433338320999837, 12.704314331999967 ], [ -11.433100090999915, 12.704339614000105 ], [ -11.433066719999943, 12.704342575000112 ], [ -11.433017403999941, 12.704279367000026 ], [ -11.432892653999886, 12.704111350000062 ], [ -11.432773777999842, 12.703939128 ], [ -11.432660916999907, 12.703762906000179 ], [ -11.432554205999963, 12.703582892000043 ], [ -11.432453771999917, 12.703399303000026 ], [ -11.432359733999931, 12.703212357000041 ], [ -11.43227220499989, 12.703022276000183 ], [ -11.432191288999945, 12.702829288000032 ], [ -11.432117081999934, 12.702633621000075 ], [ -11.43204967399987, 12.702435510000157 ], [ -11.431989142999953, 12.702235190000067 ], [ -11.431935562999854, 12.702032900000063 ], [ -11.43188899699993, 12.701828881000097 ], [ -11.431849500999931, 12.701623376999976 ], [ -11.431817120999824, 12.701416632000019 ], [ -11.431791896999869, 12.701208892000068 ], [ -11.431773857999872, 12.701000405000116 ], [ -11.431763026999874, 12.700791419999973 ], [ -11.431759414999931, 12.700582186000076 ], [ -11.431760189999977, 12.700485203000142 ], [ -11.431758202999902, 12.700455404000081 ], [ -11.431740186999946, 12.700247177000165 ], [ -11.43171499399989, 12.700039696000147 ], [ -11.431682654999975, 12.69983320900019 ], [ -11.431643207999912, 12.699627959999987 ], [ -11.431596699999886, 12.699424196 ], [ -11.431543186999875, 12.699222158000168 ], [ -11.431482731999949, 12.69902208700006 ], [ -11.431415406999974, 12.698824223000031 ], [ -11.431341292999889, 12.698628800000108 ], [ -11.431260477999956, 12.698436052000147 ], [ -11.431173057999899, 12.698246208000057 ], [ -11.43107913699987, 12.698059495000166 ], [ -11.430978827999922, 12.697876134000182 ], [ -11.430872249999879, 12.697696345000168 ], [ -11.430759529999875, 12.697520342000075 ], [ -11.430640800999925, 12.697348335000129 ], [ -11.430516206999926, 12.697180528 ], [ -11.430385894999972, 12.697017121000101 ], [ -11.430250019999903, 12.696858309999982 ], [ -11.430108743999938, 12.69670428400002 ], [ -11.429962236999927, 12.696555225000054 ], [ -11.429810670999814, 12.696411312000123 ], [ -11.429654228999937, 12.69627271600001 ], [ -11.429493095999931, 12.69613960300012 ], [ -11.429327464999972, 12.696012130000156 ], [ -11.429259119999926, 12.695962123000186 ], [ -11.429203052999981, 12.695936891000031 ], [ -11.429061956999931, 12.69587893400012 ], [ -11.428918279999948, 12.695827705000056 ], [ -11.42877234499997, 12.695783319000157 ], [ -11.428624476999971, 12.695745873000078 ], [ -11.428475004999939, 12.695715453000048 ], [ -11.428324262999922, 12.695692125000051 ], [ -11.428172587999882, 12.695675941000104 ], [ -11.428020317999824, 12.695666939000091 ], [ -11.427867791999972, 12.695665137000105 ], [ -11.427715351999893, 12.695670541000027 ], [ -11.427563336999924, 12.695683137 ], [ -11.427412085999947, 12.69570289800015 ], [ -11.427261936999969, 12.695729780000079 ], [ -11.427113225999904, 12.695763723000084 ], [ -11.426966282999899, 12.695804650000014 ], [ -11.426821436999944, 12.695852470999966 ], [ -11.42667900999993, 12.695907079000051 ], [ -11.42653932199994, 12.695968352000079 ], [ -11.426402682999935, 12.696036154000183 ], [ -11.426269397999818, 12.696110332000103 ], [ -11.426139764999903, 12.696190721999983 ], [ -11.426014072999919, 12.696277144000021 ], [ -11.425892602999966, 12.696369406000031 ], [ -11.425775624999972, 12.696467300000165 ], [ -11.425663399999962, 12.696570609999981 ], [ -11.425556179999944, 12.696679104999987 ], [ -11.425454201999969, 12.69679254100015 ], [ -11.424679552999976, 12.697705229000178 ], [ -11.424542543999905, 12.697871639000084 ], [ -11.424411202999977, 12.698042558000111 ], [ -11.424285677999819, 12.69821779300014 ], [ -11.424166109999874, 12.698397146000104 ], [ -11.424052634999896, 12.698580414 ], [ -11.423945380999896, 12.698767391000104 ], [ -11.423844468999903, 12.698957865000068 ], [ -11.423750011999971, 12.699151622000045 ], [ -11.423662116999935, 12.699348443000076 ], [ -11.423580883999932, 12.699548105000076 ], [ -11.423506404999898, 12.699750384000026 ], [ -11.423438761999819, 12.699955050000085 ], [ -11.423378032999949, 12.700161873000013 ], [ -11.423324286999957, 12.700370620000172 ], [ -11.423277582999958, 12.700581054000168 ], [ -11.423237974999893, 12.700792939000053 ], [ -11.423205506999977, 12.701006034000159 ], [ -11.423180216999924, 12.701220100000114 ], [ -11.423162130999913, 12.701434895000034 ], [ -11.423161982999943, 12.701437103000046 ], [ -11.424946433999935, 12.707274831000063 ], [ -11.424816919999898, 12.726491358000089 ], [ -11.424777622999841, 12.726592241000048 ], [ -11.424700389999941, 12.726775165000049 ], [ -11.424616565999941, 12.726955164000117 ], [ -11.424526260999926, 12.727132001000086 ], [ -11.424429593999889, 12.727305441000055 ], [ -11.424326692999898, 12.72747525799997 ], [ -11.424217693999879, 12.72764122600006 ], [ -11.424102740999956, 12.72780312600014 ], [ -11.423981983999909, 12.727960746000178 ], [ -11.423855583999909, 12.728113877000169 ], [ -11.423723706999965, 12.728262318000077 ], [ -11.423586525999951, 12.728405872000053 ], [ -11.423444223999979, 12.728544350000163 ], [ -11.423296986999901, 12.72867756900007 ], [ -11.423145009999928, 12.728805355000191 ], [ -11.422988492999934, 12.728927537000175 ], [ -11.422827642999948, 12.729043956000112 ], [ -11.422662670999898, 12.729154458000039 ], [ -11.422493795999969, 12.729258896000147 ], [ -11.422328292999964, 12.729353279 ], [ -11.422101669999961, 12.729390988000034 ], [ -11.421690061999982, 12.729453809000177 ], [ -11.421277428999872, 12.729509496000105 ], [ -11.420863892999932, 12.729558033000103 ], [ -11.420449578999921, 12.729599405000158 ], [ -11.420034611999881, 12.729633600000057 ], [ -11.419619113999886, 12.729660608000131 ], [ -11.419203211999843, 12.72968041900009 ], [ -11.41878702799994, 12.729693029999964 ], [ -11.418370688999971, 12.729698435000159 ], [ -11.417954318999875, 12.729696633 ], [ -11.400913574999834, 12.729378447000158 ], [ -11.391578927999944, 12.728763014000151 ], [ -11.391271973999949, 12.728636842000185 ], [ -11.390962359999889, 12.728517351000164 ], [ -11.390650228999903, 12.728404595000029 ], [ -11.390335728999901, 12.728298627000186 ], [ -11.390019006999978, 12.728199498000038 ], [ -11.38970021199998, 12.728107254000065 ], [ -11.389379492999922, 12.728021938000097 ], [ -11.389057000999969, 12.72794359 ], [ -11.38873288699989, 12.72787224700005 ], [ -11.388407303999941, 12.727807943000073 ], [ -11.388080403999936, 12.727750707000155 ], [ -11.387752340999953, 12.727700567000056 ], [ -11.387423268999896, 12.72765754600016 ], [ -11.387093340999968, 12.727621664000026 ], [ -11.386762713999872, 12.727592939000033 ], [ -11.386431541999912, 12.727571383000054 ], [ -11.386099980999916, 12.727557005999984 ], [ -11.385768186999826, 12.727549817000011 ], [ -11.38543631399989, 12.727549817000011 ], [ -11.385104518999981, 12.727557005999984 ], [ -11.384772957999814, 12.727571383000054 ], [ -11.384441785999968, 12.727592939000033 ], [ -11.384111158999929, 12.727621664000026 ], [ -11.383781231999933, 12.72765754600016 ], [ -11.383452159999933, 12.727700567000056 ], [ -11.383381275999966, 12.727710785 ], [ -11.373986707999961, 12.729639471000098 ], [ -11.371124786999872, 12.729826119000052 ], [ -11.365836453999918, 12.736147232000064 ], [ -11.366894119999927, 12.737702624000121 ], [ -11.366966476999892, 12.737777322999989 ], [ -11.367060107999919, 12.73786455200019 ], [ -11.367158523999876, 12.737946345000125 ], [ -11.367261409999969, 12.738022439000019 ], [ -11.367368435999936, 12.738092590000065 ], [ -11.367479258999936, 12.738156574000016 ], [ -11.367593523999915, 12.738214185000061 ], [ -11.367710865999925, 12.738265240000146 ], [ -11.367830908999906, 12.738309574000084 ], [ -11.367953266999905, 12.738347046000172 ], [ -11.368077549999896, 12.73837753600003 ], [ -11.368203357999903, 12.73840094500008 ], [ -11.368330288999857, 12.738417199000025 ], [ -11.368457936999846, 12.738426246000131 ], [ -11.368585891999942, 12.738428057000021 ], [ -11.368713743999876, 12.738422625999988 ], [ -11.368841083999939, 12.738409970000021 ], [ -11.368967504999887, 12.738390131000074 ], [ -11.369092599999931, 12.738363170000071 ], [ -11.369215969999971, 12.738329176000093 ], [ -11.369337218999931, 12.738288257000022 ], [ -11.369455958999822, 12.738240543000131 ], [ -11.369571808999979, 12.738186188000157 ], [ -11.36968439899988, 12.738125366000133 ], [ -11.369793366999943, 12.738058272000046 ], [ -11.369898364999926, 12.737985120000076 ], [ -11.36994268899997, 12.737951487000032 ], [ -11.370136341999967, 12.73791171 ], [ -11.370419889999823, 12.737859677000074 ], [ -11.370704651999915, 12.737814758000184 ], [ -11.37099044799993, 12.737776980000035 ], [ -11.371277100999976, 12.737746367999989 ], [ -11.371564429999921, 12.737722940000026 ], [ -11.371852255999954, 12.73770671200009 ], [ -11.372140397999885, 12.737697692999973 ], [ -11.372428674999924, 12.737695889000179 ], [ -11.372716906999869, 12.737701301000129 ], [ -11.373004912999932, 12.737713925000094 ], [ -11.37329251299991, 12.737733755000136 ], [ -11.373579525999958, 12.737760777000062 ], [ -11.37386577399991, 12.737794975000043 ], [ -11.374151074999872, 12.737836325999979 ], [ -11.374435251999955, 12.737884806000125 ], [ -11.374718126999937, 12.737940382999966 ], [ -11.374999521999939, 12.738003024000136 ], [ -11.375279260999889, 12.738072687999988 ], [ -11.375557167999887, 12.738149332000148 ], [ -11.375833070999875, 12.7382329080001 ], [ -11.376106793999952, 12.738323364000166 ], [ -11.376378167999974, 12.738420643000097 ], [ -11.376647021999929, 12.738524684000083 ], [ -11.377453751999951, 12.738859706000142 ], [ -11.377818518999959, 12.739013716000045 ], [ -11.37818042899994, 12.739174324000032 ], [ -11.378539362999902, 12.739341478000028 ], [ -11.378895202999956, 12.739515121000068 ], [ -11.379247830999873, 12.739695198000163 ], [ -11.379597130999912, 12.739881648000107 ], [ -11.379942987999925, 12.740074410000091 ], [ -11.380285287999925, 12.740273420000051 ], [ -11.38062391699998, 12.74047861300005 ], [ -11.380958763999956, 12.740689922 ], [ -11.381289719999927, 12.740907276000087 ], [ -11.382620276999944, 12.741815239000118 ], [ -11.382783181999912, 12.741927346000068 ], [ -11.382941883999933, 12.742045329000177 ], [ -11.383096171999966, 12.742169029000081 ], [ -11.383245837999937, 12.74229828100016 ], [ -11.383390683999949, 12.742432913000073 ], [ -11.38353051699994, 12.742572746 ], [ -11.383665148999967, 12.742717592000133 ], [ -11.383794401999921, 12.74286725900015 ], [ -11.383918101999939, 12.743021546000023 ], [ -11.384036083999945, 12.743180248000044 ], [ -11.384148191999884, 12.743343153000069 ], [ -11.384254274999876, 12.743510044000118 ], [ -11.384354192999979, 12.743680698000048 ], [ -11.384447810999916, 12.743854888000044 ], [ -11.384501157999978, 12.743961521000074 ], [ -11.384501759999921, 12.743982433000042 ], [ -11.384501759999921, 12.744127257000116 ], [ -11.384494482999969, 12.744271898000079 ], [ -11.38447994899991, 12.744415991000039 ], [ -11.384458191999954, 12.744559172000095 ], [ -11.384429268999952, 12.744701078999981 ], [ -11.384393252999928, 12.744841353000083 ], [ -11.384350233999896, 12.744979641000157 ], [ -11.384300321999945, 12.745115592000104 ], [ -11.384243640999898, 12.745248864000132 ], [ -11.384180335999872, 12.745379120000052 ], [ -11.38411056699988, 12.745506030000058 ], [ -11.384034508999889, 12.745629275000056 ], [ -11.383952353999973, 12.745748542000058 ], [ -11.383864310999968, 12.745863532000158 ], [ -11.383770601999913, 12.745973952000043 ], [ -11.383671462999871, 12.746079524000095 ], [ -11.383567144999972, 12.746179982000058 ], [ -11.38345791099988, 12.746275071000014 ], [ -11.383344036999972, 12.746364552000045 ], [ -11.383225810999875, 12.746448199000156 ], [ -11.383194628999945, 12.746468813000092 ], [ -11.382927707999897, 12.746602467000116 ], [ -11.382612838999876, 12.746767566000187 ], [ -11.382301391999931, 12.746939033000046 ], [ -11.38199349599995, 12.747116797000047 ], [ -11.381689277999953, 12.747300785000164 ], [ -11.381388862999927, 12.747490920000189 ], [ -11.381092376999902, 12.747687124000038 ], [ -11.380799940999964, 12.74788931500018 ], [ -11.380511676999845, 12.748097411000174 ], [ -11.380227703999878, 12.748311325000088 ], [ -11.379705916999967, 12.748712234000152 ], [ -11.379538272999923, 12.748849231 ], [ -11.379375299999879, 12.748991753000098 ], [ -11.379217180999945, 12.749139641000056 ], [ -11.379064091999965, 12.749292731000139 ], [ -11.378916202999903, 12.74945085000013 ], [ -11.378773680999927, 12.749613823000061 ], [ -11.378636683999957, 12.749781467000048 ], [ -11.378505365999843, 12.749953595000079 ], [ -11.378379871999925, 12.750130015000138 ], [ -11.378260343999898, 12.750310530000036 ], [ -11.378146913999956, 12.750494938000031 ], [ -11.37803970899995, 12.75068303300003 ], [ -11.378030727999828, 12.750699480000094 ], [ -11.377988961999904, 12.750797177000095 ], [ -11.377921606999962, 12.750969266000027 ], [ -11.377861060999976, 12.751143867000167 ], [ -11.377807415999825, 12.751320711000062 ], [ -11.37776075499994, 12.751499524 ], [ -11.377721150999946, 12.751680031000149 ], [ -11.377688663999947, 12.751861954000162 ], [ -11.37766334399987, 12.752045012000053 ], [ -11.377645229999814, 12.752228923000075 ], [ -11.37763435099987, 12.752413404000151 ], [ -11.377630721999935, 12.752598169000066 ], [ -11.37763435099987, 12.752782934000152 ], [ -11.377645229999814, 12.752967415000057 ], [ -11.37766334399987, 12.753151326000079 ], [ -11.377688663999947, 12.753334384000141 ], [ -11.377721150999946, 12.753516306999984 ], [ -11.37776075499994, 12.753696814000079 ], [ -11.377807415999825, 12.75387562700007 ], [ -11.377861060999976, 12.754052471000136 ], [ -11.377921606999962, 12.754227072000106 ], [ -11.377988961999904, 12.754399161000038 ], [ -11.378063020999832, 12.754568474000109 ], [ -11.37814366899994, 12.754734748000033 ], [ -11.378230783999925, 12.754897728000174 ], [ -11.378324229999862, 12.755057162000014 ], [ -11.380270491999966, 12.758364452000137 ], [ -11.385882060999904, 12.765904489000036 ], [ -11.386000276999937, 12.766062269000145 ], [ -11.386124208999888, 12.766215601000056 ], [ -11.386253689999933, 12.766364276000161 ], [ -11.386388545999978, 12.766508094000187 ], [ -11.386528592999923, 12.766646861000027 ], [ -11.38667364399987, 12.766780389000019 ], [ -11.386823501999913, 12.766908499000181 ], [ -11.386977964999915, 12.767031018000068 ], [ -11.387136824999914, 12.767147779000084 ], [ -11.387299866999967, 12.767258626000114 ], [ -11.387466869999969, 12.767363409000154 ], [ -11.388202360999969, 12.767805940000073 ], [ -11.388395143999844, 12.76791586000013 ], [ -11.388591385999916, 12.768019479999964 ], [ -11.388790879999817, 12.768116691000102 ], [ -11.38899341799987, 12.768207390999976 ], [ -11.389198785999895, 12.768291485000191 ], [ -11.38940676999988, 12.768368885000029 ], [ -11.389617150999982, 12.768439509000189 ], [ -11.389829708999969, 12.768503283000143 ], [ -11.390044219999936, 12.768560142000126 ], [ -11.390260459999979, 12.768610024000168 ], [ -11.390478201999883, 12.768652877000079 ], [ -11.390697217999957, 12.768688657000041 ], [ -11.390917276999971, 12.768717327000104 ], [ -11.39103380499995, 12.768729584000141 ], [ -11.391752731999929, 12.768911183000114 ], [ -11.392570358999876, 12.769124680000118 ], [ -11.393386137999869, 12.769345129000158 ], [ -11.394200010999896, 12.769572516000039 ], [ -11.395011917999909, 12.769806824000057 ], [ -11.395575549999933, 12.769973898000046 ], [ -11.395591250999928, 12.769984794000038 ], [ -11.39572813999996, 12.770084698000176 ], [ -11.395860635999895, 12.770190360000186 ], [ -11.395988495999916, 12.770301587000063 ], [ -11.396111485999938, 12.770418175000145 ], [ -11.396229382999934, 12.77053991300005 ], [ -11.396341968999934, 12.770666577000043 ], [ -11.396449040999926, 12.770797936000179 ], [ -11.396550401999946, 12.770933751000143 ], [ -11.396645866999961, 12.771073772000079 ], [ -11.396735261999879, 12.771217745 ], [ -11.397927216999904, 12.773332069000162 ], [ -11.39801046499997, 12.77348709600011 ], [ -11.398087277999934, 12.773645409000153 ], [ -11.398157525999977, 12.773806743000023 ], [ -11.398221091999972, 12.773970825000106 ], [ -11.398250823999945, 12.774055247000149 ], [ -11.398262954999893, 12.774105782000163 ], [ -11.398288342999933, 12.774233414000037 ], [ -11.398306534999961, 12.77436227000004 ], [ -11.398317471999974, 12.774491943000044 ], [ -11.398321121999913, 12.774622025000156 ], [ -11.398317471999974, 12.77475210700004 ], [ -11.398306534999961, 12.774881780000044 ], [ -11.398288342999933, 12.775010635000115 ], [ -11.398262954999893, 12.775138268000148 ], [ -11.398230450999961, 12.77526427700019 ], [ -11.398190932999967, 12.775388264000014 ], [ -11.398144523999974, 12.77550984100003 ], [ -11.398091371999897, 12.775628625000138 ], [ -11.398031642999854, 12.775744241000098 ], [ -11.397965525999894, 12.775856326000053 ], [ -11.39789322799993, 12.775964528000088 ], [ -11.39781497599995, 12.776068506000172 ], [ -11.397731017999945, 12.776167933000124 ], [ -11.397641616999977, 12.776262496000072 ], [ -11.397547053999972, 12.776351897000097 ], [ -11.397447626999849, 12.776435855000102 ], [ -11.397343649999925, 12.776514106000093 ], [ -11.397235447999947, 12.77658640500016 ], [ -11.397123361999945, 12.776652522000177 ], [ -11.397007745999872, 12.776712251000049 ], [ -11.396888961999878, 12.776765403000013 ], [ -11.396819862999962, 12.776792737000164 ], [ -11.396708008999951, 12.776755803000128 ], [ -11.396422929999972, 12.776666968000143 ], [ -11.396135785999945, 12.776585048000129 ], [ -11.395846747999883, 12.776510091000034 ], [ -11.395555981999905, 12.776442139000096 ], [ -11.395263658999966, 12.776381234000098 ], [ -11.394969949999904, 12.776327410000135 ], [ -11.394675025999959, 12.776280698000164 ], [ -11.394379059999949, 12.776241127000162 ], [ -11.394082223999931, 12.776208719000124 ], [ -11.393784690999894, 12.77618349300019 ], [ -11.393486635999921, 12.77616546400003 ], [ -11.393188231999943, 12.776154643000098 ], [ -11.392889652999941, 12.776151035000169 ], [ -11.392591074999928, 12.776154643000098 ], [ -11.392292670999893, 12.77616546400003 ], [ -11.391994615999863, 12.77618349300019 ], [ -11.39169708299994, 12.776208719000124 ], [ -11.391400246999979, 12.776241127000162 ], [ -11.391104279999979, 12.776280698000164 ], [ -11.39080935599992, 12.776327410000135 ], [ -11.390515646999972, 12.776381234000098 ], [ -11.390223324999852, 12.776442139000096 ], [ -11.389932558999931, 12.776510091000034 ], [ -11.389643519999936, 12.776585048000129 ], [ -11.389356376999956, 12.776666968000143 ], [ -11.38907129699993, 12.776755803000128 ], [ -11.388788446999968, 12.776851500000134 ], [ -11.388507991999859, 12.776954004000061 ], [ -11.388230095999972, 12.777063255000144 ], [ -11.383587193999915, 12.779420125000115 ], [ -11.383492727999851, 12.77947607700014 ], [ -11.383402209999929, 12.779538214000013 ], [ -11.383316044999958, 12.779606259000047 ], [ -11.383234615999982, 12.779679906000013 ], [ -11.38315828899988, 12.779758828000183 ], [ -11.38308740399998, 12.779842671000097 ], [ -11.383022276999895, 12.779931062 ], [ -11.382963198999903, 12.780023606000043 ], [ -11.382910434999872, 12.780119889000105 ], [ -11.382864218999885, 12.780219481000188 ], [ -11.382824758999902, 12.78032193700011 ], [ -11.38279222999995, 12.78042680100009 ], [ -11.382766777999905, 12.780533603000038 ], [ -11.382748515999822, 12.780641866000053 ], [ -11.382392158999892, 12.782878423999989 ], [ -11.38233110099992, 12.783262773000104 ], [ -11.382277177999981, 12.783648188000086 ], [ -11.382230405999962, 12.784034536000092 ], [ -11.382190802999958, 12.784421685000041 ], [ -11.382158381999943, 12.784809500999984 ], [ -11.382133153999973, 12.785197852000067 ], [ -11.382115127999896, 12.785586603000183 ], [ -11.382104309999875, 12.785975622000137 ], [ -11.382100702999935, 12.786364774000162 ], [ -11.382104309999875, 12.786753926000017 ], [ -11.382115127999896, 12.787142945000141 ], [ -11.382300236999924, 12.795378453000126 ], [ -11.3812037269999, 12.799594784000021 ], [ -11.381182970999873, 12.799675849000096 ], [ -11.381129483999871, 12.799904417000164 ], [ -11.381083026999931, 12.800134516000128 ], [ -11.381043642999884, 12.800365931000158 ], [ -11.381011368999964, 12.800598445000048 ], [ -11.380986234999853, 12.800831838000079 ], [ -11.380968265999968, 12.801065892000111 ], [ -11.380957476999868, 12.801300387000026 ], [ -11.380953879999936, 12.801535102000173 ], [ -11.380957476999868, 12.801769817000149 ], [ -11.380968265999968, 12.802004312000122 ], [ -11.380986234999853, 12.802238366000097 ], [ -11.381011368999964, 12.802471759000127 ], [ -11.381043642999884, 12.802704272000085 ], [ -11.381083026999931, 12.802935688000048 ], [ -11.381384788999981, 12.804600703000062 ], [ -11.381417251999892, 12.804749937000167 ], [ -11.381456779999951, 12.804897457000095 ], [ -11.381503282999972, 12.805042930000184 ], [ -11.381556653999951, 12.805186025000182 ], [ -11.381616773999951, 12.805326418000163 ], [ -11.381683505999888, 12.805463792000182 ], [ -11.381756698999936, 12.805597834000082 ], [ -11.381836186999919, 12.80572824300009 ], [ -11.381921790999968, 12.805854721000117 ], [ -11.382013314999938, 12.805976983000107 ], [ -11.382110552999961, 12.806094752000149 ], [ -11.382213283999931, 12.806207761000167 ], [ -11.382321276999903, 12.806315753000035 ], [ -11.382434284999931, 12.806418484000119 ], [ -11.382552053999973, 12.806515721999972 ], [ -11.382674315999964, 12.806607246999988 ], [ -11.382800793999877, 12.806692850000104 ], [ -11.382931202999941, 12.806772338000087 ], [ -11.382945765999978, 12.806780695000157 ], [ -11.383222191999948, 12.8069175010001 ], [ -11.383571518999872, 12.807083156000033 ], [ -11.38392387499988, 12.807242270000074 ], [ -11.384279134999815, 12.807394788000067 ], [ -11.384637176999945, 12.807540656000072 ], [ -11.384997875999943, 12.807679823000115 ], [ -11.385361106999881, 12.807812241000079 ], [ -11.385726743999953, 12.807937865000156 ], [ -11.385994334999964, 12.808025009000062 ], [ -11.386021871999958, 12.808024510000109 ], [ -11.386160563999965, 12.808026310000116 ], [ -11.386298975999978, 12.808035307000068 ], [ -11.386436733999972, 12.80805147600006 ], [ -11.386573466999948, 12.808074773000101 ], [ -11.386708806999934, 12.808105136000052 ], [ -11.386842387999877, 12.808142482000108 ], [ -11.386973850999937, 12.808186712000065 ], [ -11.387102840999944, 12.808237705000067 ], [ -11.387229010999818, 12.808295325000074 ], [ -11.387352019999867, 12.808359415000041 ], [ -11.387471535999964, 12.80842980400007 ], [ -11.387587237999981, 12.808506302000012 ], [ -11.387698812999872, 12.80858870100019 ], [ -11.387805960999856, 12.808676781000031 ], [ -11.387908392999975, 12.808770303000131 ], [ -11.388005832999966, 12.808869016000187 ], [ -11.388098017999937, 12.808972654000058 ], [ -11.388184698999908, 12.809080936000157 ], [ -11.388265643999944, 12.809193572000027 ], [ -11.388340632999927, 12.809310257 ], [ -11.388409463999949, 12.809430677000023 ], [ -11.388471952999964, 12.809554507000144 ], [ -11.388527928999906, 12.809681414000067 ], [ -11.388577243999976, 12.809811055000068 ], [ -11.388619762999951, 12.809943082000075 ], [ -11.38865537199996, 12.810077137000064 ], [ -11.388669608999976, 12.810140342000068 ], [ -11.388047451999853, 12.815055381000036 ], [ -11.384347297999966, 12.822720353000079 ], [ -11.382311165999965, 12.826951018999978 ], [ -11.381689009999889, 12.829377431000012 ], [ -11.381696113999965, 12.829401005000022 ], [ -11.381742420999956, 12.829540008000038 ], [ -11.381795546999911, 12.829676550000158 ], [ -11.381855359999975, 12.829810298000041 ], [ -11.381921713999873, 12.82994092500013 ], [ -11.381994446999954, 12.83006811000007 ], [ -11.382073379999895, 12.830191542000136 ], [ -11.382158321999839, 12.830310920000102 ], [ -11.382249062999961, 12.830425951999985 ], [ -11.382345380999936, 12.830536355000163 ], [ -11.38244704199991, 12.830641859000025 ], [ -11.382553795999968, 12.830742207000128 ], [ -11.382665381999971, 12.830837153000175 ], [ -11.382781525999974, 12.830926464000015 ], [ -11.38290194599989, 12.831009923000067 ], [ -11.383026344999962, 12.83108732400018 ], [ -11.383154419999926, 12.83115847800002 ], [ -11.383285856999976, 12.831223211000179 ], [ -11.383420334999812, 12.831281365000166 ], [ -11.383557523999968, 12.831332798000062 ], [ -11.383697087999963, 12.831377383000131 ], [ -11.383838686999979, 12.83141501200015 ], [ -11.383981972999891, 12.831445591999966 ], [ -11.384126596999977, 12.831469048000145 ], [ -11.384272202999966, 12.831485324000084 ], [ -11.384418435999976, 12.831494379000048 ], [ -11.384564937999926, 12.831496190999985 ], [ -11.384675361999825, 12.831492764000188 ], [ -11.38469891599982, 12.83147845000002 ], [ -11.384859267999957, 12.831376176000106 ], [ -11.385015634999888, 12.831267907000097 ], [ -11.385167793999869, 12.831153798000173 ], [ -11.385315524999953, 12.831034013000135 ], [ -11.385458617999973, 12.830908724000153 ], [ -11.385596866999947, 12.830778109000107 ], [ -11.38573007399998, 12.830642357000045 ], [ -11.385858048999978, 12.830501661000142 ], [ -11.388193577999971, 12.827816790000099 ], [ -11.389236840999956, 12.826283582000087 ], [ -11.391993820999971, 12.825661842000159 ], [ -11.400277854999899, 12.825418332000083 ], [ -11.400438918999896, 12.825416511000014 ], [ -11.400599899999975, 12.825421971000139 ], [ -11.400760468999863, 12.825434699000141 ], [ -11.400920299999939, 12.825454671000159 ], [ -11.401079064999919, 12.825481844000024 ], [ -11.401236439999877, 12.825516163000088 ], [ -11.401392102999978, 12.825557559000174 ], [ -11.401545736999822, 12.825605946000167 ], [ -11.401697026999898, 12.825661227000012 ], [ -11.401845664999939, 12.825723287000187 ], [ -11.401991346999921, 12.825792001000025 ], [ -11.402133773999878, 12.825867227 ], [ -11.402272656999912, 12.825948812000092 ], [ -11.402407711999899, 12.826036590000115 ], [ -11.402538661999927, 12.826130381000098 ], [ -11.402665239999976, 12.826229993000027 ], [ -11.402780125999982, 12.826328863000015 ], [ -11.403363425999942, 12.830522949000112 ], [ -11.403392096999823, 12.830730401000039 ], [ -11.403413630999921, 12.830938715000059 ], [ -11.403428, 12.831147645000101 ], [ -11.403435188999936, 12.831356945000039 ], [ -11.403435188999936, 12.83156636800004 ], [ -11.403428, 12.831775668000148 ], [ -11.403413630999921, 12.83198459800019 ], [ -11.403392096999823, 12.832192911999982 ], [ -11.403363425999942, 12.832400363000033 ], [ -11.403327649999824, 12.832606709000061 ], [ -11.403284811999981, 12.832811704000051 ], [ -11.403234962999875, 12.833015107999984 ], [ -11.403178159999982, 12.833216681000067 ], [ -11.403153419999967, 12.833297019000156 ], [ -11.403069497999866, 12.833463703000064 ], [ -11.402919195999971, 12.833774617000074 ], [ -11.402775438999981, 12.834088609999981 ], [ -11.402638288999981, 12.834405545000038 ], [ -11.402507806999949, 12.834725283000182 ], [ -11.402384048999977, 12.835047683000028 ], [ -11.402267069999823, 12.835372605000089 ], [ -11.402156920999857, 12.835699905000183 ], [ -11.402053650999903, 12.836029439000072 ], [ -11.401957304999939, 12.836361065000176 ], [ -11.40186792499992, 12.836694635000072 ], [ -11.401785550999932, 12.837030004000042 ], [ -11.40172245899987, 12.837309931000163 ], [ -11.401721968999937, 12.83740325399998 ], [ -11.401725588999966, 12.837656794 ], [ -11.401736448999884, 12.8379101270001 ], [ -11.401754537999977, 12.838163046000147 ], [ -11.401779841999939, 12.83841534600009 ], [ -11.401812340999925, 12.838666820000071 ], [ -11.401852006999945, 12.838917264000031 ], [ -11.401898808999817, 12.839166473000148 ], [ -11.401952707999897, 12.839414244000125 ], [ -11.402013660999899, 12.839660374000061 ], [ -11.402081616999908, 12.839904664000187 ], [ -11.402156521999927, 12.840146913000069 ], [ -11.402238312999941, 12.840386925000018 ], [ -11.402326924999954, 12.840624503000129 ], [ -11.402344615999937, 12.840669577000142 ], [ -11.402538249999964, 12.840798577000157 ], [ -11.402796775999946, 12.840963156000043 ], [ -11.403059115999895, 12.841121584000177 ], [ -11.403325124999981, 12.841273771000033 ], [ -11.40359465399996, 12.841419633000044 ], [ -11.403867552999884, 12.84155908800011 ], [ -11.404143669999939, 12.841692059000025 ], [ -11.404422849999946, 12.841818471000181 ], [ -11.404704937999895, 12.84193825400007 ], [ -11.404989776999855, 12.842051341000058 ], [ -11.405277206999926, 12.842157669000187 ], [ -11.405567067999925, 12.842257179000057 ], [ -11.405859198999849, 12.842349813999988 ], [ -11.406153435999954, 12.842435524000166 ], [ -11.406201987999964, 12.842448946000047 ], [ -11.40626744399998, 12.842481590000091 ], [ -11.40669672699994, 12.842700321000109 ], [ -11.407122690999927, 12.84292544900012 ], [ -11.407545238999887, 12.84315692399997 ], [ -11.407964276999962, 12.843394695000029 ], [ -11.408379710999952, 12.843638707000139 ], [ -11.408791447999818, 12.843888907000064 ], [ -11.408877262999965, 12.843942122000101 ], [ -11.408972047999839, 12.844033984000077 ], [ -11.409092657999963, 12.844159686000182 ], [ -11.409207969999898, 12.844290265000041 ], [ -11.409317787999953, 12.844425497000032 ], [ -11.409421923999844, 12.844565152000143 ], [ -11.409520198999871, 12.844708991000061 ], [ -11.409612446999972, 12.844856769000046 ], [ -11.409698507999906, 12.845008232000055 ], [ -11.409778236999841, 12.845163123000134 ], [ -11.409851496999863, 12.845321176000027 ], [ -11.409918162999872, 12.845482121000089 ], [ -11.409978120999938, 12.845645684000033 ], [ -11.410031267999898, 12.845811584999979 ], [ -11.410077513999909, 12.84597954100002 ], [ -11.410116779999953, 12.846149264000132 ], [ -11.410148997999954, 12.84632046500019 ], [ -11.410174113999972, 12.84649285100005 ], [ -11.410192084999949, 12.846666128000095 ], [ -11.410202879999872, 12.846839999000167 ], [ -11.410206479999943, 12.847014168000101 ], [ -11.410202879999872, 12.847188337000034 ], [ -11.410192084999949, 12.847362208000106 ], [ -11.410174113999972, 12.847535485000151 ], [ -11.410148997999954, 12.847707871000011 ], [ -11.410116779999953, 12.847879072000069 ], [ -11.410077513999909, 12.848048795000182 ], [ -11.410031267999898, 12.848216751000052 ], [ -11.409978120999938, 12.848382652000168 ], [ -11.409934928999917, 12.848502532000168 ], [ -11.409911834999946, 12.848540622000087 ], [ -11.409812216999967, 12.848696240000038 ], [ -11.409706566999944, 12.848847828000146 ], [ -11.409595045999936, 12.848995150000064 ], [ -11.409477827999922, 12.849137981000069 ], [ -11.409355092999931, 12.849276099000122 ], [ -11.409227029999954, 12.849409293000122 ], [ -11.409093835999954, 12.849537356000155 ], [ -11.408955717999902, 12.849660091000089 ], [ -11.408812886999897, 12.849777309000046 ], [ -11.408665563999875, 12.849888830000111 ], [ -11.408513976999927, 12.849994480000134 ], [ -11.408358358999863, 12.850094098000056 ], [ -11.408198949999928, 12.850187529000038 ], [ -11.408035994999921, 12.850274630000058 ], [ -11.40786974699995, 12.850355266000122 ], [ -11.407700460999877, 12.85042931300012 ], [ -11.407528398999943, 12.850496657 ], [ -11.407353824999973, 12.850557194000146 ], [ -11.407177008999895, 12.85061083100004 ], [ -11.405554944999892, 12.851240022000184 ], [ -11.40213308299991, 12.852583880000168 ], [ -11.401949323999929, 12.85265698600017 ], [ -11.401473228999862, 12.852851756000121 ], [ -11.400999905999868, 12.853053170000067 ], [ -11.400529447999929, 12.853261187000157 ], [ -11.40006194699987, 12.853475766000031 ], [ -11.39959749399992, 12.853696867000167 ], [ -11.399136179999914, 12.853924445000132 ], [ -11.39867615999998, 12.85415505900005 ], [ -11.398496487999921, 12.854250455000113 ], [ -11.398320314999921, 12.854352168999981 ], [ -11.398147863999952, 12.85446007000013 ], [ -11.397979349999957, 12.85457402500009 ], [ -11.397814986999947, 12.854693888000099 ], [ -11.39765498099996, 12.854819509000151 ], [ -11.397499534999952, 12.854950729000166 ], [ -11.39734884399985, 12.855087384000171 ], [ -11.397203096999931, 12.855229301000122 ], [ -11.397062478999942, 12.855376301000035 ], [ -11.396927166999944, 12.855528199000162 ], [ -11.396797330999959, 12.85568480400002 ], [ -11.396673134999958, 12.855845918000057 ], [ -11.396554734999938, 12.856011339000133 ], [ -11.396442280999963, 12.85618085700014 ], [ -11.396347023999908, 12.856335486000035 ], [ -11.394553985999949, 12.860003076000112 ], [ -11.394473737999817, 12.860168525000063 ], [ -11.39440004599993, 12.860336997000104 ], [ -11.39433302599997, 12.860508233000076 ], [ -11.394272779999881, 12.860681967000062 ], [ -11.39421940099993, 12.860857933000034 ], [ -11.394172971999978, 12.861035859000026 ], [ -11.394133563999901, 12.861215471000151 ], [ -11.394101237999905, 12.86139649100005 ], [ -11.39407604399986, 12.861578641 ], [ -11.394058019999875, 12.861761640000111 ], [ -11.394047193999938, 12.861945205000154 ], [ -11.394043583999917, 12.862129053000046 ], [ -11.394045043999938, 12.862245976000054 ], [ -11.39407522599987, 12.862325195000153 ], [ -11.394162989999927, 12.862541778000036 ], [ -11.394257381999921, 12.862755555000035 ], [ -11.394358311999952, 12.862966325000059 ], [ -11.394465685999933, 12.863173886000084 ], [ -11.394579399999941, 12.863378042000136 ], [ -11.394699346999914, 12.863578599000107 ], [ -11.394825413999968, 12.86377536800012 ], [ -11.39495747999996, 12.863968161000173 ], [ -11.395095420999894, 12.864156796000088 ], [ -11.395239104999973, 12.864341093000121 ], [ -11.395388396999977, 12.864520878000178 ], [ -11.395543153999938, 12.864695980000079 ], [ -11.395703229999924, 12.864866234000147 ], [ -11.39586847299995, 12.865031477000059 ], [ -11.396038726999961, 12.865191553000159 ], [ -11.396213828999976, 12.865346311000167 ], [ -11.396393613999862, 12.86549560200018 ], [ -11.396533670999816, 12.865605623000135 ], [ -11.396627150999905, 12.865628478000133 ], [ -11.39695022699982, 12.865712249000069 ], [ -11.397271419999925, 12.865802975000122 ], [ -11.397590578999939, 12.865900614000111 ], [ -11.397907555999893, 12.866005122000047 ], [ -11.398222201999886, 12.866116448000014 ], [ -11.398534371999972, 12.866234542000029 ], [ -11.39884391899983, 12.86635934800006 ], [ -11.398960082999849, 12.866408205000084 ], [ -11.400686759999871, 12.868146913999965 ], [ -11.401387313999862, 12.868981802000121 ], [ -11.40258820899993, 12.870563732000107 ], [ -11.402660190999939, 12.870666534000122 ], [ -11.402726074999975, 12.870773348000057 ], [ -11.402785635999919, 12.870883812000159 ], [ -11.402838673999952, 12.870997552000119 ], [ -11.402885008999874, 12.871114183000088 ], [ -11.402924483999925, 12.871233311000026 ], [ -11.404683925999962, 12.877233734000072 ], [ -11.404248415999973, 12.879224635000071 ], [ -11.403004101999954, 12.883579733000147 ], [ -11.401713578999932, 12.887532051000164 ], [ -11.401582277999978, 12.887924466000186 ], [ -11.400594130999934, 12.890824358000145 ], [ -11.400551464999978, 12.890935675000037 ], [ -11.400502092999886, 12.891044184 ], [ -11.400446196999951, 12.891149481000127 ], [ -11.400383984999962, 12.891251175000036 ], [ -11.4003156899999, 12.891348886 ], [ -11.400241564999931, 12.891442253000037 ], [ -11.400161885999978, 12.891530927000076 ], [ -11.398485624999921, 12.893345283000087 ], [ -11.395760755999902, 12.896276406000027 ], [ -11.395327737999935, 12.896656440000072 ], [ -11.39275579599996, 12.898630528000126 ], [ -11.392502778999869, 12.898797290000061 ], [ -11.392184560999965, 12.898961649000114 ], [ -11.391869705999909, 12.899132363000035 ], [ -11.391558340999893, 12.899309362000167 ], [ -11.391250591999949, 12.899492575000124 ], [ -11.390946582999902, 12.899681929 ], [ -11.390646434999951, 12.899877347000029 ], [ -11.390350270999875, 12.900078750999967 ], [ -11.39005820899996, 12.900286058000177 ], [ -11.389770366999926, 12.90049918700015 ], [ -11.389627730999962, 12.900608165000108 ], [ -11.389516440999898, 12.900700715000085 ], [ -11.38927242799997, 12.900910423000028 ], [ -11.389033164999944, 12.901125533000084 ], [ -11.388798771999916, 12.901345940000112 ], [ -11.388569363999977, 12.901571532000105 ], [ -11.38834505799997, 12.901802197000109 ], [ -11.388125964999972, 12.902037819000043 ], [ -11.387912194999956, 12.902278281000065 ], [ -11.387703854999927, 12.902523462000033 ], [ -11.387501048999923, 12.902773240000101 ], [ -11.387303877999955, 12.90302749000017 ], [ -11.387112440999942, 12.903286085000161 ], [ -11.386926832999961, 12.903548895000029 ], [ -11.386828024999943, 12.90369406300016 ], [ -11.386765896999975, 12.903811882000014 ], [ -11.386699052999916, 12.903953080000178 ], [ -11.38663884999994, 12.904097234 ], [ -11.386585418999857, 12.904244034000101 ], [ -11.386538875999975, 12.904393159999984 ], [ -11.386499321999906, 12.90454429100015 ], [ -11.386466841999891, 12.904697098000099 ], [ -11.386441505999926, 12.904851250000036 ], [ -11.386423369999932, 12.905006415 ], [ -11.38641247299995, 12.905162255000107 ], [ -11.386408837999966, 12.905318433000105 ], [ -11.38641247299995, 12.905474612000148 ], [ -11.386451105999924, 12.906243577000055 ], [ -11.386462026999936, 12.906397443000174 ], [ -11.386480202999962, 12.906550622000168 ], [ -11.386505591999821, 12.906702771000027 ], [ -11.386538137999935, 12.906853551999973 ], [ -11.386577768999928, 12.9070026280001 ], [ -11.386624394999956, 12.907149665000077 ], [ -11.386677912999971, 12.907294337000167 ], [ -11.386738202999879, 12.907436320000102 ], [ -11.386805130999903, 12.90757529800004 ], [ -11.386878546999924, 12.907710959000156 ], [ -11.38695828799996, 12.907843003000039 ], [ -11.387044175999961, 12.907971133 ], [ -11.387136018999911, 12.908095064000065 ], [ -11.387233611999932, 12.908214520000172 ], [ -11.387336736999941, 12.908329234000064 ], [ -11.387445164999917, 12.908438949000185 ], [ -11.387558652999928, 12.908543422000037 ], [ -11.387676947999921, 12.908642419000103 ], [ -11.38779978599996, 12.908735719000049 ], [ -11.387885691999884, 12.908795749000035 ], [ -11.391494200999944, 12.909728984000083 ], [ -11.391770573999963, 12.90973097900013 ], [ -11.392097477999926, 12.909739990000105 ], [ -11.392424103999872, 12.909756206000168 ], [ -11.392750292999949, 12.909779617000083 ], [ -11.393075886999952, 12.909810214 ], [ -11.393400726999914, 12.909847981000041 ], [ -11.393724655999904, 12.909892899000056 ], [ -11.394047515999887, 12.909944947999975 ], [ -11.394369149999932, 12.91000410099997 ], [ -11.394689401999869, 12.910070330000053 ], [ -11.395008115999872, 12.910143602000062 ], [ -11.395325136999929, 12.910223883000072 ], [ -11.395640311999955, 12.910311133000164 ], [ -11.395953485999939, 12.910405309000168 ], [ -11.396946799999967, 12.910717476000116 ], [ -11.397193072999926, 12.910797495000111 ], [ -11.397437014999923, 12.910884359000022 ], [ -11.397678435999921, 12.910978 ], [ -11.397917148999966, 12.911078346000124 ], [ -11.39815296699993, 12.911185317000047 ], [ -11.398385705999942, 12.911298832000114 ], [ -11.398615184999926, 12.911418800999968 ], [ -11.398841224999956, 12.911545130000036 ], [ -11.39906364899997, 12.911677721000103 ], [ -11.39928228499997, 12.911816472000112 ], [ -11.399496960999954, 12.911961272000042 ], [ -11.399707509999871, 12.912112011000147 ], [ -11.399913767999976, 12.912268569000105 ], [ -11.400115574999973, 12.912430826000161 ], [ -11.40031277199995, 12.912598654000021 ], [ -11.400505205999877, 12.912771923000037 ], [ -11.40057769099991, 12.912839768000026 ], [ -11.400625697999885, 12.912935416000153 ], [ -11.400744528999951, 12.913183360000062 ], [ -11.400856799999929, 12.913434342000016 ], [ -11.400962435999872, 12.913688188000094 ], [ -11.401061361999894, 12.9139447230001 ], [ -11.401153510999961, 12.914203770000086 ], [ -11.401238817999911, 12.914465148999966 ], [ -11.4013172249999, 12.914728681000099 ], [ -11.401388677999876, 12.914994183000033 ], [ -11.401453126999968, 12.915261471000122 ], [ -11.401510527999903, 12.915530360999981 ], [ -11.401560839999831, 12.915800667000155 ], [ -11.40160402999993, 12.91607220200018 ], [ -11.401640066999903, 12.916344779000042 ], [ -11.401668926999889, 12.916618208000045 ], [ -11.401690589999816, 12.916892302000178 ], [ -11.401697572999865, 12.917008219000081 ], [ -11.400587723999934, 12.92386010000007 ], [ -11.400533756999948, 12.924186974000122 ], [ -11.400472671999921, 12.924512593000145 ], [ -11.400404497999887, 12.924836802000073 ], [ -11.400329267999894, 12.925159447 ], [ -11.400247016999913, 12.925480374000188 ], [ -11.400157784999976, 12.925799430000154 ], [ -11.400061613999924, 12.926116464000074 ], [ -11.399958548999962, 12.926431324000191 ], [ -11.399848640999892, 12.926743861000034 ], [ -11.399731940999914, 12.927053925999985 ], [ -11.399644454999873, 12.927273807000176 ], [ -11.399545233999959, 12.927454389 ], [ -11.399418000999901, 12.92767236200001 ], [ -11.39928459499987, 12.927886612000179 ], [ -11.399145124999961, 12.928096965000066 ], [ -11.398999704999937, 12.928303249000066 ], [ -11.398848453999847, 12.928505297000129 ], [ -11.39869149499998, 12.928702943000133 ], [ -11.39852895599995, 12.928896027000121 ], [ -11.398360968999839, 12.929084390000128 ], [ -11.398187671999949, 12.929267880000054 ], [ -11.398009205999927, 12.929446346000077 ], [ -11.397825716999932, 12.929619643000137 ], [ -11.397637352999936, 12.929787629000145 ], [ -11.397444269999937, 12.929950169000108 ], [ -11.39724662299983, 12.930107128000031 ], [ -11.397044574999882, 12.930258379 ], [ -11.396838290999881, 12.930403799000146 ], [ -11.396627937999881, 12.930543268000065 ], [ -11.396413687999939, 12.930676674000097 ], [ -11.396195715999909, 12.930803908000144 ], [ -11.395974198999966, 12.930924865000122 ], [ -11.395749318999947, 12.93103944700016 ], [ -11.395521257999974, 12.931147561000046 ], [ -11.395290202999945, 12.931249118000039 ], [ -11.394247578999909, 12.931706959000167 ], [ -11.394017779999899, 12.931805068000187 ], [ -11.393785248999961, 12.93189651400013 ], [ -11.393550178999874, 12.931981221000115 ], [ -11.393312765999951, 12.932059118000097 ], [ -11.393073206999929, 12.932130141000187 ], [ -11.392831699999931, 12.932194232000086 ], [ -11.39258844699998, 12.932251335999979 ], [ -11.39234364899994, 12.932301406000022 ], [ -11.392097509999928, 12.932344400000034 ], [ -11.391850233999889, 12.932380283999976 ], [ -11.391602026999976, 12.932409027000176 ], [ -11.391353093999896, 12.932430604999979 ], [ -11.391245337999862, 12.932437708000123 ], [ -11.391173393999964, 12.932365630000049 ], [ -11.391013644999873, 12.93219824800002 ], [ -11.39085917999995, 12.932025979000059 ], [ -11.39071014599989, 12.931848990000105 ], [ -11.390566688999911, 12.93166745200017 ], [ -11.390428946999975, 12.931481539000174 ], [ -11.390297053999916, 12.931291433000069 ], [ -11.390171135999879, 12.931097316999967 ], [ -11.390051316999916, 12.930899379000152 ], [ -11.389937710999845, 12.93069781100013 ], [ -11.389830428999915, 12.930492806000132 ], [ -11.389729574999933, 12.930284565000079 ], [ -11.389689945999862, 12.930197944000099 ], [ -11.389667823999901, 12.930092403000174 ], [ -11.389613932999964, 12.929811054000027 ], [ -11.38956715799992, 12.929528435 ], [ -11.389527527999917, 12.929244725 ], [ -11.389495069999896, 12.928960105999977 ], [ -11.38946980299994, 12.928674759000103 ], [ -11.389451743999871, 12.928388865000045 ], [ -11.389440902999866, 12.928102606000095 ], [ -11.389437288999829, 12.927816165000081 ], [ -11.389440902999866, 12.927529724000124 ], [ -11.389441083999941, 12.927522669000155 ], [ -11.386703593999925, 12.926153924000175 ], [ -11.382854098999928, 12.928558494000129 ], [ -11.382718906999969, 12.928637941999966 ], [ -11.382580189999942, 12.928711061000058 ], [ -11.3824382439999, 12.928777695000065 ], [ -11.382293372999982, 12.928837703000056 ], [ -11.382145883999954, 12.928890956000146 ], [ -11.381996093999931, 12.928937341000164 ], [ -11.381912985999975, 12.928959851000059 ], [ -11.371398535999958, 12.930390812000041 ], [ -11.367478947999928, 12.930764106000026 ], [ -11.361852183999872, 12.931214957000122 ], [ -11.350870410999903, 12.934293153000112 ], [ -11.350722616999974, 12.934335865999969 ], [ -11.350576986999897, 12.934385459000111 ], [ -11.350433841999973, 12.934441824000032 ], [ -11.350293495999892, 12.93450483700019 ], [ -11.35015625799997, 12.934574358000191 ], [ -11.35002242999991, 12.934650236000039 ], [ -11.349892304999912, 12.934732303000033 ], [ -11.349766169999953, 12.93482037900003 ], [ -11.349644301999888, 12.934914271000139 ], [ -11.349526968999953, 12.935013771 ], [ -11.349414427999875, 12.935118662000093 ], [ -11.349306927999976, 12.935228713000072 ], [ -11.349204703999931, 12.93534368100012 ], [ -11.349107980999918, 12.935463315000106 ], [ -11.349016971999959, 12.935587351000038 ], [ -11.348931876999927, 12.935715516000073 ], [ -11.34885288299995, 12.935847529000114 ], [ -11.348780163999891, 12.935983099000111 ], [ -11.346138968999867, 12.941396766000139 ], [ -11.346076752999977, 12.943387668000184 ], [ -11.346885556999894, 12.944569766000143 ], [ -11.348752027999979, 12.947176603000059 ], [ -11.349560830999906, 12.948358701000188 ], [ -11.351613948999898, 12.951425934000042 ], [ -11.351699325999959, 12.951553800000113 ], [ -11.352026178999893, 12.952051485000027 ], [ -11.352346982999961, 12.952553090000038 ], [ -11.35266169099998, 12.953058542000122 ], [ -11.352970256999924, 12.953567767000038 ], [ -11.353272635999929, 12.954080690000126 ], [ -11.353568782999901, 12.954597236000041 ], [ -11.353604850999943, 12.954661150000049 ], [ -11.354911379999976, 12.957274208000058 ], [ -11.35493886799992, 12.957340549000094 ], [ -11.355040979999956, 12.957598848000089 ], [ -11.355136352999921, 12.95785970999998 ], [ -11.355224920999888, 12.958122960000082 ], [ -11.355306624999969, 12.958388421000109 ], [ -11.35538140999995, 12.958655914000133 ], [ -11.355449225999962, 12.958925258000079 ], [ -11.355510026999923, 12.959196272000099 ], [ -11.355563770999936, 12.959468772000093 ], [ -11.355610422999973, 12.9597425770001 ], [ -11.355649950999975, 12.9600175 ], [ -11.355682327999887, 12.960293356000079 ], [ -11.35584461499991, 12.962058594000155 ], [ -11.355284673999961, 12.965356025 ], [ -11.355035810999937, 12.967969084000117 ], [ -11.355163635999872, 12.973175275000074 ], [ -11.355174451999972, 12.973559616000159 ], [ -11.355192473999978, 12.97394368700003 ], [ -11.355217695999897, 12.974327352000046 ], [ -11.35525010899994, 12.974710476000155 ], [ -11.355289701999936, 12.975092925000069 ], [ -11.355336459999876, 12.975474564000137 ], [ -11.355390367999973, 12.97585526 ], [ -11.355451405999872, 12.976234877000081 ], [ -11.355519552999908, 12.97661328300012 ], [ -11.355594784999937, 12.976990344000114 ], [ -11.355677074999903, 12.977365928000154 ], [ -11.355720183999836, 12.977550299000029 ], [ -11.357275575999893, 12.981967612 ], [ -11.357278711999982, 12.98197157900006 ], [ -11.357588869999972, 12.982358028000021 ], [ -11.357904614999939, 12.982739925000089 ], [ -11.358225880999953, 12.983117189000041 ], [ -11.364034088999915, 12.989789138000049 ], [ -11.364150038999924, 12.989917912000067 ], [ -11.364271278999922, 12.990041719000089 ], [ -11.364397596999879, 12.990160339000113 ], [ -11.364528771999971, 12.990273566000155 ], [ -11.36466457299997, 12.990381201000105 ], [ -11.364804761999892, 12.990483054000094 ], [ -11.36494909299995, 12.990578948 ], [ -11.365097313999968, 12.990668713000105 ], [ -11.36524916299993, 12.990752193000048 ], [ -11.365404374999969, 12.990829241000029 ], [ -11.365562677999833, 12.990899722000108 ], [ -11.365723791999926, 12.990963512000064 ], [ -11.365887436999969, 12.991020499000058 ], [ -11.365985770999941, 12.991051102000029 ], [ -11.370651947999932, 12.992482063000011 ], [ -11.370985269999949, 12.992557443000067 ], [ -11.371432798999876, 12.99265220000018 ], [ -11.371881764999898, 12.992739898000139 ], [ -11.372332055999948, 12.992820516000052 ], [ -11.372783559999903, 12.992894033000027 ], [ -11.37323616599997, 12.992960430999972 ], [ -11.373689761999913, 12.993019694 ], [ -11.37414423499996, 12.993071807000149 ], [ -11.374599471999943, 12.993116757000109 ], [ -11.379304248999858, 12.993509308 ], [ -11.37951150799995, 12.993520170000011 ], [ -11.379719018999879, 12.993523792000133 ], [ -11.379926529999921, 12.993520170000011 ], [ -11.380133788999842, 12.993509308 ], [ -11.380340541999885, 12.993491220000124 ], [ -11.380546537999976, 12.993465927000045 ], [ -11.38075152599987, 12.993433460000119 ], [ -11.380955254999947, 12.99339385900015 ], [ -11.381157478999967, 12.993347172000085 ], [ -11.382283366999957, 12.993067649000182 ], [ -11.382375294999918, 12.993040828000176 ], [ -11.382464930999959, 12.993007132000059 ], [ -11.382551761999878, 12.992966753000132 ], [ -11.382635290999872, 12.992919922999988 ], [ -11.382715038999891, 12.992866909000043 ], [ -11.382790548999935, 12.992808017000186 ], [ -11.382861387999924, 12.99274358200006 ], [ -11.382927151999922, 12.992673974000184 ], [ -11.382987462999949, 12.992599592999966 ], [ -11.383041975999959, 12.992520862000106 ], [ -11.383090378999952, 12.992438235000122 ], [ -11.383132392999869, 12.992352183000094 ], [ -11.383167779999951, 12.992263201000014 ], [ -11.383196335999912, 12.992171797000083 ], [ -11.383217896999952, 12.992078495000044 ], [ -11.38323233999995, 12.991983830000095 ], [ -11.383239581999931, 12.991888344000188 ], [ -11.383239581999931, 12.991792583000176 ], [ -11.38323233999995, 12.991697097000099 ], [ -11.383219514999894, 12.991611043000091 ], [ -11.382650100999854, 12.989099805000137 ], [ -11.382176473999834, 12.98754282100009 ], [ -11.382025953999971, 12.98722074300008 ], [ -11.381882013999871, 12.986895670000081 ], [ -11.381744712999875, 12.986567739000066 ], [ -11.381614107999951, 12.986237083000049 ], [ -11.381490252999981, 12.985903841000038 ], [ -11.381373199999871, 12.98556814900013 ], [ -11.381262995999919, 12.985230146000163 ], [ -11.381159686999979, 12.984889972000076 ], [ -11.381063316999928, 12.984547769000073 ], [ -11.380973923999875, 12.984203676000106 ], [ -11.38089154599993, 12.983857837000187 ], [ -11.380435107999972, 12.98189605500005 ], [ -11.380366870999922, 12.98157618700003 ], [ -11.38030572699995, 12.981254887000091 ], [ -11.38025170599991, 12.980932313000096 ], [ -11.380204833999926, 12.980608623000137 ], [ -11.380165133999924, 12.980283975000077 ], [ -11.38013262599992, 12.979958528000054 ], [ -11.380107325999973, 12.979632442000081 ], [ -11.380089244999965, 12.979305876000069 ], [ -11.380078392999962, 12.97897899000003 ], [ -11.380074774999912, 12.978651944000148 ], [ -11.380059839999944, 12.976013932000171 ], [ -11.380063452999877, 12.97577013900019 ], [ -11.380074288999879, 12.975526559000059 ], [ -11.38009233799994, 12.975283408000109 ], [ -11.380117583999834, 12.975040898000145 ], [ -11.380150005999951, 12.97479924300012 ], [ -11.380189574999918, 12.974558655000124 ], [ -11.380236255999876, 12.974319345000026 ], [ -11.380290006999871, 12.974081523000052 ], [ -11.381245459999889, 12.970320347000097 ], [ -11.381305857999905, 12.970107682000162 ], [ -11.381373145999873, 12.969897097000057 ], [ -11.381447253999966, 12.969688812000129 ], [ -11.381528100999901, 12.969483051000111 ], [ -11.381615602999943, 12.96928003000005 ], [ -11.381709666999939, 12.969079965000105 ], [ -11.381810193999968, 12.968883066999979 ], [ -11.381888099999969, 12.968740558000036 ], [ -11.381980812999871, 12.968614308000042 ], [ -11.382124498999872, 12.968428776000167 ], [ -11.382273801999872, 12.968247735000034 ], [ -11.382428583999911, 12.968071354000074 ], [ -11.382588697999836, 12.967899799000179 ], [ -11.382753993999927, 12.967733231000068 ], [ -11.38292431699989, 12.967571808000116 ], [ -11.383099506999883, 12.967415679000112 ], [ -11.383279398999946, 12.967264992000139 ], [ -11.383463823999932, 12.967119890000049 ], [ -11.38365260899991, 12.966980506000084 ], [ -11.383845576999931, 12.966846974000191 ], [ -11.384042546999865, 12.966719418000139 ], [ -11.384243332999972, 12.966597958000023 ], [ -11.384447746999911, 12.966482708000058 ], [ -11.384650475999877, 12.966376363000052 ], [ -11.389488949999929, 12.964844450000044 ], [ -11.389615338999818, 12.964807168 ], [ -11.389743574999954, 12.964776843999971 ], [ -11.389873275999946, 12.964753569000095 ], [ -11.390004053999917, 12.964737410000112 ], [ -11.390135518999955, 12.96472841800005 ], [ -11.390267279999932, 12.9647266180001 ], [ -11.39039894199982, 12.964732016000028 ], [ -11.390530112999897, 12.964744596000173 ], [ -11.390660400999934, 12.964764321000075 ], [ -11.390789416999951, 12.964791131000027 ], [ -11.390916776999916, 12.964824946000078 ], [ -11.391042100999925, 12.964865666000037 ], [ -11.391165012999977, 12.96491316900017 ], [ -11.391285147999952, 12.964967313000045 ], [ -11.391402146999951, 12.965027937000059 ], [ -11.391515660999914, 12.965094860000022 ], [ -11.391625350999959, 12.965167882000173 ], [ -11.391730888999973, 12.965246785000033 ], [ -11.391743063999911, 12.96525648000005 ], [ -11.392054141999893, 12.965878637000117 ], [ -11.39224078899997, 12.966749657000037 ], [ -11.39225044799997, 12.966769345000102 ], [ -11.392358286999922, 12.96698019400003 ], [ -11.392472504999944, 12.967187657000068 ], [ -11.392592996999895, 12.967391540000165 ], [ -11.392719650999879, 12.967591653000113 ], [ -11.392852347999963, 12.967787811000164 ], [ -11.392990965999957, 12.967979831000036 ], [ -11.393135375999918, 12.968167535000134 ], [ -11.393285441999979, 12.968350746999988 ], [ -11.393441025999891, 12.968529297000032 ], [ -11.393601981999893, 12.968703020000135 ], [ -11.393768161999958, 12.968871753000144 ], [ -11.393939409999916, 12.969035341000165 ], [ -11.394115566999915, 12.969193629000131 ], [ -11.394296468999869, 12.969346472000041 ], [ -11.394481948999953, 12.969493727000099 ], [ -11.394671831999972, 12.96963525700005 ], [ -11.394865943999946, 12.969770930000038 ], [ -11.395064102999982, 12.969900621000022 ], [ -11.395266124999921, 12.970024207999984 ], [ -11.395413788999974, 12.970109303000015 ], [ -11.40179948999986, 12.973643412000172 ], [ -11.40196134699994, 12.973731328000156 ], [ -11.402126510999892, 12.973812861000056 ], [ -11.40229473099987, 12.973887888000149 ], [ -11.403167446999873, 12.97424622200009 ], [ -11.403264760999946, 12.974281642 ], [ -11.403364308999926, 12.974310186000082 ], [ -11.403465604999951, 12.974331718000087 ], [ -11.403568155999892, 12.974346130000015 ], [ -11.40367146299991, 12.974353354000073 ], [ -11.403775021999877, 12.974353354000073 ], [ -11.403878328999895, 12.974346130000015 ], [ -11.403980879999949, 12.974331718000087 ], [ -11.404082175999974, 12.974310186000082 ], [ -11.404181722999965, 12.974281642 ], [ -11.404279036999924, 12.97424622200009 ], [ -11.404373642999929, 12.974204101000112 ], [ -11.404465079999966, 12.974155483000175 ], [ -11.404552902999967, 12.974100605000046 ], [ -11.404636684999957, 12.97403973500019 ], [ -11.404716014999963, 12.9739731680001 ], [ -11.404790509999884, 12.973901229999967 ], [ -11.404859803999955, 12.973824270000023 ], [ -11.404923560999976, 12.973742665000088 ], [ -11.404981470999871, 12.973656810000023 ], [ -11.405033250999963, 12.973567126000034 ], [ -11.405078647999915, 12.973474047000082 ], [ -11.405117441999948, 12.973378029000116 ], [ -11.405149442999914, 12.973279538000043 ], [ -11.405174496999962, 12.973179055000173 ], [ -11.405192478999936, 12.973077069999988 ], [ -11.40520330399994, 12.972974078 ], [ -11.405206917999976, 12.972870582000155 ], [ -11.40520330399994, 12.97276708600009 ], [ -11.405192478999936, 12.972664094000095 ], [ -11.405181650999907, 12.972597931000053 ], [ -11.405179688999851, 12.972473499000046 ], [ -11.405183293999869, 12.972304863000147 ], [ -11.40519410099995, 12.972136535000061 ], [ -11.405212089999964, 12.971968823000054 ], [ -11.405237229999898, 12.971802032000028 ], [ -11.405269473999908, 12.971636467999986 ], [ -11.405308761999947, 12.971472433000031 ], [ -11.405355023999959, 12.971310227000117 ], [ -11.405408174999934, 12.971150145000024 ], [ -11.405468116999884, 12.97099248100011 ], [ -11.405534741999929, 12.970837522000181 ], [ -11.405607926999949, 12.970685552000191 ], [ -11.405687538999928, 12.970536847000062 ], [ -11.405773431999933, 12.970391681000137 ], [ -11.405865449999908, 12.97025031600009 ], [ -11.405963423999935, 12.970113013000173 ], [ -11.406067175999908, 12.969980022000072 ], [ -11.406176515999903, 12.969851586000118 ], [ -11.406291242999885, 12.969727938000176 ], [ -11.40641114999994, 12.969609306000166 ], [ -11.406536015999961, 12.969495906000191 ], [ -11.406665612999973, 12.969387945000051 ], [ -11.406799705999958, 12.969285621000097 ], [ -11.406938047999915, 12.969189119000077 ], [ -11.407080386999894, 12.9690986170001 ], [ -11.407226463999905, 12.969014280000124 ], [ -11.40737600999995, 12.968936262000057 ], [ -11.407528753999941, 12.968864705000101 ], [ -11.407684415999881, 12.968799740000122 ], [ -11.407842711999933, 12.96874148500018 ], [ -11.40800335199998, 12.968690048000099 ], [ -11.40812978799994, 12.968649755000058 ], [ -11.40826676599994, 12.968610561 ], [ -11.408405553999955, 12.968578354000101 ], [ -11.408545794999895, 12.968553219000057 ], [ -11.408687128999873, 12.968535218999989 ], [ -11.408829192999917, 12.968524400000092 ], [ -11.408971622999957, 12.96852079100006 ], [ -11.409114052999939, 12.968524400000092 ], [ -11.40925611699987, 12.968535218999989 ], [ -11.409397450999961, 12.968553219000057 ], [ -11.409537691999901, 12.968578354000101 ], [ -11.40967647999986, 12.968610561 ], [ -11.409813457999974, 12.968649755000058 ], [ -11.409948275999966, 12.968695837000155 ], [ -11.410080585999879, 12.968748688000176 ], [ -11.410210049999932, 12.968808173000014 ], [ -11.410336334999897, 12.96887413900015 ], [ -11.41045911599997, 12.968946416 ], [ -11.410578078999947, 12.969024820000072 ], [ -11.410692918999928, 12.969109148000143 ], [ -11.410803339999916, 12.969199184000161 ], [ -11.410909058999948, 12.969294698000056 ], [ -11.411009803999946, 12.96939544300011 ], [ -11.411105317999954, 12.969501162000086 ], [ -11.411195353999915, 12.969611583000074 ], [ -11.411279681999815, 12.969726422000065 ], [ -11.411358084999904, 12.969845385000042 ], [ -11.411430362999909, 12.969968167000104 ], [ -11.411496327999885, 12.970094452000126 ], [ -11.411555812999836, 12.970223915000076 ], [ -11.411608663999857, 12.970356226000149 ], [ -11.411652081999875, 12.970482598000103 ], [ -11.411652081999875, 12.972224637000068 ], [ -11.410878590999914, 12.975888075000171 ], [ -11.410839377999878, 12.976057568000044 ], [ -11.410793194999883, 12.976225296000052 ], [ -11.410740118999911, 12.976390972000104 ], [ -11.410680242999945, 12.976554313 ], [ -11.41061366699995, 12.976715041000034 ], [ -11.410540506999951, 12.97687288000003 ], [ -11.410460885999896, 12.97702756000001 ], [ -11.41037494099993, 12.977178819000187 ], [ -11.410282817999928, 12.97732639600008 ], [ -11.410184675999972, 12.977470040000014 ], [ -11.410080681999887, 12.977609506000022 ], [ -11.409971011999971, 12.977744555000129 ], [ -11.409855855999865, 12.97787495700004 ], [ -11.40973540899995, 12.978000489000124 ], [ -11.409599407999963, 12.978135570000063 ], [ -11.409447916999966, 12.978281975000186 ], [ -11.409291514999893, 12.978423122000038 ], [ -11.409130385999958, 12.978558847000158 ], [ -11.408964716999947, 12.978688992000173 ], [ -11.408794700999977, 12.978813405000096 ], [ -11.408620535999887, 12.978931941000099 ], [ -11.408442425999965, 12.979044462000104 ], [ -11.408260578999943, 12.979150836000031 ], [ -11.408075205999978, 12.979250940000156 ], [ -11.407886522999888, 12.979344657000183 ], [ -11.407694749999848, 12.979431877000081 ], [ -11.40750011199998, 12.97951249900018 ], [ -11.407359199999973, 12.979566087000023 ], [ -11.407321915999887, 12.979583368000078 ], [ -11.407224816999928, 12.979633858 ], [ -11.407131266999954, 12.979690655000184 ], [ -11.407041674999903, 12.979753511000069 ], [ -11.406956432999948, 12.979822150000132 ], [ -11.406875914999944, 12.979896273000122 ], [ -11.40680047099994, 12.979975555000124 ], [ -11.406730430999971, 12.980059650000101 ], [ -11.406666102999907, 12.980148190000136 ], [ -11.406607766999969, 12.980240788000117 ], [ -11.406555678999837, 12.980337039 ], [ -11.406510065999953, 12.980436522000161 ], [ -11.406471126999918, 12.980538803 ], [ -11.40643903299997, 12.980643433000125 ], [ -11.406413924999981, 12.980749955000078 ], [ -11.406395910999947, 12.980857904000061 ], [ -11.406385071999921, 12.980966808000176 ], [ -11.406314147999922, 12.982101982000131 ], [ -11.406310533999886, 12.982242318000033 ], [ -11.406314147999922, 12.982382654000105 ], [ -11.406324981999944, 12.982522618000132 ], [ -11.406343006999975, 12.98266183800007 ], [ -11.406368174999955, 12.982799946000171 ], [ -11.406400418999965, 12.9829365760001 ], [ -11.406439653999826, 12.983071364000068 ], [ -11.406485775999897, 12.983203953999976 ], [ -11.406538661999946, 12.983333993000031 ], [ -11.406598171999974, 12.983461138000166 ], [ -11.406664147999948, 12.983585050999977 ], [ -11.406736415999944, 12.983705402999988 ], [ -11.406814783999948, 12.983821875000046 ], [ -11.406899042999896, 12.983934158000011 ], [ -11.406988971999965, 12.984041955000123 ], [ -11.407084329999975, 12.984144980000053 ], [ -11.40718486499992, 12.984242959000085 ], [ -11.408298597999874, 12.985242402999972 ], [ -11.408582381999906, 12.985494369000037 ], [ -11.408870897999975, 12.985740903000021 ], [ -11.409164040999826, 12.985981917000061 ], [ -11.409461705999945, 12.98621732200013 ], [ -11.409763785999871, 12.986447035000026 ], [ -11.410070171999905, 12.986670973000059 ], [ -11.411084790999951, 12.987497261000044 ], [ -11.412547299999972, 12.9888322380001 ], [ -11.413534806999962, 12.990081773000043 ], [ -11.415944963999891, 12.993583280000109 ], [ -11.415973396999959, 12.993666769000185 ], [ -11.416047890999891, 12.993900704000055 ], [ -11.416115485999967, 12.994136726000079 ], [ -11.416176122999957, 12.994374630000038 ], [ -11.416229749999843, 12.994614212000158 ], [ -11.416276319999952, 12.994855264000023 ], [ -11.416315793999956, 12.995097580000163 ], [ -11.416348136999943, 12.995340951000117 ], [ -11.416373321999913, 12.995585166000183 ], [ -11.416391326999872, 12.995830015000081 ], [ -11.416402135999874, 12.996075287000167 ], [ -11.416405739999902, 12.996320770000125 ], [ -11.416402135999874, 12.996566254000186 ], [ -11.416391326999872, 12.996811526000045 ], [ -11.416373321999913, 12.997056375000113 ], [ -11.416348136999943, 12.997300590000179 ], [ -11.416315793999956, 12.997543960000087 ], [ -11.416276319999952, 12.997786276000056 ], [ -11.416229749999843, 12.998027329000024 ], [ -11.416176122999957, 12.998266911000087 ], [ -11.416115485999967, 12.998504815000103 ], [ -11.416047890999891, 12.998740835999968 ], [ -11.415973396999959, 12.998974772000167 ], [ -11.415944963999891, 12.99905826000014 ], [ -11.415885413999945, 12.999232066000104 ], [ -11.415811156999951, 12.999427867000065 ], [ -11.415730184999973, 12.999620988000174 ], [ -11.415717304999873, 12.999648959000069 ], [ -11.415642595999941, 12.999811200000067 ], [ -11.41554849399995, 12.99999827400012 ], [ -11.415447990999894, 13.000181989000112 ], [ -11.415341205999937, 13.000362126000027 ], [ -11.415228267999851, 13.000538470000038 ], [ -11.415109309999934, 13.000710810000101 ], [ -11.414984473999937, 13.000878942000156 ], [ -11.414853909999977, 13.001042664000181 ], [ -11.41471777199996, 13.001201783000113 ], [ -11.414576222999813, 13.001356107999982 ], [ -11.414429431999906, 13.001505455000029 ], [ -11.414277573999982, 13.001649646000146 ], [ -11.414120828999955, 13.001788510000097 ], [ -11.413959383999952, 13.001921880999987 ], [ -11.413793431999977, 13.002049600000191 ], [ -11.413623170999927, 13.002171515000043 ], [ -11.413448802999937, 13.002287480000177 ], [ -11.41327053599997, 13.002397358 ], [ -11.413088582999933, 13.002501018000032 ], [ -11.412903160999917, 13.002598335000016 ], [ -11.412714489999871, 13.00268919399997 ], [ -11.411859026999878, 13.003068310000117 ], [ -11.41174095699995, 13.003115754000135 ], [ -11.411620391999918, 13.003156443000023 ], [ -11.411497717999907, 13.003190245000155 ], [ -11.411373327999911, 13.003217053000071 ], [ -11.411247620999916, 13.003236781000112 ], [ -11.411120998999934, 13.003249365000045 ], [ -11.410993867999878, 13.003254766000055 ], [ -11.410866634999934, 13.003252965 ], [ -11.41073970799988, 13.003243969000152 ], [ -11.410613492999914, 13.003227807000087 ], [ -11.41048839399997, 13.003204529000072 ], [ -11.410364812999944, 13.003174212000147 ], [ -11.410243144999924, 13.003136952000091 ], [ -11.410123779999935, 13.003092867000078 ], [ -11.410007098999927, 13.003042101000176 ], [ -11.409893477999958, 13.002984814000115 ], [ -11.409783279999886, 13.002921191000098 ], [ -11.409676857999955, 13.002851436000071 ], [ -11.40957455299997, 13.002775771000131 ], [ -11.409476692999931, 13.002694440000084 ], [ -11.409383589999948, 13.002607703000081 ], [ -11.409295543999974, 13.002515837000146 ], [ -11.409212835999938, 13.002419137000118 ], [ -11.409163454999941, 13.002355691000048 ], [ -11.408230218999904, 13.002044613000066 ], [ -11.406674826999904, 13.002044613000066 ], [ -11.403812905999928, 13.002417907 ], [ -11.39820293199989, 13.003765774999977 ], [ -11.398055284999941, 13.003805336000141 ], [ -11.39790968799997, 13.003851879000024 ], [ -11.397766470999954, 13.003905296000084 ], [ -11.397625957999935, 13.003965467000171 ], [ -11.397488465999857, 13.004032256000073 ], [ -11.397354308999923, 13.004105512000137 ], [ -11.397223788999895, 13.00418506800014 ], [ -11.397097201999884, 13.00427074400011 ], [ -11.39697483599997, 13.004362347000153 ], [ -11.396856965999916, 13.004459668000095 ], [ -11.396743860999948, 13.004562486999987 ], [ -11.396635775999925, 13.00467057200018 ], [ -11.39653295699992, 13.004783677000034 ], [ -11.396435635999978, 13.004901546999974 ], [ -11.396344032999934, 13.005023913000173 ], [ -11.396258356999965, 13.00515050000007 ], [ -11.396178800999849, 13.005281020000041 ], [ -11.396105544999898, 13.005415178000135 ], [ -11.396038755999882, 13.005552669000053 ], [ -11.395978584999966, 13.005693182000016 ], [ -11.395925167999906, 13.005836399999964 ], [ -11.395878624999966, 13.005981996000116 ], [ -11.395849298999963, 13.006088632000058 ], [ -11.396160376999944, 13.010630377000041 ], [ -11.396172087999901, 13.010697209999989 ], [ -11.396211502999961, 13.010894208000138 ], [ -11.396257963999915, 13.011089664000167 ], [ -11.396311410999886, 13.011283327000115 ], [ -11.39637177599991, 13.011474946000021 ], [ -11.396438979999971, 13.011664275000157 ], [ -11.396512937999944, 13.011851069000159 ], [ -11.396593551999956, 13.012035088 ], [ -11.396680720999882, 13.012216094999985 ], [ -11.396774329999914, 13.01239385700012 ], [ -11.396874259999947, 13.01256814300018 ], [ -11.396980381999981, 13.012738729999967 ], [ -11.397092559999976, 13.0129053980001 ], [ -11.397210646999952, 13.013067931000137 ], [ -11.397334492999903, 13.013226121000059 ], [ -11.397463936999941, 13.013379762999989 ], [ -11.397598812999945, 13.013528660000134 ], [ -11.39773894699988, 13.01367261900009 ], [ -11.397884158999886, 13.013811456000099 ], [ -11.398034259999974, 13.013944990000141 ], [ -11.3981890579999, 13.014073050000093 ], [ -11.39834835299996, 13.014195471000164 ], [ -11.398511939999878, 13.014312095000037 ], [ -11.398679607999895, 13.01442277100017 ], [ -11.400424926999904, 13.015558731000169 ], [ -11.40063437099991, 13.015694889000088 ], [ -11.400847651999982, 13.015824954000095 ], [ -11.401064592999887, 13.01594881900013 ], [ -11.401285012999836, 13.016066381000087 ], [ -11.401508728999943, 13.016177542000094 ], [ -11.401735555999892, 13.016282210000099 ], [ -11.401965304999976, 13.016380297000126 ], [ -11.402197785999931, 13.016471723000052 ], [ -11.402432803999943, 13.016556412 ], [ -11.40267016599995, 13.016634292000049 ], [ -11.40337049999988, 13.016859807000174 ], [ -11.403816699999936, 13.016996454000036 ], [ -11.404264955999906, 13.017126196999982 ], [ -11.404715160999956, 13.017249004000121 ], [ -11.405167208999956, 13.01736484700001 ], [ -11.405620990999921, 13.01747369800006 ], [ -11.406076398999971, 13.017575531000034 ], [ -11.406533324999941, 13.017670321000082 ], [ -11.407406298999945, 13.017841133 ], [ -11.407927997999934, 13.017935964000117 ], [ -11.408450934999962, 13.018023707 ], [ -11.408975015999886, 13.018104345000097 ], [ -11.409500141999899, 13.018177864000052 ], [ -11.410026216999938, 13.018244251000169 ], [ -11.410553145999927, 13.018303491999973 ], [ -11.411080828999957, 13.018355577000136 ], [ -11.411609170999895, 13.01840049700013 ], [ -11.412138072999937, 13.018438243000048 ], [ -11.412667438999961, 13.018468807999966 ], [ -11.412809293999885, 13.018475775000127 ], [ -11.412933724999959, 13.018473352000171 ], [ -11.41308584899997, 13.01847697300002 ], [ -11.41323762899998, 13.018487829000037 ], [ -11.413388719999944, 13.018505894000043 ], [ -11.413538780999943, 13.018531128000177 ], [ -11.413687470999889, 13.018563474000189 ], [ -11.413834452999879, 13.018602857000133 ], [ -11.413979394999899, 13.01864919000019 ], [ -11.414121967999961, 13.01870236700006 ], [ -11.414261849999889, 13.018762268000103 ], [ -11.414398722999977, 13.018828757 ], [ -11.414532276999978, 13.018901683000024 ], [ -11.414662209999904, 13.018980881000175 ], [ -11.414788226999917, 13.019066172 ], [ -11.414910042999963, 13.019157363000033 ], [ -11.415027381999835, 13.019254246000116 ], [ -11.415139978999889, 13.019356603000176 ], [ -11.415247577999935, 13.019464202000108 ], [ -11.415349934999881, 13.019576798000173 ], [ -11.415446817999964, 13.019694137000045 ], [ -11.415538008999874, 13.01981595400008 ], [ -11.415623299999936, 13.019941971000094 ], [ -11.415702497999916, 13.020071904000133 ], [ -11.415775423999889, 13.020205458000135 ], [ -11.415841912999895, 13.020342331 ], [ -11.415901812999891, 13.020482212000104 ], [ -11.415920077999886, 13.020528892000073 ], [ -11.413866959999837, 13.025126631000091 ], [ -11.412747077999882, 13.027117532999966 ], [ -11.412738837999939, 13.027127507000102 ], [ -11.412555989999873, 13.027354733000038 ], [ -11.412378795999871, 13.027586394000139 ], [ -11.412207362999936, 13.027822351000054 ], [ -11.412041795999812, 13.028062461 ], [ -11.411882193999929, 13.028306576000034 ], [ -11.411728655999923, 13.028554549000035 ], [ -11.411581272999967, 13.028806230000157 ], [ -11.411440135999953, 13.029061466000144 ], [ -11.411305329999891, 13.029320102000042 ], [ -11.411176936999937, 13.029581980000046 ], [ -11.411055034999947, 13.02984694200012 ], [ -11.410939697999936, 13.030114826999977 ], [ -11.410830996999891, 13.030385472000091 ], [ -11.410728995999875, 13.03065871400014 ], [ -11.410633757999904, 13.030934385000137 ], [ -11.410545339999885, 13.031212319000019 ], [ -11.410463797999967, 13.031492347000096 ], [ -11.410389178999935, 13.031774299000176 ], [ -11.41032152899993, 13.032058004000078 ], [ -11.410260889999961, 13.032343290000085 ], [ -11.410207297999875, 13.032629983000106 ], [ -11.41016078499996, 13.032917909000105 ], [ -11.410121380999897, 13.033206894000102 ], [ -11.410089107999966, 13.033496762000141 ], [ -11.41007180399987, 13.033687509 ], [ -11.410070219999909, 13.033780832 ], [ -11.410073865999948, 13.033922407000091 ], [ -11.410084795999978, 13.034063606000132 ], [ -11.410102979999976, 13.034204055000146 ], [ -11.410128369999939, 13.034343381000099 ], [ -11.410160898999948, 13.034481216000074 ], [ -11.410200479999958, 13.034617194000134 ], [ -11.410247007999885, 13.034750954000174 ], [ -11.41030036099994, 13.034882141000082 ], [ -11.41036039599993, 13.035010408000119 ], [ -11.410426954999934, 13.035135414000024 ], [ -11.410499860999948, 13.035256828000115 ], [ -11.410578919999921, 13.035374328000046 ], [ -11.410663922999845, 13.035487601999989 ], [ -11.410754644999884, 13.035596350000105 ], [ -11.410850843999924, 13.035700284000029 ], [ -11.41199990399997, 13.036931228000071 ], [ -11.412100606999957, 13.037034474000109 ], [ -11.412206331999926, 13.037132572000019 ], [ -11.412316813999894, 13.037225277000175 ], [ -11.412431779999906, 13.03731236100009 ], [ -11.412550943999918, 13.037393606000137 ], [ -11.412674009999876, 13.037468809000075 ], [ -11.412800670999957, 13.037537785999973 ], [ -11.412930612999901, 13.037600362000035 ], [ -11.413063512999884, 13.037656384000059 ], [ -11.413199039999881, 13.037705712000047 ], [ -11.413336856999933, 13.037748223000108 ], [ -11.413476621999962, 13.037783811 ], [ -11.413618041999939, 13.037812399000074 ], [ -11.413779730999977, 13.037812545000065 ], [ -11.414177362999851, 13.037817946000075 ], [ -11.414574830999982, 13.037830545000133 ], [ -11.414972005999971, 13.037850338000112 ], [ -11.415368757999943, 13.03787732 ], [ -11.415764955999919, 13.037911481000094 ], [ -11.417416113999934, 13.038068970999973 ], [ -11.417577068999947, 13.038085164000165 ], [ -11.417737143999943, 13.038108510000143 ], [ -11.417896018999954, 13.038138963999984 ], [ -11.418053379999833, 13.038176465000163 ], [ -11.41820891399982, 13.038220939000098 ], [ -11.418362312999875, 13.038272297000105 ], [ -11.418513271999871, 13.038330437000127 ], [ -11.418661489999977, 13.038395245000174 ], [ -11.418806674999871, 13.038466591000031 ], [ -11.418948536999892, 13.038544334000164 ], [ -11.419086795999874, 13.038628319000054 ], [ -11.419221174999905, 13.038718379000045 ], [ -11.419351409999933, 13.03881433700019 ], [ -11.419477239999935, 13.038916 ], [ -11.419598416999861, 13.039023168000142 ], [ -11.419714699999872, 13.039135628000054 ], [ -11.419825856999921, 13.039253155999972 ], [ -11.41993166899988, 13.039375520000021 ], [ -11.420031923999943, 13.03950247500012 ], [ -11.420126424999921, 13.039633770000023 ], [ -11.42021498299988, 13.03976914500015 ], [ -11.422185863999971, 13.04279599500012 ], [ -11.42470912899995, 13.046691526000131 ], [ -11.424871738999968, 13.046991207000133 ], [ -11.42504065299994, 13.047287381000103 ], [ -11.425215794999929, 13.047579914999972 ], [ -11.425397084999929, 13.047868679000089 ], [ -11.425584442999877, 13.048153543000012 ], [ -11.42577778499998, 13.048434381000163 ], [ -11.425977024999952, 13.048711065000134 ], [ -11.426182073999939, 13.048983473000135 ], [ -11.427666398999918, 13.050952361000157 ], [ -11.427881539999873, 13.051166980000062 ], [ -11.42812969199997, 13.05140494900013 ], [ -11.428382772999953, 13.051637669000172 ], [ -11.428640672999904, 13.051865038000074 ], [ -11.428903276999961, 13.052086956000153 ], [ -11.429170471999953, 13.052303325000025 ], [ -11.429442138999946, 13.052514052000106 ], [ -11.429718158999947, 13.052719043000138 ], [ -11.429998411999975, 13.052918209000097 ], [ -11.43021724099998, 13.053067694000106 ], [ -11.430420702999925, 13.053135636000036 ], [ -11.430746316999944, 13.053250527000046 ], [ -11.431069461999869, 13.053372191000165 ], [ -11.43138999699994, 13.053500572000019 ], [ -11.431707782999922, 13.053635617000111 ], [ -11.432022679999932, 13.053777265000122 ], [ -11.432334552999919, 13.053925454000023 ], [ -11.432643263999978, 13.054080122000016 ], [ -11.432948679999924, 13.054241199000103 ], [ -11.433250666999868, 13.054408616000046 ], [ -11.433549093999943, 13.0545823 ], [ -11.43384382999983, 13.054762175000064 ], [ -11.434134747999906, 13.054948163000176 ], [ -11.434421719999932, 13.055140183000105 ], [ -11.434447907999981, 13.055158141000163 ], [ -11.434510566999904, 13.055219913000087 ], [ -11.434656971999971, 13.055371404000141 ], [ -11.434798118999936, 13.0555278060001 ], [ -11.434933843999943, 13.055688935000035 ], [ -11.43506398999989, 13.055854604000103 ], [ -11.43518840299987, 13.056024620000187 ], [ -11.435306938999929, 13.056198785000106 ], [ -11.435419458999888, 13.056376893999982 ], [ -11.435525832999929, 13.056558742000107 ], [ -11.435625936999941, 13.056744115000072 ], [ -11.435719653999968, 13.056932798000162 ], [ -11.435806873999979, 13.057124571000145 ], [ -11.435887495999964, 13.05731920900007 ], [ -11.435941083999978, 13.05746012100019 ], [ -11.435941321999906, 13.057461169000078 ], [ -11.435984247999897, 13.05766658500005 ], [ -11.436020096999925, 13.05787335399998 ], [ -11.436048827999912, 13.058081232000177 ], [ -11.436070404999953, 13.058289973000115 ], [ -11.436084803999961, 13.05849933200011 ], [ -11.436092007999946, 13.058709061000116 ], [ -11.436092007999946, 13.058918915000106 ], [ -11.436084803999961, 13.059128645000044 ], [ -11.436070404999953, 13.05933800400004 ], [ -11.435860501999969, 13.06180305099997 ], [ -11.435846058999914, 13.061941622000177 ], [ -11.435824442999944, 13.062079257000107 ], [ -11.435795711999958, 13.062215584000114 ], [ -11.435759943999926, 13.062350236000043 ], [ -11.435717235999846, 13.062482850000038 ], [ -11.435667701999932, 13.062613069000065 ], [ -11.435611474999973, 13.062740541000096 ], [ -11.435548708999931, 13.06286492300012 ], [ -11.435479569999814, 13.062985880000042 ], [ -11.435404246999951, 13.063103083999977 ], [ -11.435322942999903, 13.063216222000108 ], [ -11.435235874999876, 13.063324987000158 ], [ -11.435143279999977, 13.063429086000156 ], [ -11.435045405999858, 13.063528238000174 ], [ -11.434945632999927, 13.063619473000188 ], [ -11.433576887999948, 13.064614924000011 ], [ -11.431615704999956, 13.066701417000104 ], [ -11.430532862999883, 13.067882612000062 ], [ -11.428327385999921, 13.070600225000078 ], [ -11.428110283999899, 13.070873287000154 ], [ -11.42789887299989, 13.071150777000184 ], [ -11.427693241999918, 13.071432578000156 ], [ -11.427493477999917, 13.071718568000165 ], [ -11.427299667999876, 13.072008626000184 ], [ -11.427111893999893, 13.072302627000113 ], [ -11.426930235999976, 13.072600446000138 ], [ -11.426754771999981, 13.072901955000134 ], [ -11.426585575999866, 13.073207027000137 ], [ -11.42642272199987, 13.073515530000179 ], [ -11.4262662779999, 13.073827333000111 ], [ -11.42611631099993, 13.074142303000087 ], [ -11.425972885999954, 13.074460304000183 ], [ -11.425836063999952, 13.074781202000111 ], [ -11.425705902999823, 13.075104859000135 ], [ -11.425582457999894, 13.075431137000123 ], [ -11.425465783999925, 13.075759896000079 ], [ -11.425389304999896, 13.075987951 ], [ -11.425256566999963, 13.079983436000134 ], [ -11.425252955999895, 13.080199512000036 ], [ -11.425256566999963, 13.080415589000097 ], [ -11.425267396999971, 13.08063142300017 ], [ -11.425285431999953, 13.080846776000158 ], [ -11.425310652999883, 13.081061405000014 ], [ -11.425343031999887, 13.081275072000039 ], [ -11.42538253299989, 13.0814875370001 ], [ -11.425429110999914, 13.081698564000078 ], [ -11.425482713999827, 13.08190791700008 ], [ -11.425543283999957, 13.082115362000138 ], [ -11.425610750999851, 13.082320667000147 ], [ -11.425685039999962, 13.082523603000027 ], [ -11.425766068999906, 13.082723943000133 ], [ -11.425853747999952, 13.082921463000105 ], [ -11.425947976999964, 13.083115944000099 ], [ -11.426048652999953, 13.083307167000044 ], [ -11.426155661999928, 13.083494920000021 ], [ -11.426268884999956, 13.083678992000159 ], [ -11.426388194999959, 13.083859177000079 ], [ -11.42651345999991, 13.084035276000179 ], [ -11.426644538999938, 13.084207090000177 ], [ -11.42678128599988, 13.084374429000093 ], [ -11.426923547999934, 13.084537104000106 ], [ -11.427071166999895, 13.08469493500013 ], [ -11.428254319999894, 13.085887961000083 ], [ -11.428432186999885, 13.08606328400009 ], [ -11.428615032999915, 13.086233408000112 ], [ -11.428802705999885, 13.086398192000104 ], [ -11.428995049999912, 13.086557499000037 ], [ -11.429191903999936, 13.08671119700017 ], [ -11.429393105999964, 13.086859159000142 ], [ -11.429598488999943, 13.087001260000079 ], [ -11.429807880999931, 13.08713738400013 ], [ -11.430021108999881, 13.087267418000067 ], [ -11.430237995999903, 13.087391252000032 ], [ -11.430458360999921, 13.087508785000068 ], [ -11.430682021999871, 13.087619918000087 ], [ -11.430908792999901, 13.087724560000083 ], [ -11.431138484999963, 13.087822623000079 ], [ -11.431370907999963, 13.087914026000078 ], [ -11.431605867999906, 13.087998694000191 ], [ -11.431843169999922, 13.088076555000157 ], [ -11.432082617999924, 13.08814754500014 ], [ -11.432324011999924, 13.08821160500014 ], [ -11.432567151999876, 13.088268683000024 ], [ -11.432811835999871, 13.088318729000093 ], [ -11.433057860999895, 13.088361704000022 ], [ -11.43330502099991, 13.08839757100003 ], [ -11.436401479999972, 13.09116857700019 ], [ -11.43976112699994, 13.094416236000029 ], [ -11.442069741999831, 13.096658226999978 ], [ -11.44218444899991, 13.096779321000099 ], [ -11.442304293999939, 13.096895333000077 ], [ -11.442429051999966, 13.097006045000171 ], [ -11.442558487999861, 13.09711124800009 ], [ -11.442692360999899, 13.097210746000144 ], [ -11.442830417999971, 13.097304350000059 ], [ -11.442972399999974, 13.097391887000128 ], [ -11.443118040999877, 13.09747319100012 ], [ -11.443267066999965, 13.09754811 ], [ -11.443419198999948, 13.097616502000164 ], [ -11.443574149999961, 13.09767824100004 ], [ -11.443731630999935, 13.097733209000125 ], [ -11.443891343999894, 13.097781303000033 ], [ -11.444052991999968, 13.097822434000136 ], [ -11.44421626899998, 13.097856524000122 ], [ -11.444380869999918, 13.097883509000155 ], [ -11.444546484999933, 13.097903338000094 ], [ -11.444712803999948, 13.097915975000149 ], [ -11.444879512999876, 13.097921393999968 ], [ -11.44504630199998, 13.097919588000025 ], [ -11.445212854999909, 13.097910557000034 ], [ -11.445378860999881, 13.097894321000126 ], [ -11.445544007999956, 13.097870908000061 ], [ -11.445707984999956, 13.097840363000103 ], [ -11.445870485999876, 13.097802744000091 ], [ -11.446031203999951, 13.097758121000084 ], [ -11.452142047999928, 13.097464804000026 ], [ -11.458674693999967, 13.097713667000107 ], [ -11.45883023399989, 13.097714201000144 ], [ -11.459234293999941, 13.097710595000024 ], [ -11.459638225999925, 13.097699777 ], [ -11.460041900999954, 13.097681751000152 ], [ -11.460445188999927, 13.097656523000182 ], [ -11.460847962999935, 13.097624101000179 ], [ -11.461250093999979, 13.097584494000159 ], [ -11.465167801999883, 13.097136126 ], [ -11.46546632999997, 13.097094857000059 ], [ -11.465763786999901, 13.097046469000134 ], [ -11.466060002999882, 13.096990988000073 ], [ -11.466354809999928, 13.096928448000085 ], [ -11.466638301999978, 13.096861312000044 ], [ -11.466700516999936, 13.096861261000129 ], [ -11.467224118999923, 13.096864869000058 ], [ -11.467747620999887, 13.096875690000161 ], [ -11.468270923999967, 13.09689372400004 ], [ -11.468793928999958, 13.096918965999976 ], [ -11.469316535999951, 13.09695141200018 ], [ -11.469838646999904, 13.096991055 ], [ -11.470360161999963, 13.097037889000148 ], [ -11.470880982999972, 13.097091904000081 ], [ -11.471401008999919, 13.097153090000177 ], [ -11.471553340999947, 13.097172391000072 ], [ -11.476594700999954, 13.098784982000041 ], [ -11.476772234999828, 13.098847241000101 ], [ -11.47694723799998, 13.098916295000151 ], [ -11.477119449999975, 13.09899204300018 ], [ -11.477288614999907, 13.099074371000086 ], [ -11.477454480999938, 13.099163157000135 ], [ -11.477616801999886, 13.099258269000188 ], [ -11.477775337999958, 13.099359566000146 ], [ -11.477929851999932, 13.09946689700007 ], [ -11.478023770999926, 13.099536586000056 ], [ -11.478046628999948, 13.099567366000088 ], [ -11.47811134799997, 13.099662595999973 ], [ -11.478169958999899, 13.099761702000023 ], [ -11.478222231999894, 13.099864293000053 ], [ -11.478267959999926, 13.099969964000024 ], [ -11.478306961999976, 13.100078296999982 ], [ -11.478339084999959, 13.100188866 ], [ -11.478364201999909, 13.100301233000152 ], [ -11.478382213999964, 13.100414956000066 ], [ -11.478393049999909, 13.100529586000107 ], [ -11.478608747999886, 13.103403443000161 ], [ -11.478459280999971, 13.104887135000183 ], [ -11.478458410999963, 13.105042674000174 ], [ -11.478462014999934, 13.105359221000128 ], [ -11.478472822999947, 13.105675604000112 ], [ -11.478490829999828, 13.105991658000164 ], [ -11.478516025999966, 13.106307221000066 ], [ -11.478548399999966, 13.106622129000186 ], [ -11.478587932999972, 13.106936218000158 ], [ -11.4786346059999, 13.107249326000101 ], [ -11.478688393999903, 13.107561289999978 ], [ -11.47874926999998, 13.107871949000014 ], [ -11.478817200999913, 13.108181142000149 ], [ -11.478832574999956, 13.108246782000037 ], [ -11.47890390699996, 13.108367023000142 ], [ -11.479112748999967, 13.108709546000171 ], [ -11.479327706999982, 13.109048265000013 ], [ -11.481561307999925, 13.112502711000047 ], [ -11.481666486999927, 13.112654846000112 ], [ -11.481777522999892, 13.112802761000182 ], [ -11.481894243999875, 13.112946231000137 ], [ -11.482016474999966, 13.113085038000179 ], [ -11.482144027999936, 13.113218970000048 ], [ -11.482276709999894, 13.113347824000073 ], [ -11.482414317999826, 13.113471403000062 ], [ -11.484000114999958, 13.114787713000112 ], [ -11.484235752999894, 13.114978914000176 ], [ -11.48447585699995, 13.115164474999972 ], [ -11.484720292999953, 13.115344292000032 ], [ -11.484968922999883, 13.115518263000126 ], [ -11.485221607999847, 13.115686290000099 ], [ -11.485478204999936, 13.115848280000023 ], [ -11.485738570999899, 13.116004140000086 ], [ -11.486002558999871, 13.116153784000062 ], [ -11.486211354999909, 13.116266383000038 ], [ -11.486406103999968, 13.116267089000075 ], [ -11.486671072999968, 13.116274329000191 ], [ -11.486935743999936, 13.116288804000021 ], [ -11.487199921999945, 13.116310504000069 ], [ -11.487463407999883, 13.11633941100007 ], [ -11.487726005999946, 13.116375504000075 ], [ -11.48798752099998, 13.116418757000019 ], [ -11.488247755999851, 13.116469136000035 ], [ -11.488506517999951, 13.116526605000104 ], [ -11.488763613999879, 13.116591121000113 ], [ -11.489018851999958, 13.116662636000058 ], [ -11.489272040999936, 13.116741095000066 ], [ -11.489522992999923, 13.116826441 ], [ -11.490589311999884, 13.117217516000153 ], [ -11.490878319999979, 13.117330389000131 ], [ -11.491164623999964, 13.117449957000076 ], [ -11.491448067999954, 13.117576154000119 ], [ -11.491728497999816, 13.117708913 ], [ -11.492005763999941, 13.117848160999984 ], [ -11.492279714999938, 13.117993823000177 ], [ -11.492550200999858, 13.118145820000052 ], [ -11.492817077999973, 13.118304069999965 ], [ -11.493080199999895, 13.118468486999973 ], [ -11.493339425999977, 13.118638982000164 ], [ -11.493594612999914, 13.118815463000089 ], [ -11.493845624999835, 13.118997834000027 ], [ -11.494092325999929, 13.119185996000112 ], [ -11.494334580999976, 13.119379848000165 ], [ -11.494572259999927, 13.119579285000043 ], [ -11.494805234999831, 13.119784198000048 ], [ -11.49503337699997, 13.119994476000045 ], [ -11.495256565999966, 13.120210006000093 ], [ -11.495357059999947, 13.120310403000133 ], [ -11.495492284999898, 13.120488550000061 ], [ -11.49562831999998, 13.120679491000146 ], [ -11.495758381999906, 13.120874549000121 ], [ -11.495882343999938, 13.121073540000168 ], [ -11.496000088999949, 13.121276271000113 ], [ -11.496111503999884, 13.121482549000177 ], [ -11.496216481999966, 13.121692176000181 ], [ -11.496314921999954, 13.12190495100009 ], [ -11.496406730999979, 13.122120671 ], [ -11.496491818999914, 13.122339128000078 ], [ -11.496570106999911, 13.122560114000066 ], [ -11.496641517999876, 13.122783417000164 ], [ -11.496705983999959, 13.123008824000067 ], [ -11.496763443999953, 13.12323611700009 ], [ -11.496813842999927, 13.123465079000027 ], [ -11.496857130999956, 13.123695492000024 ], [ -11.496893268999941, 13.123927133000109 ], [ -11.496922219999931, 13.124159783000152 ], [ -11.496943957999974, 13.124393216000044 ], [ -11.496958461999895, 13.124627211000131 ], [ -11.496965716999966, 13.124861542000019 ], [ -11.496965716999966, 13.125095986000076 ], [ -11.496958461999895, 13.125330317000021 ], [ -11.496943957999974, 13.125564312000108 ], [ -11.496922219999931, 13.12579774500017 ], [ -11.496893268999941, 13.126030395000043 ], [ -11.496857130999956, 13.126262036000128 ], [ -11.496813842999927, 13.126492449000068 ], [ -11.496763443999953, 13.126721411000176 ], [ -11.496705983999959, 13.126948704000085 ], [ -11.499980190999906, 13.141466641000022 ], [ -11.500026461999937, 13.141639328 ], [ -11.500079649999975, 13.141810013 ], [ -11.500139666999871, 13.141978417000075 ], [ -11.500206415999969, 13.142144269000141 ], [ -11.500279789999979, 13.142307298000048 ], [ -11.50035966799993, 13.142467240000144 ], [ -11.500445921999869, 13.142623836000098 ], [ -11.50053841099998, 13.142776831999981 ], [ -11.500636985999961, 13.142925980000086 ], [ -11.50070760899996, 13.143025348000151 ], [ -11.500811603999864, 13.143156220000094 ], [ -11.500955210999848, 13.143326738000042 ], [ -11.501104292999912, 13.143492491000131 ], [ -11.501258690999975, 13.143653303000121 ], [ -11.501418241999943, 13.143809005000037 ], [ -11.501582775999964, 13.143959431000042 ], [ -11.501752119999878, 13.144104422000055 ], [ -11.501926092999952, 13.144243824000057 ], [ -11.50210451099997, 13.144377489000021 ], [ -11.50228718499983, 13.144505276000189 ], [ -11.502473922999911, 13.144627049000064 ], [ -11.502664523999954, 13.144742680000093 ], [ -11.502858788999959, 13.144852045 ], [ -11.503056509999965, 13.144955029000187 ], [ -11.503257478999899, 13.145051523000177 ], [ -11.503461481999977, 13.145141424000087 ], [ -11.503668303999973, 13.145224638 ], [ -11.503877723999892, 13.14530107500002 ], [ -11.504089520999912, 13.145370655000136 ], [ -11.504303470999957, 13.145433305000154 ], [ -11.504519346999871, 13.145488957000111 ], [ -11.50462719699982, 13.145513975000085 ], [ -11.504818408999938, 13.145514148000188 ], [ -11.505334364999953, 13.14551953900019 ], [ -11.505850195999926, 13.145532118000062 ], [ -11.506365800999959, 13.145551881000188 ], [ -11.50688108099996, 13.14557882600019 ], [ -11.507395935999909, 13.145612947000075 ], [ -11.507910264999964, 13.145654236000041 ], [ -11.510367422999934, 13.145877131000077 ], [ -11.51068609999993, 13.145909421000113 ], [ -11.511003971999969, 13.145948853000164 ], [ -11.511320879999971, 13.1459954070001 ], [ -11.511636662999877, 13.146049061000099 ], [ -11.511951162999878, 13.146109787000171 ], [ -11.512264220999953, 13.14617755400019 ], [ -11.512575679999941, 13.146252329000049 ], [ -11.512885382999912, 13.146334073000048 ], [ -11.513193172999877, 13.146422746000042 ], [ -11.513498895999874, 13.14651830300005 ], [ -11.513802398999928, 13.146620694999967 ], [ -11.514103526999975, 13.146729872000037 ], [ -11.514402129999894, 13.146845778000056 ], [ -11.514698055999872, 13.146968355000126 ], [ -11.514991157999873, 13.147097541000164 ], [ -11.515281287999926, 13.147233271000061 ], [ -11.515328293999971, 13.14725601400005 ], [ -11.515356824999969, 13.147277256000052 ], [ -11.515464601999895, 13.147363205000147 ], [ -11.515567691999877, 13.147454722000134 ], [ -11.515665807999937, 13.147551551999982 ], [ -11.515758677999884, 13.147653425000158 ], [ -11.515846041999907, 13.147760057000085 ], [ -11.515927655999917, 13.147871152000164 ], [ -11.516003293999972, 13.147986399 ], [ -11.516072743999928, 13.148105477000058 ], [ -11.516135812999835, 13.148228054000185 ], [ -11.516192324999963, 13.148353789 ], [ -11.516242121999937, 13.148482331000025 ], [ -11.518655419999959, 13.155094391000148 ], [ -11.518708414999878, 13.15524116600011 ], [ -11.518754574999946, 13.155390230000023 ], [ -11.518793801999948, 13.155541268000093 ], [ -11.518826010999931, 13.155693956000107 ], [ -11.518851133999874, 13.155847969000149 ], [ -11.518869117999941, 13.156002978000117 ], [ -11.518965746999925, 13.157242322000116 ], [ -11.518972984999834, 13.157379277000189 ], [ -11.518972984999834, 13.157516424000107 ], [ -11.518965746999925, 13.157653379000124 ], [ -11.518951290999894, 13.157789762000164 ], [ -11.518929657999877, 13.157925191000061 ], [ -11.518900906999932, 13.15805929000004 ], [ -11.518865119999873, 13.158191685000077 ], [ -11.518822394999972, 13.158322007000038 ], [ -11.51877285199987, 13.158449892000021 ], [ -11.518716628999925, 13.15857498500003 ], [ -11.518653881999967, 13.158696936000069 ], [ -11.518584786999952, 13.158815404999984 ], [ -11.518509535999954, 13.158930063000071 ], [ -11.517418921999933, 13.160565333000022 ], [ -11.517272951999928, 13.160782172000097 ], [ -11.51712106299982, 13.160994906000099 ], [ -11.516963369999928, 13.161203374000138 ], [ -11.51679999199996, 13.161407418000124 ], [ -11.516631053999959, 13.161606882000115 ], [ -11.51645668499998, 13.161801616000105 ], [ -11.516277014999957, 13.161991471000078 ], [ -11.516092182999955, 13.162176304000184 ], [ -11.515902327999981, 13.162355973000047 ], [ -11.515707593999934, 13.162530343000071 ], [ -11.515508128999954, 13.162699281000187 ], [ -11.515315850999912, 13.162853486000074 ], [ -11.515198032999933, 13.162921925000148 ], [ -11.514822948999893, 13.163134310000032 ], [ -11.514444359999857, 13.163340381000125 ], [ -11.514062370999966, 13.163540080000018 ], [ -11.513677089999874, 13.163733351000133 ], [ -11.513288624999973, 13.16392013900014 ], [ -11.512897084999906, 13.164100393000126 ], [ -11.512502579999932, 13.164274062 ], [ -11.512105219999853, 13.164441096000132 ], [ -11.511705117999952, 13.164601450000077 ], [ -11.511396262999881, 13.164719956000113 ], [ -11.511125290999928, 13.164898381000057 ], [ -11.510736528999928, 13.16516166800011 ], [ -11.510351856999819, 13.165430895999975 ], [ -11.509971366999935, 13.165706001000103 ], [ -11.509595146999914, 13.16598691900009 ], [ -11.509223286999941, 13.166273583000191 ], [ -11.508855874999938, 13.166565925000043 ], [ -11.508492996999848, 13.166863876999969 ], [ -11.508134737999967, 13.167167369000026 ], [ -11.507781184999942, 13.167476328000134 ], [ -11.50743241899994, 13.167790682000032 ], [ -11.507088522999879, 13.16811035600017 ], [ -11.506749578999916, 13.168435276000082 ], [ -11.506667870999934, 13.168515113000183 ], [ -11.504508701999953, 13.17163399500015 ], [ -11.502481139999873, 13.174762530000066 ], [ -11.500259655999912, 13.178270532000056 ], [ -11.500224671999888, 13.178337339 ], [ -11.50006834699991, 13.178645337000091 ], [ -11.499918483999863, 13.178956530000164 ], [ -11.499775148999902, 13.179270784000039 ], [ -11.499638404999871, 13.179587961000095 ], [ -11.499508310999943, 13.179907923000087 ], [ -11.499384923999969, 13.180230531000177 ], [ -11.499268296999958, 13.180555644000151 ], [ -11.499158481999928, 13.180883120999965 ], [ -11.499055526999939, 13.181212818000176 ], [ -11.498959474999936, 13.181544593000183 ], [ -11.498870369999906, 13.181878300000164 ], [ -11.498788248999972, 13.182213794 ], [ -11.498713148999968, 13.182550930000048 ], [ -11.498645101999841, 13.182889559000103 ], [ -11.498584137999956, 13.183229535000123 ], [ -11.498530283999912, 13.183570710000026 ], [ -11.498517616999948, 13.183658410000021 ], [ -11.499081653999895, 13.190807386000188 ], [ -11.499099679999972, 13.190990411000143 ], [ -11.499124877999918, 13.191172587000096 ], [ -11.499157208999918, 13.191353633000176 ], [ -11.499196622999932, 13.191533271000083 ], [ -11.499243057999934, 13.191711221999981 ], [ -11.499296444999914, 13.191887214000189 ], [ -11.499356698999918, 13.192060973000082 ], [ -11.499423728999943, 13.192232233000027 ], [ -11.499497430999952, 13.192400730000031 ], [ -11.499577691999889, 13.192566203000126 ], [ -11.499664385999893, 13.192728398000156 ], [ -11.499757381999927, 13.192887064000104 ], [ -11.499856534999878, 13.193041956000116 ], [ -11.499961692999875, 13.193192837000083 ], [ -11.500072692999936, 13.193339472000048 ], [ -11.500189364999869, 13.193481637 ], [ -11.500311527999941, 13.193619112000135 ], [ -11.500438993999921, 13.193751684000063 ], [ -11.500571565999962, 13.193879150000157 ], [ -11.50070904099988, 13.194001313 ], [ -11.500851205999936, 13.194117985000105 ], [ -11.500997840999901, 13.194228985000052 ], [ -11.501006243999882, 13.194235076000098 ], [ -11.50518713799994, 13.196281972000179 ], [ -11.505404632999841, 13.196353279000107 ], [ -11.50573744299993, 13.196456117000082 ], [ -11.506072307999943, 13.196552055000041 ], [ -11.506409083999927, 13.196641052000018 ], [ -11.506747627999914, 13.196723068999972 ], [ -11.507087793999915, 13.196798072000036 ], [ -11.507429436999928, 13.196866030000024 ], [ -11.507772411999895, 13.196926912000038 ], [ -11.508116571999949, 13.196980692000068 ], [ -11.50846176999994, 13.197027349000109 ], [ -11.512572445999979, 13.197544691000132 ], [ -11.513037810999833, 13.197598681000159 ], [ -11.51350395299994, 13.197645499000089 ], [ -11.523630677999904, 13.198607418 ], [ -11.523894797999901, 13.198630827000102 ], [ -11.524159456999882, 13.19864704500003 ], [ -11.524424457999942, 13.198656058000154 ], [ -11.524689606999971, 13.198657861000186 ], [ -11.524954706999949, 13.198652453000079 ], [ -11.525219561999847, 13.198639836000041 ], [ -11.525483975999975, 13.198620021000067 ], [ -11.525747752999962, 13.198593022000068 ], [ -11.528815660999953, 13.198236532000067 ], [ -11.529114418999882, 13.198195231000113 ], [ -11.529412104999892, 13.198146806000125 ], [ -11.529708548999906, 13.198091283000053 ], [ -11.530003582999882, 13.198028694000072 ], [ -11.530297036999855, 13.197959076000188 ], [ -11.530588743999829, 13.19788246700017 ], [ -11.530878537999911, 13.19779891200011 ], [ -11.531166253999913, 13.197708458000079 ], [ -11.531451725999887, 13.197611157000097 ], [ -11.531734792999885, 13.197507064000092 ], [ -11.532015291999926, 13.197396239000057 ], [ -11.532151414999873, 13.19733963800013 ], [ -11.532186884999874, 13.197337611000023 ], [ -11.532357579999882, 13.197332211000116 ], [ -11.532528349999893, 13.197334011000066 ], [ -11.532698892999974, 13.197343009000122 ], [ -11.53286890499993, 13.197359188000121 ], [ -11.533038083999884, 13.197382520000076 ], [ -11.533206127999961, 13.197412964000137 ], [ -11.533372739999947, 13.197450464000042 ], [ -11.533537622999916, 13.197494955000082 ], [ -11.533700483999894, 13.197546357000078 ], [ -11.533861032999937, 13.197604579000085 ], [ -11.534018984999875, 13.197669518000055 ], [ -11.534174057999905, 13.19774105700003 ], [ -11.53432597799997, 13.197819071000083 ], [ -11.534474474999968, 13.197903419000113 ], [ -11.53461928299987, 13.19799395300015 ], [ -11.534760145999826, 13.198090510000043 ], [ -11.534896813999922, 13.1981929210001 ], [ -11.535029041999962, 13.198301001000175 ], [ -11.53662705499994, 13.199668944000109 ], [ -11.537036185999852, 13.200024756000062 ], [ -11.537440564999827, 13.200385959000187 ], [ -11.537840120999931, 13.20075249000007 ], [ -11.538234782999893, 13.201124285000162 ], [ -11.538310766999871, 13.201197011000147 ], [ -11.539698026999929, 13.202691352000045 ], [ -11.542089014999931, 13.209278670000117 ], [ -11.542177377999963, 13.209538978000182 ], [ -11.542258895999964, 13.209801511000137 ], [ -11.542333514999939, 13.210066086999973 ], [ -11.542401181999935, 13.210332527 ], [ -11.542461850999871, 13.210600646000046 ], [ -11.542515480999953, 13.210870261000082 ], [ -11.5425620339999, 13.211141188000056 ], [ -11.542601479999973, 13.211413241000059 ], [ -11.542633790999901, 13.21168623300008 ], [ -11.542658943999925, 13.211959977 ], [ -11.54267692399992, 13.212234286000069 ], [ -11.542687715999932, 13.212508971000148 ], [ -11.542691313999967, 13.21278384500016 ], [ -11.542687715999932, 13.213058719000173 ], [ -11.54267692399992, 13.213333405000128 ], [ -11.542658943999925, 13.213607713000101 ], [ -11.542633790999901, 13.213881458000117 ], [ -11.542603648999886, 13.214137873000084 ], [ -11.541794844999856, 13.216875363000099 ], [ -11.541781703999902, 13.216893643 ], [ -11.541663224999979, 13.217065289000175 ], [ -11.541550741999913, 13.217240922000087 ], [ -11.541444386999899, 13.217420333000064 ], [ -11.541344288999881, 13.217603308000037 ], [ -11.541250565999917, 13.21778962999997 ], [ -11.541163329999904, 13.21797907500013 ], [ -11.541082683999889, 13.218171418000111 ], [ -11.541008725999916, 13.218366430000117 ], [ -11.540941542999974, 13.218563878999987 ], [ -11.540881214999956, 13.218763528000125 ], [ -11.540827813999954, 13.218965142000059 ], [ -11.540781403999915, 13.219168478000029 ], [ -11.540742038999952, 13.219373295000025 ], [ -11.540709767999942, 13.219579349000185 ], [ -11.540181114999939, 13.223035214000049 ], [ -11.54014880099993, 13.223287553000034 ], [ -11.540123641999969, 13.223540705000062 ], [ -11.54010565599998, 13.223794468000165 ], [ -11.540094858999964, 13.224048638000056 ], [ -11.540091258999951, 13.224303012000121 ], [ -11.540094858999964, 13.224557386000072 ], [ -11.54010565599998, 13.224811556000134 ], [ -11.540123641999969, 13.225065319000066 ], [ -11.54014880099993, 13.225318471000037 ], [ -11.540181114999939, 13.225570810000079 ], [ -11.540220555999895, 13.225822133000179 ], [ -11.540227009999967, 13.225859307 ], [ -11.540235106999944, 13.225866704 ], [ -11.54035433699994, 13.225980843000116 ], [ -11.540468474999955, 13.226100073000055 ], [ -11.540577303999839, 13.226224169000034 ], [ -11.540680616999964, 13.226352894000115 ], [ -11.540778215999921, 13.226486002000115 ], [ -11.540869915999963, 13.226623241000027 ], [ -11.540955542999939, 13.226764349000121 ], [ -11.541034932999935, 13.226909058000103 ], [ -11.541107934999957, 13.227057093000042 ], [ -11.541174410999929, 13.227208169999983 ], [ -11.541234233999944, 13.227362004000099 ], [ -11.541287288999968, 13.227518300000099 ], [ -11.541333476999966, 13.227676762000044 ], [ -11.541372707999926, 13.227837088000172 ], [ -11.541404908999937, 13.227998973000126 ], [ -11.541430017999971, 13.228162108000049 ], [ -11.541447986999913, 13.228326183000036 ], [ -11.54145878199995, 13.228490885000156 ], [ -11.541462382999953, 13.228655902000071 ], [ -11.54145878199995, 13.2288209190001 ], [ -11.541447986999913, 13.228985621000049 ], [ -11.541430017999971, 13.229149696000036 ], [ -11.541404908999937, 13.229312831000129 ], [ -11.541372707999926, 13.229474716000141 ], [ -11.541333476999966, 13.229635041000165 ], [ -11.541287288999968, 13.22979350300011 ], [ -11.541234233999944, 13.229949799999986 ], [ -11.541174410999929, 13.230103633 ], [ -11.541107934999957, 13.2302547110001 ], [ -11.54103581399994, 13.230401052000047 ], [ -11.535431229999915, 13.23855422500003 ], [ -11.535261871999865, 13.238793469000143 ], [ -11.53508667199992, 13.239028468000129 ], [ -11.534905734999882, 13.239259080000011 ], [ -11.534719170999892, 13.239485163000154 ], [ -11.529961422999975, 13.244903527000133 ], [ -11.525170814999967, 13.250191860000086 ], [ -11.522288657999979, 13.25391335900008 ], [ -11.522190395999928, 13.254042413000093 ], [ -11.522098022999955, 13.254175745000111 ], [ -11.52201172499997, 13.254313088 ], [ -11.521931675999951, 13.254454164000151 ], [ -11.521858035999969, 13.25459868900009 ], [ -11.521790954999915, 13.25474637200017 ], [ -11.521730567999896, 13.25489691700011 ], [ -11.521676994999837, 13.255050019000123 ], [ -11.521630344999949, 13.255205370000112 ], [ -11.521590711999977, 13.255362657999967 ], [ -11.521558175999928, 13.25552156599997 ], [ -11.521532800999978, 13.255681773 ], [ -11.521514639999964, 13.25584295800013 ], [ -11.52150372899996, 13.256004795000081 ], [ -11.521497450999902, 13.256257889000096 ], [ -11.521501060999924, 13.256367028000113 ], [ -11.521511876999853, 13.256475690000059 ], [ -11.521529849999979, 13.256583399000021 ], [ -11.521554902999924, 13.256689685000083 ], [ -11.521586925999941, 13.256794083000045 ], [ -11.52162577799993, 13.256896136000023 ], [ -11.521671289999972, 13.256995399000175 ], [ -11.521723262999842, 13.257091436000053 ], [ -11.521781468999961, 13.257183829000155 ], [ -11.521845654999936, 13.257272172000057 ], [ -11.521915537999917, 13.257356081000182 ], [ -11.521990814999867, 13.257435187000169 ], [ -11.522071154999935, 13.257509145000029 ], [ -11.522156206999966, 13.257577632000107 ], [ -11.522245599999962, 13.257640348000166 ], [ -11.522338941999976, 13.257697019000148 ], [ -11.522435825999935, 13.25774739700006 ], [ -11.531743311999946, 13.262484366000024 ], [ -11.531854506999935, 13.262464347000048 ], [ -11.531966764999879, 13.262451567000085 ], [ -11.532079613999883, 13.262446080000075 ], [ -11.532192581999936, 13.262447910000049 ], [ -11.532305194999935, 13.262457048000101 ], [ -11.532416979999937, 13.26247345600018 ], [ -11.532527467999898, 13.262497066000037 ], [ -11.532636196999931, 13.262527778000049 ], [ -11.532742708999876, 13.262565463999977 ], [ -11.53284655899995, 13.262609965000024 ], [ -11.53294730999994, 13.262661095000169 ], [ -11.533009990999972, 13.262697212000035 ], [ -11.53506310899985, 13.264986749000059 ], [ -11.541595754999889, 13.274132455000029 ], [ -11.541628480999861, 13.274227929000119 ], [ -11.541688803999875, 13.274420581000072 ], [ -11.541742212999964, 13.274615262999987 ], [ -11.541788638999947, 13.274811728000032 ], [ -11.541828022999937, 13.275009724000029 ], [ -11.541860313999962, 13.275209000000189 ], [ -11.541885472999979, 13.275409302000071 ], [ -11.541903466999941, 13.27561037300012 ], [ -11.541914271999872, 13.275811959000066 ], [ -11.541917874999911, 13.276013803000069 ], [ -11.541914271999872, 13.276215646000026 ], [ -11.541903466999941, 13.276417231999972 ], [ -11.541885472999979, 13.276618304000124 ], [ -11.541860313999962, 13.276818605000074 ], [ -11.541828022999937, 13.277017881 ], [ -11.541788638999947, 13.277215878000163 ], [ -11.541742212999964, 13.277412342000048 ], [ -11.541688803999875, 13.27760702400019 ], [ -11.541628480999861, 13.277799676000143 ], [ -11.541561319999971, 13.277990053000167 ], [ -11.541487406999977, 13.278177910000181 ], [ -11.541406835999908, 13.278363010000021 ], [ -11.541319709999982, 13.278545116000032 ], [ -11.541226138999946, 13.278723997000156 ], [ -11.54112624399994, 13.278899424000031 ], [ -11.541020149999952, 13.279071173000091 ], [ -11.540911382999923, 13.279234139999971 ], [ -11.540905640999824, 13.279241744000103 ], [ -11.540807470999937, 13.279378093999981 ], [ -11.540715257999977, 13.279518541000186 ], [ -11.540629171999967, 13.279662825 ], [ -11.540549373999909, 13.279810680000082 ], [ -11.540476009999963, 13.279961831000094 ], [ -11.540409216999876, 13.280115997000053 ], [ -11.54034911899987, 13.280272895000053 ], [ -11.540295825999976, 13.280432233000113 ], [ -11.540249437999876, 13.280593717000158 ], [ -11.540210039999977, 13.280757046000076 ], [ -11.540177705999895, 13.280921919000093 ], [ -11.540152493999926, 13.281088031000024 ], [ -11.540134452999951, 13.281255074000057 ], [ -11.54012361499997, 13.28142273800006 ], [ -11.54012, 13.281590713000014 ], [ -11.54012361499997, 13.281758687999968 ], [ -11.540134452999951, 13.281926351999971 ], [ -11.540152493999926, 13.282093395000061 ], [ -11.540177705999895, 13.282259507000106 ], [ -11.540210039999977, 13.28242438000018 ], [ -11.540249437999876, 13.282587709000097 ], [ -11.540295825999976, 13.282749193000143 ], [ -11.54034911899987, 13.282908530999975 ], [ -11.540409216999876, 13.2830654280001 ], [ -11.540476009999963, 13.283219595000162 ], [ -11.540549373999909, 13.283370746000116 ], [ -11.540629171999967, 13.283518600000093 ], [ -11.5406995539999, 13.283643518000133 ], [ -11.540874664999933, 13.283944421000058 ], [ -11.541055957999902, 13.284241641000165 ], [ -11.541243354999949, 13.284535051000091 ], [ -11.541436774999966, 13.284824525999966 ], [ -11.541636136999955, 13.285109941000087 ], [ -11.541841354999974, 13.285391175000086 ], [ -11.54205234199992, 13.285668108000152 ], [ -11.542269005999913, 13.285940621000066 ], [ -11.542491255999835, 13.286208598000087 ], [ -11.542718997999941, 13.286471925000114 ], [ -11.542952131999868, 13.286730489000036 ], [ -11.54319056099996, 13.286984179000058 ], [ -11.543434180999952, 13.287232888000119 ], [ -11.543682889999843, 13.287476508000054 ], [ -11.543936579999979, 13.287714937000146 ], [ -11.544195143999957, 13.287948071000073 ], [ -11.544420346999914, 13.288143426000147 ], [ -11.544616522999888, 13.28828484200011 ], [ -11.545019948999879, 13.288569036000183 ], [ -11.545427484999948, 13.288847305000047 ], [ -11.545839042999887, 13.289119589000165 ], [ -11.546254534999889, 13.289385831000175 ], [ -11.546673873999964, 13.289645973 ], [ -11.547096968999881, 13.289899960000184 ], [ -11.547523729999909, 13.290147739000133 ], [ -11.547954064999942, 13.290389255000093 ], [ -11.548387883999851, 13.290624456999979 ], [ -11.548402150999948, 13.290632053000081 ], [ -11.548464949999982, 13.290647880000051 ], [ -11.548746269999924, 13.290714209000157 ], [ -11.549029160999964, 13.290773477000073 ], [ -11.549313447999964, 13.290825645000098 ], [ -11.54959895099995, 13.290870681000115 ], [ -11.54988549199993, 13.290908557000023 ], [ -11.550172891999921, 13.290939249000076 ], [ -11.550460968999971, 13.290962738000189 ], [ -11.550749543999927, 13.290979008000079 ], [ -11.551038435999942, 13.290988051000056 ], [ -11.551327463999883, 13.290989860000138 ], [ -11.551616446999901, 13.290984434 ], [ -11.551905202999819, 13.290971776000049 ], [ -11.552193551999949, 13.290951895000092 ], [ -11.552481312999873, 13.290924802000063 ], [ -11.556925698999976, 13.290445406000174 ], [ -11.557218907999982, 13.290359889000115 ], [ -11.557520006999937, 13.290279522000162 ], [ -11.557822887999976, 13.290206156000124 ], [ -11.558127388999935, 13.290139832000136 ], [ -11.558433344999855, 13.290080585000112 ], [ -11.558740591999879, 13.290028447000054 ], [ -11.559048965999978, 13.289983446000178 ], [ -11.559358299999928, 13.28994560600006 ], [ -11.559668428999885, 13.28991494800016 ], [ -11.559979183999928, 13.289891487000091 ], [ -11.560290399999928, 13.28987523700016 ], [ -11.560601909999946, 13.289866207000159 ], [ -11.560913543999902, 13.289864401000159 ], [ -11.561225136999838, 13.289869819000103 ], [ -11.561536520999937, 13.289882460000172 ], [ -11.561591874999976, 13.289885465000111 ], [ -11.56395607099995, 13.290694269000085 ], [ -11.566755776999855, 13.292125230000067 ], [ -11.571683258999883, 13.298707649000164 ], [ -11.57323865099994, 13.300947413000017 ], [ -11.575167336999925, 13.304493707000177 ], [ -11.575182818999963, 13.304524147000052 ], [ -11.575269746999879, 13.304685575000065 ], [ -11.575362982999877, 13.304843444000085 ], [ -11.575462383999934, 13.304997505000131 ], [ -11.575567793999937, 13.305147519000116 ], [ -11.575679047999927, 13.305293252000183 ], [ -11.57579597199998, 13.30543447600013 ], [ -11.575918383999976, 13.305570970000076 ], [ -11.576046093999821, 13.305702521 ], [ -11.576178899999945, 13.305828925000185 ], [ -11.576316596999902, 13.305949983000062 ], [ -11.576458968999873, 13.306065506000095 ], [ -11.576605793999931, 13.306175315000075 ], [ -11.576756841999895, 13.306279237000126 ], [ -11.576911877999976, 13.306377111000074 ], [ -11.577070658999958, 13.306468784000117 ], [ -11.577232938999941, 13.306554112000072 ], [ -11.577398461999962, 13.306632961999981 ], [ -11.577566971999886, 13.306705212000111 ], [ -11.577738203999957, 13.306770748000019 ], [ -11.577911891999918, 13.306829468000103 ], [ -11.578087763999974, 13.306881280000141 ], [ -11.578265544999965, 13.30692610400007 ], [ -11.578444958999967, 13.306963869000128 ], [ -11.578625723999892, 13.306994516999964 ], [ -11.580517920999966, 13.3072656760001 ], [ -11.580809166999927, 13.307305232000033 ], [ -11.581101295999929, 13.307337629000131 ], [ -11.5813941319999, 13.30736284600016 ], [ -11.581687498999941, 13.307380870000088 ], [ -11.581981218999886, 13.307391688000052 ], [ -11.582275116999881, 13.307395295000106 ], [ -11.582569014999933, 13.307391688000052 ], [ -11.582862734999935, 13.307380870000088 ], [ -11.583156101999862, 13.30736284600016 ], [ -11.583448937999947, 13.307337629000131 ], [ -11.583741066999949, 13.307305232000033 ], [ -11.584032312999966, 13.3072656760001 ], [ -11.584250826999948, 13.307231197000021 ], [ -11.584404291999931, 13.307233228000086 ], [ -11.584594747999972, 13.307242301000031 ], [ -11.584784719999959, 13.307258618000049 ], [ -11.584973932999901, 13.307282155000166 ], [ -11.58516211299991, 13.307312879000051 ], [ -11.585348986999918, 13.307350744000075 ], [ -11.585534282999902, 13.307395697000118 ], [ -11.585717733999957, 13.307447670999977 ], [ -11.585899073999883, 13.307506592000152 ], [ -11.586078038999972, 13.307572373000028 ], [ -11.58625436899996, 13.307644921000133 ], [ -11.586427809999918, 13.307724129000121 ], [ -11.586598109999898, 13.307809882000015 ], [ -11.586765020999962, 13.307902057000092 ], [ -11.586928302999979, 13.308000519000075 ], [ -11.587087716999918, 13.3081051260001 ], [ -11.587243033999869, 13.308215726000014 ], [ -11.587394026999959, 13.308332160000077 ], [ -11.58754047799988, 13.308454257000164 ], [ -11.587682173999895, 13.308581841000034 ], [ -11.587818910999943, 13.308714727000051 ], [ -11.587950488999979, 13.308852722000154 ], [ -11.588076718999957, 13.308995627000172 ], [ -11.588197415999957, 13.309143234000032 ], [ -11.588312406999819, 13.309295329000122 ], [ -11.588421522999965, 13.309451691000049 ], [ -11.588524607999943, 13.309612094000101 ], [ -11.588621511999975, 13.309776305000128 ], [ -11.589878917999954, 13.311917998000126 ], [ -11.589938447999884, 13.312033229000178 ], [ -11.589991422999901, 13.312151616000108 ], [ -11.590037676999941, 13.312272787999973 ], [ -11.590077062999967, 13.312396362000072 ], [ -11.590109458999905, 13.312521951000065 ], [ -11.590134761999877, 13.312649158000056 ], [ -11.590152892999868, 13.312777584 ], [ -11.590163793999977, 13.312906825000141 ], [ -11.59016743199993, 13.313036473000011 ], [ -11.590163793999977, 13.313166121999984 ], [ -11.590152892999868, 13.313295363000123 ], [ -11.590134761999877, 13.313423789000126 ], [ -11.590109458999905, 13.31355099600006 ], [ -11.590077062999967, 13.313676585000053 ], [ -11.590037676999941, 13.313800159000152 ], [ -11.590036884999961, 13.31380241800008 ], [ -11.589040559999944, 13.314883341000098 ], [ -11.587500167999849, 13.316652293000061 ], [ -11.587351425999884, 13.31682395100006 ], [ -11.587208204999911, 13.317000241000073 ], [ -11.587070648999941, 13.317180988000189 ], [ -11.586938896999925, 13.317366007000146 ], [ -11.586813081999935, 13.317555112999969 ], [ -11.586600091999969, 13.31789405700016 ], [ -11.586520496999981, 13.318033127000092 ], [ -11.586447266999926, 13.318175652000093 ], [ -11.586380552999913, 13.318321341000114 ], [ -11.586320488999945, 13.318469895000021 ], [ -11.586267199999952, 13.318621012000165 ], [ -11.586220793999928, 13.318774382000072 ], [ -11.586181365999948, 13.31892969300003 ], [ -11.586148995999963, 13.319086626000114 ], [ -11.586123749999899, 13.319244863000165 ], [ -11.586105680999935, 13.319404078000105 ], [ -11.586094824999918, 13.31956394700012 ], [ -11.586061560999894, 13.320951825000179 ], [ -11.586057965999885, 13.321185236000019 ], [ -11.586061560999894, 13.321418645999984 ], [ -11.586072341999909, 13.321651835000182 ], [ -11.586090298999977, 13.321884582000166 ], [ -11.586115414999938, 13.322116665000124 ], [ -11.586147664999942, 13.322347864000164 ], [ -11.586187020999887, 13.322577961000093 ], [ -11.586233443999845, 13.322806737000178 ], [ -11.586286888999894, 13.323033974000055 ], [ -11.586347307999915, 13.323259458000052 ], [ -11.586414640999976, 13.323482975 ], [ -11.586488825999936, 13.323704312000132 ], [ -11.586569790999874, 13.323923259000026 ], [ -11.586657460999845, 13.324139609000156 ], [ -11.586751750999895, 13.324353157000075 ], [ -11.586852572999931, 13.324563700000169 ], [ -11.586959830999888, 13.324771038000108 ], [ -11.587073422999879, 13.324974974999975 ], [ -11.587110258999928, 13.325038072000154 ], [ -11.587140902999977, 13.325047629000153 ], [ -11.587309303999973, 13.325104634000127 ], [ -11.58747523999989, 13.3251684600001 ], [ -11.587638433999928, 13.32523900100017 ], [ -11.58779861499994, 13.325316141000144 ], [ -11.587955515999965, 13.325399749000155 ], [ -11.588108875999922, 13.325489688000062 ], [ -11.58825844099988, 13.325585807000095 ], [ -11.588403959999937, 13.325687946000073 ], [ -11.58854519199997, 13.325795937000066 ], [ -11.588681901999905, 13.325909598000123 ], [ -11.588813860999892, 13.326028740000027 ], [ -11.588940851999951, 13.32615316600004 ], [ -11.5890626609999, 13.32628266800009 ], [ -11.589117087999966, 13.326344104000043 ], [ -11.592977844999837, 13.331071301000122 ], [ -11.592999689999942, 13.33111474500015 ], [ -11.593170010999927, 13.331462495000153 ], [ -11.593333837999978, 13.331813351000051 ], [ -11.593491114999949, 13.332167191000167 ], [ -11.593641787999957, 13.332523894000133 ], [ -11.593785804999982, 13.332883336000179 ], [ -11.593923114999882, 13.333245393000027 ], [ -11.594053670999926, 13.333609940000088 ], [ -11.594177427999966, 13.333976850000056 ], [ -11.594294343999934, 13.33434599800006 ], [ -11.594404377999979, 13.334717255000157 ], [ -11.594507491999934, 13.335090493000109 ], [ -11.594603649999954, 13.335465584000133 ], [ -11.594692819999977, 13.335842396999965 ], [ -11.5947787959999, 13.336222084000042 ], [ -11.594871514999909, 13.336650226000131 ], [ -11.594957197999918, 13.337079830000107 ], [ -11.595035820999954, 13.337510782999971 ], [ -11.595107364999819, 13.33794296700006 ], [ -11.595171808999908, 13.338376267 ], [ -11.595609612999965, 13.341570958000091 ], [ -11.595649240999876, 13.341892712000117 ], [ -11.595681689999822, 13.342215269000064 ], [ -11.595706944999961, 13.342538469000147 ], [ -11.595724993999852, 13.34286215200018 ], [ -11.595735825999952, 13.343186156000172 ], [ -11.595739437999953, 13.343510321999986 ], [ -11.595735825999952, 13.343834487000095 ], [ -11.595724993999852, 13.344158492000133 ], [ -11.595706944999961, 13.34448217400012 ], [ -11.595685471999957, 13.344762335000098 ], [ -11.594727145999968, 13.350239537000164 ], [ -11.593599452999911, 13.360758864000047 ], [ -11.593581312999959, 13.36095462600008 ], [ -11.593570418999946, 13.361150925000061 ], [ -11.593566785999883, 13.361347493000153 ], [ -11.593570418999946, 13.361544061000075 ], [ -11.593581312999959, 13.361740360000056 ], [ -11.593599452999911, 13.361936122000088 ], [ -11.593624813999895, 13.362131081000143 ], [ -11.593657361999931, 13.362324969000042 ], [ -11.593697052999914, 13.362517522000076 ], [ -11.59374383099987, 13.362708477000126 ], [ -11.593797632999895, 13.362897573000168 ], [ -11.593858385999965, 13.363084552000089 ], [ -11.593926006999936, 13.363269158000094 ], [ -11.594232842999929, 13.36405197 ], [ -11.59429300599993, 13.364199586000154 ], [ -11.59435982499997, 13.364344311000139 ], [ -11.594433160999813, 13.364485844 ], [ -11.59451286399991, 13.364623893000157 ], [ -11.594598766999923, 13.364758171000062 ], [ -11.594690692999961, 13.364888400000098 ], [ -11.594788450999886, 13.365014310000049 ], [ -11.59489183799991, 13.365135641000052 ], [ -11.595000639999967, 13.36525214 ], [ -11.595114631999877, 13.365363566000156 ], [ -11.595233577999977, 13.365469688000076 ], [ -11.595357229999877, 13.365570287000139 ], [ -11.595485332999829, 13.36566515300018 ], [ -11.595617620999917, 13.365754090000166 ], [ -11.595753819999914, 13.365836915000159 ], [ -11.595893646999968, 13.365913454000179 ], [ -11.596036812999955, 13.365983550000124 ], [ -11.596183020999888, 13.366047057000117 ], [ -11.596331967999959, 13.366103844000122 ], [ -11.596483345999957, 13.36615379300008 ], [ -11.596636838999871, 13.366196800000182 ], [ -11.596792131999962, 13.366232776000118 ], [ -11.596948899999973, 13.366261647000158 ], [ -11.597106820999954, 13.366283352000039 ], [ -11.598265460999926, 13.366391149000037 ], [ -11.598432859999889, 13.366403868000077 ], [ -11.598600651999902, 13.366409323000084 ], [ -11.598768522999876, 13.366407504000051 ], [ -11.598936156999969, 13.366398415000106 ], [ -11.599103240999966, 13.366382073000125 ], [ -11.599269459999846, 13.366358508000076 ], [ -11.599434501999895, 13.366327765999984 ], [ -11.599598056999923, 13.366289902000062 ], [ -11.599759818999928, 13.366244989000165 ], [ -11.599919482999894, 13.366193111000143 ], [ -11.600076749999914, 13.366134365000107 ], [ -11.606484122999916, 13.36346407000002 ], [ -11.60890505999987, 13.362285456000052 ], [ -11.610657052999954, 13.361234260000117 ], [ -11.612727590999953, 13.35996008300009 ], [ -11.6136513699999, 13.359896374000073 ], [ -11.614638856999818, 13.35996008300009 ], [ -11.615498926999919, 13.360084315000051 ], [ -11.61976741999996, 13.361167366000075 ], [ -11.626839102999952, 13.362377834000029 ], [ -11.627999878999958, 13.362530098000036 ], [ -11.628693030999955, 13.362570872000049 ], [ -11.629386183999941, 13.362570872000049 ], [ -11.630262816999959, 13.362550485000042 ], [ -11.630650166999885, 13.362489324000023 ], [ -11.631180224999866, 13.362387390000094 ], [ -11.631628734999936, 13.362387390000094 ], [ -11.63209763299983, 13.362387390000094 ], [ -11.633035426999982, 13.362407777000101 ], [ -11.633606257999929, 13.362448551000114 ], [ -11.635127583999974, 13.362647961999983 ], [ -11.636792896999907, 13.363356606000025 ], [ -11.637113339999871, 13.363568841000074 ], [ -11.637536972999953, 13.364384139000038 ], [ -11.637678701999846, 13.365021919000071 ], [ -11.63771413399985, 13.365695130000063 ], [ -11.637678701999846, 13.366368342000158 ], [ -11.637182651999922, 13.367608469 ], [ -11.63665116899989, 13.368529706000118 ], [ -11.636296846999926, 13.369061188000046 ], [ -11.635340177999979, 13.370017858000153 ], [ -11.634277211999972, 13.370974527000158 ], [ -11.632966220999947, 13.371824898999989 ], [ -11.632399305999911, 13.37214378900012 ], [ -11.63172609399993, 13.372427247000132 ], [ -11.63112374699989, 13.372852433000105 ], [ -11.629174975999945, 13.374659475000044 ], [ -11.62697818099997, 13.377919236000025 ], [ -11.626269536999871, 13.379159363000042 ], [ -11.625560892999943, 13.380399490000059 ], [ -11.624993977999964, 13.382879743000046 ], [ -11.624462494999932, 13.386777284 ], [ -11.624497926999936, 13.389009511999973 ], [ -11.624710519999951, 13.390568528000188 ], [ -11.624887680999962, 13.391383469 ], [ -11.625348299999871, 13.393261375000179 ], [ -11.625738053999953, 13.393792858000154 ], [ -11.627013612999974, 13.394430637000085 ], [ -11.628856086999917, 13.395068417000118 ], [ -11.630592263999972, 13.395422739000082 ], [ -11.632399305999911, 13.395422739000082 ], [ -11.633852025999943, 13.395422739000082 ], [ -11.643099826999958, 13.395351874000028 ], [ -11.644339953999975, 13.39528101000019 ], [ -11.644977733999895, 13.395210145000078 ], [ -11.645757241999888, 13.395103849000179 ], [ -11.646536749999939, 13.394962120000116 ], [ -11.647245393999924, 13.394784959000106 ], [ -11.647918604999973, 13.394536934000087 ], [ -11.648591816999954, 13.394253476000074 ], [ -11.651320095999949, 13.393084214000169 ], [ -11.655337677999967, 13.391510066000137 ], [ -11.66057329899985, 13.389831565000065 ], [ -11.661630862999971, 13.389576427000065 ], [ -11.663898523999819, 13.389115808999975 ], [ -11.66496148899995, 13.388903214999971 ], [ -11.667866928999899, 13.388336300000049 ], [ -11.669071623999912, 13.388123707000148 ], [ -11.670134588999929, 13.387981978000028 ], [ -11.671764469999971, 13.388123707000148 ], [ -11.672473113999899, 13.388371733000042 ], [ -11.673110892999887, 13.38869062200007 ], [ -11.673961265999935, 13.389080376000152 ], [ -11.674776205999933, 13.389399266000055 ], [ -11.675484849999975, 13.389647291000074 ], [ -11.677398187999813, 13.390178774000105 ], [ -11.67817769699991, 13.390320503 ], [ -11.681650050999963, 13.390922850000038 ], [ -11.68338622899995, 13.390568528000188 ], [ -11.684059439999942, 13.390391367000177 ], [ -11.68476808399987, 13.390178774000105 ], [ -11.685583024999971, 13.389859885000078 ], [ -11.687000311999896, 13.389576427000065 ], [ -11.687602658999936, 13.389505563000057 ], [ -11.688382167999919, 13.389434698000173 ], [ -11.68983488799995, 13.389399266000055 ], [ -11.690330937999875, 13.389399266000055 ], [ -11.691960818999917, 13.389611859000183 ], [ -11.692669462999845, 13.389859885000078 ], [ -11.694228478999946, 13.391454333000013 ], [ -11.69426391099995, 13.392411002000074 ], [ -11.69426391099995, 13.393084214000169 ], [ -11.694228478999946, 13.394962120000116 ], [ -11.694193046999942, 13.396698297000114 ], [ -11.693605493999939, 13.400464098000043 ], [ -11.693413538999948, 13.401800533000028 ], [ -11.693626131999963, 13.403005227000051 ], [ -11.694122182999934, 13.404280786000186 ], [ -11.695007986999883, 13.405910667000114 ], [ -11.69685046099994, 13.408355487999984 ], [ -11.697240214999908, 13.408816107000177 ], [ -11.697559104999925, 13.409134997000081 ], [ -11.70113775599998, 13.411863275000087 ], [ -11.701527510999938, 13.4121467330001 ], [ -11.704787271999976, 13.414414393000129 ], [ -11.70528332299989, 13.414662418000148 ], [ -11.70574394099998, 13.41476871500015 ], [ -11.706310855999902, 13.414804147000041 ], [ -11.706913203999932, 13.414733283000032 ], [ -11.71066901599994, 13.41462698600003 ], [ -11.71293667599997, 13.414839579000102 ], [ -11.716090140999938, 13.41522933300007 ], [ -11.719243605999907, 13.415619088000028 ], [ -11.721156943999858, 13.415760816000045 ], [ -11.723920654999915, 13.415937977000056 ], [ -11.728881161999936, 13.416115138000066 ], [ -11.731751169999882, 13.415725384000154 ], [ -11.733274753999979, 13.415512791000026 ], [ -11.734585744999947, 13.415193901000123 ], [ -11.735294388999932, 13.414910444000043 ], [ -11.737739209999916, 13.413634885000079 ], [ -11.743160334999914, 13.410197962000041 ], [ -11.743975274999855, 13.409631047000119 ], [ -11.744754783999952, 13.408922403000076 ], [ -11.745924045999971, 13.403536710000083 ], [ -11.746172070999876, 13.40208399100004 ], [ -11.744187868999859, 13.396343976000026 ], [ -11.743372927999928, 13.394891256000108 ], [ -11.742664283999829, 13.393580265000082 ], [ -11.741991072999895, 13.392269274000057 ], [ -11.741743046999886, 13.391596062000133 ], [ -11.741743046999886, 13.390887418000091 ], [ -11.74177847999988, 13.390214207000099 ], [ -11.742132801999901, 13.388761487000181 ], [ -11.742487122999933, 13.38808827500003 ], [ -11.742841444999897, 13.387592224000116 ], [ -11.744435893999935, 13.386883581 ], [ -11.747483061999901, 13.382454557000017 ], [ -11.747412197999836, 13.381710481000084 ], [ -11.747341333999941, 13.380895540000097 ], [ -11.749112942999943, 13.377635779000116 ], [ -11.750742823999872, 13.375580712000158 ], [ -11.753400237999927, 13.372498111000084 ], [ -11.754427771999872, 13.371435145000078 ], [ -11.755030118999969, 13.371009959000105 ], [ -11.755703330999893, 13.370584773000076 ], [ -11.756553702999895, 13.370053290000044 ], [ -11.757191482999929, 13.369486375000122 ], [ -11.757758397999964, 13.368884027000036 ], [ -11.758679634999964, 13.367679333000183 ], [ -11.759069388999876, 13.366970689000027 ], [ -11.759884328999874, 13.365482537000162 ], [ -11.760309515999893, 13.364703029000111 ], [ -11.760770133999927, 13.363604631000044 ], [ -11.761781356999904, 13.36080632200003 ], [ -11.763144090999958, 13.356376464000164 ], [ -11.763285819999965, 13.353860778000183 ], [ -11.763427547999981, 13.350742746000151 ], [ -11.763462980999975, 13.349750644000096 ], [ -11.763482899999929, 13.348644705000027 ], [ -11.763418239999908, 13.348260681 ], [ -11.763346473999832, 13.347877921000133 ], [ -11.763852734999887, 13.34581767100002 ], [ -11.764242488999969, 13.344258655000033 ], [ -11.76463224299988, 13.34333741800009 ], [ -11.765199157999973, 13.342132723000134 ], [ -11.765907801999901, 13.34103432500001 ], [ -11.76675817399996, 13.340148521000117 ], [ -11.767183360999923, 13.339723333999984 ], [ -11.767679410999961, 13.339262716000064 ], [ -11.768104597999979, 13.33901469000017 ], [ -11.76906126699987, 13.338483208000071 ], [ -11.769486452999899, 13.338270614000066 ], [ -11.770159664999937, 13.338093453000056 ], [ -11.771364358999961, 13.337809996000146 ], [ -11.771966705999944, 13.337809996000146 ], [ -11.774163501999908, 13.338199750000058 ], [ -11.775120170999912, 13.338412343000186 ], [ -11.776183136999919, 13.338554072000079 ], [ -11.776891780999961, 13.338624936000087 ], [ -11.780364135999946, 13.338412343000186 ], [ -11.781391668999959, 13.338199750000058 ], [ -11.784651430999929, 13.337420242000064 ], [ -11.785360074999858, 13.337172216000113 ], [ -11.786245878999978, 13.336782462000031 ], [ -11.78883242899991, 13.335010853000085 ], [ -11.789505640999948, 13.334514802000172 ], [ -11.790037123999923, 13.334089615999972 ], [ -11.790568606999955, 13.333593565000058 ], [ -11.791064656999879, 13.333062082000083 ], [ -11.792127622999885, 13.331821956000113 ], [ -11.792659105999974, 13.331113312000127 ], [ -11.793438613999911, 13.329979482000113 ], [ -11.793828367999936, 13.329129109000178 ], [ -11.794430715999852, 13.323849713000129 ], [ -11.795033062999948, 13.318889206000165 ], [ -11.795281087999967, 13.317188461 ], [ -11.795883434999951, 13.314105860000154 ], [ -11.796096028999955, 13.313326352000104 ], [ -11.796981832999904, 13.311979929000188 ], [ -11.797548747999826, 13.311413014000095 ], [ -11.798151095999913, 13.310881531000064 ], [ -11.798753442999953, 13.310491777000152 ], [ -11.799320357999932, 13.310208319000139 ], [ -11.800347890999944, 13.309818565000057 ], [ -11.802346266999848, 13.309489046000067 ], [ -11.803083256999969, 13.309432353999966 ], [ -11.803876937999917, 13.309460700000045 ], [ -11.805067458999929, 13.309574083000086 ], [ -11.805691065999838, 13.309659120000106 ], [ -11.813060961999895, 13.309233934000076 ], [ -11.819452928999965, 13.308709537000141 ], [ -11.825915760999976, 13.308624500000121 ], [ -11.827304701999878, 13.308624500000121 ], [ -11.82809838299994, 13.308624500000121 ], [ -11.82883537299989, 13.308681192 ], [ -11.830570626999929, 13.309008629000175 ], [ -11.831726639999943, 13.309418181000126 ], [ -11.832491974999925, 13.310041788000149 ], [ -11.832832123999935, 13.310325245000058 ], [ -11.833370693999882, 13.311033889000043 ], [ -11.833427384999879, 13.311430730000154 ], [ -11.833399038999914, 13.3128763630001 ], [ -11.833228964999876, 13.314208613 ], [ -11.832917160999955, 13.315229061000082 ], [ -11.831811676999962, 13.318290402000173 ], [ -11.831584910999936, 13.318885663000117 ], [ -11.830252660999918, 13.320614754000076 ], [ -11.829685745999825, 13.321096631000103 ], [ -11.829232213999944, 13.321521818000178 ], [ -11.828807026999925, 13.322088733000101 ], [ -11.828155465999941, 13.324122951 ], [ -11.828502309999976, 13.326947372 ], [ -11.828635180999925, 13.327656016000049 ], [ -11.829033792999951, 13.329117594000024 ], [ -11.829388114999972, 13.329826237000134 ], [ -11.830716821999943, 13.331154945000094 ], [ -11.831336885999917, 13.331730718000017 ], [ -11.831868368999949, 13.332085040000038 ], [ -11.832488431999877, 13.332439362000059 ], [ -11.833019914999909, 13.332439362000059 ], [ -11.833639977999951, 13.332439362000059 ], [ -11.834215750999931, 13.332262201000049 ], [ -11.834924394999916, 13.331996459000095 ], [ -11.835633038999958, 13.331907879000028 ], [ -11.837391164999929, 13.332364706000078 ], [ -11.838113291999889, 13.332749393000029 ], [ -11.838866225999936, 13.333546618000184 ], [ -11.839609643999893, 13.334743324000101 ], [ -11.842453735999925, 13.340145863000089 ], [ -11.842852347999951, 13.341031668000085 ], [ -11.84307379899991, 13.341651731000127 ], [ -11.843206669999972, 13.342626117000123 ], [ -11.843162379999967, 13.343556212000067 ], [ -11.843428120999931, 13.345327821000183 ], [ -11.844181054999865, 13.346877979 ], [ -11.845908373999976, 13.350376908000044 ], [ -11.846306985999888, 13.350952681000024 ], [ -11.848565788999906, 13.352719862000129 ], [ -11.855297904999873, 13.357609504000038 ], [ -11.856148277999978, 13.358034691000114 ], [ -11.859124581999936, 13.35952284300015 ], [ -11.860577300999978, 13.36012519000019 ], [ -11.861250512999902, 13.360692105000112 ], [ -11.861817427999824, 13.361259020000034 ], [ -11.864049655999963, 13.363668409000127 ], [ -11.864474841999879, 13.364129027000047 ], [ -11.865041757999961, 13.36476680700008 ], [ -11.867557442999953, 13.368345457999965 ], [ -11.870002263999879, 13.372951642999965 ], [ -11.870285721999892, 13.374120905000098 ], [ -11.870427450999898, 13.374829549000083 ], [ -11.870462882999902, 13.375431896000123 ], [ -11.870533746999968, 13.375998811000045 ], [ -11.87081720499998, 13.376920048000159 ], [ -11.871136093999894, 13.377486963000081 ], [ -11.871525847999919, 13.378053879000049 ], [ -11.87234078899985, 13.379081412000119 ], [ -11.873758076999877, 13.3806758610001 ], [ -11.874183262999964, 13.381030183000121 ], [ -11.874821041999894, 13.38127820800014 ], [ -11.877478456999938, 13.38145536900015 ], [ -11.879072904999873, 13.381561665000049 ], [ -11.879852412999981, 13.381526233000159 ], [ -11.881092539999941, 13.381526233000159 ], [ -11.88217599099994, 13.381570804000035 ], [ -11.88249034599994, 13.381748140000127 ], [ -11.886088478999852, 13.383864758000072 ], [ -11.886407368999926, 13.384183648000032 ], [ -11.886655393999945, 13.384431673 ], [ -11.88705632499989, 13.385313720000056 ], [ -11.887541198999941, 13.386380443000121 ], [ -11.887614527999972, 13.386631857000168 ], [ -11.88778922399996, 13.387230816000056 ], [ -11.88778922399996, 13.390738603000159 ], [ -11.887399469999878, 13.394210958000144 ], [ -11.886478232999934, 13.397966770000039 ], [ -11.884742055999823, 13.400411591000079 ], [ -11.879711929999928, 13.409965418000183 ], [ -11.878576853999959, 13.413592366000046 ], [ -11.878257964999875, 13.414867925000181 ], [ -11.877974506999976, 13.417383611000105 ], [ -11.87800993899998, 13.418765466000139 ], [ -11.878346543999896, 13.419752908000135 ], [ -11.87783277799997, 13.421706338000092 ], [ -11.87740759199994, 13.422733871000162 ], [ -11.877159566999921, 13.423265354000137 ], [ -11.876734380999949, 13.423796837000168 ], [ -11.872057330999951, 13.42833215800016 ], [ -11.869647941999972, 13.430351793 ], [ -11.868913841999813, 13.430247729000087 ], [ -11.867947196999921, 13.430989572000101 ], [ -11.867451145999951, 13.43141475800013 ], [ -11.866955095999913, 13.432017106000046 ], [ -11.866104722999978, 13.433292664000078 ], [ -11.865006324999968, 13.435276867000027 ], [ -11.864403977999871, 13.436694155000055 ], [ -11.864226816999974, 13.437296502000038 ], [ -11.864120520999961, 13.438749222000183 ], [ -11.864085087999968, 13.439493298000116 ], [ -11.864049655999963, 13.448953693000135 ], [ -11.864581138999881, 13.45295753 ], [ -11.864864596999951, 13.454410250000137 ], [ -11.865360646999875, 13.456110995000074 ], [ -11.866104722999978, 13.458449520000045 ], [ -11.866459044999829, 13.45933532500004 ], [ -11.872447084999919, 13.467343 ], [ -11.873049432999949, 13.468051644000127 ], [ -11.873474618999978, 13.46837053400003 ], [ -11.874466719999873, 13.468902016000129 ], [ -11.87524622899997, 13.46925633800015 ], [ -11.876557219999938, 13.469539796000163 ], [ -11.877163817999929, 13.469554205000179 ], [ -11.877584752999951, 13.469433499000161 ], [ -11.878541421999955, 13.469398067000043 ], [ -11.879710684999907, 13.469539796000163 ], [ -11.880809082999917, 13.469894118000184 ], [ -11.89086280399988, 13.475444935000155 ], [ -11.892466272999968, 13.476838827000051 ], [ -11.892678866999972, 13.477264014000127 ], [ -11.894237882999903, 13.4804529110001 ], [ -11.894627636999928, 13.481409580000104 ], [ -11.894698500999937, 13.481834766000134 ], [ -11.89463401799992, 13.482161780000183 ], [ -11.894706710999969, 13.483574732000022 ], [ -11.89488387199998, 13.48407078200006 ], [ -11.895769675999929, 13.485806960000161 ], [ -11.896194862999835, 13.486621900000102 ], [ -11.897116099999948, 13.488074620000191 ], [ -11.897647582999866, 13.488889560000132 ], [ -11.902182902999925, 13.492574508000189 ], [ -11.904131673999814, 13.493637474000025 ], [ -11.907178841999951, 13.494983897000168 ], [ -11.908666993999873, 13.495621676999974 ], [ -11.909340205999911, 13.495834270000103 ], [ -11.910119713999904, 13.496046863000174 ], [ -11.912316509999869, 13.496542912999985 ], [ -11.91313144999998, 13.496401185000025 ], [ -11.914477872999896, 13.497003532 ], [ -11.915824296999858, 13.497747608000111 ], [ -11.916780965999976, 13.498385387000042 ], [ -11.921103692999964, 13.50150342 ], [ -11.922202090999974, 13.503168733000052 ], [ -11.922804437999901, 13.504089970000166 ], [ -11.923229624999976, 13.504834046000099 ], [ -11.923513081999829, 13.505400961000191 ], [ -11.923902835999911, 13.50660565600009 ], [ -11.923938267999915, 13.507314300000132 ], [ -11.92415086099993, 13.507987511000124 ], [ -11.924650546999885, 13.509396657000025 ], [ -11.925957902999869, 13.511849620000021 ], [ -11.926312224999947, 13.512487399000122 ], [ -11.927410622999901, 13.513692094000078 ], [ -11.928827910999928, 13.515038517 ], [ -11.929961740999943, 13.515711729000088 ], [ -11.935241136999878, 13.518333710999968 ], [ -11.93644583199989, 13.518723465000107 ], [ -11.93843003399985, 13.518865194000171 ], [ -11.940803990999882, 13.51844000799997 ], [ -11.944311777999872, 13.517766796000046 ], [ -11.944914124999968, 13.517731364000156 ], [ -11.948421911999958, 13.51914865100008 ], [ -11.953725515999906, 13.523460512000099 ], [ -11.954424197999913, 13.524049907000062 ], [ -11.956571315999952, 13.526695708000034 ], [ -11.95696106999992, 13.527368920000185 ], [ -11.957173663999924, 13.528112996000061 ], [ -11.958909840999979, 13.529601148000097 ], [ -11.959831077999979, 13.530274359000146 ], [ -11.960787746999927, 13.530876707000061 ], [ -11.961744415999931, 13.53112473200008 ], [ -11.962771949999876, 13.531408190000036 ], [ -11.969114311999931, 13.534101036000095 ], [ -11.97028357399995, 13.535660052000139 ], [ -11.971240242999954, 13.537183637000169 ], [ -11.971452836999958, 13.539876483000057 ], [ -11.971417403999965, 13.540762288000053 ], [ -11.971275675999948, 13.541470932000095 ], [ -11.971275675999948, 13.542356737000091 ], [ -11.971539339999936, 13.543060953000122 ], [ -11.974074818999895, 13.549832929000161 ], [ -11.974464572999921, 13.550683301000163 ], [ -11.975952724999956, 13.552738369000053 ], [ -11.97673223299995, 13.553801334000127 ], [ -11.977370011999881, 13.554297385000041 ], [ -11.978007791999971, 13.554191088000039 ], [ -11.978681003999895, 13.554474546000051 ], [ -11.98176360399998, 13.558230358000117 ], [ -11.982507679999969, 13.55915159500006 ], [ -11.98336519999998, 13.560574680000116 ], [ -11.985094229999959, 13.562305060000142 ], [ -11.985519415999875, 13.562730246000115 ], [ -11.986476085999982, 13.563580619000049 ], [ -11.986972135999963, 13.563970373000132 ], [ -11.987432754999929, 13.564182966000089 ], [ -11.989664982999955, 13.564714449000064 ], [ -11.990196465999873, 13.564785313000073 ], [ -11.990834244999974, 13.564785313000073 ], [ -11.991294863999883, 13.564749881000182 ], [ -11.9923578289999, 13.564856178000184 ], [ -11.99558215899998, 13.565493957000115 ], [ -11.996007344999896, 13.565812847000188 ], [ -11.996715988999824, 13.566450626000119 ], [ -11.99802697999985, 13.567903346000037 ], [ -11.998948216999963, 13.570383600000127 ], [ -11.998771055999953, 13.575166945000035 ], [ -11.997034878999898, 13.580056588000048 ], [ -11.996715988999824, 13.580658935000031 ], [ -11.996538827999927, 13.581261282000071 ], [ -11.996397098999978, 13.581828197000164 ], [ -11.996361666999974, 13.582536841000149 ], [ -11.996397098999978, 13.583103756000071 ], [ -11.99650339599998, 13.583599806999985 ], [ -11.996751420999885, 13.584273019000079 ], [ -11.997708089999946, 13.585973764000073 ], [ -11.998593894999942, 13.587320187000159 ], [ -12.005148849999898, 13.595823913000174 ], [ -12.008373179999978, 13.59933170000005 ], [ -12.01032194999982, 13.601103309000166 ], [ -12.013085660999934, 13.603512698000145 ], [ -12.021561040999927, 13.610290875999965 ], [ -12.027632700999902, 13.614766671000041 ], [ -12.028653148999979, 13.615378939000038 ], [ -12.029537535999964, 13.615900501000056 ], [ -12.030353893999916, 13.616331356000103 ], [ -12.031374340999889, 13.616104590000134 ], [ -12.032394787999863, 13.616217973 ], [ -12.032893672999933, 13.616762212000026 ], [ -12.033256498999947, 13.617306450000115 ], [ -12.037823565999872, 13.624696755000059 ], [ -12.038512934999972, 13.626293188000091 ], [ -12.038658064999936, 13.627018839000186 ], [ -12.037732859999949, 13.638774390000037 ], [ -12.036989067999855, 13.641803984000035 ], [ -12.036662523999837, 13.643309710000096 ], [ -12.036499252999931, 13.644507035000117 ], [ -12.036372263999965, 13.645704359000092 ], [ -12.036372263999965, 13.646865401000071 ], [ -12.036390404999963, 13.650566223 ], [ -12.036825795999846, 13.651128603000188 ], [ -12.037134197999933, 13.652271503000065 ], [ -12.038004978999879, 13.655609499000036 ], [ -12.038059402999863, 13.657586899000023 ], [ -12.038023120999981, 13.658276268000122 ], [ -12.03814463599997, 13.660889626000028 ], [ -12.038494793999917, 13.66226735000015 ], [ -12.039800965999973, 13.666276573000118 ], [ -12.040327062999893, 13.667528321000134 ], [ -12.041674396999895, 13.669298471000047 ], [ -12.042522157999883, 13.669832264000092 ], [ -12.043628776999981, 13.670811893000064 ], [ -12.044844242999886, 13.672009218000085 ], [ -12.04698491399995, 13.674258737000116 ], [ -12.047420304999889, 13.67505695300008 ], [ -12.048000825999964, 13.676544537999973 ], [ -12.048272944999894, 13.678304243000184 ], [ -12.04794640199998, 13.67961041500007 ], [ -12.04721108699988, 13.680548122000118 ], [ -12.047329597999919, 13.681932499000027 ], [ -12.04809153199983, 13.682766998000034 ], [ -12.048855365999884, 13.683547116000113 ], [ -12.052917112999864, 13.686993917000109 ], [ -12.053515774999937, 13.687302319000025 ], [ -12.054858229999979, 13.688227524000126 ], [ -12.055892282999935, 13.68897131600005 ], [ -12.056255108999892, 13.689370425000106 ], [ -12.056617933999917, 13.689842098000156 ], [ -12.057089607999956, 13.690876151000168 ], [ -12.057223, 13.692147754000132 ], [ -12.05707880999995, 13.692782190000059 ], [ -12.056963457999927, 13.694598983000162 ], [ -12.056992295999976, 13.695262256999968 ], [ -12.057251837999956, 13.696531129000164 ], [ -12.057799759999909, 13.697771163000084 ], [ -12.059501200999932, 13.699876336000102 ], [ -12.060817213999826, 13.700076132000106 ], [ -12.062173375999919, 13.70045284400004 ], [ -12.063454195999952, 13.701206267000089 ], [ -12.064961041999936, 13.702411745000177 ], [ -12.066919942999903, 13.704445987000099 ], [ -12.068426789999876, 13.706630915000062 ], [ -12.069858293999971, 13.709418581000136 ], [ -12.071967878999885, 13.713788437 ], [ -12.072796644999869, 13.715898022000033 ], [ -12.073248698999976, 13.717178841000077 ], [ -12.073926779999965, 13.72087061600007 ], [ -12.073084146999975, 13.720976528000165 ], [ -12.070310370999948, 13.720976528000165 ], [ -12.06909684399983, 13.72028308400013 ], [ -12.067709955999931, 13.720976528000165 ], [ -12.066149707999955, 13.722363416000121 ], [ -12.065109541999959, 13.724443748000112 ], [ -12.064589458999933, 13.726524080000161 ], [ -12.060948877999977, 13.729991300000108 ], [ -12.058521823999968, 13.728777773 ], [ -12.05592140899995, 13.73068474300004 ], [ -12.050720578999915, 13.733458519000067 ], [ -12.048986968999941, 13.733978601999979 ], [ -12.04638655499997, 13.733631880000075 ], [ -12.039625475999856, 13.73709910000008 ], [ -12.03806522699989, 13.738485988000093 ], [ -12.036158255999965, 13.740392959000019 ], [ -12.034251284999982, 13.74073968100015 ], [ -12.030090620999886, 13.740913042000159 ], [ -12.02627667999991, 13.743340096000054 ], [ -12.023849625999901, 13.744900345000133 ], [ -12.020382405999896, 13.748194204000072 ], [ -12.019447913999954, 13.751146154000082 ], [ -12.017657022999913, 13.75271224100004 ], [ -12.013101243999927, 13.752528228000017 ], [ -12.009634023999922, 13.752528228000017 ], [ -12.005993443999955, 13.756168809000087 ], [ -12.003913111999964, 13.758942585000057 ], [ -12.004086472999916, 13.760676195000144 ], [ -12.004953277999959, 13.763623332 ], [ -12.003913111999964, 13.764490137000053 ], [ -12.000549593999949, 13.766188536000186 ], [ -11.997654629999943, 13.767704946000038 ], [ -11.992829688999961, 13.770324200000061 ], [ -11.988969736999877, 13.772943453000153 ], [ -11.988831880999953, 13.77432200800007 ], [ -11.988418314999933, 13.776251984000055 ], [ -11.98759118199996, 13.778595527000107 ], [ -11.986488338999948, 13.779146948000118 ], [ -11.985385494999889, 13.778044105000106 ], [ -11.984282650999944, 13.778457671000069 ], [ -11.983455518999904, 13.779284803999985 ], [ -11.983179807999932, 13.781214779999971 ], [ -11.982490530999883, 13.783144756000183 ], [ -11.981249831999833, 13.78576400999998 ], [ -11.979182, 13.789210396000044 ], [ -11.975873468999964, 13.794035337000025 ], [ -11.973943492999979, 13.795551747000104 ], [ -11.972289226999976, 13.794724614000131 ], [ -11.970910672999935, 13.794448903000159 ], [ -11.965947876999905, 13.796654590000117 ], [ -11.962639345999833, 13.802582375000043 ], [ -11.962639345999833, 13.803547363000121 ], [ -11.962225779999869, 13.805339484000172 ], [ -11.958641537999881, 13.806166616000041 ], [ -11.949956644999929, 13.807545171000129 ], [ -11.947510429999966, 13.806945763000101 ], [ -11.947837992999951, 13.809730048000176 ], [ -11.950130932999969, 13.817591557000071 ], [ -11.950458495999953, 13.820539624000162 ], [ -11.948493118999977, 13.826599538000096 ], [ -11.947837992999951, 13.828728697000145 ], [ -11.948984462999874, 13.83265945200003 ], [ -11.948820680999972, 13.837081551000097 ], [ -11.947674210999821, 13.841994995 ], [ -11.947346647999893, 13.847727346000113 ], [ -11.947674210999821, 13.852313226000149 ], [ -11.946855303999939, 13.855425074000038 ], [ -11.944889926999906, 13.85886448500014 ], [ -11.94292454899994, 13.861157425000101 ], [ -11.941450515999918, 13.867872465000062 ], [ -11.940727740999876, 13.872992416000159 ], [ -11.940364573999943, 13.881345270000054 ], [ -11.938911902999905, 13.887519119000103 ], [ -11.935211740999932, 13.903609076000123 ], [ -11.933743308999851, 13.913084828000081 ], [ -11.93339038199997, 13.916202353000187 ], [ -11.933213917999922, 13.917966989000149 ], [ -11.933213917999922, 13.920084553000038 ], [ -11.933508023999934, 13.922672687000102 ], [ -11.933919772999957, 13.923849112000028 ], [ -11.935213839999903, 13.924966715000039 ], [ -11.938213721999887, 13.927378385000111 ], [ -11.943519317999858, 13.93139775800006 ], [ -11.948825097999929, 13.935417014000052 ], [ -11.955796769999949, 13.940331676000085 ], [ -11.962768736999976, 13.945246137000026 ], [ -11.979912554999942, 13.958351633000063 ], [ -11.982655565999949, 13.964371019000055 ], [ -11.985308158999885, 13.968213055000149 ], [ -11.988252989999921, 13.972370463000061 ], [ -12.00210651499998, 13.986387370000102 ], [ -12.007635182999934, 13.99198108100012 ], [ -12.013164118999953, 13.997574664000126 ], [ -12.01438, 14.000280000000146 ], [ -12.01611, 14.02832 ], [ -12.01357, 14.04694 ], [ -12.009782291999841, 14.054533494000054 ], [ -12.005994332999933, 14.062126923000108 ], [ -12.00220612499993, 14.069720289000088 ], [ -11.998417666999842, 14.077313590000188 ], [ -11.994628958999954, 14.084906827000054 ], [ -11.99084, 14.0925 ], [ -11.989219999999818, 14.10101 ], [ -11.989786631999891, 14.108056672000089 ], [ -11.990353298999878, 14.115103339000086 ], [ -11.99092, 14.12215 ], [ -11.989940102999981, 14.130140014000119 ], [ -11.988960136999879, 14.138130019000187 ], [ -11.987980102999813, 14.146120014000189 ], [ -11.987, 14.154110000000117 ], [ -11.987519999999847, 14.16996 ], [ -11.989736527999924, 14.177080025000066 ], [ -11.991953194999894, 14.184200025000109 ], [ -11.99417, 14.191320000000132 ], [ -11.998199877999923, 14.198210036000148 ], [ -12.002229999999884, 14.2051 ], [ -12.00272079299998, 14.205431002000068 ], [ -12.004955190999965, 14.212741990000097 ], [ -12.007189732999905, 14.220052953000106 ], [ -12.009424417999981, 14.227363890000049 ], [ -12.012288998999963, 14.235952593000093 ], [ -12.015153795999936, 14.244541255000172 ], [ -12.018018809999944, 14.253129876000173 ], [ -12.023862995999934, 14.276850398000079 ], [ -12.023862207999969, 14.27702228600009 ], [ -12.02386581899998, 14.277390135000076 ], [ -12.023876651999899, 14.277757843000131 ], [ -12.023894702999883, 14.278125267000178 ], [ -12.023919963999958, 14.278492266000057 ], [ -12.023952424999891, 14.278858698000022 ], [ -12.023992074999967, 14.27922442300013 ], [ -12.024038896999912, 14.279589298000076 ], [ -12.024092874999951, 14.279953184000135 ], [ -12.024153985999931, 14.280315939000047 ], [ -12.024222207999912, 14.280677425000135 ], [ -12.024297513999841, 14.281037502000174 ], [ -12.024379874999909, 14.281396031000043 ], [ -12.024469258999943, 14.281752874000176 ], [ -12.024565632999895, 14.282107893000159 ], [ -12.02466895799995, 14.282460951000076 ], [ -12.024779194999894, 14.28281191300016 ], [ -12.024896300999899, 14.283160643000031 ], [ -12.025020231999974, 14.283507006000036 ], [ -12.025150938999843, 14.283850869000162 ], [ -12.02528837299991, 14.284192100000041 ], [ -12.02543247899996, 14.284530567000047 ], [ -12.025583202999883, 14.284866139000144 ], [ -12.02574048699995, 14.285198687000104 ], [ -12.025904268999909, 14.285528082999974 ], [ -12.02607448699996, 14.285854198999971 ], [ -12.026251074999834, 14.286176911000041 ], [ -12.026433964999967, 14.286496094000086 ], [ -12.026623086999962, 14.286811624000052 ], [ -12.026818366999976, 14.287123381000185 ], [ -12.027019729999836, 14.287431243000071 ], [ -12.027227099999948, 14.287735092000105 ], [ -12.027440393999825, 14.288034811000102 ], [ -12.027659532999905, 14.288330285000029 ], [ -12.027884429999972, 14.288621399000135 ], [ -12.028115, 14.288908042000173 ], [ -12.02835115299996, 14.28919010200002 ], [ -12.028592797999977, 14.289467472000069 ], [ -12.028839841999968, 14.289740044000041 ], [ -12.029092190999961, 14.290007712000033 ], [ -12.039376233999917, 14.300506577000135 ], [ -12.040093230999901, 14.301228665 ], [ -12.040329850999967, 14.301464736000128 ], [ -12.040406843999847, 14.301423571000157 ], [ -12.040673567999875, 14.301286250000089 ], [ -12.040943520999917, 14.301155388000097 ], [ -12.041216544999941, 14.301031063000039 ], [ -12.041492482999956, 14.300913346000129 ], [ -12.041771173999905, 14.300802305000104 ], [ -12.042052457999944, 14.300698005000186 ], [ -12.042336169999942, 14.300600506000023 ], [ -12.042622147999907, 14.300509864000162 ], [ -12.042910223999854, 14.30042613300003 ], [ -12.043200232999936, 14.300349359999984 ], [ -12.043492004999848, 14.300279590000116 ], [ -12.043785371999945, 14.300216864000049 ], [ -12.044080164999912, 14.300161217000152 ], [ -12.044376210999928, 14.300112683000066 ], [ -12.044673339999974, 14.300071289000186 ], [ -12.044971378999946, 14.300037059000033 ], [ -12.045270154999969, 14.300010013000076 ], [ -12.045569495999871, 14.299990167000033 ], [ -12.045869228999891, 14.29997753300006 ], [ -12.064100151999924, 14.299572668000053 ], [ -12.064270689999944, 14.299785273000168 ], [ -12.064446802999953, 14.299993284000038 ], [ -12.064628368999934, 14.300196552000159 ], [ -12.064815258999943, 14.300394937000135 ], [ -12.065007341999944, 14.300588297000161 ], [ -12.065204482999832, 14.300776498000175 ], [ -12.065406543999927, 14.300959407000107 ], [ -12.065613381999981, 14.30113689500007 ], [ -12.065824852999981, 14.301308838000182 ], [ -12.066040806999922, 14.301475114000084 ], [ -12.066261092999923, 14.301635608000026 ], [ -12.066485556999965, 14.301790206000021 ], [ -12.066714038999919, 14.301938800000073 ], [ -12.066946379999877, 14.30208128400011 ], [ -12.06718241599998, 14.302217560000031 ], [ -12.067421981999871, 14.302347531000066 ], [ -12.067664908999916, 14.302471106000041 ], [ -12.067911025999933, 14.302588197000091 ], [ -12.068160160999867, 14.302698724000038 ], [ -12.068412137999928, 14.302802607000046 ], [ -12.068666779999944, 14.302899775000071 ], [ -12.068923908999977, 14.302990158 ], [ -12.069183342999963, 14.303073693000101 ], [ -12.069444899999951, 14.303150322000135 ], [ -12.069708395999896, 14.303219991000105 ], [ -12.069973646999813, 14.303282650000085 ], [ -12.070240465999973, 14.303338256000018 ], [ -12.07050866499992, 14.303386770000145 ], [ -12.070778054999948, 14.303428157000099 ], [ -12.071048447999942, 14.303462388000185 ], [ -12.071319653999979, 14.303489440000135 ], [ -12.071591480999928, 14.303509293000047 ], [ -12.078986200999964, 14.303942539000047 ], [ -12.088251893999939, 14.304483357000038 ], [ -12.088469737999958, 14.304468928000176 ], [ -12.088687939999943, 14.304461710000112 ], [ -12.088906261999909, 14.304461710000112 ], [ -12.089124463999951, 14.304468928000176 ], [ -12.089342307999914, 14.304483357000038 ], [ -12.08955955599987, 14.304504981000036 ], [ -12.089775969999948, 14.304533776000028 ], [ -12.089991313999974, 14.304569711000056 ], [ -12.090205351999941, 14.304612746000146 ], [ -12.090417849999938, 14.304662834000055 ], [ -12.090628574999869, 14.304719920000139 ], [ -12.090837298999816, 14.304783943000189 ], [ -12.091043790999947, 14.304854832000103 ], [ -12.091247825999858, 14.304932509000082 ], [ -12.091449181999906, 14.305016890000047 ], [ -12.09164763699988, 14.305107883000176 ], [ -12.091842975999896, 14.305205387000058 ], [ -12.092034983999952, 14.305309297000122 ], [ -12.092223450999938, 14.305419498000106 ], [ -12.092408171999921, 14.305535870000142 ], [ -12.092588943999885, 14.305658286000153 ], [ -12.092765569999926, 14.305786612000134 ], [ -12.092937855999878, 14.305920708000031 ], [ -12.093105614999899, 14.306060427000148 ], [ -12.0932686619999, 14.30620561600017 ], [ -12.093426818999944, 14.306356117000064 ], [ -12.093579913999974, 14.306511764000049 ], [ -12.093727778999948, 14.306672388000038 ], [ -12.09387025299992, 14.306837814000062 ], [ -12.094007178999902, 14.30700785900018 ], [ -12.094138407999935, 14.307182339000065 ], [ -12.094263795999893, 14.307361063000087 ], [ -12.094383206999908, 14.307543834 ], [ -12.094496508999953, 14.307730454000023 ], [ -12.094603578999966, 14.307920717000059 ], [ -12.094704298999943, 14.30811441700007 ], [ -12.094798560999834, 14.308311341000035 ], [ -12.094886258999964, 14.308511274000125 ], [ -12.094955805999973, 14.308684025000105 ], [ -12.101659430999973, 14.327694820000033 ], [ -12.101619420999953, 14.327719770000158 ], [ -12.101397608999946, 14.327863099000183 ], [ -12.101179793999961, 14.328012434000016 ], [ -12.100966139999969, 14.328167663000158 ], [ -12.100756805999879, 14.328328670000076 ], [ -12.100551946999872, 14.328495335000127 ], [ -12.100351716999853, 14.328667533000157 ], [ -12.100156265999942, 14.328845135999984 ], [ -12.09996573899997, 14.329028012000038 ], [ -12.099780277999912, 14.329216024000118 ], [ -12.09960002199989, 14.329409031000012 ], [ -12.099425104999909, 14.32960689000015 ], [ -12.099255656999844, 14.329809453000109 ], [ -12.099091805999876, 14.330016569 ], [ -12.098933673999852, 14.330228083000122 ], [ -12.098781377999956, 14.330443837000018 ], [ -12.098635031999834, 14.330663671000082 ], [ -12.098494744999925, 14.330887420000067 ], [ -12.098360621999973, 14.331114918000026 ], [ -12.098232762999942, 14.331345995000049 ], [ -12.09811126399984, 14.331580477000102 ], [ -12.09799621499991, 14.331818191000082 ], [ -12.097887702999969, 14.332058959000108 ], [ -12.09778580699998, 14.332302600999981 ], [ -12.097690603999922, 14.332548935000148 ], [ -12.097602164999898, 14.33279777700011 ], [ -12.097520556999882, 14.333048943000108 ], [ -12.097445838999931, 14.333302244000038 ], [ -12.097378067999898, 14.333557491000079 ], [ -12.097317293999936, 14.333814495000013 ], [ -12.097263562999956, 14.334073062000186 ], [ -12.097216914999933, 14.334333001000118 ], [ -12.097177384999839, 14.334594117000051 ], [ -12.097145000999888, 14.334856215000059 ], [ -12.097119788999976, 14.335119100000043 ], [ -12.09710176699997, 14.335382575000096 ], [ -12.097090947999959, 14.33564644400019 ], [ -12.097087340999849, 14.335910511000066 ], [ -12.097090947999959, 14.336174577000065 ], [ -12.09710176699997, 14.336438447000091 ], [ -12.097119788999976, 14.336701922000088 ], [ -12.097145000999888, 14.336964807000072 ], [ -12.097177384999839, 14.337226905000136 ], [ -12.097216914999933, 14.33748802100007 ], [ -12.097263562999956, 14.337747960000172 ], [ -12.097317293999936, 14.338006527000118 ], [ -12.097378067999898, 14.338263531000109 ], [ -12.097445838999931, 14.33851877800015 ], [ -12.097520556999882, 14.33877207900008 ], [ -12.097602164999898, 14.339023244000145 ], [ -12.097690603999922, 14.33927208700004 ], [ -12.09778580699998, 14.33951842099998 ], [ -12.097887702999969, 14.33976206300008 ], [ -12.09799621499991, 14.340002831000106 ], [ -12.09811126399984, 14.340240545000086 ], [ -12.098232762999942, 14.340475027000082 ], [ -12.098360621999973, 14.340706104000105 ], [ -12.098494744999925, 14.340933602000121 ], [ -12.098635031999834, 14.341157351000049 ], [ -12.098781377999956, 14.341377185000113 ], [ -12.098933673999852, 14.341592939000066 ], [ -12.099091805999876, 14.341804453000123 ], [ -12.099255656999844, 14.342011569000022 ], [ -12.099425104999909, 14.342214132000038 ], [ -12.099596776999931, 14.342408419000037 ], [ -12.099684883999942, 14.342448846000082 ], [ -12.099842808999938, 14.342527483000083 ], [ -12.099997370999915, 14.342612537000036 ], [ -12.100148311999874, 14.342703865000146 ], [ -12.100295374999973, 14.342801313 ], [ -12.100438313999973, 14.342904717000067 ], [ -12.100576887999921, 14.343013901 ], [ -12.100710860999982, 14.343128683000089 ], [ -12.100840009999843, 14.343248867999989 ], [ -12.100964114999897, 14.343374254000082 ], [ -12.101082967999957, 14.343504630000041 ], [ -12.101196368999922, 14.343639775000099 ], [ -12.101304124999956, 14.343779462000043 ], [ -12.10140605499987, 14.343923455000152 ], [ -12.101501987999882, 14.344071511000152 ], [ -12.101591761999941, 14.344223382000166 ], [ -12.101675224999951, 14.344378809000148 ], [ -12.101752235999982, 14.344537533000164 ], [ -12.101822666999965, 14.344699284000114 ], [ -12.10188639699993, 14.344863790000034 ], [ -12.101943318999929, 14.345030774000179 ], [ -12.101993337999943, 14.345199954000179 ], [ -12.102036368999961, 14.345371045000036 ], [ -12.10207233999995, 14.345543759000066 ], [ -12.102101189999928, 14.345717803000127 ], [ -12.102122868999913, 14.345892886000115 ], [ -12.102137342999981, 14.346068710000111 ], [ -12.102144585999952, 14.346244981000041 ], [ -12.102144585999952, 14.346421401000043 ], [ -12.102137342999981, 14.346597671000097 ], [ -12.102122868999913, 14.346773496000139 ], [ -12.102101189999928, 14.346948578000081 ], [ -12.10207233999995, 14.347122623000189 ], [ -12.102036368999961, 14.347295337000048 ], [ -12.101993337999943, 14.347466428000075 ], [ -12.101943318999929, 14.347635608000076 ], [ -12.10188639699993, 14.34780259200005 ], [ -12.101822666999965, 14.34796709800014 ], [ -12.101752235999982, 14.348128849000091 ], [ -12.101675224999951, 14.348287572000174 ], [ -12.101591761999941, 14.348443 ], [ -12.101501987999882, 14.348594870000056 ], [ -12.10140605499987, 14.348742927000103 ], [ -12.101304124999956, 14.348886920000041 ], [ -12.101196368999922, 14.349026607000155 ], [ -12.101082967999957, 14.349161752000043 ], [ -12.100971879999918, 14.349283932000048 ], [ -12.100929251999958, 14.349320139000099 ], [ -12.100778336999952, 14.349454396999988 ], [ -12.100632338999958, 14.349593986000116 ], [ -12.100491444999932, 14.349738725000066 ], [ -12.100355837999928, 14.349888429000032 ], [ -12.100225691999981, 14.350042904000134 ], [ -12.100101174999907, 14.350201952000134 ], [ -12.099982446999945, 14.350365366000176 ], [ -12.099869661999946, 14.350532937000082 ], [ -12.099762964999968, 14.350704449000034 ], [ -12.099662492999926, 14.350879680000048 ], [ -12.099568375999979, 14.351058404000128 ], [ -12.099480734999815, 14.351240392000079 ], [ -12.099399683999934, 14.351425409 ], [ -12.099325325999928, 14.351613216000032 ], [ -12.099257756999918, 14.351803571000062 ], [ -12.099197064999885, 14.351996229000179 ], [ -12.099143327999968, 14.352190941000117 ], [ -12.099096614999894, 14.35238745700002 ], [ -12.099056985999937, 14.35258552199997 ], [ -12.099024492999888, 14.352784883000083 ], [ -12.098999176999939, 14.35298528200002 ], [ -12.098981069999866, 14.353186460000131 ], [ -12.098970196999915, 14.353388159000076 ], [ -12.098966570999892, 14.35359011800017 ], [ -12.098970196999915, 14.353792076000161 ], [ -12.098981069999866, 14.353993775000049 ], [ -12.098999176999939, 14.354194953000047 ], [ -12.099024492999888, 14.354395351999983 ], [ -12.099056985999937, 14.35459471300004 ], [ -12.099096614999894, 14.354792778 ], [ -12.099143327999968, 14.35498929400012 ], [ -12.099197064999885, 14.355184006000059 ], [ -12.099257756999918, 14.355376664000175 ], [ -12.099325325999928, 14.355567019000034 ], [ -12.099399683999934, 14.355754826 ], [ -12.099480734999815, 14.355939843000158 ], [ -12.099568375999979, 14.35612183100011 ], [ -12.099662492999926, 14.356300555000132 ], [ -12.099762964999968, 14.356475785999976 ], [ -12.099869661999946, 14.356647298000155 ], [ -12.099982446999945, 14.356814869000061 ], [ -12.100101174999907, 14.356978283000103 ], [ -12.100225691999981, 14.357137331000104 ], [ -12.100355837999928, 14.357291806000035 ], [ -12.100491444999932, 14.357441510000172 ], [ -12.100632338999958, 14.357586249000121 ], [ -12.100778336999952, 14.357725838000022 ], [ -12.100929251999958, 14.357860096000138 ], [ -12.101084888999935, 14.35798885000014 ], [ -12.101245047999953, 14.358111935000125 ], [ -12.10140952099988, 14.358229191000021 ], [ -12.101578097999891, 14.358340467000176 ], [ -12.101750559999971, 14.358445620000111 ], [ -12.101926685999956, 14.358544515 ], [ -12.101934451999966, 14.35854868600012 ], [ -12.101976205999961, 14.35855829000019 ], [ -12.102321956999958, 14.358641944000169 ], [ -12.102665948999913, 14.358732566000015 ], [ -12.103008038999974, 14.358830119 ], [ -12.103348087999962, 14.358934563000162 ], [ -12.103685958999961, 14.35904585500009 ], [ -12.104021511999974, 14.359163950000038 ], [ -12.104354610999849, 14.359288800000058 ], [ -12.104685119999942, 14.359420353000189 ], [ -12.105012902999874, 14.359558555999968 ], [ -12.105337827999847, 14.359703353000157 ], [ -12.105659760999913, 14.359854685000073 ], [ -12.105978571999913, 14.360012489000155 ], [ -12.106294128999934, 14.360176701000057 ], [ -12.1066063049999, 14.360347255000136 ], [ -12.10691497199997, 14.360524081000051 ], [ -12.107220002999952, 14.360707106000177 ], [ -12.107521274999954, 14.360896256 ], [ -12.107818663999922, 14.361091454000189 ], [ -12.108112047999953, 14.361292619000039 ], [ -12.10840130999992, 14.36149967 ], [ -12.108686328999966, 14.361712523000108 ], [ -12.108966989999828, 14.361931089999985 ], [ -12.109243178999918, 14.362155283000163 ], [ -12.109514781999962, 14.362385008999979 ], [ -12.109781687999828, 14.362620175000075 ], [ -12.110043789999906, 14.362860685000101 ], [ -12.110300978999874, 14.363106441000184 ], [ -12.110553150999976, 14.363357343000132 ], [ -12.110800202999883, 14.363613288000124 ], [ -12.111042033999922, 14.363874171000077 ], [ -12.115065896999965, 14.368377514000144 ], [ -12.115471047999904, 14.368841090000103 ], [ -12.115870755999936, 14.369309365000049 ], [ -12.116264968999872, 14.36978227700007 ], [ -12.116653631999952, 14.370259760000067 ], [ -12.117036691999942, 14.370741749000047 ], [ -12.117414096999937, 14.37122818000006 ], [ -12.117785794999861, 14.37171898400004 ], [ -12.118151735999959, 14.372214096000107 ], [ -12.118511870999896, 14.37271344800007 ], [ -12.118866147999881, 14.373216972000137 ], [ -12.119214521999936, 14.373724599000127 ], [ -12.119556942999964, 14.374236259000043 ], [ -12.119893364999882, 14.374751884000148 ], [ -12.12022374299994, 14.375271403000056 ], [ -12.120548030999885, 14.375794744000075 ], [ -12.120866184999898, 14.376321837000091 ], [ -12.121178161999978, 14.376852609000139 ], [ -12.121483917999967, 14.377386989000115 ], [ -12.121783413999935, 14.377924903000064 ], [ -12.122076605999951, 14.378466278000133 ], [ -12.122363456999892, 14.379011041000012 ], [ -12.12264392499992, 14.379559116000166 ], [ -12.122917973999961, 14.380110429000013 ], [ -12.123185565999961, 14.38066490500006 ], [ -12.123446663999971, 14.381222468000146 ], [ -12.123701231999917, 14.381783042000166 ], [ -12.123832961999881, 14.382080131000123 ], [ -12.123848361999933, 14.382125664000057 ], [ -12.123929870999916, 14.38235313000007 ], [ -12.124018146999958, 14.382578055000124 ], [ -12.124113112999964, 14.382800238000129 ], [ -12.124214682999934, 14.383019482000122 ], [ -12.12432276699991, 14.383235588000048 ], [ -12.124437266999962, 14.383448365000163 ], [ -12.124558080999918, 14.383657621000054 ], [ -12.124685099999965, 14.383863169000051 ], [ -12.124818212999969, 14.384064825 ], [ -12.124957297999913, 14.38426240900003 ], [ -12.125102230999914, 14.384455744000149 ], [ -12.125252883999963, 14.384644656000148 ], [ -12.125409120999905, 14.384828976999984 ], [ -12.125570800999981, 14.385008542000037 ], [ -12.125737780999941, 14.385183189000031 ], [ -12.125909910999951, 14.385352763000185 ], [ -12.126087036999877, 14.385517112 ], [ -12.126269, 14.385676088000025 ], [ -12.126455637999982, 14.385829550000096 ], [ -12.126646782999899, 14.385977360000084 ], [ -12.126842263999947, 14.386119385000029 ], [ -12.127041905999931, 14.386255499000072 ], [ -12.127245530999971, 14.386385580000081 ], [ -12.127452956999832, 14.386509510000053 ], [ -12.127663995999967, 14.386627181000108 ], [ -12.127878461999956, 14.38673848500008 ], [ -12.128096160999917, 14.386843323000051 ], [ -12.128316898999969, 14.386941602000093 ], [ -12.128540478999923, 14.387033234000057 ], [ -12.128766698999982, 14.38711813600014 ], [ -12.12899535899993, 14.387196232 ], [ -12.12922625199991, 14.387267453000163 ], [ -12.129459171999827, 14.387331735000146 ], [ -12.12969391099989, 14.387389020000171 ], [ -12.129930258999877, 14.387439258000086 ], [ -12.130168003999927, 14.387482402000103 ], [ -12.130406932999904, 14.387518415000159 ], [ -12.130646832999957, 14.387547264000148 ], [ -12.130887487999871, 14.38756892300006 ], [ -12.131128683999918, 14.387583372999984 ], [ -12.13137020299996, 14.387590602000159 ], [ -12.13161183099993, 14.387590602000159 ], [ -12.131853350999961, 14.387583372999984 ], [ -12.131911689999981, 14.387580542000023 ], [ -12.132197395999981, 14.387492625000107 ], [ -12.132797159999882, 14.387313623000068 ], [ -12.133398940999939, 14.38714152200015 ], [ -12.134002659999965, 14.386976345000051 ], [ -12.134608235999963, 14.386818113000118 ], [ -12.13521558899987, 14.386666848000118 ], [ -12.135824639999896, 14.386522568000089 ], [ -12.136435307999875, 14.386385294000092 ], [ -12.137047511999924, 14.386255044000166 ], [ -12.13766117199998, 14.386131834000082 ], [ -12.138276206999876, 14.386015681000117 ], [ -12.138892534999968, 14.385906600000112 ], [ -12.139510075999908, 14.385804605000089 ], [ -12.140128747999938, 14.385709711000061 ], [ -12.14074846799997, 14.385621929000081 ], [ -12.141369155999939, 14.385541272000069 ], [ -12.141990729999918, 14.3854677490001 ], [ -12.142613106999818, 14.385401371000114 ], [ -12.143236205999926, 14.385342145000038 ], [ -12.143859942999939, 14.385290081000164 ], [ -12.144484237999905, 14.385245184999974 ], [ -12.145109006999917, 14.385207463000086 ], [ -12.145734167999933, 14.385176919 ], [ -12.145800227999928, 14.385174112000072 ], [ -12.146198532999904, 14.38540823500017 ], [ -12.146595413999876, 14.385649859000068 ], [ -12.146988497999814, 14.385897611000132 ], [ -12.147377691999964, 14.38615143100003 ], [ -12.147762901999954, 14.386411258000123 ], [ -12.148144034999859, 14.386677030000044 ], [ -12.148520997999981, 14.386948681999968 ], [ -12.148893701999953, 14.38722615 ], [ -12.149262056999817, 14.387509367000121 ], [ -12.1496259729999, 14.387798263000036 ], [ -12.149985363999974, 14.388092771000061 ], [ -12.150340142999937, 14.388392818000113 ], [ -12.150690224999948, 14.388698333000036 ], [ -12.151035524999827, 14.389009243000032 ], [ -12.151375959999939, 14.389325472000166 ], [ -12.151711447999958, 14.389646944000106 ], [ -12.152041908999934, 14.389973581000049 ], [ -12.152367262999974, 14.390305307000176 ], [ -12.15268743099989, 14.390642039000113 ], [ -12.153002336999918, 14.39098369800007 ], [ -12.156886383999961, 14.393188982000083 ], [ -12.161419523999939, 14.394298902000116 ], [ -12.167179952999959, 14.395657775000188 ], [ -12.175592624999979, 14.398355190000132 ], [ -12.186473392999915, 14.401536209000028 ], [ -12.191762701999949, 14.402587825000182 ], [ -12.191940096999872, 14.402632398000037 ], [ -12.192235625999899, 14.402714066000044 ], [ -12.192529158999946, 14.402802638000082 ], [ -12.192820535999886, 14.402898068000184 ], [ -12.193109594999896, 14.403000302000066 ], [ -12.194826982999928, 14.403620413000169 ], [ -12.197964556999978, 14.405073847000153 ], [ -12.199071934999949, 14.405719819000126 ], [ -12.200085598999976, 14.406430700000044 ], [ -12.200848355999938, 14.406965620000108 ], [ -12.200825284999894, 14.408845857000131 ], [ -12.200986777999958, 14.411821938000116 ], [ -12.201378974999955, 14.415582412 ], [ -12.20186345299993, 14.418544651000047 ], [ -12.201955734999899, 14.419744312000091 ], [ -12.201978804999953, 14.420805550000182 ], [ -12.201655819999871, 14.422858815000154 ], [ -12.201402044999838, 14.423920053000018 ], [ -12.198439806999943, 14.428404938000142 ], [ -12.196986371999969, 14.42988144300017 ], [ -12.194079501999965, 14.432719102000021 ], [ -12.191264913999873, 14.435487549000015 ], [ -12.190734294999857, 14.436041238000087 ], [ -12.189580774999968, 14.437358558000028 ], [ -12.189350070999978, 14.43770461400004 ], [ -12.189211648999901, 14.438142950999975 ], [ -12.189096296999935, 14.43871971100009 ], [ -12.189050155999951, 14.439227260000109 ], [ -12.189004014999966, 14.439780950000056 ], [ -12.189027085999896, 14.440265428000032 ], [ -12.189142437999863, 14.440819117000103 ], [ -12.189673056999879, 14.441995707000103 ], [ -12.189926830999923, 14.442387904000157 ], [ -12.190662952999901, 14.443478466000101 ], [ -12.191961639999874, 14.444759541000167 ], [ -12.194637805999889, 14.447251143000074 ], [ -12.198605912999938, 14.450688632000038 ], [ -12.201742871999954, 14.453272678000133 ], [ -12.202966217999915, 14.454103051000175 ], [ -12.204996412999947, 14.455595705000064 ], [ -12.20566545399987, 14.45619553500012 ], [ -12.206103791999908, 14.456910718000074 ], [ -12.206403706999936, 14.45751054800013 ], [ -12.206588269999941, 14.458502575000068 ], [ -12.206611340999928, 14.459263898000074 ], [ -12.206449847999977, 14.460278995000124 ], [ -12.205365538999956, 14.463624203000165 ], [ -12.204904130999978, 14.464685441000029 ], [ -12.20432737099992, 14.465825118000112 ], [ -12.203681399999937, 14.466817145 ], [ -12.203044294999927, 14.468070720000071 ], [ -12.199702905999914, 14.474740959000144 ], [ -12.199600130999954, 14.475087501000075 ], [ -12.199504265999906, 14.475436018000039 ], [ -12.199415348999935, 14.475786372000073 ], [ -12.199333415999831, 14.476138425000158 ], [ -12.199258497999949, 14.476492037000071 ], [ -12.199190625999904, 14.476847068000041 ], [ -12.199129825999933, 14.477203379000173 ], [ -12.19908545699991, 14.477495069000099 ], [ -12.19908253199992, 14.47766695700011 ], [ -12.19908615099996, 14.477858166000033 ], [ -12.199097003999896, 14.478049100000021 ], [ -12.199115072999973, 14.478239487000053 ], [ -12.199140333999935, 14.47842905400006 ], [ -12.199172750999935, 14.478617530000179 ], [ -12.199212275999912, 14.478804643000103 ], [ -12.199258853999879, 14.478990127000031 ], [ -12.199312417999977, 14.479173716 ], [ -12.199372889999893, 14.479355146000103 ], [ -12.199440184999958, 14.479534157999979 ], [ -12.200442316999897, 14.480516346000059 ], [ -12.200972935999857, 14.48095468300005 ], [ -12.202541722999968, 14.481969780999975 ], [ -12.202818567999884, 14.482108203000053 ], [ -12.205324011999892, 14.482950272000039 ], [ -12.21077382999988, 14.484697170000175 ], [ -12.21116082199984, 14.484726693000027 ], [ -12.213352509999879, 14.485418805000108 ], [ -12.214829014999964, 14.486295480000081 ], [ -12.215659548999895, 14.486826098999984 ], [ -12.216859209999882, 14.487633563000031 ], [ -12.219272372999967, 14.489320008 ], [ -12.220472033999954, 14.490496599000096 ], [ -12.220795018999922, 14.491004147000183 ], [ -12.221025722999912, 14.491557837000187 ], [ -12.221464060999949, 14.492942060000019 ], [ -12.221533271999874, 14.494395495000106 ], [ -12.22148713099989, 14.495798175000175 ], [ -12.221371778999924, 14.498912679000114 ], [ -12.221002652999971, 14.506576664000022 ], [ -12.220702737999943, 14.508422295000059 ], [ -12.21874175399995, 14.513345518000165 ], [ -12.217726656999957, 14.515006586000084 ], [ -12.216873051999869, 14.516390810000075 ], [ -12.215996376999897, 14.518121089000147 ], [ -12.214976665999814, 14.520591929000091 ], [ -12.214307623999957, 14.522229927000126 ], [ -12.213823145999925, 14.523890995000045 ], [ -12.213361737999946, 14.525967331000061 ], [ -12.213269455999978, 14.528251300000136 ], [ -12.213357123999913, 14.530943615000069 ], [ -12.214395291999949, 14.534980934000089 ], [ -12.215456529999926, 14.538695268000083 ], [ -12.215571881999949, 14.53920281600017 ], [ -12.216656189999867, 14.544917353000187 ], [ -12.216748471999949, 14.546532281000054 ], [ -12.216633119999926, 14.54819334900003 ], [ -12.216563908999944, 14.54897774300008 ], [ -12.216056359999982, 14.550408107000123 ], [ -12.212840346999883, 14.553358810000077 ], [ -12.211248489999889, 14.554696893000028 ], [ -12.210556377999922, 14.555273652999972 ], [ -12.210118040999873, 14.555550498000059 ], [ -12.209633561999965, 14.555804272000103 ], [ -12.208595393999929, 14.556334891000063 ], [ -12.208041704999971, 14.556542525000168 ], [ -12.20681897399993, 14.55688858100001 ], [ -12.206334495999897, 14.557003933000146 ], [ -12.205919228999846, 14.557003933000146 ], [ -12.199454903999936, 14.556145714000138 ], [ -12.196178907999922, 14.555476673000101 ], [ -12.195209950999981, 14.555269039000166 ], [ -12.193779586999938, 14.554946054000141 ], [ -12.19308747499997, 14.55478456100019 ], [ -12.192533785999956, 14.554669209000053 ], [ -12.191957025999955, 14.554553857000144 ], [ -12.191380265999896, 14.554507716000103 ], [ -12.19059587199996, 14.554553857000144 ], [ -12.188934803999928, 14.554738420000035 ], [ -12.18826576299989, 14.554876842000112 ], [ -12.187689002999946, 14.555038335000063 ], [ -12.186973819999935, 14.555245969 ], [ -12.186350919999882, 14.555615095000178 ], [ -12.186004863999869, 14.555915010000035 ], [ -12.185635737999974, 14.556330277000029 ], [ -12.185543455999948, 14.556699404000085 ], [ -12.185405033999871, 14.557829853000101 ], [ -12.185358892999886, 14.558960302000116 ], [ -12.185335821999956, 14.559675485000071 ], [ -12.185381962999941, 14.560067681000191 ], [ -12.185474221999925, 14.560492662000058 ], [ -12.185737246999906, 14.56158571300017 ], [ -12.185898739999971, 14.564492583000174 ], [ -12.185921809999911, 14.565853736000065 ], [ -12.185852598999872, 14.567030326000122 ], [ -12.185644965999927, 14.568045424000047 ], [ -12.185068205999926, 14.569429648000039 ], [ -12.183287170999961, 14.572737942 ], [ -12.182548918999828, 14.574006814000029 ], [ -12.180804796999951, 14.576479960000029 ], [ -12.17817477199992, 14.579825167000138 ], [ -12.177228885999909, 14.580747983000094 ], [ -12.175983083999938, 14.581716940000092 ], [ -12.173814466999943, 14.58397783900017 ], [ -12.172730158999912, 14.585202877000086 ], [ -12.171507427999927, 14.586887015000173 ], [ -12.171530497999981, 14.58785597200017 ], [ -12.171576638999966, 14.588871069000049 ], [ -12.172107257999812, 14.598415292000027 ], [ -12.172328068999946, 14.600555218000181 ], [ -12.17235900299994, 14.600855009000043 ], [ -12.172776298999906, 14.602383400000122 ], [ -12.172730158999912, 14.609975867000117 ], [ -12.172684017999927, 14.610391134000054 ], [ -12.172522524999977, 14.611498513000129 ], [ -12.172337961999972, 14.612628962000144 ], [ -12.172176468999965, 14.613274933000014 ], [ -12.171899623999934, 14.613782482000033 ], [ -12.171392075999961, 14.614589946000024 ], [ -12.17069996399988, 14.615397409000138 ], [ -12.169731006999939, 14.616112592000093 ], [ -12.169223458999966, 14.616366366000136 ], [ -12.168715909999946, 14.616527859000087 ], [ -12.167746952999892, 14.616620140000123 ], [ -12.166487309999866, 14.616723957000147 ], [ -12.165495282999927, 14.616654746000165 ], [ -12.164249480999956, 14.616631675000122 ], [ -12.163280524999834, 14.616631675000122 ], [ -12.162219286999971, 14.616700886999979 ], [ -12.15958926199994, 14.616885450000098 ], [ -12.154905971999881, 14.617485280000153 ], [ -12.154075436999904, 14.61776212500007 ], [ -12.153729380999948, 14.617969758000072 ], [ -12.153083409999965, 14.618454237000094 ], [ -12.151080899999954, 14.620595169000126 ], [ -12.150550280999823, 14.621241140000052 ], [ -12.150042731999918, 14.622025534000102 ], [ -12.149627464999924, 14.622740716000123 ], [ -12.149166056999945, 14.623548180000171 ], [ -12.145387126999935, 14.633639171000084 ], [ -12.145156422999946, 14.634308212000121 ], [ -12.144939560999944, 14.635058000000186 ], [ -12.144389909999916, 14.639432176000071 ], [ -12.14436741499992, 14.642584485000043 ], [ -12.14438587099994, 14.643212000000176 ], [ -12.144551977999924, 14.645777427999974 ], [ -12.144607346999976, 14.646238836000123 ], [ -12.145358822999981, 14.650595666000015 ], [ -12.145552310999904, 14.651033787000131 ], [ -12.145810698999981, 14.651569020000125 ], [ -12.146106, 14.65217807800002 ], [ -12.146419756999933, 14.652768681000168 ], [ -12.14686270899989, 14.653396195000028 ], [ -12.147342572999889, 14.654042166000067 ], [ -12.149151291999885, 14.65555927600002 ], [ -12.150387864999971, 14.65650054800011 ], [ -12.151679807999926, 14.657275713000047 ], [ -12.15286101199996, 14.657571014000041 ], [ -12.161199574999955, 14.659514464000097 ], [ -12.168054250999944, 14.661037110000109 ], [ -12.17037974699997, 14.661313955000026 ], [ -12.170785785999897, 14.661369324000077 ], [ -12.173461951999968, 14.662033751000081 ], [ -12.174624698999935, 14.662439790000178 ], [ -12.174982968999871, 14.662572853000086 ], [ -12.176119660999973, 14.663381062000099 ], [ -12.176304223999978, 14.66358408200017 ], [ -12.176968651999971, 14.66454381 ], [ -12.177134757999966, 14.664912936000178 ], [ -12.177300864999836, 14.665318975000105 ], [ -12.17743005899996, 14.665780383000083 ], [ -12.17757770999998, 14.667085245000067 ], [ -12.177614622999954, 14.667694303000189 ], [ -12.177559253999959, 14.668820139000047 ], [ -12.17744851599997, 14.669835236000154 ], [ -12.177337777999867, 14.670278187000122 ], [ -12.177153214999976, 14.670628857000167 ], [ -12.176950194999961, 14.670905702000084 ], [ -12.176765631999956, 14.671145634000027 ], [ -12.176507243999879, 14.671477848000166 ], [ -12.176045835999901, 14.672068450000154 ], [ -12.175307582999949, 14.672511402000055 ], [ -12.174864631999981, 14.67271442100008 ], [ -12.174403223999889, 14.672917441000152 ], [ -12.173443494999958, 14.673249654000188 ], [ -12.172631416999934, 14.673397305000094 ], [ -12.171930076999899, 14.673526499000104 ], [ -12.168788206999977, 14.674322780000182 ], [ -12.165182447999882, 14.675859377000052 ], [ -12.164536476999899, 14.676210047000097 ], [ -12.16287540899998, 14.677225145000079 ], [ -12.162561650999862, 14.677446621000115 ], [ -12.160531456999934, 14.67919997100006 ], [ -12.159996222999951, 14.679753660000131 ], [ -12.159627096999884, 14.680215068000109 ], [ -12.159497902999931, 14.680436544000145 ], [ -12.15897743499994, 14.681564225000102 ], [ -12.158940521999909, 14.681804157000045 ], [ -12.158922065999889, 14.68213637000008 ], [ -12.158922065999889, 14.683446769000057 ], [ -12.158940521999909, 14.683834352000076 ], [ -12.159032803999935, 14.68564307000014 ], [ -12.159143541999924, 14.686104478000118 ], [ -12.159309648999908, 14.68660279900007 ], [ -12.159697230999825, 14.687341052000136 ], [ -12.159937162999938, 14.687691722000181 ], [ -12.160638502999973, 14.68857762500005 ], [ -12.161062998999853, 14.688891382000122 ], [ -12.161432124999919, 14.689112857999987 ], [ -12.161948901999949, 14.689260508000132 ], [ -12.162354940999876, 14.689297421000106 ], [ -12.16283711199992, 14.689216098000031 ], [ -12.163298519999898, 14.689129584000113 ], [ -12.163875279999843, 14.689014232000034 ], [ -12.166816754999957, 14.687774198000056 ], [ -12.167451190999941, 14.687485818000027 ], [ -12.167970274999902, 14.68728395200003 ], [ -12.16866238699987, 14.687082086000032 ], [ -12.169296821999978, 14.686937896000188 ], [ -12.170392665999941, 14.686822544000051 ], [ -12.171200129999875, 14.686822544000051 ], [ -12.171748051999941, 14.686880220000035 ], [ -12.172324811999943, 14.686995572000114 ], [ -12.172965014999818, 14.687263766000115 ], [ -12.173426422999967, 14.687494470000047 ], [ -12.174060858999894, 14.688013554000179 ], [ -12.175678335999976, 14.6896290520001 ], [ -12.178501909999909, 14.692454605000023 ], [ -12.178933639999912, 14.692997962000106 ], [ -12.180693597999948, 14.694502102000058 ], [ -12.181155004999937, 14.694876996000175 ], [ -12.181645250999907, 14.695194214000082 ], [ -12.182510390999937, 14.695742136000149 ], [ -12.182971798999915, 14.695944002000147 ], [ -12.184961620999957, 14.696520762000091 ], [ -12.185711407999918, 14.696664952000106 ], [ -12.187009117999935, 14.696549599999969 ], [ -12.187787743999934, 14.696405410000125 ], [ -12.189691051999944, 14.696030516 ], [ -12.191663569999889, 14.695710414000189 ], [ -12.193134307999912, 14.695566224000174 ], [ -12.197575358999927, 14.695361474000094 ], [ -12.200805213999899, 14.695563340000092 ], [ -12.202737359999901, 14.695851720000178 ], [ -12.203198767999879, 14.695938234000039 ], [ -12.204006231999927, 14.696226614000068 ], [ -12.205419292999977, 14.696918726000149 ], [ -12.206745840999929, 14.697639676000108 ], [ -12.20988918199987, 14.700119743000073 ], [ -12.21081199799994, 14.70086953100008 ], [ -12.21326322699997, 14.703205409000134 ], [ -12.213580444999934, 14.703522626000165 ], [ -12.213839986999915, 14.70392635800016 ], [ -12.214162972999816, 14.70448869900008 ], [ -12.214364838999927, 14.704950107000059 ], [ -12.21448019099995, 14.70564221900014 ], [ -12.214278324999952, 14.706565035000096 ], [ -12.214018782999972, 14.707314823000104 ], [ -12.213701564999894, 14.707891583000048 ], [ -12.213153642999941, 14.70864137 ], [ -12.212605720999932, 14.709362319999968 ], [ -12.211769418999836, 14.710544678000133 ], [ -12.210154491999958, 14.712912277000157 ], [ -12.20963540799994, 14.713863931000049 ], [ -12.209224033999817, 14.714668086000074 ], [ -12.208972133999907, 14.715507697000135 ], [ -12.208856781999884, 14.715997943000048 ], [ -12.208799105999901, 14.71640167400011 ], [ -12.20864868599989, 14.719153390000088 ], [ -12.208630642999935, 14.719605710000053 ], [ -12.208619815999896, 14.720058261000077 ], [ -12.208616205999874, 14.720510927000078 ], [ -12.208943295999859, 14.72167902700005 ], [ -12.210974313999941, 14.728793687000064 ], [ -12.211377222999886, 14.729814225000098 ], [ -12.21163676499998, 14.730275633000076 ], [ -12.212663396999972, 14.731763674000035 ], [ -12.212922938999952, 14.73208089200017 ], [ -12.216239307999899, 14.73496469100013 ], [ -12.216700715999821, 14.735310747000142 ], [ -12.217277475999936, 14.735512612999969 ], [ -12.218546347999961, 14.735887507000086 ], [ -12.219238459999929, 14.736060535000036 ], [ -12.219901733999905, 14.736147049000067 ], [ -12.220622682999874, 14.736233563000098 ], [ -12.22244524499996, 14.736276820000057 ], [ -12.226424887999883, 14.736247982000179 ], [ -12.228155166999954, 14.736103792000108 ], [ -12.228645412999924, 14.735988440000028 ], [ -12.230058474999964, 14.735930764000045 ], [ -12.231010128999912, 14.736017278000077 ], [ -12.231702240999823, 14.736132630000043 ], [ -12.232279, 14.73633449600004 ], [ -12.232999949999908, 14.73673822700016 ], [ -12.23334600599992, 14.737084283000172 ], [ -12.233692061999875, 14.737488015000167 ], [ -12.233951603999969, 14.737891747 ], [ -12.234239983999942, 14.738497345000042 ], [ -12.238825924999844, 14.755747099000132 ], [ -12.239164628999958, 14.759372499999984 ], [ -12.239764409999964, 14.765792392000037 ], [ -12.242328158999896, 14.766604246000099 ], [ -12.245062823999945, 14.767416100000105 ], [ -12.248609343999931, 14.768099766000034 ], [ -12.255146903999957, 14.769595287000016 ], [ -12.258095214999912, 14.770321681999974 ], [ -12.26779473299996, 14.772885431000134 ], [ -12.272366751999982, 14.774380951000069 ], [ -12.287834703999977, 14.782755865000013 ], [ -12.288774744999955, 14.784336843000119 ], [ -12.289458411999931, 14.787071509000043 ], [ -12.292791285999897, 14.790788945000145 ], [ -12.296038700999929, 14.794335465000131 ], [ -12.298602449999976, 14.796899214000064 ], [ -12.300824365999858, 14.79912113000006 ], [ -12.308088320999957, 14.806983292999973 ], [ -12.311335736999865, 14.810914374999982 ], [ -12.313130360999935, 14.813307207000094 ], [ -12.314241318999848, 14.814888186000076 ], [ -12.315010443999881, 14.815999144000159 ], [ -12.316634151999949, 14.818520164000063 ], [ -12.317317817999935, 14.819673851 ], [ -12.319411545999969, 14.82159666300015 ], [ -12.324368127999833, 14.825527745000159 ], [ -12.326077293999958, 14.826724161000186 ], [ -12.328085563999934, 14.827963306000129 ], [ -12.33167481199996, 14.829715201000056 ], [ -12.333298519999971, 14.830227950999983 ], [ -12.334708581999905, 14.830612513 ], [ -12.335819539999818, 14.830911617000083 ], [ -12.343468057999928, 14.830527055000061 ], [ -12.346202723999966, 14.830142493000039 ], [ -12.34927922199995, 14.829757930000085 ], [ -12.353808511999887, 14.829587014000026 ], [ -12.35513311599982, 14.829757930000085 ], [ -12.368122777999872, 14.833859929000141 ], [ -12.375942211999927, 14.836680053000066 ], [ -12.377181357999973, 14.837791011000149 ], [ -12.379488731999913, 14.839628364000191 ], [ -12.382437042999982, 14.841807551000102 ], [ -12.38615447899997, 14.843901278999965 ], [ -12.389530081999851, 14.845012237000049 ], [ -12.390598310999962, 14.845225883000182 ], [ -12.391709268999932, 14.845140425000181 ], [ -12.392606580999939, 14.844670404000112 ], [ -12.393546621999974, 14.844499487000121 ], [ -12.39444393499997, 14.844755862000056 ], [ -12.397563162999973, 14.846678674000032 ], [ -12.399443244999929, 14.847960549000106 ], [ -12.410937386999876, 14.856805483000073 ], [ -12.413330218999874, 14.858728294000116 ], [ -12.415381217999936, 14.86069383500012 ], [ -12.41734675899994, 14.862702105000039 ], [ -12.417645862999905, 14.86347123000013 ], [ -12.421277840999949, 14.867402311999967 ], [ -12.423115193999934, 14.869154207000065 ], [ -12.424738901999888, 14.870692457000132 ], [ -12.427388109999981, 14.873256206000121 ], [ -12.430720982999958, 14.876717267 ], [ -12.431319190999886, 14.877443662000189 ], [ -12.432173773999978, 14.878511891000187 ], [ -12.43396839899998, 14.880691078000098 ], [ -12.435079356999893, 14.881716577000134 ], [ -12.43648941899994, 14.88295572300018 ], [ -12.440249583999844, 14.885861305000049 ], [ -12.441702374999977, 14.886886805000188 ], [ -12.447000789999947, 14.889835116000143 ], [ -12.447940830999926, 14.890305137000041 ], [ -12.448624496999912, 14.890347866000127 ], [ -12.449649996999938, 14.890817886000093 ], [ -12.450461850999886, 14.891373365000163 ], [ -12.451401891999865, 14.892356135999989 ], [ -12.452128287999926, 14.893338906000167 ], [ -12.453324703999954, 14.89577446800007 ], [ -12.453495619999899, 14.896415405000027 ], [ -12.453495619999899, 14.897483634000082 ], [ -12.453111057999877, 14.89821002900004 ], [ -12.452470120999976, 14.899662821000163 ], [ -12.451743724999972, 14.901329257000043 ], [ -12.450290933999952, 14.904918506000058 ], [ -12.449393621999945, 14.907653172000039 ], [ -12.449009059999923, 14.908892317000152 ], [ -12.448496309999882, 14.911926086999983 ], [ -12.448496309999882, 14.913122503000068 ], [ -12.448667225999884, 14.91483166900008 ], [ -12.449137246999953, 14.916626293000036 ], [ -12.449991829999874, 14.918164543000159 ], [ -12.45088914199988, 14.919446417000131 ], [ -12.451786453999887, 14.920642833000045 ], [ -12.452042828999936, 14.922266541000056 ], [ -12.453196515999934, 14.929615955000145 ], [ -12.453367432999869, 14.931538767000063 ], [ -12.453666536999833, 14.935982598000123 ], [ -12.453751994999891, 14.940212783999982 ], [ -12.453922911999882, 14.941622846000143 ], [ -12.454606577999982, 14.94670761500015 ], [ -12.456273014999908, 14.958329944000127 ], [ -12.456572118999816, 14.960380943000132 ], [ -12.459007680999889, 14.974567021000041 ], [ -12.45972120599987, 14.977840895000043 ], [ -12.460729536999963, 14.98153810600013 ], [ -12.461821894999957, 14.984647125000095 ], [ -12.463334389999943, 14.987420033000035 ], [ -12.470308674999956, 14.995570703000112 ], [ -12.471989224999902, 14.997503336000023 ], [ -12.482072527999946, 15.007418584000106 ], [ -12.484257243999878, 15.009435245000077 ], [ -12.485433628999942, 15.010443575000011 ], [ -12.486946124999974, 15.011703988000136 ], [ -12.489298895999923, 15.013552594000146 ], [ -12.491315555999904, 15.015065089000132 ], [ -12.492828051999822, 15.015989392000165 ], [ -12.494508601999939, 15.016661612000178 ], [ -12.496357207999949, 15.01733383200019 ], [ -12.499466225999981, 15.018174108000096 ], [ -12.501482886999952, 15.018174108000096 ], [ -12.502071079999951, 15.017585915000154 ], [ -12.505264125999929, 15.017753970000115 ], [ -12.510137721999911, 15.019770631000085 ], [ -12.512994657999968, 15.021283126000071 ], [ -12.515767565999965, 15.022375484000065 ], [ -12.518960611999944, 15.023383814000169 ], [ -12.521145327999875, 15.023972007000111 ], [ -12.533245291999947, 15.027249080000047 ], [ -12.540639713999894, 15.029265741000017 ], [ -12.54937857699997, 15.031786567000097 ], [ -12.552655649999963, 15.033299062000083 ], [ -12.554924393999954, 15.034643503000041 ], [ -12.557193136999956, 15.036324053000158 ], [ -12.558537576999925, 15.038004604000037 ], [ -12.561142430999894, 15.040861540000151 ], [ -12.563243118999878, 15.042962228000079 ], [ -12.572318091999875, 15.050608733000104 ], [ -12.572990311999888, 15.050524705000043 ], [ -12.576519467999958, 15.052373311000053 ], [ -12.578284045999965, 15.053465669000047 ], [ -12.583157641999946, 15.056826770000043 ], [ -12.589291651999815, 15.063717027000052 ], [ -12.596536184999877, 15.07349714500009 ], [ -12.59769440499997, 15.075060743000165 ], [ -12.599627037999937, 15.077833651000105 ], [ -12.600635367999928, 15.079598229000055 ], [ -12.603492303999815, 15.082119055000135 ], [ -12.607105486999899, 15.084639881000157 ], [ -12.609038120999912, 15.085648211000091 ], [ -12.611727000999906, 15.086656541000025 ], [ -12.615928377999978, 15.088000982000153 ], [ -12.619793643999969, 15.089429450000011 ], [ -12.624751267999841, 15.091446110000106 ], [ -12.628616533999889, 15.093462771000077 ], [ -12.631473469999946, 15.094807211000102 ], [ -12.634246377999943, 15.0959835970001 ], [ -12.636851231999913, 15.097075955000037 ], [ -12.640800525999907, 15.099008588000174 ], [ -12.644245653999974, 15.101193303 ], [ -12.648278974999926, 15.103546074000121 ], [ -12.652144241999963, 15.105226625000171 ], [ -12.659538663999911, 15.108419671000036 ], [ -12.661555324999881, 15.109175918000176 ], [ -12.664076149999914, 15.110016194000025 ], [ -12.667353223999896, 15.110184248999985 ], [ -12.668865718999825, 15.110184248999985 ], [ -12.67172265499994, 15.110100221000152 ], [ -12.674495563999869, 15.109512028999973 ], [ -12.677772636999975, 15.108335642999975 ], [ -12.681217765999975, 15.106318983000108 ], [ -12.684746921999874, 15.103546074000121 ], [ -12.686007334999886, 15.101277331000063 ], [ -12.68718371999995, 15.097916230000067 ], [ -12.687603857999932, 15.0959835970001 ], [ -12.687855939999963, 15.093630826000037 ], [ -12.687855939999963, 15.09169819300007 ], [ -12.687603857999932, 15.090605835000133 ], [ -12.68793996799991, 15.089429450000011 ], [ -12.688444132999962, 15.088000982000153 ], [ -12.688485541999853, 15.087942318999978 ], [ -12.689066786999888, 15.087118888000191 ], [ -12.689452462999895, 15.086572514000068 ], [ -12.690796903999967, 15.085396129000173 ], [ -12.691721205999954, 15.085060017999979 ], [ -12.693065646999912, 15.08531210100017 ], [ -12.694326059999923, 15.086404459000107 ], [ -12.694914251999933, 15.088000982000153 ], [ -12.695166334999897, 15.090101670000081 ], [ -12.695754527999895, 15.092034303 ], [ -12.696258692999947, 15.09354679900008 ], [ -12.696762857999943, 15.094555129000014 ], [ -12.698023270999954, 15.09615165200006 ], [ -12.6997038209999, 15.097580120000146 ], [ -12.702056591999963, 15.099344698000095 ], [ -12.704577417999928, 15.101025248000042 ], [ -12.708610738999937, 15.102957882000112 ], [ -12.712223922999954, 15.103966212000046 ], [ -12.714240583999981, 15.104302322000137 ], [ -12.717517656999973, 15.105310652000071 ], [ -12.719450289999941, 15.106066900000144 ], [ -12.722391253999888, 15.107747451000023 ], [ -12.724996106999981, 15.1095960560001 ], [ -12.72734887799993, 15.111360634000107 ], [ -12.731298170999935, 15.114553680000142 ], [ -12.733987051999918, 15.117326589000129 ], [ -12.736928015999922, 15.121023800000103 ], [ -12.739616895999973, 15.124805038000147 ], [ -12.74247383199986, 15.128502250000167 ], [ -12.744910630999868, 15.131359185000179 ], [ -12.746087015999933, 15.132367516000045 ], [ -12.75339741099998, 15.137241112000027 ], [ -12.754625061999946, 15.137913397000148 ], [ -12.756926566999937, 15.139173745000164 ], [ -12.761043915999892, 15.140854296000043 ], [ -12.770202915999903, 15.14446748000006 ], [ -12.776420952999956, 15.146316085000137 ], [ -12.779445943999974, 15.146904278000022 ], [ -12.782723016999967, 15.147828581000056 ], [ -12.785495925999953, 15.149173021000081 ], [ -12.788604943999928, 15.1516098190001 ], [ -12.791377852999915, 15.155138975000057 ], [ -12.792806320999887, 15.160768820000044 ], [ -12.792974375999961, 15.166482691 ], [ -12.791629934999889, 15.17118823300018 ], [ -12.789781329999812, 15.176061829000162 ], [ -12.787512585999934, 15.181439591000128 ], [ -12.785748007999871, 15.185472912000023 ], [ -12.785159815999975, 15.187825683000085 ], [ -12.784907732999955, 15.189170124000043 ], [ -12.786672310999961, 15.196060381000166 ], [ -12.788184806999936, 15.19984161900004 ], [ -12.790789659999916, 15.205639519000158 ], [ -12.792806320999887, 15.208496455000102 ], [ -12.794234788999972, 15.210008950000088 ], [ -12.796335476999957, 15.211605473000134 ], [ -12.801797265999937, 15.214798519000169 ], [ -12.803645871999947, 15.215722821999975 ], [ -12.805494476999968, 15.216563097000176 ], [ -12.807091, 15.217067262000057 ], [ -12.809863907999954, 15.216899207000097 ], [ -12.814569449999965, 15.216563097000176 ], [ -12.816754165999896, 15.216311015000088 ], [ -12.818350688999942, 15.216058932000124 ], [ -12.820451376999927, 15.215638794000142 ], [ -12.822384009999951, 15.21496657400013 ], [ -12.824316642999918, 15.214210326000114 ], [ -12.825324972999965, 15.213790189000065 ], [ -12.82683746899994, 15.212865886000031 ], [ -12.829442321999977, 15.211017280000021 ], [ -12.832131202999904, 15.208664510000062 ], [ -12.833643697999889, 15.207320069000104 ], [ -12.834988138999961, 15.205723546000058 ], [ -12.838433266999971, 15.202782583000044 ], [ -12.840029789999903, 15.201522170000089 ], [ -12.842970753999964, 15.200177729000131 ], [ -12.84465130399991, 15.200093702 ], [ -12.846836019999955, 15.200345785000025 ], [ -12.849188790999847, 15.201102032000165 ], [ -12.851289478999945, 15.202362445000063 ], [ -12.853054056999895, 15.205723546000058 ], [ -12.853810304999968, 15.210092978000148 ], [ -12.853978359999928, 15.212193666000019 ], [ -12.854566551999937, 15.214294354000117 ], [ -12.855995019999966, 15.217151290000061 ], [ -12.859524176999969, 15.223285299000167 ], [ -12.861204726999915, 15.225301960000138 ], [ -12.862885277999965, 15.227066538000145 ], [ -12.868935258999954, 15.232108189000087 ], [ -12.871708167999884, 15.234040823000157 ], [ -12.873640800999908, 15.235301235000179 ], [ -12.875825516999953, 15.23664567600008 ], [ -12.879354672999909, 15.238326226000083 ], [ -12.881035222999969, 15.239082474000099 ], [ -12.883472020999875, 15.239838722000172 ], [ -12.885824791999937, 15.240594970000188 ], [ -12.887841452999908, 15.241519272000119 ], [ -12.889185892999933, 15.242443575000095 ], [ -12.89036227899993, 15.243619961000093 ], [ -12.892883103999964, 15.24630884100003 ], [ -12.895151847999955, 15.248745640000095 ], [ -12.896664342999941, 15.251266465000072 ], [ -12.897672672999875, 15.25437548400015 ], [ -12.898092810999913, 15.259165053000061 ], [ -12.897504617999914, 15.261937961000172 ], [ -12.896244204999903, 15.264122677000103 ], [ -12.894227544999922, 15.265803228000152 ], [ -12.89204282899982, 15.267231695000135 ], [ -12.890110195999966, 15.267651833000059 ], [ -12.886749094999971, 15.268071970999983 ], [ -12.883976186999917, 15.268155998000111 ], [ -12.881623415999968, 15.26781988800019 ], [ -12.878682451999964, 15.266895585000043 ], [ -12.876161626999931, 15.265635172000088 ], [ -12.874481075999881, 15.264122677000103 ], [ -12.87313663599997, 15.262358099000096 ], [ -12.872128304999933, 15.260929631000067 ], [ -12.871204002999832, 15.259669218000113 ], [ -12.868935258999954, 15.257904640000106 ], [ -12.86700262599993, 15.256476172000077 ], [ -12.864145689999873, 15.254711594000071 ], [ -12.85355822199989, 15.25252687800014 ], [ -12.851793643999883, 15.252358823000179 ], [ -12.850365175999912, 15.2526949330001 ], [ -12.84893670799994, 15.253619236000134 ], [ -12.847928377999835, 15.255551869000044 ], [ -12.847340184999837, 15.257064365000133 ], [ -12.845995744999982, 15.258492833000048 ], [ -12.842886725999961, 15.260677548000046 ], [ -12.841122147999954, 15.262358099000096 ], [ -12.839861734999943, 15.264038649000042 ], [ -12.837677019999944, 15.267735861000062 ], [ -12.834652028999926, 15.272945567000022 ], [ -12.833391615999915, 15.276138613000057 ], [ -12.832803422999916, 15.278239301000156 ], [ -12.832299257999864, 15.280676100000051 ], [ -12.832467312999825, 15.282440678000057 ], [ -12.832971477999877, 15.284373311000024 ], [ -12.833643697999889, 15.286558027000126 ], [ -12.834820083999887, 15.288994825000088 ], [ -12.838601321999931, 15.295296888999985 ], [ -12.841878395999913, 15.304203807000135 ], [ -12.843642973999977, 15.308237127999973 ], [ -12.844735331999971, 15.310589899000036 ], [ -12.84549157999993, 15.311766284000157 ], [ -12.847340184999837, 15.313782945000128 ], [ -12.848852680999926, 15.315211412999986 ], [ -12.850533230999872, 15.316723907999972 ], [ -12.85355822199989, 15.318572513999982 ], [ -12.855910992999952, 15.320000982000067 ], [ -12.857927653999923, 15.320925285000101 ], [ -12.863977634999912, 15.324454441000057 ], [ -12.869859561999874, 15.327899569000181 ], [ -12.873052607999909, 15.330252340000072 ], [ -12.876833846999887, 15.332941221000056 ], [ -12.881035222999969, 15.335293992000118 ], [ -12.883387993999918, 15.336470377000012 ], [ -12.886328956999932, 15.337562735000176 ], [ -12.889690057999928, 15.338318983000022 ], [ -12.89204282899982, 15.338655093000114 ], [ -12.898344893999877, 15.338234955000189 ], [ -12.899689333999845, 15.337562735000176 ], [ -12.901705994999816, 15.337394680000045 ], [ -12.904815012999904, 15.337394680000045 ], [ -12.907587921999948, 15.337730790000137 ], [ -12.91069693999998, 15.338318983000022 ], [ -12.913553875999924, 15.339579396000147 ], [ -12.916494838999881, 15.341091891000133 ], [ -12.922292738999886, 15.343696744000113 ], [ -12.928846885999974, 15.346469653000099 ], [ -12.932123958999966, 15.347982148000142 ], [ -12.93481283999995, 15.350082836000013 ], [ -12.938678105999941, 15.353275882000048 ], [ -12.941198931999963, 15.355796708000128 ], [ -12.942963509999856, 15.357813369000098 ], [ -12.946072528999878, 15.362350855000159 ], [ -12.947248913999942, 15.365207791000103 ], [ -12.947585023999977, 15.367560562 ], [ -12.947500996999963, 15.371845966000024 ], [ -12.946828775999904, 15.375291094000147 ], [ -12.945988500999931, 15.378820250000103 ], [ -12.945736417999967, 15.380836911000074 ], [ -12.944980170999827, 15.390163966000046 ], [ -12.944812115999866, 15.393861178000066 ], [ -12.94489614299988, 15.397894499000131 ], [ -12.945232252999972, 15.401843793000012 ], [ -12.946324610999966, 15.405709059000117 ], [ -12.947080858999982, 15.410750710000059 ], [ -12.94674474899989, 15.412431261000108 ], [ -12.945652390999953, 15.416968747000055 ], [ -12.944223922999868, 15.419657628000039 ], [ -12.942795454999896, 15.421170124000128 ], [ -12.939854491999938, 15.423859004 ], [ -12.932039931999952, 15.428396491 ], [ -12.930023270999982, 15.428312463000168 ], [ -12.924645508999959, 15.435958968000023 ], [ -12.923973288999946, 15.438143684000124 ], [ -12.923637178999968, 15.439572152000039 ], [ -12.923721206999971, 15.44158881300018 ], [ -12.924057316999892, 15.443269363000127 ], [ -12.92506564699994, 15.444613803000152 ], [ -12.926746197999876, 15.445538106000186 ], [ -12.931619793999971, 15.447890877000077 ], [ -12.935989224999958, 15.446630464000123 ], [ -12.939182270999879, 15.445622134000189 ], [ -12.94027462899993, 15.444949914000176 ], [ -12.940946848999886, 15.444613803000152 ], [ -12.942711427999939, 15.444193666000103 ], [ -12.945148225999958, 15.443689501000051 ], [ -12.949601684999948, 15.442849224999975 ], [ -12.952458620999892, 15.442597143000114 ], [ -12.954223198999955, 15.442765198000075 ], [ -12.955903748999901, 15.443521446000091 ], [ -12.95817249199996, 15.444865886000173 ], [ -12.958382951999965, 15.445085496000047 ], [ -12.960105124999927, 15.446882547000143 ], [ -12.961449565999942, 15.45057975800006 ], [ -12.961365537999939, 15.453856831000053 ], [ -12.960609290999969, 15.459738758000071 ], [ -12.959684987999879, 15.46385610700014 ], [ -12.958928739999919, 15.469149841000103 ], [ -12.958424574999867, 15.473855383000057 ], [ -12.958508601999881, 15.476208153000016 ], [ -12.959769014999893, 15.48175397000017 ], [ -12.96186970399998, 15.486963677000176 ], [ -12.962541923999936, 15.48998866800008 ], [ -12.962205813999901, 15.49259352100006 ], [ -12.961533592999956, 15.495366429000171 ], [ -12.96094540099989, 15.49620670500002 ], [ -12.958256519999907, 15.496878925000033 ], [ -12.955315555999903, 15.497803228000066 ], [ -12.956828051999935, 15.50141641100015 ], [ -12.958508601999881, 15.500492108000117 ], [ -12.960441235999838, 15.500828219000141 ], [ -12.962794005999967, 15.501500438999983 ], [ -12.964138446999925, 15.501920576000032 ], [ -12.965482886999894, 15.502172659 ], [ -12.967331492999904, 15.502340714000127 ], [ -12.969264125999928, 15.502172659 ], [ -12.970776620999914, 15.501332384000023 ], [ -12.973297446999879, 15.499651832999973 ], [ -12.976070354999877, 15.498475448000079 ], [ -12.979011318999937, 15.497971283000027 ], [ -12.98245644699989, 15.497551145000102 ], [ -12.986237685999924, 15.497551145000102 ], [ -12.989934896999955, 15.497803228000066 ], [ -12.991951557999926, 15.497887255000023 ], [ -12.99413627399997, 15.497635173000106 ], [ -12.997329319999835, 15.49696295200016 ], [ -13.006152209999925, 15.494021989000089 ], [ -13.007916787999932, 15.493181714000116 ], [ -13.01178205399998, 15.489652558000159 ], [ -13.013378576999912, 15.488056035000113 ], [ -13.015311209999936, 15.486039373999972 ], [ -13.01640356799993, 15.485031044000038 ], [ -13.025142430999892, 15.482342163000055 ], [ -13.032872962999875, 15.480661612000176 ], [ -13.04329237699983, 15.479317172000151 ], [ -13.048250000999928, 15.47914911700019 ], [ -13.052535403999968, 15.479233144000091 ], [ -13.055980532999911, 15.479821337000033 ], [ -13.060433991999957, 15.481417860000022 ], [ -13.06463536799987, 15.482930355000065 ], [ -13.068584661999978, 15.485283126000127 ], [ -13.073794368999927, 15.488392145000034 ], [ -13.076231166999889, 15.48982061300012 ], [ -13.083877671999915, 15.492929631000152 ], [ -13.085726276999935, 15.493433796000033 ], [ -13.091608203999897, 15.494526153999971 ], [ -13.096313745999964, 15.495618512000135 ], [ -13.099926928999935, 15.497215035000181 ], [ -13.101859561999959, 15.499399751000112 ], [ -13.102783864999878, 15.502508769000087 ], [ -13.10311997499997, 15.504777512000146 ], [ -13.102699837999978, 15.508558751000123 ], [ -13.101187341999946, 15.516877476000161 ], [ -13.09967484699996, 15.52301148600003 ], [ -13.098498460999963, 15.526120504 ], [ -13.096985965999977, 15.529733688000022 ], [ -13.094801249999932, 15.533262843999978 ], [ -13.091356121999979, 15.538136440000187 ], [ -13.088499185999979, 15.541497541000183 ], [ -13.087322799999981, 15.543094064000059 ], [ -13.085810304999882, 15.545362808000164 ], [ -13.085390166999957, 15.546455165000054 ], [ -13.085054056999923, 15.550068349000071 ], [ -13.084717946999831, 15.555698193000126 ], [ -13.084717946999831, 15.557042634000027 ], [ -13.085810304999882, 15.560403735000079 ], [ -13.086818634999929, 15.563260671000023 ], [ -13.087490854999942, 15.564605111000049 ], [ -13.088751267999953, 15.566033579000134 ], [ -13.090935983999941, 15.567714130000184 ], [ -13.092868616999908, 15.570487038000067 ], [ -13.093540836999921, 15.571915506000153 ], [ -13.093876946999956, 15.573596056000099 ], [ -13.092616533999944, 15.574604387000136 ], [ -13.090515845999846, 15.574604387000136 ], [ -13.088499185999979, 15.575360634000106 ], [ -13.087154744999907, 15.577041185000155 ], [ -13.086482524999894, 15.57838562500018 ], [ -13.08623044199993, 15.579898121000099 ], [ -13.086314469999934, 15.581158534000053 ], [ -13.087238772999967, 15.582418947000122 ], [ -13.087995020999813, 15.583259222000095 ], [ -13.08984362599989, 15.583847415000037 ], [ -13.092700561999948, 15.584519635000049 ], [ -13.097406102999912, 15.586284213 ], [ -13.103288029999931, 15.588721011000018 ], [ -13.104212332999964, 15.589477259000091 ], [ -13.108161626999959, 15.592082112000014 ], [ -13.111690782999915, 15.594014745000152 ], [ -13.114463690999969, 15.595023076000189 ], [ -13.119841452999935, 15.596787654000025 ], [ -13.125303241999916, 15.598636259000102 ], [ -13.13723515099997, 15.602753608000171 ], [ -13.146478178999928, 15.60695498400014 ], [ -13.155133013999887, 15.611492471000133 ], [ -13.156820239999945, 15.612490292000189 ], [ -13.157218223999962, 15.612725659000034 ], [ -13.162947573999872, 15.616113985000084 ], [ -13.170089913999959, 15.620315361000053 ], [ -13.17311490499992, 15.622079939000059 ], [ -13.177484335999964, 15.624432710000121 ], [ -13.180845436999903, 15.625945205000107 ], [ -13.183786399999974, 15.62670145300018 ], [ -13.186811390999878, 15.627289646000065 ], [ -13.188659996999888, 15.627373673000022 ], [ -13.188668064999945, 15.627373153000121 ], [ -13.191264849999925, 15.627205618000062 ], [ -13.19361762099993, 15.626953536000144 ], [ -13.196642611999835, 15.626365343000089 ], [ -13.199079409999911, 15.625441040000055 ], [ -13.20075996099996, 15.624600765000082 ], [ -13.204037033999953, 15.622332022000023 ], [ -13.205801611999959, 15.620819526000105 ], [ -13.207230079999931, 15.618970921000027 ], [ -13.209330767999916, 15.616366067000172 ], [ -13.211683538999978, 15.614349407000077 ], [ -13.214456447999908, 15.612668856000028 ], [ -13.217061300999944, 15.612668856000028 ], [ -13.220002263999959, 15.612836910999988 ], [ -13.224119612999914, 15.613761214000021 ], [ -13.226724465999951, 15.614517462000038 ], [ -13.22932931999992, 15.616450095000175 ], [ -13.230169594999893, 15.618550783000103 ], [ -13.231766117999939, 15.623928545000069 ], [ -13.232858475999876, 15.627121591000105 ], [ -13.23395083399987, 15.629558389000124 ], [ -13.236219576999929, 15.634011848000114 ], [ -13.23731193499998, 15.636028508000152 ], [ -13.239412622999964, 15.638969472000156 ], [ -13.241345255999818, 15.641406270000118 ], [ -13.243109833999881, 15.643338903000085 ], [ -13.245294549999926, 15.645775701000105 ], [ -13.247899402999963, 15.649472913000125 ], [ -13.249411898999881, 15.653002069000081 ], [ -13.250000090999947, 15.656195115000116 ], [ -13.25067231099996, 15.661488849000079 ], [ -13.251092448999941, 15.667118693000134 ], [ -13.251176476999944, 15.669639519000157 ], [ -13.250756338999906, 15.672076317000176 ], [ -13.249243842999931, 15.674429088000068 ], [ -13.247563292999871, 15.675773528000093 ], [ -13.246134824999956, 15.676865886000087 ], [ -13.24462232999997, 15.677201996000178 ], [ -13.242437613999982, 15.676865886000087 ], [ -13.240589007999972, 15.676025611000114 ], [ -13.23832026499997, 15.674429088000068 ], [ -13.236975824999945, 15.673336730000074 ], [ -13.234202915999958, 15.672076317000176 ], [ -13.232438337999952, 15.671656180000127 ], [ -13.230673759999945, 15.671320069000103 ], [ -13.228489043999957, 15.671320069000103 ], [ -13.22126267699997, 15.6724964550001 ], [ -13.220002263999959, 15.673168675000113 ], [ -13.218741850999947, 15.673924923000186 ], [ -13.217397410999979, 15.675017281000123 ], [ -13.215380749999895, 15.677201996000178 ], [ -13.211599511999964, 15.683251978000158 ], [ -13.208070355999894, 15.689554043000157 ], [ -13.207230079999931, 15.691654731000085 ], [ -13.206893969999896, 15.693167226000071 ], [ -13.206893969999896, 15.694931804000021 ], [ -13.207650217999969, 15.69644430000011 ], [ -13.208490492999942, 15.697704713000064 ], [ -13.209246740999959, 15.698376933000077 ], [ -13.210591180999927, 15.699385263000011 ], [ -13.212103676999845, 15.700393594000047 ], [ -13.214204364999944, 15.701485951000109 ], [ -13.216052970999954, 15.702746364 ], [ -13.217649493999943, 15.704174832000092 ], [ -13.218993933999911, 15.705855383000142 ], [ -13.219750181999871, 15.706863713000075 ], [ -13.221430731999931, 15.708544264000125 ], [ -13.224455722999835, 15.711317172000065 ], [ -13.228236961999869, 15.714762301000121 ], [ -13.232858475999876, 15.719047704000047 ], [ -13.23546332899997, 15.721736585000031 ], [ -13.238068181999836, 15.724173383 ], [ -13.240841090999936, 15.726610182000115 ], [ -13.244286218999946, 15.729467118000059 ], [ -13.25252091699997, 15.735769182000126 ], [ -13.256890347999956, 15.738878201000091 ], [ -13.260419503999913, 15.741146944000093 ], [ -13.269746559999874, 15.748541366000154 ], [ -13.277981256999908, 15.755683706000127 ], [ -13.281426385999964, 15.75896077900012 ], [ -13.283443046999935, 15.761145495000051 ], [ -13.285291651999955, 15.763162156000021 ], [ -13.286552064999967, 15.765178816000059 ], [ -13.287980532999939, 15.768287835000024 ], [ -13.28915691799989, 15.771060743000135 ], [ -13.289493028999914, 15.773917679000078 ], [ -13.289409000999967, 15.776522532 ], [ -13.288820807999969, 15.783076679000089 ], [ -13.288232615999902, 15.784085010000126 ], [ -13.287224284999979, 15.785429450000152 ], [ -13.285291651999955, 15.786353753000185 ], [ -13.283022908999953, 15.786773891000109 ], [ -13.280922220999969, 15.78694194600007 ], [ -13.27949375299994, 15.786605836000149 ], [ -13.27747709199997, 15.785765560000073 ], [ -13.275376403999928, 15.784169037000026 ], [ -13.273443770999904, 15.783160707000093 ], [ -13.271259054999973, 15.78248848700008 ], [ -13.26966253199987, 15.782404459000077 ], [ -13.268402118999859, 15.78248848700008 ], [ -13.266721568999969, 15.783412790000114 ], [ -13.265545183999905, 15.784085010000126 ], [ -13.264536852999981, 15.785513477999984 ], [ -13.264284770999893, 15.787362083000119 ], [ -13.264368797999907, 15.788958606000108 ], [ -13.26504101799992, 15.790891239000075 ], [ -13.265881293999939, 15.792571790000125 ], [ -13.26688962399993, 15.79408428500011 ], [ -13.267981981999981, 15.795092616000147 ], [ -13.269746559999874, 15.796184974000141 ], [ -13.271427109999934, 15.797361359000035 ], [ -13.273107660999926, 15.798621772000104 ], [ -13.28033402799997, 15.804167589000087 ], [ -13.285123596999881, 15.808284937000053 ], [ -13.28663609299997, 15.809797433000142 ], [ -13.288568725999937, 15.811730066000052 ], [ -13.290333303999887, 15.813998809000111 ], [ -13.293526349999865, 15.819124488000114 ], [ -13.295711065999967, 15.823577947000103 ], [ -13.297223560999953, 15.82710710300006 ], [ -13.298315918999947, 15.832736947000114 ], [ -13.29915619399992, 15.837442489000068 ], [ -13.299324248999881, 15.841979975000129 ], [ -13.297895780999909, 15.848702177000177 ], [ -13.296887450999975, 15.854332022000165 ], [ -13.296887450999975, 15.857693123000161 ], [ -13.296887450999975, 15.859961866 ], [ -13.2973075889999, 15.863406995000048 ], [ -13.297979808999912, 15.866600041000083 ], [ -13.29898813899996, 15.869456976000151 ], [ -13.300332578999928, 15.871893775000046 ], [ -13.301256881999905, 15.873238215000072 ], [ -13.303945762999888, 15.87533890300017 ], [ -13.307642973999918, 15.878111812000043 ], [ -13.315961698999956, 15.882901381000067 ], [ -13.319490854999856, 15.885170124000126 ], [ -13.322767928999838, 15.887522895000018 ], [ -13.324532506999901, 15.889791638000077 ], [ -13.326381112999911, 15.893740932000185 ], [ -13.326885277999963, 15.896261757000104 ], [ -13.326465139999925, 15.8996228580001 ], [ -13.325372781999874, 15.902227712000183 ], [ -13.323944313999903, 15.905420758000048 ], [ -13.321759598999961, 15.907353391000186 ], [ -13.318986689999974, 15.909370051000053 ], [ -13.313945038999975, 15.913067263000073 ], [ -13.313020735999885, 15.914075593000177 ], [ -13.311592267999913, 15.91659641900003 ], [ -13.31075199299994, 15.918360997000036 ], [ -13.3109200479999, 15.920629740000095 ], [ -13.311340184999949, 15.922478346000105 ], [ -13.312180460999912, 15.924915144000067 ], [ -13.313188790999959, 15.92642763900011 ], [ -13.315961698999956, 15.929536658000188 ], [ -13.317306139999914, 15.930376933 ], [ -13.321927653999921, 15.930881098000043 ], [ -13.323860286999889, 15.93020887800003 ], [ -13.325792919999913, 15.929872768000109 ], [ -13.327977635999957, 15.930713043000083 ], [ -13.331422763999967, 15.932225539 ], [ -13.334699837999949, 15.934074144000135 ], [ -13.337640800999964, 15.935922750000145 ], [ -13.343102589999944, 15.940208154000118 ], [ -13.344951195999954, 15.942140787000085 ], [ -13.347976186999972, 15.945585915000038 ], [ -13.351169232999894, 15.949535209000146 ], [ -13.354950471999871, 15.954660888000092 ], [ -13.359656012999835, 15.963651833000029 ], [ -13.362092810999911, 15.968441402000053 ], [ -13.36276503199997, 15.969953897999972 ], [ -13.363353223999923, 15.972978889000103 ], [ -13.363521278999883, 15.975163605000034 ], [ -13.363689333999957, 15.979112898000039 ], [ -13.362596975999963, 15.989028146000066 ], [ -13.362008783999897, 15.992221192000159 ], [ -13.361420590999899, 15.993145495000135 ], [ -13.361840728999937, 15.995246183000063 ], [ -13.362260865999872, 15.997178815999973 ], [ -13.363605306999943, 15.999783670000056 ], [ -13.364949746999969, 16.001296165000042 ], [ -13.366294187999927, 16.002304496000079 ], [ -13.367806682999912, 16.003144771000052 ], [ -13.369487233999962, 16.00516143100009 ], [ -13.37242819699992, 16.009026698000071 ], [ -13.373352499999953, 16.010707248000074 ], [ -13.373688609999874, 16.011799606000011 ], [ -13.374192774999926, 16.014404459000161 ], [ -13.374696939999978, 16.016757230000053 ], [ -13.375453187999938, 16.019782221000128 ], [ -13.376797627999963, 16.022471102000111 ], [ -13.377133738999817, 16.024403735000078 ], [ -13.376713600999949, 16.027764836000074 ], [ -13.375621242999898, 16.035999534000041 ], [ -13.374612912999964, 16.040789103000122 ], [ -13.373016389999918, 16.046166864000156 ], [ -13.372764306999954, 16.049359910000021 ], [ -13.372764306999954, 16.050368241000058 ], [ -13.373772636999888, 16.05364531400005 ], [ -13.376377490999971, 16.058686966000096 ], [ -13.385788573999946, 16.063224452000043 ], [ -13.387805233999927, 16.063476535000177 ], [ -13.389065646999939, 16.063140425000086 ], [ -13.391166334999923, 16.063308480000046 ], [ -13.393351050999968, 16.064232782000147 ], [ -13.396964234999871, 16.065745278000065 ], [ -13.406627399999934, 16.069778599000074 ], [ -13.411374913999907, 16.071543229999975 ], [ -13.416122510999969, 16.07330775500003 ], [ -13.421290154999895, 16.075198436999983 ], [ -13.426457895999931, 16.077088994000178 ], [ -13.435364813999968, 16.080870233000155 ], [ -13.445532144999902, 16.086416048999979 ], [ -13.447380749999923, 16.087844517000065 ], [ -13.448641162999934, 16.08927298500015 ], [ -13.45225434699995, 16.096499353000127 ], [ -13.453598786999976, 16.103053499999987 ], [ -13.453934897999886, 16.105826408000098 ], [ -13.454859199999817, 16.107002793 ], [ -13.456959887999972, 16.108515289000081 ], [ -13.458388355999944, 16.109439592000115 ], [ -13.46015293399995, 16.109859729000107 ], [ -13.46200153999996, 16.109775702000036 ], [ -13.465782778999937, 16.10876737100017 ], [ -13.468723741999895, 16.107843069000069 ], [ -13.470404292999945, 16.106834738000032 ], [ -13.473009145999981, 16.104986133000125 ], [ -13.47452164099991, 16.103557665000039 ], [ -13.476286219999963, 16.101625032000129 ], [ -13.477966769999853, 16.099104206000106 ], [ -13.479647320999902, 16.096079214999975 ], [ -13.48065565099995, 16.093558389000123 ], [ -13.48166398099994, 16.090869508000139 ], [ -13.483092448999912, 16.088096600000029 ], [ -13.484184806999906, 16.086416048999979 ], [ -13.48611743999993, 16.083811196000056 ], [ -13.487461880999888, 16.083054948000154 ], [ -13.489562568999872, 16.08221467300018 ], [ -13.499897953999891, 16.083727169000099 ], [ -13.501242394999849, 16.084315361000108 ], [ -13.502223773999958, 16.08484379600003 ], [ -13.5023347529999, 16.084903554000164 ], [ -13.504267385999924, 16.08658410400011 ], [ -13.507376403999956, 16.089609095000071 ], [ -13.509056954999835, 16.091877839000176 ], [ -13.511913890999949, 16.096079214999975 ], [ -13.513510413999882, 16.101120866000144 ], [ -13.513426385999878, 16.10431391200018 ], [ -13.511913890999949, 16.109187509000094 ], [ -13.51031736799996, 16.112548610000147 ], [ -13.507628486999863, 16.115741656000182 ], [ -13.504519467999899, 16.118430537000165 ], [ -13.502586834999875, 16.119943032000151 ], [ -13.498217403999945, 16.122379831000103 ], [ -13.494016027999862, 16.124312464000013 ], [ -13.490907008999898, 16.125152738999986 ], [ -13.486453549999965, 16.125740932000099 ], [ -13.482000090999975, 16.126329124000108 ], [ -13.481075788999874, 16.12607704200019 ], [ -13.479227182999978, 16.126917317000164 ], [ -13.477462604999971, 16.128177730000118 ], [ -13.476034136999886, 16.129438143000186 ], [ -13.474689696999974, 16.131454803000054 ], [ -13.474185530999875, 16.132883271000139 ], [ -13.474101503999975, 16.134311739000054 ], [ -13.474437613999953, 16.136412428000028 ], [ -13.474857751999934, 16.137588813000093 ], [ -13.477126494999936, 16.14128602400001 ], [ -13.478975099999957, 16.144142960000181 ], [ -13.479983430999823, 16.145151290000115 ], [ -13.481916063999961, 16.146495731000073 ], [ -13.484268834999909, 16.147840171000098 ], [ -13.485613274999878, 16.148596419000114 ], [ -13.486705632999929, 16.148764474000075 ], [ -13.491159091999975, 16.148848501000032 ], [ -13.491663256999971, 16.14817628100019 ], [ -13.491999366999892, 16.147083923000025 ], [ -13.491999366999892, 16.146411703000012 ], [ -13.491747283999814, 16.145739483 ], [ -13.491831311999931, 16.144983235000154 ], [ -13.492503531999944, 16.144395043000145 ], [ -13.495528522999962, 16.142294354000171 ], [ -13.497209073999898, 16.14137005200007 ], [ -13.50141044999998, 16.138681171000087 ], [ -13.506200018999948, 16.135236042000031 ], [ -13.511241669999947, 16.131874941000035 ], [ -13.514350688999968, 16.130278417999989 ], [ -13.520484697999905, 16.128933978000134 ], [ -13.523761771999887, 16.128429813000082 ], [ -13.52645065299987, 16.129522170000143 ], [ -13.535021459999825, 16.131202721000022 ], [ -13.538550616999885, 16.131790914000078 ], [ -13.543256157999906, 16.132967298999972 ], [ -13.548045726999931, 16.134311739000054 ], [ -13.555356121999921, 16.135992290000104 ], [ -13.558129029999861, 16.136328400000025 ], [ -13.561490130999971, 16.136496455000156 ], [ -13.564851231999967, 16.136496455000156 ], [ -13.567792195999857, 16.136412428000028 ], [ -13.573169956999834, 16.13489993200011 ], [ -13.577371333999906, 16.133723547000045 ], [ -13.581656737999936, 16.132883271000139 ], [ -13.58375742599992, 16.131790914000078 ], [ -13.586026168999979, 16.13044647300012 ], [ -13.594008783999982, 16.126665234000029 ], [ -13.596361554999874, 16.125824959 ], [ -13.599722655999926, 16.124396491000141 ], [ -13.609974013999874, 16.119774977000191 ], [ -13.614511499999878, 16.117422207000061 ], [ -13.617704545999857, 16.115657629000054 ], [ -13.619217041999946, 16.114649298000018 ], [ -13.621233701999927, 16.113472913000123 ], [ -13.623502445999975, 16.1122125 ], [ -13.6312329779999, 16.10893542600013 ], [ -13.634426023999879, 16.10817917900016 ], [ -13.636778794999941, 16.10817917900016 ], [ -13.643753078999964, 16.109607647000075 ], [ -13.649046813999917, 16.110700004000137 ], [ -13.651987776999874, 16.111120142000061 ], [ -13.653668327999924, 16.111120142000061 ], [ -13.660474556999873, 16.110447922000048 ], [ -13.66165094299987, 16.110111812000127 ], [ -13.662911354999892, 16.109607647000075 ], [ -13.665768290999949, 16.107675014000108 ], [ -13.666524538999965, 16.106750711000132 ], [ -13.668205089999958, 16.104734050000161 ], [ -13.672826603999965, 16.099776426000119 ], [ -13.67509534699991, 16.097759765000148 ], [ -13.676523814999882, 16.097087545000136 ], [ -13.67862450299998, 16.096331297000063 ], [ -13.681565465999938, 16.096331297000063 ], [ -13.684338374999982, 16.097255600000096 ], [ -13.687363365999886, 16.100280591000171 ], [ -13.696858475999932, 16.108515289000081 ], [ -13.701311934999978, 16.112296527000126 ], [ -13.703244567999946, 16.114061106 ], [ -13.706101503999946, 16.117086096000037 ], [ -13.709042466999961, 16.121035390000145 ], [ -13.711899402999961, 16.125488849000078 ], [ -13.7152605039999, 16.131370776000153 ], [ -13.717361191999885, 16.13674853800012 ], [ -13.717579748999867, 16.137496231000057 ], [ -13.717650682999874, 16.137738901000091 ], [ -13.718957714999931, 16.142210327000043 ], [ -13.719125770999881, 16.144395043000145 ], [ -13.718613917999903, 16.145674674000077 ], [ -13.718453549999936, 16.146075593000091 ], [ -13.716857026999946, 16.148260309000023 ], [ -13.710975099999871, 16.153049878000104 ], [ -13.707109833999823, 16.156158896000136 ], [ -13.705765393999968, 16.157755419000182 ], [ -13.704504980999957, 16.159519997000132 ], [ -13.702824429999964, 16.163553318000027 ], [ -13.701900127999977, 16.165822062000132 ], [ -13.701311934999978, 16.170275521000121 ], [ -13.701311934999978, 16.173720649000074 ], [ -13.70274040299995, 16.177922025000044 ], [ -13.705849420999982, 16.180947016000118 ], [ -13.708118164999917, 16.181703264000191 ], [ -13.712067457999922, 16.182459512000037 ], [ -13.715344531999847, 16.182963677000089 ], [ -13.717361191999885, 16.182963677000089 ], [ -13.720218127999942, 16.182123402000116 ], [ -13.723075063999886, 16.179770631000054 ], [ -13.732486146999975, 16.171115796000095 ], [ -13.733494477999955, 16.169771355000137 ], [ -13.734502807999945, 16.165738034000128 ], [ -13.734922944999823, 16.164393594000046 ], [ -13.737359743999889, 16.162544988000036 ], [ -13.741477092999958, 16.158595694000155 ], [ -13.74382986299986, 16.156074869 ], [ -13.745510413999909, 16.154898483000011 ], [ -13.749459707999904, 16.152545713000052 ], [ -13.758282597999937, 16.147840171000098 ], [ -13.761979808999968, 16.146075593000091 ], [ -13.764752716999965, 16.144983235000154 ], [ -13.767609652999909, 16.144479070000102 ], [ -13.771054781999965, 16.143890877 ], [ -13.774079772999926, 16.14380685000009 ], [ -13.776600598999892, 16.143890877 ], [ -13.780886001999818, 16.144226987000081 ], [ -13.787104038999871, 16.144815180000023 ], [ -13.789708892999897, 16.145235318000118 ], [ -13.79222971799993, 16.145235318000118 ], [ -13.794750543999896, 16.144983235000154 ], [ -13.796851231999881, 16.144647125000063 ], [ -13.797691507999957, 16.144479070000102 ], [ -13.799540112999978, 16.143386712000108 ], [ -13.801724828999966, 16.141874217000122 ], [ -13.807018562999929, 16.139689501000191 ], [ -13.810379663999868, 16.138681171000087 ], [ -13.812312296999892, 16.137756868000054 ], [ -13.820378939999955, 16.133219382000163 ], [ -13.826428921999934, 16.129522170000143 ], [ -13.827857389999849, 16.127925647000097 ], [ -13.830378214999939, 16.125068711000154 ], [ -13.832058765999932, 16.123136078000016 ], [ -13.833655288999864, 16.121203445000106 ], [ -13.836008059999926, 16.117590262000022 ], [ -13.841133738999929, 16.110868059999973 ], [ -13.843402481999874, 16.108515289000081 ], [ -13.844578866999939, 16.107422931000144 ], [ -13.845587197999976, 16.107002793 ], [ -13.84676358299987, 16.106918766000092 ], [ -13.847855940999921, 16.107338903000084 ], [ -13.848780243999954, 16.107927096000026 ], [ -13.850040656999965, 16.109523619000015 ], [ -13.852225371999964, 16.115573601000051 ], [ -13.85289759199992, 16.117758317000153 ], [ -13.853485784999975, 16.120951363000188 ], [ -13.853653839999936, 16.123640244000171 ], [ -13.854326059999892, 16.125824959 ], [ -13.855166335999968, 16.127505510000049 ], [ -13.856174665999902, 16.128177730000118 ], [ -13.858107298999926, 16.128849950000131 ], [ -13.860628124999948, 16.129522170000143 ], [ -13.862560757999915, 16.129690225000104 ], [ -13.864493390999939, 16.129942308000068 ], [ -13.865585748999933, 16.131706886000075 ], [ -13.866426023999963, 16.134395767000058 ], [ -13.866930188999959, 16.136580483000159 ], [ -13.867266298999937, 16.138597143000027 ], [ -13.86819060199997, 16.141538107000031 ], [ -13.869955179999863, 16.144815180000023 ], [ -13.871383647999949, 16.146999896000125 ], [ -13.874324611999896, 16.149352667000187 ], [ -13.876005161999956, 16.151201272000094 ], [ -13.876929464999932, 16.153385988000025 ], [ -13.877517657999931, 16.155906814000048 ], [ -13.87810584999994, 16.15918388700004 ], [ -13.878021822999926, 16.161956795000151 ], [ -13.87793779499998, 16.163385263000066 ], [ -13.877517657999931, 16.166494282000144 ], [ -13.876845436999929, 16.168678998000075 ], [ -13.875837106999882, 16.17069565800017 ], [ -13.874156556999935, 16.17262829100008 ], [ -13.872476005999886, 16.174224814000127 ], [ -13.870207262999941, 16.176409530000058 ], [ -13.868946849999929, 16.178006053000047 ], [ -13.867770464999921, 16.180526879000126 ], [ -13.867518381999957, 16.182627567 ], [ -13.867854491999935, 16.185652558000072 ], [ -13.868694766999852, 16.188089356000091 ], [ -13.869703097999945, 16.189937962000101 ], [ -13.876929464999932, 16.19674419100005 ], [ -13.878778070999942, 16.198088632 ], [ -13.881382923999922, 16.199096962000112 ], [ -13.883735694999928, 16.199517100000094 ], [ -13.885164162999956, 16.199265017000073 ], [ -13.888189152999871, 16.198340714000096 ], [ -13.890373868999973, 16.196240026 ], [ -13.892894694999939, 16.194643503000179 ], [ -13.895499547999975, 16.193551145000185 ], [ -13.898356483999919, 16.193383090000054 ], [ -13.900709254999924, 16.193467118000058 ], [ -13.903482162999921, 16.193803227999979 ], [ -13.905582850999849, 16.194391421000091 ], [ -13.907767566999951, 16.195231696000064 ], [ -13.910708529999908, 16.19682821900011 ], [ -13.913901575999887, 16.199937237000142 ], [ -13.915582126999936, 16.20287820100009 ], [ -13.91751475999996, 16.208424018000017 ], [ -13.91843906299988, 16.213969834000068 ], [ -13.919279337999967, 16.220187871 ], [ -13.918859200999918, 16.223885082000152 ], [ -13.918607117999954, 16.227918404000093 ], [ -13.918775172999972, 16.229514927000082 ], [ -13.919699475999892, 16.230187147000095 ], [ -13.920707805999939, 16.230691311999976 ], [ -13.92196821899995, 16.230859367000164 ], [ -13.923312658999976, 16.230439229000183 ], [ -13.924489044999973, 16.230019092000134 ], [ -13.925917512999945, 16.229178817 ], [ -13.926673759999915, 16.228506596000045 ], [ -13.928018200999929, 16.228254514000184 ], [ -13.930454998999949, 16.228506596000045 ], [ -13.93263971499988, 16.229262844000118 ], [ -13.934572347999904, 16.230019092000134 ], [ -13.935748732999912, 16.231027422000125 ], [ -13.937513310999975, 16.23312811 ], [ -13.938269558999934, 16.23422046800016 ], [ -13.938437613999895, 16.234724633000042 ], [ -13.941294549999952, 16.235732964000078 ], [ -13.942218852999929, 16.235564909000118 ], [ -13.943563292999897, 16.235144770999966 ], [ -13.951041742999962, 16.232623945000114 ], [ -13.953394513999854, 16.231783670000141 ], [ -13.954654926999979, 16.231111450000128 ], [ -13.95599936699989, 16.230019092000134 ], [ -13.957595889999936, 16.228758679000066 ], [ -13.96028477099992, 16.227246183000148 ], [ -13.962721568999939, 16.225901743000122 ], [ -13.967091000999972, 16.223969110000155 ], [ -13.969443770999931, 16.223296890000142 ], [ -13.971460431999901, 16.222960780000051 ], [ -13.972720844999913, 16.223128835000182 ], [ -13.972797795999895, 16.223182701000042 ], [ -13.973561119999829, 16.223717027000191 ], [ -13.973561119999829, 16.22438924800008 ], [ -13.973309037999911, 16.22539757800007 ], [ -13.972636816999909, 16.226573963000135 ], [ -13.971292376999941, 16.230523257000016 ], [ -13.970536128999981, 16.23312811 ], [ -13.970368073999964, 16.234052413000029 ], [ -13.97020001899989, 16.235312826000097 ], [ -13.97028404699995, 16.239766285000087 ], [ -13.970452101999967, 16.243379468000171 ], [ -13.97028404699995, 16.245480156999974 ], [ -13.970031963999929, 16.247160707000148 ], [ -13.96943770199988, 16.248547319000124 ], [ -13.969023633999825, 16.24951347800004 ], [ -13.967595165999853, 16.252202359000023 ], [ -13.965578504999883, 16.255143322000094 ], [ -13.962889623999956, 16.258252341 ], [ -13.961209073999839, 16.259932891000176 ], [ -13.959192412999869, 16.261781497000186 ], [ -13.957259779999902, 16.263209965000044 ], [ -13.955495201999952, 16.264218294999978 ], [ -13.953226458999893, 16.265898846000027 ], [ -13.952050072999896, 16.267159258000049 ], [ -13.951377852999883, 16.268839809000099 ], [ -13.951293825999926, 16.270268277000184 ], [ -13.951629935999961, 16.271192580000161 ], [ -13.952554238999937, 16.272368965000055 ], [ -13.953898678999906, 16.273209240000028 ], [ -13.955747284999916, 16.274133543000062 ], [ -13.958016027999975, 16.275225901 ], [ -13.959948660999828, 16.276066176000029 ], [ -13.961461155999928, 16.276486314000124 ], [ -13.963225733999877, 16.276822424000045 ], [ -13.968183357999919, 16.277410617000157 ], [ -13.969695853999951, 16.277410617000157 ], [ -13.979022908999923, 16.276570341000081 ], [ -13.981459707999932, 16.275982149000072 ], [ -13.983056230999864, 16.275309928000127 ], [ -13.983896505999951, 16.275309928000127 ], [ -13.98532497399998, 16.275309928000127 ], [ -13.986753441999952, 16.275898121000068 ], [ -13.987845799999945, 16.276906451000173 ], [ -13.988602046999972, 16.277914782000039 ], [ -13.988602046999972, 16.279931442000077 ], [ -13.988433991999841, 16.281107828000074 ], [ -13.988349964999884, 16.283712681000054 ], [ -13.988349964999884, 16.285645313999964 ], [ -13.988602046999972, 16.292283489000056 ], [ -13.988770101999933, 16.296400838000125 ], [ -13.988938156999893, 16.298921663000044 ], [ -13.989358294999931, 16.29976193900012 ], [ -13.990114542999891, 16.301694572000088 ], [ -13.990450652999982, 16.302954984999985 ], [ -13.990450652999982, 16.30413137000005 ], [ -13.990198569999905, 16.305055673000084 ], [ -13.989442322999935, 16.307072333000121 ], [ -13.988602046999972, 16.307912609000027 ], [ -13.98717357899983, 16.308500801000037 ], [ -13.980199294999977, 16.310181352000086 ], [ -13.978686798999888, 16.310349407000047 ], [ -13.976165972999979, 16.310433434000174 ], [ -13.97372917499996, 16.310433434000174 ], [ -13.971712514999979, 16.310013297000125 ], [ -13.969695853999951, 16.309425104000013 ], [ -13.96843544099994, 16.308668856000168 ], [ -13.967427110999893, 16.307828581000024 ], [ -13.964234064999914, 16.306148031000021 ], [ -13.962049348999926, 16.305895948000057 ], [ -13.961041018999879, 16.306064003000188 ], [ -13.95843616499991, 16.307576499000106 ], [ -13.957175752999888, 16.309173022000152 ], [ -13.956755614999963, 16.310013297000125 ], [ -13.956671586999903, 16.311021627000059 ], [ -13.956839641999977, 16.313374398000121 ], [ -13.957091724999941, 16.316063279000105 ], [ -13.961965321999969, 16.323457701000166 ], [ -13.963897954999936, 16.327070885000126 ], [ -13.965074339999887, 16.329255600000181 ], [ -13.966502807999973, 16.331272261000152 ], [ -13.968099330999905, 16.332616701000177 ], [ -13.97028404699995, 16.334297252000056 ], [ -13.9720486249999, 16.33538961 ], [ -13.973645147999946, 16.336145858000066 ], [ -13.974989587999971, 16.336313913000026 ], [ -13.977006248999942, 16.336229885000023 ], [ -13.97818263399995, 16.336397940000154 ], [ -13.9799472119999, 16.337070160000167 ], [ -13.982384009999919, 16.338162518000104 ], [ -13.98717357899983, 16.340767371000084 ], [ -13.991374955999902, 16.343960417000119 ], [ -13.992551340999967, 16.345052775000113 ], [ -13.994315918999973, 16.34614513300005 ], [ -13.996080496999866, 16.347153462999984 ], [ -14.004735331999939, 16.349170124000182 ], [ -14.009945038999945, 16.350094427000158 ], [ -14.012935161999962, 16.350329255000077 ], [ -14.018542197999921, 16.349924624000039 ], [ -14.021085595999978, 16.349635601000045 ], [ -14.023686798999961, 16.349115361000145 ], [ -14.026288000999898, 16.348595120000027 ], [ -14.027501895999876, 16.348595120000027 ], [ -14.028773594999961, 16.348999752000111 ], [ -14.03039212099992, 16.350213646000157 ], [ -14.031432601999938, 16.351774368000179 ], [ -14.032184059999963, 16.353739721000125 ], [ -14.032819909999887, 16.356340923000062 ], [ -14.033686976999888, 16.359462366000173 ], [ -14.03461184899993, 16.362641614000154 ], [ -14.035478916999978, 16.364317944000106 ], [ -14.036866224999926, 16.36691914700009 ], [ -14.038542554999935, 16.369578154000124 ], [ -14.040103276999901, 16.371832529000017 ], [ -14.047733470999901, 16.379925159000095 ], [ -14.05559488199998, 16.387786571000049 ], [ -14.059699001999888, 16.391486059000101 ], [ -14.062415812999973, 16.393798239000091 ], [ -14.064092143999858, 16.395879201000128 ], [ -14.065884082999958, 16.399405275000049 ], [ -14.068254067999931, 16.403278177000061 ], [ -14.069641375999879, 16.405185725000138 ], [ -14.070913074999964, 16.406688642000063 ], [ -14.081549102999873, 16.415012490000095 ], [ -14.083572259999869, 16.416457603000026 ], [ -14.086693702999924, 16.418538565000063 ], [ -14.090624408999929, 16.420503918000065 ], [ -14.092705370999965, 16.421255376000033 ], [ -14.094844137999928, 16.421949030000064 ], [ -14.097271926999895, 16.422700488999965 ], [ -14.099584106999885, 16.423567556000023 ], [ -14.102474331999929, 16.424839255 ], [ -14.104324075999955, 16.426342172000091 ], [ -14.10571138399996, 16.427960698000106 ], [ -14.106983082999932, 16.430157269 ], [ -14.107676736999963, 16.431949209000152 ], [ -14.107850149999933, 16.433856757000058 ], [ -14.107965758999967, 16.436400155000172 ], [ -14.10837039099988, 16.437845268000103 ], [ -14.109179653999888, 16.439637207000146 ], [ -14.11045135299986, 16.441313538000031 ], [ -14.111434028999895, 16.442585237000173 ], [ -14.112647923999873, 16.443856936000145 ], [ -14.114035231999935, 16.44507083000002 ], [ -14.115711561999944, 16.446284725 ], [ -14.11773471999993, 16.44767203300006 ], [ -14.118948613999919, 16.448481296000125 ], [ -14.120971771999905, 16.449463972000103 ], [ -14.127272461999951, 16.452180784000177 ], [ -14.129237814999954, 16.452643220000027 ], [ -14.130393904999949, 16.452874437999981 ], [ -14.131781212999954, 16.452990047000071 ], [ -14.133226325999885, 16.453163460000098 ], [ -14.134902655999952, 16.453452483000149 ], [ -14.137099226999965, 16.453914919 ], [ -14.138370925999936, 16.45460857300003 ], [ -14.138833361999957, 16.455186617999971 ], [ -14.139642624999908, 16.456805144000157 ], [ -14.140278474999946, 16.458597083000029 ], [ -14.140740910999853, 16.462065353000071 ], [ -14.140567496999893, 16.463741684000126 ], [ -14.140162865999969, 16.465360210000142 ], [ -14.139237993999927, 16.466863127000067 ], [ -14.137503858999878, 16.469522134000044 ], [ -14.134729242999981, 16.472296750000112 ], [ -14.133573152999929, 16.473221622000096 ], [ -14.132590475999962, 16.473741862000111 ], [ -14.13207023599989, 16.474377711999978 ], [ -14.131781212999954, 16.474840148000055 ], [ -14.131954626999914, 16.476111847000027 ], [ -14.132417062999934, 16.477152327000169 ], [ -14.133226325999885, 16.477961590000064 ], [ -14.133919979999916, 16.478424026000141 ], [ -14.135365091999859, 16.478655244000038 ], [ -14.136347768999883, 16.478770853000128 ], [ -14.137503858999878, 16.478539635000175 ], [ -14.138775557999963, 16.478019395000103 ], [ -14.139873842999975, 16.476747696000132 ], [ -14.140625301999876, 16.475418193 ], [ -14.142417240999976, 16.473568449000084 ], [ -14.144093571999974, 16.472181141000078 ], [ -14.145538683999973, 16.471718705000171 ], [ -14.147157209999875, 16.471603096000081 ], [ -14.148255495999877, 16.471603096000081 ], [ -14.149584998999956, 16.471834314000034 ], [ -14.151376938999874, 16.472470162999969 ], [ -14.153631313999881, 16.473799667000037 ], [ -14.15507642599988, 16.475533802000086 ], [ -14.156694951999953, 16.477556959000026 ], [ -14.158255673999975, 16.479926943 ], [ -14.159296154999879, 16.48235473200009 ], [ -14.159874199999933, 16.483857649000186 ], [ -14.161030289999928, 16.486285438000095 ], [ -14.1623019889999, 16.488828836000039 ], [ -14.164036123999949, 16.491314430000159 ], [ -14.165423431999898, 16.492643933000124 ], [ -14.16686854399984, 16.493915632000096 ], [ -14.170741445999909, 16.495996594000133 ], [ -14.172302166999884, 16.496574639000073 ], [ -14.174729955999965, 16.497383901999967 ], [ -14.175292641999874, 16.497561592000125 ], [ -14.176926526999978, 16.498077556000169 ], [ -14.178834075999816, 16.498886819000063 ], [ -14.181261864999954, 16.500216323000132 ], [ -14.182938194999906, 16.501314608000143 ], [ -14.184672329999955, 16.502528503000121 ], [ -14.186406464999948, 16.50368459300006 ], [ -14.188024990999907, 16.504725074000078 ], [ -14.189412298999855, 16.505476532000046 ], [ -14.191608869999982, 16.506343600000037 ], [ -14.195019335999973, 16.507441885000048 ], [ -14.196637861999932, 16.507846517000132 ], [ -14.197678342999893, 16.508135539000079 ], [ -14.199528086999976, 16.509407238000051 ], [ -14.201724657999932, 16.511835027000075 ], [ -14.202765138999951, 16.51345355300009 ], [ -14.203632205999952, 16.515534515000127 ], [ -14.204094641999916, 16.517962304000037 ], [ -14.204036837999922, 16.520101071000113 ], [ -14.203111965999938, 16.522528860000023 ], [ -14.201782461999926, 16.524841040000183 ], [ -14.20033734999987, 16.526632979000055 ], [ -14.199239063999869, 16.527789069000107 ], [ -14.198545409999952, 16.528482723000138 ], [ -14.198661018999928, 16.52975442200011 ], [ -14.199123454999892, 16.531083926000179 ], [ -14.199874913999906, 16.532124407000026 ], [ -14.200915394999925, 16.532586843000104 ], [ -14.20189807099996, 16.532702452000137 ], [ -14.202938551999978, 16.532702452000137 ], [ -14.204094641999916, 16.533107083000118 ], [ -14.205481949999921, 16.533742932999985 ], [ -14.207100475999937, 16.53461 ], [ -14.208314370999915, 16.535303654000074 ], [ -14.209643873999937, 16.536286331000099 ], [ -14.211320204999936, 16.537789248000024 ], [ -14.213516775999949, 16.539754601000027 ], [ -14.214904083999897, 16.540910691000136 ], [ -14.218892593999954, 16.543800916000066 ], [ -14.220568924999895, 16.544610179000131 ], [ -14.222765495999852, 16.545246028000065 ], [ -14.233285914999897, 16.546806750000087 ], [ -14.239239777999956, 16.547384795000028 ], [ -14.24230341699996, 16.547269186000165 ], [ -14.245135836999907, 16.546980163000114 ], [ -14.24762143099997, 16.546286509000083 ], [ -14.249239956999929, 16.545419442000025 ], [ -14.252419203999978, 16.542644826000128 ], [ -14.25403772999988, 16.540737277000176 ], [ -14.255425037999828, 16.538425097000129 ], [ -14.256581127999937, 16.536055112999975 ], [ -14.257274781999911, 16.534031955000103 ], [ -14.258488675999899, 16.529349791000129 ], [ -14.258662089999973, 16.528424918999974 ], [ -14.258662089999973, 16.525997130000121 ], [ -14.258488675999899, 16.525072258000137 ], [ -14.257910630999959, 16.523395927000081 ], [ -14.257621608999955, 16.522586664000187 ], [ -14.257101367999951, 16.521488379000175 ], [ -14.256349909999869, 16.519927656999982 ], [ -14.255078210999898, 16.517962304000037 ], [ -14.254326751999884, 16.516979628000058 ], [ -14.253806511999926, 16.516459387000111 ], [ -14.253633097999966, 16.515418906000093 ], [ -14.253748706999943, 16.514667448000068 ], [ -14.254326751999884, 16.514262816000155 ], [ -14.254962601999921, 16.513915989000168 ], [ -14.255887473999962, 16.513973794000037 ], [ -14.255898154999898, 16.513982101000124 ], [ -14.256407713999977, 16.514378425000018 ], [ -14.256870149999941, 16.514840861000096 ], [ -14.258488675999899, 16.517788891000123 ], [ -14.260396224999909, 16.521488379000175 ], [ -14.260685246999856, 16.522586664000187 ], [ -14.262014750999981, 16.525765912000168 ], [ -14.263170840999976, 16.528193701000021 ], [ -14.265483020999966, 16.532702452000137 ], [ -14.266639110999961, 16.53461 ], [ -14.268662267999957, 16.537789248000024 ], [ -14.270222989999866, 16.540101428000014 ], [ -14.272246146999919, 16.543049457000166 ], [ -14.273922477999974, 16.546402118000174 ], [ -14.274962958999936, 16.549696975000018 ], [ -14.27548319899995, 16.552355982000051 ], [ -14.27548319899995, 16.554841575000069 ], [ -14.275020762999816, 16.557384973000012 ], [ -14.273575650999874, 16.561835920000135 ], [ -14.271494688999837, 16.565882235000174 ], [ -14.270222989999866, 16.567616370000053 ], [ -14.268431049999833, 16.569870745000173 ], [ -14.266928132999908, 16.572009512000079 ], [ -14.266523501999927, 16.573281211000051 ], [ -14.266639110999961, 16.57443730100016 ], [ -14.266812523999931, 16.575362173000144 ], [ -14.267621786999939, 16.576518262000093 ], [ -14.268373245999953, 16.57726972100005 ], [ -14.274095890999945, 16.582298712000011 ], [ -14.277217333999943, 16.584553088 ], [ -14.279356100999962, 16.585535764000156 ], [ -14.282246325999893, 16.586807463000127 ], [ -14.282939979999924, 16.586807463000127 ], [ -14.284269482999889, 16.586807463000127 ], [ -14.285772399999814, 16.58634502700005 ], [ -14.28744873099987, 16.585420155000122 ], [ -14.289934323999887, 16.583917238000026 ], [ -14.291263827999956, 16.582067494000057 ], [ -14.293460398999969, 16.578888247000179 ], [ -14.293865029999893, 16.578194592999978 ], [ -14.29450087999993, 16.576865089000137 ], [ -14.294963315999894, 16.575882412999988 ], [ -14.295830382999952, 16.574263887000029 ], [ -14.29681305999992, 16.573107797000091 ], [ -14.298200367999925, 16.572067316000073 ], [ -14.299818893999941, 16.571547076 ], [ -14.30184205099988, 16.571200249000185 ], [ -14.303171554999949, 16.571026835000055 ], [ -14.305079102999969, 16.571026835000055 ], [ -14.306639824999934, 16.571026835000055 ], [ -14.30848956899996, 16.571315858000105 ], [ -14.309934680999959, 16.571315858000105 ], [ -14.312362469999869, 16.571258053000179 ], [ -14.314559040999882, 16.571084640000151 ], [ -14.316235371999937, 16.570795617000101 ], [ -14.318258528999934, 16.569928550000043 ], [ -14.318952182999851, 16.569119287000149 ], [ -14.319472423999969, 16.568425633000118 ], [ -14.319992663999869, 16.56750076100019 ], [ -14.320166077999943, 16.566980520000186 ], [ -14.320686317999957, 16.566575889000035 ], [ -14.32242045299995, 16.566055648000031 ], [ -14.323981174999915, 16.565593212000181 ], [ -14.326177745999928, 16.565593212000181 ], [ -14.32762285799987, 16.565766626000141 ], [ -14.329241383999943, 16.566633693000028 ], [ -14.331322345999979, 16.568252219000158 ], [ -14.332305022999947, 16.569234896000012 ], [ -14.333287698999982, 16.571084640000151 ], [ -14.333750134999946, 16.572818774999973 ], [ -14.334039157999882, 16.575130955000191 ], [ -14.334096961999876, 16.576980698 ], [ -14.333692330999895, 16.580217750000145 ], [ -14.330628691999891, 16.591720846000158 ], [ -14.329703819999907, 16.594264244000101 ], [ -14.327969684999971, 16.598079341000187 ], [ -14.3274494449999, 16.599524453000015 ], [ -14.326929203999953, 16.601374197000155 ], [ -14.326755790999982, 16.602356874000179 ], [ -14.326697985999829, 16.604437836000045 ], [ -14.326871399999959, 16.607790497000053 ], [ -14.32727603099994, 16.610738525999977 ], [ -14.327218226999889, 16.61374436 ], [ -14.327102617999913, 16.617906284000128 ], [ -14.326755790999982, 16.621316750000062 ], [ -14.326466767999875, 16.623513321000132 ], [ -14.326408963999882, 16.625767696000082 ], [ -14.326408963999882, 16.628079876000072 ], [ -14.326466767999875, 16.630623274000186 ], [ -14.326755790999982, 16.632241799999974 ], [ -14.327160421999963, 16.633629108000036 ], [ -14.328489925999861, 16.637559813999985 ], [ -14.330108451999934, 16.639236145000041 ], [ -14.331726977999892, 16.640681257000097 ], [ -14.333345503999965, 16.641663934000121 ], [ -14.334732811999913, 16.642184174000022 ], [ -14.336004510999885, 16.642646610000043 ], [ -14.340917892999926, 16.642704415000139 ], [ -14.341784960999973, 16.642531001000179 ], [ -14.350051003999909, 16.640565648 ], [ -14.351842942999951, 16.640103212000099 ], [ -14.355079994999926, 16.639062731000081 ], [ -14.356814129999975, 16.638369077000107 ], [ -14.357912415999976, 16.637906641000029 ], [ -14.359762159999889, 16.637039574000141 ], [ -14.360976053999877, 16.63617250600015 ], [ -14.362189948999969, 16.635594461000039 ], [ -14.364848955999946, 16.634553980000192 ], [ -14.366756503999966, 16.634264958000074 ], [ -14.369877946999964, 16.634207153000148 ], [ -14.371265254999969, 16.634438371000101 ], [ -14.373519630999965, 16.635132025000132 ], [ -14.375253765999958, 16.635999093000123 ], [ -14.377797163999958, 16.637039574000141 ], [ -14.37889544899997, 16.637328596000032 ], [ -14.379993734999914, 16.637559813999985 ], [ -14.381785673999957, 16.637848837000035 ], [ -14.384271267999964, 16.637906641000029 ], [ -14.386178815999813, 16.637791032000109 ], [ -14.38895343199988, 16.637444205000122 ], [ -14.390803175999963, 16.636981769000045 ], [ -14.392999746999919, 16.63634592000011 ], [ -14.394560468999885, 16.635652266000079 ], [ -14.395947776999947, 16.634611785000061 ], [ -14.396294603999934, 16.634091544000114 ], [ -14.397335084999952, 16.63374471700007 ], [ -14.399705068999936, 16.633340086000089 ], [ -14.402306271999976, 16.633166672000129 ], [ -14.404849669999919, 16.633282281 ], [ -14.407335262999879, 16.633975935000024 ], [ -14.409358420999922, 16.63518983 ], [ -14.410919141999955, 16.636808356000188 ], [ -14.412190840999926, 16.639698581000118 ], [ -14.412942299999827, 16.642415392000146 ], [ -14.413404735999961, 16.644727572000136 ], [ -14.413289126999928, 16.647733406000157 ], [ -14.413462539999955, 16.648947301000135 ], [ -14.414040584999839, 16.650103391000016 ], [ -14.414907652999887, 16.651028263000171 ], [ -14.415890328999922, 16.651721917000032 ], [ -14.416988614999866, 16.652299962000143 ], [ -14.418202508999912, 16.652820202000044 ], [ -14.419821034999927, 16.652993616000174 ], [ -14.420803711999952, 16.652935811000077 ], [ -14.421959801999947, 16.65276239800005 ], [ -14.423347109999895, 16.652010939000093 ], [ -14.424040763999926, 16.651143872000034 ], [ -14.430457062999949, 16.646230489000061 ], [ -14.43363631099993, 16.644149526999968 ], [ -14.435254836999889, 16.642993437000086 ], [ -14.437393602999919, 16.641143693000174 ], [ -14.438434083999937, 16.639582972000085 ], [ -14.438780910999981, 16.639062731000081 ], [ -14.439647978999915, 16.637386401000128 ], [ -14.441093090999971, 16.634207153000148 ], [ -14.441555526999935, 16.632588627000189 ], [ -14.442191376999972, 16.630912297 ], [ -14.442827225999906, 16.629582793000168 ], [ -14.443752097999948, 16.627964266999982 ], [ -14.444676969999932, 16.62686598199997 ], [ -14.446815736999952, 16.624958433000188 ], [ -14.4482030449999, 16.624264779000157 ], [ -14.450226201999953, 16.623686734000046 ], [ -14.452769599999897, 16.623628930000052 ], [ -14.456411282999966, 16.623860148000176 ], [ -14.458261026999878, 16.624322584000026 ], [ -14.460977838999952, 16.624900629000024 ], [ -14.469128272999967, 16.626519155000153 ], [ -14.472307520999834, 16.62698159100006 ], [ -14.474215068999911, 16.627155004000088 ], [ -14.47571798599995, 16.627097200000094 ], [ -14.47860821099988, 16.62623013200016 ], [ -14.482307698999932, 16.623108689000048 ], [ -14.48334817999995, 16.621663577000049 ], [ -14.484793292999939, 16.619871637000131 ], [ -14.486180600999887, 16.618426525000075 ], [ -14.48797253999993, 16.616923607999979 ], [ -14.489648870999872, 16.616056539999988 ], [ -14.491787636999845, 16.615305082000191 ], [ -14.495891756999981, 16.614380210000036 ], [ -14.498550763999958, 16.614206796000076 ], [ -14.500516116999961, 16.61455362300012 ], [ -14.503464145999885, 16.615767518000098 ], [ -14.506007543999942, 16.617732871000044 ], [ -14.507683874999884, 16.619813833000137 ], [ -14.50953361899991, 16.622010404000036 ], [ -14.511267753999959, 16.623224298000139 ], [ -14.512828474999935, 16.624149170000067 ], [ -14.514389196999957, 16.624785020000104 ], [ -14.520054037999955, 16.626461350000113 ], [ -14.523406698999963, 16.627270613000178 ], [ -14.525487660999943, 16.627790854000125 ], [ -14.528031058999886, 16.628946944000063 ], [ -14.529707388999952, 16.629987425000081 ], [ -14.531152501999941, 16.631490342000177 ], [ -14.533117854999944, 16.63374471700007 ], [ -14.533753703999878, 16.634727394000151 ], [ -14.53514101199994, 16.636288115000013 ], [ -14.540516830999934, 16.642010761000108 ], [ -14.541846333999956, 16.643051242000126 ], [ -14.542886814999974, 16.643744896000157 ], [ -14.543985100999919, 16.644322941000098 ], [ -14.545372408999924, 16.644438550000189 ], [ -14.546759716999873, 16.644149526999968 ], [ -14.547511174999897, 16.643976114000111 ], [ -14.548147024999935, 16.643513678000033 ], [ -14.549245309999947, 16.642010761000108 ], [ -14.550170181999817, 16.639871993999975 ], [ -14.550690421999946, 16.636692747000097 ], [ -14.550748226999929, 16.634553980000192 ], [ -14.550517008999975, 16.632935454000176 ], [ -14.550921639999899, 16.630507665000152 ], [ -14.552540165999972, 16.624900629000024 ], [ -14.553060406999919, 16.623224298000139 ], [ -14.553407233999963, 16.622241622 ], [ -14.554043082999897, 16.620969923000018 ], [ -14.554678932999934, 16.61975602800004 ], [ -14.555314781999869, 16.618888961000152 ], [ -14.556008435999956, 16.618195307000121 ], [ -14.557800375999932, 16.617270435000023 ], [ -14.559650119999901, 16.617386044000057 ], [ -14.561210840999934, 16.618484329000069 ], [ -14.563060584999846, 16.619871637000131 ], [ -14.563927652999894, 16.620912118000149 ], [ -14.565257155999973, 16.62206820800003 ], [ -14.567395922999822, 16.623744539000086 ], [ -14.568841034999934, 16.624322584000026 ], [ -14.570459560999893, 16.62455380199998 ], [ -14.572078086999966, 16.62466941100007 ], [ -14.573870026999828, 16.62455380199998 ], [ -14.576529033999918, 16.623860148000176 ], [ -14.578667799999948, 16.623166494000145 ], [ -14.579708280999967, 16.622530644000108 ], [ -14.581500220999942, 16.621547968000186 ], [ -14.582771919999971, 16.620912118000149 ], [ -14.584506054999849, 16.620449682000071 ], [ -14.586355798999932, 16.620391878000078 ], [ -14.588610173999939, 16.620854314000155 ], [ -14.590286504999938, 16.621894795000173 ], [ -14.591442594999933, 16.622935276000192 ], [ -14.592425270999968, 16.623686734000046 ], [ -14.594448428999954, 16.62438038800002 ], [ -14.595951345999936, 16.624033561000033 ], [ -14.596991826999954, 16.623282103 ], [ -14.598032307999915, 16.62235723100008 ], [ -14.599419615999921, 16.620565291000105 ], [ -14.600402291999899, 16.619351397000059 ], [ -14.601211554999963, 16.618484329000069 ], [ -14.602136426999948, 16.618021893 ], [ -14.603697148999913, 16.617675066000174 ], [ -14.605084456999975, 16.617964089 ], [ -14.60572030599991, 16.618888961000152 ], [ -14.606413959999941, 16.619929442000171 ], [ -14.606818591999911, 16.621605772000123 ], [ -14.606992004999881, 16.622819667000158 ], [ -14.607570049999936, 16.624033561000033 ], [ -14.608726139999931, 16.625825501000122 ], [ -14.610518079999963, 16.627444027000138 ], [ -14.612020996999945, 16.628426703000059 ], [ -14.614101958999981, 16.629235966000181 ], [ -14.615720484999883, 16.629524989000174 ], [ -14.618032664999873, 16.629582793000168 ], [ -14.623235069999907, 16.629582793000168 ], [ -14.626876752999976, 16.629178162000187 ], [ -14.628264060999925, 16.628889139000137 ], [ -14.630113804999951, 16.627964266999982 ], [ -14.631212090999952, 16.62686598199997 ], [ -14.631790135999893, 16.625825501000122 ], [ -14.632136962999823, 16.625074042000051 ], [ -14.632483789999924, 16.623802343000079 ], [ -14.633235247999835, 16.62235723100008 ], [ -14.634217924999973, 16.620680900000025 ], [ -14.635027187999867, 16.61975602800004 ], [ -14.635836450999932, 16.618946765000146 ], [ -14.637686194999958, 16.617848480000134 ], [ -14.638611066999943, 16.617617262000181 ], [ -14.639478133999887, 16.617559457000084 ], [ -14.640865441999949, 16.618368720000035 ], [ -14.642310554999938, 16.619524810000087 ], [ -14.648264417999883, 16.624727215000064 ], [ -14.649940747999949, 16.626519155000153 ], [ -14.651154642999927, 16.628311094000026 ], [ -14.651617078999948, 16.629524989000174 ], [ -14.651732687999981, 16.630681079000112 ], [ -14.651559273999851, 16.632126191000111 ], [ -14.650460988999839, 16.632935454000176 ], [ -14.649709529999939, 16.633108868000136 ], [ -14.647801981999919, 16.633224477000056 ], [ -14.645200779999982, 16.633397890000083 ], [ -14.641905922999968, 16.63374471700007 ], [ -14.640287396999952, 16.635305439000092 ], [ -14.639304720999917, 16.637270792000095 ], [ -14.63918911199994, 16.639004927000087 ], [ -14.639246915999934, 16.643571482000027 ], [ -14.639478133999887, 16.644843181000169 ], [ -14.639767156999937, 16.645883662000017 ], [ -14.640634223999882, 16.647155360999989 ], [ -14.641790313999877, 16.648195842 ], [ -14.643293230999973, 16.649409736999985 ], [ -14.645027365999965, 16.650219000000106 ], [ -14.646645891999924, 16.650623631000087 ], [ -14.648437830999967, 16.650681436000184 ], [ -14.649825138999972, 16.650681436000184 ], [ -14.65103903399995, 16.650623631000087 ], [ -14.652541950999876, 16.6502768040001 ], [ -14.653871453999955, 16.649929977000056 ], [ -14.655547784999897, 16.649409736999985 ], [ -14.656877287999862, 16.648831692000044 ], [ -14.658322400999964, 16.648427060000131 ], [ -14.6600565359999, 16.64802242900015 ], [ -14.662599933999957, 16.647502188000033 ], [ -14.664623090999953, 16.647213166000085 ], [ -14.666588443999899, 16.647039752000126 ], [ -14.670808172999898, 16.646750730000178 ], [ -14.673293765999972, 16.646692925000082 ], [ -14.675837163999972, 16.646635121000145 ], [ -14.677860321999958, 16.646750730000178 ], [ -14.679941283999938, 16.646924143000035 ], [ -14.681675418999873, 16.646924143000035 ], [ -14.683409553999923, 16.646924143000035 ], [ -14.686473191999937, 16.646808534000172 ], [ -14.692600468999842, 16.645363422000173 ], [ -14.697224828999936, 16.643802700000151 ], [ -14.698727745999918, 16.64322465500004 ], [ -14.701155534999884, 16.642241979000062 ], [ -14.702022602999875, 16.641721738000115 ], [ -14.703352105999841, 16.641201498000044 ], [ -14.707860856999957, 16.639582972000085 ], [ -14.709537187999899, 16.639293949000034 ], [ -14.712311803999967, 16.639178340000171 ], [ -14.715259832999834, 16.639293949000034 ], [ -14.71734079499987, 16.639871993999975 ], [ -14.719652974999974, 16.641259302000037 ], [ -14.72173393699984, 16.643513678000033 ], [ -14.722890026999949, 16.645132204000049 ], [ -14.724103921999927, 16.646577316000048 ], [ -14.724855379999894, 16.647213166000085 ], [ -14.726242687999957, 16.647270970000079 ], [ -14.726936341999874, 16.647155360999989 ], [ -14.727861213999915, 16.646577316000048 ], [ -14.72843925899997, 16.645999271000107 ], [ -14.728728281999906, 16.645190007999986 ], [ -14.728901694999934, 16.643976114000111 ], [ -14.728728281999906, 16.642820024 ], [ -14.728323649999822, 16.641317107000134 ], [ -14.727976822999892, 16.639698581000118 ], [ -14.727572191999911, 16.63617250600015 ], [ -14.727629995999962, 16.634149348999983 ], [ -14.727919018999899, 16.633513499000117 ], [ -14.728670476999923, 16.632762041000149 ], [ -14.729364130999954, 16.632299605000071 ], [ -14.730635829999926, 16.632241799999974 ], [ -14.731676310999944, 16.632241799999974 ], [ -14.732832400999939, 16.632299605000071 ], [ -14.73369946899993, 16.632704236000052 ], [ -14.735028971999952, 16.633108868000136 ], [ -14.736358475999907, 16.632935454000176 ], [ -14.736994324999955, 16.632588627000189 ], [ -14.73797700199998, 16.631952778000084 ], [ -14.73855504699992, 16.631201319000127 ], [ -14.738786264999874, 16.62929377100005 ], [ -14.738670655999897, 16.627501831000131 ], [ -14.737861392999832, 16.626634764000073 ], [ -14.737109933999932, 16.625883305000116 ], [ -14.73572262599987, 16.62466941100007 ], [ -14.734624340999972, 16.623513321000132 ], [ -14.734104099999968, 16.622877471000095 ], [ -14.734104099999968, 16.621374554 ], [ -14.734104099999968, 16.620507487000111 ], [ -14.734277513999928, 16.620160660000124 ], [ -14.734913362999976, 16.619467006000093 ], [ -14.73572262599987, 16.6191779830001 ], [ -14.736936520999961, 16.6191779830001 ], [ -14.739075286999821, 16.619524810000087 ], [ -14.740346985999963, 16.620102855000027 ], [ -14.747803765999947, 16.624149170000067 ], [ -14.750289359999954, 16.625825501000122 ], [ -14.751965689999849, 16.627559636 ], [ -14.752890561999891, 16.628889139000137 ], [ -14.753237388999821, 16.630796688000146 ], [ -14.753237388999821, 16.632357409000065 ], [ -14.752659343999937, 16.633802522000167 ], [ -14.751850080999873, 16.635825679000163 ], [ -14.751618862999919, 16.636634942000057 ], [ -14.751445449999949, 16.638195664000023 ], [ -14.751387644999966, 16.639814190000038 ], [ -14.751618862999919, 16.642010761000108 ], [ -14.751850080999873, 16.643802700000151 ], [ -14.75231251699995, 16.645305617000076 ], [ -14.753121779999958, 16.646924143000035 ], [ -14.754046651999886, 16.648427060000131 ], [ -14.755549568999982, 16.649987782000153 ], [ -14.757341508999957, 16.651375089999988 ], [ -14.760694169999965, 16.653802879000068 ], [ -14.762486108999894, 16.655016773000114 ], [ -14.764740484999891, 16.655883841000104 ], [ -14.76606998799997, 16.656346277000182 ], [ -14.767630709999935, 16.656288472000085 ], [ -14.768902408999907, 16.655883841000104 ], [ -14.77109897999992, 16.654496533000099 ], [ -14.773411159999853, 16.652242157000046 ], [ -14.776648211999884, 16.648542669000051 ], [ -14.77849795599991, 16.64559464000007 ], [ -14.779076000999964, 16.644496354000182 ], [ -14.780867939999894, 16.641028084000084 ], [ -14.782602074999943, 16.63750201 ], [ -14.783353533999957, 16.635941288000026 ], [ -14.783700360999944, 16.634669589000055 ], [ -14.784625232999929, 16.632877650000012 ], [ -14.785492299999873, 16.631548146000171 ], [ -14.786590585999818, 16.630334252000068 ], [ -14.78763106699995, 16.629524989000174 ], [ -14.788382524999918, 16.629351575000044 ], [ -14.789191787999926, 16.629409380000141 ], [ -14.790232268999944, 16.629756207000128 ], [ -14.791677381999875, 16.630565470000022 ], [ -14.793122493999817, 16.63160595100004 ], [ -14.794741019999947, 16.633340086000089 ], [ -14.797689049999974, 16.637386401000128 ], [ -14.808151663999979, 16.650739240000121 ], [ -14.810174821999965, 16.652704593000124 ], [ -14.811446520999937, 16.653687269999978 ], [ -14.812602610999932, 16.654149706000055 ], [ -14.814394549999861, 16.654265315000146 ], [ -14.816244293999944, 16.654091901000186 ], [ -14.817515992999915, 16.653629465000108 ], [ -14.818556473999934, 16.653051420000168 ], [ -14.820117195999956, 16.651953135000156 ], [ -14.821099871999877, 16.650854849000041 ], [ -14.822024743999975, 16.649236323000025 ], [ -14.823007420999886, 16.647039752000126 ], [ -14.823123029999977, 16.64559464000007 ], [ -14.82306522499988, 16.644265136000058 ], [ -14.82271839799995, 16.643051242000126 ], [ -14.822660593999899, 16.641317107000134 ], [ -14.823007420999886, 16.639987603000066 ], [ -14.823412051999981, 16.639062731000081 ], [ -14.824047901999904, 16.637848837000035 ], [ -14.825435209999966, 16.635999093000123 ], [ -14.826302276999854, 16.635363243000086 ], [ -14.82780519399995, 16.634843003000185 ], [ -14.829539328999886, 16.634843003000185 ], [ -14.830579809999904, 16.63518983 ], [ -14.834163688999979, 16.637848837000035 ], [ -14.834857342999896, 16.638600295 ], [ -14.836013432999891, 16.639409558000125 ], [ -14.837805372999924, 16.64021882100019 ], [ -14.839019266999912, 16.640450039000143 ], [ -14.840522183999951, 16.640392235000149 ], [ -14.842082905999916, 16.640276626000059 ], [ -14.848614813999916, 16.639178340000171 ], [ -14.850637970999969, 16.638600295 ], [ -14.853875022999944, 16.637444205000122 ], [ -14.856823052999971, 16.636577138000064 ], [ -14.859193036999955, 16.636577138000064 ], [ -14.860580344999903, 16.636808356000188 ], [ -14.861736434999898, 16.637212987000169 ], [ -14.862025457999835, 16.637559813999985 ], [ -14.862892524999893, 16.639814190000038 ], [ -14.863297156999977, 16.641317107000134 ], [ -14.86352837499993, 16.642993437000086 ], [ -14.863701787999958, 16.643976114000111 ], [ -14.864106419999871, 16.644958790000089 ], [ -14.867516884999873, 16.650623631000087 ], [ -14.871216372999925, 16.655941645000098 ], [ -14.87237246299992, 16.65738675800003 ], [ -14.873933184999828, 16.658774066000035 ], [ -14.875436101999924, 16.659987960000137 ], [ -14.876823409999929, 16.660566005000078 ], [ -14.878730957999949, 16.660912832000122 ], [ -14.881274355999892, 16.660681614000168 ], [ -14.882719468999937, 16.660219178000091 ], [ -14.884280189999913, 16.659294306000106 ], [ -14.885609693999982, 16.658369434000178 ], [ -14.88670797899988, 16.657039931000043 ], [ -14.88722821999994, 16.655421405000027 ], [ -14.887690655999904, 16.653860683000062 ], [ -14.888037482999948, 16.652299962000143 ], [ -14.888384309999935, 16.650219000000106 ], [ -14.888615527999889, 16.648427060000131 ], [ -14.888731136999922, 16.646750730000178 ], [ -14.889077963999966, 16.645363422000173 ], [ -14.890176248999978, 16.641432716000168 ], [ -14.891332338999973, 16.63848468600014 ], [ -14.892257210999844, 16.636288115000013 ], [ -14.893355496999959, 16.634322762000068 ], [ -14.894627195999931, 16.632704236000052 ], [ -14.896303525999883, 16.631548146000171 ], [ -14.898615705999873, 16.630334252000068 ], [ -14.900523254999882, 16.630160838000108 ], [ -14.905378832999929, 16.632299605000071 ], [ -14.907864425999946, 16.633860326000161 ], [ -14.910118801999943, 16.63605689700006 ], [ -14.911217086999955, 16.638311273000113 ], [ -14.911332695999931, 16.64021882100019 ], [ -14.911043673999927, 16.642473197000186 ], [ -14.910639041999843, 16.644091722999974 ], [ -14.910176605999936, 16.645999271000107 ], [ -14.910234410999919, 16.647097557 ], [ -14.91075465099982, 16.647964624000053 ], [ -14.911506109999891, 16.648773887000175 ], [ -14.912199763999922, 16.649178519000088 ], [ -14.91300902699993, 16.649467540999979 ], [ -14.914107311999942, 16.649525346000075 ], [ -14.915610228999924, 16.649062910000168 ], [ -14.916361687999938, 16.648542669000051 ], [ -14.91769119099996, 16.646866339000042 ], [ -14.918558258999951, 16.645305617000076 ], [ -14.919078498999909, 16.644322941000098 ], [ -14.920639220999931, 16.642704415000139 ], [ -14.928616241999919, 16.635132025000132 ], [ -14.930755007999892, 16.633513499000117 ], [ -14.932431338999947, 16.632415214000105 ], [ -14.934223277999877, 16.631894973000158 ], [ -14.936073021999903, 16.631548146000171 ], [ -14.937633743999982, 16.631374733000087 ], [ -14.93925226999994, 16.63172156000013 ] ] ], [ [ [ -16.629414117999886, 13.622182173000056 ], [ -16.626557702999889, 13.627350819000128 ], [ -16.633831912999938, 13.628330040000037 ], [ -16.634488031999979, 13.631216649000066 ], [ -16.639523067999903, 13.634415907000061 ], [ -16.652716880999947, 13.648474006000185 ], [ -16.66152986599991, 13.653370109000036 ], [ -16.655094987999973, 13.64595601000002 ], [ -16.650478662999944, 13.639661021000109 ], [ -16.642206706999843, 13.627238555000076 ], [ -16.633169687999953, 13.621883674000117 ], [ -16.629414117999886, 13.622182173000056 ] ] ], [ [ [ -16.636199768999916, 13.654830962000176 ], [ -16.637049351999963, 13.66358198 ], [ -16.632153248999884, 13.67169552200005 ], [ -16.635370687999909, 13.68526472100001 ], [ -16.637608906999901, 13.690720379000084 ], [ -16.639847124999903, 13.680648396000095 ], [ -16.641106122999929, 13.668757860000028 ], [ -16.644207379999898, 13.660084661000099 ], [ -16.644182022999928, 13.654225379000081 ], [ -16.643204452999953, 13.649872892000133 ], [ -16.636199768999916, 13.654830962000176 ] ] ], [ [ [ -16.605867538999973, 13.806780045000096 ], [ -16.59567657499997, 13.815238185 ], [ -16.592714462999936, 13.820350833000077 ], [ -16.593036804999883, 13.824942773999965 ], [ -16.595222624999906, 13.828582949000179 ], [ -16.598774108999976, 13.829668229999982 ], [ -16.607444915999906, 13.827902978000111 ], [ -16.623106154999959, 13.822562404000053 ], [ -16.640958478999949, 13.814697718000161 ], [ -16.653072510999948, 13.802476114000058 ], [ -16.654785510999943, 13.79616345900007 ], [ -16.65447079799992, 13.792030233000048 ], [ -16.651874896999971, 13.791617292000069 ], [ -16.644922409999936, 13.794575876000067 ], [ -16.645013147999975, 13.787874520000173 ], [ -16.64163579999996, 13.785943588000123 ], [ -16.64020910399995, 13.785049995000179 ], [ -16.605867538999973, 13.806780045000096 ] ] ], [ [ [ -16.753241635999927, 13.804716993000113 ], [ -16.752929737999978, 13.806276481000168 ], [ -16.751994044999947, 13.808771663000186 ], [ -16.750122658999885, 13.811890639000183 ], [ -16.748875067999961, 13.817816695000033 ], [ -16.748875067999961, 13.823742750000179 ], [ -16.750122658999885, 13.829668806000029 ], [ -16.752617839999914, 13.837778145000186 ], [ -16.755736816999899, 13.845887484000116 ], [ -16.755736816999899, 13.853996823000045 ], [ -16.75542491899995, 13.858987186000036 ], [ -16.754177328999901, 13.86366565100019 ], [ -16.752929737999978, 13.865537036000035 ], [ -16.753553532999888, 13.874270171000092 ], [ -16.755113021999875, 13.887057975000175 ], [ -16.75636061199998, 13.892360235000126 ], [ -16.754801123999925, 13.894231621000017 ], [ -16.754801123999925, 13.895167314000105 ], [ -16.756984407999937, 13.896103006999965 ], [ -16.758231997999928, 13.895479212000168 ], [ -16.758543895999878, 13.891736440000102 ], [ -16.759791486999916, 13.885186589000057 ], [ -16.759791486999916, 13.878012943000158 ], [ -16.760727178999957, 13.871774990000119 ], [ -16.761662871999931, 13.864289445999987 ], [ -16.761662871999931, 13.855868209 ], [ -16.760103383999876, 13.848382665000088 ], [ -16.76041528199994, 13.83403537300012 ], [ -16.76041528199994, 13.820623774000012 ], [ -16.76041528199994, 13.812514435000082 ], [ -16.758855793999942, 13.805964584000037 ], [ -16.756984407999937, 13.802221812000141 ], [ -16.753241635999927, 13.804716993000113 ] ] ], [ [ [ -17.469697221999979, 14.65250258500015 ], [ -17.469322744999886, 14.654000493000126 ], [ -17.469322744999886, 14.655997702999969 ], [ -17.471195129999899, 14.657121134000135 ], [ -17.473691642999881, 14.657495611000115 ], [ -17.474440596999955, 14.656122529000186 ], [ -17.474190945999965, 14.653750842000136 ], [ -17.472942688999979, 14.65250258500015 ], [ -17.469697221999979, 14.65250258500015 ] ] ], [ [ [ -17.397915306999948, 14.663390254000149 ], [ -17.397071205999907, 14.664033850000067 ], [ -17.396567001999927, 14.666152069000134 ], [ -17.396776997999893, 14.667303309000147 ], [ -17.397502498999927, 14.668191105000062 ], [ -17.397656561999952, 14.668424468000126 ], [ -17.399193279999906, 14.671152256000028 ], [ -17.399946114999921, 14.670699079000087 ], [ -17.400210453999875, 14.67002824900004 ], [ -17.400611377999894, 14.668771421000145 ], [ -17.399495191999961, 14.666359214000124 ], [ -17.398957119999977, 14.66522531600009 ], [ -17.398163024999917, 14.663201377000064 ], [ -17.397915306999948, 14.663390254000149 ] ] ] ] } }
]
}
