{
"type": "FeatureCollection",
"name": "sen_adminpoints",
"crs": { "type": "name", "properties": { "name": "urn:ogc:def:crs:OGC:1.3:CRS84" } },
"features": [
{ "type": "Feature", "properties": { "admin_level": 0, "name": "Sénégal", "name1": null, "name2": null, "name3": null, "x_coord": -14.65598984, "y_coord": 14.50076617, "adm4_name": null, "adm4_name1": null, "adm4_name2": null, "adm4_name3": null, "adm4_pcode": null, "adm3_name": null, "adm3_name1": null, "adm3_name2": null, "adm3_name3": null, "adm3_pcode": null, "adm2_name": null, "adm2_name1": null, "adm2_name2": null, "adm2_name3": null, "adm2_pcode": null, "adm1_name": null, "adm1_name1": null, "adm1_name2": null, "adm1_name3": null, "adm1_pcode": null, "adm0_name": "Sénégal", "adm0_name1": null, "adm0_name2": null, "adm0_name3": null, "adm0_pcode": "SN", "valid_on": "2024-05-20", "valid_to": null, "version": "v02", "lang": "fr", "lang1": null, "lang2": null, "lang3": null }, "geometry": { "type": "Point", "coordinates": [ -14.655989841999883, 14.500766172999988 ] } },
{ "type": "Feature", "properties": { "admin_level": 1, "name": "Dakar", "name1": null, "name2": null, "name3": null, "x_coord": -17.24624135, "y_coord": 14.73908721, "adm4_name": null, "adm4_name1": null, "adm4_name2": null, "adm4_name3": null, "adm4_pcode": null, "adm3_name": null, "adm3_name1": null, "adm3_name2": null, "adm3_name3": null, "adm3_pcode": null, "adm2_name": null, "adm2_name1": null, "adm2_name2": null, "adm2_name3": null, "adm2_pcode": null, "adm1_name": "Dakar", "adm1_name1": null, "adm1_name2": null, "adm1_name3": null, "adm1_pcode": "SN01", "adm0_name": "Sénégal", "adm0_name1": null, "adm0_name2": null, "adm0_name3": null, "adm0_pcode": "SN", "valid_on": "2024-05-20", "valid_to": null, "version": "v02", "lang": "fr", "lang1": null, "lang2": null, "lang3": null }, "geometry": { "type": "Point", "coordinates": [ -17.246241348999888, 14.739087207000182 ] } },
{ "type": "Feature", "properties": { "admin_level": 1, "name": "Diourbel", "name1": null, "name2": null, "name3": null, "x_coord": -16.02589713, "y_coord": 14.77110611, "adm4_name": null, "adm4_name1": null, "adm4_name2": null, "adm4_name3": null, "adm4_pcode": null, "adm3_name": null, "adm3_name1": null, "adm3_name2": null, "adm3_name3": null, "adm3_pcode": null, "adm2_name": null, "adm2_name1": null, "adm2_name2": null, "adm2_name3": null, "adm2_pcode": null, "adm1_name": "Diourbel", "adm1_name1": null, "adm1_name2": null, "adm1_name3": null, "adm1_pcode": "SN02", "adm0_name": "Sénégal", "adm0_name1": null, "adm0_name2": null, "adm0_name3": null, "adm0_pcode": "SN", "valid_on": "2024-05-20", "valid_to": null, "version": "v02", "lang": "fr", "lang1": null, "lang2": null, "lang3": null }, "geometry": { "type": "Point", "coordinates": [ -16.025897130999965, 14.771106108000083 ] } },
{ "type": "Feature", "properties": { "admin_level": 1, "name": "Fatick", "name1": null, "name2": null, "name3": null, "x_coord": -16.5614726, "y_coord": 14.17164855, "adm4_name": null, "adm4_name1": null, "adm4_name2": null, "adm4_name3": null, "adm4_pcode": null, "adm3_name": null, "adm3_name1": null, "adm3_name2": null, "adm3_name3": null, "adm3_pcode": null, "adm2_name": null, "adm2_name1": null, "adm2_name2": null, "adm2_name3": null, "adm2_pcode": null, "adm1_name": "Fatick", "adm1_name1": null, "adm1_name2": null, "adm1_name3": null, "adm1_pcode": "SN03", "adm0_name": "Sénégal", "adm0_name1": null, "adm0_name2": null, "adm0_name3": null, "adm0_pcode": "SN", "valid_on": "2024-05-20", "valid_to": null, "version": "v02", "lang": "fr", "lang1": null, "lang2": null, "lang3": null }, "geometry": { "type": "Point", "coordinates": [ -16.561472594999941, 14.171648554000171 ] } },
{ "type": "Feature", "properties": { "admin_level": 1, "name": "Kaffrine", "name1": null, "name2": null, "name3": null, "x_coord": -15.2105919, "y_coord": 14.2336392, "adm4_name": null, "adm4_name1": null, "adm4_name2": null, "adm4_name3": null, "adm4_pcode": null, "adm3_name": null, "adm3_name1": null, "adm3_name2": null, "adm3_name3": null, "adm3_pcode": null, "adm2_name": null, "adm2_name1": null, "adm2_name2": null, "adm2_name3": null, "adm2_pcode": null, "adm1_name": "Kaffrine", "adm1_name1": null, "adm1_name2": null, "adm1_name3": null, "adm1_pcode": "SN04", "adm0_name": "Sénégal", "adm0_name1": null, "adm0_name2": null, "adm0_name3": null, "adm0_pcode": "SN", "valid_on": "2024-05-20", "valid_to": null, "version": "v02", "lang": "fr", "lang1": null, "lang2": null, "lang3": null }, "geometry": { "type": "Point", "coordinates": [ -15.210591901999862, 14.233639195000137 ] } },
{ "type": "Feature", "properties": { "admin_level": 1, "name": "Kaolack", "name1": null, "name2": null, "name3": null, "x_coord": -16.01815497, "y_coord": 14.04379892, "adm4_name": null, "adm4_name1": null, "adm4_name2": null, "adm4_name3": null, "adm4_pcode": null, "adm3_name": null, "adm3_name1": null, "adm3_name2": null, "adm3_name3": null, "adm3_pcode": null, "adm2_name": null, "adm2_name1": null, "adm2_name2": null, "adm2_name3": null, "adm2_pcode": null, "adm1_name": "Kaolack", "adm1_name1": null, "adm1_name2": null, "adm1_name3": null, "adm1_pcode": "SN05", "adm0_name": "Sénégal", "adm0_name1": null, "adm0_name2": null, "adm0_name3": null, "adm0_pcode": "SN", "valid_on": "2024-05-20", "valid_to": null, "version": "v02", "lang": "fr", "lang1": null, "lang2": null, "lang3": null }, "geometry": { "type": "Point", "coordinates": [ -16.018154971999934, 14.043798923000111 ] } },
{ "type": "Feature", "properties": { "admin_level": 1, "name": "Kédougou", "name1": null, "name2": null, "name3": null, "x_coord": -12.28551249, "y_coord": 12.88587329, "adm4_name": null, "adm4_name1": null, "adm4_name2": null, "adm4_name3": null, "adm4_pcode": null, "adm3_name": null, "adm3_name1": null, "adm3_name2": null, "adm3_name3": null, "adm3_pcode": null, "adm2_name": null, "adm2_name1": null, "adm2_name2": null, "adm2_name3": null, "adm2_pcode": null, "adm1_name": "Kédougou", "adm1_name1": null, "adm1_name2": null, "adm1_name3": null, "adm1_pcode": "SN06", "adm0_name": "Sénégal", "adm0_name1": null, "adm0_name2": null, "adm0_name3": null, "adm0_pcode": "SN", "valid_on": "2024-05-20", "valid_to": null, "version": "v02", "lang": "fr", "lang1": null, "lang2": null, "lang3": null }, "geometry": { "type": "Point", "coordinates": [ -12.285512493999931, 12.885873293000031 ] } },
{ "type": "Feature", "properties": { "admin_level": 1, "name": "Kolda", "name1": null, "name2": null, "name3": null, "x_coord": -14.41647672, "y_coord": 13.12837224, "adm4_name": null, "adm4_name1": null, "adm4_name2": null, "adm4_name3": null, "adm4_pcode": null, "adm3_name": null, "adm3_name1": null, "adm3_name2": null, "adm3_name3": null, "adm3_pcode": null, "adm2_name": null, "adm2_name1": null, "adm2_name2": null, "adm2_name3": null, "adm2_pcode": null, "adm1_name": "Kolda", "adm1_name1": null, "adm1_name2": null, "adm1_name3": null, "adm1_pcode": "SN07", "adm0_name": "Sénégal", "adm0_name1": null, "adm0_name2": null, "adm0_name3": null, "adm0_pcode": "SN", "valid_on": "2024-05-20", "valid_to": null, "version": "v02", "lang": "fr", "lang1": null, "lang2": null, "lang3": null }, "geometry": { "type": "Point", "coordinates": [ -14.416476717999956, 13.12837224000009 ] } },
{ "type": "Feature", "properties": { "admin_level": 1, "name": "Louga", "name1": null, "name2": null, "name3": null, "x_coord": -15.7386281, "y_coord": 15.39899907, "adm4_name": null, "adm4_name1": null, "adm4_name2": null, "adm4_name3": null, "adm4_pcode": null, "adm3_name": null, "adm3_name1": null, "adm3_name2": null, "adm3_name3": null, "adm3_pcode": null, "adm2_name": null, "adm2_name1": null, "adm2_name2": null, "adm2_name3": null, "adm2_pcode": null, "adm1_name": "Louga", "adm1_name1": null, "adm1_name2": null, "adm1_name3": null, "adm1_pcode": "SN08", "adm0_name": "Sénégal", "adm0_name1": null, "adm0_name2": null, "adm0_name3": null, "adm0_pcode": "SN", "valid_on": "2024-05-20", "valid_to": null, "version": "v02", "lang": "fr", "lang1": null, "lang2": null, "lang3": null }, "geometry": { "type": "Point", "coordinates": [ -15.73862810299994, 15.398999070000116 ] } },
{ "type": "Feature", "properties": { "admin_level": 1, "name": "Matam", "name1": null, "name2": null, "name3": null, "x_coord": -13.67946645, "y_coord": 15.2781068, "adm4_name": null, "adm4_name1": null, "adm4_name2": null, "adm4_name3": null, "adm4_pcode": null, "adm3_name": null, "adm3_name1": null, "adm3_name2": null, "adm3_name3": null, "adm3_pcode": null, "adm2_name": null, "adm2_name1": null, "adm2_name2": null, "adm2_name3": null, "adm2_pcode": null, "adm1_name": "Matam", "adm1_name1": null, "adm1_name2": null, "adm1_name3": null, "adm1_pcode": "SN09", "adm0_name": "Sénégal", "adm0_name1": null, "adm0_name2": null, "adm0_name3": null, "adm0_pcode": "SN", "valid_on": "2024-05-20", "valid_to": null, "version": "v02", "lang": "fr", "lang1": null, "lang2": null, "lang3": null }, "geometry": { "type": "Point", "coordinates": [ -13.679466446999925, 15.278106798000124 ] } },
{ "type": "Feature", "properties": { "admin_level": 1, "name": "Saint-Louis", "name1": null, "name2": null, "name3": null, "x_coord": -14.73403662, "y_coord": 16.09343518, "adm4_name": null, "adm4_name1": null, "adm4_name2": null, "adm4_name3": null, "adm4_pcode": null, "adm3_name": null, "adm3_name1": null, "adm3_name2": null, "adm3_name3": null, "adm3_pcode": null, "adm2_name": null, "adm2_name1": null, "adm2_name2": null, "adm2_name3": null, "adm2_pcode": null, "adm1_name": "Saint-Louis", "adm1_name1": null, "adm1_name2": null, "adm1_name3": null, "adm1_pcode": "SN10", "adm0_name": "Sénégal", "adm0_name1": null, "adm0_name2": null, "adm0_name3": null, "adm0_pcode": "SN", "valid_on": "2024-05-20", "valid_to": null, "version": "v02", "lang": "fr", "lang1": null, "lang2": null, "lang3": null }, "geometry": { "type": "Point", "coordinates": [ -14.734036622999895, 16.093435178000163 ] } },
{ "type": "Feature", "properties": { "admin_level": 1, "name": "Sédhiou", "name1": null, "name2": null, "name3": null, "x_coord": -15.5531073, "y_coord": 12.90939327, "adm4_name": null, "adm4_name1": null, "adm4_name2": null, "adm4_name3": null, "adm4_pcode": null, "adm3_name": null, "adm3_name1": null, "adm3_name2": null, "adm3_name3": null, "adm3_pcode": null, "adm2_name": null, "adm2_name1": null, "adm2_name2": null, "adm2_name3": null, "adm2_pcode": null, "adm1_name": "Sédhiou", "adm1_name1": null, "adm1_name2": null, "adm1_name3": null, "adm1_pcode": "SN11", "adm0_name": "Sénégal", "adm0_name1": null, "adm0_name2": null, "adm0_name3": null, "adm0_pcode": "SN", "valid_on": "2024-05-20", "valid_to": null, "version": "v02", "lang": "fr", "lang1": null, "lang2": null, "lang3": null }, "geometry": { "type": "Point", "coordinates": [ -15.553107297999873, 12.909393273999967 ] } },
{ "type": "Feature", "properties": { "admin_level": 1, "name": "Tambacounda", "name1": null, "name2": null, "name3": null, "x_coord": -13.32087233, "y_coord": 13.87062965, "adm4_name": null, "adm4_name1": null, "adm4_name2": null, "adm4_name3": null, "adm4_pcode": null, "adm3_name": null, "adm3_name1": null, "adm3_name2": null, "adm3_name3": null, "adm3_pcode": null, "adm2_name": null, "adm2_name1": null, "adm2_name2": null, "adm2_name3": null, "adm2_pcode": null, "adm1_name": "Tambacounda", "adm1_name1": null, "adm1_name2": null, "adm1_name3": null, "adm1_pcode": "SN12", "adm0_name": "Sénégal", "adm0_name1": null, "adm0_name2": null, "adm0_name3": null, "adm0_pcode": "SN", "valid_on": "2024-05-20", "valid_to": null, "version": "v02", "lang": "fr", "lang1": null, "lang2": null, "lang3": null }, "geometry": { "type": "Point", "coordinates": [ -13.320872334999933, 13.870629648000033 ] } },
{ "type": "Feature", "properties": { "admin_level": 1, "name": "Thiès", "name1": null, "name2": null, "name3": null, "x_coord": -16.86949533, "y_coord": 14.71109466, "adm4_name": null, "adm4_name1": null, "adm4_name2": null, "adm4_name3": null, "adm4_pcode": null, "adm3_name": null, "adm3_name1": null, "adm3_name2": null, "adm3_name3": null, "adm3_pcode": null, "adm2_name": null, "adm2_name1": null, "adm2_name2": null, "adm2_name3": null, "adm2_pcode": null, "adm1_name": "Thiès", "adm1_name1": null, "adm1_name2": null, "adm1_name3": null, "adm1_pcode": "SN13", "adm0_name": "Sénégal", "adm0_name1": null, "adm0_name2": null, "adm0_name3": null, "adm0_pcode": "SN", "valid_on": "2024-05-20", "valid_to": null, "version": "v02", "lang": "fr", "lang1": null, "lang2": null, "lang3": null }, "geometry": { "type": "Point", "coordinates": [ -16.869495327999914, 14.71109466300004 ] } },
{ "type": "Feature", "properties": { "admin_level": 1, "name": "Ziguinchor", "name1": null, "name2": null, "name3": null, "x_coord": -16.39980293, "y_coord": 12.7546415, "adm4_name": null, "adm4_name1": null, "adm4_name2": null, "adm4_name3": null, "adm4_pcode": null, "adm3_name": null, "adm3_name1": null, "adm3_name2": null, "adm3_name3": null, "adm3_pcode": null, "adm2_name": null, "adm2_name1": null, "adm2_name2": null, "adm2_name3": null, "adm2_pcode": null, "adm1_name": "Ziguinchor", "adm1_name1": null, "adm1_name2": null, "adm1_name3": null, "adm1_pcode": "SN14", "adm0_name": "Sénégal", "adm0_name1": null, "adm0_name2": null, "adm0_name3": null, "adm0_pcode": "SN", "valid_on": "2024-05-20", "valid_to": null, "version": "v02", "lang": "fr", "lang1": null, "lang2": null, "lang3": null }, "geometry": { "type": "Point", "coordinates": [ -16.399802934999911, 12.754641497000023 ] } },
{ "type": "Feature", "properties": { "admin_level": 2, "name": "Dakar", "name1": null, "name2": null, "name3": null, "x_coord": -17.45951477, "y_coord": 14.71101117, "adm4_name": null, "adm4_name1": null, "adm4_name2": null, "adm4_name3": null, "adm4_pcode": null, "adm3_name": null, "adm3_name1": null, "adm3_name2": null, "adm3_name3": null, "adm3_pcode": null, "adm2_name": "Dakar", "adm2_name1": null, "adm2_name2": null, "adm2_name3": null, "adm2_pcode": "SN0101", "adm1_name": "Dakar", "adm1_name1": null, "adm1_name2": null, "adm1_name3": null, "adm1_pcode": "SN01", "adm0_name": "Sénégal", "adm0_name1": null, "adm0_name2": null, "adm0_name3": null, "adm0_pcode": "SN", "valid_on": "2024-05-20", "valid_to": null, "version": "v02", "lang": "fr", "lang1": null, "lang2": null, "lang3": null }, "geometry": { "type": "Point", "coordinates": [ -17.459514769999885, 14.711011167000095 ] } },
{ "type": "Feature", "properties": { "admin_level": 2, "name": "Guédiawaye", "name1": null, "name2": null, "name3": null, "x_coord": -17.3972037, "y_coord": 14.77084116, "adm4_name": null, "adm4_name1": null, "adm4_name2": null, "adm4_name3": null, "adm4_pcode": null, "adm3_name": null, "adm3_name1": null, "adm3_name2": null, "adm3_name3": null, "adm3_pcode": null, "adm2_name": "Guédiawaye", "adm2_name1": null, "adm2_name2": null, "adm2_name3": null, "adm2_pcode": "SN0102", "adm1_name": "Dakar", "adm1_name1": null, "adm1_name2": null, "adm1_name3": null, "adm1_pcode": "SN01", "adm0_name": "Sénégal", "adm0_name1": null, "adm0_name2": null, "adm0_name3": null, "adm0_pcode": "SN", "valid_on": "2024-05-20", "valid_to": null, "version": "v02", "lang": "fr", "lang1": null, "lang2": null, "lang3": null }, "geometry": { "type": "Point", "coordinates": [ -17.397203703999878, 14.770841158000167 ] } },
{ "type": "Feature", "properties": { "admin_level": 2, "name": "Pikine", "name1": null, "name2": null, "name3": null, "x_coord": -17.35783171, "y_coord": 14.74757204, "adm4_name": null, "adm4_name1": null, "adm4_name2": null, "adm4_name3": null, "adm4_pcode": null, "adm3_name": null, "adm3_name1": null, "adm3_name2": null, "adm3_name3": null, "adm3_pcode": null, "adm2_name": "Pikine", "adm2_name1": null, "adm2_name2": null, "adm2_name3": null, "adm2_pcode": "SN0103", "adm1_name": "Dakar", "adm1_name1": null, "adm1_name2": null, "adm1_name3": null, "adm1_pcode": "SN01", "adm0_name": "Sénégal", "adm0_name1": null, "adm0_name2": null, "adm0_name3": null, "adm0_pcode": "SN", "valid_on": "2024-05-20", "valid_to": null, "version": "v02", "lang": "fr", "lang1": null, "lang2": null, "lang3": null }, "geometry": { "type": "Point", "coordinates": [ -17.357831713999872, 14.747572038999976 ] } },
{ "type": "Feature", "properties": { "admin_level": 2, "name": "Rufisque", "name1": null, "name2": null, "name3": null, "x_coord": -17.21494203, "y_coord": 14.73722558, "adm4_name": null, "adm4_name1": null, "adm4_name2": null, "adm4_name3": null, "adm4_pcode": null, "adm3_name": null, "adm3_name1": null, "adm3_name2": null, "adm3_name3": null, "adm3_pcode": null, "adm2_name": "Rufisque", "adm2_name1": null, "adm2_name2": null, "adm2_name3": null, "adm2_pcode": "SN0104", "adm1_name": "Dakar", "adm1_name1": null, "adm1_name2": null, "adm1_name3": null, "adm1_pcode": "SN01", "adm0_name": "Sénégal", "adm0_name1": null, "adm0_name2": null, "adm0_name3": null, "adm0_pcode": "SN", "valid_on": "2024-05-20", "valid_to": null, "version": "v02", "lang": "fr", "lang1": null, "lang2": null, "lang3": null }, "geometry": { "type": "Point", "coordinates": [ -17.214942033999932, 14.737225579000153 ] } },
{ "type": "Feature", "properties": { "admin_level": 2, "name": "Keur Massar", "name1": null, "name2": null, "name3": null, "x_coord": -17.32503226, "y_coord": 14.78514297, "adm4_name": null, "adm4_name1": null, "adm4_name2": null, "adm4_name3": null, "adm4_pcode": null, "adm3_name": null, "adm3_name1": null, "adm3_name2": null, "adm3_name3": null, "adm3_pcode": null, "adm2_name": "Keur Massar", "adm2_name1": null, "adm2_name2": null, "adm2_name3": null, "adm2_pcode": "SN0105", "adm1_name": "Dakar", "adm1_name1": null, "adm1_name2": null, "adm1_name3": null, "adm1_pcode": "SN01", "adm0_name": "Sénégal", "adm0_name1": null, "adm0_name2": null, "adm0_name3": null, "adm0_pcode": "SN", "valid_on": "2024-05-20", "valid_to": null, "version": "v02", "lang": "fr", "lang1": null, "lang2": null, "lang3": null }, "geometry": { "type": "Point", "coordinates": [ -17.325032263999958, 14.78514296600008 ] } },
{ "type": "Feature", "properties": { "admin_level": 2, "name": "Bambey", "name1": null, "name2": null, "name3": null, "x_coord": -16.50179927, "y_coord": 14.80943327, "adm4_name": null, "adm4_name1": null, "adm4_name2": null, "adm4_name3": null, "adm4_pcode": null, "adm3_name": null, "adm3_name1": null, "adm3_name2": null, "adm3_name3": null, "adm3_pcode": null, "adm2_name": "Bambey", "adm2_name1": null, "adm2_name2": null, "adm2_name3": null, "adm2_pcode": "SN0201", "adm1_name": "Diourbel", "adm1_name1": null, "adm1_name2": null, "adm1_name3": null, "adm1_pcode": "SN02", "adm0_name": "Sénégal", "adm0_name1": null, "adm0_name2": null, "adm0_name3": null, "adm0_pcode": "SN", "valid_on": "2024-05-20", "valid_to": null, "version": "v02", "lang": "fr", "lang1": null, "lang2": null, "lang3": null }, "geometry": { "type": "Point", "coordinates": [ -16.501799268999946, 14.809433265000052 ] } },
{ "type": "Feature", "properties": { "admin_level": 2, "name": "Diourbel", "name1": null, "name2": null, "name3": null, "x_coord": -16.22581576, "y_coord": 14.78098058, "adm4_name": null, "adm4_name1": null, "adm4_name2": null, "adm4_name3": null, "adm4_pcode": null, "adm3_name": null, "adm3_name1": null, "adm3_name2": null, "adm3_name3": null, "adm3_pcode": null, "adm2_name": "Diourbel", "adm2_name1": null, "adm2_name2": null, "adm2_name3": null, "adm2_pcode": "SN0202", "adm1_name": "Diourbel", "adm1_name1": null, "adm1_name2": null, "adm1_name3": null, "adm1_pcode": "SN02", "adm0_name": "Sénégal", "adm0_name1": null, "adm0_name2": null, "adm0_name3": null, "adm0_pcode": "SN", "valid_on": "2024-05-20", "valid_to": null, "version": "v02", "lang": "fr", "lang1": null, "lang2": null, "lang3": null }, "geometry": { "type": "Point", "coordinates": [ -16.225815758999943, 14.780980584000133 ] } },
{ "type": "Feature", "properties": { "admin_level": 2, "name": "Mbacké", "name1": null, "name2": null, "name3": null, "x_coord": -15.77061046, "y_coord": 14.75622179, "adm4_name": null, "adm4_name1": null, "adm4_name2": null, "adm4_name3": null, "adm4_pcode": null, "adm3_name": null, "adm3_name1": null, "adm3_name2": null, "adm3_name3": null, "adm3_pcode": null, "adm2_name": "Mbacké", "adm2_name1": null, "adm2_name2": null, "adm2_name3": null, "adm2_pcode": "SN0203", "adm1_name": "Diourbel", "adm1_name1": null, "adm1_name2": null, "adm1_name3": null, "adm1_pcode": "SN02", "adm0_name": "Sénégal", "adm0_name1": null, "adm0_name2": null, "adm0_name3": null, "adm0_pcode": "SN", "valid_on": "2024-05-20", "valid_to": null, "version": "v02", "lang": "fr", "lang1": null, "lang2": null, "lang3": null }, "geometry": { "type": "Point", "coordinates": [ -15.770610455999929, 14.756221790000097 ] } },
{ "type": "Feature", "properties": { "admin_level": 2, "name": "Fatick", "name1": null, "name2": null, "name3": null, "x_coord": -16.52844162, "y_coord": 14.26878465, "adm4_name": null, "adm4_name1": null, "adm4_name2": null, "adm4_name3": null, "adm4_pcode": null, "adm3_name": null, "adm3_name1": null, "adm3_name2": null, "adm3_name3": null, "adm3_pcode": null, "adm2_name": "Fatick", "adm2_name1": null, "adm2_name2": null, "adm2_name3": null, "adm2_pcode": "SN0301", "adm1_name": "Fatick", "adm1_name1": null, "adm1_name2": null, "adm1_name3": null, "adm1_pcode": "SN03", "adm0_name": "Sénégal", "adm0_name1": null, "adm0_name2": null, "adm0_name3": null, "adm0_pcode": "SN", "valid_on": "2024-05-20", "valid_to": null, "version": "v02", "lang": "fr", "lang1": null, "lang2": null, "lang3": null }, "geometry": { "type": "Point", "coordinates": [ -16.528441614999963, 14.268784646000086 ] } },
{ "type": "Feature", "properties": { "admin_level": 2, "name": "Foundiougne", "name1": null, "name2": null, "name3": null, "x_coord": -16.47095146, "y_coord": 13.87913438, "adm4_name": null, "adm4_name1": null, "adm4_name2": null, "adm4_name3": null, "adm4_pcode": null, "adm3_name": null, "adm3_name1": null, "adm3_name2": null, "adm3_name3": null, "adm3_pcode": null, "adm2_name": "Foundiougne", "adm2_name1": null, "adm2_name2": null, "adm2_name3": null, "adm2_pcode": "SN0302", "adm1_name": "Fatick", "adm1_name1": null, "adm1_name2": null, "adm1_name3": null, "adm1_pcode": "SN03", "adm0_name": "Sénégal", "adm0_name1": null, "adm0_name2": null, "adm0_name3": null, "adm0_pcode": "SN", "valid_on": "2024-05-20", "valid_to": null, "version": "v02", "lang": "fr", "lang1": null, "lang2": null, "lang3": null }, "geometry": { "type": "Point", "coordinates": [ -16.470951463999938, 13.879134382000132 ] } },
{ "type": "Feature", "properties": { "admin_level": 2, "name": "Gossas", "name1": null, "name2": null, "name3": null, "x_coord": -15.68701348, "y_coord": 14.55891971, "adm4_name": null, "adm4_name1": null, "adm4_name2": null, "adm4_name3": null, "adm4_pcode": null, "adm3_name": null, "adm3_name1": null, "adm3_name2": null, "adm3_name3": null, "adm3_pcode": null, "adm2_name": "Gossas", "adm2_name1": null, "adm2_name2": null, "adm2_name3": null, "adm2_pcode": "SN0303", "adm1_name": "Fatick", "adm1_name1": null, "adm1_name2": null, "adm1_name3": null, "adm1_pcode": "SN03", "adm0_name": "Sénégal", "adm0_name1": null, "adm0_name2": null, "adm0_name3": null, "adm0_pcode": "SN", "valid_on": "2024-05-20", "valid_to": null, "version": "v02", "lang": "fr", "lang1": null, "lang2": null, "lang3": null }, "geometry": { "type": "Point", "coordinates": [ -15.687013476999937, 14.558919709000065 ] } },
{ "type": "Feature", "properties": { "admin_level": 2, "name": "Birkelane", "name1": null, "name2": null, "name3": null, "x_coord": -15.69120012, "y_coord": 14.03861392, "adm4_name": null, "adm4_name1": null, "adm4_name2": null, "adm4_name3": null, "adm4_pcode": null, "adm3_name": null, "adm3_name1": null, "adm3_name2": null, "adm3_name3": null, "adm3_pcode": null, "adm2_name": "Birkelane", "adm2_name1": null, "adm2_name2": null, "adm2_name3": null, "adm2_pcode": "SN0401", "adm1_name": "Kaffrine", "adm1_name1": null, "adm1_name2": null, "adm1_name3": null, "adm1_pcode": "SN04", "adm0_name": "Sénégal", "adm0_name1": null, "adm0_name2": null, "adm0_name3": null, "adm0_pcode": "SN", "valid_on": "2024-05-20", "valid_to": null, "version": "v02", "lang": "fr", "lang1": null, "lang2": null, "lang3": null }, "geometry": { "type": "Point", "coordinates": [ -15.691200120999952, 14.038613919000113 ] } },
{ "type": "Feature", "properties": { "admin_level": 2, "name": "Kaffrine", "name1": null, "name2": null, "name3": null, "x_coord": -15.51647271, "y_coord": 14.16130629, "adm4_name": null, "adm4_name1": null, "adm4_name2": null, "adm4_name3": null, "adm4_pcode": null, "adm3_name": null, "adm3_name1": null, "adm3_name2": null, "adm3_name3": null, "adm3_pcode": null, "adm2_name": "Kaffrine", "adm2_name1": null, "adm2_name2": null, "adm2_name3": null, "adm2_pcode": "SN0402", "adm1_name": "Kaffrine", "adm1_name1": null, "adm1_name2": null, "adm1_name3": null, "adm1_pcode": "SN04", "adm0_name": "Sénégal", "adm0_name1": null, "adm0_name2": null, "adm0_name3": null, "adm0_pcode": "SN", "valid_on": "2024-05-20", "valid_to": null, "version": "v02", "lang": "fr", "lang1": null, "lang2": null, "lang3": null }, "geometry": { "type": "Point", "coordinates": [ -15.516472712999928, 14.161306291000187 ] } },
{ "type": "Feature", "properties": { "admin_level": 2, "name": "Koungheul", "name1": null, "name2": null, "name3": null, "x_coord": -14.82694995, "y_coord": 14.23651594, "adm4_name": null, "adm4_name1": null, "adm4_name2": null, "adm4_name3": null, "adm4_pcode": null, "adm3_name": null, "adm3_name1": null, "adm3_name2": null, "adm3_name3": null, "adm3_pcode": null, "adm2_name": "Koungheul", "adm2_name1": null, "adm2_name2": null, "adm2_name3": null, "adm2_pcode": "SN0403", "adm1_name": "Kaffrine", "adm1_name1": null, "adm1_name2": null, "adm1_name3": null, "adm1_pcode": "SN04", "adm0_name": "Sénégal", "adm0_name1": null, "adm0_name2": null, "adm0_name3": null, "adm0_pcode": "SN", "valid_on": "2024-05-20", "valid_to": null, "version": "v02", "lang": "fr", "lang1": null, "lang2": null, "lang3": null }, "geometry": { "type": "Point", "coordinates": [ -14.826949949999971, 14.236515944000075 ] } },
{ "type": "Feature", "properties": { "admin_level": 2, "name": "Malem-Hodar", "name1": null, "name2": null, "name3": null, "x_coord": -15.21514016, "y_coord": 14.35554633, "adm4_name": null, "adm4_name1": null, "adm4_name2": null, "adm4_name3": null, "adm4_pcode": null, "adm3_name": null, "adm3_name1": null, "adm3_name2": null, "adm3_name3": null, "adm3_pcode": null, "adm2_name": "Malem-Hodar", "adm2_name1": null, "adm2_name2": null, "adm2_name3": null, "adm2_pcode": "SN0404", "adm1_name": "Kaffrine", "adm1_name1": null, "adm1_name2": null, "adm1_name3": null, "adm1_pcode": "SN04", "adm0_name": "Sénégal", "adm0_name1": null, "adm0_name2": null, "adm0_name3": null, "adm0_pcode": "SN", "valid_on": "2024-05-20", "valid_to": null, "version": "v02", "lang": "fr", "lang1": null, "lang2": null, "lang3": null }, "geometry": { "type": "Point", "coordinates": [ -15.215140162999944, 14.355546328 ] } },
{ "type": "Feature", "properties": { "admin_level": 2, "name": "Guinguinéo", "name1": null, "name2": null, "name3": null, "x_coord": -15.91205896, "y_coord": 14.30405206, "adm4_name": null, "adm4_name1": null, "adm4_name2": null, "adm4_name3": null, "adm4_pcode": null, "adm3_name": null, "adm3_name1": null, "adm3_name2": null, "adm3_name3": null, "adm3_pcode": null, "adm2_name": "Guinguinéo", "adm2_name1": null, "adm2_name2": null, "adm2_name3": null, "adm2_pcode": "SN0501", "adm1_name": "Kaolack", "adm1_name1": null, "adm1_name2": null, "adm1_name3": null, "adm1_pcode": "SN05", "adm0_name": "Sénégal", "adm0_name1": null, "adm0_name2": null, "adm0_name3": null, "adm0_pcode": "SN", "valid_on": "2024-05-20", "valid_to": null, "version": "v02", "lang": "fr", "lang1": null, "lang2": null, "lang3": null }, "geometry": { "type": "Point", "coordinates": [ -15.912058956999886, 14.304052063000029 ] } },
{ "type": "Feature", "properties": { "admin_level": 2, "name": "Kaolack", "name1": null, "name2": null, "name3": null, "x_coord": -16.09806759, "y_coord": 14.11056513, "adm4_name": null, "adm4_name1": null, "adm4_name2": null, "adm4_name3": null, "adm4_pcode": null, "adm3_name": null, "adm3_name1": null, "adm3_name2": null, "adm3_name3": null, "adm3_pcode": null, "adm2_name": "Kaolack", "adm2_name1": null, "adm2_name2": null, "adm2_name3": null, "adm2_pcode": "SN0502", "adm1_name": "Kaolack", "adm1_name1": null, "adm1_name2": null, "adm1_name3": null, "adm1_pcode": "SN05", "adm0_name": "Sénégal", "adm0_name1": null, "adm0_name2": null, "adm0_name3": null, "adm0_pcode": "SN", "valid_on": "2024-05-20", "valid_to": null, "version": "v02", "lang": "fr", "lang1": null, "lang2": null, "lang3": null }, "geometry": { "type": "Point", "coordinates": [ -16.09806759099996, 14.11056513 ] } },
{ "type": "Feature", "properties": { "admin_level": 2, "name": "Nioro du Rip", "name1": null, "name2": null, "name3": null, "x_coord": -15.78852091, "y_coord": 13.74680217, "adm4_name": null, "adm4_name1": null, "adm4_name2": null, "adm4_name3": null, "adm4_pcode": null, "adm3_name": null, "adm3_name1": null, "adm3_name2": null, "adm3_name3": null, "adm3_pcode": null, "adm2_name": "Nioro du Rip", "adm2_name1": null, "adm2_name2": null, "adm2_name3": null, "adm2_pcode": "SN0503", "adm1_name": "Kaolack", "adm1_name1": null, "adm1_name2": null, "adm1_name3": null, "adm1_pcode": "SN05", "adm0_name": "Sénégal", "adm0_name1": null, "adm0_name2": null, "adm0_name3": null, "adm0_pcode": "SN", "valid_on": "2024-05-20", "valid_to": null, "version": "v02", "lang": "fr", "lang1": null, "lang2": null, "lang3": null }, "geometry": { "type": "Point", "coordinates": [ -15.788520905999974, 13.746802170000024 ] } },
{ "type": "Feature", "properties": { "admin_level": 2, "name": "Kédougou", "name1": null, "name2": null, "name3": null, "x_coord": -12.42893783, "y_coord": 12.757688, "adm4_name": null, "adm4_name1": null, "adm4_name2": null, "adm4_name3": null, "adm4_pcode": null, "adm3_name": null, "adm3_name1": null, "adm3_name2": null, "adm3_name3": null, "adm3_pcode": null, "adm2_name": "Kédougou", "adm2_name1": null, "adm2_name2": null, "adm2_name3": null, "adm2_pcode": "SN0601", "adm1_name": "Kédougou", "adm1_name1": null, "adm1_name2": null, "adm1_name3": null, "adm1_pcode": "SN06", "adm0_name": "Sénégal", "adm0_name1": null, "adm0_name2": null, "adm0_name3": null, "adm0_pcode": "SN", "valid_on": "2024-05-20", "valid_to": null, "version": "v02", "lang": "fr", "lang1": null, "lang2": null, "lang3": null }, "geometry": { "type": "Point", "coordinates": [ -12.428937824999934, 12.757687996000129 ] } },
{ "type": "Feature", "properties": { "admin_level": 2, "name": "Salémata", "name1": null, "name2": null, "name3": null, "x_coord": -12.79724412, "y_coord": 12.60540469, "adm4_name": null, "adm4_name1": null, "adm4_name2": null, "adm4_name3": null, "adm4_pcode": null, "adm3_name": null, "adm3_name1": null, "adm3_name2": null, "adm3_name3": null, "adm3_pcode": null, "adm2_name": "Salémata", "adm2_name1": null, "adm2_name2": null, "adm2_name3": null, "adm2_pcode": "SN0602", "adm1_name": "Kédougou", "adm1_name1": null, "adm1_name2": null, "adm1_name3": null, "adm1_pcode": "SN06", "adm0_name": "Sénégal", "adm0_name1": null, "adm0_name2": null, "adm0_name3": null, "adm0_pcode": "SN", "valid_on": "2024-05-20", "valid_to": null, "version": "v02", "lang": "fr", "lang1": null, "lang2": null, "lang3": null }, "geometry": { "type": "Point", "coordinates": [ -12.797244119999903, 12.605404693000082 ] } },
{ "type": "Feature", "properties": { "admin_level": 2, "name": "Saraya", "name1": null, "name2": null, "name3": null, "x_coord": -11.79205737, "y_coord": 12.92294659, "adm4_name": null, "adm4_name1": null, "adm4_name2": null, "adm4_name3": null, "adm4_pcode": null, "adm3_name": null, "adm3_name1": null, "adm3_name2": null, "adm3_name3": null, "adm3_pcode": null, "adm2_name": "Saraya", "adm2_name1": null, "adm2_name2": null, "adm2_name3": null, "adm2_pcode": "SN0603", "adm1_name": "Kédougou", "adm1_name1": null, "adm1_name2": null, "adm1_name3": null, "adm1_pcode": "SN06", "adm0_name": "Sénégal", "adm0_name1": null, "adm0_name2": null, "adm0_name3": null, "adm0_pcode": "SN", "valid_on": "2024-05-20", "valid_to": null, "version": "v02", "lang": "fr", "lang1": null, "lang2": null, "lang3": null }, "geometry": { "type": "Point", "coordinates": [ -11.792057369999952, 12.922946589000048 ] } },
{ "type": "Feature", "properties": { "admin_level": 2, "name": "Kolda", "name1": null, "name2": null, "name3": null, "x_coord": -14.47145594, "y_coord": 12.87068559, "adm4_name": null, "adm4_name1": null, "adm4_name2": null, "adm4_name3": null, "adm4_pcode": null, "adm3_name": null, "adm3_name1": null, "adm3_name2": null, "adm3_name3": null, "adm3_pcode": null, "adm2_name": "Kolda", "adm2_name1": null, "adm2_name2": null, "adm2_name3": null, "adm2_pcode": "SN0701", "adm1_name": "Kolda", "adm1_name1": null, "adm1_name2": null, "adm1_name3": null, "adm1_pcode": "SN07", "adm0_name": "Sénégal", "adm0_name1": null, "adm0_name2": null, "adm0_name3": null, "adm0_pcode": "SN", "valid_on": "2024-05-20", "valid_to": null, "version": "v02", "lang": "fr", "lang1": null, "lang2": null, "lang3": null }, "geometry": { "type": "Point", "coordinates": [ -14.47145593599987, 12.870685593000189 ] } },
{ "type": "Feature", "properties": { "admin_level": 2, "name": "Médina-Yorofoula", "name1": null, "name2": null, "name3": null, "x_coord": -14.86054323, "y_coord": 13.23328229, "adm4_name": null, "adm4_name1": null, "adm4_name2": null, "adm4_name3": null, "adm4_pcode": null, "adm3_name": null, "adm3_name1": null, "adm3_name2": null, "adm3_name3": null, "adm3_pcode": null, "adm2_name": "Médina-Yorofoula", "adm2_name1": null, "adm2_name2": null, "adm2_name3": null, "adm2_pcode": "SN0702", "adm1_name": "Kolda", "adm1_name1": null, "adm1_name2": null, "adm1_name3": null, "adm1_pcode": "SN07", "adm0_name": "Sénégal", "adm0_name1": null, "adm0_name2": null, "adm0_name3": null, "adm0_pcode": "SN", "valid_on": "2024-05-20", "valid_to": null, "version": "v02", "lang": "fr", "lang1": null, "lang2": null, "lang3": null }, "geometry": { "type": "Point", "coordinates": [ -14.86054323299993, 13.233282293000116 ] } },
{ "type": "Feature", "properties": { "admin_level": 2, "name": "Vélingara", "name1": null, "name2": null, "name3": null, "x_coord": -13.94764115, "y_coord": 13.10298134, "adm4_name": null, "adm4_name1": null, "adm4_name2": null, "adm4_name3": null, "adm4_pcode": null, "adm3_name": null, "adm3_name1": null, "adm3_name2": null, "adm3_name3": null, "adm3_pcode": null, "adm2_name": "Vélingara", "adm2_name1": null, "adm2_name2": null, "adm2_name3": null, "adm2_pcode": "SN0703", "adm1_name": "Kolda", "adm1_name1": null, "adm1_name2": null, "adm1_name3": null, "adm1_pcode": "SN07", "adm0_name": "Sénégal", "adm0_name1": null, "adm0_name2": null, "adm0_name3": null, "adm0_pcode": "SN", "valid_on": "2024-05-20", "valid_to": null, "version": "v02", "lang": "fr", "lang1": null, "lang2": null, "lang3": null }, "geometry": { "type": "Point", "coordinates": [ -13.947641144999977, 13.102981336000141 ] } },
{ "type": "Feature", "properties": { "admin_level": 2, "name": "Kébémer", "name1": null, "name2": null, "name3": null, "x_coord": -16.08062215, "y_coord": 15.31015812, "adm4_name": null, "adm4_name1": null, "adm4_name2": null, "adm4_name3": null, "adm4_pcode": null, "adm3_name": null, "adm3_name1": null, "adm3_name2": null, "adm3_name3": null, "adm3_pcode": null, "adm2_name": "Kébémer", "adm2_name1": null, "adm2_name2": null, "adm2_name3": null, "adm2_pcode": "SN0801", "adm1_name": "Louga", "adm1_name1": null, "adm1_name2": null, "adm1_name3": null, "adm1_pcode": "SN08", "adm0_name": "Sénégal", "adm0_name1": null, "adm0_name2": null, "adm0_name3": null, "adm0_pcode": "SN", "valid_on": "2024-05-20", "valid_to": null, "version": "v02", "lang": "fr", "lang1": null, "lang2": null, "lang3": null }, "geometry": { "type": "Point", "coordinates": [ -16.080622147999975, 15.310158121000029 ] } },
{ "type": "Feature", "properties": { "admin_level": 2, "name": "Linguère", "name1": null, "name2": null, "name3": null, "x_coord": -15.16767787, "y_coord": 15.31083068, "adm4_name": null, "adm4_name1": null, "adm4_name2": null, "adm4_name3": null, "adm4_pcode": null, "adm3_name": null, "adm3_name1": null, "adm3_name2": null, "adm3_name3": null, "adm3_pcode": null, "adm2_name": "Linguère", "adm2_name1": null, "adm2_name2": null, "adm2_name3": null, "adm2_pcode": "SN0802", "adm1_name": "Louga", "adm1_name1": null, "adm1_name2": null, "adm1_name3": null, "adm1_pcode": "SN08", "adm0_name": "Sénégal", "adm0_name1": null, "adm0_name2": null, "adm0_name3": null, "adm0_pcode": "SN", "valid_on": "2024-05-20", "valid_to": null, "version": "v02", "lang": "fr", "lang1": null, "lang2": null, "lang3": null }, "geometry": { "type": "Point", "coordinates": [ -15.167677873999878, 15.310830685000099 ] } },
{ "type": "Feature", "properties": { "admin_level": 2, "name": "Louga", "name1": null, "name2": null, "name3": null, "x_coord": -16.06294916, "y_coord": 15.77578797, "adm4_name": null, "adm4_name1": null, "adm4_name2": null, "adm4_name3": null, "adm4_pcode": null, "adm3_name": null, "adm3_name1": null, "adm3_name2": null, "adm3_name3": null, "adm3_pcode": null, "adm2_name": "Louga", "adm2_name1": null, "adm2_name2": null, "adm2_name3": null, "adm2_pcode": "SN0803", "adm1_name": "Louga", "adm1_name1": null, "adm1_name2": null, "adm1_name3": null, "adm1_pcode": "SN08", "adm0_name": "Sénégal", "adm0_name1": null, "adm0_name2": null, "adm0_name3": null, "adm0_pcode": "SN", "valid_on": "2024-05-20", "valid_to": null, "version": "v02", "lang": "fr", "lang1": null, "lang2": null, "lang3": null }, "geometry": { "type": "Point", "coordinates": [ -16.062949158999913, 15.775787974000025 ] } },
{ "type": "Feature", "properties": { "admin_level": 2, "name": "Kanel", "name1": null, "name2": null, "name3": null, "x_coord": -13.09764109, "y_coord": 15.00999268, "adm4_name": null, "adm4_name1": null, "adm4_name2": null, "adm4_name3": null, "adm4_pcode": null, "adm3_name": null, "adm3_name1": null, "adm3_name2": null, "adm3_name3": null, "adm3_pcode": null, "adm2_name": "Kanel", "adm2_name1": null, "adm2_name2": null, "adm2_name3": null, "adm2_pcode": "SN0901", "adm1_name": "Matam", "adm1_name1": null, "adm1_name2": null, "adm1_name3": null, "adm1_pcode": "SN09", "adm0_name": "Sénégal", "adm0_name1": null, "adm0_name2": null, "adm0_name3": null, "adm0_pcode": "SN", "valid_on": "2024-05-20", "valid_to": null, "version": "v02", "lang": "fr", "lang1": null, "lang2": null, "lang3": null }, "geometry": { "type": "Point", "coordinates": [ -13.097641089999968, 15.009992680000096 ] } },
{ "type": "Feature", "properties": { "admin_level": 2, "name": "Matam", "name1": null, "name2": null, "name3": null, "x_coord": -13.67449721, "y_coord": 15.72014838, "adm4_name": null, "adm4_name1": null, "adm4_name2": null, "adm4_name3": null, "adm4_pcode": null, "adm3_name": null, "adm3_name1": null, "adm3_name2": null, "adm3_name3": null, "adm3_pcode": null, "adm2_name": "Matam", "adm2_name1": null, "adm2_name2": null, "adm2_name3": null, "adm2_pcode": "SN0902", "adm1_name": "Matam", "adm1_name1": null, "adm1_name2": null, "adm1_name3": null, "adm1_pcode": "SN09", "adm0_name": "Sénégal", "adm0_name1": null, "adm0_name2": null, "adm0_name3": null, "adm0_pcode": "SN", "valid_on": "2024-05-20", "valid_to": null, "version": "v02", "lang": "fr", "lang1": null, "lang2": null, "lang3": null }, "geometry": { "type": "Point", "coordinates": [ -13.674497213999928, 15.72014838400014 ] } },
{ "type": "Feature", "properties": { "admin_level": 2, "name": "Ranérou", "name1": null, "name2": null, "name3": null, "x_coord": -14.08777171, "y_coord": 15.10769521, "adm4_name": null, "adm4_name1": null, "adm4_name2": null, "adm4_name3": null, "adm4_pcode": null, "adm3_name": null, "adm3_name1": null, "adm3_name2": null, "adm3_name3": null, "adm3_pcode": null, "adm2_name": "Ranérou", "adm2_name1": null, "adm2_name2": null, "adm2_name3": null, "adm2_pcode": "SN0903", "adm1_name": "Matam", "adm1_name1": null, "adm1_name2": null, "adm1_name3": null, "adm1_pcode": "SN09", "adm0_name": "Sénégal", "adm0_name1": null, "adm0_name2": null, "adm0_name3": null, "adm0_pcode": "SN", "valid_on": "2024-05-20", "valid_to": null, "version": "v02", "lang": "fr", "lang1": null, "lang2": null, "lang3": null }, "geometry": { "type": "Point", "coordinates": [ -14.087771708999981, 15.107695211000134 ] } },
{ "type": "Feature", "properties": { "admin_level": 2, "name": "Dagana", "name1": null, "name2": null, "name3": null, "x_coord": -15.88623669, "y_coord": 16.25946543, "adm4_name": null, "adm4_name1": null, "adm4_name2": null, "adm4_name3": null, "adm4_pcode": null, "adm3_name": null, "adm3_name1": null, "adm3_name2": null, "adm3_name3": null, "adm3_pcode": null, "adm2_name": "Dagana", "adm2_name1": null, "adm2_name2": null, "adm2_name3": null, "adm2_pcode": "SN1001", "adm1_name": "Saint-Louis", "adm1_name1": null, "adm1_name2": null, "adm1_name3": null, "adm1_pcode": "SN10", "adm0_name": "Sénégal", "adm0_name1": null, "adm0_name2": null, "adm0_name3": null, "adm0_pcode": "SN", "valid_on": "2024-05-20", "valid_to": null, "version": "v02", "lang": "fr", "lang1": null, "lang2": null, "lang3": null }, "geometry": { "type": "Point", "coordinates": [ -15.88623668799994, 16.259465434000106 ] } },
{ "type": "Feature", "properties": { "admin_level": 2, "name": "Podor", "name1": null, "name2": null, "name3": null, "x_coord": -14.58223992, "y_coord": 16.09390007, "adm4_name": null, "adm4_name1": null, "adm4_name2": null, "adm4_name3": null, "adm4_pcode": null, "adm3_name": null, "adm3_name1": null, "adm3_name2": null, "adm3_name3": null, "adm3_pcode": null, "adm2_name": "Podor", "adm2_name1": null, "adm2_name2": null, "adm2_name3": null, "adm2_pcode": "SN1002", "adm1_name": "Saint-Louis", "adm1_name1": null, "adm1_name2": null, "adm1_name3": null, "adm1_pcode": "SN10", "adm0_name": "Sénégal", "adm0_name1": null, "adm0_name2": null, "adm0_name3": null, "adm0_pcode": "SN", "valid_on": "2024-05-20", "valid_to": null, "version": "v02", "lang": "fr", "lang1": null, "lang2": null, "lang3": null }, "geometry": { "type": "Point", "coordinates": [ -14.582239915999935, 16.09390006600006 ] } },
{ "type": "Feature", "properties": { "admin_level": 2, "name": "Saint Louis", "name1": null, "name2": null, "name3": null, "x_coord": -16.33379013, "y_coord": 15.98367683, "adm4_name": null, "adm4_name1": null, "adm4_name2": null, "adm4_name3": null, "adm4_pcode": null, "adm3_name": null, "adm3_name1": null, "adm3_name2": null, "adm3_name3": null, "adm3_pcode": null, "adm2_name": "Saint Louis", "adm2_name1": null, "adm2_name2": null, "adm2_name3": null, "adm2_pcode": "SN1003", "adm1_name": "Saint-Louis", "adm1_name1": null, "adm1_name2": null, "adm1_name3": null, "adm1_pcode": "SN10", "adm0_name": "Sénégal", "adm0_name1": null, "adm0_name2": null, "adm0_name3": null, "adm0_pcode": "SN", "valid_on": "2024-05-20", "valid_to": null, "version": "v02", "lang": "fr", "lang1": null, "lang2": null, "lang3": null }, "geometry": { "type": "Point", "coordinates": [ -16.33379012499995, 15.983676833000061 ] } },
{ "type": "Feature", "properties": { "admin_level": 2, "name": "Bounkiling", "name1": null, "name2": null, "name3": null, "x_coord": -15.5811162, "y_coord": 13.13889935, "adm4_name": null, "adm4_name1": null, "adm4_name2": null, "adm4_name3": null, "adm4_pcode": null, "adm3_name": null, "adm3_name1": null, "adm3_name2": null, "adm3_name3": null, "adm3_pcode": null, "adm2_name": "Bounkiling", "adm2_name1": null, "adm2_name2": null, "adm2_name3": null, "adm2_pcode": "SN1101", "adm1_name": "Sédhiou", "adm1_name1": null, "adm1_name2": null, "adm1_name3": null, "adm1_pcode": "SN11", "adm0_name": "Sénégal", "adm0_name1": null, "adm0_name2": null, "adm0_name3": null, "adm0_pcode": "SN", "valid_on": "2024-05-20", "valid_to": null, "version": "v02", "lang": "fr", "lang1": null, "lang2": null, "lang3": null }, "geometry": { "type": "Point", "coordinates": [ -15.581116204999944, 13.138899350000145 ] } },
{ "type": "Feature", "properties": { "admin_level": 2, "name": "Goudomp", "name1": null, "name2": null, "name3": null, "x_coord": -15.39366179, "y_coord": 12.64470113, "adm4_name": null, "adm4_name1": null, "adm4_name2": null, "adm4_name3": null, "adm4_pcode": null, "adm3_name": null, "adm3_name1": null, "adm3_name2": null, "adm3_name3": null, "adm3_pcode": null, "adm2_name": "Goudomp", "adm2_name1": null, "adm2_name2": null, "adm2_name3": null, "adm2_pcode": "SN1102", "adm1_name": "Sédhiou", "adm1_name1": null, "adm1_name2": null, "adm1_name3": null, "adm1_pcode": "SN11", "adm0_name": "Sénégal", "adm0_name1": null, "adm0_name2": null, "adm0_name3": null, "adm0_pcode": "SN", "valid_on": "2024-05-20", "valid_to": null, "version": "v02", "lang": "fr", "lang1": null, "lang2": null, "lang3": null }, "geometry": { "type": "Point", "coordinates": [ -15.393661787999974, 12.644701133000069 ] } },
{ "type": "Feature", "properties": { "admin_level": 2, "name": "Sédhiou", "name1": null, "name2": null, "name3": null, "x_coord": -15.75973213, "y_coord": 12.79402805, "adm4_name": null, "adm4_name1": null, "adm4_name2": null, "adm4_name3": null, "adm4_pcode": null, "adm3_name": null, "adm3_name1": null, "adm3_name2": null, "adm3_name3": null, "adm3_pcode": null, "adm2_name": "Sédhiou", "adm2_name1": null, "adm2_name2": null, "adm2_name3": null, "adm2_pcode": "SN1103", "adm1_name": "Sédhiou", "adm1_name1": null, "adm1_name2": null, "adm1_name3": null, "adm1_pcode": "SN11", "adm0_name": "Sénégal", "adm0_name1": null, "adm0_name2": null, "adm0_name3": null, "adm0_pcode": "SN", "valid_on": "2024-05-20", "valid_to": null, "version": "v02", "lang": "fr", "lang1": null, "lang2": null, "lang3": null }, "geometry": { "type": "Point", "coordinates": [ -15.759732130999907, 12.794028048000087 ] } },
{ "type": "Feature", "properties": { "admin_level": 2, "name": "Bakel", "name1": null, "name2": null, "name3": null, "x_coord": -12.24957025, "y_coord": 14.21232285, "adm4_name": null, "adm4_name1": null, "adm4_name2": null, "adm4_name3": null, "adm4_pcode": null, "adm3_name": null, "adm3_name1": null, "adm3_name2": null, "adm3_name3": null, "adm3_pcode": null, "adm2_name": "Bakel", "adm2_name1": null, "adm2_name2": null, "adm2_name3": null, "adm2_pcode": "SN1201", "adm1_name": "Tambacounda", "adm1_name1": null, "adm1_name2": null, "adm1_name3": null, "adm1_pcode": "SN12", "adm0_name": "Sénégal", "adm0_name1": null, "adm0_name2": null, "adm0_name3": null, "adm0_pcode": "SN", "valid_on": "2024-05-20", "valid_to": null, "version": "v02", "lang": "fr", "lang1": null, "lang2": null, "lang3": null }, "geometry": { "type": "Point", "coordinates": [ -12.249570254999924, 14.212322852000057 ] } },
{ "type": "Feature", "properties": { "admin_level": 2, "name": "Goudiry", "name1": null, "name2": null, "name3": null, "x_coord": -13.01924701, "y_coord": 13.97282721, "adm4_name": null, "adm4_name1": null, "adm4_name2": null, "adm4_name3": null, "adm4_pcode": null, "adm3_name": null, "adm3_name1": null, "adm3_name2": null, "adm3_name3": null, "adm3_pcode": null, "adm2_name": "Goudiry", "adm2_name1": null, "adm2_name2": null, "adm2_name3": null, "adm2_pcode": "SN1202", "adm1_name": "Tambacounda", "adm1_name1": null, "adm1_name2": null, "adm1_name3": null, "adm1_pcode": "SN12", "adm0_name": "Sénégal", "adm0_name1": null, "adm0_name2": null, "adm0_name3": null, "adm0_pcode": "SN", "valid_on": "2024-05-20", "valid_to": null, "version": "v02", "lang": "fr", "lang1": null, "lang2": null, "lang3": null }, "geometry": { "type": "Point", "coordinates": [ -13.019247010999891, 13.972827209000172 ] } },
{ "type": "Feature", "properties": { "admin_level": 2, "name": "Koumpentoum", "name1": null, "name2": null, "name3": null, "x_coord": -14.27821252, "y_coord": 14.08417012, "adm4_name": null, "adm4_name1": null, "adm4_name2": null, "adm4_name3": null, "adm4_pcode": null, "adm3_name": null, "adm3_name1": null, "adm3_name2": null, "adm3_name3": null, "adm3_pcode": null, "adm2_name": "Koumpentoum", "adm2_name1": null, "adm2_name2": null, "adm2_name3": null, "adm2_pcode": "SN1203", "adm1_name": "Tambacounda", "adm1_name1": null, "adm1_name2": null, "adm1_name3": null, "adm1_pcode": "SN12", "adm0_name": "Sénégal", "adm0_name1": null, "adm0_name2": null, "adm0_name3": null, "adm0_pcode": "SN", "valid_on": "2024-05-20", "valid_to": null, "version": "v02", "lang": "fr", "lang1": null, "lang2": null, "lang3": null }, "geometry": { "type": "Point", "coordinates": [ -14.278212520999944, 14.084170116000109 ] } },
{ "type": "Feature", "properties": { "admin_level": 2, "name": "Tambacounda", "name1": null, "name2": null, "name3": null, "x_coord": -13.57033485, "y_coord": 13.51982731, "adm4_name": null, "adm4_name1": null, "adm4_name2": null, "adm4_name3": null, "adm4_pcode": null, "adm3_name": null, "adm3_name1": null, "adm3_name2": null, "adm3_name3": null, "adm3_pcode": null, "adm2_name": "Tambacounda", "adm2_name1": null, "adm2_name2": null, "adm2_name3": null, "adm2_pcode": "SN1204", "adm1_name": "Tambacounda", "adm1_name1": null, "adm1_name2": null, "adm1_name3": null, "adm1_pcode": "SN12", "adm0_name": "Sénégal", "adm0_name1": null, "adm0_name2": null, "adm0_name3": null, "adm0_pcode": "SN", "valid_on": "2024-05-20", "valid_to": null, "version": "v02", "lang": "fr", "lang1": null, "lang2": null, "lang3": null }, "geometry": { "type": "Point", "coordinates": [ -13.570334846999913, 13.5198273150001 ] } },
{ "type": "Feature", "properties": { "admin_level": 2, "name": "Mbour", "name1": null, "name2": null, "name3": null, "x_coord": -16.82700292, "y_coord": 14.37262014, "adm4_name": null, "adm4_name1": null, "adm4_name2": null, "adm4_name3": null, "adm4_pcode": null, "adm3_name": null, "adm3_name1": null, "adm3_name2": null, "adm3_name3": null, "adm3_pcode": null, "adm2_name": "Mbour", "adm2_name1": null, "adm2_name2": null, "adm2_name3": null, "adm2_pcode": "SN1301", "adm1_name": "Thiès", "adm1_name1": null, "adm1_name2": null, "adm1_name3": null, "adm1_pcode": "SN13", "adm0_name": "Sénégal", "adm0_name1": null, "adm0_name2": null, "adm0_name3": null, "adm0_pcode": "SN", "valid_on": "2024-05-20", "valid_to": null, "version": "v02", "lang": "fr", "lang1": null, "lang2": null, "lang3": null }, "geometry": { "type": "Point", "coordinates": [ -16.82700291999987, 14.372620145000042 ] } },
{ "type": "Feature", "properties": { "admin_level": 2, "name": "Thiès", "name1": null, "name2": null, "name3": null, "x_coord": -16.86834727, "y_coord": 14.7306706, "adm4_name": null, "adm4_name1": null, "adm4_name2": null, "adm4_name3": null, "adm4_pcode": null, "adm3_name": null, "adm3_name1": null, "adm3_name2": null, "adm3_name3": null, "adm3_pcode": null, "adm2_name": "Thiès", "adm2_name1": null, "adm2_name2": null, "adm2_name3": null, "adm2_pcode": "SN1302", "adm1_name": "Thiès", "adm1_name1": null, "adm1_name2": null, "adm1_name3": null, "adm1_pcode": "SN13", "adm0_name": "Sénégal", "adm0_name1": null, "adm0_name2": null, "adm0_name3": null, "adm0_pcode": "SN", "valid_on": "2024-05-20", "valid_to": null, "version": "v02", "lang": "fr", "lang1": null, "lang2": null, "lang3": null }, "geometry": { "type": "Point", "coordinates": [ -16.868347264999898, 14.730670602000032 ] } },
{ "type": "Feature", "properties": { "admin_level": 2, "name": "Tivaouane", "name1": null, "name2": null, "name3": null, "x_coord": -16.59177985, "y_coord": 15.08505528, "adm4_name": null, "adm4_name1": null, "adm4_name2": null, "adm4_name3": null, "adm4_pcode": null, "adm3_name": null, "adm3_name1": null, "adm3_name2": null, "adm3_name3": null, "adm3_pcode": null, "adm2_name": "Tivaouane", "adm2_name1": null, "adm2_name2": null, "adm2_name3": null, "adm2_pcode": "SN1303", "adm1_name": "Thiès", "adm1_name1": null, "adm1_name2": null, "adm1_name3": null, "adm1_pcode": "SN13", "adm0_name": "Sénégal", "adm0_name1": null, "adm0_name2": null, "adm0_name3": null, "adm0_pcode": "SN", "valid_on": "2024-05-20", "valid_to": null, "version": "v02", "lang": "fr", "lang1": null, "lang2": null, "lang3": null }, "geometry": { "type": "Point", "coordinates": [ -16.591779852999878, 15.085055284000134 ] } },
{ "type": "Feature", "properties": { "admin_level": 2, "name": "Bignona", "name1": null, "name2": null, "name3": null, "x_coord": -16.36958081, "y_coord": 12.86088128, "adm4_name": null, "adm4_name1": null, "adm4_name2": null, "adm4_name3": null, "adm4_pcode": null, "adm3_name": null, "adm3_name1": null, "adm3_name2": null, "adm3_name3": null, "adm3_pcode": null, "adm2_name": "Bignona", "adm2_name1": null, "adm2_name2": null, "adm2_name3": null, "adm2_pcode": "SN1401", "adm1_name": "Ziguinchor", "adm1_name1": null, "adm1_name2": null, "adm1_name3": null, "adm1_pcode": "SN14", "adm0_name": "Sénégal", "adm0_name1": null, "adm0_name2": null, "adm0_name3": null, "adm0_pcode": "SN", "valid_on": "2024-05-20", "valid_to": null, "version": "v02", "lang": "fr", "lang1": null, "lang2": null, "lang3": null }, "geometry": { "type": "Point", "coordinates": [ -16.369580808999899, 12.860881277000033 ] } },
{ "type": "Feature", "properties": { "admin_level": 2, "name": "Oussouye", "name1": null, "name2": null, "name3": null, "x_coord": -16.6172984, "y_coord": 12.49399438, "adm4_name": null, "adm4_name1": null, "adm4_name2": null, "adm4_name3": null, "adm4_pcode": null, "adm3_name": null, "adm3_name1": null, "adm3_name2": null, "adm3_name3": null, "adm3_pcode": null, "adm2_name": "Oussouye", "adm2_name1": null, "adm2_name2": null, "adm2_name3": null, "adm2_pcode": "SN1402", "adm1_name": "Ziguinchor", "adm1_name1": null, "adm1_name2": null, "adm1_name3": null, "adm1_pcode": "SN14", "adm0_name": "Sénégal", "adm0_name1": null, "adm0_name2": null, "adm0_name3": null, "adm0_pcode": "SN", "valid_on": "2024-05-20", "valid_to": null, "version": "v02", "lang": "fr", "lang1": null, "lang2": null, "lang3": null }, "geometry": { "type": "Point", "coordinates": [ -16.61729840299995, 12.493994379000185 ] } },
{ "type": "Feature", "properties": { "admin_level": 2, "name": "Ziguinchor", "name1": null, "name2": null, "name3": null, "x_coord": -16.20164122, "y_coord": 12.50931294, "adm4_name": null, "adm4_name1": null, "adm4_name2": null, "adm4_name3": null, "adm4_pcode": null, "adm3_name": null, "adm3_name1": null, "adm3_name2": null, "adm3_name3": null, "adm3_pcode": null, "adm2_name": "Ziguinchor", "adm2_name1": null, "adm2_name2": null, "adm2_name3": null, "adm2_pcode": "SN1403", "adm1_name": "Ziguinchor", "adm1_name1": null, "adm1_name2": null, "adm1_name3": null, "adm1_pcode": "SN14", "adm0_name": "Sénégal", "adm0_name1": null, "adm0_name2": null, "adm0_name3": null, "adm0_pcode": "SN", "valid_on": "2024-05-20", "valid_to": null, "version": "v02", "lang": "fr", "lang1": null, "lang2": null, "lang3": null }, "geometry": { "type": "Point", "coordinates": [ -16.201641218999896, 12.509312935000025 ] } },
{ "type": "Feature", "properties": { "admin_level": 3, "name": "Almadies", "name1": null, "name2": null, "name3": null, "x_coord": -17.49178917, "y_coord": 14.73230998, "adm4_name": null, "adm4_name1": null, "adm4_name2": null, "adm4_name3": null, "adm4_pcode": null, "adm3_name": "Almadies", "adm3_name1": null, "adm3_name2": null, "adm3_name3": null, "adm3_pcode": "SN010101", "adm2_name": "Dakar", "adm2_name1": null, "adm2_name2": null, "adm2_name3": null, "adm2_pcode": "SN0101", "adm1_name": "Dakar", "adm1_name1": null, "adm1_name2": null, "adm1_name3": null, "adm1_pcode": "SN01", "adm0_name": "Sénégal", "adm0_name1": null, "adm0_name2": null, "adm0_name3": null, "adm0_pcode": "SN", "valid_on": "2024-05-20", "valid_to": null, "version": "v02", "lang": "fr", "lang1": null, "lang2": null, "lang3": null }, "geometry": { "type": "Point", "coordinates": [ -17.491789164999886, 14.732309984000096 ] } },
{ "type": "Feature", "properties": { "admin_level": 3, "name": "Grand Dakar", "name1": null, "name2": null, "name3": null, "x_coord": -17.44689991, "y_coord": 14.71173874, "adm4_name": null, "adm4_name1": null, "adm4_name2": null, "adm4_name3": null, "adm4_pcode": null, "adm3_name": "Grand Dakar", "adm3_name1": null, "adm3_name2": null, "adm3_name3": null, "adm3_pcode": "SN010102", "adm2_name": "Dakar", "adm2_name1": null, "adm2_name2": null, "adm2_name3": null, "adm2_pcode": "SN0101", "adm1_name": "Dakar", "adm1_name1": null, "adm1_name2": null, "adm1_name3": null, "adm1_pcode": "SN01", "adm0_name": "Sénégal", "adm0_name1": null, "adm0_name2": null, "adm0_name3": null, "adm0_pcode": "SN", "valid_on": "2024-05-20", "valid_to": null, "version": "v02", "lang": "fr", "lang1": null, "lang2": null, "lang3": null }, "geometry": { "type": "Point", "coordinates": [ -17.44689990899991, 14.711738738000122 ] } },
{ "type": "Feature", "properties": { "admin_level": 3, "name": "Parcelles Assainies", "name1": null, "name2": null, "name3": null, "x_coord": -17.44279292, "y_coord": 14.75036318, "adm4_name": null, "adm4_name1": null, "adm4_name2": null, "adm4_name3": null, "adm4_pcode": null, "adm3_name": "Parcelles Assainies", "adm3_name1": null, "adm3_name2": null, "adm3_name3": null, "adm3_pcode": "SN010103", "adm2_name": "Dakar", "adm2_name1": null, "adm2_name2": null, "adm2_name3": null, "adm2_pcode": "SN0101", "adm1_name": "Dakar", "adm1_name1": null, "adm1_name2": null, "adm1_name3": null, "adm1_pcode": "SN01", "adm0_name": "Sénégal", "adm0_name1": null, "adm0_name2": null, "adm0_name3": null, "adm0_pcode": "SN", "valid_on": "2024-05-20", "valid_to": null, "version": "v02", "lang": "fr", "lang1": null, "lang2": null, "lang3": null }, "geometry": { "type": "Point", "coordinates": [ -17.442792916999963, 14.750363184000093 ] } },
{ "type": "Feature", "properties": { "admin_level": 3, "name": "Dakar Plateau", "name1": null, "name2": null, "name3": null, "x_coord": -17.44415703, "y_coord": 14.67684685, "adm4_name": null, "adm4_name1": null, "adm4_name2": null, "adm4_name3": null, "adm4_pcode": null, "adm3_name": "Dakar Plateau", "adm3_name1": null, "adm3_name2": null, "adm3_name3": null, "adm3_pcode": "SN010104", "adm2_name": "Dakar", "adm2_name1": null, "adm2_name2": null, "adm2_name3": null, "adm2_pcode": "SN0101", "adm1_name": "Dakar", "adm1_name1": null, "adm1_name2": null, "adm1_name3": null, "adm1_pcode": "SN01", "adm0_name": "Sénégal", "adm0_name1": null, "adm0_name2": null, "adm0_name3": null, "adm0_pcode": "SN", "valid_on": "2024-05-20", "valid_to": null, "version": "v02", "lang": "fr", "lang1": null, "lang2": null, "lang3": null }, "geometry": { "type": "Point", "coordinates": [ -17.444157033999943, 14.676846853000029 ] } },
{ "type": "Feature", "properties": { "admin_level": 3, "name": "Guédiawaye", "name1": null, "name2": null, "name3": null, "x_coord": -17.3972037, "y_coord": 14.77084116, "adm4_name": null, "adm4_name1": null, "adm4_name2": null, "adm4_name3": null, "adm4_pcode": null, "adm3_name": "Guédiawaye", "adm3_name1": null, "adm3_name2": null, "adm3_name3": null, "adm3_pcode": "SN010201", "adm2_name": "Guédiawaye", "adm2_name1": null, "adm2_name2": null, "adm2_name3": null, "adm2_pcode": "SN0102", "adm1_name": "Dakar", "adm1_name1": null, "adm1_name2": null, "adm1_name3": null, "adm1_pcode": "SN01", "adm0_name": "Sénégal", "adm0_name1": null, "adm0_name2": null, "adm0_name3": null, "adm0_pcode": "SN", "valid_on": "2024-05-20", "valid_to": null, "version": "v02", "lang": "fr", "lang1": null, "lang2": null, "lang3": null }, "geometry": { "type": "Point", "coordinates": [ -17.397203703999878, 14.770841158000167 ] } },
{ "type": "Feature", "properties": { "admin_level": 3, "name": "Thiaroye", "name1": null, "name2": null, "name3": null, "x_coord": -17.33743359, "y_coord": 14.74535423, "adm4_name": null, "adm4_name1": null, "adm4_name2": null, "adm4_name3": null, "adm4_pcode": null, "adm3_name": "Thiaroye", "adm3_name1": null, "adm3_name2": null, "adm3_name3": null, "adm3_pcode": "SN010302", "adm2_name": "Pikine", "adm2_name1": null, "adm2_name2": null, "adm2_name3": null, "adm2_pcode": "SN0103", "adm1_name": "Dakar", "adm1_name1": null, "adm1_name2": null, "adm1_name3": null, "adm1_pcode": "SN01", "adm0_name": "Sénégal", "adm0_name1": null, "adm0_name2": null, "adm0_name3": null, "adm0_pcode": "SN", "valid_on": "2024-05-20", "valid_to": null, "version": "v02", "lang": "fr", "lang1": null, "lang2": null, "lang3": null }, "geometry": { "type": "Point", "coordinates": [ -17.337433593999947, 14.745354232000068 ] } },
{ "type": "Feature", "properties": { "admin_level": 3, "name": "Pikine Dagoudane", "name1": null, "name2": null, "name3": null, "x_coord": -17.39917219, "y_coord": 14.75420345, "adm4_name": null, "adm4_name1": null, "adm4_name2": null, "adm4_name3": null, "adm4_pcode": null, "adm3_name": "Pikine Dagoudane", "adm3_name1": null, "adm3_name2": null, "adm3_name3": null, "adm3_pcode": "SN010303", "adm2_name": "Pikine", "adm2_name1": null, "adm2_name2": null, "adm2_name3": null, "adm2_pcode": "SN0103", "adm1_name": "Dakar", "adm1_name1": null, "adm1_name2": null, "adm1_name3": null, "adm1_pcode": "SN01", "adm0_name": "Sénégal", "adm0_name1": null, "adm0_name2": null, "adm0_name3": null, "adm0_pcode": "SN", "valid_on": "2024-05-20", "valid_to": null, "version": "v02", "lang": "fr", "lang1": null, "lang2": null, "lang3": null }, "geometry": { "type": "Point", "coordinates": [ -17.399172191999924, 14.754203448000055 ] } },
{ "type": "Feature", "properties": { "admin_level": 3, "name": "Sangalkam", "name1": null, "name2": null, "name3": null, "x_coord": -17.21867147, "y_coord": 14.81024281, "adm4_name": null, "adm4_name1": null, "adm4_name2": null, "adm4_name3": null, "adm4_pcode": null, "adm3_name": "Sangalkam", "adm3_name1": null, "adm3_name2": null, "adm3_name3": null, "adm3_pcode": "SN010401", "adm2_name": "Rufisque", "adm2_name1": null, "adm2_name2": null, "adm2_name3": null, "adm2_pcode": "SN0104", "adm1_name": "Dakar", "adm1_name1": null, "adm1_name2": null, "adm1_name3": null, "adm1_pcode": "SN01", "adm0_name": "Sénégal", "adm0_name1": null, "adm0_name2": null, "adm0_name3": null, "adm0_pcode": "SN", "valid_on": "2024-05-20", "valid_to": null, "version": "v02", "lang": "fr", "lang1": null, "lang2": null, "lang3": null }, "geometry": { "type": "Point", "coordinates": [ -17.21867147099988, 14.810242813000059 ] } },
{ "type": "Feature", "properties": { "admin_level": 3, "name": "Rufisque-Est", "name1": null, "name2": null, "name3": null, "x_coord": -17.27363741, "y_coord": 14.72391894, "adm4_name": null, "adm4_name1": null, "adm4_name2": null, "adm4_name3": null, "adm4_pcode": null, "adm3_name": "Rufisque-Est", "adm3_name1": null, "adm3_name2": null, "adm3_name3": null, "adm3_pcode": "SN010402", "adm2_name": "Rufisque", "adm2_name1": null, "adm2_name2": null, "adm2_name3": null, "adm2_pcode": "SN0104", "adm1_name": "Dakar", "adm1_name1": null, "adm1_name2": null, "adm1_name3": null, "adm1_pcode": "SN01", "adm0_name": "Sénégal", "adm0_name1": null, "adm0_name2": null, "adm0_name3": null, "adm0_pcode": "SN", "valid_on": "2024-05-20", "valid_to": null, "version": "v02", "lang": "fr", "lang1": null, "lang2": null, "lang3": null }, "geometry": { "type": "Point", "coordinates": [ -17.27363741299996, 14.7239189390001 ] } },
{ "type": "Feature", "properties": { "admin_level": 3, "name": "Diamniadio", "name1": null, "name2": null, "name3": null, "x_coord": -17.1567202, "y_coord": 14.69291254, "adm4_name": null, "adm4_name1": null, "adm4_name2": null, "adm4_name3": null, "adm4_pcode": null, "adm3_name": "Diamniadio", "adm3_name1": null, "adm3_name2": null, "adm3_name3": null, "adm3_pcode": "SN010403", "adm2_name": "Rufisque", "adm2_name1": null, "adm2_name2": null, "adm2_name3": null, "adm2_pcode": "SN0104", "adm1_name": "Dakar", "adm1_name1": null, "adm1_name2": null, "adm1_name3": null, "adm1_pcode": "SN01", "adm0_name": "Sénégal", "adm0_name1": null, "adm0_name2": null, "adm0_name3": null, "adm0_pcode": "SN", "valid_on": "2024-05-20", "valid_to": null, "version": "v02", "lang": "fr", "lang1": null, "lang2": null, "lang3": null }, "geometry": { "type": "Point", "coordinates": [ -17.156720203999953, 14.692912544000137 ] } },
{ "type": "Feature", "properties": { "admin_level": 3, "name": "N/A", "name1": null, "name2": null, "name3": null, "x_coord": -17.215483, "y_coord": 14.70758303, "adm4_name": null, "adm4_name1": null, "adm4_name2": null, "adm4_name3": null, "adm4_pcode": null, "adm3_name": "N/A", "adm3_name1": null, "adm3_name2": null, "adm3_name3": null, "adm3_pcode": "SN010404", "adm2_name": "Rufisque", "adm2_name1": null, "adm2_name2": null, "adm2_name3": null, "adm2_pcode": "SN0104", "adm1_name": "Dakar", "adm1_name1": null, "adm1_name2": null, "adm1_name3": null, "adm1_pcode": "SN01", "adm0_name": "Sénégal", "adm0_name1": null, "adm0_name2": null, "adm0_name3": null, "adm0_pcode": "SN", "valid_on": "2024-05-20", "valid_to": null, "version": "v02", "lang": "fr", "lang1": null, "lang2": null, "lang3": null }, "geometry": { "type": "Point", "coordinates": [ -17.215483, 14.707583027000112 ] } },
{ "type": "Feature", "properties": { "admin_level": 3, "name": "Jaxaay", "name1": null, "name2": null, "name3": null, "x_coord": -17.29446645, "y_coord": 14.76472261, "adm4_name": null, "adm4_name1": null, "adm4_name2": null, "adm4_name3": null, "adm4_pcode": null, "adm3_name": "Jaxaay", "adm3_name1": null, "adm3_name2": null, "adm3_name3": null, "adm3_pcode": "SN010501", "adm2_name": "Keur Massar", "adm2_name1": null, "adm2_name2": null, "adm2_name3": null, "adm2_pcode": "SN0105", "adm1_name": "Dakar", "adm1_name1": null, "adm1_name2": null, "adm1_name3": null, "adm1_pcode": "SN01", "adm0_name": "Sénégal", "adm0_name1": null, "adm0_name2": null, "adm0_name3": null, "adm0_pcode": "SN", "valid_on": "2024-05-20", "valid_to": null, "version": "v02", "lang": "fr", "lang1": null, "lang2": null, "lang3": null }, "geometry": { "type": "Point", "coordinates": [ -17.294466450999948, 14.764722605000088 ] } },
{ "type": "Feature", "properties": { "admin_level": 3, "name": "Malika", "name1": null, "name2": null, "name3": null, "x_coord": -17.32034233, "y_coord": 14.79300723, "adm4_name": null, "adm4_name1": null, "adm4_name2": null, "adm4_name3": null, "adm4_pcode": null, "adm3_name": "Malika", "adm3_name1": null, "adm3_name2": null, "adm3_name3": null, "adm3_pcode": "SN010502", "adm2_name": "Keur Massar", "adm2_name1": null, "adm2_name2": null, "adm2_name3": null, "adm2_pcode": "SN0105", "adm1_name": "Dakar", "adm1_name1": null, "adm1_name2": null, "adm1_name3": null, "adm1_pcode": "SN01", "adm0_name": "Sénégal", "adm0_name1": null, "adm0_name2": null, "adm0_name3": null, "adm0_pcode": "SN", "valid_on": "2024-05-20", "valid_to": null, "version": "v02", "lang": "fr", "lang1": null, "lang2": null, "lang3": null }, "geometry": { "type": "Point", "coordinates": [ -17.320342324999956, 14.793007234000129 ] } },
{ "type": "Feature", "properties": { "admin_level": 3, "name": "Yeumbeul", "name1": null, "name2": null, "name3": null, "x_coord": -17.35214762, "y_coord": 14.781249, "adm4_name": null, "adm4_name1": null, "adm4_name2": null, "adm4_name3": null, "adm4_pcode": null, "adm3_name": "Yeumbeul", "adm3_name1": null, "adm3_name2": null, "adm3_name3": null, "adm3_pcode": "SN010503", "adm2_name": "Keur Massar", "adm2_name1": null, "adm2_name2": null, "adm2_name3": null, "adm2_pcode": "SN0105", "adm1_name": "Dakar", "adm1_name1": null, "adm1_name2": null, "adm1_name3": null, "adm1_pcode": "SN01", "adm0_name": "Sénégal", "adm0_name1": null, "adm0_name2": null, "adm0_name3": null, "adm0_pcode": "SN", "valid_on": "2024-05-20", "valid_to": null, "version": "v02", "lang": "fr", "lang1": null, "lang2": null, "lang3": null }, "geometry": { "type": "Point", "coordinates": [ -17.352147620999972, 14.78124899900007 ] } },
{ "type": "Feature", "properties": { "admin_level": 3, "name": "Lambaye", "name1": null, "name2": null, "name3": null, "x_coord": -16.51474525, "y_coord": 14.80544097, "adm4_name": null, "adm4_name1": null, "adm4_name2": null, "adm4_name3": null, "adm4_pcode": null, "adm3_name": "Lambaye", "adm3_name1": null, "adm3_name2": null, "adm3_name3": null, "adm3_pcode": "SN020101", "adm2_name": "Bambey", "adm2_name1": null, "adm2_name2": null, "adm2_name3": null, "adm2_pcode": "SN0201", "adm1_name": "Diourbel", "adm1_name1": null, "adm1_name2": null, "adm1_name3": null, "adm1_pcode": "SN02", "adm0_name": "Sénégal", "adm0_name1": null, "adm0_name2": null, "adm0_name3": null, "adm0_pcode": "SN", "valid_on": "2024-05-20", "valid_to": null, "version": "v02", "lang": "fr", "lang1": null, "lang2": null, "lang3": null }, "geometry": { "type": "Point", "coordinates": [ -16.514745246999951, 14.805440969000131 ] } },
{ "type": "Feature", "properties": { "admin_level": 3, "name": "Ngoye", "name1": null, "name2": null, "name3": null, "x_coord": -16.36712975, "y_coord": 14.70760132, "adm4_name": null, "adm4_name1": null, "adm4_name2": null, "adm4_name3": null, "adm4_pcode": null, "adm3_name": "Ngoye", "adm3_name1": null, "adm3_name2": null, "adm3_name3": null, "adm3_pcode": "SN020102", "adm2_name": "Bambey", "adm2_name1": null, "adm2_name2": null, "adm2_name3": null, "adm2_pcode": "SN0201", "adm1_name": "Diourbel", "adm1_name1": null, "adm1_name2": null, "adm1_name3": null, "adm1_pcode": "SN02", "adm0_name": "Sénégal", "adm0_name1": null, "adm0_name2": null, "adm0_name3": null, "adm0_pcode": "SN", "valid_on": "2024-05-20", "valid_to": null, "version": "v02", "lang": "fr", "lang1": null, "lang2": null, "lang3": null }, "geometry": { "type": "Point", "coordinates": [ -16.367129751999983, 14.707601321000027 ] } },
{ "type": "Feature", "properties": { "admin_level": 3, "name": "Baba Garage", "name1": null, "name2": null, "name3": null, "x_coord": -16.52517279, "y_coord": 14.93625462, "adm4_name": null, "adm4_name1": null, "adm4_name2": null, "adm4_name3": null, "adm4_pcode": null, "adm3_name": "Baba Garage", "adm3_name1": null, "adm3_name2": null, "adm3_name3": null, "adm3_pcode": "SN020103", "adm2_name": "Bambey", "adm2_name1": null, "adm2_name2": null, "adm2_name3": null, "adm2_pcode": "SN0201", "adm1_name": "Diourbel", "adm1_name1": null, "adm1_name2": null, "adm1_name3": null, "adm1_pcode": "SN02", "adm0_name": "Sénégal", "adm0_name1": null, "adm0_name2": null, "adm0_name3": null, "adm0_pcode": "SN", "valid_on": "2024-05-20", "valid_to": null, "version": "v02", "lang": "fr", "lang1": null, "lang2": null, "lang3": null }, "geometry": { "type": "Point", "coordinates": [ -16.525172790999932, 14.93625462100016 ] } },
{ "type": "Feature", "properties": { "admin_level": 3, "name": "Ndoulo", "name1": null, "name2": null, "name3": null, "x_coord": -16.20544876, "y_coord": 14.67085836, "adm4_name": null, "adm4_name1": null, "adm4_name2": null, "adm4_name3": null, "adm4_pcode": null, "adm3_name": "Ndoulo", "adm3_name1": null, "adm3_name2": null, "adm3_name3": null, "adm3_pcode": "SN020201", "adm2_name": "Diourbel", "adm2_name1": null, "adm2_name2": null, "adm2_name3": null, "adm2_pcode": "SN0202", "adm1_name": "Diourbel", "adm1_name1": null, "adm1_name2": null, "adm1_name3": null, "adm1_pcode": "SN02", "adm0_name": "Sénégal", "adm0_name1": null, "adm0_name2": null, "adm0_name3": null, "adm0_pcode": "SN", "valid_on": "2024-05-20", "valid_to": null, "version": "v02", "lang": "fr", "lang1": null, "lang2": null, "lang3": null }, "geometry": { "type": "Point", "coordinates": [ -16.205448763999982, 14.670858360000068 ] } },
{ "type": "Feature", "properties": { "admin_level": 3, "name": "Ndindy", "name1": null, "name2": null, "name3": null, "x_coord": -16.24002141, "y_coord": 14.87926301, "adm4_name": null, "adm4_name1": null, "adm4_name2": null, "adm4_name3": null, "adm4_pcode": null, "adm3_name": "Ndindy", "adm3_name1": null, "adm3_name2": null, "adm3_name3": null, "adm3_pcode": "SN020202", "adm2_name": "Diourbel", "adm2_name1": null, "adm2_name2": null, "adm2_name3": null, "adm2_pcode": "SN0202", "adm1_name": "Diourbel", "adm1_name1": null, "adm1_name2": null, "adm1_name3": null, "adm1_pcode": "SN02", "adm0_name": "Sénégal", "adm0_name1": null, "adm0_name2": null, "adm0_name3": null, "adm0_pcode": "SN", "valid_on": "2024-05-20", "valid_to": null, "version": "v02", "lang": "fr", "lang1": null, "lang2": null, "lang3": null }, "geometry": { "type": "Point", "coordinates": [ -16.240021406999972, 14.879263005000155 ] } },
{ "type": "Feature", "properties": { "admin_level": 3, "name": "Ndame", "name1": null, "name2": null, "name3": null, "x_coord": -15.89519577, "y_coord": 14.86207061, "adm4_name": null, "adm4_name1": null, "adm4_name2": null, "adm4_name3": null, "adm4_pcode": null, "adm3_name": "Ndame", "adm3_name1": null, "adm3_name2": null, "adm3_name3": null, "adm3_pcode": "SN020301", "adm2_name": "Mbacké", "adm2_name1": null, "adm2_name2": null, "adm2_name3": null, "adm2_pcode": "SN0203", "adm1_name": "Diourbel", "adm1_name1": null, "adm1_name2": null, "adm1_name3": null, "adm1_pcode": "SN02", "adm0_name": "Sénégal", "adm0_name1": null, "adm0_name2": null, "adm0_name3": null, "adm0_pcode": "SN", "valid_on": "2024-05-20", "valid_to": null, "version": "v02", "lang": "fr", "lang1": null, "lang2": null, "lang3": null }, "geometry": { "type": "Point", "coordinates": [ -15.89519576899994, 14.862070610000103 ] } },
{ "type": "Feature", "properties": { "admin_level": 3, "name": "Taïf", "name1": null, "name2": null, "name3": null, "x_coord": -15.60467648, "y_coord": 14.74915505, "adm4_name": null, "adm4_name1": null, "adm4_name2": null, "adm4_name3": null, "adm4_pcode": null, "adm3_name": "Taïf", "adm3_name1": null, "adm3_name2": null, "adm3_name3": null, "adm3_pcode": "SN020302", "adm2_name": "Mbacké", "adm2_name1": null, "adm2_name2": null, "adm2_name3": null, "adm2_pcode": "SN0203", "adm1_name": "Diourbel", "adm1_name1": null, "adm1_name2": null, "adm1_name3": null, "adm1_pcode": "SN02", "adm0_name": "Sénégal", "adm0_name1": null, "adm0_name2": null, "adm0_name3": null, "adm0_pcode": "SN", "valid_on": "2024-05-20", "valid_to": null, "version": "v02", "lang": "fr", "lang1": null, "lang2": null, "lang3": null }, "geometry": { "type": "Point", "coordinates": [ -15.604676477999931, 14.74915504900008 ] } },
{ "type": "Feature", "properties": { "admin_level": 3, "name": "Kaèl", "name1": null, "name2": null, "name3": null, "x_coord": -15.93614394, "y_coord": 14.65858159, "adm4_name": null, "adm4_name1": null, "adm4_name2": null, "adm4_name3": null, "adm4_pcode": null, "adm3_name": "Kaèl", "adm3_name1": null, "adm3_name2": null, "adm3_name3": null, "adm3_pcode": "SN020303", "adm2_name": "Mbacké", "adm2_name1": null, "adm2_name2": null, "adm2_name3": null, "adm2_pcode": "SN0203", "adm1_name": "Diourbel", "adm1_name1": null, "adm1_name2": null, "adm1_name3": null, "adm1_pcode": "SN02", "adm0_name": "Sénégal", "adm0_name1": null, "adm0_name2": null, "adm0_name3": null, "adm0_pcode": "SN", "valid_on": "2024-05-20", "valid_to": null, "version": "v02", "lang": "fr", "lang1": null, "lang2": null, "lang3": null }, "geometry": { "type": "Point", "coordinates": [ -15.936143937999873, 14.658581588000175 ] } },
{ "type": "Feature", "properties": { "admin_level": 3, "name": "Ndiob", "name1": null, "name2": null, "name3": null, "x_coord": -16.27339832, "y_coord": 14.35690258, "adm4_name": null, "adm4_name1": null, "adm4_name2": null, "adm4_name3": null, "adm4_pcode": null, "adm3_name": "Ndiob", "adm3_name1": null, "adm3_name2": null, "adm3_name3": null, "adm3_pcode": "SN030101", "adm2_name": "Fatick", "adm2_name1": null, "adm2_name2": null, "adm2_name3": null, "adm2_pcode": "SN0301", "adm1_name": "Fatick", "adm1_name1": null, "adm1_name2": null, "adm1_name3": null, "adm1_pcode": "SN03", "adm0_name": "Sénégal", "adm0_name1": null, "adm0_name2": null, "adm0_name3": null, "adm0_pcode": "SN", "valid_on": "2024-05-20", "valid_to": null, "version": "v02", "lang": "fr", "lang1": null, "lang2": null, "lang3": null }, "geometry": { "type": "Point", "coordinates": [ -16.273398320999888, 14.356902582000146 ] } },
{ "type": "Feature", "properties": { "admin_level": 3, "name": "Fimla", "name1": null, "name2": null, "name3": null, "x_coord": -16.61143073, "y_coord": 14.14405892, "adm4_name": null, "adm4_name1": null, "adm4_name2": null, "adm4_name3": null, "adm4_pcode": null, "adm3_name": "Fimla", "adm3_name1": null, "adm3_name2": null, "adm3_name3": null, "adm3_pcode": "SN030102", "adm2_name": "Fatick", "adm2_name1": null, "adm2_name2": null, "adm2_name3": null, "adm2_pcode": "SN0301", "adm1_name": "Fatick", "adm1_name1": null, "adm1_name2": null, "adm1_name3": null, "adm1_pcode": "SN03", "adm0_name": "Sénégal", "adm0_name1": null, "adm0_name2": null, "adm0_name3": null, "adm0_pcode": "SN", "valid_on": "2024-05-20", "valid_to": null, "version": "v02", "lang": "fr", "lang1": null, "lang2": null, "lang3": null }, "geometry": { "type": "Point", "coordinates": [ -16.611430727999903, 14.144058923999978 ] } },
{ "type": "Feature", "properties": { "admin_level": 3, "name": "Tataguine", "name1": null, "name2": null, "name3": null, "x_coord": -16.57337321, "y_coord": 14.40506719, "adm4_name": null, "adm4_name1": null, "adm4_name2": null, "adm4_name3": null, "adm4_pcode": null, "adm3_name": "Tataguine", "adm3_name1": null, "adm3_name2": null, "adm3_name3": null, "adm3_pcode": "SN030103", "adm2_name": "Fatick", "adm2_name1": null, "adm2_name2": null, "adm2_name3": null, "adm2_pcode": "SN0301", "adm1_name": "Fatick", "adm1_name1": null, "adm1_name2": null, "adm1_name3": null, "adm1_pcode": "SN03", "adm0_name": "Sénégal", "adm0_name1": null, "adm0_name2": null, "adm0_name3": null, "adm0_pcode": "SN", "valid_on": "2024-05-20", "valid_to": null, "version": "v02", "lang": "fr", "lang1": null, "lang2": null, "lang3": null }, "geometry": { "type": "Point", "coordinates": [ -16.573373207999964, 14.405067188000032 ] } },
{ "type": "Feature", "properties": { "admin_level": 3, "name": "Niakhar", "name1": null, "name2": null, "name3": null, "x_coord": -16.39276652, "y_coord": 14.47451059, "adm4_name": null, "adm4_name1": null, "adm4_name2": null, "adm4_name3": null, "adm4_pcode": null, "adm3_name": "Niakhar", "adm3_name1": null, "adm3_name2": null, "adm3_name3": null, "adm3_pcode": "SN030104", "adm2_name": "Fatick", "adm2_name1": null, "adm2_name2": null, "adm2_name3": null, "adm2_pcode": "SN0301", "adm1_name": "Fatick", "adm1_name1": null, "adm1_name2": null, "adm1_name3": null, "adm1_pcode": "SN03", "adm0_name": "Sénégal", "adm0_name1": null, "adm0_name2": null, "adm0_name3": null, "adm0_pcode": "SN", "valid_on": "2024-05-20", "valid_to": null, "version": "v02", "lang": "fr", "lang1": null, "lang2": null, "lang3": null }, "geometry": { "type": "Point", "coordinates": [ -16.392766518999849, 14.474510593000105 ] } },
{ "type": "Feature", "properties": { "admin_level": 3, "name": "Djilor", "name1": null, "name2": null, "name3": null, "x_coord": -16.3788779, "y_coord": 14.01696313, "adm4_name": null, "adm4_name1": null, "adm4_name2": null, "adm4_name3": null, "adm4_pcode": null, "adm3_name": "Djilor", "adm3_name1": null, "adm3_name2": null, "adm3_name3": null, "adm3_pcode": "SN030201", "adm2_name": "Foundiougne", "adm2_name1": null, "adm2_name2": null, "adm2_name3": null, "adm2_pcode": "SN0302", "adm1_name": "Fatick", "adm1_name1": null, "adm1_name2": null, "adm1_name3": null, "adm1_pcode": "SN03", "adm0_name": "Sénégal", "adm0_name1": null, "adm0_name2": null, "adm0_name3": null, "adm0_pcode": "SN", "valid_on": "2024-05-20", "valid_to": null, "version": "v02", "lang": "fr", "lang1": null, "lang2": null, "lang3": null }, "geometry": { "type": "Point", "coordinates": [ -16.378877897999928, 14.0169631280001 ] } },
{ "type": "Feature", "properties": { "admin_level": 3, "name": "Toubakouta", "name1": null, "name2": null, "name3": null, "x_coord": -16.4090652, "y_coord": 13.74671281, "adm4_name": null, "adm4_name1": null, "adm4_name2": null, "adm4_name3": null, "adm4_pcode": null, "adm3_name": "Toubakouta", "adm3_name1": null, "adm3_name2": null, "adm3_name3": null, "adm3_pcode": "SN030202", "adm2_name": "Foundiougne", "adm2_name1": null, "adm2_name2": null, "adm2_name3": null, "adm2_pcode": "SN0302", "adm1_name": "Fatick", "adm1_name1": null, "adm1_name2": null, "adm1_name3": null, "adm1_pcode": "SN03", "adm0_name": "Sénégal", "adm0_name1": null, "adm0_name2": null, "adm0_name3": null, "adm0_pcode": "SN", "valid_on": "2024-05-20", "valid_to": null, "version": "v02", "lang": "fr", "lang1": null, "lang2": null, "lang3": null }, "geometry": { "type": "Point", "coordinates": [ -16.409065203999887, 13.746712812000055 ] } },
{ "type": "Feature", "properties": { "admin_level": 3, "name": "Niodior", "name1": null, "name2": null, "name3": null, "x_coord": -16.62053665, "y_coord": 13.92738522, "adm4_name": null, "adm4_name1": null, "adm4_name2": null, "adm4_name3": null, "adm4_pcode": null, "adm3_name": "Niodior", "adm3_name1": null, "adm3_name2": null, "adm3_name3": null, "adm3_pcode": "SN030203", "adm2_name": "Foundiougne", "adm2_name1": null, "adm2_name2": null, "adm2_name3": null, "adm2_pcode": "SN0302", "adm1_name": "Fatick", "adm1_name1": null, "adm1_name2": null, "adm1_name3": null, "adm1_pcode": "SN03", "adm0_name": "Sénégal", "adm0_name1": null, "adm0_name2": null, "adm0_name3": null, "adm0_pcode": "SN", "valid_on": "2024-05-20", "valid_to": null, "version": "v02", "lang": "fr", "lang1": null, "lang2": null, "lang3": null }, "geometry": { "type": "Point", "coordinates": [ -16.620536646999881, 13.927385223000158 ] } },
{ "type": "Feature", "properties": { "admin_level": 3, "name": "Colobane", "name1": null, "name2": null, "name3": null, "x_coord": -15.67545837, "y_coord": 14.56458368, "adm4_name": null, "adm4_name1": null, "adm4_name2": null, "adm4_name3": null, "adm4_pcode": null, "adm3_name": "Colobane", "adm3_name1": null, "adm3_name2": null, "adm3_name3": null, "adm3_pcode": "SN030301", "adm2_name": "Gossas", "adm2_name1": null, "adm2_name2": null, "adm2_name3": null, "adm2_pcode": "SN0303", "adm1_name": "Fatick", "adm1_name1": null, "adm1_name2": null, "adm1_name3": null, "adm1_pcode": "SN03", "adm0_name": "Sénégal", "adm0_name1": null, "adm0_name2": null, "adm0_name3": null, "adm0_pcode": "SN", "valid_on": "2024-05-20", "valid_to": null, "version": "v02", "lang": "fr", "lang1": null, "lang2": null, "lang3": null }, "geometry": { "type": "Point", "coordinates": [ -15.67545837199998, 14.564583676000154 ] } },
{ "type": "Feature", "properties": { "admin_level": 3, "name": "Ouadiour", "name1": null, "name2": null, "name3": null, "x_coord": -16.05145154, "y_coord": 14.45622889, "adm4_name": null, "adm4_name1": null, "adm4_name2": null, "adm4_name3": null, "adm4_pcode": null, "adm3_name": "Ouadiour", "adm3_name1": null, "adm3_name2": null, "adm3_name3": null, "adm3_pcode": "SN030302", "adm2_name": "Gossas", "adm2_name1": null, "adm2_name2": null, "adm2_name3": null, "adm2_pcode": "SN0303", "adm1_name": "Fatick", "adm1_name1": null, "adm1_name2": null, "adm1_name3": null, "adm1_pcode": "SN03", "adm0_name": "Sénégal", "adm0_name1": null, "adm0_name2": null, "adm0_name3": null, "adm0_pcode": "SN", "valid_on": "2024-05-20", "valid_to": null, "version": "v02", "lang": "fr", "lang1": null, "lang2": null, "lang3": null }, "geometry": { "type": "Point", "coordinates": [ -16.051451544999907, 14.456228886000133 ] } },
{ "type": "Feature", "properties": { "admin_level": 3, "name": "Mabo", "name1": null, "name2": null, "name3": null, "x_coord": -15.60423463, "y_coord": 13.95021046, "adm4_name": null, "adm4_name1": null, "adm4_name2": null, "adm4_name3": null, "adm4_pcode": null, "adm3_name": "Mabo", "adm3_name1": null, "adm3_name2": null, "adm3_name3": null, "adm3_pcode": "SN040101", "adm2_name": "Birkelane", "adm2_name1": null, "adm2_name2": null, "adm2_name3": null, "adm2_pcode": "SN0401", "adm1_name": "Kaffrine", "adm1_name1": null, "adm1_name2": null, "adm1_name3": null, "adm1_pcode": "SN04", "adm0_name": "Sénégal", "adm0_name1": null, "adm0_name2": null, "adm0_name3": null, "adm0_pcode": "SN", "valid_on": "2024-05-20", "valid_to": null, "version": "v02", "lang": "fr", "lang1": null, "lang2": null, "lang3": null }, "geometry": { "type": "Point", "coordinates": [ -15.604234633999965, 13.950210457000082 ] } },
{ "type": "Feature", "properties": { "admin_level": 3, "name": "Keur Mboucki", "name1": null, "name2": null, "name3": null, "x_coord": -15.7450854, "y_coord": 14.17397197, "adm4_name": null, "adm4_name1": null, "adm4_name2": null, "adm4_name3": null, "adm4_pcode": null, "adm3_name": "Keur Mboucki", "adm3_name1": null, "adm3_name2": null, "adm3_name3": null, "adm3_pcode": "SN040102", "adm2_name": "Birkelane", "adm2_name1": null, "adm2_name2": null, "adm2_name3": null, "adm2_pcode": "SN0401", "adm1_name": "Kaffrine", "adm1_name1": null, "adm1_name2": null, "adm1_name3": null, "adm1_pcode": "SN04", "adm0_name": "Sénégal", "adm0_name1": null, "adm0_name2": null, "adm0_name3": null, "adm0_pcode": "SN", "valid_on": "2024-05-20", "valid_to": null, "version": "v02", "lang": "fr", "lang1": null, "lang2": null, "lang3": null }, "geometry": { "type": "Point", "coordinates": [ -15.745085398999947, 14.173971968000046 ] } },
{ "type": "Feature", "properties": { "admin_level": 3, "name": "Gnibi", "name1": null, "name2": null, "name3": null, "x_coord": -15.55491602, "y_coord": 14.31730326, "adm4_name": null, "adm4_name1": null, "adm4_name2": null, "adm4_name3": null, "adm4_pcode": null, "adm3_name": "Gnibi", "adm3_name1": null, "adm3_name2": null, "adm3_name3": null, "adm3_pcode": "SN040201", "adm2_name": "Kaffrine", "adm2_name1": null, "adm2_name2": null, "adm2_name3": null, "adm2_pcode": "SN0402", "adm1_name": "Kaffrine", "adm1_name1": null, "adm1_name2": null, "adm1_name3": null, "adm1_pcode": "SN04", "adm0_name": "Sénégal", "adm0_name1": null, "adm0_name2": null, "adm0_name3": null, "adm0_pcode": "SN", "valid_on": "2024-05-20", "valid_to": null, "version": "v02", "lang": "fr", "lang1": null, "lang2": null, "lang3": null }, "geometry": { "type": "Point", "coordinates": [ -15.554916023999965, 14.317303263000099 ] } },
{ "type": "Feature", "properties": { "admin_level": 3, "name": "Katakel", "name1": null, "name2": null, "name3": null, "x_coord": -15.31393257, "y_coord": 13.9141451, "adm4_name": null, "adm4_name1": null, "adm4_name2": null, "adm4_name3": null, "adm4_pcode": null, "adm3_name": "Katakel", "adm3_name1": null, "adm3_name2": null, "adm3_name3": null, "adm3_pcode": "SN040202", "adm2_name": "Kaffrine", "adm2_name1": null, "adm2_name2": null, "adm2_name3": null, "adm2_pcode": "SN0402", "adm1_name": "Kaffrine", "adm1_name1": null, "adm1_name2": null, "adm1_name3": null, "adm1_pcode": "SN04", "adm0_name": "Sénégal", "adm0_name1": null, "adm0_name2": null, "adm0_name3": null, "adm0_pcode": "SN", "valid_on": "2024-05-20", "valid_to": null, "version": "v02", "lang": "fr", "lang1": null, "lang2": null, "lang3": null }, "geometry": { "type": "Point", "coordinates": [ -15.313932573999978, 13.914145095000094 ] } },
{ "type": "Feature", "properties": { "admin_level": 3, "name": "Missira Wadène", "name1": null, "name2": null, "name3": null, "x_coord": -14.94609151, "y_coord": 14.2891926, "adm4_name": null, "adm4_name1": null, "adm4_name2": null, "adm4_name3": null, "adm4_pcode": null, "adm3_name": "Missira Wadène", "adm3_name1": null, "adm3_name2": null, "adm3_name3": null, "adm3_pcode": "SN040301", "adm2_name": "Koungheul", "adm2_name1": null, "adm2_name2": null, "adm2_name3": null, "adm2_pcode": "SN0403", "adm1_name": "Kaffrine", "adm1_name1": null, "adm1_name2": null, "adm1_name3": null, "adm1_pcode": "SN04", "adm0_name": "Sénégal", "adm0_name1": null, "adm0_name2": null, "adm0_name3": null, "adm0_pcode": "SN", "valid_on": "2024-05-20", "valid_to": null, "version": "v02", "lang": "fr", "lang1": null, "lang2": null, "lang3": null }, "geometry": { "type": "Point", "coordinates": [ -14.946091506999892, 14.289192600000092 ] } },
{ "type": "Feature", "properties": { "admin_level": 3, "name": "Ida Mouride", "name1": null, "name2": null, "name3": null, "x_coord": -14.7549643, "y_coord": 13.97417552, "adm4_name": null, "adm4_name1": null, "adm4_name2": null, "adm4_name3": null, "adm4_pcode": null, "adm3_name": "Ida Mouride", "adm3_name1": null, "adm3_name2": null, "adm3_name3": null, "adm3_pcode": "SN040302", "adm2_name": "Koungheul", "adm2_name1": null, "adm2_name2": null, "adm2_name3": null, "adm2_pcode": "SN0403", "adm1_name": "Kaffrine", "adm1_name1": null, "adm1_name2": null, "adm1_name3": null, "adm1_pcode": "SN04", "adm0_name": "Sénégal", "adm0_name1": null, "adm0_name2": null, "adm0_name3": null, "adm0_pcode": "SN", "valid_on": "2024-05-20", "valid_to": null, "version": "v02", "lang": "fr", "lang1": null, "lang2": null, "lang3": null }, "geometry": { "type": "Point", "coordinates": [ -14.754964297999891, 13.974175520000074 ] } },
{ "type": "Feature", "properties": { "admin_level": 3, "name": "Lour Escale", "name1": null, "name2": null, "name3": null, "x_coord": -14.72755493, "y_coord": 14.34433685, "adm4_name": null, "adm4_name1": null, "adm4_name2": null, "adm4_name3": null, "adm4_pcode": null, "adm3_name": "Lour Escale", "adm3_name1": null, "adm3_name2": null, "adm3_name3": null, "adm3_pcode": "SN040303", "adm2_name": "Koungheul", "adm2_name1": null, "adm2_name2": null, "adm2_name3": null, "adm2_pcode": "SN0403", "adm1_name": "Kaffrine", "adm1_name1": null, "adm1_name2": null, "adm1_name3": null, "adm1_pcode": "SN04", "adm0_name": "Sénégal", "adm0_name1": null, "adm0_name2": null, "adm0_name3": null, "adm0_pcode": "SN", "valid_on": "2024-05-20", "valid_to": null, "version": "v02", "lang": "fr", "lang1": null, "lang2": null, "lang3": null }, "geometry": { "type": "Point", "coordinates": [ -14.727554930999815, 14.344336845000043 ] } },
{ "type": "Feature", "properties": { "admin_level": 3, "name": "Darou Minam 2", "name1": null, "name2": null, "name3": null, "x_coord": -15.23513821, "y_coord": 14.46655058, "adm4_name": null, "adm4_name1": null, "adm4_name2": null, "adm4_name3": null, "adm4_pcode": null, "adm3_name": "Darou Minam 2", "adm3_name1": null, "adm3_name2": null, "adm3_name3": null, "adm3_pcode": "SN040401", "adm2_name": "Malem-Hodar", "adm2_name1": null, "adm2_name2": null, "adm2_name3": null, "adm2_pcode": "SN0404", "adm1_name": "Kaffrine", "adm1_name1": null, "adm1_name2": null, "adm1_name3": null, "adm1_pcode": "SN04", "adm0_name": "Sénégal", "adm0_name1": null, "adm0_name2": null, "adm0_name3": null, "adm0_pcode": "SN", "valid_on": "2024-05-20", "valid_to": null, "version": "v02", "lang": "fr", "lang1": null, "lang2": null, "lang3": null }, "geometry": { "type": "Point", "coordinates": [ -15.23513820799991, 14.466550577000135 ] } },
{ "type": "Feature", "properties": { "admin_level": 3, "name": "Sagna", "name1": null, "name2": null, "name3": null, "x_coord": -15.25433359, "y_coord": 14.16702183, "adm4_name": null, "adm4_name1": null, "adm4_name2": null, "adm4_name3": null, "adm4_pcode": null, "adm3_name": "Sagna", "adm3_name1": null, "adm3_name2": null, "adm3_name3": null, "adm3_pcode": "SN040402", "adm2_name": "Malem-Hodar", "adm2_name1": null, "adm2_name2": null, "adm2_name3": null, "adm2_pcode": "SN0404", "adm1_name": "Kaffrine", "adm1_name1": null, "adm1_name2": null, "adm1_name3": null, "adm1_pcode": "SN04", "adm0_name": "Sénégal", "adm0_name1": null, "adm0_name2": null, "adm0_name3": null, "adm0_pcode": "SN", "valid_on": "2024-05-20", "valid_to": null, "version": "v02", "lang": "fr", "lang1": null, "lang2": null, "lang3": null }, "geometry": { "type": "Point", "coordinates": [ -15.254333589999931, 14.167021827000042 ] } },
{ "type": "Feature", "properties": { "admin_level": 3, "name": "Mbadakhoune", "name1": null, "name2": null, "name3": null, "x_coord": -15.97508458, "y_coord": 14.22397609, "adm4_name": null, "adm4_name1": null, "adm4_name2": null, "adm4_name3": null, "adm4_pcode": null, "adm3_name": "Mbadakhoune", "adm3_name1": null, "adm3_name2": null, "adm3_name3": null, "adm3_pcode": "SN050101", "adm2_name": "Guinguinéo", "adm2_name1": null, "adm2_name2": null, "adm2_name3": null, "adm2_pcode": "SN0501", "adm1_name": "Kaolack", "adm1_name1": null, "adm1_name2": null, "adm1_name3": null, "adm1_pcode": "SN05", "adm0_name": "Sénégal", "adm0_name1": null, "adm0_name2": null, "adm0_name3": null, "adm0_pcode": "SN", "valid_on": "2024-05-20", "valid_to": null, "version": "v02", "lang": "fr", "lang1": null, "lang2": null, "lang3": null }, "geometry": { "type": "Point", "coordinates": [ -15.975084583999887, 14.223976091000168 ] } },
{ "type": "Feature", "properties": { "admin_level": 3, "name": "Nguélou", "name1": null, "name2": null, "name3": null, "x_coord": -15.89049192, "y_coord": 14.36085307, "adm4_name": null, "adm4_name1": null, "adm4_name2": null, "adm4_name3": null, "adm4_pcode": null, "adm3_name": "Nguélou", "adm3_name1": null, "adm3_name2": null, "adm3_name3": null, "adm3_pcode": "SN050102", "adm2_name": "Guinguinéo", "adm2_name1": null, "adm2_name2": null, "adm2_name3": null, "adm2_pcode": "SN0501", "adm1_name": "Kaolack", "adm1_name1": null, "adm1_name2": null, "adm1_name3": null, "adm1_pcode": "SN05", "adm0_name": "Sénégal", "adm0_name1": null, "adm0_name2": null, "adm0_name3": null, "adm0_pcode": "SN", "valid_on": "2024-05-20", "valid_to": null, "version": "v02", "lang": "fr", "lang1": null, "lang2": null, "lang3": null }, "geometry": { "type": "Point", "coordinates": [ -15.890491917999952, 14.360853073000044 ] } },
{ "type": "Feature", "properties": { "admin_level": 3, "name": "Ngothie", "name1": null, "name2": null, "name3": null, "x_coord": -16.24006732, "y_coord": 14.25511222, "adm4_name": null, "adm4_name1": null, "adm4_name2": null, "adm4_name3": null, "adm4_pcode": null, "adm3_name": "Ngothie", "adm3_name1": null, "adm3_name2": null, "adm3_name3": null, "adm3_pcode": "SN050201", "adm2_name": "Kaolack", "adm2_name1": null, "adm2_name2": null, "adm2_name3": null, "adm2_pcode": "SN0502", "adm1_name": "Kaolack", "adm1_name1": null, "adm1_name2": null, "adm1_name3": null, "adm1_pcode": "SN05", "adm0_name": "Sénégal", "adm0_name1": null, "adm0_name2": null, "adm0_name3": null, "adm0_pcode": "SN", "valid_on": "2024-05-20", "valid_to": null, "version": "v02", "lang": "fr", "lang1": null, "lang2": null, "lang3": null }, "geometry": { "type": "Point", "coordinates": [ -16.240067316999955, 14.255112224000015 ] } },
{ "type": "Feature", "properties": { "admin_level": 3, "name": "Koumbal", "name1": null, "name2": null, "name3": null, "x_coord": -15.91898019, "y_coord": 14.02940677, "adm4_name": null, "adm4_name1": null, "adm4_name2": null, "adm4_name3": null, "adm4_pcode": null, "adm3_name": "Koumbal", "adm3_name1": null, "adm3_name2": null, "adm3_name3": null, "adm3_pcode": "SN050202", "adm2_name": "Kaolack", "adm2_name1": null, "adm2_name2": null, "adm2_name3": null, "adm2_pcode": "SN0502", "adm1_name": "Kaolack", "adm1_name1": null, "adm1_name2": null, "adm1_name3": null, "adm1_pcode": "SN05", "adm0_name": "Sénégal", "adm0_name1": null, "adm0_name2": null, "adm0_name3": null, "adm0_pcode": "SN", "valid_on": "2024-05-20", "valid_to": null, "version": "v02", "lang": "fr", "lang1": null, "lang2": null, "lang3": null }, "geometry": { "type": "Point", "coordinates": [ -15.918980190999946, 14.029406773000176 ] } },
{ "type": "Feature", "properties": { "admin_level": 3, "name": "Ndiédiéng", "name1": null, "name2": null, "name3": null, "x_coord": -16.16167113, "y_coord": 14.01345562, "adm4_name": null, "adm4_name1": null, "adm4_name2": null, "adm4_name3": null, "adm4_pcode": null, "adm3_name": "Ndiédiéng", "adm3_name1": null, "adm3_name2": null, "adm3_name3": null, "adm3_pcode": "SN050203", "adm2_name": "Kaolack", "adm2_name1": null, "adm2_name2": null, "adm2_name3": null, "adm2_pcode": "SN0502", "adm1_name": "Kaolack", "adm1_name1": null, "adm1_name2": null, "adm1_name3": null, "adm1_pcode": "SN05", "adm0_name": "Sénégal", "adm0_name1": null, "adm0_name2": null, "adm0_name3": null, "adm0_pcode": "SN", "valid_on": "2024-05-20", "valid_to": null, "version": "v02", "lang": "fr", "lang1": null, "lang2": null, "lang3": null }, "geometry": { "type": "Point", "coordinates": [ -16.161671127999966, 14.013455622000151 ] } },
{ "type": "Feature", "properties": { "admin_level": 3, "name": "Paoscoto", "name1": null, "name2": null, "name3": null, "x_coord": -15.81831578, "y_coord": 13.749419, "adm4_name": null, "adm4_name1": null, "adm4_name2": null, "adm4_name3": null, "adm4_pcode": null, "adm3_name": "Paoscoto", "adm3_name1": null, "adm3_name2": null, "adm3_name3": null, "adm3_pcode": "SN050301", "adm2_name": "Nioro du Rip", "adm2_name1": null, "adm2_name2": null, "adm2_name3": null, "adm2_pcode": "SN0503", "adm1_name": "Kaolack", "adm1_name1": null, "adm1_name2": null, "adm1_name3": null, "adm1_pcode": "SN05", "adm0_name": "Sénégal", "adm0_name1": null, "adm0_name2": null, "adm0_name3": null, "adm0_pcode": "SN", "valid_on": "2024-05-20", "valid_to": null, "version": "v02", "lang": "fr", "lang1": null, "lang2": null, "lang3": null }, "geometry": { "type": "Point", "coordinates": [ -15.818315774999917, 13.749418997000078 ] } },
{ "type": "Feature", "properties": { "admin_level": 3, "name": "Wak Ngouna", "name1": null, "name2": null, "name3": null, "x_coord": -16.05128387, "y_coord": 13.73425574, "adm4_name": null, "adm4_name1": null, "adm4_name2": null, "adm4_name3": null, "adm4_pcode": null, "adm3_name": "Wak Ngouna", "adm3_name1": null, "adm3_name2": null, "adm3_name3": null, "adm3_pcode": "SN050302", "adm2_name": "Nioro du Rip", "adm2_name1": null, "adm2_name2": null, "adm2_name3": null, "adm2_pcode": "SN0503", "adm1_name": "Kaolack", "adm1_name1": null, "adm1_name2": null, "adm1_name3": null, "adm1_pcode": "SN05", "adm0_name": "Sénégal", "adm0_name1": null, "adm0_name2": null, "adm0_name3": null, "adm0_pcode": "SN", "valid_on": "2024-05-20", "valid_to": null, "version": "v02", "lang": "fr", "lang1": null, "lang2": null, "lang3": null }, "geometry": { "type": "Point", "coordinates": [ -16.051283868999974, 13.734255738 ] } },
{ "type": "Feature", "properties": { "admin_level": 3, "name": "Médina Sabakh", "name1": null, "name2": null, "name3": null, "x_coord": -15.55506978, "y_coord": 13.71185603, "adm4_name": null, "adm4_name1": null, "adm4_name2": null, "adm4_name3": null, "adm4_pcode": null, "adm3_name": "Médina Sabakh", "adm3_name1": null, "adm3_name2": null, "adm3_name3": null, "adm3_pcode": "SN050303", "adm2_name": "Nioro du Rip", "adm2_name1": null, "adm2_name2": null, "adm2_name3": null, "adm2_pcode": "SN0503", "adm1_name": "Kaolack", "adm1_name1": null, "adm1_name2": null, "adm1_name3": null, "adm1_pcode": "SN05", "adm0_name": "Sénégal", "adm0_name1": null, "adm0_name2": null, "adm0_name3": null, "adm0_pcode": "SN", "valid_on": "2024-05-20", "valid_to": null, "version": "v02", "lang": "fr", "lang1": null, "lang2": null, "lang3": null }, "geometry": { "type": "Point", "coordinates": [ -15.555069776999915, 13.711856026000078 ] } },
{ "type": "Feature", "properties": { "admin_level": 3, "name": "Bandafassi", "name1": null, "name2": null, "name3": null, "x_coord": -12.42893783, "y_coord": 12.757688, "adm4_name": null, "adm4_name1": null, "adm4_name2": null, "adm4_name3": null, "adm4_pcode": null, "adm3_name": "Bandafassi", "adm3_name1": null, "adm3_name2": null, "adm3_name3": null, "adm3_pcode": "SN060101", "adm2_name": "Kédougou", "adm2_name1": null, "adm2_name2": null, "adm2_name3": null, "adm2_pcode": "SN0601", "adm1_name": "Kédougou", "adm1_name1": null, "adm1_name2": null, "adm1_name3": null, "adm1_pcode": "SN06", "adm0_name": "Sénégal", "adm0_name1": null, "adm0_name2": null, "adm0_name3": null, "adm0_pcode": "SN", "valid_on": "2024-05-20", "valid_to": null, "version": "v02", "lang": "fr", "lang1": null, "lang2": null, "lang3": null }, "geometry": { "type": "Point", "coordinates": [ -12.428937824999934, 12.757687996000129 ] } },
{ "type": "Feature", "properties": { "admin_level": 3, "name": "Fongolembi", "name1": null, "name2": null, "name3": null, "x_coord": -11.9776056, "y_coord": 12.54288741, "adm4_name": null, "adm4_name1": null, "adm4_name2": null, "adm4_name3": null, "adm4_pcode": null, "adm3_name": "Fongolembi", "adm3_name1": null, "adm3_name2": null, "adm3_name3": null, "adm3_pcode": "SN060102", "adm2_name": "Kédougou", "adm2_name1": null, "adm2_name2": null, "adm2_name3": null, "adm2_pcode": "SN0601", "adm1_name": "Kédougou", "adm1_name1": null, "adm1_name2": null, "adm1_name3": null, "adm1_pcode": "SN06", "adm0_name": "Sénégal", "adm0_name1": null, "adm0_name2": null, "adm0_name3": null, "adm0_pcode": "SN", "valid_on": "2024-05-20", "valid_to": null, "version": "v02", "lang": "fr", "lang1": null, "lang2": null, "lang3": null }, "geometry": { "type": "Point", "coordinates": [ -11.977605594999943, 12.542887411000152 ] } },
{ "type": "Feature", "properties": { "admin_level": 3, "name": "Dar Salam", "name1": null, "name2": null, "name3": null, "x_coord": -12.8947002, "y_coord": 12.65454153, "adm4_name": null, "adm4_name1": null, "adm4_name2": null, "adm4_name3": null, "adm4_pcode": null, "adm3_name": "Dar Salam", "adm3_name1": null, "adm3_name2": null, "adm3_name3": null, "adm3_pcode": "SN060201", "adm2_name": "Salémata", "adm2_name1": null, "adm2_name2": null, "adm2_name3": null, "adm2_pcode": "SN0602", "adm1_name": "Kédougou", "adm1_name1": null, "adm1_name2": null, "adm1_name3": null, "adm1_pcode": "SN06", "adm0_name": "Sénégal", "adm0_name1": null, "adm0_name2": null, "adm0_name3": null, "adm0_pcode": "SN", "valid_on": "2024-05-20", "valid_to": null, "version": "v02", "lang": "fr", "lang1": null, "lang2": null, "lang3": null }, "geometry": { "type": "Point", "coordinates": [ -12.894700202999957, 12.654541530000074 ] } },
{ "type": "Feature", "properties": { "admin_level": 3, "name": "Dakatéli", "name1": null, "name2": null, "name3": null, "x_coord": -12.65645899, "y_coord": 12.54223982, "adm4_name": null, "adm4_name1": null, "adm4_name2": null, "adm4_name3": null, "adm4_pcode": null, "adm3_name": "Dakatéli", "adm3_name1": null, "adm3_name2": null, "adm3_name3": null, "adm3_pcode": "SN060202", "adm2_name": "Salémata", "adm2_name1": null, "adm2_name2": null, "adm2_name3": null, "adm2_pcode": "SN0602", "adm1_name": "Kédougou", "adm1_name1": null, "adm1_name2": null, "adm1_name3": null, "adm1_pcode": "SN06", "adm0_name": "Sénégal", "adm0_name1": null, "adm0_name2": null, "adm0_name3": null, "adm0_pcode": "SN", "valid_on": "2024-05-20", "valid_to": null, "version": "v02", "lang": "fr", "lang1": null, "lang2": null, "lang3": null }, "geometry": { "type": "Point", "coordinates": [ -12.656458994999923, 12.542239815000016 ] } },
{ "type": "Feature", "properties": { "admin_level": 3, "name": "Sabodala", "name1": null, "name2": null, "name3": null, "x_coord": -12.01019405, "y_coord": 13.21055227, "adm4_name": null, "adm4_name1": null, "adm4_name2": null, "adm4_name3": null, "adm4_pcode": null, "adm3_name": "Sabodala", "adm3_name1": null, "adm3_name2": null, "adm3_name3": null, "adm3_pcode": "SN060301", "adm2_name": "Saraya", "adm2_name1": null, "adm2_name2": null, "adm2_name3": null, "adm2_pcode": "SN0603", "adm1_name": "Kédougou", "adm1_name1": null, "adm1_name2": null, "adm1_name3": null, "adm1_pcode": "SN06", "adm0_name": "Sénégal", "adm0_name1": null, "adm0_name2": null, "adm0_name3": null, "adm0_pcode": "SN", "valid_on": "2024-05-20", "valid_to": null, "version": "v02", "lang": "fr", "lang1": null, "lang2": null, "lang3": null }, "geometry": { "type": "Point", "coordinates": [ -12.010194053999896, 13.210552267000082 ] } },
{ "type": "Feature", "properties": { "admin_level": 3, "name": "Bembou", "name1": null, "name2": null, "name3": null, "x_coord": -11.60381625, "y_coord": 12.6908452, "adm4_name": null, "adm4_name1": null, "adm4_name2": null, "adm4_name3": null, "adm4_pcode": null, "adm3_name": "Bembou", "adm3_name1": null, "adm3_name2": null, "adm3_name3": null, "adm3_pcode": "SN060302", "adm2_name": "Saraya", "adm2_name1": null, "adm2_name2": null, "adm2_name3": null, "adm2_pcode": "SN0603", "adm1_name": "Kédougou", "adm1_name1": null, "adm1_name2": null, "adm1_name3": null, "adm1_pcode": "SN06", "adm0_name": "Sénégal", "adm0_name1": null, "adm0_name2": null, "adm0_name3": null, "adm0_pcode": "SN", "valid_on": "2024-05-20", "valid_to": null, "version": "v02", "lang": "fr", "lang1": null, "lang2": null, "lang3": null }, "geometry": { "type": "Point", "coordinates": [ -11.603816251999888, 12.690845202000048 ] } },
{ "type": "Feature", "properties": { "admin_level": 3, "name": "Mampatim", "name1": null, "name2": null, "name3": null, "x_coord": -14.51540313, "y_coord": 12.86735525, "adm4_name": null, "adm4_name1": null, "adm4_name2": null, "adm4_name3": null, "adm4_pcode": null, "adm3_name": "Mampatim", "adm3_name1": null, "adm3_name2": null, "adm3_name3": null, "adm3_pcode": "SN070101", "adm2_name": "Kolda", "adm2_name1": null, "adm2_name2": null, "adm2_name3": null, "adm2_pcode": "SN0701", "adm1_name": "Kolda", "adm1_name1": null, "adm1_name2": null, "adm1_name3": null, "adm1_pcode": "SN07", "adm0_name": "Sénégal", "adm0_name1": null, "adm0_name2": null, "adm0_name3": null, "adm0_pcode": "SN", "valid_on": "2024-05-20", "valid_to": null, "version": "v02", "lang": "fr", "lang1": null, "lang2": null, "lang3": null }, "geometry": { "type": "Point", "coordinates": [ -14.515403125999967, 12.867355248000024 ] } },
{ "type": "Feature", "properties": { "admin_level": 3, "name": "Saré Bidji", "name1": null, "name2": null, "name3": null, "x_coord": -15.0352647, "y_coord": 12.92579345, "adm4_name": null, "adm4_name1": null, "adm4_name2": null, "adm4_name3": null, "adm4_pcode": null, "adm3_name": "Saré Bidji", "adm3_name1": null, "adm3_name2": null, "adm3_name3": null, "adm3_pcode": "SN070102", "adm2_name": "Kolda", "adm2_name1": null, "adm2_name2": null, "adm2_name3": null, "adm2_pcode": "SN0701", "adm1_name": "Kolda", "adm1_name1": null, "adm1_name2": null, "adm1_name3": null, "adm1_pcode": "SN07", "adm0_name": "Sénégal", "adm0_name1": null, "adm0_name2": null, "adm0_name3": null, "adm0_pcode": "SN", "valid_on": "2024-05-20", "valid_to": null, "version": "v02", "lang": "fr", "lang1": null, "lang2": null, "lang3": null }, "geometry": { "type": "Point", "coordinates": [ -15.035264699999914, 12.925793450000185 ] } },
{ "type": "Feature", "properties": { "admin_level": 3, "name": "Dioulacolon", "name1": null, "name2": null, "name3": null, "x_coord": -14.97505341, "y_coord": 12.79861422, "adm4_name": null, "adm4_name1": null, "adm4_name2": null, "adm4_name3": null, "adm4_pcode": null, "adm3_name": "Dioulacolon", "adm3_name1": null, "adm3_name2": null, "adm3_name3": null, "adm3_pcode": "SN070103", "adm2_name": "Kolda", "adm2_name1": null, "adm2_name2": null, "adm2_name3": null, "adm2_pcode": "SN0701", "adm1_name": "Kolda", "adm1_name1": null, "adm1_name2": null, "adm1_name3": null, "adm1_pcode": "SN07", "adm0_name": "Sénégal", "adm0_name1": null, "adm0_name2": null, "adm0_name3": null, "adm0_pcode": "SN", "valid_on": "2024-05-20", "valid_to": null, "version": "v02", "lang": "fr", "lang1": null, "lang2": null, "lang3": null }, "geometry": { "type": "Point", "coordinates": [ -14.975053412999898, 12.798614224000119 ] } },
{ "type": "Feature", "properties": { "admin_level": 3, "name": "Ndorna", "name1": null, "name2": null, "name3": null, "x_coord": -14.97219022, "y_coord": 13.12538927, "adm4_name": null, "adm4_name1": null, "adm4_name2": null, "adm4_name3": null, "adm4_pcode": null, "adm3_name": "Ndorna", "adm3_name1": null, "adm3_name2": null, "adm3_name3": null, "adm3_pcode": "SN070201", "adm2_name": "Médina-Yorofoula", "adm2_name1": null, "adm2_name2": null, "adm2_name3": null, "adm2_pcode": "SN0702", "adm1_name": "Kolda", "adm1_name1": null, "adm1_name2": null, "adm1_name3": null, "adm1_pcode": "SN07", "adm0_name": "Sénégal", "adm0_name1": null, "adm0_name2": null, "adm0_name3": null, "adm0_pcode": "SN", "valid_on": "2024-05-20", "valid_to": null, "version": "v02", "lang": "fr", "lang1": null, "lang2": null, "lang3": null }, "geometry": { "type": "Point", "coordinates": [ -14.972190223999974, 13.125389268 ] } },
{ "type": "Feature", "properties": { "admin_level": 3, "name": "Niaming", "name1": null, "name2": null, "name3": null, "x_coord": -15.0035406, "y_coord": 13.39027835, "adm4_name": null, "adm4_name1": null, "adm4_name2": null, "adm4_name3": null, "adm4_pcode": null, "adm3_name": "Niaming", "adm3_name1": null, "adm3_name2": null, "adm3_name3": null, "adm3_pcode": "SN070202", "adm2_name": "Médina-Yorofoula", "adm2_name1": null, "adm2_name2": null, "adm2_name3": null, "adm2_pcode": "SN0702", "adm1_name": "Kolda", "adm1_name1": null, "adm1_name2": null, "adm1_name3": null, "adm1_pcode": "SN07", "adm0_name": "Sénégal", "adm0_name1": null, "adm0_name2": null, "adm0_name3": null, "adm0_pcode": "SN", "valid_on": "2024-05-20", "valid_to": null, "version": "v02", "lang": "fr", "lang1": null, "lang2": null, "lang3": null }, "geometry": { "type": "Point", "coordinates": [ -15.00354059499989, 13.390278353999975 ] } },
{ "type": "Feature", "properties": { "admin_level": 3, "name": "Fafacourou", "name1": null, "name2": null, "name3": null, "x_coord": -14.50522846, "y_coord": 13.13944073, "adm4_name": null, "adm4_name1": null, "adm4_name2": null, "adm4_name3": null, "adm4_pcode": null, "adm3_name": "Fafacourou", "adm3_name1": null, "adm3_name2": null, "adm3_name3": null, "adm3_pcode": "SN070203", "adm2_name": "Médina-Yorofoula", "adm2_name1": null, "adm2_name2": null, "adm2_name3": null, "adm2_pcode": "SN0702", "adm1_name": "Kolda", "adm1_name1": null, "adm1_name2": null, "adm1_name3": null, "adm1_pcode": "SN07", "adm0_name": "Sénégal", "adm0_name1": null, "adm0_name2": null, "adm0_name3": null, "adm0_pcode": "SN", "valid_on": "2024-05-20", "valid_to": null, "version": "v02", "lang": "fr", "lang1": null, "lang2": null, "lang3": null }, "geometry": { "type": "Point", "coordinates": [ -14.505228463999856, 13.1394407250001 ] } },
{ "type": "Feature", "properties": { "admin_level": 3, "name": "Bonconto", "name1": null, "name2": null, "name3": null, "x_coord": -13.77214617, "y_coord": 13.10304676, "adm4_name": null, "adm4_name1": null, "adm4_name2": null, "adm4_name3": null, "adm4_pcode": null, "adm3_name": "Bonconto", "adm3_name1": null, "adm3_name2": null, "adm3_name3": null, "adm3_pcode": "SN070301", "adm2_name": "Vélingara", "adm2_name1": null, "adm2_name2": null, "adm2_name3": null, "adm2_pcode": "SN0703", "adm1_name": "Kolda", "adm1_name1": null, "adm1_name2": null, "adm1_name3": null, "adm1_pcode": "SN07", "adm0_name": "Sénégal", "adm0_name1": null, "adm0_name2": null, "adm0_name3": null, "adm0_pcode": "SN", "valid_on": "2024-05-20", "valid_to": null, "version": "v02", "lang": "fr", "lang1": null, "lang2": null, "lang3": null }, "geometry": { "type": "Point", "coordinates": [ -13.772146166999903, 13.103046765000101 ] } },
{ "type": "Feature", "properties": { "admin_level": 3, "name": "Pakour", "name1": null, "name2": null, "name3": null, "x_coord": -13.9911108, "y_coord": 12.79022862, "adm4_name": null, "adm4_name1": null, "adm4_name2": null, "adm4_name3": null, "adm4_pcode": null, "adm3_name": "Pakour", "adm3_name1": null, "adm3_name2": null, "adm3_name3": null, "adm3_pcode": "SN070302", "adm2_name": "Vélingara", "adm2_name1": null, "adm2_name2": null, "adm2_name3": null, "adm2_pcode": "SN0703", "adm1_name": "Kolda", "adm1_name1": null, "adm1_name2": null, "adm1_name3": null, "adm1_pcode": "SN07", "adm0_name": "Sénégal", "adm0_name1": null, "adm0_name2": null, "adm0_name3": null, "adm0_pcode": "SN", "valid_on": "2024-05-20", "valid_to": null, "version": "v02", "lang": "fr", "lang1": null, "lang2": null, "lang3": null }, "geometry": { "type": "Point", "coordinates": [ -13.991110803999902, 12.790228616000093 ] } },
{ "type": "Feature", "properties": { "admin_level": 3, "name": "Saré Coly Sallé", "name1": null, "name2": null, "name3": null, "x_coord": -14.13014241, "y_coord": 13.04916827, "adm4_name": null, "adm4_name1": null, "adm4_name2": null, "adm4_name3": null, "adm4_pcode": null, "adm3_name": "Saré Coly Sallé", "adm3_name1": null, "adm3_name2": null, "adm3_name3": null, "adm3_pcode": "SN070303", "adm2_name": "Vélingara", "adm2_name1": null, "adm2_name2": null, "adm2_name3": null, "adm2_pcode": "SN0703", "adm1_name": "Kolda", "adm1_name1": null, "adm1_name2": null, "adm1_name3": null, "adm1_pcode": "SN07", "adm0_name": "Sénégal", "adm0_name1": null, "adm0_name2": null, "adm0_name3": null, "adm0_pcode": "SN", "valid_on": "2024-05-20", "valid_to": null, "version": "v02", "lang": "fr", "lang1": null, "lang2": null, "lang3": null }, "geometry": { "type": "Point", "coordinates": [ -14.13014241399992, 13.049168272000031 ] } },
{ "type": "Feature", "properties": { "admin_level": 3, "name": "Ndande", "name1": null, "name2": null, "name3": null, "x_coord": -16.58870436, "y_coord": 15.40533178, "adm4_name": null, "adm4_name1": null, "adm4_name2": null, "adm4_name3": null, "adm4_pcode": null, "adm3_name": "Ndande", "adm3_name1": null, "adm3_name2": null, "adm3_name3": null, "adm3_pcode": "SN080101", "adm2_name": "Kébémer", "adm2_name1": null, "adm2_name2": null, "adm2_name3": null, "adm2_pcode": "SN0801", "adm1_name": "Louga", "adm1_name1": null, "adm1_name2": null, "adm1_name3": null, "adm1_pcode": "SN08", "adm0_name": "Sénégal", "adm0_name1": null, "adm0_name2": null, "adm0_name3": null, "adm0_pcode": "SN", "valid_on": "2024-05-20", "valid_to": null, "version": "v02", "lang": "fr", "lang1": null, "lang2": null, "lang3": null }, "geometry": { "type": "Point", "coordinates": [ -16.588704362999977, 15.405331782000076 ] } },
{ "type": "Feature", "properties": { "admin_level": 3, "name": "Darou Mousty", "name1": null, "name2": null, "name3": null, "x_coord": -16.02766674, "y_coord": 15.16586881, "adm4_name": null, "adm4_name1": null, "adm4_name2": null, "adm4_name3": null, "adm4_pcode": null, "adm3_name": "Darou Mousty", "adm3_name1": null, "adm3_name2": null, "adm3_name3": null, "adm3_pcode": "SN080102", "adm2_name": "Kébémer", "adm2_name1": null, "adm2_name2": null, "adm2_name3": null, "adm2_pcode": "SN0801", "adm1_name": "Louga", "adm1_name1": null, "adm1_name2": null, "adm1_name3": null, "adm1_pcode": "SN08", "adm0_name": "Sénégal", "adm0_name1": null, "adm0_name2": null, "adm0_name3": null, "adm0_pcode": "SN", "valid_on": "2024-05-20", "valid_to": null, "version": "v02", "lang": "fr", "lang1": null, "lang2": null, "lang3": null }, "geometry": { "type": "Point", "coordinates": [ -16.027666735999901, 15.16586881500001 ] } },
{ "type": "Feature", "properties": { "admin_level": 3, "name": "Sagata Geth", "name1": null, "name2": null, "name3": null, "x_coord": -16.23040085, "y_coord": 15.34055473, "adm4_name": null, "adm4_name1": null, "adm4_name2": null, "adm4_name3": null, "adm4_pcode": null, "adm3_name": "Sagata Geth", "adm3_name1": null, "adm3_name2": null, "adm3_name3": null, "adm3_pcode": "SN080103", "adm2_name": "Kébémer", "adm2_name1": null, "adm2_name2": null, "adm2_name3": null, "adm2_pcode": "SN0801", "adm1_name": "Louga", "adm1_name1": null, "adm1_name2": null, "adm1_name3": null, "adm1_pcode": "SN08", "adm0_name": "Sénégal", "adm0_name1": null, "adm0_name2": null, "adm0_name3": null, "adm0_pcode": "SN", "valid_on": "2024-05-20", "valid_to": null, "version": "v02", "lang": "fr", "lang1": null, "lang2": null, "lang3": null }, "geometry": { "type": "Point", "coordinates": [ -16.230400852999878, 15.340554729000075 ] } },
{ "type": "Feature", "properties": { "admin_level": 3, "name": "Yang-Yang", "name1": null, "name2": null, "name3": null, "x_coord": -15.31146214, "y_coord": 15.68112516, "adm4_name": null, "adm4_name1": null, "adm4_name2": null, "adm4_name3": null, "adm4_pcode": null, "adm3_name": "Yang-Yang", "adm3_name1": null, "adm3_name2": null, "adm3_name3": null, "adm3_pcode": "SN080201", "adm2_name": "Linguère", "adm2_name1": null, "adm2_name2": null, "adm2_name3": null, "adm2_pcode": "SN0802", "adm1_name": "Louga", "adm1_name1": null, "adm1_name2": null, "adm1_name3": null, "adm1_pcode": "SN08", "adm0_name": "Sénégal", "adm0_name1": null, "adm0_name2": null, "adm0_name3": null, "adm0_pcode": "SN", "valid_on": "2024-05-20", "valid_to": null, "version": "v02", "lang": "fr", "lang1": null, "lang2": null, "lang3": null }, "geometry": { "type": "Point", "coordinates": [ -15.311462138999957, 15.681125163000161 ] } },
{ "type": "Feature", "properties": { "admin_level": 3, "name": "Sagata Diolof", "name1": null, "name2": null, "name3": null, "x_coord": -15.580523, "y_coord": 15.1811771, "adm4_name": null, "adm4_name1": null, "adm4_name2": null, "adm4_name3": null, "adm4_pcode": null, "adm3_name": "Sagata Diolof", "adm3_name1": null, "adm3_name2": null, "adm3_name3": null, "adm3_pcode": "SN080202", "adm2_name": "Linguère", "adm2_name1": null, "adm2_name2": null, "adm2_name3": null, "adm2_pcode": "SN0802", "adm1_name": "Louga", "adm1_name1": null, "adm1_name2": null, "adm1_name3": null, "adm1_pcode": "SN08", "adm0_name": "Sénégal", "adm0_name1": null, "adm0_name2": null, "adm0_name3": null, "adm0_pcode": "SN", "valid_on": "2024-05-20", "valid_to": null, "version": "v02", "lang": "fr", "lang1": null, "lang2": null, "lang3": null }, "geometry": { "type": "Point", "coordinates": [ -15.580523, 15.181177100000184 ] } },
{ "type": "Feature", "properties": { "admin_level": 3, "name": "Barkédji", "name1": null, "name2": null, "name3": null, "x_coord": -15.09781709, "y_coord": 15.02445502, "adm4_name": null, "adm4_name1": null, "adm4_name2": null, "adm4_name3": null, "adm4_pcode": null, "adm3_name": "Barkédji", "adm3_name1": null, "adm3_name2": null, "adm3_name3": null, "adm3_pcode": "SN080203", "adm2_name": "Linguère", "adm2_name1": null, "adm2_name2": null, "adm2_name3": null, "adm2_pcode": "SN0802", "adm1_name": "Louga", "adm1_name1": null, "adm1_name2": null, "adm1_name3": null, "adm1_pcode": "SN08", "adm0_name": "Sénégal", "adm0_name1": null, "adm0_name2": null, "adm0_name3": null, "adm0_pcode": "SN", "valid_on": "2024-05-20", "valid_to": null, "version": "v02", "lang": "fr", "lang1": null, "lang2": null, "lang3": null }, "geometry": { "type": "Point", "coordinates": [ -15.097817090999968, 15.024455025000066 ] } },
{ "type": "Feature", "properties": { "admin_level": 3, "name": "Dodji", "name1": null, "name2": null, "name3": null, "x_coord": -14.93836214, "y_coord": 15.57846455, "adm4_name": null, "adm4_name1": null, "adm4_name2": null, "adm4_name3": null, "adm4_pcode": null, "adm3_name": "Dodji", "adm3_name1": null, "adm3_name2": null, "adm3_name3": null, "adm3_pcode": "SN080204", "adm2_name": "Linguère", "adm2_name1": null, "adm2_name2": null, "adm2_name3": null, "adm2_pcode": "SN0802", "adm1_name": "Louga", "adm1_name1": null, "adm1_name2": null, "adm1_name3": null, "adm1_pcode": "SN08", "adm0_name": "Sénégal", "adm0_name1": null, "adm0_name2": null, "adm0_name3": null, "adm0_pcode": "SN", "valid_on": "2024-05-20", "valid_to": null, "version": "v02", "lang": "fr", "lang1": null, "lang2": null, "lang3": null }, "geometry": { "type": "Point", "coordinates": [ -14.93836214199996, 15.578464555000153 ] } },
{ "type": "Feature", "properties": { "admin_level": 3, "name": "Keur Momar Sarr", "name1": null, "name2": null, "name3": null, "x_coord": -15.82539651, "y_coord": 15.81706276, "adm4_name": null, "adm4_name1": null, "adm4_name2": null, "adm4_name3": null, "adm4_pcode": null, "adm3_name": "Keur Momar Sarr", "adm3_name1": null, "adm3_name2": null, "adm3_name3": null, "adm3_pcode": "SN080301", "adm2_name": "Louga", "adm2_name1": null, "adm2_name2": null, "adm2_name3": null, "adm2_pcode": "SN0803", "adm1_name": "Louga", "adm1_name1": null, "adm1_name2": null, "adm1_name3": null, "adm1_pcode": "SN08", "adm0_name": "Sénégal", "adm0_name1": null, "adm0_name2": null, "adm0_name3": null, "adm0_pcode": "SN", "valid_on": "2024-05-20", "valid_to": null, "version": "v02", "lang": "fr", "lang1": null, "lang2": null, "lang3": null }, "geometry": { "type": "Point", "coordinates": [ -15.82539651299993, 15.817062759000123 ] } },
{ "type": "Feature", "properties": { "admin_level": 3, "name": "Koki", "name1": null, "name2": null, "name3": null, "x_coord": -15.96600737, "y_coord": 15.51103079, "adm4_name": null, "adm4_name1": null, "adm4_name2": null, "adm4_name3": null, "adm4_pcode": null, "adm3_name": "Koki", "adm3_name1": null, "adm3_name2": null, "adm3_name3": null, "adm3_pcode": "SN080302", "adm2_name": "Louga", "adm2_name1": null, "adm2_name2": null, "adm2_name3": null, "adm2_pcode": "SN0803", "adm1_name": "Louga", "adm1_name1": null, "adm1_name2": null, "adm1_name3": null, "adm1_pcode": "SN08", "adm0_name": "Sénégal", "adm0_name1": null, "adm0_name2": null, "adm0_name3": null, "adm0_pcode": "SN", "valid_on": "2024-05-20", "valid_to": null, "version": "v02", "lang": "fr", "lang1": null, "lang2": null, "lang3": null }, "geometry": { "type": "Point", "coordinates": [ -15.966007373999958, 15.511030787000038 ] } },
{ "type": "Feature", "properties": { "admin_level": 3, "name": "Mbédiène", "name1": null, "name2": null, "name3": null, "x_coord": -16.19781533, "y_coord": 15.58530454, "adm4_name": null, "adm4_name1": null, "adm4_name2": null, "adm4_name3": null, "adm4_pcode": null, "adm3_name": "Mbédiène", "adm3_name1": null, "adm3_name2": null, "adm3_name3": null, "adm3_pcode": "SN080303", "adm2_name": "Louga", "adm2_name1": null, "adm2_name2": null, "adm2_name3": null, "adm2_pcode": "SN0803", "adm1_name": "Louga", "adm1_name1": null, "adm1_name2": null, "adm1_name3": null, "adm1_pcode": "SN08", "adm0_name": "Sénégal", "adm0_name1": null, "adm0_name2": null, "adm0_name3": null, "adm0_pcode": "SN", "valid_on": "2024-05-20", "valid_to": null, "version": "v02", "lang": "fr", "lang1": null, "lang2": null, "lang3": null }, "geometry": { "type": "Point", "coordinates": [ -16.197815327999876, 15.585304539000163 ] } },
{ "type": "Feature", "properties": { "admin_level": 3, "name": "Sakal", "name1": null, "name2": null, "name3": null, "x_coord": -16.30342306, "y_coord": 15.79267238, "adm4_name": null, "adm4_name1": null, "adm4_name2": null, "adm4_name3": null, "adm4_pcode": null, "adm3_name": "Sakal", "adm3_name1": null, "adm3_name2": null, "adm3_name3": null, "adm3_pcode": "SN080304", "adm2_name": "Louga", "adm2_name1": null, "adm2_name2": null, "adm2_name3": null, "adm2_pcode": "SN0803", "adm1_name": "Louga", "adm1_name1": null, "adm1_name2": null, "adm1_name3": null, "adm1_pcode": "SN08", "adm0_name": "Sénégal", "adm0_name1": null, "adm0_name2": null, "adm0_name3": null, "adm0_pcode": "SN", "valid_on": "2024-05-20", "valid_to": null, "version": "v02", "lang": "fr", "lang1": null, "lang2": null, "lang3": null }, "geometry": { "type": "Point", "coordinates": [ -16.303423060999933, 15.792672385000174 ] } },
{ "type": "Feature", "properties": { "admin_level": 3, "name": "Ouro Sidi", "name1": null, "name2": null, "name3": null, "x_coord": -13.23945183, "y_coord": 15.00999268, "adm4_name": null, "adm4_name1": null, "adm4_name2": null, "adm4_name3": null, "adm4_pcode": null, "adm3_name": "Ouro Sidi", "adm3_name1": null, "adm3_name2": null, "adm3_name3": null, "adm3_pcode": "SN090101", "adm2_name": "Kanel", "adm2_name1": null, "adm2_name2": null, "adm2_name3": null, "adm2_pcode": "SN0901", "adm1_name": "Matam", "adm1_name1": null, "adm1_name2": null, "adm1_name3": null, "adm1_pcode": "SN09", "adm0_name": "Sénégal", "adm0_name1": null, "adm0_name2": null, "adm0_name3": null, "adm0_pcode": "SN", "valid_on": "2024-05-20", "valid_to": null, "version": "v02", "lang": "fr", "lang1": null, "lang2": null, "lang3": null }, "geometry": { "type": "Point", "coordinates": [ -13.239451827999915, 15.009992680000096 ] } },
{ "type": "Feature", "properties": { "admin_level": 3, "name": "Orkadiéré", "name1": null, "name2": null, "name3": null, "x_coord": -12.77480553, "y_coord": 15.0042871, "adm4_name": null, "adm4_name1": null, "adm4_name2": null, "adm4_name3": null, "adm4_pcode": null, "adm3_name": "Orkadiéré", "adm3_name1": null, "adm3_name2": null, "adm3_name3": null, "adm3_pcode": "SN090102", "adm2_name": "Kanel", "adm2_name1": null, "adm2_name2": null, "adm2_name3": null, "adm2_pcode": "SN0901", "adm1_name": "Matam", "adm1_name1": null, "adm1_name2": null, "adm1_name3": null, "adm1_pcode": "SN09", "adm0_name": "Sénégal", "adm0_name1": null, "adm0_name2": null, "adm0_name3": null, "adm0_pcode": "SN", "valid_on": "2024-05-20", "valid_to": null, "version": "v02", "lang": "fr", "lang1": null, "lang2": null, "lang3": null }, "geometry": { "type": "Point", "coordinates": [ -12.774805531999959, 15.004287098000191 ] } },
{ "type": "Feature", "properties": { "admin_level": 3, "name": "Ogo", "name1": null, "name2": null, "name3": null, "x_coord": -13.67435099, "y_coord": 15.70088806, "adm4_name": null, "adm4_name1": null, "adm4_name2": null, "adm4_name3": null, "adm4_pcode": null, "adm3_name": "Ogo", "adm3_name1": null, "adm3_name2": null, "adm3_name3": null, "adm3_pcode": "SN090201", "adm2_name": "Matam", "adm2_name1": null, "adm2_name2": null, "adm2_name3": null, "adm2_pcode": "SN0902", "adm1_name": "Matam", "adm1_name1": null, "adm1_name2": null, "adm1_name3": null, "adm1_pcode": "SN09", "adm0_name": "Sénégal", "adm0_name1": null, "adm0_name2": null, "adm0_name3": null, "adm0_pcode": "SN", "valid_on": "2024-05-20", "valid_to": null, "version": "v02", "lang": "fr", "lang1": null, "lang2": null, "lang3": null }, "geometry": { "type": "Point", "coordinates": [ -13.674350991999972, 15.700888065000186 ] } },
{ "type": "Feature", "properties": { "admin_level": 3, "name": "Agnam Civol", "name1": null, "name2": null, "name3": null, "x_coord": -13.70403131, "y_coord": 15.93015863, "adm4_name": null, "adm4_name1": null, "adm4_name2": null, "adm4_name3": null, "adm4_pcode": null, "adm3_name": "Agnam Civol", "adm3_name1": null, "adm3_name2": null, "adm3_name3": null, "adm3_pcode": "SN090202", "adm2_name": "Matam", "adm2_name1": null, "adm2_name2": null, "adm2_name3": null, "adm2_pcode": "SN0902", "adm1_name": "Matam", "adm1_name1": null, "adm1_name2": null, "adm1_name3": null, "adm1_pcode": "SN09", "adm0_name": "Sénégal", "adm0_name1": null, "adm0_name2": null, "adm0_name3": null, "adm0_pcode": "SN", "valid_on": "2024-05-20", "valid_to": null, "version": "v02", "lang": "fr", "lang1": null, "lang2": null, "lang3": null }, "geometry": { "type": "Point", "coordinates": [ -13.704031307999912, 15.93015862600015 ] } },
{ "type": "Feature", "properties": { "admin_level": 3, "name": "Vélingara", "name1": null, "name2": null, "name3": null, "x_coord": -14.08777171, "y_coord": 15.10769521, "adm4_name": null, "adm4_name1": null, "adm4_name2": null, "adm4_name3": null, "adm4_pcode": null, "adm3_name": "Vélingara", "adm3_name1": null, "adm3_name2": null, "adm3_name3": null, "adm3_pcode": "SN090301", "adm2_name": "Ranérou", "adm2_name1": null, "adm2_name2": null, "adm2_name3": null, "adm2_pcode": "SN0903", "adm1_name": "Matam", "adm1_name1": null, "adm1_name2": null, "adm1_name3": null, "adm1_pcode": "SN09", "adm0_name": "Sénégal", "adm0_name1": null, "adm0_name2": null, "adm0_name3": null, "adm0_pcode": "SN", "valid_on": "2024-05-20", "valid_to": null, "version": "v02", "lang": "fr", "lang1": null, "lang2": null, "lang3": null }, "geometry": { "type": "Point", "coordinates": [ -14.087771708999981, 15.107695211000134 ] } },
{ "type": "Feature", "properties": { "admin_level": 3, "name": "Ndiaye Ngènt", "name1": null, "name2": null, "name3": null, "x_coord": -16.07660498, "y_coord": 16.28094707, "adm4_name": null, "adm4_name1": null, "adm4_name2": null, "adm4_name3": null, "adm4_pcode": null, "adm3_name": "Ndiaye Ngènt", "adm3_name1": null, "adm3_name2": null, "adm3_name3": null, "adm3_pcode": "SN100101", "adm2_name": "Dagana", "adm2_name1": null, "adm2_name2": null, "adm2_name3": null, "adm2_pcode": "SN1001", "adm1_name": "Saint-Louis", "adm1_name1": null, "adm1_name2": null, "adm1_name3": null, "adm1_pcode": "SN10", "adm0_name": "Sénégal", "adm0_name1": null, "adm0_name2": null, "adm0_name3": null, "adm0_pcode": "SN", "valid_on": "2024-05-20", "valid_to": null, "version": "v02", "lang": "fr", "lang1": null, "lang2": null, "lang3": null }, "geometry": { "type": "Point", "coordinates": [ -16.076604981999935, 16.280947070000082 ] } },
{ "type": "Feature", "properties": { "admin_level": 3, "name": "Mbane", "name1": null, "name2": null, "name3": null, "x_coord": -15.6042297, "y_coord": 16.25997711, "adm4_name": null, "adm4_name1": null, "adm4_name2": null, "adm4_name3": null, "adm4_pcode": null, "adm3_name": "Mbane", "adm3_name1": null, "adm3_name2": null, "adm3_name3": null, "adm3_pcode": "SN100102", "adm2_name": "Dagana", "adm2_name1": null, "adm2_name2": null, "adm2_name3": null, "adm2_pcode": "SN1001", "adm1_name": "Saint-Louis", "adm1_name1": null, "adm1_name2": null, "adm1_name3": null, "adm1_pcode": "SN10", "adm0_name": "Sénégal", "adm0_name1": null, "adm0_name2": null, "adm0_name3": null, "adm0_pcode": "SN", "valid_on": "2024-05-20", "valid_to": null, "version": "v02", "lang": "fr", "lang1": null, "lang2": null, "lang3": null }, "geometry": { "type": "Point", "coordinates": [ -15.604229697999926, 16.259977108000157 ] } },
{ "type": "Feature", "properties": { "admin_level": 3, "name": "Gamadji Sarré", "name1": null, "name2": null, "name3": null, "x_coord": -14.6822806, "y_coord": 16.315075, "adm4_name": null, "adm4_name1": null, "adm4_name2": null, "adm4_name3": null, "adm4_pcode": null, "adm3_name": "Gamadji Sarré", "adm3_name1": null, "adm3_name2": null, "adm3_name3": null, "adm3_pcode": "SN100201", "adm2_name": "Podor", "adm2_name1": null, "adm2_name2": null, "adm2_name3": null, "adm2_pcode": "SN1002", "adm1_name": "Saint-Louis", "adm1_name1": null, "adm1_name2": null, "adm1_name3": null, "adm1_pcode": "SN10", "adm0_name": "Sénégal", "adm0_name1": null, "adm0_name2": null, "adm0_name3": null, "adm0_pcode": "SN", "valid_on": "2024-05-20", "valid_to": null, "version": "v02", "lang": "fr", "lang1": null, "lang2": null, "lang3": null }, "geometry": { "type": "Point", "coordinates": [ -14.68228060399997, 16.315074999000046 ] } },
{ "type": "Feature", "properties": { "admin_level": 3, "name": "Thillé Boubakar", "name1": null, "name2": null, "name3": null, "x_coord": -15.15479422, "y_coord": 16.33336823, "adm4_name": null, "adm4_name1": null, "adm4_name2": null, "adm4_name3": null, "adm4_pcode": null, "adm3_name": "Thillé Boubakar", "adm3_name1": null, "adm3_name2": null, "adm3_name3": null, "adm3_pcode": "SN100202", "adm2_name": "Podor", "adm2_name1": null, "adm2_name2": null, "adm2_name3": null, "adm2_pcode": "SN1002", "adm1_name": "Saint-Louis", "adm1_name1": null, "adm1_name2": null, "adm1_name3": null, "adm1_pcode": "SN10", "adm0_name": "Sénégal", "adm0_name1": null, "adm0_name2": null, "adm0_name3": null, "adm0_pcode": "SN", "valid_on": "2024-05-20", "valid_to": null, "version": "v02", "lang": "fr", "lang1": null, "lang2": null, "lang3": null }, "geometry": { "type": "Point", "coordinates": [ -15.154794217999893, 16.333368234000091 ] } },
{ "type": "Feature", "properties": { "admin_level": 3, "name": "Saldé", "name1": null, "name2": null, "name3": null, "x_coord": -14.17595737, "y_coord": 15.86485804, "adm4_name": null, "adm4_name1": null, "adm4_name2": null, "adm4_name3": null, "adm4_pcode": null, "adm3_name": "Saldé", "adm3_name1": null, "adm3_name2": null, "adm3_name3": null, "adm3_pcode": "SN100203", "adm2_name": "Podor", "adm2_name1": null, "adm2_name2": null, "adm2_name3": null, "adm2_pcode": "SN1002", "adm1_name": "Saint-Louis", "adm1_name1": null, "adm1_name2": null, "adm1_name3": null, "adm1_pcode": "SN10", "adm0_name": "Sénégal", "adm0_name1": null, "adm0_name2": null, "adm0_name3": null, "adm0_pcode": "SN", "valid_on": "2024-05-20", "valid_to": null, "version": "v02", "lang": "fr", "lang1": null, "lang2": null, "lang3": null }, "geometry": { "type": "Point", "coordinates": [ -14.175957372999903, 15.864858036000101 ] } },
{ "type": "Feature", "properties": { "admin_level": 3, "name": "Cas Cas", "name1": null, "name2": null, "name3": null, "x_coord": -14.28346526, "y_coord": 16.1606769, "adm4_name": null, "adm4_name1": null, "adm4_name2": null, "adm4_name3": null, "adm4_pcode": null, "adm3_name": "Cas Cas", "adm3_name1": null, "adm3_name2": null, "adm3_name3": null, "adm3_pcode": "SN100204", "adm2_name": "Podor", "adm2_name1": null, "adm2_name2": null, "adm2_name3": null, "adm2_pcode": "SN1002", "adm1_name": "Saint-Louis", "adm1_name1": null, "adm1_name2": null, "adm1_name3": null, "adm1_pcode": "SN10", "adm0_name": "Sénégal", "adm0_name1": null, "adm0_name2": null, "adm0_name3": null, "adm0_pcode": "SN", "valid_on": "2024-05-20", "valid_to": null, "version": "v02", "lang": "fr", "lang1": null, "lang2": null, "lang3": null }, "geometry": { "type": "Point", "coordinates": [ -14.283465263999972, 16.160676895000108 ] } },
{ "type": "Feature", "properties": { "admin_level": 3, "name": "Rao", "name1": null, "name2": null, "name3": null, "x_coord": -16.33379013, "y_coord": 15.98367683, "adm4_name": null, "adm4_name1": null, "adm4_name2": null, "adm4_name3": null, "adm4_pcode": null, "adm3_name": "Rao", "adm3_name1": null, "adm3_name2": null, "adm3_name3": null, "adm3_pcode": "SN100301", "adm2_name": "Saint Louis", "adm2_name1": null, "adm2_name2": null, "adm2_name3": null, "adm2_pcode": "SN1003", "adm1_name": "Saint-Louis", "adm1_name1": null, "adm1_name2": null, "adm1_name3": null, "adm1_pcode": "SN10", "adm0_name": "Sénégal", "adm0_name1": null, "adm0_name2": null, "adm0_name3": null, "adm0_pcode": "SN", "valid_on": "2024-05-20", "valid_to": null, "version": "v02", "lang": "fr", "lang1": null, "lang2": null, "lang3": null }, "geometry": { "type": "Point", "coordinates": [ -16.33379012499995, 15.983676833000061 ] } },
{ "type": "Feature", "properties": { "admin_level": 3, "name": "Bona", "name1": null, "name2": null, "name3": null, "x_coord": -15.79811916, "y_coord": 13.05958706, "adm4_name": null, "adm4_name1": null, "adm4_name2": null, "adm4_name3": null, "adm4_pcode": null, "adm3_name": "Bona", "adm3_name1": null, "adm3_name2": null, "adm3_name3": null, "adm3_pcode": "SN110101", "adm2_name": "Bounkiling", "adm2_name1": null, "adm2_name2": null, "adm2_name3": null, "adm2_pcode": "SN1101", "adm1_name": "Sédhiou", "adm1_name1": null, "adm1_name2": null, "adm1_name3": null, "adm1_pcode": "SN11", "adm0_name": "Sénégal", "adm0_name1": null, "adm0_name2": null, "adm0_name3": null, "adm0_pcode": "SN", "valid_on": "2024-05-20", "valid_to": null, "version": "v02", "lang": "fr", "lang1": null, "lang2": null, "lang3": null }, "geometry": { "type": "Point", "coordinates": [ -15.798119161999864, 13.059587060000069 ] } },
{ "type": "Feature", "properties": { "admin_level": 3, "name": "Bogal", "name1": null, "name2": null, "name3": null, "x_coord": -15.52866216, "y_coord": 13.22476674, "adm4_name": null, "adm4_name1": null, "adm4_name2": null, "adm4_name3": null, "adm4_pcode": null, "adm3_name": "Bogal", "adm3_name1": null, "adm3_name2": null, "adm3_name3": null, "adm3_pcode": "SN110102", "adm2_name": "Bounkiling", "adm2_name1": null, "adm2_name2": null, "adm2_name3": null, "adm2_pcode": "SN1101", "adm1_name": "Sédhiou", "adm1_name1": null, "adm1_name2": null, "adm1_name3": null, "adm1_pcode": "SN11", "adm0_name": "Sénégal", "adm0_name1": null, "adm0_name2": null, "adm0_name3": null, "adm0_pcode": "SN", "valid_on": "2024-05-20", "valid_to": null, "version": "v02", "lang": "fr", "lang1": null, "lang2": null, "lang3": null }, "geometry": { "type": "Point", "coordinates": [ -15.528662155999939, 13.224766742000156 ] } },
{ "type": "Feature", "properties": { "admin_level": 3, "name": "Diaroumé", "name1": null, "name2": null, "name3": null, "x_coord": -15.44750732, "y_coord": 13.0415013, "adm4_name": null, "adm4_name1": null, "adm4_name2": null, "adm4_name3": null, "adm4_pcode": null, "adm3_name": "Diaroumé", "adm3_name1": null, "adm3_name2": null, "adm3_name3": null, "adm3_pcode": "SN110103", "adm2_name": "Bounkiling", "adm2_name1": null, "adm2_name2": null, "adm2_name3": null, "adm2_pcode": "SN1101", "adm1_name": "Sédhiou", "adm1_name1": null, "adm1_name2": null, "adm1_name3": null, "adm1_pcode": "SN11", "adm0_name": "Sénégal", "adm0_name1": null, "adm0_name2": null, "adm0_name3": null, "adm0_pcode": "SN", "valid_on": "2024-05-20", "valid_to": null, "version": "v02", "lang": "fr", "lang1": null, "lang2": null, "lang3": null }, "geometry": { "type": "Point", "coordinates": [ -15.447507315999871, 13.041501296000035 ] } },
{ "type": "Feature", "properties": { "admin_level": 3, "name": "Simbandi Brassou", "name1": null, "name2": null, "name3": null, "x_coord": -15.40069465, "y_coord": 12.63708389, "adm4_name": null, "adm4_name1": null, "adm4_name2": null, "adm4_name3": null, "adm4_pcode": null, "adm3_name": "Simbandi Brassou", "adm3_name1": null, "adm3_name2": null, "adm3_name3": null, "adm3_pcode": "SN110201", "adm2_name": "Goudomp", "adm2_name1": null, "adm2_name2": null, "adm2_name3": null, "adm2_pcode": "SN1102", "adm1_name": "Sédhiou", "adm1_name1": null, "adm1_name2": null, "adm1_name3": null, "adm1_pcode": "SN11", "adm0_name": "Sénégal", "adm0_name1": null, "adm0_name2": null, "adm0_name3": null, "adm0_pcode": "SN", "valid_on": "2024-05-20", "valid_to": null, "version": "v02", "lang": "fr", "lang1": null, "lang2": null, "lang3": null }, "geometry": { "type": "Point", "coordinates": [ -15.400694647999842, 12.637083891000032 ] } },
{ "type": "Feature", "properties": { "admin_level": 3, "name": "Djibanar", "name1": null, "name2": null, "name3": null, "x_coord": -15.69553159, "y_coord": 12.52604411, "adm4_name": null, "adm4_name1": null, "adm4_name2": null, "adm4_name3": null, "adm4_pcode": null, "adm3_name": "Djibanar", "adm3_name1": null, "adm3_name2": null, "adm3_name3": null, "adm3_pcode": "SN110202", "adm2_name": "Goudomp", "adm2_name1": null, "adm2_name2": null, "adm2_name3": null, "adm2_pcode": "SN1102", "adm1_name": "Sédhiou", "adm1_name1": null, "adm1_name2": null, "adm1_name3": null, "adm1_pcode": "SN11", "adm0_name": "Sénégal", "adm0_name1": null, "adm0_name2": null, "adm0_name3": null, "adm0_pcode": "SN", "valid_on": "2024-05-20", "valid_to": null, "version": "v02", "lang": "fr", "lang1": null, "lang2": null, "lang3": null }, "geometry": { "type": "Point", "coordinates": [ -15.695531591999952, 12.526044108000178 ] } },
{ "type": "Feature", "properties": { "admin_level": 3, "name": "Karantaba", "name1": null, "name2": null, "name3": null, "x_coord": -15.33756959, "y_coord": 12.78288179, "adm4_name": null, "adm4_name1": null, "adm4_name2": null, "adm4_name3": null, "adm4_pcode": null, "adm3_name": "Karantaba", "adm3_name1": null, "adm3_name2": null, "adm3_name3": null, "adm3_pcode": "SN110203", "adm2_name": "Goudomp", "adm2_name1": null, "adm2_name2": null, "adm2_name3": null, "adm2_pcode": "SN1102", "adm1_name": "Sédhiou", "adm1_name1": null, "adm1_name2": null, "adm1_name3": null, "adm1_pcode": "SN11", "adm0_name": "Sénégal", "adm0_name1": null, "adm0_name2": null, "adm0_name3": null, "adm0_pcode": "SN", "valid_on": "2024-05-20", "valid_to": null, "version": "v02", "lang": "fr", "lang1": null, "lang2": null, "lang3": null }, "geometry": { "type": "Point", "coordinates": [ -15.337569588999941, 12.782881793 ] } },
{ "type": "Feature", "properties": { "admin_level": 3, "name": "Diendé", "name1": null, "name2": null, "name3": null, "x_coord": -15.43597993, "y_coord": 12.87152235, "adm4_name": null, "adm4_name1": null, "adm4_name2": null, "adm4_name3": null, "adm4_pcode": null, "adm3_name": "Diendé", "adm3_name1": null, "adm3_name2": null, "adm3_name3": null, "adm3_pcode": "SN110301", "adm2_name": "Sédhiou", "adm2_name1": null, "adm2_name2": null, "adm2_name3": null, "adm2_pcode": "SN1103", "adm1_name": "Sédhiou", "adm1_name1": null, "adm1_name2": null, "adm1_name3": null, "adm1_pcode": "SN11", "adm0_name": "Sénégal", "adm0_name1": null, "adm0_name2": null, "adm0_name3": null, "adm0_pcode": "SN", "valid_on": "2024-05-20", "valid_to": null, "version": "v02", "lang": "fr", "lang1": null, "lang2": null, "lang3": null }, "geometry": { "type": "Point", "coordinates": [ -15.435979932999828, 12.871522355000138 ] } },
{ "type": "Feature", "properties": { "admin_level": 3, "name": "Djibabouya", "name1": null, "name2": null, "name3": null, "x_coord": -15.86622527, "y_coord": 12.80155874, "adm4_name": null, "adm4_name1": null, "adm4_name2": null, "adm4_name3": null, "adm4_pcode": null, "adm3_name": "Djibabouya", "adm3_name1": null, "adm3_name2": null, "adm3_name3": null, "adm3_pcode": "SN110302", "adm2_name": "Sédhiou", "adm2_name1": null, "adm2_name2": null, "adm2_name3": null, "adm2_pcode": "SN1103", "adm1_name": "Sédhiou", "adm1_name1": null, "adm1_name2": null, "adm1_name3": null, "adm1_pcode": "SN11", "adm0_name": "Sénégal", "adm0_name1": null, "adm0_name2": null, "adm0_name3": null, "adm0_pcode": "SN", "valid_on": "2024-05-20", "valid_to": null, "version": "v02", "lang": "fr", "lang1": null, "lang2": null, "lang3": null }, "geometry": { "type": "Point", "coordinates": [ -15.866225265999958, 12.801558739000086 ] } },
{ "type": "Feature", "properties": { "admin_level": 3, "name": "Djirédji", "name1": null, "name2": null, "name3": null, "x_coord": -15.73741783, "y_coord": 12.65719651, "adm4_name": null, "adm4_name1": null, "adm4_name2": null, "adm4_name3": null, "adm4_pcode": null, "adm3_name": "Djirédji", "adm3_name1": null, "adm3_name2": null, "adm3_name3": null, "adm3_pcode": "SN110303", "adm2_name": "Sédhiou", "adm2_name1": null, "adm2_name2": null, "adm2_name3": null, "adm2_pcode": "SN1103", "adm1_name": "Sédhiou", "adm1_name1": null, "adm1_name2": null, "adm1_name3": null, "adm1_pcode": "SN11", "adm0_name": "Sénégal", "adm0_name1": null, "adm0_name2": null, "adm0_name3": null, "adm0_pcode": "SN", "valid_on": "2024-05-20", "valid_to": null, "version": "v02", "lang": "fr", "lang1": null, "lang2": null, "lang3": null }, "geometry": { "type": "Point", "coordinates": [ -15.737417830999959, 12.657196511999985 ] } },
{ "type": "Feature", "properties": { "admin_level": 3, "name": "Kéniéba", "name1": null, "name2": null, "name3": null, "x_coord": -12.14041499, "y_coord": 13.8589933, "adm4_name": null, "adm4_name1": null, "adm4_name2": null, "adm4_name3": null, "adm4_pcode": null, "adm3_name": "Kéniéba", "adm3_name1": null, "adm3_name2": null, "adm3_name3": null, "adm3_pcode": "SN120101", "adm2_name": "Bakel", "adm2_name1": null, "adm2_name2": null, "adm2_name3": null, "adm2_pcode": "SN1201", "adm1_name": "Tambacounda", "adm1_name1": null, "adm1_name2": null, "adm1_name3": null, "adm1_pcode": "SN12", "adm0_name": "Sénégal", "adm0_name1": null, "adm0_name2": null, "adm0_name3": null, "adm0_pcode": "SN", "valid_on": "2024-05-20", "valid_to": null, "version": "v02", "lang": "fr", "lang1": null, "lang2": null, "lang3": null }, "geometry": { "type": "Point", "coordinates": [ -12.140414993999912, 13.858993299000133 ] } },
{ "type": "Feature", "properties": { "admin_level": 3, "name": "Moudéri", "name1": null, "name2": null, "name3": null, "x_coord": -12.50656786, "y_coord": 14.85525862, "adm4_name": null, "adm4_name1": null, "adm4_name2": null, "adm4_name3": null, "adm4_pcode": null, "adm3_name": "Moudéri", "adm3_name1": null, "adm3_name2": null, "adm3_name3": null, "adm3_pcode": "SN120102", "adm2_name": "Bakel", "adm2_name1": null, "adm2_name2": null, "adm2_name3": null, "adm2_pcode": "SN1201", "adm1_name": "Tambacounda", "adm1_name1": null, "adm1_name2": null, "adm1_name3": null, "adm1_pcode": "SN12", "adm0_name": "Sénégal", "adm0_name1": null, "adm0_name2": null, "adm0_name3": null, "adm0_pcode": "SN", "valid_on": "2024-05-20", "valid_to": null, "version": "v02", "lang": "fr", "lang1": null, "lang2": null, "lang3": null }, "geometry": { "type": "Point", "coordinates": [ -12.506567857999869, 14.855258616000071 ] } },
{ "type": "Feature", "properties": { "admin_level": 3, "name": "Bellé", "name1": null, "name2": null, "name3": null, "x_coord": -12.37923186, "y_coord": 14.33210578, "adm4_name": null, "adm4_name1": null, "adm4_name2": null, "adm4_name3": null, "adm4_pcode": null, "adm3_name": "Bellé", "adm3_name1": null, "adm3_name2": null, "adm3_name3": null, "adm3_pcode": "SN120103", "adm2_name": "Bakel", "adm2_name1": null, "adm2_name2": null, "adm2_name3": null, "adm2_pcode": "SN1201", "adm1_name": "Tambacounda", "adm1_name1": null, "adm1_name2": null, "adm1_name3": null, "adm1_pcode": "SN12", "adm0_name": "Sénégal", "adm0_name1": null, "adm0_name2": null, "adm0_name3": null, "adm0_pcode": "SN", "valid_on": "2024-05-20", "valid_to": null, "version": "v02", "lang": "fr", "lang1": null, "lang2": null, "lang3": null }, "geometry": { "type": "Point", "coordinates": [ -12.379231857999969, 14.332105777000038 ] } },
{ "type": "Feature", "properties": { "admin_level": 3, "name": "Dianké Makan", "name1": null, "name2": null, "name3": null, "x_coord": -12.68481607, "y_coord": 13.584523, "adm4_name": null, "adm4_name1": null, "adm4_name2": null, "adm4_name3": null, "adm4_pcode": null, "adm3_name": "Dianké Makan", "adm3_name1": null, "adm3_name2": null, "adm3_name3": null, "adm3_pcode": "SN120201", "adm2_name": "Goudiry", "adm2_name1": null, "adm2_name2": null, "adm2_name3": null, "adm2_pcode": "SN1202", "adm1_name": "Tambacounda", "adm1_name1": null, "adm1_name2": null, "adm1_name3": null, "adm1_pcode": "SN12", "adm0_name": "Sénégal", "adm0_name1": null, "adm0_name2": null, "adm0_name3": null, "adm0_pcode": "SN", "valid_on": "2024-05-20", "valid_to": null, "version": "v02", "lang": "fr", "lang1": null, "lang2": null, "lang3": null }, "geometry": { "type": "Point", "coordinates": [ -12.684816064999893, 13.584522996000089 ] } },
{ "type": "Feature", "properties": { "admin_level": 3, "name": "Koular", "name1": null, "name2": null, "name3": null, "x_coord": -13.01442155, "y_coord": 14.28332485, "adm4_name": null, "adm4_name1": null, "adm4_name2": null, "adm4_name3": null, "adm4_pcode": null, "adm3_name": "Koular", "adm3_name1": null, "adm3_name2": null, "adm3_name3": null, "adm3_pcode": "SN120202", "adm2_name": "Goudiry", "adm2_name1": null, "adm2_name2": null, "adm2_name3": null, "adm2_pcode": "SN1202", "adm1_name": "Tambacounda", "adm1_name1": null, "adm1_name2": null, "adm1_name3": null, "adm1_pcode": "SN12", "adm0_name": "Sénégal", "adm0_name1": null, "adm0_name2": null, "adm0_name3": null, "adm0_pcode": "SN", "valid_on": "2024-05-20", "valid_to": null, "version": "v02", "lang": "fr", "lang1": null, "lang2": null, "lang3": null }, "geometry": { "type": "Point", "coordinates": [ -13.014421548999962, 14.283324845000152 ] } },
{ "type": "Feature", "properties": { "admin_level": 3, "name": "Bala", "name1": null, "name2": null, "name3": null, "x_coord": -13.16268321, "y_coord": 13.74754179, "adm4_name": null, "adm4_name1": null, "adm4_name2": null, "adm4_name3": null, "adm4_pcode": null, "adm3_name": "Bala", "adm3_name1": null, "adm3_name2": null, "adm3_name3": null, "adm3_pcode": "SN120203", "adm2_name": "Goudiry", "adm2_name1": null, "adm2_name2": null, "adm2_name3": null, "adm2_pcode": "SN1202", "adm1_name": "Tambacounda", "adm1_name1": null, "adm1_name2": null, "adm1_name3": null, "adm1_pcode": "SN12", "adm0_name": "Sénégal", "adm0_name1": null, "adm0_name2": null, "adm0_name3": null, "adm0_pcode": "SN", "valid_on": "2024-05-20", "valid_to": null, "version": "v02", "lang": "fr", "lang1": null, "lang2": null, "lang3": null }, "geometry": { "type": "Point", "coordinates": [ -13.162683207999862, 13.747541792999982 ] } },
{ "type": "Feature", "properties": { "admin_level": 3, "name": "Bouinguel Bamba", "name1": null, "name2": null, "name3": null, "x_coord": -12.59956489, "y_coord": 13.9121417, "adm4_name": null, "adm4_name1": null, "adm4_name2": null, "adm4_name3": null, "adm4_pcode": null, "adm3_name": "Bouinguel Bamba", "adm3_name1": null, "adm3_name2": null, "adm3_name3": null, "adm3_pcode": "SN120204", "adm2_name": "Goudiry", "adm2_name1": null, "adm2_name2": null, "adm2_name3": null, "adm2_pcode": "SN1202", "adm1_name": "Tambacounda", "adm1_name1": null, "adm1_name2": null, "adm1_name3": null, "adm1_pcode": "SN12", "adm0_name": "Sénégal", "adm0_name1": null, "adm0_name2": null, "adm0_name3": null, "adm0_pcode": "SN", "valid_on": "2024-05-20", "valid_to": null, "version": "v02", "lang": "fr", "lang1": null, "lang2": null, "lang3": null }, "geometry": { "type": "Point", "coordinates": [ -12.599564893999911, 13.912141704000021 ] } },
{ "type": "Feature", "properties": { "admin_level": 3, "name": "Koutiaba Wolof", "name1": null, "name2": null, "name3": null, "x_coord": -14.27885072, "y_coord": 14.16726103, "adm4_name": null, "adm4_name1": null, "adm4_name2": null, "adm4_name3": null, "adm4_pcode": null, "adm3_name": "Koutiaba Wolof", "adm3_name1": null, "adm3_name2": null, "adm3_name3": null, "adm3_pcode": "SN120301", "adm2_name": "Koumpentoum", "adm2_name1": null, "adm2_name2": null, "adm2_name3": null, "adm2_pcode": "SN1203", "adm1_name": "Tambacounda", "adm1_name1": null, "adm1_name2": null, "adm1_name3": null, "adm1_pcode": "SN12", "adm0_name": "Sénégal", "adm0_name1": null, "adm0_name2": null, "adm0_name3": null, "adm0_pcode": "SN", "valid_on": "2024-05-20", "valid_to": null, "version": "v02", "lang": "fr", "lang1": null, "lang2": null, "lang3": null }, "geometry": { "type": "Point", "coordinates": [ -14.27885071999998, 14.16726103000002 ] } },
{ "type": "Feature", "properties": { "admin_level": 3, "name": "Bamba Tialène", "name1": null, "name2": null, "name3": null, "x_coord": -14.56091951, "y_coord": 13.81143192, "adm4_name": null, "adm4_name1": null, "adm4_name2": null, "adm4_name3": null, "adm4_pcode": null, "adm3_name": "Bamba Tialène", "adm3_name1": null, "adm3_name2": null, "adm3_name3": null, "adm3_pcode": "SN120302", "adm2_name": "Koumpentoum", "adm2_name1": null, "adm2_name2": null, "adm2_name3": null, "adm2_pcode": "SN1203", "adm1_name": "Tambacounda", "adm1_name1": null, "adm1_name2": null, "adm1_name3": null, "adm1_pcode": "SN12", "adm0_name": "Sénégal", "adm0_name1": null, "adm0_name2": null, "adm0_name3": null, "adm0_pcode": "SN", "valid_on": "2024-05-20", "valid_to": null, "version": "v02", "lang": "fr", "lang1": null, "lang2": null, "lang3": null }, "geometry": { "type": "Point", "coordinates": [ -14.560919509999962, 13.811431918000153 ] } },
{ "type": "Feature", "properties": { "admin_level": 3, "name": "Missira", "name1": null, "name2": null, "name3": null, "x_coord": -13.04091849, "y_coord": 13.24157222, "adm4_name": null, "adm4_name1": null, "adm4_name2": null, "adm4_name3": null, "adm4_pcode": null, "adm3_name": "Missira", "adm3_name1": null, "adm3_name2": null, "adm3_name3": null, "adm3_pcode": "SN120401", "adm2_name": "Tambacounda", "adm2_name1": null, "adm2_name2": null, "adm2_name3": null, "adm2_pcode": "SN1204", "adm1_name": "Tambacounda", "adm1_name1": null, "adm1_name2": null, "adm1_name3": null, "adm1_pcode": "SN12", "adm0_name": "Sénégal", "adm0_name1": null, "adm0_name2": null, "adm0_name3": null, "adm0_pcode": "SN", "valid_on": "2024-05-20", "valid_to": null, "version": "v02", "lang": "fr", "lang1": null, "lang2": null, "lang3": null }, "geometry": { "type": "Point", "coordinates": [ -13.040918488999978, 13.241572223 ] } },
{ "type": "Feature", "properties": { "admin_level": 3, "name": "Makacoutibantang", "name1": null, "name2": null, "name3": null, "x_coord": -14.04819329, "y_coord": 13.64627238, "adm4_name": null, "adm4_name1": null, "adm4_name2": null, "adm4_name3": null, "adm4_pcode": null, "adm3_name": "Makacoutibantang", "adm3_name1": null, "adm3_name2": null, "adm3_name3": null, "adm3_pcode": "SN120402", "adm2_name": "Tambacounda", "adm2_name1": null, "adm2_name2": null, "adm2_name3": null, "adm2_pcode": "SN1204", "adm1_name": "Tambacounda", "adm1_name1": null, "adm1_name2": null, "adm1_name3": null, "adm1_pcode": "SN12", "adm0_name": "Sénégal", "adm0_name1": null, "adm0_name2": null, "adm0_name3": null, "adm0_pcode": "SN", "valid_on": "2024-05-20", "valid_to": null, "version": "v02", "lang": "fr", "lang1": null, "lang2": null, "lang3": null }, "geometry": { "type": "Point", "coordinates": [ -14.048193289999858, 13.646272383 ] } },
{ "type": "Feature", "properties": { "admin_level": 3, "name": "Koussanar", "name1": null, "name2": null, "name3": null, "x_coord": -13.82676894, "y_coord": 14.07132062, "adm4_name": null, "adm4_name1": null, "adm4_name2": null, "adm4_name3": null, "adm4_pcode": null, "adm3_name": "Koussanar", "adm3_name1": null, "adm3_name2": null, "adm3_name3": null, "adm3_pcode": "SN120403", "adm2_name": "Tambacounda", "adm2_name1": null, "adm2_name2": null, "adm2_name3": null, "adm2_pcode": "SN1204", "adm1_name": "Tambacounda", "adm1_name1": null, "adm1_name2": null, "adm1_name3": null, "adm1_pcode": "SN12", "adm0_name": "Sénégal", "adm0_name1": null, "adm0_name2": null, "adm0_name3": null, "adm0_pcode": "SN", "valid_on": "2024-05-20", "valid_to": null, "version": "v02", "lang": "fr", "lang1": null, "lang2": null, "lang3": null }, "geometry": { "type": "Point", "coordinates": [ -13.826768938999919, 14.07132062300019 ] } },
{ "type": "Feature", "properties": { "admin_level": 3, "name": "Séssène", "name1": null, "name2": null, "name3": null, "x_coord": -16.79245982, "y_coord": 14.28551696, "adm4_name": null, "adm4_name1": null, "adm4_name2": null, "adm4_name3": null, "adm4_pcode": null, "adm3_name": "Séssène", "adm3_name1": null, "adm3_name2": null, "adm3_name3": null, "adm3_pcode": "SN130101", "adm2_name": "Mbour", "adm2_name1": null, "adm2_name2": null, "adm2_name3": null, "adm2_pcode": "SN1301", "adm1_name": "Thiès", "adm1_name1": null, "adm1_name2": null, "adm1_name3": null, "adm1_pcode": "SN13", "adm0_name": "Sénégal", "adm0_name1": null, "adm0_name2": null, "adm0_name3": null, "adm0_pcode": "SN", "valid_on": "2024-05-20", "valid_to": null, "version": "v02", "lang": "fr", "lang1": null, "lang2": null, "lang3": null }, "geometry": { "type": "Point", "coordinates": [ -16.792459823999934, 14.28551695900012 ] } },
{ "type": "Feature", "properties": { "admin_level": 3, "name": "Sindia", "name1": null, "name2": null, "name3": null, "x_coord": -16.97215449, "y_coord": 14.46835122, "adm4_name": null, "adm4_name1": null, "adm4_name2": null, "adm4_name3": null, "adm4_pcode": null, "adm3_name": "Sindia", "adm3_name1": null, "adm3_name2": null, "adm3_name3": null, "adm3_pcode": "SN130102", "adm2_name": "Mbour", "adm2_name1": null, "adm2_name2": null, "adm2_name3": null, "adm2_pcode": "SN1301", "adm1_name": "Thiès", "adm1_name1": null, "adm1_name2": null, "adm1_name3": null, "adm1_pcode": "SN13", "adm0_name": "Sénégal", "adm0_name1": null, "adm0_name2": null, "adm0_name3": null, "adm0_pcode": "SN", "valid_on": "2024-05-20", "valid_to": null, "version": "v02", "lang": "fr", "lang1": null, "lang2": null, "lang3": null }, "geometry": { "type": "Point", "coordinates": [ -16.97215448999998, 14.468351222000024 ] } },
{ "type": "Feature", "properties": { "admin_level": 3, "name": "Fissel", "name1": null, "name2": null, "name3": null, "x_coord": -16.6631835, "y_coord": 14.56856948, "adm4_name": null, "adm4_name1": null, "adm4_name2": null, "adm4_name3": null, "adm4_pcode": null, "adm3_name": "Fissel", "adm3_name1": null, "adm3_name2": null, "adm3_name3": null, "adm3_pcode": "SN130103", "adm2_name": "Mbour", "adm2_name1": null, "adm2_name2": null, "adm2_name3": null, "adm2_pcode": "SN1301", "adm1_name": "Thiès", "adm1_name1": null, "adm1_name2": null, "adm1_name3": null, "adm1_pcode": "SN13", "adm0_name": "Sénégal", "adm0_name1": null, "adm0_name2": null, "adm0_name3": null, "adm0_pcode": "SN", "valid_on": "2024-05-20", "valid_to": null, "version": "v02", "lang": "fr", "lang1": null, "lang2": null, "lang3": null }, "geometry": { "type": "Point", "coordinates": [ -16.663183497999967, 14.568569476000107 ] } },
{ "type": "Feature", "properties": { "admin_level": 3, "name": "Keur Moussa", "name1": null, "name2": null, "name3": null, "x_coord": -16.93189393, "y_coord": 14.81546783, "adm4_name": null, "adm4_name1": null, "adm4_name2": null, "adm4_name3": null, "adm4_pcode": null, "adm3_name": "Keur Moussa", "adm3_name1": null, "adm3_name2": null, "adm3_name3": null, "adm3_pcode": "SN130201", "adm2_name": "Thiès", "adm2_name1": null, "adm2_name2": null, "adm2_name3": null, "adm2_pcode": "SN1302", "adm1_name": "Thiès", "adm1_name1": null, "adm1_name2": null, "adm1_name3": null, "adm1_pcode": "SN13", "adm0_name": "Sénégal", "adm0_name1": null, "adm0_name2": null, "adm0_name3": null, "adm0_pcode": "SN", "valid_on": "2024-05-20", "valid_to": null, "version": "v02", "lang": "fr", "lang1": null, "lang2": null, "lang3": null }, "geometry": { "type": "Point", "coordinates": [ -16.931893927999909, 14.815467832000081 ] } },
{ "type": "Feature", "properties": { "admin_level": 3, "name": "Thiénaba", "name1": null, "name2": null, "name3": null, "x_coord": -16.72966345, "y_coord": 14.78560061, "adm4_name": null, "adm4_name1": null, "adm4_name2": null, "adm4_name3": null, "adm4_pcode": null, "adm3_name": "Thiénaba", "adm3_name1": null, "adm3_name2": null, "adm3_name3": null, "adm3_pcode": "SN130202", "adm2_name": "Thiès", "adm2_name1": null, "adm2_name2": null, "adm2_name3": null, "adm2_pcode": "SN1302", "adm1_name": "Thiès", "adm1_name1": null, "adm1_name2": null, "adm1_name3": null, "adm1_pcode": "SN13", "adm0_name": "Sénégal", "adm0_name1": null, "adm0_name2": null, "adm0_name3": null, "adm0_pcode": "SN", "valid_on": "2024-05-20", "valid_to": null, "version": "v02", "lang": "fr", "lang1": null, "lang2": null, "lang3": null }, "geometry": { "type": "Point", "coordinates": [ -16.729663449999975, 14.785600615000021 ] } },
{ "type": "Feature", "properties": { "admin_level": 3, "name": "Noto", "name1": null, "name2": null, "name3": null, "x_coord": -16.86668106, "y_coord": 14.6403907, "adm4_name": null, "adm4_name1": null, "adm4_name2": null, "adm4_name3": null, "adm4_pcode": null, "adm3_name": "Noto", "adm3_name1": null, "adm3_name2": null, "adm3_name3": null, "adm3_pcode": "SN130203", "adm2_name": "Thiès", "adm2_name1": null, "adm2_name2": null, "adm2_name3": null, "adm2_pcode": "SN1302", "adm1_name": "Thiès", "adm1_name1": null, "adm1_name2": null, "adm1_name3": null, "adm1_pcode": "SN13", "adm0_name": "Sénégal", "adm0_name1": null, "adm0_name2": null, "adm0_name3": null, "adm0_pcode": "SN", "valid_on": "2024-05-20", "valid_to": null, "version": "v02", "lang": "fr", "lang1": null, "lang2": null, "lang3": null }, "geometry": { "type": "Point", "coordinates": [ -16.866681061999941, 14.640390701000058 ] } },
{ "type": "Feature", "properties": { "admin_level": 3, "name": "Niakhène", "name1": null, "name2": null, "name3": null, "x_coord": -16.2936003, "y_coord": 15.15677978, "adm4_name": null, "adm4_name1": null, "adm4_name2": null, "adm4_name3": null, "adm4_pcode": null, "adm3_name": "Niakhène", "adm3_name1": null, "adm3_name2": null, "adm3_name3": null, "adm3_pcode": "SN130301", "adm2_name": "Tivaouane", "adm2_name1": null, "adm2_name2": null, "adm2_name3": null, "adm2_pcode": "SN1303", "adm1_name": "Thiès", "adm1_name1": null, "adm1_name2": null, "adm1_name3": null, "adm1_pcode": "SN13", "adm0_name": "Sénégal", "adm0_name1": null, "adm0_name2": null, "adm0_name3": null, "adm0_pcode": "SN", "valid_on": "2024-05-20", "valid_to": null, "version": "v02", "lang": "fr", "lang1": null, "lang2": null, "lang3": null }, "geometry": { "type": "Point", "coordinates": [ -16.293600298999877, 15.156779776 ] } },
{ "type": "Feature", "properties": { "admin_level": 3, "name": "Pambal", "name1": null, "name2": null, "name3": null, "x_coord": -16.88580227, "y_coord": 14.94818179, "adm4_name": null, "adm4_name1": null, "adm4_name2": null, "adm4_name3": null, "adm4_pcode": null, "adm3_name": "Pambal", "adm3_name1": null, "adm3_name2": null, "adm3_name3": null, "adm3_pcode": "SN130302", "adm2_name": "Tivaouane", "adm2_name1": null, "adm2_name2": null, "adm2_name3": null, "adm2_pcode": "SN1303", "adm1_name": "Thiès", "adm1_name1": null, "adm1_name2": null, "adm1_name3": null, "adm1_pcode": "SN13", "adm0_name": "Sénégal", "adm0_name1": null, "adm0_name2": null, "adm0_name3": null, "adm0_pcode": "SN", "valid_on": "2024-05-20", "valid_to": null, "version": "v02", "lang": "fr", "lang1": null, "lang2": null, "lang3": null }, "geometry": { "type": "Point", "coordinates": [ -16.885802267999964, 14.948181794000163 ] } },
{ "type": "Feature", "properties": { "admin_level": 3, "name": "Méouane", "name1": null, "name2": null, "name3": null, "x_coord": -16.77541495, "y_coord": 15.15171222, "adm4_name": null, "adm4_name1": null, "adm4_name2": null, "adm4_name3": null, "adm4_pcode": null, "adm3_name": "Méouane", "adm3_name1": null, "adm3_name2": null, "adm3_name3": null, "adm3_pcode": "SN130303", "adm2_name": "Tivaouane", "adm2_name1": null, "adm2_name2": null, "adm2_name3": null, "adm2_pcode": "SN1303", "adm1_name": "Thiès", "adm1_name1": null, "adm1_name2": null, "adm1_name3": null, "adm1_pcode": "SN13", "adm0_name": "Sénégal", "adm0_name1": null, "adm0_name2": null, "adm0_name3": null, "adm0_pcode": "SN", "valid_on": "2024-05-20", "valid_to": null, "version": "v02", "lang": "fr", "lang1": null, "lang2": null, "lang3": null }, "geometry": { "type": "Point", "coordinates": [ -16.775414950999959, 15.151712216000135 ] } },
{ "type": "Feature", "properties": { "admin_level": 3, "name": "Mérina Dakhar", "name1": null, "name2": null, "name3": null, "x_coord": -16.48535018, "y_coord": 15.11662855, "adm4_name": null, "adm4_name1": null, "adm4_name2": null, "adm4_name3": null, "adm4_pcode": null, "adm3_name": "Mérina Dakhar", "adm3_name1": null, "adm3_name2": null, "adm3_name3": null, "adm3_pcode": "SN130304", "adm2_name": "Tivaouane", "adm2_name1": null, "adm2_name2": null, "adm2_name3": null, "adm2_pcode": "SN1303", "adm1_name": "Thiès", "adm1_name1": null, "adm1_name2": null, "adm1_name3": null, "adm1_pcode": "SN13", "adm0_name": "Sénégal", "adm0_name1": null, "adm0_name2": null, "adm0_name3": null, "adm0_pcode": "SN", "valid_on": "2024-05-20", "valid_to": null, "version": "v02", "lang": "fr", "lang1": null, "lang2": null, "lang3": null }, "geometry": { "type": "Point", "coordinates": [ -16.485350180999887, 15.11662855000003 ] } },
{ "type": "Feature", "properties": { "admin_level": 3, "name": "Kataba 1", "name1": null, "name2": null, "name3": null, "x_coord": -16.66871324, "y_coord": 12.86272164, "adm4_name": null, "adm4_name1": null, "adm4_name2": null, "adm4_name3": null, "adm4_pcode": null, "adm3_name": "Kataba 1", "adm3_name1": null, "adm3_name2": null, "adm3_name3": null, "adm3_pcode": "SN140101", "adm2_name": "Bignona", "adm2_name1": null, "adm2_name2": null, "adm2_name3": null, "adm2_pcode": "SN1401", "adm1_name": "Ziguinchor", "adm1_name1": null, "adm1_name2": null, "adm1_name3": null, "adm1_pcode": "SN14", "adm0_name": "Sénégal", "adm0_name1": null, "adm0_name2": null, "adm0_name3": null, "adm0_pcode": "SN", "valid_on": "2024-05-20", "valid_to": null, "version": "v02", "lang": "fr", "lang1": null, "lang2": null, "lang3": null }, "geometry": { "type": "Point", "coordinates": [ -16.6687132429999, 12.862721642000167 ] } },
{ "type": "Feature", "properties": { "admin_level": 3, "name": "Tanghori", "name1": null, "name2": null, "name3": null, "x_coord": -16.16430825, "y_coord": 12.76107604, "adm4_name": null, "adm4_name1": null, "adm4_name2": null, "adm4_name3": null, "adm4_pcode": null, "adm3_name": "Tanghori", "adm3_name1": null, "adm3_name2": null, "adm3_name3": null, "adm3_pcode": "SN140102", "adm2_name": "Bignona", "adm2_name1": null, "adm2_name2": null, "adm2_name3": null, "adm2_pcode": "SN1401", "adm1_name": "Ziguinchor", "adm1_name1": null, "adm1_name2": null, "adm1_name3": null, "adm1_pcode": "SN14", "adm0_name": "Sénégal", "adm0_name1": null, "adm0_name2": null, "adm0_name3": null, "adm0_pcode": "SN", "valid_on": "2024-05-20", "valid_to": null, "version": "v02", "lang": "fr", "lang1": null, "lang2": null, "lang3": null }, "geometry": { "type": "Point", "coordinates": [ -16.164308251999955, 12.761076036000134 ] } },
{ "type": "Feature", "properties": { "admin_level": 3, "name": "Tendouck", "name1": null, "name2": null, "name3": null, "x_coord": -16.4935642, "y_coord": 12.73040266, "adm4_name": null, "adm4_name1": null, "adm4_name2": null, "adm4_name3": null, "adm4_pcode": null, "adm3_name": "Tendouck", "adm3_name1": null, "adm3_name2": null, "adm3_name3": null, "adm3_pcode": "SN140103", "adm2_name": "Bignona", "adm2_name1": null, "adm2_name2": null, "adm2_name3": null, "adm2_pcode": "SN1401", "adm1_name": "Ziguinchor", "adm1_name1": null, "adm1_name2": null, "adm1_name3": null, "adm1_pcode": "SN14", "adm0_name": "Sénégal", "adm0_name1": null, "adm0_name2": null, "adm0_name3": null, "adm0_pcode": "SN", "valid_on": "2024-05-20", "valid_to": null, "version": "v02", "lang": "fr", "lang1": null, "lang2": null, "lang3": null }, "geometry": { "type": "Point", "coordinates": [ -16.493564202999892, 12.730402662000074 ] } },
{ "type": "Feature", "properties": { "admin_level": 3, "name": "Sindian", "name1": null, "name2": null, "name3": null, "x_coord": -16.12723914, "y_coord": 13.00665809, "adm4_name": null, "adm4_name1": null, "adm4_name2": null, "adm4_name3": null, "adm4_pcode": null, "adm3_name": "Sindian", "adm3_name1": null, "adm3_name2": null, "adm3_name3": null, "adm3_pcode": "SN140104", "adm2_name": "Bignona", "adm2_name1": null, "adm2_name2": null, "adm2_name3": null, "adm2_pcode": "SN1401", "adm1_name": "Ziguinchor", "adm1_name1": null, "adm1_name2": null, "adm1_name3": null, "adm1_pcode": "SN14", "adm0_name": "Sénégal", "adm0_name1": null, "adm0_name2": null, "adm0_name3": null, "adm0_pcode": "SN", "valid_on": "2024-05-20", "valid_to": null, "version": "v02", "lang": "fr", "lang1": null, "lang2": null, "lang3": null }, "geometry": { "type": "Point", "coordinates": [ -16.127239141999894, 13.00665808600013 ] } },
{ "type": "Feature", "properties": { "admin_level": 3, "name": "Loudia Wolof", "name1": null, "name2": null, "name3": null, "x_coord": -16.57523512, "y_coord": 12.51005757, "adm4_name": null, "adm4_name1": null, "adm4_name2": null, "adm4_name3": null, "adm4_pcode": null, "adm3_name": "Loudia Wolof", "adm3_name1": null, "adm3_name2": null, "adm3_name3": null, "adm3_pcode": "SN140201", "adm2_name": "Oussouye", "adm2_name1": null, "adm2_name2": null, "adm2_name3": null, "adm2_pcode": "SN1402", "adm1_name": "Ziguinchor", "adm1_name1": null, "adm1_name2": null, "adm1_name3": null, "adm1_pcode": "SN14", "adm0_name": "Sénégal", "adm0_name1": null, "adm0_name2": null, "adm0_name3": null, "adm0_pcode": "SN", "valid_on": "2024-05-20", "valid_to": null, "version": "v02", "lang": "fr", "lang1": null, "lang2": null, "lang3": null }, "geometry": { "type": "Point", "coordinates": [ -16.575235121999924, 12.510057570000129 ] } },
{ "type": "Feature", "properties": { "admin_level": 3, "name": "Cabrousse", "name1": null, "name2": null, "name3": null, "x_coord": -16.7218478, "y_coord": 12.45705853, "adm4_name": null, "adm4_name1": null, "adm4_name2": null, "adm4_name3": null, "adm4_pcode": null, "adm3_name": "Cabrousse", "adm3_name1": null, "adm3_name2": null, "adm3_name3": null, "adm3_pcode": "SN140202", "adm2_name": "Oussouye", "adm2_name1": null, "adm2_name2": null, "adm2_name3": null, "adm2_pcode": "SN1402", "adm1_name": "Ziguinchor", "adm1_name1": null, "adm1_name2": null, "adm1_name3": null, "adm1_pcode": "SN14", "adm0_name": "Sénégal", "adm0_name1": null, "adm0_name2": null, "adm0_name3": null, "adm0_pcode": "SN", "valid_on": "2024-05-20", "valid_to": null, "version": "v02", "lang": "fr", "lang1": null, "lang2": null, "lang3": null }, "geometry": { "type": "Point", "coordinates": [ -16.721847798999875, 12.457058528000061 ] } },
{ "type": "Feature", "properties": { "admin_level": 3, "name": "Niaguis", "name1": null, "name2": null, "name3": null, "x_coord": -16.14199417, "y_coord": 12.55005868, "adm4_name": null, "adm4_name1": null, "adm4_name2": null, "adm4_name3": null, "adm4_pcode": null, "adm3_name": "Niaguis", "adm3_name1": null, "adm3_name2": null, "adm3_name3": null, "adm3_pcode": "SN140301", "adm2_name": "Ziguinchor", "adm2_name1": null, "adm2_name2": null, "adm2_name3": null, "adm2_pcode": "SN1403", "adm1_name": "Ziguinchor", "adm1_name1": null, "adm1_name2": null, "adm1_name3": null, "adm1_pcode": "SN14", "adm0_name": "Sénégal", "adm0_name1": null, "adm0_name2": null, "adm0_name3": null, "adm0_pcode": "SN", "valid_on": "2024-05-20", "valid_to": null, "version": "v02", "lang": "fr", "lang1": null, "lang2": null, "lang3": null }, "geometry": { "type": "Point", "coordinates": [ -16.141994171999954, 12.550058676000106 ] } },
{ "type": "Feature", "properties": { "admin_level": 3, "name": "Niassia", "name1": null, "name2": null, "name3": null, "x_coord": -16.3582611, "y_coord": 12.49073116, "adm4_name": null, "adm4_name1": null, "adm4_name2": null, "adm4_name3": null, "adm4_pcode": null, "adm3_name": "Niassia", "adm3_name1": null, "adm3_name2": null, "adm3_name3": null, "adm3_pcode": "SN140302", "adm2_name": "Ziguinchor", "adm2_name1": null, "adm2_name2": null, "adm2_name3": null, "adm2_pcode": "SN1403", "adm1_name": "Ziguinchor", "adm1_name1": null, "adm1_name2": null, "adm1_name3": null, "adm1_pcode": "SN14", "adm0_name": "Sénégal", "adm0_name1": null, "adm0_name2": null, "adm0_name3": null, "adm0_pcode": "SN", "valid_on": "2024-05-20", "valid_to": null, "version": "v02", "lang": "fr", "lang1": null, "lang2": null, "lang3": null }, "geometry": { "type": "Point", "coordinates": [ -16.358261096999968, 12.490731159 ] } }
]
}
