DATAFLOW;FREQ;REF_AREA;INDIC_PROJ_POP_2050;TIME_PERIOD;OBS_VALUE;UNIT;OBS_STATUS;COMMENT_OBS;COMMENT_TS;COMMENT_DS;SOURCE
SN1:DF_PROJ_POP_2050_COM(1.0);A10;SN-DB-BA1-1;PROJ_POP_2050_COM;2023;37374;NBR;;;;;ANSD
SN1:DF_PROJ_POP_2050_COM(1.0);A10;SN-DB-BA1-1;PROJ_POP_2050_COM;2024;38505;NBR;;;;;ANSD
SN1:DF_PROJ_POP_2050_COM(1.0);A10;SN-DB-BA1-1;PROJ_POP_2050_COM;2025;39673;NBR;;;;;ANSD
SN1:DF_PROJ_POP_2050_COM(1.0);A10;SN-DB-BA1-1;PROJ_POP_2050_COM;2026;40880;NBR;;;;;ANSD
SN1:DF_PROJ_POP_2050_COM(1.0);A10;SN-DB-BA1-1;PROJ_POP_2050_COM;2027;42129;NBR;;;;;ANSD
SN1:DF_PROJ_POP_2050_COM(1.0);A10;SN-DB-BA1-1;PROJ_POP_2050_COM;2028;43419;NBR;;;;;ANSD
SN1:DF_PROJ_POP_2050_COM(1.0);A10;SN-DB-BA1-1;PROJ_POP_2050_COM;2029;44751;NBR;;;;;ANSD
SN1:DF_PROJ_POP_2050_COM(1.0);A10;SN-DB-BA1-1;PROJ_POP_2050_COM;2030;46123;NBR;;;;;ANSD
SN1:DF_PROJ_POP_2050_COM(1.0);A10;SN-DB-BA2-1;PROJ_POP_2050_COM;2023;18305;NBR;;;;;ANSD
SN1:DF_PROJ_POP_2050_COM(1.0);A10;SN-DB-BA2-1;PROJ_POP_2050_COM;2024;18859;NBR;;;;;ANSD
SN1:DF_PROJ_POP_2050_COM(1.0);A10;SN-DB-BA2-1;PROJ_POP_2050_COM;2025;19431;NBR;;;;;ANSD
SN1:DF_PROJ_POP_2050_COM(1.0);A10;SN-DB-BA2-1;PROJ_POP_2050_COM;2026;20022;NBR;;;;;ANSD
SN1:DF_PROJ_POP_2050_COM(1.0);A10;SN-DB-BA2-1;PROJ_POP_2050_COM;2027;20634;NBR;;;;;ANSD
SN1:DF_PROJ_POP_2050_COM(1.0);A10;SN-DB-BA2-1;PROJ_POP_2050_COM;2028;21266;NBR;;;;;ANSD
SN1:DF_PROJ_POP_2050_COM(1.0);A10;SN-DB-BA2-1;PROJ_POP_2050_COM;2029;21918;NBR;;;;;ANSD
SN1:DF_PROJ_POP_2050_COM(1.0);A10;SN-DB-BA2-1;PROJ_POP_2050_COM;2030;22590;NBR;;;;;ANSD
SN1:DF_PROJ_POP_2050_COM(1.0);A10;SN-DB-BA2-2;PROJ_POP_2050_COM;2023;11881;NBR;;;;;ANSD
SN1:DF_PROJ_POP_2050_COM(1.0);A10;SN-DB-BA2-2;PROJ_POP_2050_COM;2024;12240;NBR;;;;;ANSD
SN1:DF_PROJ_POP_2050_COM(1.0);A10;SN-DB-BA2-2;PROJ_POP_2050_COM;2025;12612;NBR;;;;;ANSD
SN1:DF_PROJ_POP_2050_COM(1.0);A10;SN-DB-BA2-2;PROJ_POP_2050_COM;2026;12996;NBR;;;;;ANSD
SN1:DF_PROJ_POP_2050_COM(1.0);A10;SN-DB-BA2-2;PROJ_POP_2050_COM;2027;13393;NBR;;;;;ANSD
SN1:DF_PROJ_POP_2050_COM(1.0);A10;SN-DB-BA2-2;PROJ_POP_2050_COM;2028;13803;NBR;;;;;ANSD
SN1:DF_PROJ_POP_2050_COM(1.0);A10;SN-DB-BA2-2;PROJ_POP_2050_COM;2029;14226;NBR;;;;;ANSD
SN1:DF_PROJ_POP_2050_COM(1.0);A10;SN-DB-BA2-2;PROJ_POP_2050_COM;2030;14662;NBR;;;;;ANSD
SN1:DF_PROJ_POP_2050_COM(1.0);A10;SN-DB-BA2-3;PROJ_POP_2050_COM;2023;21036;NBR;;;;;ANSD
SN1:DF_PROJ_POP_2050_COM(1.0);A10;SN-DB-BA2-3;PROJ_POP_2050_COM;2024;21672;NBR;;;;;ANSD
SN1:DF_PROJ_POP_2050_COM(1.0);A10;SN-DB-BA2-3;PROJ_POP_2050_COM;2025;22330;NBR;;;;;ANSD
SN1:DF_PROJ_POP_2050_COM(1.0);A10;SN-DB-BA2-3;PROJ_POP_2050_COM;2026;23010;NBR;;;;;ANSD
SN1:DF_PROJ_POP_2050_COM(1.0);A10;SN-DB-BA2-3;PROJ_POP_2050_COM;2027;23712;NBR;;;;;ANSD
SN1:DF_PROJ_POP_2050_COM(1.0);A10;SN-DB-BA2-3;PROJ_POP_2050_COM;2028;24439;NBR;;;;;ANSD
SN1:DF_PROJ_POP_2050_COM(1.0);A10;SN-DB-BA2-3;PROJ_POP_2050_COM;2029;25188;NBR;;;;;ANSD
SN1:DF_PROJ_POP_2050_COM(1.0);A10;SN-DB-BA2-3;PROJ_POP_2050_COM;2030;25961;NBR;;;;;ANSD
SN1:DF_PROJ_POP_2050_COM(1.0);A10;SN-DB-BA3-1;PROJ_POP_2050_COM;2023;19907;NBR;;;;;ANSD
SN1:DF_PROJ_POP_2050_COM(1.0);A10;SN-DB-BA3-1;PROJ_POP_2050_COM;2024;20509;NBR;;;;;ANSD
SN1:DF_PROJ_POP_2050_COM(1.0);A10;SN-DB-BA3-1;PROJ_POP_2050_COM;2025;21131;NBR;;;;;ANSD
SN1:DF_PROJ_POP_2050_COM(1.0);A10;SN-DB-BA3-1;PROJ_POP_2050_COM;2026;21775;NBR;;;;;ANSD
SN1:DF_PROJ_POP_2050_COM(1.0);A10;SN-DB-BA3-1;PROJ_POP_2050_COM;2027;22440;NBR;;;;;ANSD
SN1:DF_PROJ_POP_2050_COM(1.0);A10;SN-DB-BA3-1;PROJ_POP_2050_COM;2028;23127;NBR;;;;;ANSD
SN1:DF_PROJ_POP_2050_COM(1.0);A10;SN-DB-BA3-1;PROJ_POP_2050_COM;2029;23836;NBR;;;;;ANSD
SN1:DF_PROJ_POP_2050_COM(1.0);A10;SN-DB-BA3-1;PROJ_POP_2050_COM;2030;24567;NBR;;;;;ANSD
SN1:DF_PROJ_POP_2050_COM(1.0);A10;SN-DB-BA3-2;PROJ_POP_2050_COM;2023;30486;NBR;;;;;ANSD
SN1:DF_PROJ_POP_2050_COM(1.0);A10;SN-DB-BA3-2;PROJ_POP_2050_COM;2024;31408;NBR;;;;;ANSD
SN1:DF_PROJ_POP_2050_COM(1.0);A10;SN-DB-BA3-2;PROJ_POP_2050_COM;2025;32361;NBR;;;;;ANSD
SN1:DF_PROJ_POP_2050_COM(1.0);A10;SN-DB-BA3-2;PROJ_POP_2050_COM;2026;33346;NBR;;;;;ANSD
SN1:DF_PROJ_POP_2050_COM(1.0);A10;SN-DB-BA3-2;PROJ_POP_2050_COM;2027;34365;NBR;;;;;ANSD
SN1:DF_PROJ_POP_2050_COM(1.0);A10;SN-DB-BA3-2;PROJ_POP_2050_COM;2028;35417;NBR;;;;;ANSD
SN1:DF_PROJ_POP_2050_COM(1.0);A10;SN-DB-BA3-2;PROJ_POP_2050_COM;2029;36503;NBR;;;;;ANSD
SN1:DF_PROJ_POP_2050_COM(1.0);A10;SN-DB-BA3-2;PROJ_POP_2050_COM;2030;37623;NBR;;;;;ANSD
SN1:DF_PROJ_POP_2050_COM(1.0);A10;SN-DB-BA3-3;PROJ_POP_2050_COM;2023;40948;NBR;;;;;ANSD
SN1:DF_PROJ_POP_2050_COM(1.0);A10;SN-DB-BA3-3;PROJ_POP_2050_COM;2024;42187;NBR;;;;;ANSD
SN1:DF_PROJ_POP_2050_COM(1.0);A10;SN-DB-BA3-3;PROJ_POP_2050_COM;2025;43466;NBR;;;;;ANSD
SN1:DF_PROJ_POP_2050_COM(1.0);A10;SN-DB-BA3-3;PROJ_POP_2050_COM;2026;44790;NBR;;;;;ANSD
SN1:DF_PROJ_POP_2050_COM(1.0);A10;SN-DB-BA3-3;PROJ_POP_2050_COM;2027;46158;NBR;;;;;ANSD
SN1:DF_PROJ_POP_2050_COM(1.0);A10;SN-DB-BA3-3;PROJ_POP_2050_COM;2028;47571;NBR;;;;;ANSD
SN1:DF_PROJ_POP_2050_COM(1.0);A10;SN-DB-BA3-3;PROJ_POP_2050_COM;2029;49030;NBR;;;;;ANSD
SN1:DF_PROJ_POP_2050_COM(1.0);A10;SN-DB-BA3-3;PROJ_POP_2050_COM;2030;50534;NBR;;;;;ANSD
SN1:DF_PROJ_POP_2050_COM(1.0);A10;SN-DB-BA3-4;PROJ_POP_2050_COM;2023;39955;NBR;;;;;ANSD
SN1:DF_PROJ_POP_2050_COM(1.0);A10;SN-DB-BA3-4;PROJ_POP_2050_COM;2024;41164;NBR;;;;;ANSD
SN1:DF_PROJ_POP_2050_COM(1.0);A10;SN-DB-BA3-4;PROJ_POP_2050_COM;2025;42412;NBR;;;;;ANSD
SN1:DF_PROJ_POP_2050_COM(1.0);A10;SN-DB-BA3-4;PROJ_POP_2050_COM;2026;43704;NBR;;;;;ANSD
SN1:DF_PROJ_POP_2050_COM(1.0);A10;SN-DB-BA3-4;PROJ_POP_2050_COM;2027;45039;NBR;;;;;ANSD
SN1:DF_PROJ_POP_2050_COM(1.0);A10;SN-DB-BA3-4;PROJ_POP_2050_COM;2028;46418;NBR;;;;;ANSD
SN1:DF_PROJ_POP_2050_COM(1.0);A10;SN-DB-BA3-4;PROJ_POP_2050_COM;2029;47841;NBR;;;;;ANSD
SN1:DF_PROJ_POP_2050_COM(1.0);A10;SN-DB-BA3-4;PROJ_POP_2050_COM;2030;49309;NBR;;;;;ANSD
SN1:DF_PROJ_POP_2050_COM(1.0);A10;SN-DB-BA4-1;PROJ_POP_2050_COM;2023;44398;NBR;;;;;ANSD
SN1:DF_PROJ_POP_2050_COM(1.0);A10;SN-DB-BA4-1;PROJ_POP_2050_COM;2024;45741;NBR;;;;;ANSD
SN1:DF_PROJ_POP_2050_COM(1.0);A10;SN-DB-BA4-1;PROJ_POP_2050_COM;2025;47129;NBR;;;;;ANSD
SN1:DF_PROJ_POP_2050_COM(1.0);A10;SN-DB-BA4-1;PROJ_POP_2050_COM;2026;48563;NBR;;;;;ANSD
SN1:DF_PROJ_POP_2050_COM(1.0);A10;SN-DB-BA4-1;PROJ_POP_2050_COM;2027;50047;NBR;;;;;ANSD
SN1:DF_PROJ_POP_2050_COM(1.0);A10;SN-DB-BA4-1;PROJ_POP_2050_COM;2028;51579;NBR;;;;;ANSD
SN1:DF_PROJ_POP_2050_COM(1.0);A10;SN-DB-BA4-1;PROJ_POP_2050_COM;2029;53161;NBR;;;;;ANSD
SN1:DF_PROJ_POP_2050_COM(1.0);A10;SN-DB-BA4-1;PROJ_POP_2050_COM;2030;54792;NBR;;;;;ANSD
SN1:DF_PROJ_POP_2050_COM(1.0);A10;SN-DB-BA4-2;PROJ_POP_2050_COM;2023;25843;NBR;;;;;ANSD
SN1:DF_PROJ_POP_2050_COM(1.0);A10;SN-DB-BA4-2;PROJ_POP_2050_COM;2024;26625;NBR;;;;;ANSD
SN1:DF_PROJ_POP_2050_COM(1.0);A10;SN-DB-BA4-2;PROJ_POP_2050_COM;2025;27432;NBR;;;;;ANSD
SN1:DF_PROJ_POP_2050_COM(1.0);A10;SN-DB-BA4-2;PROJ_POP_2050_COM;2026;28268;NBR;;;;;ANSD
SN1:DF_PROJ_POP_2050_COM(1.0);A10;SN-DB-BA4-2;PROJ_POP_2050_COM;2027;29131;NBR;;;;;ANSD
SN1:DF_PROJ_POP_2050_COM(1.0);A10;SN-DB-BA4-2;PROJ_POP_2050_COM;2028;30023;NBR;;;;;ANSD
SN1:DF_PROJ_POP_2050_COM(1.0);A10;SN-DB-BA4-2;PROJ_POP_2050_COM;2029;30944;NBR;;;;;ANSD
SN1:DF_PROJ_POP_2050_COM(1.0);A10;SN-DB-BA4-2;PROJ_POP_2050_COM;2030;31893;NBR;;;;;ANSD
SN1:DF_PROJ_POP_2050_COM(1.0);A10;SN-DB-BA4-3;PROJ_POP_2050_COM;2023;54238;NBR;;;;;ANSD
SN1:DF_PROJ_POP_2050_COM(1.0);A10;SN-DB-BA4-3;PROJ_POP_2050_COM;2024;55879;NBR;;;;;ANSD
SN1:DF_PROJ_POP_2050_COM(1.0);A10;SN-DB-BA4-3;PROJ_POP_2050_COM;2025;57574;NBR;;;;;ANSD
SN1:DF_PROJ_POP_2050_COM(1.0);A10;SN-DB-BA4-3;PROJ_POP_2050_COM;2026;59327;NBR;;;;;ANSD
SN1:DF_PROJ_POP_2050_COM(1.0);A10;SN-DB-BA4-3;PROJ_POP_2050_COM;2027;61139;NBR;;;;;ANSD
SN1:DF_PROJ_POP_2050_COM(1.0);A10;SN-DB-BA4-3;PROJ_POP_2050_COM;2028;63011;NBR;;;;;ANSD
SN1:DF_PROJ_POP_2050_COM(1.0);A10;SN-DB-BA4-3;PROJ_POP_2050_COM;2029;64943;NBR;;;;;ANSD
SN1:DF_PROJ_POP_2050_COM(1.0);A10;SN-DB-BA4-3;PROJ_POP_2050_COM;2030;66935;NBR;;;;;ANSD
SN1:DF_PROJ_POP_2050_COM(1.0);A10;SN-DB-BA4-4;PROJ_POP_2050_COM;2023;32096;NBR;;;;;ANSD
SN1:DF_PROJ_POP_2050_COM(1.0);A10;SN-DB-BA4-4;PROJ_POP_2050_COM;2024;33067;NBR;;;;;ANSD
SN1:DF_PROJ_POP_2050_COM(1.0);A10;SN-DB-BA4-4;PROJ_POP_2050_COM;2025;34070;NBR;;;;;ANSD
SN1:DF_PROJ_POP_2050_COM(1.0);A10;SN-DB-BA4-4;PROJ_POP_2050_COM;2026;35107;NBR;;;;;ANSD
SN1:DF_PROJ_POP_2050_COM(1.0);A10;SN-DB-BA4-4;PROJ_POP_2050_COM;2027;36180;NBR;;;;;ANSD
SN1:DF_PROJ_POP_2050_COM(1.0);A10;SN-DB-BA4-4;PROJ_POP_2050_COM;2028;37287;NBR;;;;;ANSD
SN1:DF_PROJ_POP_2050_COM(1.0);A10;SN-DB-BA4-4;PROJ_POP_2050_COM;2029;38431;NBR;;;;;ANSD
SN1:DF_PROJ_POP_2050_COM(1.0);A10;SN-DB-BA4-4;PROJ_POP_2050_COM;2030;39610;NBR;;;;;ANSD
SN1:DF_PROJ_POP_2050_COM(1.0);A10;SN-DB-DD1-1;PROJ_POP_2050_COM;2023;157554;NBR;;;;;ANSD
SN1:DF_PROJ_POP_2050_COM(1.0);A10;SN-DB-DD1-1;PROJ_POP_2050_COM;2024;162321;NBR;;;;;ANSD
SN1:DF_PROJ_POP_2050_COM(1.0);A10;SN-DB-DD1-1;PROJ_POP_2050_COM;2025;167244;NBR;;;;;ANSD
SN1:DF_PROJ_POP_2050_COM(1.0);A10;SN-DB-DD1-1;PROJ_POP_2050_COM;2026;172336;NBR;;;;;ANSD
SN1:DF_PROJ_POP_2050_COM(1.0);A10;SN-DB-DD1-1;PROJ_POP_2050_COM;2027;177600;NBR;;;;;ANSD
SN1:DF_PROJ_POP_2050_COM(1.0);A10;SN-DB-DD1-1;PROJ_POP_2050_COM;2028;183038;NBR;;;;;ANSD
SN1:DF_PROJ_POP_2050_COM(1.0);A10;SN-DB-DD1-1;PROJ_POP_2050_COM;2029;188651;NBR;;;;;ANSD
SN1:DF_PROJ_POP_2050_COM(1.0);A10;SN-DB-DD1-1;PROJ_POP_2050_COM;2030;194438;NBR;;;;;ANSD
SN1:DF_PROJ_POP_2050_COM(1.0);A10;SN-DB-DD2-1;PROJ_POP_2050_COM;2023;12410;NBR;;;;;ANSD
SN1:DF_PROJ_POP_2050_COM(1.0);A10;SN-DB-DD2-1;PROJ_POP_2050_COM;2024;12785;NBR;;;;;ANSD
SN1:DF_PROJ_POP_2050_COM(1.0);A10;SN-DB-DD2-1;PROJ_POP_2050_COM;2025;13173;NBR;;;;;ANSD
SN1:DF_PROJ_POP_2050_COM(1.0);A10;SN-DB-DD2-1;PROJ_POP_2050_COM;2026;13574;NBR;;;;;ANSD
SN1:DF_PROJ_POP_2050_COM(1.0);A10;SN-DB-DD2-1;PROJ_POP_2050_COM;2027;13989;NBR;;;;;ANSD
SN1:DF_PROJ_POP_2050_COM(1.0);A10;SN-DB-DD2-1;PROJ_POP_2050_COM;2028;14417;NBR;;;;;ANSD
SN1:DF_PROJ_POP_2050_COM(1.0);A10;SN-DB-DD2-1;PROJ_POP_2050_COM;2029;14859;NBR;;;;;ANSD
SN1:DF_PROJ_POP_2050_COM(1.0);A10;SN-DB-DD2-1;PROJ_POP_2050_COM;2030;15315;NBR;;;;;ANSD
SN1:DF_PROJ_POP_2050_COM(1.0);A10;SN-DB-DD2-2;PROJ_POP_2050_COM;2023;4521;NBR;;;;;ANSD
SN1:DF_PROJ_POP_2050_COM(1.0);A10;SN-DB-DD2-2;PROJ_POP_2050_COM;2024;4658;NBR;;;;;ANSD
SN1:DF_PROJ_POP_2050_COM(1.0);A10;SN-DB-DD2-2;PROJ_POP_2050_COM;2025;4799;NBR;;;;;ANSD
SN1:DF_PROJ_POP_2050_COM(1.0);A10;SN-DB-DD2-2;PROJ_POP_2050_COM;2026;4945;NBR;;;;;ANSD
SN1:DF_PROJ_POP_2050_COM(1.0);A10;SN-DB-DD2-2;PROJ_POP_2050_COM;2027;5096;NBR;;;;;ANSD
SN1:DF_PROJ_POP_2050_COM(1.0);A10;SN-DB-DD2-2;PROJ_POP_2050_COM;2028;5252;NBR;;;;;ANSD
SN1:DF_PROJ_POP_2050_COM(1.0);A10;SN-DB-DD2-2;PROJ_POP_2050_COM;2029;5413;NBR;;;;;ANSD
SN1:DF_PROJ_POP_2050_COM(1.0);A10;SN-DB-DD2-2;PROJ_POP_2050_COM;2030;5579;NBR;;;;;ANSD
SN1:DF_PROJ_POP_2050_COM(1.0);A10;SN-DB-DD2-3;PROJ_POP_2050_COM;2023;17326;NBR;;;;;ANSD
SN1:DF_PROJ_POP_2050_COM(1.0);A10;SN-DB-DD2-3;PROJ_POP_2050_COM;2024;17850;NBR;;;;;ANSD
SN1:DF_PROJ_POP_2050_COM(1.0);A10;SN-DB-DD2-3;PROJ_POP_2050_COM;2025;18392;NBR;;;;;ANSD
SN1:DF_PROJ_POP_2050_COM(1.0);A10;SN-DB-DD2-3;PROJ_POP_2050_COM;2026;18952;NBR;;;;;ANSD
SN1:DF_PROJ_POP_2050_COM(1.0);A10;SN-DB-DD2-3;PROJ_POP_2050_COM;2027;19530;NBR;;;;;ANSD
SN1:DF_PROJ_POP_2050_COM(1.0);A10;SN-DB-DD2-3;PROJ_POP_2050_COM;2028;20128;NBR;;;;;ANSD
SN1:DF_PROJ_POP_2050_COM(1.0);A10;SN-DB-DD2-3;PROJ_POP_2050_COM;2029;20746;NBR;;;;;ANSD
SN1:DF_PROJ_POP_2050_COM(1.0);A10;SN-DB-DD2-3;PROJ_POP_2050_COM;2030;21382;NBR;;;;;ANSD
SN1:DF_PROJ_POP_2050_COM(1.0);A10;SN-DB-DD2-4;PROJ_POP_2050_COM;2023;9760;NBR;;;;;ANSD
SN1:DF_PROJ_POP_2050_COM(1.0);A10;SN-DB-DD2-4;PROJ_POP_2050_COM;2024;10055;NBR;;;;;ANSD
SN1:DF_PROJ_POP_2050_COM(1.0);A10;SN-DB-DD2-4;PROJ_POP_2050_COM;2025;10360;NBR;;;;;ANSD
SN1:DF_PROJ_POP_2050_COM(1.0);A10;SN-DB-DD2-4;PROJ_POP_2050_COM;2026;10676;NBR;;;;;ANSD
SN1:DF_PROJ_POP_2050_COM(1.0);A10;SN-DB-DD2-4;PROJ_POP_2050_COM;2027;11002;NBR;;;;;ANSD
SN1:DF_PROJ_POP_2050_COM(1.0);A10;SN-DB-DD2-4;PROJ_POP_2050_COM;2028;11339;NBR;;;;;ANSD
SN1:DF_PROJ_POP_2050_COM(1.0);A10;SN-DB-DD2-4;PROJ_POP_2050_COM;2029;11686;NBR;;;;;ANSD
SN1:DF_PROJ_POP_2050_COM(1.0);A10;SN-DB-DD2-4;PROJ_POP_2050_COM;2030;12045;NBR;;;;;ANSD
SN1:DF_PROJ_POP_2050_COM(1.0);A10;SN-DB-DD2-5;PROJ_POP_2050_COM;2023;13890;NBR;;;;;ANSD
SN1:DF_PROJ_POP_2050_COM(1.0);A10;SN-DB-DD2-5;PROJ_POP_2050_COM;2024;14310;NBR;;;;;ANSD
SN1:DF_PROJ_POP_2050_COM(1.0);A10;SN-DB-DD2-5;PROJ_POP_2050_COM;2025;14744;NBR;;;;;ANSD
SN1:DF_PROJ_POP_2050_COM(1.0);A10;SN-DB-DD2-5;PROJ_POP_2050_COM;2026;15193;NBR;;;;;ANSD
SN1:DF_PROJ_POP_2050_COM(1.0);A10;SN-DB-DD2-5;PROJ_POP_2050_COM;2027;15657;NBR;;;;;ANSD
SN1:DF_PROJ_POP_2050_COM(1.0);A10;SN-DB-DD2-5;PROJ_POP_2050_COM;2028;16137;NBR;;;;;ANSD
SN1:DF_PROJ_POP_2050_COM(1.0);A10;SN-DB-DD2-5;PROJ_POP_2050_COM;2029;16631;NBR;;;;;ANSD
SN1:DF_PROJ_POP_2050_COM(1.0);A10;SN-DB-DD2-5;PROJ_POP_2050_COM;2030;17142;NBR;;;;;ANSD
SN1:DF_PROJ_POP_2050_COM(1.0);A10;SN-DB-DD2-6;PROJ_POP_2050_COM;2023;5127;NBR;;;;;ANSD
SN1:DF_PROJ_POP_2050_COM(1.0);A10;SN-DB-DD2-6;PROJ_POP_2050_COM;2024;5282;NBR;;;;;ANSD
SN1:DF_PROJ_POP_2050_COM(1.0);A10;SN-DB-DD2-6;PROJ_POP_2050_COM;2025;5442;NBR;;;;;ANSD
SN1:DF_PROJ_POP_2050_COM(1.0);A10;SN-DB-DD2-6;PROJ_POP_2050_COM;2026;5608;NBR;;;;;ANSD
SN1:DF_PROJ_POP_2050_COM(1.0);A10;SN-DB-DD2-6;PROJ_POP_2050_COM;2027;5779;NBR;;;;;ANSD
SN1:DF_PROJ_POP_2050_COM(1.0);A10;SN-DB-DD2-6;PROJ_POP_2050_COM;2028;5956;NBR;;;;;ANSD
SN1:DF_PROJ_POP_2050_COM(1.0);A10;SN-DB-DD2-6;PROJ_POP_2050_COM;2029;6139;NBR;;;;;ANSD
SN1:DF_PROJ_POP_2050_COM(1.0);A10;SN-DB-DD2-6;PROJ_POP_2050_COM;2030;6327;NBR;;;;;ANSD
SN1:DF_PROJ_POP_2050_COM(1.0);A10;SN-DB-DD3-1;PROJ_POP_2050_COM;2023;14820;NBR;;;;;ANSD
SN1:DF_PROJ_POP_2050_COM(1.0);A10;SN-DB-DD3-1;PROJ_POP_2050_COM;2024;15268;NBR;;;;;ANSD
SN1:DF_PROJ_POP_2050_COM(1.0);A10;SN-DB-DD3-1;PROJ_POP_2050_COM;2025;15731;NBR;;;;;ANSD
SN1:DF_PROJ_POP_2050_COM(1.0);A10;SN-DB-DD3-1;PROJ_POP_2050_COM;2026;16210;NBR;;;;;ANSD
SN1:DF_PROJ_POP_2050_COM(1.0);A10;SN-DB-DD3-1;PROJ_POP_2050_COM;2027;16706;NBR;;;;;ANSD
SN1:DF_PROJ_POP_2050_COM(1.0);A10;SN-DB-DD3-1;PROJ_POP_2050_COM;2028;17217;NBR;;;;;ANSD
SN1:DF_PROJ_POP_2050_COM(1.0);A10;SN-DB-DD3-1;PROJ_POP_2050_COM;2029;17745;NBR;;;;;ANSD
SN1:DF_PROJ_POP_2050_COM(1.0);A10;SN-DB-DD3-1;PROJ_POP_2050_COM;2030;18289;NBR;;;;;ANSD
SN1:DF_PROJ_POP_2050_COM(1.0);A10;SN-DB-DD3-2;PROJ_POP_2050_COM;2023;40758;NBR;;;;;ANSD
SN1:DF_PROJ_POP_2050_COM(1.0);A10;SN-DB-DD3-2;PROJ_POP_2050_COM;2024;41991;NBR;;;;;ANSD
SN1:DF_PROJ_POP_2050_COM(1.0);A10;SN-DB-DD3-2;PROJ_POP_2050_COM;2025;43265;NBR;;;;;ANSD
SN1:DF_PROJ_POP_2050_COM(1.0);A10;SN-DB-DD3-2;PROJ_POP_2050_COM;2026;44582;NBR;;;;;ANSD
SN1:DF_PROJ_POP_2050_COM(1.0);A10;SN-DB-DD3-2;PROJ_POP_2050_COM;2027;45944;NBR;;;;;ANSD
SN1:DF_PROJ_POP_2050_COM(1.0);A10;SN-DB-DD3-2;PROJ_POP_2050_COM;2028;47350;NBR;;;;;ANSD
SN1:DF_PROJ_POP_2050_COM(1.0);A10;SN-DB-DD3-2;PROJ_POP_2050_COM;2029;48802;NBR;;;;;ANSD
SN1:DF_PROJ_POP_2050_COM(1.0);A10;SN-DB-DD3-2;PROJ_POP_2050_COM;2030;50300;NBR;;;;;ANSD
SN1:DF_PROJ_POP_2050_COM(1.0);A10;SN-DB-DD3-3;PROJ_POP_2050_COM;2023;26656;NBR;;;;;ANSD
SN1:DF_PROJ_POP_2050_COM(1.0);A10;SN-DB-DD3-3;PROJ_POP_2050_COM;2024;27463;NBR;;;;;ANSD
SN1:DF_PROJ_POP_2050_COM(1.0);A10;SN-DB-DD3-3;PROJ_POP_2050_COM;2025;28295;NBR;;;;;ANSD
SN1:DF_PROJ_POP_2050_COM(1.0);A10;SN-DB-DD3-3;PROJ_POP_2050_COM;2026;29157;NBR;;;;;ANSD
SN1:DF_PROJ_POP_2050_COM(1.0);A10;SN-DB-DD3-3;PROJ_POP_2050_COM;2027;30047;NBR;;;;;ANSD
SN1:DF_PROJ_POP_2050_COM(1.0);A10;SN-DB-DD3-3;PROJ_POP_2050_COM;2028;30968;NBR;;;;;ANSD
SN1:DF_PROJ_POP_2050_COM(1.0);A10;SN-DB-DD3-3;PROJ_POP_2050_COM;2029;31917;NBR;;;;;ANSD
SN1:DF_PROJ_POP_2050_COM(1.0);A10;SN-DB-DD3-3;PROJ_POP_2050_COM;2030;32896;NBR;;;;;ANSD
SN1:DF_PROJ_POP_2050_COM(1.0);A10;SN-DB-DD3-4;PROJ_POP_2050_COM;2023;24821;NBR;;;;;ANSD
SN1:DF_PROJ_POP_2050_COM(1.0);A10;SN-DB-DD3-4;PROJ_POP_2050_COM;2024;25572;NBR;;;;;ANSD
SN1:DF_PROJ_POP_2050_COM(1.0);A10;SN-DB-DD3-4;PROJ_POP_2050_COM;2025;26348;NBR;;;;;ANSD
SN1:DF_PROJ_POP_2050_COM(1.0);A10;SN-DB-DD3-4;PROJ_POP_2050_COM;2026;27150;NBR;;;;;ANSD
SN1:DF_PROJ_POP_2050_COM(1.0);A10;SN-DB-DD3-4;PROJ_POP_2050_COM;2027;27979;NBR;;;;;ANSD
SN1:DF_PROJ_POP_2050_COM(1.0);A10;SN-DB-DD3-4;PROJ_POP_2050_COM;2028;28836;NBR;;;;;ANSD
SN1:DF_PROJ_POP_2050_COM(1.0);A10;SN-DB-DD3-4;PROJ_POP_2050_COM;2029;29720;NBR;;;;;ANSD
SN1:DF_PROJ_POP_2050_COM(1.0);A10;SN-DB-DD3-4;PROJ_POP_2050_COM;2030;30632;NBR;;;;;ANSD
SN1:DF_PROJ_POP_2050_COM(1.0);A10;SN-DB-DD3-5;PROJ_POP_2050_COM;2023;16466;NBR;;;;;ANSD
SN1:DF_PROJ_POP_2050_COM(1.0);A10;SN-DB-DD3-5;PROJ_POP_2050_COM;2024;16964;NBR;;;;;ANSD
SN1:DF_PROJ_POP_2050_COM(1.0);A10;SN-DB-DD3-5;PROJ_POP_2050_COM;2025;17479;NBR;;;;;ANSD
SN1:DF_PROJ_POP_2050_COM(1.0);A10;SN-DB-DD3-5;PROJ_POP_2050_COM;2026;18011;NBR;;;;;ANSD
SN1:DF_PROJ_POP_2050_COM(1.0);A10;SN-DB-DD3-5;PROJ_POP_2050_COM;2027;18561;NBR;;;;;ANSD
SN1:DF_PROJ_POP_2050_COM(1.0);A10;SN-DB-DD3-5;PROJ_POP_2050_COM;2028;19129;NBR;;;;;ANSD
SN1:DF_PROJ_POP_2050_COM(1.0);A10;SN-DB-DD3-5;PROJ_POP_2050_COM;2029;19716;NBR;;;;;ANSD
SN1:DF_PROJ_POP_2050_COM(1.0);A10;SN-DB-DD3-5;PROJ_POP_2050_COM;2030;20321;NBR;;;;;ANSD
SN1:DF_PROJ_POP_2050_COM(1.0);A10;SN-DB-MB1-1;PROJ_POP_2050_COM;2023;101451;NBR;;;;;ANSD
SN1:DF_PROJ_POP_2050_COM(1.0);A10;SN-DB-MB1-1;PROJ_POP_2050_COM;2024;104521;NBR;;;;;ANSD
SN1:DF_PROJ_POP_2050_COM(1.0);A10;SN-DB-MB1-1;PROJ_POP_2050_COM;2025;107691;NBR;;;;;ANSD
SN1:DF_PROJ_POP_2050_COM(1.0);A10;SN-DB-MB1-1;PROJ_POP_2050_COM;2026;110969;NBR;;;;;ANSD
SN1:DF_PROJ_POP_2050_COM(1.0);A10;SN-DB-MB1-1;PROJ_POP_2050_COM;2027;114359;NBR;;;;;ANSD
SN1:DF_PROJ_POP_2050_COM(1.0);A10;SN-DB-MB1-1;PROJ_POP_2050_COM;2028;117860;NBR;;;;;ANSD
SN1:DF_PROJ_POP_2050_COM(1.0);A10;SN-DB-MB1-1;PROJ_POP_2050_COM;2029;121475;NBR;;;;;ANSD
SN1:DF_PROJ_POP_2050_COM(1.0);A10;SN-DB-MB1-1;PROJ_POP_2050_COM;2030;125201;NBR;;;;;ANSD
SN1:DF_PROJ_POP_2050_COM(1.0);A10;SN-DB-MB2-1;PROJ_POP_2050_COM;2023;7061;NBR;;;;;ANSD
SN1:DF_PROJ_POP_2050_COM(1.0);A10;SN-DB-MB2-1;PROJ_POP_2050_COM;2024;7275;NBR;;;;;ANSD
SN1:DF_PROJ_POP_2050_COM(1.0);A10;SN-DB-MB2-1;PROJ_POP_2050_COM;2025;7495;NBR;;;;;ANSD
SN1:DF_PROJ_POP_2050_COM(1.0);A10;SN-DB-MB2-1;PROJ_POP_2050_COM;2026;7723;NBR;;;;;ANSD
SN1:DF_PROJ_POP_2050_COM(1.0);A10;SN-DB-MB2-1;PROJ_POP_2050_COM;2027;7959;NBR;;;;;ANSD
SN1:DF_PROJ_POP_2050_COM(1.0);A10;SN-DB-MB2-1;PROJ_POP_2050_COM;2028;8203;NBR;;;;;ANSD
SN1:DF_PROJ_POP_2050_COM(1.0);A10;SN-DB-MB2-1;PROJ_POP_2050_COM;2029;8455;NBR;;;;;ANSD
SN1:DF_PROJ_POP_2050_COM(1.0);A10;SN-DB-MB2-1;PROJ_POP_2050_COM;2030;8714;NBR;;;;;ANSD
SN1:DF_PROJ_POP_2050_COM(1.0);A10;SN-DB-MB2-2;PROJ_POP_2050_COM;2023;7245;NBR;;;;;ANSD
SN1:DF_PROJ_POP_2050_COM(1.0);A10;SN-DB-MB2-2;PROJ_POP_2050_COM;2024;7464;NBR;;;;;ANSD
SN1:DF_PROJ_POP_2050_COM(1.0);A10;SN-DB-MB2-2;PROJ_POP_2050_COM;2025;7691;NBR;;;;;ANSD
SN1:DF_PROJ_POP_2050_COM(1.0);A10;SN-DB-MB2-2;PROJ_POP_2050_COM;2026;7925;NBR;;;;;ANSD
SN1:DF_PROJ_POP_2050_COM(1.0);A10;SN-DB-MB2-2;PROJ_POP_2050_COM;2027;8167;NBR;;;;;ANSD
SN1:DF_PROJ_POP_2050_COM(1.0);A10;SN-DB-MB2-2;PROJ_POP_2050_COM;2028;8417;NBR;;;;;ANSD
SN1:DF_PROJ_POP_2050_COM(1.0);A10;SN-DB-MB2-2;PROJ_POP_2050_COM;2029;8675;NBR;;;;;ANSD
SN1:DF_PROJ_POP_2050_COM(1.0);A10;SN-DB-MB2-2;PROJ_POP_2050_COM;2030;8941;NBR;;;;;ANSD
SN1:DF_PROJ_POP_2050_COM(1.0);A10;SN-DB-MB2-3;PROJ_POP_2050_COM;2023;7144;NBR;;;;;ANSD
SN1:DF_PROJ_POP_2050_COM(1.0);A10;SN-DB-MB2-3;PROJ_POP_2050_COM;2024;7360;NBR;;;;;ANSD
SN1:DF_PROJ_POP_2050_COM(1.0);A10;SN-DB-MB2-3;PROJ_POP_2050_COM;2025;7583;NBR;;;;;ANSD
SN1:DF_PROJ_POP_2050_COM(1.0);A10;SN-DB-MB2-3;PROJ_POP_2050_COM;2026;7814;NBR;;;;;ANSD
SN1:DF_PROJ_POP_2050_COM(1.0);A10;SN-DB-MB2-3;PROJ_POP_2050_COM;2027;8053;NBR;;;;;ANSD
SN1:DF_PROJ_POP_2050_COM(1.0);A10;SN-DB-MB2-3;PROJ_POP_2050_COM;2028;8300;NBR;;;;;ANSD
SN1:DF_PROJ_POP_2050_COM(1.0);A10;SN-DB-MB2-3;PROJ_POP_2050_COM;2029;8554;NBR;;;;;ANSD
SN1:DF_PROJ_POP_2050_COM(1.0);A10;SN-DB-MB2-3;PROJ_POP_2050_COM;2030;8816;NBR;;;;;ANSD
SN1:DF_PROJ_POP_2050_COM(1.0);A10;SN-DB-MB2-4;PROJ_POP_2050_COM;2023;8763;NBR;;;;;ANSD
SN1:DF_PROJ_POP_2050_COM(1.0);A10;SN-DB-MB2-4;PROJ_POP_2050_COM;2024;9028;NBR;;;;;ANSD
SN1:DF_PROJ_POP_2050_COM(1.0);A10;SN-DB-MB2-4;PROJ_POP_2050_COM;2025;9302;NBR;;;;;ANSD
SN1:DF_PROJ_POP_2050_COM(1.0);A10;SN-DB-MB2-4;PROJ_POP_2050_COM;2026;9585;NBR;;;;;ANSD
SN1:DF_PROJ_POP_2050_COM(1.0);A10;SN-DB-MB2-4;PROJ_POP_2050_COM;2027;9878;NBR;;;;;ANSD
SN1:DF_PROJ_POP_2050_COM(1.0);A10;SN-DB-MB2-4;PROJ_POP_2050_COM;2028;10180;NBR;;;;;ANSD
SN1:DF_PROJ_POP_2050_COM(1.0);A10;SN-DB-MB2-4;PROJ_POP_2050_COM;2029;10493;NBR;;;;;ANSD
SN1:DF_PROJ_POP_2050_COM(1.0);A10;SN-DB-MB2-4;PROJ_POP_2050_COM;2030;10814;NBR;;;;;ANSD
SN1:DF_PROJ_POP_2050_COM(1.0);A10;SN-DB-MB2-5;PROJ_POP_2050_COM;2023;6651;NBR;;;;;ANSD
SN1:DF_PROJ_POP_2050_COM(1.0);A10;SN-DB-MB2-5;PROJ_POP_2050_COM;2024;6852;NBR;;;;;ANSD
SN1:DF_PROJ_POP_2050_COM(1.0);A10;SN-DB-MB2-5;PROJ_POP_2050_COM;2025;7060;NBR;;;;;ANSD
SN1:DF_PROJ_POP_2050_COM(1.0);A10;SN-DB-MB2-5;PROJ_POP_2050_COM;2026;7275;NBR;;;;;ANSD
SN1:DF_PROJ_POP_2050_COM(1.0);A10;SN-DB-MB2-5;PROJ_POP_2050_COM;2027;7497;NBR;;;;;ANSD
SN1:DF_PROJ_POP_2050_COM(1.0);A10;SN-DB-MB2-5;PROJ_POP_2050_COM;2028;7727;NBR;;;;;ANSD
SN1:DF_PROJ_POP_2050_COM(1.0);A10;SN-DB-MB2-5;PROJ_POP_2050_COM;2029;7964;NBR;;;;;ANSD
SN1:DF_PROJ_POP_2050_COM(1.0);A10;SN-DB-MB2-5;PROJ_POP_2050_COM;2030;8208;NBR;;;;;ANSD
SN1:DF_PROJ_POP_2050_COM(1.0);A10;SN-DB-MB2-6;PROJ_POP_2050_COM;2023;13231;NBR;;;;;ANSD
SN1:DF_PROJ_POP_2050_COM(1.0);A10;SN-DB-MB2-6;PROJ_POP_2050_COM;2024;13631;NBR;;;;;ANSD
SN1:DF_PROJ_POP_2050_COM(1.0);A10;SN-DB-MB2-6;PROJ_POP_2050_COM;2025;14045;NBR;;;;;ANSD
SN1:DF_PROJ_POP_2050_COM(1.0);A10;SN-DB-MB2-6;PROJ_POP_2050_COM;2026;14472;NBR;;;;;ANSD
SN1:DF_PROJ_POP_2050_COM(1.0);A10;SN-DB-MB2-6;PROJ_POP_2050_COM;2027;14914;NBR;;;;;ANSD
SN1:DF_PROJ_POP_2050_COM(1.0);A10;SN-DB-MB2-6;PROJ_POP_2050_COM;2028;15371;NBR;;;;;ANSD
SN1:DF_PROJ_POP_2050_COM(1.0);A10;SN-DB-MB2-6;PROJ_POP_2050_COM;2029;15842;NBR;;;;;ANSD
SN1:DF_PROJ_POP_2050_COM(1.0);A10;SN-DB-MB2-6;PROJ_POP_2050_COM;2030;16328;NBR;;;;;ANSD
SN1:DF_PROJ_POP_2050_COM(1.0);A10;SN-DB-MB2-7;PROJ_POP_2050_COM;2023;2942;NBR;;;;;ANSD
SN1:DF_PROJ_POP_2050_COM(1.0);A10;SN-DB-MB2-7;PROJ_POP_2050_COM;2024;3031;NBR;;;;;ANSD
SN1:DF_PROJ_POP_2050_COM(1.0);A10;SN-DB-MB2-7;PROJ_POP_2050_COM;2025;3123;NBR;;;;;ANSD
SN1:DF_PROJ_POP_2050_COM(1.0);A10;SN-DB-MB2-7;PROJ_POP_2050_COM;2026;3218;NBR;;;;;ANSD
SN1:DF_PROJ_POP_2050_COM(1.0);A10;SN-DB-MB2-7;PROJ_POP_2050_COM;2027;3316;NBR;;;;;ANSD
SN1:DF_PROJ_POP_2050_COM(1.0);A10;SN-DB-MB2-7;PROJ_POP_2050_COM;2028;3418;NBR;;;;;ANSD
SN1:DF_PROJ_POP_2050_COM(1.0);A10;SN-DB-MB2-7;PROJ_POP_2050_COM;2029;3523;NBR;;;;;ANSD
SN1:DF_PROJ_POP_2050_COM(1.0);A10;SN-DB-MB2-7;PROJ_POP_2050_COM;2030;3631;NBR;;;;;ANSD
SN1:DF_PROJ_POP_2050_COM(1.0);A10;SN-DB-MB2-8;PROJ_POP_2050_COM;2023;2465;NBR;;;;;ANSD
SN1:DF_PROJ_POP_2050_COM(1.0);A10;SN-DB-MB2-8;PROJ_POP_2050_COM;2024;2540;NBR;;;;;ANSD
SN1:DF_PROJ_POP_2050_COM(1.0);A10;SN-DB-MB2-8;PROJ_POP_2050_COM;2025;2617;NBR;;;;;ANSD
SN1:DF_PROJ_POP_2050_COM(1.0);A10;SN-DB-MB2-8;PROJ_POP_2050_COM;2026;2696;NBR;;;;;ANSD
SN1:DF_PROJ_POP_2050_COM(1.0);A10;SN-DB-MB2-8;PROJ_POP_2050_COM;2027;2779;NBR;;;;;ANSD
SN1:DF_PROJ_POP_2050_COM(1.0);A10;SN-DB-MB2-8;PROJ_POP_2050_COM;2028;2864;NBR;;;;;ANSD
SN1:DF_PROJ_POP_2050_COM(1.0);A10;SN-DB-MB2-8;PROJ_POP_2050_COM;2029;2952;NBR;;;;;ANSD
SN1:DF_PROJ_POP_2050_COM(1.0);A10;SN-DB-MB2-8;PROJ_POP_2050_COM;2030;3042;NBR;;;;;ANSD
SN1:DF_PROJ_POP_2050_COM(1.0);A10;SN-DB-MB3-1;PROJ_POP_2050_COM;2023;12609;NBR;;;;;ANSD
SN1:DF_PROJ_POP_2050_COM(1.0);A10;SN-DB-MB3-1;PROJ_POP_2050_COM;2024;12991;NBR;;;;;ANSD
SN1:DF_PROJ_POP_2050_COM(1.0);A10;SN-DB-MB3-1;PROJ_POP_2050_COM;2025;13385;NBR;;;;;ANSD
SN1:DF_PROJ_POP_2050_COM(1.0);A10;SN-DB-MB3-1;PROJ_POP_2050_COM;2026;13792;NBR;;;;;ANSD
SN1:DF_PROJ_POP_2050_COM(1.0);A10;SN-DB-MB3-1;PROJ_POP_2050_COM;2027;14213;NBR;;;;;ANSD
SN1:DF_PROJ_POP_2050_COM(1.0);A10;SN-DB-MB3-1;PROJ_POP_2050_COM;2028;14648;NBR;;;;;ANSD
SN1:DF_PROJ_POP_2050_COM(1.0);A10;SN-DB-MB3-1;PROJ_POP_2050_COM;2029;15098;NBR;;;;;ANSD
SN1:DF_PROJ_POP_2050_COM(1.0);A10;SN-DB-MB3-1;PROJ_POP_2050_COM;2030;15561;NBR;;;;;ANSD
SN1:DF_PROJ_POP_2050_COM(1.0);A10;SN-DB-MB3-2;PROJ_POP_2050_COM;2023;8416;NBR;;;;;ANSD
SN1:DF_PROJ_POP_2050_COM(1.0);A10;SN-DB-MB3-2;PROJ_POP_2050_COM;2024;8671;NBR;;;;;ANSD
SN1:DF_PROJ_POP_2050_COM(1.0);A10;SN-DB-MB3-2;PROJ_POP_2050_COM;2025;8934;NBR;;;;;ANSD
SN1:DF_PROJ_POP_2050_COM(1.0);A10;SN-DB-MB3-2;PROJ_POP_2050_COM;2026;9206;NBR;;;;;ANSD
SN1:DF_PROJ_POP_2050_COM(1.0);A10;SN-DB-MB3-2;PROJ_POP_2050_COM;2027;9487;NBR;;;;;ANSD
SN1:DF_PROJ_POP_2050_COM(1.0);A10;SN-DB-MB3-2;PROJ_POP_2050_COM;2028;9777;NBR;;;;;ANSD
SN1:DF_PROJ_POP_2050_COM(1.0);A10;SN-DB-MB3-2;PROJ_POP_2050_COM;2029;10077;NBR;;;;;ANSD
SN1:DF_PROJ_POP_2050_COM(1.0);A10;SN-DB-MB3-2;PROJ_POP_2050_COM;2030;10386;NBR;;;;;ANSD
SN1:DF_PROJ_POP_2050_COM(1.0);A10;SN-DB-MB3-3;PROJ_POP_2050_COM;2023;6777;NBR;;;;;ANSD
SN1:DF_PROJ_POP_2050_COM(1.0);A10;SN-DB-MB3-3;PROJ_POP_2050_COM;2024;6982;NBR;;;;;ANSD
SN1:DF_PROJ_POP_2050_COM(1.0);A10;SN-DB-MB3-3;PROJ_POP_2050_COM;2025;7194;NBR;;;;;ANSD
SN1:DF_PROJ_POP_2050_COM(1.0);A10;SN-DB-MB3-3;PROJ_POP_2050_COM;2026;7413;NBR;;;;;ANSD
SN1:DF_PROJ_POP_2050_COM(1.0);A10;SN-DB-MB3-3;PROJ_POP_2050_COM;2027;7639;NBR;;;;;ANSD
SN1:DF_PROJ_POP_2050_COM(1.0);A10;SN-DB-MB3-3;PROJ_POP_2050_COM;2028;7873;NBR;;;;;ANSD
SN1:DF_PROJ_POP_2050_COM(1.0);A10;SN-DB-MB3-3;PROJ_POP_2050_COM;2029;8115;NBR;;;;;ANSD
SN1:DF_PROJ_POP_2050_COM(1.0);A10;SN-DB-MB3-3;PROJ_POP_2050_COM;2030;8364;NBR;;;;;ANSD
SN1:DF_PROJ_POP_2050_COM(1.0);A10;SN-DB-MB3-4;PROJ_POP_2050_COM;2023;11500;NBR;;;;;ANSD
SN1:DF_PROJ_POP_2050_COM(1.0);A10;SN-DB-MB3-4;PROJ_POP_2050_COM;2024;11848;NBR;;;;;ANSD
SN1:DF_PROJ_POP_2050_COM(1.0);A10;SN-DB-MB3-4;PROJ_POP_2050_COM;2025;12207;NBR;;;;;ANSD
SN1:DF_PROJ_POP_2050_COM(1.0);A10;SN-DB-MB3-4;PROJ_POP_2050_COM;2026;12579;NBR;;;;;ANSD
SN1:DF_PROJ_POP_2050_COM(1.0);A10;SN-DB-MB3-4;PROJ_POP_2050_COM;2027;12963;NBR;;;;;ANSD
SN1:DF_PROJ_POP_2050_COM(1.0);A10;SN-DB-MB3-4;PROJ_POP_2050_COM;2028;13360;NBR;;;;;ANSD
SN1:DF_PROJ_POP_2050_COM(1.0);A10;SN-DB-MB3-4;PROJ_POP_2050_COM;2029;13770;NBR;;;;;ANSD
SN1:DF_PROJ_POP_2050_COM(1.0);A10;SN-DB-MB3-4;PROJ_POP_2050_COM;2030;14192;NBR;;;;;ANSD
SN1:DF_PROJ_POP_2050_COM(1.0);A10;SN-DB-MB3-5;PROJ_POP_2050_COM;2023;1120824;NBR;;;;;ANSD
SN1:DF_PROJ_POP_2050_COM(1.0);A10;SN-DB-MB3-5;PROJ_POP_2050_COM;2024;1154736;NBR;;;;;ANSD
SN1:DF_PROJ_POP_2050_COM(1.0);A10;SN-DB-MB3-5;PROJ_POP_2050_COM;2025;1189759;NBR;;;;;ANSD
SN1:DF_PROJ_POP_2050_COM(1.0);A10;SN-DB-MB3-5;PROJ_POP_2050_COM;2026;1225979;NBR;;;;;ANSD
SN1:DF_PROJ_POP_2050_COM(1.0);A10;SN-DB-MB3-5;PROJ_POP_2050_COM;2027;1263427;NBR;;;;;ANSD
SN1:DF_PROJ_POP_2050_COM(1.0);A10;SN-DB-MB3-5;PROJ_POP_2050_COM;2028;1302114;NBR;;;;;ANSD
SN1:DF_PROJ_POP_2050_COM(1.0);A10;SN-DB-MB3-5;PROJ_POP_2050_COM;2029;1342043;NBR;;;;;ANSD
SN1:DF_PROJ_POP_2050_COM(1.0);A10;SN-DB-MB3-5;PROJ_POP_2050_COM;2030;1383212;NBR;;;;;ANSD
SN1:DF_PROJ_POP_2050_COM(1.0);A10;SN-DB-MB4-1;PROJ_POP_2050_COM;2023;24444;NBR;;;;;ANSD
SN1:DF_PROJ_POP_2050_COM(1.0);A10;SN-DB-MB4-1;PROJ_POP_2050_COM;2024;25184;NBR;;;;;ANSD
SN1:DF_PROJ_POP_2050_COM(1.0);A10;SN-DB-MB4-1;PROJ_POP_2050_COM;2025;25947;NBR;;;;;ANSD
SN1:DF_PROJ_POP_2050_COM(1.0);A10;SN-DB-MB4-1;PROJ_POP_2050_COM;2026;26737;NBR;;;;;ANSD
SN1:DF_PROJ_POP_2050_COM(1.0);A10;SN-DB-MB4-1;PROJ_POP_2050_COM;2027;27554;NBR;;;;;ANSD
SN1:DF_PROJ_POP_2050_COM(1.0);A10;SN-DB-MB4-1;PROJ_POP_2050_COM;2028;28398;NBR;;;;;ANSD
SN1:DF_PROJ_POP_2050_COM(1.0);A10;SN-DB-MB4-1;PROJ_POP_2050_COM;2029;29269;NBR;;;;;ANSD
SN1:DF_PROJ_POP_2050_COM(1.0);A10;SN-DB-MB4-1;PROJ_POP_2050_COM;2030;30166;NBR;;;;;ANSD
SN1:DF_PROJ_POP_2050_COM(1.0);A10;SN-DB-MB4-2;PROJ_POP_2050_COM;2023;18233;NBR;;;;;ANSD
SN1:DF_PROJ_POP_2050_COM(1.0);A10;SN-DB-MB4-2;PROJ_POP_2050_COM;2024;18785;NBR;;;;;ANSD
SN1:DF_PROJ_POP_2050_COM(1.0);A10;SN-DB-MB4-2;PROJ_POP_2050_COM;2025;19354;NBR;;;;;ANSD
SN1:DF_PROJ_POP_2050_COM(1.0);A10;SN-DB-MB4-2;PROJ_POP_2050_COM;2026;19944;NBR;;;;;ANSD
SN1:DF_PROJ_POP_2050_COM(1.0);A10;SN-DB-MB4-2;PROJ_POP_2050_COM;2027;20553;NBR;;;;;ANSD
SN1:DF_PROJ_POP_2050_COM(1.0);A10;SN-DB-MB4-2;PROJ_POP_2050_COM;2028;21182;NBR;;;;;ANSD
SN1:DF_PROJ_POP_2050_COM(1.0);A10;SN-DB-MB4-2;PROJ_POP_2050_COM;2029;21832;NBR;;;;;ANSD
SN1:DF_PROJ_POP_2050_COM(1.0);A10;SN-DB-MB4-2;PROJ_POP_2050_COM;2030;22501;NBR;;;;;ANSD
SN1:DF_PROJ_POP_2050_COM(1.0);A10;SN-DK-DD1-1;PROJ_POP_2050_COM;2023;1691;NBR;;;;;ANSD
SN1:DF_PROJ_POP_2050_COM(1.0);A10;SN-DK-DD1-1;PROJ_POP_2050_COM;2024;1723;NBR;;;;;ANSD
SN1:DF_PROJ_POP_2050_COM(1.0);A10;SN-DK-DD1-1;PROJ_POP_2050_COM;2025;1756;NBR;;;;;ANSD
SN1:DF_PROJ_POP_2050_COM(1.0);A10;SN-DK-DD1-1;PROJ_POP_2050_COM;2026;1789;NBR;;;;;ANSD
SN1:DF_PROJ_POP_2050_COM(1.0);A10;SN-DK-DD1-1;PROJ_POP_2050_COM;2027;1822;NBR;;;;;ANSD
SN1:DF_PROJ_POP_2050_COM(1.0);A10;SN-DK-DD1-1;PROJ_POP_2050_COM;2028;1856;NBR;;;;;ANSD
SN1:DF_PROJ_POP_2050_COM(1.0);A10;SN-DK-DD1-1;PROJ_POP_2050_COM;2029;1890;NBR;;;;;ANSD
SN1:DF_PROJ_POP_2050_COM(1.0);A10;SN-DK-DD1-1;PROJ_POP_2050_COM;2030;1923;NBR;;;;;ANSD
SN1:DF_PROJ_POP_2050_COM(1.0);A10;SN-DK-DD1-2;PROJ_POP_2050_COM;2023;34951;NBR;;;;;ANSD
SN1:DF_PROJ_POP_2050_COM(1.0);A10;SN-DK-DD1-2;PROJ_POP_2050_COM;2024;35615;NBR;;;;;ANSD
SN1:DF_PROJ_POP_2050_COM(1.0);A10;SN-DK-DD1-2;PROJ_POP_2050_COM;2025;36289;NBR;;;;;ANSD
SN1:DF_PROJ_POP_2050_COM(1.0);A10;SN-DK-DD1-2;PROJ_POP_2050_COM;2026;36972;NBR;;;;;ANSD
SN1:DF_PROJ_POP_2050_COM(1.0);A10;SN-DK-DD1-2;PROJ_POP_2050_COM;2027;37662;NBR;;;;;ANSD
SN1:DF_PROJ_POP_2050_COM(1.0);A10;SN-DK-DD1-2;PROJ_POP_2050_COM;2028;38357;NBR;;;;;ANSD
SN1:DF_PROJ_POP_2050_COM(1.0);A10;SN-DK-DD1-2;PROJ_POP_2050_COM;2029;39055;NBR;;;;;ANSD
SN1:DF_PROJ_POP_2050_COM(1.0);A10;SN-DK-DD1-2;PROJ_POP_2050_COM;2030;39755;NBR;;;;;ANSD
SN1:DF_PROJ_POP_2050_COM(1.0);A10;SN-DK-DD1-3;PROJ_POP_2050_COM;2023;82544;NBR;;;;;ANSD
SN1:DF_PROJ_POP_2050_COM(1.0);A10;SN-DK-DD1-3;PROJ_POP_2050_COM;2024;84112;NBR;;;;;ANSD
SN1:DF_PROJ_POP_2050_COM(1.0);A10;SN-DK-DD1-3;PROJ_POP_2050_COM;2025;85705;NBR;;;;;ANSD
SN1:DF_PROJ_POP_2050_COM(1.0);A10;SN-DK-DD1-3;PROJ_POP_2050_COM;2026;87318;NBR;;;;;ANSD
SN1:DF_PROJ_POP_2050_COM(1.0);A10;SN-DK-DD1-3;PROJ_POP_2050_COM;2027;88947;NBR;;;;;ANSD
SN1:DF_PROJ_POP_2050_COM(1.0);A10;SN-DK-DD1-3;PROJ_POP_2050_COM;2028;90589;NBR;;;;;ANSD
SN1:DF_PROJ_POP_2050_COM(1.0);A10;SN-DK-DD1-3;PROJ_POP_2050_COM;2029;92238;NBR;;;;;ANSD
SN1:DF_PROJ_POP_2050_COM(1.0);A10;SN-DK-DD1-3;PROJ_POP_2050_COM;2030;93890;NBR;;;;;ANSD
SN1:DF_PROJ_POP_2050_COM(1.0);A10;SN-DK-DD1-4;PROJ_POP_2050_COM;2023;59227;NBR;;;;;ANSD
SN1:DF_PROJ_POP_2050_COM(1.0);A10;SN-DK-DD1-4;PROJ_POP_2050_COM;2024;60352;NBR;;;;;ANSD
SN1:DF_PROJ_POP_2050_COM(1.0);A10;SN-DK-DD1-4;PROJ_POP_2050_COM;2025;61495;NBR;;;;;ANSD
SN1:DF_PROJ_POP_2050_COM(1.0);A10;SN-DK-DD1-4;PROJ_POP_2050_COM;2026;62652;NBR;;;;;ANSD
SN1:DF_PROJ_POP_2050_COM(1.0);A10;SN-DK-DD1-4;PROJ_POP_2050_COM;2027;63821;NBR;;;;;ANSD
SN1:DF_PROJ_POP_2050_COM(1.0);A10;SN-DK-DD1-4;PROJ_POP_2050_COM;2028;64999;NBR;;;;;ANSD
SN1:DF_PROJ_POP_2050_COM(1.0);A10;SN-DK-DD1-4;PROJ_POP_2050_COM;2029;66182;NBR;;;;;ANSD
SN1:DF_PROJ_POP_2050_COM(1.0);A10;SN-DK-DD1-4;PROJ_POP_2050_COM;2030;67368;NBR;;;;;ANSD
SN1:DF_PROJ_POP_2050_COM(1.0);A10;SN-DK-DD1-5;PROJ_POP_2050_COM;2023;20115;NBR;;;;;ANSD
SN1:DF_PROJ_POP_2050_COM(1.0);A10;SN-DK-DD1-5;PROJ_POP_2050_COM;2024;20497;NBR;;;;;ANSD
SN1:DF_PROJ_POP_2050_COM(1.0);A10;SN-DK-DD1-5;PROJ_POP_2050_COM;2025;20885;NBR;;;;;ANSD
SN1:DF_PROJ_POP_2050_COM(1.0);A10;SN-DK-DD1-5;PROJ_POP_2050_COM;2026;21278;NBR;;;;;ANSD
SN1:DF_PROJ_POP_2050_COM(1.0);A10;SN-DK-DD1-5;PROJ_POP_2050_COM;2027;21675;NBR;;;;;ANSD
SN1:DF_PROJ_POP_2050_COM(1.0);A10;SN-DK-DD1-5;PROJ_POP_2050_COM;2028;22075;NBR;;;;;ANSD
SN1:DF_PROJ_POP_2050_COM(1.0);A10;SN-DK-DD1-5;PROJ_POP_2050_COM;2029;22477;NBR;;;;;ANSD
SN1:DF_PROJ_POP_2050_COM(1.0);A10;SN-DK-DD1-5;PROJ_POP_2050_COM;2030;22880;NBR;;;;;ANSD
SN1:DF_PROJ_POP_2050_COM(1.0);A10;SN-DK-DD2-1;PROJ_POP_2050_COM;2023;47334;NBR;;;;;ANSD
SN1:DF_PROJ_POP_2050_COM(1.0);A10;SN-DK-DD2-1;PROJ_POP_2050_COM;2024;48233;NBR;;;;;ANSD
SN1:DF_PROJ_POP_2050_COM(1.0);A10;SN-DK-DD2-1;PROJ_POP_2050_COM;2025;49146;NBR;;;;;ANSD
SN1:DF_PROJ_POP_2050_COM(1.0);A10;SN-DK-DD2-1;PROJ_POP_2050_COM;2026;50071;NBR;;;;;ANSD
SN1:DF_PROJ_POP_2050_COM(1.0);A10;SN-DK-DD2-1;PROJ_POP_2050_COM;2027;51006;NBR;;;;;ANSD
SN1:DF_PROJ_POP_2050_COM(1.0);A10;SN-DK-DD2-1;PROJ_POP_2050_COM;2028;51947;NBR;;;;;ANSD
SN1:DF_PROJ_POP_2050_COM(1.0);A10;SN-DK-DD2-1;PROJ_POP_2050_COM;2029;52893;NBR;;;;;ANSD
SN1:DF_PROJ_POP_2050_COM(1.0);A10;SN-DK-DD2-1;PROJ_POP_2050_COM;2030;53840;NBR;;;;;ANSD
SN1:DF_PROJ_POP_2050_COM(1.0);A10;SN-DK-DD2-2;PROJ_POP_2050_COM;2023;74025;NBR;;;;;ANSD
SN1:DF_PROJ_POP_2050_COM(1.0);A10;SN-DK-DD2-2;PROJ_POP_2050_COM;2024;75431;NBR;;;;;ANSD
SN1:DF_PROJ_POP_2050_COM(1.0);A10;SN-DK-DD2-2;PROJ_POP_2050_COM;2025;76859;NBR;;;;;ANSD
SN1:DF_PROJ_POP_2050_COM(1.0);A10;SN-DK-DD2-2;PROJ_POP_2050_COM;2026;78306;NBR;;;;;ANSD
SN1:DF_PROJ_POP_2050_COM(1.0);A10;SN-DK-DD2-2;PROJ_POP_2050_COM;2027;79767;NBR;;;;;ANSD
SN1:DF_PROJ_POP_2050_COM(1.0);A10;SN-DK-DD2-2;PROJ_POP_2050_COM;2028;81239;NBR;;;;;ANSD
SN1:DF_PROJ_POP_2050_COM(1.0);A10;SN-DK-DD2-2;PROJ_POP_2050_COM;2029;82718;NBR;;;;;ANSD
SN1:DF_PROJ_POP_2050_COM(1.0);A10;SN-DK-DD2-2;PROJ_POP_2050_COM;2030;84200;NBR;;;;;ANSD
SN1:DF_PROJ_POP_2050_COM(1.0);A10;SN-DK-DD2-3;PROJ_POP_2050_COM;2023;42975;NBR;;;;;ANSD
SN1:DF_PROJ_POP_2050_COM(1.0);A10;SN-DK-DD2-3;PROJ_POP_2050_COM;2024;43791;NBR;;;;;ANSD
SN1:DF_PROJ_POP_2050_COM(1.0);A10;SN-DK-DD2-3;PROJ_POP_2050_COM;2025;44621;NBR;;;;;ANSD
SN1:DF_PROJ_POP_2050_COM(1.0);A10;SN-DK-DD2-3;PROJ_POP_2050_COM;2026;45460;NBR;;;;;ANSD
SN1:DF_PROJ_POP_2050_COM(1.0);A10;SN-DK-DD2-3;PROJ_POP_2050_COM;2027;46309;NBR;;;;;ANSD
SN1:DF_PROJ_POP_2050_COM(1.0);A10;SN-DK-DD2-3;PROJ_POP_2050_COM;2028;47163;NBR;;;;;ANSD
SN1:DF_PROJ_POP_2050_COM(1.0);A10;SN-DK-DD2-3;PROJ_POP_2050_COM;2029;48022;NBR;;;;;ANSD
SN1:DF_PROJ_POP_2050_COM(1.0);A10;SN-DK-DD2-3;PROJ_POP_2050_COM;2030;48882;NBR;;;;;ANSD
SN1:DF_PROJ_POP_2050_COM(1.0);A10;SN-DK-DD2-4;PROJ_POP_2050_COM;2023;86908;NBR;;;;;ANSD
SN1:DF_PROJ_POP_2050_COM(1.0);A10;SN-DK-DD2-4;PROJ_POP_2050_COM;2024;88559;NBR;;;;;ANSD
SN1:DF_PROJ_POP_2050_COM(1.0);A10;SN-DK-DD2-4;PROJ_POP_2050_COM;2025;90236;NBR;;;;;ANSD
SN1:DF_PROJ_POP_2050_COM(1.0);A10;SN-DK-DD2-4;PROJ_POP_2050_COM;2026;91934;NBR;;;;;ANSD
SN1:DF_PROJ_POP_2050_COM(1.0);A10;SN-DK-DD2-4;PROJ_POP_2050_COM;2027;93650;NBR;;;;;ANSD
SN1:DF_PROJ_POP_2050_COM(1.0);A10;SN-DK-DD2-4;PROJ_POP_2050_COM;2028;95378;NBR;;;;;ANSD
SN1:DF_PROJ_POP_2050_COM(1.0);A10;SN-DK-DD2-4;PROJ_POP_2050_COM;2029;97114;NBR;;;;;ANSD
SN1:DF_PROJ_POP_2050_COM(1.0);A10;SN-DK-DD2-4;PROJ_POP_2050_COM;2030;98854;NBR;;;;;ANSD
SN1:DF_PROJ_POP_2050_COM(1.0);A10;SN-DK-DD2-5;PROJ_POP_2050_COM;2023;41079;NBR;;;;;ANSD
SN1:DF_PROJ_POP_2050_COM(1.0);A10;SN-DK-DD2-5;PROJ_POP_2050_COM;2024;41859;NBR;;;;;ANSD
SN1:DF_PROJ_POP_2050_COM(1.0);A10;SN-DK-DD2-5;PROJ_POP_2050_COM;2025;42652;NBR;;;;;ANSD
SN1:DF_PROJ_POP_2050_COM(1.0);A10;SN-DK-DD2-5;PROJ_POP_2050_COM;2026;43455;NBR;;;;;ANSD
SN1:DF_PROJ_POP_2050_COM(1.0);A10;SN-DK-DD2-5;PROJ_POP_2050_COM;2027;44266;NBR;;;;;ANSD
SN1:DF_PROJ_POP_2050_COM(1.0);A10;SN-DK-DD2-5;PROJ_POP_2050_COM;2028;45082;NBR;;;;;ANSD
SN1:DF_PROJ_POP_2050_COM(1.0);A10;SN-DK-DD2-5;PROJ_POP_2050_COM;2029;45903;NBR;;;;;ANSD
SN1:DF_PROJ_POP_2050_COM(1.0);A10;SN-DK-DD2-5;PROJ_POP_2050_COM;2030;46725;NBR;;;;;ANSD
SN1:DF_PROJ_POP_2050_COM(1.0);A10;SN-DK-DD2-6;PROJ_POP_2050_COM;2023;38725;NBR;;;;;ANSD
SN1:DF_PROJ_POP_2050_COM(1.0);A10;SN-DK-DD2-6;PROJ_POP_2050_COM;2024;39461;NBR;;;;;ANSD
SN1:DF_PROJ_POP_2050_COM(1.0);A10;SN-DK-DD2-6;PROJ_POP_2050_COM;2025;40208;NBR;;;;;ANSD
SN1:DF_PROJ_POP_2050_COM(1.0);A10;SN-DK-DD2-6;PROJ_POP_2050_COM;2026;40965;NBR;;;;;ANSD
SN1:DF_PROJ_POP_2050_COM(1.0);A10;SN-DK-DD2-6;PROJ_POP_2050_COM;2027;41729;NBR;;;;;ANSD
SN1:DF_PROJ_POP_2050_COM(1.0);A10;SN-DK-DD2-6;PROJ_POP_2050_COM;2028;42499;NBR;;;;;ANSD
SN1:DF_PROJ_POP_2050_COM(1.0);A10;SN-DK-DD2-6;PROJ_POP_2050_COM;2029;43273;NBR;;;;;ANSD
SN1:DF_PROJ_POP_2050_COM(1.0);A10;SN-DK-DD2-6;PROJ_POP_2050_COM;2030;44048;NBR;;;;;ANSD
SN1:DF_PROJ_POP_2050_COM(1.0);A10;SN-DK-DD3-1;PROJ_POP_2050_COM;2023;100541;NBR;;;;;ANSD
SN1:DF_PROJ_POP_2050_COM(1.0);A10;SN-DK-DD3-1;PROJ_POP_2050_COM;2024;102451;NBR;;;;;ANSD
SN1:DF_PROJ_POP_2050_COM(1.0);A10;SN-DK-DD3-1;PROJ_POP_2050_COM;2025;104391;NBR;;;;;ANSD
SN1:DF_PROJ_POP_2050_COM(1.0);A10;SN-DK-DD3-1;PROJ_POP_2050_COM;2026;106356;NBR;;;;;ANSD
SN1:DF_PROJ_POP_2050_COM(1.0);A10;SN-DK-DD3-1;PROJ_POP_2050_COM;2027;108340;NBR;;;;;ANSD
SN1:DF_PROJ_POP_2050_COM(1.0);A10;SN-DK-DD3-1;PROJ_POP_2050_COM;2028;110340;NBR;;;;;ANSD
SN1:DF_PROJ_POP_2050_COM(1.0);A10;SN-DK-DD3-1;PROJ_POP_2050_COM;2029;112348;NBR;;;;;ANSD
SN1:DF_PROJ_POP_2050_COM(1.0);A10;SN-DK-DD3-1;PROJ_POP_2050_COM;2030;114361;NBR;;;;;ANSD
SN1:DF_PROJ_POP_2050_COM(1.0);A10;SN-DK-DD3-2;PROJ_POP_2050_COM;2023;17706;NBR;;;;;ANSD
SN1:DF_PROJ_POP_2050_COM(1.0);A10;SN-DK-DD3-2;PROJ_POP_2050_COM;2024;18042;NBR;;;;;ANSD
SN1:DF_PROJ_POP_2050_COM(1.0);A10;SN-DK-DD3-2;PROJ_POP_2050_COM;2025;18384;NBR;;;;;ANSD
SN1:DF_PROJ_POP_2050_COM(1.0);A10;SN-DK-DD3-2;PROJ_POP_2050_COM;2026;18730;NBR;;;;;ANSD
SN1:DF_PROJ_POP_2050_COM(1.0);A10;SN-DK-DD3-2;PROJ_POP_2050_COM;2027;19080;NBR;;;;;ANSD
SN1:DF_PROJ_POP_2050_COM(1.0);A10;SN-DK-DD3-2;PROJ_POP_2050_COM;2028;19432;NBR;;;;;ANSD
SN1:DF_PROJ_POP_2050_COM(1.0);A10;SN-DK-DD3-2;PROJ_POP_2050_COM;2029;19785;NBR;;;;;ANSD
SN1:DF_PROJ_POP_2050_COM(1.0);A10;SN-DK-DD3-2;PROJ_POP_2050_COM;2030;20140;NBR;;;;;ANSD
SN1:DF_PROJ_POP_2050_COM(1.0);A10;SN-DK-DD3-3;PROJ_POP_2050_COM;2023;119351;NBR;;;;;ANSD
SN1:DF_PROJ_POP_2050_COM(1.0);A10;SN-DK-DD3-3;PROJ_POP_2050_COM;2024;121618;NBR;;;;;ANSD
SN1:DF_PROJ_POP_2050_COM(1.0);A10;SN-DK-DD3-3;PROJ_POP_2050_COM;2025;123921;NBR;;;;;ANSD
SN1:DF_PROJ_POP_2050_COM(1.0);A10;SN-DK-DD3-3;PROJ_POP_2050_COM;2026;126253;NBR;;;;;ANSD
SN1:DF_PROJ_POP_2050_COM(1.0);A10;SN-DK-DD3-3;PROJ_POP_2050_COM;2027;128609;NBR;;;;;ANSD
SN1:DF_PROJ_POP_2050_COM(1.0);A10;SN-DK-DD3-3;PROJ_POP_2050_COM;2028;130983;NBR;;;;;ANSD
SN1:DF_PROJ_POP_2050_COM(1.0);A10;SN-DK-DD3-3;PROJ_POP_2050_COM;2029;133367;NBR;;;;;ANSD
SN1:DF_PROJ_POP_2050_COM(1.0);A10;SN-DK-DD3-3;PROJ_POP_2050_COM;2030;135756;NBR;;;;;ANSD
SN1:DF_PROJ_POP_2050_COM(1.0);A10;SN-DK-DD3-4;PROJ_POP_2050_COM;2023;38598;NBR;;;;;ANSD
SN1:DF_PROJ_POP_2050_COM(1.0);A10;SN-DK-DD3-4;PROJ_POP_2050_COM;2024;39331;NBR;;;;;ANSD
SN1:DF_PROJ_POP_2050_COM(1.0);A10;SN-DK-DD3-4;PROJ_POP_2050_COM;2025;40076;NBR;;;;;ANSD
SN1:DF_PROJ_POP_2050_COM(1.0);A10;SN-DK-DD3-4;PROJ_POP_2050_COM;2026;40830;NBR;;;;;ANSD
SN1:DF_PROJ_POP_2050_COM(1.0);A10;SN-DK-DD3-4;PROJ_POP_2050_COM;2027;41592;NBR;;;;;ANSD
SN1:DF_PROJ_POP_2050_COM(1.0);A10;SN-DK-DD3-4;PROJ_POP_2050_COM;2028;42360;NBR;;;;;ANSD
SN1:DF_PROJ_POP_2050_COM(1.0);A10;SN-DK-DD3-4;PROJ_POP_2050_COM;2029;43131;NBR;;;;;ANSD
SN1:DF_PROJ_POP_2050_COM(1.0);A10;SN-DK-DD3-4;PROJ_POP_2050_COM;2030;43903;NBR;;;;;ANSD
SN1:DF_PROJ_POP_2050_COM(1.0);A10;SN-DK-DD4-1;PROJ_POP_2050_COM;2023;186775;NBR;;;;;ANSD
SN1:DF_PROJ_POP_2050_COM(1.0);A10;SN-DK-DD4-1;PROJ_POP_2050_COM;2024;190323;NBR;;;;;ANSD
SN1:DF_PROJ_POP_2050_COM(1.0);A10;SN-DK-DD4-1;PROJ_POP_2050_COM;2025;193927;NBR;;;;;ANSD
SN1:DF_PROJ_POP_2050_COM(1.0);A10;SN-DK-DD4-1;PROJ_POP_2050_COM;2026;197577;NBR;;;;;ANSD
SN1:DF_PROJ_POP_2050_COM(1.0);A10;SN-DK-DD4-1;PROJ_POP_2050_COM;2027;201264;NBR;;;;;ANSD
SN1:DF_PROJ_POP_2050_COM(1.0);A10;SN-DK-DD4-1;PROJ_POP_2050_COM;2028;204978;NBR;;;;;ANSD
SN1:DF_PROJ_POP_2050_COM(1.0);A10;SN-DK-DD4-1;PROJ_POP_2050_COM;2029;208709;NBR;;;;;ANSD
SN1:DF_PROJ_POP_2050_COM(1.0);A10;SN-DK-DD4-1;PROJ_POP_2050_COM;2030;212448;NBR;;;;;ANSD
SN1:DF_PROJ_POP_2050_COM(1.0);A10;SN-DK-DD4-2;PROJ_POP_2050_COM;2023;46821;NBR;;;;;ANSD
SN1:DF_PROJ_POP_2050_COM(1.0);A10;SN-DK-DD4-2;PROJ_POP_2050_COM;2024;47711;NBR;;;;;ANSD
SN1:DF_PROJ_POP_2050_COM(1.0);A10;SN-DK-DD4-2;PROJ_POP_2050_COM;2025;48614;NBR;;;;;ANSD
SN1:DF_PROJ_POP_2050_COM(1.0);A10;SN-DK-DD4-2;PROJ_POP_2050_COM;2026;49529;NBR;;;;;ANSD
SN1:DF_PROJ_POP_2050_COM(1.0);A10;SN-DK-DD4-2;PROJ_POP_2050_COM;2027;50453;NBR;;;;;ANSD
SN1:DF_PROJ_POP_2050_COM(1.0);A10;SN-DK-DD4-2;PROJ_POP_2050_COM;2028;51384;NBR;;;;;ANSD
SN1:DF_PROJ_POP_2050_COM(1.0);A10;SN-DK-DD4-2;PROJ_POP_2050_COM;2029;52319;NBR;;;;;ANSD
SN1:DF_PROJ_POP_2050_COM(1.0);A10;SN-DK-DD4-2;PROJ_POP_2050_COM;2030;53257;NBR;;;;;ANSD
SN1:DF_PROJ_POP_2050_COM(1.0);A10;SN-DK-DD4-3;PROJ_POP_2050_COM;2023;167671;NBR;;;;;ANSD
SN1:DF_PROJ_POP_2050_COM(1.0);A10;SN-DK-DD4-3;PROJ_POP_2050_COM;2024;170856;NBR;;;;;ANSD
SN1:DF_PROJ_POP_2050_COM(1.0);A10;SN-DK-DD4-3;PROJ_POP_2050_COM;2025;174091;NBR;;;;;ANSD
SN1:DF_PROJ_POP_2050_COM(1.0);A10;SN-DK-DD4-3;PROJ_POP_2050_COM;2026;177368;NBR;;;;;ANSD
SN1:DF_PROJ_POP_2050_COM(1.0);A10;SN-DK-DD4-3;PROJ_POP_2050_COM;2027;180678;NBR;;;;;ANSD
SN1:DF_PROJ_POP_2050_COM(1.0);A10;SN-DK-DD4-3;PROJ_POP_2050_COM;2028;184012;NBR;;;;;ANSD
SN1:DF_PROJ_POP_2050_COM(1.0);A10;SN-DK-DD4-3;PROJ_POP_2050_COM;2029;187361;NBR;;;;;ANSD
SN1:DF_PROJ_POP_2050_COM(1.0);A10;SN-DK-DD4-3;PROJ_POP_2050_COM;2030;190718;NBR;;;;;ANSD
SN1:DF_PROJ_POP_2050_COM(1.0);A10;SN-DK-DD4-4;PROJ_POP_2050_COM;2023;71432;NBR;;;;;ANSD
SN1:DF_PROJ_POP_2050_COM(1.0);A10;SN-DK-DD4-4;PROJ_POP_2050_COM;2024;72789;NBR;;;;;ANSD
SN1:DF_PROJ_POP_2050_COM(1.0);A10;SN-DK-DD4-4;PROJ_POP_2050_COM;2025;74167;NBR;;;;;ANSD
SN1:DF_PROJ_POP_2050_COM(1.0);A10;SN-DK-DD4-4;PROJ_POP_2050_COM;2026;75563;NBR;;;;;ANSD
SN1:DF_PROJ_POP_2050_COM(1.0);A10;SN-DK-DD4-4;PROJ_POP_2050_COM;2027;76973;NBR;;;;;ANSD
SN1:DF_PROJ_POP_2050_COM(1.0);A10;SN-DK-DD4-4;PROJ_POP_2050_COM;2028;78394;NBR;;;;;ANSD
SN1:DF_PROJ_POP_2050_COM(1.0);A10;SN-DK-DD4-4;PROJ_POP_2050_COM;2029;79821;NBR;;;;;ANSD
SN1:DF_PROJ_POP_2050_COM(1.0);A10;SN-DK-DD4-4;PROJ_POP_2050_COM;2030;81251;NBR;;;;;ANSD
SN1:DF_PROJ_POP_2050_COM(1.0);A10;SN-DK-GU1-1;PROJ_POP_2050_COM;2023;114069;NBR;;;;;ANSD
SN1:DF_PROJ_POP_2050_COM(1.0);A10;SN-DK-GU1-1;PROJ_POP_2050_COM;2024;116236;NBR;;;;;ANSD
SN1:DF_PROJ_POP_2050_COM(1.0);A10;SN-DK-GU1-1;PROJ_POP_2050_COM;2025;118437;NBR;;;;;ANSD
SN1:DF_PROJ_POP_2050_COM(1.0);A10;SN-DK-GU1-1;PROJ_POP_2050_COM;2026;120666;NBR;;;;;ANSD
SN1:DF_PROJ_POP_2050_COM(1.0);A10;SN-DK-GU1-1;PROJ_POP_2050_COM;2027;122918;NBR;;;;;ANSD
SN1:DF_PROJ_POP_2050_COM(1.0);A10;SN-DK-GU1-1;PROJ_POP_2050_COM;2028;125186;NBR;;;;;ANSD
SN1:DF_PROJ_POP_2050_COM(1.0);A10;SN-DK-GU1-1;PROJ_POP_2050_COM;2029;127465;NBR;;;;;ANSD
SN1:DF_PROJ_POP_2050_COM(1.0);A10;SN-DK-GU1-1;PROJ_POP_2050_COM;2030;129748;NBR;;;;;ANSD
SN1:DF_PROJ_POP_2050_COM(1.0);A10;SN-DK-GU1-2;PROJ_POP_2050_COM;2023;80566;NBR;;;;;ANSD
SN1:DF_PROJ_POP_2050_COM(1.0);A10;SN-DK-GU1-2;PROJ_POP_2050_COM;2024;82097;NBR;;;;;ANSD
SN1:DF_PROJ_POP_2050_COM(1.0);A10;SN-DK-GU1-2;PROJ_POP_2050_COM;2025;83651;NBR;;;;;ANSD
SN1:DF_PROJ_POP_2050_COM(1.0);A10;SN-DK-GU1-2;PROJ_POP_2050_COM;2026;85225;NBR;;;;;ANSD
SN1:DF_PROJ_POP_2050_COM(1.0);A10;SN-DK-GU1-2;PROJ_POP_2050_COM;2027;86816;NBR;;;;;ANSD
SN1:DF_PROJ_POP_2050_COM(1.0);A10;SN-DK-GU1-2;PROJ_POP_2050_COM;2028;88418;NBR;;;;;ANSD
SN1:DF_PROJ_POP_2050_COM(1.0);A10;SN-DK-GU1-2;PROJ_POP_2050_COM;2029;90027;NBR;;;;;ANSD
SN1:DF_PROJ_POP_2050_COM(1.0);A10;SN-DK-GU1-2;PROJ_POP_2050_COM;2030;91640;NBR;;;;;ANSD
SN1:DF_PROJ_POP_2050_COM(1.0);A10;SN-DK-GU2-1;PROJ_POP_2050_COM;2023;36024;NBR;;;;;ANSD
SN1:DF_PROJ_POP_2050_COM(1.0);A10;SN-DK-GU2-1;PROJ_POP_2050_COM;2024;36708;NBR;;;;;ANSD
SN1:DF_PROJ_POP_2050_COM(1.0);A10;SN-DK-GU2-1;PROJ_POP_2050_COM;2025;37403;NBR;;;;;ANSD
SN1:DF_PROJ_POP_2050_COM(1.0);A10;SN-DK-GU2-1;PROJ_POP_2050_COM;2026;38107;NBR;;;;;ANSD
SN1:DF_PROJ_POP_2050_COM(1.0);A10;SN-DK-GU2-1;PROJ_POP_2050_COM;2027;38819;NBR;;;;;ANSD
SN1:DF_PROJ_POP_2050_COM(1.0);A10;SN-DK-GU2-1;PROJ_POP_2050_COM;2028;39535;NBR;;;;;ANSD
SN1:DF_PROJ_POP_2050_COM(1.0);A10;SN-DK-GU2-1;PROJ_POP_2050_COM;2029;40254;NBR;;;;;ANSD
SN1:DF_PROJ_POP_2050_COM(1.0);A10;SN-DK-GU2-1;PROJ_POP_2050_COM;2030;40976;NBR;;;;;ANSD
SN1:DF_PROJ_POP_2050_COM(1.0);A10;SN-DK-GU2-2;PROJ_POP_2050_COM;2023;105461;NBR;;;;;ANSD
SN1:DF_PROJ_POP_2050_COM(1.0);A10;SN-DK-GU2-2;PROJ_POP_2050_COM;2024;107465;NBR;;;;;ANSD
SN1:DF_PROJ_POP_2050_COM(1.0);A10;SN-DK-GU2-2;PROJ_POP_2050_COM;2025;109499;NBR;;;;;ANSD
SN1:DF_PROJ_POP_2050_COM(1.0);A10;SN-DK-GU2-2;PROJ_POP_2050_COM;2026;111560;NBR;;;;;ANSD
SN1:DF_PROJ_POP_2050_COM(1.0);A10;SN-DK-GU2-2;PROJ_POP_2050_COM;2027;113642;NBR;;;;;ANSD
SN1:DF_PROJ_POP_2050_COM(1.0);A10;SN-DK-GU2-2;PROJ_POP_2050_COM;2028;115739;NBR;;;;;ANSD
SN1:DF_PROJ_POP_2050_COM(1.0);A10;SN-DK-GU2-2;PROJ_POP_2050_COM;2029;117846;NBR;;;;;ANSD
SN1:DF_PROJ_POP_2050_COM(1.0);A10;SN-DK-GU2-2;PROJ_POP_2050_COM;2030;119957;NBR;;;;;ANSD
SN1:DF_PROJ_POP_2050_COM(1.0);A10;SN-DK-GU2-3;PROJ_POP_2050_COM;2023;36588;NBR;;;;;ANSD
SN1:DF_PROJ_POP_2050_COM(1.0);A10;SN-DK-GU2-3;PROJ_POP_2050_COM;2024;37283;NBR;;;;;ANSD
SN1:DF_PROJ_POP_2050_COM(1.0);A10;SN-DK-GU2-3;PROJ_POP_2050_COM;2025;37989;NBR;;;;;ANSD
SN1:DF_PROJ_POP_2050_COM(1.0);A10;SN-DK-GU2-3;PROJ_POP_2050_COM;2026;38704;NBR;;;;;ANSD
SN1:DF_PROJ_POP_2050_COM(1.0);A10;SN-DK-GU2-3;PROJ_POP_2050_COM;2027;39426;NBR;;;;;ANSD
SN1:DF_PROJ_POP_2050_COM(1.0);A10;SN-DK-GU2-3;PROJ_POP_2050_COM;2028;40154;NBR;;;;;ANSD
SN1:DF_PROJ_POP_2050_COM(1.0);A10;SN-DK-GU2-3;PROJ_POP_2050_COM;2029;40885;NBR;;;;;ANSD
SN1:DF_PROJ_POP_2050_COM(1.0);A10;SN-DK-GU2-3;PROJ_POP_2050_COM;2030;41617;NBR;;;;;ANSD
SN1:DF_PROJ_POP_2050_COM(1.0);A10;SN-DK-KM1-1;PROJ_POP_2050_COM;2023;204375;NBR;;;;;ANSD
SN1:DF_PROJ_POP_2050_COM(1.0);A10;SN-DK-KM1-1;PROJ_POP_2050_COM;2024;208258;NBR;;;;;ANSD
SN1:DF_PROJ_POP_2050_COM(1.0);A10;SN-DK-KM1-1;PROJ_POP_2050_COM;2025;212201;NBR;;;;;ANSD
SN1:DF_PROJ_POP_2050_COM(1.0);A10;SN-DK-KM1-1;PROJ_POP_2050_COM;2026;216195;NBR;;;;;ANSD
SN1:DF_PROJ_POP_2050_COM(1.0);A10;SN-DK-KM1-1;PROJ_POP_2050_COM;2027;220229;NBR;;;;;ANSD
SN1:DF_PROJ_POP_2050_COM(1.0);A10;SN-DK-KM1-1;PROJ_POP_2050_COM;2028;224293;NBR;;;;;ANSD
SN1:DF_PROJ_POP_2050_COM(1.0);A10;SN-DK-KM1-1;PROJ_POP_2050_COM;2029;228376;NBR;;;;;ANSD
SN1:DF_PROJ_POP_2050_COM(1.0);A10;SN-DK-KM1-1;PROJ_POP_2050_COM;2030;232467;NBR;;;;;ANSD
SN1:DF_PROJ_POP_2050_COM(1.0);A10;SN-DK-KM1-2;PROJ_POP_2050_COM;2023;108069;NBR;;;;;ANSD
SN1:DF_PROJ_POP_2050_COM(1.0);A10;SN-DK-KM1-2;PROJ_POP_2050_COM;2024;110122;NBR;;;;;ANSD
SN1:DF_PROJ_POP_2050_COM(1.0);A10;SN-DK-KM1-2;PROJ_POP_2050_COM;2025;112207;NBR;;;;;ANSD
SN1:DF_PROJ_POP_2050_COM(1.0);A10;SN-DK-KM1-2;PROJ_POP_2050_COM;2026;114319;NBR;;;;;ANSD
SN1:DF_PROJ_POP_2050_COM(1.0);A10;SN-DK-KM1-2;PROJ_POP_2050_COM;2027;116452;NBR;;;;;ANSD
SN1:DF_PROJ_POP_2050_COM(1.0);A10;SN-DK-KM1-2;PROJ_POP_2050_COM;2028;118601;NBR;;;;;ANSD
SN1:DF_PROJ_POP_2050_COM(1.0);A10;SN-DK-KM1-2;PROJ_POP_2050_COM;2029;120760;NBR;;;;;ANSD
SN1:DF_PROJ_POP_2050_COM(1.0);A10;SN-DK-KM1-2;PROJ_POP_2050_COM;2030;122923;NBR;;;;;ANSD
SN1:DF_PROJ_POP_2050_COM(1.0);A10;SN-DK-KM2-1;PROJ_POP_2050_COM;2023;56707;NBR;;;;;ANSD
SN1:DF_PROJ_POP_2050_COM(1.0);A10;SN-DK-KM2-1;PROJ_POP_2050_COM;2024;57784;NBR;;;;;ANSD
SN1:DF_PROJ_POP_2050_COM(1.0);A10;SN-DK-KM2-1;PROJ_POP_2050_COM;2025;58878;NBR;;;;;ANSD
SN1:DF_PROJ_POP_2050_COM(1.0);A10;SN-DK-KM2-1;PROJ_POP_2050_COM;2026;59987;NBR;;;;;ANSD
SN1:DF_PROJ_POP_2050_COM(1.0);A10;SN-DK-KM2-1;PROJ_POP_2050_COM;2027;61106;NBR;;;;;ANSD
SN1:DF_PROJ_POP_2050_COM(1.0);A10;SN-DK-KM2-1;PROJ_POP_2050_COM;2028;62234;NBR;;;;;ANSD
SN1:DF_PROJ_POP_2050_COM(1.0);A10;SN-DK-KM2-1;PROJ_POP_2050_COM;2029;63366;NBR;;;;;ANSD
SN1:DF_PROJ_POP_2050_COM(1.0);A10;SN-DK-KM2-1;PROJ_POP_2050_COM;2030;64502;NBR;;;;;ANSD
SN1:DF_PROJ_POP_2050_COM(1.0);A10;SN-DK-KM2-2;PROJ_POP_2050_COM;2023;224765;NBR;;;;;ANSD
SN1:DF_PROJ_POP_2050_COM(1.0);A10;SN-DK-KM2-2;PROJ_POP_2050_COM;2024;229035;NBR;;;;;ANSD
SN1:DF_PROJ_POP_2050_COM(1.0);A10;SN-DK-KM2-2;PROJ_POP_2050_COM;2025;233371;NBR;;;;;ANSD
SN1:DF_PROJ_POP_2050_COM(1.0);A10;SN-DK-KM2-2;PROJ_POP_2050_COM;2026;237764;NBR;;;;;ANSD
SN1:DF_PROJ_POP_2050_COM(1.0);A10;SN-DK-KM2-2;PROJ_POP_2050_COM;2027;242201;NBR;;;;;ANSD
SN1:DF_PROJ_POP_2050_COM(1.0);A10;SN-DK-KM2-2;PROJ_POP_2050_COM;2028;246670;NBR;;;;;ANSD
SN1:DF_PROJ_POP_2050_COM(1.0);A10;SN-DK-KM2-2;PROJ_POP_2050_COM;2029;251160;NBR;;;;;ANSD
SN1:DF_PROJ_POP_2050_COM(1.0);A10;SN-DK-KM2-2;PROJ_POP_2050_COM;2030;255660;NBR;;;;;ANSD
SN1:DF_PROJ_POP_2050_COM(1.0);A10;SN-DK-KM3-1;PROJ_POP_2050_COM;2023;71036;NBR;;;;;ANSD
SN1:DF_PROJ_POP_2050_COM(1.0);A10;SN-DK-KM3-1;PROJ_POP_2050_COM;2024;72386;NBR;;;;;ANSD
SN1:DF_PROJ_POP_2050_COM(1.0);A10;SN-DK-KM3-1;PROJ_POP_2050_COM;2025;73756;NBR;;;;;ANSD
SN1:DF_PROJ_POP_2050_COM(1.0);A10;SN-DK-KM3-1;PROJ_POP_2050_COM;2026;75144;NBR;;;;;ANSD
SN1:DF_PROJ_POP_2050_COM(1.0);A10;SN-DK-KM3-1;PROJ_POP_2050_COM;2027;76547;NBR;;;;;ANSD
SN1:DF_PROJ_POP_2050_COM(1.0);A10;SN-DK-KM3-1;PROJ_POP_2050_COM;2028;77959;NBR;;;;;ANSD
SN1:DF_PROJ_POP_2050_COM(1.0);A10;SN-DK-KM3-1;PROJ_POP_2050_COM;2029;79378;NBR;;;;;ANSD
SN1:DF_PROJ_POP_2050_COM(1.0);A10;SN-DK-KM3-1;PROJ_POP_2050_COM;2030;80800;NBR;;;;;ANSD
SN1:DF_PROJ_POP_2050_COM(1.0);A10;SN-DK-KM3-2;PROJ_POP_2050_COM;2023;105362;NBR;;;;;ANSD
SN1:DF_PROJ_POP_2050_COM(1.0);A10;SN-DK-KM3-2;PROJ_POP_2050_COM;2024;107364;NBR;;;;;ANSD
SN1:DF_PROJ_POP_2050_COM(1.0);A10;SN-DK-KM3-2;PROJ_POP_2050_COM;2025;109396;NBR;;;;;ANSD
SN1:DF_PROJ_POP_2050_COM(1.0);A10;SN-DK-KM3-2;PROJ_POP_2050_COM;2026;111455;NBR;;;;;ANSD
SN1:DF_PROJ_POP_2050_COM(1.0);A10;SN-DK-KM3-2;PROJ_POP_2050_COM;2027;113535;NBR;;;;;ANSD
SN1:DF_PROJ_POP_2050_COM(1.0);A10;SN-DK-KM3-2;PROJ_POP_2050_COM;2028;115630;NBR;;;;;ANSD
SN1:DF_PROJ_POP_2050_COM(1.0);A10;SN-DK-KM3-2;PROJ_POP_2050_COM;2029;117735;NBR;;;;;ANSD
SN1:DF_PROJ_POP_2050_COM(1.0);A10;SN-DK-KM3-2;PROJ_POP_2050_COM;2030;119844;NBR;;;;;ANSD
SN1:DF_PROJ_POP_2050_COM(1.0);A10;SN-DK-PI1-1;PROJ_POP_2050_COM;2023;57240;NBR;;;;;ANSD
SN1:DF_PROJ_POP_2050_COM(1.0);A10;SN-DK-PI1-1;PROJ_POP_2050_COM;2024;58327;NBR;;;;;ANSD
SN1:DF_PROJ_POP_2050_COM(1.0);A10;SN-DK-PI1-1;PROJ_POP_2050_COM;2025;59432;NBR;;;;;ANSD
SN1:DF_PROJ_POP_2050_COM(1.0);A10;SN-DK-PI1-1;PROJ_POP_2050_COM;2026;60550;NBR;;;;;ANSD
SN1:DF_PROJ_POP_2050_COM(1.0);A10;SN-DK-PI1-1;PROJ_POP_2050_COM;2027;61680;NBR;;;;;ANSD
SN1:DF_PROJ_POP_2050_COM(1.0);A10;SN-DK-PI1-1;PROJ_POP_2050_COM;2028;62819;NBR;;;;;ANSD
SN1:DF_PROJ_POP_2050_COM(1.0);A10;SN-DK-PI1-1;PROJ_POP_2050_COM;2029;63962;NBR;;;;;ANSD
SN1:DF_PROJ_POP_2050_COM(1.0);A10;SN-DK-PI1-1;PROJ_POP_2050_COM;2030;65108;NBR;;;;;ANSD
SN1:DF_PROJ_POP_2050_COM(1.0);A10;SN-DK-PI1-2;PROJ_POP_2050_COM;2023;32717;NBR;;;;;ANSD
SN1:DF_PROJ_POP_2050_COM(1.0);A10;SN-DK-PI1-2;PROJ_POP_2050_COM;2024;33339;NBR;;;;;ANSD
SN1:DF_PROJ_POP_2050_COM(1.0);A10;SN-DK-PI1-2;PROJ_POP_2050_COM;2025;33970;NBR;;;;;ANSD
SN1:DF_PROJ_POP_2050_COM(1.0);A10;SN-DK-PI1-2;PROJ_POP_2050_COM;2026;34609;NBR;;;;;ANSD
SN1:DF_PROJ_POP_2050_COM(1.0);A10;SN-DK-PI1-2;PROJ_POP_2050_COM;2027;35255;NBR;;;;;ANSD
SN1:DF_PROJ_POP_2050_COM(1.0);A10;SN-DK-PI1-2;PROJ_POP_2050_COM;2028;35906;NBR;;;;;ANSD
SN1:DF_PROJ_POP_2050_COM(1.0);A10;SN-DK-PI1-2;PROJ_POP_2050_COM;2029;36559;NBR;;;;;ANSD
SN1:DF_PROJ_POP_2050_COM(1.0);A10;SN-DK-PI1-2;PROJ_POP_2050_COM;2030;37214;NBR;;;;;ANSD
SN1:DF_PROJ_POP_2050_COM(1.0);A10;SN-DK-PI1-3;PROJ_POP_2050_COM;2023;49088;NBR;;;;;ANSD
SN1:DF_PROJ_POP_2050_COM(1.0);A10;SN-DK-PI1-3;PROJ_POP_2050_COM;2024;50021;NBR;;;;;ANSD
SN1:DF_PROJ_POP_2050_COM(1.0);A10;SN-DK-PI1-3;PROJ_POP_2050_COM;2025;50968;NBR;;;;;ANSD
SN1:DF_PROJ_POP_2050_COM(1.0);A10;SN-DK-PI1-3;PROJ_POP_2050_COM;2026;51927;NBR;;;;;ANSD
SN1:DF_PROJ_POP_2050_COM(1.0);A10;SN-DK-PI1-3;PROJ_POP_2050_COM;2027;52896;NBR;;;;;ANSD
SN1:DF_PROJ_POP_2050_COM(1.0);A10;SN-DK-PI1-3;PROJ_POP_2050_COM;2028;53872;NBR;;;;;ANSD
SN1:DF_PROJ_POP_2050_COM(1.0);A10;SN-DK-PI1-3;PROJ_POP_2050_COM;2029;54853;NBR;;;;;ANSD
SN1:DF_PROJ_POP_2050_COM(1.0);A10;SN-DK-PI1-3;PROJ_POP_2050_COM;2030;55835;NBR;;;;;ANSD
SN1:DF_PROJ_POP_2050_COM(1.0);A10;SN-DK-PI1-4;PROJ_POP_2050_COM;2023;39096;NBR;;;;;ANSD
SN1:DF_PROJ_POP_2050_COM(1.0);A10;SN-DK-PI1-4;PROJ_POP_2050_COM;2024;39839;NBR;;;;;ANSD
SN1:DF_PROJ_POP_2050_COM(1.0);A10;SN-DK-PI1-4;PROJ_POP_2050_COM;2025;40593;NBR;;;;;ANSD
SN1:DF_PROJ_POP_2050_COM(1.0);A10;SN-DK-PI1-4;PROJ_POP_2050_COM;2026;41357;NBR;;;;;ANSD
SN1:DF_PROJ_POP_2050_COM(1.0);A10;SN-DK-PI1-4;PROJ_POP_2050_COM;2027;42129;NBR;;;;;ANSD
SN1:DF_PROJ_POP_2050_COM(1.0);A10;SN-DK-PI1-4;PROJ_POP_2050_COM;2028;42906;NBR;;;;;ANSD
SN1:DF_PROJ_POP_2050_COM(1.0);A10;SN-DK-PI1-4;PROJ_POP_2050_COM;2029;43687;NBR;;;;;ANSD
SN1:DF_PROJ_POP_2050_COM(1.0);A10;SN-DK-PI1-4;PROJ_POP_2050_COM;2030;44470;NBR;;;;;ANSD
SN1:DF_PROJ_POP_2050_COM(1.0);A10;SN-DK-PI1-5;PROJ_POP_2050_COM;2023;100128;NBR;;;;;ANSD
SN1:DF_PROJ_POP_2050_COM(1.0);A10;SN-DK-PI1-5;PROJ_POP_2050_COM;2024;102030;NBR;;;;;ANSD
SN1:DF_PROJ_POP_2050_COM(1.0);A10;SN-DK-PI1-5;PROJ_POP_2050_COM;2025;103962;NBR;;;;;ANSD
SN1:DF_PROJ_POP_2050_COM(1.0);A10;SN-DK-PI1-5;PROJ_POP_2050_COM;2026;105919;NBR;;;;;ANSD
SN1:DF_PROJ_POP_2050_COM(1.0);A10;SN-DK-PI1-5;PROJ_POP_2050_COM;2027;107895;NBR;;;;;ANSD
SN1:DF_PROJ_POP_2050_COM(1.0);A10;SN-DK-PI1-5;PROJ_POP_2050_COM;2028;109886;NBR;;;;;ANSD
SN1:DF_PROJ_POP_2050_COM(1.0);A10;SN-DK-PI1-5;PROJ_POP_2050_COM;2029;111887;NBR;;;;;ANSD
SN1:DF_PROJ_POP_2050_COM(1.0);A10;SN-DK-PI1-5;PROJ_POP_2050_COM;2030;113891;NBR;;;;;ANSD
SN1:DF_PROJ_POP_2050_COM(1.0);A10;SN-DK-PI1-6;PROJ_POP_2050_COM;2023;30303;NBR;;;;;ANSD
SN1:DF_PROJ_POP_2050_COM(1.0);A10;SN-DK-PI1-6;PROJ_POP_2050_COM;2024;30879;NBR;;;;;ANSD
SN1:DF_PROJ_POP_2050_COM(1.0);A10;SN-DK-PI1-6;PROJ_POP_2050_COM;2025;31463;NBR;;;;;ANSD
SN1:DF_PROJ_POP_2050_COM(1.0);A10;SN-DK-PI1-6;PROJ_POP_2050_COM;2026;32056;NBR;;;;;ANSD
SN1:DF_PROJ_POP_2050_COM(1.0);A10;SN-DK-PI1-6;PROJ_POP_2050_COM;2027;32654;NBR;;;;;ANSD
SN1:DF_PROJ_POP_2050_COM(1.0);A10;SN-DK-PI1-6;PROJ_POP_2050_COM;2028;33256;NBR;;;;;ANSD
SN1:DF_PROJ_POP_2050_COM(1.0);A10;SN-DK-PI1-6;PROJ_POP_2050_COM;2029;33862;NBR;;;;;ANSD
SN1:DF_PROJ_POP_2050_COM(1.0);A10;SN-DK-PI1-6;PROJ_POP_2050_COM;2030;34468;NBR;;;;;ANSD
SN1:DF_PROJ_POP_2050_COM(1.0);A10;SN-DK-PI1-7;PROJ_POP_2050_COM;2023;40185;NBR;;;;;ANSD
SN1:DF_PROJ_POP_2050_COM(1.0);A10;SN-DK-PI1-7;PROJ_POP_2050_COM;2024;40948;NBR;;;;;ANSD
SN1:DF_PROJ_POP_2050_COM(1.0);A10;SN-DK-PI1-7;PROJ_POP_2050_COM;2025;41724;NBR;;;;;ANSD
SN1:DF_PROJ_POP_2050_COM(1.0);A10;SN-DK-PI1-7;PROJ_POP_2050_COM;2026;42509;NBR;;;;;ANSD
SN1:DF_PROJ_POP_2050_COM(1.0);A10;SN-DK-PI1-7;PROJ_POP_2050_COM;2027;43302;NBR;;;;;ANSD
SN1:DF_PROJ_POP_2050_COM(1.0);A10;SN-DK-PI1-7;PROJ_POP_2050_COM;2028;44101;NBR;;;;;ANSD
SN1:DF_PROJ_POP_2050_COM(1.0);A10;SN-DK-PI1-7;PROJ_POP_2050_COM;2029;44904;NBR;;;;;ANSD
SN1:DF_PROJ_POP_2050_COM(1.0);A10;SN-DK-PI1-7;PROJ_POP_2050_COM;2030;45709;NBR;;;;;ANSD
SN1:DF_PROJ_POP_2050_COM(1.0);A10;SN-DK-PI2-1;PROJ_POP_2050_COM;2023;61079;NBR;;;;;ANSD
SN1:DF_PROJ_POP_2050_COM(1.0);A10;SN-DK-PI2-1;PROJ_POP_2050_COM;2024;62239;NBR;;;;;ANSD
SN1:DF_PROJ_POP_2050_COM(1.0);A10;SN-DK-PI2-1;PROJ_POP_2050_COM;2025;63418;NBR;;;;;ANSD
SN1:DF_PROJ_POP_2050_COM(1.0);A10;SN-DK-PI2-1;PROJ_POP_2050_COM;2026;64611;NBR;;;;;ANSD
SN1:DF_PROJ_POP_2050_COM(1.0);A10;SN-DK-PI2-1;PROJ_POP_2050_COM;2027;65817;NBR;;;;;ANSD
SN1:DF_PROJ_POP_2050_COM(1.0);A10;SN-DK-PI2-1;PROJ_POP_2050_COM;2028;67032;NBR;;;;;ANSD
SN1:DF_PROJ_POP_2050_COM(1.0);A10;SN-DK-PI2-1;PROJ_POP_2050_COM;2029;68252;NBR;;;;;ANSD
SN1:DF_PROJ_POP_2050_COM(1.0);A10;SN-DK-PI2-1;PROJ_POP_2050_COM;2030;69474;NBR;;;;;ANSD
SN1:DF_PROJ_POP_2050_COM(1.0);A10;SN-DK-PI2-2;PROJ_POP_2050_COM;2023;40892;NBR;;;;;ANSD
SN1:DF_PROJ_POP_2050_COM(1.0);A10;SN-DK-PI2-2;PROJ_POP_2050_COM;2024;41669;NBR;;;;;ANSD
SN1:DF_PROJ_POP_2050_COM(1.0);A10;SN-DK-PI2-2;PROJ_POP_2050_COM;2025;42458;NBR;;;;;ANSD
SN1:DF_PROJ_POP_2050_COM(1.0);A10;SN-DK-PI2-2;PROJ_POP_2050_COM;2026;43257;NBR;;;;;ANSD
SN1:DF_PROJ_POP_2050_COM(1.0);A10;SN-DK-PI2-2;PROJ_POP_2050_COM;2027;44064;NBR;;;;;ANSD
SN1:DF_PROJ_POP_2050_COM(1.0);A10;SN-DK-PI2-2;PROJ_POP_2050_COM;2028;44877;NBR;;;;;ANSD
SN1:DF_PROJ_POP_2050_COM(1.0);A10;SN-DK-PI2-2;PROJ_POP_2050_COM;2029;45694;NBR;;;;;ANSD
SN1:DF_PROJ_POP_2050_COM(1.0);A10;SN-DK-PI2-2;PROJ_POP_2050_COM;2030;46513;NBR;;;;;ANSD
SN1:DF_PROJ_POP_2050_COM(1.0);A10;SN-DK-PI2-3;PROJ_POP_2050_COM;2023;139376;NBR;;;;;ANSD
SN1:DF_PROJ_POP_2050_COM(1.0);A10;SN-DK-PI2-3;PROJ_POP_2050_COM;2024;142024;NBR;;;;;ANSD
SN1:DF_PROJ_POP_2050_COM(1.0);A10;SN-DK-PI2-3;PROJ_POP_2050_COM;2025;144713;NBR;;;;;ANSD
SN1:DF_PROJ_POP_2050_COM(1.0);A10;SN-DK-PI2-3;PROJ_POP_2050_COM;2026;147437;NBR;;;;;ANSD
SN1:DF_PROJ_POP_2050_COM(1.0);A10;SN-DK-PI2-3;PROJ_POP_2050_COM;2027;150188;NBR;;;;;ANSD
SN1:DF_PROJ_POP_2050_COM(1.0);A10;SN-DK-PI2-3;PROJ_POP_2050_COM;2028;152959;NBR;;;;;ANSD
SN1:DF_PROJ_POP_2050_COM(1.0);A10;SN-DK-PI2-3;PROJ_POP_2050_COM;2029;155744;NBR;;;;;ANSD
SN1:DF_PROJ_POP_2050_COM(1.0);A10;SN-DK-PI2-3;PROJ_POP_2050_COM;2030;158534;NBR;;;;;ANSD
SN1:DF_PROJ_POP_2050_COM(1.0);A10;SN-DK-PI2-4;PROJ_POP_2050_COM;2023;25037;NBR;;;;;ANSD
SN1:DF_PROJ_POP_2050_COM(1.0);A10;SN-DK-PI2-4;PROJ_POP_2050_COM;2024;25513;NBR;;;;;ANSD
SN1:DF_PROJ_POP_2050_COM(1.0);A10;SN-DK-PI2-4;PROJ_POP_2050_COM;2025;25996;NBR;;;;;ANSD
SN1:DF_PROJ_POP_2050_COM(1.0);A10;SN-DK-PI2-4;PROJ_POP_2050_COM;2026;26485;NBR;;;;;ANSD
SN1:DF_PROJ_POP_2050_COM(1.0);A10;SN-DK-PI2-4;PROJ_POP_2050_COM;2027;26979;NBR;;;;;ANSD
SN1:DF_PROJ_POP_2050_COM(1.0);A10;SN-DK-PI2-4;PROJ_POP_2050_COM;2028;27477;NBR;;;;;ANSD
SN1:DF_PROJ_POP_2050_COM(1.0);A10;SN-DK-PI2-4;PROJ_POP_2050_COM;2029;27977;NBR;;;;;ANSD
SN1:DF_PROJ_POP_2050_COM(1.0);A10;SN-DK-PI2-4;PROJ_POP_2050_COM;2030;28478;NBR;;;;;ANSD
SN1:DF_PROJ_POP_2050_COM(1.0);A10;SN-DK-PI2-5;PROJ_POP_2050_COM;2023;149456;NBR;;;;;ANSD
SN1:DF_PROJ_POP_2050_COM(1.0);A10;SN-DK-PI2-5;PROJ_POP_2050_COM;2024;152295;NBR;;;;;ANSD
SN1:DF_PROJ_POP_2050_COM(1.0);A10;SN-DK-PI2-5;PROJ_POP_2050_COM;2025;155179;NBR;;;;;ANSD
SN1:DF_PROJ_POP_2050_COM(1.0);A10;SN-DK-PI2-5;PROJ_POP_2050_COM;2026;158099;NBR;;;;;ANSD
SN1:DF_PROJ_POP_2050_COM(1.0);A10;SN-DK-PI2-5;PROJ_POP_2050_COM;2027;161050;NBR;;;;;ANSD
SN1:DF_PROJ_POP_2050_COM(1.0);A10;SN-DK-PI2-5;PROJ_POP_2050_COM;2028;164022;NBR;;;;;ANSD
SN1:DF_PROJ_POP_2050_COM(1.0);A10;SN-DK-PI2-5;PROJ_POP_2050_COM;2029;167007;NBR;;;;;ANSD
SN1:DF_PROJ_POP_2050_COM(1.0);A10;SN-DK-PI2-5;PROJ_POP_2050_COM;2030;169999;NBR;;;;;ANSD
SN1:DF_PROJ_POP_2050_COM(1.0);A10;SN-DK-RU1-1;PROJ_POP_2050_COM;2023;126253;NBR;;;;;ANSD
SN1:DF_PROJ_POP_2050_COM(1.0);A10;SN-DK-RU1-1;PROJ_POP_2050_COM;2024;128652;NBR;;;;;ANSD
SN1:DF_PROJ_POP_2050_COM(1.0);A10;SN-DK-RU1-1;PROJ_POP_2050_COM;2025;131087;NBR;;;;;ANSD
SN1:DF_PROJ_POP_2050_COM(1.0);A10;SN-DK-RU1-1;PROJ_POP_2050_COM;2026;133555;NBR;;;;;ANSD
SN1:DF_PROJ_POP_2050_COM(1.0);A10;SN-DK-RU1-1;PROJ_POP_2050_COM;2027;136047;NBR;;;;;ANSD
SN1:DF_PROJ_POP_2050_COM(1.0);A10;SN-DK-RU1-1;PROJ_POP_2050_COM;2028;138557;NBR;;;;;ANSD
SN1:DF_PROJ_POP_2050_COM(1.0);A10;SN-DK-RU1-1;PROJ_POP_2050_COM;2029;141080;NBR;;;;;ANSD
SN1:DF_PROJ_POP_2050_COM(1.0);A10;SN-DK-RU1-1;PROJ_POP_2050_COM;2030;143607;NBR;;;;;ANSD
SN1:DF_PROJ_POP_2050_COM(1.0);A10;SN-DK-RU1-2;PROJ_POP_2050_COM;2023;84754;NBR;;;;;ANSD
SN1:DF_PROJ_POP_2050_COM(1.0);A10;SN-DK-RU1-2;PROJ_POP_2050_COM;2024;86364;NBR;;;;;ANSD
SN1:DF_PROJ_POP_2050_COM(1.0);A10;SN-DK-RU1-2;PROJ_POP_2050_COM;2025;87999;NBR;;;;;ANSD
SN1:DF_PROJ_POP_2050_COM(1.0);A10;SN-DK-RU1-2;PROJ_POP_2050_COM;2026;89656;NBR;;;;;ANSD
SN1:DF_PROJ_POP_2050_COM(1.0);A10;SN-DK-RU1-2;PROJ_POP_2050_COM;2027;91329;NBR;;;;;ANSD
SN1:DF_PROJ_POP_2050_COM(1.0);A10;SN-DK-RU1-2;PROJ_POP_2050_COM;2028;93014;NBR;;;;;ANSD
SN1:DF_PROJ_POP_2050_COM(1.0);A10;SN-DK-RU1-2;PROJ_POP_2050_COM;2029;94707;NBR;;;;;ANSD
SN1:DF_PROJ_POP_2050_COM(1.0);A10;SN-DK-RU1-2;PROJ_POP_2050_COM;2030;96404;NBR;;;;;ANSD
SN1:DF_PROJ_POP_2050_COM(1.0);A10;SN-DK-RU1-3;PROJ_POP_2050_COM;2023;84452;NBR;;;;;ANSD
SN1:DF_PROJ_POP_2050_COM(1.0);A10;SN-DK-RU1-3;PROJ_POP_2050_COM;2024;86056;NBR;;;;;ANSD
SN1:DF_PROJ_POP_2050_COM(1.0);A10;SN-DK-RU1-3;PROJ_POP_2050_COM;2025;87686;NBR;;;;;ANSD
SN1:DF_PROJ_POP_2050_COM(1.0);A10;SN-DK-RU1-3;PROJ_POP_2050_COM;2026;89336;NBR;;;;;ANSD
SN1:DF_PROJ_POP_2050_COM(1.0);A10;SN-DK-RU1-3;PROJ_POP_2050_COM;2027;91003;NBR;;;;;ANSD
SN1:DF_PROJ_POP_2050_COM(1.0);A10;SN-DK-RU1-3;PROJ_POP_2050_COM;2028;92683;NBR;;;;;ANSD
SN1:DF_PROJ_POP_2050_COM(1.0);A10;SN-DK-RU1-3;PROJ_POP_2050_COM;2029;94370;NBR;;;;;ANSD
SN1:DF_PROJ_POP_2050_COM(1.0);A10;SN-DK-RU1-3;PROJ_POP_2050_COM;2030;96060;NBR;;;;;ANSD
SN1:DF_PROJ_POP_2050_COM(1.0);A10;SN-DK-RU2-1;PROJ_POP_2050_COM;2023;69242;NBR;;;;;ANSD
SN1:DF_PROJ_POP_2050_COM(1.0);A10;SN-DK-RU2-1;PROJ_POP_2050_COM;2024;70557;NBR;;;;;ANSD
SN1:DF_PROJ_POP_2050_COM(1.0);A10;SN-DK-RU2-1;PROJ_POP_2050_COM;2025;71893;NBR;;;;;ANSD
SN1:DF_PROJ_POP_2050_COM(1.0);A10;SN-DK-RU2-1;PROJ_POP_2050_COM;2026;73246;NBR;;;;;ANSD
SN1:DF_PROJ_POP_2050_COM(1.0);A10;SN-DK-RU2-1;PROJ_POP_2050_COM;2027;74613;NBR;;;;;ANSD
SN1:DF_PROJ_POP_2050_COM(1.0);A10;SN-DK-RU2-1;PROJ_POP_2050_COM;2028;75990;NBR;;;;;ANSD
SN1:DF_PROJ_POP_2050_COM(1.0);A10;SN-DK-RU2-1;PROJ_POP_2050_COM;2029;77373;NBR;;;;;ANSD
SN1:DF_PROJ_POP_2050_COM(1.0);A10;SN-DK-RU2-1;PROJ_POP_2050_COM;2030;78759;NBR;;;;;ANSD
SN1:DF_PROJ_POP_2050_COM(1.0);A10;SN-DK-RU3-1;PROJ_POP_2050_COM;2023;4045;NBR;;;;;ANSD
SN1:DF_PROJ_POP_2050_COM(1.0);A10;SN-DK-RU3-1;PROJ_POP_2050_COM;2024;4122;NBR;;;;;ANSD
SN1:DF_PROJ_POP_2050_COM(1.0);A10;SN-DK-RU3-1;PROJ_POP_2050_COM;2025;4200;NBR;;;;;ANSD
SN1:DF_PROJ_POP_2050_COM(1.0);A10;SN-DK-RU3-1;PROJ_POP_2050_COM;2026;4279;NBR;;;;;ANSD
SN1:DF_PROJ_POP_2050_COM(1.0);A10;SN-DK-RU3-1;PROJ_POP_2050_COM;2027;4359;NBR;;;;;ANSD
SN1:DF_PROJ_POP_2050_COM(1.0);A10;SN-DK-RU3-1;PROJ_POP_2050_COM;2028;4439;NBR;;;;;ANSD
SN1:DF_PROJ_POP_2050_COM(1.0);A10;SN-DK-RU3-1;PROJ_POP_2050_COM;2029;4520;NBR;;;;;ANSD
SN1:DF_PROJ_POP_2050_COM(1.0);A10;SN-DK-RU3-1;PROJ_POP_2050_COM;2030;4601;NBR;;;;;ANSD
SN1:DF_PROJ_POP_2050_COM(1.0);A10;SN-DK-RU4-1;PROJ_POP_2050_COM;2023;34892;NBR;;;;;ANSD
SN1:DF_PROJ_POP_2050_COM(1.0);A10;SN-DK-RU4-1;PROJ_POP_2050_COM;2024;35555;NBR;;;;;ANSD
SN1:DF_PROJ_POP_2050_COM(1.0);A10;SN-DK-RU4-1;PROJ_POP_2050_COM;2025;36228;NBR;;;;;ANSD
SN1:DF_PROJ_POP_2050_COM(1.0);A10;SN-DK-RU4-1;PROJ_POP_2050_COM;2026;36910;NBR;;;;;ANSD
SN1:DF_PROJ_POP_2050_COM(1.0);A10;SN-DK-RU4-1;PROJ_POP_2050_COM;2027;37599;NBR;;;;;ANSD
SN1:DF_PROJ_POP_2050_COM(1.0);A10;SN-DK-RU4-1;PROJ_POP_2050_COM;2028;38293;NBR;;;;;ANSD
SN1:DF_PROJ_POP_2050_COM(1.0);A10;SN-DK-RU4-1;PROJ_POP_2050_COM;2029;38990;NBR;;;;;ANSD
SN1:DF_PROJ_POP_2050_COM(1.0);A10;SN-DK-RU4-1;PROJ_POP_2050_COM;2030;39688;NBR;;;;;ANSD
SN1:DF_PROJ_POP_2050_COM(1.0);A10;SN-DK-RU4-2;PROJ_POP_2050_COM;2023;47759;NBR;;;;;ANSD
SN1:DF_PROJ_POP_2050_COM(1.0);A10;SN-DK-RU4-2;PROJ_POP_2050_COM;2024;48666;NBR;;;;;ANSD
SN1:DF_PROJ_POP_2050_COM(1.0);A10;SN-DK-RU4-2;PROJ_POP_2050_COM;2025;49588;NBR;;;;;ANSD
SN1:DF_PROJ_POP_2050_COM(1.0);A10;SN-DK-RU4-2;PROJ_POP_2050_COM;2026;50521;NBR;;;;;ANSD
SN1:DF_PROJ_POP_2050_COM(1.0);A10;SN-DK-RU4-2;PROJ_POP_2050_COM;2027;51464;NBR;;;;;ANSD
SN1:DF_PROJ_POP_2050_COM(1.0);A10;SN-DK-RU4-2;PROJ_POP_2050_COM;2028;52414;NBR;;;;;ANSD
SN1:DF_PROJ_POP_2050_COM(1.0);A10;SN-DK-RU4-2;PROJ_POP_2050_COM;2029;53368;NBR;;;;;ANSD
SN1:DF_PROJ_POP_2050_COM(1.0);A10;SN-DK-RU4-2;PROJ_POP_2050_COM;2030;54324;NBR;;;;;ANSD
SN1:DF_PROJ_POP_2050_COM(1.0);A10;SN-DK-RU4-3;PROJ_POP_2050_COM;2023;42839;NBR;;;;;ANSD
SN1:DF_PROJ_POP_2050_COM(1.0);A10;SN-DK-RU4-3;PROJ_POP_2050_COM;2024;43653;NBR;;;;;ANSD
SN1:DF_PROJ_POP_2050_COM(1.0);A10;SN-DK-RU4-3;PROJ_POP_2050_COM;2025;44479;NBR;;;;;ANSD
SN1:DF_PROJ_POP_2050_COM(1.0);A10;SN-DK-RU4-3;PROJ_POP_2050_COM;2026;45316;NBR;;;;;ANSD
SN1:DF_PROJ_POP_2050_COM(1.0);A10;SN-DK-RU4-3;PROJ_POP_2050_COM;2027;46162;NBR;;;;;ANSD
SN1:DF_PROJ_POP_2050_COM(1.0);A10;SN-DK-RU4-3;PROJ_POP_2050_COM;2028;47014;NBR;;;;;ANSD
SN1:DF_PROJ_POP_2050_COM(1.0);A10;SN-DK-RU4-3;PROJ_POP_2050_COM;2029;47870;NBR;;;;;ANSD
SN1:DF_PROJ_POP_2050_COM(1.0);A10;SN-DK-RU4-3;PROJ_POP_2050_COM;2030;48727;NBR;;;;;ANSD
SN1:DF_PROJ_POP_2050_COM(1.0);A10;SN-DK-RU5-1;PROJ_POP_2050_COM;2023;61100;NBR;;;;;ANSD
SN1:DF_PROJ_POP_2050_COM(1.0);A10;SN-DK-RU5-1;PROJ_POP_2050_COM;2024;62261;NBR;;;;;ANSD
SN1:DF_PROJ_POP_2050_COM(1.0);A10;SN-DK-RU5-1;PROJ_POP_2050_COM;2025;63440;NBR;;;;;ANSD
SN1:DF_PROJ_POP_2050_COM(1.0);A10;SN-DK-RU5-1;PROJ_POP_2050_COM;2026;64634;NBR;;;;;ANSD
SN1:DF_PROJ_POP_2050_COM(1.0);A10;SN-DK-RU5-1;PROJ_POP_2050_COM;2027;65840;NBR;;;;;ANSD
SN1:DF_PROJ_POP_2050_COM(1.0);A10;SN-DK-RU5-1;PROJ_POP_2050_COM;2028;67055;NBR;;;;;ANSD
SN1:DF_PROJ_POP_2050_COM(1.0);A10;SN-DK-RU5-1;PROJ_POP_2050_COM;2029;68275;NBR;;;;;ANSD
SN1:DF_PROJ_POP_2050_COM(1.0);A10;SN-DK-RU5-1;PROJ_POP_2050_COM;2030;69498;NBR;;;;;ANSD
SN1:DF_PROJ_POP_2050_COM(1.0);A10;SN-DK-RU5-2;PROJ_POP_2050_COM;2023;152043;NBR;;;;;ANSD
SN1:DF_PROJ_POP_2050_COM(1.0);A10;SN-DK-RU5-2;PROJ_POP_2050_COM;2024;154932;NBR;;;;;ANSD
SN1:DF_PROJ_POP_2050_COM(1.0);A10;SN-DK-RU5-2;PROJ_POP_2050_COM;2025;157865;NBR;;;;;ANSD
SN1:DF_PROJ_POP_2050_COM(1.0);A10;SN-DK-RU5-2;PROJ_POP_2050_COM;2026;160836;NBR;;;;;ANSD
SN1:DF_PROJ_POP_2050_COM(1.0);A10;SN-DK-RU5-2;PROJ_POP_2050_COM;2027;163837;NBR;;;;;ANSD
SN1:DF_PROJ_POP_2050_COM(1.0);A10;SN-DK-RU5-2;PROJ_POP_2050_COM;2028;166861;NBR;;;;;ANSD
SN1:DF_PROJ_POP_2050_COM(1.0);A10;SN-DK-RU5-2;PROJ_POP_2050_COM;2029;169898;NBR;;;;;ANSD
SN1:DF_PROJ_POP_2050_COM(1.0);A10;SN-DK-RU5-2;PROJ_POP_2050_COM;2030;172942;NBR;;;;;ANSD
SN1:DF_PROJ_POP_2050_COM(1.0);A10;SN-DK-RU5-3;PROJ_POP_2050_COM;2023;110958;NBR;;;;;ANSD
SN1:DF_PROJ_POP_2050_COM(1.0);A10;SN-DK-RU5-3;PROJ_POP_2050_COM;2024;113066;NBR;;;;;ANSD
SN1:DF_PROJ_POP_2050_COM(1.0);A10;SN-DK-RU5-3;PROJ_POP_2050_COM;2025;115207;NBR;;;;;ANSD
SN1:DF_PROJ_POP_2050_COM(1.0);A10;SN-DK-RU5-3;PROJ_POP_2050_COM;2026;117375;NBR;;;;;ANSD
SN1:DF_PROJ_POP_2050_COM(1.0);A10;SN-DK-RU5-3;PROJ_POP_2050_COM;2027;119565;NBR;;;;;ANSD
SN1:DF_PROJ_POP_2050_COM(1.0);A10;SN-DK-RU5-3;PROJ_POP_2050_COM;2028;121772;NBR;;;;;ANSD
SN1:DF_PROJ_POP_2050_COM(1.0);A10;SN-DK-RU5-3;PROJ_POP_2050_COM;2029;123988;NBR;;;;;ANSD
SN1:DF_PROJ_POP_2050_COM(1.0);A10;SN-DK-RU5-3;PROJ_POP_2050_COM;2030;126209;NBR;;;;;ANSD
SN1:DF_PROJ_POP_2050_COM(1.0);A10;SN-FK-FD1-1;PROJ_POP_2050_COM;2023;39361;NBR;;;;;ANSD
SN1:DF_PROJ_POP_2050_COM(1.0);A10;SN-FK-FD1-1;PROJ_POP_2050_COM;2024;40478;NBR;;;;;ANSD
SN1:DF_PROJ_POP_2050_COM(1.0);A10;SN-FK-FD1-1;PROJ_POP_2050_COM;2025;41646;NBR;;;;;ANSD
SN1:DF_PROJ_POP_2050_COM(1.0);A10;SN-FK-FD1-1;PROJ_POP_2050_COM;2026;42869;NBR;;;;;ANSD
SN1:DF_PROJ_POP_2050_COM(1.0);A10;SN-FK-FD1-1;PROJ_POP_2050_COM;2027;44149;NBR;;;;;ANSD
SN1:DF_PROJ_POP_2050_COM(1.0);A10;SN-FK-FD1-1;PROJ_POP_2050_COM;2028;45487;NBR;;;;;ANSD
SN1:DF_PROJ_POP_2050_COM(1.0);A10;SN-FK-FD1-1;PROJ_POP_2050_COM;2029;46885;NBR;;;;;ANSD
SN1:DF_PROJ_POP_2050_COM(1.0);A10;SN-FK-FD1-1;PROJ_POP_2050_COM;2030;48343;NBR;;;;;ANSD
SN1:DF_PROJ_POP_2050_COM(1.0);A10;SN-FK-FD2-1;PROJ_POP_2050_COM;2023;12795;NBR;;;;;ANSD
SN1:DF_PROJ_POP_2050_COM(1.0);A10;SN-FK-FD2-1;PROJ_POP_2050_COM;2024;13158;NBR;;;;;ANSD
SN1:DF_PROJ_POP_2050_COM(1.0);A10;SN-FK-FD2-1;PROJ_POP_2050_COM;2025;13538;NBR;;;;;ANSD
SN1:DF_PROJ_POP_2050_COM(1.0);A10;SN-FK-FD2-1;PROJ_POP_2050_COM;2026;13935;NBR;;;;;ANSD
SN1:DF_PROJ_POP_2050_COM(1.0);A10;SN-FK-FD2-1;PROJ_POP_2050_COM;2027;14351;NBR;;;;;ANSD
SN1:DF_PROJ_POP_2050_COM(1.0);A10;SN-FK-FD2-1;PROJ_POP_2050_COM;2028;14786;NBR;;;;;ANSD
SN1:DF_PROJ_POP_2050_COM(1.0);A10;SN-FK-FD2-1;PROJ_POP_2050_COM;2029;15241;NBR;;;;;ANSD
SN1:DF_PROJ_POP_2050_COM(1.0);A10;SN-FK-FD2-1;PROJ_POP_2050_COM;2030;15715;NBR;;;;;ANSD
SN1:DF_PROJ_POP_2050_COM(1.0);A10;SN-FK-FD3-1;PROJ_POP_2050_COM;2023;15313;NBR;;;;;ANSD
SN1:DF_PROJ_POP_2050_COM(1.0);A10;SN-FK-FD3-1;PROJ_POP_2050_COM;2024;15747;NBR;;;;;ANSD
SN1:DF_PROJ_POP_2050_COM(1.0);A10;SN-FK-FD3-1;PROJ_POP_2050_COM;2025;16202;NBR;;;;;ANSD
SN1:DF_PROJ_POP_2050_COM(1.0);A10;SN-FK-FD3-1;PROJ_POP_2050_COM;2026;16678;NBR;;;;;ANSD
SN1:DF_PROJ_POP_2050_COM(1.0);A10;SN-FK-FD3-1;PROJ_POP_2050_COM;2027;17176;NBR;;;;;ANSD
SN1:DF_PROJ_POP_2050_COM(1.0);A10;SN-FK-FD3-1;PROJ_POP_2050_COM;2028;17696;NBR;;;;;ANSD
SN1:DF_PROJ_POP_2050_COM(1.0);A10;SN-FK-FD3-1;PROJ_POP_2050_COM;2029;18240;NBR;;;;;ANSD
SN1:DF_PROJ_POP_2050_COM(1.0);A10;SN-FK-FD3-1;PROJ_POP_2050_COM;2030;18807;NBR;;;;;ANSD
SN1:DF_PROJ_POP_2050_COM(1.0);A10;SN-FK-FD3-2;PROJ_POP_2050_COM;2023;18119;NBR;;;;;ANSD
SN1:DF_PROJ_POP_2050_COM(1.0);A10;SN-FK-FD3-2;PROJ_POP_2050_COM;2024;18633;NBR;;;;;ANSD
SN1:DF_PROJ_POP_2050_COM(1.0);A10;SN-FK-FD3-2;PROJ_POP_2050_COM;2025;19171;NBR;;;;;ANSD
SN1:DF_PROJ_POP_2050_COM(1.0);A10;SN-FK-FD3-2;PROJ_POP_2050_COM;2026;19734;NBR;;;;;ANSD
SN1:DF_PROJ_POP_2050_COM(1.0);A10;SN-FK-FD3-2;PROJ_POP_2050_COM;2027;20323;NBR;;;;;ANSD
SN1:DF_PROJ_POP_2050_COM(1.0);A10;SN-FK-FD3-2;PROJ_POP_2050_COM;2028;20939;NBR;;;;;ANSD
SN1:DF_PROJ_POP_2050_COM(1.0);A10;SN-FK-FD3-2;PROJ_POP_2050_COM;2029;21582;NBR;;;;;ANSD
SN1:DF_PROJ_POP_2050_COM(1.0);A10;SN-FK-FD3-2;PROJ_POP_2050_COM;2030;22254;NBR;;;;;ANSD
SN1:DF_PROJ_POP_2050_COM(1.0);A10;SN-FK-FD3-3;PROJ_POP_2050_COM;2023;23407;NBR;;;;;ANSD
SN1:DF_PROJ_POP_2050_COM(1.0);A10;SN-FK-FD3-3;PROJ_POP_2050_COM;2024;24071;NBR;;;;;ANSD
SN1:DF_PROJ_POP_2050_COM(1.0);A10;SN-FK-FD3-3;PROJ_POP_2050_COM;2025;24766;NBR;;;;;ANSD
SN1:DF_PROJ_POP_2050_COM(1.0);A10;SN-FK-FD3-3;PROJ_POP_2050_COM;2026;25493;NBR;;;;;ANSD
SN1:DF_PROJ_POP_2050_COM(1.0);A10;SN-FK-FD3-3;PROJ_POP_2050_COM;2027;26254;NBR;;;;;ANSD
SN1:DF_PROJ_POP_2050_COM(1.0);A10;SN-FK-FD3-3;PROJ_POP_2050_COM;2028;27050;NBR;;;;;ANSD
SN1:DF_PROJ_POP_2050_COM(1.0);A10;SN-FK-FD3-3;PROJ_POP_2050_COM;2029;27881;NBR;;;;;ANSD
SN1:DF_PROJ_POP_2050_COM(1.0);A10;SN-FK-FD3-3;PROJ_POP_2050_COM;2030;28748;NBR;;;;;ANSD
SN1:DF_PROJ_POP_2050_COM(1.0);A10;SN-FK-FD3-4;PROJ_POP_2050_COM;2023;26127;NBR;;;;;ANSD
SN1:DF_PROJ_POP_2050_COM(1.0);A10;SN-FK-FD3-4;PROJ_POP_2050_COM;2024;26868;NBR;;;;;ANSD
SN1:DF_PROJ_POP_2050_COM(1.0);A10;SN-FK-FD3-4;PROJ_POP_2050_COM;2025;27644;NBR;;;;;ANSD
SN1:DF_PROJ_POP_2050_COM(1.0);A10;SN-FK-FD3-4;PROJ_POP_2050_COM;2026;28455;NBR;;;;;ANSD
SN1:DF_PROJ_POP_2050_COM(1.0);A10;SN-FK-FD3-4;PROJ_POP_2050_COM;2027;29305;NBR;;;;;ANSD
SN1:DF_PROJ_POP_2050_COM(1.0);A10;SN-FK-FD3-4;PROJ_POP_2050_COM;2028;30193;NBR;;;;;ANSD
SN1:DF_PROJ_POP_2050_COM(1.0);A10;SN-FK-FD3-4;PROJ_POP_2050_COM;2029;31121;NBR;;;;;ANSD
SN1:DF_PROJ_POP_2050_COM(1.0);A10;SN-FK-FD3-4;PROJ_POP_2050_COM;2030;32089;NBR;;;;;ANSD
SN1:DF_PROJ_POP_2050_COM(1.0);A10;SN-FK-FD3-5;PROJ_POP_2050_COM;2023;5590;NBR;;;;;ANSD
SN1:DF_PROJ_POP_2050_COM(1.0);A10;SN-FK-FD3-5;PROJ_POP_2050_COM;2024;5749;NBR;;;;;ANSD
SN1:DF_PROJ_POP_2050_COM(1.0);A10;SN-FK-FD3-5;PROJ_POP_2050_COM;2025;5914;NBR;;;;;ANSD
SN1:DF_PROJ_POP_2050_COM(1.0);A10;SN-FK-FD3-5;PROJ_POP_2050_COM;2026;6088;NBR;;;;;ANSD
SN1:DF_PROJ_POP_2050_COM(1.0);A10;SN-FK-FD3-5;PROJ_POP_2050_COM;2027;6270;NBR;;;;;ANSD
SN1:DF_PROJ_POP_2050_COM(1.0);A10;SN-FK-FD3-5;PROJ_POP_2050_COM;2028;6460;NBR;;;;;ANSD
SN1:DF_PROJ_POP_2050_COM(1.0);A10;SN-FK-FD3-5;PROJ_POP_2050_COM;2029;6659;NBR;;;;;ANSD
SN1:DF_PROJ_POP_2050_COM(1.0);A10;SN-FK-FD3-5;PROJ_POP_2050_COM;2030;6866;NBR;;;;;ANSD
SN1:DF_PROJ_POP_2050_COM(1.0);A10;SN-FK-FD4-1;PROJ_POP_2050_COM;2023;30886;NBR;;;;;ANSD
SN1:DF_PROJ_POP_2050_COM(1.0);A10;SN-FK-FD4-1;PROJ_POP_2050_COM;2024;31762;NBR;;;;;ANSD
SN1:DF_PROJ_POP_2050_COM(1.0);A10;SN-FK-FD4-1;PROJ_POP_2050_COM;2025;32679;NBR;;;;;ANSD
SN1:DF_PROJ_POP_2050_COM(1.0);A10;SN-FK-FD4-1;PROJ_POP_2050_COM;2026;33638;NBR;;;;;ANSD
SN1:DF_PROJ_POP_2050_COM(1.0);A10;SN-FK-FD4-1;PROJ_POP_2050_COM;2027;34643;NBR;;;;;ANSD
SN1:DF_PROJ_POP_2050_COM(1.0);A10;SN-FK-FD4-1;PROJ_POP_2050_COM;2028;35693;NBR;;;;;ANSD
SN1:DF_PROJ_POP_2050_COM(1.0);A10;SN-FK-FD4-1;PROJ_POP_2050_COM;2029;36790;NBR;;;;;ANSD
SN1:DF_PROJ_POP_2050_COM(1.0);A10;SN-FK-FD4-1;PROJ_POP_2050_COM;2030;37934;NBR;;;;;ANSD
SN1:DF_PROJ_POP_2050_COM(1.0);A10;SN-FK-FD4-2;PROJ_POP_2050_COM;2023;22528;NBR;;;;;ANSD
SN1:DF_PROJ_POP_2050_COM(1.0);A10;SN-FK-FD4-2;PROJ_POP_2050_COM;2024;23167;NBR;;;;;ANSD
SN1:DF_PROJ_POP_2050_COM(1.0);A10;SN-FK-FD4-2;PROJ_POP_2050_COM;2025;23836;NBR;;;;;ANSD
SN1:DF_PROJ_POP_2050_COM(1.0);A10;SN-FK-FD4-2;PROJ_POP_2050_COM;2026;24536;NBR;;;;;ANSD
SN1:DF_PROJ_POP_2050_COM(1.0);A10;SN-FK-FD4-2;PROJ_POP_2050_COM;2027;25268;NBR;;;;;ANSD
SN1:DF_PROJ_POP_2050_COM(1.0);A10;SN-FK-FD4-2;PROJ_POP_2050_COM;2028;26034;NBR;;;;;ANSD
SN1:DF_PROJ_POP_2050_COM(1.0);A10;SN-FK-FD4-2;PROJ_POP_2050_COM;2029;26834;NBR;;;;;ANSD
SN1:DF_PROJ_POP_2050_COM(1.0);A10;SN-FK-FD4-2;PROJ_POP_2050_COM;2030;27669;NBR;;;;;ANSD
SN1:DF_PROJ_POP_2050_COM(1.0);A10;SN-FK-FD4-3;PROJ_POP_2050_COM;2023;10927;NBR;;;;;ANSD
SN1:DF_PROJ_POP_2050_COM(1.0);A10;SN-FK-FD4-3;PROJ_POP_2050_COM;2024;11237;NBR;;;;;ANSD
SN1:DF_PROJ_POP_2050_COM(1.0);A10;SN-FK-FD4-3;PROJ_POP_2050_COM;2025;11561;NBR;;;;;ANSD
SN1:DF_PROJ_POP_2050_COM(1.0);A10;SN-FK-FD4-3;PROJ_POP_2050_COM;2026;11901;NBR;;;;;ANSD
SN1:DF_PROJ_POP_2050_COM(1.0);A10;SN-FK-FD4-3;PROJ_POP_2050_COM;2027;12256;NBR;;;;;ANSD
SN1:DF_PROJ_POP_2050_COM(1.0);A10;SN-FK-FD4-3;PROJ_POP_2050_COM;2028;12628;NBR;;;;;ANSD
SN1:DF_PROJ_POP_2050_COM(1.0);A10;SN-FK-FD4-3;PROJ_POP_2050_COM;2029;13016;NBR;;;;;ANSD
SN1:DF_PROJ_POP_2050_COM(1.0);A10;SN-FK-FD4-3;PROJ_POP_2050_COM;2030;13420;NBR;;;;;ANSD
SN1:DF_PROJ_POP_2050_COM(1.0);A10;SN-FK-FD4-4;PROJ_POP_2050_COM;2023;11106;NBR;;;;;ANSD
SN1:DF_PROJ_POP_2050_COM(1.0);A10;SN-FK-FD4-4;PROJ_POP_2050_COM;2024;11421;NBR;;;;;ANSD
SN1:DF_PROJ_POP_2050_COM(1.0);A10;SN-FK-FD4-4;PROJ_POP_2050_COM;2025;11751;NBR;;;;;ANSD
SN1:DF_PROJ_POP_2050_COM(1.0);A10;SN-FK-FD4-4;PROJ_POP_2050_COM;2026;12096;NBR;;;;;ANSD
SN1:DF_PROJ_POP_2050_COM(1.0);A10;SN-FK-FD4-4;PROJ_POP_2050_COM;2027;12457;NBR;;;;;ANSD
SN1:DF_PROJ_POP_2050_COM(1.0);A10;SN-FK-FD4-4;PROJ_POP_2050_COM;2028;12834;NBR;;;;;ANSD
SN1:DF_PROJ_POP_2050_COM(1.0);A10;SN-FK-FD4-4;PROJ_POP_2050_COM;2029;13229;NBR;;;;;ANSD
SN1:DF_PROJ_POP_2050_COM(1.0);A10;SN-FK-FD4-4;PROJ_POP_2050_COM;2030;13640;NBR;;;;;ANSD
SN1:DF_PROJ_POP_2050_COM(1.0);A10;SN-FK-FD5-1;PROJ_POP_2050_COM;2023;29808;NBR;;;;;ANSD
SN1:DF_PROJ_POP_2050_COM(1.0);A10;SN-FK-FD5-1;PROJ_POP_2050_COM;2024;30654;NBR;;;;;ANSD
SN1:DF_PROJ_POP_2050_COM(1.0);A10;SN-FK-FD5-1;PROJ_POP_2050_COM;2025;31538;NBR;;;;;ANSD
SN1:DF_PROJ_POP_2050_COM(1.0);A10;SN-FK-FD5-1;PROJ_POP_2050_COM;2026;32464;NBR;;;;;ANSD
SN1:DF_PROJ_POP_2050_COM(1.0);A10;SN-FK-FD5-1;PROJ_POP_2050_COM;2027;33434;NBR;;;;;ANSD
SN1:DF_PROJ_POP_2050_COM(1.0);A10;SN-FK-FD5-1;PROJ_POP_2050_COM;2028;34447;NBR;;;;;ANSD
SN1:DF_PROJ_POP_2050_COM(1.0);A10;SN-FK-FD5-1;PROJ_POP_2050_COM;2029;35506;NBR;;;;;ANSD
SN1:DF_PROJ_POP_2050_COM(1.0);A10;SN-FK-FD5-1;PROJ_POP_2050_COM;2030;36610;NBR;;;;;ANSD
SN1:DF_PROJ_POP_2050_COM(1.0);A10;SN-FK-FD5-2;PROJ_POP_2050_COM;2023;33696;NBR;;;;;ANSD
SN1:DF_PROJ_POP_2050_COM(1.0);A10;SN-FK-FD5-2;PROJ_POP_2050_COM;2024;34652;NBR;;;;;ANSD
SN1:DF_PROJ_POP_2050_COM(1.0);A10;SN-FK-FD5-2;PROJ_POP_2050_COM;2025;35652;NBR;;;;;ANSD
SN1:DF_PROJ_POP_2050_COM(1.0);A10;SN-FK-FD5-2;PROJ_POP_2050_COM;2026;36699;NBR;;;;;ANSD
SN1:DF_PROJ_POP_2050_COM(1.0);A10;SN-FK-FD5-2;PROJ_POP_2050_COM;2027;37795;NBR;;;;;ANSD
SN1:DF_PROJ_POP_2050_COM(1.0);A10;SN-FK-FD5-2;PROJ_POP_2050_COM;2028;38940;NBR;;;;;ANSD
SN1:DF_PROJ_POP_2050_COM(1.0);A10;SN-FK-FD5-2;PROJ_POP_2050_COM;2029;40137;NBR;;;;;ANSD
SN1:DF_PROJ_POP_2050_COM(1.0);A10;SN-FK-FD5-2;PROJ_POP_2050_COM;2030;41385;NBR;;;;;ANSD
SN1:DF_PROJ_POP_2050_COM(1.0);A10;SN-FK-FD5-3;PROJ_POP_2050_COM;2023;30583;NBR;;;;;ANSD
SN1:DF_PROJ_POP_2050_COM(1.0);A10;SN-FK-FD5-3;PROJ_POP_2050_COM;2024;31451;NBR;;;;;ANSD
SN1:DF_PROJ_POP_2050_COM(1.0);A10;SN-FK-FD5-3;PROJ_POP_2050_COM;2025;32358;NBR;;;;;ANSD
SN1:DF_PROJ_POP_2050_COM(1.0);A10;SN-FK-FD5-3;PROJ_POP_2050_COM;2026;33308;NBR;;;;;ANSD
SN1:DF_PROJ_POP_2050_COM(1.0);A10;SN-FK-FD5-3;PROJ_POP_2050_COM;2027;34303;NBR;;;;;ANSD
SN1:DF_PROJ_POP_2050_COM(1.0);A10;SN-FK-FD5-3;PROJ_POP_2050_COM;2028;35343;NBR;;;;;ANSD
SN1:DF_PROJ_POP_2050_COM(1.0);A10;SN-FK-FD5-3;PROJ_POP_2050_COM;2029;36429;NBR;;;;;ANSD
SN1:DF_PROJ_POP_2050_COM(1.0);A10;SN-FK-FD5-3;PROJ_POP_2050_COM;2030;37562;NBR;;;;;ANSD
SN1:DF_PROJ_POP_2050_COM(1.0);A10;SN-FK-FD6-1;PROJ_POP_2050_COM;2023;35775;NBR;;;;;ANSD
SN1:DF_PROJ_POP_2050_COM(1.0);A10;SN-FK-FD6-1;PROJ_POP_2050_COM;2024;36790;NBR;;;;;ANSD
SN1:DF_PROJ_POP_2050_COM(1.0);A10;SN-FK-FD6-1;PROJ_POP_2050_COM;2025;37852;NBR;;;;;ANSD
SN1:DF_PROJ_POP_2050_COM(1.0);A10;SN-FK-FD6-1;PROJ_POP_2050_COM;2026;38963;NBR;;;;;ANSD
SN1:DF_PROJ_POP_2050_COM(1.0);A10;SN-FK-FD6-1;PROJ_POP_2050_COM;2027;40127;NBR;;;;;ANSD
SN1:DF_PROJ_POP_2050_COM(1.0);A10;SN-FK-FD6-1;PROJ_POP_2050_COM;2028;41343;NBR;;;;;ANSD
SN1:DF_PROJ_POP_2050_COM(1.0);A10;SN-FK-FD6-1;PROJ_POP_2050_COM;2029;42613;NBR;;;;;ANSD
SN1:DF_PROJ_POP_2050_COM(1.0);A10;SN-FK-FD6-1;PROJ_POP_2050_COM;2030;43939;NBR;;;;;ANSD
SN1:DF_PROJ_POP_2050_COM(1.0);A10;SN-FK-FD6-2;PROJ_POP_2050_COM;2023;26348;NBR;;;;;ANSD
SN1:DF_PROJ_POP_2050_COM(1.0);A10;SN-FK-FD6-2;PROJ_POP_2050_COM;2024;27095;NBR;;;;;ANSD
SN1:DF_PROJ_POP_2050_COM(1.0);A10;SN-FK-FD6-2;PROJ_POP_2050_COM;2025;27877;NBR;;;;;ANSD
SN1:DF_PROJ_POP_2050_COM(1.0);A10;SN-FK-FD6-2;PROJ_POP_2050_COM;2026;28696;NBR;;;;;ANSD
SN1:DF_PROJ_POP_2050_COM(1.0);A10;SN-FK-FD6-2;PROJ_POP_2050_COM;2027;29553;NBR;;;;;ANSD
SN1:DF_PROJ_POP_2050_COM(1.0);A10;SN-FK-FD6-2;PROJ_POP_2050_COM;2028;30449;NBR;;;;;ANSD
SN1:DF_PROJ_POP_2050_COM(1.0);A10;SN-FK-FD6-2;PROJ_POP_2050_COM;2029;31384;NBR;;;;;ANSD
SN1:DF_PROJ_POP_2050_COM(1.0);A10;SN-FK-FD6-2;PROJ_POP_2050_COM;2030;32360;NBR;;;;;ANSD
SN1:DF_PROJ_POP_2050_COM(1.0);A10;SN-FK-FD6-3;PROJ_POP_2050_COM;2023;36197;NBR;;;;;ANSD
SN1:DF_PROJ_POP_2050_COM(1.0);A10;SN-FK-FD6-3;PROJ_POP_2050_COM;2024;37224;NBR;;;;;ANSD
SN1:DF_PROJ_POP_2050_COM(1.0);A10;SN-FK-FD6-3;PROJ_POP_2050_COM;2025;38298;NBR;;;;;ANSD
SN1:DF_PROJ_POP_2050_COM(1.0);A10;SN-FK-FD6-3;PROJ_POP_2050_COM;2026;39423;NBR;;;;;ANSD
SN1:DF_PROJ_POP_2050_COM(1.0);A10;SN-FK-FD6-3;PROJ_POP_2050_COM;2027;40600;NBR;;;;;ANSD
SN1:DF_PROJ_POP_2050_COM(1.0);A10;SN-FK-FD6-3;PROJ_POP_2050_COM;2028;41830;NBR;;;;;ANSD
SN1:DF_PROJ_POP_2050_COM(1.0);A10;SN-FK-FD6-3;PROJ_POP_2050_COM;2029;43116;NBR;;;;;ANSD
SN1:DF_PROJ_POP_2050_COM(1.0);A10;SN-FK-FD6-3;PROJ_POP_2050_COM;2030;44457;NBR;;;;;ANSD
SN1:DF_PROJ_POP_2050_COM(1.0);A10;SN-FK-FO1-1;PROJ_POP_2050_COM;2023;8924;NBR;;;;;ANSD
SN1:DF_PROJ_POP_2050_COM(1.0);A10;SN-FK-FO1-1;PROJ_POP_2050_COM;2024;9177;NBR;;;;;ANSD
SN1:DF_PROJ_POP_2050_COM(1.0);A10;SN-FK-FO1-1;PROJ_POP_2050_COM;2025;9442;NBR;;;;;ANSD
SN1:DF_PROJ_POP_2050_COM(1.0);A10;SN-FK-FO1-1;PROJ_POP_2050_COM;2026;9719;NBR;;;;;ANSD
SN1:DF_PROJ_POP_2050_COM(1.0);A10;SN-FK-FO1-1;PROJ_POP_2050_COM;2027;10009;NBR;;;;;ANSD
SN1:DF_PROJ_POP_2050_COM(1.0);A10;SN-FK-FO1-1;PROJ_POP_2050_COM;2028;10313;NBR;;;;;ANSD
SN1:DF_PROJ_POP_2050_COM(1.0);A10;SN-FK-FO1-1;PROJ_POP_2050_COM;2029;10630;NBR;;;;;ANSD
SN1:DF_PROJ_POP_2050_COM(1.0);A10;SN-FK-FO1-1;PROJ_POP_2050_COM;2030;10960;NBR;;;;;ANSD
SN1:DF_PROJ_POP_2050_COM(1.0);A10;SN-FK-FO2-1;PROJ_POP_2050_COM;2023;20424;NBR;;;;;ANSD
SN1:DF_PROJ_POP_2050_COM(1.0);A10;SN-FK-FO2-1;PROJ_POP_2050_COM;2024;21003;NBR;;;;;ANSD
SN1:DF_PROJ_POP_2050_COM(1.0);A10;SN-FK-FO2-1;PROJ_POP_2050_COM;2025;21610;NBR;;;;;ANSD
SN1:DF_PROJ_POP_2050_COM(1.0);A10;SN-FK-FO2-1;PROJ_POP_2050_COM;2026;22244;NBR;;;;;ANSD
SN1:DF_PROJ_POP_2050_COM(1.0);A10;SN-FK-FO2-1;PROJ_POP_2050_COM;2027;22908;NBR;;;;;ANSD
SN1:DF_PROJ_POP_2050_COM(1.0);A10;SN-FK-FO2-1;PROJ_POP_2050_COM;2028;23603;NBR;;;;;ANSD
SN1:DF_PROJ_POP_2050_COM(1.0);A10;SN-FK-FO2-1;PROJ_POP_2050_COM;2029;24328;NBR;;;;;ANSD
SN1:DF_PROJ_POP_2050_COM(1.0);A10;SN-FK-FO2-1;PROJ_POP_2050_COM;2030;25085;NBR;;;;;ANSD
SN1:DF_PROJ_POP_2050_COM(1.0);A10;SN-FK-FO3-1;PROJ_POP_2050_COM;2023;22876;NBR;;;;;ANSD
SN1:DF_PROJ_POP_2050_COM(1.0);A10;SN-FK-FO3-1;PROJ_POP_2050_COM;2024;23525;NBR;;;;;ANSD
SN1:DF_PROJ_POP_2050_COM(1.0);A10;SN-FK-FO3-1;PROJ_POP_2050_COM;2025;24204;NBR;;;;;ANSD
SN1:DF_PROJ_POP_2050_COM(1.0);A10;SN-FK-FO3-1;PROJ_POP_2050_COM;2026;24915;NBR;;;;;ANSD
SN1:DF_PROJ_POP_2050_COM(1.0);A10;SN-FK-FO3-1;PROJ_POP_2050_COM;2027;25659;NBR;;;;;ANSD
SN1:DF_PROJ_POP_2050_COM(1.0);A10;SN-FK-FO3-1;PROJ_POP_2050_COM;2028;26436;NBR;;;;;ANSD
SN1:DF_PROJ_POP_2050_COM(1.0);A10;SN-FK-FO3-1;PROJ_POP_2050_COM;2029;27249;NBR;;;;;ANSD
SN1:DF_PROJ_POP_2050_COM(1.0);A10;SN-FK-FO3-1;PROJ_POP_2050_COM;2030;28096;NBR;;;;;ANSD
SN1:DF_PROJ_POP_2050_COM(1.0);A10;SN-FK-FO3-2;PROJ_POP_2050_COM;2023;26984;NBR;;;;;ANSD
SN1:DF_PROJ_POP_2050_COM(1.0);A10;SN-FK-FO3-2;PROJ_POP_2050_COM;2024;27750;NBR;;;;;ANSD
SN1:DF_PROJ_POP_2050_COM(1.0);A10;SN-FK-FO3-2;PROJ_POP_2050_COM;2025;28550;NBR;;;;;ANSD
SN1:DF_PROJ_POP_2050_COM(1.0);A10;SN-FK-FO3-2;PROJ_POP_2050_COM;2026;29389;NBR;;;;;ANSD
SN1:DF_PROJ_POP_2050_COM(1.0);A10;SN-FK-FO3-2;PROJ_POP_2050_COM;2027;30266;NBR;;;;;ANSD
SN1:DF_PROJ_POP_2050_COM(1.0);A10;SN-FK-FO3-2;PROJ_POP_2050_COM;2028;31184;NBR;;;;;ANSD
SN1:DF_PROJ_POP_2050_COM(1.0);A10;SN-FK-FO3-2;PROJ_POP_2050_COM;2029;32142;NBR;;;;;ANSD
SN1:DF_PROJ_POP_2050_COM(1.0);A10;SN-FK-FO3-2;PROJ_POP_2050_COM;2030;33141;NBR;;;;;ANSD
SN1:DF_PROJ_POP_2050_COM(1.0);A10;SN-FK-FO3-3;PROJ_POP_2050_COM;2023;12987;NBR;;;;;ANSD
SN1:DF_PROJ_POP_2050_COM(1.0);A10;SN-FK-FO3-3;PROJ_POP_2050_COM;2024;13355;NBR;;;;;ANSD
SN1:DF_PROJ_POP_2050_COM(1.0);A10;SN-FK-FO3-3;PROJ_POP_2050_COM;2025;13741;NBR;;;;;ANSD
SN1:DF_PROJ_POP_2050_COM(1.0);A10;SN-FK-FO3-3;PROJ_POP_2050_COM;2026;14144;NBR;;;;;ANSD
SN1:DF_PROJ_POP_2050_COM(1.0);A10;SN-FK-FO3-3;PROJ_POP_2050_COM;2027;14567;NBR;;;;;ANSD
SN1:DF_PROJ_POP_2050_COM(1.0);A10;SN-FK-FO3-3;PROJ_POP_2050_COM;2028;15008;NBR;;;;;ANSD
SN1:DF_PROJ_POP_2050_COM(1.0);A10;SN-FK-FO3-3;PROJ_POP_2050_COM;2029;15469;NBR;;;;;ANSD
SN1:DF_PROJ_POP_2050_COM(1.0);A10;SN-FK-FO3-3;PROJ_POP_2050_COM;2030;15951;NBR;;;;;ANSD
SN1:DF_PROJ_POP_2050_COM(1.0);A10;SN-FK-FO3-4;PROJ_POP_2050_COM;2023;11713;NBR;;;;;ANSD
SN1:DF_PROJ_POP_2050_COM(1.0);A10;SN-FK-FO3-4;PROJ_POP_2050_COM;2024;12045;NBR;;;;;ANSD
SN1:DF_PROJ_POP_2050_COM(1.0);A10;SN-FK-FO3-4;PROJ_POP_2050_COM;2025;12393;NBR;;;;;ANSD
SN1:DF_PROJ_POP_2050_COM(1.0);A10;SN-FK-FO3-4;PROJ_POP_2050_COM;2026;12757;NBR;;;;;ANSD
SN1:DF_PROJ_POP_2050_COM(1.0);A10;SN-FK-FO3-4;PROJ_POP_2050_COM;2027;13138;NBR;;;;;ANSD
SN1:DF_PROJ_POP_2050_COM(1.0);A10;SN-FK-FO3-4;PROJ_POP_2050_COM;2028;13536;NBR;;;;;ANSD
SN1:DF_PROJ_POP_2050_COM(1.0);A10;SN-FK-FO3-4;PROJ_POP_2050_COM;2029;13952;NBR;;;;;ANSD
SN1:DF_PROJ_POP_2050_COM(1.0);A10;SN-FK-FO3-4;PROJ_POP_2050_COM;2030;14386;NBR;;;;;ANSD
SN1:DF_PROJ_POP_2050_COM(1.0);A10;SN-FK-FO3-5;PROJ_POP_2050_COM;2023;20905;NBR;;;;;ANSD
SN1:DF_PROJ_POP_2050_COM(1.0);A10;SN-FK-FO3-5;PROJ_POP_2050_COM;2024;21498;NBR;;;;;ANSD
SN1:DF_PROJ_POP_2050_COM(1.0);A10;SN-FK-FO3-5;PROJ_POP_2050_COM;2025;22119;NBR;;;;;ANSD
SN1:DF_PROJ_POP_2050_COM(1.0);A10;SN-FK-FO3-5;PROJ_POP_2050_COM;2026;22768;NBR;;;;;ANSD
SN1:DF_PROJ_POP_2050_COM(1.0);A10;SN-FK-FO3-5;PROJ_POP_2050_COM;2027;23448;NBR;;;;;ANSD
SN1:DF_PROJ_POP_2050_COM(1.0);A10;SN-FK-FO3-5;PROJ_POP_2050_COM;2028;24159;NBR;;;;;ANSD
SN1:DF_PROJ_POP_2050_COM(1.0);A10;SN-FK-FO3-5;PROJ_POP_2050_COM;2029;24901;NBR;;;;;ANSD
SN1:DF_PROJ_POP_2050_COM(1.0);A10;SN-FK-FO3-5;PROJ_POP_2050_COM;2030;25675;NBR;;;;;ANSD
SN1:DF_PROJ_POP_2050_COM(1.0);A10;SN-FK-FO3-6;PROJ_POP_2050_COM;2023;18322;NBR;;;;;ANSD
SN1:DF_PROJ_POP_2050_COM(1.0);A10;SN-FK-FO3-6;PROJ_POP_2050_COM;2024;18842;NBR;;;;;ANSD
SN1:DF_PROJ_POP_2050_COM(1.0);A10;SN-FK-FO3-6;PROJ_POP_2050_COM;2025;19386;NBR;;;;;ANSD
SN1:DF_PROJ_POP_2050_COM(1.0);A10;SN-FK-FO3-6;PROJ_POP_2050_COM;2026;19955;NBR;;;;;ANSD
SN1:DF_PROJ_POP_2050_COM(1.0);A10;SN-FK-FO3-6;PROJ_POP_2050_COM;2027;20551;NBR;;;;;ANSD
SN1:DF_PROJ_POP_2050_COM(1.0);A10;SN-FK-FO3-6;PROJ_POP_2050_COM;2028;21174;NBR;;;;;ANSD
SN1:DF_PROJ_POP_2050_COM(1.0);A10;SN-FK-FO3-6;PROJ_POP_2050_COM;2029;21824;NBR;;;;;ANSD
SN1:DF_PROJ_POP_2050_COM(1.0);A10;SN-FK-FO3-6;PROJ_POP_2050_COM;2030;22503;NBR;;;;;ANSD
SN1:DF_PROJ_POP_2050_COM(1.0);A10;SN-FK-FO3-7;PROJ_POP_2050_COM;2023;6159;NBR;;;;;ANSD
SN1:DF_PROJ_POP_2050_COM(1.0);A10;SN-FK-FO3-7;PROJ_POP_2050_COM;2024;6334;NBR;;;;;ANSD
SN1:DF_PROJ_POP_2050_COM(1.0);A10;SN-FK-FO3-7;PROJ_POP_2050_COM;2025;6517;NBR;;;;;ANSD
SN1:DF_PROJ_POP_2050_COM(1.0);A10;SN-FK-FO3-7;PROJ_POP_2050_COM;2026;6708;NBR;;;;;ANSD
SN1:DF_PROJ_POP_2050_COM(1.0);A10;SN-FK-FO3-7;PROJ_POP_2050_COM;2027;6908;NBR;;;;;ANSD
SN1:DF_PROJ_POP_2050_COM(1.0);A10;SN-FK-FO3-7;PROJ_POP_2050_COM;2028;7118;NBR;;;;;ANSD
SN1:DF_PROJ_POP_2050_COM(1.0);A10;SN-FK-FO3-7;PROJ_POP_2050_COM;2029;7336;NBR;;;;;ANSD
SN1:DF_PROJ_POP_2050_COM(1.0);A10;SN-FK-FO3-7;PROJ_POP_2050_COM;2030;7564;NBR;;;;;ANSD
SN1:DF_PROJ_POP_2050_COM(1.0);A10;SN-FK-FO4-1;PROJ_POP_2050_COM;2023;11946;NBR;;;;;ANSD
SN1:DF_PROJ_POP_2050_COM(1.0);A10;SN-FK-FO4-1;PROJ_POP_2050_COM;2024;12285;NBR;;;;;ANSD
SN1:DF_PROJ_POP_2050_COM(1.0);A10;SN-FK-FO4-1;PROJ_POP_2050_COM;2025;12639;NBR;;;;;ANSD
SN1:DF_PROJ_POP_2050_COM(1.0);A10;SN-FK-FO4-1;PROJ_POP_2050_COM;2026;13011;NBR;;;;;ANSD
SN1:DF_PROJ_POP_2050_COM(1.0);A10;SN-FK-FO4-1;PROJ_POP_2050_COM;2027;13399;NBR;;;;;ANSD
SN1:DF_PROJ_POP_2050_COM(1.0);A10;SN-FK-FO4-1;PROJ_POP_2050_COM;2028;13805;NBR;;;;;ANSD
SN1:DF_PROJ_POP_2050_COM(1.0);A10;SN-FK-FO4-1;PROJ_POP_2050_COM;2029;14229;NBR;;;;;ANSD
SN1:DF_PROJ_POP_2050_COM(1.0);A10;SN-FK-FO4-1;PROJ_POP_2050_COM;2030;14672;NBR;;;;;ANSD
SN1:DF_PROJ_POP_2050_COM(1.0);A10;SN-FK-FO4-2;PROJ_POP_2050_COM;2023;12589;NBR;;;;;ANSD
SN1:DF_PROJ_POP_2050_COM(1.0);A10;SN-FK-FO4-2;PROJ_POP_2050_COM;2024;12946;NBR;;;;;ANSD
SN1:DF_PROJ_POP_2050_COM(1.0);A10;SN-FK-FO4-2;PROJ_POP_2050_COM;2025;13320;NBR;;;;;ANSD
SN1:DF_PROJ_POP_2050_COM(1.0);A10;SN-FK-FO4-2;PROJ_POP_2050_COM;2026;13711;NBR;;;;;ANSD
SN1:DF_PROJ_POP_2050_COM(1.0);A10;SN-FK-FO4-2;PROJ_POP_2050_COM;2027;14120;NBR;;;;;ANSD
SN1:DF_PROJ_POP_2050_COM(1.0);A10;SN-FK-FO4-2;PROJ_POP_2050_COM;2028;14548;NBR;;;;;ANSD
SN1:DF_PROJ_POP_2050_COM(1.0);A10;SN-FK-FO4-2;PROJ_POP_2050_COM;2029;14995;NBR;;;;;ANSD
SN1:DF_PROJ_POP_2050_COM(1.0);A10;SN-FK-FO4-2;PROJ_POP_2050_COM;2030;15462;NBR;;;;;ANSD
SN1:DF_PROJ_POP_2050_COM(1.0);A10;SN-FK-FO4-3;PROJ_POP_2050_COM;2023;10418;NBR;;;;;ANSD
SN1:DF_PROJ_POP_2050_COM(1.0);A10;SN-FK-FO4-3;PROJ_POP_2050_COM;2024;10714;NBR;;;;;ANSD
SN1:DF_PROJ_POP_2050_COM(1.0);A10;SN-FK-FO4-3;PROJ_POP_2050_COM;2025;11023;NBR;;;;;ANSD
SN1:DF_PROJ_POP_2050_COM(1.0);A10;SN-FK-FO4-3;PROJ_POP_2050_COM;2026;11346;NBR;;;;;ANSD
SN1:DF_PROJ_POP_2050_COM(1.0);A10;SN-FK-FO4-3;PROJ_POP_2050_COM;2027;11685;NBR;;;;;ANSD
SN1:DF_PROJ_POP_2050_COM(1.0);A10;SN-FK-FO4-3;PROJ_POP_2050_COM;2028;12039;NBR;;;;;ANSD
SN1:DF_PROJ_POP_2050_COM(1.0);A10;SN-FK-FO4-3;PROJ_POP_2050_COM;2029;12409;NBR;;;;;ANSD
SN1:DF_PROJ_POP_2050_COM(1.0);A10;SN-FK-FO4-3;PROJ_POP_2050_COM;2030;12795;NBR;;;;;ANSD
SN1:DF_PROJ_POP_2050_COM(1.0);A10;SN-FK-FO5-1;PROJ_POP_2050_COM;2023;37793;NBR;;;;;ANSD
SN1:DF_PROJ_POP_2050_COM(1.0);A10;SN-FK-FO5-1;PROJ_POP_2050_COM;2024;38865;NBR;;;;;ANSD
SN1:DF_PROJ_POP_2050_COM(1.0);A10;SN-FK-FO5-1;PROJ_POP_2050_COM;2025;39987;NBR;;;;;ANSD
SN1:DF_PROJ_POP_2050_COM(1.0);A10;SN-FK-FO5-1;PROJ_POP_2050_COM;2026;41161;NBR;;;;;ANSD
SN1:DF_PROJ_POP_2050_COM(1.0);A10;SN-FK-FO5-1;PROJ_POP_2050_COM;2027;42390;NBR;;;;;ANSD
SN1:DF_PROJ_POP_2050_COM(1.0);A10;SN-FK-FO5-1;PROJ_POP_2050_COM;2028;43675;NBR;;;;;ANSD
SN1:DF_PROJ_POP_2050_COM(1.0);A10;SN-FK-FO5-1;PROJ_POP_2050_COM;2029;45017;NBR;;;;;ANSD
SN1:DF_PROJ_POP_2050_COM(1.0);A10;SN-FK-FO5-1;PROJ_POP_2050_COM;2030;46417;NBR;;;;;ANSD
SN1:DF_PROJ_POP_2050_COM(1.0);A10;SN-FK-FO5-2;PROJ_POP_2050_COM;2023;36418;NBR;;;;;ANSD
SN1:DF_PROJ_POP_2050_COM(1.0);A10;SN-FK-FO5-2;PROJ_POP_2050_COM;2024;37451;NBR;;;;;ANSD
SN1:DF_PROJ_POP_2050_COM(1.0);A10;SN-FK-FO5-2;PROJ_POP_2050_COM;2025;38532;NBR;;;;;ANSD
SN1:DF_PROJ_POP_2050_COM(1.0);A10;SN-FK-FO5-2;PROJ_POP_2050_COM;2026;39663;NBR;;;;;ANSD
SN1:DF_PROJ_POP_2050_COM(1.0);A10;SN-FK-FO5-2;PROJ_POP_2050_COM;2027;40848;NBR;;;;;ANSD
SN1:DF_PROJ_POP_2050_COM(1.0);A10;SN-FK-FO5-2;PROJ_POP_2050_COM;2028;42086;NBR;;;;;ANSD
SN1:DF_PROJ_POP_2050_COM(1.0);A10;SN-FK-FO5-2;PROJ_POP_2050_COM;2029;43379;NBR;;;;;ANSD
SN1:DF_PROJ_POP_2050_COM(1.0);A10;SN-FK-FO5-2;PROJ_POP_2050_COM;2030;44728;NBR;;;;;ANSD
SN1:DF_PROJ_POP_2050_COM(1.0);A10;SN-FK-FO5-3;PROJ_POP_2050_COM;2023;46366;NBR;;;;;ANSD
SN1:DF_PROJ_POP_2050_COM(1.0);A10;SN-FK-FO5-3;PROJ_POP_2050_COM;2024;47681;NBR;;;;;ANSD
SN1:DF_PROJ_POP_2050_COM(1.0);A10;SN-FK-FO5-3;PROJ_POP_2050_COM;2025;49058;NBR;;;;;ANSD
SN1:DF_PROJ_POP_2050_COM(1.0);A10;SN-FK-FO5-3;PROJ_POP_2050_COM;2026;50498;NBR;;;;;ANSD
SN1:DF_PROJ_POP_2050_COM(1.0);A10;SN-FK-FO5-3;PROJ_POP_2050_COM;2027;52006;NBR;;;;;ANSD
SN1:DF_PROJ_POP_2050_COM(1.0);A10;SN-FK-FO5-3;PROJ_POP_2050_COM;2028;53582;NBR;;;;;ANSD
SN1:DF_PROJ_POP_2050_COM(1.0);A10;SN-FK-FO5-3;PROJ_POP_2050_COM;2029;55229;NBR;;;;;ANSD
SN1:DF_PROJ_POP_2050_COM(1.0);A10;SN-FK-FO5-3;PROJ_POP_2050_COM;2030;56946;NBR;;;;;ANSD
SN1:DF_PROJ_POP_2050_COM(1.0);A10;SN-FK-FO5-4;PROJ_POP_2050_COM;2023;43592;NBR;;;;;ANSD
SN1:DF_PROJ_POP_2050_COM(1.0);A10;SN-FK-FO5-4;PROJ_POP_2050_COM;2024;44829;NBR;;;;;ANSD
SN1:DF_PROJ_POP_2050_COM(1.0);A10;SN-FK-FO5-4;PROJ_POP_2050_COM;2025;46122;NBR;;;;;ANSD
SN1:DF_PROJ_POP_2050_COM(1.0);A10;SN-FK-FO5-4;PROJ_POP_2050_COM;2026;47477;NBR;;;;;ANSD
SN1:DF_PROJ_POP_2050_COM(1.0);A10;SN-FK-FO5-4;PROJ_POP_2050_COM;2027;48894;NBR;;;;;ANSD
SN1:DF_PROJ_POP_2050_COM(1.0);A10;SN-FK-FO5-4;PROJ_POP_2050_COM;2028;50376;NBR;;;;;ANSD
SN1:DF_PROJ_POP_2050_COM(1.0);A10;SN-FK-FO5-4;PROJ_POP_2050_COM;2029;51924;NBR;;;;;ANSD
SN1:DF_PROJ_POP_2050_COM(1.0);A10;SN-FK-FO5-4;PROJ_POP_2050_COM;2030;53539;NBR;;;;;ANSD
SN1:DF_PROJ_POP_2050_COM(1.0);A10;SN-FK-FO5-5;PROJ_POP_2050_COM;2023;26972;NBR;;;;;ANSD
SN1:DF_PROJ_POP_2050_COM(1.0);A10;SN-FK-FO5-5;PROJ_POP_2050_COM;2024;27737;NBR;;;;;ANSD
SN1:DF_PROJ_POP_2050_COM(1.0);A10;SN-FK-FO5-5;PROJ_POP_2050_COM;2025;28538;NBR;;;;;ANSD
SN1:DF_PROJ_POP_2050_COM(1.0);A10;SN-FK-FO5-5;PROJ_POP_2050_COM;2026;29376;NBR;;;;;ANSD
SN1:DF_PROJ_POP_2050_COM(1.0);A10;SN-FK-FO5-5;PROJ_POP_2050_COM;2027;30253;NBR;;;;;ANSD
SN1:DF_PROJ_POP_2050_COM(1.0);A10;SN-FK-FO5-5;PROJ_POP_2050_COM;2028;31170;NBR;;;;;ANSD
SN1:DF_PROJ_POP_2050_COM(1.0);A10;SN-FK-FO5-5;PROJ_POP_2050_COM;2029;32128;NBR;;;;;ANSD
SN1:DF_PROJ_POP_2050_COM(1.0);A10;SN-FK-FO5-5;PROJ_POP_2050_COM;2030;33127;NBR;;;;;ANSD
SN1:DF_PROJ_POP_2050_COM(1.0);A10;SN-FK-GO1-1;PROJ_POP_2050_COM;2023;15630;NBR;;;;;ANSD
SN1:DF_PROJ_POP_2050_COM(1.0);A10;SN-FK-GO1-1;PROJ_POP_2050_COM;2024;16073;NBR;;;;;ANSD
SN1:DF_PROJ_POP_2050_COM(1.0);A10;SN-FK-GO1-1;PROJ_POP_2050_COM;2025;16537;NBR;;;;;ANSD
SN1:DF_PROJ_POP_2050_COM(1.0);A10;SN-FK-GO1-1;PROJ_POP_2050_COM;2026;17023;NBR;;;;;ANSD
SN1:DF_PROJ_POP_2050_COM(1.0);A10;SN-FK-GO1-1;PROJ_POP_2050_COM;2027;17531;NBR;;;;;ANSD
SN1:DF_PROJ_POP_2050_COM(1.0);A10;SN-FK-GO1-1;PROJ_POP_2050_COM;2028;18063;NBR;;;;;ANSD
SN1:DF_PROJ_POP_2050_COM(1.0);A10;SN-FK-GO1-1;PROJ_POP_2050_COM;2029;18618;NBR;;;;;ANSD
SN1:DF_PROJ_POP_2050_COM(1.0);A10;SN-FK-GO1-1;PROJ_POP_2050_COM;2030;19197;NBR;;;;;ANSD
SN1:DF_PROJ_POP_2050_COM(1.0);A10;SN-FK-GO2-1;PROJ_POP_2050_COM;2023;21341;NBR;;;;;ANSD
SN1:DF_PROJ_POP_2050_COM(1.0);A10;SN-FK-GO2-1;PROJ_POP_2050_COM;2024;21946;NBR;;;;;ANSD
SN1:DF_PROJ_POP_2050_COM(1.0);A10;SN-FK-GO2-1;PROJ_POP_2050_COM;2025;22580;NBR;;;;;ANSD
SN1:DF_PROJ_POP_2050_COM(1.0);A10;SN-FK-GO2-1;PROJ_POP_2050_COM;2026;23243;NBR;;;;;ANSD
SN1:DF_PROJ_POP_2050_COM(1.0);A10;SN-FK-GO2-1;PROJ_POP_2050_COM;2027;23937;NBR;;;;;ANSD
SN1:DF_PROJ_POP_2050_COM(1.0);A10;SN-FK-GO2-1;PROJ_POP_2050_COM;2028;24662;NBR;;;;;ANSD
SN1:DF_PROJ_POP_2050_COM(1.0);A10;SN-FK-GO2-1;PROJ_POP_2050_COM;2029;25420;NBR;;;;;ANSD
SN1:DF_PROJ_POP_2050_COM(1.0);A10;SN-FK-GO2-1;PROJ_POP_2050_COM;2030;26211;NBR;;;;;ANSD
SN1:DF_PROJ_POP_2050_COM(1.0);A10;SN-FK-GO2-2;PROJ_POP_2050_COM;2023;36318;NBR;;;;;ANSD
SN1:DF_PROJ_POP_2050_COM(1.0);A10;SN-FK-GO2-2;PROJ_POP_2050_COM;2024;37348;NBR;;;;;ANSD
SN1:DF_PROJ_POP_2050_COM(1.0);A10;SN-FK-GO2-2;PROJ_POP_2050_COM;2025;38426;NBR;;;;;ANSD
SN1:DF_PROJ_POP_2050_COM(1.0);A10;SN-FK-GO2-2;PROJ_POP_2050_COM;2026;39555;NBR;;;;;ANSD
SN1:DF_PROJ_POP_2050_COM(1.0);A10;SN-FK-GO2-2;PROJ_POP_2050_COM;2027;40736;NBR;;;;;ANSD
SN1:DF_PROJ_POP_2050_COM(1.0);A10;SN-FK-GO2-2;PROJ_POP_2050_COM;2028;41970;NBR;;;;;ANSD
SN1:DF_PROJ_POP_2050_COM(1.0);A10;SN-FK-GO2-2;PROJ_POP_2050_COM;2029;43260;NBR;;;;;ANSD
SN1:DF_PROJ_POP_2050_COM(1.0);A10;SN-FK-GO2-2;PROJ_POP_2050_COM;2030;44605;NBR;;;;;ANSD
SN1:DF_PROJ_POP_2050_COM(1.0);A10;SN-FK-GO3-1;PROJ_POP_2050_COM;2023;15326;NBR;;;;;ANSD
SN1:DF_PROJ_POP_2050_COM(1.0);A10;SN-FK-GO3-1;PROJ_POP_2050_COM;2024;15761;NBR;;;;;ANSD
SN1:DF_PROJ_POP_2050_COM(1.0);A10;SN-FK-GO3-1;PROJ_POP_2050_COM;2025;16216;NBR;;;;;ANSD
SN1:DF_PROJ_POP_2050_COM(1.0);A10;SN-FK-GO3-1;PROJ_POP_2050_COM;2026;16692;NBR;;;;;ANSD
SN1:DF_PROJ_POP_2050_COM(1.0);A10;SN-FK-GO3-1;PROJ_POP_2050_COM;2027;17190;NBR;;;;;ANSD
SN1:DF_PROJ_POP_2050_COM(1.0);A10;SN-FK-GO3-1;PROJ_POP_2050_COM;2028;17711;NBR;;;;;ANSD
SN1:DF_PROJ_POP_2050_COM(1.0);A10;SN-FK-GO3-1;PROJ_POP_2050_COM;2029;18255;NBR;;;;;ANSD
SN1:DF_PROJ_POP_2050_COM(1.0);A10;SN-FK-GO3-1;PROJ_POP_2050_COM;2030;18823;NBR;;;;;ANSD
SN1:DF_PROJ_POP_2050_COM(1.0);A10;SN-FK-GO3-2;PROJ_POP_2050_COM;2023;15609;NBR;;;;;ANSD
SN1:DF_PROJ_POP_2050_COM(1.0);A10;SN-FK-GO3-2;PROJ_POP_2050_COM;2024;16052;NBR;;;;;ANSD
SN1:DF_PROJ_POP_2050_COM(1.0);A10;SN-FK-GO3-2;PROJ_POP_2050_COM;2025;16515;NBR;;;;;ANSD
SN1:DF_PROJ_POP_2050_COM(1.0);A10;SN-FK-GO3-2;PROJ_POP_2050_COM;2026;17000;NBR;;;;;ANSD
SN1:DF_PROJ_POP_2050_COM(1.0);A10;SN-FK-GO3-2;PROJ_POP_2050_COM;2027;17508;NBR;;;;;ANSD
SN1:DF_PROJ_POP_2050_COM(1.0);A10;SN-FK-GO3-2;PROJ_POP_2050_COM;2028;18038;NBR;;;;;ANSD
SN1:DF_PROJ_POP_2050_COM(1.0);A10;SN-FK-GO3-2;PROJ_POP_2050_COM;2029;18593;NBR;;;;;ANSD
SN1:DF_PROJ_POP_2050_COM(1.0);A10;SN-FK-GO3-2;PROJ_POP_2050_COM;2030;19171;NBR;;;;;ANSD
SN1:DF_PROJ_POP_2050_COM(1.0);A10;SN-FK-GO3-3;PROJ_POP_2050_COM;2023;18744;NBR;;;;;ANSD
SN1:DF_PROJ_POP_2050_COM(1.0);A10;SN-FK-GO3-3;PROJ_POP_2050_COM;2024;19276;NBR;;;;;ANSD
SN1:DF_PROJ_POP_2050_COM(1.0);A10;SN-FK-GO3-3;PROJ_POP_2050_COM;2025;19832;NBR;;;;;ANSD
SN1:DF_PROJ_POP_2050_COM(1.0);A10;SN-FK-GO3-3;PROJ_POP_2050_COM;2026;20414;NBR;;;;;ANSD
SN1:DF_PROJ_POP_2050_COM(1.0);A10;SN-FK-GO3-3;PROJ_POP_2050_COM;2027;21024;NBR;;;;;ANSD
SN1:DF_PROJ_POP_2050_COM(1.0);A10;SN-FK-GO3-3;PROJ_POP_2050_COM;2028;21661;NBR;;;;;ANSD
SN1:DF_PROJ_POP_2050_COM(1.0);A10;SN-FK-GO3-3;PROJ_POP_2050_COM;2029;22327;NBR;;;;;ANSD
SN1:DF_PROJ_POP_2050_COM(1.0);A10;SN-FK-GO3-3;PROJ_POP_2050_COM;2030;23021;NBR;;;;;ANSD
SN1:DF_PROJ_POP_2050_COM(1.0);A10;SN-KA-BI1-1;PROJ_POP_2050_COM;2023;10891;NBR;;;;;ANSD
SN1:DF_PROJ_POP_2050_COM(1.0);A10;SN-KA-BI1-1;PROJ_POP_2050_COM;2024;11265;NBR;;;;;ANSD
SN1:DF_PROJ_POP_2050_COM(1.0);A10;SN-KA-BI1-1;PROJ_POP_2050_COM;2025;11656;NBR;;;;;ANSD
SN1:DF_PROJ_POP_2050_COM(1.0);A10;SN-KA-BI1-1;PROJ_POP_2050_COM;2026;12065;NBR;;;;;ANSD
SN1:DF_PROJ_POP_2050_COM(1.0);A10;SN-KA-BI1-1;PROJ_POP_2050_COM;2027;12493;NBR;;;;;ANSD
SN1:DF_PROJ_POP_2050_COM(1.0);A10;SN-KA-BI1-1;PROJ_POP_2050_COM;2028;12939;NBR;;;;;ANSD
SN1:DF_PROJ_POP_2050_COM(1.0);A10;SN-KA-BI1-1;PROJ_POP_2050_COM;2029;13404;NBR;;;;;ANSD
SN1:DF_PROJ_POP_2050_COM(1.0);A10;SN-KA-BI1-1;PROJ_POP_2050_COM;2030;13887;NBR;;;;;ANSD
SN1:DF_PROJ_POP_2050_COM(1.0);A10;SN-KA-BI2-1;PROJ_POP_2050_COM;2023;14229;NBR;;;;;ANSD
SN1:DF_PROJ_POP_2050_COM(1.0);A10;SN-KA-BI2-1;PROJ_POP_2050_COM;2024;14718;NBR;;;;;ANSD
SN1:DF_PROJ_POP_2050_COM(1.0);A10;SN-KA-BI2-1;PROJ_POP_2050_COM;2025;15229;NBR;;;;;ANSD
SN1:DF_PROJ_POP_2050_COM(1.0);A10;SN-KA-BI2-1;PROJ_POP_2050_COM;2026;15763;NBR;;;;;ANSD
SN1:DF_PROJ_POP_2050_COM(1.0);A10;SN-KA-BI2-1;PROJ_POP_2050_COM;2027;16322;NBR;;;;;ANSD
SN1:DF_PROJ_POP_2050_COM(1.0);A10;SN-KA-BI2-1;PROJ_POP_2050_COM;2028;16905;NBR;;;;;ANSD
SN1:DF_PROJ_POP_2050_COM(1.0);A10;SN-KA-BI2-1;PROJ_POP_2050_COM;2029;17512;NBR;;;;;ANSD
SN1:DF_PROJ_POP_2050_COM(1.0);A10;SN-KA-BI2-1;PROJ_POP_2050_COM;2030;18144;NBR;;;;;ANSD
SN1:DF_PROJ_POP_2050_COM(1.0);A10;SN-KA-BI2-2;PROJ_POP_2050_COM;2023;14414;NBR;;;;;ANSD
SN1:DF_PROJ_POP_2050_COM(1.0);A10;SN-KA-BI2-2;PROJ_POP_2050_COM;2024;14909;NBR;;;;;ANSD
SN1:DF_PROJ_POP_2050_COM(1.0);A10;SN-KA-BI2-2;PROJ_POP_2050_COM;2025;15427;NBR;;;;;ANSD
SN1:DF_PROJ_POP_2050_COM(1.0);A10;SN-KA-BI2-2;PROJ_POP_2050_COM;2026;15968;NBR;;;;;ANSD
SN1:DF_PROJ_POP_2050_COM(1.0);A10;SN-KA-BI2-2;PROJ_POP_2050_COM;2027;16534;NBR;;;;;ANSD
SN1:DF_PROJ_POP_2050_COM(1.0);A10;SN-KA-BI2-2;PROJ_POP_2050_COM;2028;17125;NBR;;;;;ANSD
SN1:DF_PROJ_POP_2050_COM(1.0);A10;SN-KA-BI2-2;PROJ_POP_2050_COM;2029;17740;NBR;;;;;ANSD
SN1:DF_PROJ_POP_2050_COM(1.0);A10;SN-KA-BI2-2;PROJ_POP_2050_COM;2030;18380;NBR;;;;;ANSD
SN1:DF_PROJ_POP_2050_COM(1.0);A10;SN-KA-BI2-3;PROJ_POP_2050_COM;2023;15776;NBR;;;;;ANSD
SN1:DF_PROJ_POP_2050_COM(1.0);A10;SN-KA-BI2-3;PROJ_POP_2050_COM;2024;16318;NBR;;;;;ANSD
SN1:DF_PROJ_POP_2050_COM(1.0);A10;SN-KA-BI2-3;PROJ_POP_2050_COM;2025;16884;NBR;;;;;ANSD
SN1:DF_PROJ_POP_2050_COM(1.0);A10;SN-KA-BI2-3;PROJ_POP_2050_COM;2026;17477;NBR;;;;;ANSD
SN1:DF_PROJ_POP_2050_COM(1.0);A10;SN-KA-BI2-3;PROJ_POP_2050_COM;2027;18096;NBR;;;;;ANSD
SN1:DF_PROJ_POP_2050_COM(1.0);A10;SN-KA-BI2-3;PROJ_POP_2050_COM;2028;18743;NBR;;;;;ANSD
SN1:DF_PROJ_POP_2050_COM(1.0);A10;SN-KA-BI2-3;PROJ_POP_2050_COM;2029;19416;NBR;;;;;ANSD
SN1:DF_PROJ_POP_2050_COM(1.0);A10;SN-KA-BI2-3;PROJ_POP_2050_COM;2030;20116;NBR;;;;;ANSD
SN1:DF_PROJ_POP_2050_COM(1.0);A10;SN-KA-BI3-1;PROJ_POP_2050_COM;2023;36514;NBR;;;;;ANSD
SN1:DF_PROJ_POP_2050_COM(1.0);A10;SN-KA-BI3-1;PROJ_POP_2050_COM;2024;37768;NBR;;;;;ANSD
SN1:DF_PROJ_POP_2050_COM(1.0);A10;SN-KA-BI3-1;PROJ_POP_2050_COM;2025;39079;NBR;;;;;ANSD
SN1:DF_PROJ_POP_2050_COM(1.0);A10;SN-KA-BI3-1;PROJ_POP_2050_COM;2026;40451;NBR;;;;;ANSD
SN1:DF_PROJ_POP_2050_COM(1.0);A10;SN-KA-BI3-1;PROJ_POP_2050_COM;2027;41885;NBR;;;;;ANSD
SN1:DF_PROJ_POP_2050_COM(1.0);A10;SN-KA-BI3-1;PROJ_POP_2050_COM;2028;43381;NBR;;;;;ANSD
SN1:DF_PROJ_POP_2050_COM(1.0);A10;SN-KA-BI3-1;PROJ_POP_2050_COM;2029;44939;NBR;;;;;ANSD
SN1:DF_PROJ_POP_2050_COM(1.0);A10;SN-KA-BI3-1;PROJ_POP_2050_COM;2030;46560;NBR;;;;;ANSD
SN1:DF_PROJ_POP_2050_COM(1.0);A10;SN-KA-BI3-2;PROJ_POP_2050_COM;2023;44449;NBR;;;;;ANSD
SN1:DF_PROJ_POP_2050_COM(1.0);A10;SN-KA-BI3-2;PROJ_POP_2050_COM;2024;45976;NBR;;;;;ANSD
SN1:DF_PROJ_POP_2050_COM(1.0);A10;SN-KA-BI3-2;PROJ_POP_2050_COM;2025;47572;NBR;;;;;ANSD
SN1:DF_PROJ_POP_2050_COM(1.0);A10;SN-KA-BI3-2;PROJ_POP_2050_COM;2026;49242;NBR;;;;;ANSD
SN1:DF_PROJ_POP_2050_COM(1.0);A10;SN-KA-BI3-2;PROJ_POP_2050_COM;2027;50987;NBR;;;;;ANSD
SN1:DF_PROJ_POP_2050_COM(1.0);A10;SN-KA-BI3-2;PROJ_POP_2050_COM;2028;52808;NBR;;;;;ANSD
SN1:DF_PROJ_POP_2050_COM(1.0);A10;SN-KA-BI3-2;PROJ_POP_2050_COM;2029;54705;NBR;;;;;ANSD
SN1:DF_PROJ_POP_2050_COM(1.0);A10;SN-KA-BI3-2;PROJ_POP_2050_COM;2030;56678;NBR;;;;;ANSD
SN1:DF_PROJ_POP_2050_COM(1.0);A10;SN-KA-BI3-3;PROJ_POP_2050_COM;2023;7484;NBR;;;;;ANSD
SN1:DF_PROJ_POP_2050_COM(1.0);A10;SN-KA-BI3-3;PROJ_POP_2050_COM;2024;7741;NBR;;;;;ANSD
SN1:DF_PROJ_POP_2050_COM(1.0);A10;SN-KA-BI3-3;PROJ_POP_2050_COM;2025;8010;NBR;;;;;ANSD
SN1:DF_PROJ_POP_2050_COM(1.0);A10;SN-KA-BI3-3;PROJ_POP_2050_COM;2026;8291;NBR;;;;;ANSD
SN1:DF_PROJ_POP_2050_COM(1.0);A10;SN-KA-BI3-3;PROJ_POP_2050_COM;2027;8585;NBR;;;;;ANSD
SN1:DF_PROJ_POP_2050_COM(1.0);A10;SN-KA-BI3-3;PROJ_POP_2050_COM;2028;8891;NBR;;;;;ANSD
SN1:DF_PROJ_POP_2050_COM(1.0);A10;SN-KA-BI3-3;PROJ_POP_2050_COM;2029;9211;NBR;;;;;ANSD
SN1:DF_PROJ_POP_2050_COM(1.0);A10;SN-KA-BI3-3;PROJ_POP_2050_COM;2030;9543;NBR;;;;;ANSD
SN1:DF_PROJ_POP_2050_COM(1.0);A10;SN-KA-BI3-4;PROJ_POP_2050_COM;2023;7307;NBR;;;;;ANSD
SN1:DF_PROJ_POP_2050_COM(1.0);A10;SN-KA-BI3-4;PROJ_POP_2050_COM;2024;7558;NBR;;;;;ANSD
SN1:DF_PROJ_POP_2050_COM(1.0);A10;SN-KA-BI3-4;PROJ_POP_2050_COM;2025;7820;NBR;;;;;ANSD
SN1:DF_PROJ_POP_2050_COM(1.0);A10;SN-KA-BI3-4;PROJ_POP_2050_COM;2026;8095;NBR;;;;;ANSD
SN1:DF_PROJ_POP_2050_COM(1.0);A10;SN-KA-BI3-4;PROJ_POP_2050_COM;2027;8382;NBR;;;;;ANSD
SN1:DF_PROJ_POP_2050_COM(1.0);A10;SN-KA-BI3-4;PROJ_POP_2050_COM;2028;8681;NBR;;;;;ANSD
SN1:DF_PROJ_POP_2050_COM(1.0);A10;SN-KA-BI3-4;PROJ_POP_2050_COM;2029;8993;NBR;;;;;ANSD
SN1:DF_PROJ_POP_2050_COM(1.0);A10;SN-KA-BI3-4;PROJ_POP_2050_COM;2030;9317;NBR;;;;;ANSD
SN1:DF_PROJ_POP_2050_COM(1.0);A10;SN-KA-KA1-1;PROJ_POP_2050_COM;2023;57307;NBR;;;;;ANSD
SN1:DF_PROJ_POP_2050_COM(1.0);A10;SN-KA-KA1-1;PROJ_POP_2050_COM;2024;59275;NBR;;;;;ANSD
SN1:DF_PROJ_POP_2050_COM(1.0);A10;SN-KA-KA1-1;PROJ_POP_2050_COM;2025;61333;NBR;;;;;ANSD
SN1:DF_PROJ_POP_2050_COM(1.0);A10;SN-KA-KA1-1;PROJ_POP_2050_COM;2026;63486;NBR;;;;;ANSD
SN1:DF_PROJ_POP_2050_COM(1.0);A10;SN-KA-KA1-1;PROJ_POP_2050_COM;2027;65736;NBR;;;;;ANSD
SN1:DF_PROJ_POP_2050_COM(1.0);A10;SN-KA-KA1-1;PROJ_POP_2050_COM;2028;68084;NBR;;;;;ANSD
SN1:DF_PROJ_POP_2050_COM(1.0);A10;SN-KA-KA1-1;PROJ_POP_2050_COM;2029;70530;NBR;;;;;ANSD
SN1:DF_PROJ_POP_2050_COM(1.0);A10;SN-KA-KA1-1;PROJ_POP_2050_COM;2030;73074;NBR;;;;;ANSD
SN1:DF_PROJ_POP_2050_COM(1.0);A10;SN-KA-KA2-1;PROJ_POP_2050_COM;2023;30083;NBR;;;;;ANSD
SN1:DF_PROJ_POP_2050_COM(1.0);A10;SN-KA-KA2-1;PROJ_POP_2050_COM;2024;31116;NBR;;;;;ANSD
SN1:DF_PROJ_POP_2050_COM(1.0);A10;SN-KA-KA2-1;PROJ_POP_2050_COM;2025;32197;NBR;;;;;ANSD
SN1:DF_PROJ_POP_2050_COM(1.0);A10;SN-KA-KA2-1;PROJ_POP_2050_COM;2026;33327;NBR;;;;;ANSD
SN1:DF_PROJ_POP_2050_COM(1.0);A10;SN-KA-KA2-1;PROJ_POP_2050_COM;2027;34508;NBR;;;;;ANSD
SN1:DF_PROJ_POP_2050_COM(1.0);A10;SN-KA-KA2-1;PROJ_POP_2050_COM;2028;35740;NBR;;;;;ANSD
SN1:DF_PROJ_POP_2050_COM(1.0);A10;SN-KA-KA2-1;PROJ_POP_2050_COM;2029;37024;NBR;;;;;ANSD
SN1:DF_PROJ_POP_2050_COM(1.0);A10;SN-KA-KA2-1;PROJ_POP_2050_COM;2030;38360;NBR;;;;;ANSD
SN1:DF_PROJ_POP_2050_COM(1.0);A10;SN-KA-KA2-2;PROJ_POP_2050_COM;2023;19778;NBR;;;;;ANSD
SN1:DF_PROJ_POP_2050_COM(1.0);A10;SN-KA-KA2-2;PROJ_POP_2050_COM;2024;20457;NBR;;;;;ANSD
SN1:DF_PROJ_POP_2050_COM(1.0);A10;SN-KA-KA2-2;PROJ_POP_2050_COM;2025;21168;NBR;;;;;ANSD
SN1:DF_PROJ_POP_2050_COM(1.0);A10;SN-KA-KA2-2;PROJ_POP_2050_COM;2026;21911;NBR;;;;;ANSD
SN1:DF_PROJ_POP_2050_COM(1.0);A10;SN-KA-KA2-2;PROJ_POP_2050_COM;2027;22687;NBR;;;;;ANSD
SN1:DF_PROJ_POP_2050_COM(1.0);A10;SN-KA-KA2-2;PROJ_POP_2050_COM;2028;23497;NBR;;;;;ANSD
SN1:DF_PROJ_POP_2050_COM(1.0);A10;SN-KA-KA2-2;PROJ_POP_2050_COM;2029;24341;NBR;;;;;ANSD
SN1:DF_PROJ_POP_2050_COM(1.0);A10;SN-KA-KA2-2;PROJ_POP_2050_COM;2030;25219;NBR;;;;;ANSD
SN1:DF_PROJ_POP_2050_COM(1.0);A10;SN-KA-KA2-3;PROJ_POP_2050_COM;2023;29215;NBR;;;;;ANSD
SN1:DF_PROJ_POP_2050_COM(1.0);A10;SN-KA-KA2-3;PROJ_POP_2050_COM;2024;30218;NBR;;;;;ANSD
SN1:DF_PROJ_POP_2050_COM(1.0);A10;SN-KA-KA2-3;PROJ_POP_2050_COM;2025;31268;NBR;;;;;ANSD
SN1:DF_PROJ_POP_2050_COM(1.0);A10;SN-KA-KA2-3;PROJ_POP_2050_COM;2026;32365;NBR;;;;;ANSD
SN1:DF_PROJ_POP_2050_COM(1.0);A10;SN-KA-KA2-3;PROJ_POP_2050_COM;2027;33512;NBR;;;;;ANSD
SN1:DF_PROJ_POP_2050_COM(1.0);A10;SN-KA-KA2-3;PROJ_POP_2050_COM;2028;34709;NBR;;;;;ANSD
SN1:DF_PROJ_POP_2050_COM(1.0);A10;SN-KA-KA2-3;PROJ_POP_2050_COM;2029;35956;NBR;;;;;ANSD
SN1:DF_PROJ_POP_2050_COM(1.0);A10;SN-KA-KA2-3;PROJ_POP_2050_COM;2030;37253;NBR;;;;;ANSD
SN1:DF_PROJ_POP_2050_COM(1.0);A10;SN-KA-KA3-1;PROJ_POP_2050_COM;2023;33591;NBR;;;;;ANSD
SN1:DF_PROJ_POP_2050_COM(1.0);A10;SN-KA-KA3-1;PROJ_POP_2050_COM;2024;34745;NBR;;;;;ANSD
SN1:DF_PROJ_POP_2050_COM(1.0);A10;SN-KA-KA3-1;PROJ_POP_2050_COM;2025;35951;NBR;;;;;ANSD
SN1:DF_PROJ_POP_2050_COM(1.0);A10;SN-KA-KA3-1;PROJ_POP_2050_COM;2026;37213;NBR;;;;;ANSD
SN1:DF_PROJ_POP_2050_COM(1.0);A10;SN-KA-KA3-1;PROJ_POP_2050_COM;2027;38532;NBR;;;;;ANSD
SN1:DF_PROJ_POP_2050_COM(1.0);A10;SN-KA-KA3-1;PROJ_POP_2050_COM;2028;39908;NBR;;;;;ANSD
SN1:DF_PROJ_POP_2050_COM(1.0);A10;SN-KA-KA3-1;PROJ_POP_2050_COM;2029;41342;NBR;;;;;ANSD
SN1:DF_PROJ_POP_2050_COM(1.0);A10;SN-KA-KA3-1;PROJ_POP_2050_COM;2030;42833;NBR;;;;;ANSD
SN1:DF_PROJ_POP_2050_COM(1.0);A10;SN-KA-KA3-2;PROJ_POP_2050_COM;2023;44396;NBR;;;;;ANSD
SN1:DF_PROJ_POP_2050_COM(1.0);A10;SN-KA-KA3-2;PROJ_POP_2050_COM;2024;45921;NBR;;;;;ANSD
SN1:DF_PROJ_POP_2050_COM(1.0);A10;SN-KA-KA3-2;PROJ_POP_2050_COM;2025;47515;NBR;;;;;ANSD
SN1:DF_PROJ_POP_2050_COM(1.0);A10;SN-KA-KA3-2;PROJ_POP_2050_COM;2026;49183;NBR;;;;;ANSD
SN1:DF_PROJ_POP_2050_COM(1.0);A10;SN-KA-KA3-2;PROJ_POP_2050_COM;2027;50926;NBR;;;;;ANSD
SN1:DF_PROJ_POP_2050_COM(1.0);A10;SN-KA-KA3-2;PROJ_POP_2050_COM;2028;52745;NBR;;;;;ANSD
SN1:DF_PROJ_POP_2050_COM(1.0);A10;SN-KA-KA3-2;PROJ_POP_2050_COM;2029;54640;NBR;;;;;ANSD
SN1:DF_PROJ_POP_2050_COM(1.0);A10;SN-KA-KA3-2;PROJ_POP_2050_COM;2030;56611;NBR;;;;;ANSD
SN1:DF_PROJ_POP_2050_COM(1.0);A10;SN-KA-KA3-3;PROJ_POP_2050_COM;2023;27628;NBR;;;;;ANSD
SN1:DF_PROJ_POP_2050_COM(1.0);A10;SN-KA-KA3-3;PROJ_POP_2050_COM;2024;28577;NBR;;;;;ANSD
SN1:DF_PROJ_POP_2050_COM(1.0);A10;SN-KA-KA3-3;PROJ_POP_2050_COM;2025;29569;NBR;;;;;ANSD
SN1:DF_PROJ_POP_2050_COM(1.0);A10;SN-KA-KA3-3;PROJ_POP_2050_COM;2026;30607;NBR;;;;;ANSD
SN1:DF_PROJ_POP_2050_COM(1.0);A10;SN-KA-KA3-3;PROJ_POP_2050_COM;2027;31692;NBR;;;;;ANSD
SN1:DF_PROJ_POP_2050_COM(1.0);A10;SN-KA-KA3-3;PROJ_POP_2050_COM;2028;32824;NBR;;;;;ANSD
SN1:DF_PROJ_POP_2050_COM(1.0);A10;SN-KA-KA3-3;PROJ_POP_2050_COM;2029;34003;NBR;;;;;ANSD
SN1:DF_PROJ_POP_2050_COM(1.0);A10;SN-KA-KA3-3;PROJ_POP_2050_COM;2030;35229;NBR;;;;;ANSD
SN1:DF_PROJ_POP_2050_COM(1.0);A10;SN-KA-KA3-4;PROJ_POP_2050_COM;2023;24420;NBR;;;;;ANSD
SN1:DF_PROJ_POP_2050_COM(1.0);A10;SN-KA-KA3-4;PROJ_POP_2050_COM;2024;25259;NBR;;;;;ANSD
SN1:DF_PROJ_POP_2050_COM(1.0);A10;SN-KA-KA3-4;PROJ_POP_2050_COM;2025;26136;NBR;;;;;ANSD
SN1:DF_PROJ_POP_2050_COM(1.0);A10;SN-KA-KA3-4;PROJ_POP_2050_COM;2026;27053;NBR;;;;;ANSD
SN1:DF_PROJ_POP_2050_COM(1.0);A10;SN-KA-KA3-4;PROJ_POP_2050_COM;2027;28012;NBR;;;;;ANSD
SN1:DF_PROJ_POP_2050_COM(1.0);A10;SN-KA-KA3-4;PROJ_POP_2050_COM;2028;29012;NBR;;;;;ANSD
SN1:DF_PROJ_POP_2050_COM(1.0);A10;SN-KA-KA3-4;PROJ_POP_2050_COM;2029;30054;NBR;;;;;ANSD
SN1:DF_PROJ_POP_2050_COM(1.0);A10;SN-KA-KA3-4;PROJ_POP_2050_COM;2030;31139;NBR;;;;;ANSD
SN1:DF_PROJ_POP_2050_COM(1.0);A10;SN-KA-KA3-5;PROJ_POP_2050_COM;2023;14369;NBR;;;;;ANSD
SN1:DF_PROJ_POP_2050_COM(1.0);A10;SN-KA-KA3-5;PROJ_POP_2050_COM;2024;14863;NBR;;;;;ANSD
SN1:DF_PROJ_POP_2050_COM(1.0);A10;SN-KA-KA3-5;PROJ_POP_2050_COM;2025;15379;NBR;;;;;ANSD
SN1:DF_PROJ_POP_2050_COM(1.0);A10;SN-KA-KA3-5;PROJ_POP_2050_COM;2026;15918;NBR;;;;;ANSD
SN1:DF_PROJ_POP_2050_COM(1.0);A10;SN-KA-KA3-5;PROJ_POP_2050_COM;2027;16482;NBR;;;;;ANSD
SN1:DF_PROJ_POP_2050_COM(1.0);A10;SN-KA-KA3-5;PROJ_POP_2050_COM;2028;17071;NBR;;;;;ANSD
SN1:DF_PROJ_POP_2050_COM(1.0);A10;SN-KA-KA3-5;PROJ_POP_2050_COM;2029;17684;NBR;;;;;ANSD
SN1:DF_PROJ_POP_2050_COM(1.0);A10;SN-KA-KA3-5;PROJ_POP_2050_COM;2030;18322;NBR;;;;;ANSD
SN1:DF_PROJ_POP_2050_COM(1.0);A10;SN-KA-KO1-1;PROJ_POP_2050_COM;2023;31149;NBR;;;;;ANSD
SN1:DF_PROJ_POP_2050_COM(1.0);A10;SN-KA-KO1-1;PROJ_POP_2050_COM;2024;32219;NBR;;;;;ANSD
SN1:DF_PROJ_POP_2050_COM(1.0);A10;SN-KA-KO1-1;PROJ_POP_2050_COM;2025;33338;NBR;;;;;ANSD
SN1:DF_PROJ_POP_2050_COM(1.0);A10;SN-KA-KO1-1;PROJ_POP_2050_COM;2026;34508;NBR;;;;;ANSD
SN1:DF_PROJ_POP_2050_COM(1.0);A10;SN-KA-KO1-1;PROJ_POP_2050_COM;2027;35731;NBR;;;;;ANSD
SN1:DF_PROJ_POP_2050_COM(1.0);A10;SN-KA-KO1-1;PROJ_POP_2050_COM;2028;37007;NBR;;;;;ANSD
SN1:DF_PROJ_POP_2050_COM(1.0);A10;SN-KA-KO1-1;PROJ_POP_2050_COM;2029;38336;NBR;;;;;ANSD
SN1:DF_PROJ_POP_2050_COM(1.0);A10;SN-KA-KO1-1;PROJ_POP_2050_COM;2030;39719;NBR;;;;;ANSD
SN1:DF_PROJ_POP_2050_COM(1.0);A10;SN-KA-KO2-1;PROJ_POP_2050_COM;2023;34134;NBR;;;;;ANSD
SN1:DF_PROJ_POP_2050_COM(1.0);A10;SN-KA-KO2-1;PROJ_POP_2050_COM;2024;35306;NBR;;;;;ANSD
SN1:DF_PROJ_POP_2050_COM(1.0);A10;SN-KA-KO2-1;PROJ_POP_2050_COM;2025;36532;NBR;;;;;ANSD
SN1:DF_PROJ_POP_2050_COM(1.0);A10;SN-KA-KO2-1;PROJ_POP_2050_COM;2026;37815;NBR;;;;;ANSD
SN1:DF_PROJ_POP_2050_COM(1.0);A10;SN-KA-KO2-1;PROJ_POP_2050_COM;2027;39155;NBR;;;;;ANSD
SN1:DF_PROJ_POP_2050_COM(1.0);A10;SN-KA-KO2-1;PROJ_POP_2050_COM;2028;40553;NBR;;;;;ANSD
SN1:DF_PROJ_POP_2050_COM(1.0);A10;SN-KA-KO2-1;PROJ_POP_2050_COM;2029;42010;NBR;;;;;ANSD
SN1:DF_PROJ_POP_2050_COM(1.0);A10;SN-KA-KO2-1;PROJ_POP_2050_COM;2030;43525;NBR;;;;;ANSD
SN1:DF_PROJ_POP_2050_COM(1.0);A10;SN-KA-KO2-2;PROJ_POP_2050_COM;2023;23547;NBR;;;;;ANSD
SN1:DF_PROJ_POP_2050_COM(1.0);A10;SN-KA-KO2-2;PROJ_POP_2050_COM;2024;24356;NBR;;;;;ANSD
SN1:DF_PROJ_POP_2050_COM(1.0);A10;SN-KA-KO2-2;PROJ_POP_2050_COM;2025;25201;NBR;;;;;ANSD
SN1:DF_PROJ_POP_2050_COM(1.0);A10;SN-KA-KO2-2;PROJ_POP_2050_COM;2026;26086;NBR;;;;;ANSD
SN1:DF_PROJ_POP_2050_COM(1.0);A10;SN-KA-KO2-2;PROJ_POP_2050_COM;2027;27010;NBR;;;;;ANSD
SN1:DF_PROJ_POP_2050_COM(1.0);A10;SN-KA-KO2-2;PROJ_POP_2050_COM;2028;27975;NBR;;;;;ANSD
SN1:DF_PROJ_POP_2050_COM(1.0);A10;SN-KA-KO2-2;PROJ_POP_2050_COM;2029;28980;NBR;;;;;ANSD
SN1:DF_PROJ_POP_2050_COM(1.0);A10;SN-KA-KO2-2;PROJ_POP_2050_COM;2030;30025;NBR;;;;;ANSD
SN1:DF_PROJ_POP_2050_COM(1.0);A10;SN-KA-KO2-3;PROJ_POP_2050_COM;2023;31535;NBR;;;;;ANSD
SN1:DF_PROJ_POP_2050_COM(1.0);A10;SN-KA-KO2-3;PROJ_POP_2050_COM;2024;32618;NBR;;;;;ANSD
SN1:DF_PROJ_POP_2050_COM(1.0);A10;SN-KA-KO2-3;PROJ_POP_2050_COM;2025;33751;NBR;;;;;ANSD
SN1:DF_PROJ_POP_2050_COM(1.0);A10;SN-KA-KO2-3;PROJ_POP_2050_COM;2026;34935;NBR;;;;;ANSD
SN1:DF_PROJ_POP_2050_COM(1.0);A10;SN-KA-KO2-3;PROJ_POP_2050_COM;2027;36173;NBR;;;;;ANSD
SN1:DF_PROJ_POP_2050_COM(1.0);A10;SN-KA-KO2-3;PROJ_POP_2050_COM;2028;37465;NBR;;;;;ANSD
SN1:DF_PROJ_POP_2050_COM(1.0);A10;SN-KA-KO2-3;PROJ_POP_2050_COM;2029;38811;NBR;;;;;ANSD
SN1:DF_PROJ_POP_2050_COM(1.0);A10;SN-KA-KO2-3;PROJ_POP_2050_COM;2030;40211;NBR;;;;;ANSD
SN1:DF_PROJ_POP_2050_COM(1.0);A10;SN-KA-KO3-1;PROJ_POP_2050_COM;2023;34905;NBR;;;;;ANSD
SN1:DF_PROJ_POP_2050_COM(1.0);A10;SN-KA-KO3-1;PROJ_POP_2050_COM;2024;36104;NBR;;;;;ANSD
SN1:DF_PROJ_POP_2050_COM(1.0);A10;SN-KA-KO3-1;PROJ_POP_2050_COM;2025;37357;NBR;;;;;ANSD
SN1:DF_PROJ_POP_2050_COM(1.0);A10;SN-KA-KO3-1;PROJ_POP_2050_COM;2026;38669;NBR;;;;;ANSD
SN1:DF_PROJ_POP_2050_COM(1.0);A10;SN-KA-KO3-1;PROJ_POP_2050_COM;2027;40039;NBR;;;;;ANSD
SN1:DF_PROJ_POP_2050_COM(1.0);A10;SN-KA-KO3-1;PROJ_POP_2050_COM;2028;41469;NBR;;;;;ANSD
SN1:DF_PROJ_POP_2050_COM(1.0);A10;SN-KA-KO3-1;PROJ_POP_2050_COM;2029;42959;NBR;;;;;ANSD
SN1:DF_PROJ_POP_2050_COM(1.0);A10;SN-KA-KO3-1;PROJ_POP_2050_COM;2030;44508;NBR;;;;;ANSD
SN1:DF_PROJ_POP_2050_COM(1.0);A10;SN-KA-KO3-2;PROJ_POP_2050_COM;2023;23010;NBR;;;;;ANSD
SN1:DF_PROJ_POP_2050_COM(1.0);A10;SN-KA-KO3-2;PROJ_POP_2050_COM;2024;23800;NBR;;;;;ANSD
SN1:DF_PROJ_POP_2050_COM(1.0);A10;SN-KA-KO3-2;PROJ_POP_2050_COM;2025;24627;NBR;;;;;ANSD
SN1:DF_PROJ_POP_2050_COM(1.0);A10;SN-KA-KO3-2;PROJ_POP_2050_COM;2026;25491;NBR;;;;;ANSD
SN1:DF_PROJ_POP_2050_COM(1.0);A10;SN-KA-KO3-2;PROJ_POP_2050_COM;2027;26394;NBR;;;;;ANSD
SN1:DF_PROJ_POP_2050_COM(1.0);A10;SN-KA-KO3-2;PROJ_POP_2050_COM;2028;27337;NBR;;;;;ANSD
SN1:DF_PROJ_POP_2050_COM(1.0);A10;SN-KA-KO3-2;PROJ_POP_2050_COM;2029;28319;NBR;;;;;ANSD
SN1:DF_PROJ_POP_2050_COM(1.0);A10;SN-KA-KO3-2;PROJ_POP_2050_COM;2030;29341;NBR;;;;;ANSD
SN1:DF_PROJ_POP_2050_COM(1.0);A10;SN-KA-KO4-1;PROJ_POP_2050_COM;2023;25769;NBR;;;;;ANSD
SN1:DF_PROJ_POP_2050_COM(1.0);A10;SN-KA-KO4-1;PROJ_POP_2050_COM;2024;26654;NBR;;;;;ANSD
SN1:DF_PROJ_POP_2050_COM(1.0);A10;SN-KA-KO4-1;PROJ_POP_2050_COM;2025;27580;NBR;;;;;ANSD
SN1:DF_PROJ_POP_2050_COM(1.0);A10;SN-KA-KO4-1;PROJ_POP_2050_COM;2026;28548;NBR;;;;;ANSD
SN1:DF_PROJ_POP_2050_COM(1.0);A10;SN-KA-KO4-1;PROJ_POP_2050_COM;2027;29559;NBR;;;;;ANSD
SN1:DF_PROJ_POP_2050_COM(1.0);A10;SN-KA-KO4-1;PROJ_POP_2050_COM;2028;30615;NBR;;;;;ANSD
SN1:DF_PROJ_POP_2050_COM(1.0);A10;SN-KA-KO4-1;PROJ_POP_2050_COM;2029;31715;NBR;;;;;ANSD
SN1:DF_PROJ_POP_2050_COM(1.0);A10;SN-KA-KO4-1;PROJ_POP_2050_COM;2030;32859;NBR;;;;;ANSD
SN1:DF_PROJ_POP_2050_COM(1.0);A10;SN-KA-KO4-2;PROJ_POP_2050_COM;2023;19428;NBR;;;;;ANSD
SN1:DF_PROJ_POP_2050_COM(1.0);A10;SN-KA-KO4-2;PROJ_POP_2050_COM;2024;20095;NBR;;;;;ANSD
SN1:DF_PROJ_POP_2050_COM(1.0);A10;SN-KA-KO4-2;PROJ_POP_2050_COM;2025;20793;NBR;;;;;ANSD
SN1:DF_PROJ_POP_2050_COM(1.0);A10;SN-KA-KO4-2;PROJ_POP_2050_COM;2026;21523;NBR;;;;;ANSD
SN1:DF_PROJ_POP_2050_COM(1.0);A10;SN-KA-KO4-2;PROJ_POP_2050_COM;2027;22286;NBR;;;;;ANSD
SN1:DF_PROJ_POP_2050_COM(1.0);A10;SN-KA-KO4-2;PROJ_POP_2050_COM;2028;23082;NBR;;;;;ANSD
SN1:DF_PROJ_POP_2050_COM(1.0);A10;SN-KA-KO4-2;PROJ_POP_2050_COM;2029;23911;NBR;;;;;ANSD
SN1:DF_PROJ_POP_2050_COM(1.0);A10;SN-KA-KO4-2;PROJ_POP_2050_COM;2030;24773;NBR;;;;;ANSD
SN1:DF_PROJ_POP_2050_COM(1.0);A10;SN-KA-KO4-3;PROJ_POP_2050_COM;2023;29827;NBR;;;;;ANSD
SN1:DF_PROJ_POP_2050_COM(1.0);A10;SN-KA-KO4-3;PROJ_POP_2050_COM;2024;30851;NBR;;;;;ANSD
SN1:DF_PROJ_POP_2050_COM(1.0);A10;SN-KA-KO4-3;PROJ_POP_2050_COM;2025;31923;NBR;;;;;ANSD
SN1:DF_PROJ_POP_2050_COM(1.0);A10;SN-KA-KO4-3;PROJ_POP_2050_COM;2026;33043;NBR;;;;;ANSD
SN1:DF_PROJ_POP_2050_COM(1.0);A10;SN-KA-KO4-3;PROJ_POP_2050_COM;2027;34214;NBR;;;;;ANSD
SN1:DF_PROJ_POP_2050_COM(1.0);A10;SN-KA-KO4-3;PROJ_POP_2050_COM;2028;35436;NBR;;;;;ANSD
SN1:DF_PROJ_POP_2050_COM(1.0);A10;SN-KA-KO4-3;PROJ_POP_2050_COM;2029;36709;NBR;;;;;ANSD
SN1:DF_PROJ_POP_2050_COM(1.0);A10;SN-KA-KO4-3;PROJ_POP_2050_COM;2030;38033;NBR;;;;;ANSD
SN1:DF_PROJ_POP_2050_COM(1.0);A10;SN-KA-MH1-1;PROJ_POP_2050_COM;2023;12188;NBR;;;;;ANSD
SN1:DF_PROJ_POP_2050_COM(1.0);A10;SN-KA-MH1-1;PROJ_POP_2050_COM;2024;12607;NBR;;;;;ANSD
SN1:DF_PROJ_POP_2050_COM(1.0);A10;SN-KA-MH1-1;PROJ_POP_2050_COM;2025;13044;NBR;;;;;ANSD
SN1:DF_PROJ_POP_2050_COM(1.0);A10;SN-KA-MH1-1;PROJ_POP_2050_COM;2026;13502;NBR;;;;;ANSD
SN1:DF_PROJ_POP_2050_COM(1.0);A10;SN-KA-MH1-1;PROJ_POP_2050_COM;2027;13981;NBR;;;;;ANSD
SN1:DF_PROJ_POP_2050_COM(1.0);A10;SN-KA-MH1-1;PROJ_POP_2050_COM;2028;14480;NBR;;;;;ANSD
SN1:DF_PROJ_POP_2050_COM(1.0);A10;SN-KA-MH1-1;PROJ_POP_2050_COM;2029;15000;NBR;;;;;ANSD
SN1:DF_PROJ_POP_2050_COM(1.0);A10;SN-KA-MH1-1;PROJ_POP_2050_COM;2030;15541;NBR;;;;;ANSD
SN1:DF_PROJ_POP_2050_COM(1.0);A10;SN-KA-MH2-1;PROJ_POP_2050_COM;2023;21301;NBR;;;;;ANSD
SN1:DF_PROJ_POP_2050_COM(1.0);A10;SN-KA-MH2-1;PROJ_POP_2050_COM;2024;22033;NBR;;;;;ANSD
SN1:DF_PROJ_POP_2050_COM(1.0);A10;SN-KA-MH2-1;PROJ_POP_2050_COM;2025;22798;NBR;;;;;ANSD
SN1:DF_PROJ_POP_2050_COM(1.0);A10;SN-KA-MH2-1;PROJ_POP_2050_COM;2026;23598;NBR;;;;;ANSD
SN1:DF_PROJ_POP_2050_COM(1.0);A10;SN-KA-MH2-1;PROJ_POP_2050_COM;2027;24434;NBR;;;;;ANSD
SN1:DF_PROJ_POP_2050_COM(1.0);A10;SN-KA-MH2-1;PROJ_POP_2050_COM;2028;25307;NBR;;;;;ANSD
SN1:DF_PROJ_POP_2050_COM(1.0);A10;SN-KA-MH2-1;PROJ_POP_2050_COM;2029;26216;NBR;;;;;ANSD
SN1:DF_PROJ_POP_2050_COM(1.0);A10;SN-KA-MH2-1;PROJ_POP_2050_COM;2030;27161;NBR;;;;;ANSD
SN1:DF_PROJ_POP_2050_COM(1.0);A10;SN-KA-MH2-2;PROJ_POP_2050_COM;2023;12613;NBR;;;;;ANSD
SN1:DF_PROJ_POP_2050_COM(1.0);A10;SN-KA-MH2-2;PROJ_POP_2050_COM;2024;13046;NBR;;;;;ANSD
SN1:DF_PROJ_POP_2050_COM(1.0);A10;SN-KA-MH2-2;PROJ_POP_2050_COM;2025;13499;NBR;;;;;ANSD
SN1:DF_PROJ_POP_2050_COM(1.0);A10;SN-KA-MH2-2;PROJ_POP_2050_COM;2026;13973;NBR;;;;;ANSD
SN1:DF_PROJ_POP_2050_COM(1.0);A10;SN-KA-MH2-2;PROJ_POP_2050_COM;2027;14468;NBR;;;;;ANSD
SN1:DF_PROJ_POP_2050_COM(1.0);A10;SN-KA-MH2-2;PROJ_POP_2050_COM;2028;14985;NBR;;;;;ANSD
SN1:DF_PROJ_POP_2050_COM(1.0);A10;SN-KA-MH2-2;PROJ_POP_2050_COM;2029;15523;NBR;;;;;ANSD
SN1:DF_PROJ_POP_2050_COM(1.0);A10;SN-KA-MH2-2;PROJ_POP_2050_COM;2030;16083;NBR;;;;;ANSD
SN1:DF_PROJ_POP_2050_COM(1.0);A10;SN-KA-MH2-3;PROJ_POP_2050_COM;2023;1834;NBR;;;;;ANSD
SN1:DF_PROJ_POP_2050_COM(1.0);A10;SN-KA-MH2-3;PROJ_POP_2050_COM;2024;1897;NBR;;;;;ANSD
SN1:DF_PROJ_POP_2050_COM(1.0);A10;SN-KA-MH2-3;PROJ_POP_2050_COM;2025;1963;NBR;;;;;ANSD
SN1:DF_PROJ_POP_2050_COM(1.0);A10;SN-KA-MH2-3;PROJ_POP_2050_COM;2026;2032;NBR;;;;;ANSD
SN1:DF_PROJ_POP_2050_COM(1.0);A10;SN-KA-MH2-3;PROJ_POP_2050_COM;2027;2104;NBR;;;;;ANSD
SN1:DF_PROJ_POP_2050_COM(1.0);A10;SN-KA-MH2-3;PROJ_POP_2050_COM;2028;2179;NBR;;;;;ANSD
SN1:DF_PROJ_POP_2050_COM(1.0);A10;SN-KA-MH2-3;PROJ_POP_2050_COM;2029;2257;NBR;;;;;ANSD
SN1:DF_PROJ_POP_2050_COM(1.0);A10;SN-KA-MH2-3;PROJ_POP_2050_COM;2030;2339;NBR;;;;;ANSD
SN1:DF_PROJ_POP_2050_COM(1.0);A10;SN-KA-MH2-4;PROJ_POP_2050_COM;2023;8581;NBR;;;;;ANSD
SN1:DF_PROJ_POP_2050_COM(1.0);A10;SN-KA-MH2-4;PROJ_POP_2050_COM;2024;8876;NBR;;;;;ANSD
SN1:DF_PROJ_POP_2050_COM(1.0);A10;SN-KA-MH2-4;PROJ_POP_2050_COM;2025;9184;NBR;;;;;ANSD
SN1:DF_PROJ_POP_2050_COM(1.0);A10;SN-KA-MH2-4;PROJ_POP_2050_COM;2026;9506;NBR;;;;;ANSD
SN1:DF_PROJ_POP_2050_COM(1.0);A10;SN-KA-MH2-4;PROJ_POP_2050_COM;2027;9843;NBR;;;;;ANSD
SN1:DF_PROJ_POP_2050_COM(1.0);A10;SN-KA-MH2-4;PROJ_POP_2050_COM;2028;10195;NBR;;;;;ANSD
SN1:DF_PROJ_POP_2050_COM(1.0);A10;SN-KA-MH2-4;PROJ_POP_2050_COM;2029;10561;NBR;;;;;ANSD
SN1:DF_PROJ_POP_2050_COM(1.0);A10;SN-KA-MH2-4;PROJ_POP_2050_COM;2030;10942;NBR;;;;;ANSD
SN1:DF_PROJ_POP_2050_COM(1.0);A10;SN-KA-MH3-1;PROJ_POP_2050_COM;2023;25357;NBR;;;;;ANSD
SN1:DF_PROJ_POP_2050_COM(1.0);A10;SN-KA-MH3-1;PROJ_POP_2050_COM;2024;26228;NBR;;;;;ANSD
SN1:DF_PROJ_POP_2050_COM(1.0);A10;SN-KA-MH3-1;PROJ_POP_2050_COM;2025;27139;NBR;;;;;ANSD
SN1:DF_PROJ_POP_2050_COM(1.0);A10;SN-KA-MH3-1;PROJ_POP_2050_COM;2026;28091;NBR;;;;;ANSD
SN1:DF_PROJ_POP_2050_COM(1.0);A10;SN-KA-MH3-1;PROJ_POP_2050_COM;2027;29087;NBR;;;;;ANSD
SN1:DF_PROJ_POP_2050_COM(1.0);A10;SN-KA-MH3-1;PROJ_POP_2050_COM;2028;30125;NBR;;;;;ANSD
SN1:DF_PROJ_POP_2050_COM(1.0);A10;SN-KA-MH3-1;PROJ_POP_2050_COM;2029;31208;NBR;;;;;ANSD
SN1:DF_PROJ_POP_2050_COM(1.0);A10;SN-KA-MH3-1;PROJ_POP_2050_COM;2030;32333;NBR;;;;;ANSD
SN1:DF_PROJ_POP_2050_COM(1.0);A10;SN-KA-MH3-2;PROJ_POP_2050_COM;2023;53375;NBR;;;;;ANSD
SN1:DF_PROJ_POP_2050_COM(1.0);A10;SN-KA-MH3-2;PROJ_POP_2050_COM;2024;55208;NBR;;;;;ANSD
SN1:DF_PROJ_POP_2050_COM(1.0);A10;SN-KA-MH3-2;PROJ_POP_2050_COM;2025;57125;NBR;;;;;ANSD
SN1:DF_PROJ_POP_2050_COM(1.0);A10;SN-KA-MH3-2;PROJ_POP_2050_COM;2026;59130;NBR;;;;;ANSD
SN1:DF_PROJ_POP_2050_COM(1.0);A10;SN-KA-MH3-2;PROJ_POP_2050_COM;2027;61226;NBR;;;;;ANSD
SN1:DF_PROJ_POP_2050_COM(1.0);A10;SN-KA-MH3-2;PROJ_POP_2050_COM;2028;63412;NBR;;;;;ANSD
SN1:DF_PROJ_POP_2050_COM(1.0);A10;SN-KA-MH3-2;PROJ_POP_2050_COM;2029;65690;NBR;;;;;ANSD
SN1:DF_PROJ_POP_2050_COM(1.0);A10;SN-KA-MH3-2;PROJ_POP_2050_COM;2030;68060;NBR;;;;;ANSD
SN1:DF_PROJ_POP_2050_COM(1.0);A10;SN-KD-KD1-1;PROJ_POP_2050_COM;2023;103574;NBR;;;;;ANSD
SN1:DF_PROJ_POP_2050_COM(1.0);A10;SN-KD-KD1-1;PROJ_POP_2050_COM;2024;106599;NBR;;;;;ANSD
SN1:DF_PROJ_POP_2050_COM(1.0);A10;SN-KD-KD1-1;PROJ_POP_2050_COM;2025;109754;NBR;;;;;ANSD
SN1:DF_PROJ_POP_2050_COM(1.0);A10;SN-KD-KD1-1;PROJ_POP_2050_COM;2026;113047;NBR;;;;;ANSD
SN1:DF_PROJ_POP_2050_COM(1.0);A10;SN-KD-KD1-1;PROJ_POP_2050_COM;2027;116478;NBR;;;;;ANSD
SN1:DF_PROJ_POP_2050_COM(1.0);A10;SN-KD-KD1-1;PROJ_POP_2050_COM;2028;120047;NBR;;;;;ANSD
SN1:DF_PROJ_POP_2050_COM(1.0);A10;SN-KD-KD1-1;PROJ_POP_2050_COM;2029;123754;NBR;;;;;ANSD
SN1:DF_PROJ_POP_2050_COM(1.0);A10;SN-KD-KD1-1;PROJ_POP_2050_COM;2030;127596;NBR;;;;;ANSD
SN1:DF_PROJ_POP_2050_COM(1.0);A10;SN-KD-KD2-1;PROJ_POP_2050_COM;2023;32090;NBR;;;;;ANSD
SN1:DF_PROJ_POP_2050_COM(1.0);A10;SN-KD-KD2-1;PROJ_POP_2050_COM;2024;33027;NBR;;;;;ANSD
SN1:DF_PROJ_POP_2050_COM(1.0);A10;SN-KD-KD2-1;PROJ_POP_2050_COM;2025;34005;NBR;;;;;ANSD
SN1:DF_PROJ_POP_2050_COM(1.0);A10;SN-KD-KD2-1;PROJ_POP_2050_COM;2026;35025;NBR;;;;;ANSD
SN1:DF_PROJ_POP_2050_COM(1.0);A10;SN-KD-KD2-1;PROJ_POP_2050_COM;2027;36088;NBR;;;;;ANSD
SN1:DF_PROJ_POP_2050_COM(1.0);A10;SN-KD-KD2-1;PROJ_POP_2050_COM;2028;37194;NBR;;;;;ANSD
SN1:DF_PROJ_POP_2050_COM(1.0);A10;SN-KD-KD2-1;PROJ_POP_2050_COM;2029;38342;NBR;;;;;ANSD
SN1:DF_PROJ_POP_2050_COM(1.0);A10;SN-KD-KD2-1;PROJ_POP_2050_COM;2030;39533;NBR;;;;;ANSD
SN1:DF_PROJ_POP_2050_COM(1.0);A10;SN-KD-KD2-2;PROJ_POP_2050_COM;2023;15204;NBR;;;;;ANSD
SN1:DF_PROJ_POP_2050_COM(1.0);A10;SN-KD-KD2-2;PROJ_POP_2050_COM;2024;15648;NBR;;;;;ANSD
SN1:DF_PROJ_POP_2050_COM(1.0);A10;SN-KD-KD2-2;PROJ_POP_2050_COM;2025;16111;NBR;;;;;ANSD
SN1:DF_PROJ_POP_2050_COM(1.0);A10;SN-KD-KD2-2;PROJ_POP_2050_COM;2026;16595;NBR;;;;;ANSD
SN1:DF_PROJ_POP_2050_COM(1.0);A10;SN-KD-KD2-2;PROJ_POP_2050_COM;2027;17098;NBR;;;;;ANSD
SN1:DF_PROJ_POP_2050_COM(1.0);A10;SN-KD-KD2-2;PROJ_POP_2050_COM;2028;17622;NBR;;;;;ANSD
SN1:DF_PROJ_POP_2050_COM(1.0);A10;SN-KD-KD2-2;PROJ_POP_2050_COM;2029;18166;NBR;;;;;ANSD
SN1:DF_PROJ_POP_2050_COM(1.0);A10;SN-KD-KD2-2;PROJ_POP_2050_COM;2030;18730;NBR;;;;;ANSD
SN1:DF_PROJ_POP_2050_COM(1.0);A10;SN-KD-KD2-3;PROJ_POP_2050_COM;2023;18348;NBR;;;;;ANSD
SN1:DF_PROJ_POP_2050_COM(1.0);A10;SN-KD-KD2-3;PROJ_POP_2050_COM;2024;18884;NBR;;;;;ANSD
SN1:DF_PROJ_POP_2050_COM(1.0);A10;SN-KD-KD2-3;PROJ_POP_2050_COM;2025;19443;NBR;;;;;ANSD
SN1:DF_PROJ_POP_2050_COM(1.0);A10;SN-KD-KD2-3;PROJ_POP_2050_COM;2026;20026;NBR;;;;;ANSD
SN1:DF_PROJ_POP_2050_COM(1.0);A10;SN-KD-KD2-3;PROJ_POP_2050_COM;2027;20634;NBR;;;;;ANSD
SN1:DF_PROJ_POP_2050_COM(1.0);A10;SN-KD-KD2-3;PROJ_POP_2050_COM;2028;21266;NBR;;;;;ANSD
SN1:DF_PROJ_POP_2050_COM(1.0);A10;SN-KD-KD2-3;PROJ_POP_2050_COM;2029;21923;NBR;;;;;ANSD
SN1:DF_PROJ_POP_2050_COM(1.0);A10;SN-KD-KD2-3;PROJ_POP_2050_COM;2030;22604;NBR;;;;;ANSD
SN1:DF_PROJ_POP_2050_COM(1.0);A10;SN-KD-KD2-4;PROJ_POP_2050_COM;2023;18900;NBR;;;;;ANSD
SN1:DF_PROJ_POP_2050_COM(1.0);A10;SN-KD-KD2-4;PROJ_POP_2050_COM;2024;19452;NBR;;;;;ANSD
SN1:DF_PROJ_POP_2050_COM(1.0);A10;SN-KD-KD2-4;PROJ_POP_2050_COM;2025;20028;NBR;;;;;ANSD
SN1:DF_PROJ_POP_2050_COM(1.0);A10;SN-KD-KD2-4;PROJ_POP_2050_COM;2026;20629;NBR;;;;;ANSD
SN1:DF_PROJ_POP_2050_COM(1.0);A10;SN-KD-KD2-4;PROJ_POP_2050_COM;2027;21255;NBR;;;;;ANSD
SN1:DF_PROJ_POP_2050_COM(1.0);A10;SN-KD-KD2-4;PROJ_POP_2050_COM;2028;21906;NBR;;;;;ANSD
SN1:DF_PROJ_POP_2050_COM(1.0);A10;SN-KD-KD2-4;PROJ_POP_2050_COM;2029;22582;NBR;;;;;ANSD
SN1:DF_PROJ_POP_2050_COM(1.0);A10;SN-KD-KD2-4;PROJ_POP_2050_COM;2030;23284;NBR;;;;;ANSD
SN1:DF_PROJ_POP_2050_COM(1.0);A10;SN-KD-KD2-5;PROJ_POP_2050_COM;2023;4641;NBR;;;;;ANSD
SN1:DF_PROJ_POP_2050_COM(1.0);A10;SN-KD-KD2-5;PROJ_POP_2050_COM;2024;4777;NBR;;;;;ANSD
SN1:DF_PROJ_POP_2050_COM(1.0);A10;SN-KD-KD2-5;PROJ_POP_2050_COM;2025;4918;NBR;;;;;ANSD
SN1:DF_PROJ_POP_2050_COM(1.0);A10;SN-KD-KD2-5;PROJ_POP_2050_COM;2026;5065;NBR;;;;;ANSD
SN1:DF_PROJ_POP_2050_COM(1.0);A10;SN-KD-KD2-5;PROJ_POP_2050_COM;2027;5219;NBR;;;;;ANSD
SN1:DF_PROJ_POP_2050_COM(1.0);A10;SN-KD-KD2-5;PROJ_POP_2050_COM;2028;5379;NBR;;;;;ANSD
SN1:DF_PROJ_POP_2050_COM(1.0);A10;SN-KD-KD2-5;PROJ_POP_2050_COM;2029;5545;NBR;;;;;ANSD
SN1:DF_PROJ_POP_2050_COM(1.0);A10;SN-KD-KD2-5;PROJ_POP_2050_COM;2030;5717;NBR;;;;;ANSD
SN1:DF_PROJ_POP_2050_COM(1.0);A10;SN-KD-KD2-6;PROJ_POP_2050_COM;2023;4199;NBR;;;;;ANSD
SN1:DF_PROJ_POP_2050_COM(1.0);A10;SN-KD-KD2-6;PROJ_POP_2050_COM;2024;4322;NBR;;;;;ANSD
SN1:DF_PROJ_POP_2050_COM(1.0);A10;SN-KD-KD2-6;PROJ_POP_2050_COM;2025;4450;NBR;;;;;ANSD
SN1:DF_PROJ_POP_2050_COM(1.0);A10;SN-KD-KD2-6;PROJ_POP_2050_COM;2026;4583;NBR;;;;;ANSD
SN1:DF_PROJ_POP_2050_COM(1.0);A10;SN-KD-KD2-6;PROJ_POP_2050_COM;2027;4722;NBR;;;;;ANSD
SN1:DF_PROJ_POP_2050_COM(1.0);A10;SN-KD-KD2-6;PROJ_POP_2050_COM;2028;4867;NBR;;;;;ANSD
SN1:DF_PROJ_POP_2050_COM(1.0);A10;SN-KD-KD2-6;PROJ_POP_2050_COM;2029;5017;NBR;;;;;ANSD
SN1:DF_PROJ_POP_2050_COM(1.0);A10;SN-KD-KD2-6;PROJ_POP_2050_COM;2030;5173;NBR;;;;;ANSD
SN1:DF_PROJ_POP_2050_COM(1.0);A10;SN-KD-KD3-1;PROJ_POP_2050_COM;2023;20086;NBR;;;;;ANSD
SN1:DF_PROJ_POP_2050_COM(1.0);A10;SN-KD-KD3-1;PROJ_POP_2050_COM;2024;20673;NBR;;;;;ANSD
SN1:DF_PROJ_POP_2050_COM(1.0);A10;SN-KD-KD3-1;PROJ_POP_2050_COM;2025;21285;NBR;;;;;ANSD
SN1:DF_PROJ_POP_2050_COM(1.0);A10;SN-KD-KD3-1;PROJ_POP_2050_COM;2026;21923;NBR;;;;;ANSD
SN1:DF_PROJ_POP_2050_COM(1.0);A10;SN-KD-KD3-1;PROJ_POP_2050_COM;2027;22588;NBR;;;;;ANSD
SN1:DF_PROJ_POP_2050_COM(1.0);A10;SN-KD-KD3-1;PROJ_POP_2050_COM;2028;23281;NBR;;;;;ANSD
SN1:DF_PROJ_POP_2050_COM(1.0);A10;SN-KD-KD3-1;PROJ_POP_2050_COM;2029;23999;NBR;;;;;ANSD
SN1:DF_PROJ_POP_2050_COM(1.0);A10;SN-KD-KD3-1;PROJ_POP_2050_COM;2030;24745;NBR;;;;;ANSD
SN1:DF_PROJ_POP_2050_COM(1.0);A10;SN-KD-KD3-2;PROJ_POP_2050_COM;2023;15025;NBR;;;;;ANSD
SN1:DF_PROJ_POP_2050_COM(1.0);A10;SN-KD-KD3-2;PROJ_POP_2050_COM;2024;15464;NBR;;;;;ANSD
SN1:DF_PROJ_POP_2050_COM(1.0);A10;SN-KD-KD3-2;PROJ_POP_2050_COM;2025;15922;NBR;;;;;ANSD
SN1:DF_PROJ_POP_2050_COM(1.0);A10;SN-KD-KD3-2;PROJ_POP_2050_COM;2026;16399;NBR;;;;;ANSD
SN1:DF_PROJ_POP_2050_COM(1.0);A10;SN-KD-KD3-2;PROJ_POP_2050_COM;2027;16897;NBR;;;;;ANSD
SN1:DF_PROJ_POP_2050_COM(1.0);A10;SN-KD-KD3-2;PROJ_POP_2050_COM;2028;17415;NBR;;;;;ANSD
SN1:DF_PROJ_POP_2050_COM(1.0);A10;SN-KD-KD3-2;PROJ_POP_2050_COM;2029;17952;NBR;;;;;ANSD
SN1:DF_PROJ_POP_2050_COM(1.0);A10;SN-KD-KD3-2;PROJ_POP_2050_COM;2030;18510;NBR;;;;;ANSD
SN1:DF_PROJ_POP_2050_COM(1.0);A10;SN-KD-KD3-3;PROJ_POP_2050_COM;2023;21955;NBR;;;;;ANSD
SN1:DF_PROJ_POP_2050_COM(1.0);A10;SN-KD-KD3-3;PROJ_POP_2050_COM;2024;22596;NBR;;;;;ANSD
SN1:DF_PROJ_POP_2050_COM(1.0);A10;SN-KD-KD3-3;PROJ_POP_2050_COM;2025;23265;NBR;;;;;ANSD
SN1:DF_PROJ_POP_2050_COM(1.0);A10;SN-KD-KD3-3;PROJ_POP_2050_COM;2026;23963;NBR;;;;;ANSD
SN1:DF_PROJ_POP_2050_COM(1.0);A10;SN-KD-KD3-3;PROJ_POP_2050_COM;2027;24690;NBR;;;;;ANSD
SN1:DF_PROJ_POP_2050_COM(1.0);A10;SN-KD-KD3-3;PROJ_POP_2050_COM;2028;25447;NBR;;;;;ANSD
SN1:DF_PROJ_POP_2050_COM(1.0);A10;SN-KD-KD3-3;PROJ_POP_2050_COM;2029;26233;NBR;;;;;ANSD
SN1:DF_PROJ_POP_2050_COM(1.0);A10;SN-KD-KD3-3;PROJ_POP_2050_COM;2030;27047;NBR;;;;;ANSD
SN1:DF_PROJ_POP_2050_COM(1.0);A10;SN-KD-KD3-4;PROJ_POP_2050_COM;2023;16959;NBR;;;;;ANSD
SN1:DF_PROJ_POP_2050_COM(1.0);A10;SN-KD-KD3-4;PROJ_POP_2050_COM;2024;17454;NBR;;;;;ANSD
SN1:DF_PROJ_POP_2050_COM(1.0);A10;SN-KD-KD3-4;PROJ_POP_2050_COM;2025;17971;NBR;;;;;ANSD
SN1:DF_PROJ_POP_2050_COM(1.0);A10;SN-KD-KD3-4;PROJ_POP_2050_COM;2026;18510;NBR;;;;;ANSD
SN1:DF_PROJ_POP_2050_COM(1.0);A10;SN-KD-KD3-4;PROJ_POP_2050_COM;2027;19072;NBR;;;;;ANSD
SN1:DF_PROJ_POP_2050_COM(1.0);A10;SN-KD-KD3-4;PROJ_POP_2050_COM;2028;19656;NBR;;;;;ANSD
SN1:DF_PROJ_POP_2050_COM(1.0);A10;SN-KD-KD3-4;PROJ_POP_2050_COM;2029;20263;NBR;;;;;ANSD
SN1:DF_PROJ_POP_2050_COM(1.0);A10;SN-KD-KD3-4;PROJ_POP_2050_COM;2030;20892;NBR;;;;;ANSD
SN1:DF_PROJ_POP_2050_COM(1.0);A10;SN-KD-KD3-5;PROJ_POP_2050_COM;2023;15918;NBR;;;;;ANSD
SN1:DF_PROJ_POP_2050_COM(1.0);A10;SN-KD-KD3-5;PROJ_POP_2050_COM;2024;16383;NBR;;;;;ANSD
SN1:DF_PROJ_POP_2050_COM(1.0);A10;SN-KD-KD3-5;PROJ_POP_2050_COM;2025;16868;NBR;;;;;ANSD
SN1:DF_PROJ_POP_2050_COM(1.0);A10;SN-KD-KD3-5;PROJ_POP_2050_COM;2026;17374;NBR;;;;;ANSD
SN1:DF_PROJ_POP_2050_COM(1.0);A10;SN-KD-KD3-5;PROJ_POP_2050_COM;2027;17901;NBR;;;;;ANSD
SN1:DF_PROJ_POP_2050_COM(1.0);A10;SN-KD-KD3-5;PROJ_POP_2050_COM;2028;18450;NBR;;;;;ANSD
SN1:DF_PROJ_POP_2050_COM(1.0);A10;SN-KD-KD3-5;PROJ_POP_2050_COM;2029;19019;NBR;;;;;ANSD
SN1:DF_PROJ_POP_2050_COM(1.0);A10;SN-KD-KD3-5;PROJ_POP_2050_COM;2030;19610;NBR;;;;;ANSD
SN1:DF_PROJ_POP_2050_COM(1.0);A10;SN-KD-KD3-6;PROJ_POP_2050_COM;2023;9611;NBR;;;;;ANSD
SN1:DF_PROJ_POP_2050_COM(1.0);A10;SN-KD-KD3-6;PROJ_POP_2050_COM;2024;9892;NBR;;;;;ANSD
SN1:DF_PROJ_POP_2050_COM(1.0);A10;SN-KD-KD3-6;PROJ_POP_2050_COM;2025;10185;NBR;;;;;ANSD
SN1:DF_PROJ_POP_2050_COM(1.0);A10;SN-KD-KD3-6;PROJ_POP_2050_COM;2026;10490;NBR;;;;;ANSD
SN1:DF_PROJ_POP_2050_COM(1.0);A10;SN-KD-KD3-6;PROJ_POP_2050_COM;2027;10808;NBR;;;;;ANSD
SN1:DF_PROJ_POP_2050_COM(1.0);A10;SN-KD-KD3-6;PROJ_POP_2050_COM;2028;11140;NBR;;;;;ANSD
SN1:DF_PROJ_POP_2050_COM(1.0);A10;SN-KD-KD3-6;PROJ_POP_2050_COM;2029;11484;NBR;;;;;ANSD
SN1:DF_PROJ_POP_2050_COM(1.0);A10;SN-KD-KD3-6;PROJ_POP_2050_COM;2030;11840;NBR;;;;;ANSD
SN1:DF_PROJ_POP_2050_COM(1.0);A10;SN-KD-KD4-1;PROJ_POP_2050_COM;2023;22371;NBR;;;;;ANSD
SN1:DF_PROJ_POP_2050_COM(1.0);A10;SN-KD-KD4-1;PROJ_POP_2050_COM;2024;23024;NBR;;;;;ANSD
SN1:DF_PROJ_POP_2050_COM(1.0);A10;SN-KD-KD4-1;PROJ_POP_2050_COM;2025;23706;NBR;;;;;ANSD
SN1:DF_PROJ_POP_2050_COM(1.0);A10;SN-KD-KD4-1;PROJ_POP_2050_COM;2026;24417;NBR;;;;;ANSD
SN1:DF_PROJ_POP_2050_COM(1.0);A10;SN-KD-KD4-1;PROJ_POP_2050_COM;2027;25158;NBR;;;;;ANSD
SN1:DF_PROJ_POP_2050_COM(1.0);A10;SN-KD-KD4-1;PROJ_POP_2050_COM;2028;25929;NBR;;;;;ANSD
SN1:DF_PROJ_POP_2050_COM(1.0);A10;SN-KD-KD4-1;PROJ_POP_2050_COM;2029;26730;NBR;;;;;ANSD
SN1:DF_PROJ_POP_2050_COM(1.0);A10;SN-KD-KD4-1;PROJ_POP_2050_COM;2030;27560;NBR;;;;;ANSD
SN1:DF_PROJ_POP_2050_COM(1.0);A10;SN-KD-KD4-2;PROJ_POP_2050_COM;2023;5311;NBR;;;;;ANSD
SN1:DF_PROJ_POP_2050_COM(1.0);A10;SN-KD-KD4-2;PROJ_POP_2050_COM;2024;5466;NBR;;;;;ANSD
SN1:DF_PROJ_POP_2050_COM(1.0);A10;SN-KD-KD4-2;PROJ_POP_2050_COM;2025;5628;NBR;;;;;ANSD
SN1:DF_PROJ_POP_2050_COM(1.0);A10;SN-KD-KD4-2;PROJ_POP_2050_COM;2026;5797;NBR;;;;;ANSD
SN1:DF_PROJ_POP_2050_COM(1.0);A10;SN-KD-KD4-2;PROJ_POP_2050_COM;2027;5973;NBR;;;;;ANSD
SN1:DF_PROJ_POP_2050_COM(1.0);A10;SN-KD-KD4-2;PROJ_POP_2050_COM;2028;6156;NBR;;;;;ANSD
SN1:DF_PROJ_POP_2050_COM(1.0);A10;SN-KD-KD4-2;PROJ_POP_2050_COM;2029;6346;NBR;;;;;ANSD
SN1:DF_PROJ_POP_2050_COM(1.0);A10;SN-KD-KD4-2;PROJ_POP_2050_COM;2030;6543;NBR;;;;;ANSD
SN1:DF_PROJ_POP_2050_COM(1.0);A10;SN-KD-MY1-1;PROJ_POP_2050_COM;2023;4936;NBR;;;;;ANSD
SN1:DF_PROJ_POP_2050_COM(1.0);A10;SN-KD-MY1-1;PROJ_POP_2050_COM;2024;5080;NBR;;;;;ANSD
SN1:DF_PROJ_POP_2050_COM(1.0);A10;SN-KD-MY1-1;PROJ_POP_2050_COM;2025;5231;NBR;;;;;ANSD
SN1:DF_PROJ_POP_2050_COM(1.0);A10;SN-KD-MY1-1;PROJ_POP_2050_COM;2026;5387;NBR;;;;;ANSD
SN1:DF_PROJ_POP_2050_COM(1.0);A10;SN-KD-MY1-1;PROJ_POP_2050_COM;2027;5551;NBR;;;;;ANSD
SN1:DF_PROJ_POP_2050_COM(1.0);A10;SN-KD-MY1-1;PROJ_POP_2050_COM;2028;5721;NBR;;;;;ANSD
SN1:DF_PROJ_POP_2050_COM(1.0);A10;SN-KD-MY1-1;PROJ_POP_2050_COM;2029;5898;NBR;;;;;ANSD
SN1:DF_PROJ_POP_2050_COM(1.0);A10;SN-KD-MY1-1;PROJ_POP_2050_COM;2030;6081;NBR;;;;;ANSD
SN1:DF_PROJ_POP_2050_COM(1.0);A10;SN-KD-MY2-1;PROJ_POP_2050_COM;2023;10911;NBR;;;;;ANSD
SN1:DF_PROJ_POP_2050_COM(1.0);A10;SN-KD-MY2-1;PROJ_POP_2050_COM;2024;11230;NBR;;;;;ANSD
SN1:DF_PROJ_POP_2050_COM(1.0);A10;SN-KD-MY2-1;PROJ_POP_2050_COM;2025;11562;NBR;;;;;ANSD
SN1:DF_PROJ_POP_2050_COM(1.0);A10;SN-KD-MY2-1;PROJ_POP_2050_COM;2026;11909;NBR;;;;;ANSD
SN1:DF_PROJ_POP_2050_COM(1.0);A10;SN-KD-MY2-1;PROJ_POP_2050_COM;2027;12270;NBR;;;;;ANSD
SN1:DF_PROJ_POP_2050_COM(1.0);A10;SN-KD-MY2-1;PROJ_POP_2050_COM;2028;12646;NBR;;;;;ANSD
SN1:DF_PROJ_POP_2050_COM(1.0);A10;SN-KD-MY2-1;PROJ_POP_2050_COM;2029;13037;NBR;;;;;ANSD
SN1:DF_PROJ_POP_2050_COM(1.0);A10;SN-KD-MY2-1;PROJ_POP_2050_COM;2030;13442;NBR;;;;;ANSD
SN1:DF_PROJ_POP_2050_COM(1.0);A10;SN-KD-MY2-2;PROJ_POP_2050_COM;2023;17878;NBR;;;;;ANSD
SN1:DF_PROJ_POP_2050_COM(1.0);A10;SN-KD-MY2-2;PROJ_POP_2050_COM;2024;18400;NBR;;;;;ANSD
SN1:DF_PROJ_POP_2050_COM(1.0);A10;SN-KD-MY2-2;PROJ_POP_2050_COM;2025;18945;NBR;;;;;ANSD
SN1:DF_PROJ_POP_2050_COM(1.0);A10;SN-KD-MY2-2;PROJ_POP_2050_COM;2026;19513;NBR;;;;;ANSD
SN1:DF_PROJ_POP_2050_COM(1.0);A10;SN-KD-MY2-2;PROJ_POP_2050_COM;2027;20105;NBR;;;;;ANSD
SN1:DF_PROJ_POP_2050_COM(1.0);A10;SN-KD-MY2-2;PROJ_POP_2050_COM;2028;20721;NBR;;;;;ANSD
SN1:DF_PROJ_POP_2050_COM(1.0);A10;SN-KD-MY2-2;PROJ_POP_2050_COM;2029;21361;NBR;;;;;ANSD
SN1:DF_PROJ_POP_2050_COM(1.0);A10;SN-KD-MY2-2;PROJ_POP_2050_COM;2030;22025;NBR;;;;;ANSD
SN1:DF_PROJ_POP_2050_COM(1.0);A10;SN-KD-MY3-1;PROJ_POP_2050_COM;2023;16168;NBR;;;;;ANSD
SN1:DF_PROJ_POP_2050_COM(1.0);A10;SN-KD-MY3-1;PROJ_POP_2050_COM;2024;16640;NBR;;;;;ANSD
SN1:DF_PROJ_POP_2050_COM(1.0);A10;SN-KD-MY3-1;PROJ_POP_2050_COM;2025;17133;NBR;;;;;ANSD
SN1:DF_PROJ_POP_2050_COM(1.0);A10;SN-KD-MY3-1;PROJ_POP_2050_COM;2026;17647;NBR;;;;;ANSD
SN1:DF_PROJ_POP_2050_COM(1.0);A10;SN-KD-MY3-1;PROJ_POP_2050_COM;2027;18182;NBR;;;;;ANSD
SN1:DF_PROJ_POP_2050_COM(1.0);A10;SN-KD-MY3-1;PROJ_POP_2050_COM;2028;18740;NBR;;;;;ANSD
SN1:DF_PROJ_POP_2050_COM(1.0);A10;SN-KD-MY3-1;PROJ_POP_2050_COM;2029;19318;NBR;;;;;ANSD
SN1:DF_PROJ_POP_2050_COM(1.0);A10;SN-KD-MY3-1;PROJ_POP_2050_COM;2030;19918;NBR;;;;;ANSD
SN1:DF_PROJ_POP_2050_COM(1.0);A10;SN-KD-MY3-2;PROJ_POP_2050_COM;2023;7766;NBR;;;;;ANSD
SN1:DF_PROJ_POP_2050_COM(1.0);A10;SN-KD-MY3-2;PROJ_POP_2050_COM;2024;7993;NBR;;;;;ANSD
SN1:DF_PROJ_POP_2050_COM(1.0);A10;SN-KD-MY3-2;PROJ_POP_2050_COM;2025;8229;NBR;;;;;ANSD
SN1:DF_PROJ_POP_2050_COM(1.0);A10;SN-KD-MY3-2;PROJ_POP_2050_COM;2026;8476;NBR;;;;;ANSD
SN1:DF_PROJ_POP_2050_COM(1.0);A10;SN-KD-MY3-2;PROJ_POP_2050_COM;2027;8734;NBR;;;;;ANSD
SN1:DF_PROJ_POP_2050_COM(1.0);A10;SN-KD-MY3-2;PROJ_POP_2050_COM;2028;9001;NBR;;;;;ANSD
SN1:DF_PROJ_POP_2050_COM(1.0);A10;SN-KD-MY3-2;PROJ_POP_2050_COM;2029;9279;NBR;;;;;ANSD
SN1:DF_PROJ_POP_2050_COM(1.0);A10;SN-KD-MY3-2;PROJ_POP_2050_COM;2030;9567;NBR;;;;;ANSD
SN1:DF_PROJ_POP_2050_COM(1.0);A10;SN-KD-MY3-3;PROJ_POP_2050_COM;2023;35461;NBR;;;;;ANSD
SN1:DF_PROJ_POP_2050_COM(1.0);A10;SN-KD-MY3-3;PROJ_POP_2050_COM;2024;36497;NBR;;;;;ANSD
SN1:DF_PROJ_POP_2050_COM(1.0);A10;SN-KD-MY3-3;PROJ_POP_2050_COM;2025;37577;NBR;;;;;ANSD
SN1:DF_PROJ_POP_2050_COM(1.0);A10;SN-KD-MY3-3;PROJ_POP_2050_COM;2026;38704;NBR;;;;;ANSD
SN1:DF_PROJ_POP_2050_COM(1.0);A10;SN-KD-MY3-3;PROJ_POP_2050_COM;2027;39879;NBR;;;;;ANSD
SN1:DF_PROJ_POP_2050_COM(1.0);A10;SN-KD-MY3-3;PROJ_POP_2050_COM;2028;41101;NBR;;;;;ANSD
SN1:DF_PROJ_POP_2050_COM(1.0);A10;SN-KD-MY3-3;PROJ_POP_2050_COM;2029;42370;NBR;;;;;ANSD
SN1:DF_PROJ_POP_2050_COM(1.0);A10;SN-KD-MY3-3;PROJ_POP_2050_COM;2030;43686;NBR;;;;;ANSD
SN1:DF_PROJ_POP_2050_COM(1.0);A10;SN-KD-MY3-4;PROJ_POP_2050_COM;2023;8675;NBR;;;;;ANSD
SN1:DF_PROJ_POP_2050_COM(1.0);A10;SN-KD-MY3-4;PROJ_POP_2050_COM;2024;8928;NBR;;;;;ANSD
SN1:DF_PROJ_POP_2050_COM(1.0);A10;SN-KD-MY3-4;PROJ_POP_2050_COM;2025;9193;NBR;;;;;ANSD
SN1:DF_PROJ_POP_2050_COM(1.0);A10;SN-KD-MY3-4;PROJ_POP_2050_COM;2026;9468;NBR;;;;;ANSD
SN1:DF_PROJ_POP_2050_COM(1.0);A10;SN-KD-MY3-4;PROJ_POP_2050_COM;2027;9756;NBR;;;;;ANSD
SN1:DF_PROJ_POP_2050_COM(1.0);A10;SN-KD-MY3-4;PROJ_POP_2050_COM;2028;10055;NBR;;;;;ANSD
SN1:DF_PROJ_POP_2050_COM(1.0);A10;SN-KD-MY3-4;PROJ_POP_2050_COM;2029;10365;NBR;;;;;ANSD
SN1:DF_PROJ_POP_2050_COM(1.0);A10;SN-KD-MY3-4;PROJ_POP_2050_COM;2030;10687;NBR;;;;;ANSD
SN1:DF_PROJ_POP_2050_COM(1.0);A10;SN-KD-MY4-1;PROJ_POP_2050_COM;2023;18514;NBR;;;;;ANSD
SN1:DF_PROJ_POP_2050_COM(1.0);A10;SN-KD-MY4-1;PROJ_POP_2050_COM;2024;19055;NBR;;;;;ANSD
SN1:DF_PROJ_POP_2050_COM(1.0);A10;SN-KD-MY4-1;PROJ_POP_2050_COM;2025;19619;NBR;;;;;ANSD
SN1:DF_PROJ_POP_2050_COM(1.0);A10;SN-KD-MY4-1;PROJ_POP_2050_COM;2026;20207;NBR;;;;;ANSD
SN1:DF_PROJ_POP_2050_COM(1.0);A10;SN-KD-MY4-1;PROJ_POP_2050_COM;2027;20821;NBR;;;;;ANSD
SN1:DF_PROJ_POP_2050_COM(1.0);A10;SN-KD-MY4-1;PROJ_POP_2050_COM;2028;21459;NBR;;;;;ANSD
SN1:DF_PROJ_POP_2050_COM(1.0);A10;SN-KD-MY4-1;PROJ_POP_2050_COM;2029;22121;NBR;;;;;ANSD
SN1:DF_PROJ_POP_2050_COM(1.0);A10;SN-KD-MY4-1;PROJ_POP_2050_COM;2030;22808;NBR;;;;;ANSD
SN1:DF_PROJ_POP_2050_COM(1.0);A10;SN-KD-MY4-2;PROJ_POP_2050_COM;2023;41030;NBR;;;;;ANSD
SN1:DF_PROJ_POP_2050_COM(1.0);A10;SN-KD-MY4-2;PROJ_POP_2050_COM;2024;42228;NBR;;;;;ANSD
SN1:DF_PROJ_POP_2050_COM(1.0);A10;SN-KD-MY4-2;PROJ_POP_2050_COM;2025;43478;NBR;;;;;ANSD
SN1:DF_PROJ_POP_2050_COM(1.0);A10;SN-KD-MY4-2;PROJ_POP_2050_COM;2026;44783;NBR;;;;;ANSD
SN1:DF_PROJ_POP_2050_COM(1.0);A10;SN-KD-MY4-2;PROJ_POP_2050_COM;2027;46142;NBR;;;;;ANSD
SN1:DF_PROJ_POP_2050_COM(1.0);A10;SN-KD-MY4-2;PROJ_POP_2050_COM;2028;47556;NBR;;;;;ANSD
SN1:DF_PROJ_POP_2050_COM(1.0);A10;SN-KD-MY4-2;PROJ_POP_2050_COM;2029;49024;NBR;;;;;ANSD
SN1:DF_PROJ_POP_2050_COM(1.0);A10;SN-KD-MY4-2;PROJ_POP_2050_COM;2030;50546;NBR;;;;;ANSD
SN1:DF_PROJ_POP_2050_COM(1.0);A10;SN-KD-MY4-3;PROJ_POP_2050_COM;2023;19852;NBR;;;;;ANSD
SN1:DF_PROJ_POP_2050_COM(1.0);A10;SN-KD-MY4-3;PROJ_POP_2050_COM;2024;20432;NBR;;;;;ANSD
SN1:DF_PROJ_POP_2050_COM(1.0);A10;SN-KD-MY4-3;PROJ_POP_2050_COM;2025;21037;NBR;;;;;ANSD
SN1:DF_PROJ_POP_2050_COM(1.0);A10;SN-KD-MY4-3;PROJ_POP_2050_COM;2026;21668;NBR;;;;;ANSD
SN1:DF_PROJ_POP_2050_COM(1.0);A10;SN-KD-MY4-3;PROJ_POP_2050_COM;2027;22325;NBR;;;;;ANSD
SN1:DF_PROJ_POP_2050_COM(1.0);A10;SN-KD-MY4-3;PROJ_POP_2050_COM;2028;23009;NBR;;;;;ANSD
SN1:DF_PROJ_POP_2050_COM(1.0);A10;SN-KD-MY4-3;PROJ_POP_2050_COM;2029;23720;NBR;;;;;ANSD
SN1:DF_PROJ_POP_2050_COM(1.0);A10;SN-KD-MY4-3;PROJ_POP_2050_COM;2030;24456;NBR;;;;;ANSD
SN1:DF_PROJ_POP_2050_COM(1.0);A10;SN-KD-MY4-4;PROJ_POP_2050_COM;2023;4265;NBR;;;;;ANSD
SN1:DF_PROJ_POP_2050_COM(1.0);A10;SN-KD-MY4-4;PROJ_POP_2050_COM;2024;4390;NBR;;;;;ANSD
SN1:DF_PROJ_POP_2050_COM(1.0);A10;SN-KD-MY4-4;PROJ_POP_2050_COM;2025;4520;NBR;;;;;ANSD
SN1:DF_PROJ_POP_2050_COM(1.0);A10;SN-KD-MY4-4;PROJ_POP_2050_COM;2026;4655;NBR;;;;;ANSD
SN1:DF_PROJ_POP_2050_COM(1.0);A10;SN-KD-MY4-4;PROJ_POP_2050_COM;2027;4796;NBR;;;;;ANSD
SN1:DF_PROJ_POP_2050_COM(1.0);A10;SN-KD-MY4-4;PROJ_POP_2050_COM;2028;4943;NBR;;;;;ANSD
SN1:DF_PROJ_POP_2050_COM(1.0);A10;SN-KD-MY4-4;PROJ_POP_2050_COM;2029;5096;NBR;;;;;ANSD
SN1:DF_PROJ_POP_2050_COM(1.0);A10;SN-KD-MY4-4;PROJ_POP_2050_COM;2030;5254;NBR;;;;;ANSD
SN1:DF_PROJ_POP_2050_COM(1.0);A10;SN-KD-VE1-1;PROJ_POP_2050_COM;2023;45431;NBR;;;;;ANSD
SN1:DF_PROJ_POP_2050_COM(1.0);A10;SN-KD-VE1-1;PROJ_POP_2050_COM;2024;46758;NBR;;;;;ANSD
SN1:DF_PROJ_POP_2050_COM(1.0);A10;SN-KD-VE1-1;PROJ_POP_2050_COM;2025;48142;NBR;;;;;ANSD
SN1:DF_PROJ_POP_2050_COM(1.0);A10;SN-KD-VE1-1;PROJ_POP_2050_COM;2026;49586;NBR;;;;;ANSD
SN1:DF_PROJ_POP_2050_COM(1.0);A10;SN-KD-VE1-1;PROJ_POP_2050_COM;2027;51091;NBR;;;;;ANSD
SN1:DF_PROJ_POP_2050_COM(1.0);A10;SN-KD-VE1-1;PROJ_POP_2050_COM;2028;52657;NBR;;;;;ANSD
SN1:DF_PROJ_POP_2050_COM(1.0);A10;SN-KD-VE1-1;PROJ_POP_2050_COM;2029;54283;NBR;;;;;ANSD
SN1:DF_PROJ_POP_2050_COM(1.0);A10;SN-KD-VE1-1;PROJ_POP_2050_COM;2030;55968;NBR;;;;;ANSD
SN1:DF_PROJ_POP_2050_COM(1.0);A10;SN-KD-VE2-1;PROJ_POP_2050_COM;2023;13455;NBR;;;;;ANSD
SN1:DF_PROJ_POP_2050_COM(1.0);A10;SN-KD-VE2-1;PROJ_POP_2050_COM;2024;13848;NBR;;;;;ANSD
SN1:DF_PROJ_POP_2050_COM(1.0);A10;SN-KD-VE2-1;PROJ_POP_2050_COM;2025;14258;NBR;;;;;ANSD
SN1:DF_PROJ_POP_2050_COM(1.0);A10;SN-KD-VE2-1;PROJ_POP_2050_COM;2026;14686;NBR;;;;;ANSD
SN1:DF_PROJ_POP_2050_COM(1.0);A10;SN-KD-VE2-1;PROJ_POP_2050_COM;2027;15131;NBR;;;;;ANSD
SN1:DF_PROJ_POP_2050_COM(1.0);A10;SN-KD-VE2-1;PROJ_POP_2050_COM;2028;15595;NBR;;;;;ANSD
SN1:DF_PROJ_POP_2050_COM(1.0);A10;SN-KD-VE2-1;PROJ_POP_2050_COM;2029;16077;NBR;;;;;ANSD
SN1:DF_PROJ_POP_2050_COM(1.0);A10;SN-KD-VE2-1;PROJ_POP_2050_COM;2030;16576;NBR;;;;;ANSD
SN1:DF_PROJ_POP_2050_COM(1.0);A10;SN-KD-VE2-2;PROJ_POP_2050_COM;2023;22486;NBR;;;;;ANSD
SN1:DF_PROJ_POP_2050_COM(1.0);A10;SN-KD-VE2-2;PROJ_POP_2050_COM;2024;23143;NBR;;;;;ANSD
SN1:DF_PROJ_POP_2050_COM(1.0);A10;SN-KD-VE2-2;PROJ_POP_2050_COM;2025;23828;NBR;;;;;ANSD
SN1:DF_PROJ_POP_2050_COM(1.0);A10;SN-KD-VE2-2;PROJ_POP_2050_COM;2026;24543;NBR;;;;;ANSD
SN1:DF_PROJ_POP_2050_COM(1.0);A10;SN-KD-VE2-2;PROJ_POP_2050_COM;2027;25287;NBR;;;;;ANSD
SN1:DF_PROJ_POP_2050_COM(1.0);A10;SN-KD-VE2-2;PROJ_POP_2050_COM;2028;26062;NBR;;;;;ANSD
SN1:DF_PROJ_POP_2050_COM(1.0);A10;SN-KD-VE2-2;PROJ_POP_2050_COM;2029;26867;NBR;;;;;ANSD
SN1:DF_PROJ_POP_2050_COM(1.0);A10;SN-KD-VE2-2;PROJ_POP_2050_COM;2030;27701;NBR;;;;;ANSD
SN1:DF_PROJ_POP_2050_COM(1.0);A10;SN-KD-VE2-3;PROJ_POP_2050_COM;2023;91085;NBR;;;;;ANSD
SN1:DF_PROJ_POP_2050_COM(1.0);A10;SN-KD-VE2-3;PROJ_POP_2050_COM;2024;93745;NBR;;;;;ANSD
SN1:DF_PROJ_POP_2050_COM(1.0);A10;SN-KD-VE2-3;PROJ_POP_2050_COM;2025;96520;NBR;;;;;ANSD
SN1:DF_PROJ_POP_2050_COM(1.0);A10;SN-KD-VE2-3;PROJ_POP_2050_COM;2026;99416;NBR;;;;;ANSD
SN1:DF_PROJ_POP_2050_COM(1.0);A10;SN-KD-VE2-3;PROJ_POP_2050_COM;2027;102433;NBR;;;;;ANSD
SN1:DF_PROJ_POP_2050_COM(1.0);A10;SN-KD-VE2-3;PROJ_POP_2050_COM;2028;105572;NBR;;;;;ANSD
SN1:DF_PROJ_POP_2050_COM(1.0);A10;SN-KD-VE2-3;PROJ_POP_2050_COM;2029;108832;NBR;;;;;ANSD
SN1:DF_PROJ_POP_2050_COM(1.0);A10;SN-KD-VE2-3;PROJ_POP_2050_COM;2030;112211;NBR;;;;;ANSD
SN1:DF_PROJ_POP_2050_COM(1.0);A10;SN-KD-VE2-4;PROJ_POP_2050_COM;2023;38288;NBR;;;;;ANSD
SN1:DF_PROJ_POP_2050_COM(1.0);A10;SN-KD-VE2-4;PROJ_POP_2050_COM;2024;39406;NBR;;;;;ANSD
SN1:DF_PROJ_POP_2050_COM(1.0);A10;SN-KD-VE2-4;PROJ_POP_2050_COM;2025;40573;NBR;;;;;ANSD
SN1:DF_PROJ_POP_2050_COM(1.0);A10;SN-KD-VE2-4;PROJ_POP_2050_COM;2026;41790;NBR;;;;;ANSD
SN1:DF_PROJ_POP_2050_COM(1.0);A10;SN-KD-VE2-4;PROJ_POP_2050_COM;2027;43058;NBR;;;;;ANSD
SN1:DF_PROJ_POP_2050_COM(1.0);A10;SN-KD-VE2-4;PROJ_POP_2050_COM;2028;44378;NBR;;;;;ANSD
SN1:DF_PROJ_POP_2050_COM(1.0);A10;SN-KD-VE2-4;PROJ_POP_2050_COM;2029;45748;NBR;;;;;ANSD
SN1:DF_PROJ_POP_2050_COM(1.0);A10;SN-KD-VE2-4;PROJ_POP_2050_COM;2030;47168;NBR;;;;;ANSD
SN1:DF_PROJ_POP_2050_COM(1.0);A10;SN-KD-VE3-1;PROJ_POP_2050_COM;2023;20849;NBR;;;;;ANSD
SN1:DF_PROJ_POP_2050_COM(1.0);A10;SN-KD-VE3-1;PROJ_POP_2050_COM;2024;21458;NBR;;;;;ANSD
SN1:DF_PROJ_POP_2050_COM(1.0);A10;SN-KD-VE3-1;PROJ_POP_2050_COM;2025;22093;NBR;;;;;ANSD
SN1:DF_PROJ_POP_2050_COM(1.0);A10;SN-KD-VE3-1;PROJ_POP_2050_COM;2026;22756;NBR;;;;;ANSD
SN1:DF_PROJ_POP_2050_COM(1.0);A10;SN-KD-VE3-1;PROJ_POP_2050_COM;2027;23447;NBR;;;;;ANSD
SN1:DF_PROJ_POP_2050_COM(1.0);A10;SN-KD-VE3-1;PROJ_POP_2050_COM;2028;24165;NBR;;;;;ANSD
SN1:DF_PROJ_POP_2050_COM(1.0);A10;SN-KD-VE3-1;PROJ_POP_2050_COM;2029;24911;NBR;;;;;ANSD
SN1:DF_PROJ_POP_2050_COM(1.0);A10;SN-KD-VE3-1;PROJ_POP_2050_COM;2030;25685;NBR;;;;;ANSD
SN1:DF_PROJ_POP_2050_COM(1.0);A10;SN-KD-VE3-2;PROJ_POP_2050_COM;2023;16237;NBR;;;;;ANSD
SN1:DF_PROJ_POP_2050_COM(1.0);A10;SN-KD-VE3-2;PROJ_POP_2050_COM;2024;16711;NBR;;;;;ANSD
SN1:DF_PROJ_POP_2050_COM(1.0);A10;SN-KD-VE3-2;PROJ_POP_2050_COM;2025;17206;NBR;;;;;ANSD
SN1:DF_PROJ_POP_2050_COM(1.0);A10;SN-KD-VE3-2;PROJ_POP_2050_COM;2026;17722;NBR;;;;;ANSD
SN1:DF_PROJ_POP_2050_COM(1.0);A10;SN-KD-VE3-2;PROJ_POP_2050_COM;2027;18260;NBR;;;;;ANSD
SN1:DF_PROJ_POP_2050_COM(1.0);A10;SN-KD-VE3-2;PROJ_POP_2050_COM;2028;18819;NBR;;;;;ANSD
SN1:DF_PROJ_POP_2050_COM(1.0);A10;SN-KD-VE3-2;PROJ_POP_2050_COM;2029;19401;NBR;;;;;ANSD
SN1:DF_PROJ_POP_2050_COM(1.0);A10;SN-KD-VE3-2;PROJ_POP_2050_COM;2030;20003;NBR;;;;;ANSD
SN1:DF_PROJ_POP_2050_COM(1.0);A10;SN-KD-VE3-3;PROJ_POP_2050_COM;2023;19220;NBR;;;;;ANSD
SN1:DF_PROJ_POP_2050_COM(1.0);A10;SN-KD-VE3-3;PROJ_POP_2050_COM;2024;19781;NBR;;;;;ANSD
SN1:DF_PROJ_POP_2050_COM(1.0);A10;SN-KD-VE3-3;PROJ_POP_2050_COM;2025;20367;NBR;;;;;ANSD
SN1:DF_PROJ_POP_2050_COM(1.0);A10;SN-KD-VE3-3;PROJ_POP_2050_COM;2026;20978;NBR;;;;;ANSD
SN1:DF_PROJ_POP_2050_COM(1.0);A10;SN-KD-VE3-3;PROJ_POP_2050_COM;2027;21615;NBR;;;;;ANSD
SN1:DF_PROJ_POP_2050_COM(1.0);A10;SN-KD-VE3-3;PROJ_POP_2050_COM;2028;22277;NBR;;;;;ANSD
SN1:DF_PROJ_POP_2050_COM(1.0);A10;SN-KD-VE3-3;PROJ_POP_2050_COM;2029;22965;NBR;;;;;ANSD
SN1:DF_PROJ_POP_2050_COM(1.0);A10;SN-KD-VE3-3;PROJ_POP_2050_COM;2030;23678;NBR;;;;;ANSD
SN1:DF_PROJ_POP_2050_COM(1.0);A10;SN-KD-VE4-1;PROJ_POP_2050_COM;2023;28768;NBR;;;;;ANSD
SN1:DF_PROJ_POP_2050_COM(1.0);A10;SN-KD-VE4-1;PROJ_POP_2050_COM;2024;29608;NBR;;;;;ANSD
SN1:DF_PROJ_POP_2050_COM(1.0);A10;SN-KD-VE4-1;PROJ_POP_2050_COM;2025;30485;NBR;;;;;ANSD
SN1:DF_PROJ_POP_2050_COM(1.0);A10;SN-KD-VE4-1;PROJ_POP_2050_COM;2026;31399;NBR;;;;;ANSD
SN1:DF_PROJ_POP_2050_COM(1.0);A10;SN-KD-VE4-1;PROJ_POP_2050_COM;2027;32352;NBR;;;;;ANSD
SN1:DF_PROJ_POP_2050_COM(1.0);A10;SN-KD-VE4-1;PROJ_POP_2050_COM;2028;33344;NBR;;;;;ANSD
SN1:DF_PROJ_POP_2050_COM(1.0);A10;SN-KD-VE4-1;PROJ_POP_2050_COM;2029;34373;NBR;;;;;ANSD
SN1:DF_PROJ_POP_2050_COM(1.0);A10;SN-KD-VE4-1;PROJ_POP_2050_COM;2030;35440;NBR;;;;;ANSD
SN1:DF_PROJ_POP_2050_COM(1.0);A10;SN-KD-VE4-2;PROJ_POP_2050_COM;2023;24469;NBR;;;;;ANSD
SN1:DF_PROJ_POP_2050_COM(1.0);A10;SN-KD-VE4-2;PROJ_POP_2050_COM;2024;25184;NBR;;;;;ANSD
SN1:DF_PROJ_POP_2050_COM(1.0);A10;SN-KD-VE4-2;PROJ_POP_2050_COM;2025;25929;NBR;;;;;ANSD
SN1:DF_PROJ_POP_2050_COM(1.0);A10;SN-KD-VE4-2;PROJ_POP_2050_COM;2026;26707;NBR;;;;;ANSD
SN1:DF_PROJ_POP_2050_COM(1.0);A10;SN-KD-VE4-2;PROJ_POP_2050_COM;2027;27518;NBR;;;;;ANSD
SN1:DF_PROJ_POP_2050_COM(1.0);A10;SN-KD-VE4-2;PROJ_POP_2050_COM;2028;28361;NBR;;;;;ANSD
SN1:DF_PROJ_POP_2050_COM(1.0);A10;SN-KD-VE4-2;PROJ_POP_2050_COM;2029;29236;NBR;;;;;ANSD
SN1:DF_PROJ_POP_2050_COM(1.0);A10;SN-KD-VE4-2;PROJ_POP_2050_COM;2030;30144;NBR;;;;;ANSD
SN1:DF_PROJ_POP_2050_COM(1.0);A10;SN-KD-VE4-3;PROJ_POP_2050_COM;2023;11883;NBR;;;;;ANSD
SN1:DF_PROJ_POP_2050_COM(1.0);A10;SN-KD-VE4-3;PROJ_POP_2050_COM;2024;12230;NBR;;;;;ANSD
SN1:DF_PROJ_POP_2050_COM(1.0);A10;SN-KD-VE4-3;PROJ_POP_2050_COM;2025;12592;NBR;;;;;ANSD
SN1:DF_PROJ_POP_2050_COM(1.0);A10;SN-KD-VE4-3;PROJ_POP_2050_COM;2026;12970;NBR;;;;;ANSD
SN1:DF_PROJ_POP_2050_COM(1.0);A10;SN-KD-VE4-3;PROJ_POP_2050_COM;2027;13363;NBR;;;;;ANSD
SN1:DF_PROJ_POP_2050_COM(1.0);A10;SN-KD-VE4-3;PROJ_POP_2050_COM;2028;13773;NBR;;;;;ANSD
SN1:DF_PROJ_POP_2050_COM(1.0);A10;SN-KD-VE4-3;PROJ_POP_2050_COM;2029;14198;NBR;;;;;ANSD
SN1:DF_PROJ_POP_2050_COM(1.0);A10;SN-KD-VE4-3;PROJ_POP_2050_COM;2030;14639;NBR;;;;;ANSD
SN1:DF_PROJ_POP_2050_COM(1.0);A10;SN-KD-VE4-4;PROJ_POP_2050_COM;2023;15351;NBR;;;;;ANSD
SN1:DF_PROJ_POP_2050_COM(1.0);A10;SN-KD-VE4-4;PROJ_POP_2050_COM;2024;15799;NBR;;;;;ANSD
SN1:DF_PROJ_POP_2050_COM(1.0);A10;SN-KD-VE4-4;PROJ_POP_2050_COM;2025;16267;NBR;;;;;ANSD
SN1:DF_PROJ_POP_2050_COM(1.0);A10;SN-KD-VE4-4;PROJ_POP_2050_COM;2026;16755;NBR;;;;;ANSD
SN1:DF_PROJ_POP_2050_COM(1.0);A10;SN-KD-VE4-4;PROJ_POP_2050_COM;2027;17264;NBR;;;;;ANSD
SN1:DF_PROJ_POP_2050_COM(1.0);A10;SN-KD-VE4-4;PROJ_POP_2050_COM;2028;17793;NBR;;;;;ANSD
SN1:DF_PROJ_POP_2050_COM(1.0);A10;SN-KD-VE4-4;PROJ_POP_2050_COM;2029;18342;NBR;;;;;ANSD
SN1:DF_PROJ_POP_2050_COM(1.0);A10;SN-KD-VE4-4;PROJ_POP_2050_COM;2030;18911;NBR;;;;;ANSD
SN1:DF_PROJ_POP_2050_COM(1.0);A10;SN-KD-VE4-5;PROJ_POP_2050_COM;2023;41411;NBR;;;;;ANSD
SN1:DF_PROJ_POP_2050_COM(1.0);A10;SN-KD-VE4-5;PROJ_POP_2050_COM;2024;42620;NBR;;;;;ANSD
SN1:DF_PROJ_POP_2050_COM(1.0);A10;SN-KD-VE4-5;PROJ_POP_2050_COM;2025;43882;NBR;;;;;ANSD
SN1:DF_PROJ_POP_2050_COM(1.0);A10;SN-KD-VE4-5;PROJ_POP_2050_COM;2026;45199;NBR;;;;;ANSD
SN1:DF_PROJ_POP_2050_COM(1.0);A10;SN-KD-VE4-5;PROJ_POP_2050_COM;2027;46570;NBR;;;;;ANSD
SN1:DF_PROJ_POP_2050_COM(1.0);A10;SN-KD-VE4-5;PROJ_POP_2050_COM;2028;47997;NBR;;;;;ANSD
SN1:DF_PROJ_POP_2050_COM(1.0);A10;SN-KD-VE4-5;PROJ_POP_2050_COM;2029;49479;NBR;;;;;ANSD
SN1:DF_PROJ_POP_2050_COM(1.0);A10;SN-KD-VE4-5;PROJ_POP_2050_COM;2030;51016;NBR;;;;;ANSD
SN1:DF_PROJ_POP_2050_COM(1.0);A10;SN-KD-VE4-6;PROJ_POP_2050_COM;2023;16216;NBR;;;;;ANSD
SN1:DF_PROJ_POP_2050_COM(1.0);A10;SN-KD-VE4-6;PROJ_POP_2050_COM;2024;16690;NBR;;;;;ANSD
SN1:DF_PROJ_POP_2050_COM(1.0);A10;SN-KD-VE4-6;PROJ_POP_2050_COM;2025;17184;NBR;;;;;ANSD
SN1:DF_PROJ_POP_2050_COM(1.0);A10;SN-KD-VE4-6;PROJ_POP_2050_COM;2026;17699;NBR;;;;;ANSD
SN1:DF_PROJ_POP_2050_COM(1.0);A10;SN-KD-VE4-6;PROJ_POP_2050_COM;2027;18236;NBR;;;;;ANSD
SN1:DF_PROJ_POP_2050_COM(1.0);A10;SN-KD-VE4-6;PROJ_POP_2050_COM;2028;18795;NBR;;;;;ANSD
SN1:DF_PROJ_POP_2050_COM(1.0);A10;SN-KD-VE4-6;PROJ_POP_2050_COM;2029;19375;NBR;;;;;ANSD
SN1:DF_PROJ_POP_2050_COM(1.0);A10;SN-KD-VE4-6;PROJ_POP_2050_COM;2030;19977;NBR;;;;;ANSD
SN1:DF_PROJ_POP_2050_COM(1.0);A10;SN-KE-KE1-1;PROJ_POP_2050_COM;2023;59231;NBR;;;;;ANSD
SN1:DF_PROJ_POP_2050_COM(1.0);A10;SN-KE-KE1-1;PROJ_POP_2050_COM;2024;60906;NBR;;;;;ANSD
SN1:DF_PROJ_POP_2050_COM(1.0);A10;SN-KE-KE1-1;PROJ_POP_2050_COM;2025;62643;NBR;;;;;ANSD
SN1:DF_PROJ_POP_2050_COM(1.0);A10;SN-KE-KE1-1;PROJ_POP_2050_COM;2026;64439;NBR;;;;;ANSD
SN1:DF_PROJ_POP_2050_COM(1.0);A10;SN-KE-KE1-1;PROJ_POP_2050_COM;2027;66296;NBR;;;;;ANSD
SN1:DF_PROJ_POP_2050_COM(1.0);A10;SN-KE-KE1-1;PROJ_POP_2050_COM;2028;68209;NBR;;;;;ANSD
SN1:DF_PROJ_POP_2050_COM(1.0);A10;SN-KE-KE1-1;PROJ_POP_2050_COM;2029;70180;NBR;;;;;ANSD
SN1:DF_PROJ_POP_2050_COM(1.0);A10;SN-KE-KE1-1;PROJ_POP_2050_COM;2030;72208;NBR;;;;;ANSD
SN1:DF_PROJ_POP_2050_COM(1.0);A10;SN-KE-KE2-1;PROJ_POP_2050_COM;2023;15840;NBR;;;;;ANSD
SN1:DF_PROJ_POP_2050_COM(1.0);A10;SN-KE-KE2-1;PROJ_POP_2050_COM;2024;16288;NBR;;;;;ANSD
SN1:DF_PROJ_POP_2050_COM(1.0);A10;SN-KE-KE2-1;PROJ_POP_2050_COM;2025;16752;NBR;;;;;ANSD
SN1:DF_PROJ_POP_2050_COM(1.0);A10;SN-KE-KE2-1;PROJ_POP_2050_COM;2026;17233;NBR;;;;;ANSD
SN1:DF_PROJ_POP_2050_COM(1.0);A10;SN-KE-KE2-1;PROJ_POP_2050_COM;2027;17729;NBR;;;;;ANSD
SN1:DF_PROJ_POP_2050_COM(1.0);A10;SN-KE-KE2-1;PROJ_POP_2050_COM;2028;18241;NBR;;;;;ANSD
SN1:DF_PROJ_POP_2050_COM(1.0);A10;SN-KE-KE2-1;PROJ_POP_2050_COM;2029;18768;NBR;;;;;ANSD
SN1:DF_PROJ_POP_2050_COM(1.0);A10;SN-KE-KE2-1;PROJ_POP_2050_COM;2030;19310;NBR;;;;;ANSD
SN1:DF_PROJ_POP_2050_COM(1.0);A10;SN-KE-KE2-2;PROJ_POP_2050_COM;2023;18360;NBR;;;;;ANSD
SN1:DF_PROJ_POP_2050_COM(1.0);A10;SN-KE-KE2-2;PROJ_POP_2050_COM;2024;18879;NBR;;;;;ANSD
SN1:DF_PROJ_POP_2050_COM(1.0);A10;SN-KE-KE2-2;PROJ_POP_2050_COM;2025;19418;NBR;;;;;ANSD
SN1:DF_PROJ_POP_2050_COM(1.0);A10;SN-KE-KE2-2;PROJ_POP_2050_COM;2026;19974;NBR;;;;;ANSD
SN1:DF_PROJ_POP_2050_COM(1.0);A10;SN-KE-KE2-2;PROJ_POP_2050_COM;2027;20550;NBR;;;;;ANSD
SN1:DF_PROJ_POP_2050_COM(1.0);A10;SN-KE-KE2-2;PROJ_POP_2050_COM;2028;21143;NBR;;;;;ANSD
SN1:DF_PROJ_POP_2050_COM(1.0);A10;SN-KE-KE2-2;PROJ_POP_2050_COM;2029;21754;NBR;;;;;ANSD
SN1:DF_PROJ_POP_2050_COM(1.0);A10;SN-KE-KE2-2;PROJ_POP_2050_COM;2030;22382;NBR;;;;;ANSD
SN1:DF_PROJ_POP_2050_COM(1.0);A10;SN-KE-KE2-3;PROJ_POP_2050_COM;2023;7590;NBR;;;;;ANSD
SN1:DF_PROJ_POP_2050_COM(1.0);A10;SN-KE-KE2-3;PROJ_POP_2050_COM;2024;7805;NBR;;;;;ANSD
SN1:DF_PROJ_POP_2050_COM(1.0);A10;SN-KE-KE2-3;PROJ_POP_2050_COM;2025;8027;NBR;;;;;ANSD
SN1:DF_PROJ_POP_2050_COM(1.0);A10;SN-KE-KE2-3;PROJ_POP_2050_COM;2026;8257;NBR;;;;;ANSD
SN1:DF_PROJ_POP_2050_COM(1.0);A10;SN-KE-KE2-3;PROJ_POP_2050_COM;2027;8495;NBR;;;;;ANSD
SN1:DF_PROJ_POP_2050_COM(1.0);A10;SN-KE-KE2-3;PROJ_POP_2050_COM;2028;8741;NBR;;;;;ANSD
SN1:DF_PROJ_POP_2050_COM(1.0);A10;SN-KE-KE2-3;PROJ_POP_2050_COM;2029;8993;NBR;;;;;ANSD
SN1:DF_PROJ_POP_2050_COM(1.0);A10;SN-KE-KE2-3;PROJ_POP_2050_COM;2030;9253;NBR;;;;;ANSD
SN1:DF_PROJ_POP_2050_COM(1.0);A10;SN-KE-KE2-4;PROJ_POP_2050_COM;2023;8715;NBR;;;;;ANSD
SN1:DF_PROJ_POP_2050_COM(1.0);A10;SN-KE-KE2-4;PROJ_POP_2050_COM;2024;8961;NBR;;;;;ANSD
SN1:DF_PROJ_POP_2050_COM(1.0);A10;SN-KE-KE2-4;PROJ_POP_2050_COM;2025;9217;NBR;;;;;ANSD
SN1:DF_PROJ_POP_2050_COM(1.0);A10;SN-KE-KE2-4;PROJ_POP_2050_COM;2026;9481;NBR;;;;;ANSD
SN1:DF_PROJ_POP_2050_COM(1.0);A10;SN-KE-KE2-4;PROJ_POP_2050_COM;2027;9754;NBR;;;;;ANSD
SN1:DF_PROJ_POP_2050_COM(1.0);A10;SN-KE-KE2-4;PROJ_POP_2050_COM;2028;10036;NBR;;;;;ANSD
SN1:DF_PROJ_POP_2050_COM(1.0);A10;SN-KE-KE2-4;PROJ_POP_2050_COM;2029;10326;NBR;;;;;ANSD
SN1:DF_PROJ_POP_2050_COM(1.0);A10;SN-KE-KE2-4;PROJ_POP_2050_COM;2030;10624;NBR;;;;;ANSD
SN1:DF_PROJ_POP_2050_COM(1.0);A10;SN-KE-KE3-1;PROJ_POP_2050_COM;2023;9023;NBR;;;;;ANSD
SN1:DF_PROJ_POP_2050_COM(1.0);A10;SN-KE-KE3-1;PROJ_POP_2050_COM;2024;9278;NBR;;;;;ANSD
SN1:DF_PROJ_POP_2050_COM(1.0);A10;SN-KE-KE3-1;PROJ_POP_2050_COM;2025;9543;NBR;;;;;ANSD
SN1:DF_PROJ_POP_2050_COM(1.0);A10;SN-KE-KE3-1;PROJ_POP_2050_COM;2026;9816;NBR;;;;;ANSD
SN1:DF_PROJ_POP_2050_COM(1.0);A10;SN-KE-KE3-1;PROJ_POP_2050_COM;2027;10099;NBR;;;;;ANSD
SN1:DF_PROJ_POP_2050_COM(1.0);A10;SN-KE-KE3-1;PROJ_POP_2050_COM;2028;10391;NBR;;;;;ANSD
SN1:DF_PROJ_POP_2050_COM(1.0);A10;SN-KE-KE3-1;PROJ_POP_2050_COM;2029;10691;NBR;;;;;ANSD
SN1:DF_PROJ_POP_2050_COM(1.0);A10;SN-KE-KE3-1;PROJ_POP_2050_COM;2030;11000;NBR;;;;;ANSD
SN1:DF_PROJ_POP_2050_COM(1.0);A10;SN-KE-KE3-2;PROJ_POP_2050_COM;2023;5507;NBR;;;;;ANSD
SN1:DF_PROJ_POP_2050_COM(1.0);A10;SN-KE-KE3-2;PROJ_POP_2050_COM;2024;5663;NBR;;;;;ANSD
SN1:DF_PROJ_POP_2050_COM(1.0);A10;SN-KE-KE3-2;PROJ_POP_2050_COM;2025;5824;NBR;;;;;ANSD
SN1:DF_PROJ_POP_2050_COM(1.0);A10;SN-KE-KE3-2;PROJ_POP_2050_COM;2026;5991;NBR;;;;;ANSD
SN1:DF_PROJ_POP_2050_COM(1.0);A10;SN-KE-KE3-2;PROJ_POP_2050_COM;2027;6164;NBR;;;;;ANSD
SN1:DF_PROJ_POP_2050_COM(1.0);A10;SN-KE-KE3-2;PROJ_POP_2050_COM;2028;6342;NBR;;;;;ANSD
SN1:DF_PROJ_POP_2050_COM(1.0);A10;SN-KE-KE3-2;PROJ_POP_2050_COM;2029;6525;NBR;;;;;ANSD
SN1:DF_PROJ_POP_2050_COM(1.0);A10;SN-KE-KE3-2;PROJ_POP_2050_COM;2030;6714;NBR;;;;;ANSD
SN1:DF_PROJ_POP_2050_COM(1.0);A10;SN-KE-SA1-1;PROJ_POP_2050_COM;2023;4385;NBR;;;;;ANSD
SN1:DF_PROJ_POP_2050_COM(1.0);A10;SN-KE-SA1-1;PROJ_POP_2050_COM;2024;4509;NBR;;;;;ANSD
SN1:DF_PROJ_POP_2050_COM(1.0);A10;SN-KE-SA1-1;PROJ_POP_2050_COM;2025;4638;NBR;;;;;ANSD
SN1:DF_PROJ_POP_2050_COM(1.0);A10;SN-KE-SA1-1;PROJ_POP_2050_COM;2026;4771;NBR;;;;;ANSD
SN1:DF_PROJ_POP_2050_COM(1.0);A10;SN-KE-SA1-1;PROJ_POP_2050_COM;2027;4908;NBR;;;;;ANSD
SN1:DF_PROJ_POP_2050_COM(1.0);A10;SN-KE-SA1-1;PROJ_POP_2050_COM;2028;5050;NBR;;;;;ANSD
SN1:DF_PROJ_POP_2050_COM(1.0);A10;SN-KE-SA1-1;PROJ_POP_2050_COM;2029;5196;NBR;;;;;ANSD
SN1:DF_PROJ_POP_2050_COM(1.0);A10;SN-KE-SA1-1;PROJ_POP_2050_COM;2030;5346;NBR;;;;;ANSD
SN1:DF_PROJ_POP_2050_COM(1.0);A10;SN-KE-SA2-1;PROJ_POP_2050_COM;2023;10743;NBR;;;;;ANSD
SN1:DF_PROJ_POP_2050_COM(1.0);A10;SN-KE-SA2-1;PROJ_POP_2050_COM;2024;11047;NBR;;;;;ANSD
SN1:DF_PROJ_POP_2050_COM(1.0);A10;SN-KE-SA2-1;PROJ_POP_2050_COM;2025;11362;NBR;;;;;ANSD
SN1:DF_PROJ_POP_2050_COM(1.0);A10;SN-KE-SA2-1;PROJ_POP_2050_COM;2026;11688;NBR;;;;;ANSD
SN1:DF_PROJ_POP_2050_COM(1.0);A10;SN-KE-SA2-1;PROJ_POP_2050_COM;2027;12024;NBR;;;;;ANSD
SN1:DF_PROJ_POP_2050_COM(1.0);A10;SN-KE-SA2-1;PROJ_POP_2050_COM;2028;12371;NBR;;;;;ANSD
SN1:DF_PROJ_POP_2050_COM(1.0);A10;SN-KE-SA2-1;PROJ_POP_2050_COM;2029;12729;NBR;;;;;ANSD
SN1:DF_PROJ_POP_2050_COM(1.0);A10;SN-KE-SA2-1;PROJ_POP_2050_COM;2030;13097;NBR;;;;;ANSD
SN1:DF_PROJ_POP_2050_COM(1.0);A10;SN-KE-SA2-2;PROJ_POP_2050_COM;2023;26820;NBR;;;;;ANSD
SN1:DF_PROJ_POP_2050_COM(1.0);A10;SN-KE-SA2-2;PROJ_POP_2050_COM;2024;27578;NBR;;;;;ANSD
SN1:DF_PROJ_POP_2050_COM(1.0);A10;SN-KE-SA2-2;PROJ_POP_2050_COM;2025;28365;NBR;;;;;ANSD
SN1:DF_PROJ_POP_2050_COM(1.0);A10;SN-KE-SA2-2;PROJ_POP_2050_COM;2026;29178;NBR;;;;;ANSD
SN1:DF_PROJ_POP_2050_COM(1.0);A10;SN-KE-SA2-2;PROJ_POP_2050_COM;2027;30019;NBR;;;;;ANSD
SN1:DF_PROJ_POP_2050_COM(1.0);A10;SN-KE-SA2-2;PROJ_POP_2050_COM;2028;30885;NBR;;;;;ANSD
SN1:DF_PROJ_POP_2050_COM(1.0);A10;SN-KE-SA2-2;PROJ_POP_2050_COM;2029;31778;NBR;;;;;ANSD
SN1:DF_PROJ_POP_2050_COM(1.0);A10;SN-KE-SA2-2;PROJ_POP_2050_COM;2030;32696;NBR;;;;;ANSD
SN1:DF_PROJ_POP_2050_COM(1.0);A10;SN-KE-SA3-1;PROJ_POP_2050_COM;2023;11176;NBR;;;;;ANSD
SN1:DF_PROJ_POP_2050_COM(1.0);A10;SN-KE-SA3-1;PROJ_POP_2050_COM;2024;11492;NBR;;;;;ANSD
SN1:DF_PROJ_POP_2050_COM(1.0);A10;SN-KE-SA3-1;PROJ_POP_2050_COM;2025;11820;NBR;;;;;ANSD
SN1:DF_PROJ_POP_2050_COM(1.0);A10;SN-KE-SA3-1;PROJ_POP_2050_COM;2026;12159;NBR;;;;;ANSD
SN1:DF_PROJ_POP_2050_COM(1.0);A10;SN-KE-SA3-1;PROJ_POP_2050_COM;2027;12509;NBR;;;;;ANSD
SN1:DF_PROJ_POP_2050_COM(1.0);A10;SN-KE-SA3-1;PROJ_POP_2050_COM;2028;12870;NBR;;;;;ANSD
SN1:DF_PROJ_POP_2050_COM(1.0);A10;SN-KE-SA3-1;PROJ_POP_2050_COM;2029;13242;NBR;;;;;ANSD
SN1:DF_PROJ_POP_2050_COM(1.0);A10;SN-KE-SA3-1;PROJ_POP_2050_COM;2030;13624;NBR;;;;;ANSD
SN1:DF_PROJ_POP_2050_COM(1.0);A10;SN-KE-SA3-2;PROJ_POP_2050_COM;2023;21715;NBR;;;;;ANSD
SN1:DF_PROJ_POP_2050_COM(1.0);A10;SN-KE-SA3-2;PROJ_POP_2050_COM;2024;22329;NBR;;;;;ANSD
SN1:DF_PROJ_POP_2050_COM(1.0);A10;SN-KE-SA3-2;PROJ_POP_2050_COM;2025;22966;NBR;;;;;ANSD
SN1:DF_PROJ_POP_2050_COM(1.0);A10;SN-KE-SA3-2;PROJ_POP_2050_COM;2026;23625;NBR;;;;;ANSD
SN1:DF_PROJ_POP_2050_COM(1.0);A10;SN-KE-SA3-2;PROJ_POP_2050_COM;2027;24305;NBR;;;;;ANSD
SN1:DF_PROJ_POP_2050_COM(1.0);A10;SN-KE-SA3-2;PROJ_POP_2050_COM;2028;25007;NBR;;;;;ANSD
SN1:DF_PROJ_POP_2050_COM(1.0);A10;SN-KE-SA3-2;PROJ_POP_2050_COM;2029;25729;NBR;;;;;ANSD
SN1:DF_PROJ_POP_2050_COM(1.0);A10;SN-KE-SA3-2;PROJ_POP_2050_COM;2030;26472;NBR;;;;;ANSD
SN1:DF_PROJ_POP_2050_COM(1.0);A10;SN-KE-SA3-3;PROJ_POP_2050_COM;2023;18016;NBR;;;;;ANSD
SN1:DF_PROJ_POP_2050_COM(1.0);A10;SN-KE-SA3-3;PROJ_POP_2050_COM;2024;18526;NBR;;;;;ANSD
SN1:DF_PROJ_POP_2050_COM(1.0);A10;SN-KE-SA3-3;PROJ_POP_2050_COM;2025;19054;NBR;;;;;ANSD
SN1:DF_PROJ_POP_2050_COM(1.0);A10;SN-KE-SA3-3;PROJ_POP_2050_COM;2026;19600;NBR;;;;;ANSD
SN1:DF_PROJ_POP_2050_COM(1.0);A10;SN-KE-SA3-3;PROJ_POP_2050_COM;2027;20165;NBR;;;;;ANSD
SN1:DF_PROJ_POP_2050_COM(1.0);A10;SN-KE-SA3-3;PROJ_POP_2050_COM;2028;20747;NBR;;;;;ANSD
SN1:DF_PROJ_POP_2050_COM(1.0);A10;SN-KE-SA3-3;PROJ_POP_2050_COM;2029;21346;NBR;;;;;ANSD
SN1:DF_PROJ_POP_2050_COM(1.0);A10;SN-KE-SA3-3;PROJ_POP_2050_COM;2030;21963;NBR;;;;;ANSD
SN1:DF_PROJ_POP_2050_COM(1.0);A10;SN-KE-SL1-1;PROJ_POP_2050_COM;2023;6712;NBR;;;;;ANSD
SN1:DF_PROJ_POP_2050_COM(1.0);A10;SN-KE-SL1-1;PROJ_POP_2050_COM;2024;6902;NBR;;;;;ANSD
SN1:DF_PROJ_POP_2050_COM(1.0);A10;SN-KE-SL1-1;PROJ_POP_2050_COM;2025;7099;NBR;;;;;ANSD
SN1:DF_PROJ_POP_2050_COM(1.0);A10;SN-KE-SL1-1;PROJ_POP_2050_COM;2026;7302;NBR;;;;;ANSD
SN1:DF_PROJ_POP_2050_COM(1.0);A10;SN-KE-SL1-1;PROJ_POP_2050_COM;2027;7513;NBR;;;;;ANSD
SN1:DF_PROJ_POP_2050_COM(1.0);A10;SN-KE-SL1-1;PROJ_POP_2050_COM;2028;7729;NBR;;;;;ANSD
SN1:DF_PROJ_POP_2050_COM(1.0);A10;SN-KE-SL1-1;PROJ_POP_2050_COM;2029;7953;NBR;;;;;ANSD
SN1:DF_PROJ_POP_2050_COM(1.0);A10;SN-KE-SL1-1;PROJ_POP_2050_COM;2030;8182;NBR;;;;;ANSD
SN1:DF_PROJ_POP_2050_COM(1.0);A10;SN-KE-SL2-1;PROJ_POP_2050_COM;2023;4767;NBR;;;;;ANSD
SN1:DF_PROJ_POP_2050_COM(1.0);A10;SN-KE-SL2-1;PROJ_POP_2050_COM;2024;4902;NBR;;;;;ANSD
SN1:DF_PROJ_POP_2050_COM(1.0);A10;SN-KE-SL2-1;PROJ_POP_2050_COM;2025;5042;NBR;;;;;ANSD
SN1:DF_PROJ_POP_2050_COM(1.0);A10;SN-KE-SL2-1;PROJ_POP_2050_COM;2026;5186;NBR;;;;;ANSD
SN1:DF_PROJ_POP_2050_COM(1.0);A10;SN-KE-SL2-1;PROJ_POP_2050_COM;2027;5336;NBR;;;;;ANSD
SN1:DF_PROJ_POP_2050_COM(1.0);A10;SN-KE-SL2-1;PROJ_POP_2050_COM;2028;5490;NBR;;;;;ANSD
SN1:DF_PROJ_POP_2050_COM(1.0);A10;SN-KE-SL2-1;PROJ_POP_2050_COM;2029;5648;NBR;;;;;ANSD
SN1:DF_PROJ_POP_2050_COM(1.0);A10;SN-KE-SL2-1;PROJ_POP_2050_COM;2030;5811;NBR;;;;;ANSD
SN1:DF_PROJ_POP_2050_COM(1.0);A10;SN-KE-SL2-2;PROJ_POP_2050_COM;2023;5559;NBR;;;;;ANSD
SN1:DF_PROJ_POP_2050_COM(1.0);A10;SN-KE-SL2-2;PROJ_POP_2050_COM;2024;5716;NBR;;;;;ANSD
SN1:DF_PROJ_POP_2050_COM(1.0);A10;SN-KE-SL2-2;PROJ_POP_2050_COM;2025;5879;NBR;;;;;ANSD
SN1:DF_PROJ_POP_2050_COM(1.0);A10;SN-KE-SL2-2;PROJ_POP_2050_COM;2026;6048;NBR;;;;;ANSD
SN1:DF_PROJ_POP_2050_COM(1.0);A10;SN-KE-SL2-2;PROJ_POP_2050_COM;2027;6222;NBR;;;;;ANSD
SN1:DF_PROJ_POP_2050_COM(1.0);A10;SN-KE-SL2-2;PROJ_POP_2050_COM;2028;6402;NBR;;;;;ANSD
SN1:DF_PROJ_POP_2050_COM(1.0);A10;SN-KE-SL2-2;PROJ_POP_2050_COM;2029;6587;NBR;;;;;ANSD
SN1:DF_PROJ_POP_2050_COM(1.0);A10;SN-KE-SL2-2;PROJ_POP_2050_COM;2030;6777;NBR;;;;;ANSD
SN1:DF_PROJ_POP_2050_COM(1.0);A10;SN-KE-SL3-1;PROJ_POP_2050_COM;2023;4165;NBR;;;;;ANSD
SN1:DF_PROJ_POP_2050_COM(1.0);A10;SN-KE-SL3-1;PROJ_POP_2050_COM;2024;4283;NBR;;;;;ANSD
SN1:DF_PROJ_POP_2050_COM(1.0);A10;SN-KE-SL3-1;PROJ_POP_2050_COM;2025;4405;NBR;;;;;ANSD
SN1:DF_PROJ_POP_2050_COM(1.0);A10;SN-KE-SL3-1;PROJ_POP_2050_COM;2026;4531;NBR;;;;;ANSD
SN1:DF_PROJ_POP_2050_COM(1.0);A10;SN-KE-SL3-1;PROJ_POP_2050_COM;2027;4662;NBR;;;;;ANSD
SN1:DF_PROJ_POP_2050_COM(1.0);A10;SN-KE-SL3-1;PROJ_POP_2050_COM;2028;4796;NBR;;;;;ANSD
SN1:DF_PROJ_POP_2050_COM(1.0);A10;SN-KE-SL3-1;PROJ_POP_2050_COM;2029;4935;NBR;;;;;ANSD
SN1:DF_PROJ_POP_2050_COM(1.0);A10;SN-KE-SL3-1;PROJ_POP_2050_COM;2030;5077;NBR;;;;;ANSD
SN1:DF_PROJ_POP_2050_COM(1.0);A10;SN-KE-SL3-2;PROJ_POP_2050_COM;2023;4310;NBR;;;;;ANSD
SN1:DF_PROJ_POP_2050_COM(1.0);A10;SN-KE-SL3-2;PROJ_POP_2050_COM;2024;4432;NBR;;;;;ANSD
SN1:DF_PROJ_POP_2050_COM(1.0);A10;SN-KE-SL3-2;PROJ_POP_2050_COM;2025;4558;NBR;;;;;ANSD
SN1:DF_PROJ_POP_2050_COM(1.0);A10;SN-KE-SL3-2;PROJ_POP_2050_COM;2026;4689;NBR;;;;;ANSD
SN1:DF_PROJ_POP_2050_COM(1.0);A10;SN-KE-SL3-2;PROJ_POP_2050_COM;2027;4824;NBR;;;;;ANSD
SN1:DF_PROJ_POP_2050_COM(1.0);A10;SN-KE-SL3-2;PROJ_POP_2050_COM;2028;4963;NBR;;;;;ANSD
SN1:DF_PROJ_POP_2050_COM(1.0);A10;SN-KE-SL3-2;PROJ_POP_2050_COM;2029;5107;NBR;;;;;ANSD
SN1:DF_PROJ_POP_2050_COM(1.0);A10;SN-KE-SL3-2;PROJ_POP_2050_COM;2030;5254;NBR;;;;;ANSD
SN1:DF_PROJ_POP_2050_COM(1.0);A10;SN-KE-SL3-3;PROJ_POP_2050_COM;2023;2513;NBR;;;;;ANSD
SN1:DF_PROJ_POP_2050_COM(1.0);A10;SN-KE-SL3-3;PROJ_POP_2050_COM;2024;2584;NBR;;;;;ANSD
SN1:DF_PROJ_POP_2050_COM(1.0);A10;SN-KE-SL3-3;PROJ_POP_2050_COM;2025;2658;NBR;;;;;ANSD
SN1:DF_PROJ_POP_2050_COM(1.0);A10;SN-KE-SL3-3;PROJ_POP_2050_COM;2026;2734;NBR;;;;;ANSD
SN1:DF_PROJ_POP_2050_COM(1.0);A10;SN-KE-SL3-3;PROJ_POP_2050_COM;2027;2813;NBR;;;;;ANSD
SN1:DF_PROJ_POP_2050_COM(1.0);A10;SN-KE-SL3-3;PROJ_POP_2050_COM;2028;2894;NBR;;;;;ANSD
SN1:DF_PROJ_POP_2050_COM(1.0);A10;SN-KE-SL3-3;PROJ_POP_2050_COM;2029;2978;NBR;;;;;ANSD
SN1:DF_PROJ_POP_2050_COM(1.0);A10;SN-KE-SL3-3;PROJ_POP_2050_COM;2030;3064;NBR;;;;;ANSD
SN1:DF_PROJ_POP_2050_COM(1.0);A10;SN-KL-GU1-1;PROJ_POP_2050_COM;2023;20340;NBR;;;;;ANSD
SN1:DF_PROJ_POP_2050_COM(1.0);A10;SN-KL-GU1-1;PROJ_POP_2050_COM;2024;20011;NBR;;;;;ANSD
SN1:DF_PROJ_POP_2050_COM(1.0);A10;SN-KL-GU1-1;PROJ_POP_2050_COM;2025;20595;NBR;;;;;ANSD
SN1:DF_PROJ_POP_2050_COM(1.0);A10;SN-KL-GU1-1;PROJ_POP_2050_COM;2026;21202;NBR;;;;;ANSD
SN1:DF_PROJ_POP_2050_COM(1.0);A10;SN-KL-GU1-1;PROJ_POP_2050_COM;2027;21832;NBR;;;;;ANSD
SN1:DF_PROJ_POP_2050_COM(1.0);A10;SN-KL-GU1-1;PROJ_POP_2050_COM;2028;22485;NBR;;;;;ANSD
SN1:DF_PROJ_POP_2050_COM(1.0);A10;SN-KL-GU1-1;PROJ_POP_2050_COM;2029;23162;NBR;;;;;ANSD
SN1:DF_PROJ_POP_2050_COM(1.0);A10;SN-KL-GU1-1;PROJ_POP_2050_COM;2030;23862;NBR;;;;;ANSD
SN1:DF_PROJ_POP_2050_COM(1.0);A10;SN-KL-GU2-1;PROJ_POP_2050_COM;2023;25409;NBR;;;;;ANSD
SN1:DF_PROJ_POP_2050_COM(1.0);A10;SN-KL-GU2-1;PROJ_POP_2050_COM;2024;28595;NBR;;;;;ANSD
SN1:DF_PROJ_POP_2050_COM(1.0);A10;SN-KL-GU2-1;PROJ_POP_2050_COM;2025;29429;NBR;;;;;ANSD
SN1:DF_PROJ_POP_2050_COM(1.0);A10;SN-KL-GU2-1;PROJ_POP_2050_COM;2026;30296;NBR;;;;;ANSD
SN1:DF_PROJ_POP_2050_COM(1.0);A10;SN-KL-GU2-1;PROJ_POP_2050_COM;2027;31196;NBR;;;;;ANSD
SN1:DF_PROJ_POP_2050_COM(1.0);A10;SN-KL-GU2-1;PROJ_POP_2050_COM;2028;32130;NBR;;;;;ANSD
SN1:DF_PROJ_POP_2050_COM(1.0);A10;SN-KL-GU2-1;PROJ_POP_2050_COM;2029;33096;NBR;;;;;ANSD
SN1:DF_PROJ_POP_2050_COM(1.0);A10;SN-KL-GU2-1;PROJ_POP_2050_COM;2030;34096;NBR;;;;;ANSD
SN1:DF_PROJ_POP_2050_COM(1.0);A10;SN-KL-GU2-2;PROJ_POP_2050_COM;2023;13079;NBR;;;;;ANSD
SN1:DF_PROJ_POP_2050_COM(1.0);A10;SN-KL-GU2-2;PROJ_POP_2050_COM;2024;14149;NBR;;;;;ANSD
SN1:DF_PROJ_POP_2050_COM(1.0);A10;SN-KL-GU2-2;PROJ_POP_2050_COM;2025;14561;NBR;;;;;ANSD
SN1:DF_PROJ_POP_2050_COM(1.0);A10;SN-KL-GU2-2;PROJ_POP_2050_COM;2026;14990;NBR;;;;;ANSD
SN1:DF_PROJ_POP_2050_COM(1.0);A10;SN-KL-GU2-2;PROJ_POP_2050_COM;2027;15436;NBR;;;;;ANSD
SN1:DF_PROJ_POP_2050_COM(1.0);A10;SN-KL-GU2-2;PROJ_POP_2050_COM;2028;15898;NBR;;;;;ANSD
SN1:DF_PROJ_POP_2050_COM(1.0);A10;SN-KL-GU2-2;PROJ_POP_2050_COM;2029;16376;NBR;;;;;ANSD
SN1:DF_PROJ_POP_2050_COM(1.0);A10;SN-KL-GU2-2;PROJ_POP_2050_COM;2030;16871;NBR;;;;;ANSD
SN1:DF_PROJ_POP_2050_COM(1.0);A10;SN-KL-GU2-3;PROJ_POP_2050_COM;2023;18937;NBR;;;;;ANSD
SN1:DF_PROJ_POP_2050_COM(1.0);A10;SN-KL-GU2-3;PROJ_POP_2050_COM;2024;19918;NBR;;;;;ANSD
SN1:DF_PROJ_POP_2050_COM(1.0);A10;SN-KL-GU2-3;PROJ_POP_2050_COM;2025;20499;NBR;;;;;ANSD
SN1:DF_PROJ_POP_2050_COM(1.0);A10;SN-KL-GU2-3;PROJ_POP_2050_COM;2026;21103;NBR;;;;;ANSD
SN1:DF_PROJ_POP_2050_COM(1.0);A10;SN-KL-GU2-3;PROJ_POP_2050_COM;2027;21730;NBR;;;;;ANSD
SN1:DF_PROJ_POP_2050_COM(1.0);A10;SN-KL-GU2-3;PROJ_POP_2050_COM;2028;22380;NBR;;;;;ANSD
SN1:DF_PROJ_POP_2050_COM(1.0);A10;SN-KL-GU2-3;PROJ_POP_2050_COM;2029;23053;NBR;;;;;ANSD
SN1:DF_PROJ_POP_2050_COM(1.0);A10;SN-KL-GU2-3;PROJ_POP_2050_COM;2030;23750;NBR;;;;;ANSD
SN1:DF_PROJ_POP_2050_COM(1.0);A10;SN-KL-GU2-4;PROJ_POP_2050_COM;2023;16865;NBR;;;;;ANSD
SN1:DF_PROJ_POP_2050_COM(1.0);A10;SN-KL-GU2-4;PROJ_POP_2050_COM;2024;17933;NBR;;;;;ANSD
SN1:DF_PROJ_POP_2050_COM(1.0);A10;SN-KL-GU2-4;PROJ_POP_2050_COM;2025;18456;NBR;;;;;ANSD
SN1:DF_PROJ_POP_2050_COM(1.0);A10;SN-KL-GU2-4;PROJ_POP_2050_COM;2026;19000;NBR;;;;;ANSD
SN1:DF_PROJ_POP_2050_COM(1.0);A10;SN-KL-GU2-4;PROJ_POP_2050_COM;2027;19564;NBR;;;;;ANSD
SN1:DF_PROJ_POP_2050_COM(1.0);A10;SN-KL-GU2-4;PROJ_POP_2050_COM;2028;20150;NBR;;;;;ANSD
SN1:DF_PROJ_POP_2050_COM(1.0);A10;SN-KL-GU2-4;PROJ_POP_2050_COM;2029;20756;NBR;;;;;ANSD
SN1:DF_PROJ_POP_2050_COM(1.0);A10;SN-KL-GU2-4;PROJ_POP_2050_COM;2030;21383;NBR;;;;;ANSD
SN1:DF_PROJ_POP_2050_COM(1.0);A10;SN-KL-GU2-5;PROJ_POP_2050_COM;2023;6453;NBR;;;;;ANSD
SN1:DF_PROJ_POP_2050_COM(1.0);A10;SN-KL-GU2-5;PROJ_POP_2050_COM;2024;6213;NBR;;;;;ANSD
SN1:DF_PROJ_POP_2050_COM(1.0);A10;SN-KL-GU2-5;PROJ_POP_2050_COM;2025;6395;NBR;;;;;ANSD
SN1:DF_PROJ_POP_2050_COM(1.0);A10;SN-KL-GU2-5;PROJ_POP_2050_COM;2026;6583;NBR;;;;;ANSD
SN1:DF_PROJ_POP_2050_COM(1.0);A10;SN-KL-GU2-5;PROJ_POP_2050_COM;2027;6779;NBR;;;;;ANSD
SN1:DF_PROJ_POP_2050_COM(1.0);A10;SN-KL-GU2-5;PROJ_POP_2050_COM;2028;6981;NBR;;;;;ANSD
SN1:DF_PROJ_POP_2050_COM(1.0);A10;SN-KL-GU2-5;PROJ_POP_2050_COM;2029;7191;NBR;;;;;ANSD
SN1:DF_PROJ_POP_2050_COM(1.0);A10;SN-KL-GU2-5;PROJ_POP_2050_COM;2030;7409;NBR;;;;;ANSD
SN1:DF_PROJ_POP_2050_COM(1.0);A10;SN-KL-GU3-1;PROJ_POP_2050_COM;2023;10272;NBR;;;;;ANSD
SN1:DF_PROJ_POP_2050_COM(1.0);A10;SN-KL-GU3-1;PROJ_POP_2050_COM;2024;10713;NBR;;;;;ANSD
SN1:DF_PROJ_POP_2050_COM(1.0);A10;SN-KL-GU3-1;PROJ_POP_2050_COM;2025;11025;NBR;;;;;ANSD
SN1:DF_PROJ_POP_2050_COM(1.0);A10;SN-KL-GU3-1;PROJ_POP_2050_COM;2026;11350;NBR;;;;;ANSD
SN1:DF_PROJ_POP_2050_COM(1.0);A10;SN-KL-GU3-1;PROJ_POP_2050_COM;2027;11687;NBR;;;;;ANSD
SN1:DF_PROJ_POP_2050_COM(1.0);A10;SN-KL-GU3-1;PROJ_POP_2050_COM;2028;12037;NBR;;;;;ANSD
SN1:DF_PROJ_POP_2050_COM(1.0);A10;SN-KL-GU3-1;PROJ_POP_2050_COM;2029;12399;NBR;;;;;ANSD
SN1:DF_PROJ_POP_2050_COM(1.0);A10;SN-KL-GU3-1;PROJ_POP_2050_COM;2030;12774;NBR;;;;;ANSD
SN1:DF_PROJ_POP_2050_COM(1.0);A10;SN-KL-GU3-2;PROJ_POP_2050_COM;2023;11324;NBR;;;;;ANSD
SN1:DF_PROJ_POP_2050_COM(1.0);A10;SN-KL-GU3-2;PROJ_POP_2050_COM;2024;11976;NBR;;;;;ANSD
SN1:DF_PROJ_POP_2050_COM(1.0);A10;SN-KL-GU3-2;PROJ_POP_2050_COM;2025;12326;NBR;;;;;ANSD
SN1:DF_PROJ_POP_2050_COM(1.0);A10;SN-KL-GU3-2;PROJ_POP_2050_COM;2026;12689;NBR;;;;;ANSD
SN1:DF_PROJ_POP_2050_COM(1.0);A10;SN-KL-GU3-2;PROJ_POP_2050_COM;2027;13066;NBR;;;;;ANSD
SN1:DF_PROJ_POP_2050_COM(1.0);A10;SN-KL-GU3-2;PROJ_POP_2050_COM;2028;13457;NBR;;;;;ANSD
SN1:DF_PROJ_POP_2050_COM(1.0);A10;SN-KL-GU3-2;PROJ_POP_2050_COM;2029;13862;NBR;;;;;ANSD
SN1:DF_PROJ_POP_2050_COM(1.0);A10;SN-KL-GU3-2;PROJ_POP_2050_COM;2030;14280;NBR;;;;;ANSD
SN1:DF_PROJ_POP_2050_COM(1.0);A10;SN-KL-GU3-3;PROJ_POP_2050_COM;2023;15267;NBR;;;;;ANSD
SN1:DF_PROJ_POP_2050_COM(1.0);A10;SN-KL-GU3-3;PROJ_POP_2050_COM;2024;15832;NBR;;;;;ANSD
SN1:DF_PROJ_POP_2050_COM(1.0);A10;SN-KL-GU3-3;PROJ_POP_2050_COM;2025;16294;NBR;;;;;ANSD
SN1:DF_PROJ_POP_2050_COM(1.0);A10;SN-KL-GU3-3;PROJ_POP_2050_COM;2026;16774;NBR;;;;;ANSD
SN1:DF_PROJ_POP_2050_COM(1.0);A10;SN-KL-GU3-3;PROJ_POP_2050_COM;2027;17272;NBR;;;;;ANSD
SN1:DF_PROJ_POP_2050_COM(1.0);A10;SN-KL-GU3-3;PROJ_POP_2050_COM;2028;17789;NBR;;;;;ANSD
SN1:DF_PROJ_POP_2050_COM(1.0);A10;SN-KL-GU3-3;PROJ_POP_2050_COM;2029;18324;NBR;;;;;ANSD
SN1:DF_PROJ_POP_2050_COM(1.0);A10;SN-KL-GU3-3;PROJ_POP_2050_COM;2030;18878;NBR;;;;;ANSD
SN1:DF_PROJ_POP_2050_COM(1.0);A10;SN-KL-GU3-4;PROJ_POP_2050_COM;2023;6857;NBR;;;;;ANSD
SN1:DF_PROJ_POP_2050_COM(1.0);A10;SN-KL-GU3-4;PROJ_POP_2050_COM;2024;7463;NBR;;;;;ANSD
SN1:DF_PROJ_POP_2050_COM(1.0);A10;SN-KL-GU3-4;PROJ_POP_2050_COM;2025;7680;NBR;;;;;ANSD
SN1:DF_PROJ_POP_2050_COM(1.0);A10;SN-KL-GU3-4;PROJ_POP_2050_COM;2026;7907;NBR;;;;;ANSD
SN1:DF_PROJ_POP_2050_COM(1.0);A10;SN-KL-GU3-4;PROJ_POP_2050_COM;2027;8141;NBR;;;;;ANSD
SN1:DF_PROJ_POP_2050_COM(1.0);A10;SN-KL-GU3-4;PROJ_POP_2050_COM;2028;8385;NBR;;;;;ANSD
SN1:DF_PROJ_POP_2050_COM(1.0);A10;SN-KL-GU3-4;PROJ_POP_2050_COM;2029;8637;NBR;;;;;ANSD
SN1:DF_PROJ_POP_2050_COM(1.0);A10;SN-KL-GU3-4;PROJ_POP_2050_COM;2030;8898;NBR;;;;;ANSD
SN1:DF_PROJ_POP_2050_COM(1.0);A10;SN-KL-GU3-5;PROJ_POP_2050_COM;2023;9160;NBR;;;;;ANSD
SN1:DF_PROJ_POP_2050_COM(1.0);A10;SN-KL-GU3-5;PROJ_POP_2050_COM;2024;9619;NBR;;;;;ANSD
SN1:DF_PROJ_POP_2050_COM(1.0);A10;SN-KL-GU3-5;PROJ_POP_2050_COM;2025;9899;NBR;;;;;ANSD
SN1:DF_PROJ_POP_2050_COM(1.0);A10;SN-KL-GU3-5;PROJ_POP_2050_COM;2026;10191;NBR;;;;;ANSD
SN1:DF_PROJ_POP_2050_COM(1.0);A10;SN-KL-GU3-5;PROJ_POP_2050_COM;2027;10494;NBR;;;;;ANSD
SN1:DF_PROJ_POP_2050_COM(1.0);A10;SN-KL-GU3-5;PROJ_POP_2050_COM;2028;10808;NBR;;;;;ANSD
SN1:DF_PROJ_POP_2050_COM(1.0);A10;SN-KL-GU3-5;PROJ_POP_2050_COM;2029;11133;NBR;;;;;ANSD
SN1:DF_PROJ_POP_2050_COM(1.0);A10;SN-KL-GU3-5;PROJ_POP_2050_COM;2030;11469;NBR;;;;;ANSD
SN1:DF_PROJ_POP_2050_COM(1.0);A10;SN-KL-GU3-6;PROJ_POP_2050_COM;2023;6094;NBR;;;;;ANSD
SN1:DF_PROJ_POP_2050_COM(1.0);A10;SN-KL-GU3-6;PROJ_POP_2050_COM;2024;6189;NBR;;;;;ANSD
SN1:DF_PROJ_POP_2050_COM(1.0);A10;SN-KL-GU3-6;PROJ_POP_2050_COM;2025;6369;NBR;;;;;ANSD
SN1:DF_PROJ_POP_2050_COM(1.0);A10;SN-KL-GU3-6;PROJ_POP_2050_COM;2026;6557;NBR;;;;;ANSD
SN1:DF_PROJ_POP_2050_COM(1.0);A10;SN-KL-GU3-6;PROJ_POP_2050_COM;2027;6752;NBR;;;;;ANSD
SN1:DF_PROJ_POP_2050_COM(1.0);A10;SN-KL-GU3-6;PROJ_POP_2050_COM;2028;6954;NBR;;;;;ANSD
SN1:DF_PROJ_POP_2050_COM(1.0);A10;SN-KL-GU3-6;PROJ_POP_2050_COM;2029;7163;NBR;;;;;ANSD
SN1:DF_PROJ_POP_2050_COM(1.0);A10;SN-KL-GU3-6;PROJ_POP_2050_COM;2030;7380;NBR;;;;;ANSD
SN1:DF_PROJ_POP_2050_COM(1.0);A10;SN-KL-KA1-1;PROJ_POP_2050_COM;2023;298904;NBR;;;;;ANSD
SN1:DF_PROJ_POP_2050_COM(1.0);A10;SN-KL-KA1-1;PROJ_POP_2050_COM;2024;304871;NBR;;;;;ANSD
SN1:DF_PROJ_POP_2050_COM(1.0);A10;SN-KL-KA1-1;PROJ_POP_2050_COM;2025;313767;NBR;;;;;ANSD
SN1:DF_PROJ_POP_2050_COM(1.0);A10;SN-KL-KA1-1;PROJ_POP_2050_COM;2026;323010;NBR;;;;;ANSD
SN1:DF_PROJ_POP_2050_COM(1.0);A10;SN-KL-KA1-1;PROJ_POP_2050_COM;2027;332606;NBR;;;;;ANSD
SN1:DF_PROJ_POP_2050_COM(1.0);A10;SN-KL-KA1-1;PROJ_POP_2050_COM;2028;342558;NBR;;;;;ANSD
SN1:DF_PROJ_POP_2050_COM(1.0);A10;SN-KL-KA1-1;PROJ_POP_2050_COM;2029;352865;NBR;;;;;ANSD
SN1:DF_PROJ_POP_2050_COM(1.0);A10;SN-KL-KA1-1;PROJ_POP_2050_COM;2030;363526;NBR;;;;;ANSD
SN1:DF_PROJ_POP_2050_COM(1.0);A10;SN-KL-KA2-1;PROJ_POP_2050_COM;2023;26376;NBR;;;;;ANSD
SN1:DF_PROJ_POP_2050_COM(1.0);A10;SN-KL-KA2-1;PROJ_POP_2050_COM;2024;28365;NBR;;;;;ANSD
SN1:DF_PROJ_POP_2050_COM(1.0);A10;SN-KL-KA2-1;PROJ_POP_2050_COM;2025;29192;NBR;;;;;ANSD
SN1:DF_PROJ_POP_2050_COM(1.0);A10;SN-KL-KA2-1;PROJ_POP_2050_COM;2026;30052;NBR;;;;;ANSD
SN1:DF_PROJ_POP_2050_COM(1.0);A10;SN-KL-KA2-1;PROJ_POP_2050_COM;2027;30945;NBR;;;;;ANSD
SN1:DF_PROJ_POP_2050_COM(1.0);A10;SN-KL-KA2-1;PROJ_POP_2050_COM;2028;31871;NBR;;;;;ANSD
SN1:DF_PROJ_POP_2050_COM(1.0);A10;SN-KL-KA2-1;PROJ_POP_2050_COM;2029;32830;NBR;;;;;ANSD
SN1:DF_PROJ_POP_2050_COM(1.0);A10;SN-KL-KA2-1;PROJ_POP_2050_COM;2030;33822;NBR;;;;;ANSD
SN1:DF_PROJ_POP_2050_COM(1.0);A10;SN-KL-KA3-1;PROJ_POP_2050_COM;2023;37567;NBR;;;;;ANSD
SN1:DF_PROJ_POP_2050_COM(1.0);A10;SN-KL-KA3-1;PROJ_POP_2050_COM;2024;38291;NBR;;;;;ANSD
SN1:DF_PROJ_POP_2050_COM(1.0);A10;SN-KL-KA3-1;PROJ_POP_2050_COM;2025;39408;NBR;;;;;ANSD
SN1:DF_PROJ_POP_2050_COM(1.0);A10;SN-KL-KA3-1;PROJ_POP_2050_COM;2026;40569;NBR;;;;;ANSD
SN1:DF_PROJ_POP_2050_COM(1.0);A10;SN-KL-KA3-1;PROJ_POP_2050_COM;2027;41774;NBR;;;;;ANSD
SN1:DF_PROJ_POP_2050_COM(1.0);A10;SN-KL-KA3-1;PROJ_POP_2050_COM;2028;43024;NBR;;;;;ANSD
SN1:DF_PROJ_POP_2050_COM(1.0);A10;SN-KL-KA3-1;PROJ_POP_2050_COM;2029;44319;NBR;;;;;ANSD
SN1:DF_PROJ_POP_2050_COM(1.0);A10;SN-KL-KA3-1;PROJ_POP_2050_COM;2030;45658;NBR;;;;;ANSD
SN1:DF_PROJ_POP_2050_COM(1.0);A10;SN-KL-KA3-2;PROJ_POP_2050_COM;2023;49493;NBR;;;;;ANSD
SN1:DF_PROJ_POP_2050_COM(1.0);A10;SN-KL-KA3-2;PROJ_POP_2050_COM;2024;51897;NBR;;;;;ANSD
SN1:DF_PROJ_POP_2050_COM(1.0);A10;SN-KL-KA3-2;PROJ_POP_2050_COM;2025;53412;NBR;;;;;ANSD
SN1:DF_PROJ_POP_2050_COM(1.0);A10;SN-KL-KA3-2;PROJ_POP_2050_COM;2026;54985;NBR;;;;;ANSD
SN1:DF_PROJ_POP_2050_COM(1.0);A10;SN-KL-KA3-2;PROJ_POP_2050_COM;2027;56619;NBR;;;;;ANSD
SN1:DF_PROJ_POP_2050_COM(1.0);A10;SN-KL-KA3-2;PROJ_POP_2050_COM;2028;58313;NBR;;;;;ANSD
SN1:DF_PROJ_POP_2050_COM(1.0);A10;SN-KL-KA3-2;PROJ_POP_2050_COM;2029;60067;NBR;;;;;ANSD
SN1:DF_PROJ_POP_2050_COM(1.0);A10;SN-KL-KA3-2;PROJ_POP_2050_COM;2030;61882;NBR;;;;;ANSD
SN1:DF_PROJ_POP_2050_COM(1.0);A10;SN-KL-KA3-3;PROJ_POP_2050_COM;2023;41021;NBR;;;;;ANSD
SN1:DF_PROJ_POP_2050_COM(1.0);A10;SN-KL-KA3-3;PROJ_POP_2050_COM;2024;42014;NBR;;;;;ANSD
SN1:DF_PROJ_POP_2050_COM(1.0);A10;SN-KL-KA3-3;PROJ_POP_2050_COM;2025;43240;NBR;;;;;ANSD
SN1:DF_PROJ_POP_2050_COM(1.0);A10;SN-KL-KA3-3;PROJ_POP_2050_COM;2026;44514;NBR;;;;;ANSD
SN1:DF_PROJ_POP_2050_COM(1.0);A10;SN-KL-KA3-3;PROJ_POP_2050_COM;2027;45836;NBR;;;;;ANSD
SN1:DF_PROJ_POP_2050_COM(1.0);A10;SN-KL-KA3-3;PROJ_POP_2050_COM;2028;47207;NBR;;;;;ANSD
SN1:DF_PROJ_POP_2050_COM(1.0);A10;SN-KL-KA3-3;PROJ_POP_2050_COM;2029;48628;NBR;;;;;ANSD
SN1:DF_PROJ_POP_2050_COM(1.0);A10;SN-KL-KA3-3;PROJ_POP_2050_COM;2030;50097;NBR;;;;;ANSD
SN1:DF_PROJ_POP_2050_COM(1.0);A10;SN-KL-KA4-1;PROJ_POP_2050_COM;2023;41156;NBR;;;;;ANSD
SN1:DF_PROJ_POP_2050_COM(1.0);A10;SN-KL-KA4-1;PROJ_POP_2050_COM;2024;42260;NBR;;;;;ANSD
SN1:DF_PROJ_POP_2050_COM(1.0);A10;SN-KL-KA4-1;PROJ_POP_2050_COM;2025;43494;NBR;;;;;ANSD
SN1:DF_PROJ_POP_2050_COM(1.0);A10;SN-KL-KA4-1;PROJ_POP_2050_COM;2026;44775;NBR;;;;;ANSD
SN1:DF_PROJ_POP_2050_COM(1.0);A10;SN-KL-KA4-1;PROJ_POP_2050_COM;2027;46105;NBR;;;;;ANSD
SN1:DF_PROJ_POP_2050_COM(1.0);A10;SN-KL-KA4-1;PROJ_POP_2050_COM;2028;47484;NBR;;;;;ANSD
SN1:DF_PROJ_POP_2050_COM(1.0);A10;SN-KL-KA4-1;PROJ_POP_2050_COM;2029;48913;NBR;;;;;ANSD
SN1:DF_PROJ_POP_2050_COM(1.0);A10;SN-KL-KA4-1;PROJ_POP_2050_COM;2030;50391;NBR;;;;;ANSD
SN1:DF_PROJ_POP_2050_COM(1.0);A10;SN-KL-KA4-2;PROJ_POP_2050_COM;2023;35776;NBR;;;;;ANSD
SN1:DF_PROJ_POP_2050_COM(1.0);A10;SN-KL-KA4-2;PROJ_POP_2050_COM;2024;36457;NBR;;;;;ANSD
SN1:DF_PROJ_POP_2050_COM(1.0);A10;SN-KL-KA4-2;PROJ_POP_2050_COM;2025;37520;NBR;;;;;ANSD
SN1:DF_PROJ_POP_2050_COM(1.0);A10;SN-KL-KA4-2;PROJ_POP_2050_COM;2026;38626;NBR;;;;;ANSD
SN1:DF_PROJ_POP_2050_COM(1.0);A10;SN-KL-KA4-2;PROJ_POP_2050_COM;2027;39773;NBR;;;;;ANSD
SN1:DF_PROJ_POP_2050_COM(1.0);A10;SN-KL-KA4-2;PROJ_POP_2050_COM;2028;40963;NBR;;;;;ANSD
SN1:DF_PROJ_POP_2050_COM(1.0);A10;SN-KL-KA4-2;PROJ_POP_2050_COM;2029;42196;NBR;;;;;ANSD
SN1:DF_PROJ_POP_2050_COM(1.0);A10;SN-KL-KA4-2;PROJ_POP_2050_COM;2030;43471;NBR;;;;;ANSD
SN1:DF_PROJ_POP_2050_COM(1.0);A10;SN-KL-KA4-3;PROJ_POP_2050_COM;2023;29309;NBR;;;;;ANSD
SN1:DF_PROJ_POP_2050_COM(1.0);A10;SN-KL-KA4-3;PROJ_POP_2050_COM;2024;29791;NBR;;;;;ANSD
SN1:DF_PROJ_POP_2050_COM(1.0);A10;SN-KL-KA4-3;PROJ_POP_2050_COM;2025;30660;NBR;;;;;ANSD
SN1:DF_PROJ_POP_2050_COM(1.0);A10;SN-KL-KA4-3;PROJ_POP_2050_COM;2026;31563;NBR;;;;;ANSD
SN1:DF_PROJ_POP_2050_COM(1.0);A10;SN-KL-KA4-3;PROJ_POP_2050_COM;2027;32501;NBR;;;;;ANSD
SN1:DF_PROJ_POP_2050_COM(1.0);A10;SN-KL-KA4-3;PROJ_POP_2050_COM;2028;33474;NBR;;;;;ANSD
SN1:DF_PROJ_POP_2050_COM(1.0);A10;SN-KL-KA4-3;PROJ_POP_2050_COM;2029;34481;NBR;;;;;ANSD
SN1:DF_PROJ_POP_2050_COM(1.0);A10;SN-KL-KA4-3;PROJ_POP_2050_COM;2030;35523;NBR;;;;;ANSD
SN1:DF_PROJ_POP_2050_COM(1.0);A10;SN-KL-KA4-4;PROJ_POP_2050_COM;2023;18974;NBR;;;;;ANSD
SN1:DF_PROJ_POP_2050_COM(1.0);A10;SN-KL-KA4-4;PROJ_POP_2050_COM;2024;18190;NBR;;;;;ANSD
SN1:DF_PROJ_POP_2050_COM(1.0);A10;SN-KL-KA4-4;PROJ_POP_2050_COM;2025;18720;NBR;;;;;ANSD
SN1:DF_PROJ_POP_2050_COM(1.0);A10;SN-KL-KA4-4;PROJ_POP_2050_COM;2026;19272;NBR;;;;;ANSD
SN1:DF_PROJ_POP_2050_COM(1.0);A10;SN-KL-KA4-4;PROJ_POP_2050_COM;2027;19844;NBR;;;;;ANSD
SN1:DF_PROJ_POP_2050_COM(1.0);A10;SN-KL-KA4-4;PROJ_POP_2050_COM;2028;20438;NBR;;;;;ANSD
SN1:DF_PROJ_POP_2050_COM(1.0);A10;SN-KL-KA4-4;PROJ_POP_2050_COM;2029;21053;NBR;;;;;ANSD
SN1:DF_PROJ_POP_2050_COM(1.0);A10;SN-KL-KA4-4;PROJ_POP_2050_COM;2030;21689;NBR;;;;;ANSD
SN1:DF_PROJ_POP_2050_COM(1.0);A10;SN-KL-KA5-1;PROJ_POP_2050_COM;2023;19866;NBR;;;;;ANSD
SN1:DF_PROJ_POP_2050_COM(1.0);A10;SN-KL-KA5-1;PROJ_POP_2050_COM;2024;20941;NBR;;;;;ANSD
SN1:DF_PROJ_POP_2050_COM(1.0);A10;SN-KL-KA5-1;PROJ_POP_2050_COM;2025;21552;NBR;;;;;ANSD
SN1:DF_PROJ_POP_2050_COM(1.0);A10;SN-KL-KA5-1;PROJ_POP_2050_COM;2026;22187;NBR;;;;;ANSD
SN1:DF_PROJ_POP_2050_COM(1.0);A10;SN-KL-KA5-1;PROJ_POP_2050_COM;2027;22846;NBR;;;;;ANSD
SN1:DF_PROJ_POP_2050_COM(1.0);A10;SN-KL-KA5-1;PROJ_POP_2050_COM;2028;23529;NBR;;;;;ANSD
SN1:DF_PROJ_POP_2050_COM(1.0);A10;SN-KL-KA5-1;PROJ_POP_2050_COM;2029;24237;NBR;;;;;ANSD
SN1:DF_PROJ_POP_2050_COM(1.0);A10;SN-KL-KA5-1;PROJ_POP_2050_COM;2030;24970;NBR;;;;;ANSD
SN1:DF_PROJ_POP_2050_COM(1.0);A10;SN-KL-KA5-2;PROJ_POP_2050_COM;2023;16636;NBR;;;;;ANSD
SN1:DF_PROJ_POP_2050_COM(1.0);A10;SN-KL-KA5-2;PROJ_POP_2050_COM;2024;17281;NBR;;;;;ANSD
SN1:DF_PROJ_POP_2050_COM(1.0);A10;SN-KL-KA5-2;PROJ_POP_2050_COM;2025;17785;NBR;;;;;ANSD
SN1:DF_PROJ_POP_2050_COM(1.0);A10;SN-KL-KA5-2;PROJ_POP_2050_COM;2026;18309;NBR;;;;;ANSD
SN1:DF_PROJ_POP_2050_COM(1.0);A10;SN-KL-KA5-2;PROJ_POP_2050_COM;2027;18853;NBR;;;;;ANSD
SN1:DF_PROJ_POP_2050_COM(1.0);A10;SN-KL-KA5-2;PROJ_POP_2050_COM;2028;19417;NBR;;;;;ANSD
SN1:DF_PROJ_POP_2050_COM(1.0);A10;SN-KL-KA5-2;PROJ_POP_2050_COM;2029;20001;NBR;;;;;ANSD
SN1:DF_PROJ_POP_2050_COM(1.0);A10;SN-KL-KA5-2;PROJ_POP_2050_COM;2030;20605;NBR;;;;;ANSD
SN1:DF_PROJ_POP_2050_COM(1.0);A10;SN-KL-KA5-3;PROJ_POP_2050_COM;2023;19228;NBR;;;;;ANSD
SN1:DF_PROJ_POP_2050_COM(1.0);A10;SN-KL-KA5-3;PROJ_POP_2050_COM;2024;19795;NBR;;;;;ANSD
SN1:DF_PROJ_POP_2050_COM(1.0);A10;SN-KL-KA5-3;PROJ_POP_2050_COM;2025;20373;NBR;;;;;ANSD
SN1:DF_PROJ_POP_2050_COM(1.0);A10;SN-KL-KA5-3;PROJ_POP_2050_COM;2026;20973;NBR;;;;;ANSD
SN1:DF_PROJ_POP_2050_COM(1.0);A10;SN-KL-KA5-3;PROJ_POP_2050_COM;2027;21596;NBR;;;;;ANSD
SN1:DF_PROJ_POP_2050_COM(1.0);A10;SN-KL-KA5-3;PROJ_POP_2050_COM;2028;22242;NBR;;;;;ANSD
SN1:DF_PROJ_POP_2050_COM(1.0);A10;SN-KL-KA5-3;PROJ_POP_2050_COM;2029;22912;NBR;;;;;ANSD
SN1:DF_PROJ_POP_2050_COM(1.0);A10;SN-KL-KA5-3;PROJ_POP_2050_COM;2030;23604;NBR;;;;;ANSD
SN1:DF_PROJ_POP_2050_COM(1.0);A10;SN-KL-KA5-4;PROJ_POP_2050_COM;2023;18239;NBR;;;;;ANSD
SN1:DF_PROJ_POP_2050_COM(1.0);A10;SN-KL-KA5-4;PROJ_POP_2050_COM;2024;18253;NBR;;;;;ANSD
SN1:DF_PROJ_POP_2050_COM(1.0);A10;SN-KL-KA5-4;PROJ_POP_2050_COM;2025;18785;NBR;;;;;ANSD
SN1:DF_PROJ_POP_2050_COM(1.0);A10;SN-KL-KA5-4;PROJ_POP_2050_COM;2026;19339;NBR;;;;;ANSD
SN1:DF_PROJ_POP_2050_COM(1.0);A10;SN-KL-KA5-4;PROJ_POP_2050_COM;2027;19913;NBR;;;;;ANSD
SN1:DF_PROJ_POP_2050_COM(1.0);A10;SN-KL-KA5-4;PROJ_POP_2050_COM;2028;20509;NBR;;;;;ANSD
SN1:DF_PROJ_POP_2050_COM(1.0);A10;SN-KL-KA5-4;PROJ_POP_2050_COM;2029;21126;NBR;;;;;ANSD
SN1:DF_PROJ_POP_2050_COM(1.0);A10;SN-KL-KA5-4;PROJ_POP_2050_COM;2030;21765;NBR;;;;;ANSD
SN1:DF_PROJ_POP_2050_COM(1.0);A10;SN-KL-KA5-5;PROJ_POP_2050_COM;2023;11508;NBR;;;;;ANSD
SN1:DF_PROJ_POP_2050_COM(1.0);A10;SN-KL-KA5-5;PROJ_POP_2050_COM;2024;11347;NBR;;;;;ANSD
SN1:DF_PROJ_POP_2050_COM(1.0);A10;SN-KL-KA5-5;PROJ_POP_2050_COM;2025;11678;NBR;;;;;ANSD
SN1:DF_PROJ_POP_2050_COM(1.0);A10;SN-KL-KA5-5;PROJ_POP_2050_COM;2026;12022;NBR;;;;;ANSD
SN1:DF_PROJ_POP_2050_COM(1.0);A10;SN-KL-KA5-5;PROJ_POP_2050_COM;2027;12379;NBR;;;;;ANSD
SN1:DF_PROJ_POP_2050_COM(1.0);A10;SN-KL-KA5-5;PROJ_POP_2050_COM;2028;12749;NBR;;;;;ANSD
SN1:DF_PROJ_POP_2050_COM(1.0);A10;SN-KL-KA5-5;PROJ_POP_2050_COM;2029;13133;NBR;;;;;ANSD
SN1:DF_PROJ_POP_2050_COM(1.0);A10;SN-KL-KA5-5;PROJ_POP_2050_COM;2030;13530;NBR;;;;;ANSD
SN1:DF_PROJ_POP_2050_COM(1.0);A10;SN-KL-ND1-1;PROJ_POP_2050_COM;2023;28491;NBR;;;;;ANSD
SN1:DF_PROJ_POP_2050_COM(1.0);A10;SN-KL-ND1-1;PROJ_POP_2050_COM;2024;28888;NBR;;;;;ANSD
SN1:DF_PROJ_POP_2050_COM(1.0);A10;SN-KL-ND1-1;PROJ_POP_2050_COM;2025;29731;NBR;;;;;ANSD
SN1:DF_PROJ_POP_2050_COM(1.0);A10;SN-KL-ND1-1;PROJ_POP_2050_COM;2026;30607;NBR;;;;;ANSD
SN1:DF_PROJ_POP_2050_COM(1.0);A10;SN-KL-ND1-1;PROJ_POP_2050_COM;2027;31516;NBR;;;;;ANSD
SN1:DF_PROJ_POP_2050_COM(1.0);A10;SN-KL-ND1-1;PROJ_POP_2050_COM;2028;32459;NBR;;;;;ANSD
SN1:DF_PROJ_POP_2050_COM(1.0);A10;SN-KL-ND1-1;PROJ_POP_2050_COM;2029;33436;NBR;;;;;ANSD
SN1:DF_PROJ_POP_2050_COM(1.0);A10;SN-KL-ND1-1;PROJ_POP_2050_COM;2030;34446;NBR;;;;;ANSD
SN1:DF_PROJ_POP_2050_COM(1.0);A10;SN-KL-ND2-1;PROJ_POP_2050_COM;2023;34206;NBR;;;;;ANSD
SN1:DF_PROJ_POP_2050_COM(1.0);A10;SN-KL-ND2-1;PROJ_POP_2050_COM;2024;35454;NBR;;;;;ANSD
SN1:DF_PROJ_POP_2050_COM(1.0);A10;SN-KL-ND2-1;PROJ_POP_2050_COM;2025;36489;NBR;;;;;ANSD
SN1:DF_PROJ_POP_2050_COM(1.0);A10;SN-KL-ND2-1;PROJ_POP_2050_COM;2026;37564;NBR;;;;;ANSD
SN1:DF_PROJ_POP_2050_COM(1.0);A10;SN-KL-ND2-1;PROJ_POP_2050_COM;2027;38679;NBR;;;;;ANSD
SN1:DF_PROJ_POP_2050_COM(1.0);A10;SN-KL-ND2-1;PROJ_POP_2050_COM;2028;39837;NBR;;;;;ANSD
SN1:DF_PROJ_POP_2050_COM(1.0);A10;SN-KL-ND2-1;PROJ_POP_2050_COM;2029;41035;NBR;;;;;ANSD
SN1:DF_PROJ_POP_2050_COM(1.0);A10;SN-KL-ND2-1;PROJ_POP_2050_COM;2030;42275;NBR;;;;;ANSD
SN1:DF_PROJ_POP_2050_COM(1.0);A10;SN-KL-ND2-2;PROJ_POP_2050_COM;2023;66096;NBR;;;;;ANSD
SN1:DF_PROJ_POP_2050_COM(1.0);A10;SN-KL-ND2-2;PROJ_POP_2050_COM;2024;67570;NBR;;;;;ANSD
SN1:DF_PROJ_POP_2050_COM(1.0);A10;SN-KL-ND2-2;PROJ_POP_2050_COM;2025;69542;NBR;;;;;ANSD
SN1:DF_PROJ_POP_2050_COM(1.0);A10;SN-KL-ND2-2;PROJ_POP_2050_COM;2026;71590;NBR;;;;;ANSD
SN1:DF_PROJ_POP_2050_COM(1.0);A10;SN-KL-ND2-2;PROJ_POP_2050_COM;2027;73717;NBR;;;;;ANSD
SN1:DF_PROJ_POP_2050_COM(1.0);A10;SN-KL-ND2-2;PROJ_POP_2050_COM;2028;75923;NBR;;;;;ANSD
SN1:DF_PROJ_POP_2050_COM(1.0);A10;SN-KL-ND2-2;PROJ_POP_2050_COM;2029;78207;NBR;;;;;ANSD
SN1:DF_PROJ_POP_2050_COM(1.0);A10;SN-KL-ND2-2;PROJ_POP_2050_COM;2030;80570;NBR;;;;;ANSD
SN1:DF_PROJ_POP_2050_COM(1.0);A10;SN-KL-ND2-3;PROJ_POP_2050_COM;2023;35730;NBR;;;;;ANSD
SN1:DF_PROJ_POP_2050_COM(1.0);A10;SN-KL-ND2-3;PROJ_POP_2050_COM;2024;35008;NBR;;;;;ANSD
SN1:DF_PROJ_POP_2050_COM(1.0);A10;SN-KL-ND2-3;PROJ_POP_2050_COM;2025;36029;NBR;;;;;ANSD
SN1:DF_PROJ_POP_2050_COM(1.0);A10;SN-KL-ND2-3;PROJ_POP_2050_COM;2026;37091;NBR;;;;;ANSD
SN1:DF_PROJ_POP_2050_COM(1.0);A10;SN-KL-ND2-3;PROJ_POP_2050_COM;2027;38193;NBR;;;;;ANSD
SN1:DF_PROJ_POP_2050_COM(1.0);A10;SN-KL-ND2-3;PROJ_POP_2050_COM;2028;39335;NBR;;;;;ANSD
SN1:DF_PROJ_POP_2050_COM(1.0);A10;SN-KL-ND2-3;PROJ_POP_2050_COM;2029;40519;NBR;;;;;ANSD
SN1:DF_PROJ_POP_2050_COM(1.0);A10;SN-KL-ND2-3;PROJ_POP_2050_COM;2030;41743;NBR;;;;;ANSD
SN1:DF_PROJ_POP_2050_COM(1.0);A10;SN-KL-ND3-1;PROJ_POP_2050_COM;2023;41022;NBR;;;;;ANSD
SN1:DF_PROJ_POP_2050_COM(1.0);A10;SN-KL-ND3-1;PROJ_POP_2050_COM;2024;43610;NBR;;;;;ANSD
SN1:DF_PROJ_POP_2050_COM(1.0);A10;SN-KL-ND3-1;PROJ_POP_2050_COM;2025;44882;NBR;;;;;ANSD
SN1:DF_PROJ_POP_2050_COM(1.0);A10;SN-KL-ND3-1;PROJ_POP_2050_COM;2026;46204;NBR;;;;;ANSD
SN1:DF_PROJ_POP_2050_COM(1.0);A10;SN-KL-ND3-1;PROJ_POP_2050_COM;2027;47577;NBR;;;;;ANSD
SN1:DF_PROJ_POP_2050_COM(1.0);A10;SN-KL-ND3-1;PROJ_POP_2050_COM;2028;49000;NBR;;;;;ANSD
SN1:DF_PROJ_POP_2050_COM(1.0);A10;SN-KL-ND3-1;PROJ_POP_2050_COM;2029;50475;NBR;;;;;ANSD
SN1:DF_PROJ_POP_2050_COM(1.0);A10;SN-KL-ND3-1;PROJ_POP_2050_COM;2030;52000;NBR;;;;;ANSD
SN1:DF_PROJ_POP_2050_COM(1.0);A10;SN-KL-ND3-2;PROJ_POP_2050_COM;2023;24988;NBR;;;;;ANSD
SN1:DF_PROJ_POP_2050_COM(1.0);A10;SN-KL-ND3-2;PROJ_POP_2050_COM;2024;25336;NBR;;;;;ANSD
SN1:DF_PROJ_POP_2050_COM(1.0);A10;SN-KL-ND3-2;PROJ_POP_2050_COM;2025;26076;NBR;;;;;ANSD
SN1:DF_PROJ_POP_2050_COM(1.0);A10;SN-KL-ND3-2;PROJ_POP_2050_COM;2026;26844;NBR;;;;;ANSD
SN1:DF_PROJ_POP_2050_COM(1.0);A10;SN-KL-ND3-2;PROJ_POP_2050_COM;2027;27641;NBR;;;;;ANSD
SN1:DF_PROJ_POP_2050_COM(1.0);A10;SN-KL-ND3-2;PROJ_POP_2050_COM;2028;28468;NBR;;;;;ANSD
SN1:DF_PROJ_POP_2050_COM(1.0);A10;SN-KL-ND3-2;PROJ_POP_2050_COM;2029;29325;NBR;;;;;ANSD
SN1:DF_PROJ_POP_2050_COM(1.0);A10;SN-KL-ND3-2;PROJ_POP_2050_COM;2030;30211;NBR;;;;;ANSD
SN1:DF_PROJ_POP_2050_COM(1.0);A10;SN-KL-ND3-3;PROJ_POP_2050_COM;2023;46806;NBR;;;;;ANSD
SN1:DF_PROJ_POP_2050_COM(1.0);A10;SN-KL-ND3-3;PROJ_POP_2050_COM;2024;47985;NBR;;;;;ANSD
SN1:DF_PROJ_POP_2050_COM(1.0);A10;SN-KL-ND3-3;PROJ_POP_2050_COM;2025;49385;NBR;;;;;ANSD
SN1:DF_PROJ_POP_2050_COM(1.0);A10;SN-KL-ND3-3;PROJ_POP_2050_COM;2026;50840;NBR;;;;;ANSD
SN1:DF_PROJ_POP_2050_COM(1.0);A10;SN-KL-ND3-3;PROJ_POP_2050_COM;2027;52350;NBR;;;;;ANSD
SN1:DF_PROJ_POP_2050_COM(1.0);A10;SN-KL-ND3-3;PROJ_POP_2050_COM;2028;53916;NBR;;;;;ANSD
SN1:DF_PROJ_POP_2050_COM(1.0);A10;SN-KL-ND3-3;PROJ_POP_2050_COM;2029;55539;NBR;;;;;ANSD
SN1:DF_PROJ_POP_2050_COM(1.0);A10;SN-KL-ND3-3;PROJ_POP_2050_COM;2030;57217;NBR;;;;;ANSD
SN1:DF_PROJ_POP_2050_COM(1.0);A10;SN-KL-ND3-4;PROJ_POP_2050_COM;2023;38034;NBR;;;;;ANSD
SN1:DF_PROJ_POP_2050_COM(1.0);A10;SN-KL-ND3-4;PROJ_POP_2050_COM;2024;39206;NBR;;;;;ANSD
SN1:DF_PROJ_POP_2050_COM(1.0);A10;SN-KL-ND3-4;PROJ_POP_2050_COM;2025;40350;NBR;;;;;ANSD
SN1:DF_PROJ_POP_2050_COM(1.0);A10;SN-KL-ND3-4;PROJ_POP_2050_COM;2026;41538;NBR;;;;;ANSD
SN1:DF_PROJ_POP_2050_COM(1.0);A10;SN-KL-ND3-4;PROJ_POP_2050_COM;2027;42772;NBR;;;;;ANSD
SN1:DF_PROJ_POP_2050_COM(1.0);A10;SN-KL-ND3-4;PROJ_POP_2050_COM;2028;44052;NBR;;;;;ANSD
SN1:DF_PROJ_POP_2050_COM(1.0);A10;SN-KL-ND3-4;PROJ_POP_2050_COM;2029;45378;NBR;;;;;ANSD
SN1:DF_PROJ_POP_2050_COM(1.0);A10;SN-KL-ND3-4;PROJ_POP_2050_COM;2030;46749;NBR;;;;;ANSD
SN1:DF_PROJ_POP_2050_COM(1.0);A10;SN-KL-ND3-5;PROJ_POP_2050_COM;2023;15254;NBR;;;;;ANSD
SN1:DF_PROJ_POP_2050_COM(1.0);A10;SN-KL-ND3-5;PROJ_POP_2050_COM;2024;16561;NBR;;;;;ANSD
SN1:DF_PROJ_POP_2050_COM(1.0);A10;SN-KL-ND3-5;PROJ_POP_2050_COM;2025;17045;NBR;;;;;ANSD
SN1:DF_PROJ_POP_2050_COM(1.0);A10;SN-KL-ND3-5;PROJ_POP_2050_COM;2026;17547;NBR;;;;;ANSD
SN1:DF_PROJ_POP_2050_COM(1.0);A10;SN-KL-ND3-5;PROJ_POP_2050_COM;2027;18068;NBR;;;;;ANSD
SN1:DF_PROJ_POP_2050_COM(1.0);A10;SN-KL-ND3-5;PROJ_POP_2050_COM;2028;18609;NBR;;;;;ANSD
SN1:DF_PROJ_POP_2050_COM(1.0);A10;SN-KL-ND3-5;PROJ_POP_2050_COM;2029;19169;NBR;;;;;ANSD
SN1:DF_PROJ_POP_2050_COM(1.0);A10;SN-KL-ND3-5;PROJ_POP_2050_COM;2030;19748;NBR;;;;;ANSD
SN1:DF_PROJ_POP_2050_COM(1.0);A10;SN-KL-ND3-6;PROJ_POP_2050_COM;2023;36161;NBR;;;;;ANSD
SN1:DF_PROJ_POP_2050_COM(1.0);A10;SN-KL-ND3-6;PROJ_POP_2050_COM;2024;36381;NBR;;;;;ANSD
SN1:DF_PROJ_POP_2050_COM(1.0);A10;SN-KL-ND3-6;PROJ_POP_2050_COM;2025;37443;NBR;;;;;ANSD
SN1:DF_PROJ_POP_2050_COM(1.0);A10;SN-KL-ND3-6;PROJ_POP_2050_COM;2026;38546;NBR;;;;;ANSD
SN1:DF_PROJ_POP_2050_COM(1.0);A10;SN-KL-ND3-6;PROJ_POP_2050_COM;2027;39691;NBR;;;;;ANSD
SN1:DF_PROJ_POP_2050_COM(1.0);A10;SN-KL-ND3-6;PROJ_POP_2050_COM;2028;40879;NBR;;;;;ANSD
SN1:DF_PROJ_POP_2050_COM(1.0);A10;SN-KL-ND3-6;PROJ_POP_2050_COM;2029;42109;NBR;;;;;ANSD
SN1:DF_PROJ_POP_2050_COM(1.0);A10;SN-KL-ND3-6;PROJ_POP_2050_COM;2030;43381;NBR;;;;;ANSD
SN1:DF_PROJ_POP_2050_COM(1.0);A10;SN-KL-ND4-1;PROJ_POP_2050_COM;2023;36782;NBR;;;;;ANSD
SN1:DF_PROJ_POP_2050_COM(1.0);A10;SN-KL-ND4-1;PROJ_POP_2050_COM;2024;38739;NBR;;;;;ANSD
SN1:DF_PROJ_POP_2050_COM(1.0);A10;SN-KL-ND4-1;PROJ_POP_2050_COM;2025;39869;NBR;;;;;ANSD
SN1:DF_PROJ_POP_2050_COM(1.0);A10;SN-KL-ND4-1;PROJ_POP_2050_COM;2026;41044;NBR;;;;;ANSD
SN1:DF_PROJ_POP_2050_COM(1.0);A10;SN-KL-ND4-1;PROJ_POP_2050_COM;2027;42263;NBR;;;;;ANSD
SN1:DF_PROJ_POP_2050_COM(1.0);A10;SN-KL-ND4-1;PROJ_POP_2050_COM;2028;43528;NBR;;;;;ANSD
SN1:DF_PROJ_POP_2050_COM(1.0);A10;SN-KL-ND4-1;PROJ_POP_2050_COM;2029;44838;NBR;;;;;ANSD
SN1:DF_PROJ_POP_2050_COM(1.0);A10;SN-KL-ND4-1;PROJ_POP_2050_COM;2030;46192;NBR;;;;;ANSD
SN1:DF_PROJ_POP_2050_COM(1.0);A10;SN-KL-ND4-2;PROJ_POP_2050_COM;2023;30098;NBR;;;;;ANSD
SN1:DF_PROJ_POP_2050_COM(1.0);A10;SN-KL-ND4-2;PROJ_POP_2050_COM;2024;30948;NBR;;;;;ANSD
SN1:DF_PROJ_POP_2050_COM(1.0);A10;SN-KL-ND4-2;PROJ_POP_2050_COM;2025;31852;NBR;;;;;ANSD
SN1:DF_PROJ_POP_2050_COM(1.0);A10;SN-KL-ND4-2;PROJ_POP_2050_COM;2026;32790;NBR;;;;;ANSD
SN1:DF_PROJ_POP_2050_COM(1.0);A10;SN-KL-ND4-2;PROJ_POP_2050_COM;2027;33764;NBR;;;;;ANSD
SN1:DF_PROJ_POP_2050_COM(1.0);A10;SN-KL-ND4-2;PROJ_POP_2050_COM;2028;34774;NBR;;;;;ANSD
SN1:DF_PROJ_POP_2050_COM(1.0);A10;SN-KL-ND4-2;PROJ_POP_2050_COM;2029;35820;NBR;;;;;ANSD
SN1:DF_PROJ_POP_2050_COM(1.0);A10;SN-KL-ND4-2;PROJ_POP_2050_COM;2030;36903;NBR;;;;;ANSD
SN1:DF_PROJ_POP_2050_COM(1.0);A10;SN-KL-ND4-3;PROJ_POP_2050_COM;2023;48901;NBR;;;;;ANSD
SN1:DF_PROJ_POP_2050_COM(1.0);A10;SN-KL-ND4-3;PROJ_POP_2050_COM;2024;50899;NBR;;;;;ANSD
SN1:DF_PROJ_POP_2050_COM(1.0);A10;SN-KL-ND4-3;PROJ_POP_2050_COM;2025;52384;NBR;;;;;ANSD
SN1:DF_PROJ_POP_2050_COM(1.0);A10;SN-KL-ND4-3;PROJ_POP_2050_COM;2026;53927;NBR;;;;;ANSD
SN1:DF_PROJ_POP_2050_COM(1.0);A10;SN-KL-ND4-3;PROJ_POP_2050_COM;2027;55529;NBR;;;;;ANSD
SN1:DF_PROJ_POP_2050_COM(1.0);A10;SN-KL-ND4-3;PROJ_POP_2050_COM;2028;57191;NBR;;;;;ANSD
SN1:DF_PROJ_POP_2050_COM(1.0);A10;SN-KL-ND4-3;PROJ_POP_2050_COM;2029;58911;NBR;;;;;ANSD
SN1:DF_PROJ_POP_2050_COM(1.0);A10;SN-KL-ND4-3;PROJ_POP_2050_COM;2030;60691;NBR;;;;;ANSD
SN1:DF_PROJ_POP_2050_COM(1.0);A10;SN-KL-ND4-4;PROJ_POP_2050_COM;2023;13488;NBR;;;;;ANSD
SN1:DF_PROJ_POP_2050_COM(1.0);A10;SN-KL-ND4-4;PROJ_POP_2050_COM;2024;13812;NBR;;;;;ANSD
SN1:DF_PROJ_POP_2050_COM(1.0);A10;SN-KL-ND4-4;PROJ_POP_2050_COM;2025;14215;NBR;;;;;ANSD
SN1:DF_PROJ_POP_2050_COM(1.0);A10;SN-KL-ND4-4;PROJ_POP_2050_COM;2026;14634;NBR;;;;;ANSD
SN1:DF_PROJ_POP_2050_COM(1.0);A10;SN-KL-ND4-4;PROJ_POP_2050_COM;2027;15069;NBR;;;;;ANSD
SN1:DF_PROJ_POP_2050_COM(1.0);A10;SN-KL-ND4-4;PROJ_POP_2050_COM;2028;15520;NBR;;;;;ANSD
SN1:DF_PROJ_POP_2050_COM(1.0);A10;SN-KL-ND4-4;PROJ_POP_2050_COM;2029;15987;NBR;;;;;ANSD
SN1:DF_PROJ_POP_2050_COM(1.0);A10;SN-KL-ND4-4;PROJ_POP_2050_COM;2030;16470;NBR;;;;;ANSD
SN1:DF_PROJ_POP_2050_COM(1.0);A10;SN-KL-ND4-5;PROJ_POP_2050_COM;2023;16551;NBR;;;;;ANSD
SN1:DF_PROJ_POP_2050_COM(1.0);A10;SN-KL-ND4-5;PROJ_POP_2050_COM;2024;16590;NBR;;;;;ANSD
SN1:DF_PROJ_POP_2050_COM(1.0);A10;SN-KL-ND4-5;PROJ_POP_2050_COM;2025;17074;NBR;;;;;ANSD
SN1:DF_PROJ_POP_2050_COM(1.0);A10;SN-KL-ND4-5;PROJ_POP_2050_COM;2026;17577;NBR;;;;;ANSD
SN1:DF_PROJ_POP_2050_COM(1.0);A10;SN-KL-ND4-5;PROJ_POP_2050_COM;2027;18099;NBR;;;;;ANSD
SN1:DF_PROJ_POP_2050_COM(1.0);A10;SN-KL-ND4-5;PROJ_POP_2050_COM;2028;18641;NBR;;;;;ANSD
SN1:DF_PROJ_POP_2050_COM(1.0);A10;SN-KL-ND4-5;PROJ_POP_2050_COM;2029;19202;NBR;;;;;ANSD
SN1:DF_PROJ_POP_2050_COM(1.0);A10;SN-KL-ND4-5;PROJ_POP_2050_COM;2030;19782;NBR;;;;;ANSD
SN1:DF_PROJ_POP_2050_COM(1.0);A10;SN-LG-KE1-1;PROJ_POP_2050_COM;2023;27305;NBR;;;;;ANSD
SN1:DF_PROJ_POP_2050_COM(1.0);A10;SN-LG-KE1-1;PROJ_POP_2050_COM;2024;27383;NBR;;;;;ANSD
SN1:DF_PROJ_POP_2050_COM(1.0);A10;SN-LG-KE1-1;PROJ_POP_2050_COM;2025;28113;NBR;;;;;ANSD
SN1:DF_PROJ_POP_2050_COM(1.0);A10;SN-LG-KE1-1;PROJ_POP_2050_COM;2026;28869;NBR;;;;;ANSD
SN1:DF_PROJ_POP_2050_COM(1.0);A10;SN-LG-KE1-1;PROJ_POP_2050_COM;2027;29650;NBR;;;;;ANSD
SN1:DF_PROJ_POP_2050_COM(1.0);A10;SN-LG-KE1-1;PROJ_POP_2050_COM;2028;30456;NBR;;;;;ANSD
SN1:DF_PROJ_POP_2050_COM(1.0);A10;SN-LG-KE1-1;PROJ_POP_2050_COM;2029;31288;NBR;;;;;ANSD
SN1:DF_PROJ_POP_2050_COM(1.0);A10;SN-LG-KE1-1;PROJ_POP_2050_COM;2030;32144;NBR;;;;;ANSD
SN1:DF_PROJ_POP_2050_COM(1.0);A10;SN-LG-KE2-1;PROJ_POP_2050_COM;2023;14074;NBR;;;;;ANSD
SN1:DF_PROJ_POP_2050_COM(1.0);A10;SN-LG-KE2-1;PROJ_POP_2050_COM;2024;14823;NBR;;;;;ANSD
SN1:DF_PROJ_POP_2050_COM(1.0);A10;SN-LG-KE2-1;PROJ_POP_2050_COM;2025;15218;NBR;;;;;ANSD
SN1:DF_PROJ_POP_2050_COM(1.0);A10;SN-LG-KE2-1;PROJ_POP_2050_COM;2026;15627;NBR;;;;;ANSD
SN1:DF_PROJ_POP_2050_COM(1.0);A10;SN-LG-KE2-1;PROJ_POP_2050_COM;2027;16050;NBR;;;;;ANSD
SN1:DF_PROJ_POP_2050_COM(1.0);A10;SN-LG-KE2-1;PROJ_POP_2050_COM;2028;16486;NBR;;;;;ANSD
SN1:DF_PROJ_POP_2050_COM(1.0);A10;SN-LG-KE2-1;PROJ_POP_2050_COM;2029;16936;NBR;;;;;ANSD
SN1:DF_PROJ_POP_2050_COM(1.0);A10;SN-LG-KE2-1;PROJ_POP_2050_COM;2030;17400;NBR;;;;;ANSD
SN1:DF_PROJ_POP_2050_COM(1.0);A10;SN-LG-KE2-2;PROJ_POP_2050_COM;2023;52524;NBR;;;;;ANSD
SN1:DF_PROJ_POP_2050_COM(1.0);A10;SN-LG-KE2-2;PROJ_POP_2050_COM;2024;53012;NBR;;;;;ANSD
SN1:DF_PROJ_POP_2050_COM(1.0);A10;SN-LG-KE2-2;PROJ_POP_2050_COM;2025;54425;NBR;;;;;ANSD
SN1:DF_PROJ_POP_2050_COM(1.0);A10;SN-LG-KE2-2;PROJ_POP_2050_COM;2026;55888;NBR;;;;;ANSD
SN1:DF_PROJ_POP_2050_COM(1.0);A10;SN-LG-KE2-2;PROJ_POP_2050_COM;2027;57400;NBR;;;;;ANSD
SN1:DF_PROJ_POP_2050_COM(1.0);A10;SN-LG-KE2-2;PROJ_POP_2050_COM;2028;58961;NBR;;;;;ANSD
SN1:DF_PROJ_POP_2050_COM(1.0);A10;SN-LG-KE2-2;PROJ_POP_2050_COM;2029;60571;NBR;;;;;ANSD
SN1:DF_PROJ_POP_2050_COM(1.0);A10;SN-LG-KE2-2;PROJ_POP_2050_COM;2030;62229;NBR;;;;;ANSD
SN1:DF_PROJ_POP_2050_COM(1.0);A10;SN-LG-KE2-3;PROJ_POP_2050_COM;2023;10240;NBR;;;;;ANSD
SN1:DF_PROJ_POP_2050_COM(1.0);A10;SN-LG-KE2-3;PROJ_POP_2050_COM;2024;11435;NBR;;;;;ANSD
SN1:DF_PROJ_POP_2050_COM(1.0);A10;SN-LG-KE2-3;PROJ_POP_2050_COM;2025;11740;NBR;;;;;ANSD
SN1:DF_PROJ_POP_2050_COM(1.0);A10;SN-LG-KE2-3;PROJ_POP_2050_COM;2026;12056;NBR;;;;;ANSD
SN1:DF_PROJ_POP_2050_COM(1.0);A10;SN-LG-KE2-3;PROJ_POP_2050_COM;2027;12382;NBR;;;;;ANSD
SN1:DF_PROJ_POP_2050_COM(1.0);A10;SN-LG-KE2-3;PROJ_POP_2050_COM;2028;12719;NBR;;;;;ANSD
SN1:DF_PROJ_POP_2050_COM(1.0);A10;SN-LG-KE2-3;PROJ_POP_2050_COM;2029;13066;NBR;;;;;ANSD
SN1:DF_PROJ_POP_2050_COM(1.0);A10;SN-LG-KE2-3;PROJ_POP_2050_COM;2030;13423;NBR;;;;;ANSD
SN1:DF_PROJ_POP_2050_COM(1.0);A10;SN-LG-KE2-4;PROJ_POP_2050_COM;2023;6517;NBR;;;;;ANSD
SN1:DF_PROJ_POP_2050_COM(1.0);A10;SN-LG-KE2-4;PROJ_POP_2050_COM;2024;6535;NBR;;;;;ANSD
SN1:DF_PROJ_POP_2050_COM(1.0);A10;SN-LG-KE2-4;PROJ_POP_2050_COM;2025;6710;NBR;;;;;ANSD
SN1:DF_PROJ_POP_2050_COM(1.0);A10;SN-LG-KE2-4;PROJ_POP_2050_COM;2026;6890;NBR;;;;;ANSD
SN1:DF_PROJ_POP_2050_COM(1.0);A10;SN-LG-KE2-4;PROJ_POP_2050_COM;2027;7076;NBR;;;;;ANSD
SN1:DF_PROJ_POP_2050_COM(1.0);A10;SN-LG-KE2-4;PROJ_POP_2050_COM;2028;7269;NBR;;;;;ANSD
SN1:DF_PROJ_POP_2050_COM(1.0);A10;SN-LG-KE2-4;PROJ_POP_2050_COM;2029;7467;NBR;;;;;ANSD
SN1:DF_PROJ_POP_2050_COM(1.0);A10;SN-LG-KE2-4;PROJ_POP_2050_COM;2030;7672;NBR;;;;;ANSD
SN1:DF_PROJ_POP_2050_COM(1.0);A10;SN-LG-KE2-5;PROJ_POP_2050_COM;2023;12210;NBR;;;;;ANSD
SN1:DF_PROJ_POP_2050_COM(1.0);A10;SN-LG-KE2-5;PROJ_POP_2050_COM;2024;13060;NBR;;;;;ANSD
SN1:DF_PROJ_POP_2050_COM(1.0);A10;SN-LG-KE2-5;PROJ_POP_2050_COM;2025;13409;NBR;;;;;ANSD
SN1:DF_PROJ_POP_2050_COM(1.0);A10;SN-LG-KE2-5;PROJ_POP_2050_COM;2026;13769;NBR;;;;;ANSD
SN1:DF_PROJ_POP_2050_COM(1.0);A10;SN-LG-KE2-5;PROJ_POP_2050_COM;2027;14141;NBR;;;;;ANSD
SN1:DF_PROJ_POP_2050_COM(1.0);A10;SN-LG-KE2-5;PROJ_POP_2050_COM;2028;14526;NBR;;;;;ANSD
SN1:DF_PROJ_POP_2050_COM(1.0);A10;SN-LG-KE2-5;PROJ_POP_2050_COM;2029;14923;NBR;;;;;ANSD
SN1:DF_PROJ_POP_2050_COM(1.0);A10;SN-LG-KE2-5;PROJ_POP_2050_COM;2030;15331;NBR;;;;;ANSD
SN1:DF_PROJ_POP_2050_COM(1.0);A10;SN-LG-KE2-6;PROJ_POP_2050_COM;2023;9556;NBR;;;;;ANSD
SN1:DF_PROJ_POP_2050_COM(1.0);A10;SN-LG-KE2-6;PROJ_POP_2050_COM;2024;9951;NBR;;;;;ANSD
SN1:DF_PROJ_POP_2050_COM(1.0);A10;SN-LG-KE2-6;PROJ_POP_2050_COM;2025;10217;NBR;;;;;ANSD
SN1:DF_PROJ_POP_2050_COM(1.0);A10;SN-LG-KE2-6;PROJ_POP_2050_COM;2026;10491;NBR;;;;;ANSD
SN1:DF_PROJ_POP_2050_COM(1.0);A10;SN-LG-KE2-6;PROJ_POP_2050_COM;2027;10775;NBR;;;;;ANSD
SN1:DF_PROJ_POP_2050_COM(1.0);A10;SN-LG-KE2-6;PROJ_POP_2050_COM;2028;11068;NBR;;;;;ANSD
SN1:DF_PROJ_POP_2050_COM(1.0);A10;SN-LG-KE2-6;PROJ_POP_2050_COM;2029;11371;NBR;;;;;ANSD
SN1:DF_PROJ_POP_2050_COM(1.0);A10;SN-LG-KE2-6;PROJ_POP_2050_COM;2030;11682;NBR;;;;;ANSD
SN1:DF_PROJ_POP_2050_COM(1.0);A10;SN-LG-KE2-7;PROJ_POP_2050_COM;2023;6234;NBR;;;;;ANSD
SN1:DF_PROJ_POP_2050_COM(1.0);A10;SN-LG-KE2-7;PROJ_POP_2050_COM;2024;6584;NBR;;;;;ANSD
SN1:DF_PROJ_POP_2050_COM(1.0);A10;SN-LG-KE2-7;PROJ_POP_2050_COM;2025;6760;NBR;;;;;ANSD
SN1:DF_PROJ_POP_2050_COM(1.0);A10;SN-LG-KE2-7;PROJ_POP_2050_COM;2026;6942;NBR;;;;;ANSD
SN1:DF_PROJ_POP_2050_COM(1.0);A10;SN-LG-KE2-7;PROJ_POP_2050_COM;2027;7129;NBR;;;;;ANSD
SN1:DF_PROJ_POP_2050_COM(1.0);A10;SN-LG-KE2-7;PROJ_POP_2050_COM;2028;7323;NBR;;;;;ANSD
SN1:DF_PROJ_POP_2050_COM(1.0);A10;SN-LG-KE2-7;PROJ_POP_2050_COM;2029;7523;NBR;;;;;ANSD
SN1:DF_PROJ_POP_2050_COM(1.0);A10;SN-LG-KE2-7;PROJ_POP_2050_COM;2030;7729;NBR;;;;;ANSD
SN1:DF_PROJ_POP_2050_COM(1.0);A10;SN-LG-KE3-1;PROJ_POP_2050_COM;2023;19038;NBR;;;;;ANSD
SN1:DF_PROJ_POP_2050_COM(1.0);A10;SN-LG-KE3-1;PROJ_POP_2050_COM;2024;18161;NBR;;;;;ANSD
SN1:DF_PROJ_POP_2050_COM(1.0);A10;SN-LG-KE3-1;PROJ_POP_2050_COM;2025;18645;NBR;;;;;ANSD
SN1:DF_PROJ_POP_2050_COM(1.0);A10;SN-LG-KE3-1;PROJ_POP_2050_COM;2026;19146;NBR;;;;;ANSD
SN1:DF_PROJ_POP_2050_COM(1.0);A10;SN-LG-KE3-1;PROJ_POP_2050_COM;2027;19664;NBR;;;;;ANSD
SN1:DF_PROJ_POP_2050_COM(1.0);A10;SN-LG-KE3-1;PROJ_POP_2050_COM;2028;20199;NBR;;;;;ANSD
SN1:DF_PROJ_POP_2050_COM(1.0);A10;SN-LG-KE3-1;PROJ_POP_2050_COM;2029;20751;NBR;;;;;ANSD
SN1:DF_PROJ_POP_2050_COM(1.0);A10;SN-LG-KE3-1;PROJ_POP_2050_COM;2030;21319;NBR;;;;;ANSD
SN1:DF_PROJ_POP_2050_COM(1.0);A10;SN-LG-KE3-2;PROJ_POP_2050_COM;2023;21044;NBR;;;;;ANSD
SN1:DF_PROJ_POP_2050_COM(1.0);A10;SN-LG-KE3-2;PROJ_POP_2050_COM;2024;21702;NBR;;;;;ANSD
SN1:DF_PROJ_POP_2050_COM(1.0);A10;SN-LG-KE3-2;PROJ_POP_2050_COM;2025;22281;NBR;;;;;ANSD
SN1:DF_PROJ_POP_2050_COM(1.0);A10;SN-LG-KE3-2;PROJ_POP_2050_COM;2026;22880;NBR;;;;;ANSD
SN1:DF_PROJ_POP_2050_COM(1.0);A10;SN-LG-KE3-2;PROJ_POP_2050_COM;2027;23499;NBR;;;;;ANSD
SN1:DF_PROJ_POP_2050_COM(1.0);A10;SN-LG-KE3-2;PROJ_POP_2050_COM;2028;24138;NBR;;;;;ANSD
SN1:DF_PROJ_POP_2050_COM(1.0);A10;SN-LG-KE3-2;PROJ_POP_2050_COM;2029;24797;NBR;;;;;ANSD
SN1:DF_PROJ_POP_2050_COM(1.0);A10;SN-LG-KE3-2;PROJ_POP_2050_COM;2030;25476;NBR;;;;;ANSD
SN1:DF_PROJ_POP_2050_COM(1.0);A10;SN-LG-KE3-3;PROJ_POP_2050_COM;2023;14560;NBR;;;;;ANSD
SN1:DF_PROJ_POP_2050_COM(1.0);A10;SN-LG-KE3-3;PROJ_POP_2050_COM;2024;15827;NBR;;;;;ANSD
SN1:DF_PROJ_POP_2050_COM(1.0);A10;SN-LG-KE3-3;PROJ_POP_2050_COM;2025;16249;NBR;;;;;ANSD
SN1:DF_PROJ_POP_2050_COM(1.0);A10;SN-LG-KE3-3;PROJ_POP_2050_COM;2026;16686;NBR;;;;;ANSD
SN1:DF_PROJ_POP_2050_COM(1.0);A10;SN-LG-KE3-3;PROJ_POP_2050_COM;2027;17137;NBR;;;;;ANSD
SN1:DF_PROJ_POP_2050_COM(1.0);A10;SN-LG-KE3-3;PROJ_POP_2050_COM;2028;17603;NBR;;;;;ANSD
SN1:DF_PROJ_POP_2050_COM(1.0);A10;SN-LG-KE3-3;PROJ_POP_2050_COM;2029;18084;NBR;;;;;ANSD
SN1:DF_PROJ_POP_2050_COM(1.0);A10;SN-LG-KE3-3;PROJ_POP_2050_COM;2030;18579;NBR;;;;;ANSD
SN1:DF_PROJ_POP_2050_COM(1.0);A10;SN-LG-KE3-4;PROJ_POP_2050_COM;2023;32065;NBR;;;;;ANSD
SN1:DF_PROJ_POP_2050_COM(1.0);A10;SN-LG-KE3-4;PROJ_POP_2050_COM;2024;32289;NBR;;;;;ANSD
SN1:DF_PROJ_POP_2050_COM(1.0);A10;SN-LG-KE3-4;PROJ_POP_2050_COM;2025;33150;NBR;;;;;ANSD
SN1:DF_PROJ_POP_2050_COM(1.0);A10;SN-LG-KE3-4;PROJ_POP_2050_COM;2026;34041;NBR;;;;;ANSD
SN1:DF_PROJ_POP_2050_COM(1.0);A10;SN-LG-KE3-4;PROJ_POP_2050_COM;2027;34962;NBR;;;;;ANSD
SN1:DF_PROJ_POP_2050_COM(1.0);A10;SN-LG-KE3-4;PROJ_POP_2050_COM;2028;35913;NBR;;;;;ANSD
SN1:DF_PROJ_POP_2050_COM(1.0);A10;SN-LG-KE3-4;PROJ_POP_2050_COM;2029;36893;NBR;;;;;ANSD
SN1:DF_PROJ_POP_2050_COM(1.0);A10;SN-LG-KE3-4;PROJ_POP_2050_COM;2030;37903;NBR;;;;;ANSD
SN1:DF_PROJ_POP_2050_COM(1.0);A10;SN-LG-KE3-5;PROJ_POP_2050_COM;2023;23419;NBR;;;;;ANSD
SN1:DF_PROJ_POP_2050_COM(1.0);A10;SN-LG-KE3-5;PROJ_POP_2050_COM;2024;25332;NBR;;;;;ANSD
SN1:DF_PROJ_POP_2050_COM(1.0);A10;SN-LG-KE3-5;PROJ_POP_2050_COM;2025;26007;NBR;;;;;ANSD
SN1:DF_PROJ_POP_2050_COM(1.0);A10;SN-LG-KE3-5;PROJ_POP_2050_COM;2026;26706;NBR;;;;;ANSD
SN1:DF_PROJ_POP_2050_COM(1.0);A10;SN-LG-KE3-5;PROJ_POP_2050_COM;2027;27428;NBR;;;;;ANSD
SN1:DF_PROJ_POP_2050_COM(1.0);A10;SN-LG-KE3-5;PROJ_POP_2050_COM;2028;28174;NBR;;;;;ANSD
SN1:DF_PROJ_POP_2050_COM(1.0);A10;SN-LG-KE3-5;PROJ_POP_2050_COM;2029;28944;NBR;;;;;ANSD
SN1:DF_PROJ_POP_2050_COM(1.0);A10;SN-LG-KE3-5;PROJ_POP_2050_COM;2030;29736;NBR;;;;;ANSD
SN1:DF_PROJ_POP_2050_COM(1.0);A10;SN-LG-KE3-6;PROJ_POP_2050_COM;2023;10547;NBR;;;;;ANSD
SN1:DF_PROJ_POP_2050_COM(1.0);A10;SN-LG-KE3-6;PROJ_POP_2050_COM;2024;10312;NBR;;;;;ANSD
SN1:DF_PROJ_POP_2050_COM(1.0);A10;SN-LG-KE3-6;PROJ_POP_2050_COM;2025;10587;NBR;;;;;ANSD
SN1:DF_PROJ_POP_2050_COM(1.0);A10;SN-LG-KE3-6;PROJ_POP_2050_COM;2026;10872;NBR;;;;;ANSD
SN1:DF_PROJ_POP_2050_COM(1.0);A10;SN-LG-KE3-6;PROJ_POP_2050_COM;2027;11166;NBR;;;;;ANSD
SN1:DF_PROJ_POP_2050_COM(1.0);A10;SN-LG-KE3-6;PROJ_POP_2050_COM;2028;11469;NBR;;;;;ANSD
SN1:DF_PROJ_POP_2050_COM(1.0);A10;SN-LG-KE3-6;PROJ_POP_2050_COM;2029;11783;NBR;;;;;ANSD
SN1:DF_PROJ_POP_2050_COM(1.0);A10;SN-LG-KE3-6;PROJ_POP_2050_COM;2030;12105;NBR;;;;;ANSD
SN1:DF_PROJ_POP_2050_COM(1.0);A10;SN-LG-KE4-1;PROJ_POP_2050_COM;2023;11358;NBR;;;;;ANSD
SN1:DF_PROJ_POP_2050_COM(1.0);A10;SN-LG-KE4-1;PROJ_POP_2050_COM;2024;11677;NBR;;;;;ANSD
SN1:DF_PROJ_POP_2050_COM(1.0);A10;SN-LG-KE4-1;PROJ_POP_2050_COM;2025;11988;NBR;;;;;ANSD
SN1:DF_PROJ_POP_2050_COM(1.0);A10;SN-LG-KE4-1;PROJ_POP_2050_COM;2026;12311;NBR;;;;;ANSD
SN1:DF_PROJ_POP_2050_COM(1.0);A10;SN-LG-KE4-1;PROJ_POP_2050_COM;2027;12644;NBR;;;;;ANSD
SN1:DF_PROJ_POP_2050_COM(1.0);A10;SN-LG-KE4-1;PROJ_POP_2050_COM;2028;12987;NBR;;;;;ANSD
SN1:DF_PROJ_POP_2050_COM(1.0);A10;SN-LG-KE4-1;PROJ_POP_2050_COM;2029;13342;NBR;;;;;ANSD
SN1:DF_PROJ_POP_2050_COM(1.0);A10;SN-LG-KE4-1;PROJ_POP_2050_COM;2030;13707;NBR;;;;;ANSD
SN1:DF_PROJ_POP_2050_COM(1.0);A10;SN-LG-KE4-2;PROJ_POP_2050_COM;2023;9708;NBR;;;;;ANSD
SN1:DF_PROJ_POP_2050_COM(1.0);A10;SN-LG-KE4-2;PROJ_POP_2050_COM;2024;10175;NBR;;;;;ANSD
SN1:DF_PROJ_POP_2050_COM(1.0);A10;SN-LG-KE4-2;PROJ_POP_2050_COM;2025;10446;NBR;;;;;ANSD
SN1:DF_PROJ_POP_2050_COM(1.0);A10;SN-LG-KE4-2;PROJ_POP_2050_COM;2026;10727;NBR;;;;;ANSD
SN1:DF_PROJ_POP_2050_COM(1.0);A10;SN-LG-KE4-2;PROJ_POP_2050_COM;2027;11017;NBR;;;;;ANSD
SN1:DF_PROJ_POP_2050_COM(1.0);A10;SN-LG-KE4-2;PROJ_POP_2050_COM;2028;11317;NBR;;;;;ANSD
SN1:DF_PROJ_POP_2050_COM(1.0);A10;SN-LG-KE4-2;PROJ_POP_2050_COM;2029;11626;NBR;;;;;ANSD
SN1:DF_PROJ_POP_2050_COM(1.0);A10;SN-LG-KE4-2;PROJ_POP_2050_COM;2030;11944;NBR;;;;;ANSD
SN1:DF_PROJ_POP_2050_COM(1.0);A10;SN-LG-KE4-3;PROJ_POP_2050_COM;2023;18114;NBR;;;;;ANSD
SN1:DF_PROJ_POP_2050_COM(1.0);A10;SN-LG-KE4-3;PROJ_POP_2050_COM;2024;19128;NBR;;;;;ANSD
SN1:DF_PROJ_POP_2050_COM(1.0);A10;SN-LG-KE4-3;PROJ_POP_2050_COM;2025;19638;NBR;;;;;ANSD
SN1:DF_PROJ_POP_2050_COM(1.0);A10;SN-LG-KE4-3;PROJ_POP_2050_COM;2026;20166;NBR;;;;;ANSD
SN1:DF_PROJ_POP_2050_COM(1.0);A10;SN-LG-KE4-3;PROJ_POP_2050_COM;2027;20712;NBR;;;;;ANSD
SN1:DF_PROJ_POP_2050_COM(1.0);A10;SN-LG-KE4-3;PROJ_POP_2050_COM;2028;21275;NBR;;;;;ANSD
SN1:DF_PROJ_POP_2050_COM(1.0);A10;SN-LG-KE4-3;PROJ_POP_2050_COM;2029;21856;NBR;;;;;ANSD
SN1:DF_PROJ_POP_2050_COM(1.0);A10;SN-LG-KE4-3;PROJ_POP_2050_COM;2030;22454;NBR;;;;;ANSD
SN1:DF_PROJ_POP_2050_COM(1.0);A10;SN-LG-KE4-4;PROJ_POP_2050_COM;2023;25042;NBR;;;;;ANSD
SN1:DF_PROJ_POP_2050_COM(1.0);A10;SN-LG-KE4-4;PROJ_POP_2050_COM;2024;25924;NBR;;;;;ANSD
SN1:DF_PROJ_POP_2050_COM(1.0);A10;SN-LG-KE4-4;PROJ_POP_2050_COM;2025;26615;NBR;;;;;ANSD
SN1:DF_PROJ_POP_2050_COM(1.0);A10;SN-LG-KE4-4;PROJ_POP_2050_COM;2026;27330;NBR;;;;;ANSD
SN1:DF_PROJ_POP_2050_COM(1.0);A10;SN-LG-KE4-4;PROJ_POP_2050_COM;2027;28070;NBR;;;;;ANSD
SN1:DF_PROJ_POP_2050_COM(1.0);A10;SN-LG-KE4-4;PROJ_POP_2050_COM;2028;28833;NBR;;;;;ANSD
SN1:DF_PROJ_POP_2050_COM(1.0);A10;SN-LG-KE4-4;PROJ_POP_2050_COM;2029;29620;NBR;;;;;ANSD
SN1:DF_PROJ_POP_2050_COM(1.0);A10;SN-LG-KE4-4;PROJ_POP_2050_COM;2030;30431;NBR;;;;;ANSD
SN1:DF_PROJ_POP_2050_COM(1.0);A10;SN-LG-KE4-5;PROJ_POP_2050_COM;2023;12366;NBR;;;;;ANSD
SN1:DF_PROJ_POP_2050_COM(1.0);A10;SN-LG-KE4-5;PROJ_POP_2050_COM;2024;12763;NBR;;;;;ANSD
SN1:DF_PROJ_POP_2050_COM(1.0);A10;SN-LG-KE4-5;PROJ_POP_2050_COM;2025;13103;NBR;;;;;ANSD
SN1:DF_PROJ_POP_2050_COM(1.0);A10;SN-LG-KE4-5;PROJ_POP_2050_COM;2026;13456;NBR;;;;;ANSD
SN1:DF_PROJ_POP_2050_COM(1.0);A10;SN-LG-KE4-5;PROJ_POP_2050_COM;2027;13820;NBR;;;;;ANSD
SN1:DF_PROJ_POP_2050_COM(1.0);A10;SN-LG-KE4-5;PROJ_POP_2050_COM;2028;14195;NBR;;;;;ANSD
SN1:DF_PROJ_POP_2050_COM(1.0);A10;SN-LG-KE4-5;PROJ_POP_2050_COM;2029;14583;NBR;;;;;ANSD
SN1:DF_PROJ_POP_2050_COM(1.0);A10;SN-LG-KE4-5;PROJ_POP_2050_COM;2030;14982;NBR;;;;;ANSD
SN1:DF_PROJ_POP_2050_COM(1.0);A10;SN-LG-LD1-1;PROJ_POP_2050_COM;2023;113365;NBR;;;;;ANSD
SN1:DF_PROJ_POP_2050_COM(1.0);A10;SN-LG-LD1-1;PROJ_POP_2050_COM;2024;115750;NBR;;;;;ANSD
SN1:DF_PROJ_POP_2050_COM(1.0);A10;SN-LG-LD1-1;PROJ_POP_2050_COM;2025;118836;NBR;;;;;ANSD
SN1:DF_PROJ_POP_2050_COM(1.0);A10;SN-LG-LD1-1;PROJ_POP_2050_COM;2026;122029;NBR;;;;;ANSD
SN1:DF_PROJ_POP_2050_COM(1.0);A10;SN-LG-LD1-1;PROJ_POP_2050_COM;2027;125331;NBR;;;;;ANSD
SN1:DF_PROJ_POP_2050_COM(1.0);A10;SN-LG-LD1-1;PROJ_POP_2050_COM;2028;128740;NBR;;;;;ANSD
SN1:DF_PROJ_POP_2050_COM(1.0);A10;SN-LG-LD1-1;PROJ_POP_2050_COM;2029;132255;NBR;;;;;ANSD
SN1:DF_PROJ_POP_2050_COM(1.0);A10;SN-LG-LD1-1;PROJ_POP_2050_COM;2030;135875;NBR;;;;;ANSD
SN1:DF_PROJ_POP_2050_COM(1.0);A10;SN-LG-LD2-1;PROJ_POP_2050_COM;2023;29317;NBR;;;;;ANSD
SN1:DF_PROJ_POP_2050_COM(1.0);A10;SN-LG-LD2-1;PROJ_POP_2050_COM;2024;33371;NBR;;;;;ANSD
SN1:DF_PROJ_POP_2050_COM(1.0);A10;SN-LG-LD2-1;PROJ_POP_2050_COM;2025;34261;NBR;;;;;ANSD
SN1:DF_PROJ_POP_2050_COM(1.0);A10;SN-LG-LD2-1;PROJ_POP_2050_COM;2026;35182;NBR;;;;;ANSD
SN1:DF_PROJ_POP_2050_COM(1.0);A10;SN-LG-LD2-1;PROJ_POP_2050_COM;2027;36133;NBR;;;;;ANSD
SN1:DF_PROJ_POP_2050_COM(1.0);A10;SN-LG-LD2-1;PROJ_POP_2050_COM;2028;37116;NBR;;;;;ANSD
SN1:DF_PROJ_POP_2050_COM(1.0);A10;SN-LG-LD2-1;PROJ_POP_2050_COM;2029;38130;NBR;;;;;ANSD
SN1:DF_PROJ_POP_2050_COM(1.0);A10;SN-LG-LD2-1;PROJ_POP_2050_COM;2030;39173;NBR;;;;;ANSD
SN1:DF_PROJ_POP_2050_COM(1.0);A10;SN-LG-LD2-2;PROJ_POP_2050_COM;2023;6187;NBR;;;;;ANSD
SN1:DF_PROJ_POP_2050_COM(1.0);A10;SN-LG-LD2-2;PROJ_POP_2050_COM;2024;6011;NBR;;;;;ANSD
SN1:DF_PROJ_POP_2050_COM(1.0);A10;SN-LG-LD2-2;PROJ_POP_2050_COM;2025;6171;NBR;;;;;ANSD
SN1:DF_PROJ_POP_2050_COM(1.0);A10;SN-LG-LD2-2;PROJ_POP_2050_COM;2026;6337;NBR;;;;;ANSD
SN1:DF_PROJ_POP_2050_COM(1.0);A10;SN-LG-LD2-2;PROJ_POP_2050_COM;2027;6508;NBR;;;;;ANSD
SN1:DF_PROJ_POP_2050_COM(1.0);A10;SN-LG-LD2-2;PROJ_POP_2050_COM;2028;6685;NBR;;;;;ANSD
SN1:DF_PROJ_POP_2050_COM(1.0);A10;SN-LG-LD2-2;PROJ_POP_2050_COM;2029;6868;NBR;;;;;ANSD
SN1:DF_PROJ_POP_2050_COM(1.0);A10;SN-LG-LD2-2;PROJ_POP_2050_COM;2030;7056;NBR;;;;;ANSD
SN1:DF_PROJ_POP_2050_COM(1.0);A10;SN-LG-LD2-3;PROJ_POP_2050_COM;2023;19808;NBR;;;;;ANSD
SN1:DF_PROJ_POP_2050_COM(1.0);A10;SN-LG-LD2-3;PROJ_POP_2050_COM;2024;20137;NBR;;;;;ANSD
SN1:DF_PROJ_POP_2050_COM(1.0);A10;SN-LG-LD2-3;PROJ_POP_2050_COM;2025;20674;NBR;;;;;ANSD
SN1:DF_PROJ_POP_2050_COM(1.0);A10;SN-LG-LD2-3;PROJ_POP_2050_COM;2026;21229;NBR;;;;;ANSD
SN1:DF_PROJ_POP_2050_COM(1.0);A10;SN-LG-LD2-3;PROJ_POP_2050_COM;2027;21803;NBR;;;;;ANSD
SN1:DF_PROJ_POP_2050_COM(1.0);A10;SN-LG-LD2-3;PROJ_POP_2050_COM;2028;22396;NBR;;;;;ANSD
SN1:DF_PROJ_POP_2050_COM(1.0);A10;SN-LG-LD2-3;PROJ_POP_2050_COM;2029;23008;NBR;;;;;ANSD
SN1:DF_PROJ_POP_2050_COM(1.0);A10;SN-LG-LD2-3;PROJ_POP_2050_COM;2030;23638;NBR;;;;;ANSD
SN1:DF_PROJ_POP_2050_COM(1.0);A10;SN-LG-LD2-4;PROJ_POP_2050_COM;2023;11257;NBR;;;;;ANSD
SN1:DF_PROJ_POP_2050_COM(1.0);A10;SN-LG-LD2-4;PROJ_POP_2050_COM;2024;11904;NBR;;;;;ANSD
SN1:DF_PROJ_POP_2050_COM(1.0);A10;SN-LG-LD2-4;PROJ_POP_2050_COM;2025;12222;NBR;;;;;ANSD
SN1:DF_PROJ_POP_2050_COM(1.0);A10;SN-LG-LD2-4;PROJ_POP_2050_COM;2026;12550;NBR;;;;;ANSD
SN1:DF_PROJ_POP_2050_COM(1.0);A10;SN-LG-LD2-4;PROJ_POP_2050_COM;2027;12890;NBR;;;;;ANSD
SN1:DF_PROJ_POP_2050_COM(1.0);A10;SN-LG-LD2-4;PROJ_POP_2050_COM;2028;13240;NBR;;;;;ANSD
SN1:DF_PROJ_POP_2050_COM(1.0);A10;SN-LG-LD2-4;PROJ_POP_2050_COM;2029;13602;NBR;;;;;ANSD
SN1:DF_PROJ_POP_2050_COM(1.0);A10;SN-LG-LD2-4;PROJ_POP_2050_COM;2030;13974;NBR;;;;;ANSD
SN1:DF_PROJ_POP_2050_COM(1.0);A10;SN-LG-LD2-5;PROJ_POP_2050_COM;2023;10046;NBR;;;;;ANSD
SN1:DF_PROJ_POP_2050_COM(1.0);A10;SN-LG-LD2-5;PROJ_POP_2050_COM;2024;9769;NBR;;;;;ANSD
SN1:DF_PROJ_POP_2050_COM(1.0);A10;SN-LG-LD2-5;PROJ_POP_2050_COM;2025;10030;NBR;;;;;ANSD
SN1:DF_PROJ_POP_2050_COM(1.0);A10;SN-LG-LD2-5;PROJ_POP_2050_COM;2026;10299;NBR;;;;;ANSD
SN1:DF_PROJ_POP_2050_COM(1.0);A10;SN-LG-LD2-5;PROJ_POP_2050_COM;2027;10578;NBR;;;;;ANSD
SN1:DF_PROJ_POP_2050_COM(1.0);A10;SN-LG-LD2-5;PROJ_POP_2050_COM;2028;10865;NBR;;;;;ANSD
SN1:DF_PROJ_POP_2050_COM(1.0);A10;SN-LG-LD2-5;PROJ_POP_2050_COM;2029;11162;NBR;;;;;ANSD
SN1:DF_PROJ_POP_2050_COM(1.0);A10;SN-LG-LD2-5;PROJ_POP_2050_COM;2030;11468;NBR;;;;;ANSD
SN1:DF_PROJ_POP_2050_COM(1.0);A10;SN-LG-LD3-1;PROJ_POP_2050_COM;2023;17197;NBR;;;;;ANSD
SN1:DF_PROJ_POP_2050_COM(1.0);A10;SN-LG-LD3-1;PROJ_POP_2050_COM;2024;17083;NBR;;;;;ANSD
SN1:DF_PROJ_POP_2050_COM(1.0);A10;SN-LG-LD3-1;PROJ_POP_2050_COM;2025;17539;NBR;;;;;ANSD
SN1:DF_PROJ_POP_2050_COM(1.0);A10;SN-LG-LD3-1;PROJ_POP_2050_COM;2026;18010;NBR;;;;;ANSD
SN1:DF_PROJ_POP_2050_COM(1.0);A10;SN-LG-LD3-1;PROJ_POP_2050_COM;2027;18497;NBR;;;;;ANSD
SN1:DF_PROJ_POP_2050_COM(1.0);A10;SN-LG-LD3-1;PROJ_POP_2050_COM;2028;19000;NBR;;;;;ANSD
SN1:DF_PROJ_POP_2050_COM(1.0);A10;SN-LG-LD3-1;PROJ_POP_2050_COM;2029;19519;NBR;;;;;ANSD
SN1:DF_PROJ_POP_2050_COM(1.0);A10;SN-LG-LD3-1;PROJ_POP_2050_COM;2030;20053;NBR;;;;;ANSD
SN1:DF_PROJ_POP_2050_COM(1.0);A10;SN-LG-LD3-2;PROJ_POP_2050_COM;2023;40451;NBR;;;;;ANSD
SN1:DF_PROJ_POP_2050_COM(1.0);A10;SN-LG-LD3-2;PROJ_POP_2050_COM;2024;42509;NBR;;;;;ANSD
SN1:DF_PROJ_POP_2050_COM(1.0);A10;SN-LG-LD3-2;PROJ_POP_2050_COM;2025;43643;NBR;;;;;ANSD
SN1:DF_PROJ_POP_2050_COM(1.0);A10;SN-LG-LD3-2;PROJ_POP_2050_COM;2026;44815;NBR;;;;;ANSD
SN1:DF_PROJ_POP_2050_COM(1.0);A10;SN-LG-LD3-2;PROJ_POP_2050_COM;2027;46028;NBR;;;;;ANSD
SN1:DF_PROJ_POP_2050_COM(1.0);A10;SN-LG-LD3-2;PROJ_POP_2050_COM;2028;47280;NBR;;;;;ANSD
SN1:DF_PROJ_POP_2050_COM(1.0);A10;SN-LG-LD3-2;PROJ_POP_2050_COM;2029;48571;NBR;;;;;ANSD
SN1:DF_PROJ_POP_2050_COM(1.0);A10;SN-LG-LD3-2;PROJ_POP_2050_COM;2030;49900;NBR;;;;;ANSD
SN1:DF_PROJ_POP_2050_COM(1.0);A10;SN-LG-LD3-3;PROJ_POP_2050_COM;2023;34247;NBR;;;;;ANSD
SN1:DF_PROJ_POP_2050_COM(1.0);A10;SN-LG-LD3-3;PROJ_POP_2050_COM;2024;31359;NBR;;;;;ANSD
SN1:DF_PROJ_POP_2050_COM(1.0);A10;SN-LG-LD3-3;PROJ_POP_2050_COM;2025;32195;NBR;;;;;ANSD
SN1:DF_PROJ_POP_2050_COM(1.0);A10;SN-LG-LD3-3;PROJ_POP_2050_COM;2026;33060;NBR;;;;;ANSD
SN1:DF_PROJ_POP_2050_COM(1.0);A10;SN-LG-LD3-3;PROJ_POP_2050_COM;2027;33954;NBR;;;;;ANSD
SN1:DF_PROJ_POP_2050_COM(1.0);A10;SN-LG-LD3-3;PROJ_POP_2050_COM;2028;34878;NBR;;;;;ANSD
SN1:DF_PROJ_POP_2050_COM(1.0);A10;SN-LG-LD3-3;PROJ_POP_2050_COM;2029;35830;NBR;;;;;ANSD
SN1:DF_PROJ_POP_2050_COM(1.0);A10;SN-LG-LD3-3;PROJ_POP_2050_COM;2030;36811;NBR;;;;;ANSD
SN1:DF_PROJ_POP_2050_COM(1.0);A10;SN-LG-LD3-4;PROJ_POP_2050_COM;2023;13843;NBR;;;;;ANSD
SN1:DF_PROJ_POP_2050_COM(1.0);A10;SN-LG-LD3-4;PROJ_POP_2050_COM;2024;14355;NBR;;;;;ANSD
SN1:DF_PROJ_POP_2050_COM(1.0);A10;SN-LG-LD3-4;PROJ_POP_2050_COM;2025;14738;NBR;;;;;ANSD
SN1:DF_PROJ_POP_2050_COM(1.0);A10;SN-LG-LD3-4;PROJ_POP_2050_COM;2026;15134;NBR;;;;;ANSD
SN1:DF_PROJ_POP_2050_COM(1.0);A10;SN-LG-LD3-4;PROJ_POP_2050_COM;2027;15544;NBR;;;;;ANSD
SN1:DF_PROJ_POP_2050_COM(1.0);A10;SN-LG-LD3-4;PROJ_POP_2050_COM;2028;15967;NBR;;;;;ANSD
SN1:DF_PROJ_POP_2050_COM(1.0);A10;SN-LG-LD3-4;PROJ_POP_2050_COM;2029;16402;NBR;;;;;ANSD
SN1:DF_PROJ_POP_2050_COM(1.0);A10;SN-LG-LD3-4;PROJ_POP_2050_COM;2030;16851;NBR;;;;;ANSD
SN1:DF_PROJ_POP_2050_COM(1.0);A10;SN-LG-LD4-1;PROJ_POP_2050_COM;2023;13749;NBR;;;;;ANSD
SN1:DF_PROJ_POP_2050_COM(1.0);A10;SN-LG-LD4-1;PROJ_POP_2050_COM;2024;13942;NBR;;;;;ANSD
SN1:DF_PROJ_POP_2050_COM(1.0);A10;SN-LG-LD4-1;PROJ_POP_2050_COM;2025;14313;NBR;;;;;ANSD
SN1:DF_PROJ_POP_2050_COM(1.0);A10;SN-LG-LD4-1;PROJ_POP_2050_COM;2026;14698;NBR;;;;;ANSD
SN1:DF_PROJ_POP_2050_COM(1.0);A10;SN-LG-LD4-1;PROJ_POP_2050_COM;2027;15095;NBR;;;;;ANSD
SN1:DF_PROJ_POP_2050_COM(1.0);A10;SN-LG-LD4-1;PROJ_POP_2050_COM;2028;15506;NBR;;;;;ANSD
SN1:DF_PROJ_POP_2050_COM(1.0);A10;SN-LG-LD4-1;PROJ_POP_2050_COM;2029;15929;NBR;;;;;ANSD
SN1:DF_PROJ_POP_2050_COM(1.0);A10;SN-LG-LD4-1;PROJ_POP_2050_COM;2030;16366;NBR;;;;;ANSD
SN1:DF_PROJ_POP_2050_COM(1.0);A10;SN-LG-LD4-2;PROJ_POP_2050_COM;2023;14438;NBR;;;;;ANSD
SN1:DF_PROJ_POP_2050_COM(1.0);A10;SN-LG-LD4-2;PROJ_POP_2050_COM;2024;14886;NBR;;;;;ANSD
SN1:DF_PROJ_POP_2050_COM(1.0);A10;SN-LG-LD4-2;PROJ_POP_2050_COM;2025;15283;NBR;;;;;ANSD
SN1:DF_PROJ_POP_2050_COM(1.0);A10;SN-LG-LD4-2;PROJ_POP_2050_COM;2026;15694;NBR;;;;;ANSD
SN1:DF_PROJ_POP_2050_COM(1.0);A10;SN-LG-LD4-2;PROJ_POP_2050_COM;2027;16118;NBR;;;;;ANSD
SN1:DF_PROJ_POP_2050_COM(1.0);A10;SN-LG-LD4-2;PROJ_POP_2050_COM;2028;16557;NBR;;;;;ANSD
SN1:DF_PROJ_POP_2050_COM(1.0);A10;SN-LG-LD4-2;PROJ_POP_2050_COM;2029;17009;NBR;;;;;ANSD
SN1:DF_PROJ_POP_2050_COM(1.0);A10;SN-LG-LD4-2;PROJ_POP_2050_COM;2030;17475;NBR;;;;;ANSD
SN1:DF_PROJ_POP_2050_COM(1.0);A10;SN-LG-LD4-3;PROJ_POP_2050_COM;2023;32327;NBR;;;;;ANSD
SN1:DF_PROJ_POP_2050_COM(1.0);A10;SN-LG-LD4-3;PROJ_POP_2050_COM;2024;31496;NBR;;;;;ANSD
SN1:DF_PROJ_POP_2050_COM(1.0);A10;SN-LG-LD4-3;PROJ_POP_2050_COM;2025;32336;NBR;;;;;ANSD
SN1:DF_PROJ_POP_2050_COM(1.0);A10;SN-LG-LD4-3;PROJ_POP_2050_COM;2026;33205;NBR;;;;;ANSD
SN1:DF_PROJ_POP_2050_COM(1.0);A10;SN-LG-LD4-3;PROJ_POP_2050_COM;2027;34103;NBR;;;;;ANSD
SN1:DF_PROJ_POP_2050_COM(1.0);A10;SN-LG-LD4-3;PROJ_POP_2050_COM;2028;35031;NBR;;;;;ANSD
SN1:DF_PROJ_POP_2050_COM(1.0);A10;SN-LG-LD4-3;PROJ_POP_2050_COM;2029;35987;NBR;;;;;ANSD
SN1:DF_PROJ_POP_2050_COM(1.0);A10;SN-LG-LD4-3;PROJ_POP_2050_COM;2030;36972;NBR;;;;;ANSD
SN1:DF_PROJ_POP_2050_COM(1.0);A10;SN-LG-LD4-4;PROJ_POP_2050_COM;2023;21136;NBR;;;;;ANSD
SN1:DF_PROJ_POP_2050_COM(1.0);A10;SN-LG-LD4-4;PROJ_POP_2050_COM;2024;19423;NBR;;;;;ANSD
SN1:DF_PROJ_POP_2050_COM(1.0);A10;SN-LG-LD4-4;PROJ_POP_2050_COM;2025;19941;NBR;;;;;ANSD
SN1:DF_PROJ_POP_2050_COM(1.0);A10;SN-LG-LD4-4;PROJ_POP_2050_COM;2026;20477;NBR;;;;;ANSD
SN1:DF_PROJ_POP_2050_COM(1.0);A10;SN-LG-LD4-4;PROJ_POP_2050_COM;2027;21031;NBR;;;;;ANSD
SN1:DF_PROJ_POP_2050_COM(1.0);A10;SN-LG-LD4-4;PROJ_POP_2050_COM;2028;21603;NBR;;;;;ANSD
SN1:DF_PROJ_POP_2050_COM(1.0);A10;SN-LG-LD4-4;PROJ_POP_2050_COM;2029;22193;NBR;;;;;ANSD
SN1:DF_PROJ_POP_2050_COM(1.0);A10;SN-LG-LD4-4;PROJ_POP_2050_COM;2030;22801;NBR;;;;;ANSD
SN1:DF_PROJ_POP_2050_COM(1.0);A10;SN-LG-LD5-1;PROJ_POP_2050_COM;2023;46268;NBR;;;;;ANSD
SN1:DF_PROJ_POP_2050_COM(1.0);A10;SN-LG-LD5-1;PROJ_POP_2050_COM;2024;48897;NBR;;;;;ANSD
SN1:DF_PROJ_POP_2050_COM(1.0);A10;SN-LG-LD5-1;PROJ_POP_2050_COM;2025;50201;NBR;;;;;ANSD
SN1:DF_PROJ_POP_2050_COM(1.0);A10;SN-LG-LD5-1;PROJ_POP_2050_COM;2026;51549;NBR;;;;;ANSD
SN1:DF_PROJ_POP_2050_COM(1.0);A10;SN-LG-LD5-1;PROJ_POP_2050_COM;2027;52944;NBR;;;;;ANSD
SN1:DF_PROJ_POP_2050_COM(1.0);A10;SN-LG-LD5-1;PROJ_POP_2050_COM;2028;54384;NBR;;;;;ANSD
SN1:DF_PROJ_POP_2050_COM(1.0);A10;SN-LG-LD5-1;PROJ_POP_2050_COM;2029;55869;NBR;;;;;ANSD
SN1:DF_PROJ_POP_2050_COM(1.0);A10;SN-LG-LD5-1;PROJ_POP_2050_COM;2030;57398;NBR;;;;;ANSD
SN1:DF_PROJ_POP_2050_COM(1.0);A10;SN-LG-LD5-2;PROJ_POP_2050_COM;2023;21660;NBR;;;;;ANSD
SN1:DF_PROJ_POP_2050_COM(1.0);A10;SN-LG-LD5-2;PROJ_POP_2050_COM;2024;22229;NBR;;;;;ANSD
SN1:DF_PROJ_POP_2050_COM(1.0);A10;SN-LG-LD5-2;PROJ_POP_2050_COM;2025;22822;NBR;;;;;ANSD
SN1:DF_PROJ_POP_2050_COM(1.0);A10;SN-LG-LD5-2;PROJ_POP_2050_COM;2026;23435;NBR;;;;;ANSD
SN1:DF_PROJ_POP_2050_COM(1.0);A10;SN-LG-LD5-2;PROJ_POP_2050_COM;2027;24069;NBR;;;;;ANSD
SN1:DF_PROJ_POP_2050_COM(1.0);A10;SN-LG-LD5-2;PROJ_POP_2050_COM;2028;24724;NBR;;;;;ANSD
SN1:DF_PROJ_POP_2050_COM(1.0);A10;SN-LG-LD5-2;PROJ_POP_2050_COM;2029;25399;NBR;;;;;ANSD
SN1:DF_PROJ_POP_2050_COM(1.0);A10;SN-LG-LD5-2;PROJ_POP_2050_COM;2030;26094;NBR;;;;;ANSD
SN1:DF_PROJ_POP_2050_COM(1.0);A10;SN-LG-LD5-3;PROJ_POP_2050_COM;2023;32469;NBR;;;;;ANSD
SN1:DF_PROJ_POP_2050_COM(1.0);A10;SN-LG-LD5-3;PROJ_POP_2050_COM;2024;32176;NBR;;;;;ANSD
SN1:DF_PROJ_POP_2050_COM(1.0);A10;SN-LG-LD5-3;PROJ_POP_2050_COM;2025;33034;NBR;;;;;ANSD
SN1:DF_PROJ_POP_2050_COM(1.0);A10;SN-LG-LD5-3;PROJ_POP_2050_COM;2026;33922;NBR;;;;;ANSD
SN1:DF_PROJ_POP_2050_COM(1.0);A10;SN-LG-LD5-3;PROJ_POP_2050_COM;2027;34840;NBR;;;;;ANSD
SN1:DF_PROJ_POP_2050_COM(1.0);A10;SN-LG-LD5-3;PROJ_POP_2050_COM;2028;35787;NBR;;;;;ANSD
SN1:DF_PROJ_POP_2050_COM(1.0);A10;SN-LG-LD5-3;PROJ_POP_2050_COM;2029;36765;NBR;;;;;ANSD
SN1:DF_PROJ_POP_2050_COM(1.0);A10;SN-LG-LD5-3;PROJ_POP_2050_COM;2030;37771;NBR;;;;;ANSD
SN1:DF_PROJ_POP_2050_COM(1.0);A10;SN-LG-LI1-1;PROJ_POP_2050_COM;2023;19191;NBR;;;;;ANSD
SN1:DF_PROJ_POP_2050_COM(1.0);A10;SN-LG-LI1-1;PROJ_POP_2050_COM;2024;20167;NBR;;;;;ANSD
SN1:DF_PROJ_POP_2050_COM(1.0);A10;SN-LG-LI1-1;PROJ_POP_2050_COM;2025;20705;NBR;;;;;ANSD
SN1:DF_PROJ_POP_2050_COM(1.0);A10;SN-LG-LI1-1;PROJ_POP_2050_COM;2026;21261;NBR;;;;;ANSD
SN1:DF_PROJ_POP_2050_COM(1.0);A10;SN-LG-LI1-1;PROJ_POP_2050_COM;2027;21837;NBR;;;;;ANSD
SN1:DF_PROJ_POP_2050_COM(1.0);A10;SN-LG-LI1-1;PROJ_POP_2050_COM;2028;22431;NBR;;;;;ANSD
SN1:DF_PROJ_POP_2050_COM(1.0);A10;SN-LG-LI1-1;PROJ_POP_2050_COM;2029;23043;NBR;;;;;ANSD
SN1:DF_PROJ_POP_2050_COM(1.0);A10;SN-LG-LI1-1;PROJ_POP_2050_COM;2030;23674;NBR;;;;;ANSD
SN1:DF_PROJ_POP_2050_COM(1.0);A10;SN-LG-LI2-1;PROJ_POP_2050_COM;2023;45530;NBR;;;;;ANSD
SN1:DF_PROJ_POP_2050_COM(1.0);A10;SN-LG-LI2-1;PROJ_POP_2050_COM;2024;47827;NBR;;;;;ANSD
SN1:DF_PROJ_POP_2050_COM(1.0);A10;SN-LG-LI2-1;PROJ_POP_2050_COM;2025;49102;NBR;;;;;ANSD
SN1:DF_PROJ_POP_2050_COM(1.0);A10;SN-LG-LI2-1;PROJ_POP_2050_COM;2026;50422;NBR;;;;;ANSD
SN1:DF_PROJ_POP_2050_COM(1.0);A10;SN-LG-LI2-1;PROJ_POP_2050_COM;2027;51786;NBR;;;;;ANSD
SN1:DF_PROJ_POP_2050_COM(1.0);A10;SN-LG-LI2-1;PROJ_POP_2050_COM;2028;53194;NBR;;;;;ANSD
SN1:DF_PROJ_POP_2050_COM(1.0);A10;SN-LG-LI2-1;PROJ_POP_2050_COM;2029;54647;NBR;;;;;ANSD
SN1:DF_PROJ_POP_2050_COM(1.0);A10;SN-LG-LI2-1;PROJ_POP_2050_COM;2030;56143;NBR;;;;;ANSD
SN1:DF_PROJ_POP_2050_COM(1.0);A10;SN-LG-LI3-1;PROJ_POP_2050_COM;2023;25122;NBR;;;;;ANSD
SN1:DF_PROJ_POP_2050_COM(1.0);A10;SN-LG-LI3-1;PROJ_POP_2050_COM;2024;26367;NBR;;;;;ANSD
SN1:DF_PROJ_POP_2050_COM(1.0);A10;SN-LG-LI3-1;PROJ_POP_2050_COM;2025;27070;NBR;;;;;ANSD
SN1:DF_PROJ_POP_2050_COM(1.0);A10;SN-LG-LI3-1;PROJ_POP_2050_COM;2026;27797;NBR;;;;;ANSD
SN1:DF_PROJ_POP_2050_COM(1.0);A10;SN-LG-LI3-1;PROJ_POP_2050_COM;2027;28549;NBR;;;;;ANSD
SN1:DF_PROJ_POP_2050_COM(1.0);A10;SN-LG-LI3-1;PROJ_POP_2050_COM;2028;29326;NBR;;;;;ANSD
SN1:DF_PROJ_POP_2050_COM(1.0);A10;SN-LG-LI3-1;PROJ_POP_2050_COM;2029;30126;NBR;;;;;ANSD
SN1:DF_PROJ_POP_2050_COM(1.0);A10;SN-LG-LI3-1;PROJ_POP_2050_COM;2030;30951;NBR;;;;;ANSD
SN1:DF_PROJ_POP_2050_COM(1.0);A10;SN-LG-LI3-2;PROJ_POP_2050_COM;2023;24141;NBR;;;;;ANSD
SN1:DF_PROJ_POP_2050_COM(1.0);A10;SN-LG-LI3-2;PROJ_POP_2050_COM;2024;26055;NBR;;;;;ANSD
SN1:DF_PROJ_POP_2050_COM(1.0);A10;SN-LG-LI3-2;PROJ_POP_2050_COM;2025;26750;NBR;;;;;ANSD
SN1:DF_PROJ_POP_2050_COM(1.0);A10;SN-LG-LI3-2;PROJ_POP_2050_COM;2026;27469;NBR;;;;;ANSD
SN1:DF_PROJ_POP_2050_COM(1.0);A10;SN-LG-LI3-2;PROJ_POP_2050_COM;2027;28212;NBR;;;;;ANSD
SN1:DF_PROJ_POP_2050_COM(1.0);A10;SN-LG-LI3-2;PROJ_POP_2050_COM;2028;28979;NBR;;;;;ANSD
SN1:DF_PROJ_POP_2050_COM(1.0);A10;SN-LG-LI3-2;PROJ_POP_2050_COM;2029;29770;NBR;;;;;ANSD
SN1:DF_PROJ_POP_2050_COM(1.0);A10;SN-LG-LI3-2;PROJ_POP_2050_COM;2030;30585;NBR;;;;;ANSD
SN1:DF_PROJ_POP_2050_COM(1.0);A10;SN-LG-LI3-3;PROJ_POP_2050_COM;2023;10893;NBR;;;;;ANSD
SN1:DF_PROJ_POP_2050_COM(1.0);A10;SN-LG-LI3-3;PROJ_POP_2050_COM;2024;11478;NBR;;;;;ANSD
SN1:DF_PROJ_POP_2050_COM(1.0);A10;SN-LG-LI3-3;PROJ_POP_2050_COM;2025;11784;NBR;;;;;ANSD
SN1:DF_PROJ_POP_2050_COM(1.0);A10;SN-LG-LI3-3;PROJ_POP_2050_COM;2026;12101;NBR;;;;;ANSD
SN1:DF_PROJ_POP_2050_COM(1.0);A10;SN-LG-LI3-3;PROJ_POP_2050_COM;2027;12428;NBR;;;;;ANSD
SN1:DF_PROJ_POP_2050_COM(1.0);A10;SN-LG-LI3-3;PROJ_POP_2050_COM;2028;12766;NBR;;;;;ANSD
SN1:DF_PROJ_POP_2050_COM(1.0);A10;SN-LG-LI3-3;PROJ_POP_2050_COM;2029;13115;NBR;;;;;ANSD
SN1:DF_PROJ_POP_2050_COM(1.0);A10;SN-LG-LI3-3;PROJ_POP_2050_COM;2030;13474;NBR;;;;;ANSD
SN1:DF_PROJ_POP_2050_COM(1.0);A10;SN-LG-LI3-4;PROJ_POP_2050_COM;2023;16934;NBR;;;;;ANSD
SN1:DF_PROJ_POP_2050_COM(1.0);A10;SN-LG-LI3-4;PROJ_POP_2050_COM;2024;17917;NBR;;;;;ANSD
SN1:DF_PROJ_POP_2050_COM(1.0);A10;SN-LG-LI3-4;PROJ_POP_2050_COM;2025;18395;NBR;;;;;ANSD
SN1:DF_PROJ_POP_2050_COM(1.0);A10;SN-LG-LI3-4;PROJ_POP_2050_COM;2026;18889;NBR;;;;;ANSD
SN1:DF_PROJ_POP_2050_COM(1.0);A10;SN-LG-LI3-4;PROJ_POP_2050_COM;2027;19400;NBR;;;;;ANSD
SN1:DF_PROJ_POP_2050_COM(1.0);A10;SN-LG-LI3-4;PROJ_POP_2050_COM;2028;19928;NBR;;;;;ANSD
SN1:DF_PROJ_POP_2050_COM(1.0);A10;SN-LG-LI3-4;PROJ_POP_2050_COM;2029;20472;NBR;;;;;ANSD
SN1:DF_PROJ_POP_2050_COM(1.0);A10;SN-LG-LI3-4;PROJ_POP_2050_COM;2030;21032;NBR;;;;;ANSD
SN1:DF_PROJ_POP_2050_COM(1.0);A10;SN-LG-LI4-1;PROJ_POP_2050_COM;2023;19091;NBR;;;;;ANSD
SN1:DF_PROJ_POP_2050_COM(1.0);A10;SN-LG-LI4-1;PROJ_POP_2050_COM;2024;19460;NBR;;;;;ANSD
SN1:DF_PROJ_POP_2050_COM(1.0);A10;SN-LG-LI4-1;PROJ_POP_2050_COM;2025;19979;NBR;;;;;ANSD
SN1:DF_PROJ_POP_2050_COM(1.0);A10;SN-LG-LI4-1;PROJ_POP_2050_COM;2026;20516;NBR;;;;;ANSD
SN1:DF_PROJ_POP_2050_COM(1.0);A10;SN-LG-LI4-1;PROJ_POP_2050_COM;2027;21071;NBR;;;;;ANSD
SN1:DF_PROJ_POP_2050_COM(1.0);A10;SN-LG-LI4-1;PROJ_POP_2050_COM;2028;21644;NBR;;;;;ANSD
SN1:DF_PROJ_POP_2050_COM(1.0);A10;SN-LG-LI4-1;PROJ_POP_2050_COM;2029;22235;NBR;;;;;ANSD
SN1:DF_PROJ_POP_2050_COM(1.0);A10;SN-LG-LI4-1;PROJ_POP_2050_COM;2030;22844;NBR;;;;;ANSD
SN1:DF_PROJ_POP_2050_COM(1.0);A10;SN-LG-LI4-2;PROJ_POP_2050_COM;2023;10547;NBR;;;;;ANSD
SN1:DF_PROJ_POP_2050_COM(1.0);A10;SN-LG-LI4-2;PROJ_POP_2050_COM;2024;10126;NBR;;;;;ANSD
SN1:DF_PROJ_POP_2050_COM(1.0);A10;SN-LG-LI4-2;PROJ_POP_2050_COM;2025;10396;NBR;;;;;ANSD
SN1:DF_PROJ_POP_2050_COM(1.0);A10;SN-LG-LI4-2;PROJ_POP_2050_COM;2026;10675;NBR;;;;;ANSD
SN1:DF_PROJ_POP_2050_COM(1.0);A10;SN-LG-LI4-2;PROJ_POP_2050_COM;2027;10964;NBR;;;;;ANSD
SN1:DF_PROJ_POP_2050_COM(1.0);A10;SN-LG-LI4-2;PROJ_POP_2050_COM;2028;11262;NBR;;;;;ANSD
SN1:DF_PROJ_POP_2050_COM(1.0);A10;SN-LG-LI4-2;PROJ_POP_2050_COM;2029;11570;NBR;;;;;ANSD
SN1:DF_PROJ_POP_2050_COM(1.0);A10;SN-LG-LI4-2;PROJ_POP_2050_COM;2030;11886;NBR;;;;;ANSD
SN1:DF_PROJ_POP_2050_COM(1.0);A10;SN-LG-LI4-3;PROJ_POP_2050_COM;2023;20861;NBR;;;;;ANSD
SN1:DF_PROJ_POP_2050_COM(1.0);A10;SN-LG-LI4-3;PROJ_POP_2050_COM;2024;21538;NBR;;;;;ANSD
SN1:DF_PROJ_POP_2050_COM(1.0);A10;SN-LG-LI4-3;PROJ_POP_2050_COM;2025;22113;NBR;;;;;ANSD
SN1:DF_PROJ_POP_2050_COM(1.0);A10;SN-LG-LI4-3;PROJ_POP_2050_COM;2026;22707;NBR;;;;;ANSD
SN1:DF_PROJ_POP_2050_COM(1.0);A10;SN-LG-LI4-3;PROJ_POP_2050_COM;2027;23321;NBR;;;;;ANSD
SN1:DF_PROJ_POP_2050_COM(1.0);A10;SN-LG-LI4-3;PROJ_POP_2050_COM;2028;23955;NBR;;;;;ANSD
SN1:DF_PROJ_POP_2050_COM(1.0);A10;SN-LG-LI4-3;PROJ_POP_2050_COM;2029;24610;NBR;;;;;ANSD
SN1:DF_PROJ_POP_2050_COM(1.0);A10;SN-LG-LI4-3;PROJ_POP_2050_COM;2030;25283;NBR;;;;;ANSD
SN1:DF_PROJ_POP_2050_COM(1.0);A10;SN-LG-LI5-1;PROJ_POP_2050_COM;2023;10962;NBR;;;;;ANSD
SN1:DF_PROJ_POP_2050_COM(1.0);A10;SN-LG-LI5-1;PROJ_POP_2050_COM;2024;10945;NBR;;;;;ANSD
SN1:DF_PROJ_POP_2050_COM(1.0);A10;SN-LG-LI5-1;PROJ_POP_2050_COM;2025;11237;NBR;;;;;ANSD
SN1:DF_PROJ_POP_2050_COM(1.0);A10;SN-LG-LI5-1;PROJ_POP_2050_COM;2026;11539;NBR;;;;;ANSD
SN1:DF_PROJ_POP_2050_COM(1.0);A10;SN-LG-LI5-1;PROJ_POP_2050_COM;2027;11851;NBR;;;;;ANSD
SN1:DF_PROJ_POP_2050_COM(1.0);A10;SN-LG-LI5-1;PROJ_POP_2050_COM;2028;12174;NBR;;;;;ANSD
SN1:DF_PROJ_POP_2050_COM(1.0);A10;SN-LG-LI5-1;PROJ_POP_2050_COM;2029;12506;NBR;;;;;ANSD
SN1:DF_PROJ_POP_2050_COM(1.0);A10;SN-LG-LI5-1;PROJ_POP_2050_COM;2030;12848;NBR;;;;;ANSD
SN1:DF_PROJ_POP_2050_COM(1.0);A10;SN-LG-LI5-2;PROJ_POP_2050_COM;2023;9420;NBR;;;;;ANSD
SN1:DF_PROJ_POP_2050_COM(1.0);A10;SN-LG-LI5-2;PROJ_POP_2050_COM;2024;9060;NBR;;;;;ANSD
SN1:DF_PROJ_POP_2050_COM(1.0);A10;SN-LG-LI5-2;PROJ_POP_2050_COM;2025;9302;NBR;;;;;ANSD
SN1:DF_PROJ_POP_2050_COM(1.0);A10;SN-LG-LI5-2;PROJ_POP_2050_COM;2026;9552;NBR;;;;;ANSD
SN1:DF_PROJ_POP_2050_COM(1.0);A10;SN-LG-LI5-2;PROJ_POP_2050_COM;2027;9810;NBR;;;;;ANSD
SN1:DF_PROJ_POP_2050_COM(1.0);A10;SN-LG-LI5-2;PROJ_POP_2050_COM;2028;10077;NBR;;;;;ANSD
SN1:DF_PROJ_POP_2050_COM(1.0);A10;SN-LG-LI5-2;PROJ_POP_2050_COM;2029;10352;NBR;;;;;ANSD
SN1:DF_PROJ_POP_2050_COM(1.0);A10;SN-LG-LI5-2;PROJ_POP_2050_COM;2030;10635;NBR;;;;;ANSD
SN1:DF_PROJ_POP_2050_COM(1.0);A10;SN-LG-LI5-3;PROJ_POP_2050_COM;2023;11691;NBR;;;;;ANSD
SN1:DF_PROJ_POP_2050_COM(1.0);A10;SN-LG-LI5-3;PROJ_POP_2050_COM;2024;11441;NBR;;;;;ANSD
SN1:DF_PROJ_POP_2050_COM(1.0);A10;SN-LG-LI5-3;PROJ_POP_2050_COM;2025;11746;NBR;;;;;ANSD
SN1:DF_PROJ_POP_2050_COM(1.0);A10;SN-LG-LI5-3;PROJ_POP_2050_COM;2026;12062;NBR;;;;;ANSD
SN1:DF_PROJ_POP_2050_COM(1.0);A10;SN-LG-LI5-3;PROJ_POP_2050_COM;2027;12388;NBR;;;;;ANSD
SN1:DF_PROJ_POP_2050_COM(1.0);A10;SN-LG-LI5-3;PROJ_POP_2050_COM;2028;12725;NBR;;;;;ANSD
SN1:DF_PROJ_POP_2050_COM(1.0);A10;SN-LG-LI5-3;PROJ_POP_2050_COM;2029;13073;NBR;;;;;ANSD
SN1:DF_PROJ_POP_2050_COM(1.0);A10;SN-LG-LI5-3;PROJ_POP_2050_COM;2030;13431;NBR;;;;;ANSD
SN1:DF_PROJ_POP_2050_COM(1.0);A10;SN-LG-LI5-4;PROJ_POP_2050_COM;2023;5795;NBR;;;;;ANSD
SN1:DF_PROJ_POP_2050_COM(1.0);A10;SN-LG-LI5-4;PROJ_POP_2050_COM;2024;5826;NBR;;;;;ANSD
SN1:DF_PROJ_POP_2050_COM(1.0);A10;SN-LG-LI5-4;PROJ_POP_2050_COM;2025;5982;NBR;;;;;ANSD
SN1:DF_PROJ_POP_2050_COM(1.0);A10;SN-LG-LI5-4;PROJ_POP_2050_COM;2026;6142;NBR;;;;;ANSD
SN1:DF_PROJ_POP_2050_COM(1.0);A10;SN-LG-LI5-4;PROJ_POP_2050_COM;2027;6308;NBR;;;;;ANSD
SN1:DF_PROJ_POP_2050_COM(1.0);A10;SN-LG-LI5-4;PROJ_POP_2050_COM;2028;6480;NBR;;;;;ANSD
SN1:DF_PROJ_POP_2050_COM(1.0);A10;SN-LG-LI5-4;PROJ_POP_2050_COM;2029;6657;NBR;;;;;ANSD
SN1:DF_PROJ_POP_2050_COM(1.0);A10;SN-LG-LI5-4;PROJ_POP_2050_COM;2030;6839;NBR;;;;;ANSD
SN1:DF_PROJ_POP_2050_COM(1.0);A10;SN-LG-LI5-5;PROJ_POP_2050_COM;2023;1968;NBR;;;;;ANSD
SN1:DF_PROJ_POP_2050_COM(1.0);A10;SN-LG-LI5-5;PROJ_POP_2050_COM;2024;1990;NBR;;;;;ANSD
SN1:DF_PROJ_POP_2050_COM(1.0);A10;SN-LG-LI5-5;PROJ_POP_2050_COM;2025;2043;NBR;;;;;ANSD
SN1:DF_PROJ_POP_2050_COM(1.0);A10;SN-LG-LI5-5;PROJ_POP_2050_COM;2026;2098;NBR;;;;;ANSD
SN1:DF_PROJ_POP_2050_COM(1.0);A10;SN-LG-LI5-5;PROJ_POP_2050_COM;2027;2155;NBR;;;;;ANSD
SN1:DF_PROJ_POP_2050_COM(1.0);A10;SN-LG-LI5-5;PROJ_POP_2050_COM;2028;2213;NBR;;;;;ANSD
SN1:DF_PROJ_POP_2050_COM(1.0);A10;SN-LG-LI5-5;PROJ_POP_2050_COM;2029;2274;NBR;;;;;ANSD
SN1:DF_PROJ_POP_2050_COM(1.0);A10;SN-LG-LI5-5;PROJ_POP_2050_COM;2030;2336;NBR;;;;;ANSD
SN1:DF_PROJ_POP_2050_COM(1.0);A10;SN-LG-LI6-1;PROJ_POP_2050_COM;2023;12430;NBR;;;;;ANSD
SN1:DF_PROJ_POP_2050_COM(1.0);A10;SN-LG-LI6-1;PROJ_POP_2050_COM;2024;12652;NBR;;;;;ANSD
SN1:DF_PROJ_POP_2050_COM(1.0);A10;SN-LG-LI6-1;PROJ_POP_2050_COM;2025;12990;NBR;;;;;ANSD
SN1:DF_PROJ_POP_2050_COM(1.0);A10;SN-LG-LI6-1;PROJ_POP_2050_COM;2026;13339;NBR;;;;;ANSD
SN1:DF_PROJ_POP_2050_COM(1.0);A10;SN-LG-LI6-1;PROJ_POP_2050_COM;2027;13700;NBR;;;;;ANSD
SN1:DF_PROJ_POP_2050_COM(1.0);A10;SN-LG-LI6-1;PROJ_POP_2050_COM;2028;14072;NBR;;;;;ANSD
SN1:DF_PROJ_POP_2050_COM(1.0);A10;SN-LG-LI6-1;PROJ_POP_2050_COM;2029;14457;NBR;;;;;ANSD
SN1:DF_PROJ_POP_2050_COM(1.0);A10;SN-LG-LI6-1;PROJ_POP_2050_COM;2030;14852;NBR;;;;;ANSD
SN1:DF_PROJ_POP_2050_COM(1.0);A10;SN-LG-LI6-2;PROJ_POP_2050_COM;2023;26745;NBR;;;;;ANSD
SN1:DF_PROJ_POP_2050_COM(1.0);A10;SN-LG-LI6-2;PROJ_POP_2050_COM;2024;29922;NBR;;;;;ANSD
SN1:DF_PROJ_POP_2050_COM(1.0);A10;SN-LG-LI6-2;PROJ_POP_2050_COM;2025;30720;NBR;;;;;ANSD
SN1:DF_PROJ_POP_2050_COM(1.0);A10;SN-LG-LI6-2;PROJ_POP_2050_COM;2026;31545;NBR;;;;;ANSD
SN1:DF_PROJ_POP_2050_COM(1.0);A10;SN-LG-LI6-2;PROJ_POP_2050_COM;2027;32399;NBR;;;;;ANSD
SN1:DF_PROJ_POP_2050_COM(1.0);A10;SN-LG-LI6-2;PROJ_POP_2050_COM;2028;33280;NBR;;;;;ANSD
SN1:DF_PROJ_POP_2050_COM(1.0);A10;SN-LG-LI6-2;PROJ_POP_2050_COM;2029;34189;NBR;;;;;ANSD
SN1:DF_PROJ_POP_2050_COM(1.0);A10;SN-LG-LI6-2;PROJ_POP_2050_COM;2030;35125;NBR;;;;;ANSD
SN1:DF_PROJ_POP_2050_COM(1.0);A10;SN-LG-LI6-3;PROJ_POP_2050_COM;2023;13971;NBR;;;;;ANSD
SN1:DF_PROJ_POP_2050_COM(1.0);A10;SN-LG-LI6-3;PROJ_POP_2050_COM;2024;14105;NBR;;;;;ANSD
SN1:DF_PROJ_POP_2050_COM(1.0);A10;SN-LG-LI6-3;PROJ_POP_2050_COM;2025;14482;NBR;;;;;ANSD
SN1:DF_PROJ_POP_2050_COM(1.0);A10;SN-LG-LI6-3;PROJ_POP_2050_COM;2026;14871;NBR;;;;;ANSD
SN1:DF_PROJ_POP_2050_COM(1.0);A10;SN-LG-LI6-3;PROJ_POP_2050_COM;2027;15273;NBR;;;;;ANSD
SN1:DF_PROJ_POP_2050_COM(1.0);A10;SN-LG-LI6-3;PROJ_POP_2050_COM;2028;15688;NBR;;;;;ANSD
SN1:DF_PROJ_POP_2050_COM(1.0);A10;SN-LG-LI6-3;PROJ_POP_2050_COM;2029;16117;NBR;;;;;ANSD
SN1:DF_PROJ_POP_2050_COM(1.0);A10;SN-LG-LI6-3;PROJ_POP_2050_COM;2030;16558;NBR;;;;;ANSD
SN1:DF_PROJ_POP_2050_COM(1.0);A10;SN-LG-LI6-4;PROJ_POP_2050_COM;2023;20136;NBR;;;;;ANSD
SN1:DF_PROJ_POP_2050_COM(1.0);A10;SN-LG-LI6-4;PROJ_POP_2050_COM;2024;20975;NBR;;;;;ANSD
SN1:DF_PROJ_POP_2050_COM(1.0);A10;SN-LG-LI6-4;PROJ_POP_2050_COM;2025;21534;NBR;;;;;ANSD
SN1:DF_PROJ_POP_2050_COM(1.0);A10;SN-LG-LI6-4;PROJ_POP_2050_COM;2026;22113;NBR;;;;;ANSD
SN1:DF_PROJ_POP_2050_COM(1.0);A10;SN-LG-LI6-4;PROJ_POP_2050_COM;2027;22711;NBR;;;;;ANSD
SN1:DF_PROJ_POP_2050_COM(1.0);A10;SN-LG-LI6-4;PROJ_POP_2050_COM;2028;23329;NBR;;;;;ANSD
SN1:DF_PROJ_POP_2050_COM(1.0);A10;SN-LG-LI6-4;PROJ_POP_2050_COM;2029;23966;NBR;;;;;ANSD
SN1:DF_PROJ_POP_2050_COM(1.0);A10;SN-LG-LI6-4;PROJ_POP_2050_COM;2030;24622;NBR;;;;;ANSD
SN1:DF_PROJ_POP_2050_COM(1.0);A10;SN-LG-LI6-5;PROJ_POP_2050_COM;2023;6796;NBR;;;;;ANSD
SN1:DF_PROJ_POP_2050_COM(1.0);A10;SN-LG-LI6-5;PROJ_POP_2050_COM;2024;6478;NBR;;;;;ANSD
SN1:DF_PROJ_POP_2050_COM(1.0);A10;SN-LG-LI6-5;PROJ_POP_2050_COM;2025;6651;NBR;;;;;ANSD
SN1:DF_PROJ_POP_2050_COM(1.0);A10;SN-LG-LI6-5;PROJ_POP_2050_COM;2026;6829;NBR;;;;;ANSD
SN1:DF_PROJ_POP_2050_COM(1.0);A10;SN-LG-LI6-5;PROJ_POP_2050_COM;2027;7014;NBR;;;;;ANSD
SN1:DF_PROJ_POP_2050_COM(1.0);A10;SN-LG-LI6-5;PROJ_POP_2050_COM;2028;7205;NBR;;;;;ANSD
SN1:DF_PROJ_POP_2050_COM(1.0);A10;SN-LG-LI6-5;PROJ_POP_2050_COM;2029;7402;NBR;;;;;ANSD
SN1:DF_PROJ_POP_2050_COM(1.0);A10;SN-LG-LI6-5;PROJ_POP_2050_COM;2030;7604;NBR;;;;;ANSD
SN1:DF_PROJ_POP_2050_COM(1.0);A10;SN-MT-KA1-1;PROJ_POP_2050_COM;2023;15244;NBR;;;;;ANSD
SN1:DF_PROJ_POP_2050_COM(1.0);A10;SN-MT-KA1-1;PROJ_POP_2050_COM;2024;15678;NBR;;;;;ANSD
SN1:DF_PROJ_POP_2050_COM(1.0);A10;SN-MT-KA1-1;PROJ_POP_2050_COM;2025;16130;NBR;;;;;ANSD
SN1:DF_PROJ_POP_2050_COM(1.0);A10;SN-MT-KA1-1;PROJ_POP_2050_COM;2026;16603;NBR;;;;;ANSD
SN1:DF_PROJ_POP_2050_COM(1.0);A10;SN-MT-KA1-1;PROJ_POP_2050_COM;2027;17097;NBR;;;;;ANSD
SN1:DF_PROJ_POP_2050_COM(1.0);A10;SN-MT-KA1-1;PROJ_POP_2050_COM;2028;17612;NBR;;;;;ANSD
SN1:DF_PROJ_POP_2050_COM(1.0);A10;SN-MT-KA1-1;PROJ_POP_2050_COM;2029;18148;NBR;;;;;ANSD
SN1:DF_PROJ_POP_2050_COM(1.0);A10;SN-MT-KA1-1;PROJ_POP_2050_COM;2030;18707;NBR;;;;;ANSD
SN1:DF_PROJ_POP_2050_COM(1.0);A10;SN-MT-KA2-1;PROJ_POP_2050_COM;2023;46164;NBR;;;;;ANSD
SN1:DF_PROJ_POP_2050_COM(1.0);A10;SN-MT-KA2-1;PROJ_POP_2050_COM;2024;47477;NBR;;;;;ANSD
SN1:DF_PROJ_POP_2050_COM(1.0);A10;SN-MT-KA2-1;PROJ_POP_2050_COM;2025;48848;NBR;;;;;ANSD
SN1:DF_PROJ_POP_2050_COM(1.0);A10;SN-MT-KA2-1;PROJ_POP_2050_COM;2026;50280;NBR;;;;;ANSD
SN1:DF_PROJ_POP_2050_COM(1.0);A10;SN-MT-KA2-1;PROJ_POP_2050_COM;2027;51775;NBR;;;;;ANSD
SN1:DF_PROJ_POP_2050_COM(1.0);A10;SN-MT-KA2-1;PROJ_POP_2050_COM;2028;53335;NBR;;;;;ANSD
SN1:DF_PROJ_POP_2050_COM(1.0);A10;SN-MT-KA2-1;PROJ_POP_2050_COM;2029;54960;NBR;;;;;ANSD
SN1:DF_PROJ_POP_2050_COM(1.0);A10;SN-MT-KA2-1;PROJ_POP_2050_COM;2030;56650;NBR;;;;;ANSD
SN1:DF_PROJ_POP_2050_COM(1.0);A10;SN-MT-KA2-2;PROJ_POP_2050_COM;2023;56051;NBR;;;;;ANSD
SN1:DF_PROJ_POP_2050_COM(1.0);A10;SN-MT-KA2-2;PROJ_POP_2050_COM;2024;57646;NBR;;;;;ANSD
SN1:DF_PROJ_POP_2050_COM(1.0);A10;SN-MT-KA2-2;PROJ_POP_2050_COM;2025;59310;NBR;;;;;ANSD
SN1:DF_PROJ_POP_2050_COM(1.0);A10;SN-MT-KA2-2;PROJ_POP_2050_COM;2026;61048;NBR;;;;;ANSD
SN1:DF_PROJ_POP_2050_COM(1.0);A10;SN-MT-KA2-2;PROJ_POP_2050_COM;2027;62864;NBR;;;;;ANSD
SN1:DF_PROJ_POP_2050_COM(1.0);A10;SN-MT-KA2-2;PROJ_POP_2050_COM;2028;64758;NBR;;;;;ANSD
SN1:DF_PROJ_POP_2050_COM(1.0);A10;SN-MT-KA2-2;PROJ_POP_2050_COM;2029;66731;NBR;;;;;ANSD
SN1:DF_PROJ_POP_2050_COM(1.0);A10;SN-MT-KA2-2;PROJ_POP_2050_COM;2030;68783;NBR;;;;;ANSD
SN1:DF_PROJ_POP_2050_COM(1.0);A10;SN-MT-KA2-3;PROJ_POP_2050_COM;2023;55799;NBR;;;;;ANSD
SN1:DF_PROJ_POP_2050_COM(1.0);A10;SN-MT-KA2-3;PROJ_POP_2050_COM;2024;57386;NBR;;;;;ANSD
SN1:DF_PROJ_POP_2050_COM(1.0);A10;SN-MT-KA2-3;PROJ_POP_2050_COM;2025;59043;NBR;;;;;ANSD
SN1:DF_PROJ_POP_2050_COM(1.0);A10;SN-MT-KA2-3;PROJ_POP_2050_COM;2026;60774;NBR;;;;;ANSD
SN1:DF_PROJ_POP_2050_COM(1.0);A10;SN-MT-KA2-3;PROJ_POP_2050_COM;2027;62581;NBR;;;;;ANSD
SN1:DF_PROJ_POP_2050_COM(1.0);A10;SN-MT-KA2-3;PROJ_POP_2050_COM;2028;64467;NBR;;;;;ANSD
SN1:DF_PROJ_POP_2050_COM(1.0);A10;SN-MT-KA2-3;PROJ_POP_2050_COM;2029;66431;NBR;;;;;ANSD
SN1:DF_PROJ_POP_2050_COM(1.0);A10;SN-MT-KA2-3;PROJ_POP_2050_COM;2030;68474;NBR;;;;;ANSD
SN1:DF_PROJ_POP_2050_COM(1.0);A10;SN-MT-KA2-4;PROJ_POP_2050_COM;2023;5781;NBR;;;;;ANSD
SN1:DF_PROJ_POP_2050_COM(1.0);A10;SN-MT-KA2-4;PROJ_POP_2050_COM;2024;5945;NBR;;;;;ANSD
SN1:DF_PROJ_POP_2050_COM(1.0);A10;SN-MT-KA2-4;PROJ_POP_2050_COM;2025;6117;NBR;;;;;ANSD
SN1:DF_PROJ_POP_2050_COM(1.0);A10;SN-MT-KA2-4;PROJ_POP_2050_COM;2026;6296;NBR;;;;;ANSD
SN1:DF_PROJ_POP_2050_COM(1.0);A10;SN-MT-KA2-4;PROJ_POP_2050_COM;2027;6484;NBR;;;;;ANSD
SN1:DF_PROJ_POP_2050_COM(1.0);A10;SN-MT-KA2-4;PROJ_POP_2050_COM;2028;6679;NBR;;;;;ANSD
SN1:DF_PROJ_POP_2050_COM(1.0);A10;SN-MT-KA2-4;PROJ_POP_2050_COM;2029;6882;NBR;;;;;ANSD
SN1:DF_PROJ_POP_2050_COM(1.0);A10;SN-MT-KA2-4;PROJ_POP_2050_COM;2030;7094;NBR;;;;;ANSD
SN1:DF_PROJ_POP_2050_COM(1.0);A10;SN-MT-KA2-5;PROJ_POP_2050_COM;2023;7384;NBR;;;;;ANSD
SN1:DF_PROJ_POP_2050_COM(1.0);A10;SN-MT-KA2-5;PROJ_POP_2050_COM;2024;7594;NBR;;;;;ANSD
SN1:DF_PROJ_POP_2050_COM(1.0);A10;SN-MT-KA2-5;PROJ_POP_2050_COM;2025;7813;NBR;;;;;ANSD
SN1:DF_PROJ_POP_2050_COM(1.0);A10;SN-MT-KA2-5;PROJ_POP_2050_COM;2026;8042;NBR;;;;;ANSD
SN1:DF_PROJ_POP_2050_COM(1.0);A10;SN-MT-KA2-5;PROJ_POP_2050_COM;2027;8282;NBR;;;;;ANSD
SN1:DF_PROJ_POP_2050_COM(1.0);A10;SN-MT-KA2-5;PROJ_POP_2050_COM;2028;8531;NBR;;;;;ANSD
SN1:DF_PROJ_POP_2050_COM(1.0);A10;SN-MT-KA2-5;PROJ_POP_2050_COM;2029;8791;NBR;;;;;ANSD
SN1:DF_PROJ_POP_2050_COM(1.0);A10;SN-MT-KA2-5;PROJ_POP_2050_COM;2030;9061;NBR;;;;;ANSD
SN1:DF_PROJ_POP_2050_COM(1.0);A10;SN-MT-KA2-6;PROJ_POP_2050_COM;2023;9213;NBR;;;;;ANSD
SN1:DF_PROJ_POP_2050_COM(1.0);A10;SN-MT-KA2-6;PROJ_POP_2050_COM;2024;9475;NBR;;;;;ANSD
SN1:DF_PROJ_POP_2050_COM(1.0);A10;SN-MT-KA2-6;PROJ_POP_2050_COM;2025;9749;NBR;;;;;ANSD
SN1:DF_PROJ_POP_2050_COM(1.0);A10;SN-MT-KA2-6;PROJ_POP_2050_COM;2026;10034;NBR;;;;;ANSD
SN1:DF_PROJ_POP_2050_COM(1.0);A10;SN-MT-KA2-6;PROJ_POP_2050_COM;2027;10333;NBR;;;;;ANSD
SN1:DF_PROJ_POP_2050_COM(1.0);A10;SN-MT-KA2-6;PROJ_POP_2050_COM;2028;10644;NBR;;;;;ANSD
SN1:DF_PROJ_POP_2050_COM(1.0);A10;SN-MT-KA2-6;PROJ_POP_2050_COM;2029;10968;NBR;;;;;ANSD
SN1:DF_PROJ_POP_2050_COM(1.0);A10;SN-MT-KA2-6;PROJ_POP_2050_COM;2030;11306;NBR;;;;;ANSD
SN1:DF_PROJ_POP_2050_COM(1.0);A10;SN-MT-KA2-7;PROJ_POP_2050_COM;2023;9376;NBR;;;;;ANSD
SN1:DF_PROJ_POP_2050_COM(1.0);A10;SN-MT-KA2-7;PROJ_POP_2050_COM;2024;9643;NBR;;;;;ANSD
SN1:DF_PROJ_POP_2050_COM(1.0);A10;SN-MT-KA2-7;PROJ_POP_2050_COM;2025;9921;NBR;;;;;ANSD
SN1:DF_PROJ_POP_2050_COM(1.0);A10;SN-MT-KA2-7;PROJ_POP_2050_COM;2026;10212;NBR;;;;;ANSD
SN1:DF_PROJ_POP_2050_COM(1.0);A10;SN-MT-KA2-7;PROJ_POP_2050_COM;2027;10516;NBR;;;;;ANSD
SN1:DF_PROJ_POP_2050_COM(1.0);A10;SN-MT-KA2-7;PROJ_POP_2050_COM;2028;10832;NBR;;;;;ANSD
SN1:DF_PROJ_POP_2050_COM(1.0);A10;SN-MT-KA2-7;PROJ_POP_2050_COM;2029;11162;NBR;;;;;ANSD
SN1:DF_PROJ_POP_2050_COM(1.0);A10;SN-MT-KA2-7;PROJ_POP_2050_COM;2030;11506;NBR;;;;;ANSD
SN1:DF_PROJ_POP_2050_COM(1.0);A10;SN-MT-KA3-1;PROJ_POP_2050_COM;2023;50965;NBR;;;;;ANSD
SN1:DF_PROJ_POP_2050_COM(1.0);A10;SN-MT-KA3-1;PROJ_POP_2050_COM;2024;52415;NBR;;;;;ANSD
SN1:DF_PROJ_POP_2050_COM(1.0);A10;SN-MT-KA3-1;PROJ_POP_2050_COM;2025;53928;NBR;;;;;ANSD
SN1:DF_PROJ_POP_2050_COM(1.0);A10;SN-MT-KA3-1;PROJ_POP_2050_COM;2026;55509;NBR;;;;;ANSD
SN1:DF_PROJ_POP_2050_COM(1.0);A10;SN-MT-KA3-1;PROJ_POP_2050_COM;2027;57160;NBR;;;;;ANSD
SN1:DF_PROJ_POP_2050_COM(1.0);A10;SN-MT-KA3-1;PROJ_POP_2050_COM;2028;58882;NBR;;;;;ANSD
SN1:DF_PROJ_POP_2050_COM(1.0);A10;SN-MT-KA3-1;PROJ_POP_2050_COM;2029;60675;NBR;;;;;ANSD
SN1:DF_PROJ_POP_2050_COM(1.0);A10;SN-MT-KA3-1;PROJ_POP_2050_COM;2030;62542;NBR;;;;;ANSD
SN1:DF_PROJ_POP_2050_COM(1.0);A10;SN-MT-KA3-2;PROJ_POP_2050_COM;2023;52849;NBR;;;;;ANSD
SN1:DF_PROJ_POP_2050_COM(1.0);A10;SN-MT-KA3-2;PROJ_POP_2050_COM;2024;54352;NBR;;;;;ANSD
SN1:DF_PROJ_POP_2050_COM(1.0);A10;SN-MT-KA3-2;PROJ_POP_2050_COM;2025;55922;NBR;;;;;ANSD
SN1:DF_PROJ_POP_2050_COM(1.0);A10;SN-MT-KA3-2;PROJ_POP_2050_COM;2026;57561;NBR;;;;;ANSD
SN1:DF_PROJ_POP_2050_COM(1.0);A10;SN-MT-KA3-2;PROJ_POP_2050_COM;2027;59273;NBR;;;;;ANSD
SN1:DF_PROJ_POP_2050_COM(1.0);A10;SN-MT-KA3-2;PROJ_POP_2050_COM;2028;61058;NBR;;;;;ANSD
SN1:DF_PROJ_POP_2050_COM(1.0);A10;SN-MT-KA3-2;PROJ_POP_2050_COM;2029;62918;NBR;;;;;ANSD
SN1:DF_PROJ_POP_2050_COM(1.0);A10;SN-MT-KA3-2;PROJ_POP_2050_COM;2030;64854;NBR;;;;;ANSD
SN1:DF_PROJ_POP_2050_COM(1.0);A10;SN-MT-KA3-3;PROJ_POP_2050_COM;2023;12646;NBR;;;;;ANSD
SN1:DF_PROJ_POP_2050_COM(1.0);A10;SN-MT-KA3-3;PROJ_POP_2050_COM;2024;13006;NBR;;;;;ANSD
SN1:DF_PROJ_POP_2050_COM(1.0);A10;SN-MT-KA3-3;PROJ_POP_2050_COM;2025;13381;NBR;;;;;ANSD
SN1:DF_PROJ_POP_2050_COM(1.0);A10;SN-MT-KA3-3;PROJ_POP_2050_COM;2026;13773;NBR;;;;;ANSD
SN1:DF_PROJ_POP_2050_COM(1.0);A10;SN-MT-KA3-3;PROJ_POP_2050_COM;2027;14183;NBR;;;;;ANSD
SN1:DF_PROJ_POP_2050_COM(1.0);A10;SN-MT-KA3-3;PROJ_POP_2050_COM;2028;14610;NBR;;;;;ANSD
SN1:DF_PROJ_POP_2050_COM(1.0);A10;SN-MT-KA3-3;PROJ_POP_2050_COM;2029;15055;NBR;;;;;ANSD
SN1:DF_PROJ_POP_2050_COM(1.0);A10;SN-MT-KA3-3;PROJ_POP_2050_COM;2030;15519;NBR;;;;;ANSD
SN1:DF_PROJ_POP_2050_COM(1.0);A10;SN-MT-KA3-4;PROJ_POP_2050_COM;2023;20048;NBR;;;;;ANSD
SN1:DF_PROJ_POP_2050_COM(1.0);A10;SN-MT-KA3-4;PROJ_POP_2050_COM;2024;20618;NBR;;;;;ANSD
SN1:DF_PROJ_POP_2050_COM(1.0);A10;SN-MT-KA3-4;PROJ_POP_2050_COM;2025;21214;NBR;;;;;ANSD
SN1:DF_PROJ_POP_2050_COM(1.0);A10;SN-MT-KA3-4;PROJ_POP_2050_COM;2026;21835;NBR;;;;;ANSD
SN1:DF_PROJ_POP_2050_COM(1.0);A10;SN-MT-KA3-4;PROJ_POP_2050_COM;2027;22485;NBR;;;;;ANSD
SN1:DF_PROJ_POP_2050_COM(1.0);A10;SN-MT-KA3-4;PROJ_POP_2050_COM;2028;23162;NBR;;;;;ANSD
SN1:DF_PROJ_POP_2050_COM(1.0);A10;SN-MT-KA3-4;PROJ_POP_2050_COM;2029;23868;NBR;;;;;ANSD
SN1:DF_PROJ_POP_2050_COM(1.0);A10;SN-MT-KA3-4;PROJ_POP_2050_COM;2030;24602;NBR;;;;;ANSD
SN1:DF_PROJ_POP_2050_COM(1.0);A10;SN-MT-MA1-1;PROJ_POP_2050_COM;2023;27695;NBR;;;;;ANSD
SN1:DF_PROJ_POP_2050_COM(1.0);A10;SN-MT-MA1-1;PROJ_POP_2050_COM;2024;28483;NBR;;;;;ANSD
SN1:DF_PROJ_POP_2050_COM(1.0);A10;SN-MT-MA1-1;PROJ_POP_2050_COM;2025;29305;NBR;;;;;ANSD
SN1:DF_PROJ_POP_2050_COM(1.0);A10;SN-MT-MA1-1;PROJ_POP_2050_COM;2026;30164;NBR;;;;;ANSD
SN1:DF_PROJ_POP_2050_COM(1.0);A10;SN-MT-MA1-1;PROJ_POP_2050_COM;2027;31061;NBR;;;;;ANSD
SN1:DF_PROJ_POP_2050_COM(1.0);A10;SN-MT-MA1-1;PROJ_POP_2050_COM;2028;31997;NBR;;;;;ANSD
SN1:DF_PROJ_POP_2050_COM(1.0);A10;SN-MT-MA1-1;PROJ_POP_2050_COM;2029;32972;NBR;;;;;ANSD
SN1:DF_PROJ_POP_2050_COM(1.0);A10;SN-MT-MA1-1;PROJ_POP_2050_COM;2030;33986;NBR;;;;;ANSD
SN1:DF_PROJ_POP_2050_COM(1.0);A10;SN-MT-MA2-1;PROJ_POP_2050_COM;2023;27222;NBR;;;;;ANSD
SN1:DF_PROJ_POP_2050_COM(1.0);A10;SN-MT-MA2-1;PROJ_POP_2050_COM;2024;27996;NBR;;;;;ANSD
SN1:DF_PROJ_POP_2050_COM(1.0);A10;SN-MT-MA2-1;PROJ_POP_2050_COM;2025;28805;NBR;;;;;ANSD
SN1:DF_PROJ_POP_2050_COM(1.0);A10;SN-MT-MA2-1;PROJ_POP_2050_COM;2026;29649;NBR;;;;;ANSD
SN1:DF_PROJ_POP_2050_COM(1.0);A10;SN-MT-MA2-1;PROJ_POP_2050_COM;2027;30531;NBR;;;;;ANSD
SN1:DF_PROJ_POP_2050_COM(1.0);A10;SN-MT-MA2-1;PROJ_POP_2050_COM;2028;31451;NBR;;;;;ANSD
SN1:DF_PROJ_POP_2050_COM(1.0);A10;SN-MT-MA2-1;PROJ_POP_2050_COM;2029;32409;NBR;;;;;ANSD
SN1:DF_PROJ_POP_2050_COM(1.0);A10;SN-MT-MA2-1;PROJ_POP_2050_COM;2030;33405;NBR;;;;;ANSD
SN1:DF_PROJ_POP_2050_COM(1.0);A10;SN-MT-MA3-1;PROJ_POP_2050_COM;2023;33358;NBR;;;;;ANSD
SN1:DF_PROJ_POP_2050_COM(1.0);A10;SN-MT-MA3-1;PROJ_POP_2050_COM;2024;34307;NBR;;;;;ANSD
SN1:DF_PROJ_POP_2050_COM(1.0);A10;SN-MT-MA3-1;PROJ_POP_2050_COM;2025;35297;NBR;;;;;ANSD
SN1:DF_PROJ_POP_2050_COM(1.0);A10;SN-MT-MA3-1;PROJ_POP_2050_COM;2026;36332;NBR;;;;;ANSD
SN1:DF_PROJ_POP_2050_COM(1.0);A10;SN-MT-MA3-1;PROJ_POP_2050_COM;2027;37413;NBR;;;;;ANSD
SN1:DF_PROJ_POP_2050_COM(1.0);A10;SN-MT-MA3-1;PROJ_POP_2050_COM;2028;38540;NBR;;;;;ANSD
SN1:DF_PROJ_POP_2050_COM(1.0);A10;SN-MT-MA3-1;PROJ_POP_2050_COM;2029;39714;NBR;;;;;ANSD
SN1:DF_PROJ_POP_2050_COM(1.0);A10;SN-MT-MA3-1;PROJ_POP_2050_COM;2030;40935;NBR;;;;;ANSD
SN1:DF_PROJ_POP_2050_COM(1.0);A10;SN-MT-MA3-2;PROJ_POP_2050_COM;2023;25799;NBR;;;;;ANSD
SN1:DF_PROJ_POP_2050_COM(1.0);A10;SN-MT-MA3-2;PROJ_POP_2050_COM;2024;26533;NBR;;;;;ANSD
SN1:DF_PROJ_POP_2050_COM(1.0);A10;SN-MT-MA3-2;PROJ_POP_2050_COM;2025;27299;NBR;;;;;ANSD
SN1:DF_PROJ_POP_2050_COM(1.0);A10;SN-MT-MA3-2;PROJ_POP_2050_COM;2026;28099;NBR;;;;;ANSD
SN1:DF_PROJ_POP_2050_COM(1.0);A10;SN-MT-MA3-2;PROJ_POP_2050_COM;2027;28935;NBR;;;;;ANSD
SN1:DF_PROJ_POP_2050_COM(1.0);A10;SN-MT-MA3-2;PROJ_POP_2050_COM;2028;29807;NBR;;;;;ANSD
SN1:DF_PROJ_POP_2050_COM(1.0);A10;SN-MT-MA3-2;PROJ_POP_2050_COM;2029;30715;NBR;;;;;ANSD
SN1:DF_PROJ_POP_2050_COM(1.0);A10;SN-MT-MA3-2;PROJ_POP_2050_COM;2030;31659;NBR;;;;;ANSD
SN1:DF_PROJ_POP_2050_COM(1.0);A10;SN-MT-MA3-3;PROJ_POP_2050_COM;2023;29197;NBR;;;;;ANSD
SN1:DF_PROJ_POP_2050_COM(1.0);A10;SN-MT-MA3-3;PROJ_POP_2050_COM;2024;30028;NBR;;;;;ANSD
SN1:DF_PROJ_POP_2050_COM(1.0);A10;SN-MT-MA3-3;PROJ_POP_2050_COM;2025;30895;NBR;;;;;ANSD
SN1:DF_PROJ_POP_2050_COM(1.0);A10;SN-MT-MA3-3;PROJ_POP_2050_COM;2026;31800;NBR;;;;;ANSD
SN1:DF_PROJ_POP_2050_COM(1.0);A10;SN-MT-MA3-3;PROJ_POP_2050_COM;2027;32746;NBR;;;;;ANSD
SN1:DF_PROJ_POP_2050_COM(1.0);A10;SN-MT-MA3-3;PROJ_POP_2050_COM;2028;33732;NBR;;;;;ANSD
SN1:DF_PROJ_POP_2050_COM(1.0);A10;SN-MT-MA3-3;PROJ_POP_2050_COM;2029;34760;NBR;;;;;ANSD
SN1:DF_PROJ_POP_2050_COM(1.0);A10;SN-MT-MA3-3;PROJ_POP_2050_COM;2030;35829;NBR;;;;;ANSD
SN1:DF_PROJ_POP_2050_COM(1.0);A10;SN-MT-MA3-4;PROJ_POP_2050_COM;2023;14423;NBR;;;;;ANSD
SN1:DF_PROJ_POP_2050_COM(1.0);A10;SN-MT-MA3-4;PROJ_POP_2050_COM;2024;14833;NBR;;;;;ANSD
SN1:DF_PROJ_POP_2050_COM(1.0);A10;SN-MT-MA3-4;PROJ_POP_2050_COM;2025;15262;NBR;;;;;ANSD
SN1:DF_PROJ_POP_2050_COM(1.0);A10;SN-MT-MA3-4;PROJ_POP_2050_COM;2026;15709;NBR;;;;;ANSD
SN1:DF_PROJ_POP_2050_COM(1.0);A10;SN-MT-MA3-4;PROJ_POP_2050_COM;2027;16176;NBR;;;;;ANSD
SN1:DF_PROJ_POP_2050_COM(1.0);A10;SN-MT-MA3-4;PROJ_POP_2050_COM;2028;16663;NBR;;;;;ANSD
SN1:DF_PROJ_POP_2050_COM(1.0);A10;SN-MT-MA3-4;PROJ_POP_2050_COM;2029;17171;NBR;;;;;ANSD
SN1:DF_PROJ_POP_2050_COM(1.0);A10;SN-MT-MA3-4;PROJ_POP_2050_COM;2030;17699;NBR;;;;;ANSD
SN1:DF_PROJ_POP_2050_COM(1.0);A10;SN-MT-MA3-5;PROJ_POP_2050_COM;2023;15044;NBR;;;;;ANSD
SN1:DF_PROJ_POP_2050_COM(1.0);A10;SN-MT-MA3-5;PROJ_POP_2050_COM;2024;15472;NBR;;;;;ANSD
SN1:DF_PROJ_POP_2050_COM(1.0);A10;SN-MT-MA3-5;PROJ_POP_2050_COM;2025;15919;NBR;;;;;ANSD
SN1:DF_PROJ_POP_2050_COM(1.0);A10;SN-MT-MA3-5;PROJ_POP_2050_COM;2026;16385;NBR;;;;;ANSD
SN1:DF_PROJ_POP_2050_COM(1.0);A10;SN-MT-MA3-5;PROJ_POP_2050_COM;2027;16873;NBR;;;;;ANSD
SN1:DF_PROJ_POP_2050_COM(1.0);A10;SN-MT-MA3-5;PROJ_POP_2050_COM;2028;17381;NBR;;;;;ANSD
SN1:DF_PROJ_POP_2050_COM(1.0);A10;SN-MT-MA3-5;PROJ_POP_2050_COM;2029;17910;NBR;;;;;ANSD
SN1:DF_PROJ_POP_2050_COM(1.0);A10;SN-MT-MA3-5;PROJ_POP_2050_COM;2030;18461;NBR;;;;;ANSD
SN1:DF_PROJ_POP_2050_COM(1.0);A10;SN-MT-MA4-1;PROJ_POP_2050_COM;2023;73400;NBR;;;;;ANSD
SN1:DF_PROJ_POP_2050_COM(1.0);A10;SN-MT-MA4-1;PROJ_POP_2050_COM;2024;75488;NBR;;;;;ANSD
SN1:DF_PROJ_POP_2050_COM(1.0);A10;SN-MT-MA4-1;PROJ_POP_2050_COM;2025;77667;NBR;;;;;ANSD
SN1:DF_PROJ_POP_2050_COM(1.0);A10;SN-MT-MA4-1;PROJ_POP_2050_COM;2026;79944;NBR;;;;;ANSD
SN1:DF_PROJ_POP_2050_COM(1.0);A10;SN-MT-MA4-1;PROJ_POP_2050_COM;2027;82322;NBR;;;;;ANSD
SN1:DF_PROJ_POP_2050_COM(1.0);A10;SN-MT-MA4-1;PROJ_POP_2050_COM;2028;84802;NBR;;;;;ANSD
SN1:DF_PROJ_POP_2050_COM(1.0);A10;SN-MT-MA4-1;PROJ_POP_2050_COM;2029;87385;NBR;;;;;ANSD
SN1:DF_PROJ_POP_2050_COM(1.0);A10;SN-MT-MA4-1;PROJ_POP_2050_COM;2030;90073;NBR;;;;;ANSD
SN1:DF_PROJ_POP_2050_COM(1.0);A10;SN-MT-MA4-2;PROJ_POP_2050_COM;2023;75055;NBR;;;;;ANSD
SN1:DF_PROJ_POP_2050_COM(1.0);A10;SN-MT-MA4-2;PROJ_POP_2050_COM;2024;77190;NBR;;;;;ANSD
SN1:DF_PROJ_POP_2050_COM(1.0);A10;SN-MT-MA4-2;PROJ_POP_2050_COM;2025;79419;NBR;;;;;ANSD
SN1:DF_PROJ_POP_2050_COM(1.0);A10;SN-MT-MA4-2;PROJ_POP_2050_COM;2026;81747;NBR;;;;;ANSD
SN1:DF_PROJ_POP_2050_COM(1.0);A10;SN-MT-MA4-2;PROJ_POP_2050_COM;2027;84178;NBR;;;;;ANSD
SN1:DF_PROJ_POP_2050_COM(1.0);A10;SN-MT-MA4-2;PROJ_POP_2050_COM;2028;86714;NBR;;;;;ANSD
SN1:DF_PROJ_POP_2050_COM(1.0);A10;SN-MT-MA4-2;PROJ_POP_2050_COM;2029;89355;NBR;;;;;ANSD
SN1:DF_PROJ_POP_2050_COM(1.0);A10;SN-MT-MA4-2;PROJ_POP_2050_COM;2030;92104;NBR;;;;;ANSD
SN1:DF_PROJ_POP_2050_COM(1.0);A10;SN-MT-MA4-3;PROJ_POP_2050_COM;2023;65694;NBR;;;;;ANSD
SN1:DF_PROJ_POP_2050_COM(1.0);A10;SN-MT-MA4-3;PROJ_POP_2050_COM;2024;67563;NBR;;;;;ANSD
SN1:DF_PROJ_POP_2050_COM(1.0);A10;SN-MT-MA4-3;PROJ_POP_2050_COM;2025;69513;NBR;;;;;ANSD
SN1:DF_PROJ_POP_2050_COM(1.0);A10;SN-MT-MA4-3;PROJ_POP_2050_COM;2026;71551;NBR;;;;;ANSD
SN1:DF_PROJ_POP_2050_COM(1.0);A10;SN-MT-MA4-3;PROJ_POP_2050_COM;2027;73679;NBR;;;;;ANSD
SN1:DF_PROJ_POP_2050_COM(1.0);A10;SN-MT-MA4-3;PROJ_POP_2050_COM;2028;75899;NBR;;;;;ANSD
SN1:DF_PROJ_POP_2050_COM(1.0);A10;SN-MT-MA4-3;PROJ_POP_2050_COM;2029;78211;NBR;;;;;ANSD
SN1:DF_PROJ_POP_2050_COM(1.0);A10;SN-MT-MA4-3;PROJ_POP_2050_COM;2030;80616;NBR;;;;;ANSD
SN1:DF_PROJ_POP_2050_COM(1.0);A10;SN-MT-RF1-1;PROJ_POP_2050_COM;2023;4648;NBR;;;;;ANSD
SN1:DF_PROJ_POP_2050_COM(1.0);A10;SN-MT-RF1-1;PROJ_POP_2050_COM;2024;4780;NBR;;;;;ANSD
SN1:DF_PROJ_POP_2050_COM(1.0);A10;SN-MT-RF1-1;PROJ_POP_2050_COM;2025;4918;NBR;;;;;ANSD
SN1:DF_PROJ_POP_2050_COM(1.0);A10;SN-MT-RF1-1;PROJ_POP_2050_COM;2026;5062;NBR;;;;;ANSD
SN1:DF_PROJ_POP_2050_COM(1.0);A10;SN-MT-RF1-1;PROJ_POP_2050_COM;2027;5213;NBR;;;;;ANSD
SN1:DF_PROJ_POP_2050_COM(1.0);A10;SN-MT-RF1-1;PROJ_POP_2050_COM;2028;5370;NBR;;;;;ANSD
SN1:DF_PROJ_POP_2050_COM(1.0);A10;SN-MT-RF1-1;PROJ_POP_2050_COM;2029;5534;NBR;;;;;ANSD
SN1:DF_PROJ_POP_2050_COM(1.0);A10;SN-MT-RF1-1;PROJ_POP_2050_COM;2030;5704;NBR;;;;;ANSD
SN1:DF_PROJ_POP_2050_COM(1.0);A10;SN-MT-RF2-1;PROJ_POP_2050_COM;2023;11070;NBR;;;;;ANSD
SN1:DF_PROJ_POP_2050_COM(1.0);A10;SN-MT-RF2-1;PROJ_POP_2050_COM;2024;11385;NBR;;;;;ANSD
SN1:DF_PROJ_POP_2050_COM(1.0);A10;SN-MT-RF2-1;PROJ_POP_2050_COM;2025;11714;NBR;;;;;ANSD
SN1:DF_PROJ_POP_2050_COM(1.0);A10;SN-MT-RF2-1;PROJ_POP_2050_COM;2026;12057;NBR;;;;;ANSD
SN1:DF_PROJ_POP_2050_COM(1.0);A10;SN-MT-RF2-1;PROJ_POP_2050_COM;2027;12416;NBR;;;;;ANSD
SN1:DF_PROJ_POP_2050_COM(1.0);A10;SN-MT-RF2-1;PROJ_POP_2050_COM;2028;12790;NBR;;;;;ANSD
SN1:DF_PROJ_POP_2050_COM(1.0);A10;SN-MT-RF2-1;PROJ_POP_2050_COM;2029;13179;NBR;;;;;ANSD
SN1:DF_PROJ_POP_2050_COM(1.0);A10;SN-MT-RF2-1;PROJ_POP_2050_COM;2030;13585;NBR;;;;;ANSD
SN1:DF_PROJ_POP_2050_COM(1.0);A10;SN-MT-RF2-2;PROJ_POP_2050_COM;2023;52301;NBR;;;;;ANSD
SN1:DF_PROJ_POP_2050_COM(1.0);A10;SN-MT-RF2-2;PROJ_POP_2050_COM;2024;53789;NBR;;;;;ANSD
SN1:DF_PROJ_POP_2050_COM(1.0);A10;SN-MT-RF2-2;PROJ_POP_2050_COM;2025;55342;NBR;;;;;ANSD
SN1:DF_PROJ_POP_2050_COM(1.0);A10;SN-MT-RF2-2;PROJ_POP_2050_COM;2026;56964;NBR;;;;;ANSD
SN1:DF_PROJ_POP_2050_COM(1.0);A10;SN-MT-RF2-2;PROJ_POP_2050_COM;2027;58658;NBR;;;;;ANSD
SN1:DF_PROJ_POP_2050_COM(1.0);A10;SN-MT-RF2-2;PROJ_POP_2050_COM;2028;60425;NBR;;;;;ANSD
SN1:DF_PROJ_POP_2050_COM(1.0);A10;SN-MT-RF2-2;PROJ_POP_2050_COM;2029;62266;NBR;;;;;ANSD
SN1:DF_PROJ_POP_2050_COM(1.0);A10;SN-MT-RF2-2;PROJ_POP_2050_COM;2030;64181;NBR;;;;;ANSD
SN1:DF_PROJ_POP_2050_COM(1.0);A10;SN-MT-RF2-3;PROJ_POP_2050_COM;2023;35206;NBR;;;;;ANSD
SN1:DF_PROJ_POP_2050_COM(1.0);A10;SN-MT-RF2-3;PROJ_POP_2050_COM;2024;36208;NBR;;;;;ANSD
SN1:DF_PROJ_POP_2050_COM(1.0);A10;SN-MT-RF2-3;PROJ_POP_2050_COM;2025;37253;NBR;;;;;ANSD
SN1:DF_PROJ_POP_2050_COM(1.0);A10;SN-MT-RF2-3;PROJ_POP_2050_COM;2026;38345;NBR;;;;;ANSD
SN1:DF_PROJ_POP_2050_COM(1.0);A10;SN-MT-RF2-3;PROJ_POP_2050_COM;2027;39485;NBR;;;;;ANSD
SN1:DF_PROJ_POP_2050_COM(1.0);A10;SN-MT-RF2-3;PROJ_POP_2050_COM;2028;40675;NBR;;;;;ANSD
SN1:DF_PROJ_POP_2050_COM(1.0);A10;SN-MT-RF2-3;PROJ_POP_2050_COM;2029;41914;NBR;;;;;ANSD
SN1:DF_PROJ_POP_2050_COM(1.0);A10;SN-MT-RF2-3;PROJ_POP_2050_COM;2030;43203;NBR;;;;;ANSD
SN1:DF_PROJ_POP_2050_COM(1.0);A10;SN-SE-BO1-1;PROJ_POP_2050_COM;2023;9969;NBR;;;;;ANSD
SN1:DF_PROJ_POP_2050_COM(1.0);A10;SN-SE-BO1-1;PROJ_POP_2050_COM;2024;10265;NBR;;;;;ANSD
SN1:DF_PROJ_POP_2050_COM(1.0);A10;SN-SE-BO1-1;PROJ_POP_2050_COM;2025;10574;NBR;;;;;ANSD
SN1:DF_PROJ_POP_2050_COM(1.0);A10;SN-SE-BO1-1;PROJ_POP_2050_COM;2026;10898;NBR;;;;;ANSD
SN1:DF_PROJ_POP_2050_COM(1.0);A10;SN-SE-BO1-1;PROJ_POP_2050_COM;2027;11236;NBR;;;;;ANSD
SN1:DF_PROJ_POP_2050_COM(1.0);A10;SN-SE-BO1-1;PROJ_POP_2050_COM;2028;11589;NBR;;;;;ANSD
SN1:DF_PROJ_POP_2050_COM(1.0);A10;SN-SE-BO1-1;PROJ_POP_2050_COM;2029;11958;NBR;;;;;ANSD
SN1:DF_PROJ_POP_2050_COM(1.0);A10;SN-SE-BO1-1;PROJ_POP_2050_COM;2030;12343;NBR;;;;;ANSD
SN1:DF_PROJ_POP_2050_COM(1.0);A10;SN-SE-BO2-1;PROJ_POP_2050_COM;2023;19561;NBR;;;;;ANSD
SN1:DF_PROJ_POP_2050_COM(1.0);A10;SN-SE-BO2-1;PROJ_POP_2050_COM;2024;20142;NBR;;;;;ANSD
SN1:DF_PROJ_POP_2050_COM(1.0);A10;SN-SE-BO2-1;PROJ_POP_2050_COM;2025;20749;NBR;;;;;ANSD
SN1:DF_PROJ_POP_2050_COM(1.0);A10;SN-SE-BO2-1;PROJ_POP_2050_COM;2026;21383;NBR;;;;;ANSD
SN1:DF_PROJ_POP_2050_COM(1.0);A10;SN-SE-BO2-1;PROJ_POP_2050_COM;2027;22047;NBR;;;;;ANSD
SN1:DF_PROJ_POP_2050_COM(1.0);A10;SN-SE-BO2-1;PROJ_POP_2050_COM;2028;22741;NBR;;;;;ANSD
SN1:DF_PROJ_POP_2050_COM(1.0);A10;SN-SE-BO2-1;PROJ_POP_2050_COM;2029;23465;NBR;;;;;ANSD
SN1:DF_PROJ_POP_2050_COM(1.0);A10;SN-SE-BO2-1;PROJ_POP_2050_COM;2030;24220;NBR;;;;;ANSD
SN1:DF_PROJ_POP_2050_COM(1.0);A10;SN-SE-BO2-2;PROJ_POP_2050_COM;2023;34349;NBR;;;;;ANSD
SN1:DF_PROJ_POP_2050_COM(1.0);A10;SN-SE-BO2-2;PROJ_POP_2050_COM;2024;35370;NBR;;;;;ANSD
SN1:DF_PROJ_POP_2050_COM(1.0);A10;SN-SE-BO2-2;PROJ_POP_2050_COM;2025;36435;NBR;;;;;ANSD
SN1:DF_PROJ_POP_2050_COM(1.0);A10;SN-SE-BO2-2;PROJ_POP_2050_COM;2026;37549;NBR;;;;;ANSD
SN1:DF_PROJ_POP_2050_COM(1.0);A10;SN-SE-BO2-2;PROJ_POP_2050_COM;2027;38714;NBR;;;;;ANSD
SN1:DF_PROJ_POP_2050_COM(1.0);A10;SN-SE-BO2-2;PROJ_POP_2050_COM;2028;39932;NBR;;;;;ANSD
SN1:DF_PROJ_POP_2050_COM(1.0);A10;SN-SE-BO2-2;PROJ_POP_2050_COM;2029;41204;NBR;;;;;ANSD
SN1:DF_PROJ_POP_2050_COM(1.0);A10;SN-SE-BO2-2;PROJ_POP_2050_COM;2030;42530;NBR;;;;;ANSD
SN1:DF_PROJ_POP_2050_COM(1.0);A10;SN-SE-BO2-3;PROJ_POP_2050_COM;2023;4808;NBR;;;;;ANSD
SN1:DF_PROJ_POP_2050_COM(1.0);A10;SN-SE-BO2-3;PROJ_POP_2050_COM;2024;4951;NBR;;;;;ANSD
SN1:DF_PROJ_POP_2050_COM(1.0);A10;SN-SE-BO2-3;PROJ_POP_2050_COM;2025;5100;NBR;;;;;ANSD
SN1:DF_PROJ_POP_2050_COM(1.0);A10;SN-SE-BO2-3;PROJ_POP_2050_COM;2026;5256;NBR;;;;;ANSD
SN1:DF_PROJ_POP_2050_COM(1.0);A10;SN-SE-BO2-3;PROJ_POP_2050_COM;2027;5419;NBR;;;;;ANSD
SN1:DF_PROJ_POP_2050_COM(1.0);A10;SN-SE-BO2-3;PROJ_POP_2050_COM;2028;5590;NBR;;;;;ANSD
SN1:DF_PROJ_POP_2050_COM(1.0);A10;SN-SE-BO2-3;PROJ_POP_2050_COM;2029;5768;NBR;;;;;ANSD
SN1:DF_PROJ_POP_2050_COM(1.0);A10;SN-SE-BO2-3;PROJ_POP_2050_COM;2030;5953;NBR;;;;;ANSD
SN1:DF_PROJ_POP_2050_COM(1.0);A10;SN-SE-BO2-4;PROJ_POP_2050_COM;2023;20305;NBR;;;;;ANSD
SN1:DF_PROJ_POP_2050_COM(1.0);A10;SN-SE-BO2-4;PROJ_POP_2050_COM;2024;20908;NBR;;;;;ANSD
SN1:DF_PROJ_POP_2050_COM(1.0);A10;SN-SE-BO2-4;PROJ_POP_2050_COM;2025;21538;NBR;;;;;ANSD
SN1:DF_PROJ_POP_2050_COM(1.0);A10;SN-SE-BO2-4;PROJ_POP_2050_COM;2026;22196;NBR;;;;;ANSD
SN1:DF_PROJ_POP_2050_COM(1.0);A10;SN-SE-BO2-4;PROJ_POP_2050_COM;2027;22885;NBR;;;;;ANSD
SN1:DF_PROJ_POP_2050_COM(1.0);A10;SN-SE-BO2-4;PROJ_POP_2050_COM;2028;23605;NBR;;;;;ANSD
SN1:DF_PROJ_POP_2050_COM(1.0);A10;SN-SE-BO2-4;PROJ_POP_2050_COM;2029;24357;NBR;;;;;ANSD
SN1:DF_PROJ_POP_2050_COM(1.0);A10;SN-SE-BO2-4;PROJ_POP_2050_COM;2030;25141;NBR;;;;;ANSD
SN1:DF_PROJ_POP_2050_COM(1.0);A10;SN-SE-BO2-5;PROJ_POP_2050_COM;2023;11543;NBR;;;;;ANSD
SN1:DF_PROJ_POP_2050_COM(1.0);A10;SN-SE-BO2-5;PROJ_POP_2050_COM;2024;11886;NBR;;;;;ANSD
SN1:DF_PROJ_POP_2050_COM(1.0);A10;SN-SE-BO2-5;PROJ_POP_2050_COM;2025;12244;NBR;;;;;ANSD
SN1:DF_PROJ_POP_2050_COM(1.0);A10;SN-SE-BO2-5;PROJ_POP_2050_COM;2026;12618;NBR;;;;;ANSD
SN1:DF_PROJ_POP_2050_COM(1.0);A10;SN-SE-BO2-5;PROJ_POP_2050_COM;2027;13010;NBR;;;;;ANSD
SN1:DF_PROJ_POP_2050_COM(1.0);A10;SN-SE-BO2-5;PROJ_POP_2050_COM;2028;13419;NBR;;;;;ANSD
SN1:DF_PROJ_POP_2050_COM(1.0);A10;SN-SE-BO2-5;PROJ_POP_2050_COM;2029;13847;NBR;;;;;ANSD
SN1:DF_PROJ_POP_2050_COM(1.0);A10;SN-SE-BO2-5;PROJ_POP_2050_COM;2030;14292;NBR;;;;;ANSD
SN1:DF_PROJ_POP_2050_COM(1.0);A10;SN-SE-BO3-1;PROJ_POP_2050_COM;2023;8880;NBR;;;;;ANSD
SN1:DF_PROJ_POP_2050_COM(1.0);A10;SN-SE-BO3-1;PROJ_POP_2050_COM;2024;9144;NBR;;;;;ANSD
SN1:DF_PROJ_POP_2050_COM(1.0);A10;SN-SE-BO3-1;PROJ_POP_2050_COM;2025;9419;NBR;;;;;ANSD
SN1:DF_PROJ_POP_2050_COM(1.0);A10;SN-SE-BO3-1;PROJ_POP_2050_COM;2026;9707;NBR;;;;;ANSD
SN1:DF_PROJ_POP_2050_COM(1.0);A10;SN-SE-BO3-1;PROJ_POP_2050_COM;2027;10009;NBR;;;;;ANSD
SN1:DF_PROJ_POP_2050_COM(1.0);A10;SN-SE-BO3-1;PROJ_POP_2050_COM;2028;10323;NBR;;;;;ANSD
SN1:DF_PROJ_POP_2050_COM(1.0);A10;SN-SE-BO3-1;PROJ_POP_2050_COM;2029;10652;NBR;;;;;ANSD
SN1:DF_PROJ_POP_2050_COM(1.0);A10;SN-SE-BO3-1;PROJ_POP_2050_COM;2030;10995;NBR;;;;;ANSD
SN1:DF_PROJ_POP_2050_COM(1.0);A10;SN-SE-BO3-2;PROJ_POP_2050_COM;2023;8458;NBR;;;;;ANSD
SN1:DF_PROJ_POP_2050_COM(1.0);A10;SN-SE-BO3-2;PROJ_POP_2050_COM;2024;8709;NBR;;;;;ANSD
SN1:DF_PROJ_POP_2050_COM(1.0);A10;SN-SE-BO3-2;PROJ_POP_2050_COM;2025;8972;NBR;;;;;ANSD
SN1:DF_PROJ_POP_2050_COM(1.0);A10;SN-SE-BO3-2;PROJ_POP_2050_COM;2026;9246;NBR;;;;;ANSD
SN1:DF_PROJ_POP_2050_COM(1.0);A10;SN-SE-BO3-2;PROJ_POP_2050_COM;2027;9533;NBR;;;;;ANSD
SN1:DF_PROJ_POP_2050_COM(1.0);A10;SN-SE-BO3-2;PROJ_POP_2050_COM;2028;9833;NBR;;;;;ANSD
SN1:DF_PROJ_POP_2050_COM(1.0);A10;SN-SE-BO3-2;PROJ_POP_2050_COM;2029;10146;NBR;;;;;ANSD
SN1:DF_PROJ_POP_2050_COM(1.0);A10;SN-SE-BO3-2;PROJ_POP_2050_COM;2030;10472;NBR;;;;;ANSD
SN1:DF_PROJ_POP_2050_COM(1.0);A10;SN-SE-BO3-3;PROJ_POP_2050_COM;2023;12255;NBR;;;;;ANSD
SN1:DF_PROJ_POP_2050_COM(1.0);A10;SN-SE-BO3-3;PROJ_POP_2050_COM;2024;12619;NBR;;;;;ANSD
SN1:DF_PROJ_POP_2050_COM(1.0);A10;SN-SE-BO3-3;PROJ_POP_2050_COM;2025;12999;NBR;;;;;ANSD
SN1:DF_PROJ_POP_2050_COM(1.0);A10;SN-SE-BO3-3;PROJ_POP_2050_COM;2026;13397;NBR;;;;;ANSD
SN1:DF_PROJ_POP_2050_COM(1.0);A10;SN-SE-BO3-3;PROJ_POP_2050_COM;2027;13812;NBR;;;;;ANSD
SN1:DF_PROJ_POP_2050_COM(1.0);A10;SN-SE-BO3-3;PROJ_POP_2050_COM;2028;14247;NBR;;;;;ANSD
SN1:DF_PROJ_POP_2050_COM(1.0);A10;SN-SE-BO3-3;PROJ_POP_2050_COM;2029;14701;NBR;;;;;ANSD
SN1:DF_PROJ_POP_2050_COM(1.0);A10;SN-SE-BO3-3;PROJ_POP_2050_COM;2030;15174;NBR;;;;;ANSD
SN1:DF_PROJ_POP_2050_COM(1.0);A10;SN-SE-BO3-4;PROJ_POP_2050_COM;2023;2381;NBR;;;;;ANSD
SN1:DF_PROJ_POP_2050_COM(1.0);A10;SN-SE-BO3-4;PROJ_POP_2050_COM;2024;2452;NBR;;;;;ANSD
SN1:DF_PROJ_POP_2050_COM(1.0);A10;SN-SE-BO3-4;PROJ_POP_2050_COM;2025;2526;NBR;;;;;ANSD
SN1:DF_PROJ_POP_2050_COM(1.0);A10;SN-SE-BO3-4;PROJ_POP_2050_COM;2026;2603;NBR;;;;;ANSD
SN1:DF_PROJ_POP_2050_COM(1.0);A10;SN-SE-BO3-4;PROJ_POP_2050_COM;2027;2684;NBR;;;;;ANSD
SN1:DF_PROJ_POP_2050_COM(1.0);A10;SN-SE-BO3-4;PROJ_POP_2050_COM;2028;2768;NBR;;;;;ANSD
SN1:DF_PROJ_POP_2050_COM(1.0);A10;SN-SE-BO3-4;PROJ_POP_2050_COM;2029;2856;NBR;;;;;ANSD
SN1:DF_PROJ_POP_2050_COM(1.0);A10;SN-SE-BO3-4;PROJ_POP_2050_COM;2030;2948;NBR;;;;;ANSD
SN1:DF_PROJ_POP_2050_COM(1.0);A10;SN-SE-BO4-1;PROJ_POP_2050_COM;2023;23718;NBR;;;;;ANSD
SN1:DF_PROJ_POP_2050_COM(1.0);A10;SN-SE-BO4-1;PROJ_POP_2050_COM;2024;24423;NBR;;;;;ANSD
SN1:DF_PROJ_POP_2050_COM(1.0);A10;SN-SE-BO4-1;PROJ_POP_2050_COM;2025;25158;NBR;;;;;ANSD
SN1:DF_PROJ_POP_2050_COM(1.0);A10;SN-SE-BO4-1;PROJ_POP_2050_COM;2026;25927;NBR;;;;;ANSD
SN1:DF_PROJ_POP_2050_COM(1.0);A10;SN-SE-BO4-1;PROJ_POP_2050_COM;2027;26732;NBR;;;;;ANSD
SN1:DF_PROJ_POP_2050_COM(1.0);A10;SN-SE-BO4-1;PROJ_POP_2050_COM;2028;27573;NBR;;;;;ANSD
SN1:DF_PROJ_POP_2050_COM(1.0);A10;SN-SE-BO4-1;PROJ_POP_2050_COM;2029;28451;NBR;;;;;ANSD
SN1:DF_PROJ_POP_2050_COM(1.0);A10;SN-SE-BO4-1;PROJ_POP_2050_COM;2030;29367;NBR;;;;;ANSD
SN1:DF_PROJ_POP_2050_COM(1.0);A10;SN-SE-BO4-2;PROJ_POP_2050_COM;2023;14520;NBR;;;;;ANSD
SN1:DF_PROJ_POP_2050_COM(1.0);A10;SN-SE-BO4-2;PROJ_POP_2050_COM;2024;14951;NBR;;;;;ANSD
SN1:DF_PROJ_POP_2050_COM(1.0);A10;SN-SE-BO4-2;PROJ_POP_2050_COM;2025;15402;NBR;;;;;ANSD
SN1:DF_PROJ_POP_2050_COM(1.0);A10;SN-SE-BO4-2;PROJ_POP_2050_COM;2026;15873;NBR;;;;;ANSD
SN1:DF_PROJ_POP_2050_COM(1.0);A10;SN-SE-BO4-2;PROJ_POP_2050_COM;2027;16365;NBR;;;;;ANSD
SN1:DF_PROJ_POP_2050_COM(1.0);A10;SN-SE-BO4-2;PROJ_POP_2050_COM;2028;16880;NBR;;;;;ANSD
SN1:DF_PROJ_POP_2050_COM(1.0);A10;SN-SE-BO4-2;PROJ_POP_2050_COM;2029;17418;NBR;;;;;ANSD
SN1:DF_PROJ_POP_2050_COM(1.0);A10;SN-SE-BO4-2;PROJ_POP_2050_COM;2030;17978;NBR;;;;;ANSD
SN1:DF_PROJ_POP_2050_COM(1.0);A10;SN-SE-BO4-3;PROJ_POP_2050_COM;2023;18594;NBR;;;;;ANSD
SN1:DF_PROJ_POP_2050_COM(1.0);A10;SN-SE-BO4-3;PROJ_POP_2050_COM;2024;19146;NBR;;;;;ANSD
SN1:DF_PROJ_POP_2050_COM(1.0);A10;SN-SE-BO4-3;PROJ_POP_2050_COM;2025;19723;NBR;;;;;ANSD
SN1:DF_PROJ_POP_2050_COM(1.0);A10;SN-SE-BO4-3;PROJ_POP_2050_COM;2026;20326;NBR;;;;;ANSD
SN1:DF_PROJ_POP_2050_COM(1.0);A10;SN-SE-BO4-3;PROJ_POP_2050_COM;2027;20957;NBR;;;;;ANSD
SN1:DF_PROJ_POP_2050_COM(1.0);A10;SN-SE-BO4-3;PROJ_POP_2050_COM;2028;21616;NBR;;;;;ANSD
SN1:DF_PROJ_POP_2050_COM(1.0);A10;SN-SE-BO4-3;PROJ_POP_2050_COM;2029;22305;NBR;;;;;ANSD
SN1:DF_PROJ_POP_2050_COM(1.0);A10;SN-SE-BO4-3;PROJ_POP_2050_COM;2030;23022;NBR;;;;;ANSD
SN1:DF_PROJ_POP_2050_COM(1.0);A10;SN-SE-BO4-4;PROJ_POP_2050_COM;2023;18531;NBR;;;;;ANSD
SN1:DF_PROJ_POP_2050_COM(1.0);A10;SN-SE-BO4-4;PROJ_POP_2050_COM;2024;19082;NBR;;;;;ANSD
SN1:DF_PROJ_POP_2050_COM(1.0);A10;SN-SE-BO4-4;PROJ_POP_2050_COM;2025;19656;NBR;;;;;ANSD
SN1:DF_PROJ_POP_2050_COM(1.0);A10;SN-SE-BO4-4;PROJ_POP_2050_COM;2026;20257;NBR;;;;;ANSD
SN1:DF_PROJ_POP_2050_COM(1.0);A10;SN-SE-BO4-4;PROJ_POP_2050_COM;2027;20886;NBR;;;;;ANSD
SN1:DF_PROJ_POP_2050_COM(1.0);A10;SN-SE-BO4-4;PROJ_POP_2050_COM;2028;21543;NBR;;;;;ANSD
SN1:DF_PROJ_POP_2050_COM(1.0);A10;SN-SE-BO4-4;PROJ_POP_2050_COM;2029;22229;NBR;;;;;ANSD
SN1:DF_PROJ_POP_2050_COM(1.0);A10;SN-SE-BO4-4;PROJ_POP_2050_COM;2030;22944;NBR;;;;;ANSD
SN1:DF_PROJ_POP_2050_COM(1.0);A10;SN-SE-GO1-1;PROJ_POP_2050_COM;2023;15993;NBR;;;;;ANSD
SN1:DF_PROJ_POP_2050_COM(1.0);A10;SN-SE-GO1-1;PROJ_POP_2050_COM;2024;16468;NBR;;;;;ANSD
SN1:DF_PROJ_POP_2050_COM(1.0);A10;SN-SE-GO1-1;PROJ_POP_2050_COM;2025;16964;NBR;;;;;ANSD
SN1:DF_PROJ_POP_2050_COM(1.0);A10;SN-SE-GO1-1;PROJ_POP_2050_COM;2026;17483;NBR;;;;;ANSD
SN1:DF_PROJ_POP_2050_COM(1.0);A10;SN-SE-GO1-1;PROJ_POP_2050_COM;2027;18025;NBR;;;;;ANSD
SN1:DF_PROJ_POP_2050_COM(1.0);A10;SN-SE-GO1-1;PROJ_POP_2050_COM;2028;18593;NBR;;;;;ANSD
SN1:DF_PROJ_POP_2050_COM(1.0);A10;SN-SE-GO1-1;PROJ_POP_2050_COM;2029;19185;NBR;;;;;ANSD
SN1:DF_PROJ_POP_2050_COM(1.0);A10;SN-SE-GO1-1;PROJ_POP_2050_COM;2030;19802;NBR;;;;;ANSD
SN1:DF_PROJ_POP_2050_COM(1.0);A10;SN-SE-GO2-1;PROJ_POP_2050_COM;2023;12165;NBR;;;;;ANSD
SN1:DF_PROJ_POP_2050_COM(1.0);A10;SN-SE-GO2-1;PROJ_POP_2050_COM;2024;12526;NBR;;;;;ANSD
SN1:DF_PROJ_POP_2050_COM(1.0);A10;SN-SE-GO2-1;PROJ_POP_2050_COM;2025;12904;NBR;;;;;ANSD
SN1:DF_PROJ_POP_2050_COM(1.0);A10;SN-SE-GO2-1;PROJ_POP_2050_COM;2026;13298;NBR;;;;;ANSD
SN1:DF_PROJ_POP_2050_COM(1.0);A10;SN-SE-GO2-1;PROJ_POP_2050_COM;2027;13711;NBR;;;;;ANSD
SN1:DF_PROJ_POP_2050_COM(1.0);A10;SN-SE-GO2-1;PROJ_POP_2050_COM;2028;14142;NBR;;;;;ANSD
SN1:DF_PROJ_POP_2050_COM(1.0);A10;SN-SE-GO2-1;PROJ_POP_2050_COM;2029;14593;NBR;;;;;ANSD
SN1:DF_PROJ_POP_2050_COM(1.0);A10;SN-SE-GO2-1;PROJ_POP_2050_COM;2030;15062;NBR;;;;;ANSD
SN1:DF_PROJ_POP_2050_COM(1.0);A10;SN-SE-GO2-2;PROJ_POP_2050_COM;2023;5701;NBR;;;;;ANSD
SN1:DF_PROJ_POP_2050_COM(1.0);A10;SN-SE-GO2-2;PROJ_POP_2050_COM;2024;5870;NBR;;;;;ANSD
SN1:DF_PROJ_POP_2050_COM(1.0);A10;SN-SE-GO2-2;PROJ_POP_2050_COM;2025;6047;NBR;;;;;ANSD
SN1:DF_PROJ_POP_2050_COM(1.0);A10;SN-SE-GO2-2;PROJ_POP_2050_COM;2026;6232;NBR;;;;;ANSD
SN1:DF_PROJ_POP_2050_COM(1.0);A10;SN-SE-GO2-2;PROJ_POP_2050_COM;2027;6426;NBR;;;;;ANSD
SN1:DF_PROJ_POP_2050_COM(1.0);A10;SN-SE-GO2-2;PROJ_POP_2050_COM;2028;6628;NBR;;;;;ANSD
SN1:DF_PROJ_POP_2050_COM(1.0);A10;SN-SE-GO2-2;PROJ_POP_2050_COM;2029;6839;NBR;;;;;ANSD
SN1:DF_PROJ_POP_2050_COM(1.0);A10;SN-SE-GO2-2;PROJ_POP_2050_COM;2030;7059;NBR;;;;;ANSD
SN1:DF_PROJ_POP_2050_COM(1.0);A10;SN-SE-GO2-3;PROJ_POP_2050_COM;2023;13689;NBR;;;;;ANSD
SN1:DF_PROJ_POP_2050_COM(1.0);A10;SN-SE-GO2-3;PROJ_POP_2050_COM;2024;14096;NBR;;;;;ANSD
SN1:DF_PROJ_POP_2050_COM(1.0);A10;SN-SE-GO2-3;PROJ_POP_2050_COM;2025;14520;NBR;;;;;ANSD
SN1:DF_PROJ_POP_2050_COM(1.0);A10;SN-SE-GO2-3;PROJ_POP_2050_COM;2026;14964;NBR;;;;;ANSD
SN1:DF_PROJ_POP_2050_COM(1.0);A10;SN-SE-GO2-3;PROJ_POP_2050_COM;2027;15429;NBR;;;;;ANSD
SN1:DF_PROJ_POP_2050_COM(1.0);A10;SN-SE-GO2-3;PROJ_POP_2050_COM;2028;15914;NBR;;;;;ANSD
SN1:DF_PROJ_POP_2050_COM(1.0);A10;SN-SE-GO2-3;PROJ_POP_2050_COM;2029;16421;NBR;;;;;ANSD
SN1:DF_PROJ_POP_2050_COM(1.0);A10;SN-SE-GO2-3;PROJ_POP_2050_COM;2030;16949;NBR;;;;;ANSD
SN1:DF_PROJ_POP_2050_COM(1.0);A10;SN-SE-GO2-4;PROJ_POP_2050_COM;2023;23237;NBR;;;;;ANSD
SN1:DF_PROJ_POP_2050_COM(1.0);A10;SN-SE-GO2-4;PROJ_POP_2050_COM;2024;23927;NBR;;;;;ANSD
SN1:DF_PROJ_POP_2050_COM(1.0);A10;SN-SE-GO2-4;PROJ_POP_2050_COM;2025;24648;NBR;;;;;ANSD
SN1:DF_PROJ_POP_2050_COM(1.0);A10;SN-SE-GO2-4;PROJ_POP_2050_COM;2026;25402;NBR;;;;;ANSD
SN1:DF_PROJ_POP_2050_COM(1.0);A10;SN-SE-GO2-4;PROJ_POP_2050_COM;2027;26190;NBR;;;;;ANSD
SN1:DF_PROJ_POP_2050_COM(1.0);A10;SN-SE-GO2-4;PROJ_POP_2050_COM;2028;27014;NBR;;;;;ANSD
SN1:DF_PROJ_POP_2050_COM(1.0);A10;SN-SE-GO2-4;PROJ_POP_2050_COM;2029;27874;NBR;;;;;ANSD
SN1:DF_PROJ_POP_2050_COM(1.0);A10;SN-SE-GO2-4;PROJ_POP_2050_COM;2030;28771;NBR;;;;;ANSD
SN1:DF_PROJ_POP_2050_COM(1.0);A10;SN-SE-GO2-5;PROJ_POP_2050_COM;2023;15880;NBR;;;;;ANSD
SN1:DF_PROJ_POP_2050_COM(1.0);A10;SN-SE-GO2-5;PROJ_POP_2050_COM;2024;16352;NBR;;;;;ANSD
SN1:DF_PROJ_POP_2050_COM(1.0);A10;SN-SE-GO2-5;PROJ_POP_2050_COM;2025;16844;NBR;;;;;ANSD
SN1:DF_PROJ_POP_2050_COM(1.0);A10;SN-SE-GO2-5;PROJ_POP_2050_COM;2026;17359;NBR;;;;;ANSD
SN1:DF_PROJ_POP_2050_COM(1.0);A10;SN-SE-GO2-5;PROJ_POP_2050_COM;2027;17898;NBR;;;;;ANSD
SN1:DF_PROJ_POP_2050_COM(1.0);A10;SN-SE-GO2-5;PROJ_POP_2050_COM;2028;18461;NBR;;;;;ANSD
SN1:DF_PROJ_POP_2050_COM(1.0);A10;SN-SE-GO2-5;PROJ_POP_2050_COM;2029;19049;NBR;;;;;ANSD
SN1:DF_PROJ_POP_2050_COM(1.0);A10;SN-SE-GO2-5;PROJ_POP_2050_COM;2030;19662;NBR;;;;;ANSD
SN1:DF_PROJ_POP_2050_COM(1.0);A10;SN-SE-GO2-6;PROJ_POP_2050_COM;2023;4949;NBR;;;;;ANSD
SN1:DF_PROJ_POP_2050_COM(1.0);A10;SN-SE-GO2-6;PROJ_POP_2050_COM;2024;5096;NBR;;;;;ANSD
SN1:DF_PROJ_POP_2050_COM(1.0);A10;SN-SE-GO2-6;PROJ_POP_2050_COM;2025;5249;NBR;;;;;ANSD
SN1:DF_PROJ_POP_2050_COM(1.0);A10;SN-SE-GO2-6;PROJ_POP_2050_COM;2026;5410;NBR;;;;;ANSD
SN1:DF_PROJ_POP_2050_COM(1.0);A10;SN-SE-GO2-6;PROJ_POP_2050_COM;2027;5578;NBR;;;;;ANSD
SN1:DF_PROJ_POP_2050_COM(1.0);A10;SN-SE-GO2-6;PROJ_POP_2050_COM;2028;5753;NBR;;;;;ANSD
SN1:DF_PROJ_POP_2050_COM(1.0);A10;SN-SE-GO2-6;PROJ_POP_2050_COM;2029;5937;NBR;;;;;ANSD
SN1:DF_PROJ_POP_2050_COM(1.0);A10;SN-SE-GO2-6;PROJ_POP_2050_COM;2030;6128;NBR;;;;;ANSD
SN1:DF_PROJ_POP_2050_COM(1.0);A10;SN-SE-GO2-7;PROJ_POP_2050_COM;2023;6532;NBR;;;;;ANSD
SN1:DF_PROJ_POP_2050_COM(1.0);A10;SN-SE-GO2-7;PROJ_POP_2050_COM;2024;6726;NBR;;;;;ANSD
SN1:DF_PROJ_POP_2050_COM(1.0);A10;SN-SE-GO2-7;PROJ_POP_2050_COM;2025;6929;NBR;;;;;ANSD
SN1:DF_PROJ_POP_2050_COM(1.0);A10;SN-SE-GO2-7;PROJ_POP_2050_COM;2026;7140;NBR;;;;;ANSD
SN1:DF_PROJ_POP_2050_COM(1.0);A10;SN-SE-GO2-7;PROJ_POP_2050_COM;2027;7362;NBR;;;;;ANSD
SN1:DF_PROJ_POP_2050_COM(1.0);A10;SN-SE-GO2-7;PROJ_POP_2050_COM;2028;7594;NBR;;;;;ANSD
SN1:DF_PROJ_POP_2050_COM(1.0);A10;SN-SE-GO2-7;PROJ_POP_2050_COM;2029;7836;NBR;;;;;ANSD
SN1:DF_PROJ_POP_2050_COM(1.0);A10;SN-SE-GO2-7;PROJ_POP_2050_COM;2030;8088;NBR;;;;;ANSD
SN1:DF_PROJ_POP_2050_COM(1.0);A10;SN-SE-GO3-1;PROJ_POP_2050_COM;2023;18915;NBR;;;;;ANSD
SN1:DF_PROJ_POP_2050_COM(1.0);A10;SN-SE-GO3-1;PROJ_POP_2050_COM;2024;19477;NBR;;;;;ANSD
SN1:DF_PROJ_POP_2050_COM(1.0);A10;SN-SE-GO3-1;PROJ_POP_2050_COM;2025;20063;NBR;;;;;ANSD
SN1:DF_PROJ_POP_2050_COM(1.0);A10;SN-SE-GO3-1;PROJ_POP_2050_COM;2026;20677;NBR;;;;;ANSD
SN1:DF_PROJ_POP_2050_COM(1.0);A10;SN-SE-GO3-1;PROJ_POP_2050_COM;2027;21319;NBR;;;;;ANSD
SN1:DF_PROJ_POP_2050_COM(1.0);A10;SN-SE-GO3-1;PROJ_POP_2050_COM;2028;21990;NBR;;;;;ANSD
SN1:DF_PROJ_POP_2050_COM(1.0);A10;SN-SE-GO3-1;PROJ_POP_2050_COM;2029;22690;NBR;;;;;ANSD
SN1:DF_PROJ_POP_2050_COM(1.0);A10;SN-SE-GO3-1;PROJ_POP_2050_COM;2030;23420;NBR;;;;;ANSD
SN1:DF_PROJ_POP_2050_COM(1.0);A10;SN-SE-GO3-2;PROJ_POP_2050_COM;2023;12870;NBR;;;;;ANSD
SN1:DF_PROJ_POP_2050_COM(1.0);A10;SN-SE-GO3-2;PROJ_POP_2050_COM;2024;13252;NBR;;;;;ANSD
SN1:DF_PROJ_POP_2050_COM(1.0);A10;SN-SE-GO3-2;PROJ_POP_2050_COM;2025;13651;NBR;;;;;ANSD
SN1:DF_PROJ_POP_2050_COM(1.0);A10;SN-SE-GO3-2;PROJ_POP_2050_COM;2026;14069;NBR;;;;;ANSD
SN1:DF_PROJ_POP_2050_COM(1.0);A10;SN-SE-GO3-2;PROJ_POP_2050_COM;2027;14506;NBR;;;;;ANSD
SN1:DF_PROJ_POP_2050_COM(1.0);A10;SN-SE-GO3-2;PROJ_POP_2050_COM;2028;14962;NBR;;;;;ANSD
SN1:DF_PROJ_POP_2050_COM(1.0);A10;SN-SE-GO3-2;PROJ_POP_2050_COM;2029;15438;NBR;;;;;ANSD
SN1:DF_PROJ_POP_2050_COM(1.0);A10;SN-SE-GO3-2;PROJ_POP_2050_COM;2030;15935;NBR;;;;;ANSD
SN1:DF_PROJ_POP_2050_COM(1.0);A10;SN-SE-GO4-1;PROJ_POP_2050_COM;2023;14730;NBR;;;;;ANSD
SN1:DF_PROJ_POP_2050_COM(1.0);A10;SN-SE-GO4-1;PROJ_POP_2050_COM;2024;15168;NBR;;;;;ANSD
SN1:DF_PROJ_POP_2050_COM(1.0);A10;SN-SE-GO4-1;PROJ_POP_2050_COM;2025;15624;NBR;;;;;ANSD
SN1:DF_PROJ_POP_2050_COM(1.0);A10;SN-SE-GO4-1;PROJ_POP_2050_COM;2026;16102;NBR;;;;;ANSD
SN1:DF_PROJ_POP_2050_COM(1.0);A10;SN-SE-GO4-1;PROJ_POP_2050_COM;2027;16602;NBR;;;;;ANSD
SN1:DF_PROJ_POP_2050_COM(1.0);A10;SN-SE-GO4-1;PROJ_POP_2050_COM;2028;17124;NBR;;;;;ANSD
SN1:DF_PROJ_POP_2050_COM(1.0);A10;SN-SE-GO4-1;PROJ_POP_2050_COM;2029;17670;NBR;;;;;ANSD
SN1:DF_PROJ_POP_2050_COM(1.0);A10;SN-SE-GO4-1;PROJ_POP_2050_COM;2030;18238;NBR;;;;;ANSD
SN1:DF_PROJ_POP_2050_COM(1.0);A10;SN-SE-GO4-2;PROJ_POP_2050_COM;2023;16302;NBR;;;;;ANSD
SN1:DF_PROJ_POP_2050_COM(1.0);A10;SN-SE-GO4-2;PROJ_POP_2050_COM;2024;16786;NBR;;;;;ANSD
SN1:DF_PROJ_POP_2050_COM(1.0);A10;SN-SE-GO4-2;PROJ_POP_2050_COM;2025;17292;NBR;;;;;ANSD
SN1:DF_PROJ_POP_2050_COM(1.0);A10;SN-SE-GO4-2;PROJ_POP_2050_COM;2026;17821;NBR;;;;;ANSD
SN1:DF_PROJ_POP_2050_COM(1.0);A10;SN-SE-GO4-2;PROJ_POP_2050_COM;2027;18374;NBR;;;;;ANSD
SN1:DF_PROJ_POP_2050_COM(1.0);A10;SN-SE-GO4-2;PROJ_POP_2050_COM;2028;18952;NBR;;;;;ANSD
SN1:DF_PROJ_POP_2050_COM(1.0);A10;SN-SE-GO4-2;PROJ_POP_2050_COM;2029;19555;NBR;;;;;ANSD
SN1:DF_PROJ_POP_2050_COM(1.0);A10;SN-SE-GO4-2;PROJ_POP_2050_COM;2030;20184;NBR;;;;;ANSD
SN1:DF_PROJ_POP_2050_COM(1.0);A10;SN-SE-GO4-3;PROJ_POP_2050_COM;2023;13492;NBR;;;;;ANSD
SN1:DF_PROJ_POP_2050_COM(1.0);A10;SN-SE-GO4-3;PROJ_POP_2050_COM;2024;13893;NBR;;;;;ANSD
SN1:DF_PROJ_POP_2050_COM(1.0);A10;SN-SE-GO4-3;PROJ_POP_2050_COM;2025;14311;NBR;;;;;ANSD
SN1:DF_PROJ_POP_2050_COM(1.0);A10;SN-SE-GO4-3;PROJ_POP_2050_COM;2026;14749;NBR;;;;;ANSD
SN1:DF_PROJ_POP_2050_COM(1.0);A10;SN-SE-GO4-3;PROJ_POP_2050_COM;2027;15207;NBR;;;;;ANSD
SN1:DF_PROJ_POP_2050_COM(1.0);A10;SN-SE-GO4-3;PROJ_POP_2050_COM;2028;15685;NBR;;;;;ANSD
SN1:DF_PROJ_POP_2050_COM(1.0);A10;SN-SE-GO4-3;PROJ_POP_2050_COM;2029;16185;NBR;;;;;ANSD
SN1:DF_PROJ_POP_2050_COM(1.0);A10;SN-SE-GO4-3;PROJ_POP_2050_COM;2030;16705;NBR;;;;;ANSD
SN1:DF_PROJ_POP_2050_COM(1.0);A10;SN-SE-GO4-4;PROJ_POP_2050_COM;2023;6959;NBR;;;;;ANSD
SN1:DF_PROJ_POP_2050_COM(1.0);A10;SN-SE-GO4-4;PROJ_POP_2050_COM;2024;7166;NBR;;;;;ANSD
SN1:DF_PROJ_POP_2050_COM(1.0);A10;SN-SE-GO4-4;PROJ_POP_2050_COM;2025;7382;NBR;;;;;ANSD
SN1:DF_PROJ_POP_2050_COM(1.0);A10;SN-SE-GO4-4;PROJ_POP_2050_COM;2026;7607;NBR;;;;;ANSD
SN1:DF_PROJ_POP_2050_COM(1.0);A10;SN-SE-GO4-4;PROJ_POP_2050_COM;2027;7843;NBR;;;;;ANSD
SN1:DF_PROJ_POP_2050_COM(1.0);A10;SN-SE-GO4-4;PROJ_POP_2050_COM;2028;8090;NBR;;;;;ANSD
SN1:DF_PROJ_POP_2050_COM(1.0);A10;SN-SE-GO4-4;PROJ_POP_2050_COM;2029;8348;NBR;;;;;ANSD
SN1:DF_PROJ_POP_2050_COM(1.0);A10;SN-SE-GO4-4;PROJ_POP_2050_COM;2030;8616;NBR;;;;;ANSD
SN1:DF_PROJ_POP_2050_COM(1.0);A10;SN-SE-GO4-5;PROJ_POP_2050_COM;2023;6683;NBR;;;;;ANSD
SN1:DF_PROJ_POP_2050_COM(1.0);A10;SN-SE-GO4-5;PROJ_POP_2050_COM;2024;6882;NBR;;;;;ANSD
SN1:DF_PROJ_POP_2050_COM(1.0);A10;SN-SE-GO4-5;PROJ_POP_2050_COM;2025;7089;NBR;;;;;ANSD
SN1:DF_PROJ_POP_2050_COM(1.0);A10;SN-SE-GO4-5;PROJ_POP_2050_COM;2026;7306;NBR;;;;;ANSD
SN1:DF_PROJ_POP_2050_COM(1.0);A10;SN-SE-GO4-5;PROJ_POP_2050_COM;2027;7532;NBR;;;;;ANSD
SN1:DF_PROJ_POP_2050_COM(1.0);A10;SN-SE-GO4-5;PROJ_POP_2050_COM;2028;7769;NBR;;;;;ANSD
SN1:DF_PROJ_POP_2050_COM(1.0);A10;SN-SE-GO4-5;PROJ_POP_2050_COM;2029;8017;NBR;;;;;ANSD
SN1:DF_PROJ_POP_2050_COM(1.0);A10;SN-SE-GO4-5;PROJ_POP_2050_COM;2030;8275;NBR;;;;;ANSD
SN1:DF_PROJ_POP_2050_COM(1.0);A10;SN-SE-SD1-1;PROJ_POP_2050_COM;2023;31511;NBR;;;;;ANSD
SN1:DF_PROJ_POP_2050_COM(1.0);A10;SN-SE-SD1-1;PROJ_POP_2050_COM;2024;32447;NBR;;;;;ANSD
SN1:DF_PROJ_POP_2050_COM(1.0);A10;SN-SE-SD1-1;PROJ_POP_2050_COM;2025;33424;NBR;;;;;ANSD
SN1:DF_PROJ_POP_2050_COM(1.0);A10;SN-SE-SD1-1;PROJ_POP_2050_COM;2026;34446;NBR;;;;;ANSD
SN1:DF_PROJ_POP_2050_COM(1.0);A10;SN-SE-SD1-1;PROJ_POP_2050_COM;2027;35516;NBR;;;;;ANSD
SN1:DF_PROJ_POP_2050_COM(1.0);A10;SN-SE-SD1-1;PROJ_POP_2050_COM;2028;36633;NBR;;;;;ANSD
SN1:DF_PROJ_POP_2050_COM(1.0);A10;SN-SE-SD1-1;PROJ_POP_2050_COM;2029;37799;NBR;;;;;ANSD
SN1:DF_PROJ_POP_2050_COM(1.0);A10;SN-SE-SD1-1;PROJ_POP_2050_COM;2030;39016;NBR;;;;;ANSD
SN1:DF_PROJ_POP_2050_COM(1.0);A10;SN-SE-SD2-1;PROJ_POP_2050_COM;2023;9815;NBR;;;;;ANSD
SN1:DF_PROJ_POP_2050_COM(1.0);A10;SN-SE-SD2-1;PROJ_POP_2050_COM;2024;10107;NBR;;;;;ANSD
SN1:DF_PROJ_POP_2050_COM(1.0);A10;SN-SE-SD2-1;PROJ_POP_2050_COM;2025;10411;NBR;;;;;ANSD
SN1:DF_PROJ_POP_2050_COM(1.0);A10;SN-SE-SD2-1;PROJ_POP_2050_COM;2026;10729;NBR;;;;;ANSD
SN1:DF_PROJ_POP_2050_COM(1.0);A10;SN-SE-SD2-1;PROJ_POP_2050_COM;2027;11062;NBR;;;;;ANSD
SN1:DF_PROJ_POP_2050_COM(1.0);A10;SN-SE-SD2-1;PROJ_POP_2050_COM;2028;11410;NBR;;;;;ANSD
SN1:DF_PROJ_POP_2050_COM(1.0);A10;SN-SE-SD2-1;PROJ_POP_2050_COM;2029;11774;NBR;;;;;ANSD
SN1:DF_PROJ_POP_2050_COM(1.0);A10;SN-SE-SD2-1;PROJ_POP_2050_COM;2030;12153;NBR;;;;;ANSD
SN1:DF_PROJ_POP_2050_COM(1.0);A10;SN-SE-SD3-1;PROJ_POP_2050_COM;2023;16703;NBR;;;;;ANSD
SN1:DF_PROJ_POP_2050_COM(1.0);A10;SN-SE-SD3-1;PROJ_POP_2050_COM;2024;17199;NBR;;;;;ANSD
SN1:DF_PROJ_POP_2050_COM(1.0);A10;SN-SE-SD3-1;PROJ_POP_2050_COM;2025;17717;NBR;;;;;ANSD
SN1:DF_PROJ_POP_2050_COM(1.0);A10;SN-SE-SD3-1;PROJ_POP_2050_COM;2026;18259;NBR;;;;;ANSD
SN1:DF_PROJ_POP_2050_COM(1.0);A10;SN-SE-SD3-1;PROJ_POP_2050_COM;2027;18826;NBR;;;;;ANSD
SN1:DF_PROJ_POP_2050_COM(1.0);A10;SN-SE-SD3-1;PROJ_POP_2050_COM;2028;19418;NBR;;;;;ANSD
SN1:DF_PROJ_POP_2050_COM(1.0);A10;SN-SE-SD3-1;PROJ_POP_2050_COM;2029;20036;NBR;;;;;ANSD
SN1:DF_PROJ_POP_2050_COM(1.0);A10;SN-SE-SD3-1;PROJ_POP_2050_COM;2030;20681;NBR;;;;;ANSD
SN1:DF_PROJ_POP_2050_COM(1.0);A10;SN-SE-SD3-2;PROJ_POP_2050_COM;2023;11535;NBR;;;;;ANSD
SN1:DF_PROJ_POP_2050_COM(1.0);A10;SN-SE-SD3-2;PROJ_POP_2050_COM;2024;11878;NBR;;;;;ANSD
SN1:DF_PROJ_POP_2050_COM(1.0);A10;SN-SE-SD3-2;PROJ_POP_2050_COM;2025;12235;NBR;;;;;ANSD
SN1:DF_PROJ_POP_2050_COM(1.0);A10;SN-SE-SD3-2;PROJ_POP_2050_COM;2026;12610;NBR;;;;;ANSD
SN1:DF_PROJ_POP_2050_COM(1.0);A10;SN-SE-SD3-2;PROJ_POP_2050_COM;2027;13001;NBR;;;;;ANSD
SN1:DF_PROJ_POP_2050_COM(1.0);A10;SN-SE-SD3-2;PROJ_POP_2050_COM;2028;13410;NBR;;;;;ANSD
SN1:DF_PROJ_POP_2050_COM(1.0);A10;SN-SE-SD3-2;PROJ_POP_2050_COM;2029;13837;NBR;;;;;ANSD
SN1:DF_PROJ_POP_2050_COM(1.0);A10;SN-SE-SD3-2;PROJ_POP_2050_COM;2030;14282;NBR;;;;;ANSD
SN1:DF_PROJ_POP_2050_COM(1.0);A10;SN-SE-SD3-3;PROJ_POP_2050_COM;2023;9245;NBR;;;;;ANSD
SN1:DF_PROJ_POP_2050_COM(1.0);A10;SN-SE-SD3-3;PROJ_POP_2050_COM;2024;9520;NBR;;;;;ANSD
SN1:DF_PROJ_POP_2050_COM(1.0);A10;SN-SE-SD3-3;PROJ_POP_2050_COM;2025;9806;NBR;;;;;ANSD
SN1:DF_PROJ_POP_2050_COM(1.0);A10;SN-SE-SD3-3;PROJ_POP_2050_COM;2026;10106;NBR;;;;;ANSD
SN1:DF_PROJ_POP_2050_COM(1.0);A10;SN-SE-SD3-3;PROJ_POP_2050_COM;2027;10420;NBR;;;;;ANSD
SN1:DF_PROJ_POP_2050_COM(1.0);A10;SN-SE-SD3-3;PROJ_POP_2050_COM;2028;10748;NBR;;;;;ANSD
SN1:DF_PROJ_POP_2050_COM(1.0);A10;SN-SE-SD3-3;PROJ_POP_2050_COM;2029;11090;NBR;;;;;ANSD
SN1:DF_PROJ_POP_2050_COM(1.0);A10;SN-SE-SD3-3;PROJ_POP_2050_COM;2030;11447;NBR;;;;;ANSD
SN1:DF_PROJ_POP_2050_COM(1.0);A10;SN-SE-SD3-4;PROJ_POP_2050_COM;2023;12759;NBR;;;;;ANSD
SN1:DF_PROJ_POP_2050_COM(1.0);A10;SN-SE-SD3-4;PROJ_POP_2050_COM;2024;13138;NBR;;;;;ANSD
SN1:DF_PROJ_POP_2050_COM(1.0);A10;SN-SE-SD3-4;PROJ_POP_2050_COM;2025;13534;NBR;;;;;ANSD
SN1:DF_PROJ_POP_2050_COM(1.0);A10;SN-SE-SD3-4;PROJ_POP_2050_COM;2026;13948;NBR;;;;;ANSD
SN1:DF_PROJ_POP_2050_COM(1.0);A10;SN-SE-SD3-4;PROJ_POP_2050_COM;2027;14380;NBR;;;;;ANSD
SN1:DF_PROJ_POP_2050_COM(1.0);A10;SN-SE-SD3-4;PROJ_POP_2050_COM;2028;14833;NBR;;;;;ANSD
SN1:DF_PROJ_POP_2050_COM(1.0);A10;SN-SE-SD3-4;PROJ_POP_2050_COM;2029;15305;NBR;;;;;ANSD
SN1:DF_PROJ_POP_2050_COM(1.0);A10;SN-SE-SD3-4;PROJ_POP_2050_COM;2030;15798;NBR;;;;;ANSD
SN1:DF_PROJ_POP_2050_COM(1.0);A10;SN-SE-SD3-5;PROJ_POP_2050_COM;2023;11972;NBR;;;;;ANSD
SN1:DF_PROJ_POP_2050_COM(1.0);A10;SN-SE-SD3-5;PROJ_POP_2050_COM;2024;12328;NBR;;;;;ANSD
SN1:DF_PROJ_POP_2050_COM(1.0);A10;SN-SE-SD3-5;PROJ_POP_2050_COM;2025;12699;NBR;;;;;ANSD
SN1:DF_PROJ_POP_2050_COM(1.0);A10;SN-SE-SD3-5;PROJ_POP_2050_COM;2026;13087;NBR;;;;;ANSD
SN1:DF_PROJ_POP_2050_COM(1.0);A10;SN-SE-SD3-5;PROJ_POP_2050_COM;2027;13493;NBR;;;;;ANSD
SN1:DF_PROJ_POP_2050_COM(1.0);A10;SN-SE-SD3-5;PROJ_POP_2050_COM;2028;13918;NBR;;;;;ANSD
SN1:DF_PROJ_POP_2050_COM(1.0);A10;SN-SE-SD3-5;PROJ_POP_2050_COM;2029;14361;NBR;;;;;ANSD
SN1:DF_PROJ_POP_2050_COM(1.0);A10;SN-SE-SD3-5;PROJ_POP_2050_COM;2030;14823;NBR;;;;;ANSD
SN1:DF_PROJ_POP_2050_COM(1.0);A10;SN-SE-SD3-6;PROJ_POP_2050_COM;2023;4357;NBR;;;;;ANSD
SN1:DF_PROJ_POP_2050_COM(1.0);A10;SN-SE-SD3-6;PROJ_POP_2050_COM;2024;4486;NBR;;;;;ANSD
SN1:DF_PROJ_POP_2050_COM(1.0);A10;SN-SE-SD3-6;PROJ_POP_2050_COM;2025;4622;NBR;;;;;ANSD
SN1:DF_PROJ_POP_2050_COM(1.0);A10;SN-SE-SD3-6;PROJ_POP_2050_COM;2026;4763;NBR;;;;;ANSD
SN1:DF_PROJ_POP_2050_COM(1.0);A10;SN-SE-SD3-6;PROJ_POP_2050_COM;2027;4911;NBR;;;;;ANSD
SN1:DF_PROJ_POP_2050_COM(1.0);A10;SN-SE-SD3-6;PROJ_POP_2050_COM;2028;5065;NBR;;;;;ANSD
SN1:DF_PROJ_POP_2050_COM(1.0);A10;SN-SE-SD3-6;PROJ_POP_2050_COM;2029;5227;NBR;;;;;ANSD
SN1:DF_PROJ_POP_2050_COM(1.0);A10;SN-SE-SD3-6;PROJ_POP_2050_COM;2030;5395;NBR;;;;;ANSD
SN1:DF_PROJ_POP_2050_COM(1.0);A10;SN-SE-SD3-7;PROJ_POP_2050_COM;2023;3272;NBR;;;;;ANSD
SN1:DF_PROJ_POP_2050_COM(1.0);A10;SN-SE-SD3-7;PROJ_POP_2050_COM;2024;3369;NBR;;;;;ANSD
SN1:DF_PROJ_POP_2050_COM(1.0);A10;SN-SE-SD3-7;PROJ_POP_2050_COM;2025;3471;NBR;;;;;ANSD
SN1:DF_PROJ_POP_2050_COM(1.0);A10;SN-SE-SD3-7;PROJ_POP_2050_COM;2026;3577;NBR;;;;;ANSD
SN1:DF_PROJ_POP_2050_COM(1.0);A10;SN-SE-SD3-7;PROJ_POP_2050_COM;2027;3688;NBR;;;;;ANSD
SN1:DF_PROJ_POP_2050_COM(1.0);A10;SN-SE-SD3-7;PROJ_POP_2050_COM;2028;3804;NBR;;;;;ANSD
SN1:DF_PROJ_POP_2050_COM(1.0);A10;SN-SE-SD3-7;PROJ_POP_2050_COM;2029;3925;NBR;;;;;ANSD
SN1:DF_PROJ_POP_2050_COM(1.0);A10;SN-SE-SD3-7;PROJ_POP_2050_COM;2030;4051;NBR;;;;;ANSD
SN1:DF_PROJ_POP_2050_COM(1.0);A10;SN-SE-SD4-1;PROJ_POP_2050_COM;2023;13816;NBR;;;;;ANSD
SN1:DF_PROJ_POP_2050_COM(1.0);A10;SN-SE-SD4-1;PROJ_POP_2050_COM;2024;14226;NBR;;;;;ANSD
SN1:DF_PROJ_POP_2050_COM(1.0);A10;SN-SE-SD4-1;PROJ_POP_2050_COM;2025;14655;NBR;;;;;ANSD
SN1:DF_PROJ_POP_2050_COM(1.0);A10;SN-SE-SD4-1;PROJ_POP_2050_COM;2026;15103;NBR;;;;;ANSD
SN1:DF_PROJ_POP_2050_COM(1.0);A10;SN-SE-SD4-1;PROJ_POP_2050_COM;2027;15572;NBR;;;;;ANSD
SN1:DF_PROJ_POP_2050_COM(1.0);A10;SN-SE-SD4-1;PROJ_POP_2050_COM;2028;16062;NBR;;;;;ANSD
SN1:DF_PROJ_POP_2050_COM(1.0);A10;SN-SE-SD4-1;PROJ_POP_2050_COM;2029;16573;NBR;;;;;ANSD
SN1:DF_PROJ_POP_2050_COM(1.0);A10;SN-SE-SD4-1;PROJ_POP_2050_COM;2030;17106;NBR;;;;;ANSD
SN1:DF_PROJ_POP_2050_COM(1.0);A10;SN-SE-SD4-2;PROJ_POP_2050_COM;2023;18095;NBR;;;;;ANSD
SN1:DF_PROJ_POP_2050_COM(1.0);A10;SN-SE-SD4-2;PROJ_POP_2050_COM;2024;18633;NBR;;;;;ANSD
SN1:DF_PROJ_POP_2050_COM(1.0);A10;SN-SE-SD4-2;PROJ_POP_2050_COM;2025;19194;NBR;;;;;ANSD
SN1:DF_PROJ_POP_2050_COM(1.0);A10;SN-SE-SD4-2;PROJ_POP_2050_COM;2026;19781;NBR;;;;;ANSD
SN1:DF_PROJ_POP_2050_COM(1.0);A10;SN-SE-SD4-2;PROJ_POP_2050_COM;2027;20395;NBR;;;;;ANSD
SN1:DF_PROJ_POP_2050_COM(1.0);A10;SN-SE-SD4-2;PROJ_POP_2050_COM;2028;21036;NBR;;;;;ANSD
SN1:DF_PROJ_POP_2050_COM(1.0);A10;SN-SE-SD4-2;PROJ_POP_2050_COM;2029;21706;NBR;;;;;ANSD
SN1:DF_PROJ_POP_2050_COM(1.0);A10;SN-SE-SD4-2;PROJ_POP_2050_COM;2030;22405;NBR;;;;;ANSD
SN1:DF_PROJ_POP_2050_COM(1.0);A10;SN-SE-SD4-3;PROJ_POP_2050_COM;2023;6845;NBR;;;;;ANSD
SN1:DF_PROJ_POP_2050_COM(1.0);A10;SN-SE-SD4-3;PROJ_POP_2050_COM;2024;7048;NBR;;;;;ANSD
SN1:DF_PROJ_POP_2050_COM(1.0);A10;SN-SE-SD4-3;PROJ_POP_2050_COM;2025;7261;NBR;;;;;ANSD
SN1:DF_PROJ_POP_2050_COM(1.0);A10;SN-SE-SD4-3;PROJ_POP_2050_COM;2026;7483;NBR;;;;;ANSD
SN1:DF_PROJ_POP_2050_COM(1.0);A10;SN-SE-SD4-3;PROJ_POP_2050_COM;2027;7715;NBR;;;;;ANSD
SN1:DF_PROJ_POP_2050_COM(1.0);A10;SN-SE-SD4-3;PROJ_POP_2050_COM;2028;7958;NBR;;;;;ANSD
SN1:DF_PROJ_POP_2050_COM(1.0);A10;SN-SE-SD4-3;PROJ_POP_2050_COM;2029;8211;NBR;;;;;ANSD
SN1:DF_PROJ_POP_2050_COM(1.0);A10;SN-SE-SD4-3;PROJ_POP_2050_COM;2030;8475;NBR;;;;;ANSD
SN1:DF_PROJ_POP_2050_COM(1.0);A10;SN-SE-SD5-1;PROJ_POP_2050_COM;2023;20424;NBR;;;;;ANSD
SN1:DF_PROJ_POP_2050_COM(1.0);A10;SN-SE-SD5-1;PROJ_POP_2050_COM;2024;21031;NBR;;;;;ANSD
SN1:DF_PROJ_POP_2050_COM(1.0);A10;SN-SE-SD5-1;PROJ_POP_2050_COM;2025;21664;NBR;;;;;ANSD
SN1:DF_PROJ_POP_2050_COM(1.0);A10;SN-SE-SD5-1;PROJ_POP_2050_COM;2026;22327;NBR;;;;;ANSD
SN1:DF_PROJ_POP_2050_COM(1.0);A10;SN-SE-SD5-1;PROJ_POP_2050_COM;2027;23020;NBR;;;;;ANSD
SN1:DF_PROJ_POP_2050_COM(1.0);A10;SN-SE-SD5-1;PROJ_POP_2050_COM;2028;23744;NBR;;;;;ANSD
SN1:DF_PROJ_POP_2050_COM(1.0);A10;SN-SE-SD5-1;PROJ_POP_2050_COM;2029;24500;NBR;;;;;ANSD
SN1:DF_PROJ_POP_2050_COM(1.0);A10;SN-SE-SD5-1;PROJ_POP_2050_COM;2030;25288;NBR;;;;;ANSD
SN1:DF_PROJ_POP_2050_COM(1.0);A10;SN-SE-SD5-2;PROJ_POP_2050_COM;2023;22946;NBR;;;;;ANSD
SN1:DF_PROJ_POP_2050_COM(1.0);A10;SN-SE-SD5-2;PROJ_POP_2050_COM;2024;23628;NBR;;;;;ANSD
SN1:DF_PROJ_POP_2050_COM(1.0);A10;SN-SE-SD5-2;PROJ_POP_2050_COM;2025;24339;NBR;;;;;ANSD
SN1:DF_PROJ_POP_2050_COM(1.0);A10;SN-SE-SD5-2;PROJ_POP_2050_COM;2026;25084;NBR;;;;;ANSD
SN1:DF_PROJ_POP_2050_COM(1.0);A10;SN-SE-SD5-2;PROJ_POP_2050_COM;2027;25862;NBR;;;;;ANSD
SN1:DF_PROJ_POP_2050_COM(1.0);A10;SN-SE-SD5-2;PROJ_POP_2050_COM;2028;26676;NBR;;;;;ANSD
SN1:DF_PROJ_POP_2050_COM(1.0);A10;SN-SE-SD5-2;PROJ_POP_2050_COM;2029;27525;NBR;;;;;ANSD
SN1:DF_PROJ_POP_2050_COM(1.0);A10;SN-SE-SD5-2;PROJ_POP_2050_COM;2030;28411;NBR;;;;;ANSD
SN1:DF_PROJ_POP_2050_COM(1.0);A10;SN-SL-DA1-1;PROJ_POP_2050_COM;2023;26568;NBR;;;;;ANSD
SN1:DF_PROJ_POP_2050_COM(1.0);A10;SN-SL-DA1-1;PROJ_POP_2050_COM;2024;27190;NBR;;;;;ANSD
SN1:DF_PROJ_POP_2050_COM(1.0);A10;SN-SL-DA1-1;PROJ_POP_2050_COM;2025;27834;NBR;;;;;ANSD
SN1:DF_PROJ_POP_2050_COM(1.0);A10;SN-SL-DA1-1;PROJ_POP_2050_COM;2026;28499;NBR;;;;;ANSD
SN1:DF_PROJ_POP_2050_COM(1.0);A10;SN-SL-DA1-1;PROJ_POP_2050_COM;2027;29185;NBR;;;;;ANSD
SN1:DF_PROJ_POP_2050_COM(1.0);A10;SN-SL-DA1-1;PROJ_POP_2050_COM;2028;29893;NBR;;;;;ANSD
SN1:DF_PROJ_POP_2050_COM(1.0);A10;SN-SL-DA1-1;PROJ_POP_2050_COM;2029;30623;NBR;;;;;ANSD
SN1:DF_PROJ_POP_2050_COM(1.0);A10;SN-SL-DA1-1;PROJ_POP_2050_COM;2030;31372;NBR;;;;;ANSD
SN1:DF_PROJ_POP_2050_COM(1.0);A10;SN-SL-DA2-1;PROJ_POP_2050_COM;2023;73147;NBR;;;;;ANSD
SN1:DF_PROJ_POP_2050_COM(1.0);A10;SN-SL-DA2-1;PROJ_POP_2050_COM;2024;74860;NBR;;;;;ANSD
SN1:DF_PROJ_POP_2050_COM(1.0);A10;SN-SL-DA2-1;PROJ_POP_2050_COM;2025;76631;NBR;;;;;ANSD
SN1:DF_PROJ_POP_2050_COM(1.0);A10;SN-SL-DA2-1;PROJ_POP_2050_COM;2026;78462;NBR;;;;;ANSD
SN1:DF_PROJ_POP_2050_COM(1.0);A10;SN-SL-DA2-1;PROJ_POP_2050_COM;2027;80353;NBR;;;;;ANSD
SN1:DF_PROJ_POP_2050_COM(1.0);A10;SN-SL-DA2-1;PROJ_POP_2050_COM;2028;82303;NBR;;;;;ANSD
SN1:DF_PROJ_POP_2050_COM(1.0);A10;SN-SL-DA2-1;PROJ_POP_2050_COM;2029;84310;NBR;;;;;ANSD
SN1:DF_PROJ_POP_2050_COM(1.0);A10;SN-SL-DA2-1;PROJ_POP_2050_COM;2030;86375;NBR;;;;;ANSD
SN1:DF_PROJ_POP_2050_COM(1.0);A10;SN-SL-DA3-1;PROJ_POP_2050_COM;2023;40754;NBR;;;;;ANSD
SN1:DF_PROJ_POP_2050_COM(1.0);A10;SN-SL-DA3-1;PROJ_POP_2050_COM;2024;41708;NBR;;;;;ANSD
SN1:DF_PROJ_POP_2050_COM(1.0);A10;SN-SL-DA3-1;PROJ_POP_2050_COM;2025;42695;NBR;;;;;ANSD
SN1:DF_PROJ_POP_2050_COM(1.0);A10;SN-SL-DA3-1;PROJ_POP_2050_COM;2026;43715;NBR;;;;;ANSD
SN1:DF_PROJ_POP_2050_COM(1.0);A10;SN-SL-DA3-1;PROJ_POP_2050_COM;2027;44769;NBR;;;;;ANSD
SN1:DF_PROJ_POP_2050_COM(1.0);A10;SN-SL-DA3-1;PROJ_POP_2050_COM;2028;45855;NBR;;;;;ANSD
SN1:DF_PROJ_POP_2050_COM(1.0);A10;SN-SL-DA3-1;PROJ_POP_2050_COM;2029;46974;NBR;;;;;ANSD
SN1:DF_PROJ_POP_2050_COM(1.0);A10;SN-SL-DA3-1;PROJ_POP_2050_COM;2030;48124;NBR;;;;;ANSD
SN1:DF_PROJ_POP_2050_COM(1.0);A10;SN-SL-DA3-2;PROJ_POP_2050_COM;2023;22651;NBR;;;;;ANSD
SN1:DF_PROJ_POP_2050_COM(1.0);A10;SN-SL-DA3-2;PROJ_POP_2050_COM;2024;23181;NBR;;;;;ANSD
SN1:DF_PROJ_POP_2050_COM(1.0);A10;SN-SL-DA3-2;PROJ_POP_2050_COM;2025;23730;NBR;;;;;ANSD
SN1:DF_PROJ_POP_2050_COM(1.0);A10;SN-SL-DA3-2;PROJ_POP_2050_COM;2026;24297;NBR;;;;;ANSD
SN1:DF_PROJ_POP_2050_COM(1.0);A10;SN-SL-DA3-2;PROJ_POP_2050_COM;2027;24882;NBR;;;;;ANSD
SN1:DF_PROJ_POP_2050_COM(1.0);A10;SN-SL-DA3-2;PROJ_POP_2050_COM;2028;25486;NBR;;;;;ANSD
SN1:DF_PROJ_POP_2050_COM(1.0);A10;SN-SL-DA3-2;PROJ_POP_2050_COM;2029;26108;NBR;;;;;ANSD
SN1:DF_PROJ_POP_2050_COM(1.0);A10;SN-SL-DA3-2;PROJ_POP_2050_COM;2030;26747;NBR;;;;;ANSD
SN1:DF_PROJ_POP_2050_COM(1.0);A10;SN-SL-DA3-3;PROJ_POP_2050_COM;2023;12296;NBR;;;;;ANSD
SN1:DF_PROJ_POP_2050_COM(1.0);A10;SN-SL-DA3-3;PROJ_POP_2050_COM;2024;12584;NBR;;;;;ANSD
SN1:DF_PROJ_POP_2050_COM(1.0);A10;SN-SL-DA3-3;PROJ_POP_2050_COM;2025;12882;NBR;;;;;ANSD
SN1:DF_PROJ_POP_2050_COM(1.0);A10;SN-SL-DA3-3;PROJ_POP_2050_COM;2026;13190;NBR;;;;;ANSD
SN1:DF_PROJ_POP_2050_COM(1.0);A10;SN-SL-DA3-3;PROJ_POP_2050_COM;2027;13507;NBR;;;;;ANSD
SN1:DF_PROJ_POP_2050_COM(1.0);A10;SN-SL-DA3-3;PROJ_POP_2050_COM;2028;13835;NBR;;;;;ANSD
SN1:DF_PROJ_POP_2050_COM(1.0);A10;SN-SL-DA3-3;PROJ_POP_2050_COM;2029;14173;NBR;;;;;ANSD
SN1:DF_PROJ_POP_2050_COM(1.0);A10;SN-SL-DA3-3;PROJ_POP_2050_COM;2030;14520;NBR;;;;;ANSD
SN1:DF_PROJ_POP_2050_COM(1.0);A10;SN-SL-DA3-4;PROJ_POP_2050_COM;2023;6180;NBR;;;;;ANSD
SN1:DF_PROJ_POP_2050_COM(1.0);A10;SN-SL-DA3-4;PROJ_POP_2050_COM;2024;6325;NBR;;;;;ANSD
SN1:DF_PROJ_POP_2050_COM(1.0);A10;SN-SL-DA3-4;PROJ_POP_2050_COM;2025;6474;NBR;;;;;ANSD
SN1:DF_PROJ_POP_2050_COM(1.0);A10;SN-SL-DA3-4;PROJ_POP_2050_COM;2026;6629;NBR;;;;;ANSD
SN1:DF_PROJ_POP_2050_COM(1.0);A10;SN-SL-DA3-4;PROJ_POP_2050_COM;2027;6789;NBR;;;;;ANSD
SN1:DF_PROJ_POP_2050_COM(1.0);A10;SN-SL-DA3-4;PROJ_POP_2050_COM;2028;6954;NBR;;;;;ANSD
SN1:DF_PROJ_POP_2050_COM(1.0);A10;SN-SL-DA3-4;PROJ_POP_2050_COM;2029;7123;NBR;;;;;ANSD
SN1:DF_PROJ_POP_2050_COM(1.0);A10;SN-SL-DA3-4;PROJ_POP_2050_COM;2030;7298;NBR;;;;;ANSD
SN1:DF_PROJ_POP_2050_COM(1.0);A10;SN-SL-DA4-1;PROJ_POP_2050_COM;2023;48498;NBR;;;;;ANSD
SN1:DF_PROJ_POP_2050_COM(1.0);A10;SN-SL-DA4-1;PROJ_POP_2050_COM;2024;49634;NBR;;;;;ANSD
SN1:DF_PROJ_POP_2050_COM(1.0);A10;SN-SL-DA4-1;PROJ_POP_2050_COM;2025;50808;NBR;;;;;ANSD
SN1:DF_PROJ_POP_2050_COM(1.0);A10;SN-SL-DA4-1;PROJ_POP_2050_COM;2026;52022;NBR;;;;;ANSD
SN1:DF_PROJ_POP_2050_COM(1.0);A10;SN-SL-DA4-1;PROJ_POP_2050_COM;2027;53276;NBR;;;;;ANSD
SN1:DF_PROJ_POP_2050_COM(1.0);A10;SN-SL-DA4-1;PROJ_POP_2050_COM;2028;54568;NBR;;;;;ANSD
SN1:DF_PROJ_POP_2050_COM(1.0);A10;SN-SL-DA4-1;PROJ_POP_2050_COM;2029;55899;NBR;;;;;ANSD
SN1:DF_PROJ_POP_2050_COM(1.0);A10;SN-SL-DA4-1;PROJ_POP_2050_COM;2030;57268;NBR;;;;;ANSD
SN1:DF_PROJ_POP_2050_COM(1.0);A10;SN-SL-DA4-2;PROJ_POP_2050_COM;2023;32709;NBR;;;;;ANSD
SN1:DF_PROJ_POP_2050_COM(1.0);A10;SN-SL-DA4-2;PROJ_POP_2050_COM;2024;33475;NBR;;;;;ANSD
SN1:DF_PROJ_POP_2050_COM(1.0);A10;SN-SL-DA4-2;PROJ_POP_2050_COM;2025;34267;NBR;;;;;ANSD
SN1:DF_PROJ_POP_2050_COM(1.0);A10;SN-SL-DA4-2;PROJ_POP_2050_COM;2026;35086;NBR;;;;;ANSD
SN1:DF_PROJ_POP_2050_COM(1.0);A10;SN-SL-DA4-2;PROJ_POP_2050_COM;2027;35931;NBR;;;;;ANSD
SN1:DF_PROJ_POP_2050_COM(1.0);A10;SN-SL-DA4-2;PROJ_POP_2050_COM;2028;36803;NBR;;;;;ANSD
SN1:DF_PROJ_POP_2050_COM(1.0);A10;SN-SL-DA4-2;PROJ_POP_2050_COM;2029;37701;NBR;;;;;ANSD
SN1:DF_PROJ_POP_2050_COM(1.0);A10;SN-SL-DA4-2;PROJ_POP_2050_COM;2030;38624;NBR;;;;;ANSD
SN1:DF_PROJ_POP_2050_COM(1.0);A10;SN-SL-DA4-3;PROJ_POP_2050_COM;2023;27736;NBR;;;;;ANSD
SN1:DF_PROJ_POP_2050_COM(1.0);A10;SN-SL-DA4-3;PROJ_POP_2050_COM;2024;28386;NBR;;;;;ANSD
SN1:DF_PROJ_POP_2050_COM(1.0);A10;SN-SL-DA4-3;PROJ_POP_2050_COM;2025;29057;NBR;;;;;ANSD
SN1:DF_PROJ_POP_2050_COM(1.0);A10;SN-SL-DA4-3;PROJ_POP_2050_COM;2026;29751;NBR;;;;;ANSD
SN1:DF_PROJ_POP_2050_COM(1.0);A10;SN-SL-DA4-3;PROJ_POP_2050_COM;2027;30468;NBR;;;;;ANSD
SN1:DF_PROJ_POP_2050_COM(1.0);A10;SN-SL-DA4-3;PROJ_POP_2050_COM;2028;31208;NBR;;;;;ANSD
SN1:DF_PROJ_POP_2050_COM(1.0);A10;SN-SL-DA4-3;PROJ_POP_2050_COM;2029;31969;NBR;;;;;ANSD
SN1:DF_PROJ_POP_2050_COM(1.0);A10;SN-SL-DA4-3;PROJ_POP_2050_COM;2030;32752;NBR;;;;;ANSD
SN1:DF_PROJ_POP_2050_COM(1.0);A10;SN-SL-DA4-4;PROJ_POP_2050_COM;2023;16225;NBR;;;;;ANSD
SN1:DF_PROJ_POP_2050_COM(1.0);A10;SN-SL-DA4-4;PROJ_POP_2050_COM;2024;16605;NBR;;;;;ANSD
SN1:DF_PROJ_POP_2050_COM(1.0);A10;SN-SL-DA4-4;PROJ_POP_2050_COM;2025;16998;NBR;;;;;ANSD
SN1:DF_PROJ_POP_2050_COM(1.0);A10;SN-SL-DA4-4;PROJ_POP_2050_COM;2026;17404;NBR;;;;;ANSD
SN1:DF_PROJ_POP_2050_COM(1.0);A10;SN-SL-DA4-4;PROJ_POP_2050_COM;2027;17823;NBR;;;;;ANSD
SN1:DF_PROJ_POP_2050_COM(1.0);A10;SN-SL-DA4-4;PROJ_POP_2050_COM;2028;18256;NBR;;;;;ANSD
SN1:DF_PROJ_POP_2050_COM(1.0);A10;SN-SL-DA4-4;PROJ_POP_2050_COM;2029;18701;NBR;;;;;ANSD
SN1:DF_PROJ_POP_2050_COM(1.0);A10;SN-SL-DA4-4;PROJ_POP_2050_COM;2030;19159;NBR;;;;;ANSD
SN1:DF_PROJ_POP_2050_COM(1.0);A10;SN-SL-DA4-5;PROJ_POP_2050_COM;2023;22299;NBR;;;;;ANSD
SN1:DF_PROJ_POP_2050_COM(1.0);A10;SN-SL-DA4-5;PROJ_POP_2050_COM;2024;22821;NBR;;;;;ANSD
SN1:DF_PROJ_POP_2050_COM(1.0);A10;SN-SL-DA4-5;PROJ_POP_2050_COM;2025;23361;NBR;;;;;ANSD
SN1:DF_PROJ_POP_2050_COM(1.0);A10;SN-SL-DA4-5;PROJ_POP_2050_COM;2026;23919;NBR;;;;;ANSD
SN1:DF_PROJ_POP_2050_COM(1.0);A10;SN-SL-DA4-5;PROJ_POP_2050_COM;2027;24496;NBR;;;;;ANSD
SN1:DF_PROJ_POP_2050_COM(1.0);A10;SN-SL-DA4-5;PROJ_POP_2050_COM;2028;25090;NBR;;;;;ANSD
SN1:DF_PROJ_POP_2050_COM(1.0);A10;SN-SL-DA4-5;PROJ_POP_2050_COM;2029;25702;NBR;;;;;ANSD
SN1:DF_PROJ_POP_2050_COM(1.0);A10;SN-SL-DA4-5;PROJ_POP_2050_COM;2030;26331;NBR;;;;;ANSD
SN1:DF_PROJ_POP_2050_COM(1.0);A10;SN-SL-PO1-1;PROJ_POP_2050_COM;2023;12512;NBR;;;;;ANSD
SN1:DF_PROJ_POP_2050_COM(1.0);A10;SN-SL-PO1-1;PROJ_POP_2050_COM;2024;12805;NBR;;;;;ANSD
SN1:DF_PROJ_POP_2050_COM(1.0);A10;SN-SL-PO1-1;PROJ_POP_2050_COM;2025;13108;NBR;;;;;ANSD
SN1:DF_PROJ_POP_2050_COM(1.0);A10;SN-SL-PO1-1;PROJ_POP_2050_COM;2026;13421;NBR;;;;;ANSD
SN1:DF_PROJ_POP_2050_COM(1.0);A10;SN-SL-PO1-1;PROJ_POP_2050_COM;2027;13745;NBR;;;;;ANSD
SN1:DF_PROJ_POP_2050_COM(1.0);A10;SN-SL-PO1-1;PROJ_POP_2050_COM;2028;14078;NBR;;;;;ANSD
SN1:DF_PROJ_POP_2050_COM(1.0);A10;SN-SL-PO1-1;PROJ_POP_2050_COM;2029;14422;NBR;;;;;ANSD
SN1:DF_PROJ_POP_2050_COM(1.0);A10;SN-SL-PO1-1;PROJ_POP_2050_COM;2030;14775;NBR;;;;;ANSD
SN1:DF_PROJ_POP_2050_COM(1.0);A10;SN-SL-PO2-1;PROJ_POP_2050_COM;2023;20270;NBR;;;;;ANSD
SN1:DF_PROJ_POP_2050_COM(1.0);A10;SN-SL-PO2-1;PROJ_POP_2050_COM;2024;20745;NBR;;;;;ANSD
SN1:DF_PROJ_POP_2050_COM(1.0);A10;SN-SL-PO2-1;PROJ_POP_2050_COM;2025;21236;NBR;;;;;ANSD
SN1:DF_PROJ_POP_2050_COM(1.0);A10;SN-SL-PO2-1;PROJ_POP_2050_COM;2026;21743;NBR;;;;;ANSD
SN1:DF_PROJ_POP_2050_COM(1.0);A10;SN-SL-PO2-1;PROJ_POP_2050_COM;2027;22267;NBR;;;;;ANSD
SN1:DF_PROJ_POP_2050_COM(1.0);A10;SN-SL-PO2-1;PROJ_POP_2050_COM;2028;22807;NBR;;;;;ANSD
SN1:DF_PROJ_POP_2050_COM(1.0);A10;SN-SL-PO2-1;PROJ_POP_2050_COM;2029;23363;NBR;;;;;ANSD
SN1:DF_PROJ_POP_2050_COM(1.0);A10;SN-SL-PO2-1;PROJ_POP_2050_COM;2030;23936;NBR;;;;;ANSD
SN1:DF_PROJ_POP_2050_COM(1.0);A10;SN-SL-PO3-1;PROJ_POP_2050_COM;2023;41491;NBR;;;;;ANSD
SN1:DF_PROJ_POP_2050_COM(1.0);A10;SN-SL-PO3-1;PROJ_POP_2050_COM;2024;42463;NBR;;;;;ANSD
SN1:DF_PROJ_POP_2050_COM(1.0);A10;SN-SL-PO3-1;PROJ_POP_2050_COM;2025;43467;NBR;;;;;ANSD
SN1:DF_PROJ_POP_2050_COM(1.0);A10;SN-SL-PO3-1;PROJ_POP_2050_COM;2026;44506;NBR;;;;;ANSD
SN1:DF_PROJ_POP_2050_COM(1.0);A10;SN-SL-PO3-1;PROJ_POP_2050_COM;2027;45578;NBR;;;;;ANSD
SN1:DF_PROJ_POP_2050_COM(1.0);A10;SN-SL-PO3-1;PROJ_POP_2050_COM;2028;46684;NBR;;;;;ANSD
SN1:DF_PROJ_POP_2050_COM(1.0);A10;SN-SL-PO3-1;PROJ_POP_2050_COM;2029;47823;NBR;;;;;ANSD
SN1:DF_PROJ_POP_2050_COM(1.0);A10;SN-SL-PO3-1;PROJ_POP_2050_COM;2030;48994;NBR;;;;;ANSD
SN1:DF_PROJ_POP_2050_COM(1.0);A10;SN-SL-PO3-2;PROJ_POP_2050_COM;2023;43611;NBR;;;;;ANSD
SN1:DF_PROJ_POP_2050_COM(1.0);A10;SN-SL-PO3-2;PROJ_POP_2050_COM;2024;44632;NBR;;;;;ANSD
SN1:DF_PROJ_POP_2050_COM(1.0);A10;SN-SL-PO3-2;PROJ_POP_2050_COM;2025;45688;NBR;;;;;ANSD
SN1:DF_PROJ_POP_2050_COM(1.0);A10;SN-SL-PO3-2;PROJ_POP_2050_COM;2026;46780;NBR;;;;;ANSD
SN1:DF_PROJ_POP_2050_COM(1.0);A10;SN-SL-PO3-2;PROJ_POP_2050_COM;2027;47907;NBR;;;;;ANSD
SN1:DF_PROJ_POP_2050_COM(1.0);A10;SN-SL-PO3-2;PROJ_POP_2050_COM;2028;49070;NBR;;;;;ANSD
SN1:DF_PROJ_POP_2050_COM(1.0);A10;SN-SL-PO3-2;PROJ_POP_2050_COM;2029;50267;NBR;;;;;ANSD
SN1:DF_PROJ_POP_2050_COM(1.0);A10;SN-SL-PO3-2;PROJ_POP_2050_COM;2030;51497;NBR;;;;;ANSD
SN1:DF_PROJ_POP_2050_COM(1.0);A10;SN-SL-PO3-3;PROJ_POP_2050_COM;2023;22731;NBR;;;;;ANSD
SN1:DF_PROJ_POP_2050_COM(1.0);A10;SN-SL-PO3-3;PROJ_POP_2050_COM;2024;23263;NBR;;;;;ANSD
SN1:DF_PROJ_POP_2050_COM(1.0);A10;SN-SL-PO3-3;PROJ_POP_2050_COM;2025;23814;NBR;;;;;ANSD
SN1:DF_PROJ_POP_2050_COM(1.0);A10;SN-SL-PO3-3;PROJ_POP_2050_COM;2026;24383;NBR;;;;;ANSD
SN1:DF_PROJ_POP_2050_COM(1.0);A10;SN-SL-PO3-3;PROJ_POP_2050_COM;2027;24970;NBR;;;;;ANSD
SN1:DF_PROJ_POP_2050_COM(1.0);A10;SN-SL-PO3-3;PROJ_POP_2050_COM;2028;25576;NBR;;;;;ANSD
SN1:DF_PROJ_POP_2050_COM(1.0);A10;SN-SL-PO3-3;PROJ_POP_2050_COM;2029;26200;NBR;;;;;ANSD
SN1:DF_PROJ_POP_2050_COM(1.0);A10;SN-SL-PO3-3;PROJ_POP_2050_COM;2030;26842;NBR;;;;;ANSD
SN1:DF_PROJ_POP_2050_COM(1.0);A10;SN-SL-PO3-4;PROJ_POP_2050_COM;2023;14384;NBR;;;;;ANSD
SN1:DF_PROJ_POP_2050_COM(1.0);A10;SN-SL-PO3-4;PROJ_POP_2050_COM;2024;14721;NBR;;;;;ANSD
SN1:DF_PROJ_POP_2050_COM(1.0);A10;SN-SL-PO3-4;PROJ_POP_2050_COM;2025;15069;NBR;;;;;ANSD
SN1:DF_PROJ_POP_2050_COM(1.0);A10;SN-SL-PO3-4;PROJ_POP_2050_COM;2026;15429;NBR;;;;;ANSD
SN1:DF_PROJ_POP_2050_COM(1.0);A10;SN-SL-PO3-4;PROJ_POP_2050_COM;2027;15801;NBR;;;;;ANSD
SN1:DF_PROJ_POP_2050_COM(1.0);A10;SN-SL-PO3-4;PROJ_POP_2050_COM;2028;16184;NBR;;;;;ANSD
SN1:DF_PROJ_POP_2050_COM(1.0);A10;SN-SL-PO3-4;PROJ_POP_2050_COM;2029;16579;NBR;;;;;ANSD
SN1:DF_PROJ_POP_2050_COM(1.0);A10;SN-SL-PO3-4;PROJ_POP_2050_COM;2030;16985;NBR;;;;;ANSD
SN1:DF_PROJ_POP_2050_COM(1.0);A10;SN-SL-PO3-5;PROJ_POP_2050_COM;2023;7124;NBR;;;;;ANSD
SN1:DF_PROJ_POP_2050_COM(1.0);A10;SN-SL-PO3-5;PROJ_POP_2050_COM;2024;7291;NBR;;;;;ANSD
SN1:DF_PROJ_POP_2050_COM(1.0);A10;SN-SL-PO3-5;PROJ_POP_2050_COM;2025;7463;NBR;;;;;ANSD
SN1:DF_PROJ_POP_2050_COM(1.0);A10;SN-SL-PO3-5;PROJ_POP_2050_COM;2026;7642;NBR;;;;;ANSD
SN1:DF_PROJ_POP_2050_COM(1.0);A10;SN-SL-PO3-5;PROJ_POP_2050_COM;2027;7826;NBR;;;;;ANSD
SN1:DF_PROJ_POP_2050_COM(1.0);A10;SN-SL-PO3-5;PROJ_POP_2050_COM;2028;8016;NBR;;;;;ANSD
SN1:DF_PROJ_POP_2050_COM(1.0);A10;SN-SL-PO3-5;PROJ_POP_2050_COM;2029;8211;NBR;;;;;ANSD
SN1:DF_PROJ_POP_2050_COM(1.0);A10;SN-SL-PO3-5;PROJ_POP_2050_COM;2030;8412;NBR;;;;;ANSD
SN1:DF_PROJ_POP_2050_COM(1.0);A10;SN-SL-PO3-6;PROJ_POP_2050_COM;2023;5457;NBR;;;;;ANSD
SN1:DF_PROJ_POP_2050_COM(1.0);A10;SN-SL-PO3-6;PROJ_POP_2050_COM;2024;5585;NBR;;;;;ANSD
SN1:DF_PROJ_POP_2050_COM(1.0);A10;SN-SL-PO3-6;PROJ_POP_2050_COM;2025;5717;NBR;;;;;ANSD
SN1:DF_PROJ_POP_2050_COM(1.0);A10;SN-SL-PO3-6;PROJ_POP_2050_COM;2026;5854;NBR;;;;;ANSD
SN1:DF_PROJ_POP_2050_COM(1.0);A10;SN-SL-PO3-6;PROJ_POP_2050_COM;2027;5995;NBR;;;;;ANSD
SN1:DF_PROJ_POP_2050_COM(1.0);A10;SN-SL-PO3-6;PROJ_POP_2050_COM;2028;6140;NBR;;;;;ANSD
SN1:DF_PROJ_POP_2050_COM(1.0);A10;SN-SL-PO3-6;PROJ_POP_2050_COM;2029;6290;NBR;;;;;ANSD
SN1:DF_PROJ_POP_2050_COM(1.0);A10;SN-SL-PO3-6;PROJ_POP_2050_COM;2030;6444;NBR;;;;;ANSD
SN1:DF_PROJ_POP_2050_COM(1.0);A10;SN-SL-PO3-7;PROJ_POP_2050_COM;2023;4387;NBR;;;;;ANSD
SN1:DF_PROJ_POP_2050_COM(1.0);A10;SN-SL-PO3-7;PROJ_POP_2050_COM;2024;4490;NBR;;;;;ANSD
SN1:DF_PROJ_POP_2050_COM(1.0);A10;SN-SL-PO3-7;PROJ_POP_2050_COM;2025;4596;NBR;;;;;ANSD
SN1:DF_PROJ_POP_2050_COM(1.0);A10;SN-SL-PO3-7;PROJ_POP_2050_COM;2026;4706;NBR;;;;;ANSD
SN1:DF_PROJ_POP_2050_COM(1.0);A10;SN-SL-PO3-7;PROJ_POP_2050_COM;2027;4819;NBR;;;;;ANSD
SN1:DF_PROJ_POP_2050_COM(1.0);A10;SN-SL-PO3-7;PROJ_POP_2050_COM;2028;4936;NBR;;;;;ANSD
SN1:DF_PROJ_POP_2050_COM(1.0);A10;SN-SL-PO3-7;PROJ_POP_2050_COM;2029;5057;NBR;;;;;ANSD
SN1:DF_PROJ_POP_2050_COM(1.0);A10;SN-SL-PO3-7;PROJ_POP_2050_COM;2030;5180;NBR;;;;;ANSD
SN1:DF_PROJ_POP_2050_COM(1.0);A10;SN-SL-PO4-1;PROJ_POP_2050_COM;2023;39506;NBR;;;;;ANSD
SN1:DF_PROJ_POP_2050_COM(1.0);A10;SN-SL-PO4-1;PROJ_POP_2050_COM;2024;40431;NBR;;;;;ANSD
SN1:DF_PROJ_POP_2050_COM(1.0);A10;SN-SL-PO4-1;PROJ_POP_2050_COM;2025;41388;NBR;;;;;ANSD
SN1:DF_PROJ_POP_2050_COM(1.0);A10;SN-SL-PO4-1;PROJ_POP_2050_COM;2026;42377;NBR;;;;;ANSD
SN1:DF_PROJ_POP_2050_COM(1.0);A10;SN-SL-PO4-1;PROJ_POP_2050_COM;2027;43398;NBR;;;;;ANSD
SN1:DF_PROJ_POP_2050_COM(1.0);A10;SN-SL-PO4-1;PROJ_POP_2050_COM;2028;44451;NBR;;;;;ANSD
SN1:DF_PROJ_POP_2050_COM(1.0);A10;SN-SL-PO4-1;PROJ_POP_2050_COM;2029;45535;NBR;;;;;ANSD
SN1:DF_PROJ_POP_2050_COM(1.0);A10;SN-SL-PO4-1;PROJ_POP_2050_COM;2030;46650;NBR;;;;;ANSD
SN1:DF_PROJ_POP_2050_COM(1.0);A10;SN-SL-PO4-2;PROJ_POP_2050_COM;2023;31102;NBR;;;;;ANSD
SN1:DF_PROJ_POP_2050_COM(1.0);A10;SN-SL-PO4-2;PROJ_POP_2050_COM;2024;31830;NBR;;;;;ANSD
SN1:DF_PROJ_POP_2050_COM(1.0);A10;SN-SL-PO4-2;PROJ_POP_2050_COM;2025;32584;NBR;;;;;ANSD
SN1:DF_PROJ_POP_2050_COM(1.0);A10;SN-SL-PO4-2;PROJ_POP_2050_COM;2026;33362;NBR;;;;;ANSD
SN1:DF_PROJ_POP_2050_COM(1.0);A10;SN-SL-PO4-2;PROJ_POP_2050_COM;2027;34166;NBR;;;;;ANSD
SN1:DF_PROJ_POP_2050_COM(1.0);A10;SN-SL-PO4-2;PROJ_POP_2050_COM;2028;34995;NBR;;;;;ANSD
SN1:DF_PROJ_POP_2050_COM(1.0);A10;SN-SL-PO4-2;PROJ_POP_2050_COM;2029;35849;NBR;;;;;ANSD
SN1:DF_PROJ_POP_2050_COM(1.0);A10;SN-SL-PO4-2;PROJ_POP_2050_COM;2030;36726;NBR;;;;;ANSD
SN1:DF_PROJ_POP_2050_COM(1.0);A10;SN-SL-PO4-3;PROJ_POP_2050_COM;2023;6501;NBR;;;;;ANSD
SN1:DF_PROJ_POP_2050_COM(1.0);A10;SN-SL-PO4-3;PROJ_POP_2050_COM;2024;6653;NBR;;;;;ANSD
SN1:DF_PROJ_POP_2050_COM(1.0);A10;SN-SL-PO4-3;PROJ_POP_2050_COM;2025;6811;NBR;;;;;ANSD
SN1:DF_PROJ_POP_2050_COM(1.0);A10;SN-SL-PO4-3;PROJ_POP_2050_COM;2026;6973;NBR;;;;;ANSD
SN1:DF_PROJ_POP_2050_COM(1.0);A10;SN-SL-PO4-3;PROJ_POP_2050_COM;2027;7141;NBR;;;;;ANSD
SN1:DF_PROJ_POP_2050_COM(1.0);A10;SN-SL-PO4-3;PROJ_POP_2050_COM;2028;7315;NBR;;;;;ANSD
SN1:DF_PROJ_POP_2050_COM(1.0);A10;SN-SL-PO4-3;PROJ_POP_2050_COM;2029;7493;NBR;;;;;ANSD
SN1:DF_PROJ_POP_2050_COM(1.0);A10;SN-SL-PO4-3;PROJ_POP_2050_COM;2030;7677;NBR;;;;;ANSD
SN1:DF_PROJ_POP_2050_COM(1.0);A10;SN-SL-PO4-4;PROJ_POP_2050_COM;2023;4835;NBR;;;;;ANSD
SN1:DF_PROJ_POP_2050_COM(1.0);A10;SN-SL-PO4-4;PROJ_POP_2050_COM;2024;4948;NBR;;;;;ANSD
SN1:DF_PROJ_POP_2050_COM(1.0);A10;SN-SL-PO4-4;PROJ_POP_2050_COM;2025;5065;NBR;;;;;ANSD
SN1:DF_PROJ_POP_2050_COM(1.0);A10;SN-SL-PO4-4;PROJ_POP_2050_COM;2026;5186;NBR;;;;;ANSD
SN1:DF_PROJ_POP_2050_COM(1.0);A10;SN-SL-PO4-4;PROJ_POP_2050_COM;2027;5311;NBR;;;;;ANSD
SN1:DF_PROJ_POP_2050_COM(1.0);A10;SN-SL-PO4-4;PROJ_POP_2050_COM;2028;5440;NBR;;;;;ANSD
SN1:DF_PROJ_POP_2050_COM(1.0);A10;SN-SL-PO4-4;PROJ_POP_2050_COM;2029;5573;NBR;;;;;ANSD
SN1:DF_PROJ_POP_2050_COM(1.0);A10;SN-SL-PO4-4;PROJ_POP_2050_COM;2030;5709;NBR;;;;;ANSD
SN1:DF_PROJ_POP_2050_COM(1.0);A10;SN-SL-PO5-1;PROJ_POP_2050_COM;2023;48174;NBR;;;;;ANSD
SN1:DF_PROJ_POP_2050_COM(1.0);A10;SN-SL-PO5-1;PROJ_POP_2050_COM;2024;49302;NBR;;;;;ANSD
SN1:DF_PROJ_POP_2050_COM(1.0);A10;SN-SL-PO5-1;PROJ_POP_2050_COM;2025;50469;NBR;;;;;ANSD
SN1:DF_PROJ_POP_2050_COM(1.0);A10;SN-SL-PO5-1;PROJ_POP_2050_COM;2026;51675;NBR;;;;;ANSD
SN1:DF_PROJ_POP_2050_COM(1.0);A10;SN-SL-PO5-1;PROJ_POP_2050_COM;2027;52920;NBR;;;;;ANSD
SN1:DF_PROJ_POP_2050_COM(1.0);A10;SN-SL-PO5-1;PROJ_POP_2050_COM;2028;54204;NBR;;;;;ANSD
SN1:DF_PROJ_POP_2050_COM(1.0);A10;SN-SL-PO5-1;PROJ_POP_2050_COM;2029;55526;NBR;;;;;ANSD
SN1:DF_PROJ_POP_2050_COM(1.0);A10;SN-SL-PO5-1;PROJ_POP_2050_COM;2030;56886;NBR;;;;;ANSD
SN1:DF_PROJ_POP_2050_COM(1.0);A10;SN-SL-PO5-2;PROJ_POP_2050_COM;2023;34012;NBR;;;;;ANSD
SN1:DF_PROJ_POP_2050_COM(1.0);A10;SN-SL-PO5-2;PROJ_POP_2050_COM;2024;34809;NBR;;;;;ANSD
SN1:DF_PROJ_POP_2050_COM(1.0);A10;SN-SL-PO5-2;PROJ_POP_2050_COM;2025;35632;NBR;;;;;ANSD
SN1:DF_PROJ_POP_2050_COM(1.0);A10;SN-SL-PO5-2;PROJ_POP_2050_COM;2026;36484;NBR;;;;;ANSD
SN1:DF_PROJ_POP_2050_COM(1.0);A10;SN-SL-PO5-2;PROJ_POP_2050_COM;2027;37363;NBR;;;;;ANSD
SN1:DF_PROJ_POP_2050_COM(1.0);A10;SN-SL-PO5-2;PROJ_POP_2050_COM;2028;38269;NBR;;;;;ANSD
SN1:DF_PROJ_POP_2050_COM(1.0);A10;SN-SL-PO5-2;PROJ_POP_2050_COM;2029;39203;NBR;;;;;ANSD
SN1:DF_PROJ_POP_2050_COM(1.0);A10;SN-SL-PO5-2;PROJ_POP_2050_COM;2030;40163;NBR;;;;;ANSD
SN1:DF_PROJ_POP_2050_COM(1.0);A10;SN-SL-PO5-3;PROJ_POP_2050_COM;2023;6769;NBR;;;;;ANSD
SN1:DF_PROJ_POP_2050_COM(1.0);A10;SN-SL-PO5-3;PROJ_POP_2050_COM;2024;6928;NBR;;;;;ANSD
SN1:DF_PROJ_POP_2050_COM(1.0);A10;SN-SL-PO5-3;PROJ_POP_2050_COM;2025;7091;NBR;;;;;ANSD
SN1:DF_PROJ_POP_2050_COM(1.0);A10;SN-SL-PO5-3;PROJ_POP_2050_COM;2026;7261;NBR;;;;;ANSD
SN1:DF_PROJ_POP_2050_COM(1.0);A10;SN-SL-PO5-3;PROJ_POP_2050_COM;2027;7436;NBR;;;;;ANSD
SN1:DF_PROJ_POP_2050_COM(1.0);A10;SN-SL-PO5-3;PROJ_POP_2050_COM;2028;7616;NBR;;;;;ANSD
SN1:DF_PROJ_POP_2050_COM(1.0);A10;SN-SL-PO5-3;PROJ_POP_2050_COM;2029;7802;NBR;;;;;ANSD
SN1:DF_PROJ_POP_2050_COM(1.0);A10;SN-SL-PO5-3;PROJ_POP_2050_COM;2030;7993;NBR;;;;;ANSD
SN1:DF_PROJ_POP_2050_COM(1.0);A10;SN-SL-PO6-1;PROJ_POP_2050_COM;2023;46316;NBR;;;;;ANSD
SN1:DF_PROJ_POP_2050_COM(1.0);A10;SN-SL-PO6-1;PROJ_POP_2050_COM;2024;47401;NBR;;;;;ANSD
SN1:DF_PROJ_POP_2050_COM(1.0);A10;SN-SL-PO6-1;PROJ_POP_2050_COM;2025;48522;NBR;;;;;ANSD
SN1:DF_PROJ_POP_2050_COM(1.0);A10;SN-SL-PO6-1;PROJ_POP_2050_COM;2026;49682;NBR;;;;;ANSD
SN1:DF_PROJ_POP_2050_COM(1.0);A10;SN-SL-PO6-1;PROJ_POP_2050_COM;2027;50879;NBR;;;;;ANSD
SN1:DF_PROJ_POP_2050_COM(1.0);A10;SN-SL-PO6-1;PROJ_POP_2050_COM;2028;52113;NBR;;;;;ANSD
SN1:DF_PROJ_POP_2050_COM(1.0);A10;SN-SL-PO6-1;PROJ_POP_2050_COM;2029;53384;NBR;;;;;ANSD
SN1:DF_PROJ_POP_2050_COM(1.0);A10;SN-SL-PO6-1;PROJ_POP_2050_COM;2030;54692;NBR;;;;;ANSD
SN1:DF_PROJ_POP_2050_COM(1.0);A10;SN-SL-PO6-2;PROJ_POP_2050_COM;2023;29971;NBR;;;;;ANSD
SN1:DF_PROJ_POP_2050_COM(1.0);A10;SN-SL-PO6-2;PROJ_POP_2050_COM;2024;30673;NBR;;;;;ANSD
SN1:DF_PROJ_POP_2050_COM(1.0);A10;SN-SL-PO6-2;PROJ_POP_2050_COM;2025;31399;NBR;;;;;ANSD
SN1:DF_PROJ_POP_2050_COM(1.0);A10;SN-SL-PO6-2;PROJ_POP_2050_COM;2026;32149;NBR;;;;;ANSD
SN1:DF_PROJ_POP_2050_COM(1.0);A10;SN-SL-PO6-2;PROJ_POP_2050_COM;2027;32924;NBR;;;;;ANSD
SN1:DF_PROJ_POP_2050_COM(1.0);A10;SN-SL-PO6-2;PROJ_POP_2050_COM;2028;33722;NBR;;;;;ANSD
SN1:DF_PROJ_POP_2050_COM(1.0);A10;SN-SL-PO6-2;PROJ_POP_2050_COM;2029;34545;NBR;;;;;ANSD
SN1:DF_PROJ_POP_2050_COM(1.0);A10;SN-SL-PO6-2;PROJ_POP_2050_COM;2030;35391;NBR;;;;;ANSD
SN1:DF_PROJ_POP_2050_COM(1.0);A10;SN-SL-PO6-3;PROJ_POP_2050_COM;2023;52678;NBR;;;;;ANSD
SN1:DF_PROJ_POP_2050_COM(1.0);A10;SN-SL-PO6-3;PROJ_POP_2050_COM;2024;53912;NBR;;;;;ANSD
SN1:DF_PROJ_POP_2050_COM(1.0);A10;SN-SL-PO6-3;PROJ_POP_2050_COM;2025;55187;NBR;;;;;ANSD
SN1:DF_PROJ_POP_2050_COM(1.0);A10;SN-SL-PO6-3;PROJ_POP_2050_COM;2026;56506;NBR;;;;;ANSD
SN1:DF_PROJ_POP_2050_COM(1.0);A10;SN-SL-PO6-3;PROJ_POP_2050_COM;2027;57868;NBR;;;;;ANSD
SN1:DF_PROJ_POP_2050_COM(1.0);A10;SN-SL-PO6-3;PROJ_POP_2050_COM;2028;59272;NBR;;;;;ANSD
SN1:DF_PROJ_POP_2050_COM(1.0);A10;SN-SL-PO6-3;PROJ_POP_2050_COM;2029;60717;NBR;;;;;ANSD
SN1:DF_PROJ_POP_2050_COM(1.0);A10;SN-SL-PO6-3;PROJ_POP_2050_COM;2030;62204;NBR;;;;;ANSD
SN1:DF_PROJ_POP_2050_COM(1.0);A10;SN-SL-PO6-4;PROJ_POP_2050_COM;2023;3760;NBR;;;;;ANSD
SN1:DF_PROJ_POP_2050_COM(1.0);A10;SN-SL-PO6-4;PROJ_POP_2050_COM;2024;3848;NBR;;;;;ANSD
SN1:DF_PROJ_POP_2050_COM(1.0);A10;SN-SL-PO6-4;PROJ_POP_2050_COM;2025;3939;NBR;;;;;ANSD
SN1:DF_PROJ_POP_2050_COM(1.0);A10;SN-SL-PO6-4;PROJ_POP_2050_COM;2026;4033;NBR;;;;;ANSD
SN1:DF_PROJ_POP_2050_COM(1.0);A10;SN-SL-PO6-4;PROJ_POP_2050_COM;2027;4130;NBR;;;;;ANSD
SN1:DF_PROJ_POP_2050_COM(1.0);A10;SN-SL-PO6-4;PROJ_POP_2050_COM;2028;4231;NBR;;;;;ANSD
SN1:DF_PROJ_POP_2050_COM(1.0);A10;SN-SL-PO6-4;PROJ_POP_2050_COM;2029;4334;NBR;;;;;ANSD
SN1:DF_PROJ_POP_2050_COM(1.0);A10;SN-SL-PO6-4;PROJ_POP_2050_COM;2030;4440;NBR;;;;;ANSD
SN1:DF_PROJ_POP_2050_COM(1.0);A10;SN-SL-PO6-5;PROJ_POP_2050_COM;2023;3414;NBR;;;;;ANSD
SN1:DF_PROJ_POP_2050_COM(1.0);A10;SN-SL-PO6-5;PROJ_POP_2050_COM;2024;3494;NBR;;;;;ANSD
SN1:DF_PROJ_POP_2050_COM(1.0);A10;SN-SL-PO6-5;PROJ_POP_2050_COM;2025;3577;NBR;;;;;ANSD
SN1:DF_PROJ_POP_2050_COM(1.0);A10;SN-SL-PO6-5;PROJ_POP_2050_COM;2026;3662;NBR;;;;;ANSD
SN1:DF_PROJ_POP_2050_COM(1.0);A10;SN-SL-PO6-5;PROJ_POP_2050_COM;2027;3750;NBR;;;;;ANSD
SN1:DF_PROJ_POP_2050_COM(1.0);A10;SN-SL-PO6-5;PROJ_POP_2050_COM;2028;3841;NBR;;;;;ANSD
SN1:DF_PROJ_POP_2050_COM(1.0);A10;SN-SL-PO6-5;PROJ_POP_2050_COM;2029;3935;NBR;;;;;ANSD
SN1:DF_PROJ_POP_2050_COM(1.0);A10;SN-SL-PO6-5;PROJ_POP_2050_COM;2030;4031;NBR;;;;;ANSD
SN1:DF_PROJ_POP_2050_COM(1.0);A10;SN-SL-PO6-6;PROJ_POP_2050_COM;2023;7002;NBR;;;;;ANSD
SN1:DF_PROJ_POP_2050_COM(1.0);A10;SN-SL-PO6-6;PROJ_POP_2050_COM;2024;7166;NBR;;;;;ANSD
SN1:DF_PROJ_POP_2050_COM(1.0);A10;SN-SL-PO6-6;PROJ_POP_2050_COM;2025;7336;NBR;;;;;ANSD
SN1:DF_PROJ_POP_2050_COM(1.0);A10;SN-SL-PO6-6;PROJ_POP_2050_COM;2026;7511;NBR;;;;;ANSD
SN1:DF_PROJ_POP_2050_COM(1.0);A10;SN-SL-PO6-6;PROJ_POP_2050_COM;2027;7692;NBR;;;;;ANSD
SN1:DF_PROJ_POP_2050_COM(1.0);A10;SN-SL-PO6-6;PROJ_POP_2050_COM;2028;7878;NBR;;;;;ANSD
SN1:DF_PROJ_POP_2050_COM(1.0);A10;SN-SL-PO6-6;PROJ_POP_2050_COM;2029;8071;NBR;;;;;ANSD
SN1:DF_PROJ_POP_2050_COM(1.0);A10;SN-SL-PO6-6;PROJ_POP_2050_COM;2030;8268;NBR;;;;;ANSD
SN1:DF_PROJ_POP_2050_COM(1.0);A10;SN-SL-SD1-1;PROJ_POP_2050_COM;2023;254171;NBR;;;;;ANSD
SN1:DF_PROJ_POP_2050_COM(1.0);A10;SN-SL-SD1-1;PROJ_POP_2050_COM;2024;260123;NBR;;;;;ANSD
SN1:DF_PROJ_POP_2050_COM(1.0);A10;SN-SL-SD1-1;PROJ_POP_2050_COM;2025;266278;NBR;;;;;ANSD
SN1:DF_PROJ_POP_2050_COM(1.0);A10;SN-SL-SD1-1;PROJ_POP_2050_COM;2026;272641;NBR;;;;;ANSD
SN1:DF_PROJ_POP_2050_COM(1.0);A10;SN-SL-SD1-1;PROJ_POP_2050_COM;2027;279210;NBR;;;;;ANSD
SN1:DF_PROJ_POP_2050_COM(1.0);A10;SN-SL-SD1-1;PROJ_POP_2050_COM;2028;285985;NBR;;;;;ANSD
SN1:DF_PROJ_POP_2050_COM(1.0);A10;SN-SL-SD1-1;PROJ_POP_2050_COM;2029;292961;NBR;;;;;ANSD
SN1:DF_PROJ_POP_2050_COM(1.0);A10;SN-SL-SD1-1;PROJ_POP_2050_COM;2030;300134;NBR;;;;;ANSD
SN1:DF_PROJ_POP_2050_COM(1.0);A10;SN-SL-SD2-1;PROJ_POP_2050_COM;2023;71080;NBR;;;;;ANSD
SN1:DF_PROJ_POP_2050_COM(1.0);A10;SN-SL-SD2-1;PROJ_POP_2050_COM;2024;72745;NBR;;;;;ANSD
SN1:DF_PROJ_POP_2050_COM(1.0);A10;SN-SL-SD2-1;PROJ_POP_2050_COM;2025;74466;NBR;;;;;ANSD
SN1:DF_PROJ_POP_2050_COM(1.0);A10;SN-SL-SD2-1;PROJ_POP_2050_COM;2026;76245;NBR;;;;;ANSD
SN1:DF_PROJ_POP_2050_COM(1.0);A10;SN-SL-SD2-1;PROJ_POP_2050_COM;2027;78082;NBR;;;;;ANSD
SN1:DF_PROJ_POP_2050_COM(1.0);A10;SN-SL-SD2-1;PROJ_POP_2050_COM;2028;79977;NBR;;;;;ANSD
SN1:DF_PROJ_POP_2050_COM(1.0);A10;SN-SL-SD2-1;PROJ_POP_2050_COM;2029;81928;NBR;;;;;ANSD
SN1:DF_PROJ_POP_2050_COM(1.0);A10;SN-SL-SD2-1;PROJ_POP_2050_COM;2030;83934;NBR;;;;;ANSD
SN1:DF_PROJ_POP_2050_COM(1.0);A10;SN-SL-SD2-2;PROJ_POP_2050_COM;2023;23154;NBR;;;;;ANSD
SN1:DF_PROJ_POP_2050_COM(1.0);A10;SN-SL-SD2-2;PROJ_POP_2050_COM;2024;23696;NBR;;;;;ANSD
SN1:DF_PROJ_POP_2050_COM(1.0);A10;SN-SL-SD2-2;PROJ_POP_2050_COM;2025;24257;NBR;;;;;ANSD
SN1:DF_PROJ_POP_2050_COM(1.0);A10;SN-SL-SD2-2;PROJ_POP_2050_COM;2026;24837;NBR;;;;;ANSD
SN1:DF_PROJ_POP_2050_COM(1.0);A10;SN-SL-SD2-2;PROJ_POP_2050_COM;2027;25435;NBR;;;;;ANSD
SN1:DF_PROJ_POP_2050_COM(1.0);A10;SN-SL-SD2-2;PROJ_POP_2050_COM;2028;26052;NBR;;;;;ANSD
SN1:DF_PROJ_POP_2050_COM(1.0);A10;SN-SL-SD2-2;PROJ_POP_2050_COM;2029;26688;NBR;;;;;ANSD
SN1:DF_PROJ_POP_2050_COM(1.0);A10;SN-SL-SD2-2;PROJ_POP_2050_COM;2030;27341;NBR;;;;;ANSD
SN1:DF_PROJ_POP_2050_COM(1.0);A10;SN-SL-SD2-3;PROJ_POP_2050_COM;2023;27938;NBR;;;;;ANSD
SN1:DF_PROJ_POP_2050_COM(1.0);A10;SN-SL-SD2-3;PROJ_POP_2050_COM;2024;28592;NBR;;;;;ANSD
SN1:DF_PROJ_POP_2050_COM(1.0);A10;SN-SL-SD2-3;PROJ_POP_2050_COM;2025;29269;NBR;;;;;ANSD
SN1:DF_PROJ_POP_2050_COM(1.0);A10;SN-SL-SD2-3;PROJ_POP_2050_COM;2026;29968;NBR;;;;;ANSD
SN1:DF_PROJ_POP_2050_COM(1.0);A10;SN-SL-SD2-3;PROJ_POP_2050_COM;2027;30690;NBR;;;;;ANSD
SN1:DF_PROJ_POP_2050_COM(1.0);A10;SN-SL-SD2-3;PROJ_POP_2050_COM;2028;31435;NBR;;;;;ANSD
SN1:DF_PROJ_POP_2050_COM(1.0);A10;SN-SL-SD2-3;PROJ_POP_2050_COM;2029;32202;NBR;;;;;ANSD
SN1:DF_PROJ_POP_2050_COM(1.0);A10;SN-SL-SD2-3;PROJ_POP_2050_COM;2030;32990;NBR;;;;;ANSD
SN1:DF_PROJ_POP_2050_COM(1.0);A10;SN-SL-SD2-4;PROJ_POP_2050_COM;2023;11025;NBR;;;;;ANSD
SN1:DF_PROJ_POP_2050_COM(1.0);A10;SN-SL-SD2-4;PROJ_POP_2050_COM;2024;11283;NBR;;;;;ANSD
SN1:DF_PROJ_POP_2050_COM(1.0);A10;SN-SL-SD2-4;PROJ_POP_2050_COM;2025;11550;NBR;;;;;ANSD
SN1:DF_PROJ_POP_2050_COM(1.0);A10;SN-SL-SD2-4;PROJ_POP_2050_COM;2026;11826;NBR;;;;;ANSD
SN1:DF_PROJ_POP_2050_COM(1.0);A10;SN-SL-SD2-4;PROJ_POP_2050_COM;2027;12111;NBR;;;;;ANSD
SN1:DF_PROJ_POP_2050_COM(1.0);A10;SN-SL-SD2-4;PROJ_POP_2050_COM;2028;12405;NBR;;;;;ANSD
SN1:DF_PROJ_POP_2050_COM(1.0);A10;SN-SL-SD2-4;PROJ_POP_2050_COM;2029;12708;NBR;;;;;ANSD
SN1:DF_PROJ_POP_2050_COM(1.0);A10;SN-SL-SD2-4;PROJ_POP_2050_COM;2030;13019;NBR;;;;;ANSD
SN1:DF_PROJ_POP_2050_COM(1.0);A10;SN-TC-BA1-1;PROJ_POP_2050_COM;2023;18939;NBR;;;;;ANSD
SN1:DF_PROJ_POP_2050_COM(1.0);A10;SN-TC-BA1-1;PROJ_POP_2050_COM;2024;20893;NBR;;;;;ANSD
SN1:DF_PROJ_POP_2050_COM(1.0);A10;SN-TC-BA1-1;PROJ_POP_2050_COM;2025;21544;NBR;;;;;ANSD
SN1:DF_PROJ_POP_2050_COM(1.0);A10;SN-TC-BA1-1;PROJ_POP_2050_COM;2026;22221;NBR;;;;;ANSD
SN1:DF_PROJ_POP_2050_COM(1.0);A10;SN-TC-BA1-1;PROJ_POP_2050_COM;2027;22926;NBR;;;;;ANSD
SN1:DF_PROJ_POP_2050_COM(1.0);A10;SN-TC-BA1-1;PROJ_POP_2050_COM;2028;23659;NBR;;;;;ANSD
SN1:DF_PROJ_POP_2050_COM(1.0);A10;SN-TC-BA1-1;PROJ_POP_2050_COM;2029;24418;NBR;;;;;ANSD
SN1:DF_PROJ_POP_2050_COM(1.0);A10;SN-TC-BA1-1;PROJ_POP_2050_COM;2030;25204;NBR;;;;;ANSD
SN1:DF_PROJ_POP_2050_COM(1.0);A10;SN-TC-BA2-1;PROJ_POP_2050_COM;2023;3973;NBR;;;;;ANSD
SN1:DF_PROJ_POP_2050_COM(1.0);A10;SN-TC-BA2-1;PROJ_POP_2050_COM;2024;4150;NBR;;;;;ANSD
SN1:DF_PROJ_POP_2050_COM(1.0);A10;SN-TC-BA2-1;PROJ_POP_2050_COM;2025;4280;NBR;;;;;ANSD
SN1:DF_PROJ_POP_2050_COM(1.0);A10;SN-TC-BA2-1;PROJ_POP_2050_COM;2026;4414;NBR;;;;;ANSD
SN1:DF_PROJ_POP_2050_COM(1.0);A10;SN-TC-BA2-1;PROJ_POP_2050_COM;2027;4554;NBR;;;;;ANSD
SN1:DF_PROJ_POP_2050_COM(1.0);A10;SN-TC-BA2-1;PROJ_POP_2050_COM;2028;4700;NBR;;;;;ANSD
SN1:DF_PROJ_POP_2050_COM(1.0);A10;SN-TC-BA2-1;PROJ_POP_2050_COM;2029;4851;NBR;;;;;ANSD
SN1:DF_PROJ_POP_2050_COM(1.0);A10;SN-TC-BA2-1;PROJ_POP_2050_COM;2030;5007;NBR;;;;;ANSD
SN1:DF_PROJ_POP_2050_COM(1.0);A10;SN-TC-BA2-2;PROJ_POP_2050_COM;2023;3803;NBR;;;;;ANSD
SN1:DF_PROJ_POP_2050_COM(1.0);A10;SN-TC-BA2-2;PROJ_POP_2050_COM;2024;4275;NBR;;;;;ANSD
SN1:DF_PROJ_POP_2050_COM(1.0);A10;SN-TC-BA2-2;PROJ_POP_2050_COM;2025;4409;NBR;;;;;ANSD
SN1:DF_PROJ_POP_2050_COM(1.0);A10;SN-TC-BA2-2;PROJ_POP_2050_COM;2026;4547;NBR;;;;;ANSD
SN1:DF_PROJ_POP_2050_COM(1.0);A10;SN-TC-BA2-2;PROJ_POP_2050_COM;2027;4692;NBR;;;;;ANSD
SN1:DF_PROJ_POP_2050_COM(1.0);A10;SN-TC-BA2-2;PROJ_POP_2050_COM;2028;4841;NBR;;;;;ANSD
SN1:DF_PROJ_POP_2050_COM(1.0);A10;SN-TC-BA2-2;PROJ_POP_2050_COM;2029;4997;NBR;;;;;ANSD
SN1:DF_PROJ_POP_2050_COM(1.0);A10;SN-TC-BA2-2;PROJ_POP_2050_COM;2030;5158;NBR;;;;;ANSD
SN1:DF_PROJ_POP_2050_COM(1.0);A10;SN-TC-BA2-3;PROJ_POP_2050_COM;2023;17259;NBR;;;;;ANSD
SN1:DF_PROJ_POP_2050_COM(1.0);A10;SN-TC-BA2-3;PROJ_POP_2050_COM;2024;19345;NBR;;;;;ANSD
SN1:DF_PROJ_POP_2050_COM(1.0);A10;SN-TC-BA2-3;PROJ_POP_2050_COM;2025;19947;NBR;;;;;ANSD
SN1:DF_PROJ_POP_2050_COM(1.0);A10;SN-TC-BA2-3;PROJ_POP_2050_COM;2026;20575;NBR;;;;;ANSD
SN1:DF_PROJ_POP_2050_COM(1.0);A10;SN-TC-BA2-3;PROJ_POP_2050_COM;2027;21227;NBR;;;;;ANSD
SN1:DF_PROJ_POP_2050_COM(1.0);A10;SN-TC-BA2-3;PROJ_POP_2050_COM;2028;21905;NBR;;;;;ANSD
SN1:DF_PROJ_POP_2050_COM(1.0);A10;SN-TC-BA2-3;PROJ_POP_2050_COM;2029;22609;NBR;;;;;ANSD
SN1:DF_PROJ_POP_2050_COM(1.0);A10;SN-TC-BA2-3;PROJ_POP_2050_COM;2030;23337;NBR;;;;;ANSD
SN1:DF_PROJ_POP_2050_COM(1.0);A10;SN-TC-BA2-4;PROJ_POP_2050_COM;2023;5028;NBR;;;;;ANSD
SN1:DF_PROJ_POP_2050_COM(1.0);A10;SN-TC-BA2-4;PROJ_POP_2050_COM;2024;4960;NBR;;;;;ANSD
SN1:DF_PROJ_POP_2050_COM(1.0);A10;SN-TC-BA2-4;PROJ_POP_2050_COM;2025;5114;NBR;;;;;ANSD
SN1:DF_PROJ_POP_2050_COM(1.0);A10;SN-TC-BA2-4;PROJ_POP_2050_COM;2026;5275;NBR;;;;;ANSD
SN1:DF_PROJ_POP_2050_COM(1.0);A10;SN-TC-BA2-4;PROJ_POP_2050_COM;2027;5443;NBR;;;;;ANSD
SN1:DF_PROJ_POP_2050_COM(1.0);A10;SN-TC-BA2-4;PROJ_POP_2050_COM;2028;5616;NBR;;;;;ANSD
SN1:DF_PROJ_POP_2050_COM(1.0);A10;SN-TC-BA2-4;PROJ_POP_2050_COM;2029;5797;NBR;;;;;ANSD
SN1:DF_PROJ_POP_2050_COM(1.0);A10;SN-TC-BA2-4;PROJ_POP_2050_COM;2030;5983;NBR;;;;;ANSD
SN1:DF_PROJ_POP_2050_COM(1.0);A10;SN-TC-BA3-1;PROJ_POP_2050_COM;2023;25861;NBR;;;;;ANSD
SN1:DF_PROJ_POP_2050_COM(1.0);A10;SN-TC-BA3-1;PROJ_POP_2050_COM;2024;26759;NBR;;;;;ANSD
SN1:DF_PROJ_POP_2050_COM(1.0);A10;SN-TC-BA3-1;PROJ_POP_2050_COM;2025;27592;NBR;;;;;ANSD
SN1:DF_PROJ_POP_2050_COM(1.0);A10;SN-TC-BA3-1;PROJ_POP_2050_COM;2026;28460;NBR;;;;;ANSD
SN1:DF_PROJ_POP_2050_COM(1.0);A10;SN-TC-BA3-1;PROJ_POP_2050_COM;2027;29363;NBR;;;;;ANSD
SN1:DF_PROJ_POP_2050_COM(1.0);A10;SN-TC-BA3-1;PROJ_POP_2050_COM;2028;30301;NBR;;;;;ANSD
SN1:DF_PROJ_POP_2050_COM(1.0);A10;SN-TC-BA3-1;PROJ_POP_2050_COM;2029;31274;NBR;;;;;ANSD
SN1:DF_PROJ_POP_2050_COM(1.0);A10;SN-TC-BA3-1;PROJ_POP_2050_COM;2030;32281;NBR;;;;;ANSD
SN1:DF_PROJ_POP_2050_COM(1.0);A10;SN-TC-BA3-2;PROJ_POP_2050_COM;2023;12900;NBR;;;;;ANSD
SN1:DF_PROJ_POP_2050_COM(1.0);A10;SN-TC-BA3-2;PROJ_POP_2050_COM;2024;12899;NBR;;;;;ANSD
SN1:DF_PROJ_POP_2050_COM(1.0);A10;SN-TC-BA3-2;PROJ_POP_2050_COM;2025;13301;NBR;;;;;ANSD
SN1:DF_PROJ_POP_2050_COM(1.0);A10;SN-TC-BA3-2;PROJ_POP_2050_COM;2026;13719;NBR;;;;;ANSD
SN1:DF_PROJ_POP_2050_COM(1.0);A10;SN-TC-BA3-2;PROJ_POP_2050_COM;2027;14155;NBR;;;;;ANSD
SN1:DF_PROJ_POP_2050_COM(1.0);A10;SN-TC-BA3-2;PROJ_POP_2050_COM;2028;14607;NBR;;;;;ANSD
SN1:DF_PROJ_POP_2050_COM(1.0);A10;SN-TC-BA3-2;PROJ_POP_2050_COM;2029;15075;NBR;;;;;ANSD
SN1:DF_PROJ_POP_2050_COM(1.0);A10;SN-TC-BA3-2;PROJ_POP_2050_COM;2030;15561;NBR;;;;;ANSD
SN1:DF_PROJ_POP_2050_COM(1.0);A10;SN-TC-BA3-3;PROJ_POP_2050_COM;2023;13551;NBR;;;;;ANSD
SN1:DF_PROJ_POP_2050_COM(1.0);A10;SN-TC-BA3-3;PROJ_POP_2050_COM;2024;14338;NBR;;;;;ANSD
SN1:DF_PROJ_POP_2050_COM(1.0);A10;SN-TC-BA3-3;PROJ_POP_2050_COM;2025;14785;NBR;;;;;ANSD
SN1:DF_PROJ_POP_2050_COM(1.0);A10;SN-TC-BA3-3;PROJ_POP_2050_COM;2026;15250;NBR;;;;;ANSD
SN1:DF_PROJ_POP_2050_COM(1.0);A10;SN-TC-BA3-3;PROJ_POP_2050_COM;2027;15734;NBR;;;;;ANSD
SN1:DF_PROJ_POP_2050_COM(1.0);A10;SN-TC-BA3-3;PROJ_POP_2050_COM;2028;16236;NBR;;;;;ANSD
SN1:DF_PROJ_POP_2050_COM(1.0);A10;SN-TC-BA3-3;PROJ_POP_2050_COM;2029;16758;NBR;;;;;ANSD
SN1:DF_PROJ_POP_2050_COM(1.0);A10;SN-TC-BA3-3;PROJ_POP_2050_COM;2030;17297;NBR;;;;;ANSD
SN1:DF_PROJ_POP_2050_COM(1.0);A10;SN-TC-BA4-1;PROJ_POP_2050_COM;2023;23958;NBR;;;;;ANSD
SN1:DF_PROJ_POP_2050_COM(1.0);A10;SN-TC-BA4-1;PROJ_POP_2050_COM;2024;23923;NBR;;;;;ANSD
SN1:DF_PROJ_POP_2050_COM(1.0);A10;SN-TC-BA4-1;PROJ_POP_2050_COM;2025;24668;NBR;;;;;ANSD
SN1:DF_PROJ_POP_2050_COM(1.0);A10;SN-TC-BA4-1;PROJ_POP_2050_COM;2026;25444;NBR;;;;;ANSD
SN1:DF_PROJ_POP_2050_COM(1.0);A10;SN-TC-BA4-1;PROJ_POP_2050_COM;2027;26251;NBR;;;;;ANSD
SN1:DF_PROJ_POP_2050_COM(1.0);A10;SN-TC-BA4-1;PROJ_POP_2050_COM;2028;27090;NBR;;;;;ANSD
SN1:DF_PROJ_POP_2050_COM(1.0);A10;SN-TC-BA4-1;PROJ_POP_2050_COM;2029;27959;NBR;;;;;ANSD
SN1:DF_PROJ_POP_2050_COM(1.0);A10;SN-TC-BA4-1;PROJ_POP_2050_COM;2030;28860;NBR;;;;;ANSD
SN1:DF_PROJ_POP_2050_COM(1.0);A10;SN-TC-BA4-2;PROJ_POP_2050_COM;2023;28612;NBR;;;;;ANSD
SN1:DF_PROJ_POP_2050_COM(1.0);A10;SN-TC-BA4-2;PROJ_POP_2050_COM;2024;29113;NBR;;;;;ANSD
SN1:DF_PROJ_POP_2050_COM(1.0);A10;SN-TC-BA4-2;PROJ_POP_2050_COM;2025;30019;NBR;;;;;ANSD
SN1:DF_PROJ_POP_2050_COM(1.0);A10;SN-TC-BA4-2;PROJ_POP_2050_COM;2026;30964;NBR;;;;;ANSD
SN1:DF_PROJ_POP_2050_COM(1.0);A10;SN-TC-BA4-2;PROJ_POP_2050_COM;2027;31946;NBR;;;;;ANSD
SN1:DF_PROJ_POP_2050_COM(1.0);A10;SN-TC-BA4-2;PROJ_POP_2050_COM;2028;32967;NBR;;;;;ANSD
SN1:DF_PROJ_POP_2050_COM(1.0);A10;SN-TC-BA4-2;PROJ_POP_2050_COM;2029;34025;NBR;;;;;ANSD
SN1:DF_PROJ_POP_2050_COM(1.0);A10;SN-TC-BA4-2;PROJ_POP_2050_COM;2030;35121;NBR;;;;;ANSD
SN1:DF_PROJ_POP_2050_COM(1.0);A10;SN-TC-BA4-3;PROJ_POP_2050_COM;2023;23906;NBR;;;;;ANSD
SN1:DF_PROJ_POP_2050_COM(1.0);A10;SN-TC-BA4-3;PROJ_POP_2050_COM;2024;22930;NBR;;;;;ANSD
SN1:DF_PROJ_POP_2050_COM(1.0);A10;SN-TC-BA4-3;PROJ_POP_2050_COM;2025;23644;NBR;;;;;ANSD
SN1:DF_PROJ_POP_2050_COM(1.0);A10;SN-TC-BA4-3;PROJ_POP_2050_COM;2026;24388;NBR;;;;;ANSD
SN1:DF_PROJ_POP_2050_COM(1.0);A10;SN-TC-BA4-3;PROJ_POP_2050_COM;2027;25161;NBR;;;;;ANSD
SN1:DF_PROJ_POP_2050_COM(1.0);A10;SN-TC-BA4-3;PROJ_POP_2050_COM;2028;25965;NBR;;;;;ANSD
SN1:DF_PROJ_POP_2050_COM(1.0);A10;SN-TC-BA4-3;PROJ_POP_2050_COM;2029;26799;NBR;;;;;ANSD
SN1:DF_PROJ_POP_2050_COM(1.0);A10;SN-TC-BA4-3;PROJ_POP_2050_COM;2030;27661;NBR;;;;;ANSD
SN1:DF_PROJ_POP_2050_COM(1.0);A10;SN-TC-BA4-4;PROJ_POP_2050_COM;2023;12147;NBR;;;;;ANSD
SN1:DF_PROJ_POP_2050_COM(1.0);A10;SN-TC-BA4-4;PROJ_POP_2050_COM;2024;11872;NBR;;;;;ANSD
SN1:DF_PROJ_POP_2050_COM(1.0);A10;SN-TC-BA4-4;PROJ_POP_2050_COM;2025;12241;NBR;;;;;ANSD
SN1:DF_PROJ_POP_2050_COM(1.0);A10;SN-TC-BA4-4;PROJ_POP_2050_COM;2026;12626;NBR;;;;;ANSD
SN1:DF_PROJ_POP_2050_COM(1.0);A10;SN-TC-BA4-4;PROJ_POP_2050_COM;2027;13027;NBR;;;;;ANSD
SN1:DF_PROJ_POP_2050_COM(1.0);A10;SN-TC-BA4-4;PROJ_POP_2050_COM;2028;13443;NBR;;;;;ANSD
SN1:DF_PROJ_POP_2050_COM(1.0);A10;SN-TC-BA4-4;PROJ_POP_2050_COM;2029;13875;NBR;;;;;ANSD
SN1:DF_PROJ_POP_2050_COM(1.0);A10;SN-TC-BA4-4;PROJ_POP_2050_COM;2030;14321;NBR;;;;;ANSD
SN1:DF_PROJ_POP_2050_COM(1.0);A10;SN-TC-GO1-1;PROJ_POP_2050_COM;2023;10540;NBR;;;;;ANSD
SN1:DF_PROJ_POP_2050_COM(1.0);A10;SN-TC-GO1-1;PROJ_POP_2050_COM;2024;10842;NBR;;;;;ANSD
SN1:DF_PROJ_POP_2050_COM(1.0);A10;SN-TC-GO1-1;PROJ_POP_2050_COM;2025;11180;NBR;;;;;ANSD
SN1:DF_PROJ_POP_2050_COM(1.0);A10;SN-TC-GO1-1;PROJ_POP_2050_COM;2026;11531;NBR;;;;;ANSD
SN1:DF_PROJ_POP_2050_COM(1.0);A10;SN-TC-GO1-1;PROJ_POP_2050_COM;2027;11897;NBR;;;;;ANSD
SN1:DF_PROJ_POP_2050_COM(1.0);A10;SN-TC-GO1-1;PROJ_POP_2050_COM;2028;12277;NBR;;;;;ANSD
SN1:DF_PROJ_POP_2050_COM(1.0);A10;SN-TC-GO1-1;PROJ_POP_2050_COM;2029;12671;NBR;;;;;ANSD
SN1:DF_PROJ_POP_2050_COM(1.0);A10;SN-TC-GO1-1;PROJ_POP_2050_COM;2030;13079;NBR;;;;;ANSD
SN1:DF_PROJ_POP_2050_COM(1.0);A10;SN-TC-GO2-1;PROJ_POP_2050_COM;2023;9799;NBR;;;;;ANSD
SN1:DF_PROJ_POP_2050_COM(1.0);A10;SN-TC-GO2-1;PROJ_POP_2050_COM;2024;10323;NBR;;;;;ANSD
SN1:DF_PROJ_POP_2050_COM(1.0);A10;SN-TC-GO2-1;PROJ_POP_2050_COM;2025;10645;NBR;;;;;ANSD
SN1:DF_PROJ_POP_2050_COM(1.0);A10;SN-TC-GO2-1;PROJ_POP_2050_COM;2026;10980;NBR;;;;;ANSD
SN1:DF_PROJ_POP_2050_COM(1.0);A10;SN-TC-GO2-1;PROJ_POP_2050_COM;2027;11328;NBR;;;;;ANSD
SN1:DF_PROJ_POP_2050_COM(1.0);A10;SN-TC-GO2-1;PROJ_POP_2050_COM;2028;11690;NBR;;;;;ANSD
SN1:DF_PROJ_POP_2050_COM(1.0);A10;SN-TC-GO2-1;PROJ_POP_2050_COM;2029;12065;NBR;;;;;ANSD
SN1:DF_PROJ_POP_2050_COM(1.0);A10;SN-TC-GO2-1;PROJ_POP_2050_COM;2030;12454;NBR;;;;;ANSD
SN1:DF_PROJ_POP_2050_COM(1.0);A10;SN-TC-GO2-2;PROJ_POP_2050_COM;2023;9125;NBR;;;;;ANSD
SN1:DF_PROJ_POP_2050_COM(1.0);A10;SN-TC-GO2-2;PROJ_POP_2050_COM;2024;9207;NBR;;;;;ANSD
SN1:DF_PROJ_POP_2050_COM(1.0);A10;SN-TC-GO2-2;PROJ_POP_2050_COM;2025;9494;NBR;;;;;ANSD
SN1:DF_PROJ_POP_2050_COM(1.0);A10;SN-TC-GO2-2;PROJ_POP_2050_COM;2026;9792;NBR;;;;;ANSD
SN1:DF_PROJ_POP_2050_COM(1.0);A10;SN-TC-GO2-2;PROJ_POP_2050_COM;2027;10103;NBR;;;;;ANSD
SN1:DF_PROJ_POP_2050_COM(1.0);A10;SN-TC-GO2-2;PROJ_POP_2050_COM;2028;10426;NBR;;;;;ANSD
SN1:DF_PROJ_POP_2050_COM(1.0);A10;SN-TC-GO2-2;PROJ_POP_2050_COM;2029;10760;NBR;;;;;ANSD
SN1:DF_PROJ_POP_2050_COM(1.0);A10;SN-TC-GO2-2;PROJ_POP_2050_COM;2030;11107;NBR;;;;;ANSD
SN1:DF_PROJ_POP_2050_COM(1.0);A10;SN-TC-GO2-3;PROJ_POP_2050_COM;2023;12165;NBR;;;;;ANSD
SN1:DF_PROJ_POP_2050_COM(1.0);A10;SN-TC-GO2-3;PROJ_POP_2050_COM;2024;12203;NBR;;;;;ANSD
SN1:DF_PROJ_POP_2050_COM(1.0);A10;SN-TC-GO2-3;PROJ_POP_2050_COM;2025;12583;NBR;;;;;ANSD
SN1:DF_PROJ_POP_2050_COM(1.0);A10;SN-TC-GO2-3;PROJ_POP_2050_COM;2026;12979;NBR;;;;;ANSD
SN1:DF_PROJ_POP_2050_COM(1.0);A10;SN-TC-GO2-3;PROJ_POP_2050_COM;2027;13390;NBR;;;;;ANSD
SN1:DF_PROJ_POP_2050_COM(1.0);A10;SN-TC-GO2-3;PROJ_POP_2050_COM;2028;13818;NBR;;;;;ANSD
SN1:DF_PROJ_POP_2050_COM(1.0);A10;SN-TC-GO2-3;PROJ_POP_2050_COM;2029;14262;NBR;;;;;ANSD
SN1:DF_PROJ_POP_2050_COM(1.0);A10;SN-TC-GO2-3;PROJ_POP_2050_COM;2030;14721;NBR;;;;;ANSD
SN1:DF_PROJ_POP_2050_COM(1.0);A10;SN-TC-GO3-1;PROJ_POP_2050_COM;2023;9275;NBR;;;;;ANSD
SN1:DF_PROJ_POP_2050_COM(1.0);A10;SN-TC-GO3-1;PROJ_POP_2050_COM;2024;9122;NBR;;;;;ANSD
SN1:DF_PROJ_POP_2050_COM(1.0);A10;SN-TC-GO3-1;PROJ_POP_2050_COM;2025;9406;NBR;;;;;ANSD
SN1:DF_PROJ_POP_2050_COM(1.0);A10;SN-TC-GO3-1;PROJ_POP_2050_COM;2026;9702;NBR;;;;;ANSD
SN1:DF_PROJ_POP_2050_COM(1.0);A10;SN-TC-GO3-1;PROJ_POP_2050_COM;2027;10010;NBR;;;;;ANSD
SN1:DF_PROJ_POP_2050_COM(1.0);A10;SN-TC-GO3-1;PROJ_POP_2050_COM;2028;10330;NBR;;;;;ANSD
SN1:DF_PROJ_POP_2050_COM(1.0);A10;SN-TC-GO3-1;PROJ_POP_2050_COM;2029;10661;NBR;;;;;ANSD
SN1:DF_PROJ_POP_2050_COM(1.0);A10;SN-TC-GO3-1;PROJ_POP_2050_COM;2030;11005;NBR;;;;;ANSD
SN1:DF_PROJ_POP_2050_COM(1.0);A10;SN-TC-GO3-2;PROJ_POP_2050_COM;2023;21666;NBR;;;;;ANSD
SN1:DF_PROJ_POP_2050_COM(1.0);A10;SN-TC-GO3-2;PROJ_POP_2050_COM;2024;21777;NBR;;;;;ANSD
SN1:DF_PROJ_POP_2050_COM(1.0);A10;SN-TC-GO3-2;PROJ_POP_2050_COM;2025;22455;NBR;;;;;ANSD
SN1:DF_PROJ_POP_2050_COM(1.0);A10;SN-TC-GO3-2;PROJ_POP_2050_COM;2026;23162;NBR;;;;;ANSD
SN1:DF_PROJ_POP_2050_COM(1.0);A10;SN-TC-GO3-2;PROJ_POP_2050_COM;2027;23897;NBR;;;;;ANSD
SN1:DF_PROJ_POP_2050_COM(1.0);A10;SN-TC-GO3-2;PROJ_POP_2050_COM;2028;24660;NBR;;;;;ANSD
SN1:DF_PROJ_POP_2050_COM(1.0);A10;SN-TC-GO3-2;PROJ_POP_2050_COM;2029;25451;NBR;;;;;ANSD
SN1:DF_PROJ_POP_2050_COM(1.0);A10;SN-TC-GO3-2;PROJ_POP_2050_COM;2030;26271;NBR;;;;;ANSD
SN1:DF_PROJ_POP_2050_COM(1.0);A10;SN-TC-GO3-3;PROJ_POP_2050_COM;2023;16616;NBR;;;;;ANSD
SN1:DF_PROJ_POP_2050_COM(1.0);A10;SN-TC-GO3-3;PROJ_POP_2050_COM;2024;16846;NBR;;;;;ANSD
SN1:DF_PROJ_POP_2050_COM(1.0);A10;SN-TC-GO3-3;PROJ_POP_2050_COM;2025;17370;NBR;;;;;ANSD
SN1:DF_PROJ_POP_2050_COM(1.0);A10;SN-TC-GO3-3;PROJ_POP_2050_COM;2026;17917;NBR;;;;;ANSD
SN1:DF_PROJ_POP_2050_COM(1.0);A10;SN-TC-GO3-3;PROJ_POP_2050_COM;2027;18485;NBR;;;;;ANSD
SN1:DF_PROJ_POP_2050_COM(1.0);A10;SN-TC-GO3-3;PROJ_POP_2050_COM;2028;19075;NBR;;;;;ANSD
SN1:DF_PROJ_POP_2050_COM(1.0);A10;SN-TC-GO3-3;PROJ_POP_2050_COM;2029;19688;NBR;;;;;ANSD
SN1:DF_PROJ_POP_2050_COM(1.0);A10;SN-TC-GO3-3;PROJ_POP_2050_COM;2030;20322;NBR;;;;;ANSD
SN1:DF_PROJ_POP_2050_COM(1.0);A10;SN-TC-GO3-4;PROJ_POP_2050_COM;2023;11022;NBR;;;;;ANSD
SN1:DF_PROJ_POP_2050_COM(1.0);A10;SN-TC-GO3-4;PROJ_POP_2050_COM;2024;10715;NBR;;;;;ANSD
SN1:DF_PROJ_POP_2050_COM(1.0);A10;SN-TC-GO3-4;PROJ_POP_2050_COM;2025;11049;NBR;;;;;ANSD
SN1:DF_PROJ_POP_2050_COM(1.0);A10;SN-TC-GO3-4;PROJ_POP_2050_COM;2026;11396;NBR;;;;;ANSD
SN1:DF_PROJ_POP_2050_COM(1.0);A10;SN-TC-GO3-4;PROJ_POP_2050_COM;2027;11758;NBR;;;;;ANSD
SN1:DF_PROJ_POP_2050_COM(1.0);A10;SN-TC-GO3-4;PROJ_POP_2050_COM;2028;12133;NBR;;;;;ANSD
SN1:DF_PROJ_POP_2050_COM(1.0);A10;SN-TC-GO3-4;PROJ_POP_2050_COM;2029;12523;NBR;;;;;ANSD
SN1:DF_PROJ_POP_2050_COM(1.0);A10;SN-TC-GO3-4;PROJ_POP_2050_COM;2030;12926;NBR;;;;;ANSD
SN1:DF_PROJ_POP_2050_COM(1.0);A10;SN-TC-GO4-1;PROJ_POP_2050_COM;2023;8681;NBR;;;;;ANSD
SN1:DF_PROJ_POP_2050_COM(1.0);A10;SN-TC-GO4-1;PROJ_POP_2050_COM;2024;8513;NBR;;;;;ANSD
SN1:DF_PROJ_POP_2050_COM(1.0);A10;SN-TC-GO4-1;PROJ_POP_2050_COM;2025;8778;NBR;;;;;ANSD
SN1:DF_PROJ_POP_2050_COM(1.0);A10;SN-TC-GO4-1;PROJ_POP_2050_COM;2026;9054;NBR;;;;;ANSD
SN1:DF_PROJ_POP_2050_COM(1.0);A10;SN-TC-GO4-1;PROJ_POP_2050_COM;2027;9341;NBR;;;;;ANSD
SN1:DF_PROJ_POP_2050_COM(1.0);A10;SN-TC-GO4-1;PROJ_POP_2050_COM;2028;9639;NBR;;;;;ANSD
SN1:DF_PROJ_POP_2050_COM(1.0);A10;SN-TC-GO4-1;PROJ_POP_2050_COM;2029;9949;NBR;;;;;ANSD
SN1:DF_PROJ_POP_2050_COM(1.0);A10;SN-TC-GO4-1;PROJ_POP_2050_COM;2030;10269;NBR;;;;;ANSD
SN1:DF_PROJ_POP_2050_COM(1.0);A10;SN-TC-GO4-2;PROJ_POP_2050_COM;2023;8454;NBR;;;;;ANSD
SN1:DF_PROJ_POP_2050_COM(1.0);A10;SN-TC-GO4-2;PROJ_POP_2050_COM;2024;8559;NBR;;;;;ANSD
SN1:DF_PROJ_POP_2050_COM(1.0);A10;SN-TC-GO4-2;PROJ_POP_2050_COM;2025;8826;NBR;;;;;ANSD
SN1:DF_PROJ_POP_2050_COM(1.0);A10;SN-TC-GO4-2;PROJ_POP_2050_COM;2026;9103;NBR;;;;;ANSD
SN1:DF_PROJ_POP_2050_COM(1.0);A10;SN-TC-GO4-2;PROJ_POP_2050_COM;2027;9392;NBR;;;;;ANSD
SN1:DF_PROJ_POP_2050_COM(1.0);A10;SN-TC-GO4-2;PROJ_POP_2050_COM;2028;9692;NBR;;;;;ANSD
SN1:DF_PROJ_POP_2050_COM(1.0);A10;SN-TC-GO4-2;PROJ_POP_2050_COM;2029;10003;NBR;;;;;ANSD
SN1:DF_PROJ_POP_2050_COM(1.0);A10;SN-TC-GO4-2;PROJ_POP_2050_COM;2030;10325;NBR;;;;;ANSD
SN1:DF_PROJ_POP_2050_COM(1.0);A10;SN-TC-GO4-3;PROJ_POP_2050_COM;2023;10949;NBR;;;;;ANSD
SN1:DF_PROJ_POP_2050_COM(1.0);A10;SN-TC-GO4-3;PROJ_POP_2050_COM;2024;11088;NBR;;;;;ANSD
SN1:DF_PROJ_POP_2050_COM(1.0);A10;SN-TC-GO4-3;PROJ_POP_2050_COM;2025;11434;NBR;;;;;ANSD
SN1:DF_PROJ_POP_2050_COM(1.0);A10;SN-TC-GO4-3;PROJ_POP_2050_COM;2026;11793;NBR;;;;;ANSD
SN1:DF_PROJ_POP_2050_COM(1.0);A10;SN-TC-GO4-3;PROJ_POP_2050_COM;2027;12168;NBR;;;;;ANSD
SN1:DF_PROJ_POP_2050_COM(1.0);A10;SN-TC-GO4-3;PROJ_POP_2050_COM;2028;12556;NBR;;;;;ANSD
SN1:DF_PROJ_POP_2050_COM(1.0);A10;SN-TC-GO4-3;PROJ_POP_2050_COM;2029;12959;NBR;;;;;ANSD
SN1:DF_PROJ_POP_2050_COM(1.0);A10;SN-TC-GO4-3;PROJ_POP_2050_COM;2030;13377;NBR;;;;;ANSD
SN1:DF_PROJ_POP_2050_COM(1.0);A10;SN-TC-GO4-4;PROJ_POP_2050_COM;2023;12179;NBR;;;;;ANSD
SN1:DF_PROJ_POP_2050_COM(1.0);A10;SN-TC-GO4-4;PROJ_POP_2050_COM;2024;12314;NBR;;;;;ANSD
SN1:DF_PROJ_POP_2050_COM(1.0);A10;SN-TC-GO4-4;PROJ_POP_2050_COM;2025;12697;NBR;;;;;ANSD
SN1:DF_PROJ_POP_2050_COM(1.0);A10;SN-TC-GO4-4;PROJ_POP_2050_COM;2026;13097;NBR;;;;;ANSD
SN1:DF_PROJ_POP_2050_COM(1.0);A10;SN-TC-GO4-4;PROJ_POP_2050_COM;2027;13512;NBR;;;;;ANSD
SN1:DF_PROJ_POP_2050_COM(1.0);A10;SN-TC-GO4-4;PROJ_POP_2050_COM;2028;13944;NBR;;;;;ANSD
SN1:DF_PROJ_POP_2050_COM(1.0);A10;SN-TC-GO4-4;PROJ_POP_2050_COM;2029;14391;NBR;;;;;ANSD
SN1:DF_PROJ_POP_2050_COM(1.0);A10;SN-TC-GO4-4;PROJ_POP_2050_COM;2030;14855;NBR;;;;;ANSD
SN1:DF_PROJ_POP_2050_COM(1.0);A10;SN-TC-GO5-1;PROJ_POP_2050_COM;2023;15027;NBR;;;;;ANSD
SN1:DF_PROJ_POP_2050_COM(1.0);A10;SN-TC-GO5-1;PROJ_POP_2050_COM;2024;15443;NBR;;;;;ANSD
SN1:DF_PROJ_POP_2050_COM(1.0);A10;SN-TC-GO5-1;PROJ_POP_2050_COM;2025;15924;NBR;;;;;ANSD
SN1:DF_PROJ_POP_2050_COM(1.0);A10;SN-TC-GO5-1;PROJ_POP_2050_COM;2026;16424;NBR;;;;;ANSD
SN1:DF_PROJ_POP_2050_COM(1.0);A10;SN-TC-GO5-1;PROJ_POP_2050_COM;2027;16946;NBR;;;;;ANSD
SN1:DF_PROJ_POP_2050_COM(1.0);A10;SN-TC-GO5-1;PROJ_POP_2050_COM;2028;17487;NBR;;;;;ANSD
SN1:DF_PROJ_POP_2050_COM(1.0);A10;SN-TC-GO5-1;PROJ_POP_2050_COM;2029;18048;NBR;;;;;ANSD
SN1:DF_PROJ_POP_2050_COM(1.0);A10;SN-TC-GO5-1;PROJ_POP_2050_COM;2030;18629;NBR;;;;;ANSD
SN1:DF_PROJ_POP_2050_COM(1.0);A10;SN-TC-GO5-2;PROJ_POP_2050_COM;2023;8946;NBR;;;;;ANSD
SN1:DF_PROJ_POP_2050_COM(1.0);A10;SN-TC-GO5-2;PROJ_POP_2050_COM;2024;9673;NBR;;;;;ANSD
SN1:DF_PROJ_POP_2050_COM(1.0);A10;SN-TC-GO5-2;PROJ_POP_2050_COM;2025;9975;NBR;;;;;ANSD
SN1:DF_PROJ_POP_2050_COM(1.0);A10;SN-TC-GO5-2;PROJ_POP_2050_COM;2026;10288;NBR;;;;;ANSD
SN1:DF_PROJ_POP_2050_COM(1.0);A10;SN-TC-GO5-2;PROJ_POP_2050_COM;2027;10615;NBR;;;;;ANSD
SN1:DF_PROJ_POP_2050_COM(1.0);A10;SN-TC-GO5-2;PROJ_POP_2050_COM;2028;10954;NBR;;;;;ANSD
SN1:DF_PROJ_POP_2050_COM(1.0);A10;SN-TC-GO5-2;PROJ_POP_2050_COM;2029;11305;NBR;;;;;ANSD
SN1:DF_PROJ_POP_2050_COM(1.0);A10;SN-TC-GO5-2;PROJ_POP_2050_COM;2030;11669;NBR;;;;;ANSD
SN1:DF_PROJ_POP_2050_COM(1.0);A10;SN-TC-GO5-3;PROJ_POP_2050_COM;2023;6157;NBR;;;;;ANSD
SN1:DF_PROJ_POP_2050_COM(1.0);A10;SN-TC-GO5-3;PROJ_POP_2050_COM;2024;6280;NBR;;;;;ANSD
SN1:DF_PROJ_POP_2050_COM(1.0);A10;SN-TC-GO5-3;PROJ_POP_2050_COM;2025;6476;NBR;;;;;ANSD
SN1:DF_PROJ_POP_2050_COM(1.0);A10;SN-TC-GO5-3;PROJ_POP_2050_COM;2026;6679;NBR;;;;;ANSD
SN1:DF_PROJ_POP_2050_COM(1.0);A10;SN-TC-GO5-3;PROJ_POP_2050_COM;2027;6891;NBR;;;;;ANSD
SN1:DF_PROJ_POP_2050_COM(1.0);A10;SN-TC-GO5-3;PROJ_POP_2050_COM;2028;7111;NBR;;;;;ANSD
SN1:DF_PROJ_POP_2050_COM(1.0);A10;SN-TC-GO5-3;PROJ_POP_2050_COM;2029;7340;NBR;;;;;ANSD
SN1:DF_PROJ_POP_2050_COM(1.0);A10;SN-TC-GO5-3;PROJ_POP_2050_COM;2030;7576;NBR;;;;;ANSD
SN1:DF_PROJ_POP_2050_COM(1.0);A10;SN-TC-KO1-1;PROJ_POP_2050_COM;2023;15723;NBR;;;;;ANSD
SN1:DF_PROJ_POP_2050_COM(1.0);A10;SN-TC-KO1-1;PROJ_POP_2050_COM;2024;15865;NBR;;;;;ANSD
SN1:DF_PROJ_POP_2050_COM(1.0);A10;SN-TC-KO1-1;PROJ_POP_2050_COM;2025;16359;NBR;;;;;ANSD
SN1:DF_PROJ_POP_2050_COM(1.0);A10;SN-TC-KO1-1;PROJ_POP_2050_COM;2026;16873;NBR;;;;;ANSD
SN1:DF_PROJ_POP_2050_COM(1.0);A10;SN-TC-KO1-1;PROJ_POP_2050_COM;2027;17408;NBR;;;;;ANSD
SN1:DF_PROJ_POP_2050_COM(1.0);A10;SN-TC-KO1-1;PROJ_POP_2050_COM;2028;17965;NBR;;;;;ANSD
SN1:DF_PROJ_POP_2050_COM(1.0);A10;SN-TC-KO1-1;PROJ_POP_2050_COM;2029;18541;NBR;;;;;ANSD
SN1:DF_PROJ_POP_2050_COM(1.0);A10;SN-TC-KO1-1;PROJ_POP_2050_COM;2030;19138;NBR;;;;;ANSD
SN1:DF_PROJ_POP_2050_COM(1.0);A10;SN-TC-KO2-1;PROJ_POP_2050_COM;2023;21543;NBR;;;;;ANSD
SN1:DF_PROJ_POP_2050_COM(1.0);A10;SN-TC-KO2-1;PROJ_POP_2050_COM;2024;22352;NBR;;;;;ANSD
SN1:DF_PROJ_POP_2050_COM(1.0);A10;SN-TC-KO2-1;PROJ_POP_2050_COM;2025;23049;NBR;;;;;ANSD
SN1:DF_PROJ_POP_2050_COM(1.0);A10;SN-TC-KO2-1;PROJ_POP_2050_COM;2026;23774;NBR;;;;;ANSD
SN1:DF_PROJ_POP_2050_COM(1.0);A10;SN-TC-KO2-1;PROJ_POP_2050_COM;2027;24528;NBR;;;;;ANSD
SN1:DF_PROJ_POP_2050_COM(1.0);A10;SN-TC-KO2-1;PROJ_POP_2050_COM;2028;25311;NBR;;;;;ANSD
SN1:DF_PROJ_POP_2050_COM(1.0);A10;SN-TC-KO2-1;PROJ_POP_2050_COM;2029;26124;NBR;;;;;ANSD
SN1:DF_PROJ_POP_2050_COM(1.0);A10;SN-TC-KO2-1;PROJ_POP_2050_COM;2030;26965;NBR;;;;;ANSD
SN1:DF_PROJ_POP_2050_COM(1.0);A10;SN-TC-KO2-2;PROJ_POP_2050_COM;2023;22566;NBR;;;;;ANSD
SN1:DF_PROJ_POP_2050_COM(1.0);A10;SN-TC-KO2-2;PROJ_POP_2050_COM;2024;23440;NBR;;;;;ANSD
SN1:DF_PROJ_POP_2050_COM(1.0);A10;SN-TC-KO2-2;PROJ_POP_2050_COM;2025;24170;NBR;;;;;ANSD
SN1:DF_PROJ_POP_2050_COM(1.0);A10;SN-TC-KO2-2;PROJ_POP_2050_COM;2026;24931;NBR;;;;;ANSD
SN1:DF_PROJ_POP_2050_COM(1.0);A10;SN-TC-KO2-2;PROJ_POP_2050_COM;2027;25722;NBR;;;;;ANSD
SN1:DF_PROJ_POP_2050_COM(1.0);A10;SN-TC-KO2-2;PROJ_POP_2050_COM;2028;26543;NBR;;;;;ANSD
SN1:DF_PROJ_POP_2050_COM(1.0);A10;SN-TC-KO2-2;PROJ_POP_2050_COM;2029;27395;NBR;;;;;ANSD
SN1:DF_PROJ_POP_2050_COM(1.0);A10;SN-TC-KO2-2;PROJ_POP_2050_COM;2030;28278;NBR;;;;;ANSD
SN1:DF_PROJ_POP_2050_COM(1.0);A10;SN-TC-KO2-3;PROJ_POP_2050_COM;2023;17546;NBR;;;;;ANSD
SN1:DF_PROJ_POP_2050_COM(1.0);A10;SN-TC-KO2-3;PROJ_POP_2050_COM;2024;18707;NBR;;;;;ANSD
SN1:DF_PROJ_POP_2050_COM(1.0);A10;SN-TC-KO2-3;PROJ_POP_2050_COM;2025;19289;NBR;;;;;ANSD
SN1:DF_PROJ_POP_2050_COM(1.0);A10;SN-TC-KO2-3;PROJ_POP_2050_COM;2026;19896;NBR;;;;;ANSD
SN1:DF_PROJ_POP_2050_COM(1.0);A10;SN-TC-KO2-3;PROJ_POP_2050_COM;2027;20527;NBR;;;;;ANSD
SN1:DF_PROJ_POP_2050_COM(1.0);A10;SN-TC-KO2-3;PROJ_POP_2050_COM;2028;21183;NBR;;;;;ANSD
SN1:DF_PROJ_POP_2050_COM(1.0);A10;SN-TC-KO2-3;PROJ_POP_2050_COM;2029;21863;NBR;;;;;ANSD
SN1:DF_PROJ_POP_2050_COM(1.0);A10;SN-TC-KO2-3;PROJ_POP_2050_COM;2030;22567;NBR;;;;;ANSD
SN1:DF_PROJ_POP_2050_COM(1.0);A10;SN-TC-KO2-4;PROJ_POP_2050_COM;2023;14295;NBR;;;;;ANSD
SN1:DF_PROJ_POP_2050_COM(1.0);A10;SN-TC-KO2-4;PROJ_POP_2050_COM;2024;14839;NBR;;;;;ANSD
SN1:DF_PROJ_POP_2050_COM(1.0);A10;SN-TC-KO2-4;PROJ_POP_2050_COM;2025;15301;NBR;;;;;ANSD
SN1:DF_PROJ_POP_2050_COM(1.0);A10;SN-TC-KO2-4;PROJ_POP_2050_COM;2026;15782;NBR;;;;;ANSD
SN1:DF_PROJ_POP_2050_COM(1.0);A10;SN-TC-KO2-4;PROJ_POP_2050_COM;2027;16283;NBR;;;;;ANSD
SN1:DF_PROJ_POP_2050_COM(1.0);A10;SN-TC-KO2-4;PROJ_POP_2050_COM;2028;16803;NBR;;;;;ANSD
SN1:DF_PROJ_POP_2050_COM(1.0);A10;SN-TC-KO2-4;PROJ_POP_2050_COM;2029;17343;NBR;;;;;ANSD
SN1:DF_PROJ_POP_2050_COM(1.0);A10;SN-TC-KO2-4;PROJ_POP_2050_COM;2030;17901;NBR;;;;;ANSD
SN1:DF_PROJ_POP_2050_COM(1.0);A10;SN-TC-KO3-1;PROJ_POP_2050_COM;2023;17471;NBR;;;;;ANSD
SN1:DF_PROJ_POP_2050_COM(1.0);A10;SN-TC-KO3-1;PROJ_POP_2050_COM;2024;18632;NBR;;;;;ANSD
SN1:DF_PROJ_POP_2050_COM(1.0);A10;SN-TC-KO3-1;PROJ_POP_2050_COM;2025;19212;NBR;;;;;ANSD
SN1:DF_PROJ_POP_2050_COM(1.0);A10;SN-TC-KO3-1;PROJ_POP_2050_COM;2026;19817;NBR;;;;;ANSD
SN1:DF_PROJ_POP_2050_COM(1.0);A10;SN-TC-KO3-1;PROJ_POP_2050_COM;2027;20445;NBR;;;;;ANSD
SN1:DF_PROJ_POP_2050_COM(1.0);A10;SN-TC-KO3-1;PROJ_POP_2050_COM;2028;21098;NBR;;;;;ANSD
SN1:DF_PROJ_POP_2050_COM(1.0);A10;SN-TC-KO3-1;PROJ_POP_2050_COM;2029;21776;NBR;;;;;ANSD
SN1:DF_PROJ_POP_2050_COM(1.0);A10;SN-TC-KO3-1;PROJ_POP_2050_COM;2030;22477;NBR;;;;;ANSD
SN1:DF_PROJ_POP_2050_COM(1.0);A10;SN-TC-KO3-2;PROJ_POP_2050_COM;2023;29785;NBR;;;;;ANSD
SN1:DF_PROJ_POP_2050_COM(1.0);A10;SN-TC-KO3-2;PROJ_POP_2050_COM;2024;32201;NBR;;;;;ANSD
SN1:DF_PROJ_POP_2050_COM(1.0);A10;SN-TC-KO3-2;PROJ_POP_2050_COM;2025;33204;NBR;;;;;ANSD
SN1:DF_PROJ_POP_2050_COM(1.0);A10;SN-TC-KO3-2;PROJ_POP_2050_COM;2026;34249;NBR;;;;;ANSD
SN1:DF_PROJ_POP_2050_COM(1.0);A10;SN-TC-KO3-2;PROJ_POP_2050_COM;2027;35335;NBR;;;;;ANSD
SN1:DF_PROJ_POP_2050_COM(1.0);A10;SN-TC-KO3-2;PROJ_POP_2050_COM;2028;36464;NBR;;;;;ANSD
SN1:DF_PROJ_POP_2050_COM(1.0);A10;SN-TC-KO3-2;PROJ_POP_2050_COM;2029;37634;NBR;;;;;ANSD
SN1:DF_PROJ_POP_2050_COM(1.0);A10;SN-TC-KO3-2;PROJ_POP_2050_COM;2030;38846;NBR;;;;;ANSD
SN1:DF_PROJ_POP_2050_COM(1.0);A10;SN-TC-KO3-3;PROJ_POP_2050_COM;2023;19112;NBR;;;;;ANSD
SN1:DF_PROJ_POP_2050_COM(1.0);A10;SN-TC-KO3-3;PROJ_POP_2050_COM;2024;19884;NBR;;;;;ANSD
SN1:DF_PROJ_POP_2050_COM(1.0);A10;SN-TC-KO3-3;PROJ_POP_2050_COM;2025;20503;NBR;;;;;ANSD
SN1:DF_PROJ_POP_2050_COM(1.0);A10;SN-TC-KO3-3;PROJ_POP_2050_COM;2026;21148;NBR;;;;;ANSD
SN1:DF_PROJ_POP_2050_COM(1.0);A10;SN-TC-KO3-3;PROJ_POP_2050_COM;2027;21819;NBR;;;;;ANSD
SN1:DF_PROJ_POP_2050_COM(1.0);A10;SN-TC-KO3-3;PROJ_POP_2050_COM;2028;22516;NBR;;;;;ANSD
SN1:DF_PROJ_POP_2050_COM(1.0);A10;SN-TC-KO3-3;PROJ_POP_2050_COM;2029;23238;NBR;;;;;ANSD
SN1:DF_PROJ_POP_2050_COM(1.0);A10;SN-TC-KO3-3;PROJ_POP_2050_COM;2030;23987;NBR;;;;;ANSD
SN1:DF_PROJ_POP_2050_COM(1.0);A10;SN-TC-KO3-4;PROJ_POP_2050_COM;2023;36701;NBR;;;;;ANSD
SN1:DF_PROJ_POP_2050_COM(1.0);A10;SN-TC-KO3-4;PROJ_POP_2050_COM;2024;38673;NBR;;;;;ANSD
SN1:DF_PROJ_POP_2050_COM(1.0);A10;SN-TC-KO3-4;PROJ_POP_2050_COM;2025;39877;NBR;;;;;ANSD
SN1:DF_PROJ_POP_2050_COM(1.0);A10;SN-TC-KO3-4;PROJ_POP_2050_COM;2026;41132;NBR;;;;;ANSD
SN1:DF_PROJ_POP_2050_COM(1.0);A10;SN-TC-KO3-4;PROJ_POP_2050_COM;2027;42437;NBR;;;;;ANSD
SN1:DF_PROJ_POP_2050_COM(1.0);A10;SN-TC-KO3-4;PROJ_POP_2050_COM;2028;43792;NBR;;;;;ANSD
SN1:DF_PROJ_POP_2050_COM(1.0);A10;SN-TC-KO3-4;PROJ_POP_2050_COM;2029;45198;NBR;;;;;ANSD
SN1:DF_PROJ_POP_2050_COM(1.0);A10;SN-TC-KO3-4;PROJ_POP_2050_COM;2030;46654;NBR;;;;;ANSD
SN1:DF_PROJ_POP_2050_COM(1.0);A10;SN-TC-KO3-5;PROJ_POP_2050_COM;2023;4455;NBR;;;;;ANSD
SN1:DF_PROJ_POP_2050_COM(1.0);A10;SN-TC-KO3-5;PROJ_POP_2050_COM;2024;4629;NBR;;;;;ANSD
SN1:DF_PROJ_POP_2050_COM(1.0);A10;SN-TC-KO3-5;PROJ_POP_2050_COM;2025;4773;NBR;;;;;ANSD
SN1:DF_PROJ_POP_2050_COM(1.0);A10;SN-TC-KO3-5;PROJ_POP_2050_COM;2026;4923;NBR;;;;;ANSD
SN1:DF_PROJ_POP_2050_COM(1.0);A10;SN-TC-KO3-5;PROJ_POP_2050_COM;2027;5079;NBR;;;;;ANSD
SN1:DF_PROJ_POP_2050_COM(1.0);A10;SN-TC-KO3-5;PROJ_POP_2050_COM;2028;5241;NBR;;;;;ANSD
SN1:DF_PROJ_POP_2050_COM(1.0);A10;SN-TC-KO3-5;PROJ_POP_2050_COM;2029;5410;NBR;;;;;ANSD
SN1:DF_PROJ_POP_2050_COM(1.0);A10;SN-TC-KO3-5;PROJ_POP_2050_COM;2030;5584;NBR;;;;;ANSD
SN1:DF_PROJ_POP_2050_COM(1.0);A10;SN-TC-TD1-1;PROJ_POP_2050_COM;2023;149071;NBR;;;;;ANSD
SN1:DF_PROJ_POP_2050_COM(1.0);A10;SN-TC-TD1-1;PROJ_POP_2050_COM;2024;152882;NBR;;;;;ANSD
SN1:DF_PROJ_POP_2050_COM(1.0);A10;SN-TC-TD1-1;PROJ_POP_2050_COM;2025;157643;NBR;;;;;ANSD
SN1:DF_PROJ_POP_2050_COM(1.0);A10;SN-TC-TD1-1;PROJ_POP_2050_COM;2026;162602;NBR;;;;;ANSD
SN1:DF_PROJ_POP_2050_COM(1.0);A10;SN-TC-TD1-1;PROJ_POP_2050_COM;2027;167761;NBR;;;;;ANSD
SN1:DF_PROJ_POP_2050_COM(1.0);A10;SN-TC-TD1-1;PROJ_POP_2050_COM;2028;173119;NBR;;;;;ANSD
SN1:DF_PROJ_POP_2050_COM(1.0);A10;SN-TC-TD1-1;PROJ_POP_2050_COM;2029;178676;NBR;;;;;ANSD
SN1:DF_PROJ_POP_2050_COM(1.0);A10;SN-TC-TD1-1;PROJ_POP_2050_COM;2030;184430;NBR;;;;;ANSD
SN1:DF_PROJ_POP_2050_COM(1.0);A10;SN-TC-TD2-1;PROJ_POP_2050_COM;2023;41104;NBR;;;;;ANSD
SN1:DF_PROJ_POP_2050_COM(1.0);A10;SN-TC-TD2-1;PROJ_POP_2050_COM;2024;41857;NBR;;;;;ANSD
SN1:DF_PROJ_POP_2050_COM(1.0);A10;SN-TC-TD2-1;PROJ_POP_2050_COM;2025;43160;NBR;;;;;ANSD
SN1:DF_PROJ_POP_2050_COM(1.0);A10;SN-TC-TD2-1;PROJ_POP_2050_COM;2026;44518;NBR;;;;;ANSD
SN1:DF_PROJ_POP_2050_COM(1.0);A10;SN-TC-TD2-1;PROJ_POP_2050_COM;2027;45930;NBR;;;;;ANSD
SN1:DF_PROJ_POP_2050_COM(1.0);A10;SN-TC-TD2-1;PROJ_POP_2050_COM;2028;47397;NBR;;;;;ANSD
SN1:DF_PROJ_POP_2050_COM(1.0);A10;SN-TC-TD2-1;PROJ_POP_2050_COM;2029;48919;NBR;;;;;ANSD
SN1:DF_PROJ_POP_2050_COM(1.0);A10;SN-TC-TD2-1;PROJ_POP_2050_COM;2030;50494;NBR;;;;;ANSD
SN1:DF_PROJ_POP_2050_COM(1.0);A10;SN-TC-TD2-2;PROJ_POP_2050_COM;2023;29532;NBR;;;;;ANSD
SN1:DF_PROJ_POP_2050_COM(1.0);A10;SN-TC-TD2-2;PROJ_POP_2050_COM;2024;30922;NBR;;;;;ANSD
SN1:DF_PROJ_POP_2050_COM(1.0);A10;SN-TC-TD2-2;PROJ_POP_2050_COM;2025;31885;NBR;;;;;ANSD
SN1:DF_PROJ_POP_2050_COM(1.0);A10;SN-TC-TD2-2;PROJ_POP_2050_COM;2026;32888;NBR;;;;;ANSD
SN1:DF_PROJ_POP_2050_COM(1.0);A10;SN-TC-TD2-2;PROJ_POP_2050_COM;2027;33931;NBR;;;;;ANSD
SN1:DF_PROJ_POP_2050_COM(1.0);A10;SN-TC-TD2-2;PROJ_POP_2050_COM;2028;35015;NBR;;;;;ANSD
SN1:DF_PROJ_POP_2050_COM(1.0);A10;SN-TC-TD2-2;PROJ_POP_2050_COM;2029;36139;NBR;;;;;ANSD
SN1:DF_PROJ_POP_2050_COM(1.0);A10;SN-TC-TD2-2;PROJ_POP_2050_COM;2030;37302;NBR;;;;;ANSD
SN1:DF_PROJ_POP_2050_COM(1.0);A10;SN-TC-TD3-1;PROJ_POP_2050_COM;2023;52984;NBR;;;;;ANSD
SN1:DF_PROJ_POP_2050_COM(1.0);A10;SN-TC-TD3-1;PROJ_POP_2050_COM;2024;55079;NBR;;;;;ANSD
SN1:DF_PROJ_POP_2050_COM(1.0);A10;SN-TC-TD3-1;PROJ_POP_2050_COM;2025;56794;NBR;;;;;ANSD
SN1:DF_PROJ_POP_2050_COM(1.0);A10;SN-TC-TD3-1;PROJ_POP_2050_COM;2026;58581;NBR;;;;;ANSD
SN1:DF_PROJ_POP_2050_COM(1.0);A10;SN-TC-TD3-1;PROJ_POP_2050_COM;2027;60439;NBR;;;;;ANSD
SN1:DF_PROJ_POP_2050_COM(1.0);A10;SN-TC-TD3-1;PROJ_POP_2050_COM;2028;62370;NBR;;;;;ANSD
SN1:DF_PROJ_POP_2050_COM(1.0);A10;SN-TC-TD3-1;PROJ_POP_2050_COM;2029;64372;NBR;;;;;ANSD
SN1:DF_PROJ_POP_2050_COM(1.0);A10;SN-TC-TD3-1;PROJ_POP_2050_COM;2030;66445;NBR;;;;;ANSD
SN1:DF_PROJ_POP_2050_COM(1.0);A10;SN-TC-TD3-2;PROJ_POP_2050_COM;2023;28568;NBR;;;;;ANSD
SN1:DF_PROJ_POP_2050_COM(1.0);A10;SN-TC-TD3-2;PROJ_POP_2050_COM;2024;29143;NBR;;;;;ANSD
SN1:DF_PROJ_POP_2050_COM(1.0);A10;SN-TC-TD3-2;PROJ_POP_2050_COM;2025;30051;NBR;;;;;ANSD
SN1:DF_PROJ_POP_2050_COM(1.0);A10;SN-TC-TD3-2;PROJ_POP_2050_COM;2026;30996;NBR;;;;;ANSD
SN1:DF_PROJ_POP_2050_COM(1.0);A10;SN-TC-TD3-2;PROJ_POP_2050_COM;2027;31979;NBR;;;;;ANSD
SN1:DF_PROJ_POP_2050_COM(1.0);A10;SN-TC-TD3-2;PROJ_POP_2050_COM;2028;33001;NBR;;;;;ANSD
SN1:DF_PROJ_POP_2050_COM(1.0);A10;SN-TC-TD3-2;PROJ_POP_2050_COM;2029;34060;NBR;;;;;ANSD
SN1:DF_PROJ_POP_2050_COM(1.0);A10;SN-TC-TD3-2;PROJ_POP_2050_COM;2030;35157;NBR;;;;;ANSD
SN1:DF_PROJ_POP_2050_COM(1.0);A10;SN-TC-TD3-3;PROJ_POP_2050_COM;2023;18069;NBR;;;;;ANSD
SN1:DF_PROJ_POP_2050_COM(1.0);A10;SN-TC-TD3-3;PROJ_POP_2050_COM;2024;18937;NBR;;;;;ANSD
SN1:DF_PROJ_POP_2050_COM(1.0);A10;SN-TC-TD3-3;PROJ_POP_2050_COM;2025;19527;NBR;;;;;ANSD
SN1:DF_PROJ_POP_2050_COM(1.0);A10;SN-TC-TD3-3;PROJ_POP_2050_COM;2026;20141;NBR;;;;;ANSD
SN1:DF_PROJ_POP_2050_COM(1.0);A10;SN-TC-TD3-3;PROJ_POP_2050_COM;2027;20780;NBR;;;;;ANSD
SN1:DF_PROJ_POP_2050_COM(1.0);A10;SN-TC-TD3-3;PROJ_POP_2050_COM;2028;21444;NBR;;;;;ANSD
SN1:DF_PROJ_POP_2050_COM(1.0);A10;SN-TC-TD3-3;PROJ_POP_2050_COM;2029;22132;NBR;;;;;ANSD
SN1:DF_PROJ_POP_2050_COM(1.0);A10;SN-TC-TD3-3;PROJ_POP_2050_COM;2030;22845;NBR;;;;;ANSD
SN1:DF_PROJ_POP_2050_COM(1.0);A10;SN-TC-TD4-1;PROJ_POP_2050_COM;2023;24519;NBR;;;;;ANSD
SN1:DF_PROJ_POP_2050_COM(1.0);A10;SN-TC-TD4-1;PROJ_POP_2050_COM;2024;26386;NBR;;;;;ANSD
SN1:DF_PROJ_POP_2050_COM(1.0);A10;SN-TC-TD4-1;PROJ_POP_2050_COM;2025;27207;NBR;;;;;ANSD
SN1:DF_PROJ_POP_2050_COM(1.0);A10;SN-TC-TD4-1;PROJ_POP_2050_COM;2026;28063;NBR;;;;;ANSD
SN1:DF_PROJ_POP_2050_COM(1.0);A10;SN-TC-TD4-1;PROJ_POP_2050_COM;2027;28954;NBR;;;;;ANSD
SN1:DF_PROJ_POP_2050_COM(1.0);A10;SN-TC-TD4-1;PROJ_POP_2050_COM;2028;29878;NBR;;;;;ANSD
SN1:DF_PROJ_POP_2050_COM(1.0);A10;SN-TC-TD4-1;PROJ_POP_2050_COM;2029;30838;NBR;;;;;ANSD
SN1:DF_PROJ_POP_2050_COM(1.0);A10;SN-TC-TD4-1;PROJ_POP_2050_COM;2030;31831;NBR;;;;;ANSD
SN1:DF_PROJ_POP_2050_COM(1.0);A10;SN-TC-TD4-2;PROJ_POP_2050_COM;2023;57580;NBR;;;;;ANSD
SN1:DF_PROJ_POP_2050_COM(1.0);A10;SN-TC-TD4-2;PROJ_POP_2050_COM;2024;58401;NBR;;;;;ANSD
SN1:DF_PROJ_POP_2050_COM(1.0);A10;SN-TC-TD4-2;PROJ_POP_2050_COM;2025;60220;NBR;;;;;ANSD
SN1:DF_PROJ_POP_2050_COM(1.0);A10;SN-TC-TD4-2;PROJ_POP_2050_COM;2026;62114;NBR;;;;;ANSD
SN1:DF_PROJ_POP_2050_COM(1.0);A10;SN-TC-TD4-2;PROJ_POP_2050_COM;2027;64085;NBR;;;;;ANSD
SN1:DF_PROJ_POP_2050_COM(1.0);A10;SN-TC-TD4-2;PROJ_POP_2050_COM;2028;66132;NBR;;;;;ANSD
SN1:DF_PROJ_POP_2050_COM(1.0);A10;SN-TC-TD4-2;PROJ_POP_2050_COM;2029;68255;NBR;;;;;ANSD
SN1:DF_PROJ_POP_2050_COM(1.0);A10;SN-TC-TD4-2;PROJ_POP_2050_COM;2030;70453;NBR;;;;;ANSD
SN1:DF_PROJ_POP_2050_COM(1.0);A10;SN-TC-TD4-3;PROJ_POP_2050_COM;2023;25992;NBR;;;;;ANSD
SN1:DF_PROJ_POP_2050_COM(1.0);A10;SN-TC-TD4-3;PROJ_POP_2050_COM;2024;26374;NBR;;;;;ANSD
SN1:DF_PROJ_POP_2050_COM(1.0);A10;SN-TC-TD4-3;PROJ_POP_2050_COM;2025;27195;NBR;;;;;ANSD
SN1:DF_PROJ_POP_2050_COM(1.0);A10;SN-TC-TD4-3;PROJ_POP_2050_COM;2026;28050;NBR;;;;;ANSD
SN1:DF_PROJ_POP_2050_COM(1.0);A10;SN-TC-TD4-3;PROJ_POP_2050_COM;2027;28940;NBR;;;;;ANSD
SN1:DF_PROJ_POP_2050_COM(1.0);A10;SN-TC-TD4-3;PROJ_POP_2050_COM;2028;29865;NBR;;;;;ANSD
SN1:DF_PROJ_POP_2050_COM(1.0);A10;SN-TC-TD4-3;PROJ_POP_2050_COM;2029;30823;NBR;;;;;ANSD
SN1:DF_PROJ_POP_2050_COM(1.0);A10;SN-TC-TD4-3;PROJ_POP_2050_COM;2030;31816;NBR;;;;;ANSD
SN1:DF_PROJ_POP_2050_COM(1.0);A10;SN-TH-MB1-1;PROJ_POP_2050_COM;2023;61582;NBR;;;;;ANSD
SN1:DF_PROJ_POP_2050_COM(1.0);A10;SN-TH-MB1-1;PROJ_POP_2050_COM;2024;65364;NBR;;;;;ANSD
SN1:DF_PROJ_POP_2050_COM(1.0);A10;SN-TH-MB1-1;PROJ_POP_2050_COM;2025;66984;NBR;;;;;ANSD
SN1:DF_PROJ_POP_2050_COM(1.0);A10;SN-TH-MB1-1;PROJ_POP_2050_COM;2026;68650;NBR;;;;;ANSD
SN1:DF_PROJ_POP_2050_COM(1.0);A10;SN-TH-MB1-1;PROJ_POP_2050_COM;2027;70363;NBR;;;;;ANSD
SN1:DF_PROJ_POP_2050_COM(1.0);A10;SN-TH-MB1-1;PROJ_POP_2050_COM;2028;72121;NBR;;;;;ANSD
SN1:DF_PROJ_POP_2050_COM(1.0);A10;SN-TH-MB1-1;PROJ_POP_2050_COM;2029;73924;NBR;;;;;ANSD
SN1:DF_PROJ_POP_2050_COM(1.0);A10;SN-TH-MB1-1;PROJ_POP_2050_COM;2030;75771;NBR;;;;;ANSD
SN1:DF_PROJ_POP_2050_COM(1.0);A10;SN-TH-MB2-1;PROJ_POP_2050_COM;2023;284189;NBR;;;;;ANSD
SN1:DF_PROJ_POP_2050_COM(1.0);A10;SN-TH-MB2-1;PROJ_POP_2050_COM;2024;293621;NBR;;;;;ANSD
SN1:DF_PROJ_POP_2050_COM(1.0);A10;SN-TH-MB2-1;PROJ_POP_2050_COM;2025;300899;NBR;;;;;ANSD
SN1:DF_PROJ_POP_2050_COM(1.0);A10;SN-TH-MB2-1;PROJ_POP_2050_COM;2026;308385;NBR;;;;;ANSD
SN1:DF_PROJ_POP_2050_COM(1.0);A10;SN-TH-MB2-1;PROJ_POP_2050_COM;2027;316078;NBR;;;;;ANSD
SN1:DF_PROJ_POP_2050_COM(1.0);A10;SN-TH-MB2-1;PROJ_POP_2050_COM;2028;323976;NBR;;;;;ANSD
SN1:DF_PROJ_POP_2050_COM(1.0);A10;SN-TH-MB2-1;PROJ_POP_2050_COM;2029;332075;NBR;;;;;ANSD
SN1:DF_PROJ_POP_2050_COM(1.0);A10;SN-TH-MB2-1;PROJ_POP_2050_COM;2030;340370;NBR;;;;;ANSD
SN1:DF_PROJ_POP_2050_COM(1.0);A10;SN-TH-MB3-1;PROJ_POP_2050_COM;2023;60654;NBR;;;;;ANSD
SN1:DF_PROJ_POP_2050_COM(1.0);A10;SN-TH-MB3-1;PROJ_POP_2050_COM;2024;61740;NBR;;;;;ANSD
SN1:DF_PROJ_POP_2050_COM(1.0);A10;SN-TH-MB3-1;PROJ_POP_2050_COM;2025;63271;NBR;;;;;ANSD
SN1:DF_PROJ_POP_2050_COM(1.0);A10;SN-TH-MB3-1;PROJ_POP_2050_COM;2026;64845;NBR;;;;;ANSD
SN1:DF_PROJ_POP_2050_COM(1.0);A10;SN-TH-MB3-1;PROJ_POP_2050_COM;2027;66463;NBR;;;;;ANSD
SN1:DF_PROJ_POP_2050_COM(1.0);A10;SN-TH-MB3-1;PROJ_POP_2050_COM;2028;68123;NBR;;;;;ANSD
SN1:DF_PROJ_POP_2050_COM(1.0);A10;SN-TH-MB3-1;PROJ_POP_2050_COM;2029;69826;NBR;;;;;ANSD
SN1:DF_PROJ_POP_2050_COM(1.0);A10;SN-TH-MB3-1;PROJ_POP_2050_COM;2030;71570;NBR;;;;;ANSD
SN1:DF_PROJ_POP_2050_COM(1.0);A10;SN-TH-MB3-2;PROJ_POP_2050_COM;2023;60654;NBR;;;;;ANSD
SN1:DF_PROJ_POP_2050_COM(1.0);A10;SN-TH-MB3-2;PROJ_POP_2050_COM;2024;61740;NBR;;;;;ANSD
SN1:DF_PROJ_POP_2050_COM(1.0);A10;SN-TH-MB3-2;PROJ_POP_2050_COM;2025;63271;NBR;;;;;ANSD
SN1:DF_PROJ_POP_2050_COM(1.0);A10;SN-TH-MB3-2;PROJ_POP_2050_COM;2026;64845;NBR;;;;;ANSD
SN1:DF_PROJ_POP_2050_COM(1.0);A10;SN-TH-MB3-2;PROJ_POP_2050_COM;2027;66463;NBR;;;;;ANSD
SN1:DF_PROJ_POP_2050_COM(1.0);A10;SN-TH-MB3-2;PROJ_POP_2050_COM;2028;68123;NBR;;;;;ANSD
SN1:DF_PROJ_POP_2050_COM(1.0);A10;SN-TH-MB3-2;PROJ_POP_2050_COM;2029;69826;NBR;;;;;ANSD
SN1:DF_PROJ_POP_2050_COM(1.0);A10;SN-TH-MB3-2;PROJ_POP_2050_COM;2030;71570;NBR;;;;;ANSD
SN1:DF_PROJ_POP_2050_COM(1.0);A10;SN-TH-MB4-1;PROJ_POP_2050_COM;2023;48977;NBR;;;;;ANSD
SN1:DF_PROJ_POP_2050_COM(1.0);A10;SN-TH-MB4-1;PROJ_POP_2050_COM;2024;50527;NBR;;;;;ANSD
SN1:DF_PROJ_POP_2050_COM(1.0);A10;SN-TH-MB4-1;PROJ_POP_2050_COM;2025;51780;NBR;;;;;ANSD
SN1:DF_PROJ_POP_2050_COM(1.0);A10;SN-TH-MB4-1;PROJ_POP_2050_COM;2026;53068;NBR;;;;;ANSD
SN1:DF_PROJ_POP_2050_COM(1.0);A10;SN-TH-MB4-1;PROJ_POP_2050_COM;2027;54392;NBR;;;;;ANSD
SN1:DF_PROJ_POP_2050_COM(1.0);A10;SN-TH-MB4-1;PROJ_POP_2050_COM;2028;55751;NBR;;;;;ANSD
SN1:DF_PROJ_POP_2050_COM(1.0);A10;SN-TH-MB4-1;PROJ_POP_2050_COM;2029;57145;NBR;;;;;ANSD
SN1:DF_PROJ_POP_2050_COM(1.0);A10;SN-TH-MB4-1;PROJ_POP_2050_COM;2030;58572;NBR;;;;;ANSD
SN1:DF_PROJ_POP_2050_COM(1.0);A10;SN-TH-MB4-2;PROJ_POP_2050_COM;2023;38333;NBR;;;;;ANSD
SN1:DF_PROJ_POP_2050_COM(1.0);A10;SN-TH-MB4-2;PROJ_POP_2050_COM;2024;39953;NBR;;;;;ANSD
SN1:DF_PROJ_POP_2050_COM(1.0);A10;SN-TH-MB4-2;PROJ_POP_2050_COM;2025;40943;NBR;;;;;ANSD
SN1:DF_PROJ_POP_2050_COM(1.0);A10;SN-TH-MB4-2;PROJ_POP_2050_COM;2026;41962;NBR;;;;;ANSD
SN1:DF_PROJ_POP_2050_COM(1.0);A10;SN-TH-MB4-2;PROJ_POP_2050_COM;2027;43009;NBR;;;;;ANSD
SN1:DF_PROJ_POP_2050_COM(1.0);A10;SN-TH-MB4-2;PROJ_POP_2050_COM;2028;44084;NBR;;;;;ANSD
SN1:DF_PROJ_POP_2050_COM(1.0);A10;SN-TH-MB4-2;PROJ_POP_2050_COM;2029;45186;NBR;;;;;ANSD
SN1:DF_PROJ_POP_2050_COM(1.0);A10;SN-TH-MB4-2;PROJ_POP_2050_COM;2030;46314;NBR;;;;;ANSD
SN1:DF_PROJ_POP_2050_COM(1.0);A10;SN-TH-MB4-3;PROJ_POP_2050_COM;2023;31317;NBR;;;;;ANSD
SN1:DF_PROJ_POP_2050_COM(1.0);A10;SN-TH-MB4-3;PROJ_POP_2050_COM;2024;32165;NBR;;;;;ANSD
SN1:DF_PROJ_POP_2050_COM(1.0);A10;SN-TH-MB4-3;PROJ_POP_2050_COM;2025;32962;NBR;;;;;ANSD
SN1:DF_PROJ_POP_2050_COM(1.0);A10;SN-TH-MB4-3;PROJ_POP_2050_COM;2026;33782;NBR;;;;;ANSD
SN1:DF_PROJ_POP_2050_COM(1.0);A10;SN-TH-MB4-3;PROJ_POP_2050_COM;2027;34625;NBR;;;;;ANSD
SN1:DF_PROJ_POP_2050_COM(1.0);A10;SN-TH-MB4-3;PROJ_POP_2050_COM;2028;35490;NBR;;;;;ANSD
SN1:DF_PROJ_POP_2050_COM(1.0);A10;SN-TH-MB4-3;PROJ_POP_2050_COM;2029;36377;NBR;;;;;ANSD
SN1:DF_PROJ_POP_2050_COM(1.0);A10;SN-TH-MB4-3;PROJ_POP_2050_COM;2030;37286;NBR;;;;;ANSD
SN1:DF_PROJ_POP_2050_COM(1.0);A10;SN-TH-MB4-4;PROJ_POP_2050_COM;2023;20168;NBR;;;;;ANSD
SN1:DF_PROJ_POP_2050_COM(1.0);A10;SN-TH-MB4-4;PROJ_POP_2050_COM;2024;19947;NBR;;;;;ANSD
SN1:DF_PROJ_POP_2050_COM(1.0);A10;SN-TH-MB4-4;PROJ_POP_2050_COM;2025;20442;NBR;;;;;ANSD
SN1:DF_PROJ_POP_2050_COM(1.0);A10;SN-TH-MB4-4;PROJ_POP_2050_COM;2026;20950;NBR;;;;;ANSD
SN1:DF_PROJ_POP_2050_COM(1.0);A10;SN-TH-MB4-4;PROJ_POP_2050_COM;2027;21473;NBR;;;;;ANSD
SN1:DF_PROJ_POP_2050_COM(1.0);A10;SN-TH-MB4-4;PROJ_POP_2050_COM;2028;22010;NBR;;;;;ANSD
SN1:DF_PROJ_POP_2050_COM(1.0);A10;SN-TH-MB4-4;PROJ_POP_2050_COM;2029;22560;NBR;;;;;ANSD
SN1:DF_PROJ_POP_2050_COM(1.0);A10;SN-TH-MB4-4;PROJ_POP_2050_COM;2030;23123;NBR;;;;;ANSD
SN1:DF_PROJ_POP_2050_COM(1.0);A10;SN-TH-MB5-1;PROJ_POP_2050_COM;2023;117590;NBR;;;;;ANSD
SN1:DF_PROJ_POP_2050_COM(1.0);A10;SN-TH-MB5-1;PROJ_POP_2050_COM;2024;122697;NBR;;;;;ANSD
SN1:DF_PROJ_POP_2050_COM(1.0);A10;SN-TH-MB5-1;PROJ_POP_2050_COM;2025;125739;NBR;;;;;ANSD
SN1:DF_PROJ_POP_2050_COM(1.0);A10;SN-TH-MB5-1;PROJ_POP_2050_COM;2026;128867;NBR;;;;;ANSD
SN1:DF_PROJ_POP_2050_COM(1.0);A10;SN-TH-MB5-1;PROJ_POP_2050_COM;2027;132082;NBR;;;;;ANSD
SN1:DF_PROJ_POP_2050_COM(1.0);A10;SN-TH-MB5-1;PROJ_POP_2050_COM;2028;135382;NBR;;;;;ANSD
SN1:DF_PROJ_POP_2050_COM(1.0);A10;SN-TH-MB5-1;PROJ_POP_2050_COM;2029;138766;NBR;;;;;ANSD
SN1:DF_PROJ_POP_2050_COM(1.0);A10;SN-TH-MB5-1;PROJ_POP_2050_COM;2030;142233;NBR;;;;;ANSD
SN1:DF_PROJ_POP_2050_COM(1.0);A10;SN-TH-MB5-2;PROJ_POP_2050_COM;2023;41433;NBR;;;;;ANSD
SN1:DF_PROJ_POP_2050_COM(1.0);A10;SN-TH-MB5-2;PROJ_POP_2050_COM;2024;42620;NBR;;;;;ANSD
SN1:DF_PROJ_POP_2050_COM(1.0);A10;SN-TH-MB5-2;PROJ_POP_2050_COM;2025;43677;NBR;;;;;ANSD
SN1:DF_PROJ_POP_2050_COM(1.0);A10;SN-TH-MB5-2;PROJ_POP_2050_COM;2026;44763;NBR;;;;;ANSD
SN1:DF_PROJ_POP_2050_COM(1.0);A10;SN-TH-MB5-2;PROJ_POP_2050_COM;2027;45880;NBR;;;;;ANSD
SN1:DF_PROJ_POP_2050_COM(1.0);A10;SN-TH-MB5-2;PROJ_POP_2050_COM;2028;47027;NBR;;;;;ANSD
SN1:DF_PROJ_POP_2050_COM(1.0);A10;SN-TH-MB5-2;PROJ_POP_2050_COM;2029;48202;NBR;;;;;ANSD
SN1:DF_PROJ_POP_2050_COM(1.0);A10;SN-TH-MB5-2;PROJ_POP_2050_COM;2030;49406;NBR;;;;;ANSD
SN1:DF_PROJ_POP_2050_COM(1.0);A10;SN-TH-MB5-3;PROJ_POP_2050_COM;2023;57056;NBR;;;;;ANSD
SN1:DF_PROJ_POP_2050_COM(1.0);A10;SN-TH-MB5-3;PROJ_POP_2050_COM;2024;60347;NBR;;;;;ANSD
SN1:DF_PROJ_POP_2050_COM(1.0);A10;SN-TH-MB5-3;PROJ_POP_2050_COM;2025;61842;NBR;;;;;ANSD
SN1:DF_PROJ_POP_2050_COM(1.0);A10;SN-TH-MB5-3;PROJ_POP_2050_COM;2026;63381;NBR;;;;;ANSD
SN1:DF_PROJ_POP_2050_COM(1.0);A10;SN-TH-MB5-3;PROJ_POP_2050_COM;2027;64962;NBR;;;;;ANSD
SN1:DF_PROJ_POP_2050_COM(1.0);A10;SN-TH-MB5-3;PROJ_POP_2050_COM;2028;66585;NBR;;;;;ANSD
SN1:DF_PROJ_POP_2050_COM(1.0);A10;SN-TH-MB5-3;PROJ_POP_2050_COM;2029;68250;NBR;;;;;ANSD
SN1:DF_PROJ_POP_2050_COM(1.0);A10;SN-TH-MB5-3;PROJ_POP_2050_COM;2030;69955;NBR;;;;;ANSD
SN1:DF_PROJ_POP_2050_COM(1.0);A10;SN-TH-MB5-4;PROJ_POP_2050_COM;2023;47964;NBR;;;;;ANSD
SN1:DF_PROJ_POP_2050_COM(1.0);A10;SN-TH-MB5-4;PROJ_POP_2050_COM;2024;49857;NBR;;;;;ANSD
SN1:DF_PROJ_POP_2050_COM(1.0);A10;SN-TH-MB5-4;PROJ_POP_2050_COM;2025;51092;NBR;;;;;ANSD
SN1:DF_PROJ_POP_2050_COM(1.0);A10;SN-TH-MB5-4;PROJ_POP_2050_COM;2026;52364;NBR;;;;;ANSD
SN1:DF_PROJ_POP_2050_COM(1.0);A10;SN-TH-MB5-4;PROJ_POP_2050_COM;2027;53670;NBR;;;;;ANSD
SN1:DF_PROJ_POP_2050_COM(1.0);A10;SN-TH-MB5-4;PROJ_POP_2050_COM;2028;55011;NBR;;;;;ANSD
SN1:DF_PROJ_POP_2050_COM(1.0);A10;SN-TH-MB5-4;PROJ_POP_2050_COM;2029;56386;NBR;;;;;ANSD
SN1:DF_PROJ_POP_2050_COM(1.0);A10;SN-TH-MB5-4;PROJ_POP_2050_COM;2030;57795;NBR;;;;;ANSD
SN1:DF_PROJ_POP_2050_COM(1.0);A10;SN-TH-MB5-5;PROJ_POP_2050_COM;2023;13744;NBR;;;;;ANSD
SN1:DF_PROJ_POP_2050_COM(1.0);A10;SN-TH-MB5-5;PROJ_POP_2050_COM;2024;14173;NBR;;;;;ANSD
SN1:DF_PROJ_POP_2050_COM(1.0);A10;SN-TH-MB5-5;PROJ_POP_2050_COM;2025;14525;NBR;;;;;ANSD
SN1:DF_PROJ_POP_2050_COM(1.0);A10;SN-TH-MB5-5;PROJ_POP_2050_COM;2026;14886;NBR;;;;;ANSD
SN1:DF_PROJ_POP_2050_COM(1.0);A10;SN-TH-MB5-5;PROJ_POP_2050_COM;2027;15257;NBR;;;;;ANSD
SN1:DF_PROJ_POP_2050_COM(1.0);A10;SN-TH-MB5-5;PROJ_POP_2050_COM;2028;15639;NBR;;;;;ANSD
SN1:DF_PROJ_POP_2050_COM(1.0);A10;SN-TH-MB5-5;PROJ_POP_2050_COM;2029;16030;NBR;;;;;ANSD
SN1:DF_PROJ_POP_2050_COM(1.0);A10;SN-TH-MB5-5;PROJ_POP_2050_COM;2030;16430;NBR;;;;;ANSD
SN1:DF_PROJ_POP_2050_COM(1.0);A10;SN-TH-MB5-6;PROJ_POP_2050_COM;2023;12743;NBR;;;;;ANSD
SN1:DF_PROJ_POP_2050_COM(1.0);A10;SN-TH-MB5-6;PROJ_POP_2050_COM;2024;13053;NBR;;;;;ANSD
SN1:DF_PROJ_POP_2050_COM(1.0);A10;SN-TH-MB5-6;PROJ_POP_2050_COM;2025;13376;NBR;;;;;ANSD
SN1:DF_PROJ_POP_2050_COM(1.0);A10;SN-TH-MB5-6;PROJ_POP_2050_COM;2026;13709;NBR;;;;;ANSD
SN1:DF_PROJ_POP_2050_COM(1.0);A10;SN-TH-MB5-6;PROJ_POP_2050_COM;2027;14051;NBR;;;;;ANSD
SN1:DF_PROJ_POP_2050_COM(1.0);A10;SN-TH-MB5-6;PROJ_POP_2050_COM;2028;14402;NBR;;;;;ANSD
SN1:DF_PROJ_POP_2050_COM(1.0);A10;SN-TH-MB5-6;PROJ_POP_2050_COM;2029;14762;NBR;;;;;ANSD
SN1:DF_PROJ_POP_2050_COM(1.0);A10;SN-TH-MB5-6;PROJ_POP_2050_COM;2030;15131;NBR;;;;;ANSD
SN1:DF_PROJ_POP_2050_COM(1.0);A10;SN-TH-MB5-7;PROJ_POP_2050_COM;2023;41811;NBR;;;;;ANSD
SN1:DF_PROJ_POP_2050_COM(1.0);A10;SN-TH-MB5-7;PROJ_POP_2050_COM;2024;43072;NBR;;;;;ANSD
SN1:DF_PROJ_POP_2050_COM(1.0);A10;SN-TH-MB5-7;PROJ_POP_2050_COM;2025;44140;NBR;;;;;ANSD
SN1:DF_PROJ_POP_2050_COM(1.0);A10;SN-TH-MB5-7;PROJ_POP_2050_COM;2026;45238;NBR;;;;;ANSD
SN1:DF_PROJ_POP_2050_COM(1.0);A10;SN-TH-MB5-7;PROJ_POP_2050_COM;2027;46367;NBR;;;;;ANSD
SN1:DF_PROJ_POP_2050_COM(1.0);A10;SN-TH-MB5-7;PROJ_POP_2050_COM;2028;47525;NBR;;;;;ANSD
SN1:DF_PROJ_POP_2050_COM(1.0);A10;SN-TH-MB5-7;PROJ_POP_2050_COM;2029;48713;NBR;;;;;ANSD
SN1:DF_PROJ_POP_2050_COM(1.0);A10;SN-TH-MB5-7;PROJ_POP_2050_COM;2030;49930;NBR;;;;;ANSD
SN1:DF_PROJ_POP_2050_COM(1.0);A10;SN-TH-MB5-8;PROJ_POP_2050_COM;2023;8762;NBR;;;;;ANSD
SN1:DF_PROJ_POP_2050_COM(1.0);A10;SN-TH-MB5-8;PROJ_POP_2050_COM;2024;8887;NBR;;;;;ANSD
SN1:DF_PROJ_POP_2050_COM(1.0);A10;SN-TH-MB5-8;PROJ_POP_2050_COM;2025;9107;NBR;;;;;ANSD
SN1:DF_PROJ_POP_2050_COM(1.0);A10;SN-TH-MB5-8;PROJ_POP_2050_COM;2026;9334;NBR;;;;;ANSD
SN1:DF_PROJ_POP_2050_COM(1.0);A10;SN-TH-MB5-8;PROJ_POP_2050_COM;2027;9567;NBR;;;;;ANSD
SN1:DF_PROJ_POP_2050_COM(1.0);A10;SN-TH-MB5-8;PROJ_POP_2050_COM;2028;9806;NBR;;;;;ANSD
SN1:DF_PROJ_POP_2050_COM(1.0);A10;SN-TH-MB5-8;PROJ_POP_2050_COM;2029;10051;NBR;;;;;ANSD
SN1:DF_PROJ_POP_2050_COM(1.0);A10;SN-TH-MB5-8;PROJ_POP_2050_COM;2030;10302;NBR;;;;;ANSD
SN1:DF_PROJ_POP_2050_COM(1.0);A10;SN-TH-TD1-1;PROJ_POP_2050_COM;2023;136138;NBR;;;;;ANSD
SN1:DF_PROJ_POP_2050_COM(1.0);A10;SN-TH-TD1-1;PROJ_POP_2050_COM;2024;137345;NBR;;;;;ANSD
SN1:DF_PROJ_POP_2050_COM(1.0);A10;SN-TH-TD1-1;PROJ_POP_2050_COM;2025;140749;NBR;;;;;ANSD
SN1:DF_PROJ_POP_2050_COM(1.0);A10;SN-TH-TD1-1;PROJ_POP_2050_COM;2026;144251;NBR;;;;;ANSD
SN1:DF_PROJ_POP_2050_COM(1.0);A10;SN-TH-TD1-1;PROJ_POP_2050_COM;2027;147849;NBR;;;;;ANSD
SN1:DF_PROJ_POP_2050_COM(1.0);A10;SN-TH-TD1-1;PROJ_POP_2050_COM;2028;151544;NBR;;;;;ANSD
SN1:DF_PROJ_POP_2050_COM(1.0);A10;SN-TH-TD1-1;PROJ_POP_2050_COM;2029;155332;NBR;;;;;ANSD
SN1:DF_PROJ_POP_2050_COM(1.0);A10;SN-TH-TD1-1;PROJ_POP_2050_COM;2030;159212;NBR;;;;;ANSD
SN1:DF_PROJ_POP_2050_COM(1.0);A10;SN-TH-TD2-1;PROJ_POP_2050_COM;2023;166256;NBR;;;;;ANSD
SN1:DF_PROJ_POP_2050_COM(1.0);A10;SN-TH-TD2-1;PROJ_POP_2050_COM;2024;166372;NBR;;;;;ANSD
SN1:DF_PROJ_POP_2050_COM(1.0);A10;SN-TH-TD2-1;PROJ_POP_2050_COM;2025;170496;NBR;;;;;ANSD
SN1:DF_PROJ_POP_2050_COM(1.0);A10;SN-TH-TD2-1;PROJ_POP_2050_COM;2026;174738;NBR;;;;;ANSD
SN1:DF_PROJ_POP_2050_COM(1.0);A10;SN-TH-TD2-1;PROJ_POP_2050_COM;2027;179097;NBR;;;;;ANSD
SN1:DF_PROJ_POP_2050_COM(1.0);A10;SN-TH-TD2-1;PROJ_POP_2050_COM;2028;183572;NBR;;;;;ANSD
SN1:DF_PROJ_POP_2050_COM(1.0);A10;SN-TH-TD2-1;PROJ_POP_2050_COM;2029;188161;NBR;;;;;ANSD
SN1:DF_PROJ_POP_2050_COM(1.0);A10;SN-TH-TD2-1;PROJ_POP_2050_COM;2030;192862;NBR;;;;;ANSD
SN1:DF_PROJ_POP_2050_COM(1.0);A10;SN-TH-TD2-2;PROJ_POP_2050_COM;2023;88859;NBR;;;;;ANSD
SN1:DF_PROJ_POP_2050_COM(1.0);A10;SN-TH-TD2-2;PROJ_POP_2050_COM;2024;88093;NBR;;;;;ANSD
SN1:DF_PROJ_POP_2050_COM(1.0);A10;SN-TH-TD2-2;PROJ_POP_2050_COM;2025;90276;NBR;;;;;ANSD
SN1:DF_PROJ_POP_2050_COM(1.0);A10;SN-TH-TD2-2;PROJ_POP_2050_COM;2026;92522;NBR;;;;;ANSD
SN1:DF_PROJ_POP_2050_COM(1.0);A10;SN-TH-TD2-2;PROJ_POP_2050_COM;2027;94830;NBR;;;;;ANSD
SN1:DF_PROJ_POP_2050_COM(1.0);A10;SN-TH-TD2-2;PROJ_POP_2050_COM;2028;97200;NBR;;;;;ANSD
SN1:DF_PROJ_POP_2050_COM(1.0);A10;SN-TH-TD2-2;PROJ_POP_2050_COM;2029;99630;NBR;;;;;ANSD
SN1:DF_PROJ_POP_2050_COM(1.0);A10;SN-TH-TD2-2;PROJ_POP_2050_COM;2030;102119;NBR;;;;;ANSD
SN1:DF_PROJ_POP_2050_COM(1.0);A10;SN-TH-TD3-1;PROJ_POP_2050_COM;2023;20321;NBR;;;;;ANSD
SN1:DF_PROJ_POP_2050_COM(1.0);A10;SN-TH-TD3-1;PROJ_POP_2050_COM;2024;19423;NBR;;;;;ANSD
SN1:DF_PROJ_POP_2050_COM(1.0);A10;SN-TH-TD3-1;PROJ_POP_2050_COM;2025;19905;NBR;;;;;ANSD
SN1:DF_PROJ_POP_2050_COM(1.0);A10;SN-TH-TD3-1;PROJ_POP_2050_COM;2026;20400;NBR;;;;;ANSD
SN1:DF_PROJ_POP_2050_COM(1.0);A10;SN-TH-TD3-1;PROJ_POP_2050_COM;2027;20909;NBR;;;;;ANSD
SN1:DF_PROJ_POP_2050_COM(1.0);A10;SN-TH-TD3-1;PROJ_POP_2050_COM;2028;21431;NBR;;;;;ANSD
SN1:DF_PROJ_POP_2050_COM(1.0);A10;SN-TH-TD3-1;PROJ_POP_2050_COM;2029;21967;NBR;;;;;ANSD
SN1:DF_PROJ_POP_2050_COM(1.0);A10;SN-TH-TD3-1;PROJ_POP_2050_COM;2030;22516;NBR;;;;;ANSD
SN1:DF_PROJ_POP_2050_COM(1.0);A10;SN-TH-TD4-1;PROJ_POP_2050_COM;2023;29874;NBR;;;;;ANSD
SN1:DF_PROJ_POP_2050_COM(1.0);A10;SN-TH-TD4-1;PROJ_POP_2050_COM;2024;30698;NBR;;;;;ANSD
SN1:DF_PROJ_POP_2050_COM(1.0);A10;SN-TH-TD4-1;PROJ_POP_2050_COM;2025;31459;NBR;;;;;ANSD
SN1:DF_PROJ_POP_2050_COM(1.0);A10;SN-TH-TD4-1;PROJ_POP_2050_COM;2026;32242;NBR;;;;;ANSD
SN1:DF_PROJ_POP_2050_COM(1.0);A10;SN-TH-TD4-1;PROJ_POP_2050_COM;2027;33046;NBR;;;;;ANSD
SN1:DF_PROJ_POP_2050_COM(1.0);A10;SN-TH-TD4-1;PROJ_POP_2050_COM;2028;33872;NBR;;;;;ANSD
SN1:DF_PROJ_POP_2050_COM(1.0);A10;SN-TH-TD4-1;PROJ_POP_2050_COM;2029;34719;NBR;;;;;ANSD
SN1:DF_PROJ_POP_2050_COM(1.0);A10;SN-TH-TD4-1;PROJ_POP_2050_COM;2030;35586;NBR;;;;;ANSD
SN1:DF_PROJ_POP_2050_COM(1.0);A10;SN-TH-TD5-1;PROJ_POP_2050_COM;2023;55967;NBR;;;;;ANSD
SN1:DF_PROJ_POP_2050_COM(1.0);A10;SN-TH-TD5-1;PROJ_POP_2050_COM;2024;57912;NBR;;;;;ANSD
SN1:DF_PROJ_POP_2050_COM(1.0);A10;SN-TH-TD5-1;PROJ_POP_2050_COM;2025;59348;NBR;;;;;ANSD
SN1:DF_PROJ_POP_2050_COM(1.0);A10;SN-TH-TD5-1;PROJ_POP_2050_COM;2026;60824;NBR;;;;;ANSD
SN1:DF_PROJ_POP_2050_COM(1.0);A10;SN-TH-TD5-1;PROJ_POP_2050_COM;2027;62342;NBR;;;;;ANSD
SN1:DF_PROJ_POP_2050_COM(1.0);A10;SN-TH-TD5-1;PROJ_POP_2050_COM;2028;63899;NBR;;;;;ANSD
SN1:DF_PROJ_POP_2050_COM(1.0);A10;SN-TH-TD5-1;PROJ_POP_2050_COM;2029;65497;NBR;;;;;ANSD
SN1:DF_PROJ_POP_2050_COM(1.0);A10;SN-TH-TD5-1;PROJ_POP_2050_COM;2030;67133;NBR;;;;;ANSD
SN1:DF_PROJ_POP_2050_COM(1.0);A10;SN-TH-TD5-2;PROJ_POP_2050_COM;2023;26894;NBR;;;;;ANSD
SN1:DF_PROJ_POP_2050_COM(1.0);A10;SN-TH-TD5-2;PROJ_POP_2050_COM;2024;28363;NBR;;;;;ANSD
SN1:DF_PROJ_POP_2050_COM(1.0);A10;SN-TH-TD5-2;PROJ_POP_2050_COM;2025;29066;NBR;;;;;ANSD
SN1:DF_PROJ_POP_2050_COM(1.0);A10;SN-TH-TD5-2;PROJ_POP_2050_COM;2026;29789;NBR;;;;;ANSD
SN1:DF_PROJ_POP_2050_COM(1.0);A10;SN-TH-TD5-2;PROJ_POP_2050_COM;2027;30532;NBR;;;;;ANSD
SN1:DF_PROJ_POP_2050_COM(1.0);A10;SN-TH-TD5-2;PROJ_POP_2050_COM;2028;31295;NBR;;;;;ANSD
SN1:DF_PROJ_POP_2050_COM(1.0);A10;SN-TH-TD5-2;PROJ_POP_2050_COM;2029;32077;NBR;;;;;ANSD
SN1:DF_PROJ_POP_2050_COM(1.0);A10;SN-TH-TD5-2;PROJ_POP_2050_COM;2030;32879;NBR;;;;;ANSD
SN1:DF_PROJ_POP_2050_COM(1.0);A10;SN-TH-TD6-1;PROJ_POP_2050_COM;2023;37295;NBR;;;;;ANSD
SN1:DF_PROJ_POP_2050_COM(1.0);A10;SN-TH-TD6-1;PROJ_POP_2050_COM;2024;37155;NBR;;;;;ANSD
SN1:DF_PROJ_POP_2050_COM(1.0);A10;SN-TH-TD6-1;PROJ_POP_2050_COM;2025;38076;NBR;;;;;ANSD
SN1:DF_PROJ_POP_2050_COM(1.0);A10;SN-TH-TD6-1;PROJ_POP_2050_COM;2026;39024;NBR;;;;;ANSD
SN1:DF_PROJ_POP_2050_COM(1.0);A10;SN-TH-TD6-1;PROJ_POP_2050_COM;2027;39997;NBR;;;;;ANSD
SN1:DF_PROJ_POP_2050_COM(1.0);A10;SN-TH-TD6-1;PROJ_POP_2050_COM;2028;40997;NBR;;;;;ANSD
SN1:DF_PROJ_POP_2050_COM(1.0);A10;SN-TH-TD6-1;PROJ_POP_2050_COM;2029;42022;NBR;;;;;ANSD
SN1:DF_PROJ_POP_2050_COM(1.0);A10;SN-TH-TD6-1;PROJ_POP_2050_COM;2030;43071;NBR;;;;;ANSD
SN1:DF_PROJ_POP_2050_COM(1.0);A10;SN-TH-TD6-2;PROJ_POP_2050_COM;2023;33350;NBR;;;;;ANSD
SN1:DF_PROJ_POP_2050_COM(1.0);A10;SN-TH-TD6-2;PROJ_POP_2050_COM;2024;34055;NBR;;;;;ANSD
SN1:DF_PROJ_POP_2050_COM(1.0);A10;SN-TH-TD6-2;PROJ_POP_2050_COM;2025;34899;NBR;;;;;ANSD
SN1:DF_PROJ_POP_2050_COM(1.0);A10;SN-TH-TD6-2;PROJ_POP_2050_COM;2026;35767;NBR;;;;;ANSD
SN1:DF_PROJ_POP_2050_COM(1.0);A10;SN-TH-TD6-2;PROJ_POP_2050_COM;2027;36659;NBR;;;;;ANSD
SN1:DF_PROJ_POP_2050_COM(1.0);A10;SN-TH-TD6-2;PROJ_POP_2050_COM;2028;37575;NBR;;;;;ANSD
SN1:DF_PROJ_POP_2050_COM(1.0);A10;SN-TH-TD6-2;PROJ_POP_2050_COM;2029;38514;NBR;;;;;ANSD
SN1:DF_PROJ_POP_2050_COM(1.0);A10;SN-TH-TD6-2;PROJ_POP_2050_COM;2030;39477;NBR;;;;;ANSD
SN1:DF_PROJ_POP_2050_COM(1.0);A10;SN-TH-TD6-3;PROJ_POP_2050_COM;2023;33918;NBR;;;;;ANSD
SN1:DF_PROJ_POP_2050_COM(1.0);A10;SN-TH-TD6-3;PROJ_POP_2050_COM;2024;35013;NBR;;;;;ANSD
SN1:DF_PROJ_POP_2050_COM(1.0);A10;SN-TH-TD6-3;PROJ_POP_2050_COM;2025;35880;NBR;;;;;ANSD
SN1:DF_PROJ_POP_2050_COM(1.0);A10;SN-TH-TD6-3;PROJ_POP_2050_COM;2026;36773;NBR;;;;;ANSD
SN1:DF_PROJ_POP_2050_COM(1.0);A10;SN-TH-TD6-3;PROJ_POP_2050_COM;2027;37690;NBR;;;;;ANSD
SN1:DF_PROJ_POP_2050_COM(1.0);A10;SN-TH-TD6-3;PROJ_POP_2050_COM;2028;38632;NBR;;;;;ANSD
SN1:DF_PROJ_POP_2050_COM(1.0);A10;SN-TH-TD6-3;PROJ_POP_2050_COM;2029;39598;NBR;;;;;ANSD
SN1:DF_PROJ_POP_2050_COM(1.0);A10;SN-TH-TD6-3;PROJ_POP_2050_COM;2030;40587;NBR;;;;;ANSD
SN1:DF_PROJ_POP_2050_COM(1.0);A10;SN-TH-TD6-4;PROJ_POP_2050_COM;2023;63837;NBR;;;;;ANSD
SN1:DF_PROJ_POP_2050_COM(1.0);A10;SN-TH-TD6-4;PROJ_POP_2050_COM;2024;62909;NBR;;;;;ANSD
SN1:DF_PROJ_POP_2050_COM(1.0);A10;SN-TH-TD6-4;PROJ_POP_2050_COM;2025;64469;NBR;;;;;ANSD
SN1:DF_PROJ_POP_2050_COM(1.0);A10;SN-TH-TD6-4;PROJ_POP_2050_COM;2026;66072;NBR;;;;;ANSD
SN1:DF_PROJ_POP_2050_COM(1.0);A10;SN-TH-TD6-4;PROJ_POP_2050_COM;2027;67721;NBR;;;;;ANSD
SN1:DF_PROJ_POP_2050_COM(1.0);A10;SN-TH-TD6-4;PROJ_POP_2050_COM;2028;69413;NBR;;;;;ANSD
SN1:DF_PROJ_POP_2050_COM(1.0);A10;SN-TH-TD6-4;PROJ_POP_2050_COM;2029;71148;NBR;;;;;ANSD
SN1:DF_PROJ_POP_2050_COM(1.0);A10;SN-TH-TD6-4;PROJ_POP_2050_COM;2030;72925;NBR;;;;;ANSD
SN1:DF_PROJ_POP_2050_COM(1.0);A10;SN-TH-TD7-1;PROJ_POP_2050_COM;2023;44358;NBR;;;;;ANSD
SN1:DF_PROJ_POP_2050_COM(1.0);A10;SN-TH-TD7-1;PROJ_POP_2050_COM;2024;45571;NBR;;;;;ANSD
SN1:DF_PROJ_POP_2050_COM(1.0);A10;SN-TH-TD7-1;PROJ_POP_2050_COM;2025;46700;NBR;;;;;ANSD
SN1:DF_PROJ_POP_2050_COM(1.0);A10;SN-TH-TD7-1;PROJ_POP_2050_COM;2026;47862;NBR;;;;;ANSD
SN1:DF_PROJ_POP_2050_COM(1.0);A10;SN-TH-TD7-1;PROJ_POP_2050_COM;2027;49056;NBR;;;;;ANSD
SN1:DF_PROJ_POP_2050_COM(1.0);A10;SN-TH-TD7-1;PROJ_POP_2050_COM;2028;50282;NBR;;;;;ANSD
SN1:DF_PROJ_POP_2050_COM(1.0);A10;SN-TH-TD7-1;PROJ_POP_2050_COM;2029;51539;NBR;;;;;ANSD
SN1:DF_PROJ_POP_2050_COM(1.0);A10;SN-TH-TD7-1;PROJ_POP_2050_COM;2030;52826;NBR;;;;;ANSD
SN1:DF_PROJ_POP_2050_COM(1.0);A10;SN-TH-TD7-2;PROJ_POP_2050_COM;2023;47139;NBR;;;;;ANSD
SN1:DF_PROJ_POP_2050_COM(1.0);A10;SN-TH-TD7-2;PROJ_POP_2050_COM;2024;48356;NBR;;;;;ANSD
SN1:DF_PROJ_POP_2050_COM(1.0);A10;SN-TH-TD7-2;PROJ_POP_2050_COM;2025;49555;NBR;;;;;ANSD
SN1:DF_PROJ_POP_2050_COM(1.0);A10;SN-TH-TD7-2;PROJ_POP_2050_COM;2026;50788;NBR;;;;;ANSD
SN1:DF_PROJ_POP_2050_COM(1.0);A10;SN-TH-TD7-2;PROJ_POP_2050_COM;2027;52055;NBR;;;;;ANSD
SN1:DF_PROJ_POP_2050_COM(1.0);A10;SN-TH-TD7-2;PROJ_POP_2050_COM;2028;53356;NBR;;;;;ANSD
SN1:DF_PROJ_POP_2050_COM(1.0);A10;SN-TH-TD7-2;PROJ_POP_2050_COM;2029;54689;NBR;;;;;ANSD
SN1:DF_PROJ_POP_2050_COM(1.0);A10;SN-TH-TD7-2;PROJ_POP_2050_COM;2030;56056;NBR;;;;;ANSD
SN1:DF_PROJ_POP_2050_COM(1.0);A10;SN-TH-TD7-3;PROJ_POP_2050_COM;2023;61707;NBR;;;;;ANSD
SN1:DF_PROJ_POP_2050_COM(1.0);A10;SN-TH-TD7-3;PROJ_POP_2050_COM;2024;63120;NBR;;;;;ANSD
SN1:DF_PROJ_POP_2050_COM(1.0);A10;SN-TH-TD7-3;PROJ_POP_2050_COM;2025;64685;NBR;;;;;ANSD
SN1:DF_PROJ_POP_2050_COM(1.0);A10;SN-TH-TD7-3;PROJ_POP_2050_COM;2026;66294;NBR;;;;;ANSD
SN1:DF_PROJ_POP_2050_COM(1.0);A10;SN-TH-TD7-3;PROJ_POP_2050_COM;2027;67948;NBR;;;;;ANSD
SN1:DF_PROJ_POP_2050_COM(1.0);A10;SN-TH-TD7-3;PROJ_POP_2050_COM;2028;69646;NBR;;;;;ANSD
SN1:DF_PROJ_POP_2050_COM(1.0);A10;SN-TH-TD7-3;PROJ_POP_2050_COM;2029;71387;NBR;;;;;ANSD
SN1:DF_PROJ_POP_2050_COM(1.0);A10;SN-TH-TD7-3;PROJ_POP_2050_COM;2030;73170;NBR;;;;;ANSD
SN1:DF_PROJ_POP_2050_COM(1.0);A10;SN-TH-TD7-4;PROJ_POP_2050_COM;2023;33273;NBR;;;;;ANSD
SN1:DF_PROJ_POP_2050_COM(1.0);A10;SN-TH-TD7-4;PROJ_POP_2050_COM;2024;33864;NBR;;;;;ANSD
SN1:DF_PROJ_POP_2050_COM(1.0);A10;SN-TH-TD7-4;PROJ_POP_2050_COM;2025;34703;NBR;;;;;ANSD
SN1:DF_PROJ_POP_2050_COM(1.0);A10;SN-TH-TD7-4;PROJ_POP_2050_COM;2026;35566;NBR;;;;;ANSD
SN1:DF_PROJ_POP_2050_COM(1.0);A10;SN-TH-TD7-4;PROJ_POP_2050_COM;2027;36454;NBR;;;;;ANSD
SN1:DF_PROJ_POP_2050_COM(1.0);A10;SN-TH-TD7-4;PROJ_POP_2050_COM;2028;37365;NBR;;;;;ANSD
SN1:DF_PROJ_POP_2050_COM(1.0);A10;SN-TH-TD7-4;PROJ_POP_2050_COM;2029;38299;NBR;;;;;ANSD
SN1:DF_PROJ_POP_2050_COM(1.0);A10;SN-TH-TD7-4;PROJ_POP_2050_COM;2030;39255;NBR;;;;;ANSD
SN1:DF_PROJ_POP_2050_COM(1.0);A10;SN-TH-TI1-1;PROJ_POP_2050_COM;2023;27566;NBR;;;;;ANSD
SN1:DF_PROJ_POP_2050_COM(1.0);A10;SN-TH-TI1-1;PROJ_POP_2050_COM;2024;27288;NBR;;;;;ANSD
SN1:DF_PROJ_POP_2050_COM(1.0);A10;SN-TH-TI1-1;PROJ_POP_2050_COM;2025;27965;NBR;;;;;ANSD
SN1:DF_PROJ_POP_2050_COM(1.0);A10;SN-TH-TI1-1;PROJ_POP_2050_COM;2026;28660;NBR;;;;;ANSD
SN1:DF_PROJ_POP_2050_COM(1.0);A10;SN-TH-TI1-1;PROJ_POP_2050_COM;2027;29375;NBR;;;;;ANSD
SN1:DF_PROJ_POP_2050_COM(1.0);A10;SN-TH-TI1-1;PROJ_POP_2050_COM;2028;30109;NBR;;;;;ANSD
SN1:DF_PROJ_POP_2050_COM(1.0);A10;SN-TH-TI1-1;PROJ_POP_2050_COM;2029;30862;NBR;;;;;ANSD
SN1:DF_PROJ_POP_2050_COM(1.0);A10;SN-TH-TI1-1;PROJ_POP_2050_COM;2030;31633;NBR;;;;;ANSD
SN1:DF_PROJ_POP_2050_COM(1.0);A10;SN-TH-TI2-1;PROJ_POP_2050_COM;2023;102658;NBR;;;;;ANSD
SN1:DF_PROJ_POP_2050_COM(1.0);A10;SN-TH-TI2-1;PROJ_POP_2050_COM;2024;107225;NBR;;;;;ANSD
SN1:DF_PROJ_POP_2050_COM(1.0);A10;SN-TH-TI2-1;PROJ_POP_2050_COM;2025;109882;NBR;;;;;ANSD
SN1:DF_PROJ_POP_2050_COM(1.0);A10;SN-TH-TI2-1;PROJ_POP_2050_COM;2026;112616;NBR;;;;;ANSD
SN1:DF_PROJ_POP_2050_COM(1.0);A10;SN-TH-TI2-1;PROJ_POP_2050_COM;2027;115426;NBR;;;;;ANSD
SN1:DF_PROJ_POP_2050_COM(1.0);A10;SN-TH-TI2-1;PROJ_POP_2050_COM;2028;118310;NBR;;;;;ANSD
SN1:DF_PROJ_POP_2050_COM(1.0);A10;SN-TH-TI2-1;PROJ_POP_2050_COM;2029;121267;NBR;;;;;ANSD
SN1:DF_PROJ_POP_2050_COM(1.0);A10;SN-TH-TI2-1;PROJ_POP_2050_COM;2030;124297;NBR;;;;;ANSD
SN1:DF_PROJ_POP_2050_COM(1.0);A10;SN-TH-TI3-1;PROJ_POP_2050_COM;2023;46289;NBR;;;;;ANSD
SN1:DF_PROJ_POP_2050_COM(1.0);A10;SN-TH-TI3-1;PROJ_POP_2050_COM;2024;46965;NBR;;;;;ANSD
SN1:DF_PROJ_POP_2050_COM(1.0);A10;SN-TH-TI3-1;PROJ_POP_2050_COM;2025;48129;NBR;;;;;ANSD
SN1:DF_PROJ_POP_2050_COM(1.0);A10;SN-TH-TI3-1;PROJ_POP_2050_COM;2026;49326;NBR;;;;;ANSD
SN1:DF_PROJ_POP_2050_COM(1.0);A10;SN-TH-TI3-1;PROJ_POP_2050_COM;2027;50557;NBR;;;;;ANSD
SN1:DF_PROJ_POP_2050_COM(1.0);A10;SN-TH-TI3-1;PROJ_POP_2050_COM;2028;51820;NBR;;;;;ANSD
SN1:DF_PROJ_POP_2050_COM(1.0);A10;SN-TH-TI3-1;PROJ_POP_2050_COM;2029;53115;NBR;;;;;ANSD
SN1:DF_PROJ_POP_2050_COM(1.0);A10;SN-TH-TI3-1;PROJ_POP_2050_COM;2030;54442;NBR;;;;;ANSD
SN1:DF_PROJ_POP_2050_COM(1.0);A10;SN-TH-TI3-2;PROJ_POP_2050_COM;2023;36721;NBR;;;;;ANSD
SN1:DF_PROJ_POP_2050_COM(1.0);A10;SN-TH-TI3-2;PROJ_POP_2050_COM;2024;37621;NBR;;;;;ANSD
SN1:DF_PROJ_POP_2050_COM(1.0);A10;SN-TH-TI3-2;PROJ_POP_2050_COM;2025;38554;NBR;;;;;ANSD
SN1:DF_PROJ_POP_2050_COM(1.0);A10;SN-TH-TI3-2;PROJ_POP_2050_COM;2026;39513;NBR;;;;;ANSD
SN1:DF_PROJ_POP_2050_COM(1.0);A10;SN-TH-TI3-2;PROJ_POP_2050_COM;2027;40499;NBR;;;;;ANSD
SN1:DF_PROJ_POP_2050_COM(1.0);A10;SN-TH-TI3-2;PROJ_POP_2050_COM;2028;41511;NBR;;;;;ANSD
SN1:DF_PROJ_POP_2050_COM(1.0);A10;SN-TH-TI3-2;PROJ_POP_2050_COM;2029;42549;NBR;;;;;ANSD
SN1:DF_PROJ_POP_2050_COM(1.0);A10;SN-TH-TI3-2;PROJ_POP_2050_COM;2030;43611;NBR;;;;;ANSD
SN1:DF_PROJ_POP_2050_COM(1.0);A10;SN-TH-TI3-3;PROJ_POP_2050_COM;2023;104346;NBR;;;;;ANSD
SN1:DF_PROJ_POP_2050_COM(1.0);A10;SN-TH-TI3-3;PROJ_POP_2050_COM;2024;109946;NBR;;;;;ANSD
SN1:DF_PROJ_POP_2050_COM(1.0);A10;SN-TH-TI3-3;PROJ_POP_2050_COM;2025;112671;NBR;;;;;ANSD
SN1:DF_PROJ_POP_2050_COM(1.0);A10;SN-TH-TI3-3;PROJ_POP_2050_COM;2026;115474;NBR;;;;;ANSD
SN1:DF_PROJ_POP_2050_COM(1.0);A10;SN-TH-TI3-3;PROJ_POP_2050_COM;2027;118355;NBR;;;;;ANSD
SN1:DF_PROJ_POP_2050_COM(1.0);A10;SN-TH-TI3-3;PROJ_POP_2050_COM;2028;121313;NBR;;;;;ANSD
SN1:DF_PROJ_POP_2050_COM(1.0);A10;SN-TH-TI3-3;PROJ_POP_2050_COM;2029;124345;NBR;;;;;ANSD
SN1:DF_PROJ_POP_2050_COM(1.0);A10;SN-TH-TI3-3;PROJ_POP_2050_COM;2030;127451;NBR;;;;;ANSD
SN1:DF_PROJ_POP_2050_COM(1.0);A10;SN-TH-TI3-4;PROJ_POP_2050_COM;2023;40811;NBR;;;;;ANSD
SN1:DF_PROJ_POP_2050_COM(1.0);A10;SN-TH-TI3-4;PROJ_POP_2050_COM;2024;42078;NBR;;;;;ANSD
SN1:DF_PROJ_POP_2050_COM(1.0);A10;SN-TH-TI3-4;PROJ_POP_2050_COM;2025;43121;NBR;;;;;ANSD
SN1:DF_PROJ_POP_2050_COM(1.0);A10;SN-TH-TI3-4;PROJ_POP_2050_COM;2026;44194;NBR;;;;;ANSD
SN1:DF_PROJ_POP_2050_COM(1.0);A10;SN-TH-TI3-4;PROJ_POP_2050_COM;2027;45296;NBR;;;;;ANSD
SN1:DF_PROJ_POP_2050_COM(1.0);A10;SN-TH-TI3-4;PROJ_POP_2050_COM;2028;46428;NBR;;;;;ANSD
SN1:DF_PROJ_POP_2050_COM(1.0);A10;SN-TH-TI3-4;PROJ_POP_2050_COM;2029;47589;NBR;;;;;ANSD
SN1:DF_PROJ_POP_2050_COM(1.0);A10;SN-TH-TI3-4;PROJ_POP_2050_COM;2030;48778;NBR;;;;;ANSD
SN1:DF_PROJ_POP_2050_COM(1.0);A10;SN-TH-TI4-1;PROJ_POP_2050_COM;2023;32003;NBR;;;;;ANSD
SN1:DF_PROJ_POP_2050_COM(1.0);A10;SN-TH-TI4-1;PROJ_POP_2050_COM;2024;32024;NBR;;;;;ANSD
SN1:DF_PROJ_POP_2050_COM(1.0);A10;SN-TH-TI4-1;PROJ_POP_2050_COM;2025;32818;NBR;;;;;ANSD
SN1:DF_PROJ_POP_2050_COM(1.0);A10;SN-TH-TI4-1;PROJ_POP_2050_COM;2026;33634;NBR;;;;;ANSD
SN1:DF_PROJ_POP_2050_COM(1.0);A10;SN-TH-TI4-1;PROJ_POP_2050_COM;2027;34473;NBR;;;;;ANSD
SN1:DF_PROJ_POP_2050_COM(1.0);A10;SN-TH-TI4-1;PROJ_POP_2050_COM;2028;35335;NBR;;;;;ANSD
SN1:DF_PROJ_POP_2050_COM(1.0);A10;SN-TH-TI4-1;PROJ_POP_2050_COM;2029;36218;NBR;;;;;ANSD
SN1:DF_PROJ_POP_2050_COM(1.0);A10;SN-TH-TI4-1;PROJ_POP_2050_COM;2030;37123;NBR;;;;;ANSD
SN1:DF_PROJ_POP_2050_COM(1.0);A10;SN-TH-TI4-2;PROJ_POP_2050_COM;2023;39103;NBR;;;;;ANSD
SN1:DF_PROJ_POP_2050_COM(1.0);A10;SN-TH-TI4-2;PROJ_POP_2050_COM;2024;38891;NBR;;;;;ANSD
SN1:DF_PROJ_POP_2050_COM(1.0);A10;SN-TH-TI4-2;PROJ_POP_2050_COM;2025;39855;NBR;;;;;ANSD
SN1:DF_PROJ_POP_2050_COM(1.0);A10;SN-TH-TI4-2;PROJ_POP_2050_COM;2026;40846;NBR;;;;;ANSD
SN1:DF_PROJ_POP_2050_COM(1.0);A10;SN-TH-TI4-2;PROJ_POP_2050_COM;2027;41865;NBR;;;;;ANSD
SN1:DF_PROJ_POP_2050_COM(1.0);A10;SN-TH-TI4-2;PROJ_POP_2050_COM;2028;42911;NBR;;;;;ANSD
SN1:DF_PROJ_POP_2050_COM(1.0);A10;SN-TH-TI4-2;PROJ_POP_2050_COM;2029;43984;NBR;;;;;ANSD
SN1:DF_PROJ_POP_2050_COM(1.0);A10;SN-TH-TI4-2;PROJ_POP_2050_COM;2030;45083;NBR;;;;;ANSD
SN1:DF_PROJ_POP_2050_COM(1.0);A10;SN-TH-TI4-3;PROJ_POP_2050_COM;2023;26294;NBR;;;;;ANSD
SN1:DF_PROJ_POP_2050_COM(1.0);A10;SN-TH-TI4-3;PROJ_POP_2050_COM;2024;27350;NBR;;;;;ANSD
SN1:DF_PROJ_POP_2050_COM(1.0);A10;SN-TH-TI4-3;PROJ_POP_2050_COM;2025;28028;NBR;;;;;ANSD
SN1:DF_PROJ_POP_2050_COM(1.0);A10;SN-TH-TI4-3;PROJ_POP_2050_COM;2026;28726;NBR;;;;;ANSD
SN1:DF_PROJ_POP_2050_COM(1.0);A10;SN-TH-TI4-3;PROJ_POP_2050_COM;2027;29442;NBR;;;;;ANSD
SN1:DF_PROJ_POP_2050_COM(1.0);A10;SN-TH-TI4-3;PROJ_POP_2050_COM;2028;30178;NBR;;;;;ANSD
SN1:DF_PROJ_POP_2050_COM(1.0);A10;SN-TH-TI4-3;PROJ_POP_2050_COM;2029;30932;NBR;;;;;ANSD
SN1:DF_PROJ_POP_2050_COM(1.0);A10;SN-TH-TI4-3;PROJ_POP_2050_COM;2030;31705;NBR;;;;;ANSD
SN1:DF_PROJ_POP_2050_COM(1.0);A10;SN-TH-TI5-1;PROJ_POP_2050_COM;2023;10447;NBR;;;;;ANSD
SN1:DF_PROJ_POP_2050_COM(1.0);A10;SN-TH-TI5-1;PROJ_POP_2050_COM;2024;11173;NBR;;;;;ANSD
SN1:DF_PROJ_POP_2050_COM(1.0);A10;SN-TH-TI5-1;PROJ_POP_2050_COM;2025;11450;NBR;;;;;ANSD
SN1:DF_PROJ_POP_2050_COM(1.0);A10;SN-TH-TI5-1;PROJ_POP_2050_COM;2026;11735;NBR;;;;;ANSD
SN1:DF_PROJ_POP_2050_COM(1.0);A10;SN-TH-TI5-1;PROJ_POP_2050_COM;2027;12027;NBR;;;;;ANSD
SN1:DF_PROJ_POP_2050_COM(1.0);A10;SN-TH-TI5-1;PROJ_POP_2050_COM;2028;12328;NBR;;;;;ANSD
SN1:DF_PROJ_POP_2050_COM(1.0);A10;SN-TH-TI5-1;PROJ_POP_2050_COM;2029;12636;NBR;;;;;ANSD
SN1:DF_PROJ_POP_2050_COM(1.0);A10;SN-TH-TI5-1;PROJ_POP_2050_COM;2030;12952;NBR;;;;;ANSD
SN1:DF_PROJ_POP_2050_COM(1.0);A10;SN-TH-TI5-2;PROJ_POP_2050_COM;2023;33255;NBR;;;;;ANSD
SN1:DF_PROJ_POP_2050_COM(1.0);A10;SN-TH-TI5-2;PROJ_POP_2050_COM;2024;34625;NBR;;;;;ANSD
SN1:DF_PROJ_POP_2050_COM(1.0);A10;SN-TH-TI5-2;PROJ_POP_2050_COM;2025;35483;NBR;;;;;ANSD
SN1:DF_PROJ_POP_2050_COM(1.0);A10;SN-TH-TI5-2;PROJ_POP_2050_COM;2026;36366;NBR;;;;;ANSD
SN1:DF_PROJ_POP_2050_COM(1.0);A10;SN-TH-TI5-2;PROJ_POP_2050_COM;2027;37273;NBR;;;;;ANSD
SN1:DF_PROJ_POP_2050_COM(1.0);A10;SN-TH-TI5-2;PROJ_POP_2050_COM;2028;38205;NBR;;;;;ANSD
SN1:DF_PROJ_POP_2050_COM(1.0);A10;SN-TH-TI5-2;PROJ_POP_2050_COM;2029;39160;NBR;;;;;ANSD
SN1:DF_PROJ_POP_2050_COM(1.0);A10;SN-TH-TI5-2;PROJ_POP_2050_COM;2030;40138;NBR;;;;;ANSD
SN1:DF_PROJ_POP_2050_COM(1.0);A10;SN-TH-TI5-3;PROJ_POP_2050_COM;2023;11295;NBR;;;;;ANSD
SN1:DF_PROJ_POP_2050_COM(1.0);A10;SN-TH-TI5-3;PROJ_POP_2050_COM;2024;12322;NBR;;;;;ANSD
SN1:DF_PROJ_POP_2050_COM(1.0);A10;SN-TH-TI5-3;PROJ_POP_2050_COM;2025;12627;NBR;;;;;ANSD
SN1:DF_PROJ_POP_2050_COM(1.0);A10;SN-TH-TI5-3;PROJ_POP_2050_COM;2026;12941;NBR;;;;;ANSD
SN1:DF_PROJ_POP_2050_COM(1.0);A10;SN-TH-TI5-3;PROJ_POP_2050_COM;2027;13264;NBR;;;;;ANSD
SN1:DF_PROJ_POP_2050_COM(1.0);A10;SN-TH-TI5-3;PROJ_POP_2050_COM;2028;13595;NBR;;;;;ANSD
SN1:DF_PROJ_POP_2050_COM(1.0);A10;SN-TH-TI5-3;PROJ_POP_2050_COM;2029;13935;NBR;;;;;ANSD
SN1:DF_PROJ_POP_2050_COM(1.0);A10;SN-TH-TI5-3;PROJ_POP_2050_COM;2030;14283;NBR;;;;;ANSD
SN1:DF_PROJ_POP_2050_COM(1.0);A10;SN-TH-TI5-4;PROJ_POP_2050_COM;2023;14629;NBR;;;;;ANSD
SN1:DF_PROJ_POP_2050_COM(1.0);A10;SN-TH-TI5-4;PROJ_POP_2050_COM;2024;14965;NBR;;;;;ANSD
SN1:DF_PROJ_POP_2050_COM(1.0);A10;SN-TH-TI5-4;PROJ_POP_2050_COM;2025;15336;NBR;;;;;ANSD
SN1:DF_PROJ_POP_2050_COM(1.0);A10;SN-TH-TI5-4;PROJ_POP_2050_COM;2026;15717;NBR;;;;;ANSD
SN1:DF_PROJ_POP_2050_COM(1.0);A10;SN-TH-TI5-4;PROJ_POP_2050_COM;2027;16109;NBR;;;;;ANSD
SN1:DF_PROJ_POP_2050_COM(1.0);A10;SN-TH-TI5-4;PROJ_POP_2050_COM;2028;16512;NBR;;;;;ANSD
SN1:DF_PROJ_POP_2050_COM(1.0);A10;SN-TH-TI5-4;PROJ_POP_2050_COM;2029;16924;NBR;;;;;ANSD
SN1:DF_PROJ_POP_2050_COM(1.0);A10;SN-TH-TI5-4;PROJ_POP_2050_COM;2030;17347;NBR;;;;;ANSD
SN1:DF_PROJ_POP_2050_COM(1.0);A10;SN-TH-TI6-1;PROJ_POP_2050_COM;2023;28759;NBR;;;;;ANSD
SN1:DF_PROJ_POP_2050_COM(1.0);A10;SN-TH-TI6-1;PROJ_POP_2050_COM;2024;29797;NBR;;;;;ANSD
SN1:DF_PROJ_POP_2050_COM(1.0);A10;SN-TH-TI6-1;PROJ_POP_2050_COM;2025;30535;NBR;;;;;ANSD
SN1:DF_PROJ_POP_2050_COM(1.0);A10;SN-TH-TI6-1;PROJ_POP_2050_COM;2026;31295;NBR;;;;;ANSD
SN1:DF_PROJ_POP_2050_COM(1.0);A10;SN-TH-TI6-1;PROJ_POP_2050_COM;2027;32076;NBR;;;;;ANSD
SN1:DF_PROJ_POP_2050_COM(1.0);A10;SN-TH-TI6-1;PROJ_POP_2050_COM;2028;32877;NBR;;;;;ANSD
SN1:DF_PROJ_POP_2050_COM(1.0);A10;SN-TH-TI6-1;PROJ_POP_2050_COM;2029;33699;NBR;;;;;ANSD
SN1:DF_PROJ_POP_2050_COM(1.0);A10;SN-TH-TI6-1;PROJ_POP_2050_COM;2030;34541;NBR;;;;;ANSD
SN1:DF_PROJ_POP_2050_COM(1.0);A10;SN-TH-TI6-2;PROJ_POP_2050_COM;2023;17439;NBR;;;;;ANSD
SN1:DF_PROJ_POP_2050_COM(1.0);A10;SN-TH-TI6-2;PROJ_POP_2050_COM;2024;17495;NBR;;;;;ANSD
SN1:DF_PROJ_POP_2050_COM(1.0);A10;SN-TH-TI6-2;PROJ_POP_2050_COM;2025;17929;NBR;;;;;ANSD
SN1:DF_PROJ_POP_2050_COM(1.0);A10;SN-TH-TI6-2;PROJ_POP_2050_COM;2026;18375;NBR;;;;;ANSD
SN1:DF_PROJ_POP_2050_COM(1.0);A10;SN-TH-TI6-2;PROJ_POP_2050_COM;2027;18833;NBR;;;;;ANSD
SN1:DF_PROJ_POP_2050_COM(1.0);A10;SN-TH-TI6-2;PROJ_POP_2050_COM;2028;19304;NBR;;;;;ANSD
SN1:DF_PROJ_POP_2050_COM(1.0);A10;SN-TH-TI6-2;PROJ_POP_2050_COM;2029;19786;NBR;;;;;ANSD
SN1:DF_PROJ_POP_2050_COM(1.0);A10;SN-TH-TI6-2;PROJ_POP_2050_COM;2030;20281;NBR;;;;;ANSD
SN1:DF_PROJ_POP_2050_COM(1.0);A10;SN-TH-TI6-3;PROJ_POP_2050_COM;2023;34036;NBR;;;;;ANSD
SN1:DF_PROJ_POP_2050_COM(1.0);A10;SN-TH-TI6-3;PROJ_POP_2050_COM;2024;35141;NBR;;;;;ANSD
SN1:DF_PROJ_POP_2050_COM(1.0);A10;SN-TH-TI6-3;PROJ_POP_2050_COM;2025;36012;NBR;;;;;ANSD
SN1:DF_PROJ_POP_2050_COM(1.0);A10;SN-TH-TI6-3;PROJ_POP_2050_COM;2026;36908;NBR;;;;;ANSD
SN1:DF_PROJ_POP_2050_COM(1.0);A10;SN-TH-TI6-3;PROJ_POP_2050_COM;2027;37829;NBR;;;;;ANSD
SN1:DF_PROJ_POP_2050_COM(1.0);A10;SN-TH-TI6-3;PROJ_POP_2050_COM;2028;38774;NBR;;;;;ANSD
SN1:DF_PROJ_POP_2050_COM(1.0);A10;SN-TH-TI6-3;PROJ_POP_2050_COM;2029;39743;NBR;;;;;ANSD
SN1:DF_PROJ_POP_2050_COM(1.0);A10;SN-TH-TI6-3;PROJ_POP_2050_COM;2030;40736;NBR;;;;;ANSD
SN1:DF_PROJ_POP_2050_COM(1.0);A10;SN-TH-TI6-4;PROJ_POP_2050_COM;2023;32685;NBR;;;;;ANSD
SN1:DF_PROJ_POP_2050_COM(1.0);A10;SN-TH-TI6-4;PROJ_POP_2050_COM;2024;33669;NBR;;;;;ANSD
SN1:DF_PROJ_POP_2050_COM(1.0);A10;SN-TH-TI6-4;PROJ_POP_2050_COM;2025;34503;NBR;;;;;ANSD
SN1:DF_PROJ_POP_2050_COM(1.0);A10;SN-TH-TI6-4;PROJ_POP_2050_COM;2026;35362;NBR;;;;;ANSD
SN1:DF_PROJ_POP_2050_COM(1.0);A10;SN-TH-TI6-4;PROJ_POP_2050_COM;2027;36244;NBR;;;;;ANSD
SN1:DF_PROJ_POP_2050_COM(1.0);A10;SN-TH-TI6-4;PROJ_POP_2050_COM;2028;37150;NBR;;;;;ANSD
SN1:DF_PROJ_POP_2050_COM(1.0);A10;SN-TH-TI6-4;PROJ_POP_2050_COM;2029;38078;NBR;;;;;ANSD
SN1:DF_PROJ_POP_2050_COM(1.0);A10;SN-TH-TI6-4;PROJ_POP_2050_COM;2030;39030;NBR;;;;;ANSD
SN1:DF_PROJ_POP_2050_COM(1.0);A10;SN-TH-TI6-5;PROJ_POP_2050_COM;2023;10853;NBR;;;;;ANSD
SN1:DF_PROJ_POP_2050_COM(1.0);A10;SN-TH-TI6-5;PROJ_POP_2050_COM;2024;11082;NBR;;;;;ANSD
SN1:DF_PROJ_POP_2050_COM(1.0);A10;SN-TH-TI6-5;PROJ_POP_2050_COM;2025;11357;NBR;;;;;ANSD
SN1:DF_PROJ_POP_2050_COM(1.0);A10;SN-TH-TI6-5;PROJ_POP_2050_COM;2026;11640;NBR;;;;;ANSD
SN1:DF_PROJ_POP_2050_COM(1.0);A10;SN-TH-TI6-5;PROJ_POP_2050_COM;2027;11930;NBR;;;;;ANSD
SN1:DF_PROJ_POP_2050_COM(1.0);A10;SN-TH-TI6-5;PROJ_POP_2050_COM;2028;12228;NBR;;;;;ANSD
SN1:DF_PROJ_POP_2050_COM(1.0);A10;SN-TH-TI6-5;PROJ_POP_2050_COM;2029;12534;NBR;;;;;ANSD
SN1:DF_PROJ_POP_2050_COM(1.0);A10;SN-TH-TI6-5;PROJ_POP_2050_COM;2030;12847;NBR;;;;;ANSD
SN1:DF_PROJ_POP_2050_COM(1.0);A10;SN-ZG-BI1-1;PROJ_POP_2050_COM;2023;28642;NBR;;;;;ANSD
SN1:DF_PROJ_POP_2050_COM(1.0);A10;SN-ZG-BI1-1;PROJ_POP_2050_COM;2024;29166;NBR;;;;;ANSD
SN1:DF_PROJ_POP_2050_COM(1.0);A10;SN-ZG-BI1-1;PROJ_POP_2050_COM;2025;29709;NBR;;;;;ANSD
SN1:DF_PROJ_POP_2050_COM(1.0);A10;SN-ZG-BI1-1;PROJ_POP_2050_COM;2026;30272;NBR;;;;;ANSD
SN1:DF_PROJ_POP_2050_COM(1.0);A10;SN-ZG-BI1-1;PROJ_POP_2050_COM;2027;30856;NBR;;;;;ANSD
SN1:DF_PROJ_POP_2050_COM(1.0);A10;SN-ZG-BI1-1;PROJ_POP_2050_COM;2028;31459;NBR;;;;;ANSD
SN1:DF_PROJ_POP_2050_COM(1.0);A10;SN-ZG-BI1-1;PROJ_POP_2050_COM;2029;32083;NBR;;;;;ANSD
SN1:DF_PROJ_POP_2050_COM(1.0);A10;SN-ZG-BI1-1;PROJ_POP_2050_COM;2030;32726;NBR;;;;;ANSD
SN1:DF_PROJ_POP_2050_COM(1.0);A10;SN-ZG-BI2-1;PROJ_POP_2050_COM;2023;8961;NBR;;;;;ANSD
SN1:DF_PROJ_POP_2050_COM(1.0);A10;SN-ZG-BI2-1;PROJ_POP_2050_COM;2024;9125;NBR;;;;;ANSD
SN1:DF_PROJ_POP_2050_COM(1.0);A10;SN-ZG-BI2-1;PROJ_POP_2050_COM;2025;9295;NBR;;;;;ANSD
SN1:DF_PROJ_POP_2050_COM(1.0);A10;SN-ZG-BI2-1;PROJ_POP_2050_COM;2026;9471;NBR;;;;;ANSD
SN1:DF_PROJ_POP_2050_COM(1.0);A10;SN-ZG-BI2-1;PROJ_POP_2050_COM;2027;9654;NBR;;;;;ANSD
SN1:DF_PROJ_POP_2050_COM(1.0);A10;SN-ZG-BI2-1;PROJ_POP_2050_COM;2028;9842;NBR;;;;;ANSD
SN1:DF_PROJ_POP_2050_COM(1.0);A10;SN-ZG-BI2-1;PROJ_POP_2050_COM;2029;10038;NBR;;;;;ANSD
SN1:DF_PROJ_POP_2050_COM(1.0);A10;SN-ZG-BI2-1;PROJ_POP_2050_COM;2030;10239;NBR;;;;;ANSD
SN1:DF_PROJ_POP_2050_COM(1.0);A10;SN-ZG-BI3-1;PROJ_POP_2050_COM;2023;8859;NBR;;;;;ANSD
SN1:DF_PROJ_POP_2050_COM(1.0);A10;SN-ZG-BI3-1;PROJ_POP_2050_COM;2024;9021;NBR;;;;;ANSD
SN1:DF_PROJ_POP_2050_COM(1.0);A10;SN-ZG-BI3-1;PROJ_POP_2050_COM;2025;9189;NBR;;;;;ANSD
SN1:DF_PROJ_POP_2050_COM(1.0);A10;SN-ZG-BI3-1;PROJ_POP_2050_COM;2026;9363;NBR;;;;;ANSD
SN1:DF_PROJ_POP_2050_COM(1.0);A10;SN-ZG-BI3-1;PROJ_POP_2050_COM;2027;9544;NBR;;;;;ANSD
SN1:DF_PROJ_POP_2050_COM(1.0);A10;SN-ZG-BI3-1;PROJ_POP_2050_COM;2028;9730;NBR;;;;;ANSD
SN1:DF_PROJ_POP_2050_COM(1.0);A10;SN-ZG-BI3-1;PROJ_POP_2050_COM;2029;9923;NBR;;;;;ANSD
SN1:DF_PROJ_POP_2050_COM(1.0);A10;SN-ZG-BI3-1;PROJ_POP_2050_COM;2030;10122;NBR;;;;;ANSD
SN1:DF_PROJ_POP_2050_COM(1.0);A10;SN-ZG-BI3-2;PROJ_POP_2050_COM;2023;14909;NBR;;;;;ANSD
SN1:DF_PROJ_POP_2050_COM(1.0);A10;SN-ZG-BI3-2;PROJ_POP_2050_COM;2024;15182;NBR;;;;;ANSD
SN1:DF_PROJ_POP_2050_COM(1.0);A10;SN-ZG-BI3-2;PROJ_POP_2050_COM;2025;15464;NBR;;;;;ANSD
SN1:DF_PROJ_POP_2050_COM(1.0);A10;SN-ZG-BI3-2;PROJ_POP_2050_COM;2026;15758;NBR;;;;;ANSD
SN1:DF_PROJ_POP_2050_COM(1.0);A10;SN-ZG-BI3-2;PROJ_POP_2050_COM;2027;16061;NBR;;;;;ANSD
SN1:DF_PROJ_POP_2050_COM(1.0);A10;SN-ZG-BI3-2;PROJ_POP_2050_COM;2028;16375;NBR;;;;;ANSD
SN1:DF_PROJ_POP_2050_COM(1.0);A10;SN-ZG-BI3-2;PROJ_POP_2050_COM;2029;16700;NBR;;;;;ANSD
SN1:DF_PROJ_POP_2050_COM(1.0);A10;SN-ZG-BI3-2;PROJ_POP_2050_COM;2030;17035;NBR;;;;;ANSD
SN1:DF_PROJ_POP_2050_COM(1.0);A10;SN-ZG-BI3-3;PROJ_POP_2050_COM;2023;11676;NBR;;;;;ANSD
SN1:DF_PROJ_POP_2050_COM(1.0);A10;SN-ZG-BI3-3;PROJ_POP_2050_COM;2024;11890;NBR;;;;;ANSD
SN1:DF_PROJ_POP_2050_COM(1.0);A10;SN-ZG-BI3-3;PROJ_POP_2050_COM;2025;12111;NBR;;;;;ANSD
SN1:DF_PROJ_POP_2050_COM(1.0);A10;SN-ZG-BI3-3;PROJ_POP_2050_COM;2026;12341;NBR;;;;;ANSD
SN1:DF_PROJ_POP_2050_COM(1.0);A10;SN-ZG-BI3-3;PROJ_POP_2050_COM;2027;12578;NBR;;;;;ANSD
SN1:DF_PROJ_POP_2050_COM(1.0);A10;SN-ZG-BI3-3;PROJ_POP_2050_COM;2028;12824;NBR;;;;;ANSD
SN1:DF_PROJ_POP_2050_COM(1.0);A10;SN-ZG-BI3-3;PROJ_POP_2050_COM;2029;13079;NBR;;;;;ANSD
SN1:DF_PROJ_POP_2050_COM(1.0);A10;SN-ZG-BI3-3;PROJ_POP_2050_COM;2030;13341;NBR;;;;;ANSD
SN1:DF_PROJ_POP_2050_COM(1.0);A10;SN-ZG-BI3-4;PROJ_POP_2050_COM;2023;9174;NBR;;;;;ANSD
SN1:DF_PROJ_POP_2050_COM(1.0);A10;SN-ZG-BI3-4;PROJ_POP_2050_COM;2024;9342;NBR;;;;;ANSD
SN1:DF_PROJ_POP_2050_COM(1.0);A10;SN-ZG-BI3-4;PROJ_POP_2050_COM;2025;9516;NBR;;;;;ANSD
SN1:DF_PROJ_POP_2050_COM(1.0);A10;SN-ZG-BI3-4;PROJ_POP_2050_COM;2026;9696;NBR;;;;;ANSD
SN1:DF_PROJ_POP_2050_COM(1.0);A10;SN-ZG-BI3-4;PROJ_POP_2050_COM;2027;9883;NBR;;;;;ANSD
SN1:DF_PROJ_POP_2050_COM(1.0);A10;SN-ZG-BI3-4;PROJ_POP_2050_COM;2028;10076;NBR;;;;;ANSD
SN1:DF_PROJ_POP_2050_COM(1.0);A10;SN-ZG-BI3-4;PROJ_POP_2050_COM;2029;10276;NBR;;;;;ANSD
SN1:DF_PROJ_POP_2050_COM(1.0);A10;SN-ZG-BI3-4;PROJ_POP_2050_COM;2030;10482;NBR;;;;;ANSD
SN1:DF_PROJ_POP_2050_COM(1.0);A10;SN-ZG-BI4-1;PROJ_POP_2050_COM;2023;5513;NBR;;;;;ANSD
SN1:DF_PROJ_POP_2050_COM(1.0);A10;SN-ZG-BI4-1;PROJ_POP_2050_COM;2024;5614;NBR;;;;;ANSD
SN1:DF_PROJ_POP_2050_COM(1.0);A10;SN-ZG-BI4-1;PROJ_POP_2050_COM;2025;5718;NBR;;;;;ANSD
SN1:DF_PROJ_POP_2050_COM(1.0);A10;SN-ZG-BI4-1;PROJ_POP_2050_COM;2026;5827;NBR;;;;;ANSD
SN1:DF_PROJ_POP_2050_COM(1.0);A10;SN-ZG-BI4-1;PROJ_POP_2050_COM;2027;5939;NBR;;;;;ANSD
SN1:DF_PROJ_POP_2050_COM(1.0);A10;SN-ZG-BI4-1;PROJ_POP_2050_COM;2028;6055;NBR;;;;;ANSD
SN1:DF_PROJ_POP_2050_COM(1.0);A10;SN-ZG-BI4-1;PROJ_POP_2050_COM;2029;6175;NBR;;;;;ANSD
SN1:DF_PROJ_POP_2050_COM(1.0);A10;SN-ZG-BI4-1;PROJ_POP_2050_COM;2030;6299;NBR;;;;;ANSD
SN1:DF_PROJ_POP_2050_COM(1.0);A10;SN-ZG-BI4-2;PROJ_POP_2050_COM;2023;7534;NBR;;;;;ANSD
SN1:DF_PROJ_POP_2050_COM(1.0);A10;SN-ZG-BI4-2;PROJ_POP_2050_COM;2024;7672;NBR;;;;;ANSD
SN1:DF_PROJ_POP_2050_COM(1.0);A10;SN-ZG-BI4-2;PROJ_POP_2050_COM;2025;7815;NBR;;;;;ANSD
SN1:DF_PROJ_POP_2050_COM(1.0);A10;SN-ZG-BI4-2;PROJ_POP_2050_COM;2026;7963;NBR;;;;;ANSD
SN1:DF_PROJ_POP_2050_COM(1.0);A10;SN-ZG-BI4-2;PROJ_POP_2050_COM;2027;8116;NBR;;;;;ANSD
SN1:DF_PROJ_POP_2050_COM(1.0);A10;SN-ZG-BI4-2;PROJ_POP_2050_COM;2028;8275;NBR;;;;;ANSD
SN1:DF_PROJ_POP_2050_COM(1.0);A10;SN-ZG-BI4-2;PROJ_POP_2050_COM;2029;8439;NBR;;;;;ANSD
SN1:DF_PROJ_POP_2050_COM(1.0);A10;SN-ZG-BI4-2;PROJ_POP_2050_COM;2030;8608;NBR;;;;;ANSD
SN1:DF_PROJ_POP_2050_COM(1.0);A10;SN-ZG-BI4-3;PROJ_POP_2050_COM;2023;7962;NBR;;;;;ANSD
SN1:DF_PROJ_POP_2050_COM(1.0);A10;SN-ZG-BI4-3;PROJ_POP_2050_COM;2024;8108;NBR;;;;;ANSD
SN1:DF_PROJ_POP_2050_COM(1.0);A10;SN-ZG-BI4-3;PROJ_POP_2050_COM;2025;8259;NBR;;;;;ANSD
SN1:DF_PROJ_POP_2050_COM(1.0);A10;SN-ZG-BI4-3;PROJ_POP_2050_COM;2026;8415;NBR;;;;;ANSD
SN1:DF_PROJ_POP_2050_COM(1.0);A10;SN-ZG-BI4-3;PROJ_POP_2050_COM;2027;8577;NBR;;;;;ANSD
SN1:DF_PROJ_POP_2050_COM(1.0);A10;SN-ZG-BI4-3;PROJ_POP_2050_COM;2028;8745;NBR;;;;;ANSD
SN1:DF_PROJ_POP_2050_COM(1.0);A10;SN-ZG-BI4-3;PROJ_POP_2050_COM;2029;8919;NBR;;;;;ANSD
SN1:DF_PROJ_POP_2050_COM(1.0);A10;SN-ZG-BI4-3;PROJ_POP_2050_COM;2030;9097;NBR;;;;;ANSD
SN1:DF_PROJ_POP_2050_COM(1.0);A10;SN-ZG-BI4-4;PROJ_POP_2050_COM;2023;8503;NBR;;;;;ANSD
SN1:DF_PROJ_POP_2050_COM(1.0);A10;SN-ZG-BI4-4;PROJ_POP_2050_COM;2024;8659;NBR;;;;;ANSD
SN1:DF_PROJ_POP_2050_COM(1.0);A10;SN-ZG-BI4-4;PROJ_POP_2050_COM;2025;8820;NBR;;;;;ANSD
SN1:DF_PROJ_POP_2050_COM(1.0);A10;SN-ZG-BI4-4;PROJ_POP_2050_COM;2026;8987;NBR;;;;;ANSD
SN1:DF_PROJ_POP_2050_COM(1.0);A10;SN-ZG-BI4-4;PROJ_POP_2050_COM;2027;9160;NBR;;;;;ANSD
SN1:DF_PROJ_POP_2050_COM(1.0);A10;SN-ZG-BI4-4;PROJ_POP_2050_COM;2028;9339;NBR;;;;;ANSD
SN1:DF_PROJ_POP_2050_COM(1.0);A10;SN-ZG-BI4-4;PROJ_POP_2050_COM;2029;9525;NBR;;;;;ANSD
SN1:DF_PROJ_POP_2050_COM(1.0);A10;SN-ZG-BI4-4;PROJ_POP_2050_COM;2030;9716;NBR;;;;;ANSD
SN1:DF_PROJ_POP_2050_COM(1.0);A10;SN-ZG-BI4-5;PROJ_POP_2050_COM;2023;3128;NBR;;;;;ANSD
SN1:DF_PROJ_POP_2050_COM(1.0);A10;SN-ZG-BI4-5;PROJ_POP_2050_COM;2024;3185;NBR;;;;;ANSD
SN1:DF_PROJ_POP_2050_COM(1.0);A10;SN-ZG-BI4-5;PROJ_POP_2050_COM;2025;3245;NBR;;;;;ANSD
SN1:DF_PROJ_POP_2050_COM(1.0);A10;SN-ZG-BI4-5;PROJ_POP_2050_COM;2026;3306;NBR;;;;;ANSD
SN1:DF_PROJ_POP_2050_COM(1.0);A10;SN-ZG-BI4-5;PROJ_POP_2050_COM;2027;3370;NBR;;;;;ANSD
SN1:DF_PROJ_POP_2050_COM(1.0);A10;SN-ZG-BI4-5;PROJ_POP_2050_COM;2028;3436;NBR;;;;;ANSD
SN1:DF_PROJ_POP_2050_COM(1.0);A10;SN-ZG-BI4-5;PROJ_POP_2050_COM;2029;3504;NBR;;;;;ANSD
SN1:DF_PROJ_POP_2050_COM(1.0);A10;SN-ZG-BI4-5;PROJ_POP_2050_COM;2030;3574;NBR;;;;;ANSD
SN1:DF_PROJ_POP_2050_COM(1.0);A10;SN-ZG-BI5-1;PROJ_POP_2050_COM;2023;12156;NBR;;;;;ANSD
SN1:DF_PROJ_POP_2050_COM(1.0);A10;SN-ZG-BI5-1;PROJ_POP_2050_COM;2024;12378;NBR;;;;;ANSD
SN1:DF_PROJ_POP_2050_COM(1.0);A10;SN-ZG-BI5-1;PROJ_POP_2050_COM;2025;12609;NBR;;;;;ANSD
SN1:DF_PROJ_POP_2050_COM(1.0);A10;SN-ZG-BI5-1;PROJ_POP_2050_COM;2026;12848;NBR;;;;;ANSD
SN1:DF_PROJ_POP_2050_COM(1.0);A10;SN-ZG-BI5-1;PROJ_POP_2050_COM;2027;13095;NBR;;;;;ANSD
SN1:DF_PROJ_POP_2050_COM(1.0);A10;SN-ZG-BI5-1;PROJ_POP_2050_COM;2028;13352;NBR;;;;;ANSD
SN1:DF_PROJ_POP_2050_COM(1.0);A10;SN-ZG-BI5-1;PROJ_POP_2050_COM;2029;13616;NBR;;;;;ANSD
SN1:DF_PROJ_POP_2050_COM(1.0);A10;SN-ZG-BI5-1;PROJ_POP_2050_COM;2030;13890;NBR;;;;;ANSD
SN1:DF_PROJ_POP_2050_COM(1.0);A10;SN-ZG-BI5-2;PROJ_POP_2050_COM;2023;8785;NBR;;;;;ANSD
SN1:DF_PROJ_POP_2050_COM(1.0);A10;SN-ZG-BI5-2;PROJ_POP_2050_COM;2024;8946;NBR;;;;;ANSD
SN1:DF_PROJ_POP_2050_COM(1.0);A10;SN-ZG-BI5-2;PROJ_POP_2050_COM;2025;9112;NBR;;;;;ANSD
SN1:DF_PROJ_POP_2050_COM(1.0);A10;SN-ZG-BI5-2;PROJ_POP_2050_COM;2026;9285;NBR;;;;;ANSD
SN1:DF_PROJ_POP_2050_COM(1.0);A10;SN-ZG-BI5-2;PROJ_POP_2050_COM;2027;9464;NBR;;;;;ANSD
SN1:DF_PROJ_POP_2050_COM(1.0);A10;SN-ZG-BI5-2;PROJ_POP_2050_COM;2028;9649;NBR;;;;;ANSD
SN1:DF_PROJ_POP_2050_COM(1.0);A10;SN-ZG-BI5-2;PROJ_POP_2050_COM;2029;9840;NBR;;;;;ANSD
SN1:DF_PROJ_POP_2050_COM(1.0);A10;SN-ZG-BI5-2;PROJ_POP_2050_COM;2030;10038;NBR;;;;;ANSD
SN1:DF_PROJ_POP_2050_COM(1.0);A10;SN-ZG-BI5-3;PROJ_POP_2050_COM;2023;10914;NBR;;;;;ANSD
SN1:DF_PROJ_POP_2050_COM(1.0);A10;SN-ZG-BI5-3;PROJ_POP_2050_COM;2024;11114;NBR;;;;;ANSD
SN1:DF_PROJ_POP_2050_COM(1.0);A10;SN-ZG-BI5-3;PROJ_POP_2050_COM;2025;11321;NBR;;;;;ANSD
SN1:DF_PROJ_POP_2050_COM(1.0);A10;SN-ZG-BI5-3;PROJ_POP_2050_COM;2026;11535;NBR;;;;;ANSD
SN1:DF_PROJ_POP_2050_COM(1.0);A10;SN-ZG-BI5-3;PROJ_POP_2050_COM;2027;11757;NBR;;;;;ANSD
SN1:DF_PROJ_POP_2050_COM(1.0);A10;SN-ZG-BI5-3;PROJ_POP_2050_COM;2028;11988;NBR;;;;;ANSD
SN1:DF_PROJ_POP_2050_COM(1.0);A10;SN-ZG-BI5-3;PROJ_POP_2050_COM;2029;12225;NBR;;;;;ANSD
SN1:DF_PROJ_POP_2050_COM(1.0);A10;SN-ZG-BI5-3;PROJ_POP_2050_COM;2030;12470;NBR;;;;;ANSD
SN1:DF_PROJ_POP_2050_COM(1.0);A10;SN-ZG-BI5-4;PROJ_POP_2050_COM;2023;39509;NBR;;;;;ANSD
SN1:DF_PROJ_POP_2050_COM(1.0);A10;SN-ZG-BI5-4;PROJ_POP_2050_COM;2024;40232;NBR;;;;;ANSD
SN1:DF_PROJ_POP_2050_COM(1.0);A10;SN-ZG-BI5-4;PROJ_POP_2050_COM;2025;40981;NBR;;;;;ANSD
SN1:DF_PROJ_POP_2050_COM(1.0);A10;SN-ZG-BI5-4;PROJ_POP_2050_COM;2026;41758;NBR;;;;;ANSD
SN1:DF_PROJ_POP_2050_COM(1.0);A10;SN-ZG-BI5-4;PROJ_POP_2050_COM;2027;42562;NBR;;;;;ANSD
SN1:DF_PROJ_POP_2050_COM(1.0);A10;SN-ZG-BI5-4;PROJ_POP_2050_COM;2028;43395;NBR;;;;;ANSD
SN1:DF_PROJ_POP_2050_COM(1.0);A10;SN-ZG-BI5-4;PROJ_POP_2050_COM;2029;44256;NBR;;;;;ANSD
SN1:DF_PROJ_POP_2050_COM(1.0);A10;SN-ZG-BI5-4;PROJ_POP_2050_COM;2030;45143;NBR;;;;;ANSD
SN1:DF_PROJ_POP_2050_COM(1.0);A10;SN-ZG-BI6-1;PROJ_POP_2050_COM;2023;19580;NBR;;;;;ANSD
SN1:DF_PROJ_POP_2050_COM(1.0);A10;SN-ZG-BI6-1;PROJ_POP_2050_COM;2024;19938;NBR;;;;;ANSD
SN1:DF_PROJ_POP_2050_COM(1.0);A10;SN-ZG-BI6-1;PROJ_POP_2050_COM;2025;20309;NBR;;;;;ANSD
SN1:DF_PROJ_POP_2050_COM(1.0);A10;SN-ZG-BI6-1;PROJ_POP_2050_COM;2026;20694;NBR;;;;;ANSD
SN1:DF_PROJ_POP_2050_COM(1.0);A10;SN-ZG-BI6-1;PROJ_POP_2050_COM;2027;21093;NBR;;;;;ANSD
SN1:DF_PROJ_POP_2050_COM(1.0);A10;SN-ZG-BI6-1;PROJ_POP_2050_COM;2028;21506;NBR;;;;;ANSD
SN1:DF_PROJ_POP_2050_COM(1.0);A10;SN-ZG-BI6-1;PROJ_POP_2050_COM;2029;21932;NBR;;;;;ANSD
SN1:DF_PROJ_POP_2050_COM(1.0);A10;SN-ZG-BI6-1;PROJ_POP_2050_COM;2030;22372;NBR;;;;;ANSD
SN1:DF_PROJ_POP_2050_COM(1.0);A10;SN-ZG-BI6-2;PROJ_POP_2050_COM;2023;41590;NBR;;;;;ANSD
SN1:DF_PROJ_POP_2050_COM(1.0);A10;SN-ZG-BI6-2;PROJ_POP_2050_COM;2024;42351;NBR;;;;;ANSD
SN1:DF_PROJ_POP_2050_COM(1.0);A10;SN-ZG-BI6-2;PROJ_POP_2050_COM;2025;43139;NBR;;;;;ANSD
SN1:DF_PROJ_POP_2050_COM(1.0);A10;SN-ZG-BI6-2;PROJ_POP_2050_COM;2026;43957;NBR;;;;;ANSD
SN1:DF_PROJ_POP_2050_COM(1.0);A10;SN-ZG-BI6-2;PROJ_POP_2050_COM;2027;44804;NBR;;;;;ANSD
SN1:DF_PROJ_POP_2050_COM(1.0);A10;SN-ZG-BI6-2;PROJ_POP_2050_COM;2028;45681;NBR;;;;;ANSD
SN1:DF_PROJ_POP_2050_COM(1.0);A10;SN-ZG-BI6-2;PROJ_POP_2050_COM;2029;46587;NBR;;;;;ANSD
SN1:DF_PROJ_POP_2050_COM(1.0);A10;SN-ZG-BI6-2;PROJ_POP_2050_COM;2030;47521;NBR;;;;;ANSD
SN1:DF_PROJ_POP_2050_COM(1.0);A10;SN-ZG-BI6-3;PROJ_POP_2050_COM;2023;31996;NBR;;;;;ANSD
SN1:DF_PROJ_POP_2050_COM(1.0);A10;SN-ZG-BI6-3;PROJ_POP_2050_COM;2024;32581;NBR;;;;;ANSD
SN1:DF_PROJ_POP_2050_COM(1.0);A10;SN-ZG-BI6-3;PROJ_POP_2050_COM;2025;33188;NBR;;;;;ANSD
SN1:DF_PROJ_POP_2050_COM(1.0);A10;SN-ZG-BI6-3;PROJ_POP_2050_COM;2026;33817;NBR;;;;;ANSD
SN1:DF_PROJ_POP_2050_COM(1.0);A10;SN-ZG-BI6-3;PROJ_POP_2050_COM;2027;34469;NBR;;;;;ANSD
SN1:DF_PROJ_POP_2050_COM(1.0);A10;SN-ZG-BI6-3;PROJ_POP_2050_COM;2028;35143;NBR;;;;;ANSD
SN1:DF_PROJ_POP_2050_COM(1.0);A10;SN-ZG-BI6-3;PROJ_POP_2050_COM;2029;35840;NBR;;;;;ANSD
SN1:DF_PROJ_POP_2050_COM(1.0);A10;SN-ZG-BI6-3;PROJ_POP_2050_COM;2030;36559;NBR;;;;;ANSD
SN1:DF_PROJ_POP_2050_COM(1.0);A10;SN-ZG-BI6-4;PROJ_POP_2050_COM;2023;8109;NBR;;;;;ANSD
SN1:DF_PROJ_POP_2050_COM(1.0);A10;SN-ZG-BI6-4;PROJ_POP_2050_COM;2024;8257;NBR;;;;;ANSD
SN1:DF_PROJ_POP_2050_COM(1.0);A10;SN-ZG-BI6-4;PROJ_POP_2050_COM;2025;8411;NBR;;;;;ANSD
SN1:DF_PROJ_POP_2050_COM(1.0);A10;SN-ZG-BI6-4;PROJ_POP_2050_COM;2026;8571;NBR;;;;;ANSD
SN1:DF_PROJ_POP_2050_COM(1.0);A10;SN-ZG-BI6-4;PROJ_POP_2050_COM;2027;8736;NBR;;;;;ANSD
SN1:DF_PROJ_POP_2050_COM(1.0);A10;SN-ZG-BI6-4;PROJ_POP_2050_COM;2028;8907;NBR;;;;;ANSD
SN1:DF_PROJ_POP_2050_COM(1.0);A10;SN-ZG-BI6-4;PROJ_POP_2050_COM;2029;9083;NBR;;;;;ANSD
SN1:DF_PROJ_POP_2050_COM(1.0);A10;SN-ZG-BI6-4;PROJ_POP_2050_COM;2030;9265;NBR;;;;;ANSD
SN1:DF_PROJ_POP_2050_COM(1.0);A10;SN-ZG-OU1-1;PROJ_POP_2050_COM;2023;5705;NBR;;;;;ANSD
SN1:DF_PROJ_POP_2050_COM(1.0);A10;SN-ZG-OU1-1;PROJ_POP_2050_COM;2024;5809;NBR;;;;;ANSD
SN1:DF_PROJ_POP_2050_COM(1.0);A10;SN-ZG-OU1-1;PROJ_POP_2050_COM;2025;5918;NBR;;;;;ANSD
SN1:DF_PROJ_POP_2050_COM(1.0);A10;SN-ZG-OU1-1;PROJ_POP_2050_COM;2026;6030;NBR;;;;;ANSD
SN1:DF_PROJ_POP_2050_COM(1.0);A10;SN-ZG-OU1-1;PROJ_POP_2050_COM;2027;6146;NBR;;;;;ANSD
SN1:DF_PROJ_POP_2050_COM(1.0);A10;SN-ZG-OU1-1;PROJ_POP_2050_COM;2028;6266;NBR;;;;;ANSD
SN1:DF_PROJ_POP_2050_COM(1.0);A10;SN-ZG-OU1-1;PROJ_POP_2050_COM;2029;6390;NBR;;;;;ANSD
SN1:DF_PROJ_POP_2050_COM(1.0);A10;SN-ZG-OU1-1;PROJ_POP_2050_COM;2030;6519;NBR;;;;;ANSD
SN1:DF_PROJ_POP_2050_COM(1.0);A10;SN-ZG-OU2-1;PROJ_POP_2050_COM;2023;25902;NBR;;;;;ANSD
SN1:DF_PROJ_POP_2050_COM(1.0);A10;SN-ZG-OU2-1;PROJ_POP_2050_COM;2024;26376;NBR;;;;;ANSD
SN1:DF_PROJ_POP_2050_COM(1.0);A10;SN-ZG-OU2-1;PROJ_POP_2050_COM;2025;26867;NBR;;;;;ANSD
SN1:DF_PROJ_POP_2050_COM(1.0);A10;SN-ZG-OU2-1;PROJ_POP_2050_COM;2026;27376;NBR;;;;;ANSD
SN1:DF_PROJ_POP_2050_COM(1.0);A10;SN-ZG-OU2-1;PROJ_POP_2050_COM;2027;27904;NBR;;;;;ANSD
SN1:DF_PROJ_POP_2050_COM(1.0);A10;SN-ZG-OU2-1;PROJ_POP_2050_COM;2028;28450;NBR;;;;;ANSD
SN1:DF_PROJ_POP_2050_COM(1.0);A10;SN-ZG-OU2-1;PROJ_POP_2050_COM;2029;29014;NBR;;;;;ANSD
SN1:DF_PROJ_POP_2050_COM(1.0);A10;SN-ZG-OU2-1;PROJ_POP_2050_COM;2030;29596;NBR;;;;;ANSD
SN1:DF_PROJ_POP_2050_COM(1.0);A10;SN-ZG-OU2-2;PROJ_POP_2050_COM;2023;3041;NBR;;;;;ANSD
SN1:DF_PROJ_POP_2050_COM(1.0);A10;SN-ZG-OU2-2;PROJ_POP_2050_COM;2024;3097;NBR;;;;;ANSD
SN1:DF_PROJ_POP_2050_COM(1.0);A10;SN-ZG-OU2-2;PROJ_POP_2050_COM;2025;3154;NBR;;;;;ANSD
SN1:DF_PROJ_POP_2050_COM(1.0);A10;SN-ZG-OU2-2;PROJ_POP_2050_COM;2026;3214;NBR;;;;;ANSD
SN1:DF_PROJ_POP_2050_COM(1.0);A10;SN-ZG-OU2-2;PROJ_POP_2050_COM;2027;3276;NBR;;;;;ANSD
SN1:DF_PROJ_POP_2050_COM(1.0);A10;SN-ZG-OU2-2;PROJ_POP_2050_COM;2028;3340;NBR;;;;;ANSD
SN1:DF_PROJ_POP_2050_COM(1.0);A10;SN-ZG-OU2-2;PROJ_POP_2050_COM;2029;3406;NBR;;;;;ANSD
SN1:DF_PROJ_POP_2050_COM(1.0);A10;SN-ZG-OU2-2;PROJ_POP_2050_COM;2030;3475;NBR;;;;;ANSD
SN1:DF_PROJ_POP_2050_COM(1.0);A10;SN-ZG-OU3-1;PROJ_POP_2050_COM;2023;11426;NBR;;;;;ANSD
SN1:DF_PROJ_POP_2050_COM(1.0);A10;SN-ZG-OU3-1;PROJ_POP_2050_COM;2024;11635;NBR;;;;;ANSD
SN1:DF_PROJ_POP_2050_COM(1.0);A10;SN-ZG-OU3-1;PROJ_POP_2050_COM;2025;11852;NBR;;;;;ANSD
SN1:DF_PROJ_POP_2050_COM(1.0);A10;SN-ZG-OU3-1;PROJ_POP_2050_COM;2026;12076;NBR;;;;;ANSD
SN1:DF_PROJ_POP_2050_COM(1.0);A10;SN-ZG-OU3-1;PROJ_POP_2050_COM;2027;12309;NBR;;;;;ANSD
SN1:DF_PROJ_POP_2050_COM(1.0);A10;SN-ZG-OU3-1;PROJ_POP_2050_COM;2028;12550;NBR;;;;;ANSD
SN1:DF_PROJ_POP_2050_COM(1.0);A10;SN-ZG-OU3-1;PROJ_POP_2050_COM;2029;12799;NBR;;;;;ANSD
SN1:DF_PROJ_POP_2050_COM(1.0);A10;SN-ZG-OU3-1;PROJ_POP_2050_COM;2030;13055;NBR;;;;;ANSD
SN1:DF_PROJ_POP_2050_COM(1.0);A10;SN-ZG-OU3-2;PROJ_POP_2050_COM;2023;8493;NBR;;;;;ANSD
SN1:DF_PROJ_POP_2050_COM(1.0);A10;SN-ZG-OU3-2;PROJ_POP_2050_COM;2024;8648;NBR;;;;;ANSD
SN1:DF_PROJ_POP_2050_COM(1.0);A10;SN-ZG-OU3-2;PROJ_POP_2050_COM;2025;8809;NBR;;;;;ANSD
SN1:DF_PROJ_POP_2050_COM(1.0);A10;SN-ZG-OU3-2;PROJ_POP_2050_COM;2026;8976;NBR;;;;;ANSD
SN1:DF_PROJ_POP_2050_COM(1.0);A10;SN-ZG-OU3-2;PROJ_POP_2050_COM;2027;9149;NBR;;;;;ANSD
SN1:DF_PROJ_POP_2050_COM(1.0);A10;SN-ZG-OU3-2;PROJ_POP_2050_COM;2028;9328;NBR;;;;;ANSD
SN1:DF_PROJ_POP_2050_COM(1.0);A10;SN-ZG-OU3-2;PROJ_POP_2050_COM;2029;9513;NBR;;;;;ANSD
SN1:DF_PROJ_POP_2050_COM(1.0);A10;SN-ZG-OU3-2;PROJ_POP_2050_COM;2030;9704;NBR;;;;;ANSD
SN1:DF_PROJ_POP_2050_COM(1.0);A10;SN-ZG-ZD1-1;PROJ_POP_2050_COM;2023;214874;NBR;;;;;ANSD
SN1:DF_PROJ_POP_2050_COM(1.0);A10;SN-ZG-ZD1-1;PROJ_POP_2050_COM;2024;218805;NBR;;;;;ANSD
SN1:DF_PROJ_POP_2050_COM(1.0);A10;SN-ZG-ZD1-1;PROJ_POP_2050_COM;2025;222879;NBR;;;;;ANSD
SN1:DF_PROJ_POP_2050_COM(1.0);A10;SN-ZG-ZD1-1;PROJ_POP_2050_COM;2026;227104;NBR;;;;;ANSD
SN1:DF_PROJ_POP_2050_COM(1.0);A10;SN-ZG-ZD1-1;PROJ_POP_2050_COM;2027;231481;NBR;;;;;ANSD
SN1:DF_PROJ_POP_2050_COM(1.0);A10;SN-ZG-ZD1-1;PROJ_POP_2050_COM;2028;236009;NBR;;;;;ANSD
SN1:DF_PROJ_POP_2050_COM(1.0);A10;SN-ZG-ZD1-1;PROJ_POP_2050_COM;2029;240688;NBR;;;;;ANSD
SN1:DF_PROJ_POP_2050_COM(1.0);A10;SN-ZG-ZD1-1;PROJ_POP_2050_COM;2030;245516;NBR;;;;;ANSD
SN1:DF_PROJ_POP_2050_COM(1.0);A10;SN-ZG-ZD2-1;PROJ_POP_2050_COM;2023;19728;NBR;;;;;ANSD
SN1:DF_PROJ_POP_2050_COM(1.0);A10;SN-ZG-ZD2-1;PROJ_POP_2050_COM;2024;20089;NBR;;;;;ANSD
SN1:DF_PROJ_POP_2050_COM(1.0);A10;SN-ZG-ZD2-1;PROJ_POP_2050_COM;2025;20463;NBR;;;;;ANSD
SN1:DF_PROJ_POP_2050_COM(1.0);A10;SN-ZG-ZD2-1;PROJ_POP_2050_COM;2026;20851;NBR;;;;;ANSD
SN1:DF_PROJ_POP_2050_COM(1.0);A10;SN-ZG-ZD2-1;PROJ_POP_2050_COM;2027;21253;NBR;;;;;ANSD
SN1:DF_PROJ_POP_2050_COM(1.0);A10;SN-ZG-ZD2-1;PROJ_POP_2050_COM;2028;21668;NBR;;;;;ANSD
SN1:DF_PROJ_POP_2050_COM(1.0);A10;SN-ZG-ZD2-1;PROJ_POP_2050_COM;2029;22098;NBR;;;;;ANSD
SN1:DF_PROJ_POP_2050_COM(1.0);A10;SN-ZG-ZD2-1;PROJ_POP_2050_COM;2030;22541;NBR;;;;;ANSD
SN1:DF_PROJ_POP_2050_COM(1.0);A10;SN-ZG-ZD2-2;PROJ_POP_2050_COM;2023;8682;NBR;;;;;ANSD
SN1:DF_PROJ_POP_2050_COM(1.0);A10;SN-ZG-ZD2-2;PROJ_POP_2050_COM;2024;8841;NBR;;;;;ANSD
SN1:DF_PROJ_POP_2050_COM(1.0);A10;SN-ZG-ZD2-2;PROJ_POP_2050_COM;2025;9005;NBR;;;;;ANSD
SN1:DF_PROJ_POP_2050_COM(1.0);A10;SN-ZG-ZD2-2;PROJ_POP_2050_COM;2026;9176;NBR;;;;;ANSD
SN1:DF_PROJ_POP_2050_COM(1.0);A10;SN-ZG-ZD2-2;PROJ_POP_2050_COM;2027;9353;NBR;;;;;ANSD
SN1:DF_PROJ_POP_2050_COM(1.0);A10;SN-ZG-ZD2-2;PROJ_POP_2050_COM;2028;9536;NBR;;;;;ANSD
SN1:DF_PROJ_POP_2050_COM(1.0);A10;SN-ZG-ZD2-2;PROJ_POP_2050_COM;2029;9725;NBR;;;;;ANSD
SN1:DF_PROJ_POP_2050_COM(1.0);A10;SN-ZG-ZD2-2;PROJ_POP_2050_COM;2030;9920;NBR;;;;;ANSD
SN1:DF_PROJ_POP_2050_COM(1.0);A10;SN-ZG-ZD2-3;PROJ_POP_2050_COM;2023;21671;NBR;;;;;ANSD
SN1:DF_PROJ_POP_2050_COM(1.0);A10;SN-ZG-ZD2-3;PROJ_POP_2050_COM;2024;22067;NBR;;;;;ANSD
SN1:DF_PROJ_POP_2050_COM(1.0);A10;SN-ZG-ZD2-3;PROJ_POP_2050_COM;2025;22478;NBR;;;;;ANSD
SN1:DF_PROJ_POP_2050_COM(1.0);A10;SN-ZG-ZD2-3;PROJ_POP_2050_COM;2026;22904;NBR;;;;;ANSD
SN1:DF_PROJ_POP_2050_COM(1.0);A10;SN-ZG-ZD2-3;PROJ_POP_2050_COM;2027;23346;NBR;;;;;ANSD
SN1:DF_PROJ_POP_2050_COM(1.0);A10;SN-ZG-ZD2-3;PROJ_POP_2050_COM;2028;23803;NBR;;;;;ANSD
SN1:DF_PROJ_POP_2050_COM(1.0);A10;SN-ZG-ZD2-3;PROJ_POP_2050_COM;2029;24274;NBR;;;;;ANSD
SN1:DF_PROJ_POP_2050_COM(1.0);A10;SN-ZG-ZD2-3;PROJ_POP_2050_COM;2030;24761;NBR;;;;;ANSD
SN1:DF_PROJ_POP_2050_COM(1.0);A10;SN-ZG-ZD3-1;PROJ_POP_2050_COM;2023;4877;NBR;;;;;ANSD
SN1:DF_PROJ_POP_2050_COM(1.0);A10;SN-ZG-ZD3-1;PROJ_POP_2050_COM;2024;4966;NBR;;;;;ANSD
SN1:DF_PROJ_POP_2050_COM(1.0);A10;SN-ZG-ZD3-1;PROJ_POP_2050_COM;2025;5059;NBR;;;;;ANSD
SN1:DF_PROJ_POP_2050_COM(1.0);A10;SN-ZG-ZD3-1;PROJ_POP_2050_COM;2026;5155;NBR;;;;;ANSD
SN1:DF_PROJ_POP_2050_COM(1.0);A10;SN-ZG-ZD3-1;PROJ_POP_2050_COM;2027;5254;NBR;;;;;ANSD
SN1:DF_PROJ_POP_2050_COM(1.0);A10;SN-ZG-ZD3-1;PROJ_POP_2050_COM;2028;5357;NBR;;;;;ANSD
SN1:DF_PROJ_POP_2050_COM(1.0);A10;SN-ZG-ZD3-1;PROJ_POP_2050_COM;2029;5463;NBR;;;;;ANSD
SN1:DF_PROJ_POP_2050_COM(1.0);A10;SN-ZG-ZD3-1;PROJ_POP_2050_COM;2030;5572;NBR;;;;;ANSD
SN1:DF_PROJ_POP_2050_COM(1.0);A10;SN-ZG-ZD3-2;PROJ_POP_2050_COM;2023;5669;NBR;;;;;ANSD
SN1:DF_PROJ_POP_2050_COM(1.0);A10;SN-ZG-ZD3-2;PROJ_POP_2050_COM;2024;5773;NBR;;;;;ANSD
SN1:DF_PROJ_POP_2050_COM(1.0);A10;SN-ZG-ZD3-2;PROJ_POP_2050_COM;2025;5880;NBR;;;;;ANSD
SN1:DF_PROJ_POP_2050_COM(1.0);A10;SN-ZG-ZD3-2;PROJ_POP_2050_COM;2026;5992;NBR;;;;;ANSD
SN1:DF_PROJ_POP_2050_COM(1.0);A10;SN-ZG-ZD3-2;PROJ_POP_2050_COM;2027;6107;NBR;;;;;ANSD
SN1:DF_PROJ_POP_2050_COM(1.0);A10;SN-ZG-ZD3-2;PROJ_POP_2050_COM;2028;6227;NBR;;;;;ANSD
SN1:DF_PROJ_POP_2050_COM(1.0);A10;SN-ZG-ZD3-2;PROJ_POP_2050_COM;2029;6350;NBR;;;;;ANSD
SN1:DF_PROJ_POP_2050_COM(1.0);A10;SN-ZG-ZD3-2;PROJ_POP_2050_COM;2030;6477;NBR;;;;;ANSD
