rank,date,year,month,phase,phase_description,day_of_year,coverage_points,coverage_percent,mean_precip,max_precip,min_precip,std_precip,mean_anomaly,max_anomaly,std_anomaly,centroid_lat,centroid_lon,centroid_region,centroid_department,centroid_climate_zone,max_intensity_lat,max_intensity_lon,max_intensity_region,max_intensity_department,lat_extent_deg,lon_extent_deg,lat_extent_km,lon_extent_km,regions_affected,departments_affected,climate_zones_affected,intensity_concentration,spatial_dispersion,anomaly_severity,geographic_validation
9,2022-07-24,2022,7,Phase_2_pleine,Pleine saison,205,303,67.333,23.30884602360993,40.769,9.718354225158691,6.281123858158718,3.115241553749848,6.407,0.713444670506998,14.633,-13.916,Tambacounda,Koumpentoum,Zone soudano-sahélienne,12.625,-14.375,Kolda,Médina Yoro Foulah,4.25,5.75,473.11,619.3278054277233,13,34,3,0.0035399872657559,779.3587062937835,3.2033743246613096,PASSED
10,2010-07-20,2010,7,Phase_2_pleine,Pleine saison,201,302,67.111,21.15693169398024,45.761,5.096909046173096,8.102255559398811,2.73971437468867,4.491,0.4914199821502987,14.309,-13.665,Tambacounda,Tambacounda,Zone soudano-sahélienne,12.625,-12.125,Kédougou,Kédougou,4.25,5.75,473.11,620.231391984239,13,35,3,0.0037968816321769,780.0769462704989,2.245570708804803,PASSED
13,1981-08-01,1981,8,Phase_2_pleine,Pleine saison,213,298,66.222,51.67903805739128,129.425,10.472951889038086,23.96221598701449,5.881629399064317,11.958,2.505823384983801,14.267,-13.736,Tambacounda,Tambacounda,Zone soudano-sahélienne,12.875,-12.375,Kédougou,Salémata,4.25,5.75,473.11,620.3474882378013,14,34,3,0.0040771590381057,780.1692564200084,5.978889797223523,PASSED
17,2021-08-18,2021,8,Phase_2_pleine,Pleine saison,230,290,64.444,35.429289521842165,79.541,14.732288360595703,11.531988715496263,3.480793792414835,6.492,1.0307358422776665,14.345,-13.459,Tambacounda,Tambacounda,Zone soudano-sahélienne,12.375,-13.125,Kédougou,Salémata,4.25,5.75,473.11,620.1321370867664,14,30,3,0.0038136060269848,779.9980320153378,3.245894967147907,PASSED
18,2003-07-07,2003,7,Phase_2_pleine,Pleine saison,188,290,64.444,26.69687670017111,56.312,8.271099090576172,9.440658175020577,3.481501113250578,6.459,0.9296255952528896,13.812,-13.963,Tambacounda,Tambacounda,Zone soudano-sahélienne,12.875,-16.125,Sédhiou,Goudomp,4.0,5.25,445.28,567.5309440691882,12,32,3,0.0038794826977724,721.3637457802159,3.2292613008733646,PASSED
21,2011-08-17,2011,8,Phase_2_pleine,Pleine saison,229,283,62.889,35.42404850801394,68.824,12.800851821899414,12.065233946302287,3.8722040571898098,7.781,1.3503800803234751,14.675,-13.668,Tambacounda,Koumpentoum,Zone soudano-sahélienne,12.375,-13.875,Kolda,Vélingara,4.25,5.25,473.11,565.3648924591089,9,25,3,0.0039434790537678,737.2045334405506,3.890520501359205,PASSED
22,2019-08-29,2019,8,Phase_2_pleine,Pleine saison,241,281,62.444,36.602063861181726,88.361,13.219019889831545,17.207187657962447,3.848533583612484,8.633,1.57791233266886,14.44,-13.318,Tambacounda,Goudiry,Zone soudano-sahélienne,13.375,-11.875,Tambacounda,Goudiry,4.25,5.75,473.11,619.8696783408691,13,33,3,0.0043452253706547,779.7893822221565,4.316645056557048,PASSED
25,2018-07-19,2018,7,Phase_2_pleine,Pleine saison,200,273,60.667,27.892409611097623,80.501,7.538323402404785,13.049890316084223,3.4723358578215886,7.305,0.9677156711670488,13.975,-14.162,Tambacounda,Tambacounda,Zone soudano-sahélienne,12.375,-14.375,Kolda,Médina Yoro Foulah,4.25,5.0,473.11,540.1250279560514,12,32,3,0.0044648275814679,718.0307154464392,3.652328691088992,PASSED
27,2009-07-05,2009,7,Phase_2_pleine,Pleine saison,186,270,60.0,18.274820325992724,38.354,5.890253067016602,7.3731079683204115,2.745019116614969,4.914,0.5177611546282981,14.241,-14.21,Tambacounda,Koumpentoum,Zone soudano-sahélienne,13.625,-14.875,Kolda,Kolda,4.25,5.75,473.11,620.4192602636291,14,33,3,0.0043065841404882,780.2263267834974,2.456770061733467,PASSED
32,1999-07-07,1999,7,Phase_2_pleine,Pleine saison,188,253,56.222,22.66975752826736,41.459,7.172128200531006,6.385059451272436,4.066844652226293,9.502,1.4945265584867018,14.857,-14.662,Kaffrine,Koungheul,Zone soudano-sahélienne,12.875,-16.375,Ziguinchor,Bignona,4.25,5.5,473.11,591.7924125218985,14,36,3,0.0042661255337708,757.6617464399856,4.750912253977472,PASSED
34,2002-07-07,2002,7,Phase_2_pleine,Pleine saison,188,251,55.778,26.07800321559982,50.702,3.245225667953491,9.571590689002912,4.042708327056482,8.778,1.439428162545236,14.396,-14.339,Tambacounda,Koumpentoum,Zone soudano-sahélienne,15.625,-14.875,Louga,Linguère,4.25,5.25,473.11,566.0799239293394,12,33,3,0.0045207813569753,737.753036439598,4.389038354654359,PASSED
37,2023-08-15,2023,8,Phase_2_pleine,Pleine saison,227,246,54.667,28.37052596099977,63.57,13.914947509765623,8.045035759747222,3.213517089394597,5.897,0.9415051407225592,14.828,-14.044,Tambacounda,Koumpentoum,Zone soudano-sahélienne,12.375,-16.125,Sédhiou,Goudomp,4.25,5.25,473.11,564.9668917023592,12,28,3,0.0043919189394524,736.8993494499946,2.9486112623293006,PASSED
41,2008-07-20,2008,7,Phase_2_pleine,Pleine saison,202,243,54.0,25.488003758246027,51.539,9.15750217437744,8.106823302309714,3.2699892396129746,5.251,0.7980595950214606,14.272,-13.037,Tambacounda,Goudiry,Zone soudano-sahélienne,12.375,-11.625,Kédougou,Saraya,4.25,5.25,473.11,566.3934589671497,9,22,3,0.0045315427147348,737.9936401221709,2.62532945235918,PASSED
43,2002-08-10,2002,8,Phase_2_pleine,Pleine saison,222,241,53.556,27.53853188115037,52.213,10.349971771240234,9.065238150064534,2.948066411779701,5.287,0.8336131356119728,14.445,-14.356,Tambacounda,Koumpentoum,Zone soudano-sahélienne,12.625,-12.875,Kédougou,Salémata,4.25,5.75,473.11,619.8554638763,14,35,3,0.0045990122992435,779.778082916738,2.6435059420546168,PASSED
50,2023-07-03,2023,7,Phase_2_pleine,Pleine saison,184,235,52.222,16.12308751877318,33.705,3.964808702468872,5.304053667351803,3.1604319062625703,6.806,0.980458382071888,14.909,-13.777,Matam,Ranérou,Zone soudano-sahélienne,13.875,-14.375,Tambacounda,Koumpentoum,4.0,5.25,445.28,564.7561993092024,10,24,3,0.0047158423707064,719.182762521583,3.4030602819700437,PASSED
53,1995-07-20,1995,7,Phase_2_pleine,Pleine saison,201,232,51.556,31.65186410936816,75.299,10.141972541809082,14.432962085083794,5.05442034583534,11.71,2.431188485100899,15.055,-14.376,Matam,Ranérou,Zone soudano-sahélienne,15.125,-14.125,Matam,Ranérou,4.0,5.75,445.28,618.1198780535045,13,28,3,0.0052065849279281,761.8047419745294,5.854834072100866,PASSED
58,2005-07-15,2005,7,Phase_2_pleine,Pleine saison,196,225,50.0,22.436186849806045,48.145,5.009181022644043,8.828696595037638,2.935702872009735,5.997,0.7869978993507805,14.107,-14.693,Kaffrine,Malem-Hodar,Zone soudano-sahélienne,12.375,-16.375,Ziguinchor,Oussouye,4.25,5.5,473.11,593.7964814841886,13,36,3,0.0051326411193472,759.2281105985224,2.9983510120582477,PASSED
61,2021-08-30,2021,8,Phase_2_pleine,Pleine saison,242,222,49.333,28.59991760082073,57.592,13.757353782653809,9.171813961565835,2.497759666200448,3.7,0.3158828240448714,13.916,-14.569,Tambacounda,Koumpentoum,Zone soudano-sahélienne,12.375,-16.125,Sédhiou,Goudomp,4.25,5.75,473.11,621.3017021778693,13,33,3,0.0049677678465014,780.9282090109934,1.8498355397077644,PASSED
67,1985-07-27,1985,7,Phase_2_pleine,Pleine saison,208,217,48.222,30.23897319565171,62.448,9.895365715026855,10.191191616142492,3.519560091498726,6.854,1.0001507161872438,14.54,-13.309,Tambacounda,Goudiry,Zone soudano-sahélienne,14.375,-11.875,Tambacounda,Bakel,4.25,5.75,473.11,619.5891143000985,12,27,3,0.0051317219303819,779.5663750183049,3.426804568572701,PASSED
74,2017-07-29,2017,7,Phase_2_pleine,Pleine saison,210,213,47.333,25.995099233349723,53.288,9.675334930419922,9.358821264772988,2.754236850585648,5.277,0.6535944896935004,14.229,-14.804,Kaffrine,Koungheul,Zone soudano-sahélienne,13.375,-15.375,Kolda,Kolda,4.25,5.75,473.11,620.451911650372,14,36,3,0.005303362528354,780.2522907179454,2.638330085342245,PASSED
75,1988-07-28,1988,7,Phase_2_pleine,Pleine saison,210,212,47.111,32.6859626590081,66.214,12.807625770568848,10.243332824323202,3.815540052632122,7.92,1.284812277075642,14.543,-14.462,Tambacounda,Koumpentoum,Zone soudano-sahélienne,15.125,-13.375,Matam,Kanel,4.25,5.5,473.11,592.6415359008785,13,35,3,0.0051802404319969,758.3251628259161,3.959987709370699,PASSED
76,2021-08-08,2021,8,Phase_2_pleine,Pleine saison,220,212,47.111,39.388715896966325,78.252,16.22827911376953,14.923638783815411,3.646506490029644,6.457,1.1529412225332234,13.964,-13.169,Tambacounda,Goudiry,Zone soudano-sahélienne,13.375,-11.625,Tambacounda,Goudiry,3.75,5.75,417.45,621.1736958361148,12,27,3,0.005394107851003,748.4125039199292,3.2283360298015507,PASSED
77,1996-07-18,1996,7,Phase_2_pleine,Pleine saison,200,209,46.444,20.12562059785761,35.75,7.583442211151123,4.756350040214588,3.031213932858643,4.92,0.7021515814388387,15.081,-13.674,Matam,Ranérou,Zone soudano-sahélienne,15.125,-13.625,Matam,Ranérou,4.0,4.75,445.28,510.55957087984194,9,20,3,0.0050519297987057,677.4550587802917,2.460161595635328,PASSED
80,1986-07-10,1986,7,Phase_2_pleine,Pleine saison,191,207,46.0,23.66715475902465,55.065,7.480836868286133,8.776252644337008,4.016058263174058,9.263,1.559571302607624,14.655,-14.972,Kaffrine,Koungheul,Zone soudano-sahélienne,12.625,-14.625,Kolda,Médina Yoro Foulah,4.25,5.0,473.11,538.4915289735478,14,33,3,0.0054952049258377,716.8027547912112,4.6316711364783245,PASSED
81,2012-08-18,2012,8,Phase_2_pleine,Pleine saison,231,207,46.0,31.1235614951682,53.567,14.135830879211426,8.724206225052667,3.853807932465524,7.583,1.5358557706481286,15.237,-13.913,Matam,Ranérou,Zone soudano-sahélienne,15.375,-14.375,Matam,Ranérou,4.25,5.0,473.11,537.0333304010801,11,26,3,0.0052104975277482,715.7079435507725,3.791534602508786,PASSED
83,1999-08-29,1999,8,Phase_2_pleine,Pleine saison,241,206,45.778,33.17038180527178,60.727,14.901044845581056,10.778148531699568,3.4249647086988126,5.934,0.8618547592552668,14.39,-14.836,Kaffrine,Koungheul,Zone soudano-sahélienne,12.375,-14.375,Kolda,Médina Yoro Foulah,4.25,4.5,473.11,485.2244375829797,13,32,3,0.005366899965932,677.6989134768618,2.96688708776374,PASSED
84,2016-08-20,2016,8,Phase_2_pleine,Pleine saison,233,205,45.556,38.67137567938828,76.851,13.578747749328612,14.935676078932609,3.0438316810467345,4.933,0.7054937657247593,13.57,-14.048,Tambacounda,Tambacounda,Zone soudano-sahélienne,12.375,-13.875,Kolda,Vélingara,4.0,4.75,445.28,514.0096768069387,8,22,3,0.0056056889523784,680.0589894275155,2.4663792245923464,PASSED
85,1988-08-27,1988,8,Phase_2_pleine,Pleine saison,240,204,45.333,38.724197616764144,72.378,14.170737266540527,11.668861176008448,4.070889005845224,8.352,1.578738273604492,14.577,-14.799,Kaffrine,Koungheul,Zone soudano-sahélienne,14.875,-14.625,Kaffrine,Koungheul,3.75,5.5,417.45,592.5511271704207,13,34,3,0.0053470652210268,724.831948754976,4.175814837788053,PASSED
86,2002-08-13,2002,8,Phase_2_pleine,Pleine saison,225,204,45.333,26.695927792904424,48.383,11.41469955444336,7.15828028902256,3.236878397784508,5.95,0.8527008795862605,15.028,-13.505,Matam,Ranérou,Zone soudano-sahélienne,12.625,-12.875,Kédougou,Salémata,4.25,5.0,473.11,537.5647124727833,9,23,3,0.0052544105237278,716.1067536310115,2.9749364805723357,PASSED
87,1981-07-30,1981,7,Phase_2_pleine,Pleine saison,211,204,45.333,27.00332451801674,49.684,10.112059593200684,8.149529033491156,3.053909091204164,5.499,0.7563827000592,14.504,-14.629,Kaffrine,Koungheul,Zone soudano-sahélienne,13.875,-14.375,Tambacounda,Koumpentoum,4.0,5.25,445.28,565.804084226234,13,32,3,0.0053484391130349,720.0059325985358,2.749518474153072,PASSED
89,2020-07-30,2020,7,Phase_2_pleine,Pleine saison,212,203,45.111,32.96186077888376,68.712,10.409598350524902,12.90053444663407,3.791036226522428,8.304,1.4616703754856375,14.507,-14.487,Tambacounda,Koumpentoum,Zone soudano-sahélienne,13.875,-14.125,Tambacounda,Tambacounda,4.25,4.5,473.11,484.9687461437155,12,27,3,0.005680672104742,677.5158649332188,4.151798618962788,PASSED
96,2004-07-31,2004,7,Phase_2_pleine,Pleine saison,213,201,44.667,38.61426968361015,101.675,13.93657112121582,17.074715552657395,3.432906952910079,7.111,1.055159619124845,13.534,-13.548,Tambacounda,Tambacounda,Zone soudano-sahélienne,12.375,-14.875,Kolda,Kolda,3.5,4.75,389.62,514.0857688045622,7,19,3,0.0059479057528337,645.0487671970064,3.5553500294097997,PASSED
97,1999-08-25,1999,8,Phase_2_pleine,Pleine saison,237,201,44.667,29.77579867899121,61.695,13.749159812927246,10.48349435960338,3.045054875389781,6.169,0.8040070190027837,14.688,-12.929,Tambacounda,Bakel,Zone soudano-sahélienne,13.375,-12.625,Tambacounda,Goudiry,3.5,5.0,389.62,538.4102583383163,7,15,3,0.0055918460861311,664.5971265804062,3.084453539238724,PASSED
102,1987-07-20,1987,7,Phase_2_pleine,Pleine saison,201,199,44.222,21.695968862754015,40.764,10.814126968383787,5.799235854252631,3.196255803785509,5.489,0.992091452419334,14.851,-13.284,Matam,Kanel,Zone soudano-sahélienne,15.125,-12.875,Matam,Kanel,4.25,5.75,473.11,618.7090026949295,13,28,3,0.0053841553225353,778.8670570230547,2.744634970093218,PASSED
103,2023-07-11,2023,7,Phase_2_pleine,Pleine saison,192,199,44.222,17.735046647900912,37.432,6.226118087768555,6.574521422220153,2.7354824743260044,4.882,0.5418697082523336,14.583,-13.707,Tambacounda,Koumpentoum,Zone soudano-sahélienne,12.375,-11.625,Kédougou,Saraya,4.25,5.5,473.11,592.5350225261899,10,23,3,0.0057157001365844,758.2419240718046,2.4408712602412987,PASSED
106,2010-08-18,2010,8,Phase_2_pleine,Pleine saison,230,198,44.0,32.50696206815315,77.826,15.360777854919434,8.755576696845123,3.527365394916011,7.297,1.323374994116043,14.76,-13.266,Tambacounda,Goudiry,Zone soudano-sahélienne,12.375,-14.875,Kolda,Kolda,4.25,4.5,473.11,484.4103996805197,8,17,3,0.0054169017510863,677.1163104065954,3.6486150651836926,PASSED
108,1981-08-31,1981,8,Phase_2_pleine,Pleine saison,243,197,43.778,34.98008833560847,81.266,14.271803855895996,15.24068983772249,3.173028745874638,6.362,1.014150129139228,13.689,-13.809,Tambacounda,Tambacounda,Zone soudano-sahélienne,12.375,-11.875,Kédougou,Kédougou,4.25,5.75,473.11,621.9075181588184,12,30,3,0.0060397519578868,781.4102786900496,3.1809368273760907,PASSED
113,2007-08-02,2007,8,Phase_2_pleine,Pleine saison,214,196,43.556,35.31714670998709,62.262,13.567756652832031,11.007871914472778,5.134112160371027,10.471,1.92291659871314,15.474,-14.341,Matam,Ranérou,Zone soudano-sahélienne,15.125,-13.625,Matam,Ranérou,2.75,5.25,306.13,563.2453354421183,9,23,2,0.0055976957630146,641.0623105613871,5.235483535247753,PASSED
117,1994-08-12,1994,8,Phase_2_pleine,Pleine saison,224,194,43.111,27.45213810930547,56.212,13.938912391662598,7.421478279966026,3.6602414329590056,6.237,1.1100407929554916,15.241,-13.932,Matam,Ranérou,Zone soudano-sahélienne,15.125,-13.625,Matam,Ranérou,4.25,5.25,473.11,563.874266731163,8,18,3,0.0055313661875536,736.0619886813927,3.1183214836530806,PASSED
119,2010-07-13,2010,7,Phase_2_pleine,Pleine saison,194,193,42.889,26.01188530205445,48.96,6.6247148513793945,8.045278927338233,4.7878573693036905,8.53,1.7694126857668064,15.486,-13.58,Matam,Matam,Zone soudano-sahélienne,15.875,-14.375,Matam,Ranérou,3.0,5.0,333.96,536.3918351346125,6,14,2,0.0056770041473541,631.8587454776402,4.264861320047448,PASSED
123,2016-07-21,2016,7,Phase_2_pleine,Pleine saison,203,190,42.222,24.386855393961856,48.74,7.967841625213623,7.510709919168632,3.3145938147886325,6.465,1.0033533237174472,14.746,-15.056,Kaffrine,Koungheul,Zone soudano-sahélienne,12.375,-16.125,Sédhiou,Goudomp,4.25,5.25,473.11,565.179926502677,12,31,3,0.0057623834062591,737.0626919208239,3.2326809858633045,PASSED
124,2013-07-21,2013,7,Phase_2_pleine,Pleine saison,202,189,42.0,20.245505580195672,37.866,7.925976753234863,6.228673974280977,3.2517114631806883,6.42,1.052808211000687,15.32,-14.425,Matam,Ranérou,Zone soudano-sahélienne,12.375,-16.625,Ziguinchor,Oussouye,4.25,5.25,473.11,563.662827918012,10,21,3,0.0057918143097157,735.9000245118425,3.20999380611705,PASSED
127,1985-07-24,1985,7,Phase_2_pleine,Pleine saison,205,187,41.556,21.7254824255877,39.414,11.87559413909912,5.52162871441451,2.919236177259979,5.229,0.7110982534425524,14.829,-13.025,Matam,Kanel,Zone soudano-sahélienne,12.375,-12.375,Kédougou,Kédougou,4.25,5.25,473.11,564.9636743751956,9,16,3,0.0056930187182218,736.8968827885772,2.614727454637385,PASSED
135,1999-07-01,1999,7,Phase_2_pleine,Pleine saison,182,184,40.889,17.904085770897243,39.966,5.528180599212647,6.535335707420924,3.580615437915484,8.078,1.3512157583109503,14.914,-13.028,Matam,Kanel,Zone soudano-sahélienne,12.375,-11.375,Kédougou,Saraya,4.25,5.5,473.11,591.6357949411238,9,21,3,0.006158907840057,757.5394223112191,4.039026609766321,PASSED
138,1999-08-14,1999,8,Phase_2_pleine,Pleine saison,226,184,40.889,26.5041628246722,54.041,11.781922340393066,8.180392843636435,3.021868821432201,6.167,0.8318392832375773,14.751,-14.407,Tambacounda,Koumpentoum,Zone soudano-sahélienne,12.875,-16.625,Ziguinchor,Bignona,4.25,5.25,473.11,565.1688358672976,13,29,3,0.0059525113979657,737.0541876521675,3.083590999018961,PASSED
142,1994-07-21,1994,7,Phase_2_pleine,Pleine saison,202,182,40.444,25.403438484275732,45.829,9.920208930969238,7.684968536870354,3.079879346647933,5.663,0.7868953591185271,14.101,-13.457,Tambacounda,Tambacounda,Zone soudano-sahélienne,13.875,-14.625,Kaffrine,Malem-Hodar,4.25,4.0,473.11,431.86263583597184,6,17,3,0.0059973431473014,640.5766142556199,2.831713788703783,PASSED
143,2005-07-06,2005,7,Phase_2_pleine,Pleine saison,187,182,40.444,26.115016989655548,46.096,8.29749584197998,8.051346473627078,2.9306215875065478,4.672,0.5836891249780413,13.362,-14.252,Tambacounda,Tambacounda,Zone soudanienne,12.625,-15.375,Kolda,Kolda,4.25,5.75,473.11,622.76172875763,12,31,3,0.0060167633951785,782.0902974114894,2.3361411450601515,PASSED
149,1989-08-24,1989,8,Phase_2_pleine,Pleine saison,236,180,40.0,37.35773302184211,84.866,14.200054168701172,12.846373272781811,4.252952542396569,7.517,1.258477509900914,14.935,-15.275,Kaffrine,Koungheul,Zone soudano-sahélienne,12.875,-16.625,Ziguinchor,Bignona,3.75,4.25,417.45,457.1287362851993,12,30,3,0.0062124983307016,619.0566994732416,3.758608171261268,PASSED
155,2020-07-17,2020,7,Phase_2_pleine,Pleine saison,199,176,39.111,30.630419980395924,76.348,10.64999294281006,13.355870556117909,3.475414515233942,7.151,1.0979399267291174,13.567,-14.257,Tambacounda,Tambacounda,Zone soudano-sahélienne,12.375,-14.875,Kolda,Kolda,4.0,5.25,445.28,568.1216454726577,9,23,3,0.0067620720536976,721.8285705793032,3.5754119598459235,PASSED
166,1999-07-12,1999,7,Phase_2_pleine,Pleine saison,193,171,38.0,21.856001597398905,47.242,8.043292045593262,7.75660785958129,4.2503727572411965,10.303,1.5552406353587365,15.508,-14.746,Louga,Linguère,Zone sahélienne,16.125,-15.375,Louga,Linguère,4.0,5.75,445.28,616.7864009373153,10,23,3,0.006584509830995,760.7231727975734,5.151420675929718,PASSED
171,1981-07-05,1981,7,Phase_2_pleine,Pleine saison,186,170,37.778,20.678639131433822,40.481,6.072300910949707,7.896757729192365,2.696915524462517,4.553,0.5433010666686123,13.914,-14.347,Tambacounda,Koumpentoum,Zone soudano-sahélienne,12.625,-14.625,Kolda,Médina Yoro Foulah,4.25,4.0,473.11,432.21373247001696,11,23,3,0.0067401899889311,640.8133683340754,2.2764082680602344,PASSED
172,2002-07-06,2002,7,Phase_2_pleine,Pleine saison,187,169,37.556,25.184775107005645,61.457,4.05540132522583,10.429780677722055,4.800254705800432,11.071,2.500998631368242,15.038,-15.011,Kaffrine,Koungheul,Zone soudano-sahélienne,15.125,-15.625,Louga,Linguère,3.75,5.75,417.45,618.1706693291978,11,31,3,0.0069319762009934,745.9219074701509,5.53535264505063,PASSED
175,2021-08-15,2021,8,Phase_2_pleine,Pleine saison,227,168,37.333,26.16406128520057,40.333,13.608071327209473,5.592106179205334,3.393988387560383,5.846,0.9536869369450496,15.349,-15.023,Louga,Linguère,Zone soudano-sahélienne,15.375,-15.875,Louga,Louga,3.0,5.25,333.96,563.5849564115783,11,27,2,0.0062242947345068,655.1009666692156,2.923018345132733,PASSED
180,2021-08-02,2021,8,Phase_2_pleine,Pleine saison,214,166,36.889,29.54164993332093,54.328,11.88559341430664,8.300572778977402,4.191376707444249,8.758,1.552967757253599,15.442,-14.645,Matam,Ranérou,Zone soudano-sahélienne,15.625,-13.375,Matam,Matam,4.25,4.75,473.11,509.681818694539,10,25,3,0.0064996927658408,695.4197428947303,4.379061641844225,PASSED
181,2022-07-22,2022,7,Phase_2_pleine,Pleine saison,203,166,36.889,32.64894534880857,81.951,8.96279525756836,14.797171086657348,3.846339999247373,7.137,1.3243545346367986,14.031,-15.57,Kaolack,Nioro du Rip,Zone soudano-sahélienne,12.625,-16.625,Ziguinchor,Oussouye,4.25,4.25,473.11,458.99362533655903,13,32,3,0.0072614988838113,659.1723678975003,3.56861242606926,PASSED
182,1987-08-06,1987,8,Phase_2_pleine,Pleine saison,218,166,36.889,33.24722638762141,68.318,11.357948303222656,13.817226271506106,3.5620057534277496,6.287,1.1429580843306393,14.313,-15.562,Kaolack,Guinguinéo,Zone soudano-sahélienne,12.375,-16.625,Ziguinchor,Oussouye,4.25,5.0,473.11,539.3222697186171,13,31,3,0.0070645502079924,717.4270507267207,3.1433087349116704,PASSED
183,1983-08-21,1983,8,Phase_2_pleine,Pleine saison,233,166,36.889,31.31001959651349,55.453,12.455865859985352,9.801785076727429,2.9286666039261533,5.541,0.7907736788728942,14.243,-13.277,Tambacounda,Goudiry,Zone soudano-sahélienne,12.875,-13.125,Kédougou,Salémata,4.0,5.25,445.28,566.4648402609506,9,20,3,0.0066144817517284,720.5252920625786,2.7705181609862506,PASSED
187,2008-07-21,2008,7,Phase_2_pleine,Pleine saison,203,164,36.444,26.22119495345325,49.565,6.918336868286133,8.87072605013278,3.4495417846213727,7.132,1.117528713647472,14.754,-14.886,Kaffrine,Koungheul,Zone soudano-sahélienne,15.125,-13.625,Matam,Ranérou,3.75,4.75,417.45,511.334527256641,11,26,3,0.0067954229385739,660.0965947418397,3.566171364058868,PASSED
191,2010-08-16,2010,8,Phase_2_pleine,Pleine saison,228,163,36.222,26.61032730523794,50.054,12.328102111816406,8.379490832635122,2.9254925968610994,6.957,0.8511762835661341,14.784,-13.511,Tambacounda,Goudiry,Zone soudano-sahélienne,13.375,-13.875,Tambacounda,Tambacounda,4.25,5.75,473.11,618.8987142788377,8,18,3,0.0067433105154371,779.0177668294854,3.478422572628977,PASSED
197,1985-07-19,1985,7,Phase_2_pleine,Pleine saison,200,159,35.333,19.5410607295966,34.721,9.442131996154783,5.5813359132067495,3.4152481842152262,7.655,1.2468430604456684,15.548,-14.512,Matam,Ranérou,Zone sahélienne,16.125,-15.375,Louga,Linguère,3.25,5.75,361.79,616.6679369232648,12,26,3,0.0068023856283438,714.9624831008238,3.82752864731752,PASSED
198,2013-08-29,2013,8,Phase_2_pleine,Pleine saison,241,159,35.333,48.1417200580333,79.875,19.397518157958984,15.628051273449934,3.974580787477603,7.084,1.2898502312262743,13.323,-13.448,Tambacounda,Tambacounda,Zone soudanienne,12.625,-13.625,Tambacounda,Tambacounda,3.0,4.75,333.96,514.5387494267958,7,18,2,0.0069520880685232,613.4161703926552,3.5419983643425774,PASSED
201,2005-07-20,2005,7,Phase_2_pleine,Pleine saison,201,158,35.111,23.552158862729616,43.51,9.999128341674805,6.314992812100411,3.5947145862393963,6.236,0.907261404700518,15.111,-14.929,Kaffrine,Koungheul,Zone soudano-sahélienne,15.375,-14.875,Louga,Linguère,3.0,4.25,333.96,456.7515850745434,10,26,2,0.0067841304707488,565.8191264932707,3.118165931675301,PASSED
202,1997-08-23,1997,8,Phase_2_pleine,Pleine saison,235,158,35.111,31.646727580058425,68.765,13.826067924499512,11.394361371599626,2.912820980404508,4.721,0.5787386360550336,14.272,-15.357,Kaffrine,Kaffrine,Zone soudano-sahélienne,12.875,-16.625,Ziguinchor,Bignona,4.25,3.75,473.11,404.56616842974665,12,31,3,0.0071495887752329,622.5004796286715,2.3607386967277053,PASSED
204,1989-08-11,1989,8,Phase_2_pleine,Pleine saison,223,157,34.889,28.89220373190133,54.91,12.007969856262209,9.29383411018624,3.4889404212285497,6.752,1.2142132619191028,14.879,-14.181,Matam,Ranérou,Zone soudano-sahélienne,14.875,-13.625,Matam,Ranérou,4.25,3.75,473.11,403.45310921075753,7,18,3,0.0070284926532632,621.7776723490699,3.3758583506160806,PASSED
206,2017-08-26,2017,8,Phase_2_pleine,Pleine saison,238,157,34.889,29.962342177227043,51.027,14.580401420593262,6.99011713401613,3.01731493104422,4.4,0.6133402497187179,14.526,-14.961,Kaffrine,Koungheul,Zone soudano-sahélienne,13.625,-15.125,Kaffrine,Malem-Hodar,4.25,3.25,473.11,350.22516052731225,11,25,3,0.0067160979288697,588.634628242666,2.200220385760881,PASSED
208,1989-08-16,1989,8,Phase_2_pleine,Pleine saison,228,156,34.667,45.26300930365538,83.036,18.73409843444824,15.929539729430587,3.363337246988964,6.731,1.160104430359274,13.223,-13.914,Tambacounda,Tambacounda,Zone soudanienne,13.375,-13.125,Tambacounda,Tambacounda,2.75,5.25,306.13,568.9345147035637,9,23,2,0.0072042098001244,646.0666065863329,3.3654964970353007,PASSED
211,2007-07-31,2007,7,Phase_2_pleine,Pleine saison,212,155,34.444,30.651040790927027,60.393,12.104671478271484,8.423655554451651,3.507959157698089,8.087,1.2787533917167402,14.61,-15.368,Kaffrine,Birkelane,Zone soudano-sahélienne,15.125,-16.125,Louga,Kébémer,4.25,4.0,473.11,430.88120228259726,12,30,3,0.0069388934232132,639.9153639197112,4.043482639926573,PASSED
216,2012-08-01,2012,8,Phase_2_pleine,Pleine saison,214,154,34.222,30.68283310184231,50.303,13.289931297302246,7.341481891209733,4.091693868318787,7.036,1.249623215823055,15.288,-12.715,Matam,Kanel,Zone soudano-sahélienne,14.625,-11.375,Matam,Kanel,3.0,3.5,333.96,375.8321040920644,4,9,2,0.0068652606452689,502.7713634484051,3.5179061668490754,PASSED
219,2005-07-03,2005,7,Phase_2_pleine,Pleine saison,184,153,34.0,23.16044030781665,43.263,9.139784812927246,7.376371684462926,3.122643847440838,5.708,0.7701424008305887,13.87,-14.11,Tambacounda,Tambacounda,Zone soudano-sahélienne,13.375,-15.375,Kolda,Kolda,4.0,5.25,445.28,567.3893265976689,10,22,3,0.0071989278693247,721.2523339213234,2.8540665731479304,PASSED
224,2008-08-23,2008,8,Phase_2_pleine,Pleine saison,236,152,33.778,38.427739331596776,66.341,15.034870147705078,13.218921620815497,3.40443932257569,6.245,0.9620798345397984,13.894,-12.378,Tambacounda,Goudiry,Zone soudano-sahélienne,14.125,-11.625,Tambacounda,Goudiry,4.25,3.0,473.11,324.1895243969501,4,11,3,0.0073574476875878,573.525858378435,3.122292978893509,PASSED
227,2005-08-01,2005,8,Phase_2_pleine,Pleine saison,213,151,33.556,22.330969608382677,50.182,12.660531997680664,6.580795950529665,2.737005260977877,5.119,0.5444253337385805,15.092,-14.102,Matam,Ranérou,Zone soudano-sahélienne,15.125,-13.625,Matam,Ranérou,3.25,4.75,361.79,510.53172608412,8,21,3,0.0071976448607316,625.7272977511296,2.5597116392044934,PASSED
239,2004-07-06,2004,7,Phase_2_pleine,Pleine saison,188,147,32.667,16.355006062254613,27.757,8.069993019104004,4.6518345397971705,3.209885663097037,6.313,1.008799591014584,15.271,-14.767,Kaffrine,Koungheul,Zone soudano-sahélienne,15.125,-15.625,Louga,Linguère,3.25,5.75,361.79,617.489487777349,10,26,3,0.0073530594218913,715.6712061610646,3.156375823496411,PASSED
242,1992-08-30,1992,8,Phase_2_pleine,Pleine saison,243,147,32.667,29.808687320371877,59.383,13.082782745361328,10.541939707170028,2.858097846929029,5.27,0.7130794042557074,14.105,-13.079,Tambacounda,Goudiry,Zone soudano-sahélienne,13.625,-13.375,Tambacounda,Tambacounda,4.25,5.25,473.11,566.8102053302251,10,19,3,0.0076535417311425,738.313531886347,2.6352279123717217,PASSED
246,1998-07-20,1998,7,Phase_2_pleine,Pleine saison,201,146,32.444,25.75647303176253,54.119,10.787944793701172,8.58034291465879,3.031846065461017,5.305,0.8189352127740595,14.105,-14.405,Tambacounda,Koumpentoum,Zone soudano-sahélienne,13.375,-14.875,Kolda,Kolda,4.0,4.5,445.28,485.8364724443368,12,27,3,0.0076094376748011,659.0230338972659,2.6525924619962606,PASSED
249,2021-07-29,2021,7,Phase_2_pleine,Pleine saison,210,145,32.222,26.6939769942185,50.098,12.647007942199709,8.037886306574523,3.477785674234084,6.406,0.9114365333642368,14.922,-13.016,Matam,Kanel,Zone soudano-sahélienne,14.125,-13.375,Tambacounda,Tambacounda,4.25,4.5,473.11,484.0465743567804,4,9,3,0.0075218527655161,676.8560767597008,3.202909043507065,PASSED
257,2017-08-23,2017,8,Phase_2_pleine,Pleine saison,235,144,32.0,45.52244867218865,95.478,20.623119354248047,16.964939429497964,3.5319959687391664,6.311,1.0000109983819714,13.296,-14.704,Kolda,Kolda,Zone soudanienne,12.375,-15.125,Sédhiou,Bounkiling,2.5,4.25,278.3,460.4285906635839,9,21,2,0.0079089192891323,538.0012731517967,3.155695284039448,PASSED
258,1996-08-24,1996,8,Phase_2_pleine,Pleine saison,237,144,32.0,34.093885289298164,60.803,15.31600856781006,10.663394708878055,2.8530089569795845,5.926,0.7516821059178053,13.749,-14.431,Tambacounda,Tambacounda,Zone soudano-sahélienne,14.125,-13.875,Tambacounda,Tambacounda,3.75,4.0,417.45,432.5209194976181,11,25,3,0.0076237661429201,601.1146824259619,2.963155017336743,PASSED
259,2008-08-27,2008,8,Phase_2_pleine,Pleine saison,240,144,32.0,30.34537918700112,62.132,13.522693634033203,10.52445794452909,2.540385711403563,4.14,0.436848309480055,13.906,-13.195,Tambacounda,Tambacounda,Zone soudano-sahélienne,12.375,-14.875,Kolda,Kolda,4.25,4.25,473.11,459.24291381348974,6,16,3,0.0077797624533289,659.3459762430529,2.0699010048055304,PASSED
261,2003-08-08,2003,8,Phase_2_pleine,Pleine saison,220,143,31.778,41.36521040643012,68.328,13.644857406616213,11.476800635613374,4.854117220895118,8.966,1.9298672269590005,14.88,-12.329,Matam,Kanel,Zone soudano-sahélienne,14.375,-11.375,Kédougou,Saraya,4.25,3.25,473.11,349.6576785162758,4,10,3,0.0075313203576878,588.2971652535742,4.483198184949194,PASSED
262,2016-08-16,2016,8,Phase_2_pleine,Pleine saison,229,143,31.778,27.833188697174712,56.677,12.981209754943848,8.738877605968908,2.773598665290881,5.793,0.6922981350715325,14.541,-15.246,Kaffrine,Koungheul,Zone soudano-sahélienne,14.875,-17.125,Thiès,Thiès,4.25,4.25,473.11,457.9561978246495,13,29,3,0.0076823721808342,658.4504093901146,2.8967086327329907,PASSED
263,1982-07-28,1982,7,Phase_2_pleine,Pleine saison,209,143,31.778,29.26311860384641,70.635,10.521549224853516,13.649181515480164,2.777413741171263,5.168,0.762023702290831,13.46,-13.438,Tambacounda,Tambacounda,Zone soudanienne,12.375,-12.375,Kédougou,Kédougou,4.25,5.75,473.11,622.5076613586282,9,23,3,0.0085143809096154,781.8880040966152,2.583994594798374,PASSED
266,2009-08-28,2009,8,Phase_2_pleine,Pleine saison,240,142,31.556,34.83324319543973,132.572,13.714282989501951,13.497027847130688,3.6106208796535935,6.78,1.1877526333404247,14.588,-15.72,Kaffrine,Birkelane,Zone soudano-sahélienne,12.875,-16.625,Ziguinchor,Bignona,4.25,3.0,473.11,323.1931363541248,13,32,3,0.0080995581161699,572.9632325781611,3.390108098355741,PASSED
268,1993-08-16,1993,8,Phase_2_pleine,Pleine saison,228,142,31.556,32.36373722721154,72.343,11.359696388244627,14.69013861179731,3.3292007091355504,6.285,1.1043714947777126,14.355,-14.705,Kaffrine,Koungheul,Zone soudano-sahélienne,13.125,-15.125,Kolda,Kolda,4.25,3.75,473.11,404.4157838504072,11,25,3,0.0084931823514777,622.4027544342483,3.1423998308177934,PASSED
273,1985-07-18,1985,7,Phase_2_pleine,Pleine saison,199,140,31.111,23.27047918183463,39.12,10.16824436187744,5.715513800586911,2.879527793159193,5.203,0.6330730513017343,14.012,-13.121,Tambacounda,Goudiry,Zone soudano-sahélienne,14.875,-13.125,Matam,Kanel,4.25,4.5,473.11,486.0342312144338,6,18,3,0.0075737525521395,678.2789517685226,2.6016221466316747,PASSED
275,1985-08-01,1985,8,Phase_2_pleine,Pleine saison,213,139,30.889,32.734530140170094,63.674,12.847290992736816,11.768516496529102,4.009671016639801,7.78,1.4243885149289566,14.909,-12.644,Matam,Kanel,Zone soudano-sahélienne,14.375,-11.375,Kédougou,Saraya,4.25,5.0,473.11,537.8635959283545,7,14,3,0.0081241021452626,716.3311457175237,3.889910066357451,PASSED
276,2008-07-01,2008,7,Phase_2_pleine,Pleine saison,183,139,30.889,16.850826472687206,37.407,4.0989179611206055,6.856046833194244,2.821773341109401,4.56,0.6743121706254839,14.128,-14.915,Kaffrine,Malem-Hodar,Zone soudano-sahélienne,12.875,-16.625,Ziguinchor,Bignona,4.0,5.75,445.28,620.7302886283388,13,32,3,0.0083851858550955,763.9243237851645,2.280225385758946,PASSED
277,1989-07-16,1989,7,Phase_2_pleine,Pleine saison,197,138,30.667,25.019643880318903,49.085,7.369480133056641,8.180156310759545,3.40815731414624,8.605,1.5488750936325912,14.155,-14.865,Kaffrine,Malem-Hodar,Zone soudano-sahélienne,14.625,-16.375,Diourbel,Bambey,3.5,5.25,389.62,566.6860829796868,14,30,3,0.0080209846206134,687.7040431885365,4.302580622415952,PASSED
278,2013-08-12,2013,8,Phase_2_pleine,Pleine saison,224,138,30.667,25.13771030868309,48.174,11.998671531677246,6.806141376437045,3.636305172845237,6.062,1.0761555934466371,15.694,-13.615,Matam,Matam,Zone sahélienne,15.125,-15.125,Kaffrine,Koungheul,3.0,5.0,333.96,535.8502954538469,5,10,2,0.0077775931346787,631.3990913641506,3.030917847791224,PASSED
282,2004-07-24,2004,7,Phase_2_pleine,Pleine saison,206,138,30.667,21.77207677260689,42.138,10.04275131225586,5.759925723924864,2.566034433204804,4.543,0.5750020268567605,14.689,-14.734,Kaffrine,Koungheul,Zone soudano-sahélienne,12.375,-16.375,Ziguinchor,Oussouye,4.25,5.75,473.11,619.1705423823948,13,30,3,0.007753548457412,779.2337409623052,2.2714797808242,PASSED
283,2016-07-27,2016,7,Phase_2_pleine,Pleine saison,209,138,30.667,21.781032334203307,51.763,10.756229400634766,9.16293435068937,2.749618571904087,4.265,0.5130914858246961,14.973,-14.211,Matam,Ranérou,Zone soudano-sahélienne,12.375,-14.875,Kolda,Kolda,4.25,5.0,473.11,537.702276544007,8,19,3,0.0085288052618467,716.210025551589,2.132520352629826,PASSED
289,2020-07-14,2020,7,Phase_2_pleine,Pleine saison,196,136,30.222,23.513566914726702,66.538,7.2228803634643555,10.54602963325556,3.4341306757477685,6.799,1.2534652911346444,14.547,-15.44,Kaffrine,Birkelane,Zone soudano-sahélienne,12.375,-16.125,Sédhiou,Goudomp,4.25,4.0,473.11,431.0050508390705,13,26,3,0.0088320565006076,639.9987627712961,3.3996215398016667,PASSED
290,1994-08-14,1994,8,Phase_2_pleine,Pleine saison,226,136,30.222,39.55539358363432,81.362,17.407703399658203,13.556511472854105,3.084610317974592,6.321,0.8623315154105221,13.462,-14.426,Tambacounda,Tambacounda,Zone soudanienne,12.375,-13.375,Kédougou,Salémata,2.75,5.5,306.13,595.4370083945395,10,25,2,0.0082166066596649,669.522821934278,3.160317664322811,PASSED
295,1999-08-21,1999,8,Phase_2_pleine,Pleine saison,233,136,30.222,23.471298161674948,43.871,14.355896949768066,5.994670254696864,2.798670138357658,4.532,0.6047286516358628,15.378,-14.344,Matam,Ranérou,Zone soudano-sahélienne,13.375,-14.125,Tambacounda,Tambacounda,3.5,5.5,389.62,590.339817060533,8,20,3,0.0078325834677858,707.3222985189027,2.266157108048706,PASSED
298,2020-08-26,2020,8,Phase_2_pleine,Pleine saison,239,135,30.0,34.624782420970774,82.865,14.2352294921875,14.777404303189323,3.5287306784596733,5.867,0.920409012510152,14.491,-15.809,Diourbel,Mbacké,Zone soudano-sahélienne,12.875,-16.625,Ziguinchor,Bignona,4.25,3.75,473.11,404.1693141981691,12,30,3,0.00875664501122,622.2426351829472,2.933507161597543,PASSED
302,2015-07-09,2015,7,Phase_2_pleine,Pleine saison,190,134,29.778,26.36629339830199,67.34,5.360138416290283,13.06960779651738,3.4454736758391684,7.036,1.2800143753103206,13.798,-15.3,Kaffrine,Malem-Hodar,Zone soudano-sahélienne,12.375,-15.875,Sédhiou,Goudomp,4.25,5.75,473.11,621.6192309646301,14,31,3,0.0092963606675086,781.1808566555238,3.5178422367006013,PASSED
303,1992-07-10,1992,7,Phase_2_pleine,Pleine saison,192,134,29.778,18.37303779018459,42.02,7.193679332733154,6.114167671285213,3.0665989549340544,6.995,0.8217250053043448,14.836,-13.335,Matam,Kanel,Zone soudano-sahélienne,15.375,-14.625,Matam,Ranérou,4.25,5.25,473.11,564.9453898819553,9,20,3,0.0082891201442862,736.8828645374206,3.497728853763985,PASSED
307,1981-07-04,1981,7,Phase_2_pleine,Pleine saison,185,133,29.556,21.142542666958686,35.797,4.8683953285217285,7.194367301901979,3.2352753015707583,5.872,0.835253190051974,14.114,-15.383,Kaffrine,Kaffrine,Zone soudano-sahélienne,13.375,-16.125,Kaolack,Nioro du Rip,4.25,5.75,473.11,620.7661759526014,14,35,3,0.0083893979505673,780.5022150556756,2.936089936140044,PASSED
308,2023-08-24,2023,8,Phase_2_pleine,Pleine saison,236,133,29.556,33.264643425331975,82.866,14.238232612609863,16.056713291125398,2.924175999777946,5.773,0.8080828534177011,13.977,-15.579,Kaolack,Nioro du Rip,Zone soudano-sahélienne,12.375,-15.125,Sédhiou,Bounkiling,4.25,3.5,473.11,378.08384770620216,12,31,3,0.00927064296662,605.624023959029,2.88655719913989,PASSED
312,2002-08-28,2002,8,Phase_2_pleine,Pleine saison,240,133,29.556,28.086890815792227,44.331,14.686013221740724,7.007085938714933,2.5695512211526337,3.638,0.3963404136151101,14.424,-13.04,Tambacounda,Goudiry,Zone soudano-sahélienne,14.125,-16.625,Fatick,Foundiougne,4.0,5.75,445.28,619.9133765294287,11,21,3,0.0079867647319619,763.2606865613591,1.8190326391006992,PASSED
317,2021-08-16,2021,8,Phase_2_pleine,Pleine saison,228,131,29.111,36.37199306488037,67.992,14.396410942077637,13.392816621558334,3.750169037555573,6.826,1.1954852844482728,14.469,-12.443,Tambacounda,Goudiry,Zone soudano-sahélienne,14.125,-11.625,Tambacounda,Goudiry,4.0,3.0,445.28,323.3670834676264,3,10,3,0.0086685830201792,550.309505569692,3.4128921839858792,PASSED
318,2001-08-25,2001,8,Phase_2_pleine,Pleine saison,237,131,29.111,27.86814713660087,44.619,14.043231010437012,7.394451974901282,3.247094813779352,6.058,1.112074553599131,15.245,-15.037,Louga,Linguère,Zone soudano-sahélienne,12.375,-12.375,Kédougou,Kédougou,4.25,5.75,473.11,617.5666416312978,11,23,3,0.0081710209967422,777.9599085786875,3.029088835225477,PASSED
322,2001-07-04,2001,7,Phase_2_pleine,Pleine saison,185,131,29.111,19.912567568189317,44.676,4.913986206054688,6.841411507647224,2.83680137390865,4.736,0.5387389618992631,14.103,-14.155,Tambacounda,Tambacounda,Zone soudano-sahélienne,13.125,-15.875,Sédhiou,Sédhiou,4.25,5.25,473.11,566.8150362195506,12,23,3,0.0085346724683887,738.3172406117646,2.3678491831497563,PASSED
323,2022-08-03,2022,8,Phase_2_pleine,Pleine saison,215,130,28.889,36.64807101029616,89.737,17.019031524658203,12.638873486763842,3.1641550754414567,7.292,0.997354500287594,13.523,-14.374,Tambacounda,Tambacounda,Zone soudano-sahélienne,12.875,-14.375,Kolda,Médina Yoro Foulah,3.0,4.5,333.96,487.0523177316856,8,20,2,0.0086072024528049,590.549941702907,3.646098553521965,PASSED
324,1983-07-09,1983,7,Phase_2_pleine,Pleine saison,190,130,28.889,19.79824813696054,32.494,8.651654243469238,5.472211438075366,3.614266547258631,7.004,1.1745960586910102,15.022,-12.557,Matam,Kanel,Zone soudano-sahélienne,16.375,-11.625,Matam,Matam,4.25,5.5,473.11,591.335832690682,5,12,3,0.0082799713861026,757.3051759521932,3.5021239755980824,PASSED
326,2003-08-18,2003,8,Phase_2_pleine,Pleine saison,230,130,28.889,32.06966982621413,69.106,14.619414329528809,12.425035507695313,3.1721263298685645,6.021,0.9981285859446422,14.628,-15.818,Diourbel,Mbacké,Zone soudano-sahélienne,14.375,-16.875,Thiès,Mbour,4.0,4.25,445.28,457.7747374002609,13,29,3,0.008846991158909,638.6172495727607,3.010435821501233,PASSED
327,1989-08-15,1989,8,Phase_2_pleine,Pleine saison,227,130,28.889,22.96709619668814,40.252,11.848062515258787,5.6367052354776,2.8892005227027897,4.279,0.5813232638107556,15.284,-14.621,Matam,Ranérou,Zone soudano-sahélienne,14.125,-13.875,Tambacounda,Tambacounda,2.75,5.25,306.13,563.7588948594419,9,24,2,0.0081556427031247,641.5135771424789,2.1395855520358187,PASSED
328,2010-07-16,2010,7,Phase_2_pleine,Pleine saison,197,130,28.889,22.814240484971265,37.904,12.48609733581543,5.242035027015352,2.680786120797035,3.607,0.3614788611778519,13.705,-13.8,Tambacounda,Tambacounda,Zone soudano-sahélienne,12.375,-12.625,Kédougou,Kédougou,3.0,4.75,333.96,513.7140743003224,10,26,2,0.0080984184131786,612.7245903109628,1.8033441512740624,PASSED
330,2014-07-17,2014,7,Phase_2_pleine,Pleine saison,198,129,28.667,20.70094663043355,38.369,7.868991851806641,6.248531377840353,2.601053579253634,3.792,0.408075875065027,13.987,-13.323,Tambacounda,Tambacounda,Zone soudano-sahélienne,12.375,-14.125,Kolda,Médina Yoro Foulah,4.25,4.5,473.11,486.0882834261009,7,15,3,0.0084582324259653,678.3176850002758,1.8959414949366855,PASSED
331,2004-07-12,2004,7,Phase_2_pleine,Pleine saison,194,129,28.667,20.341197379799777,38.915,7.6579813957214355,7.664044229957043,2.5472140686857627,3.327,0.3365235090777693,14.135,-13.673,Tambacounda,Tambacounda,Zone soudano-sahélienne,12.375,-11.625,Kédougou,Saraya,4.25,5.0,473.11,539.7483132360436,7,17,3,0.008852395464164,717.7473818420756,1.6633519072576153,PASSED
333,2010-07-08,2010,7,Phase_2_pleine,Pleine saison,189,128,28.444,15.76099518314004,30.616,6.254079818725586,5.470275318963653,2.69607958972384,5.915,0.5553920610949005,14.984,-12.612,Matam,Kanel,Zone soudano-sahélienne,13.375,-11.625,Tambacounda,Goudiry,4.0,3.75,445.28,403.25526079078816,5,8,3,0.0087536116023612,600.7404486177425,2.957405553563613,PASSED
335,2011-07-17,2011,7,Phase_2_pleine,Pleine saison,198,127,28.222,26.36978601470707,54.472,6.830623626708984,9.15888407826376,4.842203013740119,10.914,2.2261667563539604,15.523,-15.32,Louga,Linguère,Zone sahélienne,15.625,-16.375,Saint-Louis,Saint-Louis,4.25,4.5,473.11,482.6672287635844,11,24,3,0.008823894542596,675.8703398007035,5.456828907148343,PASSED
336,2001-07-03,2001,7,Phase_2_pleine,Pleine saison,184,127,28.222,17.827781373121606,40.519,6.188904285430908,7.289004504737174,2.8835985285519543,4.957,0.7026125891610645,14.222,-14.544,Tambacounda,Koumpentoum,Zone soudano-sahélienne,12.375,-12.375,Kédougou,Kédougou,4.25,5.25,473.11,566.5168071103183,12,25,3,0.0091902649386871,738.088311273434,2.478597254677766,PASSED
337,2015-08-17,2015,8,Phase_2_pleine,Pleine saison,229,127,28.222,31.07848750136969,77.975,13.45712184906006,10.167949533217325,2.7279421530229087,4.7,0.6413964693844397,14.09,-14.773,Kaffrine,Malem-Hodar,Zone soudano-sahélienne,12.375,-15.125,Sédhiou,Bounkiling,4.25,5.0,473.11,539.8535525088739,11,26,3,0.0087168521674613,717.8265254617243,2.3501827329039653,PASSED
338,2003-07-25,2003,7,Phase_2_pleine,Pleine saison,206,127,28.222,29.84583102248785,59.445,13.185041427612305,8.818888125224404,2.8461626102833737,4.257,0.5497567295478555,13.683,-14.144,Tambacounda,Tambacounda,Zone soudano-sahélienne,12.375,-15.625,Sédhiou,Goudomp,4.25,5.0,473.11,540.8036199528657,7,19,3,0.0085614902481785,718.5413125590786,2.128589997913783,PASSED
339,1986-08-01,1986,8,Phase_2_pleine,Pleine saison,213,126,28.0,33.89601026262556,64.866,10.24206829071045,10.011792241135606,4.5253554377405765,10.386,1.811099434869644,15.319,-14.051,Matam,Ranérou,Zone soudano-sahélienne,15.375,-15.125,Louga,Linguère,2.75,5.25,306.13,563.665672993893,7,16,2,0.0086289061641491,641.4316557799891,5.192894068002468,PASSED
343,2007-08-30,2007,8,Phase_2_pleine,Pleine saison,242,126,28.0,30.24418592453003,59.097,14.719030380249023,9.70611160724068,4.1661696667965975,6.218,1.0902775322205878,15.64,-13.418,Matam,Matam,Zone sahélienne,15.125,-13.625,Matam,Ranérou,2.25,4.25,250.47,455.5933881285274,5,11,2,0.008753910919181,519.9043738637722,3.109086745077243,PASSED
344,2007-07-04,2007,7,Phase_2_pleine,Pleine saison,185,126,28.0,24.31744578528026,39.689,12.255261421203612,5.371138006890844,3.1425926444186185,5.637,0.8101478191236685,13.816,-13.053,Tambacounda,Goudiry,Zone soudano-sahélienne,13.875,-13.375,Tambacounda,Tambacounda,3.0,3.5,333.96,378.346763970575,5,14,2,0.0083236997487972,504.65388856572383,2.818600662183846,PASSED
345,2001-07-10,2001,7,Phase_2_pleine,Pleine saison,191,126,28.0,20.316810804700093,36.66,10.826011657714844,5.53967302227406,2.538441916538413,4.139,0.4392589559630879,14.05,-13.942,Tambacounda,Tambacounda,Zone soudano-sahélienne,12.625,-12.375,Kédougou,Kédougou,3.75,5.25,417.45,566.9463901919864,10,20,3,0.0085265549885461,704.0544900621856,2.0694056637378218,PASSED
350,1987-07-15,1987,7,Phase_2_pleine,Pleine saison,196,125,27.778,25.94198777770996,41.753,6.7587995529174805,6.502379764986038,2.7227046488498883,4.235,0.4941879680041704,13.309,-13.705,Tambacounda,Tambacounda,Zone soudanienne,12.375,-15.125,Sédhiou,Bounkiling,4.25,4.75,473.11,514.5691193253175,8,17,3,0.0085026065535285,699.0096144283231,2.117442929401301,PASSED
352,2017-08-03,2017,8,Phase_2_pleine,Pleine saison,215,124,27.556,43.42796381058231,77.884,17.579465866088867,13.66128829020945,3.347628957780398,5.469,0.9297557981551402,13.089,-14.081,Tambacounda,Tambacounda,Zone soudanienne,12.375,-14.875,Kolda,Kolda,2.0,4.75,222.64,515.0333007689758,6,17,2,0.0088625525142627,561.0952425511076,2.734510739172786,PASSED
353,2020-07-27,2020,7,Phase_2_pleine,Pleine saison,209,124,27.556,30.121938136316118,82.202,18.54029083251953,10.65868147506943,2.7539030179526747,5.151,0.6063020024553291,13.597,-14.762,Kolda,Kolda,Zone soudano-sahélienne,12.625,-16.625,Ziguinchor,Oussouye,3.0,4.5,333.96,486.9002585613441,10,22,2,0.0090742791407764,590.4245381287974,2.575728994894305,PASSED
356,2012-08-12,2012,8,Phase_2_pleine,Pleine saison,225,123,27.333,25.06820171635325,44.131,13.980249404907228,5.893079306057382,3.549483718564256,5.976,0.9397275500281472,15.469,-15.435,Louga,Linguère,Zone soudano-sahélienne,14.375,-16.875,Thiès,Mbour,3.25,4.25,361.79,455.9724523928319,10,22,3,0.0085793778660152,582.0677668052349,2.987769451123535,PASSED
358,2022-08-24,2022,8,Phase_2_pleine,Pleine saison,236,123,27.333,36.91020853151151,63.03,14.876015663146973,10.874801193685494,3.20480291278288,5.9,0.8800902846965771,13.857,-12.323,Tambacounda,Goudiry,Zone soudano-sahélienne,13.875,-11.875,Tambacounda,Goudiry,4.0,3.75,445.28,405.3013060841416,5,10,3,0.0088358209923382,602.115794481021,2.949933932553526,PASSED
359,2000-07-08,2000,7,Phase_2_pleine,Pleine saison,190,123,27.333,17.769988862479604,38.966,3.295690059661865,8.215239444790281,2.5675942349177605,5.075,0.6015130686277887,14.377,-13.853,Tambacounda,Tambacounda,Zone soudano-sahélienne,12.375,-12.875,Kédougou,Kédougou,4.25,5.75,473.11,620.0429584455759,11,23,3,0.009867726198718,779.9271330181699,2.537645438419236,PASSED
362,2021-08-04,2021,8,Phase_2_pleine,Pleine saison,216,122,27.111,27.14608004054085,50.597,11.455822944641112,7.635704213535213,3.1161649543951766,5.351,0.7238384243200314,14.832,-12.284,Matam,Kanel,Zone soudano-sahélienne,12.625,-12.125,Kédougou,Kédougou,4.25,3.25,473.11,349.73586593453746,3,8,3,0.0088452424135834,588.3436397386996,2.675652638134065,PASSED
365,1991-08-08,1991,8,Phase_2_pleine,Pleine saison,220,122,27.111,29.057365589454527,56.907,13.93492317199707,9.983608210910166,2.49420932845445,3.807,0.3629763555904455,14.023,-13.409,Tambacounda,Tambacounda,Zone soudano-sahélienne,12.375,-14.625,Kolda,Médina Yoro Foulah,4.25,3.75,473.11,405.00858282508347,5,15,3,0.0091643366704257,622.7880977202298,1.903301616392112,PASSED
368,2010-07-09,2010,7,Phase_2_pleine,Pleine saison,190,121,26.889,24.826494670111284,42.808,6.994236946105957,9.325466786967688,5.155444670954015,12.887,2.740885961902248,15.538,-15.45,Louga,Linguère,Zone sahélienne,15.625,-16.375,Saint-Louis,Saint-Louis,2.75,3.75,306.13,402.1926572744039,10,23,2,0.009430533770658,505.44486513411744,6.443621236549844,PASSED
369,1992-07-16,1992,7,Phase_2_pleine,Pleine saison,198,121,26.889,32.57153621389846,61.204,12.136754989624023,11.082992700192197,3.744018548930551,8.173,1.2317975593910495,13.461,-14.937,Kolda,Kolda,Zone soudanienne,12.625,-14.125,Kolda,Médina Yoro Foulah,3.25,4.75,361.79,514.2437768404142,13,27,3,0.0092213312695376,628.7596280229781,4.086742357621011,PASSED
373,1989-07-07,1989,7,Phase_2_pleine,Pleine saison,188,121,26.889,23.04182237830044,45.269,7.893328666687012,7.152976466447876,2.856162103822064,4.694,0.6473874659878376,13.637,-14.374,Tambacounda,Tambacounda,Zone soudano-sahélienne,12.625,-15.125,Kolda,Kolda,4.25,5.0,473.11,540.9084951604668,13,25,3,0.0090609055780705,718.6202492532205,2.347109048904319,PASSED
374,2002-08-31,2002,8,Phase_2_pleine,Pleine saison,243,121,26.889,33.90483753740295,65.005,19.398361206054688,10.430017304336022,2.6126254004000646,4.601,0.5749580924335296,13.271,-14.28,Tambacounda,Tambacounda,Zone soudanienne,12.625,-13.125,Kédougou,Salémata,3.0,5.25,333.96,568.8228881690746,12,24,2,0.0090465611284977,659.6125768528884,2.300570440539353,PASSED
375,2014-07-01,2014,7,Phase_2_pleine,Pleine saison,182,121,26.889,13.377700419465372,24.842,5.323719024658203,4.120448405497547,2.6513182061175318,4.305,0.5491155936485684,14.971,-13.263,Matam,Kanel,Zone soudano-sahélienne,12.625,-12.875,Kédougou,Salémata,4.0,4.5,445.28,483.9368103139152,5,11,3,0.0090485072119325,657.6238420455925,2.1525265054404943,PASSED
378,1987-08-03,1987,8,Phase_2_pleine,Pleine saison,215,120,26.667,29.16453297138214,56.69,12.442649841308594,10.391372865507265,3.3973752206347263,7.029,1.0739808798557098,14.898,-12.545,Matam,Kanel,Zone soudano-sahélienne,13.875,-11.375,Kédougou,Saraya,3.0,3.25,333.96,349.6277959503877,3,7,3,0.0093912575501571,483.4965037501573,3.514708964292539,PASSED
381,2005-07-13,2005,7,Phase_2_pleine,Pleine saison,194,120,26.667,21.305922536055245,46.381,5.183308124542236,7.2025595674776985,3.0515612410666986,5.517,0.8470890964161146,14.525,-15.569,Kaffrine,Birkelane,Zone soudano-sahélienne,12.625,-16.625,Ziguinchor,Oussouye,4.25,3.25,473.11,350.2267181319728,13,31,3,0.0092856728030264,588.6355549858438,2.758705547076761,PASSED
382,1990-08-07,1990,8,Phase_2_pleine,Pleine saison,219,120,26.667,27.94644838174184,80.983,11.921792030334473,12.90966731460236,2.7474547367344018,5.388,0.6244614266086035,14.269,-15.578,Kaolack,Guinguinéo,Zone soudano-sahélienne,12.875,-16.375,Ziguinchor,Bignona,4.25,3.75,473.11,404.57211253638,13,31,3,0.0101115947661491,622.5043427496304,2.694112130013305,PASSED
383,2001-07-19,2001,7,Phase_2_pleine,Pleine saison,200,120,26.667,19.65081581672033,37.075,6.517263412475586,6.290655380165504,2.6933477266729664,5.15,0.7117911985648374,14.494,-14.433,Tambacounda,Koumpentoum,Zone soudano-sahélienne,12.375,-12.375,Kédougou,Kédougou,4.25,5.25,473.11,565.8304668332264,11,24,3,0.0091873166209261,737.5616446756887,2.574853649441629,PASSED
390,1996-08-11,1996,8,Phase_2_pleine,Pleine saison,224,118,26.222,27.926351571487167,51.624,12.53521728515625,9.144659889260142,2.8269096709753176,4.275,0.5914159302375898,14.511,-12.42,Tambacounda,Bakel,Zone soudano-sahélienne,13.375,-12.625,Tambacounda,Goudiry,4.25,2.75,473.11,296.3643026826068,3,9,3,0.0093832850125899,558.2695248753489,2.1375684985139056,PASSED
391,2016-07-19,2016,7,Phase_2_pleine,Pleine saison,201,118,26.222,21.777186943312824,40.59,7.982733726501465,6.998041859210932,2.6947233182593564,3.911,0.4347818020769498,14.176,-12.554,Tambacounda,Goudiry,Zone soudano-sahélienne,12.375,-14.375,Kolda,Médina Yoro Foulah,4.25,4.5,473.11,485.6858979801772,5,14,3,0.0093496960628994,678.0293902160961,1.955676374077208,PASSED
394,1985-08-11,1985,8,Phase_2_pleine,Pleine saison,223,117,26.0,35.526286703908546,62.884,18.234561920166016,11.374040868549862,2.7741212520862906,4.756,0.5477808854623073,13.46,-14.298,Tambacounda,Tambacounda,Zone soudanienne,12.625,-16.125,Sédhiou,Goudomp,2.5,5.25,278.3,568.3783977025993,9,19,2,0.009423089169257,632.854553422407,2.377997318928797,PASSED
396,1986-08-03,1986,8,Phase_2_pleine,Pleine saison,215,116,25.778,52.60080386030263,87.421,10.24206829071045,18.212225546875896,4.863510166055999,10.302,1.816941678397124,13.577,-15.489,Kaffrine,Malem-Hodar,Zone soudano-sahélienne,12.875,-16.625,Ziguinchor,Bignona,4.25,4.0,473.11,432.8364460717796,11,28,3,0.0096541249469554,641.2335390074732,5.151062070606076,PASSED
398,2013-08-09,2013,8,Phase_2_pleine,Pleine saison,221,116,25.778,43.58799781470463,72.353,19.8922176361084,14.300285801750386,3.1235107156842723,6.004,0.7919735141992928,13.235,-12.833,Tambacounda,Goudiry,Zone soudanienne,12.625,-14.125,Kolda,Médina Yoro Foulah,2.5,3.25,278.3,352.1806183803354,4,9,2,0.0095485820268868,448.86754257270087,3.0020869289677994,PASSED
399,2022-07-30,2022,7,Phase_2_pleine,Pleine saison,211,116,25.778,25.086226553752503,44.764,11.220284461975098,6.620196375319669,3.137846054978679,5.871,0.9819664861723362,15.024,-13.377,Matam,Kanel,Zone soudano-sahélienne,13.375,-16.625,Ziguinchor,Bignona,3.5,5.25,389.62,564.4517490894881,7,15,3,0.0092210514881878,685.8640619140082,2.9353255479580147,PASSED
402,2003-08-09,2003,8,Phase_2_pleine,Pleine saison,221,115,25.556,30.136056551725968,48.241,14.82806396484375,6.974864648420267,3.9220518540191134,7.611,1.3487816689480363,15.398,-13.074,Matam,Kanel,Zone soudano-sahélienne,15.125,-13.625,Matam,Ranérou,3.25,5.25,361.79,563.4511457189258,6,14,3,0.0091614536751065,669.6037644939506,3.805405622694589,PASSED
403,1995-08-16,1995,8,Phase_2_pleine,Pleine saison,228,115,25.556,35.441219479104745,70.629,16.952791213989258,10.54278696042277,3.411893084698215,7.063,1.1214579969063174,14.289,-13.509,Tambacounda,Tambacounda,Zone soudano-sahélienne,12.375,-16.625,Ziguinchor,Oussouye,4.25,5.75,473.11,620.2864945753439,12,26,3,0.0094651292877741,780.120758506379,3.531490817798012,PASSED
404,1999-08-16,1999,8,Phase_2_pleine,Pleine saison,228,115,25.556,29.127897469893743,79.298,12.156530380249023,10.459271787396691,2.994513752798165,6.604,0.8030414557103455,14.537,-15.468,Kaffrine,Birkelane,Zone soudano-sahélienne,13.875,-16.625,Fatick,Foundiougne,3.75,5.0,417.45,538.780925482893,12,27,3,0.0098168617079437,681.5786097650092,3.3020427572545805,PASSED
409,2016-07-23,2016,7,Phase_2_pleine,Pleine saison,205,115,25.556,24.4695938276208,44.342,11.581812858581545,6.872594836423493,2.977513493967314,4.933,0.6539406440666662,14.158,-12.73,Tambacounda,Goudiry,Zone soudano-sahélienne,12.625,-13.375,Kédougou,Salémata,4.0,3.25,445.28,350.79993502920075,4,9,3,0.0093815984797475,566.8640715960851,2.4664623261782697,PASSED
410,2006-08-29,2006,8,Phase_2_pleine,Pleine saison,241,115,25.556,30.54588107233462,67.092,19.1626033782959,9.724721143214476,2.5222826712179267,4.614,0.4582949264054557,13.787,-14.1,Tambacounda,Tambacounda,Zone soudano-sahélienne,12.375,-15.625,Sédhiou,Goudomp,3.25,5.0,361.79,540.5636783455739,10,27,3,0.0095770077572765,650.4622188559432,2.3070384115291938,PASSED
413,1995-07-21,1995,7,Phase_2_pleine,Pleine saison,202,114,25.333,25.88027885503936,54.511,9.993531227111816,9.223680670335211,3.076899443044279,6.157,0.8432631547709898,13.834,-12.453,Tambacounda,Goudiry,Zone soudano-sahélienne,12.625,-12.125,Kédougou,Kédougou,3.75,2.5,417.45,270.22677859930644,4,9,3,0.0098861365196433,497.2796270682709,3.0784756833643097,PASSED
415,1983-07-02,1983,7,Phase_2_pleine,Pleine saison,183,114,25.333,22.316927006370143,38.663,6.019183158874512,6.890304618877029,2.933877331925339,5.901,0.8599361365514057,13.669,-13.947,Tambacounda,Tambacounda,Zone soudano-sahélienne,12.875,-13.875,Tambacounda,Tambacounda,3.0,5.25,333.96,567.8781937515711,8,18,2,0.0096081164320924,658.79808467849,2.950736579874711,PASSED
417,2014-08-18,2014,8,Phase_2_pleine,Pleine saison,230,114,25.333,25.1734927411665,61.496,13.275647163391112,8.284520663751954,2.993770311566214,4.379,0.6563422297808845,15.288,-13.095,Matam,Kanel,Zone soudano-sahélienne,12.375,-16.625,Ziguinchor,Oussouye,4.25,5.25,473.11,563.7481450780023,7,13,3,0.0097219721769246,735.9653752581627,2.189252429639561,PASSED
419,1996-08-04,1996,8,Phase_2_pleine,Pleine saison,217,113,25.111,53.27095860506581,114.876,21.644287109375,23.892702228007494,3.96798872302289,7.351,1.5827641589931405,13.046,-13.035,Tambacounda,Tambacounda,Zone soudanienne,12.625,-13.125,Kédougou,Salémata,2.0,3.75,222.64,406.6759915644367,4,9,2,0.0106297668560347,463.6312461724488,3.675362047165569,PASSED
423,1982-08-12,1982,8,Phase_2_pleine,Pleine saison,224,112,24.889,35.51133783374514,69.77,15.763150215148926,12.028075298892029,3.378388593118104,6.51,0.9719445630461034,13.977,-15.021,Kaffrine,Malem-Hodar,Zone soudano-sahélienne,13.125,-15.125,Kolda,Kolda,4.0,3.25,445.28,351.0788892462901,10,20,3,0.0099529021210131,567.036742834544,3.254752245364848,PASSED
425,2004-08-21,2004,8,Phase_2_pleine,Pleine saison,234,112,24.889,27.768121659755707,44.901,15.569684028625488,6.577710058311887,2.484389080306027,3.51,0.3285260127259883,14.309,-14.914,Kaffrine,Koungheul,Zone soudano-sahélienne,12.625,-14.375,Kolda,Médina Yoro Foulah,3.5,4.5,389.62,485.3995903313156,12,28,3,0.0094295722324371,622.4279047960566,1.7550627545119528,PASSED
427,2015-08-09,2015,8,Phase_2_pleine,Pleine saison,221,111,24.667,33.836560275103594,71.508,12.86099338531494,12.853552051942534,4.6874008135944765,10.186,2.134266997236812,15.133,-15.639,Louga,Linguère,Zone soudano-sahélienne,14.875,-16.625,Thiès,Tivaouane,3.0,5.75,333.96,617.8946466416878,10,25,2,0.0103090316842359,702.3696090990528,5.09289773956354,PASSED
429,1987-08-22,1987,8,Phase_2_pleine,Pleine saison,234,111,24.667,27.631508389034785,50.157,13.745752334594728,9.413442883593266,3.2815752224501638,6.228,1.1032245359484982,15.362,-12.939,Matam,Kanel,Zone soudano-sahélienne,14.875,-13.375,Matam,Kanel,4.0,3.25,445.28,348.8638921362234,3,10,3,0.010054607187478,565.6680090710756,3.114054350916726,PASSED
431,2014-08-11,2014,8,Phase_2_pleine,Pleine saison,223,111,24.667,28.52072413332828,91.599,10.982426643371582,17.106221090900874,3.263130681018505,5.316,0.767609705924727,14.62,-15.168,Kaffrine,Koungheul,Zone soudano-sahélienne,12.375,-16.375,Ziguinchor,Oussouye,4.25,4.0,473.11,430.8616522354405,8,15,3,0.0122498974880839,639.9022002361405,2.6582177157554376,PASSED
440,2020-07-11,2020,7,Phase_2_pleine,Pleine saison,193,110,24.444,22.69298807924444,44.659,7.895291805267334,8.355805204434501,2.6199068431120414,3.746,0.3783158937131029,13.667,-13.633,Tambacounda,Tambacounda,Zone soudano-sahélienne,12.375,-16.375,Ziguinchor,Oussouye,4.25,5.25,473.11,567.8826394355735,9,19,3,0.010323447774537,739.1371690507207,1.8731717940067447,PASSED
443,1986-08-20,1986,8,Phase_2_pleine,Pleine saison,232,109,24.222,36.84002850033821,63.924,19.22962951660156,10.826860211244393,2.9192067424881274,5.276,0.7644674221468669,13.551,-14.932,Kolda,Kolda,Zone soudano-sahélienne,12.875,-16.625,Ziguinchor,Bignona,2.75,4.0,306.13,432.884546081904,9,20,2,0.0099667013062403,530.1929916186521,2.63824360512056,PASSED
445,2007-08-29,2007,8,Phase_2_pleine,Pleine saison,241,109,24.222,22.02316056697741,31.783,13.622084617614746,3.950553065139955,2.890300814008065,4.246,0.6000607133307396,15.75,-13.184,Matam,Matam,Zone sahélienne,16.125,-12.625,Matam,Matam,2.5,5.0,278.3,535.7025048020732,4,8,2,0.0094695212104728,603.6787692669963,2.1231264065171285,PASSED
449,2001-08-24,2001,8,Phase_2_pleine,Pleine saison,236,108,24.0,33.271999526906896,73.28,14.833209037780762,9.87670028330312,3.729502728276133,7.127,1.1930474015570427,14.985,-12.202,Matam,Kanel,Zone soudano-sahélienne,14.625,-12.625,Tambacounda,Bakel,3.5,2.0,389.62,215.06877483669493,3,5,3,0.0100751691391084,445.0374279594436,3.5636338198329973,PASSED
452,2023-07-20,2023,7,Phase_2_pleine,Pleine saison,201,108,24.0,15.69742179799963,25.241,7.391073226928711,3.5555655526906063,2.6402812006040817,4.233,0.5334661401665691,15.491,-13.11,Matam,Kanel,Zone soudano-sahélienne,16.375,-11.625,Matam,Matam,3.75,4.75,417.45,509.5604065444784,5,12,3,0.009734306684083,658.7232526203809,2.1163209802054475,PASSED
456,2016-07-15,2016,7,Phase_2_pleine,Pleine saison,197,107,23.778,21.98904863696232,33.704,11.317553520202637,5.266883889824683,2.7824750782256267,4.586,0.6597190612160556,14.246,-14.189,Tambacounda,Koumpentoum,Zone soudano-sahélienne,14.125,-14.375,Tambacounda,Koumpentoum,3.25,3.25,361.79,350.66446768841666,8,17,3,0.0098819746650982,503.84280952664255,2.292889197603857,PASSED
458,2012-08-25,2012,8,Phase_2_pleine,Pleine saison,238,107,23.778,25.47069805359172,41.175,13.106157302856444,5.765232513418528,2.813272265588384,4.251,0.5434366290854509,15.166,-12.314,Matam,Kanel,Zone soudano-sahélienne,14.875,-11.375,Matam,Kanel,3.75,2.75,417.45,295.46866244059794,3,7,3,0.0098246098716208,511.4354759981321,2.1253542031639734,PASSED
460,1994-08-08,1994,8,Phase_2_pleine,Pleine saison,220,107,23.778,21.79640988323176,34.598,11.613835334777832,5.157510905730195,2.614091382373109,4.037,0.4437380129074498,15.368,-13.812,Matam,Ranérou,Zone soudano-sahélienne,15.125,-13.875,Matam,Ranérou,2.25,4.5,250.47,483.02723896162655,6,13,2,0.0098690653120679,544.1052620910243,2.0187269586784606,PASSED
462,2011-07-02,2011,7,Phase_2_pleine,Pleine saison,183,106,23.556,14.87453159746134,29.764,5.695094585418701,6.112799643046841,3.155785389693921,8.696,1.2322515546996209,14.514,-15.756,Kaffrine,Birkelane,Zone soudano-sahélienne,12.375,-15.375,Sédhiou,Bounkiling,4.25,5.5,473.11,592.7216077594985,12,27,3,0.0110272266929946,758.3877417291268,4.348085862993417,PASSED
465,1981-07-29,1981,7,Phase_2_pleine,Pleine saison,210,106,23.556,28.6445804631935,52.177,12.26976203918457,8.471612403879186,3.6115143705048247,6.046,0.8391874595566993,14.89,-12.122,Matam,Kanel,Zone soudano-sahélienne,14.375,-11.875,Tambacounda,Bakel,3.75,2.25,417.45,242.05994065459785,3,6,3,0.0102591283270977,482.5531374830211,3.022933375191736,PASSED
466,2009-07-30,2009,7,Phase_2_pleine,Pleine saison,211,106,23.556,24.924609886025483,48.443,13.41330337524414,7.349780455184183,3.1348897533362474,5.837,0.9561031052312782,15.188,-12.769,Matam,Kanel,Zone soudano-sahélienne,15.125,-11.375,Matam,Kanel,4.25,5.25,473.11,564.0154226206688,7,11,3,0.0102542876068012,736.1701294225212,2.9185010750505964,PASSED
467,1981-08-27,1981,8,Phase_2_pleine,Pleine saison,239,106,23.556,26.396226693999093,72.081,13.992783546447754,10.345383866878004,2.829507424834984,5.329,0.598186840856461,14.857,-13.781,Matam,Ranérou,Zone soudano-sahélienne,12.375,-11.375,Kédougou,Saraya,4.25,5.25,473.11,564.8921633329202,9,19,3,0.0108830799454318,736.8420581745769,2.66470679094709,PASSED
469,1996-07-31,1996,7,Phase_2_pleine,Pleine saison,213,106,23.556,30.13105494121336,54.763,13.251018524169922,9.08309183345516,2.9346170613934217,4.946,0.6676044207252642,13.995,-15.39,Kaffrine,Malem-Hodar,Zone soudano-sahélienne,12.625,-14.875,Kolda,Kolda,3.75,2.5,417.45,270.03957434942413,10,22,3,0.0102912623559085,497.17792322247993,2.4730465519389155,PASSED
470,1982-08-14,1982,8,Phase_2_pleine,Pleine saison,226,106,23.556,23.823520750369667,41.643,12.731895446777344,6.50443858172937,2.849882777607584,4.721,0.6932862431451563,15.239,-13.593,Matam,Ranérou,Zone soudano-sahélienne,15.125,-13.625,Matam,Ranérou,3.75,4.5,417.45,483.3252188394204,7,13,3,0.0101371995373298,638.6452714858019,2.3604901981785185,PASSED
472,1988-08-09,1988,8,Phase_2_pleine,Pleine saison,222,105,23.333,44.34156323387509,108.636,16.563451766967773,21.003382605660097,3.3278453283027187,6.103,1.0063170695124992,13.231,-14.322,Tambacounda,Tambacounda,Zone soudanienne,12.375,-14.375,Kolda,Médina Yoro Foulah,2.5,3.75,278.3,406.36879403241977,8,17,2,0.0116606258278178,492.5306889685791,3.051620546207384,PASSED
476,2019-08-25,2019,8,Phase_2_pleine,Pleine saison,237,105,23.333,33.89047876993815,63.09,20.19306182861328,6.943093916018168,2.4615122520448507,3.633,0.3466887892432839,13.406,-13.12,Tambacounda,Tambacounda,Zone soudanienne,12.375,-15.125,Sédhiou,Bounkiling,3.25,4.25,361.79,460.2182275224975,6,13,3,0.00992353457999,585.3997136627668,1.816347152141876,PASSED
478,1985-08-27,1985,8,Phase_2_pleine,Pleine saison,239,104,23.111,30.45743272854732,60.837,14.797536849975586,8.859132463785711,3.499021076382052,5.905,0.9435996151725,15.097,-14.524,Matam,Ranérou,Zone soudano-sahélienne,14.875,-13.625,Matam,Ranérou,2.75,3.0,306.13,322.43359288861615,7,17,2,0.0104288938068616,444.61106593073214,2.9527188989703386,PASSED
479,2007-07-05,2007,7,Phase_2_pleine,Pleine saison,186,104,23.111,17.3945305118194,37.932,7.896905422210693,4.93979815392375,3.109918837171177,5.426,0.6416899497507911,15.197,-12.641,Matam,Kanel,Zone soudano-sahélienne,15.125,-13.375,Matam,Kanel,2.5,3.0,278.3,322.2822357054264,3,8,2,0.010390845051212,425.8130132626151,2.713120085930878,PASSED
480,1990-07-17,1990,7,Phase_2_pleine,Pleine saison,198,104,23.111,26.117974162101746,39.177,14.510313987731934,4.868506571776883,3.168032181195412,5.121,0.7431872164599824,13.79,-13.536,Tambacounda,Tambacounda,Zone soudano-sahélienne,13.875,-13.625,Tambacounda,Tambacounda,2.5,4.75,278.3,513.5289367426468,7,15,2,0.009949486715878,584.0914754424459,2.5605863992094564,PASSED
481,2022-07-20,2022,7,Phase_2_pleine,Pleine saison,201,104,23.111,18.75911912551293,31.3,10.491869926452637,4.803487718242986,2.625070218173076,4.063,0.5017184692594371,14.629,-12.998,Tambacounda,Goudiry,Zone soudano-sahélienne,13.875,-12.875,Tambacounda,Goudiry,3.25,5.25,361.79,565.483470681581,7,15,3,0.0102458411454121,671.3148020314959,2.031315321670597,PASSED
483,2017-07-21,2017,7,Phase_2_pleine,Pleine saison,202,104,23.111,29.829631163523747,44.174,17.4643497467041,7.274266298661423,2.649619280167099,3.555,0.4029691250218579,12.929,-13.775,Tambacounda,Tambacounda,Zone soudanienne,13.125,-15.125,Kolda,Kolda,1.5,4.75,166.98,515.3647961427358,6,14,2,0.0101871913754573,541.7408895981719,1.7776530613791892,PASSED
486,2012-07-21,2012,7,Phase_2_pleine,Pleine saison,203,103,22.889,21.962667002261263,45.266,8.7608003616333,8.797308902218843,3.968664804888011,7.975,1.666316234868412,15.95,-14.861,Louga,Linguère,Zone sahélienne,16.125,-15.125,Louga,Linguère,2.0,4.5,222.64,481.6546593086578,5,12,2,0.0112664682983851,530.6220699765881,3.987500037540688,PASSED
489,1993-08-12,1993,8,Phase_2_pleine,Pleine saison,224,103,22.889,25.523279301171165,51.853,12.031414985656738,8.654105640593949,2.9907673114383964,4.588,0.6881242727829936,14.733,-15.205,Kaffrine,Koungheul,Zone soudano-sahélienne,13.875,-16.625,Fatick,Foundiougne,4.25,4.25,473.11,457.5540329437454,12,27,3,0.0108249178063121,658.1707647435322,2.293766541488064,PASSED
490,2023-08-19,2023,8,Phase_2_pleine,Pleine saison,231,103,22.889,27.082559252248227,46.954,13.111355781555176,8.166614784295227,2.69739818529542,4.468,0.5542439872956323,14.573,-14.478,Tambacounda,Koumpentoum,Zone soudano-sahélienne,13.875,-16.625,Fatick,Foundiougne,4.0,4.0,445.28,430.95528473227256,11,21,3,0.0105915484099231,619.6747039283387,2.2342241123227966,PASSED
491,2009-08-25,2009,8,Phase_2_pleine,Pleine saison,237,103,22.889,25.68751370328144,51.956,13.366886138916016,9.249017117721486,2.372620909091099,3.811,0.3567717392201164,14.482,-15.606,Kaolack,Guinguinéo,Zone soudano-sahélienne,13.375,-15.875,Sédhiou,Sédhiou,4.25,3.75,473.11,404.186043999324,13,26,3,0.0109674018326347,622.2535019297388,1.9054222891727488,PASSED
492,2006-07-03,2006,7,Phase_2_pleine,Pleine saison,184,103,22.889,19.20964525741281,46.205,6.1507673263549805,7.668369644102261,2.4619222473012154,3.778,0.3196274630158148,13.62,-14.867,Kolda,Kolda,Zone soudano-sahélienne,12.375,-15.125,Sédhiou,Bounkiling,4.25,5.25,473.11,567.9944521907012,14,26,3,0.01125587982212,739.2230787924676,1.8889060181309836,PASSED
494,2017-07-15,2017,7,Phase_2_pleine,Pleine saison,196,102,22.667,33.583197229048785,76.672,14.23240089416504,13.074692726114634,3.757690738875527,8.127,1.2395793115573446,13.197,-12.736,Tambacounda,Goudiry,Zone soudanienne,12.875,-12.375,Kédougou,Salémata,2.5,3.25,278.3,352.2360395966604,4,9,2,0.0112899212984363,448.9110272684779,4.063315463198005,PASSED
497,2005-08-19,2005,8,Phase_2_pleine,Pleine saison,231,102,22.667,35.26969185997458,66.788,14.741219520568848,9.417699214758192,2.848215917819057,4.803,0.6708748879552868,13.842,-15.284,Kaffrine,Malem-Hodar,Zone soudano-sahélienne,12.875,-15.125,Kolda,Kolda,4.0,4.5,445.28,486.3922641176577,12,26,3,0.0105029359788779,659.4328744030747,2.4016273834418387,PASSED
501,2020-07-25,2020,7,Phase_2_pleine,Pleine saison,207,101,22.444,20.59312211404933,35.768,11.880859375,4.849454561549278,2.773707210828246,4.734,0.6763361781089164,15.264,-12.319,Matam,Kanel,Zone soudano-sahélienne,15.375,-11.375,Matam,Kanel,3.75,3.5,417.45,375.8746490229416,4,7,3,0.0104500503768185,561.735050894209,2.3670202116649617,PASSED
502,1989-07-12,1989,7,Phase_2_pleine,Pleine saison,193,100,22.222,20.16544059753418,34.048,8.400259017944336,5.033136623546215,3.847922353662735,8.402,1.523543967829445,15.233,-14.808,Kaffrine,Koungheul,Zone soudano-sahélienne,14.125,-15.625,Kaolack,Guinguinéo,4.0,5.5,445.28,590.7482659859711,12,25,3,0.0106229626483632,739.7687442812326,4.201093344322561,PASSED
505,2001-07-26,2001,7,Phase_2_pleine,Pleine saison,207,100,22.222,21.914877099990846,34.207,11.974308967590332,4.738940601885244,2.6657382654458366,5.349,0.6148965308141632,14.802,-12.899,Matam,Kanel,Zone soudano-sahélienne,16.375,-11.625,Matam,Matam,3.5,5.0,389.62,538.1299357739591,9,18,3,0.0104676107122591,664.3700491074875,2.6744226973536853,PASSED
506,1994-07-11,1994,7,Phase_2_pleine,Pleine saison,192,100,22.222,21.96105812072754,43.389,8.459301948547363,7.475759919130883,3.061159744696301,5.327,0.8798952006561412,14.432,-13.464,Tambacounda,Tambacounda,Zone soudano-sahélienne,13.375,-16.625,Ziguinchor,Bignona,3.5,5.25,389.62,565.9869836077877,8,17,3,0.011158788479471,687.1280812108046,2.66356823212234,PASSED
508,2015-07-25,2015,7,Phase_2_pleine,Pleine saison,206,100,22.222,34.004753532409666,57.581,18.7352237701416,8.625663063232107,3.1645371825236537,4.495,0.7516921033598811,13.133,-12.63,Tambacounda,Goudiry,Zone soudanienne,12.625,-12.375,Kédougou,Kédougou,2.25,3.5,250.47,379.4288645523998,4,10,2,0.0106434365343498,454.6443510171146,2.247421094472114,PASSED
512,2023-07-08,2023,7,Phase_2_pleine,Pleine saison,189,99,22.0,17.08881601661143,28.435,6.9673027992248535,4.742101623008693,3.4361065928436734,6.746,1.1731941240164607,15.644,-14.678,Matam,Ranérou,Zone sahélienne,16.125,-14.375,Matam,Ranérou,3.0,3.75,333.96,401.98595250675487,6,12,2,0.0108788363062488,522.6107341513978,3.372857570708005,PASSED
513,1996-07-23,1996,7,Phase_2_pleine,Pleine saison,205,99,22.0,24.4743854252979,34.335,8.814818382263184,5.275437916917427,3.2998496895757947,5.522,0.8385475382825154,14.761,-12.242,Tambacounda,Bakel,Zone soudano-sahélienne,13.625,-11.375,Kédougou,Saraya,4.0,2.75,445.28,296.02629777767686,3,8,3,0.0105703184152582,534.7016459914424,2.7611072938464294,PASSED
515,1994-07-24,1994,7,Phase_2_pleine,Pleine saison,205,99,22.0,25.20740430041997,41.873,12.039342880249023,7.45479732588106,2.532113769294344,3.815,0.3873266729046805,13.665,-14.729,Kolda,Vélingara,Zone soudano-sahélienne,13.375,-16.125,Kaolack,Nioro du Rip,4.25,4.75,473.11,513.8024115401656,11,25,3,0.010984456556777,698.4454027370283,1.9077232053465865,PASSED
516,2010-07-11,2010,7,Phase_2_pleine,Pleine saison,192,99,22.0,19.11608746075871,40.397,8.299057006835938,8.1698666104836,2.570646767210454,3.747,0.4263379250513712,14.148,-13.695,Tambacounda,Tambacounda,Zone soudano-sahélienne,12.375,-16.125,Sédhiou,Goudomp,4.25,4.75,473.11,512.7308766320293,7,15,3,0.0119460115832832,697.6575193831493,1.87332948896814,PASSED
517,1981-07-24,1981,7,Phase_2_pleine,Pleine saison,205,98,21.778,23.94738713089301,41.06,11.722229957580566,8.134620906056716,3.6981210265264073,8.457,1.7662456599743837,15.216,-14.662,Kaffrine,Koungheul,Zone soudano-sahélienne,13.125,-15.875,Sédhiou,Sédhiou,4.0,4.75,445.28,510.2319590849541,6,13,3,0.011381504025834,677.2081905305563,4.228560842399371,PASSED
518,2022-08-18,2022,8,Phase_2_pleine,Pleine saison,230,98,21.778,31.605061900858978,57.923,15.81068229675293,9.159959065691297,4.694050782276466,8.323,1.818314077079961,16.039,-14.679,Matam,Ranérou,Zone sahélienne,16.375,-15.875,Saint-Louis,Dagana,2.0,4.5,222.64,481.44137552416345,5,10,2,0.0110612136134662,530.4284762143701,4.161436228459497,PASSED
522,2012-07-23,2012,7,Phase_2_pleine,Pleine saison,205,98,21.778,23.50537871341316,57.167,9.665449142456056,11.62327132647102,2.9986891834249403,5.651,0.7268447721482243,14.118,-13.167,Tambacounda,Goudiry,Zone soudano-sahélienne,12.375,-12.125,Kédougou,Kédougou,4.25,5.0,473.11,539.7885676176337,6,12,3,0.0126992288244707,717.7776537554626,2.8255507955578296,PASSED
527,1996-08-21,1996,8,Phase_2_pleine,Pleine saison,234,97,21.556,26.296130947231017,43.567,15.731656074523926,7.159680169503076,2.9613662104656626,5.645,0.7295389430131,15.06,-15.255,Louga,Linguère,Zone soudano-sahélienne,13.375,-15.375,Kolda,Kolda,3.75,3.75,417.45,403.1131475156535,11,23,3,0.0110735219372115,580.3143332065622,2.8226713707022952,PASSED
529,1998-07-23,1998,7,Phase_2_pleine,Pleine saison,204,97,21.556,25.667051703659528,55.577,7.650410175323486,11.515391218959358,2.957391119071676,4.589,0.6250449734590301,14.199,-15.323,Kaffrine,Kaffrine,Zone soudano-sahélienne,12.625,-16.125,Sédhiou,Goudomp,4.25,4.5,473.11,485.6355613724953,11,19,3,0.0123843528290149,677.9933340155925,2.294740923075317,PASSED
532,1982-08-10,1982,8,Phase_2_pleine,Pleine saison,222,96,21.333,34.667038122812905,54.928,16.68781089782715,9.563220038256746,2.777284100071155,5.122,0.7381730772823137,13.63,-13.399,Tambacounda,Tambacounda,Zone soudano-sahélienne,12.375,-13.625,Kolda,Vélingara,3.0,5.25,333.96,567.9710552971694,7,17,2,0.0112093570469394,658.8781322011531,2.5608558141801496,PASSED
536,2000-08-30,2000,8,Phase_2_pleine,Pleine saison,243,96,21.333,26.38829259077708,37.411,14.312910079956056,4.733355407228986,2.704977194122657,4.363,0.5987076220064851,14.621,-13.164,Tambacounda,Goudiry,Zone soudano-sahélienne,14.875,-12.625,Matam,Kanel,3.25,4.25,361.79,457.789011221261,4,9,3,0.0107518206730404,583.4918907812171,2.181250293975544,PASSED
538,2009-08-07,2009,8,Phase_2_pleine,Pleine saison,219,95,21.111,25.12656353398373,41.743,11.984411239624023,7.726376576418582,2.8859392577170357,6.14,0.9462224051911776,14.633,-13.602,Tambacounda,Tambacounda,Zone soudano-sahélienne,12.375,-11.875,Kédougou,Kédougou,4.25,5.25,473.11,565.4726239585252,8,16,3,0.0115216339905074,737.2871563689006,3.0701133640580585,PASSED
541,2020-08-23,2020,8,Phase_2_pleine,Pleine saison,236,95,21.111,32.470715352108606,56.61,16.469533920288086,7.879579872635176,2.611534471418083,4.291,0.4903514244032743,13.817,-12.942,Tambacounda,Goudiry,Zone soudano-sahélienne,12.875,-13.875,Tambacounda,Tambacounda,3.25,3.0,361.79,324.29644065420865,4,10,3,0.0111461832029041,485.8602568985127,2.145722924692608,PASSED
544,2014-08-14,2014,8,Phase_2_pleine,Pleine saison,226,94,20.889,42.41259396329839,109.721,18.023061752319336,21.95491361078855,3.2796709104459376,6.673,1.1545048046649626,13.283,-15.458,Kolda,Kolda,Zone soudanienne,12.375,-16.625,Ziguinchor,Oussouye,3.0,3.0,333.96,325.02497696449257,9,22,2,0.0134889612860194,466.01556743124894,3.3364707003469563,PASSED
546,2007-07-10,2007,7,Phase_2_pleine,Pleine saison,191,94,20.889,20.33358386729626,34.383,5.4655961990356445,6.59473093903754,2.8501874870998765,4.458,0.6500592965989335,14.047,-13.893,Tambacounda,Tambacounda,Zone soudano-sahélienne,13.375,-14.125,Tambacounda,Tambacounda,4.25,3.0,473.11,323.973303647176,6,12,3,0.0117573194122606,573.403665820219,2.228893202954809,PASSED
548,2023-07-29,2023,7,Phase_2_pleine,Pleine saison,210,93,20.667,41.39300252032536,74.439,11.285259246826172,13.874412873609694,3.803748937797833,7.138,1.3543945029450886,13.297,-14.936,Kolda,Kolda,Zone soudanienne,12.625,-14.625,Kolda,Médina Yoro Foulah,4.0,3.75,445.28,406.2586921393787,11,23,3,0.0119607590624196,602.7606541478951,3.569098318451375,PASSED
549,2017-08-22,2017,8,Phase_2_pleine,Pleine saison,234,93,20.667,54.61634346746629,96.024,26.102445602416992,17.262267674176385,3.656073031022714,5.999,1.044036892921512,12.792,-13.595,Tambacounda,Tambacounda,Zone soudanienne,12.375,-14.125,Kolda,Médina Yoro Foulah,1.5,5.0,166.98,542.7861563736141,5,13,2,0.0118268445282635,567.8900685081721,2.9995229381881727,PASSED
550,1994-07-28,1994,7,Phase_2_pleine,Pleine saison,209,93,20.667,30.466958015195782,69.957,12.334660530090332,13.769770195881163,3.144444143512375,5.754,0.895588363306101,14.285,-15.004,Kaffrine,Malem-Hodar,Zone soudano-sahélienne,12.875,-16.625,Ziguinchor,Bignona,4.0,5.25,445.28,566.3601592851708,9,20,3,0.0129490922834612,720.4429965483209,2.8771888384164264,PASSED
552,1981-07-08,1981,7,Phase_2_pleine,Pleine saison,189,93,20.667,21.165848957595006,51.588,5.737576484680176,9.974405907763732,3.134086522571951,5.524,0.8552234692196222,14.261,-11.998,Tambacounda,Goudiry,Zone soudano-sahélienne,12.375,-11.375,Kédougou,Saraya,4.25,2.25,473.11,242.75181042224648,3,8,3,0.0131406080009356,531.7532359687888,2.7619483170472003,PASSED
553,2010-08-04,2010,8,Phase_2_pleine,Pleine saison,216,93,20.667,23.845097511045395,45.842,11.790014266967772,6.881543271664303,3.045977662939077,5.013,0.7905684618774432,15.353,-13.459,Matam,Kanel,Zone soudano-sahélienne,14.625,-13.125,Tambacounda,Goudiry,3.25,4.5,361.79,483.0629575943629,5,10,3,0.0116482396111753,603.5245055607214,2.5067420057256027,PASSED
555,2012-08-11,2012,8,Phase_2_pleine,Pleine saison,224,93,20.667,20.50737878327729,30.405,11.78285026550293,3.5361400015253017,2.702105480264072,3.941,0.4570229484388683,15.578,-12.636,Matam,Kanel,Zone sahélienne,15.125,-11.875,Matam,Kanel,2.5,3.0,278.3,321.6922966639688,3,6,2,0.0110723977500959,425.3666848090468,1.970276434393737,PASSED
556,1982-07-20,1982,7,Phase_2_pleine,Pleine saison,201,92,20.444,22.94937439586805,46.924,7.42860221862793,8.77277389449923,2.582528053607564,5.57,0.6706643321743321,13.79,-14.869,Kaffrine,Malem-Hodar,Zone soudano-sahélienne,12.625,-14.375,Kolda,Médina Yoro Foulah,4.25,3.75,473.11,405.41684403655455,10,23,3,0.0124579083983682,623.0536733930393,2.7848417074067533,PASSED
557,1998-08-21,1998,8,Phase_2_pleine,Pleine saison,233,92,20.444,33.675812949305,78.79,12.264019966125488,14.87057691064947,2.621437904915694,5.419,0.5759590309648481,13.537,-13.594,Tambacounda,Tambacounda,Zone soudano-sahélienne,12.375,-12.125,Kédougou,Kédougou,4.25,5.75,473.11,622.3073791719888,12,22,3,0.0129890564795262,781.7285568993303,2.709533146860521,PASSED
558,1982-08-07,1982,8,Phase_2_pleine,Pleine saison,219,92,20.444,34.58216874495797,59.439,13.524078369140623,10.456407148000014,2.8147502808507765,4.767,0.6253104021624175,13.586,-12.943,Tambacounda,Goudiry,Zone soudano-sahélienne,12.875,-12.375,Kédougou,Salémata,3.25,5.75,361.79,622.1798447593937,11,19,3,0.0118633050358381,719.7220067757573,2.383253044426733,PASSED
559,2010-08-31,2010,8,Phase_2_pleine,Pleine saison,243,92,20.444,38.23601258319357,63.881,19.53960418701172,11.20019628137633,2.895396438768461,4.627,0.6145601961150173,13.108,-14.563,Kolda,Médina Yoro Foulah,Zone soudanienne,12.375,-14.625,Kolda,Médina Yoro Foulah,2.25,4.25,250.47,460.7828436595606,10,18,2,0.011802214258979,524.4578645298792,2.3135491364233043,PASSED
560,2020-08-15,2020,8,Phase_2_pleine,Pleine saison,228,92,20.444,37.40102519159732,80.737,15.907691955566406,14.9850810056061,2.641247381422632,4.619,0.6022959156430403,13.302,-14.154,Tambacounda,Tambacounda,Zone soudanienne,12.375,-14.875,Kolda,Kolda,3.0,5.25,333.96,568.7502552248964,7,16,2,0.0126144363158197,659.549942199895,2.309522837629567,PASSED
565,2016-08-11,2016,8,Phase_2_pleine,Pleine saison,224,91,20.222,28.49849754375416,56.478,14.948890686035156,10.88901744164653,2.7288357731630795,4.102,0.520662303839626,14.201,-14.066,Tambacounda,Tambacounda,Zone soudano-sahélienne,12.625,-15.875,Sédhiou,Goudomp,4.25,5.75,473.11,620.5291988544083,9,15,3,0.0125933349351428,780.3137504433033,2.051058066489729,PASSED
566,2019-08-21,2019,8,Phase_2_pleine,Pleine saison,233,91,20.222,34.108927443787294,51.653,19.383752822875977,6.637552069468471,2.44623490857204,3.533,0.35927283065567,13.364,-14.681,Kolda,Kolda,Zone soudanienne,12.375,-15.125,Sédhiou,Bounkiling,2.25,5.25,250.47,568.6039596163597,8,23,2,0.0114051499353898,621.3257483379011,1.7662550475590093,PASSED
567,2015-08-25,2015,8,Phase_2_pleine,Pleine saison,237,91,20.222,30.982622922121823,63.451,17.093284606933594,8.674409066234748,2.3997103394713077,3.496,0.3161348988155907,13.72,-13.8,Tambacounda,Tambacounda,Zone soudano-sahélienne,12.375,-14.625,Kolda,Médina Yoro Foulah,3.5,5.25,389.62,567.7552510972592,10,22,3,0.0118504053853498,688.58533205661,1.7481911818502291,PASSED
571,1981-08-11,1981,8,Phase_2_pleine,Pleine saison,223,90,20.0,64.80592912038168,116.276,26.61056137084961,25.57870369483437,4.572669248036656,7.808,1.645988429031333,12.966,-14.513,Kolda,Médina Yoro Foulah,Zone soudanienne,12.625,-14.375,Kolda,Médina Yoro Foulah,1.5,4.25,166.98,461.0481404107721,6,13,2,0.0128420632899198,490.3546738184577,3.904103252129058,PASSED
572,1989-07-05,1989,7,Phase_2_pleine,Pleine saison,186,90,20.0,30.169506152470905,80.462,6.889669895172119,16.060549318756447,3.40659682489703,7.153,1.1871900732681393,13.203,-15.434,Kolda,Kolda,Zone soudanienne,12.375,-15.375,Sédhiou,Bounkiling,4.25,4.0,473.11,433.5106771007753,11,28,3,0.0142598879251273,641.6888417764272,3.576313497583586,PASSED
574,2017-07-30,2017,7,Phase_2_pleine,Pleine saison,211,90,20.0,40.37794382307265,60.079,15.22529411315918,12.23836516414338,3.3788638215726103,5.801,1.0299956162017994,13.369,-15.806,Sédhiou,Sédhiou,Zone soudanienne,13.875,-16.625,Fatick,Foundiougne,3.25,3.25,361.79,351.9860698320314,11,25,3,0.0121318529266649,504.763510139451,2.900521057863191,PASSED
578,1994-08-27,1994,8,Phase_2_pleine,Pleine saison,239,90,20.0,34.40289469824897,47.665,15.566493034362791,7.573865427696143,2.847557051983381,4.158,0.5404156479976219,13.852,-12.241,Tambacounda,Goudiry,Zone soudano-sahélienne,13.125,-12.875,Tambacounda,Tambacounda,3.5,3.0,389.62,324.24767553879576,3,9,3,0.011649632164859,506.89277906408586,2.0790724586280622,PASSED
581,2013-08-11,2013,8,Phase_2_pleine,Pleine saison,223,89,19.778,33.32148277625609,69.448,11.932162284851074,13.252951563327471,4.187959841169485,9.941,1.990514556692503,14.547,-13.574,Tambacounda,Tambacounda,Zone soudano-sahélienne,12.375,-12.125,Kédougou,Kédougou,4.25,5.25,473.11,565.6943494616448,5,13,3,0.0130133607907522,737.4572255479185,4.970529803536486,PASSED
582,1991-07-04,1991,7,Phase_2_pleine,Pleine saison,185,89,19.778,26.03679093350185,49.908,13.386347770690918,8.802066491631617,2.9675995074496693,5.534,0.7593845261254658,13.298,-12.613,Tambacounda,Goudiry,Zone soudanienne,12.875,-12.875,Kédougou,Salémata,2.5,3.0,278.3,325.0060844288132,4,8,2,0.0125200713938948,427.8782978000273,2.7668635575809604,PASSED
584,1982-08-21,1982,8,Phase_2_pleine,Pleine saison,233,89,19.778,26.66341629456938,49.912,13.093040466308594,9.218793104500111,2.9651766720441177,4.614,0.7222388544864463,14.773,-12.237,Tambacounda,Bakel,Zone soudano-sahélienne,12.875,-11.875,Kédougou,Saraya,4.0,2.75,445.28,296.0109486758115,3,8,3,0.0125791113246714,534.693148437451,2.3070291155734832,PASSED
585,1994-07-07,1994,7,Phase_2_pleine,Pleine saison,188,89,19.778,25.33576260255964,45.126,10.78786849975586,9.088958687726077,2.6913363327935764,4.473,0.5272641132970614,13.337,-15.402,Kolda,Kolda,Zone soudanienne,12.875,-16.375,Ziguinchor,Bignona,3.0,3.0,333.96,324.95287443231933,11,23,2,0.0126819617059187,465.96528201071663,2.236687115715255,PASSED
586,1989-08-21,1989,8,Phase_2_pleine,Pleine saison,233,88,19.556,32.62484719536521,78.659,16.022754669189453,12.165553834664143,4.200363157700857,11.382,1.739056536612863,15.546,-14.513,Matam,Ranérou,Zone sahélienne,15.625,-14.375,Matam,Ranérou,3.25,4.5,361.79,482.6139054058414,6,15,3,0.0129437347338981,603.1651428121311,5.690865969288282,PASSED
589,2010-08-10,2010,8,Phase_2_pleine,Pleine saison,222,88,19.556,23.5367389050397,43.58,11.693072319030762,7.070925082687661,3.3650468870726,6.072,1.064948670089774,15.485,-14.87,Louga,Linguère,Zone soudano-sahélienne,15.375,-13.875,Matam,Ranérou,2.25,3.75,250.47,402.2958978590011,6,17,2,0.0123892344933053,473.8957818871464,3.0360129752497955,PASSED
592,1990-07-22,1990,7,Phase_2_pleine,Pleine saison,203,88,19.556,15.660880197178232,24.251,9.738136291503906,3.1101145018177023,2.7132217805679173,4.212,0.6066944216380807,15.954,-13.856,Matam,Matam,Zone sahélienne,15.625,-14.375,Matam,Ranérou,1.5,5.25,166.98,561.9197626531023,4,8,2,0.0118118011707211,586.2048601124814,2.105873620388981,PASSED
597,2008-08-24,2008,8,Phase_2_pleine,Pleine saison,237,87,19.333,29.32288976647388,52.698,14.305506706237791,8.101494372491379,2.863476957364752,5.672,0.8138854426423525,14.548,-14.75,Kaffrine,Koungheul,Zone soudano-sahélienne,13.375,-16.125,Kaolack,Nioro du Rip,4.25,5.5,473.11,592.6281827295275,12,26,3,0.0123716525728856,758.3147271847633,2.8357826438946074,PASSED
598,2011-08-24,2011,8,Phase_2_pleine,Pleine saison,236,87,19.333,40.42984552493041,67.118,19.570295333862305,11.541889208678388,2.9525145161854454,5.323,0.6610784461996172,13.271,-12.536,Tambacounda,Goudiry,Zone soudanienne,12.875,-12.125,Kédougou,Salémata,3.0,4.25,333.96,460.4764188973845,5,10,2,0.0124310172907203,568.8302082327024,2.66127394566327,PASSED
600,2008-07-02,2008,7,Phase_2_pleine,Pleine saison,184,87,19.333,17.444858956611018,32.239,8.325031280517578,4.0836457121665255,2.833454116283068,4.225,0.5820523193289149,14.669,-14.256,Tambacounda,Koumpentoum,Zone soudano-sahélienne,12.375,-12.125,Kédougou,Kédougou,3.25,4.5,361.79,484.6113401355217,8,19,3,0.0121241098378749,604.7645482338116,2.1123125956933597,PASSED
601,2011-08-22,2011,8,Phase_2_pleine,Pleine saison,234,87,19.333,40.633390645871216,64.642,20.40618896484375,10.568802382615186,2.7069937187320874,4.01,0.501989185540396,13.03,-14.74,Kolda,Kolda,Zone soudanienne,12.375,-12.625,Kédougou,Kédougou,2.5,4.25,278.3,460.9277663197285,6,15,2,0.0122718706416203,538.4285361837672,2.0050455981208986,PASSED
602,1996-08-07,1996,8,Phase_2_pleine,Pleine saison,220,87,19.333,19.73611337289043,36.609,13.23904514312744,4.182829091349055,2.4936799280342434,3.712,0.3022885609167836,15.582,-13.549,Matam,Matam,Zone sahélienne,14.375,-12.875,Tambacounda,Goudiry,3.0,3.5,333.96,375.3011700157241,4,8,2,0.0120105476421717,502.3746029136738,1.8561612073720912,PASSED
607,2003-08-16,2003,8,Phase_2_pleine,Pleine saison,228,86,19.111,22.210824988609136,42.259,14.772422790527344,4.80197879650233,3.218638923317573,5.887,0.8790637766907382,15.941,-14.586,Matam,Ranérou,Zone sahélienne,14.875,-16.375,Diourbel,Bambey,1.75,4.75,194.81,508.4370636627456,6,12,2,0.0121714233664239,544.4806528240878,2.9435122596248298,PASSED
608,2005-07-11,2005,7,Phase_2_pleine,Pleine saison,192,86,19.111,14.930498649907667,26.749,5.578917503356934,4.9585129805111485,3.277434271836019,5.852,0.8841846986537543,15.875,-15.191,Louga,Linguère,Zone sahélienne,16.125,-16.125,Saint-Louis,Saint-Louis,2.5,4.75,278.3,508.6043312775387,7,13,2,0.0129104024254684,579.7665466433642,2.92613996196842,PASSED
609,1989-08-23,1989,8,Phase_2_pleine,Pleine saison,235,86,19.111,30.031544851702314,57.399,14.111367225646973,7.465040548966511,2.772043737589907,5.78,0.7428070199989811,14.498,-13.468,Tambacounda,Tambacounda,Zone soudano-sahélienne,15.125,-15.125,Kaffrine,Koungheul,3.25,5.25,361.79,565.8185530684556,9,16,3,0.0123463801292929,671.5970836811165,2.890046072020735,PASSED
610,2005-08-16,2005,8,Phase_2_pleine,Pleine saison,228,86,19.111,25.30889691862949,41.741,14.288252830505373,5.394771931132914,3.702303462717636,5.512,0.8441788127818587,15.854,-14.933,Louga,Linguère,Zone sahélienne,15.375,-14.375,Matam,Ranérou,1.5,3.25,166.98,348.0283078933699,4,10,2,0.012156232136774,386.0129809404048,2.75589872084421,PASSED
611,2017-08-08,2017,8,Phase_2_pleine,Pleine saison,220,86,19.111,19.386491043623103,29.588,12.278714179992676,3.488533134870878,2.6497933179947792,4.147,0.5022102873701039,15.881,-13.039,Matam,Matam,Zone sahélienne,14.875,-12.625,Matam,Kanel,2.25,4.0,250.47,428.2839875426796,4,8,2,0.0120044276579649,496.1475553116312,2.0733544995179525,PASSED
619,2011-08-21,2011,8,Phase_2_pleine,Pleine saison,233,85,18.889,47.48301037059111,97.635,24.88351249694824,17.0070047436272,3.4476403706183767,6.521,1.0640188851545649,13.147,-12.379,Tambacounda,Goudiry,Zone soudanienne,12.375,-12.375,Kédougou,Kédougou,2.5,2.5,278.3,271.00596751489786,4,8,2,0.0132739526349951,388.4522071519041,3.260339762801218,PASSED
621,2013-08-28,2013,8,Phase_2_pleine,Pleine saison,240,85,18.889,38.123449639713066,75.625,18.72481918334961,10.682181214240432,2.733270942772637,5.389,0.6798741394991193,13.134,-13.763,Tambacounda,Tambacounda,Zone soudanienne,12.375,-11.625,Kédougou,Saraya,2.0,5.25,222.64,569.1429815771437,7,18,2,0.0126883753199295,611.1401670574606,2.6946418355592328,PASSED
622,2000-08-26,2000,8,Phase_2_pleine,Pleine saison,239,85,18.889,26.784210575328157,44.298,12.831880569458008,7.502216424452493,3.047750750311189,5.092,0.7276006779487423,15.217,-12.103,Matam,Kanel,Zone soudano-sahélienne,13.875,-11.375,Kédougou,Saraya,3.25,5.0,361.79,537.0845770827157,4,7,3,0.0126877076865825,647.5738187671113,2.545888508561006,PASSED
624,2004-08-31,2004,8,Phase_2_pleine,Pleine saison,244,85,18.889,28.56012082941392,44.669,12.446284294128418,9.31723867696224,2.823348532983399,4.491,0.5945020161179271,14.059,-12.146,Tambacounda,Goudiry,Zone soudano-sahélienne,13.375,-11.625,Tambacounda,Goudiry,4.25,4.75,473.11,512.9317684900313,5,11,3,0.0130167955593757,697.8051745482481,2.245445393099545,PASSED
626,2002-08-07,2002,8,Phase_2_pleine,Pleine saison,219,85,18.889,40.20514553294462,61.387,23.99807929992676,10.568092853901431,2.870999984139212,4.132,0.5449758332186646,13.179,-12.602,Tambacounda,Goudiry,Zone soudanienne,12.375,-12.625,Kédougou,Kédougou,2.0,2.75,222.64,298.0677413078649,3,7,2,0.0125775570579612,372.0389075363923,2.066057500783219,PASSED
630,1989-07-21,1989,7,Phase_2_pleine,Pleine saison,202,85,18.889,19.828876136331,42.283,5.624537467956543,5.755996783772446,2.3976075552172,3.517,0.2887747452591256,14.554,-14.366,Tambacounda,Koumpentoum,Zone soudano-sahélienne,12.375,-16.625,Ziguinchor,Oussouye,4.25,5.25,473.11,565.6754596504329,10,20,3,0.0127560534827008,737.4427355061059,1.758376328075615,PASSED
631,1986-07-19,1986,7,Phase_2_pleine,Pleine saison,200,85,18.889,25.97134350047392,37.642,14.121620178222656,6.23099863180462,2.557328470995968,3.493,0.4172537611862318,13.067,-13.186,Tambacounda,Tambacounda,Zone soudanienne,12.375,-13.375,Kédougou,Salémata,2.25,5.25,250.47,569.2975920000803,5,12,2,0.0124418912312452,621.9605863021707,1.746314572953455,PASSED
634,2006-07-28,2006,7,Phase_2_pleine,Pleine saison,209,84,18.667,27.587313629332044,49.143,13.006433486938477,7.718691055655958,4.169467802291665,8.153,1.7355097464141198,15.856,-15.214,Louga,Linguère,Zone sahélienne,16.375,-15.125,Louga,Linguère,2.0,3.0,222.64,321.25297639493215,7,12,2,0.0128367045951646,390.86064672092897,4.0764417155694845,PASSED
635,2000-08-01,2000,8,Phase_2_pleine,Pleine saison,214,84,18.667,24.903201455161685,43.887,13.103141784667969,7.385392353351363,3.6095342490737834,6.203,1.1959594676958545,15.485,-15.509,Louga,Linguère,Zone soudano-sahélienne,13.875,-16.625,Fatick,Foundiougne,2.75,4.0,306.13,429.1159854095536,9,19,2,0.0129517879741526,527.1205811377623,3.101269220027637,PASSED
638,1995-07-08,1995,7,Phase_2_pleine,Pleine saison,189,84,18.667,28.90773401941572,52.944,13.871956825256348,9.975459899765228,2.884120461289995,5.002,0.7091696660784639,13.231,-15.141,Kolda,Kolda,Zone soudanienne,12.375,-16.375,Ziguinchor,Oussouye,3.0,5.25,333.96,568.9163058619188,8,17,2,0.0133223774534889,659.6931381430857,2.5007714880906087,PASSED
641,2019-08-18,2019,8,Phase_2_pleine,Pleine saison,230,84,18.667,31.19680486406599,55.26,19.65166473388672,8.646336225105571,2.615203552939072,4.18,0.4699976899584371,13.939,-15.518,Kaolack,Nioro du Rip,Zone soudano-sahélienne,12.875,-16.125,Sédhiou,Goudomp,3.0,3.0,333.96,324.1251932065915,10,22,2,0.0128192219194953,465.3884552808656,2.0898632869393463,PASSED
642,1988-08-05,1988,8,Phase_2_pleine,Pleine saison,218,84,18.667,27.27391626721337,40.479,14.574576377868652,5.701146033286071,2.501966272517212,3.697,0.3622158527886366,14.036,-14.114,Tambacounda,Tambacounda,Zone soudano-sahélienne,13.125,-14.375,Tambacounda,Tambacounda,4.0,5.0,445.28,539.9812119967653,7,17,3,0.0124249375795128,699.8956997721128,1.8486425366996355,PASSED
649,1988-08-18,1988,8,Phase_2_pleine,Pleine saison,231,83,18.444,36.30993231807847,65.722,17.041921615600586,10.719370174246375,4.489961684673316,7.037,1.3513316558495705,15.315,-16.016,Louga,Louga,Zone soudano-sahélienne,14.625,-16.625,Thiès,Thiès,3.25,3.0,361.79,322.10125336806254,10,21,3,0.0130982417727878,484.3977964790682,3.5184860980700736,PASSED
652,2005-08-11,2005,8,Phase_2_pleine,Pleine saison,223,83,18.444,22.522397592843294,37.731,12.334824562072754,4.9567325258751485,3.46089168496859,5.971,0.9563536372687438,15.699,-15.421,Louga,Linguère,Zone sahélienne,15.375,-15.375,Louga,Linguère,2.25,3.0,250.47,321.5027337238646,7,16,2,0.0126317502431575,407.5527333341885,2.985333647219972,PASSED
653,1981-07-03,1981,7,Phase_2_pleine,Pleine saison,184,83,18.444,23.76503819155406,51.915,7.221316337585449,9.903393979250144,3.1939648424485227,5.575,0.8412522817310673,13.818,-14.337,Tambacounda,Tambacounda,Zone soudano-sahélienne,12.875,-16.625,Ziguinchor,Bignona,4.0,4.25,445.28,459.4172947240745,8,18,3,0.0141404399343641,639.7956954697235,2.787454159844503,PASSED
654,1993-07-18,1993,7,Phase_2_pleine,Pleine saison,199,83,18.444,23.108733165695007,38.275,14.18608856201172,5.152932092695526,2.912198907214018,5.049,0.6194127127061375,14.307,-15.625,Kaolack,Guinguinéo,Zone soudano-sahélienne,12.375,-14.875,Kolda,Kolda,3.25,3.5,361.79,377.5358573940899,13,26,3,0.0126472640106468,522.9008810767014,2.5246870933189864,PASSED
659,1986-08-02,1986,8,Phase_2_pleine,Pleine saison,214,82,18.222,39.351377533703314,67.876,10.24206829071045,12.190032916997142,3.694054803674408,8.582,1.6447348869022984,13.519,-13.676,Tambacounda,Tambacounda,Zone soudano-sahélienne,12.875,-13.875,Tambacounda,Tambacounda,4.25,5.0,473.11,541.1770048360742,6,11,3,0.0133653648773533,718.8223793562247,4.291067611670067,PASSED
660,1989-07-14,1989,7,Phase_2_pleine,Pleine saison,195,82,18.222,21.22768618420857,39.214,9.533687591552734,6.760528503960046,4.033730526826023,7.76,1.312807131416507,15.85,-13.482,Matam,Matam,Zone sahélienne,15.625,-14.375,Matam,Ranérou,2.25,3.5,250.47,374.80732496312805,3,6,2,0.0134320434177262,450.7945801607045,3.8799917835946394,PASSED
663,2014-08-31,2014,8,Phase_2_pleine,Pleine saison,243,82,18.222,38.31339696558511,56.784,19.130847930908203,9.990490542651454,3.436982541571708,5.326,1.0063663796884132,13.77,-12.374,Tambacounda,Goudiry,Zone soudano-sahélienne,13.375,-11.875,Tambacounda,Goudiry,2.0,2.75,222.64,297.3310856749502,3,7,2,0.013024320350275,371.44898010513447,2.6628267090698894,PASSED
667,1983-07-06,1983,7,Phase_2_pleine,Pleine saison,187,82,18.222,26.18827967527436,40.534,15.055619239807127,5.643528971530305,2.7723691470263137,4.366,0.5392828510604493,13.223,-14.549,Kolda,Médina Yoro Foulah,Zone soudanienne,12.625,-14.625,Kolda,Médina Yoro Foulah,1.75,4.5,194.81,487.6578151387784,8,15,2,0.0127614573718539,525.1295823505632,2.183062499508292,PASSED
669,2023-07-14,2023,7,Phase_2_pleine,Pleine saison,195,82,18.222,20.7579274293853,34.479,9.206331253051758,6.266337610659244,2.5011462435822187,3.624,0.394159634588224,13.751,-12.983,Tambacounda,Goudiry,Zone soudano-sahélienne,12.375,-13.875,Kolda,Vélingara,3.5,3.25,389.62,351.4206709929727,4,8,3,0.0133064588861114,524.6905968055376,1.8117644282834016,PASSED
672,1992-07-23,1992,7,Phase_2_pleine,Pleine saison,205,81,18.0,21.12203052897512,52.575,11.832523345947266,7.702795444651642,3.47770073186557,10.041,1.726369868913253,15.756,-15.181,Louga,Linguère,Zone sahélienne,15.875,-16.375,Saint-Louis,Saint-Louis,2.0,4.5,222.64,482.11763469617824,6,11,2,0.0139875551041066,531.0423561238196,5.0205297347812055,PASSED
676,2016-07-24,2016,7,Phase_2_pleine,Pleine saison,206,81,18.0,27.00530463089177,51.172,15.198936462402344,8.718202761330009,3.068029719680861,5.173,0.8559348121311112,14.442,-15.549,Kaolack,Guinguinéo,Zone soudano-sahélienne,13.125,-16.125,Sédhiou,Goudomp,3.25,5.5,361.79,592.9139687587166,12,23,3,0.0136323596048325,694.5782764827247,2.58652931261488,PASSED
677,2007-08-27,2007,8,Phase_2_pleine,Pleine saison,239,81,18.0,24.776471467665683,38.149,14.152294158935549,5.737874707822368,3.0909207066141997,5.138,0.7884773287012117,15.619,-14.072,Matam,Ranérou,Zone sahélienne,15.625,-14.125,Matam,Ranérou,2.25,4.0,250.47,428.83799317751067,6,10,2,0.0130078012735672,496.6258622431626,2.568942277795302,PASSED
678,1999-07-13,1999,7,Phase_2_pleine,Pleine saison,194,81,18.0,19.780422399073476,28.252,8.995102882385254,4.132710594717046,2.6862029680256443,4.229,0.4905685258996151,14.184,-12.324,Tambacounda,Goudiry,Zone soudano-sahélienne,13.375,-11.625,Tambacounda,Goudiry,3.75,2.5,417.45,269.81587778076454,3,8,3,0.0128845860378973,497.05645909454233,2.114328293039838,PASSED
679,2005-07-25,2005,7,Phase_2_pleine,Pleine saison,206,81,18.0,25.06256999498532,37.759,11.41530990600586,5.76107598493447,2.565761315236043,3.971,0.5297805413446792,13.754,-14.285,Tambacounda,Tambacounda,Zone soudano-sahélienne,13.125,-14.375,Tambacounda,Tambacounda,4.25,4.5,473.11,486.5761443279491,8,18,3,0.0129980144652491,678.6673756186112,1.9857476704702928,PASSED
680,1993-07-25,1993,7,Phase_2_pleine,Pleine saison,206,80,17.778,33.109423184394835,67.901,10.242546081542969,12.202935466583376,4.406544221671285,8.726,1.7467660319358584,14.928,-12.747,Matam,Kanel,Zone soudano-sahélienne,16.375,-11.375,Matam,Kanel,4.25,4.75,473.11,510.9253761503442,5,9,3,0.0141979911120259,696.3316756362378,4.363012825667433,PASSED
687,2009-07-21,2009,7,Phase_2_pleine,Pleine saison,202,80,17.778,24.213626265525814,41.253,11.343244552612305,5.902786722636991,2.868024386594112,4.714,0.6206882504399095,14.032,-14.226,Tambacounda,Tambacounda,Zone soudano-sahélienne,13.125,-14.125,Tambacounda,Tambacounda,3.0,5.25,333.96,566.9913113019169,8,16,3,0.013242855814091,658.0337533359267,2.356984440474972,PASSED
688,2015-07-27,2015,7,Phase_2_pleine,Pleine saison,208,80,17.778,31.88758894205093,68.212,15.765368461608888,12.00797002408789,2.803778598956395,4.713,0.6978983747992868,13.564,-13.881,Tambacounda,Tambacounda,Zone soudano-sahélienne,12.375,-15.875,Sédhiou,Goudomp,3.25,5.25,361.79,568.1293722961223,9,14,3,0.0142725799689658,673.5450923866092,2.356705659453463,PASSED
691,2010-08-13,2010,8,Phase_2_pleine,Pleine saison,225,80,17.778,18.86170214414597,27.871,12.433424949645996,3.528959393163917,2.6067986212770173,4.391,0.5797508352402263,15.791,-13.195,Matam,Matam,Zone sahélienne,16.125,-12.625,Matam,Matam,2.0,4.0,222.64,428.4754653324502,4,7,2,0.0129375639865007,482.86622858133256,2.195272636656589,PASSED
693,2000-07-07,2000,7,Phase_2_pleine,Pleine saison,189,80,17.778,17.06370551586151,32.491,4.194172382354736,6.871498425181974,2.484792402312256,4.036,0.3966756160519104,14.052,-13.25,Tambacounda,Tambacounda,Zone soudano-sahélienne,12.375,-12.375,Kédougou,Kédougou,4.25,5.0,473.11,539.9438225207662,9,18,3,0.0145270582116428,717.8944170129314,2.018098169894137,PASSED
696,2012-07-02,2012,7,Phase_2_pleine,Pleine saison,184,79,17.556,21.094478088089183,30.159,9.288896560668944,4.235190150994414,4.505668044558393,8.384,1.4665971899740078,14.71,-15.919,Diourbel,Mbacké,Zone soudano-sahélienne,13.875,-16.625,Fatick,Foundiougne,2.5,2.75,278.3,296.0956745591016,9,21,2,0.0131684756791704,406.3539483075185,4.192085770662274,PASSED
699,1995-07-19,1995,7,Phase_2_pleine,Pleine saison,200,79,17.556,18.26264487640767,31.92,10.180898666381836,4.527238307117561,3.3407599157933685,5.796,0.9738214330813126,15.821,-13.043,Matam,Matam,Zone sahélienne,15.125,-11.625,Matam,Kanel,2.5,4.25,278.3,455.1866920634031,5,7,2,0.0134361072502898,533.5220777476068,2.8978002191755703,PASSED
700,1996-07-07,1996,7,Phase_2_pleine,Pleine saison,189,79,17.556,24.196143138257764,37.462,16.004526138305664,4.467788530185628,2.8983135616787083,5.192,0.6771259190749567,13.531,-12.926,Tambacounda,Goudiry,Zone soudano-sahélienne,13.625,-13.375,Tambacounda,Tambacounda,2.25,3.5,250.47,378.805216761618,5,10,2,0.0130898123455446,454.12400828635606,2.596139357047763,PASSED
702,2009-08-31,2009,8,Phase_2_pleine,Pleine saison,243,79,17.556,36.59016001979007,81.16,15.07749843597412,15.861779104496442,3.064123027655316,4.944,0.7657659846639001,13.636,-15.823,Kaffrine,Malem-Hodar,Zone soudano-sahélienne,12.375,-16.375,Ziguinchor,Oussouye,4.0,3.0,445.28,324.54667016368995,10,20,3,0.0150369739307043,551.0034685592632,2.4720240820454658,PASSED
703,2011-07-13,2011,7,Phase_2_pleine,Pleine saison,194,79,17.556,24.71086713332164,47.201,14.470409393310549,5.930206290570399,2.8723987117348724,4.944,0.5768235920689685,13.514,-12.465,Tambacounda,Goudiry,Zone soudano-sahélienne,12.375,-11.375,Kédougou,Saraya,2.5,2.5,278.3,270.59438941183083,3,6,2,0.013387242974974,388.1651792647836,2.471760002102433,PASSED
705,1999-07-05,1999,7,Phase_2_pleine,Pleine saison,186,79,17.556,23.408599762976923,47.805,7.725752353668213,7.859201546878644,2.5337874997518672,4.364,0.4760637750445782,13.476,-14.321,Tambacounda,Tambacounda,Zone soudanienne,12.375,-14.875,Kolda,Kolda,4.25,5.25,473.11,568.3399255730415,9,19,3,0.0140850797184589,739.4885621159873,2.1821257436644235,PASSED
708,2002-07-02,2002,7,Phase_2_pleine,Pleine saison,183,79,17.556,15.919558018068724,31.719,8.132854461669922,4.940377062417063,2.603906299790552,4.118,0.5154780068955277,14.41,-14.83,Kaffrine,Koungheul,Zone soudano-sahélienne,12.625,-16.375,Ziguinchor,Ziguinchor,3.75,5.25,417.45,566.0432108466957,10,25,3,0.0138773047142593,703.3274004122381,2.0592054457944973,PASSED
713,2000-07-06,2000,7,Phase_2_pleine,Pleine saison,188,78,17.333,15.998921803939036,32.1,7.151870727539063,5.725790155262992,2.530611199645482,4.588,0.5584199641064455,14.657,-12.371,Tambacounda,Bakel,Zone soudano-sahélienne,13.875,-11.875,Tambacounda,Goudiry,4.0,3.75,445.28,403.8645239797905,5,9,3,0.0144625947459397,601.1495945099047,2.294100434487857,PASSED
714,2015-08-20,2015,8,Phase_2_pleine,Pleine saison,232,78,17.333,25.24203475316365,51.716,14.138091087341309,7.471776702337569,2.707381207397774,4.529,0.4620585302234932,14.987,-16.029,Diourbel,Mbacké,Zone soudano-sahélienne,13.875,-16.625,Fatick,Foundiougne,4.0,2.5,445.28,268.8336251533886,10,20,3,0.0139438352880139,520.1401727064664,2.264365837668605,PASSED
715,1985-07-22,1985,7,Phase_2_pleine,Pleine saison,203,78,17.333,29.60267609816331,52.101,17.150806427001953,9.309310452161732,2.6891074216553696,4.083,0.5816900560324745,13.017,-13.646,Tambacounda,Tambacounda,Zone soudanienne,12.375,-14.375,Kolda,Médina Yoro Foulah,2.75,4.5,306.13,488.0681553714814,6,15,2,0.0140883937746741,576.1302824992977,2.0416690276972616,PASSED
719,2018-07-07,2018,7,Phase_2_pleine,Pleine saison,188,77,17.111,16.51048415047782,27.633,8.196122169494629,4.119198908431053,3.5866617045100777,6.529,1.2525046880878523,15.756,-12.888,Matam,Matam,Zone sahélienne,14.875,-13.625,Matam,Ranérou,2.5,3.0,278.3,321.4126637827658,2,6,2,0.0137953922887815,425.1552460601106,3.2645358742598702,PASSED
722,2012-08-21,2012,8,Phase_2_pleine,Pleine saison,234,77,17.111,24.301973293353985,57.43,13.927116394042969,8.570628519824123,2.7499846693253165,5.301,0.7184083042504714,15.224,-12.171,Matam,Kanel,Zone soudano-sahélienne,14.625,-11.375,Matam,Kanel,2.75,2.5,306.13,268.53364637553767,3,6,2,0.0146023068376249,407.217260637049,2.650612519838744,PASSED
723,1991-08-13,1991,8,Phase_2_pleine,Pleine saison,225,77,17.111,26.55016698465719,42.547,12.04953384399414,8.049639097803366,3.0956240665047567,4.661,0.7594086155505579,14.991,-12.39,Matam,Kanel,Zone soudano-sahélienne,13.625,-12.875,Tambacounda,Goudiry,3.0,2.75,333.96,295.7107020648734,2,5,2,0.0141808020063319,446.0651216506401,2.330532962540984,PASSED
725,1993-07-29,1993,7,Phase_2_pleine,Pleine saison,210,77,17.111,26.147046956149016,47.868,13.46644401550293,9.720074625791506,2.7946001713784767,4.283,0.5606893993766655,14.053,-12.999,Tambacounda,Goudiry,Zone soudano-sahélienne,13.375,-11.625,Tambacounda,Goudiry,4.0,5.75,445.28,620.9332395488834,8,15,3,0.0147817597539294,764.0892416640029,2.141412623481968,PASSED
726,2002-07-20,2002,7,Phase_2_pleine,Pleine saison,201,77,17.111,25.357708398397868,43.164,13.48957633972168,6.359752562568552,2.69263414008932,4.005,0.455983864483009,13.576,-12.434,Tambacounda,Goudiry,Zone soudano-sahélienne,12.375,-11.625,Kédougou,Saraya,3.25,2.75,361.79,297.57657424626245,4,8,3,0.0138039145106525,468.44831662910406,2.0025642646142865,PASSED
727,2023-08-28,2023,8,Phase_2_pleine,Pleine saison,240,77,17.111,25.58780844799884,52.782,14.43231964111328,8.90391831832633,2.5272503762346648,3.611,0.3746493611711767,14.601,-14.946,Kaffrine,Koungheul,Zone soudano-sahélienne,12.375,-13.125,Kédougou,Salémata,4.25,4.0,473.11,430.8989054851235,11,22,3,0.0145595664798289,639.9272843443053,1.805304540077215,PASSED
730,2005-07-16,2005,7,Phase_2_pleine,Pleine saison,197,76,16.889,26.49219120176215,42.543,11.3396635055542,8.561151694682822,4.702667509435792,7.673,1.7130876077973052,14.978,-16.208,Diourbel,Diourbel,Zone soudano-sahélienne,15.625,-16.625,Saint-Louis,Saint-Louis,3.25,2.0,361.79,215.07552665858125,9,20,3,0.0145319842679124,420.8913042342002,3.83666649971468,PASSED
731,1992-07-27,1992,7,Phase_2_pleine,Pleine saison,209,76,16.889,22.611406890969526,51.144,12.669812202453612,7.276756956750824,3.331258060452152,6.448,0.8425254945904304,15.654,-12.343,Matam,Kanel,Zone sahélienne,15.125,-11.875,Matam,Kanel,2.0,2.25,222.64,241.1796774668507,2,5,2,0.0145206158256309,328.2319410653298,3.224209393715922,PASSED
739,2022-07-21,2022,7,Phase_2_pleine,Pleine saison,202,76,16.889,19.5142719745636,47.184,10.0861177444458,6.653562117385538,2.6394536775414847,3.91,0.4759801471108217,14.67,-13.961,Tambacounda,Koumpentoum,Zone soudano-sahélienne,12.375,-16.625,Ziguinchor,Oussouye,3.75,5.75,417.45,619.2247627813304,9,19,3,0.0146875379079615,746.7957032995,1.9550916579508055,PASSED
745,1984-08-19,1984,8,Phase_2_pleine,Pleine saison,232,75,16.667,48.63822499593099,79.589,26.22292900085449,12.072899976776364,3.0673335825686587,5.044,0.7326937870608817,12.814,-14.432,Kolda,Médina Yoro Foulah,Zone soudanienne,12.875,-16.625,Ziguinchor,Bignona,2.0,5.5,222.64,597.012176255976,8,16,2,0.0141548313265961,637.17510066731,2.5221321154040184,PASSED
746,2006-08-10,2006,8,Phase_2_pleine,Pleine saison,222,75,16.667,42.15333159128825,70.505,15.14657497406006,13.25595717420736,2.722292217179276,4.225,0.5264402964829075,12.997,-12.938,Kédougou,Salémata,Zone soudanienne,12.375,-12.875,Kédougou,Kédougou,3.5,3.0,389.62,325.40457854208927,4,8,3,0.0146518848774804,507.6336022281768,2.112383437668736,PASSED
747,2018-08-29,2018,8,Phase_2_pleine,Pleine saison,241,75,16.667,36.93956915537516,54.666,14.823494911193848,8.53564013683275,2.7513154805207765,3.837,0.4793673187219052,13.151,-12.791,Tambacounda,Goudiry,Zone soudanienne,12.375,-12.375,Kédougou,Kédougou,3.5,5.0,389.62,542.0024247781183,6,13,3,0.0140452469160011,667.5105713322897,1.9185344045469752,PASSED
755,2022-08-06,2022,8,Phase_2_pleine,Pleine saison,218,74,16.444,21.096527975958747,32.716,12.183777809143066,5.124542706290265,2.975682268093904,6.861,0.8944290324981992,15.525,-15.469,Louga,Linguère,Zone sahélienne,14.875,-16.375,Diourbel,Bambey,2.75,5.25,306.13,563.1072163334715,8,18,2,0.0143108773631981,640.940960784869,3.430473109272895,PASSED
757,2019-08-26,2019,8,Phase_2_pleine,Pleine saison,238,74,16.444,35.1487689662624,68.923,16.11253547668457,12.275868026133852,3.824104309642713,6.754,1.199640495883016,14.991,-13.117,Matam,Kanel,Zone soudano-sahélienne,14.875,-12.625,Matam,Kanel,4.0,4.0,445.28,430.1263517570739,4,10,3,0.0151618750186855,619.0985056724415,3.3769679213958472,PASSED
760,2015-08-02,2015,8,Phase_2_pleine,Pleine saison,214,74,16.444,21.37462671383007,34.142,10.954829216003418,4.106266067972794,2.98935330724586,5.703,0.7542210976826551,15.55,-15.144,Louga,Linguère,Zone sahélienne,15.375,-15.375,Louga,Linguère,2.75,2.75,306.13,294.92450838874515,6,12,2,0.01401224337797,425.08357269288007,2.851606584560328,PASSED
761,2012-07-28,2012,7,Phase_2_pleine,Pleine saison,210,74,16.444,29.64050548141067,49.781,13.851012229919434,9.820226959934264,3.069654244144424,5.624,0.9751260637868888,13.593,-13.676,Tambacounda,Tambacounda,Zone soudano-sahélienne,13.125,-13.625,Tambacounda,Tambacounda,3.25,4.75,361.79,513.958685228291,6,13,3,0.0149968515013515,628.5264814899158,2.81221823354753,PASSED
763,2002-08-19,2002,8,Phase_2_pleine,Pleine saison,231,74,16.444,27.44540079219921,45.269,14.011041641235352,7.661531954907386,2.95977224661868,4.986,0.6084781781380388,15.045,-15.874,Louga,Kébémer,Zone soudano-sahélienne,14.125,-16.625,Fatick,Foundiougne,2.75,2.5,306.13,268.7604364654508,9,20,2,0.0145665910778622,407.3668498222452,2.492959930986399,PASSED
769,1985-08-06,1985,8,Phase_2_pleine,Pleine saison,218,73,16.222,86.89720336705038,231.351,25.742311477661133,55.526371658057855,6.079823502091305,14.269,3.517806791147515,12.83,-13.223,Tambacounda,Tambacounda,Zone soudanienne,12.375,-13.625,Kolda,Vélingara,1.5,3.25,166.98,352.7574651292251,3,7,2,0.0192918788559364,390.2821384124201,7.134552120277735,PASSED
774,1995-08-20,1995,8,Phase_2_pleine,Pleine saison,232,73,16.222,31.64958729156076,55.777,19.5507869720459,8.530742979403819,2.808369582155518,5.859,0.6898328394143869,14.068,-14.882,Kaffrine,Malem-Hodar,Zone soudano-sahélienne,14.125,-14.375,Tambacounda,Koumpentoum,3.0,3.5,333.96,377.9344600234677,9,18,2,0.0146938401851831,504.3448517737939,2.929315498497709,PASSED
777,1996-08-14,1996,8,Phase_2_pleine,Pleine saison,227,73,16.222,27.815170118253526,67.276,12.073097229003906,13.591941949860164,2.806110720969587,5.205,0.6900926247248336,14.286,-13.897,Tambacounda,Tambacounda,Zone soudano-sahélienne,12.375,-13.375,Kédougou,Salémata,4.25,4.0,473.11,431.5092991300872,6,11,3,0.0169696013426581,640.3384556121388,2.6023037879498965,PASSED
779,1993-08-24,1993,8,Phase_2_pleine,Pleine saison,236,73,16.222,32.92360117664076,79.154,18.060503005981445,12.064272861620935,2.4976454233810346,4.387,0.4922112161331217,13.562,-13.685,Tambacounda,Tambacounda,Zone soudano-sahélienne,12.375,-14.125,Kolda,Médina Yoro Foulah,3.25,4.0,361.79,432.8644633552075,6,12,3,0.0155379818365964,564.1486075922653,2.1934665106021027,PASSED
780,2015-08-19,2015,8,Phase_2_pleine,Pleine saison,231,73,16.222,35.43320945844258,60.193,16.01477813720703,10.025699659710622,2.9329546302055163,4.375,0.643013656806881,13.714,-12.027,Tambacounda,Goudiry,Zone soudano-sahélienne,12.375,-12.125,Kédougou,Kédougou,3.25,2.0,361.79,216.2929017163388,3,6,3,0.0147953243137432,421.51468200452257,2.1874377356828334,PASSED
781,1994-08-15,1994,8,Phase_2_pleine,Pleine saison,227,73,16.222,32.55807531696476,54.967,20.03413200378418,8.290746186130212,2.662525057900061,4.025,0.5006344679802489,13.625,-13.533,Tambacounda,Tambacounda,Zone soudano-sahélienne,12.875,-13.875,Tambacounda,Tambacounda,2.75,4.25,306.13,459.7963082335228,6,11,2,0.0145869041004171,552.3841264828096,2.012649149729692,PASSED
785,1982-07-31,1982,7,Phase_2_pleine,Pleine saison,212,72,16.0,37.76825331317054,63.467,15.379079818725586,12.209925214693376,3.5280070787967848,5.798,0.8176726466389508,13.658,-11.892,Tambacounda,Goudiry,Zone soudano-sahélienne,12.875,-11.875,Kédougou,Saraya,3.75,2.0,417.45,216.34457220804697,3,6,3,0.0153404646609571,470.18027345783327,2.8990882522887973,PASSED
786,2015-08-31,2015,8,Phase_2_pleine,Pleine saison,243,72,16.0,35.72571988900503,62.763,13.62603759765625,11.583233706704732,3.0753544092061937,5.221,0.7726132692478651,13.568,-11.97,Tambacounda,Goudiry,Zone soudano-sahélienne,12.375,-11.625,Kédougou,Saraya,3.25,1.5,361.79,162.31962317538478,3,7,3,0.0153489302661929,396.5345733732418,2.6103366987116865,PASSED
788,2017-07-01,2017,7,Phase_2_pleine,Pleine saison,182,72,16.0,14.643750396039753,31.949,3.853200674057007,7.234544808738867,3.0626725244793,5.005,0.8972563008883012,14.506,-15.481,Kaffrine,Birkelane,Zone soudano-sahélienne,13.875,-15.375,Kaffrine,Malem-Hodar,3.25,3.25,361.79,350.2572721859878,10,21,3,0.0172787764234451,503.5594945303575,2.502743256855989,PASSED
789,2004-08-01,2004,8,Phase_2_pleine,Pleine saison,214,72,16.0,19.271398451593186,43.023,11.500970840454102,5.670820672077184,2.659567020526663,4.959,0.6737472586814328,15.455,-14.668,Matam,Ranérou,Zone soudano-sahélienne,12.375,-16.625,Ziguinchor,Oussouye,4.25,5.25,473.11,563.2970403301086,11,19,3,0.0150915212045091,735.6198869964433,2.4796620526288167,PASSED
796,2007-08-31,2007,8,Phase_2_pleine,Pleine saison,243,71,15.778,33.639608114538056,62.304,15.211433410644531,10.43452603262152,3.696289128985372,6.857,1.1704875414503262,14.694,-12.167,Tambacounda,Bakel,Zone soudano-sahélienne,14.875,-12.375,Matam,Kanel,2.75,2.0,306.13,215.35796692922588,3,5,3,0.0154396504270702,374.2921747043205,3.42855134499732,PASSED
797,2012-08-14,2012,8,Phase_2_pleine,Pleine saison,227,71,15.778,24.448110580444336,59.194,13.25755214691162,8.241124954541927,3.546118129560982,6.709,1.1129231894119378,15.694,-15.765,Saint-Louis,Saint-Louis,Zone sahélienne,14.875,-17.125,Thiès,Thiès,2.25,3.5,250.47,375.0945598963829,7,14,2,0.0156848904753852,451.03342616718686,3.3546016391107614,PASSED
799,2004-07-29,2004,7,Phase_2_pleine,Pleine saison,211,71,15.778,25.107758186232875,48.291,12.899096488952637,7.277012484479186,3.1328190693384395,5.467,0.8786143617702665,15.073,-15.524,Louga,Linguère,Zone soudano-sahélienne,12.375,-16.125,Sédhiou,Goudomp,4.25,3.25,473.11,349.3422478517743,10,18,3,0.015267635816398,588.1097419990001,2.733405059097255,PASSED
802,2005-08-22,2005,8,Phase_2_pleine,Pleine saison,234,71,15.778,30.417467708319005,56.409,15.19449234008789,8.811795037220534,2.474304923693567,3.531,0.3152214524413634,14.138,-16.103,Fatick,Gossas,Zone soudano-sahélienne,12.625,-16.625,Ziguinchor,Oussouye,3.75,2.5,417.45,269.8702071969165,11,25,3,0.0152665256508078,497.085952685757,1.7654390396017077,PASSED
803,2006-08-14,2006,8,Phase_2_pleine,Pleine saison,226,71,15.778,37.16110178450464,54.867,18.775434494018555,9.911055291245802,2.613188544585688,3.503,0.4066425441490313,13.263,-15.669,Sédhiou,Sédhiou,Zone soudanienne,13.375,-16.125,Kaolack,Nioro du Rip,2.5,2.75,278.3,297.9640870742286,7,16,2,0.0150863606939547,407.7174021285803,1.7517110986027846,PASSED
804,1992-08-31,1992,8,Phase_2_pleine,Pleine saison,244,70,15.556,34.663132081712995,120.725,11.351136207580566,20.501717779364704,3.058451985455516,7.702,1.0611217073604358,13.701,-15.794,Kaffrine,Kaffrine,Zone soudano-sahélienne,12.875,-16.625,Ziguinchor,Bignona,4.25,4.5,473.11,486.686428667108,11,20,3,0.0192831458746618,678.7464492347227,3.851163044101275,PASSED
808,2020-07-29,2020,7,Phase_2_pleine,Pleine saison,211,70,15.556,30.37784983771188,83.086,15.344271659851074,11.110055690325549,4.125541987672379,6.501,1.2409683709077084,15.081,-12.801,Matam,Kanel,Zone soudano-sahélienne,12.375,-16.625,Ziguinchor,Oussouye,4.25,5.25,473.11,564.302177371598,5,10,3,0.0161965368882872,736.3898491195587,3.250378125476576,PASSED
812,2020-07-03,2020,7,Phase_2_pleine,Pleine saison,185,70,15.556,15.62770197050912,24.598,7.826332569122314,4.550986513882952,2.4531004049097045,3.69,0.3619233332309862,14.534,-13.087,Tambacounda,Goudiry,Zone soudano-sahélienne,13.875,-13.375,Tambacounda,Tambacounda,3.5,3.5,389.62,377.1517893384755,3,8,3,0.0154972126059555,542.2611977416545,1.8449607996002135,PASSED
813,2023-08-20,2023,8,Phase_2_pleine,Pleine saison,232,70,15.556,33.20353557041713,76.936,13.732060432434082,11.699330898581133,2.660698523139562,3.637,0.4011987238138911,13.866,-16.113,Fatick,Foundiougne,Zone soudano-sahélienne,12.875,-16.625,Ziguinchor,Bignona,4.0,2.75,445.28,297.208488073425,12,25,3,0.0160593129288471,535.3570459355991,1.8186736626381916,PASSED
818,1986-08-04,1986,8,Phase_2_pleine,Pleine saison,216,69,15.333,33.54410305576048,63.144,10.24206829071045,11.188882561601272,4.968811910872426,8.806,1.6497350752207658,15.598,-14.579,Matam,Ranérou,Zone sahélienne,14.875,-17.125,Thiès,Thiès,2.25,5.25,250.47,562.9077429535097,7,14,2,0.0161052248471551,616.1171558504636,4.403119389960765,PASSED
819,2014-07-04,2014,7,Phase_2_pleine,Pleine saison,185,69,15.333,13.604263188182443,24.882,4.485522747039795,4.671747723039726,3.7938200595678766,7.426,1.5318246526047907,15.948,-14.724,Matam,Ranérou,Zone sahélienne,16.375,-14.625,Matam,Ranérou,3.0,3.5,333.96,374.623726249848,4,9,2,0.0162018227304504,501.8687176013474,3.713226208858903,PASSED
820,1993-07-24,1993,7,Phase_2_pleine,Pleine saison,205,69,15.333,26.076423700305,44.493,12.648863792419434,7.726742579322812,3.621353814312391,7.332,1.363269013623839,15.21,-14.065,Matam,Ranérou,Zone soudano-sahélienne,15.375,-14.125,Matam,Ranérou,4.25,2.75,473.11,295.4062948328892,5,10,3,0.0157652241698065,557.76154539991,3.6662033022074425,PASSED
821,1995-08-15,1995,8,Phase_2_pleine,Pleine saison,227,69,15.333,50.81829770406088,101.78,12.845849990844728,22.40353266427661,3.5579677743268827,7.206,1.3689104704827486,13.086,-13.172,Tambacounda,Tambacounda,Zone soudanienne,12.875,-13.125,Kédougou,Salémata,4.0,4.0,445.28,433.7160414899474,6,12,3,0.0173094737210576,621.597849011489,3.602765994801138,PASSED
825,2008-08-21,2008,8,Phase_2_pleine,Pleine saison,234,69,15.333,43.74516896234042,97.309,20.09117889404297,15.380816188450863,3.144600239197449,5.627,0.8845697294719644,13.368,-15.722,Sédhiou,Sédhiou,Zone soudanienne,12.875,-16.625,Ziguinchor,Bignona,2.25,2.75,250.47,297.83576775788754,8,19,2,0.0162843883711328,389.1546828860991,2.8133193588705447,PASSED
826,1981-08-21,1981,8,Phase_2_pleine,Pleine saison,233,69,15.333,27.610380324764527,44.976,14.795680046081545,8.937194861752744,2.930669128144378,4.988,0.7106672079979627,14.939,-12.47,Matam,Kanel,Zone soudano-sahélienne,12.375,-14.875,Kolda,Kolda,4.0,3.5,445.28,376.4519768311378,4,9,3,0.0160112319081756,583.0869335785802,2.494126151307303,PASSED
828,2001-08-23,2001,8,Phase_2_pleine,Pleine saison,235,69,15.333,43.32528432210287,67.434,22.578100204467773,10.611722044478531,3.106731453674292,4.668,0.6876981501690109,13.062,-12.443,Tambacounda,Goudiry,Zone soudanienne,12.625,-12.875,Kédougou,Salémata,2.0,2.5,222.64,271.09960253066896,3,6,2,0.0153621939862813,350.80416873917943,2.334072537518611,PASSED
831,1988-07-30,1988,7,Phase_2_pleine,Pleine saison,212,69,15.333,27.59478741797848,42.084,14.24477767944336,6.359419517211497,2.747955925395318,4.297,0.6206603894938729,14.096,-12.774,Tambacounda,Goudiry,Zone soudano-sahélienne,12.375,-14.125,Kolda,Médina Yoro Foulah,4.0,3.5,445.28,377.8884230782228,4,10,3,0.015262471821424,584.0153607111254,2.1486604865410803,PASSED
832,1995-08-29,1995,8,Phase_2_pleine,Pleine saison,241,69,15.333,28.98458082779594,59.114,15.040238380432127,10.963752998639457,2.6659574261345966,3.852,0.5399548183644701,14.155,-13.118,Tambacounda,Goudiry,Zone soudano-sahélienne,12.375,-13.875,Kolda,Vélingara,4.0,3.5,445.28,377.7905300273204,4,11,3,0.0165664031015329,583.9520235672821,1.9258730209732868,PASSED
833,2007-08-21,2007,8,Phase_2_pleine,Pleine saison,233,69,15.333,29.391955500063688,61.308,15.032602310180664,9.220464335000152,2.398100892831864,3.444,0.32844997586791,14.038,-13.17,Tambacounda,Goudiry,Zone soudano-sahélienne,12.375,-14.375,Kolda,Médina Yoro Foulah,3.75,3.25,417.45,350.9855014052305,4,11,3,0.0159190163444055,545.3946624433365,1.7219193300832318,PASSED
834,2020-08-25,2020,8,Phase_2_pleine,Pleine saison,238,69,15.333,23.21136672254922,38.087,13.425387382507324,5.542799039791642,2.3931334717101667,3.099,0.2605025373784853,15.017,-12.249,Matam,Kanel,Zone soudano-sahélienne,12.375,-15.875,Sédhiou,Goudomp,4.25,4.5,473.11,483.832523493111,4,6,3,0.0153191868106938,676.7030170537972,1.549685159021053,PASSED
836,2015-08-07,2015,8,Phase_2_pleine,Pleine saison,219,68,15.111,45.58411617840038,96.332,14.27543830871582,17.47806051174681,4.092301271977887,8.003,1.3449943575711507,13.745,-11.895,Tambacounda,Goudiry,Zone soudano-sahélienne,13.375,-11.625,Tambacounda,Goudiry,4.0,1.25,445.28,135.165071280198,3,6,3,0.0168678564533822,465.3427529726674,4.001256083599376,PASSED
837,2012-07-12,2012,7,Phase_2_pleine,Pleine saison,194,68,15.111,17.754183839349185,51.06,6.928689002990723,7.2809522393161314,2.9443908642066323,5.819,0.8715930355626139,14.928,-14.354,Matam,Ranérou,Zone soudano-sahélienne,13.875,-16.625,Fatick,Foundiougne,3.25,5.75,361.79,618.4880786242636,9,16,3,0.0171791210138359,716.5329798500787,2.909468441839203,PASSED
838,1998-08-22,1998,8,Phase_2_pleine,Pleine saison,234,68,15.111,38.39934901630177,62.728,25.19652557373047,8.038318877342467,2.72788267226392,5.085,0.6138119578441252,13.353,-13.382,Tambacounda,Tambacounda,Zone soudanienne,12.375,-13.375,Kédougou,Salémata,2.25,5.25,250.47,568.631426281756,6,13,2,0.0153503094962372,621.3508844537635,2.542688108660055,PASSED
841,2020-08-29,2020,8,Phase_2_pleine,Pleine saison,242,68,15.111,37.53092176773969,59.931,21.507158279418945,8.76195049136349,2.61821610650559,4.296,0.5081184907447851,12.959,-14.903,Kolda,Kolda,Zone soudanienne,12.375,-16.125,Sédhiou,Goudomp,1.75,4.5,194.81,488.1823719601805,7,14,2,0.0155074020792122,525.6167442979895,2.1480620794953857,PASSED
842,1991-08-11,1991,8,Phase_2_pleine,Pleine saison,223,68,15.111,25.99954154912163,43.98,13.840712547302246,6.414137401189259,2.541678150354854,3.992,0.4480428785432992,14.353,-12.697,Tambacounda,Goudiry,Zone soudano-sahélienne,13.375,-13.125,Tambacounda,Tambacounda,2.75,3.0,306.13,323.5356016554566,3,7,3,0.0156009095349214,445.41089306791577,1.9962210901727664,PASSED
846,1982-07-15,1982,7,Phase_2_pleine,Pleine saison,196,67,14.889,24.90341731683532,40.462,8.049934387207031,6.862346405570835,3.911865966010874,7.552,1.343493935813418,14.626,-16.192,Diourbel,Diourbel,Zone soudano-sahélienne,15.375,-16.125,Louga,Louga,3.25,1.75,361.79,188.49732586969827,9,21,3,0.0160586932020908,407.9500578165509,3.776135464635682,PASSED
850,1986-07-25,1986,7,Phase_2_pleine,Pleine saison,206,67,14.889,27.119219680330648,39.955,19.325557708740234,5.615776376368814,2.6725237144406098,4.241,0.5808286331550996,13.508,-13.204,Tambacounda,Tambacounda,Zone soudano-sahélienne,12.625,-14.125,Kolda,Médina Yoro Foulah,2.75,3.5,306.13,378.8428280555439,4,9,2,0.015565388543421,487.0702890693728,2.120728676791257,PASSED
851,2010-08-25,2010,8,Phase_2_pleine,Pleine saison,237,67,14.889,23.433739391725453,40.989,12.1283597946167,7.003296737914144,2.8021438550632927,4.167,0.6535022498880912,15.62,-13.962,Matam,Ranérou,Zone sahélienne,15.125,-13.625,Matam,Ranérou,2.0,4.75,222.64,509.2424563061487,5,8,2,0.0162584250469092,555.7845352447473,2.083394984187091,PASSED
852,2000-08-14,2000,8,Phase_2_pleine,Pleine saison,227,67,14.889,26.536296630973247,54.346,11.53567123413086,10.048100763852707,2.4033254241595228,3.395,0.2969258128717991,14.058,-15.366,Kaffrine,Kaffrine,Zone soudano-sahélienne,12.875,-15.125,Kolda,Kolda,4.25,2.0,473.11,215.97164696400776,9,21,3,0.0170653670275724,520.0738551324667,1.697457312531789,PASSED
856,2003-07-04,2003,7,Phase_2_pleine,Pleine saison,185,66,14.667,21.55991780396664,38.133,6.613458156585693,6.991478984302112,3.374441160803245,5.567,1.037771808774224,14.769,-14.202,Tambacounda,Koumpentoum,Zone soudano-sahélienne,14.875,-13.625,Matam,Ranérou,3.25,3.75,361.79,403.658244395141,6,13,3,0.0167448240291551,542.0627141583042,2.7834187597895657,PASSED
857,2004-08-29,2004,8,Phase_2_pleine,Pleine saison,242,66,14.667,23.792895634969074,38.311,14.596981048583984,6.595095949936583,2.8687966538952514,5.121,0.7176927202095745,15.245,-12.137,Matam,Kanel,Zone soudano-sahélienne,15.125,-11.375,Matam,Kanel,4.25,2.25,473.11,241.65623213913844,3,5,3,0.01631565110393,531.2539854266367,2.56034800341999,PASSED
858,1996-08-29,1996,8,Phase_2_pleine,Pleine saison,242,66,14.667,43.18943006342108,75.882,23.710458755493164,10.940574510211976,3.0999384932670213,5.088,0.8589307386453595,12.92,-14.445,Kolda,Médina Yoro Foulah,Zone soudanienne,12.375,-13.625,Kolda,Vélingara,1.75,4.25,194.81,461.1329949492374,5,12,2,0.0161237728145399,500.59421952775625,2.5442418587255187,PASSED
859,1989-07-11,1989,7,Phase_2_pleine,Pleine saison,192,66,14.667,26.125117576483525,51.732,11.18514919281006,8.970650627397069,3.2370975037040743,4.968,0.6460532478194979,13.616,-11.915,Tambacounda,Goudiry,Zone soudano-sahélienne,12.625,-11.625,Kédougou,Saraya,3.75,3.5,417.45,378.669572841548,4,8,3,0.0169379510729795,563.6090498040289,2.48406327123337,PASSED
861,1987-08-24,1987,8,Phase_2_pleine,Pleine saison,236,66,14.667,22.141784552371863,40.874,13.436127662658691,6.5530136235246434,2.9742621079685194,4.676,0.6929644349710149,15.934,-14.331,Matam,Ranérou,Zone sahélienne,15.125,-15.375,Louga,Linguère,1.75,5.0,194.81,535.2150574573893,5,9,2,0.016478643618533,569.5665819927171,2.3379690102996484,PASSED
863,2012-07-06,2012,7,Phase_2_pleine,Pleine saison,188,66,14.667,13.92512891509316,22.174,7.108884811401367,3.908007920523127,2.314860636318725,3.399,0.3063498075891258,14.934,-12.352,Matam,Kanel,Zone soudano-sahélienne,13.625,-11.375,Kédougou,Saraya,3.5,3.75,389.62,403.3502186275711,4,9,3,0.0163448669337887,560.7986565978109,1.69944509391633,PASSED
864,2006-07-16,2006,7,Phase_2_pleine,Pleine saison,197,66,14.667,19.678613272580236,43.97,9.73836898803711,8.10408689674166,2.523907727861818,3.382,0.3618322743428699,14.658,-15.142,Kaffrine,Koungheul,Zone soudano-sahélienne,12.375,-16.625,Ziguinchor,Oussouye,4.25,3.0,473.11,323.09093531617145,9,14,3,0.0177211727642862,572.905589939109,1.6911578599655015,PASSED
869,1981-08-03,1981,8,Phase_2_pleine,Pleine saison,215,65,14.444,25.185041897113507,52.706,15.145064353942873,6.737590607699983,3.574284452239967,6.548,1.1041630549302517,15.58,-14.398,Matam,Ranérou,Zone sahélienne,13.875,-16.625,Fatick,Foundiougne,3.75,4.5,417.45,482.5344683634953,7,11,3,0.0164856742177137,638.0470427670996,3.2741066382741657,PASSED
871,1998-08-05,1998,8,Phase_2_pleine,Pleine saison,217,65,14.444,22.38794925396259,50.712,11.805334091186523,8.74200682196545,2.810673398296578,5.554,0.6820282008927049,15.094,-15.47,Louga,Linguère,Zone soudano-sahélienne,12.375,-16.125,Sédhiou,Goudomp,4.25,3.25,473.11,349.30894247983224,11,19,3,0.0177303576759895,588.0899589317767,2.7771349869377944,PASSED
872,2013-08-25,2013,8,Phase_2_pleine,Pleine saison,237,65,14.444,47.91760520935058,101.133,20.095579147338867,20.054014675005927,3.361266497523874,5.231,1.050626722830036,13.197,-15.885,Sédhiou,Sédhiou,Zone soudanienne,12.875,-16.625,Ziguinchor,Bignona,2.0,2.25,222.64,243.8557860250233,7,15,2,0.0180792450709399,330.203292973256,2.6155220489776863,PASSED
875,2011-07-14,2011,7,Phase_2_pleine,Pleine saison,195,65,14.444,30.94754289480356,55.138,17.22651481628418,10.08285504651028,3.0667274877557147,4.691,0.740641168715919,12.952,-12.405,Kédougou,Salémata,Zone soudanienne,12.625,-12.125,Kédougou,Kédougou,1.75,3.0,194.81,325.46281170403927,3,7,2,0.0170176723850026,379.3111854349261,2.345729105238387,PASSED
879,2015-07-19,2015,7,Phase_2_pleine,Pleine saison,200,65,14.444,28.108565917381878,46.932,12.879908561706545,8.596048628432966,2.429180342299118,3.777,0.4142240450616307,12.868,-14.324,Kolda,Médina Yoro Foulah,Zone soudanienne,12.375,-15.125,Sédhiou,Bounkiling,2.5,5.0,278.3,542.6214482720349,7,17,2,0.0168234371313327,609.8269581916993,1.8883139565957427,PASSED
883,1993-07-21,1993,7,Phase_2_pleine,Pleine saison,202,64,14.222,39.93317022919655,67.957,17.39979362487793,12.269106101321944,3.956768627165856,7.494,1.3359403046700289,13.072,-13.924,Tambacounda,Tambacounda,Zone soudanienne,13.625,-14.625,Kolda,Vélingara,1.75,3.75,194.81,406.6326617072805,4,11,2,0.0170999533730728,450.8891827942844,3.747187101029692,PASSED
884,2001-07-28,2001,7,Phase_2_pleine,Pleine saison,209,64,14.222,24.596080273389816,41.288,13.280149459838867,7.591932468149013,3.7267037647578496,6.982,1.2265696970501174,15.976,-14.867,Louga,Linguère,Zone sahélienne,16.375,-14.375,Matam,Ranérou,3.5,3.25,389.62,347.81721773784005,5,8,3,0.0171136510054061,522.2839757544664,3.490847070739039,PASSED
886,1984-08-14,1984,8,Phase_2_pleine,Pleine saison,227,64,14.222,50.55443435907364,96.728,24.817079544067383,18.878648223781084,3.692936805456166,6.609,1.1831713346619923,13.234,-13.212,Tambacounda,Tambacounda,Zone soudanienne,12.375,-13.375,Kédougou,Salémata,2.5,2.25,278.3,243.81813638208936,4,8,2,0.0178039301241265,369.9975222097239,3.304409578232788,PASSED
889,2008-08-30,2008,8,Phase_2_pleine,Pleine saison,243,64,14.222,27.676754653453827,51.944,13.879197120666504,8.810430440265607,3.0024332936502574,5.785,0.9781037569738584,14.716,-11.978,Tambacounda,Bakel,Zone soudano-sahélienne,14.875,-11.375,Matam,Kanel,4.25,1.75,473.11,188.41990925269317,3,7,3,0.0172083756130951,509.2495701547455,2.892465085511114,PASSED
890,2007-07-18,2007,7,Phase_2_pleine,Pleine saison,199,64,14.222,16.671537816524506,29.99,10.634291648864746,4.592203145603074,3.004563093726791,4.624,0.7002418524905446,15.633,-12.686,Matam,Kanel,Zone sahélienne,12.875,-16.375,Ziguinchor,Bignona,3.75,5.0,417.45,536.0103708870698,4,6,3,0.0168105254614089,679.3906338208484,2.3117530267748365,PASSED
893,2005-08-18,2005,8,Phase_2_pleine,Pleine saison,230,64,14.222,27.48018704354763,40.616,14.27136516571045,7.693286692566703,2.7575243739617745,4.155,0.6040701203788051,14.664,-11.988,Tambacounda,Bakel,Zone soudano-sahélienne,14.375,-11.375,Kédougou,Saraya,3.5,2.25,389.62,242.31116429006732,3,6,3,0.016849628862638,458.8228794585205,2.0772933008038423,PASSED
894,2016-08-17,2016,8,Phase_2_pleine,Pleine saison,230,64,14.222,26.85732997953892,49.305,13.638360977172852,6.830296179238859,2.417746242042097,4.142,0.4018759964589291,14.369,-12.193,Tambacounda,Goudiry,Zone soudano-sahélienne,12.375,-13.125,Kédougou,Salémata,4.0,2.25,445.28,242.6344323572288,3,6,3,0.0166355863507242,507.0954042537899,2.071009171050473,PASSED
896,1981-07-14,1981,7,Phase_2_pleine,Pleine saison,195,64,14.222,16.9380142390728,28.772,7.154111862182617,5.148244403915483,2.475037946916779,3.361,0.3322115425798775,14.576,-12.307,Tambacounda,Bakel,Zone soudano-sahélienne,12.625,-12.125,Kédougou,Kédougou,4.0,5.75,445.28,619.4878791157054,4,9,3,0.0170684885753441,762.9151418219951,1.680252936233791,PASSED
898,2023-08-16,2023,8,Phase_2_pleine,Pleine saison,228,63,14.0,21.55762855590336,43.095,12.196650505065918,8.080505012982224,3.487088401768444,8.228,1.63097579879209,16.176,-14.373,Matam,Ranérou,Zone sahélienne,16.375,-16.375,Saint-Louis,Saint-Louis,1.25,5.25,139.15,561.2928263343629,3,8,2,0.0181031680022198,578.2839766045245,4.1139071821901485,PASSED
901,1989-07-13,1989,7,Phase_2_pleine,Pleine saison,194,63,14.0,18.04586505889893,28.037,5.551394462585449,5.288344065438566,3.2774293212829604,6.202,1.0354482269331715,15.768,-15.412,Louga,Linguère,Zone sahélienne,16.125,-14.875,Louga,Linguère,2.25,2.75,250.47,294.6099693898062,6,11,2,0.0172361652381119,386.6914231271656,3.101109951107145,PASSED
905,2000-08-05,2000,8,Phase_2_pleine,Pleine saison,218,63,14.0,20.879712922232493,49.346,11.575469017028809,5.8389267809627805,2.974000745287164,5.183,0.7765742112189045,15.737,-14.59,Matam,Ranérou,Zone sahélienne,12.375,-15.125,Sédhiou,Bounkiling,4.25,3.25,473.11,348.2296107386326,5,10,3,0.0171143150366528,587.4495078687015,2.591748963095565,PASSED
906,1993-07-02,1993,7,Phase_2_pleine,Pleine saison,183,63,14.0,27.080254766676163,50.957,14.391589164733888,7.789558773205043,2.678542191229065,4.525,0.6216115894312735,12.887,-13.305,Tambacounda,Tambacounda,Zone soudanienne,12.375,-11.625,Kédougou,Saraya,2.75,5.25,306.13,569.7091600467254,7,12,2,0.0171863634460389,646.7488733396799,2.26254629048059,PASSED
907,2004-07-10,2004,7,Phase_2_pleine,Pleine saison,192,63,14.0,19.1546232889569,26.667,10.545331001281738,3.1730717139850704,2.686342625059495,4.193,0.4380144459971271,14.563,-14.487,Tambacounda,Koumpentoum,Zone soudano-sahélienne,13.875,-14.375,Tambacounda,Koumpentoum,2.75,3.25,306.13,350.1655693254676,7,13,3,0.0163085999498813,465.1145064024867,2.096404228357408,PASSED
910,1997-08-26,1997,8,Phase_2_pleine,Pleine saison,238,63,14.0,41.17456920563229,87.443,15.020246505737305,14.232088899854295,2.924563656869101,4.039,0.532092009571652,13.233,-15.368,Kolda,Kolda,Zone soudanienne,12.875,-16.625,Ziguinchor,Bignona,4.25,2.75,473.11,298.00198202356023,9,17,3,0.0177694537392169,559.140629707742,2.0197250453178586,PASSED
914,2011-07-03,2011,7,Phase_2_pleine,Pleine saison,184,62,13.778,13.15448885579263,27.272,6.441033363342285,4.54699057530534,4.024004302972262,8.653,1.799518401250077,15.458,-16.135,Louga,Louga,Zone soudano-sahélienne,15.625,-16.625,Saint-Louis,Saint-Louis,2.5,2.5,278.3,268.23310404710463,7,16,2,0.0180561509500265,386.52280776073854,4.326342321301999,PASSED
915,1984-07-26,1984,7,Phase_2_pleine,Pleine saison,208,62,13.778,47.88968603072628,99.432,15.424579620361328,21.089061318144,3.7762450525465545,7.044,1.4265663482120503,12.84,-14.206,Kolda,Vélingara,Zone soudanienne,12.375,-15.125,Sédhiou,Bounkiling,3.25,5.25,361.79,569.8151604296123,7,14,3,0.0192568312120702,674.9676472749823,3.5217859171492485,PASSED
916,1987-07-19,1987,7,Phase_2_pleine,Pleine saison,200,62,13.778,27.858343662754184,57.99,9.462325096130373,12.275573744288849,2.988388193350293,4.853,0.8214538081026347,13.304,-12.575,Tambacounda,Goudiry,Zone soudanienne,12.375,-11.875,Kédougou,Kédougou,4.25,5.0,473.11,541.6621024686166,6,13,3,0.0192607407259656,719.1876637920885,2.4265747109568285,PASSED
917,1988-07-15,1988,7,Phase_2_pleine,Pleine saison,197,62,13.778,30.037025236314346,52.427,16.251527786254883,8.741261539004826,2.9486112028860814,4.64,0.6815486584287209,13.002,-14.407,Tambacounda,Tambacounda,Zone soudanienne,12.375,-14.875,Kolda,Kolda,1.75,3.0,194.81,325.3974457284173,5,12,2,0.0174950071000025,379.2551005330427,2.3201677670027143,PASSED
918,2018-07-09,2018,7,Phase_2_pleine,Pleine saison,190,62,13.778,19.44437349996259,28.995,10.63392734527588,3.948261543309817,2.8466082052320214,4.173,0.5645443540623603,14.484,-12.349,Tambacounda,Bakel,Zone soudano-sahélienne,13.875,-11.375,Kédougou,Saraya,3.0,2.5,333.96,269.455080584019,3,5,3,0.0167940484637006,429.1099088695578,2.086693632110879,PASSED
919,2021-08-05,2021,8,Phase_2_pleine,Pleine saison,217,62,13.778,25.67528638532085,46.521,14.921060562133787,7.110364532572273,2.4906724290389857,4.061,0.4492454008683296,14.244,-15.219,Kaffrine,Kaffrine,Zone soudano-sahélienne,12.375,-15.375,Sédhiou,Bounkiling,3.5,3.25,389.62,350.6672423949028,10,22,3,0.0173660087631243,524.186273440888,2.0304380429378868,PASSED
920,2007-08-12,2007,8,Phase_2_pleine,Pleine saison,224,62,13.778,32.41381531376992,60.406,18.658523559570312,8.980360065168547,2.632185107240338,3.999,0.5061679444759004,13.744,-12.556,Tambacounda,Goudiry,Zone soudano-sahélienne,13.125,-12.375,Tambacounda,Goudiry,2.5,4.5,278.3,486.5970770875901,5,11,2,0.0173670746162216,560.5600754983234,1.999601890319073,PASSED
921,1996-08-22,1996,8,Phase_2_pleine,Pleine saison,235,62,13.778,25.865844495834843,55.998,12.710616111755373,9.794418235051465,2.4994415767701987,3.749,0.4182546456777921,14.281,-14.193,Tambacounda,Koumpentoum,Zone soudano-sahélienne,12.375,-13.625,Kolda,Vélingara,4.25,3.75,473.11,404.5501400526269,6,12,3,0.0184416948522535,622.4900628255845,1.8745672112059697,PASSED
923,2018-07-24,2018,7,Phase_2_pleine,Pleine saison,205,62,13.778,18.704518964213708,25.646,8.468727111816406,4.221021193173703,2.4643710500279434,3.087,0.2505285204357544,14.741,-12.477,Tambacounda,Bakel,Zone soudano-sahélienne,14.375,-12.125,Tambacounda,Goudiry,3.25,2.0,361.79,215.31166232723572,2,5,3,0.0169504239173954,421.0120185298961,1.543447067842875,PASSED
925,2017-08-18,2017,8,Phase_2_pleine,Pleine saison,230,62,13.778,24.915076840308405,36.413,14.144781112670898,5.781897126913268,2.365420396642948,3.016,0.2502668139308963,14.673,-12.605,Tambacounda,Bakel,Zone soudano-sahélienne,13.625,-12.875,Tambacounda,Goudiry,3.25,2.75,361.79,296.1464100410983,3,7,3,0.0169976417468116,467.5411254560719,1.507936076510698,PASSED
928,1996-08-05,1996,8,Phase_2_pleine,Pleine saison,218,61,13.556,50.46712131187564,104.719,23.15642738342285,20.116937108714254,3.648724137822941,8.011,1.5673224448389411,13.04,-14.502,Kolda,Médina Yoro Foulah,Zone soudanienne,12.375,-14.125,Kolda,Médina Yoro Foulah,1.5,4.0,166.98,433.79708956427993,5,10,2,0.0189982572116473,464.82494906557554,4.005405804503969,PASSED
929,2000-07-27,2000,7,Phase_2_pleine,Pleine saison,209,61,13.556,22.469500682393058,36.699,12.17757797241211,4.9710190312948574,3.466597476393977,6.702,1.0859066458929425,15.986,-15.394,Louga,Linguère,Zone sahélienne,16.125,-16.375,Saint-Louis,Saint-Louis,1.75,2.75,194.81,294.2910832416124,5,10,2,0.0171958116825426,352.9280029542452,3.350938714760756,PASSED
931,1985-08-05,1985,8,Phase_2_pleine,Pleine saison,217,61,13.556,45.928982312562034,95.387,26.85684967041016,15.796796426018975,3.299095586026765,5.691,0.9742846597181212,13.013,-12.387,Tambacounda,Goudiry,Zone soudanienne,12.375,-12.875,Kédougou,Kédougou,1.75,2.75,194.81,298.2679024597393,3,6,2,0.0183326960286774,356.2508599729726,2.8452739923525807,PASSED
935,1999-07-15,1999,7,Phase_2_pleine,Pleine saison,196,61,13.556,20.07659561907659,33.859,8.155414581298828,6.389831579685255,2.8210245315983133,4.809,0.6544757026557125,14.417,-15.839,Diourbel,Mbacké,Zone soudano-sahélienne,13.125,-16.125,Sédhiou,Goudomp,3.75,5.75,417.45,619.9322032153822,11,20,3,0.0180540571951106,747.3824002533629,2.404708723005041,PASSED
936,2013-07-17,2013,7,Phase_2_pleine,Pleine saison,198,61,13.556,15.319374709832864,24.016,8.778443336486816,2.56884184012824,3.147044400417532,4.479,0.6379889172643654,16.268,-13.168,Matam,Matam,Zone sahélienne,16.375,-11.625,Matam,Matam,1.0,4.0,111.32,427.4517581230848,3,6,1,0.0168544021753627,441.7093479887438,2.2395896732463614,PASSED
940,1991-07-27,1991,7,Phase_2_pleine,Pleine saison,208,60,13.333,40.569546699523926,108.893,22.096376419067383,17.27700394641414,3.241927572902662,7.258,1.0478997556060672,12.87,-14.605,Kolda,Médina Yoro Foulah,Zone soudanienne,12.375,-15.125,Sédhiou,Bounkiling,1.5,3.75,166.98,406.963137940819,6,10,2,0.0196892988638898,439.8878425258114,3.629218321612111,PASSED
942,2004-08-13,2004,8,Phase_2_pleine,Pleine saison,226,60,13.333,26.823366117477416,45.619,11.98880386352539,7.8844291025593565,2.762573776298797,5.453,0.6745945956245526,14.464,-13.018,Tambacounda,Goudiry,Zone soudano-sahélienne,13.125,-12.375,Tambacounda,Goudiry,4.0,4.75,445.28,512.0105730938272,5,11,3,0.0181066673541027,678.5492673416348,2.7263490446329333,PASSED
943,1985-08-16,1985,8,Phase_2_pleine,Pleine saison,228,60,13.333,38.988142522176105,78.548,18.780162811279297,13.568297791994466,3.246798608038624,4.985,0.8242341573992998,13.961,-16.25,Fatick,Foundiougne,Zone soudano-sahélienne,13.875,-16.625,Fatick,Foundiougne,3.0,2.5,333.96,270.079024737268,9,21,2,0.0186851928776174,429.5019825804461,2.4924896667148806,PASSED
948,2023-08-18,2023,8,Phase_2_pleine,Pleine saison,230,60,13.333,34.25914951960246,54.762,18.776281356811523,8.59369954959113,2.9646635028722086,4.621,0.6976392649016966,14.071,-12.948,Tambacounda,Goudiry,Zone soudano-sahélienne,13.625,-13.125,Tambacounda,Tambacounda,2.25,5.0,250.47,539.899628469128,5,9,2,0.0177153779159559,595.1695821170235,2.310458605092706,PASSED
950,1982-07-01,1982,7,Phase_2_pleine,Pleine saison,182,60,13.333,12.36522041161855,31.196,6.9170098304748535,4.472023491911003,2.63993734047102,3.963,0.4928936294256897,15.218,-13.429,Matam,Kanel,Zone soudano-sahélienne,12.375,-13.875,Kolda,Vélingara,4.25,2.75,473.11,295.3958532420606,4,8,3,0.0188466500231732,557.7560153083111,1.9813763096507264,PASSED
952,1993-07-07,1993,7,Phase_2_pleine,Pleine saison,188,60,13.333,22.967416524887085,46.229,15.76492404937744,6.239623269706657,2.474024348726973,3.649,0.4216550259713549,13.345,-13.294,Tambacounda,Tambacounda,Zone soudanienne,12.375,-13.875,Kolda,Vélingara,2.75,3.25,306.13,352.02100607014273,5,11,2,0.0178967688645611,466.5129867856151,1.824338454063551,PASSED
953,1981-08-28,1981,8,Phase_2_pleine,Pleine saison,240,60,13.333,27.951714054743448,58.149,15.481096267700195,9.498250474188795,2.510089793722105,3.582,0.4022291450218693,14.205,-15.298,Kaffrine,Kaffrine,Zone soudano-sahélienne,12.375,-15.125,Sédhiou,Bounkiling,4.25,5.5,473.11,593.539112935679,11,21,3,0.0185911718977436,759.0268381845748,1.7908786073763074,PASSED
955,2018-07-21,2018,7,Phase_2_pleine,Pleine saison,202,60,13.333,17.494931681950888,23.481,10.03494358062744,3.5377298973907667,2.5127749608654657,3.182,0.3053911820099592,14.967,-12.025,Matam,Kanel,Zone soudano-sahélienne,14.125,-11.875,Tambacounda,Goudiry,3.0,2.25,333.96,241.9727244713029,3,6,2,0.0173481787988572,412.407653694212,1.5909573415473015,PASSED
960,2003-07-26,2003,7,Phase_2_pleine,Pleine saison,207,59,13.111,20.773398480172883,32.083,8.656399726867676,4.309187849398943,2.9803956566935805,4.466,0.638288965183732,15.949,-15.36,Louga,Linguère,Zone sahélienne,15.625,-14.375,Matam,Ranérou,2.25,3.25,250.47,347.8638250130134,5,13,2,0.0176784819708197,428.6542469274443,2.232868937220718,PASSED
961,1988-08-15,1988,8,Phase_2_pleine,Pleine saison,228,59,13.111,25.077783649250613,49.24,14.452240943908691,7.738454886934175,2.601172429597701,4.11,0.4367063204017241,14.613,-14.302,Tambacounda,Koumpentoum,Zone soudano-sahélienne,13.625,-16.625,Fatick,Foundiougne,3.25,5.5,361.79,592.4538354015286,10,19,3,0.0185630583929422,694.1855334811304,2.054867283117458,PASSED
962,2023-07-17,2023,7,Phase_2_pleine,Pleine saison,198,59,13.111,29.66247691138316,50.771,16.659168243408203,7.098590347226697,2.5760839908321533,3.887,0.4206867480147724,12.938,-14.68,Kolda,Médina Yoro Foulah,Zone soudanienne,12.375,-14.875,Kolda,Kolda,2.0,5.25,222.64,569.5921565776539,6,14,2,0.0179198354678651,611.5584969136498,1.94343466900373,PASSED
967,1990-07-16,1990,7,Phase_2_pleine,Pleine saison,197,58,12.889,16.928605276962806,26.535,10.770153999328612,3.491670756024042,3.3486855215888123,6.087,1.1964273942601762,15.812,-15.567,Saint-Louis,Dagana,Zone sahélienne,16.125,-16.125,Saint-Louis,Saint-Louis,1.75,2.75,194.81,294.54583199242006,5,9,2,0.017974872726819,353.1404546888631,3.043328918891536,PASSED
971,1999-08-18,1999,8,Phase_2_pleine,Pleine saison,230,58,12.889,53.17991935795751,102.989,14.202752113342283,17.0213864654064,3.34587287395704,5.445,0.905187081015462,12.898,-15.417,Kolda,Kolda,Zone soudanienne,12.875,-16.625,Ziguinchor,Bignona,4.25,3.25,473.11,352.6623439179422,9,16,3,0.019007687661403,590.0879521882284,2.7225739569034544,PASSED
972,1986-07-06,1986,7,Phase_2_pleine,Pleine saison,187,58,12.889,22.582319062331628,47.908,9.00346851348877,8.960961955805567,2.930270217252448,5.037,0.7308415357334747,13.845,-13.622,Tambacounda,Tambacounda,Zone soudano-sahélienne,12.625,-13.875,Kolda,Vélingara,3.5,4.25,389.62,459.365107968513,6,12,3,0.0199562190332803,602.3454463959395,2.518596029188196,PASSED
974,2008-08-31,2008,8,Phase_2_pleine,Pleine saison,244,58,12.889,21.448989161129656,33.608,13.587798118591309,4.392053140861233,2.7510912374953267,4.461,0.6144732735740891,15.746,-15.259,Louga,Linguère,Zone sahélienne,15.625,-14.375,Matam,Ranérou,2.25,3.0,250.47,321.42851429674744,6,13,2,0.0179643047690163,407.4941870251211,2.2305734182679555,PASSED
975,2016-07-04,2016,7,Phase_2_pleine,Pleine saison,186,58,12.889,27.427946715519347,41.364,16.630359649658203,5.692057016016892,2.693234130260218,4.13,0.5121447131060621,12.918,-12.96,Kédougou,Salémata,Zone soudanienne,12.625,-12.125,Kédougou,Kédougou,1.5,5.25,166.98,569.6376671526724,5,9,2,0.0179839262210465,593.6071008659801,2.0650616511185085,PASSED
976,1982-08-11,1982,8,Phase_2_pleine,Pleine saison,223,58,12.889,36.19692743235621,55.575,16.900001525878906,10.113324168977988,2.525681667877832,3.845,0.4121655443836651,13.24,-12.613,Tambacounda,Goudiry,Zone soudanienne,12.375,-12.875,Kédougou,Kédougou,3.5,2.75,389.62,297.9924051098237,3,8,3,0.0185872906388465,490.5132086683674,1.922694962038852,PASSED
978,1983-08-03,1983,8,Phase_2_pleine,Pleine saison,215,58,12.889,23.63487866829181,33.845,14.163235664367676,4.706277713180602,2.609959454270571,3.58,0.4357783567978359,14.87,-13.0,Matam,Kanel,Zone soudano-sahélienne,14.875,-12.875,Matam,Kanel,2.25,3.0,250.47,322.7753107079586,3,8,2,0.0179250081158821,408.5573691158553,1.7898808103164778,PASSED
979,1994-07-25,1994,7,Phase_2_pleine,Pleine saison,206,58,12.889,30.92973330925251,47.514,17.654787063598633,7.308506200894473,2.5593332145722174,3.571,0.4084696601633232,13.294,-15.119,Kolda,Kolda,Zone soudanienne,13.125,-16.125,Sédhiou,Goudomp,2.5,3.0,278.3,325.0112135063882,6,15,2,0.0182040481075311,427.8821937372424,1.7854100506868231,PASSED
986,2017-08-20,2017,8,Phase_2_pleine,Pleine saison,232,57,12.667,40.42382303873698,71.08,18.557605743408203,12.84984060314027,2.7632606444217167,4.722,0.6381286158774238,13.148,-15.525,Sédhiou,Sédhiou,Zone soudanienne,12.375,-15.875,Sédhiou,Goudomp,3.25,3.25,361.79,352.3065520028676,8,19,3,0.019316602967502,504.9870437908771,2.360970375865292,PASSED
988,1991-07-11,1991,7,Phase_2_pleine,Pleine saison,192,57,12.667,20.55964389600252,40.792,10.141801834106444,6.450059241819323,2.781588696416492,4.416,0.5313925977764228,14.202,-15.737,Kaolack,Guinguinéo,Zone soudano-sahélienne,12.375,-14.875,Kolda,Kolda,3.75,2.5,417.45,269.7939983723149,9,18,3,0.0192705774849751,497.0445826912518,2.207989512491027,PASSED
990,2017-08-13,2017,8,Phase_2_pleine,Pleine saison,225,57,12.667,32.803020109210095,68.696,17.03403663635254,10.853832791133671,2.5570222543390493,3.507,0.3737644767618817,13.573,-16.115,Kaolack,Nioro du Rip,Zone soudano-sahélienne,12.625,-16.625,Ziguinchor,Oussouye,3.0,1.75,333.96,189.3694058477252,9,22,2,0.0194645782289286,383.9141118904337,1.7535679747672417,PASSED
1000,2018-08-23,2018,8,Phase_2_pleine,Pleine saison,235,56,12.444,23.227188774517604,33.841,13.602837562561035,4.460740268945478,2.7574801836097125,4.154,0.5566708382569366,15.531,-15.809,Saint-Louis,Saint-Louis,Zone sahélienne,14.875,-15.875,Diourbel,Mbacké,2.25,1.75,250.47,187.69638705842863,5,11,2,0.0185157592670933,312.9938599574079,2.076927072320669,PASSED
1001,1999-08-17,1999,8,Phase_2_pleine,Pleine saison,229,56,12.444,24.69851349081312,42.313,13.546857833862305,5.918616117040885,2.637613775286289,3.992,0.4147644219959647,15.027,-12.441,Matam,Kanel,Zone soudano-sahélienne,14.625,-11.875,Tambacounda,Bakel,2.25,3.5,250.47,376.2958056561097,4,8,2,0.0188825838785377,452.0329147425336,1.9959608129016413,PASSED
1002,2013-07-03,2013,7,Phase_2_pleine,Pleine saison,184,56,12.444,17.43161657878331,22.085,9.177801132202148,2.9550909375752608,2.70691604368502,3.69,0.4343643035169108,14.531,-12.106,Tambacounda,Bakel,Zone soudano-sahélienne,14.375,-11.875,Tambacounda,Bakel,2.25,2.0,250.47,215.51802717807817,3,5,2,0.0183703330444587,330.42887690845185,1.8452029688003797,PASSED
1004,2006-07-26,2006,7,Phase_2_pleine,Pleine saison,207,56,12.444,22.17867531095232,36.55,15.20160675048828,4.423674613421178,2.635597892596757,3.472,0.4085070162797958,15.154,-14.45,Matam,Ranérou,Zone soudano-sahélienne,12.375,-11.375,Kédougou,Saraya,4.25,5.0,473.11,537.2447546557003,6,11,3,0.0185675496675302,715.8665999367925,1.7357589745491344,PASSED
1006,2001-08-05,2001,8,Phase_2_pleine,Pleine saison,217,55,12.222,28.360139881480823,51.037,11.64632797241211,9.467483113540943,3.932999766124723,7.855,1.6199325663744666,15.667,-11.984,Matam,Kanel,Zone sahélienne,14.875,-11.375,Matam,Kanel,2.75,1.75,306.13,187.5720769125949,3,5,2,0.0202080524298374,359.02487680146123,3.927456602278097,PASSED
1007,2013-08-07,2013,8,Phase_2_pleine,Pleine saison,219,55,12.222,28.117203348333184,49.297,11.145325660705566,10.689245844891678,3.823129238390496,7.607,1.3917836996263178,15.143,-16.268,Louga,Kébémer,Zone soudano-sahélienne,14.625,-16.375,Diourbel,Bambey,3.25,2.25,361.79,241.7724973907072,8,17,3,0.020809587262149,435.13899883490046,3.8033296354285167,PASSED
1011,1993-08-29,1993,8,Phase_2_pleine,Pleine saison,241,55,12.222,20.972967529296877,34.517,12.643773078918455,4.560580545432149,3.016950128990872,4.826,0.6922865727508258,16.139,-14.429,Matam,Ranérou,Zone sahélienne,15.625,-13.375,Matam,Matam,1.25,3.75,139.15,400.9987377960386,3,7,2,0.0190415397103701,424.4557791067771,2.4127830221346707,PASSED
1012,2012-08-05,2012,8,Phase_2_pleine,Pleine saison,218,55,12.222,32.72301767522639,75.544,17.494325637817383,14.574902676320344,2.518042685815785,4.415,0.5206465351949052,13.556,-14.786,Kolda,Kolda,Zone soudano-sahélienne,12.375,-16.625,Ziguinchor,Oussouye,3.0,4.0,333.96,432.8742273087574,8,17,2,0.0217887833092879,546.7260466683966,2.207535628591044,PASSED
1018,2009-07-15,2009,7,Phase_2_pleine,Pleine saison,196,55,12.222,22.401395433599298,39.337,11.340564727783203,6.928222121265437,2.483297071373986,3.717,0.4333789629565145,13.801,-15.55,Kaolack,Nioro du Rip,Zone soudano-sahélienne,13.125,-16.125,Sédhiou,Goudomp,3.0,5.0,333.96,540.531657907517,10,17,3,0.0199209430752137,635.3768540305422,1.858522646453896,PASSED
1019,2009-07-08,2009,7,Phase_2_pleine,Pleine saison,189,55,12.222,20.034947690096768,32.454,12.726795196533203,4.614457654000828,2.409367861117888,2.878,0.2313670360905297,13.794,-12.144,Tambacounda,Goudiry,Zone soudano-sahélienne,12.375,-11.875,Kédougou,Kédougou,3.0,2.25,333.96,243.24636179293995,3,7,2,0.0191463181432196,413.1562246451115,1.4387524950720738,PASSED
1031,1997-07-09,1997,7,Phase_2_pleine,Pleine saison,190,54,12.0,18.678779796317773,30.793,9.840008735656738,4.67102209094976,2.759064413887225,4.683,0.5941842225650011,14.707,-14.94,Kaffrine,Koungheul,Zone soudano-sahélienne,14.375,-14.625,Kaffrine,Koungheul,1.5,4.0,166.98,430.6916103008361,7,15,2,0.0196765838970021,461.9281129601253,2.341451859235136,PASSED
1034,1983-07-21,1983,7,Phase_2_pleine,Pleine saison,202,54,12.0,30.86559836069743,45.179,21.320968627929688,5.933594293057429,2.589753561987393,3.923,0.4241747746540055,12.829,-14.144,Kolda,Vélingara,Zone soudanienne,12.375,-13.125,Kédougou,Salémata,1.5,5.25,166.98,569.8398550333079,6,13,2,0.0192028909956374,593.8011272671654,1.9616209953035075,PASSED
1035,2020-07-16,2020,7,Phase_2_pleine,Pleine saison,198,54,12.0,16.977309112195616,28.001,7.456859111785889,4.585666980915276,2.4601279688598305,3.906,0.4685509517631795,15.196,-14.166,Matam,Ranérou,Zone soudano-sahélienne,15.125,-14.625,Kaffrine,Koungheul,2.5,4.0,278.3,429.7115606545126,4,9,2,0.0198695751473892,511.9598696896436,1.9527860984809495,PASSED
1039,1992-07-15,1992,7,Phase_2_pleine,Pleine saison,197,54,12.0,27.23497800473813,40.177,16.522300720214844,7.338491665175365,2.419610472694993,3.465,0.3634898754686701,12.767,-13.248,Kédougou,Salémata,Zone soudanienne,12.375,-16.625,Ziguinchor,Oussouye,1.5,5.25,166.98,569.9799305222301,4,11,2,0.0198630339559464,593.9355516867981,1.7325493423936895,PASSED
1040,2010-08-08,2010,8,Phase_2_pleine,Pleine saison,220,54,12.0,35.005335878442835,66.382,19.590784072875977,9.894860018075672,2.5028191579066905,3.405,0.4127044763307441,13.352,-12.799,Tambacounda,Goudiry,Zone soudanienne,12.375,-14.875,Kolda,Kolda,3.0,4.5,333.96,487.3992058329468,5,9,2,0.0199981618844629,590.8360680290999,1.7026016755646705,PASSED
1042,1990-08-04,1990,8,Phase_2_pleine,Pleine saison,216,54,12.0,27.0509448228059,50.416,12.552163124084473,9.531667376865771,2.293419649870412,2.751,0.1919147343774373,13.793,-12.319,Tambacounda,Goudiry,Zone soudano-sahélienne,12.375,-12.875,Kédougou,Kédougou,4.0,4.25,445.28,459.4680813415097,4,10,3,0.0208177310621112,639.8321647288827,1.3754334843374447,PASSED
1044,2023-07-24,2023,7,Phase_2_pleine,Pleine saison,205,53,11.778,29.295657967621427,53.156,14.9544677734375,8.154110601978898,3.313852311009196,7.682,1.1656445604142998,13.808,-15.764,Kaolack,Nioro du Rip,Zone soudano-sahélienne,12.375,-14.625,Kolda,Médina Yoro Foulah,3.0,2.75,333.96,297.2825937498696,9,18,2,0.0203296668228849,447.1087272511576,3.840832846417928,PASSED
1050,2006-07-22,2006,7,Phase_2_pleine,Pleine saison,203,53,11.778,19.03215410124581,29.765,9.894850730895996,4.742728049509162,3.4532827930472587,5.209,0.8843445012238841,16.137,-15.044,Louga,Linguère,Zone sahélienne,16.375,-14.625,Matam,Ranérou,2.0,3.0,222.64,320.80177706404766,4,8,2,0.0200395928411957,390.4898852466616,2.6043127745955843,PASSED
1052,2018-07-03,2018,7,Phase_2_pleine,Pleine saison,184,53,11.778,15.936813174553638,27.287,8.310676574707031,4.279953643604148,2.9646648685258423,5.127,0.7161164474834373,15.105,-11.869,Matam,Kanel,Zone soudano-sahélienne,14.375,-11.375,Kédougou,Saraya,2.75,2.0,306.13,214.94727698682985,3,5,2,0.0202287401863191,374.056025227576,2.5635894874833456,PASSED
1053,1989-08-14,1989,8,Phase_2_pleine,Pleine saison,226,53,11.778,24.53316974639893,41.571,15.604530334472656,5.856426415295858,2.878040760865467,5.064,0.7003939460832436,15.171,-14.643,Kaffrine,Koungheul,Zone soudano-sahélienne,15.125,-14.125,Matam,Ranérou,1.5,3.75,166.98,402.9006533793005,6,12,2,0.0199431070221465,436.132152968389,2.5322363328206947,PASSED
1057,2020-07-12,2020,7,Phase_2_pleine,Pleine saison,194,53,11.778,19.46452156102882,39.618,3.845767498016357,6.456211843389989,2.878024625174617,4.507,0.6660920380195672,14.446,-16.176,Diourbel,Diourbel,Zone soudano-sahélienne,12.375,-16.375,Ziguinchor,Oussouye,4.25,1.75,473.11,188.6504868498474,11,22,3,0.020943756555945,509.3349278114396,2.2533117410751937,PASSED
1058,1997-07-10,1997,7,Phase_2_pleine,Pleine saison,191,53,11.778,22.512302416675496,41.488,10.160229682922363,6.916640510013968,2.808039237714852,4.438,0.6345378277501699,14.235,-14.528,Tambacounda,Koumpentoum,Zone soudano-sahélienne,12.625,-16.625,Ziguinchor,Oussouye,3.5,3.5,389.62,377.6563509821305,7,10,3,0.0206489687796474,542.6122499650538,2.2192323582670075,PASSED
1059,1988-07-23,1988,7,Phase_2_pleine,Pleine saison,205,53,11.778,20.28031199833132,42.618,12.209112167358398,5.5577670933879615,2.6367446439637576,4.41,0.5263782517553051,14.71,-14.58,Kaffrine,Koungheul,Zone soudano-sahélienne,13.625,-14.625,Kolda,Vélingara,3.0,3.0,333.96,323.013795068124,7,16,3,0.020284943133388,464.6150936439883,2.205071769653831,PASSED
1060,2009-07-02,2009,7,Phase_2_pleine,Pleine saison,183,53,11.778,11.63168170317164,18.89,3.7580580711364746,3.508485391989368,2.3312470641850505,4.245,0.3955874579581148,14.798,-15.369,Kaffrine,Koungheul,Zone soudano-sahélienne,13.625,-16.625,Fatick,Foundiougne,3.25,2.75,361.79,295.97647022337475,10,17,3,0.0205845614807057,467.4335019426702,2.122344680678869,PASSED
1062,2001-07-06,2001,7,Phase_2_pleine,Pleine saison,187,53,11.778,17.371095405434662,29.606,9.063973426818848,5.744342637382727,2.4528150158469013,3.944,0.4423807595846314,14.011,-12.687,Tambacounda,Goudiry,Zone soudano-sahélienne,12.375,-12.625,Kédougou,Kédougou,4.0,1.75,445.28,189.0142147320434,3,6,3,0.0209311675873841,483.7361415283863,1.971900050866238,PASSED
1063,2008-08-10,2008,8,Phase_2_pleine,Pleine saison,223,53,11.778,41.16655094218704,73.488,22.58283042907715,12.1618294748899,2.6577536656718115,3.833,0.511025569902016,12.972,-15.467,Kolda,Kolda,Zone soudanienne,12.375,-14.875,Kolda,Kolda,1.75,3.5,194.81,379.67670413061126,6,12,2,0.020514694676839,426.73801477397546,1.9165464067389204,PASSED
1065,2015-07-06,2015,7,Phase_2_pleine,Pleine saison,187,53,11.778,20.803051804596524,36.054,9.865464210510254,6.501167607794144,2.5258742132281427,3.672,0.4126012704587277,13.725,-12.349,Tambacounda,Goudiry,Zone soudano-sahélienne,12.375,-16.375,Ziguinchor,Oussouye,3.5,5.25,389.62,567.7422884900633,5,9,3,0.0207106165474163,688.574644112702,1.8358143074044944,PASSED
1066,1995-08-14,1995,8,Phase_2_pleine,Pleine saison,226,53,11.778,27.06534353292213,53.775,16.503877639770508,9.311320624444429,2.477387593231206,3.623,0.4167565165521094,14.117,-14.123,Tambacounda,Tambacounda,Zone soudano-sahélienne,13.125,-14.875,Kolda,Kolda,3.25,4.5,361.79,485.8115539490186,5,12,3,0.0211010833206288,605.726731920311,1.8116201383355488,PASSED
1067,1981-07-02,1981,7,Phase_2_pleine,Pleine saison,183,53,11.778,21.721614405793964,37.852,8.931191444396973,7.385069164116963,2.566399897046321,3.524,0.4784041237584797,13.514,-14.278,Tambacounda,Tambacounda,Zone soudano-sahélienne,12.625,-14.875,Kolda,Kolda,3.0,5.25,333.96,568.2483465122876,7,13,3,0.0210488913780184,659.1171798333351,1.7620686178212035,PASSED
1073,2015-08-22,2015,8,Phase_2_pleine,Pleine saison,234,52,11.556,34.62588422115032,73.569,13.297382354736328,13.825640369801077,2.8709835447000485,4.397,0.6305940261923463,13.701,-13.564,Tambacounda,Tambacounda,Zone soudano-sahélienne,12.375,-12.875,Kédougou,Kédougou,4.25,5.0,473.11,540.7610875314659,6,12,3,0.0222967217372832,718.5093014625585,2.1986353251255983,PASSED
1075,2021-08-28,2021,8,Phase_2_pleine,Pleine saison,240,52,11.556,25.65173558088449,42.286,14.54214572906494,7.679638519151271,2.43561357719739,3.29,0.3308989621342684,14.559,-15.865,Diourbel,Mbacké,Zone soudano-sahélienne,13.375,-16.125,Kaolack,Nioro du Rip,3.5,1.75,389.62,188.5548057873889,8,16,3,0.0209544018476355,432.84714295062633,1.6451208545373477,PASSED
1079,2012-08-26,2012,8,Phase_2_pleine,Pleine saison,239,51,11.333,34.441277036479875,76.146,17.475961685180664,11.230514673271443,3.0965209700638696,7.283,1.316092140479544,14.395,-14.288,Tambacounda,Koumpentoum,Zone soudano-sahélienne,14.375,-16.875,Thiès,Mbour,2.75,5.75,306.13,619.994753449796,9,13,3,0.021692673152073,691.4543169510719,3.641267427893396,PASSED
1087,1988-08-21,1988,8,Phase_2_pleine,Pleine saison,234,51,11.333,28.31851815242393,74.823,14.901057243347168,12.663904706297874,2.602790548198472,4.528,0.52629908838931,14.406,-15.193,Kaffrine,Kaffrine,Zone soudano-sahélienne,13.125,-16.625,Ziguinchor,Bignona,4.25,5.75,473.11,619.9635841267931,13,24,3,0.0235290887322546,779.8640318307667,2.2640669336642154,PASSED
1090,2015-07-08,2015,7,Phase_2_pleine,Pleine saison,189,51,11.333,21.824555752324123,41.575,5.94968318939209,8.016153620464435,2.6195450139611323,3.924,0.4799136203988967,13.777,-13.261,Tambacounda,Tambacounda,Zone soudano-sahélienne,12.375,-16.125,Sédhiou,Goudomp,4.25,5.0,473.11,540.5873838821633,7,13,3,0.0222531195665488,718.3785785451578,1.9617888616811552,PASSED
1091,2007-07-19,2007,7,Phase_2_pleine,Pleine saison,200,51,11.333,23.54439871918921,32.506,10.943822860717772,5.03365748474271,2.572502330252792,3.808,0.4612649625851464,13.714,-14.438,Tambacounda,Tambacounda,Zone soudano-sahélienne,12.875,-16.125,Sédhiou,Goudomp,2.75,4.75,306.13,513.694776962039,5,10,3,0.0205040782145134,597.9949013186308,1.903879641616673,PASSED
1092,1994-08-16,1994,8,Phase_2_pleine,Pleine saison,228,51,11.333,24.15450954437256,47.352,13.422163009643556,8.40689540636329,2.51627273118588,3.736,0.4628609813880898,14.565,-12.374,Tambacounda,Bakel,Zone soudano-sahélienne,12.625,-11.875,Kédougou,Saraya,4.25,3.25,473.11,350.16390802800123,3,8,3,0.0219830676420006,588.5981863592875,1.8682358288122745,PASSED
1095,1994-08-18,1994,8,Phase_2_pleine,Pleine saison,230,51,11.333,31.151887931075752,40.184,19.480112075805664,4.837864721584927,2.435916046963292,3.061,0.3086904622592708,13.516,-12.622,Tambacounda,Goudiry,Zone soudano-sahélienne,12.625,-13.375,Kédougou,Salémata,2.5,3.5,278.3,378.8297346662602,5,9,2,0.020080742273566,470.06685767006496,1.5303930301292188,PASSED
1105,1997-07-08,1997,7,Phase_2_pleine,Pleine saison,189,50,11.111,13.145972318649292,20.279,6.935089588165283,3.09888157542512,2.941477036245132,5.305,0.7582696426528029,15.948,-13.233,Matam,Matam,Zone sahélienne,16.125,-14.125,Matam,Ranérou,2.25,3.0,250.47,321.1056016629348,2,4,2,0.021111359403444,407.23952420604434,2.652431497821276,PASSED
1106,2020-07-13,2020,7,Phase_2_pleine,Pleine saison,195,50,11.111,16.21883882522583,32.283,8.284555435180664,5.424904609129898,3.044337560301184,5.077,0.7547076204610863,15.666,-11.984,Matam,Kanel,Zone sahélienne,16.375,-11.375,Matam,Kanel,3.0,2.25,333.96,241.1653490232221,3,4,2,0.0222375600098563,411.93445960127264,2.5383937044623206,PASSED
1108,2002-08-18,2002,8,Phase_2_pleine,Pleine saison,230,50,11.111,22.996595878601077,32.933,14.909028053283691,4.440924371629115,2.932151713257671,4.622,0.6727849598079472,15.676,-12.399,Matam,Kanel,Zone sahélienne,13.625,-12.625,Tambacounda,Goudiry,3.0,3.5,333.96,375.12862996043225,3,5,2,0.020745846821723,502.2457191987712,2.3109094241840946,PASSED
1109,1998-08-30,1998,8,Phase_2_pleine,Pleine saison,242,50,11.111,41.25236351013184,68.297,28.346872329711918,8.60960838808085,2.908549779707997,4.523,0.6496831177886824,12.821,-12.483,Kédougou,Salémata,Zone soudanienne,12.375,-12.375,Kédougou,Kédougou,1.25,2.75,139.15,298.4971006454633,3,7,2,0.0208711623930719,329.33757726210484,2.261608318394724,PASSED
1110,2003-08-10,2003,8,Phase_2_pleine,Pleine saison,222,50,11.111,41.12913402557373,73.705,13.004364967346191,17.52188637520011,2.923372339477241,4.28,0.5972525373891729,13.116,-15.464,Kolda,Kolda,Zone soudanienne,12.625,-16.625,Ziguinchor,Oussouye,4.25,3.5,473.11,379.4552479474976,6,13,3,0.0236298826419399,606.4811189929138,2.1401667198120986,PASSED
1112,2009-08-12,2009,8,Phase_2_pleine,Pleine saison,224,50,11.111,21.05748058319092,47.626,12.85817050933838,7.975171771519445,2.702329499352832,4.035,0.5144995662374282,15.205,-15.819,Louga,Louga,Zone soudano-sahélienne,13.875,-16.625,Fatick,Foundiougne,3.25,2.0,361.79,214.84641381204236,7,10,3,0.0228687801646594,420.7742736199485,2.017594423568013,PASSED
1113,2017-08-09,2017,8,Phase_2_pleine,Pleine saison,221,50,11.111,25.02357234954834,54.906,11.965384483337402,12.07881750473833,2.7312313430475506,3.981,0.5165063413691994,14.385,-16.162,Diourbel,Diourbel,Zone soudano-sahélienne,12.375,-16.375,Ziguinchor,Oussouye,4.25,3.0,473.11,323.4904215913107,8,17,3,0.0246599388345279,573.130975747537,1.9902859669272075,PASSED
1114,2019-08-31,2019,8,Phase_2_pleine,Pleine saison,243,50,11.111,26.25203500747681,45.998,13.523268699645996,9.95303924034611,2.4744761401610096,3.905,0.3606352325711944,13.85,-12.932,Tambacounda,Goudiry,Zone soudano-sahélienne,12.375,-12.375,Kédougou,Kédougou,4.25,4.25,473.11,459.3543290642976,5,12,3,0.0228748519145534,659.4235832377478,1.952625109936172,PASSED
1115,2008-08-28,2008,8,Phase_2_pleine,Pleine saison,241,50,11.111,38.31003593444824,55.474,22.97349548339844,8.505612394365423,2.810366276269159,3.884,0.4686045282634865,13.165,-12.852,Tambacounda,Tambacounda,Zone soudanienne,12.875,-12.875,Kédougou,Salémata,2.0,2.5,222.64,270.9858772305548,2,5,2,0.0209858618307732,350.71628985679195,1.942043778945859,PASSED
1116,1988-08-02,1988,8,Phase_2_pleine,Pleine saison,215,50,11.111,18.958827209472656,29.335,10.604506492614746,4.416787098928268,2.655315266144183,3.828,0.4933062181220061,15.787,-15.06,Louga,Linguère,Zone sahélienne,15.375,-14.875,Louga,Linguère,1.75,4.0,194.81,428.4835255285116,4,6,2,0.0210854754111197,470.6899884670298,1.91377259626306,PASSED
1119,2006-08-13,2006,8,Phase_2_pleine,Pleine saison,225,50,11.111,16.657226696014405,20.236,11.842493057250977,2.233554415679284,2.5195910028802757,3.452,0.3636176259721059,16.135,-13.118,Matam,Matam,Zone sahélienne,15.375,-13.375,Matam,Kanel,1.25,2.75,139.15,294.0719582641488,1,3,2,0.020359598339973,325.3321953641174,1.726249700889529,PASSED
1120,2008-08-20,2008,8,Phase_2_pleine,Pleine saison,233,50,11.111,29.55455249786377,46.834,14.31435203552246,7.606765037144322,2.576578560080455,3.415,0.4463380208182604,14.268,-12.392,Tambacounda,Goudiry,Zone soudano-sahélienne,13.875,-11.375,Kédougou,Saraya,2.75,4.0,306.13,431.5440194231241,5,9,3,0.0213248942746578,529.0990633377323,1.7073067414373169,PASSED
1126,2003-07-16,2003,7,Phase_2_pleine,Pleine saison,197,49,10.889,14.309831882009702,37.196,7.872734546661377,5.569399576661628,2.869636033393273,6.264,0.9743256203513276,16.057,-12.709,Matam,Matam,Zone sahélienne,16.375,-11.375,Matam,Kanel,1.75,5.25,194.81,561.6300446777865,4,6,2,0.0234995377060437,594.4570974246354,3.131984978073045,PASSED
1132,1997-08-31,1997,8,Phase_2_pleine,Pleine saison,243,49,10.889,18.539805587457156,41.11,12.135480880737305,5.204134434731454,2.6780381124056785,4.448,0.6544041830222774,15.959,-13.401,Matam,Matam,Zone sahélienne,12.375,-12.375,Kédougou,Kédougou,4.25,3.75,473.11,401.3606684869763,3,5,3,0.0220161800669553,620.4219924441045,2.2240990024141154,PASSED
1134,2012-08-13,2012,8,Phase_2_pleine,Pleine saison,226,49,10.889,20.315572446706344,31.855,13.592524528503418,4.741616982709751,2.510340599241547,3.815,0.4455290147206041,15.603,-13.081,Matam,Kanel,Zone sahélienne,14.875,-13.625,Matam,Ranérou,2.0,4.25,222.64,455.6752233428897,3,5,2,0.0215198917437941,507.1572532076145,1.9074627753542288,PASSED
1136,2010-07-02,2010,7,Phase_2_pleine,Pleine saison,183,49,10.889,18.42923201346884,24.864,13.625792503356934,2.4632275356858724,2.399083361694235,3.331,0.3097158053976032,13.954,-12.801,Tambacounda,Goudiry,Zone soudano-sahélienne,14.125,-12.875,Tambacounda,Goudiry,1.75,3.5,194.81,378.1227566947729,4,8,2,0.0207727480215827,425.356030548768,1.6656843446145095,PASSED
1137,1984-08-13,1984,8,Phase_2_pleine,Pleine saison,226,48,10.667,55.91509481271108,127.062,15.80019187927246,28.36319695597162,4.168883219566084,8.791,1.7878276638224857,13.162,-12.31,Tambacounda,Goudiry,Zone soudanienne,12.875,-12.625,Kédougou,Salémata,3.0,1.75,333.96,189.6919804348184,3,7,2,0.0261939035959863,384.0733274763864,4.395466905776122,PASSED
1138,2011-08-20,2011,8,Phase_2_pleine,Pleine saison,232,48,10.667,26.90534297625224,88.346,12.537814140319824,14.25116961906884,3.615575857313081,6.968,1.132300251848769,15.401,-14.286,Matam,Ranérou,Zone soudano-sahélienne,12.375,-11.625,Kédougou,Saraya,4.25,5.75,473.11,617.1049561721471,5,8,3,0.0266783091107148,777.5934602555681,3.4841009373777663,PASSED
1141,1988-08-31,1988,8,Phase_2_pleine,Pleine saison,244,48,10.667,25.27380559841792,46.109,14.005508422851562,8.111369419679768,3.157148329398956,5.931,1.0254494132066774,15.407,-14.456,Matam,Ranérou,Zone soudano-sahélienne,15.125,-12.625,Matam,Kanel,3.25,4.25,361.79,456.107615292517,8,10,3,0.0229792153664686,582.1736549693113,2.9654781272841464,PASSED
1143,1987-08-08,1987,8,Phase_2_pleine,Pleine saison,220,48,10.667,25.3887122074763,47.813,17.737882614135742,5.820459860881039,2.6570236465111985,5.22,0.6129479639063797,14.944,-13.83,Matam,Ranérou,Zone soudano-sahélienne,15.125,-13.125,Matam,Kanel,2.0,4.0,222.64,430.2205291352106,6,12,2,0.0219282776013395,484.4153940595618,2.609830604522481,PASSED
1144,2019-08-30,2019,8,Phase_2_pleine,Pleine saison,242,48,10.667,38.52803258101145,63.632,27.616294860839844,7.16437563082597,2.7760693205676006,4.726,0.5557132954892272,12.972,-12.707,Kédougou,Salémata,Zone soudanienne,12.375,-11.875,Kédougou,Kédougou,1.5,5.25,166.98,569.5160923990413,5,9,2,0.0215537135766108,593.490436199985,2.363023216192306,PASSED
1147,1991-07-01,1991,7,Phase_2_pleine,Pleine saison,182,48,10.667,27.31373278299968,44.732,16.734220504760742,7.405450685480461,2.8225232217902345,4.205,0.6967187659077979,12.856,-12.342,Kédougou,Salémata,Zone soudanienne,12.375,-12.375,Kédougou,Kédougou,1.25,2.75,139.15,298.4557275335381,3,6,2,0.0223647721067884,329.300078956411,2.102663200735909,PASSED
1149,1987-07-14,1987,7,Phase_2_pleine,Pleine saison,195,48,10.667,30.37860940893491,50.308,4.6706624031066895,9.089204076250128,2.7818084415306674,4.049,0.5799142299666384,12.856,-14.033,Kolda,Vélingara,Zone soudanienne,12.375,-13.875,Kolda,Vélingara,4.25,4.75,473.11,515.5140428274362,7,12,3,0.0226983155360872,699.705502945552,2.0246977102939208,PASSED
1158,1993-08-05,1993,8,Phase_2_pleine,Pleine saison,217,47,10.444,27.8945704115198,47.951,16.406494140625,7.370695207715975,3.1249565492648648,5.363,0.8472373102694138,14.59,-16.208,Diourbel,Diourbel,Zone soudano-sahélienne,14.125,-16.375,Fatick,Foundiougne,2.5,2.5,278.3,269.3258930770639,8,19,2,0.0227621198125041,387.2819638122308,2.681332672577525,PASSED
1160,2001-07-09,2001,7,Phase_2_pleine,Pleine saison,190,47,10.444,12.78454079526536,20.99,4.715769767761231,3.980515468509966,3.1075772656622496,5.187,0.7708727754469074,16.318,-14.22,Matam,Ranérou,Zone sahélienne,16.375,-14.625,Matam,Ranérou,0.75,5.0,83.49,534.177412434783,3,7,1,0.0233391743439131,540.6626374601485,2.593299263818272,PASSED
1162,1982-07-16,1982,7,Phase_2_pleine,Pleine saison,197,47,10.444,28.420258501742747,49.399,13.166714668273926,8.975498511048283,2.738805545555562,4.933,0.6734463198485802,13.247,-14.915,Kolda,Kolda,Zone soudanienne,13.125,-14.625,Kolda,Médina Yoro Foulah,3.0,2.25,333.96,243.80490126592787,8,13,2,0.0233986830768883,413.48531209559167,2.4666972293598763,PASSED
1163,1991-08-16,1991,8,Phase_2_pleine,Pleine saison,228,47,10.444,41.011573507430704,90.944,19.24066734313965,18.85002874856782,3.030795920002141,4.908,0.6843398317332247,13.426,-16.043,Kaolack,Nioro du Rip,Zone soudanienne,12.375,-16.625,Ziguinchor,Oussouye,2.75,1.75,306.13,189.4860943819302,7,16,2,0.025771426161872,360.0285517693253,2.4538955490278687,PASSED
1166,2018-08-08,2018,8,Phase_2_pleine,Pleine saison,220,47,10.444,35.647098581841654,51.292,20.45604705810547,8.425855393037125,2.8773897034570246,4.288,0.7330590526090369,13.735,-12.06,Tambacounda,Goudiry,Zone soudano-sahélienne,13.625,-11.625,Tambacounda,Goudiry,2.75,1.5,306.13,162.2048909076322,3,6,2,0.0224653217684723,346.44769411753464,2.143981607293211,PASSED
1167,2021-07-28,2021,7,Phase_2_pleine,Pleine saison,209,47,10.444,36.27063917606435,54.113,19.303916931152344,8.463982091425827,2.710217649322453,4.234,0.5217386335432095,12.731,-14.587,Kolda,Médina Yoro Foulah,Zone soudanienne,12.375,-16.125,Sédhiou,Goudomp,2.0,4.0,222.64,434.3325326390063,5,10,2,0.0224352162108294,488.07101862445535,2.1168774581197907,PASSED
1169,2020-07-21,2020,7,Phase_2_pleine,Pleine saison,203,47,10.444,20.551571866299245,48.862,7.874001502990723,9.830474844890183,2.4758882888336693,3.578,0.3753299628248833,14.146,-15.889,Kaolack,Guinguinéo,Zone soudano-sahélienne,12.375,-15.875,Sédhiou,Goudomp,4.25,4.5,473.11,485.7498146243294,11,20,3,0.0261447131806601,678.0751764425316,1.7891016638992687,PASSED
1172,2016-07-31,2016,7,Phase_2_pleine,Pleine saison,213,47,10.444,18.10944112818292,28.835,11.599886894226074,3.915887106613955,2.3306532606986505,2.957,0.2430849847144277,15.336,-14.931,Louga,Linguère,Zone soudano-sahélienne,14.625,-11.875,Tambacounda,Bakel,2.5,5.0,278.3,536.7802298547202,6,14,2,0.022271433758888,604.6353429757363,1.4785934050460907,PASSED
1177,2020-08-27,2020,8,Phase_2_pleine,Pleine saison,240,46,10.222,27.651490833448328,49.058,16.625669479370117,8.021056192536566,3.097549082377092,5.668,0.9778646156157764,14.915,-14.93,Kaffrine,Koungheul,Zone soudano-sahélienne,12.375,-15.625,Sédhiou,Goudomp,4.25,4.5,473.11,484.0623820577388,7,10,3,0.0235683598790709,676.8673815626014,2.833931971533064,PASSED
1180,2012-07-09,2012,7,Phase_2_pleine,Pleine saison,191,46,10.222,14.371095626250558,22.24,6.908065319061279,3.400109559834782,2.778757615480912,4.998,0.5586076183436464,15.825,-14.729,Matam,Ranérou,Zone sahélienne,16.125,-14.375,Matam,Ranérou,1.75,3.25,194.81,348.0774263837541,4,8,2,0.0229560117773357,398.8844799584057,2.4988169693949245,PASSED
1181,2014-07-09,2014,7,Phase_2_pleine,Pleine saison,190,46,10.222,15.16277669823688,27.414,6.9403486251831055,5.255899683246677,3.0284716500236137,4.565,0.6815259881276395,15.473,-11.755,Matam,Kanel,Zone soudano-sahélienne,15.125,-11.375,Matam,Kanel,2.5,1.25,278.3,134.10656146263608,3,4,2,0.0243511644298831,308.92628997842155,2.282683023005048,PASSED
1183,2022-08-30,2022,8,Phase_2_pleine,Pleine saison,242,46,10.222,22.218250730763312,40.893,12.298179626464844,5.960432896461579,2.7687371643712986,4.344,0.5145699778430558,15.552,-15.805,Saint-Louis,Saint-Louis,Zone sahélienne,14.875,-16.375,Diourbel,Bambey,2.0,3.25,222.64,348.5441548110022,6,12,2,0.0233036393685187,413.58384659632907,2.172147095879758,PASSED
1185,1988-08-22,1988,8,Phase_2_pleine,Pleine saison,235,46,10.222,39.0795084911844,66.66,22.251304626464844,12.460405435037794,2.484509698298963,3.993,0.4525305312740649,12.994,-15.259,Kolda,Kolda,Zone soudanienne,12.375,-14.625,Kolda,Médina Yoro Foulah,2.0,2.75,222.64,298.290983411001,6,15,2,0.0239492121405892,372.2177871848712,1.9964916052905648,PASSED
1186,2016-08-29,2016,8,Phase_2_pleine,Pleine saison,242,46,10.222,23.351136331972867,43.708,12.708473205566406,7.609360776456962,2.5280304972566983,3.887,0.4326996114347669,14.812,-12.016,Matam,Kanel,Zone soudano-sahélienne,12.375,-14.875,Kolda,Kolda,4.25,4.0,473.11,430.4830633832415,4,6,3,0.0240475911082528,639.6473484349168,1.9433817951707455,PASSED
1191,2015-08-28,2015,8,Phase_2_pleine,Pleine saison,240,46,10.222,37.04449927288553,54.479,23.142946243286133,6.619440355298883,2.680541347749419,3.538,0.4067953357268357,13.179,-11.961,Tambacounda,Goudiry,Zone soudanienne,12.375,-12.375,Kédougou,Kédougou,2.0,1.5,222.64,162.58187900824944,2,5,2,0.0224332547487185,275.68358256224303,1.7691732758811458,PASSED
1192,1999-07-03,1999,7,Phase_2_pleine,Pleine saison,184,46,10.222,15.656600122866424,23.035,9.135958671569824,3.351084062553261,2.433386316254585,3.325,0.3278149433097557,14.582,-14.584,Kaffrine,Koungheul,Zone soudano-sahélienne,13.625,-15.125,Kaffrine,Malem-Hodar,3.0,5.25,333.96,565.6053993990403,7,11,2,0.0227350353910869,656.8399662526998,1.6626577578914328,PASSED
1194,2020-08-19,2020,8,Phase_2_pleine,Pleine saison,232,46,10.222,25.16839541559634,42.539,14.87553596496582,8.08029332884722,2.364860224136452,2.88,0.2308910339636644,14.258,-11.656,Tambacounda,Bakel,Zone soudano-sahélienne,12.625,-12.125,Kédougou,Kédougou,4.25,0.75,473.11,80.91825984900439,3,6,3,0.0239798389513997,479.98002799803135,1.4402288488128978,PASSED
1198,2021-08-19,2021,8,Phase_2_pleine,Pleine saison,231,45,10.0,26.03837358686659,48.088,13.470605850219728,10.117090101796162,3.0819623199039263,5.96,1.0483350712122246,15.097,-15.5,Louga,Linguère,Zone soudano-sahélienne,14.875,-17.125,Thiès,Thiès,4.25,5.75,473.11,617.9984418637919,8,14,3,0.0255770560560706,778.3027281502195,2.9799548415207324,PASSED
1205,2019-08-22,2019,8,Phase_2_pleine,Pleine saison,234,45,10.0,31.83041466606988,63.639,15.519120216369627,9.554258684124669,2.7462944216365,3.904,0.4783854670560874,14.501,-16.343,Diourbel,Diourbel,Zone soudano-sahélienne,13.625,-16.625,Fatick,Foundiougne,2.5,2.0,278.3,215.5474479924488,9,18,3,0.0242243734831612,352.0107741938553,1.952090336832926,PASSED
1207,2010-07-29,2010,7,Phase_2_pleine,Pleine saison,210,45,10.0,33.60143199496799,65.229,18.18936920166016,11.773031309046136,2.616366736197228,3.842,0.4489006518642029,13.36,-16.072,Kaolack,Nioro du Rip,Zone soudanienne,12.625,-16.625,Ziguinchor,Oussouye,2.25,1.75,250.47,189.5376269976326,6,12,2,0.0249502482646148,314.10147198659183,1.921054466628546,PASSED
1208,2020-07-02,2020,7,Phase_2_pleine,Pleine saison,184,45,10.0,18.37069141599867,30.536,6.268495559692383,7.903184245525417,2.6352256118000428,3.665,0.4631282723144863,13.775,-15.423,Kaolack,Nioro du Rip,Zone soudano-sahélienne,13.125,-15.375,Kolda,Kolda,4.25,4.0,473.11,432.47251704949866,9,14,3,0.026335051622272,640.9879409966532,1.8325994895101576,PASSED
1210,1993-07-12,1993,7,Phase_2_pleine,Pleine saison,193,45,10.0,11.909392621782091,18.391,7.935873508453369,2.2321127788657438,2.579392601140021,3.441,0.3967534068693805,15.843,-12.475,Matam,Kanel,Zone sahélienne,15.125,-13.375,Matam,Kanel,1.5,2.5,166.98,267.7277229227912,1,3,2,0.02300284375677,315.53201419316844,1.7205595306219232,PASSED
1211,2000-08-08,2000,8,Phase_2_pleine,Pleine saison,221,45,10.0,26.78680288526747,48.791,12.990748405456545,11.074287464286382,2.301118018069067,3.215,0.2782916522601199,13.895,-12.965,Tambacounda,Goudiry,Zone soudano-sahélienne,12.375,-13.375,Kédougou,Salémata,4.0,4.5,445.28,486.2816572742442,5,11,3,0.0260204176600441,659.351295935168,1.6073240227654444,PASSED
1212,2003-08-22,2003,8,Phase_2_pleine,Pleine saison,234,45,10.0,23.259544393751355,49.298,13.039568901062012,9.940324168102254,2.356033499737576,3.185,0.2865396691756757,14.646,-13.26,Tambacounda,Goudiry,Zone soudano-sahélienne,12.375,-14.125,Kolda,Médina Yoro Foulah,4.25,3.0,473.11,323.1081272116237,4,8,3,0.0262809149589769,572.9152855093,1.5926294278332125,PASSED
1214,1998-07-18,1998,7,Phase_2_pleine,Pleine saison,199,44,9.778,31.830514886162497,56.918,12.80555534362793,10.273254412762103,3.378061515229406,6.951,1.2400547041334593,13.655,-14.844,Kolda,Kolda,Zone soudano-sahélienne,13.875,-14.125,Tambacounda,Tambacounda,3.5,3.25,389.62,351.56415193569256,7,12,3,0.0250946969273653,524.7867064829888,3.4755045213494338,PASSED
1220,2002-07-17,2002,7,Phase_2_pleine,Pleine saison,198,44,9.778,30.181601784446023,42.598,16.114948272705078,6.988761084987616,3.036034366608178,4.423,0.5620027522436032,12.921,-12.129,Kédougou,Salémata,Zone soudanienne,12.375,-12.375,Kédougou,Kédougou,1.5,2.0,166.98,217.00245939299484,2,5,2,0.0239458782506923,273.8108576042655,2.211266993628411,PASSED
1223,2000-07-30,2000,7,Phase_2_pleine,Pleine saison,212,44,9.778,29.98940962011164,45.725,13.618626594543455,7.480701195433687,2.431764040110111,4.288,0.4465833714032431,13.318,-13.857,Tambacounda,Tambacounda,Zone soudanienne,12.625,-15.375,Kolda,Kolda,3.5,5.25,389.62,568.713025394045,8,10,3,0.0241414247755624,689.3752531298521,2.144058801527584,PASSED
1224,1992-08-25,1992,8,Phase_2_pleine,Pleine saison,238,44,9.778,34.59824128584428,44.963,21.897239685058597,5.035329022873486,2.8365123681730404,4.275,0.5760199048985107,13.569,-14.136,Tambacounda,Tambacounda,Zone soudano-sahélienne,13.875,-14.625,Kaffrine,Malem-Hodar,2.0,2.25,222.64,243.47870299988776,4,8,2,0.0232086604225049,329.9249143775104,2.13740525978619,PASSED
1226,1989-07-18,1989,7,Phase_2_pleine,Pleine saison,199,44,9.778,14.449617505073547,22.417,6.836638927459717,4.091366414183637,2.6649880488644344,4.233,0.5625903885982836,15.986,-14.922,Louga,Linguère,Zone sahélienne,15.625,-16.375,Saint-Louis,Saint-Louis,1.75,4.5,194.81,481.5687873185805,5,10,2,0.024549369222947,519.479961608952,2.11666614267721,PASSED
1229,2020-07-01,2020,7,Phase_2_pleine,Pleine saison,183,44,9.778,14.557389692826703,20.956,9.1184720993042,2.5873208347485237,2.4843126065022507,3.697,0.4379599401346383,15.105,-12.424,Matam,Kanel,Zone soudano-sahélienne,14.375,-13.125,Tambacounda,Goudiry,2.25,3.75,250.47,403.0273705886931,3,6,2,0.0234452007064763,474.5168954841184,1.8482645649323448,PASSED
1230,2008-08-03,2008,8,Phase_2_pleine,Pleine saison,216,44,9.778,39.55454418875954,62.882,24.988752365112305,9.173516048871909,2.6829859142233485,3.689,0.4378948204679245,12.952,-14.395,Kolda,Médina Yoro Foulah,Zone soudanienne,12.375,-13.875,Kolda,Vélingara,1.25,2.0,139.15,216.97589609757597,3,5,2,0.0239497089358021,257.76202239754224,1.844374188028072,PASSED
1231,1987-08-01,1987,8,Phase_2_pleine,Pleine saison,213,44,9.778,30.02787962826816,41.377,19.259227752685547,4.082171838518262,2.6747351622672078,3.487,0.3870084582726935,13.718,-12.863,Tambacounda,Goudiry,Zone soudano-sahélienne,13.125,-11.875,Tambacounda,Goudiry,1.5,4.5,166.98,486.6514280195472,5,9,2,0.0231473029645652,514.5016333820909,1.7432586506431411,PASSED
1236,1981-08-10,1981,8,Phase_2_pleine,Pleine saison,222,43,9.556,45.867976787478426,75.491,16.975767135620117,14.138416630612785,3.6958597715401833,5.666,1.1711978075104257,13.364,-12.274,Tambacounda,Goudiry,Zone soudanienne,13.125,-12.125,Tambacounda,Goudiry,1.75,3.75,194.81,406.145411709836,3,6,2,0.0254654153051874,450.4498074666057,2.832957574417235,PASSED
1240,2000-07-31,2000,7,Phase_2_pleine,Pleine saison,213,43,9.556,18.20363486090372,30.21,11.203125,5.349285954398499,2.821831642522534,4.883,0.7322954726031057,16.18,-12.502,Matam,Matam,Zone sahélienne,16.375,-11.375,Matam,Kanel,1.5,5.0,166.98,534.5532618695497,2,5,2,0.0252640138577843,560.026345929145,2.4417390984575364,PASSED
1243,2003-07-12,2003,7,Phase_2_pleine,Pleine saison,193,43,9.556,25.24787200883377,42.867,4.956945419311523,6.905514138985319,2.682191062233453,4.086,0.4904779582820771,13.369,-14.558,Kolda,Vélingara,Zone soudanienne,12.875,-14.625,Kolda,Médina Yoro Foulah,4.25,2.75,473.11,297.8342452708844,6,11,3,0.024995512586426,559.0512500263973,2.042848687103595,PASSED
1246,1988-08-24,1988,8,Phase_2_pleine,Pleine saison,237,43,9.556,39.35060208342796,66.254,26.78214263916016,10.170036140485728,2.5139286912845504,3.947,0.4176329540363079,12.981,-13.786,Tambacounda,Tambacounda,Zone soudanienne,12.625,-14.375,Kolda,Médina Yoro Foulah,2.0,4.25,222.64,461.019737750004,4,10,2,0.0248091798765059,511.9646168511868,1.973395157528265,PASSED
1248,2011-08-09,2011,8,Phase_2_pleine,Pleine saison,221,43,9.556,30.932430866152743,61.656,12.025614738464355,14.957245849180527,2.5695386260177,3.596,0.4003285832084351,13.573,-16.209,Kaolack,Nioro du Rip,Zone soudano-sahélienne,12.875,-16.625,Ziguinchor,Bignona,4.25,1.5,473.11,162.3167294918322,10,17,3,0.0286934070652859,500.17975086255205,1.7981685816984403,PASSED
1250,2003-07-05,2003,7,Phase_2_pleine,Pleine saison,186,43,9.556,23.21912712274596,38.158,12.165508270263672,6.186454254779307,2.4136489667554843,3.382,0.3002749314529097,13.303,-14.547,Kolda,Vélingara,Zone soudanienne,12.375,-15.875,Sédhiou,Goudomp,3.0,4.0,333.96,433.3312673324448,5,11,2,0.02490672387576,547.0879825818172,1.6910527174365704,PASSED
1254,1999-07-22,1999,7,Phase_2_pleine,Pleine saison,203,43,9.556,16.88867879468341,23.272,10.141894340515137,3.7729622397551816,2.338908959633576,2.957,0.2316852084819136,14.817,-12.274,Matam,Kanel,Zone soudano-sahélienne,13.625,-13.375,Tambacounda,Tambacounda,3.0,2.5,333.96,269.0455392428313,3,6,3,0.0244164742007044,428.8528601093456,1.478296433247139,PASSED
1257,1986-08-29,1986,8,Phase_2_pleine,Pleine saison,241,42,9.333,49.59624685559954,72.779,18.58833694458008,11.69729071100438,3.5915002260928723,6.263,1.02835114416481,12.946,-13.57,Tambacounda,Tambacounda,Zone soudanienne,13.375,-13.625,Tambacounda,Tambacounda,2.0,2.5,222.64,271.22566589925697,4,6,2,0.025133937467328,350.9015989632925,3.131590726712175,PASSED
1261,2023-07-26,2023,7,Phase_2_pleine,Pleine saison,207,42,9.333,19.98560433160691,32.152,12.093754768371582,4.290021026453843,2.946602065503631,4.253,0.6011911560255834,16.158,-15.233,Louga,Linguère,Zone sahélienne,16.125,-14.875,Louga,Linguère,1.25,2.25,139.15,240.57540030008357,3,6,2,0.0249065954304636,277.91949181853084,2.126391277008387,PASSED
1264,1998-08-26,1998,8,Phase_2_pleine,Pleine saison,238,42,9.333,35.518771534874325,56.374,19.04033088684082,9.304971492175138,2.4359935345919843,4.043,0.458908526126502,13.248,-14.254,Tambacounda,Tambacounda,Zone soudanienne,12.375,-16.375,Ziguinchor,Oussouye,2.5,5.25,278.3,568.8763673439508,8,17,2,0.0254435722621022,633.3018270421693,2.021593421547489,PASSED
1265,2009-07-28,2009,7,Phase_2_pleine,Pleine saison,209,42,9.333,18.508677369072323,25.417,13.249929428100586,3.0976146158060174,2.607027661794249,4.036,0.5336687838459159,15.826,-12.765,Matam,Matam,Zone sahélienne,15.125,-11.375,Matam,Kanel,1.75,4.0,194.81,428.4019380600858,2,4,2,0.0244764145829546,470.6157181048967,2.0177987740501453,PASSED
1270,2015-08-14,2015,8,Phase_2_pleine,Pleine saison,226,42,9.333,37.19631399427141,59.092,24.591012954711918,8.982870130206495,2.466421599434244,3.63,0.4234937583556816,12.93,-13.53,Tambacounda,Tambacounda,Zone soudanienne,12.375,-12.375,Kédougou,Kédougou,1.5,4.5,166.98,488.2382065189709,6,13,2,0.0251981365356676,516.0027758299719,1.8148237297255685,PASSED
1283,1993-07-22,1993,7,Phase_2_pleine,Pleine saison,203,41,9.111,35.920921558287084,68.529,17.617721557617188,12.763064400161335,3.716928965759157,6.978,1.2994540834081627,13.811,-15.287,Kaffrine,Malem-Hodar,Zone soudano-sahélienne,13.875,-15.625,Kaolack,Nioro du Rip,1.75,4.75,194.81,513.481621008714,7,11,2,0.0274693958766671,549.1942358651323,3.488984557823671,PASSED
1284,1984-07-27,1984,7,Phase_2_pleine,Pleine saison,209,41,9.111,46.12993517154601,94.714,13.82664394378662,21.182984823585468,3.8873497893657096,6.274,1.2453286771753456,13.421,-15.853,Kaffrine,Malem-Hodar,Zone soudanienne,12.875,-16.625,Ziguinchor,Bignona,4.25,5.5,473.11,595.5397466390482,7,13,3,0.0295333414894788,760.592303620607,3.137108856011807,PASSED
1285,2003-07-20,2003,7,Phase_2_pleine,Pleine saison,201,41,9.111,20.26301293256806,34.345,10.835156440734863,5.844400010453255,3.0912858393968343,6.184,0.9853750256518368,15.47,-13.252,Matam,Kanel,Zone soudano-sahélienne,15.625,-13.375,Matam,Matam,1.75,3.75,194.81,402.3257526111719,3,5,2,0.0264192715546626,447.0088867213893,3.0917617418679573,PASSED
1286,1989-08-13,1989,8,Phase_2_pleine,Pleine saison,225,41,9.111,17.782078905803402,36.412,11.245192527770996,4.945638324707145,2.7914126863240223,5.893,0.7890052216769843,16.237,-13.237,Matam,Matam,Zone sahélienne,16.625,-11.375,Matam,Matam,1.25,3.5,139.15,374.0802805805459,2,4,2,0.0262769132062817,399.12250878940034,2.9463532385694258,PASSED
1290,2014-08-23,2014,8,Phase_2_pleine,Pleine saison,235,41,9.111,17.390201615124212,28.104,12.574623107910156,2.8407199201937727,2.4106441253790467,4.659,0.4980593899617478,16.218,-13.245,Matam,Matam,Zone sahélienne,16.625,-16.125,Saint-Louis,Dagana,1.25,5.0,139.15,534.4517084588845,3,6,2,0.025041068176423,552.2692725272206,2.3294573115852195,PASSED
1292,2003-07-28,2003,7,Phase_2_pleine,Pleine saison,209,41,9.111,19.81443116723037,32.156,13.061065673828123,3.7613017608667607,2.457134402051942,4.604,0.4537586402575932,15.198,-15.631,Louga,Linguère,Zone soudano-sahélienne,14.875,-16.875,Thiès,Tivaouane,2.25,2.75,250.47,295.42361827529953,8,14,2,0.0252691232912006,387.31167925989513,2.3021974611911404,PASSED
1293,2016-08-26,2016,8,Phase_2_pleine,Pleine saison,239,41,9.111,30.48168975550954,47.855,14.527680397033691,7.443070816234071,2.986245537753086,4.47,0.7575096460280387,14.586,-11.903,Tambacounda,Bakel,Zone soudano-sahélienne,14.375,-12.375,Tambacounda,Goudiry,2.75,1.5,306.13,161.5983482584944,3,4,2,0.0258445049390369,346.16412911345054,2.2350569215421494,PASSED
1294,2002-07-15,2002,7,Phase_2_pleine,Pleine saison,196,41,9.111,25.52200761655482,35.984,13.284521102905272,6.070663028434434,3.0745623904640507,4.4,0.7597685379719863,13.906,-15.932,Fatick,Foundiougne,Zone soudano-sahélienne,12.375,-16.375,Ziguinchor,Oussouye,2.5,2.0,278.3,216.1144259494513,6,14,2,0.0257701792159099,352.35823804185543,2.199759092628933,PASSED
1298,1985-08-02,1985,8,Phase_2_pleine,Pleine saison,214,41,9.111,20.239705946387318,29.469,11.99383544921875,4.777070325015077,2.7526341644692485,4.085,0.5362217279392019,15.56,-13.995,Matam,Ranérou,Zone sahélienne,14.375,-12.875,Tambacounda,Goudiry,2.75,2.25,306.13,241.2906240582119,3,5,2,0.025748967179688,389.7906404512573,2.0426416110171832,PASSED
1299,2006-07-21,2006,7,Phase_2_pleine,Pleine saison,202,41,9.111,15.893325072963064,25.152,6.069825172424316,4.071009346044636,2.7040536207534225,4.019,0.5483587808435101,15.618,-15.595,Saint-Louis,Dagana,Zone sahélienne,15.375,-15.125,Louga,Linguère,2.0,2.0,222.64,214.4195648227573,3,7,2,0.025990504859541,309.1024427132219,2.009629569562453,PASSED
1301,1986-07-08,1986,7,Phase_2_pleine,Pleine saison,189,41,9.111,27.501544812830485,47.808,8.802326202392578,10.748021633941336,2.7990393386386683,3.907,0.5274969875273413,12.991,-12.347,Kédougou,Salémata,Zone soudanienne,12.375,-11.625,Kédougou,Saraya,3.75,5.0,417.45,542.3547085567409,4,8,3,0.0281155248205089,684.4071489388954,1.9534402221649383,PASSED
1304,2016-07-02,2016,7,Phase_2_pleine,Pleine saison,184,41,9.111,18.174578085178283,34.493,6.050556659698486,9.82396724499724,2.4858137557702995,3.632,0.4282592486973155,13.753,-11.978,Tambacounda,Goudiry,Zone soudano-sahélienne,12.625,-12.125,Kédougou,Kédougou,4.25,2.5,473.11,270.3206689365595,3,6,3,0.0315164976016016,544.891114402051,1.8160486157796043,PASSED
1305,2019-07-08,2019,7,Phase_2_pleine,Pleine saison,189,41,9.111,23.527182439478437,40.203,14.53571319580078,6.269107498358594,2.4780719558409734,3.527,0.3568660506976757,13.119,-13.354,Tambacounda,Tambacounda,Zone soudanienne,12.375,-13.375,Kédougou,Salémata,2.25,3.5,250.47,379.4506056730901,4,9,2,0.0261220040321366,454.6624954864047,1.7634281954702973,PASSED
1306,2021-08-17,2021,8,Phase_2_pleine,Pleine saison,229,41,9.111,27.92498207092285,50.332,13.066458702087402,12.399574566170228,2.3944264638505044,3.384,0.2937743499836458,13.629,-12.581,Tambacounda,Goudiry,Zone soudano-sahélienne,12.375,-15.625,Sédhiou,Goudomp,4.25,4.5,473.11,486.8345885545452,5,9,3,0.0291991235339313,678.8526932354863,1.6918905962239934,PASSED
1307,2004-08-03,2004,8,Phase_2_pleine,Pleine saison,216,41,9.111,30.032784020028465,49.567,12.022015571594238,9.377573569542882,2.460168515836532,3.303,0.3610992178032475,13.55,-12.57,Tambacounda,Goudiry,Zone soudano-sahélienne,12.875,-12.375,Kédougou,Salémata,4.0,4.75,445.28,514.0512882352381,5,8,3,0.0267682114173536,680.0904411813974,1.6514093850477247,PASSED
1309,2004-07-14,2004,7,Phase_2_pleine,Pleine saison,196,41,9.111,19.07739711389309,24.87,11.679200172424316,2.774261852442241,2.263630235135192,2.881,0.212901623037201,14.004,-12.878,Tambacounda,Goudiry,Zone soudano-sahélienne,12.625,-13.125,Kédougou,Salémata,3.25,2.5,361.79,270.0291151532755,3,6,3,0.0249060337665465,451.4506959159117,1.4403458962800555,PASSED
1310,2000-08-22,2000,8,Phase_2_pleine,Pleine saison,235,41,9.111,26.694974294522915,53.458,12.976936340332031,10.579115865613964,2.302088438523992,2.874,0.2262328447915698,13.926,-12.002,Tambacounda,Goudiry,Zone soudano-sahélienne,12.375,-12.375,Kédougou,Kédougou,4.25,2.0,473.11,216.0961283573631,3,7,3,0.0282207475183812,520.1255609860392,1.437185388681566,PASSED
1311,1984-07-04,1984,7,Phase_2_pleine,Pleine saison,186,40,8.889,13.294445383548736,28.1,6.548802375793457,4.690903818745202,3.537921921750768,6.514,1.1642898168928166,16.239,-12.66,Matam,Matam,Zone sahélienne,16.375,-12.125,Matam,Matam,1.0,2.5,111.32,267.196693288291,1,3,1,0.0281125233417165,289.45848663033195,3.2571395557982497,PASSED
1312,2010-07-04,2010,7,Phase_2_pleine,Pleine saison,185,40,8.889,32.281673550605774,65.479,13.116135597229004,15.61673068411572,3.1127101994806807,5.659,1.1153772093747134,12.975,-15.428,Kolda,Kolda,Zone soudanienne,12.375,-16.125,Sédhiou,Goudomp,2.5,3.5,278.3,379.6725555800685,6,13,2,0.0308507045491599,470.7463566223324,2.829625501418904,PASSED
1313,2022-07-31,2022,7,Phase_2_pleine,Pleine saison,212,40,8.889,34.543017101287845,66.024,17.10953712463379,14.085004522832644,3.0764092270855885,4.947,0.7235949173803238,13.739,-15.958,Kaffrine,Birkelane,Zone soudano-sahélienne,12.375,-16.625,Ziguinchor,Oussouye,2.5,3.75,278.3,405.5054198399499,8,15,2,0.0291565542679449,491.81859291010346,2.473644504437394,PASSED
1314,1989-07-15,1989,7,Phase_2_pleine,Pleine saison,196,40,8.889,26.468071699142456,36.605,17.206071853637695,4.977113003456853,2.944088644461189,4.416,0.555866098051439,13.23,-12.785,Tambacounda,Goudiry,Zone soudanienne,12.375,-13.875,Kolda,Vélingara,1.75,2.5,194.81,270.91386246546807,3,6,2,0.0258839962170445,333.6843635379227,2.207782248906303,PASSED
1315,1982-07-29,1982,7,Phase_2_pleine,Pleine saison,210,40,8.889,18.27314748764038,26.351,12.583333969116213,3.010047135111743,2.722932647490099,4.389,0.6680083382495661,15.861,-15.745,Saint-Louis,Dagana,Zone sahélienne,15.875,-16.125,Saint-Louis,Saint-Louis,2.0,3.25,222.64,348.01645771189976,6,10,2,0.0256783594545974,413.13923216131207,2.194682886427007,PASSED
1319,1996-07-25,1996,7,Phase_2_pleine,Pleine saison,207,40,8.889,25.121617317199707,37.864,19.07205009460449,4.688254964588528,2.582987727491015,4.036,0.5066813920555469,14.502,-13.351,Tambacounda,Goudiry,Zone soudano-sahélienne,14.875,-13.625,Matam,Ranérou,2.0,3.5,222.64,377.20592869812737,4,7,2,0.0258706974284332,438.0101402450824,2.0179524595942366,PASSED
1320,2017-07-02,2017,7,Phase_2_pleine,Pleine saison,183,40,8.889,12.582658338546754,22.409,2.3123879432678223,4.107175430809235,2.550083392583127,3.99,0.4059501147688037,14.654,-15.436,Kaffrine,Birkelane,Zone soudano-sahélienne,13.875,-15.625,Kaolack,Nioro du Rip,3.0,5.75,333.96,619.2692383580513,10,20,2,0.0276636778971878,703.5791803443739,1.995030263156164,PASSED
1325,2009-08-15,2009,8,Phase_2_pleine,Pleine saison,227,40,8.889,33.58288564682007,47.246,19.00946807861328,5.480916870720272,2.4648775188177465,3.069,0.2937350533769226,13.362,-12.13,Tambacounda,Goudiry,Zone soudanienne,12.375,-12.625,Kédougou,Kédougou,2.75,4.5,306.13,487.3794144493008,5,8,2,0.0256659021509308,575.5469327117844,1.5346285779926463,PASSED
1326,2012-08-27,2012,8,Phase_2_pleine,Pleine saison,240,40,8.889,29.346374177932734,39.618,21.109834671020508,4.683149014665131,2.295851854777931,2.824,0.1928296654841387,13.987,-12.381,Tambacounda,Goudiry,Zone soudano-sahélienne,12.375,-12.625,Kédougou,Kédougou,2.75,2.0,306.13,216.03918489484772,3,6,2,0.025636659261656,374.68454403008167,1.4121021625633678,PASSED
