event_date,selection_label,pixel_id,longitude,latitude,precipitation_mm,climatology_mm,anomaly_standardized,anomaly_mm,is_extreme,is_intense,intensity_category,anomaly_category,year,month,day,day_of_year,season_phase,phase_description,region,climate_zone,distance_to_coast_km,cluster,criterion,phase
1987-06-09,C0_plus_intense,1987-06-09_000_003,-16.625,12.375,11.719124794006348,3.458481788635254,0.9698211550712585,8.260643005371094,False,False,moderee,normale,1987,6,9,160,Phase_1_debut,Debut de saison (Mai-Juin),Ziguinchor,Zone soudanienne,95.14188,0,plus_intense,Phase_1_debut
1987-06-09,C0_plus_intense,1987-06-09_000_004,-16.375,12.375,16.380290985107422,4.110024929046631,1.4262864589691162,12.270266056060791,False,False,moderee,humide,1987,6,9,160,Phase_1_debut,Debut de saison (Mai-Juin),Ziguinchor,Zone soudanienne,122.32527,0,plus_intense,Phase_1_debut
1987-06-09,C0_plus_intense,1987-06-09_000_020,-12.375,12.375,17.40411949157715,6.229651927947998,1.4933934211730957,11.17446756362915,False,False,moderee,humide,1987,6,9,160,Phase_1_debut,Debut de saison (Mai-Juin),Kédougou,Zone soudanienne,557.2596,0,plus_intense,Phase_1_debut
1987-06-09,C0_plus_intense,1987-06-09_001_003,-16.625,12.625,18.762292861938477,3.7180683612823486,1.764561414718628,15.044224500656128,False,False,moderee,humide,1987,6,9,160,Phase_1_debut,Debut de saison (Mai-Juin),Ziguinchor,Zone soudanienne,95.04989,0,plus_intense,Phase_1_debut
1987-06-09,C0_plus_intense,1987-06-09_001_004,-16.375,12.625,22.705751419067383,3.9662795066833496,2.1124770641326904,18.739471912384033,True,True,forte,tres humide,1987,6,9,160,Phase_1_debut,Debut de saison (Mai-Juin),Ziguinchor,Zone soudanienne,122.20701,0,plus_intense,Phase_1_debut
1987-06-09,C0_plus_intense,1987-06-09_001_005,-16.125,12.625,15.948487281799316,3.7491202354431152,1.4689589738845825,12.199367046356201,False,False,moderee,humide,1987,6,9,160,Phase_1_debut,Debut de saison (Mai-Juin),Sédhiou,Zone soudanienne,149.36412,0,plus_intense,Phase_1_debut
1987-06-09,C0_plus_intense,1987-06-09_001_006,-15.875,12.625,17.40483283996582,3.774235486984253,1.7570854425430298,13.630597352981567,False,False,moderee,humide,1987,6,9,160,Phase_1_debut,Debut de saison (Mai-Juin),Sédhiou,Zone soudanienne,176.52124,0,plus_intense,Phase_1_debut
1987-06-09,C0_plus_intense,1987-06-09_001_007,-15.625,12.625,20.847665786743164,4.39365816116333,1.9307639598846436,16.454007625579834,False,True,forte,humide,1987,6,9,160,Phase_1_debut,Debut de saison (Mai-Juin),Sédhiou,Zone soudanienne,203.67834,0,plus_intense,Phase_1_debut
1987-06-09,C0_plus_intense,1987-06-09_001_008,-15.375,12.625,22.862619400024414,4.46208381652832,2.4208433628082275,18.400535583496094,True,True,forte,tres humide,1987,6,9,160,Phase_1_debut,Debut de saison (Mai-Juin),Kolda,Zone soudanienne,230.83545,0,plus_intense,Phase_1_debut
1987-06-09,C0_plus_intense,1987-06-09_001_018,-12.875,12.625,40.403076171875,6.468666076660156,3.5406174659729004,33.934410095214844,True,True,forte,exceptionnelle,1987,6,9,160,Phase_1_debut,Debut de saison (Mai-Juin),Kédougou,Zone soudanienne,502.40656,0,plus_intense,Phase_1_debut
1987-06-09,C0_plus_intense,1987-06-09_001_019,-12.625,12.625,23.27344512939453,6.554370880126953,1.9304745197296143,16.719074249267578,False,True,forte,humide,1987,6,9,160,Phase_1_debut,Debut de saison (Mai-Juin),Kédougou,Zone soudanienne,529.56366,0,plus_intense,Phase_1_debut
1987-06-09,C0_plus_intense,1987-06-09_001_020,-12.375,12.625,26.209169387817383,6.265355110168457,2.500324249267578,19.943814277648926,True,True,forte,tres humide,1987,6,9,160,Phase_1_debut,Debut de saison (Mai-Juin),Kédougou,Zone soudanienne,556.7208,0,plus_intense,Phase_1_debut
1987-06-09,C0_plus_intense,1987-06-09_001_021,-12.125,12.625,18.02147674560547,5.575616359710693,1.8476930856704712,12.445860385894775,False,False,moderee,humide,1987,6,9,160,Phase_1_debut,Debut de saison (Mai-Juin),Kédougou,Zone soudanienne,583.87787,0,plus_intense,Phase_1_debut
1987-06-09,C0_plus_intense,1987-06-09_001_022,-11.875,12.625,15.110540390014648,5.376169204711914,1.5340490341186523,9.734371185302734,False,False,moderee,humide,1987,6,9,160,Phase_1_debut,Debut de saison (Mai-Juin),Kédougou,Zone soudanienne,611.03503,0,plus_intense,Phase_1_debut
1987-06-09,C0_plus_intense,1987-06-09_001_023,-11.625,12.625,13.492609977722168,5.523624420166016,1.2304600477218628,7.968985557556152,False,False,moderee,humide,1987,6,9,160,Phase_1_debut,Debut de saison (Mai-Juin),Kédougou,Zone soudanienne,638.19214,0,plus_intense,Phase_1_debut
1987-06-09,C0_plus_intense,1987-06-09_002_003,-16.625,12.875,27.958086013793945,3.848503589630127,2.937990427017212,24.10958242416382,True,True,forte,tres humide,1987,6,9,160,Phase_1_debut,Debut de saison (Mai-Juin),Ziguinchor,Zone soudanienne,94.95609,0,plus_intense,Phase_1_debut
1987-06-09,C0_plus_intense,1987-06-09_002_004,-16.375,12.875,31.173315048217773,4.30537223815918,2.8417627811431885,26.867942810058594,True,True,forte,tres humide,1987,6,9,160,Phase_1_debut,Debut de saison (Mai-Juin),Ziguinchor,Zone soudanienne,122.08641,0,plus_intense,Phase_1_debut
1987-06-09,C0_plus_intense,1987-06-09_002_005,-16.125,12.875,21.982213973999023,3.738762140274048,2.2465407848358154,18.243451833724976,True,True,forte,tres humide,1987,6,9,160,Phase_1_debut,Debut de saison (Mai-Juin),Sédhiou,Zone soudanienne,149.21672,0,plus_intense,Phase_1_debut
1987-06-09,C0_plus_intense,1987-06-09_002_006,-15.875,12.875,24.425701141357422,3.682546615600586,2.5393636226654053,20.743154525756836,True,True,forte,tres humide,1987,6,9,160,Phase_1_debut,Debut de saison (Mai-Juin),Sédhiou,Zone soudanienne,176.34703,0,plus_intense,Phase_1_debut
1987-06-09,C0_plus_intense,1987-06-09_002_007,-15.625,12.875,28.68321990966797,4.332658767700195,2.879269599914551,24.350561141967773,True,True,forte,tres humide,1987,6,9,160,Phase_1_debut,Debut de saison (Mai-Juin),Sédhiou,Zone soudanienne,203.47736,0,plus_intense,Phase_1_debut
1987-06-09,C0_plus_intense,1987-06-09_002_008,-15.375,12.875,27.901948928833008,4.157376766204834,3.0225989818573,23.744572162628174,True,True,forte,exceptionnelle,1987,6,9,160,Phase_1_debut,Debut de saison (Mai-Juin),Kolda,Zone soudanienne,230.60765,0,plus_intense,Phase_1_debut
1987-06-09,C0_plus_intense,1987-06-09_002_009,-15.125,12.875,47.825599670410156,4.912265777587891,4.128555774688721,42.913333892822266,True,True,forte,exceptionnelle,1987,6,9,160,Phase_1_debut,Debut de saison (Mai-Juin),Kolda,Zone soudanienne,257.73798,0,plus_intense,Phase_1_debut
1987-06-09,C0_plus_intense,1987-06-09_002_010,-14.875,12.875,50.98124694824219,5.692931652069092,4.270539283752441,45.288315296173096,True,True,tres forte,exceptionnelle,1987,6,9,160,Phase_1_debut,Debut de saison (Mai-Juin),Kolda,Zone soudanienne,284.8683,0,plus_intense,Phase_1_debut
1987-06-09,C0_plus_intense,1987-06-09_002_011,-14.625,12.875,35.67338943481445,5.233389377593994,3.907402992248535,30.44000005722046,True,True,forte,exceptionnelle,1987,6,9,160,Phase_1_debut,Debut de saison (Mai-Juin),Kolda,Zone soudanienne,311.9986,0,plus_intense,Phase_1_debut
1987-06-09,C0_plus_intense,1987-06-09_002_012,-14.375,12.875,28.562889099121094,5.204439640045166,3.394132375717163,23.358449459075928,True,True,forte,exceptionnelle,1987,6,9,160,Phase_1_debut,Debut de saison (Mai-Juin),Kolda,Zone soudanienne,339.1289,0,plus_intense,Phase_1_debut
1987-06-09,C0_plus_intense,1987-06-09_002_013,-14.125,12.875,26.91391372680664,4.838186264038086,3.4089548587799072,22.075727462768555,True,True,forte,exceptionnelle,1987,6,9,160,Phase_1_debut,Debut de saison (Mai-Juin),Kolda,Zone soudanienne,366.25922,0,plus_intense,Phase_1_debut
1987-06-09,C0_plus_intense,1987-06-09_002_014,-13.875,12.875,35.18240737915039,5.394789218902588,3.7243552207946777,29.787618160247803,True,True,forte,exceptionnelle,1987,6,9,160,Phase_1_debut,Debut de saison (Mai-Juin),Tambacounda,Zone soudanienne,393.38953,0,plus_intense,Phase_1_debut
1987-06-09,C0_plus_intense,1987-06-09_002_015,-13.625,12.875,35.48520278930664,4.80057954788208,3.9429996013641357,30.68462324142456,True,True,forte,exceptionnelle,1987,6,9,160,Phase_1_debut,Debut de saison (Mai-Juin),Tambacounda,Zone soudanienne,420.51984,0,plus_intense,Phase_1_debut
1987-06-09,C0_plus_intense,1987-06-09_002_016,-13.375,12.875,27.485149383544922,4.206497669219971,3.7776591777801514,23.27865171432495,True,True,forte,exceptionnelle,1987,6,9,160,Phase_1_debut,Debut de saison (Mai-Juin),Tambacounda,Zone soudanienne,447.65018,0,plus_intense,Phase_1_debut
1987-06-09,C0_plus_intense,1987-06-09_002_017,-13.125,12.875,27.59308624267578,4.882234573364258,3.0575175285339355,22.710851669311523,True,True,forte,exceptionnelle,1987,6,9,160,Phase_1_debut,Debut de saison (Mai-Juin),Kédougou,Zone soudanienne,474.78046,0,plus_intense,Phase_1_debut
1987-06-09,C0_plus_intense,1987-06-09_002_018,-12.875,12.875,33.95732116699219,5.661134243011475,3.701735734939575,28.296186923980713,True,True,forte,exceptionnelle,1987,6,9,160,Phase_1_debut,Debut de saison (Mai-Juin),Kédougou,Zone soudanienne,501.91077,0,plus_intense,Phase_1_debut
1987-06-09,C0_plus_intense,1987-06-09_002_019,-12.625,12.875,24.330951690673828,6.239378452301025,2.161229372024536,18.091573238372803,True,True,forte,tres humide,1987,6,9,160,Phase_1_debut,Debut de saison (Mai-Juin),Kédougou,Zone soudanienne,529.0411,0,plus_intense,Phase_1_debut
1987-06-09,C0_plus_intense,1987-06-09_002_020,-12.375,12.875,22.26666831970215,5.702956199645996,2.3072307109832764,16.563712120056152,True,True,forte,tres humide,1987,6,9,160,Phase_1_debut,Debut de saison (Mai-Juin),Kédougou,Zone soudanienne,556.17145,0,plus_intense,Phase_1_debut
1987-06-09,C0_plus_intense,1987-06-09_002_021,-12.125,12.875,9.08928108215332,4.881448745727539,0.7126405835151672,4.207832336425781,False,False,moderee,normale,1987,6,9,160,Phase_1_debut,Debut de saison (Mai-Juin),Kédougou,Zone soudanienne,583.3017,0,plus_intense,Phase_1_debut
1987-06-09,C0_plus_intense,1987-06-09_002_022,-11.875,12.875,7.071193695068359,4.543497562408447,0.4217335879802704,2.527696132659912,False,False,moderee,normale,1987,6,9,160,Phase_1_debut,Debut de saison (Mai-Juin),Kédougou,Zone soudanienne,610.432,0,plus_intense,Phase_1_debut
1987-06-09,C0_plus_intense,1987-06-09_002_023,-11.625,12.875,7.866749286651611,4.8356709480285645,0.46011123061180115,3.031078338623047,False,False,moderee,normale,1987,6,9,160,Phase_1_debut,Debut de saison (Mai-Juin),Kédougou,Zone soudanienne,637.5624,0,plus_intense,Phase_1_debut
1987-06-09,C0_plus_intense,1987-06-09_003_003,-16.625,13.125,27.82625389099121,3.606013536453247,2.7489562034606934,24.220240354537964,True,True,forte,tres humide,1987,6,9,160,Phase_1_debut,Debut de saison (Mai-Juin),Ziguinchor,Zone soudanienne,94.86048,0,plus_intense,Phase_1_debut
1987-06-09,C0_plus_intense,1987-06-09_003_004,-16.375,13.125,26.041006088256836,3.0632011890411377,3.104623317718506,22.9778048992157,True,True,forte,exceptionnelle,1987,6,9,160,Phase_1_debut,Debut de saison (Mai-Juin),Ziguinchor,Zone soudanienne,121.96348,0,plus_intense,Phase_1_debut
1987-06-09,C0_plus_intense,1987-06-09_003_005,-16.125,13.125,26.05866050720215,3.5636110305786133,2.6690990924835205,22.495049476623535,True,True,forte,tres humide,1987,6,9,160,Phase_1_debut,Debut de saison (Mai-Juin),Sédhiou,Zone soudanienne,149.06648,0,plus_intense,Phase_1_debut
1987-06-09,C0_plus_intense,1987-06-09_003_006,-15.875,13.125,33.84880828857422,3.8110687732696533,3.329011917114258,30.037739515304565,True,True,forte,exceptionnelle,1987,6,9,160,Phase_1_debut,Debut de saison (Mai-Juin),Sédhiou,Zone soudanienne,176.16948,0,plus_intense,Phase_1_debut
1987-06-09,C0_plus_intense,1987-06-09_003_007,-15.625,13.125,38.41819763183594,4.037501335144043,3.9251561164855957,34.380696296691895,True,True,forte,exceptionnelle,1987,6,9,160,Phase_1_debut,Debut de saison (Mai-Juin),Sédhiou,Zone soudanienne,203.27248,0,plus_intense,Phase_1_debut
1987-06-09,C0_plus_intense,1987-06-09_003_008,-15.375,13.125,44.895233154296875,4.2747602462768555,4.314355850219727,40.62047290802002,True,True,forte,exceptionnelle,1987,6,9,160,Phase_1_debut,Debut de saison (Mai-Juin),Kolda,Zone soudanienne,230.37546,0,plus_intense,Phase_1_debut
1987-06-09,C0_plus_intense,1987-06-09_003_009,-15.125,13.125,49.14524459838867,4.476414680480957,4.315451622009277,44.668829917907715,True,True,forte,exceptionnelle,1987,6,9,160,Phase_1_debut,Debut de saison (Mai-Juin),Kolda,Zone soudanienne,257.47845,0,plus_intense,Phase_1_debut
1987-06-09,C0_plus_intense,1987-06-09_003_010,-14.875,13.125,54.332576751708984,4.701465606689453,4.909843444824219,49.63111114501953,True,True,tres forte,exceptionnelle,1987,6,9,160,Phase_1_debut,Debut de saison (Mai-Juin),Kolda,Zone soudanienne,284.58145,0,plus_intense,Phase_1_debut
1987-06-09,C0_plus_intense,1987-06-09_003_011,-14.625,13.125,56.38427734375,4.5393147468566895,5.305744647979736,51.84496259689331,True,True,tres forte,exceptionnelle,1987,6,9,160,Phase_1_debut,Debut de saison (Mai-Juin),Kolda,Zone soudanienne,311.68445,0,plus_intense,Phase_1_debut
1987-06-09,C0_plus_intense,1987-06-09_003_012,-14.375,13.125,49.2240104675293,4.545594215393066,5.239067554473877,44.67841625213623,True,True,forte,exceptionnelle,1987,6,9,160,Phase_1_debut,Debut de saison (Mai-Juin),Tambacounda,Zone soudanienne,338.78745,0,plus_intense,Phase_1_debut
1987-06-09,C0_plus_intense,1987-06-09_003_013,-14.125,13.125,39.563720703125,4.728189945220947,4.554239273071289,34.83553075790405,True,True,forte,exceptionnelle,1987,6,9,160,Phase_1_debut,Debut de saison (Mai-Juin),Tambacounda,Zone soudanienne,365.89044,0,plus_intense,Phase_1_debut
1987-06-09,C0_plus_intense,1987-06-09_003_014,-13.875,13.125,40.8980598449707,4.7881879806518555,4.447349548339844,36.10987186431885,True,True,forte,exceptionnelle,1987,6,9,160,Phase_1_debut,Debut de saison (Mai-Juin),Tambacounda,Zone soudanienne,392.99344,0,plus_intense,Phase_1_debut
1987-06-09,C0_plus_intense,1987-06-09_003_015,-13.625,13.125,35.33217239379883,4.407634258270264,3.918346881866455,30.924538135528564,True,True,forte,exceptionnelle,1987,6,9,160,Phase_1_debut,Debut de saison (Mai-Juin),Tambacounda,Zone soudanienne,420.09644,0,plus_intense,Phase_1_debut
1987-06-09,C0_plus_intense,1987-06-09_003_016,-13.375,13.125,28.22844886779785,3.730693817138672,3.7958133220672607,24.49775505065918,True,True,forte,exceptionnelle,1987,6,9,160,Phase_1_debut,Debut de saison (Mai-Juin),Tambacounda,Zone soudanienne,447.19943,0,plus_intense,Phase_1_debut
1987-06-09,C0_plus_intense,1987-06-09_003_017,-13.125,13.125,26.283611297607422,3.9148778915405273,3.607750654220581,22.368733406066895,True,True,forte,exceptionnelle,1987,6,9,160,Phase_1_debut,Debut de saison (Mai-Juin),Tambacounda,Zone soudanienne,474.30243,0,plus_intense,Phase_1_debut
1987-06-09,C0_plus_intense,1987-06-09_003_018,-12.875,13.125,23.603384017944336,4.641729831695557,2.923645257949829,18.96165418624878,True,True,forte,tres humide,1987,6,9,160,Phase_1_debut,Debut de saison (Mai-Juin),Tambacounda,Zone soudanienne,501.4054,0,plus_intense,Phase_1_debut
1987-06-09,C0_plus_intense,1987-06-09_003_019,-12.625,13.125,17.175086975097656,5.04913854598999,1.843732237815857,12.125948429107666,False,False,moderee,humide,1987,6,9,160,Phase_1_debut,Debut de saison (Mai-Juin),Tambacounda,Zone soudanienne,528.5084,0,plus_intense,Phase_1_debut
1987-06-09,C0_plus_intense,1987-06-09_003_020,-12.375,13.125,15.293601036071777,4.652777671813965,1.7457020282745361,10.640823364257812,False,False,moderee,humide,1987,6,9,160,Phase_1_debut,Debut de saison (Mai-Juin),Tambacounda,Zone soudanienne,555.61145,0,plus_intense,Phase_1_debut
1987-06-09,C0_plus_intense,1987-06-09_003_021,-12.125,13.125,6.535650730133057,4.372262477874756,0.3678281307220459,2.163388252258301,False,False,moderee,normale,1987,6,9,160,Phase_1_debut,Debut de saison (Mai-Juin),Tambacounda,Zone soudanienne,582.71436,0,plus_intense,Phase_1_debut
1987-06-09,C0_plus_intense,1987-06-09_003_022,-11.875,13.125,3.0607235431671143,3.832714319229126,-0.13608349859714508,-0.7719907760620117,False,False,faible,normale,1987,6,9,160,Phase_1_debut,Debut de saison (Mai-Juin),Tambacounda,Zone soudanienne,609.8174,0,plus_intense,Phase_1_debut
1987-06-09,C0_plus_intense,1987-06-09_003_023,-11.625,13.125,2.4354407787323,3.961594581604004,-0.27302560210227966,-1.526153802871704,False,False,faible,normale,1987,6,9,160,Phase_1_debut,Debut de saison (Mai-Juin),Tambacounda,Zone soudanienne,636.9204,0,plus_intense,Phase_1_debut
1987-06-09,C0_plus_intense,1987-06-09_004_009,-15.125,13.375,43.37184143066406,3.5661323070526123,4.38522481918335,39.80570912361145,True,True,forte,exceptionnelle,1987,6,9,160,Phase_1_debut,Debut de saison (Mai-Juin),Kolda,Zone soudanienne,257.21408,0,plus_intense,Phase_1_debut
1987-06-09,C0_plus_intense,1987-06-09_004_010,-14.875,13.375,42.980648040771484,3.818772077560425,4.523941993713379,39.16187596321106,True,True,forte,exceptionnelle,1987,6,9,160,Phase_1_debut,Debut de saison (Mai-Juin),Kolda,Zone soudanienne,284.2892,0,plus_intense,Phase_1_debut
1987-06-09,C0_plus_intense,1987-06-09_004_015,-13.625,13.375,38.87694549560547,4.923943519592285,4.15440559387207,33.953001976013184,True,True,forte,exceptionnelle,1987,6,9,160,Phase_1_debut,Debut de saison (Mai-Juin),Tambacounda,Zone soudanienne,419.66504,0,plus_intense,Phase_1_debut
1987-06-09,C0_plus_intense,1987-06-09_004_016,-13.375,13.375,31.902976989746094,3.985752582550049,3.926189422607422,27.917224407196045,True,True,forte,exceptionnelle,1987,6,9,160,Phase_1_debut,Debut de saison (Mai-Juin),Tambacounda,Zone soudanienne,446.7402,0,plus_intense,Phase_1_debut
1987-06-09,C0_plus_intense,1987-06-09_004_017,-13.125,13.375,25.20191192626953,3.7648003101348877,3.2145047187805176,21.437111616134644,True,True,forte,exceptionnelle,1987,6,9,160,Phase_1_debut,Debut de saison (Mai-Juin),Tambacounda,Zone soudanienne,473.81537,0,plus_intense,Phase_1_debut
1987-06-09,C0_plus_intense,1987-06-09_004_018,-12.875,13.375,25.490549087524414,4.62125825881958,2.7298898696899414,20.869290828704834,True,True,forte,tres humide,1987,6,9,160,Phase_1_debut,Debut de saison (Mai-Juin),Tambacounda,Zone soudanienne,500.89053,0,plus_intense,Phase_1_debut
1987-06-09,C0_plus_intense,1987-06-09_004_019,-12.625,13.375,25.00342559814453,4.762450695037842,2.7722041606903076,20.24097490310669,True,True,forte,tres humide,1987,6,9,160,Phase_1_debut,Debut de saison (Mai-Juin),Tambacounda,Zone soudanienne,527.9657,0,plus_intense,Phase_1_debut
1987-06-09,C0_plus_intense,1987-06-09_004_020,-12.375,13.375,13.813470840454102,4.254276275634766,1.4975589513778687,9.559194564819336,False,False,moderee,humide,1987,6,9,160,Phase_1_debut,Debut de saison (Mai-Juin),Tambacounda,Zone soudanienne,555.0409,0,plus_intense,Phase_1_debut
1987-06-09,C0_plus_intense,1987-06-09_004_021,-12.125,13.375,4.065493106842041,3.855592966079712,0.03389542177319527,0.2099001407623291,False,False,faible,normale,1987,6,9,160,Phase_1_debut,Debut de saison (Mai-Juin),Tambacounda,Zone soudanienne,582.116,0,plus_intense,Phase_1_debut
1987-06-09,C0_plus_intense,1987-06-09_004_022,-11.875,13.375,3.855166435241699,3.634626626968384,0.03902995586395264,0.22053980827331543,False,False,faible,normale,1987,6,9,160,Phase_1_debut,Debut de saison (Mai-Juin),Tambacounda,Zone soudanienne,609.19116,0,plus_intense,Phase_1_debut
1987-06-09,C0_plus_intense,1987-06-09_004_023,-11.625,13.375,1.9898428916931152,3.661487340927124,-0.29868993163108826,-1.6716444492340088,False,False,faible,normale,1987,6,9,160,Phase_1_debut,Debut de saison (Mai-Juin),Tambacounda,Zone soudanienne,636.26636,0,plus_intense,Phase_1_debut
1987-06-09,C0_plus_intense,1987-06-09_005_004,-16.375,13.625,17.851938247680664,2.642895460128784,2.394597053527832,15.20904278755188,True,False,moderee,tres humide,1987,6,9,160,Phase_1_debut,Debut de saison (Mai-Juin),Kaolack,Zone soudano-sahélienne,121.71068,0,plus_intense,Phase_1_debut
1987-06-09,C0_plus_intense,1987-06-09_005_005,-16.125,13.625,15.972844123840332,2.7072558403015137,2.0399765968322754,13.265588283538818,True,False,moderee,tres humide,1987,6,9,160,Phase_1_debut,Debut de saison (Mai-Juin),Kaolack,Zone soudano-sahélienne,148.75749,0,plus_intense,Phase_1_debut
1987-06-09,C0_plus_intense,1987-06-09_005_006,-15.875,13.625,21.866682052612305,3.1691277027130127,2.495025396347046,18.697554349899292,True,True,forte,tres humide,1987,6,9,160,Phase_1_debut,Debut de saison (Mai-Juin),Kaffrine,Zone soudano-sahélienne,175.80432,0,plus_intense,Phase_1_debut
1987-06-09,C0_plus_intense,1987-06-09_005_007,-15.625,13.625,22.78960609436035,3.0209531784057617,2.828127861022949,19.76865291595459,True,True,forte,tres humide,1987,6,9,160,Phase_1_debut,Debut de saison (Mai-Juin),Kaffrine,Zone soudano-sahélienne,202.85114,0,plus_intense,Phase_1_debut
1987-06-09,C0_plus_intense,1987-06-09_005_012,-14.375,13.625,43.334625244140625,3.6515769958496094,4.951099395751953,39.683048248291016,True,True,forte,exceptionnelle,1987,6,9,160,Phase_1_debut,Debut de saison (Mai-Juin),Tambacounda,Zone soudano-sahélienne,338.0852,0,plus_intense,Phase_1_debut
1987-06-09,C0_plus_intense,1987-06-09_005_013,-14.125,13.625,36.29877853393555,3.927823781967163,4.486773490905762,32.370954751968384,True,True,forte,exceptionnelle,1987,6,9,160,Phase_1_debut,Debut de saison (Mai-Juin),Tambacounda,Zone soudano-sahélienne,365.13202,0,plus_intense,Phase_1_debut
1987-06-09,C0_plus_intense,1987-06-09_005_014,-13.875,13.625,32.90618896484375,4.098021984100342,4.228042125701904,28.808166980743408,True,True,forte,exceptionnelle,1987,6,9,160,Phase_1_debut,Debut de saison (Mai-Juin),Tambacounda,Zone soudano-sahélienne,392.17886,0,plus_intense,Phase_1_debut
1987-06-09,C0_plus_intense,1987-06-09_005_015,-13.625,13.625,49.83424758911133,4.51529598236084,5.0896525382995605,45.31895160675049,True,True,forte,exceptionnelle,1987,6,9,160,Phase_1_debut,Debut de saison (Mai-Juin),Tambacounda,Zone soudano-sahélienne,419.22565,0,plus_intense,Phase_1_debut
1987-06-09,C0_plus_intense,1987-06-09_005_016,-13.375,13.625,39.93482971191406,4.049307346343994,4.5985636711120605,35.88552236557007,True,True,forte,exceptionnelle,1987,6,9,160,Phase_1_debut,Debut de saison (Mai-Juin),Tambacounda,Zone soudano-sahélienne,446.2725,0,plus_intense,Phase_1_debut
1987-06-09,C0_plus_intense,1987-06-09_005_017,-13.125,13.625,31.74301528930664,3.9666531085968018,3.798588752746582,27.77636218070984,True,True,forte,exceptionnelle,1987,6,9,160,Phase_1_debut,Debut de saison (Mai-Juin),Tambacounda,Zone soudano-sahélienne,473.3193,0,plus_intense,Phase_1_debut
1987-06-09,C0_plus_intense,1987-06-09_005_018,-12.875,13.625,34.9013671875,4.951725006103516,3.6327388286590576,29.949642181396484,True,True,forte,exceptionnelle,1987,6,9,160,Phase_1_debut,Debut de saison (Mai-Juin),Tambacounda,Zone soudano-sahélienne,500.3661,0,plus_intense,Phase_1_debut
1987-06-09,C0_plus_intense,1987-06-09_005_019,-12.625,13.625,32.73789978027344,5.0694499015808105,3.417328119277954,27.668449878692627,True,True,forte,exceptionnelle,1987,6,9,160,Phase_1_debut,Debut de saison (Mai-Juin),Tambacounda,Zone soudano-sahélienne,527.4129,0,plus_intense,Phase_1_debut
1987-06-09,C0_plus_intense,1987-06-09_005_020,-12.375,13.625,20.781461715698242,4.608500957489014,2.349858283996582,16.17296075820923,True,True,forte,tres humide,1987,6,9,160,Phase_1_debut,Debut de saison (Mai-Juin),Tambacounda,Zone soudano-sahélienne,554.4598,0,plus_intense,Phase_1_debut
1987-06-09,C0_plus_intense,1987-06-09_005_021,-12.125,13.625,13.017565727233887,4.150028705596924,1.4594038724899292,8.867537021636963,False,False,moderee,humide,1987,6,9,160,Phase_1_debut,Debut de saison (Mai-Juin),Tambacounda,Zone soudano-sahélienne,581.50653,0,plus_intense,Phase_1_debut
1987-06-09,C0_plus_intense,1987-06-09_006_003,-16.625,13.875,6.391806602478027,1.6183384656906128,1.1857001781463623,4.7734681367874146,False,False,moderee,humide,1987,6,9,160,Phase_1_debut,Debut de saison (Mai-Juin),Fatick,Zone soudano-sahélienne,94.562836,0,plus_intense,Phase_1_debut
1987-06-09,C0_plus_intense,1987-06-09_006_004,-16.375,13.875,8.248757362365723,2.4792141914367676,1.0173170566558838,5.769543170928955,False,False,moderee,humide,1987,6,9,160,Phase_1_debut,Debut de saison (Mai-Juin),Fatick,Zone soudano-sahélienne,121.580795,0,plus_intense,Phase_1_debut
1987-06-09,C0_plus_intense,1987-06-09_006_005,-16.125,13.875,0.0,2.5449042320251465,-0.42671841382980347,-2.5449042320251465,False,False,trace,normale,1987,6,9,160,Phase_1_debut,Debut de saison (Mai-Juin),Fatick,Zone soudano-sahélienne,148.59875,0,plus_intense,Phase_1_debut
1987-06-09,C0_plus_intense,1987-06-09_006_006,-15.875,13.875,0.0,2.34403395652771,-0.39170974493026733,-2.34403395652771,False,False,trace,normale,1987,6,9,160,Phase_1_debut,Debut de saison (Mai-Juin),Kaolack,Zone soudano-sahélienne,175.6167,0,plus_intense,Phase_1_debut
1987-06-09,C0_plus_intense,1987-06-09_006_007,-15.625,13.875,0.0,2.1247382164001465,-0.3867085576057434,-2.1247382164001465,False,False,trace,normale,1987,6,9,160,Phase_1_debut,Debut de saison (Mai-Juin),Kaolack,Zone soudano-sahélienne,202.63466,0,plus_intense,Phase_1_debut
1987-06-09,C0_plus_intense,1987-06-09_006_008,-15.375,13.875,0.0,2.448859930038452,-0.40238437056541443,-2.448859930038452,False,False,trace,normale,1987,6,9,160,Phase_1_debut,Debut de saison (Mai-Juin),Kaffrine,Zone soudano-sahélienne,229.6526,0,plus_intense,Phase_1_debut
1987-06-09,C0_plus_intense,1987-06-09_006_009,-15.125,13.875,0.0,2.1924211978912354,-0.38699930906295776,-2.1924211978912354,False,False,trace,normale,1987,6,9,160,Phase_1_debut,Debut de saison (Mai-Juin),Kaffrine,Zone soudano-sahélienne,256.67056,0,plus_intense,Phase_1_debut
1987-06-09,C0_plus_intense,1987-06-09_006_010,-14.875,13.875,0.0,2.589763641357422,-0.4394596815109253,-2.589763641357422,False,False,trace,normale,1987,6,9,160,Phase_1_debut,Debut de saison (Mai-Juin),Kaffrine,Zone soudano-sahélienne,283.6885,0,plus_intense,Phase_1_debut
1987-06-09,C0_plus_intense,1987-06-09_006_011,-14.625,13.875,0.0,2.493633270263672,-0.47113215923309326,-2.493633270263672,False,False,trace,normale,1987,6,9,160,Phase_1_debut,Debut de saison (Mai-Juin),Kaffrine,Zone soudano-sahélienne,310.70648,0,plus_intense,Phase_1_debut
1987-06-09,C0_plus_intense,1987-06-09_006_012,-14.375,13.875,0.0,2.565450668334961,-0.4804122745990753,-2.565450668334961,False,False,trace,normale,1987,6,9,160,Phase_1_debut,Debut de saison (Mai-Juin),Tambacounda,Zone soudano-sahélienne,337.72443,0,plus_intense,Phase_1_debut
1987-06-09,C0_plus_intense,1987-06-09_006_013,-14.125,13.875,12.261577606201172,2.7771074771881104,1.8660084009170532,9.484470129013062,False,False,moderee,humide,1987,6,9,160,Phase_1_debut,Debut de saison (Mai-Juin),Tambacounda,Zone soudano-sahélienne,364.74237,0,plus_intense,Phase_1_debut
1987-06-09,C0_plus_intense,1987-06-09_006_014,-13.875,13.875,10.2655668258667,2.582077980041504,1.7427717447280884,7.683488845825195,False,False,moderee,humide,1987,6,9,160,Phase_1_debut,Debut de saison (Mai-Juin),Tambacounda,Zone soudano-sahélienne,391.76035,0,plus_intense,Phase_1_debut
1987-06-09,C0_plus_intense,1987-06-09_006_015,-13.625,13.875,43.65774917602539,3.4796142578125,5.297789096832275,40.17813491821289,True,True,forte,exceptionnelle,1987,6,9,160,Phase_1_debut,Debut de saison (Mai-Juin),Tambacounda,Zone soudano-sahélienne,418.7783,0,plus_intense,Phase_1_debut
1987-06-09,C0_plus_intense,1987-06-09_006_016,-13.375,13.875,41.47221374511719,3.7772274017333984,4.893432140350342,37.69498634338379,True,True,forte,exceptionnelle,1987,6,9,160,Phase_1_debut,Debut de saison (Mai-Juin),Tambacounda,Zone soudano-sahélienne,445.79623,0,plus_intense,Phase_1_debut
1987-06-09,C0_plus_intense,1987-06-09_006_017,-13.125,13.875,38.867149353027344,4.478704929351807,4.041413307189941,34.38844442367554,True,True,forte,exceptionnelle,1987,6,9,160,Phase_1_debut,Debut de saison (Mai-Juin),Tambacounda,Zone soudano-sahélienne,472.81418,0,plus_intense,Phase_1_debut
1987-06-09,C0_plus_intense,1987-06-09_006_018,-12.875,13.875,37.30082702636719,4.8144941329956055,3.7793936729431152,32.48633289337158,True,True,forte,exceptionnelle,1987,6,9,160,Phase_1_debut,Debut de saison (Mai-Juin),Tambacounda,Zone soudano-sahélienne,499.83212,0,plus_intense,Phase_1_debut
1987-06-09,C0_plus_intense,1987-06-09_006_019,-12.625,13.875,37.27629470825195,4.343889236450195,4.238954544067383,32.93240547180176,True,True,forte,exceptionnelle,1987,6,9,160,Phase_1_debut,Debut de saison (Mai-Juin),Tambacounda,Zone soudano-sahélienne,526.8501,0,plus_intense,Phase_1_debut
1987-06-09,C0_plus_intense,1987-06-09_006_020,-12.375,13.875,25.419710159301758,3.803097724914551,3.577124834060669,21.616612434387207,True,True,forte,exceptionnelle,1987,6,9,160,Phase_1_debut,Debut de saison (Mai-Juin),Tambacounda,Zone soudano-sahélienne,553.86804,0,plus_intense,Phase_1_debut
1987-06-09,C0_plus_intense,1987-06-09_006_021,-12.125,13.875,14.683104515075684,3.543506383895874,2.2479658126831055,11.13959813117981,True,False,moderee,tres humide,1987,6,9,160,Phase_1_debut,Debut de saison (Mai-Juin),Tambacounda,Zone soudano-sahélienne,580.886,0,plus_intense,Phase_1_debut
1987-06-09,C0_plus_intense,1987-06-09_007_003,-16.625,14.125,2.5853607654571533,1.2022346258163452,0.4478452503681183,1.383126139640808,False,False,faible,normale,1987,6,9,160,Phase_1_debut,Debut de saison (Mai-Juin),Fatick,Zone soudano-sahélienne,94.460014,0,plus_intense,Phase_1_debut
1987-06-09,C0_plus_intense,1987-06-09_007_004,-16.375,14.125,3.6216487884521484,1.689144253730774,0.49590709805488586,1.9325045347213745,False,False,faible,normale,1987,6,9,160,Phase_1_debut,Debut de saison (Mai-Juin),Fatick,Zone soudano-sahélienne,121.44859,0,plus_intense,Phase_1_debut
1987-06-09,C0_plus_intense,1987-06-09_007_005,-16.125,14.125,0.0,1.7479095458984375,-0.4432344436645508,-1.7479095458984375,False,False,trace,normale,1987,6,9,160,Phase_1_debut,Debut de saison (Mai-Juin),Fatick,Zone soudano-sahélienne,148.43718,0,plus_intense,Phase_1_debut
1987-06-09,C0_plus_intense,1987-06-09_007_006,-15.875,14.125,0.0,1.9852937459945679,-0.42417579889297485,-1.9852937459945679,False,False,trace,normale,1987,6,9,160,Phase_1_debut,Debut de saison (Mai-Juin),Kaolack,Zone soudano-sahélienne,175.42575,0,plus_intense,Phase_1_debut
1987-06-09,C0_plus_intense,1987-06-09_007_007,-15.625,14.125,2.535027503967285,2.26125431060791,0.052211612462997437,0.273773193359375,False,False,faible,normale,1987,6,9,160,Phase_1_debut,Debut de saison (Mai-Juin),Kaolack,Zone soudano-sahélienne,202.41434,0,plus_intense,Phase_1_debut
1987-06-09,C0_plus_intense,1987-06-09_007_008,-15.375,14.125,2.5038347244262695,2.3410229682922363,0.029962066560983658,0.1628117561340332,False,False,faible,normale,1987,6,9,160,Phase_1_debut,Debut de saison (Mai-Juin),Kaffrine,Zone soudano-sahélienne,229.4029,0,plus_intense,Phase_1_debut
1987-06-09,C0_plus_intense,1987-06-09_007_009,-15.125,14.125,0.0,2.1197659969329834,-0.3956710398197174,-2.1197659969329834,False,False,trace,normale,1987,6,9,160,Phase_1_debut,Debut de saison (Mai-Juin),Kaffrine,Zone soudano-sahélienne,256.39148,0,plus_intense,Phase_1_debut
1987-06-09,C0_plus_intense,1987-06-09_007_010,-14.875,14.125,0.0,2.514227867126465,-0.43973642587661743,-2.514227867126465,False,False,trace,normale,1987,6,9,160,Phase_1_debut,Debut de saison (Mai-Juin),Kaffrine,Zone soudano-sahélienne,283.38007,0,plus_intense,Phase_1_debut
1987-06-09,C0_plus_intense,1987-06-09_007_011,-14.625,14.125,0.0,2.430050849914551,-0.46042749285697937,-2.430050849914551,False,False,trace,normale,1987,6,9,160,Phase_1_debut,Debut de saison (Mai-Juin),Kaffrine,Zone soudano-sahélienne,310.36865,0,plus_intense,Phase_1_debut
1987-06-09,C0_plus_intense,1987-06-09_007_012,-14.375,14.125,3.565913200378418,2.423691749572754,0.22917523980140686,1.142221450805664,False,False,faible,normale,1987,6,9,160,Phase_1_debut,Debut de saison (Mai-Juin),Tambacounda,Zone soudano-sahélienne,337.3572,0,plus_intense,Phase_1_debut
1987-06-09,C0_plus_intense,1987-06-09_007_013,-14.125,14.125,8.763021469116211,2.2598061561584473,1.5148242712020874,6.503215312957764,False,False,moderee,humide,1987,6,9,160,Phase_1_debut,Debut de saison (Mai-Juin),Tambacounda,Zone soudano-sahélienne,364.34576,0,plus_intense,Phase_1_debut
1987-06-09,C0_plus_intense,1987-06-09_007_014,-13.875,14.125,8.579854965209961,1.9050871133804321,1.7076985836029053,6.674767851829529,False,False,moderee,humide,1987,6,9,160,Phase_1_debut,Debut de saison (Mai-Juin),Tambacounda,Zone soudano-sahélienne,391.33438,0,plus_intense,Phase_1_debut
1987-06-09,C0_plus_intense,1987-06-09_007_015,-13.625,14.125,27.842859268188477,2.796036958694458,4.454257011413574,25.04682230949402,True,True,forte,exceptionnelle,1987,6,9,160,Phase_1_debut,Debut de saison (Mai-Juin),Tambacounda,Zone soudano-sahélienne,418.32294,0,plus_intense,Phase_1_debut
1987-06-09,C0_plus_intense,1987-06-09_007_016,-13.375,14.125,27.35675811767578,3.162930488586426,4.125994682312012,24.193827629089355,True,True,forte,exceptionnelle,1987,6,9,160,Phase_1_debut,Debut de saison (Mai-Juin),Tambacounda,Zone soudano-sahélienne,445.31152,0,plus_intense,Phase_1_debut
1987-06-09,C0_plus_intense,1987-06-09_007_017,-13.125,14.125,28.2680721282959,3.643693685531616,3.7770700454711914,24.624378442764282,True,True,forte,exceptionnelle,1987,6,9,160,Phase_1_debut,Debut de saison (Mai-Juin),Tambacounda,Zone soudano-sahélienne,472.30008,0,plus_intense,Phase_1_debut
1987-06-09,C0_plus_intense,1987-06-09_007_018,-12.875,14.125,22.280139923095703,3.6742300987243652,2.6933271884918213,18.605909824371338,True,True,forte,tres humide,1987,6,9,160,Phase_1_debut,Debut de saison (Mai-Juin),Tambacounda,Zone soudano-sahélienne,499.28867,0,plus_intense,Phase_1_debut
1987-06-09,C0_plus_intense,1987-06-09_007_019,-12.625,14.125,21.617053985595703,3.373300552368164,2.8977885246276855,18.24375343322754,True,True,forte,tres humide,1987,6,9,160,Phase_1_debut,Debut de saison (Mai-Juin),Tambacounda,Zone soudano-sahélienne,526.2772,0,plus_intense,Phase_1_debut
1987-06-09,C0_plus_intense,1987-06-09_007_020,-12.375,14.125,16.104162216186523,3.0816521644592285,2.5197858810424805,13.022510051727295,True,False,moderee,tres humide,1987,6,9,160,Phase_1_debut,Debut de saison (Mai-Juin),Tambacounda,Zone soudano-sahélienne,553.2658,0,plus_intense,Phase_1_debut
1987-06-09,C0_plus_intense,1987-06-09_007_021,-12.125,14.125,11.081683158874512,2.400066375732422,2.2537481784820557,8.68161678314209,True,False,moderee,tres humide,1987,6,9,160,Phase_1_debut,Debut de saison (Mai-Juin),Tambacounda,Zone soudano-sahélienne,580.2544,0,plus_intense,Phase_1_debut
1987-06-09,C0_plus_intense,1987-06-09_008_002,-16.875,14.375,0.0,0.638083815574646,-0.27913030982017517,-0.638083815574646,False,False,trace,normale,1987,6,9,160,Phase_1_debut,Debut de saison (Mai-Juin),Thiès,Zone soudano-sahélienne,67.39671,0,plus_intense,Phase_1_debut
1987-06-09,C0_plus_intense,1987-06-09_008_003,-16.625,14.375,0.0,0.8272910714149475,-0.34427040815353394,-0.8272910714149475,False,False,trace,normale,1987,6,9,160,Phase_1_debut,Debut de saison (Mai-Juin),Fatick,Zone soudano-sahélienne,94.3554,0,plus_intense,Phase_1_debut
1987-06-09,C0_plus_intense,1987-06-09_008_004,-16.375,14.375,0.0,1.1052570343017578,-0.40145424008369446,-1.1052570343017578,False,False,trace,normale,1987,6,9,160,Phase_1_debut,Debut de saison (Mai-Juin),Diourbel,Zone soudano-sahélienne,121.314095,0,plus_intense,Phase_1_debut
1987-06-09,C0_plus_intense,1987-06-09_008_005,-16.125,14.375,0.0,1.6276867389678955,-0.45931512117385864,-1.6276867389678955,False,False,trace,normale,1987,6,9,160,Phase_1_debut,Debut de saison (Mai-Juin),Diourbel,Zone soudano-sahélienne,148.27278,0,plus_intense,Phase_1_debut
1987-06-09,C0_plus_intense,1987-06-09_008_006,-15.875,14.375,0.0,1.6863360404968262,-0.4692287743091583,-1.6863360404968262,False,False,trace,normale,1987,6,9,160,Phase_1_debut,Debut de saison (Mai-Juin),Diourbel,Zone soudano-sahélienne,175.23148,0,plus_intense,Phase_1_debut
1987-06-09,C0_plus_intense,1987-06-09_008_007,-15.625,14.375,0.0,1.9251617193222046,-0.42683130502700806,-1.9251617193222046,False,False,trace,normale,1987,6,9,160,Phase_1_debut,Debut de saison (Mai-Juin),Kaolack,Zone soudano-sahélienne,202.19016,0,plus_intense,Phase_1_debut
1987-06-09,C0_plus_intense,1987-06-09_008_008,-15.375,14.375,0.0,1.7458049058914185,-0.38563740253448486,-1.7458049058914185,False,False,trace,normale,1987,6,9,160,Phase_1_debut,Debut de saison (Mai-Juin),Kaffrine,Zone soudano-sahélienne,229.14883,0,plus_intense,Phase_1_debut
1987-06-09,C0_plus_intense,1987-06-09_008_009,-15.125,14.375,0.0,1.8861076831817627,-0.4228271543979645,-1.8861076831817627,False,False,trace,normale,1987,6,9,160,Phase_1_debut,Debut de saison (Mai-Juin),Kaffrine,Zone soudano-sahélienne,256.10754,0,plus_intense,Phase_1_debut
1987-06-09,C0_plus_intense,1987-06-09_008_010,-14.875,14.375,0.0,2.119645357131958,-0.4216659665107727,-2.119645357131958,False,False,trace,normale,1987,6,9,160,Phase_1_debut,Debut de saison (Mai-Juin),Kaffrine,Zone soudano-sahélienne,283.06622,0,plus_intense,Phase_1_debut
1987-06-09,C0_plus_intense,1987-06-09_008_011,-14.625,14.375,0.0,2.2309324741363525,-0.43047842383384705,-2.2309324741363525,False,False,trace,normale,1987,6,9,160,Phase_1_debut,Debut de saison (Mai-Juin),Kaffrine,Zone soudano-sahélienne,310.0249,0,plus_intense,Phase_1_debut
1987-06-09,C0_plus_intense,1987-06-09_008_012,-14.375,14.375,0.0,2.4434194564819336,-0.44049713015556335,-2.4434194564819336,False,False,trace,normale,1987,6,9,160,Phase_1_debut,Debut de saison (Mai-Juin),Tambacounda,Zone soudano-sahélienne,336.98358,0,plus_intense,Phase_1_debut
1987-06-09,C0_plus_intense,1987-06-09_008_013,-14.125,14.375,0.0,2.3477516174316406,-0.44247329235076904,-2.3477516174316406,False,False,trace,normale,1987,6,9,160,Phase_1_debut,Debut de saison (Mai-Juin),Tambacounda,Zone soudano-sahélienne,363.94226,0,plus_intense,Phase_1_debut
1987-06-09,C0_plus_intense,1987-06-09_008_014,-13.875,14.375,0.0,2.130230665206909,-0.4625619351863861,-2.130230665206909,False,False,trace,normale,1987,6,9,160,Phase_1_debut,Debut de saison (Mai-Juin),Tambacounda,Zone soudano-sahélienne,390.90097,0,plus_intense,Phase_1_debut
1987-06-09,C0_plus_intense,1987-06-09_008_015,-13.625,14.375,0.3353498578071594,1.7699267864227295,-0.3928897976875305,-1.43457692861557,False,False,trace,normale,1987,6,9,160,Phase_1_debut,Debut de saison (Mai-Juin),Tambacounda,Zone soudano-sahélienne,417.85965,0,plus_intense,Phase_1_debut
1987-06-09,C0_plus_intense,1987-06-09_008_016,-13.375,14.375,2.560192346572876,2.090183973312378,0.1340729147195816,0.47000837326049805,False,False,faible,normale,1987,6,9,160,Phase_1_debut,Debut de saison (Mai-Juin),Tambacounda,Zone soudano-sahélienne,444.81833,0,plus_intense,Phase_1_debut
1987-06-09,C0_plus_intense,1987-06-09_008_017,-13.125,14.375,4.318960666656494,2.5217435359954834,0.43864721059799194,1.7972171306610107,False,False,faible,normale,1987,6,9,160,Phase_1_debut,Debut de saison (Mai-Juin),Tambacounda,Zone soudano-sahélienne,471.777,0,plus_intense,Phase_1_debut
1987-06-09,C0_plus_intense,1987-06-09_008_018,-12.875,14.375,6.491512298583984,2.6655335426330566,0.8281883001327515,3.8259787559509277,False,False,moderee,normale,1987,6,9,160,Phase_1_debut,Debut de saison (Mai-Juin),Tambacounda,Zone soudano-sahélienne,498.7357,0,plus_intense,Phase_1_debut
1987-06-09,C0_plus_intense,1987-06-09_008_019,-12.625,14.375,5.061097621917725,2.425427198410034,0.6036590933799744,2.6356704235076904,False,False,moderee,normale,1987,6,9,160,Phase_1_debut,Debut de saison (Mai-Juin),Tambacounda,Zone soudano-sahélienne,525.6944,0,plus_intense,Phase_1_debut
1987-06-09,C0_plus_intense,1987-06-09_008_020,-12.375,14.375,3.922823190689087,1.9343602657318115,0.5512040853500366,1.9884629249572754,False,False,faible,normale,1987,6,9,160,Phase_1_debut,Debut de saison (Mai-Juin),Tambacounda,Zone soudano-sahélienne,552.6531,0,plus_intense,Phase_1_debut
1987-06-09,C0_plus_intense,1987-06-09_009_001,-17.125,14.625,0.0,0.3431468605995178,-0.25253814458847046,-0.3431468605995178,False,False,trace,normale,1987,6,9,160,Phase_1_debut,Debut de saison (Mai-Juin),Dakar,Zone soudano-sahélienne,40.39242,0,plus_intense,Phase_1_debut
1987-06-09,C0_plus_intense,1987-06-09_009_002,-16.875,14.625,0.0,0.44060635566711426,-0.2676917314529419,-0.44060635566711426,False,False,trace,normale,1987,6,9,160,Phase_1_debut,Debut de saison (Mai-Juin),Thiès,Zone soudano-sahélienne,67.3207,0,plus_intense,Phase_1_debut
1987-06-09,C0_plus_intense,1987-06-09_009_003,-16.625,14.625,0.0,0.6560311317443848,-0.31816503405570984,-0.6560311317443848,False,False,trace,normale,1987,6,9,160,Phase_1_debut,Debut de saison (Mai-Juin),Thiès,Zone soudano-sahélienne,94.248985,0,plus_intense,Phase_1_debut
1987-06-09,C0_plus_intense,1987-06-09_009_004,-16.375,14.625,0.0,0.8907118439674377,-0.32803016901016235,-0.8907118439674377,False,False,trace,normale,1987,6,9,160,Phase_1_debut,Debut de saison (Mai-Juin),Diourbel,Zone soudano-sahélienne,121.17728,0,plus_intense,Phase_1_debut
1987-06-09,C0_plus_intense,1987-06-09_009_005,-16.125,14.625,0.0,0.8801124095916748,-0.3382916748523712,-0.8801124095916748,False,False,trace,normale,1987,6,9,160,Phase_1_debut,Debut de saison (Mai-Juin),Diourbel,Zone soudano-sahélienne,148.10556,0,plus_intense,Phase_1_debut
1987-06-09,C0_plus_intense,1987-06-09_009_006,-15.875,14.625,0.0,0.9781453609466553,-0.3658410608768463,-0.9781453609466553,False,False,trace,normale,1987,6,9,160,Phase_1_debut,Debut de saison (Mai-Juin),Diourbel,Zone soudano-sahélienne,175.03384,0,plus_intense,Phase_1_debut
1987-06-09,C0_plus_intense,1987-06-09_009_007,-15.625,14.625,0.0,1.2962185144424438,-0.385373592376709,-1.2962185144424438,False,False,trace,normale,1987,6,9,160,Phase_1_debut,Debut de saison (Mai-Juin),Kaffrine,Zone soudano-sahélienne,201.96213,0,plus_intense,Phase_1_debut
1987-06-09,C0_plus_intense,1987-06-09_009_008,-15.375,14.625,0.0,1.126179814338684,-0.38998594880104065,-1.126179814338684,False,False,trace,normale,1987,6,9,160,Phase_1_debut,Debut de saison (Mai-Juin),Kaffrine,Zone soudano-sahélienne,228.8904,0,plus_intense,Phase_1_debut
1987-06-09,C0_plus_intense,1987-06-09_009_009,-15.125,14.625,0.0,1.1527507305145264,-0.43101292848587036,-1.1527507305145264,False,False,trace,normale,1987,6,9,160,Phase_1_debut,Debut de saison (Mai-Juin),Kaffrine,Zone soudano-sahélienne,255.8187,0,plus_intense,Phase_1_debut
1987-06-09,C0_plus_intense,1987-06-09_009_010,-14.875,14.625,0.0,1.4543774127960205,-0.4454842507839203,-1.4543774127960205,False,False,trace,normale,1987,6,9,160,Phase_1_debut,Debut de saison (Mai-Juin),Kaffrine,Zone soudano-sahélienne,282.74698,0,plus_intense,Phase_1_debut
1987-06-09,C0_plus_intense,1987-06-09_009_011,-14.625,14.625,0.0,1.567644715309143,-0.44585469365119934,-1.567644715309143,False,False,trace,normale,1987,6,9,160,Phase_1_debut,Debut de saison (Mai-Juin),Kaffrine,Zone soudano-sahélienne,309.67526,0,plus_intense,Phase_1_debut
1987-06-09,C0_plus_intense,1987-06-09_009_012,-14.375,14.625,0.0,1.879046082496643,-0.4515720009803772,-1.879046082496643,False,False,trace,normale,1987,6,9,160,Phase_1_debut,Debut de saison (Mai-Juin),Tambacounda,Zone soudano-sahélienne,336.60355,0,plus_intense,Phase_1_debut
1987-06-09,C0_plus_intense,1987-06-09_009_013,-14.125,14.625,0.0,1.919229507446289,-0.4636289179325104,-1.919229507446289,False,False,trace,normale,1987,6,9,160,Phase_1_debut,Debut de saison (Mai-Juin),Tambacounda,Zone soudano-sahélienne,363.5318,0,plus_intense,Phase_1_debut
1987-06-09,C0_plus_intense,1987-06-09_009_014,-13.875,14.625,0.0,1.6669355630874634,-0.47330233454704285,-1.6669355630874634,False,False,trace,normale,1987,6,9,160,Phase_1_debut,Debut de saison (Mai-Juin),Tambacounda,Zone soudano-sahélienne,390.4601,0,plus_intense,Phase_1_debut
1987-06-09,C0_plus_intense,1987-06-09_009_015,-13.625,14.625,0.0,1.2992750406265259,-0.43903079628944397,-1.2992750406265259,False,False,trace,normale,1987,6,9,160,Phase_1_debut,Debut de saison (Mai-Juin),Tambacounda,Zone soudano-sahélienne,417.38837,0,plus_intense,Phase_1_debut
1987-06-09,C0_plus_intense,1987-06-09_009_016,-13.375,14.625,0.0,1.4226104021072388,-0.4978075325489044,-1.4226104021072388,False,False,trace,normale,1987,6,9,160,Phase_1_debut,Debut de saison (Mai-Juin),Tambacounda,Zone soudano-sahélienne,444.31668,0,plus_intense,Phase_1_debut
1987-06-09,C0_plus_intense,1987-06-09_009_017,-13.125,14.625,0.0,1.7385380268096924,-0.5347346663475037,-1.7385380268096924,False,False,trace,normale,1987,6,9,160,Phase_1_debut,Debut de saison (Mai-Juin),Tambacounda,Zone soudano-sahélienne,471.24493,0,plus_intense,Phase_1_debut
1987-06-09,C0_plus_intense,1987-06-09_009_018,-12.875,14.625,0.0,1.65559720993042,-0.5406546592712402,-1.65559720993042,False,False,trace,normale,1987,6,9,160,Phase_1_debut,Debut de saison (Mai-Juin),Tambacounda,Zone soudano-sahélienne,498.17322,0,plus_intense,Phase_1_debut
1987-06-09,C0_plus_intense,1987-06-09_009_019,-12.625,14.625,0.0,1.5960283279418945,-0.48404747247695923,-1.5960283279418945,False,False,trace,normale,1987,6,9,160,Phase_1_debut,Debut de saison (Mai-Juin),Tambacounda,Zone soudano-sahélienne,525.1015,0,plus_intense,Phase_1_debut
1987-06-09,C0_plus_intense,1987-06-09_009_020,-12.375,14.625,3.578463554382324,1.5208873748779297,0.7505370378494263,2.0575761795043945,False,False,faible,normale,1987,6,9,160,Phase_1_debut,Debut de saison (Mai-Juin),Tambacounda,Zone soudano-sahélienne,552.0298,0,plus_intense,Phase_1_debut
1987-06-09,C0_plus_intense,1987-06-09_010_001,-17.125,14.875,0.0,0.22176356613636017,-0.24026623368263245,-0.22176356613636017,False,False,trace,normale,1987,6,9,160,Phase_1_debut,Debut de saison (Mai-Juin),Thiès,Zone soudano-sahélienne,40.346046,0,plus_intense,Phase_1_debut
1987-06-09,C0_plus_intense,1987-06-09_010_002,-16.875,14.875,0.0,0.30260762572288513,-0.250095933675766,-0.30260762572288513,False,False,trace,normale,1987,6,9,160,Phase_1_debut,Debut de saison (Mai-Juin),Thiès,Zone soudano-sahélienne,67.243416,0,plus_intense,Phase_1_debut
1987-06-09,C0_plus_intense,1987-06-09_010_003,-16.625,14.875,0.0,0.38227155804634094,-0.2753037214279175,-0.38227155804634094,False,False,trace,normale,1987,6,9,160,Phase_1_debut,Debut de saison (Mai-Juin),Thiès,Zone soudano-sahélienne,94.14078,0,plus_intense,Phase_1_debut
1987-06-09,C0_plus_intense,1987-06-09_010_004,-16.375,14.875,0.0,0.5798390507698059,-0.288552850484848,-0.5798390507698059,False,False,trace,normale,1987,6,9,160,Phase_1_debut,Debut de saison (Mai-Juin),Diourbel,Zone soudano-sahélienne,121.03815,0,plus_intense,Phase_1_debut
1987-06-09,C0_plus_intense,1987-06-09_010_005,-16.125,14.875,0.0,0.5956995487213135,-0.2903846204280853,-0.5956995487213135,False,False,trace,normale,1987,6,9,160,Phase_1_debut,Debut de saison (Mai-Juin),Diourbel,Zone soudano-sahélienne,147.93552,0,plus_intense,Phase_1_debut
1987-06-09,C0_plus_intense,1987-06-09_010_006,-15.875,14.875,0.0,0.7381266355514526,-0.3838122487068176,-0.7381266355514526,False,False,trace,normale,1987,6,9,160,Phase_1_debut,Debut de saison (Mai-Juin),Diourbel,Zone soudano-sahélienne,174.83289,0,plus_intense,Phase_1_debut
1987-06-09,C0_plus_intense,1987-06-09_010_007,-15.625,14.875,0.0,0.9487059116363525,-0.38382694125175476,-0.9487059116363525,False,False,trace,normale,1987,6,9,160,Phase_1_debut,Debut de saison (Mai-Juin),Diourbel,Zone soudano-sahélienne,201.73026,0,plus_intense,Phase_1_debut
1987-06-09,C0_plus_intense,1987-06-09_010_008,-15.375,14.875,0.0,0.9356387853622437,-0.3783705532550812,-0.9356387853622437,False,False,trace,normale,1987,6,9,160,Phase_1_debut,Debut de saison (Mai-Juin),Kaffrine,Zone soudano-sahélienne,228.62761,0,plus_intense,Phase_1_debut
1987-06-09,C0_plus_intense,1987-06-09_010_009,-15.125,14.875,0.0,0.7493576407432556,-0.359309583902359,-0.7493576407432556,False,False,trace,normale,1987,6,9,160,Phase_1_debut,Debut de saison (Mai-Juin),Kaffrine,Zone soudano-sahélienne,255.525,0,plus_intense,Phase_1_debut
1987-06-09,C0_plus_intense,1987-06-09_010_010,-14.875,14.875,1.2960119247436523,0.9857670068740845,0.12977297604084015,0.31024491786956787,False,False,faible,normale,1987,6,9,160,Phase_1_debut,Debut de saison (Mai-Juin),Kaffrine,Zone soudano-sahélienne,282.42233,0,plus_intense,Phase_1_debut
1987-06-09,C0_plus_intense,1987-06-09_010_011,-14.625,14.875,0.0,1.0260714292526245,-0.42258283495903015,-1.0260714292526245,False,False,trace,normale,1987,6,9,160,Phase_1_debut,Debut de saison (Mai-Juin),Kaffrine,Zone soudano-sahélienne,309.31973,0,plus_intense,Phase_1_debut
1987-06-09,C0_plus_intense,1987-06-09_010_012,-14.375,14.875,0.0,1.1226215362548828,-0.4413990378379822,-1.1226215362548828,False,False,trace,normale,1987,6,9,160,Phase_1_debut,Debut de saison (Mai-Juin),Tambacounda,Zone soudano-sahélienne,336.21707,0,plus_intense,Phase_1_debut
1987-06-09,C0_plus_intense,1987-06-09_010_013,-14.125,14.875,0.0,1.0086745023727417,-0.4368341267108917,-1.0086745023727417,False,False,trace,normale,1987,6,9,160,Phase_1_debut,Debut de saison (Mai-Juin),Matam,Zone soudano-sahélienne,363.11444,0,plus_intense,Phase_1_debut
1987-06-09,C0_plus_intense,1987-06-09_010_014,-13.875,14.875,1.4666354656219482,1.134454369544983,0.13489066064357758,0.33218109607696533,False,False,faible,normale,1987,6,9,160,Phase_1_debut,Debut de saison (Mai-Juin),Matam,Zone soudano-sahélienne,390.0118,0,plus_intense,Phase_1_debut
1987-06-09,C0_plus_intense,1987-06-09_010_015,-13.625,14.875,1.1377873420715332,1.2931350469589233,-0.050252314656972885,-0.15534770488739014,False,False,faible,normale,1987,6,9,160,Phase_1_debut,Debut de saison (Mai-Juin),Matam,Zone soudano-sahélienne,416.90918,0,plus_intense,Phase_1_debut
1987-06-09,C0_plus_intense,1987-06-09_010_016,-13.375,14.875,0.0,1.1697148084640503,-0.4197387099266052,-1.1697148084640503,False,False,trace,normale,1987,6,9,160,Phase_1_debut,Debut de saison (Mai-Juin),Matam,Zone soudano-sahélienne,443.80655,0,plus_intense,Phase_1_debut
1987-06-09,C0_plus_intense,1987-06-09_010_017,-13.125,14.875,0.0,1.2996948957443237,-0.4398316442966461,-1.2996948957443237,False,False,trace,normale,1987,6,9,160,Phase_1_debut,Debut de saison (Mai-Juin),Matam,Zone soudano-sahélienne,470.7039,0,plus_intense,Phase_1_debut
1987-06-09,C0_plus_intense,1987-06-09_010_018,-12.875,14.875,0.0,1.022003412246704,-0.47227752208709717,-1.022003412246704,False,False,trace,normale,1987,6,9,160,Phase_1_debut,Debut de saison (Mai-Juin),Matam,Zone soudano-sahélienne,497.60126,0,plus_intense,Phase_1_debut
1987-06-09,C0_plus_intense,1987-06-09_010_019,-12.625,14.875,0.0,1.257591962814331,-0.44898098707199097,-1.257591962814331,False,False,trace,normale,1987,6,9,160,Phase_1_debut,Debut de saison (Mai-Juin),Matam,Zone soudano-sahélienne,524.49866,0,plus_intense,Phase_1_debut
1987-06-09,C0_plus_intense,1987-06-09_011_002,-16.875,15.125,0.0,0.1173282191157341,-0.24213747680187225,-0.1173282191157341,False,False,trace,normale,1987,6,9,160,Phase_1_debut,Debut de saison (Mai-Juin),Thiès,Zone soudano-sahélienne,67.16484,0,plus_intense,Phase_1_debut
1987-06-09,C0_plus_intense,1987-06-09_011_003,-16.625,15.125,1.0785316228866577,0.3567125201225281,0.5923731327056885,0.7218191027641296,False,False,faible,normale,1987,6,9,160,Phase_1_debut,Debut de saison (Mai-Juin),Thiès,Zone soudano-sahélienne,94.03078,0,plus_intense,Phase_1_debut
1987-06-09,C0_plus_intense,1987-06-09_011_004,-16.375,15.125,1.458743929862976,0.34304946660995483,0.8622181415557861,1.1156944632530212,False,False,faible,normale,1987,6,9,160,Phase_1_debut,Debut de saison (Mai-Juin),Louga,Zone soudano-sahélienne,120.89671,0,plus_intense,Phase_1_debut
1987-06-09,C0_plus_intense,1987-06-09_011_005,-16.125,15.125,1.6526223421096802,0.5259761214256287,0.6152364015579224,1.1266462206840515,False,False,faible,normale,1987,6,9,160,Phase_1_debut,Debut de saison (Mai-Juin),Louga,Zone soudano-sahélienne,147.76265,0,plus_intense,Phase_1_debut
1987-06-09,C0_plus_intense,1987-06-09_011_006,-15.875,15.125,0.6249201893806458,0.5123584866523743,0.05842398479580879,0.11256170272827148,False,False,trace,normale,1987,6,9,160,Phase_1_debut,Debut de saison (Mai-Juin),Louga,Zone soudano-sahélienne,174.6286,0,plus_intense,Phase_1_debut
1987-06-09,C0_plus_intense,1987-06-09_011_007,-15.625,15.125,0.20867431163787842,0.8766669631004333,-0.24591179192066193,-0.6679926514625549,False,False,trace,normale,1987,6,9,160,Phase_1_debut,Debut de saison (Mai-Juin),Louga,Zone soudano-sahélienne,201.49454,0,plus_intense,Phase_1_debut
1987-06-09,C0_plus_intense,1987-06-09_011_008,-15.375,15.125,0.0,0.7914577722549438,-0.3352733254432678,-0.7914577722549438,False,False,trace,normale,1987,6,9,160,Phase_1_debut,Debut de saison (Mai-Juin),Louga,Zone soudano-sahélienne,228.36046,0,plus_intense,Phase_1_debut
1987-06-09,C0_plus_intense,1987-06-09_011_009,-15.125,15.125,0.0,0.7254611253738403,-0.31516414880752563,-0.7254611253738403,False,False,trace,normale,1987,6,9,160,Phase_1_debut,Debut de saison (Mai-Juin),Kaffrine,Zone soudano-sahélienne,255.22641,0,plus_intense,Phase_1_debut
1987-06-09,C0_plus_intense,1987-06-09_011_010,-14.875,15.125,0.5165606737136841,0.8166122436523438,-0.13215979933738708,-0.30005156993865967,False,False,trace,normale,1987,6,9,160,Phase_1_debut,Debut de saison (Mai-Juin),Kaffrine,Zone soudano-sahélienne,282.09235,0,plus_intense,Phase_1_debut
1987-06-09,C0_plus_intense,1987-06-09_011_011,-14.625,15.125,0.27870529890060425,0.9833414554595947,-0.2671346366405487,-0.7046361565589905,False,False,trace,normale,1987,6,9,160,Phase_1_debut,Debut de saison (Mai-Juin),Kaffrine,Zone soudano-sahélienne,308.95828,0,plus_intense,Phase_1_debut
1987-06-09,C0_plus_intense,1987-06-09_011_012,-14.375,15.125,0.0,1.0280580520629883,-0.38783740997314453,-1.0280580520629883,False,False,trace,normale,1987,6,9,160,Phase_1_debut,Debut de saison (Mai-Juin),Matam,Zone soudano-sahélienne,335.82422,0,plus_intense,Phase_1_debut
1987-06-09,C0_plus_intense,1987-06-09_011_013,-14.125,15.125,0.0,0.9831550121307373,-0.4077918827533722,-0.9831550121307373,False,False,trace,normale,1987,6,9,160,Phase_1_debut,Debut de saison (Mai-Juin),Matam,Zone soudano-sahélienne,362.69012,0,plus_intense,Phase_1_debut
1987-06-09,C0_plus_intense,1987-06-09_011_014,-13.875,15.125,0.0,0.8990395069122314,-0.38750123977661133,-0.8990395069122314,False,False,trace,normale,1987,6,9,160,Phase_1_debut,Debut de saison (Mai-Juin),Matam,Zone soudano-sahélienne,389.5561,0,plus_intense,Phase_1_debut
1987-06-09,C0_plus_intense,1987-06-09_011_015,-13.625,15.125,2.4152958393096924,1.3058713674545288,0.37000778317451477,1.1094244718551636,False,False,faible,normale,1987,6,9,160,Phase_1_debut,Debut de saison (Mai-Juin),Matam,Zone soudano-sahélienne,416.42203,0,plus_intense,Phase_1_debut
1987-06-09,C0_plus_intense,1987-06-09_011_016,-13.375,15.125,0.0,1.0590773820877075,-0.39278465509414673,-1.0590773820877075,False,False,trace,normale,1987,6,9,160,Phase_1_debut,Debut de saison (Mai-Juin),Matam,Zone soudano-sahélienne,443.28796,0,plus_intense,Phase_1_debut
1987-06-09,C0_plus_intense,1987-06-09_011_017,-13.125,15.125,0.0,0.8339195251464844,-0.4084325134754181,-0.8339195251464844,False,False,trace,normale,1987,6,9,160,Phase_1_debut,Debut de saison (Mai-Juin),Matam,Zone soudano-sahélienne,470.1539,0,plus_intense,Phase_1_debut
1987-06-09,C0_plus_intense,1987-06-09_011_018,-12.875,15.125,0.0,0.7681621313095093,-0.40894123911857605,-0.7681621313095093,False,False,trace,normale,1987,6,9,160,Phase_1_debut,Debut de saison (Mai-Juin),Matam,Zone soudano-sahélienne,497.0198,0,plus_intense,Phase_1_debut
1987-06-09,C0_plus_intense,1987-06-09_012_003,-16.625,15.375,0.8353561758995056,0.28728747367858887,0.5517001748085022,0.5480687022209167,False,False,trace,normale,1987,6,9,160,Phase_1_debut,Debut de saison (Mai-Juin),Louga,Zone soudano-sahélienne,93.91899,0,plus_intense,Phase_1_debut
1987-06-09,C0_plus_intense,1987-06-09_012_004,-16.375,15.375,2.8010551929473877,0.337740421295166,1.9410372972488403,2.4633147716522217,False,False,faible,humide,1987,6,9,160,Phase_1_debut,Debut de saison (Mai-Juin),Louga,Zone soudano-sahélienne,120.75298,0,plus_intense,Phase_1_debut
1987-06-09,C0_plus_intense,1987-06-09_012_005,-16.125,15.375,3.7022900581359863,0.4524657726287842,2.1375296115875244,3.249824285507202,True,False,faible,tres humide,1987,6,9,160,Phase_1_debut,Debut de saison (Mai-Juin),Louga,Zone soudano-sahélienne,147.58699,0,plus_intense,Phase_1_debut
1987-06-09,C0_plus_intense,1987-06-09_012_006,-15.875,15.375,0.27146315574645996,0.2986323833465576,-0.02195574715733528,-0.027169227600097656,False,False,trace,normale,1987,6,9,160,Phase_1_debut,Debut de saison (Mai-Juin),Louga,Zone soudano-sahélienne,174.42099,0,plus_intense,Phase_1_debut
1987-06-09,C0_plus_intense,1987-06-09_012_007,-15.625,15.375,0.0,0.5188807845115662,-0.27950918674468994,-0.5188807845115662,False,False,trace,normale,1987,6,9,160,Phase_1_debut,Debut de saison (Mai-Juin),Louga,Zone soudano-sahélienne,201.25497,0,plus_intense,Phase_1_debut
1987-06-09,C0_plus_intense,1987-06-09_012_008,-15.375,15.375,0.0,0.6340566873550415,-0.28966182470321655,-0.6340566873550415,False,False,trace,normale,1987,6,9,160,Phase_1_debut,Debut de saison (Mai-Juin),Louga,Zone soudano-sahélienne,228.08896,0,plus_intense,Phase_1_debut
1987-06-09,C0_plus_intense,1987-06-09_012_009,-15.125,15.375,0.13664521276950836,0.8440268039703369,-0.2612598240375519,-0.7073815912008286,False,False,trace,normale,1987,6,9,160,Phase_1_debut,Debut de saison (Mai-Juin),Louga,Zone soudano-sahélienne,254.92297,0,plus_intense,Phase_1_debut
1987-06-09,C0_plus_intense,1987-06-09_012_010,-14.875,15.375,0.6350000500679016,0.8238005638122559,-0.06868016719818115,-0.18880051374435425,False,False,trace,normale,1987,6,9,160,Phase_1_debut,Debut de saison (Mai-Juin),Louga,Zone soudano-sahélienne,281.75696,0,plus_intense,Phase_1_debut
1987-06-09,C0_plus_intense,1987-06-09_012_011,-14.625,15.375,1.3813223838806152,0.7807821035385132,0.2406294047832489,0.600540280342102,False,False,faible,normale,1987,6,9,160,Phase_1_debut,Debut de saison (Mai-Juin),Matam,Zone soudano-sahélienne,308.59097,0,plus_intense,Phase_1_debut
1987-06-09,C0_plus_intense,1987-06-09_012_012,-14.375,15.375,0.3867824971675873,0.8016275763511658,-0.16014030575752258,-0.4148450791835785,False,False,trace,normale,1987,6,9,160,Phase_1_debut,Debut de saison (Mai-Juin),Matam,Zone soudano-sahélienne,335.42496,0,plus_intense,Phase_1_debut
1987-06-09,C0_plus_intense,1987-06-09_012_013,-14.125,15.375,0.3802548944950104,0.8445702195167542,-0.1841357797384262,-0.4643153250217438,False,False,trace,normale,1987,6,9,160,Phase_1_debut,Debut de saison (Mai-Juin),Matam,Zone soudano-sahélienne,362.25894,0,plus_intense,Phase_1_debut
1987-06-09,C0_plus_intense,1987-06-09_012_014,-13.875,15.375,2.6533308029174805,0.9315859079360962,0.6572275161743164,1.7217448949813843,False,False,faible,normale,1987,6,9,160,Phase_1_debut,Debut de saison (Mai-Juin),Matam,Zone soudano-sahélienne,389.09296,0,plus_intense,Phase_1_debut
1987-06-09,C0_plus_intense,1987-06-09_012_015,-13.625,15.375,7.727824687957764,1.260934829711914,2.0715808868408203,6.46688985824585,True,False,moderee,tres humide,1987,6,9,160,Phase_1_debut,Debut de saison (Mai-Juin),Matam,Zone soudano-sahélienne,415.92694,0,plus_intense,Phase_1_debut
1987-06-09,C0_plus_intense,1987-06-09_012_016,-13.375,15.375,4.741580009460449,1.067253589630127,1.4192028045654297,3.6743264198303223,False,False,faible,humide,1987,6,9,160,Phase_1_debut,Debut de saison (Mai-Juin),Matam,Zone soudano-sahélienne,442.76096,0,plus_intense,Phase_1_debut
1987-06-09,C0_plus_intense,1987-06-09_012_017,-13.125,15.375,2.113593816757202,0.7123396992683411,0.7647667527198792,1.401254117488861,False,False,faible,normale,1987,6,9,160,Phase_1_debut,Debut de saison (Mai-Juin),Matam,Zone soudano-sahélienne,469.59494,0,plus_intense,Phase_1_debut
1987-06-09,C0_plus_intense,1987-06-09_013_004,-16.375,15.625,1.7053431272506714,0.39728689193725586,1.0195403099060059,1.3080562353134155,False,False,faible,humide,1987,6,9,160,Phase_1_debut,Debut de saison (Mai-Juin),Saint-Louis,Zone sahélienne,120.60696,0,plus_intense,Phase_1_debut
1987-06-09,C0_plus_intense,1987-06-09_013_005,-16.125,15.625,3.0009877681732178,0.37142765522003174,2.2504935264587402,2.629560112953186,True,False,faible,tres humide,1987,6,9,160,Phase_1_debut,Debut de saison (Mai-Juin),Saint-Louis,Zone sahélienne,147.40851,0,plus_intense,Phase_1_debut
1987-06-09,C0_plus_intense,1987-06-09_013_006,-15.875,15.625,0.44138485193252563,0.2646898627281189,0.18591491878032684,0.17669498920440674,False,False,trace,normale,1987,6,9,160,Phase_1_debut,Debut de saison (Mai-Juin),Saint-Louis,Zone sahélienne,174.21005,0,plus_intense,Phase_1_debut
1987-06-09,C0_plus_intense,1987-06-09_013_007,-15.625,15.625,0.0,0.3416782021522522,-0.23267580568790436,-0.3416782021522522,False,False,trace,normale,1987,6,9,160,Phase_1_debut,Debut de saison (Mai-Juin),Saint-Louis,Zone sahélienne,201.0116,0,plus_intense,Phase_1_debut
1987-06-09,C0_plus_intense,1987-06-09_013_008,-15.375,15.625,0.0,0.6973364353179932,-0.26197612285614014,-0.6973364353179932,False,False,trace,normale,1987,6,9,160,Phase_1_debut,Debut de saison (Mai-Juin),Louga,Zone sahélienne,227.81313,0,plus_intense,Phase_1_debut
1987-06-09,C0_plus_intense,1987-06-09_013_009,-15.125,15.625,0.0,0.9484361410140991,-0.301986426115036,-0.9484361410140991,False,False,trace,normale,1987,6,9,160,Phase_1_debut,Debut de saison (Mai-Juin),Louga,Zone sahélienne,254.6147,0,plus_intense,Phase_1_debut
1987-06-09,C0_plus_intense,1987-06-09_013_010,-14.875,15.625,0.0,0.8902078866958618,-0.31085583567619324,-0.8902078866958618,False,False,trace,normale,1987,6,9,160,Phase_1_debut,Debut de saison (Mai-Juin),Louga,Zone sahélienne,281.41623,0,plus_intense,Phase_1_debut
1987-06-09,C0_plus_intense,1987-06-09_013_011,-14.625,15.625,0.0,0.6804594993591309,-0.29902616143226624,-0.6804594993591309,False,False,trace,normale,1987,6,9,160,Phase_1_debut,Debut de saison (Mai-Juin),Matam,Zone sahélienne,308.21777,0,plus_intense,Phase_1_debut
1987-06-09,C0_plus_intense,1987-06-09_013_012,-14.375,15.625,0.0,0.6375303268432617,-0.31248247623443604,-0.6375303268432617,False,False,trace,normale,1987,6,9,160,Phase_1_debut,Debut de saison (Mai-Juin),Matam,Zone sahélienne,335.01932,0,plus_intense,Phase_1_debut
1987-06-09,C0_plus_intense,1987-06-09_013_013,-14.125,15.625,0.27263593673706055,0.8242719173431396,-0.23406940698623657,-0.5516359806060791,False,False,trace,normale,1987,6,9,160,Phase_1_debut,Debut de saison (Mai-Juin),Matam,Zone sahélienne,361.82086,0,plus_intense,Phase_1_debut
1987-06-09,C0_plus_intense,1987-06-09_013_014,-13.875,15.625,4.640651702880859,1.0451972484588623,1.1930667161941528,3.595454454421997,False,False,faible,humide,1987,6,9,160,Phase_1_debut,Debut de saison (Mai-Juin),Matam,Zone sahélienne,388.6224,0,plus_intense,Phase_1_debut
1987-06-09,C0_plus_intense,1987-06-09_013_015,-13.625,15.625,6.927719593048096,1.2148524522781372,1.7091889381408691,5.7128671407699585,False,False,moderee,humide,1987,6,9,160,Phase_1_debut,Debut de saison (Mai-Juin),Matam,Zone sahélienne,415.42395,0,plus_intense,Phase_1_debut
1987-06-09,C0_plus_intense,1987-06-09_013_016,-13.375,15.625,5.5622029304504395,0.9595832228660583,1.7955453395843506,4.602619707584381,False,False,moderee,humide,1987,6,9,160,Phase_1_debut,Debut de saison (Mai-Juin),Matam,Zone sahélienne,442.22552,0,plus_intense,Phase_1_debut
1987-06-09,C0_plus_intense,1987-06-09_014_004,-16.375,15.875,0.0,0.16828234493732452,-0.24600619077682495,-0.16828234493732452,False,False,trace,normale,1987,6,9,160,Phase_1_debut,Debut de saison (Mai-Juin),Saint-Louis,Zone sahélienne,120.45863,0,plus_intense,Phase_1_debut
1987-06-09,C0_plus_intense,1987-06-09_014_005,-16.125,15.875,1.006115436553955,0.21281564235687256,1.0453122854232788,0.7932997941970825,False,False,faible,humide,1987,6,9,160,Phase_1_debut,Debut de saison (Mai-Juin),Saint-Louis,Zone sahélienne,147.22722,0,plus_intense,Phase_1_debut
1987-06-09,C0_plus_intense,1987-06-09_014_006,-15.875,15.875,1.44492506980896,0.25210896134376526,1.479600429534912,1.1928161084651947,False,False,faible,humide,1987,6,9,160,Phase_1_debut,Debut de saison (Mai-Juin),Saint-Louis,Zone sahélienne,173.9958,0,plus_intense,Phase_1_debut
1987-06-09,C0_plus_intense,1987-06-09_014_007,-15.625,15.875,0.0,0.374288946390152,-0.29994019865989685,-0.374288946390152,False,False,trace,normale,1987,6,9,160,Phase_1_debut,Debut de saison (Mai-Juin),Saint-Louis,Zone sahélienne,200.76439,0,plus_intense,Phase_1_debut
1987-06-09,C0_plus_intense,1987-06-09_014_008,-15.375,15.875,0.0,0.5288462042808533,-0.2729607820510864,-0.5288462042808533,False,False,trace,normale,1987,6,9,160,Phase_1_debut,Debut de saison (Mai-Juin),Louga,Zone sahélienne,227.53297,0,plus_intense,Phase_1_debut
1987-06-09,C0_plus_intense,1987-06-09_014_009,-15.125,15.875,0.0,0.47589701414108276,-0.24456064403057098,-0.47589701414108276,False,False,trace,normale,1987,6,9,160,Phase_1_debut,Debut de saison (Mai-Juin),Louga,Zone sahélienne,254.30157,0,plus_intense,Phase_1_debut
1987-06-09,C0_plus_intense,1987-06-09_014_010,-14.875,15.875,0.0,0.6505837440490723,-0.31836816668510437,-0.6505837440490723,False,False,trace,normale,1987,6,9,160,Phase_1_debut,Debut de saison (Mai-Juin),Louga,Zone sahélienne,281.07013,0,plus_intense,Phase_1_debut
1987-06-09,C0_plus_intense,1987-06-09_014_011,-14.625,15.875,0.0,0.6685567498207092,-0.3144892454147339,-0.6685567498207092,False,False,trace,normale,1987,6,9,160,Phase_1_debut,Debut de saison (Mai-Juin),Matam,Zone sahélienne,307.83875,0,plus_intense,Phase_1_debut
1987-06-09,C0_plus_intense,1987-06-09_014_012,-14.375,15.875,1.8453313112258911,0.6806440949440002,0.6088134050369263,1.1646872162818909,False,False,faible,normale,1987,6,9,160,Phase_1_debut,Debut de saison (Mai-Juin),Matam,Zone sahélienne,334.60733,0,plus_intense,Phase_1_debut
1987-06-09,C0_plus_intense,1987-06-09_014_013,-14.125,15.875,1.0808722972869873,0.7708718180656433,0.13764618337154388,0.310000479221344,False,False,faible,normale,1987,6,9,160,Phase_1_debut,Debut de saison (Mai-Juin),Matam,Zone sahélienne,361.3759,0,plus_intense,Phase_1_debut
1987-06-09,C0_plus_intense,1987-06-09_014_014,-13.875,15.875,0.0,0.86588454246521,-0.3422161936759949,-0.86588454246521,False,False,trace,normale,1987,6,9,160,Phase_1_debut,Debut de saison (Mai-Juin),Matam,Zone sahélienne,388.1445,0,plus_intense,Phase_1_debut
1987-06-09,C0_plus_intense,1987-06-09_014_015,-13.625,15.875,2.291297674179077,0.7184342741966248,0.7942901253700256,1.5728633999824524,False,False,faible,normale,1987,6,9,160,Phase_1_debut,Debut de saison (Mai-Juin),Matam,Zone sahélienne,414.91306,0,plus_intense,Phase_1_debut
1987-06-09,C0_plus_intense,1987-06-09_014_016,-13.375,15.875,3.8184421062469482,0.7335866689682007,1.5736571550369263,3.0848554372787476,False,False,faible,humide,1987,6,9,160,Phase_1_debut,Debut de saison (Mai-Juin),Matam,Zone sahélienne,441.68167,0,plus_intense,Phase_1_debut
1987-06-09,C0_plus_intense,1987-06-09_015_004,-16.375,16.125,0.0,0.04656732827425003,-0.1776151806116104,-0.04656732827425003,False,False,trace,normale,1987,6,9,160,Phase_1_debut,Debut de saison (Mai-Juin),Saint-Louis,Zone sahélienne,120.308014,0,plus_intense,Phase_1_debut
1987-06-09,C0_plus_intense,1987-06-09_015_005,-16.125,16.125,0.0,0.0992952361702919,-0.23289518058300018,-0.0992952361702919,False,False,trace,normale,1987,6,9,160,Phase_1_debut,Debut de saison (Mai-Juin),Saint-Louis,Zone sahélienne,147.04314,0,plus_intense,Phase_1_debut
1987-06-09,C0_plus_intense,1987-06-09_015_006,-15.875,16.125,0.7266018390655518,0.31072673201560974,0.42513978481292725,0.415875107049942,False,False,trace,normale,1987,6,9,160,Phase_1_debut,Debut de saison (Mai-Juin),Saint-Louis,Zone sahélienne,173.77824,0,plus_intense,Phase_1_debut
1987-06-09,C0_plus_intense,1987-06-09_015_007,-15.625,16.125,0.9835655093193054,0.37899982929229736,0.5185598731040955,0.6045656800270081,False,False,trace,normale,1987,6,9,160,Phase_1_debut,Debut de saison (Mai-Juin),Saint-Louis,Zone sahélienne,200.51337,0,plus_intense,Phase_1_debut
1987-06-09,C0_plus_intense,1987-06-09_015_008,-15.375,16.125,0.5448293089866638,0.35714033246040344,0.14485585689544678,0.18768897652626038,False,False,trace,normale,1987,6,9,160,Phase_1_debut,Debut de saison (Mai-Juin),Louga,Zone sahélienne,227.24846,0,plus_intense,Phase_1_debut
1987-06-09,C0_plus_intense,1987-06-09_015_009,-15.125,16.125,0.0,0.19493789970874786,-0.18382081389427185,-0.19493789970874786,False,False,trace,normale,1987,6,9,160,Phase_1_debut,Debut de saison (Mai-Juin),Louga,Zone sahélienne,253.9836,0,plus_intense,Phase_1_debut
1987-06-09,C0_plus_intense,1987-06-09_015_010,-14.875,16.125,0.0,0.2750515639781952,-0.25909194350242615,-0.2750515639781952,False,False,trace,normale,1987,6,9,160,Phase_1_debut,Debut de saison (Mai-Juin),Louga,Zone sahélienne,280.7187,0,plus_intense,Phase_1_debut
1987-06-09,C0_plus_intense,1987-06-09_015_011,-14.625,16.125,0.0,0.4562488794326782,-0.3185676336288452,-0.4562488794326782,False,False,trace,normale,1987,6,9,160,Phase_1_debut,Debut de saison (Mai-Juin),Matam,Zone sahélienne,307.45383,0,plus_intense,Phase_1_debut
1987-06-09,C0_plus_intense,1987-06-09_015_012,-14.375,16.125,0.0,0.4396325349807739,-0.34379032254219055,-0.4396325349807739,False,False,trace,normale,1987,6,9,160,Phase_1_debut,Debut de saison (Mai-Juin),Matam,Zone sahélienne,334.18893,0,plus_intense,Phase_1_debut
1987-06-09,C0_plus_intense,1987-06-09_015_013,-14.125,16.125,0.0,0.5272845029830933,-0.34034061431884766,-0.5272845029830933,False,False,trace,normale,1987,6,9,160,Phase_1_debut,Debut de saison (Mai-Juin),Matam,Zone sahélienne,360.92404,0,plus_intense,Phase_1_debut
1987-06-09,C0_plus_intense,1987-06-09_015_014,-13.875,16.125,0.0,0.6383680105209351,-0.33567965030670166,-0.6383680105209351,False,False,trace,normale,1987,6,9,160,Phase_1_debut,Debut de saison (Mai-Juin),Matam,Zone sahélienne,387.65915,0,plus_intense,Phase_1_debut
1987-06-09,C0_plus_intense,1987-06-09_016_005,-16.125,16.375,0.11614397168159485,0.04424282908439636,0.5058892965316772,0.07190114259719849,False,False,trace,normale,1987,6,9,160,Phase_1_debut,Debut de saison (Mai-Juin),Saint-Louis,Zone sahélienne,146.85623,0,plus_intense,Phase_1_debut
1987-06-09,C0_plus_intense,1987-06-09_016_006,-15.875,16.375,0.7604228258132935,0.13588476181030273,1.729466199874878,0.6245380640029907,False,False,trace,humide,1987,6,9,160,Phase_1_debut,Debut de saison (Mai-Juin),Saint-Louis,Zone sahélienne,173.55737,0,plus_intense,Phase_1_debut
1987-06-09,C0_plus_intense,1987-06-09_016_007,-15.625,16.375,0.0,0.14276990294456482,-0.2742854356765747,-0.14276990294456482,False,False,trace,normale,1987,6,9,160,Phase_1_debut,Debut de saison (Mai-Juin),Saint-Louis,Zone sahélienne,200.25851,0,plus_intense,Phase_1_debut
1987-06-09,C0_plus_intense,1987-06-09_016_008,-15.375,16.375,0.10973915457725525,0.16746440529823303,-0.09114890545606613,-0.05772525072097778,False,False,trace,normale,1987,6,9,160,Phase_1_debut,Debut de saison (Mai-Juin),Louga,Zone sahélienne,226.95963,0,plus_intense,Phase_1_debut
1987-06-09,C0_plus_intense,1987-06-09_016_009,-15.125,16.375,0.0,0.12124504148960114,-0.18607425689697266,-0.12124504148960114,False,False,trace,normale,1987,6,9,160,Phase_1_debut,Debut de saison (Mai-Juin),Louga,Zone sahélienne,253.66078,0,plus_intense,Phase_1_debut
1987-06-09,C0_plus_intense,1987-06-09_016_010,-14.875,16.375,0.0,0.1941046118736267,-0.17964383959770203,-0.1941046118736267,False,False,trace,normale,1987,6,9,160,Phase_1_debut,Debut de saison (Mai-Juin),Louga,Zone sahélienne,280.3619,0,plus_intense,Phase_1_debut
1987-06-09,C0_plus_intense,1987-06-09_016_011,-14.625,16.375,0.0,0.2721099257469177,-0.27831506729125977,-0.2721099257469177,False,False,trace,normale,1987,6,9,160,Phase_1_debut,Debut de saison (Mai-Juin),Matam,Zone sahélienne,307.06305,0,plus_intense,Phase_1_debut
1987-06-09,C0_plus_intense,1987-06-09_016_012,-14.375,16.375,0.0,0.2561357319355011,-0.29430457949638367,-0.2561357319355011,False,False,trace,normale,1987,6,9,160,Phase_1_debut,Debut de saison (Mai-Juin),Matam,Zone sahélienne,333.76416,0,plus_intense,Phase_1_debut
1987-06-09,C0_plus_intense,1987-06-09_016_013,-14.125,16.375,0.0,0.2303859293460846,-0.29237431287765503,-0.2303859293460846,False,False,trace,normale,1987,6,9,160,Phase_1_debut,Debut de saison (Mai-Juin),Matam,Zone sahélienne,360.4653,0,plus_intense,Phase_1_debut
1987-06-09,C0_plus_intense,1987-06-09_017_010,-14.875,16.625,0.4370173215866089,0.22204118967056274,0.20283254981040955,0.21497613191604614,False,False,trace,normale,1987,6,9,160,Phase_1_debut,Debut de saison (Mai-Juin),Louga,Zone sahélienne,279.9998,0,plus_intense,Phase_1_debut
1987-06-09,C0_plus_intense,1987-06-09_017_011,-14.625,16.625,0.0,0.21371342241764069,-0.22355401515960693,-0.21371342241764069,False,False,trace,normale,1987,6,9,160,Phase_1_debut,Debut de saison (Mai-Juin),Matam,Zone sahélienne,306.66644,0,plus_intense,Phase_1_debut
1987-06-09,C0_plus_intense,1987-06-09_017_012,-14.375,16.625,0.0,0.16477985680103302,-0.24881060421466827,-0.16477985680103302,False,False,trace,normale,1987,6,9,160,Phase_1_debut,Debut de saison (Mai-Juin),Matam,Zone sahélienne,333.33307,0,plus_intense,Phase_1_debut
2023-05-09,C0_moins_intense,2023-05-09_000_003,-16.625,12.375,0.0,0.0,0.0,0.0,False,False,trace,normale,2023,5,9,129,Phase_1_debut,Debut de saison (Mai-Juin),Ziguinchor,Zone soudanienne,95.14188,0,moins_intense,Phase_1_debut
2023-05-09,C0_moins_intense,2023-05-09_000_004,-16.375,12.375,0.0,0.0,0.0,0.0,False,False,trace,normale,2023,5,9,129,Phase_1_debut,Debut de saison (Mai-Juin),Ziguinchor,Zone soudanienne,122.32527,0,moins_intense,Phase_1_debut
2023-05-09,C0_moins_intense,2023-05-09_000_020,-12.375,12.375,5.204587459564209,2.7002382278442383,0.3874576687812805,2.5043492317199707,False,False,moderee,normale,2023,5,9,129,Phase_1_debut,Debut de saison (Mai-Juin),Kédougou,Zone soudanienne,557.2596,0,moins_intense,Phase_1_debut
2023-05-09,C0_moins_intense,2023-05-09_001_003,-16.625,12.625,0.0,0.0,0.0,0.0,False,False,trace,normale,2023,5,9,129,Phase_1_debut,Debut de saison (Mai-Juin),Ziguinchor,Zone soudanienne,95.04989,0,moins_intense,Phase_1_debut
2023-05-09,C0_moins_intense,2023-05-09_001_004,-16.375,12.625,0.0,0.0,0.0,0.0,False,False,trace,normale,2023,5,9,129,Phase_1_debut,Debut de saison (Mai-Juin),Ziguinchor,Zone soudanienne,122.20701,0,moins_intense,Phase_1_debut
2023-05-09,C0_moins_intense,2023-05-09_001_005,-16.125,12.625,0.0,0.0,0.0,0.0,False,False,trace,normale,2023,5,9,129,Phase_1_debut,Debut de saison (Mai-Juin),Sédhiou,Zone soudanienne,149.36412,0,moins_intense,Phase_1_debut
2023-05-09,C0_moins_intense,2023-05-09_001_006,-15.875,12.625,0.0,0.0,0.0,0.0,False,False,trace,normale,2023,5,9,129,Phase_1_debut,Debut de saison (Mai-Juin),Sédhiou,Zone soudanienne,176.52124,0,moins_intense,Phase_1_debut
2023-05-09,C0_moins_intense,2023-05-09_001_007,-15.625,12.625,0.005598187912255526,0.0030094676185399294,0.13711689412593842,0.002588720293715596,False,False,trace,normale,2023,5,9,129,Phase_1_debut,Debut de saison (Mai-Juin),Sédhiou,Zone soudanienne,203.67834,0,moins_intense,Phase_1_debut
2023-05-09,C0_moins_intense,2023-05-09_001_008,-15.375,12.625,0.28637027740478516,0.031584881246089935,2.0649678707122803,0.2547853961586952,True,False,trace,tres humide,2023,5,9,129,Phase_1_debut,Debut de saison (Mai-Juin),Kolda,Zone soudanienne,230.83545,0,moins_intense,Phase_1_debut
2023-05-09,C0_moins_intense,2023-05-09_001_018,-12.875,12.625,1.4876751899719238,1.0901730060577393,0.16079078614711761,0.39750218391418457,False,False,faible,normale,2023,5,9,129,Phase_1_debut,Debut de saison (Mai-Juin),Kédougou,Zone soudanienne,502.40656,0,moins_intense,Phase_1_debut
2023-05-09,C0_moins_intense,2023-05-09_001_019,-12.625,12.625,3.1301839351654053,1.5293431282043457,0.3935288190841675,1.6008408069610596,False,False,faible,normale,2023,5,9,129,Phase_1_debut,Debut de saison (Mai-Juin),Kédougou,Zone soudanienne,529.56366,0,moins_intense,Phase_1_debut
2023-05-09,C0_moins_intense,2023-05-09_001_020,-12.375,12.625,5.843063831329346,1.8351833820343018,0.8370189070701599,4.007880449295044,False,False,moderee,normale,2023,5,9,129,Phase_1_debut,Debut de saison (Mai-Juin),Kédougou,Zone soudanienne,556.7208,0,moins_intense,Phase_1_debut
2023-05-09,C0_moins_intense,2023-05-09_001_021,-12.125,12.625,6.592841625213623,2.275766134262085,0.7687861919403076,4.317075490951538,False,False,moderee,normale,2023,5,9,129,Phase_1_debut,Debut de saison (Mai-Juin),Kédougou,Zone soudanienne,583.87787,0,moins_intense,Phase_1_debut
2023-05-09,C0_moins_intense,2023-05-09_001_022,-11.875,12.625,5.507888317108154,2.3416311740875244,0.5730301141738892,3.16625714302063,False,False,moderee,normale,2023,5,9,129,Phase_1_debut,Debut de saison (Mai-Juin),Kédougou,Zone soudanienne,611.03503,0,moins_intense,Phase_1_debut
2023-05-09,C0_moins_intense,2023-05-09_001_023,-11.625,12.625,3.706117630004883,1.5107264518737793,0.7065783143043518,2.1953911781311035,False,False,faible,normale,2023,5,9,129,Phase_1_debut,Debut de saison (Mai-Juin),Kédougou,Zone soudanienne,638.19214,0,moins_intense,Phase_1_debut
2023-05-09,C0_moins_intense,2023-05-09_002_003,-16.625,12.875,0.0,0.0,0.0,0.0,False,False,trace,normale,2023,5,9,129,Phase_1_debut,Debut de saison (Mai-Juin),Ziguinchor,Zone soudanienne,94.95609,0,moins_intense,Phase_1_debut
2023-05-09,C0_moins_intense,2023-05-09_002_004,-16.375,12.875,0.0,0.0,0.0,0.0,False,False,trace,normale,2023,5,9,129,Phase_1_debut,Debut de saison (Mai-Juin),Ziguinchor,Zone soudanienne,122.08641,0,moins_intense,Phase_1_debut
2023-05-09,C0_moins_intense,2023-05-09_002_005,-16.125,12.875,0.0,0.0,0.0,0.0,False,False,trace,normale,2023,5,9,129,Phase_1_debut,Debut de saison (Mai-Juin),Sédhiou,Zone soudanienne,149.21672,0,moins_intense,Phase_1_debut
2023-05-09,C0_moins_intense,2023-05-09_002_006,-15.875,12.875,0.0,0.0,0.0,0.0,False,False,trace,normale,2023,5,9,129,Phase_1_debut,Debut de saison (Mai-Juin),Sédhiou,Zone soudanienne,176.34703,0,moins_intense,Phase_1_debut
2023-05-09,C0_moins_intense,2023-05-09_002_007,-15.625,12.875,0.0,0.002146695740520954,-0.15249858796596527,-0.002146695740520954,False,False,trace,normale,2023,5,9,129,Phase_1_debut,Debut de saison (Mai-Juin),Sédhiou,Zone soudanienne,203.47736,0,moins_intense,Phase_1_debut
2023-05-09,C0_moins_intense,2023-05-09_002_008,-15.375,12.875,0.16431234776973724,0.03173099458217621,0.9246812462806702,0.13258135318756104,False,False,trace,normale,2023,5,9,129,Phase_1_debut,Debut de saison (Mai-Juin),Kolda,Zone soudanienne,230.60765,0,moins_intense,Phase_1_debut
2023-05-09,C0_moins_intense,2023-05-09_002_009,-15.125,12.875,0.6287493705749512,0.04464953392744064,3.2930333614349365,0.5840998366475105,True,False,trace,exceptionnelle,2023,5,9,129,Phase_1_debut,Debut de saison (Mai-Juin),Kolda,Zone soudanienne,257.73798,0,moins_intense,Phase_1_debut
2023-05-09,C0_moins_intense,2023-05-09_002_010,-14.875,12.875,1.8932076692581177,0.3738631308078766,1.7571520805358887,1.519344538450241,False,False,faible,humide,2023,5,9,129,Phase_1_debut,Debut de saison (Mai-Juin),Kolda,Zone soudanienne,284.8683,0,moins_intense,Phase_1_debut
2023-05-09,C0_moins_intense,2023-05-09_002_011,-14.625,12.875,2.2319207191467285,0.5549963712692261,1.2938809394836426,1.6769243478775024,False,False,faible,humide,2023,5,9,129,Phase_1_debut,Debut de saison (Mai-Juin),Kolda,Zone soudanienne,311.9986,0,moins_intense,Phase_1_debut
2023-05-09,C0_moins_intense,2023-05-09_002_012,-14.375,12.875,1.3707579374313354,0.4328821897506714,0.9002299904823303,0.9378757476806641,False,False,faible,normale,2023,5,9,129,Phase_1_debut,Debut de saison (Mai-Juin),Kolda,Zone soudanienne,339.1289,0,moins_intense,Phase_1_debut
2023-05-09,C0_moins_intense,2023-05-09_002_013,-14.125,12.875,1.2036690711975098,0.4590195119380951,0.6801733374595642,0.7446495592594147,False,False,faible,normale,2023,5,9,129,Phase_1_debut,Debut de saison (Mai-Juin),Kolda,Zone soudanienne,366.25922,0,moins_intense,Phase_1_debut
2023-05-09,C0_moins_intense,2023-05-09_002_014,-13.875,12.875,0.24355928599834442,0.19543281197547913,0.07674708962440491,0.048126474022865295,False,False,trace,normale,2023,5,9,129,Phase_1_debut,Debut de saison (Mai-Juin),Tambacounda,Zone soudanienne,393.38953,0,moins_intense,Phase_1_debut
2023-05-09,C0_moins_intense,2023-05-09_002_015,-13.625,12.875,0.0,0.17192484438419342,-0.2955368757247925,-0.17192484438419342,False,False,trace,normale,2023,5,9,129,Phase_1_debut,Debut de saison (Mai-Juin),Tambacounda,Zone soudanienne,420.51984,0,moins_intense,Phase_1_debut
2023-05-09,C0_moins_intense,2023-05-09_002_016,-13.375,12.875,0.0,0.2658526599407196,-0.3340643644332886,-0.2658526599407196,False,False,trace,normale,2023,5,9,129,Phase_1_debut,Debut de saison (Mai-Juin),Tambacounda,Zone soudanienne,447.65018,0,moins_intense,Phase_1_debut
2023-05-09,C0_moins_intense,2023-05-09_002_017,-13.125,12.875,0.0,0.31424739956855774,-0.2524280846118927,-0.31424739956855774,False,False,trace,normale,2023,5,9,129,Phase_1_debut,Debut de saison (Mai-Juin),Kédougou,Zone soudanienne,474.78046,0,moins_intense,Phase_1_debut
2023-05-09,C0_moins_intense,2023-05-09_002_018,-12.875,12.875,2.6529617309570312,0.5797711610794067,1.1971379518508911,2.0731905698776245,False,False,faible,humide,2023,5,9,129,Phase_1_debut,Debut de saison (Mai-Juin),Kédougou,Zone soudanienne,501.91077,0,moins_intense,Phase_1_debut
2023-05-09,C0_moins_intense,2023-05-09_002_019,-12.625,12.875,2.231996774673462,1.1646806001663208,0.3437277674674988,1.0673161745071411,False,False,faible,normale,2023,5,9,129,Phase_1_debut,Debut de saison (Mai-Juin),Kédougou,Zone soudanienne,529.0411,0,moins_intense,Phase_1_debut
2023-05-09,C0_moins_intense,2023-05-09_002_020,-12.375,12.875,4.959242343902588,1.3128935098648071,1.2157237529754639,3.6463488340377808,False,False,faible,humide,2023,5,9,129,Phase_1_debut,Debut de saison (Mai-Juin),Kédougou,Zone soudanienne,556.17145,0,moins_intense,Phase_1_debut
2023-05-09,C0_moins_intense,2023-05-09_002_021,-12.125,12.875,6.351193428039551,1.4664193391799927,1.343645453453064,4.884774088859558,False,False,moderee,humide,2023,5,9,129,Phase_1_debut,Debut de saison (Mai-Juin),Kédougou,Zone soudanienne,583.3017,0,moins_intense,Phase_1_debut
2023-05-09,C0_moins_intense,2023-05-09_002_022,-11.875,12.875,5.733872890472412,1.5681711435317993,1.3453384637832642,4.165701746940613,False,False,moderee,humide,2023,5,9,129,Phase_1_debut,Debut de saison (Mai-Juin),Kédougou,Zone soudanienne,610.432,0,moins_intense,Phase_1_debut
2023-05-09,C0_moins_intense,2023-05-09_002_023,-11.625,12.875,4.260355472564697,1.3428363800048828,1.1314599514007568,2.9175190925598145,False,False,faible,humide,2023,5,9,129,Phase_1_debut,Debut de saison (Mai-Juin),Kédougou,Zone soudanienne,637.5624,0,moins_intense,Phase_1_debut
2023-05-09,C0_moins_intense,2023-05-09_003_003,-16.625,13.125,0.0,0.0,0.0,0.0,False,False,trace,normale,2023,5,9,129,Phase_1_debut,Debut de saison (Mai-Juin),Ziguinchor,Zone soudanienne,94.86048,0,moins_intense,Phase_1_debut
2023-05-09,C0_moins_intense,2023-05-09_003_004,-16.375,13.125,0.0,0.03394710645079613,-0.24520868062973022,-0.03394710645079613,False,False,trace,normale,2023,5,9,129,Phase_1_debut,Debut de saison (Mai-Juin),Ziguinchor,Zone soudanienne,121.96348,0,moins_intense,Phase_1_debut
2023-05-09,C0_moins_intense,2023-05-09_003_005,-16.125,13.125,0.0,0.0,0.0,0.0,False,False,trace,normale,2023,5,9,129,Phase_1_debut,Debut de saison (Mai-Juin),Sédhiou,Zone soudanienne,149.06648,0,moins_intense,Phase_1_debut
2023-05-09,C0_moins_intense,2023-05-09_003_006,-15.875,13.125,0.0,0.0,0.0,0.0,False,False,trace,normale,2023,5,9,129,Phase_1_debut,Debut de saison (Mai-Juin),Sédhiou,Zone soudanienne,176.16948,0,moins_intense,Phase_1_debut
2023-05-09,C0_moins_intense,2023-05-09_003_007,-15.625,13.125,0.0,0.0,0.0,0.0,False,False,trace,normale,2023,5,9,129,Phase_1_debut,Debut de saison (Mai-Juin),Sédhiou,Zone soudanienne,203.27248,0,moins_intense,Phase_1_debut
2023-05-09,C0_moins_intense,2023-05-09_003_008,-15.375,13.125,0.18009717762470245,0.005071403458714485,6.333982944488525,0.17502577416598797,True,False,trace,exceptionnelle,2023,5,9,129,Phase_1_debut,Debut de saison (Mai-Juin),Kolda,Zone soudanienne,230.37546,0,moins_intense,Phase_1_debut
2023-05-09,C0_moins_intense,2023-05-09_003_009,-15.125,13.125,0.5837505459785461,0.02376667596399784,5.089212417602539,0.5599838700145483,True,False,trace,exceptionnelle,2023,5,9,129,Phase_1_debut,Debut de saison (Mai-Juin),Kolda,Zone soudanienne,257.47845,0,moins_intense,Phase_1_debut
2023-05-09,C0_moins_intense,2023-05-09_003_010,-14.875,13.125,1.7285019159317017,0.24579761922359467,2.517171859741211,1.482704296708107,True,False,faible,tres humide,2023,5,9,129,Phase_1_debut,Debut de saison (Mai-Juin),Kolda,Zone soudanienne,284.58145,0,moins_intense,Phase_1_debut
2023-05-09,C0_moins_intense,2023-05-09_003_011,-14.625,13.125,1.726861596107483,0.4001823365688324,1.3849196434020996,1.3266792595386505,False,False,faible,humide,2023,5,9,129,Phase_1_debut,Debut de saison (Mai-Juin),Kolda,Zone soudanienne,311.68445,0,moins_intense,Phase_1_debut
2023-05-09,C0_moins_intense,2023-05-09_003_012,-14.375,13.125,1.1105247735977173,0.26611292362213135,1.254906415939331,0.8444118499755859,False,False,faible,humide,2023,5,9,129,Phase_1_debut,Debut de saison (Mai-Juin),Tambacounda,Zone soudanienne,338.78745,0,moins_intense,Phase_1_debut
2023-05-09,C0_moins_intense,2023-05-09_003_013,-14.125,13.125,1.3644154071807861,0.313504695892334,1.474574327468872,1.0509107112884521,False,False,faible,humide,2023,5,9,129,Phase_1_debut,Debut de saison (Mai-Juin),Tambacounda,Zone soudanienne,365.89044,0,moins_intense,Phase_1_debut
2023-05-09,C0_moins_intense,2023-05-09_003_014,-13.875,13.125,0.23651137948036194,0.21055272221565247,0.04001186043024063,0.025958657264709473,False,False,trace,normale,2023,5,9,129,Phase_1_debut,Debut de saison (Mai-Juin),Tambacounda,Zone soudanienne,392.99344,0,moins_intense,Phase_1_debut
2023-05-09,C0_moins_intense,2023-05-09_003_015,-13.625,13.125,0.0,0.14030130207538605,-0.2557589113712311,-0.14030130207538605,False,False,trace,normale,2023,5,9,129,Phase_1_debut,Debut de saison (Mai-Juin),Tambacounda,Zone soudanienne,420.09644,0,moins_intense,Phase_1_debut
2023-05-09,C0_moins_intense,2023-05-09_003_016,-13.375,13.125,0.0,0.1291564404964447,-0.2607704997062683,-0.1291564404964447,False,False,trace,normale,2023,5,9,129,Phase_1_debut,Debut de saison (Mai-Juin),Tambacounda,Zone soudanienne,447.19943,0,moins_intense,Phase_1_debut
2023-05-09,C0_moins_intense,2023-05-09_003_017,-13.125,13.125,0.0,0.1366930454969406,-0.2859470248222351,-0.1366930454969406,False,False,trace,normale,2023,5,9,129,Phase_1_debut,Debut de saison (Mai-Juin),Tambacounda,Zone soudanienne,474.30243,0,moins_intense,Phase_1_debut
2023-05-09,C0_moins_intense,2023-05-09_003_018,-12.875,13.125,0.7904064059257507,0.3919544219970703,0.2481185793876648,0.3984519839286804,False,False,trace,normale,2023,5,9,129,Phase_1_debut,Debut de saison (Mai-Juin),Tambacounda,Zone soudanienne,501.4054,0,moins_intense,Phase_1_debut
2023-05-09,C0_moins_intense,2023-05-09_003_019,-12.625,13.125,0.7716724872589111,0.6346771717071533,0.05782712250947952,0.1369953155517578,False,False,trace,normale,2023,5,9,129,Phase_1_debut,Debut de saison (Mai-Juin),Tambacounda,Zone soudanienne,528.5084,0,moins_intense,Phase_1_debut
2023-05-09,C0_moins_intense,2023-05-09_003_020,-12.375,13.125,4.256310939788818,0.8149597644805908,1.477447748184204,3.4413511753082275,False,False,faible,humide,2023,5,9,129,Phase_1_debut,Debut de saison (Mai-Juin),Tambacounda,Zone soudanienne,555.61145,0,moins_intense,Phase_1_debut
2023-05-09,C0_moins_intense,2023-05-09_003_021,-12.125,13.125,4.479555130004883,1.119810938835144,1.3138147592544556,3.3597441911697388,False,False,faible,humide,2023,5,9,129,Phase_1_debut,Debut de saison (Mai-Juin),Tambacounda,Zone soudanienne,582.71436,0,moins_intense,Phase_1_debut
2023-05-09,C0_moins_intense,2023-05-09_003_022,-11.875,13.125,5.92746639251709,1.3341799974441528,1.7964469194412231,4.593286395072937,False,False,moderee,humide,2023,5,9,129,Phase_1_debut,Debut de saison (Mai-Juin),Tambacounda,Zone soudanienne,609.8174,0,moins_intense,Phase_1_debut
2023-05-09,C0_moins_intense,2023-05-09_003_023,-11.625,13.125,5.64644718170166,1.2011284828186035,1.8631837368011475,4.445318698883057,False,False,moderee,humide,2023,5,9,129,Phase_1_debut,Debut de saison (Mai-Juin),Tambacounda,Zone soudanienne,636.9204,0,moins_intense,Phase_1_debut
2023-05-09,C0_moins_intense,2023-05-09_004_009,-15.125,13.375,0.1476294845342636,0.0034332438372075558,6.404940128326416,0.14419624069705606,True,False,trace,exceptionnelle,2023,5,9,129,Phase_1_debut,Debut de saison (Mai-Juin),Kolda,Zone soudanienne,257.21408,0,moins_intense,Phase_1_debut
2023-05-09,C0_moins_intense,2023-05-09_004_010,-14.875,13.375,1.8622685670852661,0.06599244475364685,6.256234169006348,1.7962761223316193,True,False,faible,exceptionnelle,2023,5,9,129,Phase_1_debut,Debut de saison (Mai-Juin),Kolda,Zone soudanienne,284.2892,0,moins_intense,Phase_1_debut
2023-05-09,C0_moins_intense,2023-05-09_004_015,-13.625,13.375,1.0620423555374146,0.3112172484397888,0.8013803362846375,0.7508251070976257,False,False,faible,normale,2023,5,9,129,Phase_1_debut,Debut de saison (Mai-Juin),Tambacounda,Zone soudanienne,419.66504,0,moins_intense,Phase_1_debut
2023-05-09,C0_moins_intense,2023-05-09_004_016,-13.375,13.375,0.20819731056690216,0.3154093325138092,-0.1211845800280571,-0.10721202194690704,False,False,trace,normale,2023,5,9,129,Phase_1_debut,Debut de saison (Mai-Juin),Tambacounda,Zone soudanienne,446.7402,0,moins_intense,Phase_1_debut
2023-05-09,C0_moins_intense,2023-05-09_004_017,-13.125,13.375,0.5130362510681152,0.20342445373535156,0.4708177149295807,0.30961179733276367,False,False,trace,normale,2023,5,9,129,Phase_1_debut,Debut de saison (Mai-Juin),Tambacounda,Zone soudanienne,473.81537,0,moins_intense,Phase_1_debut
2023-05-09,C0_moins_intense,2023-05-09_004_018,-12.875,13.375,0.4589897096157074,0.15115639567375183,0.3798689544200897,0.30783331394195557,False,False,trace,normale,2023,5,9,129,Phase_1_debut,Debut de saison (Mai-Juin),Tambacounda,Zone soudanienne,500.89053,0,moins_intense,Phase_1_debut
2023-05-09,C0_moins_intense,2023-05-09_004_019,-12.625,13.375,1.472612738609314,0.3203934133052826,0.9618455171585083,1.1522193253040314,False,False,faible,normale,2023,5,9,129,Phase_1_debut,Debut de saison (Mai-Juin),Tambacounda,Zone soudanienne,527.9657,0,moins_intense,Phase_1_debut
2023-05-09,C0_moins_intense,2023-05-09_004_020,-12.375,13.375,1.9955884218215942,0.42194029688835144,1.3819445371627808,1.5736481249332428,False,False,faible,humide,2023,5,9,129,Phase_1_debut,Debut de saison (Mai-Juin),Tambacounda,Zone soudanienne,555.0409,0,moins_intense,Phase_1_debut
2023-05-09,C0_moins_intense,2023-05-09_004_021,-12.125,13.375,3.8404171466827393,0.5155375003814697,2.295299768447876,3.3248796463012695,True,False,faible,tres humide,2023,5,9,129,Phase_1_debut,Debut de saison (Mai-Juin),Tambacounda,Zone soudanienne,582.116,0,moins_intense,Phase_1_debut
2023-05-09,C0_moins_intense,2023-05-09_004_022,-11.875,13.375,6.296444892883301,0.6161130666732788,3.5208585262298584,5.680331826210022,True,False,moderee,exceptionnelle,2023,5,9,129,Phase_1_debut,Debut de saison (Mai-Juin),Tambacounda,Zone soudanienne,609.19116,0,moins_intense,Phase_1_debut
2023-05-09,C0_moins_intense,2023-05-09_004_023,-11.625,13.375,6.259393692016602,0.8834916949272156,2.4219605922698975,5.375901997089386,True,False,moderee,tres humide,2023,5,9,129,Phase_1_debut,Debut de saison (Mai-Juin),Tambacounda,Zone soudanienne,636.26636,0,moins_intense,Phase_1_debut
2023-05-09,C0_moins_intense,2023-05-09_005_004,-16.375,13.625,0.0,0.0,0.0,0.0,False,False,trace,normale,2023,5,9,129,Phase_1_debut,Debut de saison (Mai-Juin),Kaolack,Zone soudano-sahélienne,121.71068,0,moins_intense,Phase_1_debut
2023-05-09,C0_moins_intense,2023-05-09_005_005,-16.125,13.625,0.0,0.0,0.0,0.0,False,False,trace,normale,2023,5,9,129,Phase_1_debut,Debut de saison (Mai-Juin),Kaolack,Zone soudano-sahélienne,148.75749,0,moins_intense,Phase_1_debut
2023-05-09,C0_moins_intense,2023-05-09_005_006,-15.875,13.625,0.0,0.0,0.0,0.0,False,False,trace,normale,2023,5,9,129,Phase_1_debut,Debut de saison (Mai-Juin),Kaffrine,Zone soudano-sahélienne,175.80432,0,moins_intense,Phase_1_debut
2023-05-09,C0_moins_intense,2023-05-09_005_007,-15.625,13.625,0.0,0.0,0.0,0.0,False,False,trace,normale,2023,5,9,129,Phase_1_debut,Debut de saison (Mai-Juin),Kaffrine,Zone soudano-sahélienne,202.85114,0,moins_intense,Phase_1_debut
2023-05-09,C0_moins_intense,2023-05-09_005_012,-14.375,13.625,0.8104034662246704,0.018999584019184113,6.404728889465332,0.7914038822054863,True,False,trace,exceptionnelle,2023,5,9,129,Phase_1_debut,Debut de saison (Mai-Juin),Tambacounda,Zone soudano-sahélienne,338.0852,0,moins_intense,Phase_1_debut
2023-05-09,C0_moins_intense,2023-05-09_005_013,-14.125,13.625,0.708717405796051,0.029244106262922287,5.880251884460449,0.6794732995331287,True,False,trace,exceptionnelle,2023,5,9,129,Phase_1_debut,Debut de saison (Mai-Juin),Tambacounda,Zone soudano-sahélienne,365.13202,0,moins_intense,Phase_1_debut
2023-05-09,C0_moins_intense,2023-05-09_005_014,-13.875,13.625,0.6063175201416016,0.16173048317432404,0.9969351291656494,0.4445870369672775,False,False,trace,normale,2023,5,9,129,Phase_1_debut,Debut de saison (Mai-Juin),Tambacounda,Zone soudano-sahélienne,392.17886,0,moins_intense,Phase_1_debut
2023-05-09,C0_moins_intense,2023-05-09_005_015,-13.625,13.625,0.0,0.36180567741394043,-0.3452686667442322,-0.36180567741394043,False,False,trace,normale,2023,5,9,129,Phase_1_debut,Debut de saison (Mai-Juin),Tambacounda,Zone soudano-sahélienne,419.22565,0,moins_intense,Phase_1_debut
2023-05-09,C0_moins_intense,2023-05-09_005_016,-13.375,13.625,0.0,0.31238454580307007,-0.354748398065567,-0.31238454580307007,False,False,trace,normale,2023,5,9,129,Phase_1_debut,Debut de saison (Mai-Juin),Tambacounda,Zone soudano-sahélienne,446.2725,0,moins_intense,Phase_1_debut
2023-05-09,C0_moins_intense,2023-05-09_005_017,-13.125,13.625,0.09641995280981064,0.16131898760795593,-0.12229202687740326,-0.0648990347981453,False,False,trace,normale,2023,5,9,129,Phase_1_debut,Debut de saison (Mai-Juin),Tambacounda,Zone soudano-sahélienne,473.3193,0,moins_intense,Phase_1_debut
2023-05-09,C0_moins_intense,2023-05-09_005_018,-12.875,13.625,0.5067735314369202,0.0477575920522213,2.623080015182495,0.45901593938469887,True,False,trace,tres humide,2023,5,9,129,Phase_1_debut,Debut de saison (Mai-Juin),Tambacounda,Zone soudano-sahélienne,500.3661,0,moins_intense,Phase_1_debut
2023-05-09,C0_moins_intense,2023-05-09_005_019,-12.625,13.625,1.2831758260726929,0.12055453658103943,2.9681637287139893,1.1626212894916534,True,False,faible,tres humide,2023,5,9,129,Phase_1_debut,Debut de saison (Mai-Juin),Tambacounda,Zone soudano-sahélienne,527.4129,0,moins_intense,Phase_1_debut
2023-05-09,C0_moins_intense,2023-05-09_005_020,-12.375,13.625,1.154900074005127,0.2623055577278137,1.1420506238937378,0.8925945162773132,False,False,faible,humide,2023,5,9,129,Phase_1_debut,Debut de saison (Mai-Juin),Tambacounda,Zone soudano-sahélienne,554.4598,0,moins_intense,Phase_1_debut
2023-05-09,C0_moins_intense,2023-05-09_005_021,-12.125,13.625,2.421778440475464,0.21946798264980316,3.77832293510437,2.2023104578256607,True,False,faible,exceptionnelle,2023,5,9,129,Phase_1_debut,Debut de saison (Mai-Juin),Tambacounda,Zone soudano-sahélienne,581.50653,0,moins_intense,Phase_1_debut
2023-05-09,C0_moins_intense,2023-05-09_006_003,-16.625,13.875,0.0,0.0,0.0,0.0,False,False,trace,normale,2023,5,9,129,Phase_1_debut,Debut de saison (Mai-Juin),Fatick,Zone soudano-sahélienne,94.562836,0,moins_intense,Phase_1_debut
2023-05-09,C0_moins_intense,2023-05-09_006_004,-16.375,13.875,0.0,0.0,0.0,0.0,False,False,trace,normale,2023,5,9,129,Phase_1_debut,Debut de saison (Mai-Juin),Fatick,Zone soudano-sahélienne,121.580795,0,moins_intense,Phase_1_debut
2023-05-09,C0_moins_intense,2023-05-09_006_005,-16.125,13.875,0.0,0.0,0.0,0.0,False,False,trace,normale,2023,5,9,129,Phase_1_debut,Debut de saison (Mai-Juin),Fatick,Zone soudano-sahélienne,148.59875,0,moins_intense,Phase_1_debut
2023-05-09,C0_moins_intense,2023-05-09_006_006,-15.875,13.875,0.0,0.0,0.0,0.0,False,False,trace,normale,2023,5,9,129,Phase_1_debut,Debut de saison (Mai-Juin),Kaolack,Zone soudano-sahélienne,175.6167,0,moins_intense,Phase_1_debut
2023-05-09,C0_moins_intense,2023-05-09_006_007,-15.625,13.875,0.0,0.0,0.0,0.0,False,False,trace,normale,2023,5,9,129,Phase_1_debut,Debut de saison (Mai-Juin),Kaolack,Zone soudano-sahélienne,202.63466,0,moins_intense,Phase_1_debut
2023-05-09,C0_moins_intense,2023-05-09_006_008,-15.375,13.875,0.0,0.0,0.0,0.0,False,False,trace,normale,2023,5,9,129,Phase_1_debut,Debut de saison (Mai-Juin),Kaffrine,Zone soudano-sahélienne,229.6526,0,moins_intense,Phase_1_debut
2023-05-09,C0_moins_intense,2023-05-09_006_009,-15.125,13.875,0.0,0.0,0.0,0.0,False,False,trace,normale,2023,5,9,129,Phase_1_debut,Debut de saison (Mai-Juin),Kaffrine,Zone soudano-sahélienne,256.67056,0,moins_intense,Phase_1_debut
2023-05-09,C0_moins_intense,2023-05-09_006_010,-14.875,13.875,0.0,0.0,0.0,0.0,False,False,trace,normale,2023,5,9,129,Phase_1_debut,Debut de saison (Mai-Juin),Kaffrine,Zone soudano-sahélienne,283.6885,0,moins_intense,Phase_1_debut
2023-05-09,C0_moins_intense,2023-05-09_006_011,-14.625,13.875,0.004639278631657362,0.0005581091972999275,0.0408116951584816,0.0040811694343574345,False,False,trace,normale,2023,5,9,129,Phase_1_debut,Debut de saison (Mai-Juin),Kaffrine,Zone soudano-sahélienne,310.70648,0,moins_intense,Phase_1_debut
2023-05-09,C0_moins_intense,2023-05-09_006_012,-14.375,13.875,0.6570786833763123,0.015280899591743946,6.404940128326416,0.6417977837845683,True,False,trace,exceptionnelle,2023,5,9,129,Phase_1_debut,Debut de saison (Mai-Juin),Tambacounda,Zone soudano-sahélienne,337.72443,0,moins_intense,Phase_1_debut
2023-05-09,C0_moins_intense,2023-05-09_006_013,-14.125,13.875,0.8885835409164429,0.02066473290324211,6.404940128326416,0.8679188080132008,True,False,trace,exceptionnelle,2023,5,9,129,Phase_1_debut,Debut de saison (Mai-Juin),Tambacounda,Zone soudano-sahélienne,364.74237,0,moins_intense,Phase_1_debut
2023-05-09,C0_moins_intense,2023-05-09_006_014,-13.875,13.875,1.4486052989959717,0.1733814924955368,2.479572296142578,1.2752238065004349,True,False,faible,tres humide,2023,5,9,129,Phase_1_debut,Debut de saison (Mai-Juin),Tambacounda,Zone soudano-sahélienne,391.76035,0,moins_intense,Phase_1_debut
2023-05-09,C0_moins_intense,2023-05-09_006_015,-13.625,13.875,0.0,0.29461580514907837,-0.3511194884777069,-0.29461580514907837,False,False,trace,normale,2023,5,9,129,Phase_1_debut,Debut de saison (Mai-Juin),Tambacounda,Zone soudano-sahélienne,418.7783,0,moins_intense,Phase_1_debut
2023-05-09,C0_moins_intense,2023-05-09_006_016,-13.375,13.875,0.0,0.09144339710474014,-0.3010164797306061,-0.09144339710474014,False,False,trace,normale,2023,5,9,129,Phase_1_debut,Debut de saison (Mai-Juin),Tambacounda,Zone soudano-sahélienne,445.79623,0,moins_intense,Phase_1_debut
2023-05-09,C0_moins_intense,2023-05-09_006_017,-13.125,13.875,0.0,0.04668654501438141,-0.2690352201461792,-0.04668654501438141,False,False,trace,normale,2023,5,9,129,Phase_1_debut,Debut de saison (Mai-Juin),Tambacounda,Zone soudano-sahélienne,472.81418,0,moins_intense,Phase_1_debut
2023-05-09,C0_moins_intense,2023-05-09_006_018,-12.875,13.875,0.038000788539648056,0.017714357003569603,0.35119810700416565,0.020286431536078453,False,False,trace,normale,2023,5,9,129,Phase_1_debut,Debut de saison (Mai-Juin),Tambacounda,Zone soudano-sahélienne,499.83212,0,moins_intense,Phase_1_debut
2023-05-09,C0_moins_intense,2023-05-09_006_019,-12.625,13.875,0.17519448697566986,0.029096132144331932,1.160959005355835,0.14609835483133793,False,False,trace,humide,2023,5,9,129,Phase_1_debut,Debut de saison (Mai-Juin),Tambacounda,Zone soudano-sahélienne,526.8501,0,moins_intense,Phase_1_debut
2023-05-09,C0_moins_intense,2023-05-09_006_020,-12.375,13.875,1.4220508337020874,0.10268338769674301,3.4200103282928467,1.3193674460053444,True,False,faible,exceptionnelle,2023,5,9,129,Phase_1_debut,Debut de saison (Mai-Juin),Tambacounda,Zone soudano-sahélienne,553.86804,0,moins_intense,Phase_1_debut
2023-05-09,C0_moins_intense,2023-05-09_006_021,-12.125,13.875,2.5038881301879883,0.1971926987171173,4.546309947967529,2.306695431470871,True,False,faible,exceptionnelle,2023,5,9,129,Phase_1_debut,Debut de saison (Mai-Juin),Tambacounda,Zone soudano-sahélienne,580.886,0,moins_intense,Phase_1_debut
2023-05-09,C0_moins_intense,2023-05-09_007_003,-16.625,14.125,0.0,0.0,0.0,0.0,False,False,trace,normale,2023,5,9,129,Phase_1_debut,Debut de saison (Mai-Juin),Fatick,Zone soudano-sahélienne,94.460014,0,moins_intense,Phase_1_debut
2023-05-09,C0_moins_intense,2023-05-09_007_004,-16.375,14.125,0.0,0.0,0.0,0.0,False,False,trace,normale,2023,5,9,129,Phase_1_debut,Debut de saison (Mai-Juin),Fatick,Zone soudano-sahélienne,121.44859,0,moins_intense,Phase_1_debut
2023-05-09,C0_moins_intense,2023-05-09_007_005,-16.125,14.125,0.0,0.0,0.0,0.0,False,False,trace,normale,2023,5,9,129,Phase_1_debut,Debut de saison (Mai-Juin),Fatick,Zone soudano-sahélienne,148.43718,0,moins_intense,Phase_1_debut
2023-05-09,C0_moins_intense,2023-05-09_007_006,-15.875,14.125,0.0,0.0,0.0,0.0,False,False,trace,normale,2023,5,9,129,Phase_1_debut,Debut de saison (Mai-Juin),Kaolack,Zone soudano-sahélienne,175.42575,0,moins_intense,Phase_1_debut
2023-05-09,C0_moins_intense,2023-05-09_007_007,-15.625,14.125,0.0,0.0,0.0,0.0,False,False,trace,normale,2023,5,9,129,Phase_1_debut,Debut de saison (Mai-Juin),Kaolack,Zone soudano-sahélienne,202.41434,0,moins_intense,Phase_1_debut
2023-05-09,C0_moins_intense,2023-05-09_007_008,-15.375,14.125,0.0,0.0,0.0,0.0,False,False,trace,normale,2023,5,9,129,Phase_1_debut,Debut de saison (Mai-Juin),Kaffrine,Zone soudano-sahélienne,229.4029,0,moins_intense,Phase_1_debut
2023-05-09,C0_moins_intense,2023-05-09_007_009,-15.125,14.125,0.0,0.0,0.0,0.0,False,False,trace,normale,2023,5,9,129,Phase_1_debut,Debut de saison (Mai-Juin),Kaffrine,Zone soudano-sahélienne,256.39148,0,moins_intense,Phase_1_debut
2023-05-09,C0_moins_intense,2023-05-09_007_010,-14.875,14.125,0.0,0.0,0.0,0.0,False,False,trace,normale,2023,5,9,129,Phase_1_debut,Debut de saison (Mai-Juin),Kaffrine,Zone soudano-sahélienne,283.38007,0,moins_intense,Phase_1_debut
2023-05-09,C0_moins_intense,2023-05-09_007_011,-14.625,14.125,0.0,0.0,0.0,0.0,False,False,trace,normale,2023,5,9,129,Phase_1_debut,Debut de saison (Mai-Juin),Kaffrine,Zone soudano-sahélienne,310.36865,0,moins_intense,Phase_1_debut
2023-05-09,C0_moins_intense,2023-05-09_007_012,-14.375,14.125,0.006730192806571722,0.0001795424905139953,0.06550650298595428,0.006550650316057727,False,False,trace,normale,2023,5,9,129,Phase_1_debut,Debut de saison (Mai-Juin),Tambacounda,Zone soudano-sahélienne,337.3572,0,moins_intense,Phase_1_debut
2023-05-09,C0_moins_intense,2023-05-09_007_013,-14.125,14.125,0.11152617633342743,0.0025936320889741182,6.404940128326416,0.10893254424445331,True,False,trace,exceptionnelle,2023,5,9,129,Phase_1_debut,Debut de saison (Mai-Juin),Tambacounda,Zone soudano-sahélienne,364.34576,0,moins_intense,Phase_1_debut
2023-05-09,C0_moins_intense,2023-05-09_007_014,-13.875,14.125,0.976521909236908,0.022709811106324196,6.404940128326416,0.9538120981305838,True,False,trace,exceptionnelle,2023,5,9,129,Phase_1_debut,Debut de saison (Mai-Juin),Tambacounda,Zone soudano-sahélienne,391.33438,0,moins_intense,Phase_1_debut
2023-05-09,C0_moins_intense,2023-05-09_007_015,-13.625,14.125,0.511917769908905,0.023625440895557404,4.686769962310791,0.4882923290133476,True,False,trace,exceptionnelle,2023,5,9,129,Phase_1_debut,Debut de saison (Mai-Juin),Tambacounda,Zone soudano-sahélienne,418.32294,0,moins_intense,Phase_1_debut
2023-05-09,C0_moins_intense,2023-05-09_007_016,-13.375,14.125,0.06866364926099777,0.022524327039718628,0.4758289158344269,0.046139322221279144,False,False,trace,normale,2023,5,9,129,Phase_1_debut,Debut de saison (Mai-Juin),Tambacounda,Zone soudano-sahélienne,445.31152,0,moins_intense,Phase_1_debut
2023-05-09,C0_moins_intense,2023-05-09_007_017,-13.125,14.125,0.12933997809886932,0.014786566607654095,1.5122671127319336,0.11455341149121523,False,False,trace,humide,2023,5,9,129,Phase_1_debut,Debut de saison (Mai-Juin),Tambacounda,Zone soudano-sahélienne,472.30008,0,moins_intense,Phase_1_debut
2023-05-09,C0_moins_intense,2023-05-09_007_018,-12.875,14.125,0.34298092126846313,0.024583471938967705,3.5040831565856934,0.31839744932949543,True,False,trace,exceptionnelle,2023,5,9,129,Phase_1_debut,Debut de saison (Mai-Juin),Tambacounda,Zone soudano-sahélienne,499.28867,0,moins_intense,Phase_1_debut
2023-05-09,C0_moins_intense,2023-05-09_007_019,-12.625,14.125,0.10958140343427658,0.047316696494817734,0.47461748123168945,0.06226470693945885,False,False,trace,normale,2023,5,9,129,Phase_1_debut,Debut de saison (Mai-Juin),Tambacounda,Zone soudano-sahélienne,526.2772,0,moins_intense,Phase_1_debut
2023-05-09,C0_moins_intense,2023-05-09_007_020,-12.375,14.125,0.29519882798194885,0.03172497823834419,2.7437989711761475,0.26347384974360466,True,False,trace,tres humide,2023,5,9,129,Phase_1_debut,Debut de saison (Mai-Juin),Tambacounda,Zone soudano-sahélienne,553.2658,0,moins_intense,Phase_1_debut
2023-05-09,C0_moins_intense,2023-05-09_007_021,-12.125,14.125,0.826681911945343,0.05454874038696289,4.238204002380371,0.7721331715583801,True,False,trace,exceptionnelle,2023,5,9,129,Phase_1_debut,Debut de saison (Mai-Juin),Tambacounda,Zone soudano-sahélienne,580.2544,0,moins_intense,Phase_1_debut
2023-05-09,C0_moins_intense,2023-05-09_008_002,-16.875,14.375,0.0,0.0,0.0,0.0,False,False,trace,normale,2023,5,9,129,Phase_1_debut,Debut de saison (Mai-Juin),Thiès,Zone soudano-sahélienne,67.39671,0,moins_intense,Phase_1_debut
2023-05-09,C0_moins_intense,2023-05-09_008_003,-16.625,14.375,0.0,0.0,0.0,0.0,False,False,trace,normale,2023,5,9,129,Phase_1_debut,Debut de saison (Mai-Juin),Fatick,Zone soudano-sahélienne,94.3554,0,moins_intense,Phase_1_debut
2023-05-09,C0_moins_intense,2023-05-09_008_004,-16.375,14.375,0.0,0.0,0.0,0.0,False,False,trace,normale,2023,5,9,129,Phase_1_debut,Debut de saison (Mai-Juin),Diourbel,Zone soudano-sahélienne,121.314095,0,moins_intense,Phase_1_debut
2023-05-09,C0_moins_intense,2023-05-09_008_005,-16.125,14.375,0.0,0.0,0.0,0.0,False,False,trace,normale,2023,5,9,129,Phase_1_debut,Debut de saison (Mai-Juin),Diourbel,Zone soudano-sahélienne,148.27278,0,moins_intense,Phase_1_debut
2023-05-09,C0_moins_intense,2023-05-09_008_006,-15.875,14.375,0.0,0.0,0.0,0.0,False,False,trace,normale,2023,5,9,129,Phase_1_debut,Debut de saison (Mai-Juin),Diourbel,Zone soudano-sahélienne,175.23148,0,moins_intense,Phase_1_debut
2023-05-09,C0_moins_intense,2023-05-09_008_007,-15.625,14.375,0.0,0.0,0.0,0.0,False,False,trace,normale,2023,5,9,129,Phase_1_debut,Debut de saison (Mai-Juin),Kaolack,Zone soudano-sahélienne,202.19016,0,moins_intense,Phase_1_debut
2023-05-09,C0_moins_intense,2023-05-09_008_008,-15.375,14.375,0.0,0.0,0.0,0.0,False,False,trace,normale,2023,5,9,129,Phase_1_debut,Debut de saison (Mai-Juin),Kaffrine,Zone soudano-sahélienne,229.14883,0,moins_intense,Phase_1_debut
2023-05-09,C0_moins_intense,2023-05-09_008_009,-15.125,14.375,0.0,0.0,0.0,0.0,False,False,trace,normale,2023,5,9,129,Phase_1_debut,Debut de saison (Mai-Juin),Kaffrine,Zone soudano-sahélienne,256.10754,0,moins_intense,Phase_1_debut
2023-05-09,C0_moins_intense,2023-05-09_008_010,-14.875,14.375,0.0,0.0,0.0,0.0,False,False,trace,normale,2023,5,9,129,Phase_1_debut,Debut de saison (Mai-Juin),Kaffrine,Zone soudano-sahélienne,283.06622,0,moins_intense,Phase_1_debut
2023-05-09,C0_moins_intense,2023-05-09_008_011,-14.625,14.375,0.0,0.0,0.0,0.0,False,False,trace,normale,2023,5,9,129,Phase_1_debut,Debut de saison (Mai-Juin),Kaffrine,Zone soudano-sahélienne,310.0249,0,moins_intense,Phase_1_debut
2023-05-09,C0_moins_intense,2023-05-09_008_012,-14.375,14.375,0.0,0.0,0.0,0.0,False,False,trace,normale,2023,5,9,129,Phase_1_debut,Debut de saison (Mai-Juin),Tambacounda,Zone soudano-sahélienne,336.98358,0,moins_intense,Phase_1_debut
2023-05-09,C0_moins_intense,2023-05-09_008_013,-14.125,14.375,0.22221648693084717,0.02386999875307083,2.175595283508301,0.19834648817777634,True,False,trace,tres humide,2023,5,9,129,Phase_1_debut,Debut de saison (Mai-Juin),Tambacounda,Zone soudano-sahélienne,363.94226,0,moins_intense,Phase_1_debut
2023-05-09,C0_moins_intense,2023-05-09_008_014,-13.875,14.375,0.5614166855812073,0.03515245020389557,4.356269359588623,0.5262642353773117,True,False,trace,exceptionnelle,2023,5,9,129,Phase_1_debut,Debut de saison (Mai-Juin),Tambacounda,Zone soudano-sahélienne,390.90097,0,moins_intense,Phase_1_debut
2023-05-09,C0_moins_intense,2023-05-09_008_015,-13.625,14.375,0.36492720246315,0.04675133898854256,1.7890477180480957,0.31817586347460747,False,False,trace,humide,2023,5,9,129,Phase_1_debut,Debut de saison (Mai-Juin),Tambacounda,Zone soudano-sahélienne,417.85965,0,moins_intense,Phase_1_debut
2023-05-09,C0_moins_intense,2023-05-09_008_016,-13.375,14.375,0.0439024344086647,0.020581979304552078,0.24004493653774261,0.023320455104112625,False,False,trace,normale,2023,5,9,129,Phase_1_debut,Debut de saison (Mai-Juin),Tambacounda,Zone soudano-sahélienne,444.81833,0,moins_intense,Phase_1_debut
2023-05-09,C0_moins_intense,2023-05-09_008_017,-13.125,14.375,0.010610074736177921,0.011415520682930946,-0.01752438209950924,-0.0008054459467530251,False,False,trace,normale,2023,5,9,129,Phase_1_debut,Debut de saison (Mai-Juin),Tambacounda,Zone soudano-sahélienne,471.777,0,moins_intense,Phase_1_debut
2023-05-09,C0_moins_intense,2023-05-09_008_018,-12.875,14.375,0.6146092414855957,0.0482342503964901,3.1483800411224365,0.5663749910891056,True,False,trace,exceptionnelle,2023,5,9,129,Phase_1_debut,Debut de saison (Mai-Juin),Tambacounda,Zone soudano-sahélienne,498.7357,0,moins_intense,Phase_1_debut
2023-05-09,C0_moins_intense,2023-05-09_008_019,-12.625,14.375,0.2646675407886505,0.04956834763288498,1.2036786079406738,0.21509919315576553,False,False,trace,humide,2023,5,9,129,Phase_1_debut,Debut de saison (Mai-Juin),Tambacounda,Zone soudano-sahélienne,525.6944,0,moins_intense,Phase_1_debut
2023-05-09,C0_moins_intense,2023-05-09_008_020,-12.375,14.375,0.04471515491604805,0.013958936557173729,0.6897661685943604,0.03075621835887432,False,False,trace,normale,2023,5,9,129,Phase_1_debut,Debut de saison (Mai-Juin),Tambacounda,Zone soudano-sahélienne,552.6531,0,moins_intense,Phase_1_debut
2023-05-09,C0_moins_intense,2023-05-09_009_001,-17.125,14.625,0.0,0.0,0.0,0.0,False,False,trace,normale,2023,5,9,129,Phase_1_debut,Debut de saison (Mai-Juin),Dakar,Zone soudano-sahélienne,40.39242,0,moins_intense,Phase_1_debut
2023-05-09,C0_moins_intense,2023-05-09_009_002,-16.875,14.625,0.0,0.0005496170488186181,-0.005496170371770859,-0.0005496170488186181,False,False,trace,normale,2023,5,9,129,Phase_1_debut,Debut de saison (Mai-Juin),Thiès,Zone soudano-sahélienne,67.3207,0,moins_intense,Phase_1_debut
2023-05-09,C0_moins_intense,2023-05-09_009_003,-16.625,14.625,0.0,0.0,0.0,0.0,False,False,trace,normale,2023,5,9,129,Phase_1_debut,Debut de saison (Mai-Juin),Thiès,Zone soudano-sahélienne,94.248985,0,moins_intense,Phase_1_debut
2023-05-09,C0_moins_intense,2023-05-09_009_004,-16.375,14.625,0.0,0.0,0.0,0.0,False,False,trace,normale,2023,5,9,129,Phase_1_debut,Debut de saison (Mai-Juin),Diourbel,Zone soudano-sahélienne,121.17728,0,moins_intense,Phase_1_debut
2023-05-09,C0_moins_intense,2023-05-09_009_005,-16.125,14.625,0.0,0.0,0.0,0.0,False,False,trace,normale,2023,5,9,129,Phase_1_debut,Debut de saison (Mai-Juin),Diourbel,Zone soudano-sahélienne,148.10556,0,moins_intense,Phase_1_debut
2023-05-09,C0_moins_intense,2023-05-09_009_006,-15.875,14.625,0.0,0.0,0.0,0.0,False,False,trace,normale,2023,5,9,129,Phase_1_debut,Debut de saison (Mai-Juin),Diourbel,Zone soudano-sahélienne,175.03384,0,moins_intense,Phase_1_debut
2023-05-09,C0_moins_intense,2023-05-09_009_007,-15.625,14.625,0.0,0.0,0.0,0.0,False,False,trace,normale,2023,5,9,129,Phase_1_debut,Debut de saison (Mai-Juin),Kaffrine,Zone soudano-sahélienne,201.96213,0,moins_intense,Phase_1_debut
2023-05-09,C0_moins_intense,2023-05-09_009_008,-15.375,14.625,0.0,0.0,0.0,0.0,False,False,trace,normale,2023,5,9,129,Phase_1_debut,Debut de saison (Mai-Juin),Kaffrine,Zone soudano-sahélienne,228.8904,0,moins_intense,Phase_1_debut
2023-05-09,C0_moins_intense,2023-05-09_009_009,-15.125,14.625,0.0,0.0,0.0,0.0,False,False,trace,normale,2023,5,9,129,Phase_1_debut,Debut de saison (Mai-Juin),Kaffrine,Zone soudano-sahélienne,255.8187,0,moins_intense,Phase_1_debut
2023-05-09,C0_moins_intense,2023-05-09_009_010,-14.875,14.625,0.0,0.0,0.0,0.0,False,False,trace,normale,2023,5,9,129,Phase_1_debut,Debut de saison (Mai-Juin),Kaffrine,Zone soudano-sahélienne,282.74698,0,moins_intense,Phase_1_debut
2023-05-09,C0_moins_intense,2023-05-09_009_011,-14.625,14.625,0.0,0.0,0.0,0.0,False,False,trace,normale,2023,5,9,129,Phase_1_debut,Debut de saison (Mai-Juin),Kaffrine,Zone soudano-sahélienne,309.67526,0,moins_intense,Phase_1_debut
2023-05-09,C0_moins_intense,2023-05-09_009_012,-14.375,14.625,0.0,0.0,0.0,0.0,False,False,trace,normale,2023,5,9,129,Phase_1_debut,Debut de saison (Mai-Juin),Tambacounda,Zone soudano-sahélienne,336.60355,0,moins_intense,Phase_1_debut
2023-05-09,C0_moins_intense,2023-05-09_009_013,-14.125,14.625,0.13533523678779602,0.005713115446269512,4.925751209259033,0.1296221213415265,True,False,trace,exceptionnelle,2023,5,9,129,Phase_1_debut,Debut de saison (Mai-Juin),Tambacounda,Zone soudano-sahélienne,363.5318,0,moins_intense,Phase_1_debut
2023-05-09,C0_moins_intense,2023-05-09_009_014,-13.875,14.625,0.3258029520511627,0.03788882493972778,2.009256601333618,0.28791412711143494,True,False,trace,tres humide,2023,5,9,129,Phase_1_debut,Debut de saison (Mai-Juin),Tambacounda,Zone soudano-sahélienne,390.4601,0,moins_intense,Phase_1_debut
2023-05-09,C0_moins_intense,2023-05-09_009_015,-13.625,14.625,0.23551355302333832,0.016477515920996666,3.5809502601623535,0.21903603710234165,True,False,trace,exceptionnelle,2023,5,9,129,Phase_1_debut,Debut de saison (Mai-Juin),Tambacounda,Zone soudano-sahélienne,417.38837,0,moins_intense,Phase_1_debut
2023-05-09,C0_moins_intense,2023-05-09_009_016,-13.375,14.625,0.0,0.0205753855407238,-0.24750526249408722,-0.0205753855407238,False,False,trace,normale,2023,5,9,129,Phase_1_debut,Debut de saison (Mai-Juin),Tambacounda,Zone soudano-sahélienne,444.31668,0,moins_intense,Phase_1_debut
2023-05-09,C0_moins_intense,2023-05-09_009_017,-13.125,14.625,0.0,0.011632747016847134,-0.30126816034317017,-0.011632747016847134,False,False,trace,normale,2023,5,9,129,Phase_1_debut,Debut de saison (Mai-Juin),Tambacounda,Zone soudano-sahélienne,471.24493,0,moins_intense,Phase_1_debut
2023-05-09,C0_moins_intense,2023-05-09_009_018,-12.875,14.625,0.0,0.01351341512054205,-0.1589241772890091,-0.01351341512054205,False,False,trace,normale,2023,5,9,129,Phase_1_debut,Debut de saison (Mai-Juin),Tambacounda,Zone soudano-sahélienne,498.17322,0,moins_intense,Phase_1_debut
2023-05-09,C0_moins_intense,2023-05-09_009_019,-12.625,14.625,0.0,0.02217171899974346,-0.15249863266944885,-0.02217171899974346,False,False,trace,normale,2023,5,9,129,Phase_1_debut,Debut de saison (Mai-Juin),Tambacounda,Zone soudano-sahélienne,525.1015,0,moins_intense,Phase_1_debut
2023-05-09,C0_moins_intense,2023-05-09_009_020,-12.375,14.625,0.04542990028858185,0.004551778081804514,2.2031354904174805,0.040878122206777334,True,False,trace,tres humide,2023,5,9,129,Phase_1_debut,Debut de saison (Mai-Juin),Tambacounda,Zone soudano-sahélienne,552.0298,0,moins_intense,Phase_1_debut
2023-05-09,C0_moins_intense,2023-05-09_010_001,-17.125,14.875,0.0,0.0,0.0,0.0,False,False,trace,normale,2023,5,9,129,Phase_1_debut,Debut de saison (Mai-Juin),Thiès,Zone soudano-sahélienne,40.346046,0,moins_intense,Phase_1_debut
2023-05-09,C0_moins_intense,2023-05-09_010_002,-16.875,14.875,0.0,0.0,0.0,0.0,False,False,trace,normale,2023,5,9,129,Phase_1_debut,Debut de saison (Mai-Juin),Thiès,Zone soudano-sahélienne,67.243416,0,moins_intense,Phase_1_debut
2023-05-09,C0_moins_intense,2023-05-09_010_003,-16.625,14.875,0.0,0.0,0.0,0.0,False,False,trace,normale,2023,5,9,129,Phase_1_debut,Debut de saison (Mai-Juin),Thiès,Zone soudano-sahélienne,94.14078,0,moins_intense,Phase_1_debut
2023-05-09,C0_moins_intense,2023-05-09_010_004,-16.375,14.875,0.0,0.0,0.0,0.0,False,False,trace,normale,2023,5,9,129,Phase_1_debut,Debut de saison (Mai-Juin),Diourbel,Zone soudano-sahélienne,121.03815,0,moins_intense,Phase_1_debut
2023-05-09,C0_moins_intense,2023-05-09_010_005,-16.125,14.875,0.0,0.0,0.0,0.0,False,False,trace,normale,2023,5,9,129,Phase_1_debut,Debut de saison (Mai-Juin),Diourbel,Zone soudano-sahélienne,147.93552,0,moins_intense,Phase_1_debut
2023-05-09,C0_moins_intense,2023-05-09_010_006,-15.875,14.875,0.0,0.0,0.0,0.0,False,False,trace,normale,2023,5,9,129,Phase_1_debut,Debut de saison (Mai-Juin),Diourbel,Zone soudano-sahélienne,174.83289,0,moins_intense,Phase_1_debut
2023-05-09,C0_moins_intense,2023-05-09_010_007,-15.625,14.875,0.0,0.0,0.0,0.0,False,False,trace,normale,2023,5,9,129,Phase_1_debut,Debut de saison (Mai-Juin),Diourbel,Zone soudano-sahélienne,201.73026,0,moins_intense,Phase_1_debut
2023-05-09,C0_moins_intense,2023-05-09_010_008,-15.375,14.875,0.0,0.0,0.0,0.0,False,False,trace,normale,2023,5,9,129,Phase_1_debut,Debut de saison (Mai-Juin),Kaffrine,Zone soudano-sahélienne,228.62761,0,moins_intense,Phase_1_debut
2023-05-09,C0_moins_intense,2023-05-09_010_009,-15.125,14.875,0.0,0.0001021713251248002,-0.001021713251248002,-0.0001021713251248002,False,False,trace,normale,2023,5,9,129,Phase_1_debut,Debut de saison (Mai-Juin),Kaffrine,Zone soudano-sahélienne,255.525,0,moins_intense,Phase_1_debut
2023-05-09,C0_moins_intense,2023-05-09_010_010,-14.875,14.875,0.0,0.0,0.0,0.0,False,False,trace,normale,2023,5,9,129,Phase_1_debut,Debut de saison (Mai-Juin),Kaffrine,Zone soudano-sahélienne,282.42233,0,moins_intense,Phase_1_debut
2023-05-09,C0_moins_intense,2023-05-09_010_011,-14.625,14.875,0.0,0.0,0.0,0.0,False,False,trace,normale,2023,5,9,129,Phase_1_debut,Debut de saison (Mai-Juin),Kaffrine,Zone soudano-sahélienne,309.31973,0,moins_intense,Phase_1_debut
2023-05-09,C0_moins_intense,2023-05-09_010_012,-14.375,14.875,0.0,0.0,0.0,0.0,False,False,trace,normale,2023,5,9,129,Phase_1_debut,Debut de saison (Mai-Juin),Tambacounda,Zone soudano-sahélienne,336.21707,0,moins_intense,Phase_1_debut
2023-05-09,C0_moins_intense,2023-05-09_010_013,-14.125,14.875,0.04347306117415428,0.001484977430664003,0.41988083720207214,0.04198808374349028,False,False,trace,normale,2023,5,9,129,Phase_1_debut,Debut de saison (Mai-Juin),Matam,Zone soudano-sahélienne,363.11444,0,moins_intense,Phase_1_debut
2023-05-09,C0_moins_intense,2023-05-09_010_014,-13.875,14.875,0.1798797994852066,0.0073866527527570724,5.050877571105957,0.17249314673244953,True,False,trace,exceptionnelle,2023,5,9,129,Phase_1_debut,Debut de saison (Mai-Juin),Matam,Zone soudano-sahélienne,390.0118,0,moins_intense,Phase_1_debut
2023-05-09,C0_moins_intense,2023-05-09_010_015,-13.625,14.875,0.3595927357673645,0.03656172379851341,2.2370967864990234,0.3230310119688511,True,False,trace,tres humide,2023,5,9,129,Phase_1_debut,Debut de saison (Mai-Juin),Matam,Zone soudano-sahélienne,416.90918,0,moins_intense,Phase_1_debut
2023-05-09,C0_moins_intense,2023-05-09_010_016,-13.375,14.875,0.00561772845685482,0.00013064485392533243,0.054870836436748505,0.005487083602929488,False,False,trace,normale,2023,5,9,129,Phase_1_debut,Debut de saison (Mai-Juin),Matam,Zone soudano-sahélienne,443.80655,0,moins_intense,Phase_1_debut
2023-05-09,C0_moins_intense,2023-05-09_010_017,-13.125,14.875,0.0,0.004218009300529957,-0.20746058225631714,-0.004218009300529957,False,False,trace,normale,2023,5,9,129,Phase_1_debut,Debut de saison (Mai-Juin),Matam,Zone soudano-sahélienne,470.7039,0,moins_intense,Phase_1_debut
2023-05-09,C0_moins_intense,2023-05-09_010_018,-12.875,14.875,0.0,0.00091711082495749,-0.009171107783913612,-0.00091711082495749,False,False,trace,normale,2023,5,9,129,Phase_1_debut,Debut de saison (Mai-Juin),Matam,Zone soudano-sahélienne,497.60126,0,moins_intense,Phase_1_debut
2023-05-09,C0_moins_intense,2023-05-09_010_019,-12.625,14.875,0.0,0.0,0.0,0.0,False,False,trace,normale,2023,5,9,129,Phase_1_debut,Debut de saison (Mai-Juin),Matam,Zone soudano-sahélienne,524.49866,0,moins_intense,Phase_1_debut
2023-05-09,C0_moins_intense,2023-05-09_011_002,-16.875,15.125,0.0,0.0,0.0,0.0,False,False,trace,normale,2023,5,9,129,Phase_1_debut,Debut de saison (Mai-Juin),Thiès,Zone soudano-sahélienne,67.16484,0,moins_intense,Phase_1_debut
2023-05-09,C0_moins_intense,2023-05-09_011_003,-16.625,15.125,0.0,0.0,0.0,0.0,False,False,trace,normale,2023,5,9,129,Phase_1_debut,Debut de saison (Mai-Juin),Thiès,Zone soudano-sahélienne,94.03078,0,moins_intense,Phase_1_debut
2023-05-09,C0_moins_intense,2023-05-09_011_004,-16.375,15.125,0.0,0.0,0.0,0.0,False,False,trace,normale,2023,5,9,129,Phase_1_debut,Debut de saison (Mai-Juin),Louga,Zone soudano-sahélienne,120.89671,0,moins_intense,Phase_1_debut
2023-05-09,C0_moins_intense,2023-05-09_011_005,-16.125,15.125,0.0,0.0,0.0,0.0,False,False,trace,normale,2023,5,9,129,Phase_1_debut,Debut de saison (Mai-Juin),Louga,Zone soudano-sahélienne,147.76265,0,moins_intense,Phase_1_debut
2023-05-09,C0_moins_intense,2023-05-09_011_006,-15.875,15.125,0.0,0.0,0.0,0.0,False,False,trace,normale,2023,5,9,129,Phase_1_debut,Debut de saison (Mai-Juin),Louga,Zone soudano-sahélienne,174.6286,0,moins_intense,Phase_1_debut
2023-05-09,C0_moins_intense,2023-05-09_011_007,-15.625,15.125,0.0,0.0,0.0,0.0,False,False,trace,normale,2023,5,9,129,Phase_1_debut,Debut de saison (Mai-Juin),Louga,Zone soudano-sahélienne,201.49454,0,moins_intense,Phase_1_debut
2023-05-09,C0_moins_intense,2023-05-09_011_008,-15.375,15.125,0.0,0.0,0.0,0.0,False,False,trace,normale,2023,5,9,129,Phase_1_debut,Debut de saison (Mai-Juin),Louga,Zone soudano-sahélienne,228.36046,0,moins_intense,Phase_1_debut
2023-05-09,C0_moins_intense,2023-05-09_011_009,-15.125,15.125,0.0,0.0,0.0,0.0,False,False,trace,normale,2023,5,9,129,Phase_1_debut,Debut de saison (Mai-Juin),Kaffrine,Zone soudano-sahélienne,255.22641,0,moins_intense,Phase_1_debut
2023-05-09,C0_moins_intense,2023-05-09_011_010,-14.875,15.125,0.0,0.0,0.0,0.0,False,False,trace,normale,2023,5,9,129,Phase_1_debut,Debut de saison (Mai-Juin),Kaffrine,Zone soudano-sahélienne,282.09235,0,moins_intense,Phase_1_debut
2023-05-09,C0_moins_intense,2023-05-09_011_011,-14.625,15.125,0.0,0.0,0.0,0.0,False,False,trace,normale,2023,5,9,129,Phase_1_debut,Debut de saison (Mai-Juin),Kaffrine,Zone soudano-sahélienne,308.95828,0,moins_intense,Phase_1_debut
2023-05-09,C0_moins_intense,2023-05-09_011_012,-14.375,15.125,0.0,0.0,0.0,0.0,False,False,trace,normale,2023,5,9,129,Phase_1_debut,Debut de saison (Mai-Juin),Matam,Zone soudano-sahélienne,335.82422,0,moins_intense,Phase_1_debut
2023-05-09,C0_moins_intense,2023-05-09_011_013,-14.125,15.125,0.0005858996883034706,1.3625573956232984e-05,0.0057227411307394505,0.0005722741143472376,False,False,trace,normale,2023,5,9,129,Phase_1_debut,Debut de saison (Mai-Juin),Matam,Zone soudano-sahélienne,362.69012,0,moins_intense,Phase_1_debut
2023-05-09,C0_moins_intense,2023-05-09_011_014,-13.875,15.125,0.0,0.0,0.0,0.0,False,False,trace,normale,2023,5,9,129,Phase_1_debut,Debut de saison (Mai-Juin),Matam,Zone soudano-sahélienne,389.5561,0,moins_intense,Phase_1_debut
2023-05-09,C0_moins_intense,2023-05-09_011_015,-13.625,15.125,0.0,0.0,0.0,0.0,False,False,trace,normale,2023,5,9,129,Phase_1_debut,Debut de saison (Mai-Juin),Matam,Zone soudano-sahélienne,416.42203,0,moins_intense,Phase_1_debut
2023-05-09,C0_moins_intense,2023-05-09_011_016,-13.375,15.125,0.0,0.0,0.0,0.0,False,False,trace,normale,2023,5,9,129,Phase_1_debut,Debut de saison (Mai-Juin),Matam,Zone soudano-sahélienne,443.28796,0,moins_intense,Phase_1_debut
2023-05-09,C0_moins_intense,2023-05-09_011_017,-13.125,15.125,0.0,0.0,0.0,0.0,False,False,trace,normale,2023,5,9,129,Phase_1_debut,Debut de saison (Mai-Juin),Matam,Zone soudano-sahélienne,470.1539,0,moins_intense,Phase_1_debut
2023-05-09,C0_moins_intense,2023-05-09_011_018,-12.875,15.125,0.0,0.0,0.0,0.0,False,False,trace,normale,2023,5,9,129,Phase_1_debut,Debut de saison (Mai-Juin),Matam,Zone soudano-sahélienne,497.0198,0,moins_intense,Phase_1_debut
2023-05-09,C0_moins_intense,2023-05-09_012_003,-16.625,15.375,0.0,0.0,0.0,0.0,False,False,trace,normale,2023,5,9,129,Phase_1_debut,Debut de saison (Mai-Juin),Louga,Zone soudano-sahélienne,93.91899,0,moins_intense,Phase_1_debut
2023-05-09,C0_moins_intense,2023-05-09_012_004,-16.375,15.375,0.0,0.0,0.0,0.0,False,False,trace,normale,2023,5,9,129,Phase_1_debut,Debut de saison (Mai-Juin),Louga,Zone soudano-sahélienne,120.75298,0,moins_intense,Phase_1_debut
2023-05-09,C0_moins_intense,2023-05-09_012_005,-16.125,15.375,0.0,0.0,0.0,0.0,False,False,trace,normale,2023,5,9,129,Phase_1_debut,Debut de saison (Mai-Juin),Louga,Zone soudano-sahélienne,147.58699,0,moins_intense,Phase_1_debut
2023-05-09,C0_moins_intense,2023-05-09_012_006,-15.875,15.375,0.0,0.0,0.0,0.0,False,False,trace,normale,2023,5,9,129,Phase_1_debut,Debut de saison (Mai-Juin),Louga,Zone soudano-sahélienne,174.42099,0,moins_intense,Phase_1_debut
2023-05-09,C0_moins_intense,2023-05-09_012_007,-15.625,15.375,0.0,0.0,0.0,0.0,False,False,trace,normale,2023,5,9,129,Phase_1_debut,Debut de saison (Mai-Juin),Louga,Zone soudano-sahélienne,201.25497,0,moins_intense,Phase_1_debut
2023-05-09,C0_moins_intense,2023-05-09_012_008,-15.375,15.375,0.0,0.0,0.0,0.0,False,False,trace,normale,2023,5,9,129,Phase_1_debut,Debut de saison (Mai-Juin),Louga,Zone soudano-sahélienne,228.08896,0,moins_intense,Phase_1_debut
2023-05-09,C0_moins_intense,2023-05-09_012_009,-15.125,15.375,0.0,0.0,0.0,0.0,False,False,trace,normale,2023,5,9,129,Phase_1_debut,Debut de saison (Mai-Juin),Louga,Zone soudano-sahélienne,254.92297,0,moins_intense,Phase_1_debut
2023-05-09,C0_moins_intense,2023-05-09_012_010,-14.875,15.375,0.0,0.0,0.0,0.0,False,False,trace,normale,2023,5,9,129,Phase_1_debut,Debut de saison (Mai-Juin),Louga,Zone soudano-sahélienne,281.75696,0,moins_intense,Phase_1_debut
2023-05-09,C0_moins_intense,2023-05-09_012_011,-14.625,15.375,0.0,0.0,0.0,0.0,False,False,trace,normale,2023,5,9,129,Phase_1_debut,Debut de saison (Mai-Juin),Matam,Zone soudano-sahélienne,308.59097,0,moins_intense,Phase_1_debut
2023-05-09,C0_moins_intense,2023-05-09_012_012,-14.375,15.375,0.0,0.0,0.0,0.0,False,False,trace,normale,2023,5,9,129,Phase_1_debut,Debut de saison (Mai-Juin),Matam,Zone soudano-sahélienne,335.42496,0,moins_intense,Phase_1_debut
2023-05-09,C0_moins_intense,2023-05-09_012_013,-14.125,15.375,0.0,0.0,0.0,0.0,False,False,trace,normale,2023,5,9,129,Phase_1_debut,Debut de saison (Mai-Juin),Matam,Zone soudano-sahélienne,362.25894,0,moins_intense,Phase_1_debut
2023-05-09,C0_moins_intense,2023-05-09_012_014,-13.875,15.375,0.0,0.0,0.0,0.0,False,False,trace,normale,2023,5,9,129,Phase_1_debut,Debut de saison (Mai-Juin),Matam,Zone soudano-sahélienne,389.09296,0,moins_intense,Phase_1_debut
2023-05-09,C0_moins_intense,2023-05-09_012_015,-13.625,15.375,0.0,0.0,0.0,0.0,False,False,trace,normale,2023,5,9,129,Phase_1_debut,Debut de saison (Mai-Juin),Matam,Zone soudano-sahélienne,415.92694,0,moins_intense,Phase_1_debut
2023-05-09,C0_moins_intense,2023-05-09_012_016,-13.375,15.375,0.0,0.0,0.0,0.0,False,False,trace,normale,2023,5,9,129,Phase_1_debut,Debut de saison (Mai-Juin),Matam,Zone soudano-sahélienne,442.76096,0,moins_intense,Phase_1_debut
2023-05-09,C0_moins_intense,2023-05-09_012_017,-13.125,15.375,0.0,0.0,0.0,0.0,False,False,trace,normale,2023,5,9,129,Phase_1_debut,Debut de saison (Mai-Juin),Matam,Zone soudano-sahélienne,469.59494,0,moins_intense,Phase_1_debut
2023-05-09,C0_moins_intense,2023-05-09_013_004,-16.375,15.625,0.0,0.0,0.0,0.0,False,False,trace,normale,2023,5,9,129,Phase_1_debut,Debut de saison (Mai-Juin),Saint-Louis,Zone sahélienne,120.60696,0,moins_intense,Phase_1_debut
2023-05-09,C0_moins_intense,2023-05-09_013_005,-16.125,15.625,0.0,0.0,0.0,0.0,False,False,trace,normale,2023,5,9,129,Phase_1_debut,Debut de saison (Mai-Juin),Saint-Louis,Zone sahélienne,147.40851,0,moins_intense,Phase_1_debut
2023-05-09,C0_moins_intense,2023-05-09_013_006,-15.875,15.625,0.0,0.0,0.0,0.0,False,False,trace,normale,2023,5,9,129,Phase_1_debut,Debut de saison (Mai-Juin),Saint-Louis,Zone sahélienne,174.21005,0,moins_intense,Phase_1_debut
2023-05-09,C0_moins_intense,2023-05-09_013_007,-15.625,15.625,0.0,0.0,0.0,0.0,False,False,trace,normale,2023,5,9,129,Phase_1_debut,Debut de saison (Mai-Juin),Saint-Louis,Zone sahélienne,201.0116,0,moins_intense,Phase_1_debut
2023-05-09,C0_moins_intense,2023-05-09_013_008,-15.375,15.625,0.0,0.0,0.0,0.0,False,False,trace,normale,2023,5,9,129,Phase_1_debut,Debut de saison (Mai-Juin),Louga,Zone sahélienne,227.81313,0,moins_intense,Phase_1_debut
2023-05-09,C0_moins_intense,2023-05-09_013_009,-15.125,15.625,0.0,0.0,0.0,0.0,False,False,trace,normale,2023,5,9,129,Phase_1_debut,Debut de saison (Mai-Juin),Louga,Zone sahélienne,254.6147,0,moins_intense,Phase_1_debut
2023-05-09,C0_moins_intense,2023-05-09_013_010,-14.875,15.625,0.0,0.0,0.0,0.0,False,False,trace,normale,2023,5,9,129,Phase_1_debut,Debut de saison (Mai-Juin),Louga,Zone sahélienne,281.41623,0,moins_intense,Phase_1_debut
2023-05-09,C0_moins_intense,2023-05-09_013_011,-14.625,15.625,0.0,0.0,0.0,0.0,False,False,trace,normale,2023,5,9,129,Phase_1_debut,Debut de saison (Mai-Juin),Matam,Zone sahélienne,308.21777,0,moins_intense,Phase_1_debut
2023-05-09,C0_moins_intense,2023-05-09_013_012,-14.375,15.625,0.0,0.0,0.0,0.0,False,False,trace,normale,2023,5,9,129,Phase_1_debut,Debut de saison (Mai-Juin),Matam,Zone sahélienne,335.01932,0,moins_intense,Phase_1_debut
2023-05-09,C0_moins_intense,2023-05-09_013_013,-14.125,15.625,0.0,0.00038837711326777935,-0.0038837711326777935,-0.00038837711326777935,False,False,trace,normale,2023,5,9,129,Phase_1_debut,Debut de saison (Mai-Juin),Matam,Zone sahélienne,361.82086,0,moins_intense,Phase_1_debut
2023-05-09,C0_moins_intense,2023-05-09_013_014,-13.875,15.625,0.0,0.0,0.0,0.0,False,False,trace,normale,2023,5,9,129,Phase_1_debut,Debut de saison (Mai-Juin),Matam,Zone sahélienne,388.6224,0,moins_intense,Phase_1_debut
2023-05-09,C0_moins_intense,2023-05-09_013_015,-13.625,15.625,0.0,0.0,0.0,0.0,False,False,trace,normale,2023,5,9,129,Phase_1_debut,Debut de saison (Mai-Juin),Matam,Zone sahélienne,415.42395,0,moins_intense,Phase_1_debut
2023-05-09,C0_moins_intense,2023-05-09_013_016,-13.375,15.625,0.0,0.0,0.0,0.0,False,False,trace,normale,2023,5,9,129,Phase_1_debut,Debut de saison (Mai-Juin),Matam,Zone sahélienne,442.22552,0,moins_intense,Phase_1_debut
2023-05-09,C0_moins_intense,2023-05-09_014_004,-16.375,15.875,0.0,0.0,0.0,0.0,False,False,trace,normale,2023,5,9,129,Phase_1_debut,Debut de saison (Mai-Juin),Saint-Louis,Zone sahélienne,120.45863,0,moins_intense,Phase_1_debut
2023-05-09,C0_moins_intense,2023-05-09_014_005,-16.125,15.875,0.0,0.0,0.0,0.0,False,False,trace,normale,2023,5,9,129,Phase_1_debut,Debut de saison (Mai-Juin),Saint-Louis,Zone sahélienne,147.22722,0,moins_intense,Phase_1_debut
2023-05-09,C0_moins_intense,2023-05-09_014_006,-15.875,15.875,0.0,0.0,0.0,0.0,False,False,trace,normale,2023,5,9,129,Phase_1_debut,Debut de saison (Mai-Juin),Saint-Louis,Zone sahélienne,173.9958,0,moins_intense,Phase_1_debut
2023-05-09,C0_moins_intense,2023-05-09_014_007,-15.625,15.875,0.0,0.0,0.0,0.0,False,False,trace,normale,2023,5,9,129,Phase_1_debut,Debut de saison (Mai-Juin),Saint-Louis,Zone sahélienne,200.76439,0,moins_intense,Phase_1_debut
2023-05-09,C0_moins_intense,2023-05-09_014_008,-15.375,15.875,0.0,0.0,0.0,0.0,False,False,trace,normale,2023,5,9,129,Phase_1_debut,Debut de saison (Mai-Juin),Louga,Zone sahélienne,227.53297,0,moins_intense,Phase_1_debut
2023-05-09,C0_moins_intense,2023-05-09_014_009,-15.125,15.875,0.0,0.0,0.0,0.0,False,False,trace,normale,2023,5,9,129,Phase_1_debut,Debut de saison (Mai-Juin),Louga,Zone sahélienne,254.30157,0,moins_intense,Phase_1_debut
2023-05-09,C0_moins_intense,2023-05-09_014_010,-14.875,15.875,0.0,0.0,0.0,0.0,False,False,trace,normale,2023,5,9,129,Phase_1_debut,Debut de saison (Mai-Juin),Louga,Zone sahélienne,281.07013,0,moins_intense,Phase_1_debut
2023-05-09,C0_moins_intense,2023-05-09_014_011,-14.625,15.875,0.0,0.0,0.0,0.0,False,False,trace,normale,2023,5,9,129,Phase_1_debut,Debut de saison (Mai-Juin),Matam,Zone sahélienne,307.83875,0,moins_intense,Phase_1_debut
2023-05-09,C0_moins_intense,2023-05-09_014_012,-14.375,15.875,0.0,0.0,0.0,0.0,False,False,trace,normale,2023,5,9,129,Phase_1_debut,Debut de saison (Mai-Juin),Matam,Zone sahélienne,334.60733,0,moins_intense,Phase_1_debut
2023-05-09,C0_moins_intense,2023-05-09_014_013,-14.125,15.875,0.0,0.0,0.0,0.0,False,False,trace,normale,2023,5,9,129,Phase_1_debut,Debut de saison (Mai-Juin),Matam,Zone sahélienne,361.3759,0,moins_intense,Phase_1_debut
2023-05-09,C0_moins_intense,2023-05-09_014_014,-13.875,15.875,0.0,0.0,0.0,0.0,False,False,trace,normale,2023,5,9,129,Phase_1_debut,Debut de saison (Mai-Juin),Matam,Zone sahélienne,388.1445,0,moins_intense,Phase_1_debut
2023-05-09,C0_moins_intense,2023-05-09_014_015,-13.625,15.875,0.0,0.0,0.0,0.0,False,False,trace,normale,2023,5,9,129,Phase_1_debut,Debut de saison (Mai-Juin),Matam,Zone sahélienne,414.91306,0,moins_intense,Phase_1_debut
2023-05-09,C0_moins_intense,2023-05-09_014_016,-13.375,15.875,0.0001706640177872032,3.968930741393706e-06,0.0016669508768245578,0.0001666950870458095,False,False,trace,normale,2023,5,9,129,Phase_1_debut,Debut de saison (Mai-Juin),Matam,Zone sahélienne,441.68167,0,moins_intense,Phase_1_debut
2023-05-09,C0_moins_intense,2023-05-09_015_004,-16.375,16.125,0.0,0.0009163738577626646,-0.00916373822838068,-0.0009163738577626646,False,False,trace,normale,2023,5,9,129,Phase_1_debut,Debut de saison (Mai-Juin),Saint-Louis,Zone sahélienne,120.308014,0,moins_intense,Phase_1_debut
2023-05-09,C0_moins_intense,2023-05-09_015_005,-16.125,16.125,0.0,0.0006238710484467447,-0.006238710600882769,-0.0006238710484467447,False,False,trace,normale,2023,5,9,129,Phase_1_debut,Debut de saison (Mai-Juin),Saint-Louis,Zone sahélienne,147.04314,0,moins_intense,Phase_1_debut
2023-05-09,C0_moins_intense,2023-05-09_015_006,-15.875,16.125,0.0,0.0,0.0,0.0,False,False,trace,normale,2023,5,9,129,Phase_1_debut,Debut de saison (Mai-Juin),Saint-Louis,Zone sahélienne,173.77824,0,moins_intense,Phase_1_debut
2023-05-09,C0_moins_intense,2023-05-09_015_007,-15.625,16.125,0.0,0.0,0.0,0.0,False,False,trace,normale,2023,5,9,129,Phase_1_debut,Debut de saison (Mai-Juin),Saint-Louis,Zone sahélienne,200.51337,0,moins_intense,Phase_1_debut
2023-05-09,C0_moins_intense,2023-05-09_015_008,-15.375,16.125,0.0,0.0,0.0,0.0,False,False,trace,normale,2023,5,9,129,Phase_1_debut,Debut de saison (Mai-Juin),Louga,Zone sahélienne,227.24846,0,moins_intense,Phase_1_debut
2023-05-09,C0_moins_intense,2023-05-09_015_009,-15.125,16.125,0.0,0.0,0.0,0.0,False,False,trace,normale,2023,5,9,129,Phase_1_debut,Debut de saison (Mai-Juin),Louga,Zone sahélienne,253.9836,0,moins_intense,Phase_1_debut
2023-05-09,C0_moins_intense,2023-05-09_015_010,-14.875,16.125,0.0,0.0,0.0,0.0,False,False,trace,normale,2023,5,9,129,Phase_1_debut,Debut de saison (Mai-Juin),Louga,Zone sahélienne,280.7187,0,moins_intense,Phase_1_debut
2023-05-09,C0_moins_intense,2023-05-09_015_011,-14.625,16.125,0.0,0.0,0.0,0.0,False,False,trace,normale,2023,5,9,129,Phase_1_debut,Debut de saison (Mai-Juin),Matam,Zone sahélienne,307.45383,0,moins_intense,Phase_1_debut
2023-05-09,C0_moins_intense,2023-05-09_015_012,-14.375,16.125,0.0,0.0,0.0,0.0,False,False,trace,normale,2023,5,9,129,Phase_1_debut,Debut de saison (Mai-Juin),Matam,Zone sahélienne,334.18893,0,moins_intense,Phase_1_debut
2023-05-09,C0_moins_intense,2023-05-09_015_013,-14.125,16.125,0.0,0.0,0.0,0.0,False,False,trace,normale,2023,5,9,129,Phase_1_debut,Debut de saison (Mai-Juin),Matam,Zone sahélienne,360.92404,0,moins_intense,Phase_1_debut
2023-05-09,C0_moins_intense,2023-05-09_015_014,-13.875,16.125,0.0,0.0,0.0,0.0,False,False,trace,normale,2023,5,9,129,Phase_1_debut,Debut de saison (Mai-Juin),Matam,Zone sahélienne,387.65915,0,moins_intense,Phase_1_debut
2023-05-09,C0_moins_intense,2023-05-09_016_005,-16.125,16.375,0.0,0.0033221174962818623,-0.15249860286712646,-0.0033221174962818623,False,False,trace,normale,2023,5,9,129,Phase_1_debut,Debut de saison (Mai-Juin),Saint-Louis,Zone sahélienne,146.85623,0,moins_intense,Phase_1_debut
2023-05-09,C0_moins_intense,2023-05-09_016_006,-15.875,16.375,0.0,0.0,0.0,0.0,False,False,trace,normale,2023,5,9,129,Phase_1_debut,Debut de saison (Mai-Juin),Saint-Louis,Zone sahélienne,173.55737,0,moins_intense,Phase_1_debut
2023-05-09,C0_moins_intense,2023-05-09_016_007,-15.625,16.375,0.0,0.0,0.0,0.0,False,False,trace,normale,2023,5,9,129,Phase_1_debut,Debut de saison (Mai-Juin),Saint-Louis,Zone sahélienne,200.25851,0,moins_intense,Phase_1_debut
2023-05-09,C0_moins_intense,2023-05-09_016_008,-15.375,16.375,0.0,0.0,0.0,0.0,False,False,trace,normale,2023,5,9,129,Phase_1_debut,Debut de saison (Mai-Juin),Louga,Zone sahélienne,226.95963,0,moins_intense,Phase_1_debut
2023-05-09,C0_moins_intense,2023-05-09_016_009,-15.125,16.375,0.0,0.0,0.0,0.0,False,False,trace,normale,2023,5,9,129,Phase_1_debut,Debut de saison (Mai-Juin),Louga,Zone sahélienne,253.66078,0,moins_intense,Phase_1_debut
2023-05-09,C0_moins_intense,2023-05-09_016_010,-14.875,16.375,0.0,0.0,0.0,0.0,False,False,trace,normale,2023,5,9,129,Phase_1_debut,Debut de saison (Mai-Juin),Louga,Zone sahélienne,280.3619,0,moins_intense,Phase_1_debut
2023-05-09,C0_moins_intense,2023-05-09_016_011,-14.625,16.375,0.0,0.0,0.0,0.0,False,False,trace,normale,2023,5,9,129,Phase_1_debut,Debut de saison (Mai-Juin),Matam,Zone sahélienne,307.06305,0,moins_intense,Phase_1_debut
2023-05-09,C0_moins_intense,2023-05-09_016_012,-14.375,16.375,0.0,0.0,0.0,0.0,False,False,trace,normale,2023,5,9,129,Phase_1_debut,Debut de saison (Mai-Juin),Matam,Zone sahélienne,333.76416,0,moins_intense,Phase_1_debut
2023-05-09,C0_moins_intense,2023-05-09_016_013,-14.125,16.375,0.0,7.234226814034628e-06,-7.234226359287277e-05,-7.234226814034628e-06,False,False,trace,normale,2023,5,9,129,Phase_1_debut,Debut de saison (Mai-Juin),Matam,Zone sahélienne,360.4653,0,moins_intense,Phase_1_debut
2023-05-09,C0_moins_intense,2023-05-09_017_010,-14.875,16.625,0.0,0.0,0.0,0.0,False,False,trace,normale,2023,5,9,129,Phase_1_debut,Debut de saison (Mai-Juin),Louga,Zone sahélienne,279.9998,0,moins_intense,Phase_1_debut
2023-05-09,C0_moins_intense,2023-05-09_017_011,-14.625,16.625,0.0,0.0,0.0,0.0,False,False,trace,normale,2023,5,9,129,Phase_1_debut,Debut de saison (Mai-Juin),Matam,Zone sahélienne,306.66644,0,moins_intense,Phase_1_debut
2023-05-09,C0_moins_intense,2023-05-09_017_012,-14.375,16.625,0.0,2.2390472622646485e-06,-2.2390471713151783e-05,-2.2390472622646485e-06,False,False,trace,normale,2023,5,9,129,Phase_1_debut,Debut de saison (Mai-Juin),Matam,Zone sahélienne,333.33307,0,moins_intense,Phase_1_debut
2006-06-14,C0_plus_grande_couverture,2006-06-14_000_003,-16.625,12.375,13.807937622070312,2.518813371658325,2.092857837677002,11.289124250411987,True,False,moderee,tres humide,2006,6,14,165,Phase_1_debut,Debut de saison (Mai-Juin),Ziguinchor,Zone soudanienne,95.14188,0,plus_grande_couverture,Phase_1_debut
2006-06-14,C0_plus_grande_couverture,2006-06-14_000_004,-16.375,12.375,15.729083061218262,3.365584373474121,1.9475901126861572,12.36349868774414,False,False,moderee,humide,2006,6,14,165,Phase_1_debut,Debut de saison (Mai-Juin),Ziguinchor,Zone soudanienne,122.32527,0,plus_grande_couverture,Phase_1_debut
2006-06-14,C0_plus_grande_couverture,2006-06-14_000_020,-12.375,12.375,12.380701065063477,7.804337501525879,0.5766898393630981,4.576363563537598,False,False,moderee,normale,2006,6,14,165,Phase_1_debut,Debut de saison (Mai-Juin),Kédougou,Zone soudanienne,557.2596,0,plus_grande_couverture,Phase_1_debut
2006-06-14,C0_plus_grande_couverture,2006-06-14_001_003,-16.625,12.625,14.097009658813477,3.2359378337860107,1.5010212659835815,10.861071825027466,False,False,moderee,humide,2006,6,14,165,Phase_1_debut,Debut de saison (Mai-Juin),Ziguinchor,Zone soudanienne,95.04989,0,plus_grande_couverture,Phase_1_debut
2006-06-14,C0_plus_grande_couverture,2006-06-14_001_004,-16.375,12.625,15.956218719482422,3.757481813430786,1.5763816833496094,12.198736906051636,False,False,moderee,humide,2006,6,14,165,Phase_1_debut,Debut de saison (Mai-Juin),Ziguinchor,Zone soudanienne,122.20701,0,plus_grande_couverture,Phase_1_debut
2006-06-14,C0_plus_grande_couverture,2006-06-14_001_005,-16.125,12.625,14.113499641418457,3.705747365951538,1.5923123359680176,10.407752275466919,False,False,moderee,humide,2006,6,14,165,Phase_1_debut,Debut de saison (Mai-Juin),Sédhiou,Zone soudanienne,149.36412,0,plus_grande_couverture,Phase_1_debut
2006-06-14,C0_plus_grande_couverture,2006-06-14_001_006,-15.875,12.625,14.527674674987793,3.3168554306030273,2.062340497970581,11.210819244384766,True,False,moderee,tres humide,2006,6,14,165,Phase_1_debut,Debut de saison (Mai-Juin),Sédhiou,Zone soudanienne,176.52124,0,plus_grande_couverture,Phase_1_debut
2006-06-14,C0_plus_grande_couverture,2006-06-14_001_007,-15.625,12.625,15.55265998840332,3.7377865314483643,2.266279697418213,11.814873456954956,True,False,moderee,tres humide,2006,6,14,165,Phase_1_debut,Debut de saison (Mai-Juin),Sédhiou,Zone soudanienne,203.67834,0,plus_grande_couverture,Phase_1_debut
2006-06-14,C0_plus_grande_couverture,2006-06-14_001_008,-15.375,12.625,19.684463500976562,4.469818592071533,2.7505671977996826,15.21464490890503,True,False,moderee,tres humide,2006,6,14,165,Phase_1_debut,Debut de saison (Mai-Juin),Kolda,Zone soudanienne,230.83545,0,plus_grande_couverture,Phase_1_debut
2006-06-14,C0_plus_grande_couverture,2006-06-14_001_018,-12.875,12.625,17.050491333007812,7.047318458557129,1.3603843450546265,10.003172874450684,False,False,moderee,humide,2006,6,14,165,Phase_1_debut,Debut de saison (Mai-Juin),Kédougou,Zone soudanienne,502.40656,0,plus_grande_couverture,Phase_1_debut
2006-06-14,C0_plus_grande_couverture,2006-06-14_001_019,-12.625,12.625,15.171037673950195,7.489413738250732,0.9685606360435486,7.681623935699463,False,False,moderee,normale,2006,6,14,165,Phase_1_debut,Debut de saison (Mai-Juin),Kédougou,Zone soudanienne,529.56366,0,plus_grande_couverture,Phase_1_debut
2006-06-14,C0_plus_grande_couverture,2006-06-14_001_020,-12.375,12.625,13.022085189819336,7.189739227294922,0.7871479392051697,5.832345962524414,False,False,moderee,normale,2006,6,14,165,Phase_1_debut,Debut de saison (Mai-Juin),Kédougou,Zone soudanienne,556.7208,0,plus_grande_couverture,Phase_1_debut
2006-06-14,C0_plus_grande_couverture,2006-06-14_001_021,-12.125,12.625,7.921683311462402,6.299266815185547,0.2548058331012726,1.6224164962768555,False,False,moderee,normale,2006,6,14,165,Phase_1_debut,Debut de saison (Mai-Juin),Kédougou,Zone soudanienne,583.87787,0,plus_grande_couverture,Phase_1_debut
2006-06-14,C0_plus_grande_couverture,2006-06-14_001_022,-11.875,12.625,9.086539268493652,6.694167137145996,0.34456726908683777,2.3923721313476562,False,False,moderee,normale,2006,6,14,165,Phase_1_debut,Debut de saison (Mai-Juin),Kédougou,Zone soudanienne,611.03503,0,plus_grande_couverture,Phase_1_debut
2006-06-14,C0_plus_grande_couverture,2006-06-14_001_023,-11.625,12.625,12.726326942443848,7.439430236816406,0.6842820048332214,5.286896705627441,False,False,moderee,normale,2006,6,14,165,Phase_1_debut,Debut de saison (Mai-Juin),Kédougou,Zone soudanienne,638.19214,0,plus_grande_couverture,Phase_1_debut
2006-06-14,C0_plus_grande_couverture,2006-06-14_002_003,-16.625,12.875,14.874568939208984,4.046606540679932,1.131786823272705,10.827962398529053,False,False,moderee,humide,2006,6,14,165,Phase_1_debut,Debut de saison (Mai-Juin),Ziguinchor,Zone soudanienne,94.95609,0,plus_grande_couverture,Phase_1_debut
2006-06-14,C0_plus_grande_couverture,2006-06-14_002_004,-16.375,12.875,10.871142387390137,3.925274133682251,0.8494846820831299,6.945868253707886,False,False,moderee,normale,2006,6,14,165,Phase_1_debut,Debut de saison (Mai-Juin),Ziguinchor,Zone soudanienne,122.08641,0,plus_grande_couverture,Phase_1_debut
2006-06-14,C0_plus_grande_couverture,2006-06-14_002_005,-16.125,12.875,11.212352752685547,3.61918568611145,1.108540654182434,7.593167066574097,False,False,moderee,humide,2006,6,14,165,Phase_1_debut,Debut de saison (Mai-Juin),Sédhiou,Zone soudanienne,149.21672,0,plus_grande_couverture,Phase_1_debut
2006-06-14,C0_plus_grande_couverture,2006-06-14_002_006,-15.875,12.875,13.22684097290039,3.1197235584259033,1.8550245761871338,10.107117414474487,False,False,moderee,humide,2006,6,14,165,Phase_1_debut,Debut de saison (Mai-Juin),Sédhiou,Zone soudanienne,176.34703,0,plus_grande_couverture,Phase_1_debut
2006-06-14,C0_plus_grande_couverture,2006-06-14_002_007,-15.625,12.875,15.906961441040039,3.121051549911499,2.45943546295166,12.78590989112854,True,False,moderee,tres humide,2006,6,14,165,Phase_1_debut,Debut de saison (Mai-Juin),Sédhiou,Zone soudanienne,203.47736,0,plus_grande_couverture,Phase_1_debut
2006-06-14,C0_plus_grande_couverture,2006-06-14_002_008,-15.375,12.875,18.529010772705078,3.836974859237671,2.590729236602783,14.692035913467407,True,False,moderee,tres humide,2006,6,14,165,Phase_1_debut,Debut de saison (Mai-Juin),Kolda,Zone soudanienne,230.60765,0,plus_grande_couverture,Phase_1_debut
2006-06-14,C0_plus_grande_couverture,2006-06-14_002_009,-15.125,12.875,18.827402114868164,4.075140476226807,2.9206550121307373,14.752261638641357,True,False,moderee,tres humide,2006,6,14,165,Phase_1_debut,Debut de saison (Mai-Juin),Kolda,Zone soudanienne,257.73798,0,plus_grande_couverture,Phase_1_debut
2006-06-14,C0_plus_grande_couverture,2006-06-14_002_010,-14.875,12.875,15.78487777709961,4.5820136070251465,2.176119089126587,11.202864170074463,True,False,moderee,tres humide,2006,6,14,165,Phase_1_debut,Debut de saison (Mai-Juin),Kolda,Zone soudanienne,284.8683,0,plus_grande_couverture,Phase_1_debut
2006-06-14,C0_plus_grande_couverture,2006-06-14_002_011,-14.625,12.875,15.723272323608398,3.84066104888916,2.4664933681488037,11.882611274719238,True,False,moderee,tres humide,2006,6,14,165,Phase_1_debut,Debut de saison (Mai-Juin),Kolda,Zone soudanienne,311.9986,0,plus_grande_couverture,Phase_1_debut
2006-06-14,C0_plus_grande_couverture,2006-06-14_002_012,-14.375,12.875,15.273770332336426,4.126619338989258,2.1958231925964355,11.147150993347168,True,False,moderee,tres humide,2006,6,14,165,Phase_1_debut,Debut de saison (Mai-Juin),Kolda,Zone soudanienne,339.1289,0,plus_grande_couverture,Phase_1_debut
2006-06-14,C0_plus_grande_couverture,2006-06-14_002_013,-14.125,12.875,16.5372314453125,4.632942199707031,2.169259786605835,11.904289245605469,True,False,moderee,tres humide,2006,6,14,165,Phase_1_debut,Debut de saison (Mai-Juin),Kolda,Zone soudanienne,366.25922,0,plus_grande_couverture,Phase_1_debut
2006-06-14,C0_plus_grande_couverture,2006-06-14_002_014,-13.875,12.875,20.276905059814453,5.1089067459106445,2.5363616943359375,15.167998313903809,True,True,forte,tres humide,2006,6,14,165,Phase_1_debut,Debut de saison (Mai-Juin),Tambacounda,Zone soudanienne,393.38953,0,plus_grande_couverture,Phase_1_debut
2006-06-14,C0_plus_grande_couverture,2006-06-14_002_015,-13.625,12.875,20.194711685180664,5.58198356628418,2.3303494453430176,14.612728118896484,True,True,forte,tres humide,2006,6,14,165,Phase_1_debut,Debut de saison (Mai-Juin),Tambacounda,Zone soudanienne,420.51984,0,plus_grande_couverture,Phase_1_debut
2006-06-14,C0_plus_grande_couverture,2006-06-14_002_016,-13.375,12.875,18.029296875,5.601887226104736,2.0860331058502197,12.427409648895264,True,False,moderee,tres humide,2006,6,14,165,Phase_1_debut,Debut de saison (Mai-Juin),Tambacounda,Zone soudanienne,447.65018,0,plus_grande_couverture,Phase_1_debut
2006-06-14,C0_plus_grande_couverture,2006-06-14_002_017,-13.125,12.875,14.199263572692871,5.703109264373779,1.3809850215911865,8.496154308319092,False,False,moderee,humide,2006,6,14,165,Phase_1_debut,Debut de saison (Mai-Juin),Kédougou,Zone soudanienne,474.78046,0,plus_grande_couverture,Phase_1_debut
2006-06-14,C0_plus_grande_couverture,2006-06-14_002_018,-12.875,12.875,11.023545265197754,6.087087154388428,0.707440197467804,4.936458110809326,False,False,moderee,normale,2006,6,14,165,Phase_1_debut,Debut de saison (Mai-Juin),Kédougou,Zone soudanienne,501.91077,0,plus_grande_couverture,Phase_1_debut
2006-06-14,C0_plus_grande_couverture,2006-06-14_002_019,-12.625,12.875,10.156712532043457,5.863114356994629,0.6073974967002869,4.293598175048828,False,False,moderee,normale,2006,6,14,165,Phase_1_debut,Debut de saison (Mai-Juin),Kédougou,Zone soudanienne,529.0411,0,plus_grande_couverture,Phase_1_debut
2006-06-14,C0_plus_grande_couverture,2006-06-14_002_020,-12.375,12.875,8.694286346435547,6.262214183807373,0.34625333547592163,2.432072162628174,False,False,moderee,normale,2006,6,14,165,Phase_1_debut,Debut de saison (Mai-Juin),Kédougou,Zone soudanienne,556.17145,0,plus_grande_couverture,Phase_1_debut
2006-06-14,C0_plus_grande_couverture,2006-06-14_002_021,-12.125,12.875,6.828028678894043,6.168638706207275,0.1031067743897438,0.6593899726867676,False,False,moderee,normale,2006,6,14,165,Phase_1_debut,Debut de saison (Mai-Juin),Kédougou,Zone soudanienne,583.3017,0,plus_grande_couverture,Phase_1_debut
2006-06-14,C0_plus_grande_couverture,2006-06-14_002_022,-11.875,12.875,11.573486328125,6.675537586212158,0.6890642046928406,4.897948741912842,False,False,moderee,normale,2006,6,14,165,Phase_1_debut,Debut de saison (Mai-Juin),Kédougou,Zone soudanienne,610.432,0,plus_grande_couverture,Phase_1_debut
2006-06-14,C0_plus_grande_couverture,2006-06-14_002_023,-11.625,12.875,14.425651550292969,7.531133651733398,0.8177706003189087,6.89451789855957,False,False,moderee,normale,2006,6,14,165,Phase_1_debut,Debut de saison (Mai-Juin),Kédougou,Zone soudanienne,637.5624,0,plus_grande_couverture,Phase_1_debut
2006-06-14,C0_plus_grande_couverture,2006-06-14_003_003,-16.625,13.125,9.503942489624023,3.0376970767974854,0.9091774225234985,6.466245412826538,False,False,moderee,normale,2006,6,14,165,Phase_1_debut,Debut de saison (Mai-Juin),Ziguinchor,Zone soudanienne,94.86048,0,plus_grande_couverture,Phase_1_debut
2006-06-14,C0_plus_grande_couverture,2006-06-14_003_004,-16.375,13.125,5.758216381072998,2.772716522216797,0.49018579721450806,2.985499858856201,False,False,moderee,normale,2006,6,14,165,Phase_1_debut,Debut de saison (Mai-Juin),Ziguinchor,Zone soudanienne,121.96348,0,plus_grande_couverture,Phase_1_debut
2006-06-14,C0_plus_grande_couverture,2006-06-14_003_005,-16.125,13.125,5.570086479187012,2.971658945083618,0.4651409089565277,2.5984275341033936,False,False,moderee,normale,2006,6,14,165,Phase_1_debut,Debut de saison (Mai-Juin),Sédhiou,Zone soudanienne,149.06648,0,plus_grande_couverture,Phase_1_debut
2006-06-14,C0_plus_grande_couverture,2006-06-14_003_006,-15.875,13.125,7.664274215698242,3.1906208992004395,0.8055183291435242,4.473653316497803,False,False,moderee,normale,2006,6,14,165,Phase_1_debut,Debut de saison (Mai-Juin),Sédhiou,Zone soudanienne,176.16948,0,plus_grande_couverture,Phase_1_debut
2006-06-14,C0_plus_grande_couverture,2006-06-14_003_007,-15.625,13.125,10.474095344543457,3.24749755859375,1.3535224199295044,7.226597785949707,False,False,moderee,humide,2006,6,14,165,Phase_1_debut,Debut de saison (Mai-Juin),Sédhiou,Zone soudanienne,203.27248,0,plus_grande_couverture,Phase_1_debut
2006-06-14,C0_plus_grande_couverture,2006-06-14_003_008,-15.375,13.125,14.85837173461914,3.502986192703247,1.9706289768218994,11.355385541915894,False,False,moderee,humide,2006,6,14,165,Phase_1_debut,Debut de saison (Mai-Juin),Kolda,Zone soudanienne,230.37546,0,plus_grande_couverture,Phase_1_debut
2006-06-14,C0_plus_grande_couverture,2006-06-14_003_009,-15.125,13.125,14.749445915222168,3.600206136703491,2.093538999557495,11.149239778518677,True,False,moderee,tres humide,2006,6,14,165,Phase_1_debut,Debut de saison (Mai-Juin),Kolda,Zone soudanienne,257.47845,0,plus_grande_couverture,Phase_1_debut
2006-06-14,C0_plus_grande_couverture,2006-06-14_003_010,-14.875,13.125,13.225564956665039,3.7730493545532227,1.717436671257019,9.452515602111816,False,False,moderee,humide,2006,6,14,165,Phase_1_debut,Debut de saison (Mai-Juin),Kolda,Zone soudanienne,284.58145,0,plus_grande_couverture,Phase_1_debut
2006-06-14,C0_plus_grande_couverture,2006-06-14_003_011,-14.625,13.125,12.591292381286621,3.8475961685180664,1.5961216688156128,8.743696212768555,False,False,moderee,humide,2006,6,14,165,Phase_1_debut,Debut de saison (Mai-Juin),Kolda,Zone soudanienne,311.68445,0,plus_grande_couverture,Phase_1_debut
2006-06-14,C0_plus_grande_couverture,2006-06-14_003_012,-14.375,13.125,10.402177810668945,3.7672927379608154,1.2585234642028809,6.63488507270813,False,False,moderee,humide,2006,6,14,165,Phase_1_debut,Debut de saison (Mai-Juin),Tambacounda,Zone soudanienne,338.78745,0,plus_grande_couverture,Phase_1_debut
2006-06-14,C0_plus_grande_couverture,2006-06-14_003_013,-14.125,13.125,9.991204261779785,3.909073829650879,1.258776068687439,6.082130432128906,False,False,moderee,humide,2006,6,14,165,Phase_1_debut,Debut de saison (Mai-Juin),Tambacounda,Zone soudanienne,365.89044,0,plus_grande_couverture,Phase_1_debut
2006-06-14,C0_plus_grande_couverture,2006-06-14_003_014,-13.875,13.125,14.044648170471191,4.482943534851074,1.7690562009811401,9.561704635620117,False,False,moderee,humide,2006,6,14,165,Phase_1_debut,Debut de saison (Mai-Juin),Tambacounda,Zone soudanienne,392.99344,0,plus_grande_couverture,Phase_1_debut
2006-06-14,C0_plus_grande_couverture,2006-06-14_003_015,-13.625,13.125,16.284685134887695,4.7292962074279785,2.0409927368164062,11.555388927459717,True,False,moderee,tres humide,2006,6,14,165,Phase_1_debut,Debut de saison (Mai-Juin),Tambacounda,Zone soudanienne,420.09644,0,plus_grande_couverture,Phase_1_debut
2006-06-14,C0_plus_grande_couverture,2006-06-14_003_016,-13.375,13.125,10.08831787109375,4.750229358673096,0.9839776158332825,5.338088512420654,False,False,moderee,normale,2006,6,14,165,Phase_1_debut,Debut de saison (Mai-Juin),Tambacounda,Zone soudanienne,447.19943,0,plus_grande_couverture,Phase_1_debut
2006-06-14,C0_plus_grande_couverture,2006-06-14_003_017,-13.125,13.125,9.722283363342285,5.359023571014404,0.7213173508644104,4.363259792327881,False,False,moderee,normale,2006,6,14,165,Phase_1_debut,Debut de saison (Mai-Juin),Tambacounda,Zone soudanienne,474.30243,0,plus_grande_couverture,Phase_1_debut
2006-06-14,C0_plus_grande_couverture,2006-06-14_003_018,-12.875,13.125,10.567130088806152,5.493913650512695,0.7624472975730896,5.073216438293457,False,False,moderee,normale,2006,6,14,165,Phase_1_debut,Debut de saison (Mai-Juin),Tambacounda,Zone soudanienne,501.4054,0,plus_grande_couverture,Phase_1_debut
2006-06-14,C0_plus_grande_couverture,2006-06-14_003_019,-12.625,13.125,9.960086822509766,5.230930805206299,0.7429163455963135,4.729156017303467,False,False,moderee,normale,2006,6,14,165,Phase_1_debut,Debut de saison (Mai-Juin),Tambacounda,Zone soudanienne,528.5084,0,plus_grande_couverture,Phase_1_debut
2006-06-14,C0_plus_grande_couverture,2006-06-14_003_020,-12.375,13.125,9.576946258544922,5.234602928161621,0.7047960758209229,4.342343330383301,False,False,moderee,normale,2006,6,14,165,Phase_1_debut,Debut de saison (Mai-Juin),Tambacounda,Zone soudanienne,555.61145,0,plus_grande_couverture,Phase_1_debut
2006-06-14,C0_plus_grande_couverture,2006-06-14_003_021,-12.125,13.125,12.006290435791016,5.394076347351074,1.0499446392059326,6.612214088439941,False,False,moderee,humide,2006,6,14,165,Phase_1_debut,Debut de saison (Mai-Juin),Tambacounda,Zone soudanienne,582.71436,0,plus_grande_couverture,Phase_1_debut
2006-06-14,C0_plus_grande_couverture,2006-06-14_003_022,-11.875,13.125,15.521145820617676,5.692550182342529,1.4937458038330078,9.828595638275146,False,False,moderee,humide,2006,6,14,165,Phase_1_debut,Debut de saison (Mai-Juin),Tambacounda,Zone soudanienne,609.8174,0,plus_grande_couverture,Phase_1_debut
2006-06-14,C0_plus_grande_couverture,2006-06-14_003_023,-11.625,13.125,16.27700424194336,6.16839599609375,1.4378522634506226,10.10860824584961,False,False,moderee,humide,2006,6,14,165,Phase_1_debut,Debut de saison (Mai-Juin),Tambacounda,Zone soudanienne,636.9204,0,plus_grande_couverture,Phase_1_debut
2006-06-14,C0_plus_grande_couverture,2006-06-14_004_009,-15.125,13.375,15.709122657775879,3.3656320571899414,2.000593423843384,12.343490600585938,True,False,moderee,tres humide,2006,6,14,165,Phase_1_debut,Debut de saison (Mai-Juin),Kolda,Zone soudanienne,257.21408,0,plus_grande_couverture,Phase_1_debut
2006-06-14,C0_plus_grande_couverture,2006-06-14_004_010,-14.875,13.375,10.275211334228516,3.3703372478485107,1.2224751710891724,6.904874086380005,False,False,moderee,humide,2006,6,14,165,Phase_1_debut,Debut de saison (Mai-Juin),Kolda,Zone soudanienne,284.2892,0,plus_grande_couverture,Phase_1_debut
2006-06-14,C0_plus_grande_couverture,2006-06-14_004_015,-13.625,13.375,14.591002464294434,4.444845676422119,1.6935919523239136,10.146156787872314,False,False,moderee,humide,2006,6,14,165,Phase_1_debut,Debut de saison (Mai-Juin),Tambacounda,Zone soudanienne,419.66504,0,plus_grande_couverture,Phase_1_debut
2006-06-14,C0_plus_grande_couverture,2006-06-14_004_016,-13.375,13.375,12.318930625915527,4.724340915679932,1.2664544582366943,7.594589710235596,False,False,moderee,humide,2006,6,14,165,Phase_1_debut,Debut de saison (Mai-Juin),Tambacounda,Zone soudanienne,446.7402,0,plus_grande_couverture,Phase_1_debut
2006-06-14,C0_plus_grande_couverture,2006-06-14_004_017,-13.125,13.375,10.83116340637207,4.841785907745361,1.0285319089889526,5.989377498626709,False,False,moderee,humide,2006,6,14,165,Phase_1_debut,Debut de saison (Mai-Juin),Tambacounda,Zone soudanienne,473.81537,0,plus_grande_couverture,Phase_1_debut
2006-06-14,C0_plus_grande_couverture,2006-06-14_004_018,-12.875,13.375,10.526999473571777,5.335422992706299,0.7782502770423889,5.1915764808654785,False,False,moderee,normale,2006,6,14,165,Phase_1_debut,Debut de saison (Mai-Juin),Tambacounda,Zone soudanienne,500.89053,0,plus_grande_couverture,Phase_1_debut
2006-06-14,C0_plus_grande_couverture,2006-06-14_004_019,-12.625,13.375,10.61418342590332,5.250936031341553,0.8163048028945923,5.363247394561768,False,False,moderee,normale,2006,6,14,165,Phase_1_debut,Debut de saison (Mai-Juin),Tambacounda,Zone soudanienne,527.9657,0,plus_grande_couverture,Phase_1_debut
2006-06-14,C0_plus_grande_couverture,2006-06-14_004_020,-12.375,13.375,10.83401107788086,5.297430038452148,0.8503854870796204,5.536581039428711,False,False,moderee,normale,2006,6,14,165,Phase_1_debut,Debut de saison (Mai-Juin),Tambacounda,Zone soudanienne,555.0409,0,plus_grande_couverture,Phase_1_debut
2006-06-14,C0_plus_grande_couverture,2006-06-14_004_021,-12.125,13.375,13.380749702453613,5.137495994567871,1.2565079927444458,8.243253707885742,False,False,moderee,humide,2006,6,14,165,Phase_1_debut,Debut de saison (Mai-Juin),Tambacounda,Zone soudanienne,582.116,0,plus_grande_couverture,Phase_1_debut
2006-06-14,C0_plus_grande_couverture,2006-06-14_004_022,-11.875,13.375,17.662700653076172,5.214295864105225,1.7767877578735352,12.448404788970947,False,False,moderee,humide,2006,6,14,165,Phase_1_debut,Debut de saison (Mai-Juin),Tambacounda,Zone soudanienne,609.19116,0,plus_grande_couverture,Phase_1_debut
2006-06-14,C0_plus_grande_couverture,2006-06-14_004_023,-11.625,13.375,18.28481101989746,5.6151323318481445,1.7004449367523193,12.669678688049316,False,False,moderee,humide,2006,6,14,165,Phase_1_debut,Debut de saison (Mai-Juin),Tambacounda,Zone soudanienne,636.26636,0,plus_grande_couverture,Phase_1_debut
2006-06-14,C0_plus_grande_couverture,2006-06-14_005_004,-16.375,13.625,6.8324503898620605,2.1761467456817627,0.9440776705741882,4.656303644180298,False,False,moderee,normale,2006,6,14,165,Phase_1_debut,Debut de saison (Mai-Juin),Kaolack,Zone soudano-sahélienne,121.71068,0,plus_grande_couverture,Phase_1_debut
2006-06-14,C0_plus_grande_couverture,2006-06-14_005_005,-16.125,13.625,6.970953464508057,2.3582448959350586,0.9496129155158997,4.612708568572998,False,False,moderee,normale,2006,6,14,165,Phase_1_debut,Debut de saison (Mai-Juin),Kaolack,Zone soudano-sahélienne,148.75749,0,plus_grande_couverture,Phase_1_debut
2006-06-14,C0_plus_grande_couverture,2006-06-14_005_006,-15.875,13.625,8.081242561340332,2.620154857635498,1.1745842695236206,5.461087703704834,False,False,moderee,humide,2006,6,14,165,Phase_1_debut,Debut de saison (Mai-Juin),Kaffrine,Zone soudano-sahélienne,175.80432,0,plus_grande_couverture,Phase_1_debut
2006-06-14,C0_plus_grande_couverture,2006-06-14_005_007,-15.625,13.625,8.275108337402344,2.896414041519165,1.1582447290420532,5.378694295883179,False,False,moderee,humide,2006,6,14,165,Phase_1_debut,Debut de saison (Mai-Juin),Kaffrine,Zone soudano-sahélienne,202.85114,0,plus_grande_couverture,Phase_1_debut
2006-06-14,C0_plus_grande_couverture,2006-06-14_005_012,-14.375,13.625,10.779940605163574,2.888911008834839,1.8474299907684326,7.891029596328735,False,False,moderee,humide,2006,6,14,165,Phase_1_debut,Debut de saison (Mai-Juin),Tambacounda,Zone soudano-sahélienne,338.0852,0,plus_grande_couverture,Phase_1_debut
2006-06-14,C0_plus_grande_couverture,2006-06-14_005_013,-14.125,13.625,13.017436981201172,3.429779291152954,2.1123414039611816,9.587657690048218,True,False,moderee,tres humide,2006,6,14,165,Phase_1_debut,Debut de saison (Mai-Juin),Tambacounda,Zone soudano-sahélienne,365.13202,0,plus_grande_couverture,Phase_1_debut
2006-06-14,C0_plus_grande_couverture,2006-06-14_005_014,-13.875,13.625,15.658186912536621,3.8102073669433594,2.3696436882019043,11.847979545593262,True,False,moderee,tres humide,2006,6,14,165,Phase_1_debut,Debut de saison (Mai-Juin),Tambacounda,Zone soudano-sahélienne,392.17886,0,plus_grande_couverture,Phase_1_debut
2006-06-14,C0_plus_grande_couverture,2006-06-14_005_015,-13.625,13.625,15.6029634475708,3.9533910751342773,2.2452571392059326,11.649572372436523,True,False,moderee,tres humide,2006,6,14,165,Phase_1_debut,Debut de saison (Mai-Juin),Tambacounda,Zone soudano-sahélienne,419.22565,0,plus_grande_couverture,Phase_1_debut
2006-06-14,C0_plus_grande_couverture,2006-06-14_005_016,-13.375,13.625,14.128284454345703,4.1009297370910645,1.8123184442520142,10.027354717254639,False,False,moderee,humide,2006,6,14,165,Phase_1_debut,Debut de saison (Mai-Juin),Tambacounda,Zone soudano-sahélienne,446.2725,0,plus_grande_couverture,Phase_1_debut
2006-06-14,C0_plus_grande_couverture,2006-06-14_005_017,-13.125,13.625,13.20323371887207,4.464921474456787,1.565214991569519,8.738312244415283,False,False,moderee,humide,2006,6,14,165,Phase_1_debut,Debut de saison (Mai-Juin),Tambacounda,Zone soudano-sahélienne,473.3193,0,plus_grande_couverture,Phase_1_debut
2006-06-14,C0_plus_grande_couverture,2006-06-14_005_018,-12.875,13.625,12.280165672302246,5.163949966430664,1.1126364469528198,7.116215705871582,False,False,moderee,humide,2006,6,14,165,Phase_1_debut,Debut de saison (Mai-Juin),Tambacounda,Zone soudano-sahélienne,500.3661,0,plus_grande_couverture,Phase_1_debut
2006-06-14,C0_plus_grande_couverture,2006-06-14_005_019,-12.625,13.625,12.089066505432129,5.795459270477295,0.8786801695823669,6.293607234954834,False,False,moderee,normale,2006,6,14,165,Phase_1_debut,Debut de saison (Mai-Juin),Tambacounda,Zone soudano-sahélienne,527.4129,0,plus_grande_couverture,Phase_1_debut
2006-06-14,C0_plus_grande_couverture,2006-06-14_005_020,-12.375,13.625,12.901712417602539,5.7681427001953125,0.9766791462898254,7.133569717407227,False,False,moderee,normale,2006,6,14,165,Phase_1_debut,Debut de saison (Mai-Juin),Tambacounda,Zone soudano-sahélienne,554.4598,0,plus_grande_couverture,Phase_1_debut
2006-06-14,C0_plus_grande_couverture,2006-06-14_005_021,-12.125,13.625,16.739225387573242,5.47247314453125,1.6139531135559082,11.266752243041992,False,False,moderee,humide,2006,6,14,165,Phase_1_debut,Debut de saison (Mai-Juin),Tambacounda,Zone soudano-sahélienne,581.50653,0,plus_grande_couverture,Phase_1_debut
2006-06-14,C0_plus_grande_couverture,2006-06-14_006_003,-16.625,13.875,7.57253885269165,1.8248029947280884,1.2373448610305786,5.747735857963562,False,False,moderee,humide,2006,6,14,165,Phase_1_debut,Debut de saison (Mai-Juin),Fatick,Zone soudano-sahélienne,94.562836,0,plus_grande_couverture,Phase_1_debut
2006-06-14,C0_plus_grande_couverture,2006-06-14_006_004,-16.375,13.875,8.027190208435059,1.9446992874145508,1.2524865865707397,6.082490921020508,False,False,moderee,humide,2006,6,14,165,Phase_1_debut,Debut de saison (Mai-Juin),Fatick,Zone soudano-sahélienne,121.580795,0,plus_grande_couverture,Phase_1_debut
2006-06-14,C0_plus_grande_couverture,2006-06-14_006_005,-16.125,13.875,7.715465545654297,2.0828564167022705,1.215980052947998,5.632609128952026,False,False,moderee,humide,2006,6,14,165,Phase_1_debut,Debut de saison (Mai-Juin),Fatick,Zone soudano-sahélienne,148.59875,0,plus_grande_couverture,Phase_1_debut
2006-06-14,C0_plus_grande_couverture,2006-06-14_006_006,-15.875,13.875,7.307161331176758,2.1017181873321533,1.2350696325302124,5.2054431438446045,False,False,moderee,humide,2006,6,14,165,Phase_1_debut,Debut de saison (Mai-Juin),Kaolack,Zone soudano-sahélienne,175.6167,0,plus_grande_couverture,Phase_1_debut
2006-06-14,C0_plus_grande_couverture,2006-06-14_006_007,-15.625,13.875,7.217756271362305,2.370732545852661,1.1462472677230835,4.8470237255096436,False,False,moderee,humide,2006,6,14,165,Phase_1_debut,Debut de saison (Mai-Juin),Kaolack,Zone soudano-sahélienne,202.63466,0,plus_grande_couverture,Phase_1_debut
2006-06-14,C0_plus_grande_couverture,2006-06-14_006_008,-15.375,13.875,9.13327693939209,2.9380390644073486,1.2499796152114868,6.195237874984741,False,False,moderee,humide,2006,6,14,165,Phase_1_debut,Debut de saison (Mai-Juin),Kaffrine,Zone soudano-sahélienne,229.6526,0,plus_grande_couverture,Phase_1_debut
2006-06-14,C0_plus_grande_couverture,2006-06-14_006_009,-15.125,13.875,11.057361602783203,3.0032944679260254,1.6180568933486938,8.054067134857178,False,False,moderee,humide,2006,6,14,165,Phase_1_debut,Debut de saison (Mai-Juin),Kaffrine,Zone soudano-sahélienne,256.67056,0,plus_grande_couverture,Phase_1_debut
2006-06-14,C0_plus_grande_couverture,2006-06-14_006_010,-14.875,13.875,15.382454872131348,3.1402390003204346,2.2387428283691406,12.242215871810913,True,False,moderee,tres humide,2006,6,14,165,Phase_1_debut,Debut de saison (Mai-Juin),Kaffrine,Zone soudano-sahélienne,283.6885,0,plus_grande_couverture,Phase_1_debut
2006-06-14,C0_plus_grande_couverture,2006-06-14_006_011,-14.625,13.875,16.645793914794922,2.850754737854004,2.6167774200439453,13.795039176940918,True,False,moderee,tres humide,2006,6,14,165,Phase_1_debut,Debut de saison (Mai-Juin),Kaffrine,Zone soudano-sahélienne,310.70648,0,plus_grande_couverture,Phase_1_debut
2006-06-14,C0_plus_grande_couverture,2006-06-14_006_012,-14.375,13.875,13.33202838897705,2.554818868637085,2.7241289615631104,10.777209520339966,True,False,moderee,tres humide,2006,6,14,165,Phase_1_debut,Debut de saison (Mai-Juin),Tambacounda,Zone soudano-sahélienne,337.72443,0,plus_grande_couverture,Phase_1_debut
2006-06-14,C0_plus_grande_couverture,2006-06-14_006_013,-14.125,13.875,13.620492935180664,2.7989749908447266,2.7464096546173096,10.821517944335938,True,False,moderee,tres humide,2006,6,14,165,Phase_1_debut,Debut de saison (Mai-Juin),Tambacounda,Zone soudano-sahélienne,364.74237,0,plus_grande_couverture,Phase_1_debut
2006-06-14,C0_plus_grande_couverture,2006-06-14_006_014,-13.875,13.875,11.35333251953125,3.0053870677948,1.999025583267212,8.34794545173645,False,False,moderee,humide,2006,6,14,165,Phase_1_debut,Debut de saison (Mai-Juin),Tambacounda,Zone soudano-sahélienne,391.76035,0,plus_grande_couverture,Phase_1_debut
2006-06-14,C0_plus_grande_couverture,2006-06-14_006_015,-13.625,13.875,13.382755279541016,3.1718292236328125,2.1269290447235107,10.210926055908203,True,False,moderee,tres humide,2006,6,14,165,Phase_1_debut,Debut de saison (Mai-Juin),Tambacounda,Zone soudano-sahélienne,418.7783,0,plus_grande_couverture,Phase_1_debut
2006-06-14,C0_plus_grande_couverture,2006-06-14_006_016,-13.375,13.875,17.88399314880371,3.915346384048462,2.2921559810638428,13.968646764755249,True,False,moderee,tres humide,2006,6,14,165,Phase_1_debut,Debut de saison (Mai-Juin),Tambacounda,Zone soudano-sahélienne,445.79623,0,plus_grande_couverture,Phase_1_debut
2006-06-14,C0_plus_grande_couverture,2006-06-14_006_017,-13.125,13.875,17.011398315429688,4.398194789886475,1.9805821180343628,12.613203525543213,False,False,moderee,humide,2006,6,14,165,Phase_1_debut,Debut de saison (Mai-Juin),Tambacounda,Zone soudano-sahélienne,472.81418,0,plus_grande_couverture,Phase_1_debut
2006-06-14,C0_plus_grande_couverture,2006-06-14_006_018,-12.875,13.875,15.180865287780762,4.723277568817139,1.558345913887024,10.457587718963623,False,False,moderee,humide,2006,6,14,165,Phase_1_debut,Debut de saison (Mai-Juin),Tambacounda,Zone soudano-sahélienne,499.83212,0,plus_grande_couverture,Phase_1_debut
2006-06-14,C0_plus_grande_couverture,2006-06-14_006_019,-12.625,13.875,14.455114364624023,5.065478801727295,1.3066753149032593,9.389635562896729,False,False,moderee,humide,2006,6,14,165,Phase_1_debut,Debut de saison (Mai-Juin),Tambacounda,Zone soudano-sahélienne,526.8501,0,plus_grande_couverture,Phase_1_debut
2006-06-14,C0_plus_grande_couverture,2006-06-14_006_020,-12.375,13.875,14.911420822143555,5.18696928024292,1.4027398824691772,9.724451541900635,False,False,moderee,humide,2006,6,14,165,Phase_1_debut,Debut de saison (Mai-Juin),Tambacounda,Zone soudano-sahélienne,553.86804,0,plus_grande_couverture,Phase_1_debut
2006-06-14,C0_plus_grande_couverture,2006-06-14_006_021,-12.125,13.875,19.483314514160156,5.351120948791504,2.0906262397766113,14.132193565368652,True,False,moderee,tres humide,2006,6,14,165,Phase_1_debut,Debut de saison (Mai-Juin),Tambacounda,Zone soudano-sahélienne,580.886,0,plus_grande_couverture,Phase_1_debut
2006-06-14,C0_plus_grande_couverture,2006-06-14_007_003,-16.625,14.125,8.327877044677734,1.4592112302780151,1.6852810382843018,6.868665814399719,False,False,moderee,humide,2006,6,14,165,Phase_1_debut,Debut de saison (Mai-Juin),Fatick,Zone soudano-sahélienne,94.460014,0,plus_grande_couverture,Phase_1_debut
2006-06-14,C0_plus_grande_couverture,2006-06-14_007_004,-16.375,14.125,8.818901062011719,1.6181961297988892,1.686135172843933,7.20070493221283,False,False,moderee,humide,2006,6,14,165,Phase_1_debut,Debut de saison (Mai-Juin),Fatick,Zone soudano-sahélienne,121.44859,0,plus_grande_couverture,Phase_1_debut
2006-06-14,C0_plus_grande_couverture,2006-06-14_007_005,-16.125,14.125,8.626999855041504,1.7746608257293701,1.7005261182785034,6.852339029312134,False,False,moderee,humide,2006,6,14,165,Phase_1_debut,Debut de saison (Mai-Juin),Fatick,Zone soudano-sahélienne,148.43718,0,plus_grande_couverture,Phase_1_debut
2006-06-14,C0_plus_grande_couverture,2006-06-14_007_006,-15.875,14.125,8.984231948852539,2.074354410171509,1.6936208009719849,6.90987753868103,False,False,moderee,humide,2006,6,14,165,Phase_1_debut,Debut de saison (Mai-Juin),Kaolack,Zone soudano-sahélienne,175.42575,0,plus_grande_couverture,Phase_1_debut
2006-06-14,C0_plus_grande_couverture,2006-06-14_007_007,-15.625,14.125,6.496771335601807,2.4283628463745117,0.8848670125007629,4.068408489227295,False,False,moderee,normale,2006,6,14,165,Phase_1_debut,Debut de saison (Mai-Juin),Kaolack,Zone soudano-sahélienne,202.41434,0,plus_grande_couverture,Phase_1_debut
2006-06-14,C0_plus_grande_couverture,2006-06-14_007_008,-15.375,14.125,8.161947250366211,2.7075276374816895,1.061458945274353,5.4544196128845215,False,False,moderee,humide,2006,6,14,165,Phase_1_debut,Debut de saison (Mai-Juin),Kaffrine,Zone soudano-sahélienne,229.4029,0,plus_grande_couverture,Phase_1_debut
2006-06-14,C0_plus_grande_couverture,2006-06-14_007_009,-15.125,14.125,9.24111557006836,2.576268434524536,1.461167335510254,6.664847135543823,False,False,moderee,humide,2006,6,14,165,Phase_1_debut,Debut de saison (Mai-Juin),Kaffrine,Zone soudano-sahélienne,256.39148,0,plus_grande_couverture,Phase_1_debut
2006-06-14,C0_plus_grande_couverture,2006-06-14_007_010,-14.875,14.125,10.110780715942383,2.625683546066284,1.6360241174697876,7.485097169876099,False,False,moderee,humide,2006,6,14,165,Phase_1_debut,Debut de saison (Mai-Juin),Kaffrine,Zone soudano-sahélienne,283.38007,0,plus_grande_couverture,Phase_1_debut
2006-06-14,C0_plus_grande_couverture,2006-06-14_007_011,-14.625,14.125,11.15682601928711,2.332028865814209,2.05320143699646,8.8247971534729,True,False,moderee,tres humide,2006,6,14,165,Phase_1_debut,Debut de saison (Mai-Juin),Kaffrine,Zone soudano-sahélienne,310.36865,0,plus_grande_couverture,Phase_1_debut
2006-06-14,C0_plus_grande_couverture,2006-06-14_007_012,-14.375,14.125,11.983592987060547,2.057349920272827,2.6648178100585938,9.92624306678772,True,False,moderee,tres humide,2006,6,14,165,Phase_1_debut,Debut de saison (Mai-Juin),Tambacounda,Zone soudano-sahélienne,337.3572,0,plus_grande_couverture,Phase_1_debut
2006-06-14,C0_plus_grande_couverture,2006-06-14_007_013,-14.125,14.125,12.732891082763672,2.335070848464966,2.7403504848480225,10.397820234298706,True,False,moderee,tres humide,2006,6,14,165,Phase_1_debut,Debut de saison (Mai-Juin),Tambacounda,Zone soudano-sahélienne,364.34576,0,plus_grande_couverture,Phase_1_debut
2006-06-14,C0_plus_grande_couverture,2006-06-14_007_014,-13.875,14.125,12.532193183898926,2.525968551635742,2.839691638946533,10.006224632263184,True,False,moderee,tres humide,2006,6,14,165,Phase_1_debut,Debut de saison (Mai-Juin),Tambacounda,Zone soudano-sahélienne,391.33438,0,plus_grande_couverture,Phase_1_debut
2006-06-14,C0_plus_grande_couverture,2006-06-14_007_015,-13.625,14.125,11.786145210266113,2.8917691707611084,1.9880421161651611,8.894376039505005,False,False,moderee,humide,2006,6,14,165,Phase_1_debut,Debut de saison (Mai-Juin),Tambacounda,Zone soudano-sahélienne,418.32294,0,plus_grande_couverture,Phase_1_debut
2006-06-14,C0_plus_grande_couverture,2006-06-14_007_016,-13.375,14.125,15.079440116882324,3.277623414993286,2.234522581100464,11.801816701889038,True,False,moderee,tres humide,2006,6,14,165,Phase_1_debut,Debut de saison (Mai-Juin),Tambacounda,Zone soudano-sahélienne,445.31152,0,plus_grande_couverture,Phase_1_debut
2006-06-14,C0_plus_grande_couverture,2006-06-14_007_017,-13.125,14.125,17.803380966186523,3.7208054065704346,2.2993075847625732,14.082575559616089,True,False,moderee,tres humide,2006,6,14,165,Phase_1_debut,Debut de saison (Mai-Juin),Tambacounda,Zone soudano-sahélienne,472.30008,0,plus_grande_couverture,Phase_1_debut
2006-06-14,C0_plus_grande_couverture,2006-06-14_007_018,-12.875,14.125,15.743417739868164,3.6358118057250977,2.059114694595337,12.107605934143066,True,False,moderee,tres humide,2006,6,14,165,Phase_1_debut,Debut de saison (Mai-Juin),Tambacounda,Zone soudano-sahélienne,499.28867,0,plus_grande_couverture,Phase_1_debut
2006-06-14,C0_plus_grande_couverture,2006-06-14_007_019,-12.625,14.125,16.19959831237793,3.9616549015045166,1.8982418775558472,12.237943410873413,False,False,moderee,humide,2006,6,14,165,Phase_1_debut,Debut de saison (Mai-Juin),Tambacounda,Zone soudano-sahélienne,526.2772,0,plus_grande_couverture,Phase_1_debut
2006-06-14,C0_plus_grande_couverture,2006-06-14_007_020,-12.375,14.125,15.163623809814453,4.146008014678955,1.7219918966293335,11.017615795135498,False,False,moderee,humide,2006,6,14,165,Phase_1_debut,Debut de saison (Mai-Juin),Tambacounda,Zone soudano-sahélienne,553.2658,0,plus_grande_couverture,Phase_1_debut
2006-06-14,C0_plus_grande_couverture,2006-06-14_007_021,-12.125,14.125,13.926405906677246,3.9875431060791016,1.840521216392517,9.938862800598145,False,False,moderee,humide,2006,6,14,165,Phase_1_debut,Debut de saison (Mai-Juin),Tambacounda,Zone soudano-sahélienne,580.2544,0,plus_grande_couverture,Phase_1_debut
2006-06-14,C0_plus_grande_couverture,2006-06-14_008_002,-16.875,14.375,9.903436660766602,1.1296683549880981,2.7817726135253906,8.773768305778503,True,False,moderee,tres humide,2006,6,14,165,Phase_1_debut,Debut de saison (Mai-Juin),Thiès,Zone soudano-sahélienne,67.39671,0,plus_grande_couverture,Phase_1_debut
2006-06-14,C0_plus_grande_couverture,2006-06-14_008_003,-16.625,14.375,7.701190948486328,1.2401419878005981,1.8239846229553223,6.46104896068573,False,False,moderee,humide,2006,6,14,165,Phase_1_debut,Debut de saison (Mai-Juin),Fatick,Zone soudano-sahélienne,94.3554,0,plus_grande_couverture,Phase_1_debut
2006-06-14,C0_plus_grande_couverture,2006-06-14_008_004,-16.375,14.375,9.060894966125488,1.4355055093765259,1.9293291568756104,7.625389456748962,False,False,moderee,humide,2006,6,14,165,Phase_1_debut,Debut de saison (Mai-Juin),Diourbel,Zone soudano-sahélienne,121.314095,0,plus_grande_couverture,Phase_1_debut
2006-06-14,C0_plus_grande_couverture,2006-06-14_008_005,-16.125,14.375,12.602897644042969,2.039304256439209,2.0847465991973877,10.56359338760376,True,False,moderee,tres humide,2006,6,14,165,Phase_1_debut,Debut de saison (Mai-Juin),Diourbel,Zone soudano-sahélienne,148.27278,0,plus_grande_couverture,Phase_1_debut
2006-06-14,C0_plus_grande_couverture,2006-06-14_008_006,-15.875,14.375,14.485269546508789,2.3161563873291016,2.3762779235839844,12.169113159179688,True,False,moderee,tres humide,2006,6,14,165,Phase_1_debut,Debut de saison (Mai-Juin),Diourbel,Zone soudano-sahélienne,175.23148,0,plus_grande_couverture,Phase_1_debut
2006-06-14,C0_plus_grande_couverture,2006-06-14_008_007,-15.625,14.375,9.814682006835938,2.5205202102661133,1.4916808605194092,7.294161796569824,False,False,moderee,humide,2006,6,14,165,Phase_1_debut,Debut de saison (Mai-Juin),Kaolack,Zone soudano-sahélienne,202.19016,0,plus_grande_couverture,Phase_1_debut
2006-06-14,C0_plus_grande_couverture,2006-06-14_008_008,-15.375,14.375,10.261094093322754,2.471404790878296,1.5911821126937866,7.789689302444458,False,False,moderee,humide,2006,6,14,165,Phase_1_debut,Debut de saison (Mai-Juin),Kaffrine,Zone soudano-sahélienne,229.14883,0,plus_grande_couverture,Phase_1_debut
2006-06-14,C0_plus_grande_couverture,2006-06-14_008_009,-15.125,14.375,13.074211120605469,2.247899293899536,2.263853073120117,10.826311826705933,True,False,moderee,tres humide,2006,6,14,165,Phase_1_debut,Debut de saison (Mai-Juin),Kaffrine,Zone soudano-sahélienne,256.10754,0,plus_grande_couverture,Phase_1_debut
2006-06-14,C0_plus_grande_couverture,2006-06-14_008_010,-14.875,14.375,15.106261253356934,2.203211545944214,3.092008590698242,12.90304970741272,True,False,moderee,exceptionnelle,2006,6,14,165,Phase_1_debut,Debut de saison (Mai-Juin),Kaffrine,Zone soudano-sahélienne,283.06622,0,plus_grande_couverture,Phase_1_debut
2006-06-14,C0_plus_grande_couverture,2006-06-14_008_011,-14.625,14.375,13.55484390258789,2.1001317501068115,2.8985798358917236,11.454712152481079,True,False,moderee,tres humide,2006,6,14,165,Phase_1_debut,Debut de saison (Mai-Juin),Kaffrine,Zone soudano-sahélienne,310.0249,0,plus_grande_couverture,Phase_1_debut
2006-06-14,C0_plus_grande_couverture,2006-06-14_008_012,-14.375,14.375,14.757840156555176,1.90687894821167,3.1661810874938965,12.850961208343506,True,False,moderee,exceptionnelle,2006,6,14,165,Phase_1_debut,Debut de saison (Mai-Juin),Tambacounda,Zone soudano-sahélienne,336.98358,0,plus_grande_couverture,Phase_1_debut
2006-06-14,C0_plus_grande_couverture,2006-06-14_008_013,-14.125,14.375,15.330583572387695,1.893241047859192,3.522958993911743,13.437342524528503,True,False,moderee,exceptionnelle,2006,6,14,165,Phase_1_debut,Debut de saison (Mai-Juin),Tambacounda,Zone soudano-sahélienne,363.94226,0,plus_grande_couverture,Phase_1_debut
2006-06-14,C0_plus_grande_couverture,2006-06-14_008_014,-13.875,14.375,14.004327774047852,2.0015039443969727,3.3209733963012695,12.002823829650879,True,False,moderee,exceptionnelle,2006,6,14,165,Phase_1_debut,Debut de saison (Mai-Juin),Tambacounda,Zone soudano-sahélienne,390.90097,0,plus_grande_couverture,Phase_1_debut
2006-06-14,C0_plus_grande_couverture,2006-06-14_008_015,-13.625,14.375,14.30971908569336,2.746662139892578,2.4824771881103516,11.563056945800781,True,False,moderee,tres humide,2006,6,14,165,Phase_1_debut,Debut de saison (Mai-Juin),Tambacounda,Zone soudano-sahélienne,417.85965,0,plus_grande_couverture,Phase_1_debut
2006-06-14,C0_plus_grande_couverture,2006-06-14_008_016,-13.375,14.375,16.57216453552246,2.908952474594116,2.602072238922119,13.663212060928345,True,False,moderee,tres humide,2006,6,14,165,Phase_1_debut,Debut de saison (Mai-Juin),Tambacounda,Zone soudano-sahélienne,444.81833,0,plus_grande_couverture,Phase_1_debut
2006-06-14,C0_plus_grande_couverture,2006-06-14_008_017,-13.125,14.375,19.345314025878906,2.8549604415893555,3.1118814945220947,16.49035358428955,True,False,moderee,exceptionnelle,2006,6,14,165,Phase_1_debut,Debut de saison (Mai-Juin),Tambacounda,Zone soudano-sahélienne,471.777,0,plus_grande_couverture,Phase_1_debut
2006-06-14,C0_plus_grande_couverture,2006-06-14_008_018,-12.875,14.375,17.852706909179688,2.718113422393799,2.986203670501709,15.134593486785889,True,False,moderee,tres humide,2006,6,14,165,Phase_1_debut,Debut de saison (Mai-Juin),Tambacounda,Zone soudano-sahélienne,498.7357,0,plus_grande_couverture,Phase_1_debut
2006-06-14,C0_plus_grande_couverture,2006-06-14_008_019,-12.625,14.375,14.049747467041016,2.7989249229431152,2.2043120861053467,11.2508225440979,True,False,moderee,tres humide,2006,6,14,165,Phase_1_debut,Debut de saison (Mai-Juin),Tambacounda,Zone soudano-sahélienne,525.6944,0,plus_grande_couverture,Phase_1_debut
2006-06-14,C0_plus_grande_couverture,2006-06-14_008_020,-12.375,14.375,10.994816780090332,2.8908326625823975,1.7248027324676514,8.103984117507935,False,False,moderee,humide,2006,6,14,165,Phase_1_debut,Debut de saison (Mai-Juin),Tambacounda,Zone soudano-sahélienne,552.6531,0,plus_grande_couverture,Phase_1_debut
2006-06-14,C0_plus_grande_couverture,2006-06-14_009_001,-17.125,14.625,2.2268364429473877,0.5717165470123291,1.0823752880096436,1.6551198959350586,False,False,faible,humide,2006,6,14,165,Phase_1_debut,Debut de saison (Mai-Juin),Dakar,Zone soudano-sahélienne,40.39242,0,plus_grande_couverture,Phase_1_debut
2006-06-14,C0_plus_grande_couverture,2006-06-14_009_002,-16.875,14.625,4.295398235321045,0.8760056495666504,1.5921831130981445,3.4193925857543945,False,False,faible,humide,2006,6,14,165,Phase_1_debut,Debut de saison (Mai-Juin),Thiès,Zone soudano-sahélienne,67.3207,0,plus_grande_couverture,Phase_1_debut
2006-06-14,C0_plus_grande_couverture,2006-06-14_009_003,-16.625,14.625,6.8537278175354,1.0254042148590088,2.1185293197631836,5.828323602676392,True,False,moderee,tres humide,2006,6,14,165,Phase_1_debut,Debut de saison (Mai-Juin),Thiès,Zone soudano-sahélienne,94.248985,0,plus_grande_couverture,Phase_1_debut
2006-06-14,C0_plus_grande_couverture,2006-06-14_009_004,-16.375,14.625,11.435415267944336,1.5017470121383667,2.459522247314453,9.93366825580597,True,False,moderee,tres humide,2006,6,14,165,Phase_1_debut,Debut de saison (Mai-Juin),Diourbel,Zone soudano-sahélienne,121.17728,0,plus_grande_couverture,Phase_1_debut
2006-06-14,C0_plus_grande_couverture,2006-06-14_009_005,-16.125,14.625,12.430904388427734,1.7151292562484741,2.4718873500823975,10.71577513217926,True,False,moderee,tres humide,2006,6,14,165,Phase_1_debut,Debut de saison (Mai-Juin),Diourbel,Zone soudano-sahélienne,148.10556,0,plus_grande_couverture,Phase_1_debut
2006-06-14,C0_plus_grande_couverture,2006-06-14_009_006,-15.875,14.625,13.132643699645996,1.6244369745254517,2.747739315032959,11.508206725120544,True,False,moderee,tres humide,2006,6,14,165,Phase_1_debut,Debut de saison (Mai-Juin),Diourbel,Zone soudano-sahélienne,175.03384,0,plus_grande_couverture,Phase_1_debut
2006-06-14,C0_plus_grande_couverture,2006-06-14_009_007,-15.625,14.625,10.156614303588867,1.562015414237976,2.357356548309326,8.594598889350891,True,False,moderee,tres humide,2006,6,14,165,Phase_1_debut,Debut de saison (Mai-Juin),Kaffrine,Zone soudano-sahélienne,201.96213,0,plus_grande_couverture,Phase_1_debut
2006-06-14,C0_plus_grande_couverture,2006-06-14_009_008,-15.375,14.625,9.914051055908203,1.3886750936508179,2.514054775238037,8.525375962257385,True,False,moderee,tres humide,2006,6,14,165,Phase_1_debut,Debut de saison (Mai-Juin),Kaffrine,Zone soudano-sahélienne,228.8904,0,plus_grande_couverture,Phase_1_debut
2006-06-14,C0_plus_grande_couverture,2006-06-14_009_009,-15.125,14.625,11.046216011047363,1.4467310905456543,2.707270383834839,9.599484920501709,True,False,moderee,tres humide,2006,6,14,165,Phase_1_debut,Debut de saison (Mai-Juin),Kaffrine,Zone soudano-sahélienne,255.8187,0,plus_grande_couverture,Phase_1_debut
2006-06-14,C0_plus_grande_couverture,2006-06-14_009_010,-14.875,14.625,12.733634948730469,1.5936330556869507,3.143523693084717,11.140001893043518,True,False,moderee,exceptionnelle,2006,6,14,165,Phase_1_debut,Debut de saison (Mai-Juin),Kaffrine,Zone soudano-sahélienne,282.74698,0,plus_grande_couverture,Phase_1_debut
2006-06-14,C0_plus_grande_couverture,2006-06-14_009_011,-14.625,14.625,15.069690704345703,1.6969852447509766,3.647982597351074,13.372705459594727,True,False,moderee,exceptionnelle,2006,6,14,165,Phase_1_debut,Debut de saison (Mai-Juin),Kaffrine,Zone soudano-sahélienne,309.67526,0,plus_grande_couverture,Phase_1_debut
2006-06-14,C0_plus_grande_couverture,2006-06-14_009_012,-14.375,14.625,13.356348037719727,1.736736536026001,3.122677803039551,11.619611501693726,True,False,moderee,exceptionnelle,2006,6,14,165,Phase_1_debut,Debut de saison (Mai-Juin),Tambacounda,Zone soudano-sahélienne,336.60355,0,plus_grande_couverture,Phase_1_debut
2006-06-14,C0_plus_grande_couverture,2006-06-14_009_013,-14.125,14.625,14.15495491027832,1.7455521821975708,3.332085371017456,12.40940272808075,True,False,moderee,exceptionnelle,2006,6,14,165,Phase_1_debut,Debut de saison (Mai-Juin),Tambacounda,Zone soudano-sahélienne,363.5318,0,plus_grande_couverture,Phase_1_debut
2006-06-14,C0_plus_grande_couverture,2006-06-14_009_014,-13.875,14.625,14.87933349609375,1.771259069442749,3.4251179695129395,13.108074426651001,True,False,moderee,exceptionnelle,2006,6,14,165,Phase_1_debut,Debut de saison (Mai-Juin),Tambacounda,Zone soudano-sahélienne,390.4601,0,plus_grande_couverture,Phase_1_debut
2006-06-14,C0_plus_grande_couverture,2006-06-14_009_015,-13.625,14.625,14.288016319274902,1.8407679796218872,3.0804898738861084,12.447248339653015,True,False,moderee,exceptionnelle,2006,6,14,165,Phase_1_debut,Debut de saison (Mai-Juin),Tambacounda,Zone soudano-sahélienne,417.38837,0,plus_grande_couverture,Phase_1_debut
2006-06-14,C0_plus_grande_couverture,2006-06-14_009_016,-13.375,14.625,14.73741340637207,2.005383253097534,2.9088377952575684,12.732030153274536,True,False,moderee,tres humide,2006,6,14,165,Phase_1_debut,Debut de saison (Mai-Juin),Tambacounda,Zone soudano-sahélienne,444.31668,0,plus_grande_couverture,Phase_1_debut
2006-06-14,C0_plus_grande_couverture,2006-06-14_009_017,-13.125,14.625,14.939043045043945,2.175194263458252,2.7682414054870605,12.763848781585693,True,False,moderee,tres humide,2006,6,14,165,Phase_1_debut,Debut de saison (Mai-Juin),Tambacounda,Zone soudano-sahélienne,471.24493,0,plus_grande_couverture,Phase_1_debut
2006-06-14,C0_plus_grande_couverture,2006-06-14_009_018,-12.875,14.625,16.005373001098633,2.0893912315368652,3.080929756164551,13.915981769561768,True,False,moderee,exceptionnelle,2006,6,14,165,Phase_1_debut,Debut de saison (Mai-Juin),Tambacounda,Zone soudano-sahélienne,498.17322,0,plus_grande_couverture,Phase_1_debut
2006-06-14,C0_plus_grande_couverture,2006-06-14_009_019,-12.625,14.625,12.641956329345703,1.9776068925857544,2.674765110015869,10.664349436759949,True,False,moderee,tres humide,2006,6,14,165,Phase_1_debut,Debut de saison (Mai-Juin),Tambacounda,Zone soudano-sahélienne,525.1015,0,plus_grande_couverture,Phase_1_debut
2006-06-14,C0_plus_grande_couverture,2006-06-14_009_020,-12.375,14.625,12.968664169311523,2.233098030090332,2.732984781265259,10.735566139221191,True,False,moderee,tres humide,2006,6,14,165,Phase_1_debut,Debut de saison (Mai-Juin),Tambacounda,Zone soudano-sahélienne,552.0298,0,plus_grande_couverture,Phase_1_debut
2006-06-14,C0_plus_grande_couverture,2006-06-14_010_001,-17.125,14.875,4.147231578826904,0.4164498746395111,3.121760606765747,3.730781704187393,True,False,faible,exceptionnelle,2006,6,14,165,Phase_1_debut,Debut de saison (Mai-Juin),Thiès,Zone soudano-sahélienne,40.346046,0,plus_grande_couverture,Phase_1_debut
2006-06-14,C0_plus_grande_couverture,2006-06-14_010_002,-16.875,14.875,8.933424949645996,0.8362625241279602,3.615138292312622,8.097162425518036,True,False,moderee,exceptionnelle,2006,6,14,165,Phase_1_debut,Debut de saison (Mai-Juin),Thiès,Zone soudano-sahélienne,67.243416,0,plus_grande_couverture,Phase_1_debut
2006-06-14,C0_plus_grande_couverture,2006-06-14_010_003,-16.625,14.875,8.330730438232422,0.9440333247184753,2.851989984512329,7.3866971135139465,True,False,moderee,tres humide,2006,6,14,165,Phase_1_debut,Debut de saison (Mai-Juin),Thiès,Zone soudano-sahélienne,94.14078,0,plus_grande_couverture,Phase_1_debut
2006-06-14,C0_plus_grande_couverture,2006-06-14_010_004,-16.375,14.875,9.669769287109375,1.0464364290237427,2.790316104888916,8.623332858085632,True,False,moderee,tres humide,2006,6,14,165,Phase_1_debut,Debut de saison (Mai-Juin),Diourbel,Zone soudano-sahélienne,121.03815,0,plus_grande_couverture,Phase_1_debut
2006-06-14,C0_plus_grande_couverture,2006-06-14_010_005,-16.125,14.875,11.683067321777344,1.2664581537246704,2.9171125888824463,10.416609168052673,True,False,moderee,tres humide,2006,6,14,165,Phase_1_debut,Debut de saison (Mai-Juin),Diourbel,Zone soudano-sahélienne,147.93552,0,plus_grande_couverture,Phase_1_debut
2006-06-14,C0_plus_grande_couverture,2006-06-14_010_006,-15.875,14.875,8.622241020202637,1.1266040802001953,2.4286928176879883,7.495636940002441,True,False,moderee,tres humide,2006,6,14,165,Phase_1_debut,Debut de saison (Mai-Juin),Diourbel,Zone soudano-sahélienne,174.83289,0,plus_grande_couverture,Phase_1_debut
2006-06-14,C0_plus_grande_couverture,2006-06-14_010_007,-15.625,14.875,9.012277603149414,1.1201683282852173,2.5783350467681885,7.892109274864197,True,False,moderee,tres humide,2006,6,14,165,Phase_1_debut,Debut de saison (Mai-Juin),Diourbel,Zone soudano-sahélienne,201.73026,0,plus_grande_couverture,Phase_1_debut
2006-06-14,C0_plus_grande_couverture,2006-06-14_010_008,-15.375,14.875,8.40377140045166,1.0547653436660767,2.8700506687164307,7.3490060567855835,True,False,moderee,tres humide,2006,6,14,165,Phase_1_debut,Debut de saison (Mai-Juin),Kaffrine,Zone soudano-sahélienne,228.62761,0,plus_grande_couverture,Phase_1_debut
2006-06-14,C0_plus_grande_couverture,2006-06-14_010_009,-15.125,14.875,9.148137092590332,1.0614126920700073,2.9087743759155273,8.086724400520325,True,False,moderee,tres humide,2006,6,14,165,Phase_1_debut,Debut de saison (Mai-Juin),Kaffrine,Zone soudano-sahélienne,255.525,0,plus_grande_couverture,Phase_1_debut
2006-06-14,C0_plus_grande_couverture,2006-06-14_010_010,-14.875,14.875,10.595538139343262,1.2058711051940918,3.204951524734497,9.38966703414917,True,False,moderee,exceptionnelle,2006,6,14,165,Phase_1_debut,Debut de saison (Mai-Juin),Kaffrine,Zone soudano-sahélienne,282.42233,0,plus_grande_couverture,Phase_1_debut
2006-06-14,C0_plus_grande_couverture,2006-06-14_010_011,-14.625,14.875,12.423942565917969,1.422346591949463,3.420438051223755,11.001595973968506,True,False,moderee,exceptionnelle,2006,6,14,165,Phase_1_debut,Debut de saison (Mai-Juin),Kaffrine,Zone soudano-sahélienne,309.31973,0,plus_grande_couverture,Phase_1_debut
2006-06-14,C0_plus_grande_couverture,2006-06-14_010_012,-14.375,14.875,10.263174057006836,1.2262650728225708,3.407630681991577,9.036908984184265,True,False,moderee,exceptionnelle,2006,6,14,165,Phase_1_debut,Debut de saison (Mai-Juin),Tambacounda,Zone soudano-sahélienne,336.21707,0,plus_grande_couverture,Phase_1_debut
2006-06-14,C0_plus_grande_couverture,2006-06-14_010_013,-14.125,14.875,8.830992698669434,1.102292537689209,3.219294548034668,7.728700160980225,True,False,moderee,exceptionnelle,2006,6,14,165,Phase_1_debut,Debut de saison (Mai-Juin),Matam,Zone soudano-sahélienne,363.11444,0,plus_grande_couverture,Phase_1_debut
2006-06-14,C0_plus_grande_couverture,2006-06-14_010_014,-13.875,14.875,10.132211685180664,1.2230958938598633,3.2665913105010986,8.9091157913208,True,False,moderee,exceptionnelle,2006,6,14,165,Phase_1_debut,Debut de saison (Mai-Juin),Matam,Zone soudano-sahélienne,390.0118,0,plus_grande_couverture,Phase_1_debut
2006-06-14,C0_plus_grande_couverture,2006-06-14_010_015,-13.625,14.875,13.127094268798828,1.5986757278442383,3.099872589111328,11.52841854095459,True,False,moderee,exceptionnelle,2006,6,14,165,Phase_1_debut,Debut de saison (Mai-Juin),Matam,Zone soudano-sahélienne,416.90918,0,plus_grande_couverture,Phase_1_debut
2006-06-14,C0_plus_grande_couverture,2006-06-14_010_016,-13.375,14.875,13.149190902709961,1.6123541593551636,3.384897470474243,11.536836743354797,True,False,moderee,exceptionnelle,2006,6,14,165,Phase_1_debut,Debut de saison (Mai-Juin),Matam,Zone soudano-sahélienne,443.80655,0,plus_grande_couverture,Phase_1_debut
2006-06-14,C0_plus_grande_couverture,2006-06-14_010_017,-13.125,14.875,11.997699737548828,1.4940694570541382,3.1664323806762695,10.50363028049469,True,False,moderee,exceptionnelle,2006,6,14,165,Phase_1_debut,Debut de saison (Mai-Juin),Matam,Zone soudano-sahélienne,470.7039,0,plus_grande_couverture,Phase_1_debut
2006-06-14,C0_plus_grande_couverture,2006-06-14_010_018,-12.875,14.875,11.416936874389648,1.458724021911621,3.0272514820098877,9.958212852478027,True,False,moderee,exceptionnelle,2006,6,14,165,Phase_1_debut,Debut de saison (Mai-Juin),Matam,Zone soudano-sahélienne,497.60126,0,plus_grande_couverture,Phase_1_debut
2006-06-14,C0_plus_grande_couverture,2006-06-14_010_019,-12.625,14.875,13.611822128295898,1.4559619426727295,3.8712127208709717,12.155860185623169,True,False,moderee,exceptionnelle,2006,6,14,165,Phase_1_debut,Debut de saison (Mai-Juin),Matam,Zone soudano-sahélienne,524.49866,0,plus_grande_couverture,Phase_1_debut
2006-06-14,C0_plus_grande_couverture,2006-06-14_011_002,-16.875,15.125,7.1807708740234375,0.5522516965866089,4.12006139755249,6.628519177436829,True,False,moderee,exceptionnelle,2006,6,14,165,Phase_1_debut,Debut de saison (Mai-Juin),Thiès,Zone soudano-sahélienne,67.16484,0,plus_grande_couverture,Phase_1_debut
2006-06-14,C0_plus_grande_couverture,2006-06-14_011_003,-16.625,15.125,9.449378967285156,0.7690865993499756,3.9779903888702393,8.68029236793518,True,False,moderee,exceptionnelle,2006,6,14,165,Phase_1_debut,Debut de saison (Mai-Juin),Thiès,Zone soudano-sahélienne,94.03078,0,plus_grande_couverture,Phase_1_debut
2006-06-14,C0_plus_grande_couverture,2006-06-14_011_004,-16.375,15.125,8.906594276428223,0.8311048746109009,3.5575904846191406,8.075489401817322,True,False,moderee,exceptionnelle,2006,6,14,165,Phase_1_debut,Debut de saison (Mai-Juin),Louga,Zone soudano-sahélienne,120.89671,0,plus_grande_couverture,Phase_1_debut
2006-06-14,C0_plus_grande_couverture,2006-06-14_011_005,-16.125,15.125,11.011491775512695,1.0937169790267944,3.2480533123016357,9.9177747964859,True,False,moderee,exceptionnelle,2006,6,14,165,Phase_1_debut,Debut de saison (Mai-Juin),Louga,Zone soudano-sahélienne,147.76265,0,plus_grande_couverture,Phase_1_debut
2006-06-14,C0_plus_grande_couverture,2006-06-14_011_006,-15.875,15.125,9.584476470947266,0.9668304920196533,3.1811633110046387,8.617645978927612,True,False,moderee,exceptionnelle,2006,6,14,165,Phase_1_debut,Debut de saison (Mai-Juin),Louga,Zone soudano-sahélienne,174.6286,0,plus_grande_couverture,Phase_1_debut
2006-06-14,C0_plus_grande_couverture,2006-06-14_011_007,-15.625,15.125,9.481496810913086,1.119504690170288,2.3780925273895264,8.361992120742798,True,False,moderee,tres humide,2006,6,14,165,Phase_1_debut,Debut de saison (Mai-Juin),Louga,Zone soudano-sahélienne,201.49454,0,plus_grande_couverture,Phase_1_debut
2006-06-14,C0_plus_grande_couverture,2006-06-14_011_008,-15.375,15.125,8.516018867492676,0.9516872763633728,2.6821515560150146,7.564331591129303,True,False,moderee,tres humide,2006,6,14,165,Phase_1_debut,Debut de saison (Mai-Juin),Louga,Zone soudano-sahélienne,228.36046,0,plus_grande_couverture,Phase_1_debut
2006-06-14,C0_plus_grande_couverture,2006-06-14_011_009,-15.125,15.125,9.825369834899902,0.8432518839836121,3.411156415939331,8.98211795091629,True,False,moderee,exceptionnelle,2006,6,14,165,Phase_1_debut,Debut de saison (Mai-Juin),Kaffrine,Zone soudano-sahélienne,255.22641,0,plus_grande_couverture,Phase_1_debut
2006-06-14,C0_plus_grande_couverture,2006-06-14_011_010,-14.875,15.125,11.581526756286621,0.8704683184623718,3.9556121826171875,10.71105843782425,True,False,moderee,exceptionnelle,2006,6,14,165,Phase_1_debut,Debut de saison (Mai-Juin),Kaffrine,Zone soudano-sahélienne,282.09235,0,plus_grande_couverture,Phase_1_debut
2006-06-14,C0_plus_grande_couverture,2006-06-14_011_011,-14.625,15.125,12.800126075744629,0.9696001410484314,4.41877555847168,11.830525934696198,True,False,moderee,exceptionnelle,2006,6,14,165,Phase_1_debut,Debut de saison (Mai-Juin),Kaffrine,Zone soudano-sahélienne,308.95828,0,plus_grande_couverture,Phase_1_debut
2006-06-14,C0_plus_grande_couverture,2006-06-14_011_012,-14.375,15.125,10.674306869506836,0.9680858850479126,4.01217794418335,9.706220984458923,True,False,moderee,exceptionnelle,2006,6,14,165,Phase_1_debut,Debut de saison (Mai-Juin),Matam,Zone soudano-sahélienne,335.82422,0,plus_grande_couverture,Phase_1_debut
2006-06-14,C0_plus_grande_couverture,2006-06-14_011_013,-14.125,15.125,9.163006782531738,0.9670417308807373,3.9413821697235107,8.195965051651001,True,False,moderee,exceptionnelle,2006,6,14,165,Phase_1_debut,Debut de saison (Mai-Juin),Matam,Zone soudano-sahélienne,362.69012,0,plus_grande_couverture,Phase_1_debut
2006-06-14,C0_plus_grande_couverture,2006-06-14_011_014,-13.875,15.125,9.799551010131836,1.0235228538513184,3.9973175525665283,8.776028156280518,True,False,moderee,exceptionnelle,2006,6,14,165,Phase_1_debut,Debut de saison (Mai-Juin),Matam,Zone soudano-sahélienne,389.5561,0,plus_grande_couverture,Phase_1_debut
2006-06-14,C0_plus_grande_couverture,2006-06-14_011_015,-13.625,15.125,13.735429763793945,1.4782294034957886,3.6511197090148926,12.257200360298157,True,False,moderee,exceptionnelle,2006,6,14,165,Phase_1_debut,Debut de saison (Mai-Juin),Matam,Zone soudano-sahélienne,416.42203,0,plus_grande_couverture,Phase_1_debut
2006-06-14,C0_plus_grande_couverture,2006-06-14_011_016,-13.375,15.125,13.553275108337402,1.3220434188842773,3.851763963699341,12.231231689453125,True,False,moderee,exceptionnelle,2006,6,14,165,Phase_1_debut,Debut de saison (Mai-Juin),Matam,Zone soudano-sahélienne,443.28796,0,plus_grande_couverture,Phase_1_debut
2006-06-14,C0_plus_grande_couverture,2006-06-14_011_017,-13.125,15.125,13.030261039733887,1.3307125568389893,3.8304781913757324,11.699548482894897,True,False,moderee,exceptionnelle,2006,6,14,165,Phase_1_debut,Debut de saison (Mai-Juin),Matam,Zone soudano-sahélienne,470.1539,0,plus_grande_couverture,Phase_1_debut
2006-06-14,C0_plus_grande_couverture,2006-06-14_011_018,-12.875,15.125,11.626143455505371,1.2092136144638062,3.83756160736084,10.416929841041565,True,False,moderee,exceptionnelle,2006,6,14,165,Phase_1_debut,Debut de saison (Mai-Juin),Matam,Zone soudano-sahélienne,497.0198,0,plus_grande_couverture,Phase_1_debut
2006-06-14,C0_plus_grande_couverture,2006-06-14_012_003,-16.625,15.375,6.586076259613037,0.4353445768356323,4.352388858795166,6.150731682777405,True,False,moderee,exceptionnelle,2006,6,14,165,Phase_1_debut,Debut de saison (Mai-Juin),Louga,Zone soudano-sahélienne,93.91899,0,plus_grande_couverture,Phase_1_debut
2006-06-14,C0_plus_grande_couverture,2006-06-14_012_004,-16.375,15.375,7.405822277069092,0.6501646041870117,3.550503730773926,6.75565767288208,True,False,moderee,exceptionnelle,2006,6,14,165,Phase_1_debut,Debut de saison (Mai-Juin),Louga,Zone soudano-sahélienne,120.75298,0,plus_grande_couverture,Phase_1_debut
2006-06-14,C0_plus_grande_couverture,2006-06-14_012_005,-16.125,15.375,7.274561882019043,0.6437638998031616,3.7417044639587402,6.630797982215881,True,False,moderee,exceptionnelle,2006,6,14,165,Phase_1_debut,Debut de saison (Mai-Juin),Louga,Zone soudano-sahélienne,147.58699,0,plus_grande_couverture,Phase_1_debut
2006-06-14,C0_plus_grande_couverture,2006-06-14_012_006,-15.875,15.375,6.479119300842285,0.6722094416618347,3.277355194091797,5.80690985918045,True,False,moderee,exceptionnelle,2006,6,14,165,Phase_1_debut,Debut de saison (Mai-Juin),Louga,Zone soudano-sahélienne,174.42099,0,plus_grande_couverture,Phase_1_debut
2006-06-14,C0_plus_grande_couverture,2006-06-14_012_007,-15.625,15.375,6.72938346862793,0.66916424036026,2.7343268394470215,6.06021922826767,True,False,moderee,tres humide,2006,6,14,165,Phase_1_debut,Debut de saison (Mai-Juin),Louga,Zone soudano-sahélienne,201.25497,0,plus_grande_couverture,Phase_1_debut
2006-06-14,C0_plus_grande_couverture,2006-06-14_012_008,-15.375,15.375,8.794872283935547,0.7697831988334656,3.1311709880828857,8.025089085102081,True,False,moderee,exceptionnelle,2006,6,14,165,Phase_1_debut,Debut de saison (Mai-Juin),Louga,Zone soudano-sahélienne,228.08896,0,plus_grande_couverture,Phase_1_debut
2006-06-14,C0_plus_grande_couverture,2006-06-14_012_009,-15.125,15.375,11.390380859375,0.8413296937942505,3.844883441925049,10.54905116558075,True,False,moderee,exceptionnelle,2006,6,14,165,Phase_1_debut,Debut de saison (Mai-Juin),Louga,Zone soudano-sahélienne,254.92297,0,plus_grande_couverture,Phase_1_debut
2006-06-14,C0_plus_grande_couverture,2006-06-14_012_010,-14.875,15.375,12.187172889709473,0.8059129118919373,4.248321533203125,11.381259977817535,True,False,moderee,exceptionnelle,2006,6,14,165,Phase_1_debut,Debut de saison (Mai-Juin),Louga,Zone soudano-sahélienne,281.75696,0,plus_grande_couverture,Phase_1_debut
2006-06-14,C0_plus_grande_couverture,2006-06-14_012_011,-14.625,15.375,10.433701515197754,0.6411007046699524,4.5018486976623535,9.792600810527802,True,False,moderee,exceptionnelle,2006,6,14,165,Phase_1_debut,Debut de saison (Mai-Juin),Matam,Zone soudano-sahélienne,308.59097,0,plus_grande_couverture,Phase_1_debut
2006-06-14,C0_plus_grande_couverture,2006-06-14_012_012,-14.375,15.375,10.027124404907227,0.7052930593490601,4.342155933380127,9.321831345558167,True,False,moderee,exceptionnelle,2006,6,14,165,Phase_1_debut,Debut de saison (Mai-Juin),Matam,Zone soudano-sahélienne,335.42496,0,plus_grande_couverture,Phase_1_debut
2006-06-14,C0_plus_grande_couverture,2006-06-14_012_013,-14.125,15.375,10.238795280456543,0.7859168648719788,4.721527099609375,9.452878415584564,True,False,moderee,exceptionnelle,2006,6,14,165,Phase_1_debut,Debut de saison (Mai-Juin),Matam,Zone soudano-sahélienne,362.25894,0,plus_grande_couverture,Phase_1_debut
2006-06-14,C0_plus_grande_couverture,2006-06-14_012_014,-13.875,15.375,11.557669639587402,0.8288251161575317,5.249820709228516,10.72884452342987,True,False,moderee,exceptionnelle,2006,6,14,165,Phase_1_debut,Debut de saison (Mai-Juin),Matam,Zone soudano-sahélienne,389.09296,0,plus_grande_couverture,Phase_1_debut
2006-06-14,C0_plus_grande_couverture,2006-06-14_012_015,-13.625,15.375,13.733848571777344,0.8807591199874878,5.210285186767578,12.853089451789856,True,False,moderee,exceptionnelle,2006,6,14,165,Phase_1_debut,Debut de saison (Mai-Juin),Matam,Zone soudano-sahélienne,415.92694,0,plus_grande_couverture,Phase_1_debut
2006-06-14,C0_plus_grande_couverture,2006-06-14_012_016,-13.375,15.375,12.947792053222656,0.9032162427902222,4.835570335388184,12.044575810432434,True,False,moderee,exceptionnelle,2006,6,14,165,Phase_1_debut,Debut de saison (Mai-Juin),Matam,Zone soudano-sahélienne,442.76096,0,plus_grande_couverture,Phase_1_debut
2006-06-14,C0_plus_grande_couverture,2006-06-14_012_017,-13.125,15.375,10.754042625427246,0.7116808891296387,5.205811977386475,10.042361736297607,True,False,moderee,exceptionnelle,2006,6,14,165,Phase_1_debut,Debut de saison (Mai-Juin),Matam,Zone soudano-sahélienne,469.59494,0,plus_grande_couverture,Phase_1_debut
2006-06-14,C0_plus_grande_couverture,2006-06-14_013_004,-16.375,15.625,8.633781433105469,0.503843367099762,4.992781639099121,8.129938066005707,True,False,moderee,exceptionnelle,2006,6,14,165,Phase_1_debut,Debut de saison (Mai-Juin),Saint-Louis,Zone sahélienne,120.60696,0,plus_grande_couverture,Phase_1_debut
2006-06-14,C0_plus_grande_couverture,2006-06-14_013_005,-16.125,15.625,6.547264575958252,0.39991939067840576,4.854733467102051,6.147345185279846,True,False,moderee,exceptionnelle,2006,6,14,165,Phase_1_debut,Debut de saison (Mai-Juin),Saint-Louis,Zone sahélienne,147.40851,0,plus_grande_couverture,Phase_1_debut
2006-06-14,C0_plus_grande_couverture,2006-06-14_013_006,-15.875,15.625,5.180730819702148,0.48508089780807495,3.4091086387634277,4.6956499218940735,True,False,moderee,exceptionnelle,2006,6,14,165,Phase_1_debut,Debut de saison (Mai-Juin),Saint-Louis,Zone sahélienne,174.21005,0,plus_grande_couverture,Phase_1_debut
2006-06-14,C0_plus_grande_couverture,2006-06-14_013_007,-15.625,15.625,5.8600592613220215,0.4477539360523224,3.7099173069000244,5.412305325269699,True,False,moderee,exceptionnelle,2006,6,14,165,Phase_1_debut,Debut de saison (Mai-Juin),Saint-Louis,Zone sahélienne,201.0116,0,plus_grande_couverture,Phase_1_debut
2006-06-14,C0_plus_grande_couverture,2006-06-14_013_008,-15.375,15.625,8.26084041595459,0.5752921104431152,3.8098058700561523,7.685548305511475,True,False,moderee,exceptionnelle,2006,6,14,165,Phase_1_debut,Debut de saison (Mai-Juin),Louga,Zone sahélienne,227.81313,0,plus_grande_couverture,Phase_1_debut
2006-06-14,C0_plus_grande_couverture,2006-06-14_013_009,-15.125,15.625,9.104390144348145,0.7300994992256165,3.6469130516052246,8.374290645122528,True,False,moderee,exceptionnelle,2006,6,14,165,Phase_1_debut,Debut de saison (Mai-Juin),Louga,Zone sahélienne,254.6147,0,plus_grande_couverture,Phase_1_debut
2006-06-14,C0_plus_grande_couverture,2006-06-14_013_010,-14.875,15.625,9.291862487792969,0.6614471077919006,4.308274269104004,8.630415380001068,True,False,moderee,exceptionnelle,2006,6,14,165,Phase_1_debut,Debut de saison (Mai-Juin),Louga,Zone sahélienne,281.41623,0,plus_grande_couverture,Phase_1_debut
2006-06-14,C0_plus_grande_couverture,2006-06-14_013_011,-14.625,15.625,8.465051651000977,0.534614086151123,4.5825629234313965,7.9304375648498535,True,False,moderee,exceptionnelle,2006,6,14,165,Phase_1_debut,Debut de saison (Mai-Juin),Matam,Zone sahélienne,308.21777,0,plus_grande_couverture,Phase_1_debut
2006-06-14,C0_plus_grande_couverture,2006-06-14_013_012,-14.375,15.625,7.7552337646484375,0.5044105052947998,4.590879440307617,7.250823259353638,True,False,moderee,exceptionnelle,2006,6,14,165,Phase_1_debut,Debut de saison (Mai-Juin),Matam,Zone sahélienne,335.01932,0,plus_grande_couverture,Phase_1_debut
2006-06-14,C0_plus_grande_couverture,2006-06-14_013_013,-14.125,15.625,9.92953872680664,0.5501665472984314,5.336453437805176,9.37937217950821,True,False,moderee,exceptionnelle,2006,6,14,165,Phase_1_debut,Debut de saison (Mai-Juin),Matam,Zone sahélienne,361.82086,0,plus_grande_couverture,Phase_1_debut
2006-06-14,C0_plus_grande_couverture,2006-06-14_013_014,-13.875,15.625,11.207152366638184,0.852480411529541,5.023909568786621,10.354671955108643,True,False,moderee,exceptionnelle,2006,6,14,165,Phase_1_debut,Debut de saison (Mai-Juin),Matam,Zone sahélienne,388.6224,0,plus_grande_couverture,Phase_1_debut
2006-06-14,C0_plus_grande_couverture,2006-06-14_013_015,-13.625,15.625,14.115821838378906,0.7185671925544739,5.703283786773682,13.397254645824432,True,False,moderee,exceptionnelle,2006,6,14,165,Phase_1_debut,Debut de saison (Mai-Juin),Matam,Zone sahélienne,415.42395,0,plus_grande_couverture,Phase_1_debut
2006-06-14,C0_plus_grande_couverture,2006-06-14_013_016,-13.375,15.625,13.002716064453125,0.6058487296104431,5.777894496917725,12.396867334842682,True,False,moderee,exceptionnelle,2006,6,14,165,Phase_1_debut,Debut de saison (Mai-Juin),Matam,Zone sahélienne,442.22552,0,plus_grande_couverture,Phase_1_debut
2006-06-14,C0_plus_grande_couverture,2006-06-14_014_004,-16.375,15.875,5.155901908874512,0.24470879137516022,5.509009838104248,4.9111931174993515,True,False,moderee,exceptionnelle,2006,6,14,165,Phase_1_debut,Debut de saison (Mai-Juin),Saint-Louis,Zone sahélienne,120.45863,0,plus_grande_couverture,Phase_1_debut
2006-06-14,C0_plus_grande_couverture,2006-06-14_014_005,-16.125,15.875,7.312535285949707,0.2917439043521881,5.915252208709717,7.020791381597519,True,False,moderee,exceptionnelle,2006,6,14,165,Phase_1_debut,Debut de saison (Mai-Juin),Saint-Louis,Zone sahélienne,147.22722,0,plus_grande_couverture,Phase_1_debut
2006-06-14,C0_plus_grande_couverture,2006-06-14_014_006,-15.875,15.875,4.969940662384033,0.29978594183921814,4.890867233276367,4.670154720544815,True,False,faible,exceptionnelle,2006,6,14,165,Phase_1_debut,Debut de saison (Mai-Juin),Saint-Louis,Zone sahélienne,173.9958,0,plus_grande_couverture,Phase_1_debut
2006-06-14,C0_plus_grande_couverture,2006-06-14_014_007,-15.625,15.875,5.9659528732299805,0.38109540939331055,4.475170612335205,5.58485746383667,True,False,moderee,exceptionnelle,2006,6,14,165,Phase_1_debut,Debut de saison (Mai-Juin),Saint-Louis,Zone sahélienne,200.76439,0,plus_grande_couverture,Phase_1_debut
2006-06-14,C0_plus_grande_couverture,2006-06-14_014_008,-15.375,15.875,7.17258358001709,0.3634095788002014,4.597259998321533,6.809174001216888,True,False,moderee,exceptionnelle,2006,6,14,165,Phase_1_debut,Debut de saison (Mai-Juin),Louga,Zone sahélienne,227.53297,0,plus_grande_couverture,Phase_1_debut
2006-06-14,C0_plus_grande_couverture,2006-06-14_014_009,-15.125,15.875,6.973364353179932,0.453352153301239,4.149016857147217,6.520012199878693,True,False,moderee,exceptionnelle,2006,6,14,165,Phase_1_debut,Debut de saison (Mai-Juin),Louga,Zone sahélienne,254.30157,0,plus_grande_couverture,Phase_1_debut
2006-06-14,C0_plus_grande_couverture,2006-06-14_014_010,-14.875,15.875,5.918793201446533,0.2985262870788574,5.248049736022949,5.620266914367676,True,False,moderee,exceptionnelle,2006,6,14,165,Phase_1_debut,Debut de saison (Mai-Juin),Louga,Zone sahélienne,281.07013,0,plus_grande_couverture,Phase_1_debut
2006-06-14,C0_plus_grande_couverture,2006-06-14_014_011,-14.625,15.875,6.1294403076171875,0.330980122089386,4.842991828918457,5.7984601855278015,True,False,moderee,exceptionnelle,2006,6,14,165,Phase_1_debut,Debut de saison (Mai-Juin),Matam,Zone sahélienne,307.83875,0,plus_grande_couverture,Phase_1_debut
2006-06-14,C0_plus_grande_couverture,2006-06-14_014_012,-14.375,15.875,5.087331771850586,0.37736383080482483,3.996013879776001,4.709967941045761,True,False,moderee,exceptionnelle,2006,6,14,165,Phase_1_debut,Debut de saison (Mai-Juin),Matam,Zone sahélienne,334.60733,0,plus_grande_couverture,Phase_1_debut
2006-06-14,C0_plus_grande_couverture,2006-06-14_014_013,-14.125,15.875,8.066971778869629,0.5995546579360962,4.233088970184326,7.467417120933533,True,False,moderee,exceptionnelle,2006,6,14,165,Phase_1_debut,Debut de saison (Mai-Juin),Matam,Zone sahélienne,361.3759,0,plus_grande_couverture,Phase_1_debut
2006-06-14,C0_plus_grande_couverture,2006-06-14_014_014,-13.875,15.875,8.99312973022461,0.8206189274787903,3.1319947242736816,8.172510802745819,True,False,moderee,exceptionnelle,2006,6,14,165,Phase_1_debut,Debut de saison (Mai-Juin),Matam,Zone sahélienne,388.1445,0,plus_grande_couverture,Phase_1_debut
2006-06-14,C0_plus_grande_couverture,2006-06-14_014_015,-13.625,15.875,9.177268981933594,0.5898618102073669,5.092362403869629,8.587407171726227,True,False,moderee,exceptionnelle,2006,6,14,165,Phase_1_debut,Debut de saison (Mai-Juin),Matam,Zone sahélienne,414.91306,0,plus_grande_couverture,Phase_1_debut
2006-06-14,C0_plus_grande_couverture,2006-06-14_014_016,-13.375,15.875,10.060567855834961,0.5245994925498962,5.502707481384277,9.535968363285065,True,False,moderee,exceptionnelle,2006,6,14,165,Phase_1_debut,Debut de saison (Mai-Juin),Matam,Zone sahélienne,441.68167,0,plus_grande_couverture,Phase_1_debut
2006-06-14,C0_plus_grande_couverture,2006-06-14_015_004,-16.375,16.125,2.3307950496673584,0.16901502013206482,4.60574197769165,2.1617800295352936,True,False,faible,exceptionnelle,2006,6,14,165,Phase_1_debut,Debut de saison (Mai-Juin),Saint-Louis,Zone sahélienne,120.308014,0,plus_grande_couverture,Phase_1_debut
2006-06-14,C0_plus_grande_couverture,2006-06-14_015_005,-16.125,16.125,4.274034023284912,0.2129695564508438,5.3704705238342285,4.061064466834068,True,False,faible,exceptionnelle,2006,6,14,165,Phase_1_debut,Debut de saison (Mai-Juin),Saint-Louis,Zone sahélienne,147.04314,0,plus_grande_couverture,Phase_1_debut
2006-06-14,C0_plus_grande_couverture,2006-06-14_015_006,-15.875,16.125,5.120459079742432,0.33359307050704956,4.553372383117676,4.786866009235382,True,False,moderee,exceptionnelle,2006,6,14,165,Phase_1_debut,Debut de saison (Mai-Juin),Saint-Louis,Zone sahélienne,173.77824,0,plus_grande_couverture,Phase_1_debut
2006-06-14,C0_plus_grande_couverture,2006-06-14_015_007,-15.625,16.125,5.966663837432861,0.2597154676914215,5.653093338012695,5.70694836974144,True,False,moderee,exceptionnelle,2006,6,14,165,Phase_1_debut,Debut de saison (Mai-Juin),Saint-Louis,Zone sahélienne,200.51337,0,plus_grande_couverture,Phase_1_debut
2006-06-14,C0_plus_grande_couverture,2006-06-14_015_008,-15.375,16.125,6.434304237365723,0.3180987238883972,5.356467247009277,6.116205513477325,True,False,moderee,exceptionnelle,2006,6,14,165,Phase_1_debut,Debut de saison (Mai-Juin),Louga,Zone sahélienne,227.24846,0,plus_grande_couverture,Phase_1_debut
2006-06-14,C0_plus_grande_couverture,2006-06-14_015_009,-15.125,16.125,4.198037147521973,0.21981072425842285,5.3609771728515625,3.97822642326355,True,False,faible,exceptionnelle,2006,6,14,165,Phase_1_debut,Debut de saison (Mai-Juin),Louga,Zone sahélienne,253.9836,0,plus_grande_couverture,Phase_1_debut
2006-06-14,C0_plus_grande_couverture,2006-06-14_015_010,-14.875,16.125,3.295208692550659,0.11201534420251846,6.233130931854248,3.1831933483481407,True,False,faible,exceptionnelle,2006,6,14,165,Phase_1_debut,Debut de saison (Mai-Juin),Louga,Zone sahélienne,280.7187,0,plus_grande_couverture,Phase_1_debut
2006-06-14,C0_plus_grande_couverture,2006-06-14_015_011,-14.625,16.125,4.166254043579102,0.2130373865365982,4.877284526824951,3.9532166570425034,True,False,faible,exceptionnelle,2006,6,14,165,Phase_1_debut,Debut de saison (Mai-Juin),Matam,Zone sahélienne,307.45383,0,plus_grande_couverture,Phase_1_debut
2006-06-14,C0_plus_grande_couverture,2006-06-14_015_012,-14.375,16.125,3.755993127822876,0.24651122093200684,4.114062786102295,3.509481906890869,True,False,faible,exceptionnelle,2006,6,14,165,Phase_1_debut,Debut de saison (Mai-Juin),Matam,Zone sahélienne,334.18893,0,plus_grande_couverture,Phase_1_debut
2006-06-14,C0_plus_grande_couverture,2006-06-14_015_013,-14.125,16.125,4.137362003326416,0.4349116086959839,2.684237241744995,3.702450394630432,True,False,faible,tres humide,2006,6,14,165,Phase_1_debut,Debut de saison (Mai-Juin),Matam,Zone sahélienne,360.92404,0,plus_grande_couverture,Phase_1_debut
2006-06-14,C0_plus_grande_couverture,2006-06-14_015_014,-13.875,16.125,5.510974884033203,0.49121731519699097,3.522982120513916,5.019757568836212,True,False,moderee,exceptionnelle,2006,6,14,165,Phase_1_debut,Debut de saison (Mai-Juin),Matam,Zone sahélienne,387.65915,0,plus_grande_couverture,Phase_1_debut
2006-06-14,C0_plus_grande_couverture,2006-06-14_016_005,-16.125,16.375,2.9493155479431152,0.22250719368457794,3.9627294540405273,2.7268083542585373,True,False,faible,exceptionnelle,2006,6,14,165,Phase_1_debut,Debut de saison (Mai-Juin),Saint-Louis,Zone sahélienne,146.85623,0,plus_grande_couverture,Phase_1_debut
2006-06-14,C0_plus_grande_couverture,2006-06-14_016_006,-15.875,16.375,2.63079833984375,0.20777152478694916,3.8297107219696045,2.423026815056801,True,False,faible,exceptionnelle,2006,6,14,165,Phase_1_debut,Debut de saison (Mai-Juin),Saint-Louis,Zone sahélienne,173.55737,0,plus_grande_couverture,Phase_1_debut
2006-06-14,C0_plus_grande_couverture,2006-06-14_016_007,-15.625,16.375,2.2557036876678467,0.10033805668354034,5.899534702301025,2.1553656309843063,True,False,faible,exceptionnelle,2006,6,14,165,Phase_1_debut,Debut de saison (Mai-Juin),Saint-Louis,Zone sahélienne,200.25851,0,plus_grande_couverture,Phase_1_debut
2006-06-14,C0_plus_grande_couverture,2006-06-14_016_008,-15.375,16.375,2.234675168991089,0.08940038084983826,5.84176778793335,2.1452747881412506,True,False,faible,exceptionnelle,2006,6,14,165,Phase_1_debut,Debut de saison (Mai-Juin),Louga,Zone sahélienne,226.95963,0,plus_grande_couverture,Phase_1_debut
2006-06-14,C0_plus_grande_couverture,2006-06-14_016_009,-15.125,16.375,3.641167640686035,0.1875060349702835,5.268977642059326,3.4536616057157516,True,False,faible,exceptionnelle,2006,6,14,165,Phase_1_debut,Debut de saison (Mai-Juin),Louga,Zone sahélienne,253.66078,0,plus_grande_couverture,Phase_1_debut
2006-06-14,C0_plus_grande_couverture,2006-06-14_016_010,-14.875,16.375,3.7283124923706055,0.15711283683776855,5.941722393035889,3.571199655532837,True,False,faible,exceptionnelle,2006,6,14,165,Phase_1_debut,Debut de saison (Mai-Juin),Louga,Zone sahélienne,280.3619,0,plus_grande_couverture,Phase_1_debut
2006-06-14,C0_plus_grande_couverture,2006-06-14_016_011,-14.625,16.375,3.272028923034668,0.1242806538939476,5.9132399559021,3.1477482691407204,True,False,faible,exceptionnelle,2006,6,14,165,Phase_1_debut,Debut de saison (Mai-Juin),Matam,Zone sahélienne,307.06305,0,plus_grande_couverture,Phase_1_debut
2006-06-14,C0_plus_grande_couverture,2006-06-14_016_012,-14.375,16.375,2.9243807792663574,0.24031098186969757,3.236375093460083,2.68406979739666,True,False,faible,exceptionnelle,2006,6,14,165,Phase_1_debut,Debut de saison (Mai-Juin),Matam,Zone sahélienne,333.76416,0,plus_grande_couverture,Phase_1_debut
2006-06-14,C0_plus_grande_couverture,2006-06-14_016_013,-14.125,16.375,2.7126293182373047,0.31190380454063416,2.4360568523406982,2.4007255136966705,True,False,faible,tres humide,2006,6,14,165,Phase_1_debut,Debut de saison (Mai-Juin),Matam,Zone sahélienne,360.4653,0,plus_grande_couverture,Phase_1_debut
2006-06-14,C0_plus_grande_couverture,2006-06-14_017_010,-14.875,16.625,3.6777215003967285,0.17127957940101624,5.186079025268555,3.5064419209957123,True,False,faible,exceptionnelle,2006,6,14,165,Phase_1_debut,Debut de saison (Mai-Juin),Louga,Zone sahélienne,279.9998,0,plus_grande_couverture,Phase_1_debut
2006-06-14,C0_plus_grande_couverture,2006-06-14_017_011,-14.625,16.625,3.015648126602173,0.13865377008914948,5.744227886199951,2.8769943565130234,True,False,faible,exceptionnelle,2006,6,14,165,Phase_1_debut,Debut de saison (Mai-Juin),Matam,Zone sahélienne,306.66644,0,plus_grande_couverture,Phase_1_debut
2006-06-14,C0_plus_grande_couverture,2006-06-14_017_012,-14.375,16.625,2.349457025527954,0.2426849901676178,2.758700370788574,2.1067720353603363,True,False,faible,tres humide,2006,6,14,165,Phase_1_debut,Debut de saison (Mai-Juin),Matam,Zone sahélienne,333.33307,0,plus_grande_couverture,Phase_1_debut
2012-06-20,C0_plus_petite_couverture,2012-06-20_000_003,-16.625,12.375,8.44253921508789,2.9937846660614014,0.9475085735321045,5.448754549026489,False,False,moderee,normale,2012,6,20,172,Phase_1_debut,Debut de saison (Mai-Juin),Ziguinchor,Zone soudanienne,95.14188,0,plus_petite_couverture,Phase_1_debut
2012-06-20,C0_plus_petite_couverture,2012-06-20_000_004,-16.375,12.375,7.371699333190918,4.0316619873046875,0.497344434261322,3.3400373458862305,False,False,moderee,normale,2012,6,20,172,Phase_1_debut,Debut de saison (Mai-Juin),Ziguinchor,Zone soudanienne,122.32527,0,plus_petite_couverture,Phase_1_debut
2012-06-20,C0_plus_petite_couverture,2012-06-20_000_020,-12.375,12.375,7.446690559387207,5.428211212158203,0.3083629012107849,2.018479347229004,False,False,moderee,normale,2012,6,20,172,Phase_1_debut,Debut de saison (Mai-Juin),Kédougou,Zone soudanienne,557.2596,0,plus_petite_couverture,Phase_1_debut
2012-06-20,C0_plus_petite_couverture,2012-06-20_001_003,-16.625,12.625,6.014946460723877,3.2544004917144775,0.45143041014671326,2.7605459690093994,False,False,moderee,normale,2012,6,20,172,Phase_1_debut,Debut de saison (Mai-Juin),Ziguinchor,Zone soudanienne,95.04989,0,plus_petite_couverture,Phase_1_debut
2012-06-20,C0_plus_petite_couverture,2012-06-20_001_004,-16.375,12.625,7.792937755584717,4.1248087882995605,0.48521164059638977,3.6681289672851562,False,False,moderee,normale,2012,6,20,172,Phase_1_debut,Debut de saison (Mai-Juin),Ziguinchor,Zone soudanienne,122.20701,0,plus_petite_couverture,Phase_1_debut
2012-06-20,C0_plus_petite_couverture,2012-06-20_001_005,-16.125,12.625,10.788396835327148,4.261930465698242,0.9203046560287476,6.526466369628906,False,False,moderee,normale,2012,6,20,172,Phase_1_debut,Debut de saison (Mai-Juin),Sédhiou,Zone soudanienne,149.36412,0,plus_petite_couverture,Phase_1_debut
2012-06-20,C0_plus_petite_couverture,2012-06-20_001_006,-15.875,12.625,13.1458740234375,4.105846881866455,1.4035249948501587,9.040027141571045,False,False,moderee,humide,2012,6,20,172,Phase_1_debut,Debut de saison (Mai-Juin),Sédhiou,Zone soudanienne,176.52124,0,plus_petite_couverture,Phase_1_debut
2012-06-20,C0_plus_petite_couverture,2012-06-20_001_007,-15.625,12.625,16.442054748535156,4.3343939781188965,1.7599033117294312,12.10766077041626,False,False,moderee,humide,2012,6,20,172,Phase_1_debut,Debut de saison (Mai-Juin),Sédhiou,Zone soudanienne,203.67834,0,plus_petite_couverture,Phase_1_debut
2012-06-20,C0_plus_petite_couverture,2012-06-20_001_008,-15.375,12.625,20.044105529785156,4.906717300415039,2.0828776359558105,15.137388229370117,True,True,forte,tres humide,2012,6,20,172,Phase_1_debut,Debut de saison (Mai-Juin),Kolda,Zone soudanienne,230.83545,0,plus_petite_couverture,Phase_1_debut
2012-06-20,C0_plus_petite_couverture,2012-06-20_001_018,-12.875,12.625,4.628188610076904,4.756255149841309,-0.022897763177752495,-0.1280665397644043,False,False,faible,normale,2012,6,20,172,Phase_1_debut,Debut de saison (Mai-Juin),Kédougou,Zone soudanienne,502.40656,0,plus_petite_couverture,Phase_1_debut
2012-06-20,C0_plus_petite_couverture,2012-06-20_001_019,-12.625,12.625,1.8728938102722168,4.780114650726318,-0.4671536982059479,-2.9072208404541016,False,False,faible,normale,2012,6,20,172,Phase_1_debut,Debut de saison (Mai-Juin),Kédougou,Zone soudanienne,529.56366,0,plus_petite_couverture,Phase_1_debut
2012-06-20,C0_plus_petite_couverture,2012-06-20_001_020,-12.375,12.625,3.2744455337524414,4.907442092895508,-0.2721390426158905,-1.6329965591430664,False,False,faible,normale,2012,6,20,172,Phase_1_debut,Debut de saison (Mai-Juin),Kédougou,Zone soudanienne,556.7208,0,plus_petite_couverture,Phase_1_debut
2012-06-20,C0_plus_petite_couverture,2012-06-20_001_021,-12.125,12.625,2.775181770324707,5.15574312210083,-0.3783828020095825,-2.380561351776123,False,False,faible,normale,2012,6,20,172,Phase_1_debut,Debut de saison (Mai-Juin),Kédougou,Zone soudanienne,583.87787,0,plus_petite_couverture,Phase_1_debut
2012-06-20,C0_plus_petite_couverture,2012-06-20_001_022,-11.875,12.625,4.963299751281738,5.055873870849609,-0.01441574189811945,-0.0925741195678711,False,False,faible,normale,2012,6,20,172,Phase_1_debut,Debut de saison (Mai-Juin),Kédougou,Zone soudanienne,611.03503,0,plus_petite_couverture,Phase_1_debut
2012-06-20,C0_plus_petite_couverture,2012-06-20_001_023,-11.625,12.625,2.263911485671997,5.166717529296875,-0.41325733065605164,-2.902806043624878,False,False,faible,normale,2012,6,20,172,Phase_1_debut,Debut de saison (Mai-Juin),Kédougou,Zone soudanienne,638.19214,0,plus_petite_couverture,Phase_1_debut
2012-06-20,C0_plus_petite_couverture,2012-06-20_002_003,-16.625,12.875,0.7797098755836487,3.439197540283203,-0.37681812047958374,-2.6594876646995544,False,False,trace,normale,2012,6,20,172,Phase_1_debut,Debut de saison (Mai-Juin),Ziguinchor,Zone soudanienne,94.95609,0,plus_petite_couverture,Phase_1_debut
2012-06-20,C0_plus_petite_couverture,2012-06-20_002_004,-16.375,12.875,7.288259983062744,3.907116651535034,0.4330693781375885,3.38114333152771,False,False,moderee,normale,2012,6,20,172,Phase_1_debut,Debut de saison (Mai-Juin),Ziguinchor,Zone soudanienne,122.08641,0,plus_petite_couverture,Phase_1_debut
2012-06-20,C0_plus_petite_couverture,2012-06-20_002_005,-16.125,12.875,12.091257095336914,3.8605856895446777,1.250287652015686,8.230671405792236,False,False,moderee,humide,2012,6,20,172,Phase_1_debut,Debut de saison (Mai-Juin),Sédhiou,Zone soudanienne,149.21672,0,plus_petite_couverture,Phase_1_debut
2012-06-20,C0_plus_petite_couverture,2012-06-20_002_006,-15.875,12.875,13.463151931762695,3.6997506618499756,1.5850175619125366,9.76340126991272,False,False,moderee,humide,2012,6,20,172,Phase_1_debut,Debut de saison (Mai-Juin),Sédhiou,Zone soudanienne,176.34703,0,plus_petite_couverture,Phase_1_debut
2012-06-20,C0_plus_petite_couverture,2012-06-20_002_007,-15.625,12.875,12.394063949584961,4.077171325683594,1.217869758605957,8.316892623901367,False,False,moderee,humide,2012,6,20,172,Phase_1_debut,Debut de saison (Mai-Juin),Sédhiou,Zone soudanienne,203.47736,0,plus_petite_couverture,Phase_1_debut
2012-06-20,C0_plus_petite_couverture,2012-06-20_002_008,-15.375,12.875,14.113720893859863,4.2839460372924805,1.3364012241363525,9.829774856567383,False,False,moderee,humide,2012,6,20,172,Phase_1_debut,Debut de saison (Mai-Juin),Kolda,Zone soudanienne,230.60765,0,plus_petite_couverture,Phase_1_debut
2012-06-20,C0_plus_petite_couverture,2012-06-20_002_009,-15.125,12.875,17.485916137695312,5.38295316696167,1.3472751379013062,12.102962970733643,False,False,moderee,humide,2012,6,20,172,Phase_1_debut,Debut de saison (Mai-Juin),Kolda,Zone soudanienne,257.73798,0,plus_petite_couverture,Phase_1_debut
2012-06-20,C0_plus_petite_couverture,2012-06-20_002_010,-14.875,12.875,16.758188247680664,5.442031383514404,1.391097068786621,11.31615686416626,False,False,moderee,humide,2012,6,20,172,Phase_1_debut,Debut de saison (Mai-Juin),Kolda,Zone soudanienne,284.8683,0,plus_petite_couverture,Phase_1_debut
2012-06-20,C0_plus_petite_couverture,2012-06-20_002_011,-14.625,12.875,12.129683494567871,4.941915988922119,1.0878809690475464,7.187767505645752,False,False,moderee,humide,2012,6,20,172,Phase_1_debut,Debut de saison (Mai-Juin),Kolda,Zone soudanienne,311.9986,0,plus_petite_couverture,Phase_1_debut
2012-06-20,C0_plus_petite_couverture,2012-06-20_002_012,-14.375,12.875,10.465631484985352,4.709885120391846,0.8662478923797607,5.755746364593506,False,False,moderee,normale,2012,6,20,172,Phase_1_debut,Debut de saison (Mai-Juin),Kolda,Zone soudanienne,339.1289,0,plus_petite_couverture,Phase_1_debut
2012-06-20,C0_plus_petite_couverture,2012-06-20_002_013,-14.125,12.875,9.053136825561523,4.087475299835205,0.8513347506523132,4.965661525726318,False,False,moderee,normale,2012,6,20,172,Phase_1_debut,Debut de saison (Mai-Juin),Kolda,Zone soudanienne,366.25922,0,plus_petite_couverture,Phase_1_debut
2012-06-20,C0_plus_petite_couverture,2012-06-20_002_014,-13.875,12.875,12.728097915649414,4.361911296844482,1.3272756338119507,8.366186618804932,False,False,moderee,humide,2012,6,20,172,Phase_1_debut,Debut de saison (Mai-Juin),Tambacounda,Zone soudanienne,393.38953,0,plus_petite_couverture,Phase_1_debut
2012-06-20,C0_plus_petite_couverture,2012-06-20_002_015,-13.625,12.875,10.917205810546875,4.549385070800781,1.0117789506912231,6.367820739746094,False,False,moderee,humide,2012,6,20,172,Phase_1_debut,Debut de saison (Mai-Juin),Tambacounda,Zone soudanienne,420.51984,0,plus_petite_couverture,Phase_1_debut
2012-06-20,C0_plus_petite_couverture,2012-06-20_002_016,-13.375,12.875,5.536491870880127,3.854402780532837,0.3124658465385437,1.68208909034729,False,False,moderee,normale,2012,6,20,172,Phase_1_debut,Debut de saison (Mai-Juin),Tambacounda,Zone soudanienne,447.65018,0,plus_petite_couverture,Phase_1_debut
2012-06-20,C0_plus_petite_couverture,2012-06-20_002_017,-13.125,12.875,4.568572998046875,4.203964710235596,0.06404120475053787,0.3646082878112793,False,False,faible,normale,2012,6,20,172,Phase_1_debut,Debut de saison (Mai-Juin),Kédougou,Zone soudanienne,474.78046,0,plus_petite_couverture,Phase_1_debut
2012-06-20,C0_plus_petite_couverture,2012-06-20_002_018,-12.875,12.875,3.927469491958618,4.303511619567871,-0.06206227466464043,-0.37604212760925293,False,False,faible,normale,2012,6,20,172,Phase_1_debut,Debut de saison (Mai-Juin),Kédougou,Zone soudanienne,501.91077,0,plus_petite_couverture,Phase_1_debut
2012-06-20,C0_plus_petite_couverture,2012-06-20_002_019,-12.625,12.875,1.627597689628601,4.208944797515869,-0.4878935217857361,-2.581347107887268,False,False,faible,normale,2012,6,20,172,Phase_1_debut,Debut de saison (Mai-Juin),Kédougou,Zone soudanienne,529.0411,0,plus_petite_couverture,Phase_1_debut
2012-06-20,C0_plus_petite_couverture,2012-06-20_002_020,-12.375,12.875,1.8553794622421265,4.3193769454956055,-0.4483256936073303,-2.463997483253479,False,False,faible,normale,2012,6,20,172,Phase_1_debut,Debut de saison (Mai-Juin),Kédougou,Zone soudanienne,556.17145,0,plus_petite_couverture,Phase_1_debut
2012-06-20,C0_plus_petite_couverture,2012-06-20_002_021,-12.125,12.875,3.0482571125030518,4.5078582763671875,-0.27924904227256775,-1.4596011638641357,False,False,faible,normale,2012,6,20,172,Phase_1_debut,Debut de saison (Mai-Juin),Kédougou,Zone soudanienne,583.3017,0,plus_petite_couverture,Phase_1_debut
2012-06-20,C0_plus_petite_couverture,2012-06-20_002_022,-11.875,12.875,6.427480697631836,4.724576473236084,0.31274378299713135,1.702904224395752,False,False,moderee,normale,2012,6,20,172,Phase_1_debut,Debut de saison (Mai-Juin),Kédougou,Zone soudanienne,610.432,0,plus_petite_couverture,Phase_1_debut
2012-06-20,C0_plus_petite_couverture,2012-06-20_002_023,-11.625,12.875,4.187667369842529,4.529996871948242,-0.06781550496816635,-0.3423295021057129,False,False,faible,normale,2012,6,20,172,Phase_1_debut,Debut de saison (Mai-Juin),Kédougou,Zone soudanienne,637.5624,0,plus_petite_couverture,Phase_1_debut
2012-06-20,C0_plus_petite_couverture,2012-06-20_003_003,-16.625,13.125,2.2940409183502197,2.5042319297790527,-0.03722115978598595,-0.210191011428833,False,False,faible,normale,2012,6,20,172,Phase_1_debut,Debut de saison (Mai-Juin),Ziguinchor,Zone soudanienne,94.86048,0,plus_petite_couverture,Phase_1_debut
2012-06-20,C0_plus_petite_couverture,2012-06-20_003_004,-16.375,13.125,7.852151393890381,2.5300700664520264,0.9886167049407959,5.3220813274383545,False,False,moderee,normale,2012,6,20,172,Phase_1_debut,Debut de saison (Mai-Juin),Ziguinchor,Zone soudanienne,121.96348,0,plus_petite_couverture,Phase_1_debut
2012-06-20,C0_plus_petite_couverture,2012-06-20_003_005,-16.125,13.125,11.138440132141113,2.990999698638916,1.4399911165237427,8.147440433502197,False,False,moderee,humide,2012,6,20,172,Phase_1_debut,Debut de saison (Mai-Juin),Sédhiou,Zone soudanienne,149.06648,0,plus_petite_couverture,Phase_1_debut
2012-06-20,C0_plus_petite_couverture,2012-06-20_003_006,-15.875,13.125,13.044317245483398,3.533062219619751,1.5592361688613892,9.511255025863647,False,False,moderee,humide,2012,6,20,172,Phase_1_debut,Debut de saison (Mai-Juin),Sédhiou,Zone soudanienne,176.16948,0,plus_petite_couverture,Phase_1_debut
2012-06-20,C0_plus_petite_couverture,2012-06-20_003_007,-15.625,13.125,16.206100463867188,4.225880146026611,1.7708402872085571,11.980220317840576,False,False,moderee,humide,2012,6,20,172,Phase_1_debut,Debut de saison (Mai-Juin),Sédhiou,Zone soudanienne,203.27248,0,plus_petite_couverture,Phase_1_debut
2012-06-20,C0_plus_petite_couverture,2012-06-20_003_008,-15.375,13.125,12.255626678466797,3.922163963317871,1.330610752105713,8.333462715148926,False,False,moderee,humide,2012,6,20,172,Phase_1_debut,Debut de saison (Mai-Juin),Kolda,Zone soudanienne,230.37546,0,plus_petite_couverture,Phase_1_debut
2012-06-20,C0_plus_petite_couverture,2012-06-20_003_009,-15.125,13.125,14.527434349060059,4.8217644691467285,1.2018461227416992,9.70566987991333,False,False,moderee,humide,2012,6,20,172,Phase_1_debut,Debut de saison (Mai-Juin),Kolda,Zone soudanienne,257.47845,0,plus_petite_couverture,Phase_1_debut
2012-06-20,C0_plus_petite_couverture,2012-06-20_003_010,-14.875,13.125,15.749686241149902,4.937691688537598,1.3474899530410767,10.811994552612305,False,False,moderee,humide,2012,6,20,172,Phase_1_debut,Debut de saison (Mai-Juin),Kolda,Zone soudanienne,284.58145,0,plus_petite_couverture,Phase_1_debut
2012-06-20,C0_plus_petite_couverture,2012-06-20_003_011,-14.625,13.125,13.102599143981934,4.473512649536133,1.3372408151626587,8.6290864944458,False,False,moderee,humide,2012,6,20,172,Phase_1_debut,Debut de saison (Mai-Juin),Kolda,Zone soudanienne,311.68445,0,plus_petite_couverture,Phase_1_debut
2012-06-20,C0_plus_petite_couverture,2012-06-20_003_012,-14.375,13.125,11.270452499389648,4.078208923339844,1.2318665981292725,7.192243576049805,False,False,moderee,humide,2012,6,20,172,Phase_1_debut,Debut de saison (Mai-Juin),Tambacounda,Zone soudanienne,338.78745,0,plus_petite_couverture,Phase_1_debut
2012-06-20,C0_plus_petite_couverture,2012-06-20_003_013,-14.125,13.125,8.525104522705078,3.650454521179199,0.8696740865707397,4.874650001525879,False,False,moderee,normale,2012,6,20,172,Phase_1_debut,Debut de saison (Mai-Juin),Tambacounda,Zone soudanienne,365.89044,0,plus_petite_couverture,Phase_1_debut
2012-06-20,C0_plus_petite_couverture,2012-06-20_003_014,-13.875,13.125,9.701676368713379,3.8827970027923584,0.9923504590988159,5.8188793659210205,False,False,moderee,normale,2012,6,20,172,Phase_1_debut,Debut de saison (Mai-Juin),Tambacounda,Zone soudanienne,392.99344,0,plus_petite_couverture,Phase_1_debut
2012-06-20,C0_plus_petite_couverture,2012-06-20_003_015,-13.625,13.125,9.734116554260254,4.033172607421875,0.9233406782150269,5.700943946838379,False,False,moderee,normale,2012,6,20,172,Phase_1_debut,Debut de saison (Mai-Juin),Tambacounda,Zone soudanienne,420.09644,0,plus_petite_couverture,Phase_1_debut
2012-06-20,C0_plus_petite_couverture,2012-06-20_003_016,-13.375,13.125,5.6030426025390625,3.4971277713775635,0.39822229743003845,2.105914831161499,False,False,moderee,normale,2012,6,20,172,Phase_1_debut,Debut de saison (Mai-Juin),Tambacounda,Zone soudanienne,447.19943,0,plus_petite_couverture,Phase_1_debut
2012-06-20,C0_plus_petite_couverture,2012-06-20_003_017,-13.125,13.125,4.916898727416992,3.455869436264038,0.2789900302886963,1.461029291152954,False,False,faible,normale,2012,6,20,172,Phase_1_debut,Debut de saison (Mai-Juin),Tambacounda,Zone soudanienne,474.30243,0,plus_petite_couverture,Phase_1_debut
2012-06-20,C0_plus_petite_couverture,2012-06-20_003_018,-12.875,13.125,5.5190510749816895,3.747854232788086,0.3406201899051666,1.7711968421936035,False,False,moderee,normale,2012,6,20,172,Phase_1_debut,Debut de saison (Mai-Juin),Tambacounda,Zone soudanienne,501.4054,0,plus_petite_couverture,Phase_1_debut
2012-06-20,C0_plus_petite_couverture,2012-06-20_003_019,-12.625,13.125,2.7559289932250977,3.446235418319702,-0.157919779419899,-0.6903064250946045,False,False,faible,normale,2012,6,20,172,Phase_1_debut,Debut de saison (Mai-Juin),Tambacounda,Zone soudanienne,528.5084,0,plus_petite_couverture,Phase_1_debut
2012-06-20,C0_plus_petite_couverture,2012-06-20_003_020,-12.375,13.125,0.17048878967761993,3.432079553604126,-0.7165895700454712,-3.261590763926506,False,False,trace,normale,2012,6,20,172,Phase_1_debut,Debut de saison (Mai-Juin),Tambacounda,Zone soudanienne,555.61145,0,plus_petite_couverture,Phase_1_debut
2012-06-20,C0_plus_petite_couverture,2012-06-20_003_021,-12.125,13.125,0.18782047927379608,3.4689724445343018,-0.724768340587616,-3.2811519652605057,False,False,trace,normale,2012,6,20,172,Phase_1_debut,Debut de saison (Mai-Juin),Tambacounda,Zone soudanienne,582.71436,0,plus_petite_couverture,Phase_1_debut
2012-06-20,C0_plus_petite_couverture,2012-06-20_003_022,-11.875,13.125,4.830562114715576,3.5330023765563965,0.29455190896987915,1.2975597381591797,False,False,faible,normale,2012,6,20,172,Phase_1_debut,Debut de saison (Mai-Juin),Tambacounda,Zone soudanienne,609.8174,0,plus_petite_couverture,Phase_1_debut
2012-06-20,C0_plus_petite_couverture,2012-06-20_003_023,-11.625,13.125,2.881401777267456,3.6547203063964844,-0.1881392002105713,-0.7733185291290283,False,False,faible,normale,2012,6,20,172,Phase_1_debut,Debut de saison (Mai-Juin),Tambacounda,Zone soudanienne,636.9204,0,plus_petite_couverture,Phase_1_debut
2012-06-20,C0_plus_petite_couverture,2012-06-20_004_009,-15.125,13.375,10.017147064208984,3.9417855739593506,1.0105072259902954,6.075361490249634,False,False,moderee,humide,2012,6,20,172,Phase_1_debut,Debut de saison (Mai-Juin),Kolda,Zone soudanienne,257.21408,0,plus_petite_couverture,Phase_1_debut
2012-06-20,C0_plus_petite_couverture,2012-06-20_004_010,-14.875,13.375,9.531543731689453,3.8107264041900635,0.8949282169342041,5.72081732749939,False,False,moderee,normale,2012,6,20,172,Phase_1_debut,Debut de saison (Mai-Juin),Kolda,Zone soudanienne,284.2892,0,plus_petite_couverture,Phase_1_debut
2012-06-20,C0_plus_petite_couverture,2012-06-20_004_015,-13.625,13.375,14.507960319519043,4.218233585357666,1.5054794549942017,10.289726734161377,False,False,moderee,humide,2012,6,20,172,Phase_1_debut,Debut de saison (Mai-Juin),Tambacounda,Zone soudanienne,419.66504,0,plus_petite_couverture,Phase_1_debut
2012-06-20,C0_plus_petite_couverture,2012-06-20_004_016,-13.375,13.375,10.434857368469238,3.814697504043579,1.1061341762542725,6.620159864425659,False,False,moderee,humide,2012,6,20,172,Phase_1_debut,Debut de saison (Mai-Juin),Tambacounda,Zone soudanienne,446.7402,0,plus_petite_couverture,Phase_1_debut
2012-06-20,C0_plus_petite_couverture,2012-06-20_004_017,-13.125,13.375,5.866115093231201,3.537799119949341,0.40956464409828186,2.3283159732818604,False,False,moderee,normale,2012,6,20,172,Phase_1_debut,Debut de saison (Mai-Juin),Tambacounda,Zone soudanienne,473.81537,0,plus_petite_couverture,Phase_1_debut
2012-06-20,C0_plus_petite_couverture,2012-06-20_004_018,-12.875,13.375,4.860189914703369,3.4404611587524414,0.28629982471466064,1.4197287559509277,False,False,faible,normale,2012,6,20,172,Phase_1_debut,Debut de saison (Mai-Juin),Tambacounda,Zone soudanienne,500.89053,0,plus_petite_couverture,Phase_1_debut
2012-06-20,C0_plus_petite_couverture,2012-06-20_004_019,-12.625,13.375,3.8734982013702393,3.404608726501465,0.10356973856687546,0.4688894748687744,False,False,faible,normale,2012,6,20,172,Phase_1_debut,Debut de saison (Mai-Juin),Tambacounda,Zone soudanienne,527.9657,0,plus_petite_couverture,Phase_1_debut
2012-06-20,C0_plus_petite_couverture,2012-06-20_004_020,-12.375,13.375,0.1397385448217392,3.1802704334259033,-0.6707265973091125,-3.040531888604164,False,False,trace,normale,2012,6,20,172,Phase_1_debut,Debut de saison (Mai-Juin),Tambacounda,Zone soudanienne,555.0409,0,plus_petite_couverture,Phase_1_debut
2012-06-20,C0_plus_petite_couverture,2012-06-20_004_021,-12.125,13.375,0.0,2.7686336040496826,-0.67195725440979,-2.7686336040496826,False,False,trace,normale,2012,6,20,172,Phase_1_debut,Debut de saison (Mai-Juin),Tambacounda,Zone soudanienne,582.116,0,plus_petite_couverture,Phase_1_debut
2012-06-20,C0_plus_petite_couverture,2012-06-20_004_022,-11.875,13.375,0.4721511900424957,3.0607998371124268,-0.5957239866256714,-2.588648647069931,False,False,trace,normale,2012,6,20,172,Phase_1_debut,Debut de saison (Mai-Juin),Tambacounda,Zone soudanienne,609.19116,0,plus_petite_couverture,Phase_1_debut
2012-06-20,C0_plus_petite_couverture,2012-06-20_004_023,-11.625,13.375,0.5971534848213196,3.546330690383911,-0.6436486840248108,-2.9491772055625916,False,False,trace,normale,2012,6,20,172,Phase_1_debut,Debut de saison (Mai-Juin),Tambacounda,Zone soudanienne,636.26636,0,plus_petite_couverture,Phase_1_debut
2012-06-20,C0_plus_petite_couverture,2012-06-20_005_004,-16.375,13.625,0.5145686864852905,1.9332537651062012,-0.33407264947891235,-1.4186850786209106,False,False,trace,normale,2012,6,20,172,Phase_1_debut,Debut de saison (Mai-Juin),Kaolack,Zone soudano-sahélienne,121.71068,0,plus_petite_couverture,Phase_1_debut
2012-06-20,C0_plus_petite_couverture,2012-06-20_005_005,-16.125,13.625,4.884641170501709,2.3893344402313232,0.5479112863540649,2.4953067302703857,False,False,faible,normale,2012,6,20,172,Phase_1_debut,Debut de saison (Mai-Juin),Kaolack,Zone soudano-sahélienne,148.75749,0,plus_petite_couverture,Phase_1_debut
2012-06-20,C0_plus_petite_couverture,2012-06-20_005_006,-15.875,13.625,5.592965602874756,2.4442298412323,0.7009187936782837,3.148735761642456,False,False,moderee,normale,2012,6,20,172,Phase_1_debut,Debut de saison (Mai-Juin),Kaffrine,Zone soudano-sahélienne,175.80432,0,plus_petite_couverture,Phase_1_debut
2012-06-20,C0_plus_petite_couverture,2012-06-20_005_007,-15.625,13.625,6.350428581237793,2.6039316654205322,0.871918797492981,3.7464969158172607,False,False,moderee,normale,2012,6,20,172,Phase_1_debut,Debut de saison (Mai-Juin),Kaffrine,Zone soudano-sahélienne,202.85114,0,plus_petite_couverture,Phase_1_debut
2012-06-20,C0_plus_petite_couverture,2012-06-20_005_012,-14.375,13.625,16.23540687561035,3.587233066558838,2.1196858882904053,12.648173809051514,True,False,moderee,tres humide,2012,6,20,172,Phase_1_debut,Debut de saison (Mai-Juin),Tambacounda,Zone soudano-sahélienne,338.0852,0,plus_petite_couverture,Phase_1_debut
2012-06-20,C0_plus_petite_couverture,2012-06-20_005_013,-14.125,13.625,13.503077507019043,3.3603012561798096,1.7872514724731445,10.142776250839233,False,False,moderee,humide,2012,6,20,172,Phase_1_debut,Debut de saison (Mai-Juin),Tambacounda,Zone soudano-sahélienne,365.13202,0,plus_petite_couverture,Phase_1_debut
2012-06-20,C0_plus_petite_couverture,2012-06-20_005_014,-13.875,13.625,12.925968170166016,3.878152847290039,1.3873353004455566,9.047815322875977,False,False,moderee,humide,2012,6,20,172,Phase_1_debut,Debut de saison (Mai-Juin),Tambacounda,Zone soudano-sahélienne,392.17886,0,plus_petite_couverture,Phase_1_debut
2012-06-20,C0_plus_petite_couverture,2012-06-20_005_015,-13.625,13.625,15.104439735412598,3.8636417388916016,1.6041067838668823,11.240797996520996,False,False,moderee,humide,2012,6,20,172,Phase_1_debut,Debut de saison (Mai-Juin),Tambacounda,Zone soudano-sahélienne,419.22565,0,plus_petite_couverture,Phase_1_debut
2012-06-20,C0_plus_petite_couverture,2012-06-20_005_016,-13.375,13.625,11.44186019897461,3.631345272064209,1.247304916381836,7.8105149269104,False,False,moderee,humide,2012,6,20,172,Phase_1_debut,Debut de saison (Mai-Juin),Tambacounda,Zone soudano-sahélienne,446.2725,0,plus_petite_couverture,Phase_1_debut
2012-06-20,C0_plus_petite_couverture,2012-06-20_005_017,-13.125,13.625,8.776815414428711,3.328645944595337,0.9434119462966919,5.448169469833374,False,False,moderee,normale,2012,6,20,172,Phase_1_debut,Debut de saison (Mai-Juin),Tambacounda,Zone soudano-sahélienne,473.3193,0,plus_petite_couverture,Phase_1_debut
2012-06-20,C0_plus_petite_couverture,2012-06-20_005_018,-12.875,13.625,7.5902180671691895,3.4543886184692383,0.7525858283042908,4.135829448699951,False,False,moderee,normale,2012,6,20,172,Phase_1_debut,Debut de saison (Mai-Juin),Tambacounda,Zone soudano-sahélienne,500.3661,0,plus_petite_couverture,Phase_1_debut
2012-06-20,C0_plus_petite_couverture,2012-06-20_005_019,-12.625,13.625,9.459686279296875,3.3910892009735107,1.2213900089263916,6.068597078323364,False,False,moderee,humide,2012,6,20,172,Phase_1_debut,Debut de saison (Mai-Juin),Tambacounda,Zone soudano-sahélienne,527.4129,0,plus_petite_couverture,Phase_1_debut
2012-06-20,C0_plus_petite_couverture,2012-06-20_005_020,-12.375,13.625,5.201642036437988,2.854788064956665,0.5292280912399292,2.3468539714813232,False,False,moderee,normale,2012,6,20,172,Phase_1_debut,Debut de saison (Mai-Juin),Tambacounda,Zone soudano-sahélienne,554.4598,0,plus_petite_couverture,Phase_1_debut
2012-06-20,C0_plus_petite_couverture,2012-06-20_005_021,-12.125,13.625,0.0,2.956082344055176,-0.636423647403717,-2.956082344055176,False,False,trace,normale,2012,6,20,172,Phase_1_debut,Debut de saison (Mai-Juin),Tambacounda,Zone soudano-sahélienne,581.50653,0,plus_petite_couverture,Phase_1_debut
2012-06-20,C0_plus_petite_couverture,2012-06-20_006_003,-16.625,13.875,0.0,1.6046876907348633,-0.3884505331516266,-1.6046876907348633,False,False,trace,normale,2012,6,20,172,Phase_1_debut,Debut de saison (Mai-Juin),Fatick,Zone soudano-sahélienne,94.562836,0,plus_petite_couverture,Phase_1_debut
2012-06-20,C0_plus_petite_couverture,2012-06-20_006_004,-16.375,13.875,0.7391027808189392,1.7456493377685547,-0.25240156054496765,-1.0065465569496155,False,False,trace,normale,2012,6,20,172,Phase_1_debut,Debut de saison (Mai-Juin),Fatick,Zone soudano-sahélienne,121.580795,0,plus_petite_couverture,Phase_1_debut
2012-06-20,C0_plus_petite_couverture,2012-06-20_006_005,-16.125,13.875,3.507988929748535,2.199723720550537,0.2872242033481598,1.308265209197998,False,False,faible,normale,2012,6,20,172,Phase_1_debut,Debut de saison (Mai-Juin),Fatick,Zone soudano-sahélienne,148.59875,0,plus_petite_couverture,Phase_1_debut
2012-06-20,C0_plus_petite_couverture,2012-06-20_006_006,-15.875,13.875,5.263796806335449,2.260924816131592,0.7118549346923828,3.0028719902038574,False,False,moderee,normale,2012,6,20,172,Phase_1_debut,Debut de saison (Mai-Juin),Kaolack,Zone soudano-sahélienne,175.6167,0,plus_petite_couverture,Phase_1_debut
2012-06-20,C0_plus_petite_couverture,2012-06-20_006_007,-15.625,13.875,5.716741561889648,2.400887966156006,0.8063262104988098,3.3158535957336426,False,False,moderee,normale,2012,6,20,172,Phase_1_debut,Debut de saison (Mai-Juin),Kaolack,Zone soudano-sahélienne,202.63466,0,plus_petite_couverture,Phase_1_debut
2012-06-20,C0_plus_petite_couverture,2012-06-20_006_008,-15.375,13.875,7.129724025726318,2.7755982875823975,1.010587453842163,4.354125738143921,False,False,moderee,humide,2012,6,20,172,Phase_1_debut,Debut de saison (Mai-Juin),Kaffrine,Zone soudano-sahélienne,229.6526,0,plus_petite_couverture,Phase_1_debut
2012-06-20,C0_plus_petite_couverture,2012-06-20_006_009,-15.125,13.875,6.3919243812561035,2.6028249263763428,0.8412018418312073,3.7890994548797607,False,False,moderee,normale,2012,6,20,172,Phase_1_debut,Debut de saison (Mai-Juin),Kaffrine,Zone soudano-sahélienne,256.67056,0,plus_petite_couverture,Phase_1_debut
2012-06-20,C0_plus_petite_couverture,2012-06-20_006_010,-14.875,13.875,10.176155090332031,2.594541549682617,1.5457980632781982,7.581613540649414,False,False,moderee,humide,2012,6,20,172,Phase_1_debut,Debut de saison (Mai-Juin),Kaffrine,Zone soudano-sahélienne,283.6885,0,plus_petite_couverture,Phase_1_debut
2012-06-20,C0_plus_petite_couverture,2012-06-20_006_011,-14.625,13.875,12.603612899780273,2.8684263229370117,1.8166425228118896,9.735186576843262,False,False,moderee,humide,2012,6,20,172,Phase_1_debut,Debut de saison (Mai-Juin),Kaffrine,Zone soudano-sahélienne,310.70648,0,plus_petite_couverture,Phase_1_debut
2012-06-20,C0_plus_petite_couverture,2012-06-20_006_012,-14.375,13.875,14.199750900268555,3.275949239730835,1.9210894107818604,10.92380166053772,False,False,moderee,humide,2012,6,20,172,Phase_1_debut,Debut de saison (Mai-Juin),Tambacounda,Zone soudano-sahélienne,337.72443,0,plus_petite_couverture,Phase_1_debut
2012-06-20,C0_plus_petite_couverture,2012-06-20_006_013,-14.125,13.875,12.072033882141113,3.2832353115081787,1.497698187828064,8.788798570632935,False,False,moderee,humide,2012,6,20,172,Phase_1_debut,Debut de saison (Mai-Juin),Tambacounda,Zone soudano-sahélienne,364.74237,0,plus_petite_couverture,Phase_1_debut
2012-06-20,C0_plus_petite_couverture,2012-06-20_006_014,-13.875,13.875,11.203591346740723,3.1544954776763916,1.4740657806396484,8.049095869064331,False,False,moderee,humide,2012,6,20,172,Phase_1_debut,Debut de saison (Mai-Juin),Tambacounda,Zone soudano-sahélienne,391.76035,0,plus_petite_couverture,Phase_1_debut
2012-06-20,C0_plus_petite_couverture,2012-06-20_006_015,-13.625,13.875,10.661942481994629,3.168787717819214,1.336478590965271,7.493154764175415,False,False,moderee,humide,2012,6,20,172,Phase_1_debut,Debut de saison (Mai-Juin),Tambacounda,Zone soudano-sahélienne,418.7783,0,plus_petite_couverture,Phase_1_debut
2012-06-20,C0_plus_petite_couverture,2012-06-20_006_016,-13.375,13.875,11.276653289794922,3.038377285003662,1.4918227195739746,8.23827600479126,False,False,moderee,humide,2012,6,20,172,Phase_1_debut,Debut de saison (Mai-Juin),Tambacounda,Zone soudano-sahélienne,445.79623,0,plus_petite_couverture,Phase_1_debut
2012-06-20,C0_plus_petite_couverture,2012-06-20_006_017,-13.125,13.875,10.985640525817871,2.7986106872558594,1.5774075984954834,8.187029838562012,False,False,moderee,humide,2012,6,20,172,Phase_1_debut,Debut de saison (Mai-Juin),Tambacounda,Zone soudano-sahélienne,472.81418,0,plus_petite_couverture,Phase_1_debut
2012-06-20,C0_plus_petite_couverture,2012-06-20_006_018,-12.875,13.875,9.327503204345703,3.01054310798645,1.17491614818573,6.316960096359253,False,False,moderee,humide,2012,6,20,172,Phase_1_debut,Debut de saison (Mai-Juin),Tambacounda,Zone soudano-sahélienne,499.83212,0,plus_petite_couverture,Phase_1_debut
2012-06-20,C0_plus_petite_couverture,2012-06-20_006_019,-12.625,13.875,6.123322010040283,2.8819937705993652,0.6509454846382141,3.241328239440918,False,False,moderee,normale,2012,6,20,172,Phase_1_debut,Debut de saison (Mai-Juin),Tambacounda,Zone soudano-sahélienne,526.8501,0,plus_petite_couverture,Phase_1_debut
2012-06-20,C0_plus_petite_couverture,2012-06-20_006_020,-12.375,13.875,2.349618673324585,2.4773449897766113,-0.02878996916115284,-0.12772631645202637,False,False,faible,normale,2012,6,20,172,Phase_1_debut,Debut de saison (Mai-Juin),Tambacounda,Zone soudano-sahélienne,553.86804,0,plus_petite_couverture,Phase_1_debut
2012-06-20,C0_plus_petite_couverture,2012-06-20_006_021,-12.125,13.875,0.0,2.407550573348999,-0.5589888095855713,-2.407550573348999,False,False,trace,normale,2012,6,20,172,Phase_1_debut,Debut de saison (Mai-Juin),Tambacounda,Zone soudano-sahélienne,580.886,0,plus_petite_couverture,Phase_1_debut
2012-06-20,C0_plus_petite_couverture,2012-06-20_007_003,-16.625,14.125,0.07986044883728027,1.1824418306350708,-0.32294565439224243,-1.1025813817977905,False,False,trace,normale,2012,6,20,172,Phase_1_debut,Debut de saison (Mai-Juin),Fatick,Zone soudano-sahélienne,94.460014,0,plus_petite_couverture,Phase_1_debut
2012-06-20,C0_plus_petite_couverture,2012-06-20_007_004,-16.375,14.125,0.20425072312355042,1.3859336376190186,-0.3418181240558624,-1.1816829144954681,False,False,trace,normale,2012,6,20,172,Phase_1_debut,Debut de saison (Mai-Juin),Fatick,Zone soudano-sahélienne,121.44859,0,plus_petite_couverture,Phase_1_debut
2012-06-20,C0_plus_petite_couverture,2012-06-20_007_005,-16.125,14.125,1.4919205904006958,1.727581262588501,-0.06433288753032684,-0.23566067218780518,False,False,faible,normale,2012,6,20,172,Phase_1_debut,Debut de saison (Mai-Juin),Fatick,Zone soudano-sahélienne,148.43718,0,plus_petite_couverture,Phase_1_debut
2012-06-20,C0_plus_petite_couverture,2012-06-20_007_006,-15.875,14.125,3.8598830699920654,1.9039051532745361,0.5209085941314697,1.9559779167175293,False,False,faible,normale,2012,6,20,172,Phase_1_debut,Debut de saison (Mai-Juin),Kaolack,Zone soudano-sahélienne,175.42575,0,plus_petite_couverture,Phase_1_debut
2012-06-20,C0_plus_petite_couverture,2012-06-20_007_007,-15.625,14.125,5.294439315795898,2.109311580657959,0.885392963886261,3.1851277351379395,False,False,moderee,normale,2012,6,20,172,Phase_1_debut,Debut de saison (Mai-Juin),Kaolack,Zone soudano-sahélienne,202.41434,0,plus_petite_couverture,Phase_1_debut
2012-06-20,C0_plus_petite_couverture,2012-06-20_007_008,-15.375,14.125,6.446193695068359,2.519976854324341,0.9443583488464355,3.9262168407440186,False,False,moderee,normale,2012,6,20,172,Phase_1_debut,Debut de saison (Mai-Juin),Kaffrine,Zone soudano-sahélienne,229.4029,0,plus_petite_couverture,Phase_1_debut
2012-06-20,C0_plus_petite_couverture,2012-06-20_007_009,-15.125,14.125,7.165136814117432,2.2790043354034424,1.2376034259796143,4.886132478713989,False,False,moderee,humide,2012,6,20,172,Phase_1_debut,Debut de saison (Mai-Juin),Kaffrine,Zone soudano-sahélienne,256.39148,0,plus_petite_couverture,Phase_1_debut
2012-06-20,C0_plus_petite_couverture,2012-06-20_007_010,-14.875,14.125,9.904319763183594,2.1339495182037354,1.8163433074951172,7.770370244979858,False,False,moderee,humide,2012,6,20,172,Phase_1_debut,Debut de saison (Mai-Juin),Kaffrine,Zone soudano-sahélienne,283.38007,0,plus_petite_couverture,Phase_1_debut
2012-06-20,C0_plus_petite_couverture,2012-06-20_007_011,-14.625,14.125,12.887459754943848,2.494797468185425,2.3044373989105225,10.392662286758423,True,False,moderee,tres humide,2012,6,20,172,Phase_1_debut,Debut de saison (Mai-Juin),Kaffrine,Zone soudano-sahélienne,310.36865,0,plus_petite_couverture,Phase_1_debut
2012-06-20,C0_plus_petite_couverture,2012-06-20_007_012,-14.375,14.125,12.28046989440918,3.060676336288452,1.6253535747528076,9.219793558120728,False,False,moderee,humide,2012,6,20,172,Phase_1_debut,Debut de saison (Mai-Juin),Tambacounda,Zone soudano-sahélienne,337.3572,0,plus_petite_couverture,Phase_1_debut
2012-06-20,C0_plus_petite_couverture,2012-06-20_007_013,-14.125,14.125,13.53780746459961,2.974738597869873,1.8414623737335205,10.563068866729736,False,False,moderee,humide,2012,6,20,172,Phase_1_debut,Debut de saison (Mai-Juin),Tambacounda,Zone soudano-sahélienne,364.34576,0,plus_petite_couverture,Phase_1_debut
2012-06-20,C0_plus_petite_couverture,2012-06-20_007_014,-13.875,14.125,9.54336166381836,2.858678102493286,1.247612476348877,6.684683561325073,False,False,moderee,humide,2012,6,20,172,Phase_1_debut,Debut de saison (Mai-Juin),Tambacounda,Zone soudano-sahélienne,391.33438,0,plus_petite_couverture,Phase_1_debut
2012-06-20,C0_plus_petite_couverture,2012-06-20_007_015,-13.625,14.125,10.889971733093262,2.6176934242248535,1.725033164024353,8.272278308868408,False,False,moderee,humide,2012,6,20,172,Phase_1_debut,Debut de saison (Mai-Juin),Tambacounda,Zone soudano-sahélienne,418.32294,0,plus_petite_couverture,Phase_1_debut
2012-06-20,C0_plus_petite_couverture,2012-06-20_007_016,-13.375,14.125,10.90435791015625,2.7045090198516846,1.6578524112701416,8.199848890304565,False,False,moderee,humide,2012,6,20,172,Phase_1_debut,Debut de saison (Mai-Juin),Tambacounda,Zone soudano-sahélienne,445.31152,0,plus_petite_couverture,Phase_1_debut
2012-06-20,C0_plus_petite_couverture,2012-06-20_007_017,-13.125,14.125,7.749877452850342,2.4174246788024902,1.1398963928222656,5.332452774047852,False,False,moderee,humide,2012,6,20,172,Phase_1_debut,Debut de saison (Mai-Juin),Tambacounda,Zone soudano-sahélienne,472.30008,0,plus_petite_couverture,Phase_1_debut
2012-06-20,C0_plus_petite_couverture,2012-06-20_007_018,-12.875,14.125,7.91925048828125,2.414806365966797,1.1742182970046997,5.504444122314453,False,False,moderee,humide,2012,6,20,172,Phase_1_debut,Debut de saison (Mai-Juin),Tambacounda,Zone soudano-sahélienne,499.28867,0,plus_petite_couverture,Phase_1_debut
2012-06-20,C0_plus_petite_couverture,2012-06-20_007_019,-12.625,14.125,4.9333906173706055,2.4028115272521973,0.6073750853538513,2.530579090118408,False,False,faible,normale,2012,6,20,172,Phase_1_debut,Debut de saison (Mai-Juin),Tambacounda,Zone soudano-sahélienne,526.2772,0,plus_petite_couverture,Phase_1_debut
2012-06-20,C0_plus_petite_couverture,2012-06-20_007_020,-12.375,14.125,2.6741881370544434,2.2436094284057617,0.12064521014690399,0.43057870864868164,False,False,faible,normale,2012,6,20,172,Phase_1_debut,Debut de saison (Mai-Juin),Tambacounda,Zone soudano-sahélienne,553.2658,0,plus_petite_couverture,Phase_1_debut
2012-06-20,C0_plus_petite_couverture,2012-06-20_007_021,-12.125,14.125,2.032492160797119,2.4490303993225098,-0.10068849474191666,-0.4165382385253906,False,False,faible,normale,2012,6,20,172,Phase_1_debut,Debut de saison (Mai-Juin),Tambacounda,Zone soudano-sahélienne,580.2544,0,plus_petite_couverture,Phase_1_debut
2012-06-20,C0_plus_petite_couverture,2012-06-20_008_002,-16.875,14.375,0.0,1.1824252605438232,-0.39339229464530945,-1.1824252605438232,False,False,trace,normale,2012,6,20,172,Phase_1_debut,Debut de saison (Mai-Juin),Thiès,Zone soudano-sahélienne,67.39671,0,plus_petite_couverture,Phase_1_debut
2012-06-20,C0_plus_petite_couverture,2012-06-20_008_003,-16.625,14.375,0.0,1.3802249431610107,-0.4289458990097046,-1.3802249431610107,False,False,trace,normale,2012,6,20,172,Phase_1_debut,Debut de saison (Mai-Juin),Fatick,Zone soudano-sahélienne,94.3554,0,plus_petite_couverture,Phase_1_debut
2012-06-20,C0_plus_petite_couverture,2012-06-20_008_004,-16.375,14.375,0.5272882580757141,1.4239827394485474,-0.2901141047477722,-0.8966944813728333,False,False,trace,normale,2012,6,20,172,Phase_1_debut,Debut de saison (Mai-Juin),Diourbel,Zone soudano-sahélienne,121.314095,0,plus_petite_couverture,Phase_1_debut
2012-06-20,C0_plus_petite_couverture,2012-06-20_008_005,-16.125,14.375,0.8630715012550354,1.6109626293182373,-0.20769445598125458,-0.7478911280632019,False,False,trace,normale,2012,6,20,172,Phase_1_debut,Debut de saison (Mai-Juin),Diourbel,Zone soudano-sahélienne,148.27278,0,plus_petite_couverture,Phase_1_debut
2012-06-20,C0_plus_petite_couverture,2012-06-20_008_006,-15.875,14.375,3.37153697013855,1.7194350957870483,0.4746592044830322,1.6521018743515015,False,False,faible,normale,2012,6,20,172,Phase_1_debut,Debut de saison (Mai-Juin),Diourbel,Zone soudano-sahélienne,175.23148,0,plus_petite_couverture,Phase_1_debut
2012-06-20,C0_plus_petite_couverture,2012-06-20_008_007,-15.625,14.375,5.03813362121582,2.0094168186187744,0.7931279540061951,3.028716802597046,False,False,moderee,normale,2012,6,20,172,Phase_1_debut,Debut de saison (Mai-Juin),Kaolack,Zone soudano-sahélienne,202.19016,0,plus_petite_couverture,Phase_1_debut
2012-06-20,C0_plus_petite_couverture,2012-06-20_008_008,-15.375,14.375,5.5747785568237305,2.2489523887634277,0.8239319920539856,3.3258261680603027,False,False,moderee,normale,2012,6,20,172,Phase_1_debut,Debut de saison (Mai-Juin),Kaffrine,Zone soudano-sahélienne,229.14883,0,plus_petite_couverture,Phase_1_debut
2012-06-20,C0_plus_petite_couverture,2012-06-20_008_009,-15.125,14.375,7.272672176361084,2.305971384048462,1.1814773082733154,4.966700792312622,False,False,moderee,humide,2012,6,20,172,Phase_1_debut,Debut de saison (Mai-Juin),Kaffrine,Zone soudano-sahélienne,256.10754,0,plus_petite_couverture,Phase_1_debut
2012-06-20,C0_plus_petite_couverture,2012-06-20_008_010,-14.875,14.375,9.224347114562988,2.036586284637451,1.7099668979644775,7.187760829925537,False,False,moderee,humide,2012,6,20,172,Phase_1_debut,Debut de saison (Mai-Juin),Kaffrine,Zone soudano-sahélienne,283.06622,0,plus_petite_couverture,Phase_1_debut
2012-06-20,C0_plus_petite_couverture,2012-06-20_008_011,-14.625,14.375,12.05385971069336,2.2693276405334473,2.271531820297241,9.784532070159912,True,False,moderee,tres humide,2012,6,20,172,Phase_1_debut,Debut de saison (Mai-Juin),Kaffrine,Zone soudano-sahélienne,310.0249,0,plus_petite_couverture,Phase_1_debut
2012-06-20,C0_plus_petite_couverture,2012-06-20_008_012,-14.375,14.375,13.292182922363281,2.74735951423645,1.9827221632003784,10.544823408126831,False,False,moderee,humide,2012,6,20,172,Phase_1_debut,Debut de saison (Mai-Juin),Tambacounda,Zone soudano-sahélienne,336.98358,0,plus_petite_couverture,Phase_1_debut
2012-06-20,C0_plus_petite_couverture,2012-06-20_008_013,-14.125,14.375,14.638175010681152,2.7338736057281494,2.1126821041107178,11.904301404953003,True,False,moderee,tres humide,2012,6,20,172,Phase_1_debut,Debut de saison (Mai-Juin),Tambacounda,Zone soudano-sahélienne,363.94226,0,plus_petite_couverture,Phase_1_debut
2012-06-20,C0_plus_petite_couverture,2012-06-20_008_014,-13.875,14.375,3.2482123374938965,2.6335737705230713,0.11720363795757294,0.6146385669708252,False,False,faible,normale,2012,6,20,172,Phase_1_debut,Debut de saison (Mai-Juin),Tambacounda,Zone soudano-sahélienne,390.90097,0,plus_petite_couverture,Phase_1_debut
2012-06-20,C0_plus_petite_couverture,2012-06-20_008_015,-13.625,14.375,6.251133441925049,2.2967464923858643,0.9807959794998169,3.9543869495391846,False,False,moderee,normale,2012,6,20,172,Phase_1_debut,Debut de saison (Mai-Juin),Tambacounda,Zone soudano-sahélienne,417.85965,0,plus_petite_couverture,Phase_1_debut
2012-06-20,C0_plus_petite_couverture,2012-06-20_008_016,-13.375,14.375,10.880916595458984,2.159228563308716,2.082272529602051,8.721688032150269,True,False,moderee,tres humide,2012,6,20,172,Phase_1_debut,Debut de saison (Mai-Juin),Tambacounda,Zone soudano-sahélienne,444.81833,0,plus_petite_couverture,Phase_1_debut
2012-06-20,C0_plus_petite_couverture,2012-06-20_008_017,-13.125,14.375,10.36358642578125,1.8077291250228882,2.284593105316162,8.555857300758362,True,False,moderee,tres humide,2012,6,20,172,Phase_1_debut,Debut de saison (Mai-Juin),Tambacounda,Zone soudano-sahélienne,471.777,0,plus_petite_couverture,Phase_1_debut
2012-06-20,C0_plus_petite_couverture,2012-06-20_008_018,-12.875,14.375,10.216695785522461,2.0164012908935547,1.9566999673843384,8.200294494628906,False,False,moderee,humide,2012,6,20,172,Phase_1_debut,Debut de saison (Mai-Juin),Tambacounda,Zone soudano-sahélienne,498.7357,0,plus_petite_couverture,Phase_1_debut
2012-06-20,C0_plus_petite_couverture,2012-06-20_008_019,-12.625,14.375,8.361988067626953,1.9870754480361938,1.8327977657318115,6.374912619590759,False,False,moderee,humide,2012,6,20,172,Phase_1_debut,Debut de saison (Mai-Juin),Tambacounda,Zone soudano-sahélienne,525.6944,0,plus_petite_couverture,Phase_1_debut
2012-06-20,C0_plus_petite_couverture,2012-06-20_008_020,-12.375,14.375,6.621540069580078,1.896690845489502,1.4305925369262695,4.724849224090576,False,False,moderee,humide,2012,6,20,172,Phase_1_debut,Debut de saison (Mai-Juin),Tambacounda,Zone soudano-sahélienne,552.6531,0,plus_petite_couverture,Phase_1_debut
2012-06-20,C0_plus_petite_couverture,2012-06-20_009_001,-17.125,14.625,0.0,0.6687033176422119,-0.37404924631118774,-0.6687033176422119,False,False,trace,normale,2012,6,20,172,Phase_1_debut,Debut de saison (Mai-Juin),Dakar,Zone soudano-sahélienne,40.39242,0,plus_petite_couverture,Phase_1_debut
2012-06-20,C0_plus_petite_couverture,2012-06-20_009_002,-16.875,14.625,0.0,0.7888953685760498,-0.40058809518814087,-0.7888953685760498,False,False,trace,normale,2012,6,20,172,Phase_1_debut,Debut de saison (Mai-Juin),Thiès,Zone soudano-sahélienne,67.3207,0,plus_petite_couverture,Phase_1_debut
2012-06-20,C0_plus_petite_couverture,2012-06-20_009_003,-16.625,14.625,0.037633370608091354,0.9753503203392029,-0.4065563380718231,-0.9377169497311115,False,False,trace,normale,2012,6,20,172,Phase_1_debut,Debut de saison (Mai-Juin),Thiès,Zone soudano-sahélienne,94.248985,0,plus_petite_couverture,Phase_1_debut
2012-06-20,C0_plus_petite_couverture,2012-06-20_009_004,-16.375,14.625,0.5377108454704285,1.5289474725723267,-0.284786581993103,-0.9912366271018982,False,False,trace,normale,2012,6,20,172,Phase_1_debut,Debut de saison (Mai-Juin),Diourbel,Zone soudano-sahélienne,121.17728,0,plus_petite_couverture,Phase_1_debut
2012-06-20,C0_plus_petite_couverture,2012-06-20_009_005,-16.125,14.625,0.0,1.3949472904205322,-0.41973116993904114,-1.3949472904205322,False,False,trace,normale,2012,6,20,172,Phase_1_debut,Debut de saison (Mai-Juin),Diourbel,Zone soudano-sahélienne,148.10556,0,plus_petite_couverture,Phase_1_debut
2012-06-20,C0_plus_petite_couverture,2012-06-20_009_006,-15.875,14.625,2.1310224533081055,1.3998360633850098,0.22329871356487274,0.7311863899230957,False,False,faible,normale,2012,6,20,172,Phase_1_debut,Debut de saison (Mai-Juin),Diourbel,Zone soudano-sahélienne,175.03384,0,plus_petite_couverture,Phase_1_debut
2012-06-20,C0_plus_petite_couverture,2012-06-20_009_007,-15.625,14.625,4.142639636993408,1.732176661491394,0.6855440735816956,2.410462975502014,False,False,faible,normale,2012,6,20,172,Phase_1_debut,Debut de saison (Mai-Juin),Kaffrine,Zone soudano-sahélienne,201.96213,0,plus_petite_couverture,Phase_1_debut
2012-06-20,C0_plus_petite_couverture,2012-06-20_009_008,-15.375,14.625,3.8469207286834717,1.533370852470398,0.7249307036399841,2.3135498762130737,False,False,faible,normale,2012,6,20,172,Phase_1_debut,Debut de saison (Mai-Juin),Kaffrine,Zone soudano-sahélienne,228.8904,0,plus_petite_couverture,Phase_1_debut
2012-06-20,C0_plus_petite_couverture,2012-06-20_009_009,-15.125,14.625,5.242400646209717,1.7291299104690552,1.0675725936889648,3.5132707357406616,False,False,moderee,humide,2012,6,20,172,Phase_1_debut,Debut de saison (Mai-Juin),Kaffrine,Zone soudano-sahélienne,255.8187,0,plus_petite_couverture,Phase_1_debut
2012-06-20,C0_plus_petite_couverture,2012-06-20_009_010,-14.875,14.625,8.031004905700684,1.8287029266357422,1.7054616212844849,6.202301979064941,False,False,moderee,humide,2012,6,20,172,Phase_1_debut,Debut de saison (Mai-Juin),Kaffrine,Zone soudano-sahélienne,282.74698,0,plus_petite_couverture,Phase_1_debut
2012-06-20,C0_plus_petite_couverture,2012-06-20_009_011,-14.625,14.625,11.974544525146484,2.104595899581909,2.482799768447876,9.869948625564575,True,False,moderee,tres humide,2012,6,20,172,Phase_1_debut,Debut de saison (Mai-Juin),Kaffrine,Zone soudano-sahélienne,309.67526,0,plus_petite_couverture,Phase_1_debut
2012-06-20,C0_plus_petite_couverture,2012-06-20_009_012,-14.375,14.625,13.158690452575684,2.297630548477173,2.261958360671997,10.86105990409851,True,False,moderee,tres humide,2012,6,20,172,Phase_1_debut,Debut de saison (Mai-Juin),Tambacounda,Zone soudano-sahélienne,336.60355,0,plus_petite_couverture,Phase_1_debut
2012-06-20,C0_plus_petite_couverture,2012-06-20_009_013,-14.125,14.625,14.813133239746094,2.0950376987457275,2.91992449760437,12.718095541000366,True,False,moderee,tres humide,2012,6,20,172,Phase_1_debut,Debut de saison (Mai-Juin),Tambacounda,Zone soudano-sahélienne,363.5318,0,plus_petite_couverture,Phase_1_debut
2012-06-20,C0_plus_petite_couverture,2012-06-20_009_014,-13.875,14.625,9.361459732055664,2.1156439781188965,1.717151165008545,7.245815753936768,False,False,moderee,humide,2012,6,20,172,Phase_1_debut,Debut de saison (Mai-Juin),Tambacounda,Zone soudano-sahélienne,390.4601,0,plus_petite_couverture,Phase_1_debut
2012-06-20,C0_plus_petite_couverture,2012-06-20_009_015,-13.625,14.625,7.405567169189453,2.015338182449341,1.4578830003738403,5.390228986740112,False,False,moderee,humide,2012,6,20,172,Phase_1_debut,Debut de saison (Mai-Juin),Tambacounda,Zone soudano-sahélienne,417.38837,0,plus_petite_couverture,Phase_1_debut
2012-06-20,C0_plus_petite_couverture,2012-06-20_009_016,-13.375,14.625,6.417750358581543,2.027425527572632,1.175500750541687,4.390324831008911,False,False,moderee,humide,2012,6,20,172,Phase_1_debut,Debut de saison (Mai-Juin),Tambacounda,Zone soudano-sahélienne,444.31668,0,plus_petite_couverture,Phase_1_debut
2012-06-20,C0_plus_petite_couverture,2012-06-20_009_017,-13.125,14.625,8.538475036621094,1.7648330926895142,1.9024550914764404,6.77364194393158,False,False,moderee,humide,2012,6,20,172,Phase_1_debut,Debut de saison (Mai-Juin),Tambacounda,Zone soudano-sahélienne,471.24493,0,plus_petite_couverture,Phase_1_debut
2012-06-20,C0_plus_petite_couverture,2012-06-20_009_018,-12.875,14.625,8.510473251342773,1.619626760482788,2.0532143115997314,6.890846490859985,True,False,moderee,tres humide,2012,6,20,172,Phase_1_debut,Debut de saison (Mai-Juin),Tambacounda,Zone soudano-sahélienne,498.17322,0,plus_petite_couverture,Phase_1_debut
2012-06-20,C0_plus_petite_couverture,2012-06-20_009_019,-12.625,14.625,6.554075717926025,1.7754759788513184,1.4442946910858154,4.778599739074707,False,False,moderee,humide,2012,6,20,172,Phase_1_debut,Debut de saison (Mai-Juin),Tambacounda,Zone soudano-sahélienne,525.1015,0,plus_petite_couverture,Phase_1_debut
2012-06-20,C0_plus_petite_couverture,2012-06-20_009_020,-12.375,14.625,7.0853590965271,1.5861159563064575,1.7542668581008911,5.499243140220642,False,False,moderee,humide,2012,6,20,172,Phase_1_debut,Debut de saison (Mai-Juin),Tambacounda,Zone soudano-sahélienne,552.0298,0,plus_petite_couverture,Phase_1_debut
2012-06-20,C0_plus_petite_couverture,2012-06-20_010_001,-17.125,14.875,0.0,0.4270537495613098,-0.32975929975509644,-0.4270537495613098,False,False,trace,normale,2012,6,20,172,Phase_1_debut,Debut de saison (Mai-Juin),Thiès,Zone soudano-sahélienne,40.346046,0,plus_petite_couverture,Phase_1_debut
2012-06-20,C0_plus_petite_couverture,2012-06-20_010_002,-16.875,14.875,0.0,0.5953933596611023,-0.3192494213581085,-0.5953933596611023,False,False,trace,normale,2012,6,20,172,Phase_1_debut,Debut de saison (Mai-Juin),Thiès,Zone soudano-sahélienne,67.243416,0,plus_petite_couverture,Phase_1_debut
2012-06-20,C0_plus_petite_couverture,2012-06-20_010_003,-16.625,14.875,0.0,0.5682525038719177,-0.3089943528175354,-0.5682525038719177,False,False,trace,normale,2012,6,20,172,Phase_1_debut,Debut de saison (Mai-Juin),Thiès,Zone soudano-sahélienne,94.14078,0,plus_petite_couverture,Phase_1_debut
2012-06-20,C0_plus_petite_couverture,2012-06-20_010_004,-16.375,14.875,0.0,0.746766984462738,-0.3356347382068634,-0.746766984462738,False,False,trace,normale,2012,6,20,172,Phase_1_debut,Debut de saison (Mai-Juin),Diourbel,Zone soudano-sahélienne,121.03815,0,plus_petite_couverture,Phase_1_debut
2012-06-20,C0_plus_petite_couverture,2012-06-20_010_005,-16.125,14.875,0.0,0.8648613095283508,-0.34670040011405945,-0.8648613095283508,False,False,trace,normale,2012,6,20,172,Phase_1_debut,Debut de saison (Mai-Juin),Diourbel,Zone soudano-sahélienne,147.93552,0,plus_petite_couverture,Phase_1_debut
2012-06-20,C0_plus_petite_couverture,2012-06-20_010_006,-15.875,14.875,0.24503695964813232,1.2693111896514893,-0.33637353777885437,-1.024274230003357,False,False,trace,normale,2012,6,20,172,Phase_1_debut,Debut de saison (Mai-Juin),Diourbel,Zone soudano-sahélienne,174.83289,0,plus_petite_couverture,Phase_1_debut
2012-06-20,C0_plus_petite_couverture,2012-06-20_010_007,-15.625,14.875,1.5421181917190552,1.3505686521530151,0.06449143588542938,0.19154953956604004,False,False,faible,normale,2012,6,20,172,Phase_1_debut,Debut de saison (Mai-Juin),Diourbel,Zone soudano-sahélienne,201.73026,0,plus_petite_couverture,Phase_1_debut
2012-06-20,C0_plus_petite_couverture,2012-06-20_010_008,-15.375,14.875,2.387078285217285,1.269853949546814,0.41385146975517273,1.1172243356704712,False,False,faible,normale,2012,6,20,172,Phase_1_debut,Debut de saison (Mai-Juin),Kaffrine,Zone soudano-sahélienne,228.62761,0,plus_petite_couverture,Phase_1_debut
2012-06-20,C0_plus_petite_couverture,2012-06-20_010_009,-15.125,14.875,4.402254581451416,1.2101393938064575,1.2745777368545532,3.1921151876449585,False,False,faible,humide,2012,6,20,172,Phase_1_debut,Debut de saison (Mai-Juin),Kaffrine,Zone soudano-sahélienne,255.525,0,plus_petite_couverture,Phase_1_debut
2012-06-20,C0_plus_petite_couverture,2012-06-20_010_010,-14.875,14.875,8.612404823303223,1.3780196905136108,2.725895643234253,7.234385132789612,True,False,moderee,tres humide,2012,6,20,172,Phase_1_debut,Debut de saison (Mai-Juin),Kaffrine,Zone soudano-sahélienne,282.42233,0,plus_petite_couverture,Phase_1_debut
2012-06-20,C0_plus_petite_couverture,2012-06-20_010_011,-14.625,14.875,9.469743728637695,1.6783767938613892,2.3972792625427246,7.791366934776306,True,False,moderee,tres humide,2012,6,20,172,Phase_1_debut,Debut de saison (Mai-Juin),Kaffrine,Zone soudano-sahélienne,309.31973,0,plus_petite_couverture,Phase_1_debut
2012-06-20,C0_plus_petite_couverture,2012-06-20_010_012,-14.375,14.875,11.502188682556152,1.5600472688674927,2.88877534866333,9.94214141368866,True,False,moderee,tres humide,2012,6,20,172,Phase_1_debut,Debut de saison (Mai-Juin),Tambacounda,Zone soudano-sahélienne,336.21707,0,plus_petite_couverture,Phase_1_debut
2012-06-20,C0_plus_petite_couverture,2012-06-20_010_013,-14.125,14.875,11.732008934020996,1.4479854106903076,3.39976167678833,10.284023523330688,True,False,moderee,exceptionnelle,2012,6,20,172,Phase_1_debut,Debut de saison (Mai-Juin),Matam,Zone soudano-sahélienne,363.11444,0,plus_petite_couverture,Phase_1_debut
2012-06-20,C0_plus_petite_couverture,2012-06-20_010_014,-13.875,14.875,12.257288932800293,1.5715358257293701,3.256424903869629,10.685753107070923,True,False,moderee,exceptionnelle,2012,6,20,172,Phase_1_debut,Debut de saison (Mai-Juin),Matam,Zone soudano-sahélienne,390.0118,0,plus_petite_couverture,Phase_1_debut
2012-06-20,C0_plus_petite_couverture,2012-06-20_010_015,-13.625,14.875,12.080687522888184,1.9563183784484863,2.6575729846954346,10.124369144439697,True,False,moderee,tres humide,2012,6,20,172,Phase_1_debut,Debut de saison (Mai-Juin),Matam,Zone soudano-sahélienne,416.90918,0,plus_petite_couverture,Phase_1_debut
2012-06-20,C0_plus_petite_couverture,2012-06-20_010_016,-13.375,14.875,7.165516376495361,1.727637529373169,1.661353588104248,5.437878847122192,False,False,moderee,humide,2012,6,20,172,Phase_1_debut,Debut de saison (Mai-Juin),Matam,Zone soudano-sahélienne,443.80655,0,plus_petite_couverture,Phase_1_debut
2012-06-20,C0_plus_petite_couverture,2012-06-20_010_017,-13.125,14.875,3.6850295066833496,1.1759523153305054,0.9559969305992126,2.5090771913528442,False,False,faible,normale,2012,6,20,172,Phase_1_debut,Debut de saison (Mai-Juin),Matam,Zone soudano-sahélienne,470.7039,0,plus_petite_couverture,Phase_1_debut
2012-06-20,C0_plus_petite_couverture,2012-06-20_010_018,-12.875,14.875,5.282623767852783,1.3041300773620605,1.3414082527160645,3.9784936904907227,False,False,moderee,humide,2012,6,20,172,Phase_1_debut,Debut de saison (Mai-Juin),Matam,Zone soudano-sahélienne,497.60126,0,plus_petite_couverture,Phase_1_debut
2012-06-20,C0_plus_petite_couverture,2012-06-20_010_019,-12.625,14.875,4.134440898895264,1.193717122077942,1.1594668626785278,2.9407237768173218,False,False,faible,humide,2012,6,20,172,Phase_1_debut,Debut de saison (Mai-Juin),Matam,Zone soudano-sahélienne,524.49866,0,plus_petite_couverture,Phase_1_debut
2012-06-20,C0_plus_petite_couverture,2012-06-20_011_002,-16.875,15.125,0.0,0.4222106635570526,-0.29514050483703613,-0.4222106635570526,False,False,trace,normale,2012,6,20,172,Phase_1_debut,Debut de saison (Mai-Juin),Thiès,Zone soudano-sahélienne,67.16484,0,plus_petite_couverture,Phase_1_debut
2012-06-20,C0_plus_petite_couverture,2012-06-20_011_003,-16.625,15.125,0.0,0.5012043118476868,-0.27610456943511963,-0.5012043118476868,False,False,trace,normale,2012,6,20,172,Phase_1_debut,Debut de saison (Mai-Juin),Thiès,Zone soudano-sahélienne,94.03078,0,plus_petite_couverture,Phase_1_debut
2012-06-20,C0_plus_petite_couverture,2012-06-20_011_004,-16.375,15.125,0.0,0.6689407825469971,-0.3442692160606384,-0.6689407825469971,False,False,trace,normale,2012,6,20,172,Phase_1_debut,Debut de saison (Mai-Juin),Louga,Zone soudano-sahélienne,120.89671,0,plus_petite_couverture,Phase_1_debut
2012-06-20,C0_plus_petite_couverture,2012-06-20_011_005,-16.125,15.125,0.0,0.7788109183311462,-0.3428041934967041,-0.7788109183311462,False,False,trace,normale,2012,6,20,172,Phase_1_debut,Debut de saison (Mai-Juin),Louga,Zone soudano-sahélienne,147.76265,0,plus_petite_couverture,Phase_1_debut
2012-06-20,C0_plus_petite_couverture,2012-06-20_011_006,-15.875,15.125,0.0,0.8990432620048523,-0.37165364623069763,-0.8990432620048523,False,False,trace,normale,2012,6,20,172,Phase_1_debut,Debut de saison (Mai-Juin),Louga,Zone soudano-sahélienne,174.6286,0,plus_petite_couverture,Phase_1_debut
2012-06-20,C0_plus_petite_couverture,2012-06-20_011_007,-15.625,15.125,0.0,1.040444254875183,-0.3619573712348938,-1.040444254875183,False,False,trace,normale,2012,6,20,172,Phase_1_debut,Debut de saison (Mai-Juin),Louga,Zone soudano-sahélienne,201.49454,0,plus_petite_couverture,Phase_1_debut
2012-06-20,C0_plus_petite_couverture,2012-06-20_011_008,-15.375,15.125,0.0,1.1098898649215698,-0.44635719060897827,-1.1098898649215698,False,False,trace,normale,2012,6,20,172,Phase_1_debut,Debut de saison (Mai-Juin),Louga,Zone soudano-sahélienne,228.36046,0,plus_petite_couverture,Phase_1_debut
2012-06-20,C0_plus_petite_couverture,2012-06-20_011_009,-15.125,15.125,0.0,1.0982081890106201,-0.40013495087623596,-1.0982081890106201,False,False,trace,normale,2012,6,20,172,Phase_1_debut,Debut de saison (Mai-Juin),Kaffrine,Zone soudano-sahélienne,255.22641,0,plus_petite_couverture,Phase_1_debut
2012-06-20,C0_plus_petite_couverture,2012-06-20_011_010,-14.875,15.125,0.9868748188018799,1.2377551794052124,-0.09943701326847076,-0.2508803606033325,False,False,trace,normale,2012,6,20,172,Phase_1_debut,Debut de saison (Mai-Juin),Kaffrine,Zone soudano-sahélienne,282.09235,0,plus_petite_couverture,Phase_1_debut
2012-06-20,C0_plus_petite_couverture,2012-06-20_011_011,-14.625,15.125,7.980732440948486,1.5134855508804321,2.1868879795074463,6.467246890068054,True,False,moderee,tres humide,2012,6,20,172,Phase_1_debut,Debut de saison (Mai-Juin),Kaffrine,Zone soudano-sahélienne,308.95828,0,plus_petite_couverture,Phase_1_debut
2012-06-20,C0_plus_petite_couverture,2012-06-20_011_012,-14.375,15.125,11.077520370483398,1.542686104774475,2.967074394226074,9.534834265708923,True,False,moderee,tres humide,2012,6,20,172,Phase_1_debut,Debut de saison (Mai-Juin),Matam,Zone soudano-sahélienne,335.82422,0,plus_petite_couverture,Phase_1_debut
2012-06-20,C0_plus_petite_couverture,2012-06-20_011_013,-14.125,15.125,10.317926406860352,1.173669695854187,3.3972156047821045,9.144256711006165,True,False,moderee,exceptionnelle,2012,6,20,172,Phase_1_debut,Debut de saison (Mai-Juin),Matam,Zone soudano-sahélienne,362.69012,0,plus_petite_couverture,Phase_1_debut
2012-06-20,C0_plus_petite_couverture,2012-06-20_011_014,-13.875,15.125,11.3143892288208,1.0510823726654053,3.977055311203003,10.263306856155396,True,False,moderee,exceptionnelle,2012,6,20,172,Phase_1_debut,Debut de saison (Mai-Juin),Matam,Zone soudano-sahélienne,389.5561,0,plus_petite_couverture,Phase_1_debut
2012-06-20,C0_plus_petite_couverture,2012-06-20_011_015,-13.625,15.125,13.419132232666016,1.418512225151062,3.5970458984375,12.000620007514954,True,False,moderee,exceptionnelle,2012,6,20,172,Phase_1_debut,Debut de saison (Mai-Juin),Matam,Zone soudano-sahélienne,416.42203,0,plus_petite_couverture,Phase_1_debut
2012-06-20,C0_plus_petite_couverture,2012-06-20_011_016,-13.375,15.125,11.375635147094727,1.4811911582946777,2.974698305130005,9.894443988800049,True,False,moderee,tres humide,2012,6,20,172,Phase_1_debut,Debut de saison (Mai-Juin),Matam,Zone soudano-sahélienne,443.28796,0,plus_petite_couverture,Phase_1_debut
2012-06-20,C0_plus_petite_couverture,2012-06-20_011_017,-13.125,15.125,6.02850341796875,1.2016606330871582,1.8189200162887573,4.826842784881592,False,False,moderee,humide,2012,6,20,172,Phase_1_debut,Debut de saison (Mai-Juin),Matam,Zone soudano-sahélienne,470.1539,0,plus_petite_couverture,Phase_1_debut
2012-06-20,C0_plus_petite_couverture,2012-06-20_011_018,-12.875,15.125,5.672544956207275,1.0932632684707642,1.6432576179504395,4.579281687736511,False,False,moderee,humide,2012,6,20,172,Phase_1_debut,Debut de saison (Mai-Juin),Matam,Zone soudano-sahélienne,497.0198,0,plus_petite_couverture,Phase_1_debut
2012-06-20,C0_plus_petite_couverture,2012-06-20_012_003,-16.625,15.375,0.0,0.4062536954879761,-0.30569353699684143,-0.4062536954879761,False,False,trace,normale,2012,6,20,172,Phase_1_debut,Debut de saison (Mai-Juin),Louga,Zone soudano-sahélienne,93.91899,0,plus_petite_couverture,Phase_1_debut
2012-06-20,C0_plus_petite_couverture,2012-06-20_012_004,-16.375,15.375,0.0,0.469485342502594,-0.34153980016708374,-0.469485342502594,False,False,trace,normale,2012,6,20,172,Phase_1_debut,Debut de saison (Mai-Juin),Louga,Zone soudano-sahélienne,120.75298,0,plus_petite_couverture,Phase_1_debut
2012-06-20,C0_plus_petite_couverture,2012-06-20_012_005,-16.125,15.375,0.0,0.6264550685882568,-0.39511850476264954,-0.6264550685882568,False,False,trace,normale,2012,6,20,172,Phase_1_debut,Debut de saison (Mai-Juin),Louga,Zone soudano-sahélienne,147.58699,0,plus_petite_couverture,Phase_1_debut
2012-06-20,C0_plus_petite_couverture,2012-06-20_012_006,-15.875,15.375,0.0,0.6486700177192688,-0.39803630113601685,-0.6486700177192688,False,False,trace,normale,2012,6,20,172,Phase_1_debut,Debut de saison (Mai-Juin),Louga,Zone soudano-sahélienne,174.42099,0,plus_petite_couverture,Phase_1_debut
2012-06-20,C0_plus_petite_couverture,2012-06-20_012_007,-15.625,15.375,0.0,0.717014729976654,-0.37887105345726013,-0.717014729976654,False,False,trace,normale,2012,6,20,172,Phase_1_debut,Debut de saison (Mai-Juin),Louga,Zone soudano-sahélienne,201.25497,0,plus_petite_couverture,Phase_1_debut
2012-06-20,C0_plus_petite_couverture,2012-06-20_012_008,-15.375,15.375,0.0,0.6478870511054993,-0.32480454444885254,-0.6478870511054993,False,False,trace,normale,2012,6,20,172,Phase_1_debut,Debut de saison (Mai-Juin),Louga,Zone soudano-sahélienne,228.08896,0,plus_petite_couverture,Phase_1_debut
2012-06-20,C0_plus_petite_couverture,2012-06-20_012_009,-15.125,15.375,0.0,0.6968117356300354,-0.3261330723762512,-0.6968117356300354,False,False,trace,normale,2012,6,20,172,Phase_1_debut,Debut de saison (Mai-Juin),Louga,Zone soudano-sahélienne,254.92297,0,plus_petite_couverture,Phase_1_debut
2012-06-20,C0_plus_petite_couverture,2012-06-20_012_010,-14.875,15.375,0.0,1.0533792972564697,-0.39675799012184143,-1.0533792972564697,False,False,trace,normale,2012,6,20,172,Phase_1_debut,Debut de saison (Mai-Juin),Louga,Zone soudano-sahélienne,281.75696,0,plus_petite_couverture,Phase_1_debut
2012-06-20,C0_plus_petite_couverture,2012-06-20_012_011,-14.625,15.375,3.770387887954712,1.1156232357025146,1.1567658185958862,2.6547646522521973,False,False,faible,humide,2012,6,20,172,Phase_1_debut,Debut de saison (Mai-Juin),Matam,Zone soudano-sahélienne,308.59097,0,plus_petite_couverture,Phase_1_debut
2012-06-20,C0_plus_petite_couverture,2012-06-20_012_012,-14.375,15.375,10.132545471191406,0.9528071284294128,3.796325445175171,9.179738342761993,True,False,moderee,exceptionnelle,2012,6,20,172,Phase_1_debut,Debut de saison (Mai-Juin),Matam,Zone soudano-sahélienne,335.42496,0,plus_petite_couverture,Phase_1_debut
2012-06-20,C0_plus_petite_couverture,2012-06-20_012_013,-14.125,15.375,9.76241683959961,0.8488447666168213,4.056807041168213,8.913572072982788,True,False,moderee,exceptionnelle,2012,6,20,172,Phase_1_debut,Debut de saison (Mai-Juin),Matam,Zone soudano-sahélienne,362.25894,0,plus_petite_couverture,Phase_1_debut
2012-06-20,C0_plus_petite_couverture,2012-06-20_012_014,-13.875,15.375,9.43857192993164,0.7816908359527588,4.237420082092285,8.656881093978882,True,False,moderee,exceptionnelle,2012,6,20,172,Phase_1_debut,Debut de saison (Mai-Juin),Matam,Zone soudano-sahélienne,389.09296,0,plus_petite_couverture,Phase_1_debut
2012-06-20,C0_plus_petite_couverture,2012-06-20_012_015,-13.625,15.375,10.974956512451172,0.8708816170692444,4.290982723236084,10.104074895381927,True,False,moderee,exceptionnelle,2012,6,20,172,Phase_1_debut,Debut de saison (Mai-Juin),Matam,Zone soudano-sahélienne,415.92694,0,plus_petite_couverture,Phase_1_debut
2012-06-20,C0_plus_petite_couverture,2012-06-20_012_016,-13.375,15.375,9.260735511779785,0.9628615975379944,3.391317367553711,8.29787391424179,True,False,moderee,exceptionnelle,2012,6,20,172,Phase_1_debut,Debut de saison (Mai-Juin),Matam,Zone soudano-sahélienne,442.76096,0,plus_petite_couverture,Phase_1_debut
2012-06-20,C0_plus_petite_couverture,2012-06-20_012_017,-13.125,15.375,6.796517372131348,0.9560116529464722,2.7958102226257324,5.8405057191848755,True,False,moderee,tres humide,2012,6,20,172,Phase_1_debut,Debut de saison (Mai-Juin),Matam,Zone soudano-sahélienne,469.59494,0,plus_petite_couverture,Phase_1_debut
2012-06-20,C0_plus_petite_couverture,2012-06-20_013_004,-16.375,15.625,0.0,0.4286322593688965,-0.35005515813827515,-0.4286322593688965,False,False,trace,normale,2012,6,20,172,Phase_1_debut,Debut de saison (Mai-Juin),Saint-Louis,Zone sahélienne,120.60696,0,plus_petite_couverture,Phase_1_debut
2012-06-20,C0_plus_petite_couverture,2012-06-20_013_005,-16.125,15.625,0.0,0.36486947536468506,-0.3403739929199219,-0.36486947536468506,False,False,trace,normale,2012,6,20,172,Phase_1_debut,Debut de saison (Mai-Juin),Saint-Louis,Zone sahélienne,147.40851,0,plus_petite_couverture,Phase_1_debut
2012-06-20,C0_plus_petite_couverture,2012-06-20_013_006,-15.875,15.625,0.0,0.46307608485221863,-0.3483588695526123,-0.46307608485221863,False,False,trace,normale,2012,6,20,172,Phase_1_debut,Debut de saison (Mai-Juin),Saint-Louis,Zone sahélienne,174.21005,0,plus_petite_couverture,Phase_1_debut
2012-06-20,C0_plus_petite_couverture,2012-06-20_013_007,-15.625,15.625,0.0,0.47285395860671997,-0.3502328097820282,-0.47285395860671997,False,False,trace,normale,2012,6,20,172,Phase_1_debut,Debut de saison (Mai-Juin),Saint-Louis,Zone sahélienne,201.0116,0,plus_petite_couverture,Phase_1_debut
2012-06-20,C0_plus_petite_couverture,2012-06-20_013_008,-15.375,15.625,0.1323026418685913,0.4977349042892456,-0.22328808903694153,-0.3654322624206543,False,False,trace,normale,2012,6,20,172,Phase_1_debut,Debut de saison (Mai-Juin),Louga,Zone sahélienne,227.81313,0,plus_petite_couverture,Phase_1_debut
2012-06-20,C0_plus_petite_couverture,2012-06-20_013_009,-15.125,15.625,0.2246471643447876,0.5485377907752991,-0.20315170288085938,-0.3238906264305115,False,False,trace,normale,2012,6,20,172,Phase_1_debut,Debut de saison (Mai-Juin),Louga,Zone sahélienne,254.6147,0,plus_petite_couverture,Phase_1_debut
2012-06-20,C0_plus_petite_couverture,2012-06-20_013_010,-14.875,15.625,0.33618801832199097,0.6060057878494263,-0.16695527732372284,-0.2698177695274353,False,False,trace,normale,2012,6,20,172,Phase_1_debut,Debut de saison (Mai-Juin),Louga,Zone sahélienne,281.41623,0,plus_petite_couverture,Phase_1_debut
2012-06-20,C0_plus_petite_couverture,2012-06-20_013_011,-14.625,15.625,3.1807119846343994,0.5743734836578369,2.0406594276428223,2.6063385009765625,True,False,faible,tres humide,2012,6,20,172,Phase_1_debut,Debut de saison (Mai-Juin),Matam,Zone sahélienne,308.21777,0,plus_petite_couverture,Phase_1_debut
2012-06-20,C0_plus_petite_couverture,2012-06-20_013_012,-14.375,15.625,7.635157585144043,0.6891705393791199,4.268331527709961,6.945987045764923,True,False,moderee,exceptionnelle,2012,6,20,172,Phase_1_debut,Debut de saison (Mai-Juin),Matam,Zone sahélienne,335.01932,0,plus_petite_couverture,Phase_1_debut
2012-06-20,C0_plus_petite_couverture,2012-06-20_013_013,-14.125,15.625,11.066929817199707,0.6772518754005432,5.26380729675293,10.389677941799164,True,False,moderee,exceptionnelle,2012,6,20,172,Phase_1_debut,Debut de saison (Mai-Juin),Matam,Zone sahélienne,361.82086,0,plus_petite_couverture,Phase_1_debut
2012-06-20,C0_plus_petite_couverture,2012-06-20_013_014,-13.875,15.625,12.529470443725586,0.8002685904502869,5.186212539672852,11.729201853275299,True,False,moderee,exceptionnelle,2012,6,20,172,Phase_1_debut,Debut de saison (Mai-Juin),Matam,Zone sahélienne,388.6224,0,plus_petite_couverture,Phase_1_debut
2012-06-20,C0_plus_petite_couverture,2012-06-20_013_015,-13.625,15.625,11.045307159423828,0.7803617715835571,4.677558422088623,10.264945387840271,True,False,moderee,exceptionnelle,2012,6,20,172,Phase_1_debut,Debut de saison (Mai-Juin),Matam,Zone sahélienne,415.42395,0,plus_petite_couverture,Phase_1_debut
2012-06-20,C0_plus_petite_couverture,2012-06-20_013_016,-13.375,15.625,9.054716110229492,0.8692781925201416,3.840200901031494,8.18543791770935,True,False,moderee,exceptionnelle,2012,6,20,172,Phase_1_debut,Debut de saison (Mai-Juin),Matam,Zone sahélienne,442.22552,0,plus_petite_couverture,Phase_1_debut
2012-06-20,C0_plus_petite_couverture,2012-06-20_014_004,-16.375,15.875,0.22061707079410553,0.27988240122795105,-0.06270736455917358,-0.05926533043384552,False,False,trace,normale,2012,6,20,172,Phase_1_debut,Debut de saison (Mai-Juin),Saint-Louis,Zone sahélienne,120.45863,0,plus_petite_couverture,Phase_1_debut
2012-06-20,C0_plus_petite_couverture,2012-06-20_014_005,-16.125,15.875,0.06717727333307266,0.3120661973953247,-0.2278728038072586,-0.24488892406225204,False,False,trace,normale,2012,6,20,172,Phase_1_debut,Debut de saison (Mai-Juin),Saint-Louis,Zone sahélienne,147.22722,0,plus_petite_couverture,Phase_1_debut
2012-06-20,C0_plus_petite_couverture,2012-06-20_014_006,-15.875,15.875,0.0,0.36737239360809326,-0.33143627643585205,-0.36737239360809326,False,False,trace,normale,2012,6,20,172,Phase_1_debut,Debut de saison (Mai-Juin),Saint-Louis,Zone sahélienne,173.9958,0,plus_petite_couverture,Phase_1_debut
2012-06-20,C0_plus_petite_couverture,2012-06-20_014_007,-15.625,15.875,0.02536506950855255,0.29618483781814575,-0.29704126715660095,-0.2708197683095932,False,False,trace,normale,2012,6,20,172,Phase_1_debut,Debut de saison (Mai-Juin),Saint-Louis,Zone sahélienne,200.76439,0,plus_petite_couverture,Phase_1_debut
2012-06-20,C0_plus_petite_couverture,2012-06-20_014_008,-15.375,15.875,0.1828637719154358,0.3723330795764923,-0.15551508963108063,-0.18946930766105652,False,False,trace,normale,2012,6,20,172,Phase_1_debut,Debut de saison (Mai-Juin),Louga,Zone sahélienne,227.53297,0,plus_petite_couverture,Phase_1_debut
2012-06-20,C0_plus_petite_couverture,2012-06-20_014_009,-15.125,15.875,0.6619726419448853,0.3887564241886139,0.22308669984340668,0.27321621775627136,False,False,trace,normale,2012,6,20,172,Phase_1_debut,Debut de saison (Mai-Juin),Louga,Zone sahélienne,254.30157,0,plus_petite_couverture,Phase_1_debut
2012-06-20,C0_plus_petite_couverture,2012-06-20_014_010,-14.875,15.875,0.05898909270763397,0.3715052306652069,-0.291208952665329,-0.31251613795757294,False,False,trace,normale,2012,6,20,172,Phase_1_debut,Debut de saison (Mai-Juin),Louga,Zone sahélienne,281.07013,0,plus_petite_couverture,Phase_1_debut
2012-06-20,C0_plus_petite_couverture,2012-06-20_014_011,-14.625,15.875,0.0,0.3328797519207001,-0.34736987948417664,-0.3328797519207001,False,False,trace,normale,2012,6,20,172,Phase_1_debut,Debut de saison (Mai-Juin),Matam,Zone sahélienne,307.83875,0,plus_petite_couverture,Phase_1_debut
2012-06-20,C0_plus_petite_couverture,2012-06-20_014_012,-14.375,15.875,0.5049451589584351,0.33176127076148987,0.15454967319965363,0.1731838881969452,False,False,trace,normale,2012,6,20,172,Phase_1_debut,Debut de saison (Mai-Juin),Matam,Zone sahélienne,334.60733,0,plus_petite_couverture,Phase_1_debut
2012-06-20,C0_plus_petite_couverture,2012-06-20_014_013,-14.125,15.875,5.697080135345459,0.4561726450920105,4.180100440979004,5.2409074902534485,True,False,moderee,exceptionnelle,2012,6,20,172,Phase_1_debut,Debut de saison (Mai-Juin),Matam,Zone sahélienne,361.3759,0,plus_petite_couverture,Phase_1_debut
2012-06-20,C0_plus_petite_couverture,2012-06-20_014_014,-13.875,15.875,10.36235237121582,0.5562368035316467,5.303592681884766,9.806115567684174,True,False,moderee,exceptionnelle,2012,6,20,172,Phase_1_debut,Debut de saison (Mai-Juin),Matam,Zone sahélienne,388.1445,0,plus_petite_couverture,Phase_1_debut
2012-06-20,C0_plus_petite_couverture,2012-06-20_014_015,-13.625,15.875,9.081327438354492,0.673988938331604,4.453433036804199,8.407338500022888,True,False,moderee,exceptionnelle,2012,6,20,172,Phase_1_debut,Debut de saison (Mai-Juin),Matam,Zone sahélienne,414.91306,0,plus_petite_couverture,Phase_1_debut
2012-06-20,C0_plus_petite_couverture,2012-06-20_014_016,-13.375,15.875,7.654528617858887,0.7265177965164185,3.436277151107788,6.928010821342468,True,False,moderee,exceptionnelle,2012,6,20,172,Phase_1_debut,Debut de saison (Mai-Juin),Matam,Zone sahélienne,441.68167,0,plus_petite_couverture,Phase_1_debut
2012-06-20,C0_plus_petite_couverture,2012-06-20_015_004,-16.375,16.125,0.0,0.26339200139045715,-0.2671075165271759,-0.26339200139045715,False,False,trace,normale,2012,6,20,172,Phase_1_debut,Debut de saison (Mai-Juin),Saint-Louis,Zone sahélienne,120.308014,0,plus_petite_couverture,Phase_1_debut
2012-06-20,C0_plus_petite_couverture,2012-06-20_015_005,-16.125,16.125,0.0,0.22975853085517883,-0.2741151750087738,-0.22975853085517883,False,False,trace,normale,2012,6,20,172,Phase_1_debut,Debut de saison (Mai-Juin),Saint-Louis,Zone sahélienne,147.04314,0,plus_petite_couverture,Phase_1_debut
2012-06-20,C0_plus_petite_couverture,2012-06-20_015_006,-15.875,16.125,0.0,0.18434937298297882,-0.2955630421638489,-0.18434937298297882,False,False,trace,normale,2012,6,20,172,Phase_1_debut,Debut de saison (Mai-Juin),Saint-Louis,Zone sahélienne,173.77824,0,plus_petite_couverture,Phase_1_debut
2012-06-20,C0_plus_petite_couverture,2012-06-20_015_007,-15.625,16.125,0.0,0.18541179597377777,-0.2723886966705322,-0.18541179597377777,False,False,trace,normale,2012,6,20,172,Phase_1_debut,Debut de saison (Mai-Juin),Saint-Louis,Zone sahélienne,200.51337,0,plus_petite_couverture,Phase_1_debut
2012-06-20,C0_plus_petite_couverture,2012-06-20_015_008,-15.375,16.125,0.0,0.1710083931684494,-0.21549475193023682,-0.1710083931684494,False,False,trace,normale,2012,6,20,172,Phase_1_debut,Debut de saison (Mai-Juin),Louga,Zone sahélienne,227.24846,0,plus_petite_couverture,Phase_1_debut
2012-06-20,C0_plus_petite_couverture,2012-06-20_015_009,-15.125,16.125,0.05357377976179123,0.20756907761096954,-0.24437490105628967,-0.15399529784917831,False,False,trace,normale,2012,6,20,172,Phase_1_debut,Debut de saison (Mai-Juin),Louga,Zone sahélienne,253.9836,0,plus_petite_couverture,Phase_1_debut
2012-06-20,C0_plus_petite_couverture,2012-06-20_015_010,-14.875,16.125,0.11817393451929092,0.2143508344888687,-0.12866318225860596,-0.09617689996957779,False,False,trace,normale,2012,6,20,172,Phase_1_debut,Debut de saison (Mai-Juin),Louga,Zone sahélienne,280.7187,0,plus_petite_couverture,Phase_1_debut
2012-06-20,C0_plus_petite_couverture,2012-06-20_015_011,-14.625,16.125,0.0,0.20821833610534668,-0.2847040593624115,-0.20821833610534668,False,False,trace,normale,2012,6,20,172,Phase_1_debut,Debut de saison (Mai-Juin),Matam,Zone sahélienne,307.45383,0,plus_petite_couverture,Phase_1_debut
2012-06-20,C0_plus_petite_couverture,2012-06-20_015_012,-14.375,16.125,0.0,0.20885886251926422,-0.25210678577423096,-0.20885886251926422,False,False,trace,normale,2012,6,20,172,Phase_1_debut,Debut de saison (Mai-Juin),Matam,Zone sahélienne,334.18893,0,plus_petite_couverture,Phase_1_debut
2012-06-20,C0_plus_petite_couverture,2012-06-20_015_013,-14.125,16.125,0.2690638303756714,0.2459023892879486,0.025885479524731636,0.02316144108772278,False,False,trace,normale,2012,6,20,172,Phase_1_debut,Debut de saison (Mai-Juin),Matam,Zone sahélienne,360.92404,0,plus_petite_couverture,Phase_1_debut
2012-06-20,C0_plus_petite_couverture,2012-06-20_015_014,-13.875,16.125,2.347447633743286,0.392831414937973,1.6853206157684326,1.954616218805313,False,False,faible,humide,2012,6,20,172,Phase_1_debut,Debut de saison (Mai-Juin),Matam,Zone sahélienne,387.65915,0,plus_petite_couverture,Phase_1_debut
2012-06-20,C0_plus_petite_couverture,2012-06-20_016_005,-16.125,16.375,0.0,0.08263645321130753,-0.22703254222869873,-0.08263645321130753,False,False,trace,normale,2012,6,20,172,Phase_1_debut,Debut de saison (Mai-Juin),Saint-Louis,Zone sahélienne,146.85623,0,plus_petite_couverture,Phase_1_debut
2012-06-20,C0_plus_petite_couverture,2012-06-20_016_006,-15.875,16.375,0.0,0.07212512195110321,-0.17090703547000885,-0.07212512195110321,False,False,trace,normale,2012,6,20,172,Phase_1_debut,Debut de saison (Mai-Juin),Saint-Louis,Zone sahélienne,173.55737,0,plus_petite_couverture,Phase_1_debut
2012-06-20,C0_plus_petite_couverture,2012-06-20_016_007,-15.625,16.375,0.0,0.0731874480843544,-0.15728510916233063,-0.0731874480843544,False,False,trace,normale,2012,6,20,172,Phase_1_debut,Debut de saison (Mai-Juin),Saint-Louis,Zone sahélienne,200.25851,0,plus_petite_couverture,Phase_1_debut
2012-06-20,C0_plus_petite_couverture,2012-06-20_016_008,-15.375,16.375,0.0,0.09216535091400146,-0.18837137520313263,-0.09216535091400146,False,False,trace,normale,2012,6,20,172,Phase_1_debut,Debut de saison (Mai-Juin),Louga,Zone sahélienne,226.95963,0,plus_petite_couverture,Phase_1_debut
2012-06-20,C0_plus_petite_couverture,2012-06-20_016_009,-15.125,16.375,0.0,0.09932743012905121,-0.2225026935338974,-0.09932743012905121,False,False,trace,normale,2012,6,20,172,Phase_1_debut,Debut de saison (Mai-Juin),Louga,Zone sahélienne,253.66078,0,plus_petite_couverture,Phase_1_debut
2012-06-20,C0_plus_petite_couverture,2012-06-20_016_010,-14.875,16.375,0.0,0.18473294377326965,-0.28973516821861267,-0.18473294377326965,False,False,trace,normale,2012,6,20,172,Phase_1_debut,Debut de saison (Mai-Juin),Louga,Zone sahélienne,280.3619,0,plus_petite_couverture,Phase_1_debut
2012-06-20,C0_plus_petite_couverture,2012-06-20_016_011,-14.625,16.375,0.0,0.18997624516487122,-0.2564249038696289,-0.18997624516487122,False,False,trace,normale,2012,6,20,172,Phase_1_debut,Debut de saison (Mai-Juin),Matam,Zone sahélienne,307.06305,0,plus_petite_couverture,Phase_1_debut
2012-06-20,C0_plus_petite_couverture,2012-06-20_016_012,-14.375,16.375,0.0,0.12815842032432556,-0.26616737246513367,-0.12815842032432556,False,False,trace,normale,2012,6,20,172,Phase_1_debut,Debut de saison (Mai-Juin),Matam,Zone sahélienne,333.76416,0,plus_petite_couverture,Phase_1_debut
2012-06-20,C0_plus_petite_couverture,2012-06-20_016_013,-14.125,16.375,0.0,0.10312207043170929,-0.20926077663898468,-0.10312207043170929,False,False,trace,normale,2012,6,20,172,Phase_1_debut,Debut de saison (Mai-Juin),Matam,Zone sahélienne,360.4653,0,plus_petite_couverture,Phase_1_debut
2012-06-20,C0_plus_petite_couverture,2012-06-20_017_010,-14.875,16.625,0.0,0.19322046637535095,-0.21676024794578552,-0.19322046637535095,False,False,trace,normale,2012,6,20,172,Phase_1_debut,Debut de saison (Mai-Juin),Louga,Zone sahélienne,279.9998,0,plus_petite_couverture,Phase_1_debut
2012-06-20,C0_plus_petite_couverture,2012-06-20_017_011,-14.625,16.625,0.0,0.20510467886924744,-0.25480586290359497,-0.20510467886924744,False,False,trace,normale,2012,6,20,172,Phase_1_debut,Debut de saison (Mai-Juin),Matam,Zone sahélienne,306.66644,0,plus_petite_couverture,Phase_1_debut
2012-06-20,C0_plus_petite_couverture,2012-06-20_017_012,-14.375,16.625,0.0,0.15138264000415802,-0.21121171116828918,-0.15138264000415802,False,False,trace,normale,2012,6,20,172,Phase_1_debut,Debut de saison (Mai-Juin),Matam,Zone sahélienne,333.33307,0,plus_petite_couverture,Phase_1_debut
