date,phase,PC1,PC2,PC3,PC4,PC5,PC6,PC7,PC8,PC9,PC10,PC11,PC12,PC13,PC14,PC15,PC16,PC17,PC18,PC19,PC20,PC21,PC22,PC23,PC24,PC25,PC26,PC27,PC28,PC29,PC30,PC31,PC32,PC33,PC34,PC35,PC36,PC37,PC38,PC39,PC40,PC41,PC42,PC43,PC44,PC45,PC46,PC47,PC48,PC49,PC50,PC51,PC52,PC53,PC54,PC55,PC56,PC57,PC58,PC59,PC60,PC61,PC62,PC63,PC64,PC65,PC66,PC67,PC68,PC69,PC70,PC71,PC72,PC73,PC74,PC75,PC76,PC77,PC78,PC79,PC80,PC81,PC82,PC83,PC84,PC85,PC86,PC87,PC88,PC89,PC90,PC91,PC92,PC93,PC94,PC95,PC96,PC97,PC98,PC99,PC100,PC101,PC102,PC103,PC104,PC105,PC106,PC107,PC108,PC109,PC110,PC111,PC112,PC113,PC114,PC115,PC116,PC117,PC118,PC119,PC120,PC121,PC122,PC123,PC124,PC125,PC126,PC127,PC128,PC129,PC130,PC131,PC132,PC133,PC134,PC135,PC136,PC137,PC138,PC139,PC140,PC141,PC142,PC143,PC144,PC145,PC146,PC147,PC148,PC149,PC150,PC151,PC152,PC153,PC154,PC155,PC156,PC157,PC158,PC159,PC160,PC161,PC162,PC163,PC164,PC165,PC166,PC167,PC168,cluster
2012-09-28,Phase_3_fin,27.575132,-371.11227,-256.36093,-97.45405,-129.8784,-70.24994,56.233704,-10.327939,239.24336,-21.111338,83.381744,85.45733,58.235138,-115.43627,-98.36192,-69.681366,-47.749737,90.456825,83.78897,78.17145,-30.613323,-32.46719,-4.631277,-52.153763,21.287758,-102.47465,-11.198452,47.44649,-33.481712,-6.9358644,-35.249996,6.4298587,14.209048,-16.670689,-44.67552,5.429375,-32.83832,-3.292593,-26.926205,30.166412,33.36646,11.094599,-14.383721,-2.3039622,53.08796,32.246357,39.435867,27.177734,-17.977373,-6.0206647,-27.249401,40.546734,-27.288458,-35.47788,26.191063,-16.387089,22.738361,1.5189403,-23.653887,-48.710762,37.6796,1.3577722,59.12086,-9.660629,-45.00573,4.765297,4.9195957,-26.243668,54.18589,1.8924376,5.1094456,3.5864952,-4.2900767,-36.75654,9.498236,-5.0885935,-20.776457,13.235573,10.989886,-8.857474,4.9188533,-10.5074215,22.699945,13.243958,7.7365975,-39.670364,-21.044739,11.486781,8.611271,-24.833603,-41.837254,59.04367,53.728935,5.0633707,54.899426,0.19332574,-1.7185739,-22.105986,-1.8042351,33.049366,47.84752,-17.672457,-34.684013,25.731815,-20.74315,30.50727,33.237453,0.863167,-20.55968,25.496307,8.519528,4.253842,51.638306,16.935642,-16.097664,29.625431,-14.740695,6.770392,28.391857,-44.670956,-3.3592622,4.8763075,7.7427797,-38.667637,35.870274,0.6593567,18.38794,-17.779764,-25.489244,86.446175,34.177376,-1.9824561,16.45056,-20.22499,2.1982777,-7.062808,13.937552,-12.739238,-13.117312,-12.334005,-10.956321,33.478973,2.62126,7.423003,5.094724,-18.761663,-33.70734,9.073348,-13.037116,-4.376333,-23.204683,-14.960272,-14.324027,-12.173502,-0.78224796,-17.587639,1.7035846,2.210153,-4.0940576,-10.138444,-8.373014,16.385895,8.073096,22.17898,-7.3229437,14.417379,-9.694421,-15.037951,1
2000-10-16,Phase_3_fin,-226.16138,31.903898,-6.8028917,52.85669,-181.81049,57.066414,49.970978,84.64886,-83.2333,133.16162,-76.58254,36.043774,-238.24852,-24.615383,17.425648,122.29041,-104.77863,-20.596174,147.57118,-15.329359,44.944057,93.836876,-35.37752,5.424407,48.139175,-23.42776,6.332722,-51.906185,-115.29308,39.121044,72.27245,78.68244,-56.256943,13.429964,154.3999,117.71936,-130.69455,69.89991,20.328703,33.326904,-34.476715,-64.78742,37.458527,23.148396,14.00671,0.99633926,-62.22878,84.54653,41.137684,-6.0757046,-58.985638,-7.0773315,-24.392612,15.1426525,27.71765,-29.291632,-9.115828,7.8078594,-4.1799726,-22.708979,10.87693,5.5603514,2.6043625,-14.305564,-12.829282,-39.104126,8.609934,21.023775,16.261074,33.174744,-34.0517,60.241142,0.7445676,20.098536,-27.902554,-9.205127,10.797138,3.7842352,-12.303977,12.141135,52.147366,-23.248442,-15.21011,31.302221,-11.282639,-5.621947,18.974178,-14.879873,-11.062461,-19.103107,-18.615572,55.39243,-17.534746,23.18231,-7.416199,-15.586519,-35.39821,36.033466,-0.6057524,1.2296107,52.102238,-5.939785,-28.99171,29.414368,5.154496,-27.359018,49.964596,-34.229046,6.102551,11.199012,9.331128,30.700758,-0.18367897,-7.639775,29.3053,6.849725,5.842623,2.3623173,4.8277392,-14.260407,15.087915,8.191571,-22.618746,15.740294,-24.822628,14.014135,-19.271658,14.790405,-0.57515043,-1.7023542,25.242346,-9.647925,-12.32934,21.749552,12.91329,19.01105,-20.32274,20.194199,-1.7733458,-49.441734,-10.861545,14.491758,-11.7158985,-35.636627,8.495536,3.2391238,14.061218,-3.196012,27.388649,17.535458,21.829199,-7.84927,4.2655325,-10.205496,-20.056324,4.697072,-20.754883,0.6786569,21.695086,25.703701,7.154131,-30.316559,-9.211413,3.5423596,-24.392467,-4.190778,16.314276,-4.4567213,3
2022-10-24,Phase_3_fin,-280.6711,97.354195,9.598983,197.77296,48.21062,150.8107,156.67271,46.934563,69.94768,-17.8396,-41.02924,42.361492,89.03725,113.703415,114.586685,-84.5559,21.613014,63.668514,-42.306843,9.985438,-44.237118,32.63598,88.29702,-25.261662,-15.704865,-24.32617,60.870388,-19.830875,12.008085,-1.0041941,24.704926,-34.31628,-17.245932,6.8857927,-45.268024,76.10631,-30.26157,14.482175,-9.633214,52.663002,-56.449146,-64.772644,-26.712088,-54.47932,-19.352999,38.359245,34.432934,34.03671,-25.333452,-23.82404,-23.114126,22.45794,-67.55388,22.602337,8.7284775,42.005684,35.76793,-0.68489873,-92.350784,45.97577,-4.804179,-94.422516,40.88666,-25.446657,-2.4222853,-45.414074,45.322605,37.60856,-40.190525,10.201673,-34.508457,13.910958,48.718803,-1.6099584,51.74518,-10.554942,9.444808,-21.952784,40.639122,-10.28071,-44.322502,-75.00017,62.284748,51.0429,-37.185093,55.552525,1.1319199,27.26503,-42.56916,-82.872185,3.5448115,-53.2667,5.7647095,48.438908,3.3427548,-14.20783,-39.891956,-39.85533,-68.39197,-32.59357,-14.915084,21.692179,-47.85751,29.820265,4.7033176,-8.834288,-43.285194,87.11425,-39.035656,65.056335,-3.7732227,6.976161,-12.891513,7.146885,-25.897917,24.233341,-27.153416,-3.0831592,29.820494,42.018562,-21.032768,17.980688,-17.845428,-17.426655,10.003425,-22.762663,-10.86355,-8.192572,-12.672747,-9.545907,-9.935751,-7.639055,-22.554565,3.3163118,-1.4937898,7.201249,-28.710848,-8.720994,-1.4919857,20.056124,0.6413267,12.317332,5.29221,-24.069092,-12.902672,8.451597,0.67178935,11.022338,8.5903845,-2.4566648,9.557491,0.5832775,-3.4713497,-0.3496972,-10.796832,3.352148,14.789515,20.679972,-3.1519523,-22.721296,-5.6697683,-14.475671,29.751444,4.3224463,-5.1863003,-9.366882,-16.773663,-9.197126,3
2002-10-10,Phase_3_fin,126.24313,-4.6181073,-128.88512,-87.69447,-69.28452,43.747368,181.78677,185.00732,-87.68463,29.096586,154.3804,-208.13588,-7.548312,56.958466,67.08483,-118.17346,111.9149,-51.31797,68.01639,100.86566,-107.57663,-27.381096,-89.77342,137.08792,42.998425,108.08797,44.550316,68.85812,-56.20421,-91.18946,-118.8481,30.222805,5.3010354,1.252916,46.593388,-22.684008,-1.3034576,27.33887,31.403568,25.794086,28.630331,-63.959637,-99.965416,0.61720955,-73.702446,32.206417,-1.0328054,64.4786,36.48595,-72.59583,61.021835,-12.433571,14.425899,88.31544,6.960986,-28.058477,30.257238,12.891319,-26.420967,63.502636,33.829517,-27.921331,27.403202,21.02846,-17.120321,7.472688,7.310554,8.980397,-1.1367652,-18.700405,40.522415,5.389631,35.61612,-6.4405494,-42.50601,32.298004,-31.006456,-3.5587947,-17.136402,45.600506,14.785392,-10.061358,-25.245394,5.7209735,17.642168,-14.298097,-33.89101,-2.1785572,15.542524,0.6512423,12.941878,-20.002598,19.580664,-5.7367845,10.726627,7.1141596,11.806625,-24.073298,-5.741662,25.120672,-11.0275,7.2589297,23.748089,-19.867933,8.0985,27.10524,17.424553,-18.28798,-8.093545,0.037461005,-19.738457,10.009669,-2.321501,11.089509,10.877015,-11.914086,10.319596,-12.919323,-6.71357,4.4734178,1.0831593,-6.0841146,10.283996,28.248814,22.03493,0.42701793,20.148045,8.92666,-3.2029278,1.8111672,9.953296,4.21543,-12.003932,26.471537,3.4835649,-0.5403974,21.239132,-6.4725423,6.0357404,-9.627286,18.231716,2.713086,-40.15509,-8.133502,-21.420628,-15.420045,7.0715685,3.5798318,3.3314204,-1.6434969,-6.3481073,1.4313964,7.4451556,6.673631,11.812118,-26.69706,3.5841246,-10.855755,4.4289536,-5.06683,-1.3286332,-5.0382476,-4.5583324,-28.139889,-4.5951643,2.1743686,10.92793,-3.3035364,1
1999-10-09,Phase_3_fin,-340.92093,-136.9084,117.92106,-151.0465,-283.3123,121.734024,16.252432,-89.16888,-160.97574,73.0662,25.233885,1.7982241,153.55002,61.61046,-47.406704,72.11239,71.9812,105.73446,-103.83611,-59.31721,-49.744926,45.85925,-43.71311,-5.9114037,49.901836,-35.25265,5.9326963,-20.420237,73.03873,84.86078,-21.405766,-18.716417,55.766396,-40.335777,32.518234,-27.00275,-52.84759,-82.11335,-44.877174,26.59177,20.654268,12.362005,5.175135,-12.969818,49.357574,30.313759,-3.2251482,66.73319,37.216084,-18.624613,-12.883955,-25.29224,-22.888403,-18.15769,2.4178455,-1.16366,-35.730995,12.1603155,-34.22159,30.34841,19.916555,37.957882,13.857809,-3.5614595,5.71277,8.709384,3.5356786,40.129414,22.272432,-17.952467,-4.0427923,-118.3724,59.428413,27.482273,47.035343,-23.534546,-4.45842,19.925694,-40.066536,94.43384,22.278944,-85.78879,-67.16133,-1.4443921,-19.240456,-16.536137,19.71285,28.092257,-0.22207353,39.5334,-15.822836,-26.493004,15.328353,-26.780163,-23.259428,41.888214,20.663383,19.260302,-2.3237393,-6.65871,-29.045532,-23.596363,-27.919216,77.18083,-3.7188334,79.64063,37.44574,-4.983623,3.9016044,27.329624,-25.290964,-45.00157,32.139664,-53.575058,10.512505,-15.457625,13.810459,30.887003,20.3147,-14.492,-45.90491,-25.88453,4.1786156,-11.237986,-25.948961,-4.659127,-30.861242,-4.2221856,34.535168,-38.845646,12.167097,-33.82216,8.119444,10.737392,-1.5965317,2.6721573,-30.584616,-32.52438,-36.444798,16.655922,-4.2011223,-5.7464557,8.195723,5.778742,-25.028498,-10.037584,-3.1252258,-22.807686,-0.708928,6.6007757,11.864709,2.0784714,-41.59868,-7.2662187,-2.686752,-31.39284,-17.143002,13.210589,-2.546325,10.856086,2.7040734,25.175617,-24.084558,21.324446,-2.9338028,-7.968858,7.7653193,-1.7896059,4
1984-09-30,Phase_3_fin,-99.2614,130.79375,175.83647,-71.20212,81.61531,79.032616,-26.278666,-131.74428,168.32556,221.69592,35.79738,7.538611,-22.496813,-181.48837,48.56069,12.332385,186.05667,77.15846,90.652756,-142.43198,66.11352,32.872692,-76.276695,37.42123,8.147308,-104.05024,129.86159,35.084717,14.047464,-65.08644,33.592983,3.125391,45.110935,-3.8429134,21.609602,3.422327,48.108448,-47.79114,-61.839394,-3.188106,49.638874,-50.701195,-51.59839,-87.1899,-7.3120236,28.48331,-11.654465,39.904804,-14.244936,10.092714,21.174206,54.003754,-20.118418,54.44817,-8.914763,-12.769093,16.96841,-37.211483,25.079062,-47.970257,-46.982174,-10.855975,13.665333,-43.837788,17.317108,91.62728,-23.974136,65.81018,-59.098354,33.452248,-36.30936,8.530278,-21.55822,-7.262037,40.14625,18.55275,-30.952341,16.279331,-0.43307254,19.654213,10.085511,-17.28073,-16.251877,-45.100193,-26.277811,10.31474,40.332462,27.391996,28.51343,-16.19974,32.034252,-3.2052636,-36.873188,120.45087,48.076206,96.573586,66.839676,-70.992615,16.438414,-24.075426,61.302563,-72.26169,-92.27407,-30.88168,-107.63594,-69.72818,64.85975,-50.47433,-60.191734,61.48554,22.72677,-100.727745,-66.50149,18.370325,-29.109558,-68.66401,78.39307,75.03166,-48.85131,87.20454,56.257347,-83.41926,-9.5164795,3.6366272,-15.424612,-20.988815,68.70553,-55.670086,14.104629,14.568504,44.63761,42.782124,19.249767,50.520927,70.86734,123.39989,5.6351767,56.750813,65.159676,53.83359,32.178017,-4.3916364,5.751483,34.2699,-46.821365,10.806907,-71.732796,24.116669,79.73797,-39.193077,35.28592,-56.9226,-22.82009,-3.8123827,14.606706,-6.8180957,-10.1873045,-25.123684,-6.334494,-49.47417,-1.3012724,30.026978,58.006218,-23.628784,-33.63214,4.0398335,-14.177576,78.75526,3
2005-09-27,Phase_3_fin,-65.63395,16.83988,45.884186,-233.66635,65.264626,-117.37376,-31.188414,44.432022,-89.31077,-223.09457,3.7011764,7.7682137,-61.945927,-105.61432,117.090416,64.57878,35.719673,62.07286,-12.094007,99.09301,80.86799,87.118126,67.89485,38.075214,-35.95251,-35.01344,15.606641,-169.70146,39.47818,-106.67045,20.482334,38.12614,-24.72216,-89.58268,-28.011906,-66.9718,-32.137627,23.119993,-42.268906,66.40144,126.65823,74.13597,-103.22563,-12.033255,13.025743,20.679905,39.52252,73.720604,28.6705,60.83619,-10.409698,-34.364845,25.740131,-0.46990845,-24.477377,-11.508262,-56.630123,-61.0844,-69.52425,27.799685,-36.445602,25.227621,-59.866016,-71.13667,-14.733237,-31.916676,57.076675,-57.557247,26.081501,-17.534046,-9.781573,-32.241306,15.586956,-8.057891,28.238617,-36.004387,-4.8715825,15.079755,3.683495,-37.083298,65.46638,37.457573,-31.003046,0.49338818,-30.762287,36.722927,3.16362,-63.86867,10.499916,-40.16958,10.302753,18.164034,17.373178,8.831172,29.850967,23.46657,-64.5321,-13.77419,0.75091606,-35.224033,22.084183,42.123352,30.845749,-65.67154,-7.142349,-19.075413,3.3661652,28.224318,19.315348,-11.455021,-10.736541,-55.42114,19.856125,35.94372,18.206707,-14.3059435,36.52986,31.821556,26.927412,-7.007117,-24.044159,19.778921,6.399237,2.9440389,-0.48293403,-34.910057,27.605875,8.639726,8.118614,-12.425085,5.3536143,8.697492,-10.07608,-12.288798,-9.642448,-13.987179,-2.961116,0.5045362,-11.983693,7.2705917,-0.42281836,-0.15764026,6.8214602,1.9695659,-20.559185,6.5964813,0.66117483,7.902495,22.36889,1.6683722,1.3925084,5.985075,12.7709255,-8.173102,-5.2155557,-5.952546,9.815594,10.697101,-2.6364324,-7.771693,-1.3652021,0.21437715,-7.2628174,-4.1283927,-9.078377,6.464518,-5.8380766,-8.871409,1
1991-09-01,Phase_3_fin,128.65923,31.814463,-103.79252,-22.923748,37.449574,-5.0205503,-30.76727,-19.611385,11.004839,-142.60997,54.76129,-96.22027,-8.5253525,6.930696,-51.395695,81.03671,100.30672,-91.28757,-159.16478,-39.144917,-26.782074,6.628177,4.754338,3.084085,-103.36533,-19.550545,15.061683,-30.979677,51.337444,11.542686,26.484047,49.260044,-62.646076,0.89163625,-53.80884,158.7347,-10.204648,5.2107143,-94.7875,-62.344616,-111.6796,19.54912,44.385406,27.202833,-33.580833,44.081944,58.56421,24.97997,-11.499417,-21.534714,3.2793572,-42.26156,25.09207,87.19836,-63.958412,-39.491657,-67.574875,14.47989,18.121647,22.858723,4.238765,4.2886553,-22.802307,9.229097,154.49222,27.217655,-1.2569386,35.655075,-16.984232,30.181479,-42.802372,20.734205,-69.46863,-97.80621,6.9496093,12.776838,-15.322416,49.526806,-5.043753,17.596857,8.680558,-19.092527,-6.325727,50.792076,-47.56801,-52.978176,149.37811,16.068964,-153.74196,-63.39138,25.627651,-60.83644,98.04653,5.121647,-11.116219,50.60808,-12.758603,41.90832,-17.203304,65.52559,30.022772,59.86756,25.57085,-26.338484,-31.783869,38.838596,28.300373,22.093681,2.9079533,40.00685,-8.530137,78.181564,35.889336,23.226706,18.245304,-4.420823,88.50887,-29.987663,22.727255,-54.59736,-52.874676,6.8178663,45.81649,98.41544,81.519165,-10.958803,43.666256,-41.71227,13.9145975,26.157558,39.097443,-49.259342,-23.2071,-46.7492,39.111526,-13.915696,-4.386823,66.290245,30.075441,18.117958,-50.872715,-57.085094,-19.614162,-1.1923622,75.07215,6.3887773,-1.6627977,15.501516,-26.878132,-4.056087,-73.8603,-55.313854,-11.125784,7.384466,-41.968113,0.15672828,-33.306404,15.4171095,-1.680621,23.280445,-28.285948,-1.678843,18.406096,-18.54346,-25.880657,15.942351,3.1830835,35.512844,1
2021-09-19,Phase_3_fin,-185.56676,50.902493,34.885983,-38.81406,117.51761,22.176,97.62159,23.35231,99.23366,68.69715,89.43825,-84.86244,105.5335,8.217487,-23.898672,45.908615,-51.986153,-86.54014,-25.460127,-16.77775,48.35911,-5.2857375,-50.41144,163.15831,70.74456,12.909503,-60.909733,-54.27136,10.249751,16.411802,-2.430396,35.871395,-54.879562,40.65539,30.620752,-20.38359,-35.139404,62.047966,-59.72721,-5.8313375,15.486929,96.32509,11.6041,17.11731,52.164623,31.996254,99.53901,37.69275,-90.131195,-18.368551,-0.89904827,59.83148,56.01259,86.64983,44.72069,146.38113,23.606182,-6.780582,120.93326,23.658834,21.597088,-15.330867,-36.878056,10.348939,15.4475975,-69.24729,-87.5692,25.14848,27.23562,-51.689804,-15.906749,20.165956,13.104652,-26.566328,39.34687,-15.371032,5.4220467,-34.263893,-8.740448,-9.78972,37.734566,-3.582672,-1.5701839,38.459236,-9.8804245,2.0125155,-31.571047,-12.821533,-13.819321,12.919921,-11.926479,21.002897,9.117996,-8.658092,-4.748594,-22.70143,-0.41915804,23.889088,15.845132,-15.514353,-1.7313923,-19.500515,-12.057437,-6.421273,-1.5553112,0.3355724,10.643597,5.7021537,-7.877906,6.184002,-5.5984488,1.5747129,2.2105415,1.4507791,-3.2903872,-0.03713709,2.4557934,-12.0197315,9.618095,5.926755,4.295839,-10.646278,0.019275656,-8.288365,-0.4478516,-8.8257675,14.203872,-6.770745,8.075688,-8.146558,6.864426,-19.505861,2.1033285,3.6291242,-13.5137,-5.261321,19.621767,5.48363,5.174458,8.125609,5.0778317,10.03887,-5.927506,2.2316933,8.745513,11.910875,-7.2684765,0.66480994,-0.39135233,4.913915,4.482464,2.4189105,3.6873794,4.3672237,-5.307902,-4.7567544,-6.611432,6.444687,-0.8367035,-4.9240704,-10.811429,-2.7118278,-8.042006,3.1000445,-7.5100527,-3.3361447,-3.832845,-3.742577,3
1998-09-11,Phase_3_fin,-147.69562,-259.18896,356.9519,107.14633,-78.53738,34.20759,-138.2708,132.29094,95.90512,-127.39095,-171.078,-9.419306,61.583954,64.76047,-43.3844,13.122417,57.229702,-30.67647,132.40694,140.67175,81.27698,7.059079,-44.31892,30.00026,-77.861855,28.255901,-53.861267,97.381584,68.180466,64.286865,113.965034,61.724716,15.522082,41.691517,-6.935733,47.944004,87.893234,51.80442,43.613228,13.052284,-17.510984,-19.229675,-32.505226,-5.812059,-30.241041,-1.6911631,36.89701,18.186918,10.186534,50.149643,57.430367,13.485801,-53.259716,-39.40186,-21.810394,47.068325,-14.046535,-58.206123,45.15941,6.590091,20.863436,21.961525,38.909523,-51.889454,-58.045547,41.658237,-14.750026,34.315872,49.146366,-10.080194,-54.582508,-43.533356,29.731907,14.971592,28.007708,34.042923,-41.892555,37.64564,11.739625,-1.4887103,-10.254419,35.616768,33.739254,-20.320164,4.0501575,21.659655,-0.47180966,16.360327,8.652711,-5.2464256,3.1522884,8.990819,-6.1729784,-18.377876,3.0272646,-5.473075,6.8384266,-8.7820425,-13.638603,29.626402,-21.49431,-7.7767787,14.405112,35.210655,-22.290802,-25.597008,8.951215,1.2272843,6.7394576,-29.961979,-14.670261,16.848343,6.5377893,-15.330785,-4.044488,5.888966,-31.379131,8.938098,-18.321241,18.634066,-0.16893712,1.6890548,-31.486307,13.95004,9.950911,8.209554,-33.320747,-29.272781,1.2636204,-34.48233,-17.1113,14.576018,24.149143,-3.3568099,10.979359,3.502411,16.840054,1.7087941,0.7778826,-22.529564,1.2866393,15.275802,-6.0320997,11.829664,-50.512962,4.49409,22.093596,-14.28323,15.131626,32.020123,11.381481,-20.830242,22.202303,2.388385,-8.425699,30.04349,14.474129,32.2591,13.944717,-32.43585,1.7827477,4.4928775,-8.287634,-5.6545744,-24.847895,-34.726357,-2.8933015,1.1526644,4
2021-09-16,Phase_3_fin,-208.87564,48.483887,27.330431,-42.532337,120.14596,36.753197,97.24975,24.219656,95.51646,52.403942,94.143524,-93.23422,97.2541,-0.8794077,-15.172441,48.72435,-50.791294,-60.955288,-11.093138,-27.13111,53.698326,9.411204,-41.49203,170.58565,49.42731,10.077018,-65.57351,-39.529392,17.469738,24.704119,12.71263,51.380314,-42.947018,44.178577,25.14922,-30.992094,-18.755545,69.109695,-70.470795,-8.737443,8.755016,99.037384,13.471544,-0.7898857,40.979225,36.314438,107.67599,32.174168,-90.08445,-5.9626374,2.8269315,56.799637,56.28354,92.13553,34.348763,154.32031,20.394466,-12.413691,105.57926,35.001446,4.6024113,-23.82025,-49.69897,18.368425,13.936317,-77.541725,-79.225525,46.05936,35.1601,-42.201324,-19.956564,18.30673,-2.408579,-10.899532,45.220947,-14.328079,-5.714508,-43.746513,-10.59965,-18.286316,36.06319,-17.322088,3.2139168,40.100357,-19.936493,1.9892312,-24.74785,-8.165407,-1.7842791,20.971981,-3.5547168,20.006855,2.7496347,-14.215682,-4.362238,-31.092236,0.8072439,14.574653,10.639412,-14.245984,-9.000802,-15.1461315,-25.425238,5.4708724,6.3678637,-6.705671,15.229848,-2.355573,-26.969229,0.15801398,-4.819371,3.2940314,5.05354,-2.405285,-5.805842,-3.7030735,-0.094223976,0.079995655,12.755105,-1.5903858,3.5671904,-5.530261,9.351515,-12.57646,-10.101127,-9.961389,8.78183,4.730631,-3.677513,-14.949593,7.098125,2.3718593,9.98447,-0.173784,4.428821,1.1749228,10.727269,10.636205,-6.6335583,-0.2927071,8.385199,13.183579,2.5587606,2.565283,-2.285668,9.812453,0.34940675,-13.941931,-0.11249455,-4.6211805,-14.5548525,7.1340938,5.2761865,-0.97459733,-12.07347,5.414536,-8.355488,-0.80717975,-1.6298913,7.8154874,-2.386867,17.181885,-7.0979123,-16.420847,10.96572,3.4225926,4.106805,0.5526736,3
1998-09-07,Phase_3_fin,-121.27927,-246.75836,415.49792,137.03603,-79.5568,74.400505,-119.44505,156.36484,127.013794,-121.34073,-147.04977,-8.143153,80.443756,28.112392,-49.764256,2.6893566,80.949615,-45.115757,97.31903,138.31406,80.83019,16.460922,-28.746971,7.711952,-77.64052,88.52619,-33.23829,88.629974,71.80677,98.50189,86.77929,71.003044,24.844551,40.104877,36.758232,82.255135,114.3517,98.24635,94.865234,46.263374,-22.785446,-33.844975,-43.717144,-37.423702,-53.63455,26.358595,74.00776,-12.895609,28.574724,26.781538,55.662,0.69005656,-31.736315,-38.393116,-38.918896,58.856037,-13.590065,-67.647644,44.875816,10.236289,18.510708,42.923267,75.16134,-94.54953,-26.602749,30.258938,-9.985204,55.56058,94.14154,-28.059933,-79.7739,-38.829964,39.15697,1.3532467,-19.36576,11.011078,-38.176857,55.214813,-10.226243,-18.984188,19.527166,2.0611856,47.186867,33.970985,-13.429782,-8.274629,-45.801613,3.606233,13.47495,-21.790794,26.273731,7.546917,-14.179468,-29.253275,11.448411,-0.74718064,10.524683,17.961304,-19.659197,14.692784,2.9848726,4.061288,18.766392,-17.600176,-14.161782,6.584107,32.19681,-35.871746,4.2924514,-19.25185,21.855139,-15.083561,-4.0363717,-11.990782,42.53786,9.66479,23.19452,-19.460543,2.0586894,5.9147716,-13.579529,20.021408,20.463799,7.9588113,8.652126,-9.74944,0.5070592,-6.575984,-1.5789708,19.223864,-29.06701,-20.434418,-28.027042,5.691863,22.275476,11.415341,-8.262343,-12.882951,11.54586,15.563185,-28.677479,-14.3011055,6.458551,22.686945,11.9652815,8.268473,-26.71774,20.497713,5.0706882,-4.163488,-9.800758,-3.5349913,-16.411604,13.140659,-1.8674879,-24.322048,-0.95616317,-18.614851,-2.718853,13.670116,0.5952814,-10.776794,1.0315824,3.4246423,27.521383,19.952513,7.0446825,-0.49526355,4
2003-10-21,Phase_3_fin,128.01152,-85.856316,127.30834,-223.00212,210.38931,-121.134186,66.05916,-73.05932,13.182759,122.60443,7.6734343,12.209489,-61.06826,128.32938,49.09987,-56.182804,-142.04234,96.50274,-40.034,118.31993,101.48577,-44.309742,56.84055,-52.05165,-28.707243,5.3939714,33.06047,79.78951,45.408596,126.03503,-12.14994,-76.676674,86.37038,47.230816,45.233883,20.397314,-64.66309,-11.164017,13.144343,-14.674629,17.348576,-44.44407,-68.82814,-7.638539,64.24939,-113.04138,28.641474,84.88656,3.2720323,4.195468,59.64074,-6.291627,43.410793,1.3995222,-42.43071,-4.7504783,47.555172,37.965435,1.283533,3.0217454,-42.116272,-11.100274,-56.700886,14.517548,26.246342,27.295359,5.75501,29.004528,-0.57709396,2.3726878,-2.308553,12.638547,-19.492462,1.9836627,4.522409,2.8878975,-6.06118,2.4942691,4.083841,15.351999,-4.6492987,-5.728558,0.4223074,-20.937489,12.250964,12.604259,-24.053017,-23.033072,6.1526036,6.1624403,29.489878,22.329662,-10.598374,3.3703666,-33.187042,28.599443,-3.3521993,0.08482124,-42.486847,-24.483198,10.580779,-19.987762,9.076698,-9.611638,-21.078056,-9.058752,15.918698,-0.27774435,-11.458049,-6.2923503,44.395275,39.862797,8.956113,15.239051,-10.613652,-1.7242277,-16.514984,-2.5759096,-5.5242805,-21.6669,-1.7731279,-10.916557,17.868677,-36.418537,4.5985084,-23.533886,-3.9809844,-12.8085165,10.783752,13.282479,-11.817325,-5.0757422,-4.113795,-0.21217428,9.109632,14.034766,-2.9262676,4.0373344,-3.580844,6.241481,13.496799,-7.1237054,11.898971,-0.62401724,-24.833313,1.0532218,11.613494,-3.766178,10.421918,5.7686577,1.9598668,-5.0804143,-10.006604,-0.70589846,-6.5082493,-0.37645522,0.8103478,2.9568696,-11.286971,30.57513,-6.228737,-3.6513844,-13.226441,-1.0394083,13.484602,2.1079707,6.631509,-0.7059982,1
2004-10-24,Phase_3_fin,151.15492,-13.119215,-62.230953,-89.12042,24.382433,-73.70533,8.082783,-71.95663,-42.114323,-61.153988,-26.612635,48.3677,28.212725,54.019077,91.132164,-23.970663,-121.29461,55.80756,-36.892437,-73.35631,9.994395,108.17479,33.327072,5.291726,13.615256,79.40008,-26.63621,-38.56298,15.425058,44.115738,26.028557,25.488136,83.01932,-34.48145,99.62092,-90.09957,62.07774,-72.607376,-78.75656,-63.05244,141.18922,-146.7316,101.67648,18.509256,-120.18373,-2.988571,53.79878,-71.614334,95.96759,-57.616016,20.665613,-83.93181,36.217056,-59.404037,-19.616262,-31.426617,-44.61286,-34.396393,21.336273,-0.27137458,96.05011,8.374632,83.16473,-77.41797,-4.727236,-88.47413,-5.3380327,22.727404,4.8199944,-33.510593,42.37605,12.366887,21.845417,-80.94983,-31.346794,56.888313,2.6964052,-133.29341,11.247813,-14.302852,107.56479,13.315637,-12.149605,55.894054,-63.767223,-28.958715,12.0555525,31.196703,-55.978184,21.99928,43.65761,-35.374123,80.74784,66.80113,-22.150928,-10.373597,14.162262,39.92148,42.32122,22.032467,-40.88135,-10.2562065,56.031006,19.191267,-37.708237,-44.602345,29.468462,41.95676,-52.284218,9.709164,35.137077,-4.875589,-24.98907,-17.279604,-43.12938,21.70796,-72.55047,30.412153,-41.06405,-51.086853,93.5999,-25.952803,-23.516039,-18.380617,-26.627987,-34.808598,-10.803544,-30.48296,31.960892,27.988548,-29.11909,-11.379618,-38.84546,32.86163,8.404962,-38.696316,6.7575107,15.534803,1.8029788,3.1182008,-28.141277,34.280876,13.098167,16.00185,-22.081102,-10.801762,-2.735522,10.281298,10.085147,3.2163243,3.3782246,7.9700065,6.29323,-8.013115,13.498133,-8.2904005,-16.423616,-3.819651,-15.766129,-11.375214,4.546705,5.442419,1.2968401,13.071793,12.870889,-3.7546198,-2.2056541,-9.88403,1
1986-09-13,Phase_3_fin,126.83702,39.397537,-197.29831,-19.07392,158.24324,172.88799,-172.1295,97.755516,-82.973724,68.87147,5.4590783,27.33863,116.50783,103.51249,-103.3075,-0.3960581,-13.16505,186.38916,75.52306,62.872437,6.170036,4.6508045,18.153868,-17.42675,-14.833463,25.416224,-22.128962,-98.16131,-8.17947,-77.54586,77.913704,20.15219,29.577618,42.059475,32.82561,6.350948,-34.418144,6.425507,-44.97974,-18.819494,-35.519054,38.235645,-13.2152195,-29.895176,-64.9082,-15.209185,53.560192,-15.83341,-105.3189,14.531118,-25.653599,3.953217,-55.965214,-12.629589,-2.9270866,-28.750185,4.765814,-28.195566,-30.813944,-54.334206,38.400898,-73.09471,-23.142157,44.289974,10.43313,-58.501797,36.66757,91.441055,-78.33019,18.762398,-28.866308,-65.29156,5.254291,-80.3186,15.983218,9.520615,-30.068813,28.611423,-48.840023,15.078206,-75.146706,104.06014,-31.187277,23.140005,44.773785,-27.124578,-47.279514,33.770283,17.863537,-9.06413,43.51502,6.8903666,-16.583286,-9.255687,-26.016928,-23.341484,-29.714306,40.140118,26.238873,-32.781673,21.084368,6.0264535,2.296623,-11.61468,19.32017,16.163603,19.995428,-6.347413,13.471819,-62.93278,31.117167,2.2927058,28.928652,0.50390714,-14.732521,33.49097,-7.1353464,23.233225,15.70325,-22.543238,58.505722,0.8793104,11.905721,-10.40708,-23.629465,22.554089,-8.447058,22.090097,-3.064579,-50.20504,15.974078,33.322712,-25.444307,12.911304,25.572252,14.877,-30.964273,-2.8837745,33.7162,22.216713,16.145569,-2.9514546,-28.824009,-3.4494944,26.388826,2.948677,8.840849,-11.811426,7.707505,-31.596403,-33.317635,20.470686,-4.576503,-35.630863,8.57811,-47.814312,4.019692,27.063976,7.1185203,-2.2335644,28.633478,25.18255,3.3143,-9.427708,-18.787807,-1.0236008,-8.677469,1.672403,1
1989-10-09,Phase_3_fin,-242.6607,107.2175,-2.8061008,20.381882,63.57568,15.248902,79.598526,-2.9626143,-10.989738,-40.318096,7.94022,138.2375,38.100254,-2.0252821,57.91407,-65.97962,-208.17545,7.448991,76.982056,-22.699108,-53.593395,54.484783,-27.136068,17.141296,-62.61701,-56.758396,30.461391,5.1305184,17.309643,6.2277184,-32.56382,124.00105,20.022861,11.142045,-33.17898,11.542507,35.673695,-39.83742,69.05407,-37.16448,-59.219387,177.68066,-42.969704,-61.80382,95.08221,2.0349464,-58.6571,8.408681,-32.35715,-58.437027,54.81694,-4.0693836,26.458803,-28.637257,27.51469,22.525314,36.82135,-31.911924,3.191125,-30.190466,-7.59332,32.083508,18.351719,0.21321124,14.699673,-7.4188437,89.34133,26.140062,10.606327,32.02069,-17.2548,10.572414,11.338719,-18.767565,-29.33772,45.98091,-38.582718,-17.349836,47.418224,4.995711,57.74786,-4.0725126,35.143665,20.46841,-26.685318,18.888426,10.005328,-30.17942,54.855286,-9.010755,9.50918,-59.949795,-5.225664,78.9082,-31.495472,-50.90437,-8.176128,-57.010773,13.8922,57.357044,37.225857,-5.8847246,-22.911287,24.106668,-12.975176,25.339876,-17.240887,-4.4192195,-18.553982,-31.220728,-29.321346,31.102215,-25.73366,-17.466635,-6.6099224,-11.636065,22.529808,0.6035258,-23.758146,-11.086819,-15.771075,41.07813,8.555619,-29.700377,28.739916,20.394281,-18.466835,49.303917,29.057062,34.648273,-66.62197,2.86262,75.69542,91.20942,53.769653,-24.454165,22.516932,-42.718365,-69.82858,47.848797,-53.13563,-31.406235,24.815054,67.12399,29.157078,15.076931,29.730581,-57.53936,20.840689,-77.24114,-89.99355,2.4637675,-9.732317,46.345264,38.03599,27.03507,-109.62338,-33.582073,38.860935,-12.309065,92.23499,15.101815,-13.926681,-3.7350037,-36.83552,-25.224068,-3.3395698,-8.539712,3
2002-10-11,Phase_3_fin,142.25731,-5.249624,-122.92991,-80.40713,-75.71477,53.225895,180.28986,187.08484,-85.5132,40.73515,141.39989,-207.10556,1.2466265,57.10009,73.982635,-112.31074,121.21115,-58.751945,69.715904,104.884476,-101.95763,-16.114386,-89.125275,135.96089,41.3799,107.924355,55.09276,63.736298,-48.459866,-85.23526,-107.194984,31.268368,-7.891979,-2.2627137,39.597786,-26.171072,5.97109,11.662951,30.971167,21.054405,18.305555,-56.9868,-110.5585,-1.6036797,-82.83902,33.38412,-5.10989,73.64691,30.401415,-57.765408,60.37793,-11.0388975,20.130661,70.96651,0.6865279,-32.23937,25.145895,13.9878845,-20.284914,74.99701,21.861458,-37.83124,21.731195,11.402848,-12.307082,-17.516832,-5.5239744,-12.357667,-14.19183,-18.99737,45.225025,-2.60626,26.68149,-0.0013851061,-53.371403,29.489782,-34.990543,0.18555082,-18.353565,33.218334,24.33603,-2.4461088,-20.57135,5.7478976,20.34819,1.447756,-46.601463,6.8109093,12.971883,-12.184131,-2.9992578,-27.938269,18.87105,7.2099423,-5.5679507,12.694231,3.3656187,-31.689102,-5.098398,24.440878,4.8305545,15.508609,28.478142,-18.246254,8.631193,44.78902,5.3645654,-21.314476,-23.654003,8.745367,-20.538403,7.49614,-10.615975,14.825529,7.1305685,-11.67751,21.992443,-21.70423,-22.56402,-12.22649,-5.9033465,-25.563738,9.246156,41.79873,29.26931,0.87755644,15.599814,7.445757,-0.5330713,4.06354,33.57505,-10.954756,2.278842,25.108482,13.921769,8.81997,29.305809,-2.3864353,12.761191,-25.999577,43.62485,4.2024446,-67.56025,-9.556968,-36.970688,-22.136084,14.807534,38.63672,21.994194,-11.3649,-10.983294,-5.609896,0.2509149,12.483982,7.2874613,-61.532307,-9.571378,-13.347626,4.9351697,-5.649368,-8.650766,9.235948,-35.528652,-46.101215,40.259888,1.642636,15.272838,-24.071096,1
2018-09-06,Phase_3_fin,67.61803,207.6395,-102.54587,-80.42587,5.8972774,81.02161,101.12482,-35.87936,52.51305,-26.40117,-233.64682,22.569727,93.27011,-85.63967,80.608185,224.84494,26.286486,-31.716116,-26.007633,123.68679,-87.13098,-199.9633,-35.742184,-22.103083,-108.41788,-56.0806,48.014797,16.252262,71.776985,-17.11223,11.746444,-5.1833763,-44.58742,21.71379,-24.65285,3.3163388,-67.634865,-98.73044,3.891247,-2.8459466,-75.66303,-49.70957,-10.621728,23.971666,-26.061285,10.422836,61.70493,-21.825325,-61.629234,29.856293,-65.62093,81.55702,74.074234,-32.534378,-7.2590346,-31.748302,-60.63587,41.983036,-60.521236,-2.1118069,56.99626,40.85963,-103.21652,-99.53923,14.731322,32.207798,20.554483,62.21899,27.12138,-1.0524085,-0.29438168,80.62551,64.86948,6.9611106,-38.86442,8.643152,-13.223456,-46.08468,22.741566,34.197678,41.650036,-18.426212,-2.4509425,-16.030645,4.279073,-17.921156,-32.15912,62.859283,15.442825,38.63413,15.034842,-0.04265104,0.9691402,-9.438922,25.654243,9.653012,4.3204536,-6.916527,-4.449244,15.786419,-8.956201,8.258287,9.746938,-12.209486,4.892624,9.249651,23.382751,-5.991457,24.282358,-19.931658,12.558408,33.020634,0.15618305,-1.134925,-9.337516,-23.077282,12.28885,-2.4043775,26.101427,21.505737,6.812135,13.182176,1.2718612,6.3217273,-10.653129,-6.108925,12.953546,-3.9477959,-9.591343,-3.7006729,-13.469141,5.9453497,7.4415326,14.090325,-8.890087,2.7285435,-8.657795,-4.8153563,-3.814878,7.3515635,13.214325,9.268332,3.6889124,-9.772067,5.995294,-2.9228342,-12.907072,-9.897971,4.9104056,13.84038,-10.065296,14.886037,7.0202065,4.245393,-7.3983912,-12.208441,13.785672,-1.3805597,3.0229747,-3.3979912,3.1798787,2.8597262,1.7771112,3.1005032,2.3494687,-6.115463,9.276849,-13.8599415,1
2019-10-13,Phase_3_fin,224.79312,140.29984,-29.12747,-23.802835,-59.7981,-133.68878,-82.181244,2.248808,-128.23422,15.791436,-22.883902,47.806507,-21.888275,-50.835056,21.995922,-45.62877,155.31792,-76.820435,23.828169,-77.73465,37.241306,18.080488,155.87917,-140.72853,67.492165,-20.68202,-65.76952,94.55858,-99.121864,-4.849327,-15.554107,138.82089,34.694477,43.5848,71.12227,36.48855,75.71834,-31.208132,20.353006,134.15388,-34.33871,51.874447,-14.452786,10.948501,30.644093,-48.698086,77.84696,-28.418861,-5.185184,3.320229,19.059582,-4.97576,-21.097546,33.26946,3.6305764,-27.44686,-2.8196123,7.8169017,22.6148,-15.6081915,-24.950441,42.501007,-47.431076,13.418742,-11.395855,-16.928585,-4.3770924,65.5801,-39.312096,-5.782018,23.510363,-59.05565,-64.705666,2.8740668,-39.88511,-8.636934,-0.053726032,-70.67886,-26.430199,56.042236,39.74447,-61.7565,46.457134,-1.2524889,4.8549776,-5.8009353,3.0764644,39.610928,-1.1136049,15.7027445,-13.807967,32.289093,17.124815,-10.790738,-11.90935,-4.021968,-30.671103,-60.41375,-11.831702,-29.653214,-9.882995,49.153397,53.67599,-21.685818,-23.454443,13.542676,22.057825,5.1947913,-12.1813755,-0.73879015,-20.068201,-12.891501,6.6896358,-2.1277993,-6.02441,5.7065845,13.076075,-9.350769,-32.052536,2.7135806,6.132447,-18.778805,-23.834959,5.8269053,-4.149866,-3.044237,6.8893065,-1.2142441,14.249323,-0.184086,0.81150615,-3.2684963,-2.878082,21.82637,-9.791714,0.44390705,-5.9792347,-12.969071,-5.116473,3.1505275,-1.964399,13.758258,0.18610148,-11.322066,5.554209,-10.832374,-2.540451,-27.564972,5.6871877,-4.384627,-25.954466,4.515353,-0.84514624,13.831148,-22.26443,-23.86078,-13.045145,-1.6587062,9.654113,-4.845116,-25.37509,-14.560545,33.780304,12.692263,6.003225,-3.7014227,8.611374,3.322935,1
1999-10-19,Phase_3_fin,-356.1442,-99.40601,86.27405,-83.08728,-234.11053,98.00073,-10.367908,-96.934525,-125.819016,78.93823,-32.77831,16.062532,216.47636,87.87737,-45.371998,-22.645636,55.637802,34.99347,-19.903635,-58.395493,-57.17008,62.237713,-47.165794,33.771652,97.34948,2.805978,-19.892023,10.430982,35.727325,88.18734,-37.96206,-45.192734,-4.208218,-28.9158,-1.9134328,6.921988,-59.184715,-39.115963,-64.628975,57.28462,-23.234486,60.865116,-28.182035,-25.79008,64.91606,68.26909,83.12916,52.020294,47.799553,9.232431,-29.382366,-78.75255,54.72572,-35.96864,-93.364296,-13.326059,-19.875584,-11.881059,-35.87915,11.71912,-6.1840897,-8.079125,-17.176907,59.71035,28.315784,24.356354,-35.56179,-1.0544606,-2.3473403,7.7298927,-21.575876,14.129082,-36.988228,-8.132043,-39.097343,-15.739272,7.8023834,-23.014933,45.934525,1.1558496,-1.1613059,61.68202,59.00333,-27.435946,-7.16868,28.643736,-21.687695,-4.992757,58.127247,-17.760063,25.148636,22.635725,-38.608513,3.4065707,23.000292,-2.0571775,33.068813,-26.393759,11.2611685,22.645643,25.752506,19.176514,-31.976595,-58.404026,-16.806293,-57.882744,-31.624147,10.19117,-15.202533,-26.81944,-7.1066427,15.684671,-12.419076,14.548152,21.82737,57.785748,-38.271183,-11.926894,-16.296934,34.05057,39.605816,2.8682592,6.0001435,-1.2071923,8.939647,13.765486,15.730114,11.023097,-13.457718,9.846531,-17.252625,17.181284,-11.044805,3.9512503,25.919363,-0.22444414,0.98155713,20.991812,4.37478,-22.008745,0.46030274,2.8655384,-14.393655,3.043125,18.162931,-7.9455466,-11.549948,-1.1026505,-3.1260695,34.709637,-21.959375,-6.980528,10.640381,1.6364208,-4.836754,15.0427885,3.7259774,-20.773111,-10.753572,14.112756,-29.68135,-22.086884,16.45623,-5.2339373,16.229715,2.4994254,-4.7036223,-5.554254,4
1994-10-22,Phase_3_fin,255.77661,45.444584,-132.157,-82.55601,-176.15216,-84.707825,-268.5064,67.33536,38.513638,59.487858,-0.077065915,-106.807625,24.785048,163.7751,151.91135,5.048797,31.772366,-29.774574,5.4911637,-116.21159,82.97811,-79.88184,52.99005,65.27372,30.903013,-5.2816014,26.222826,-16.696512,36.108852,78.099,21.844498,-48.82807,51.09317,-122.70723,44.45467,23.91948,-2.9488676,90.36385,10.376243,-10.390725,3.7667813,58.689953,18.695084,36.999557,-47.567616,9.114252,-26.107409,-46.447887,11.184269,-62.10025,43.48808,16.55574,-55.462425,4.3335285,59.464207,56.481186,-77.055504,36.117676,-134.10243,-11.8978,-49.07269,-24.59167,-45.083714,-48.368927,-54.760662,32.643177,16.790922,48.757473,68.82392,-77.28601,11.170718,50.46736,-53.697983,-13.846151,29.349089,15.235531,18.242226,10.100126,31.492977,-11.424911,-27.35157,45.821293,-17.891186,35.450844,35.952435,-24.308407,-9.766699,19.025652,-26.604052,29.818893,2.0228317,-13.167729,12.289897,9.247342,24.316452,3.2624328,22.661102,9.364844,45.441444,-39.350124,-8.655209,-21.286062,-24.41494,24.124342,9.631037,31.375948,8.043907,-11.423099,9.864394,29.66202,-18.747826,19.77717,11.486274,23.24714,61.528103,11.727359,-37.164906,29.470451,-11.121248,55.24384,-34.18656,36.452545,-14.754194,-42.230022,-5.691268,-16.964655,25.749744,-8.048818,21.629791,-4.427051,23.346447,-5.7203827,40.47377,-15.109923,55.13277,-15.189009,46.14335,-18.884361,9.711376,-37.87043,16.927134,-9.269425,17.728876,-10.417149,4.5179706,-21.2404,29.085262,18.049768,21.842009,0.4598493,-11.930371,-15.266728,-11.108529,19.70745,-16.314896,-2.0186708,0.17549267,-12.047091,5.4688888,-25.897366,3.6560264,-9.088178,15.513321,17.770082,4.1799755,-8.252396,1.2849336,3.5487232,1
2003-10-19,Phase_3_fin,123.18627,-85.75596,107.56013,-241.30312,198.10667,-109.74168,58.70089,-63.405384,9.541392,91.71338,9.495277,-12.244697,-66.9826,134.26349,35.265263,-52.931118,-135.61943,93.69876,-61.660053,110.789154,101.628426,-49.650978,48.92232,-40.51359,-19.185442,5.8862453,23.018612,91.65616,51.453808,108.659904,15.657472,-58.42135,82.11511,51.16355,46.284416,11.741679,-56.144554,11.003389,-4.728383,-12.201125,26.303589,-24.476042,-66.526764,4.4699693,39.716274,-90.3135,15.370601,86.51182,7.9383597,-4.5944433,60.273075,5.7896566,31.537743,18.182621,-37.481213,-23.700396,38.470375,28.274017,-14.6578665,12.555731,-34.281696,-34.210964,-58.09681,27.382404,31.100294,26.094923,9.666946,28.987497,3.2389338,-0.5633627,-5.7995124,24.67593,-22.65664,-12.478867,3.9350955,-5.9791913,11.554979,14.0838585,0.6142202,12.912248,-33.143295,-12.995822,-7.897724,-11.097028,26.540209,28.283676,-16.039515,-24.471016,-14.053433,21.190243,13.368849,12.647566,-9.216299,-0.874071,-31.392178,13.391993,7.579581,-11.590604,-38.345455,-19.04781,-3.1181927,-20.493395,21.30241,-6.2918067,-18.117556,-4.8008695,10.759673,8.451147,-21.692614,-10.226115,27.323053,26.03889,7.761967,33.625816,-1.5866032,-6.0115404,-10.395277,-0.81290126,-15.94471,-10.580454,13.321689,-1.5695448,16.17662,-6.5854745,10.148877,-32.946987,-6.5376763,-2.9932516,-11.833046,7.9928064,-5.302223,40.377014,27.79444,-4.709366,-1.5689713,-0.4079415,1.0814542,-35.635403,24.965246,10.517933,4.3494706,-26.853046,-3.203989,-9.477131,-31.454742,-3.555789,6.5177736,15.947134,-4.407328,27.117506,-16.053549,-0.31772277,-37.900085,-4.699434,-5.715355,-4.0764384,-48.998528,-24.110298,9.519187,24.702192,-61.9718,6.951683,-35.83365,15.540296,-2.3237708,17.852377,-12.999387,3.2815204,1
2016-09-12,Phase_3_fin,83.83381,162.3397,263.61038,-156.19467,-18.825386,104.17856,71.99958,224.52315,20.477264,-80.002,-214.98837,-53.92986,35.070625,-176.50444,-196.36343,-127.72933,1.4530834,-3.1256511,-25.952549,-120.792534,-28.27297,-31.252556,98.87751,69.25212,81.66969,-15.384307,54.82109,86.13363,-33.972862,-52.80275,-17.266033,-57.187546,36.37643,10.323299,-2.2131567,30.604052,-49.67335,28.982424,32.87232,-55.292583,20.694502,59.814606,-44.982914,-30.302269,-63.0918,-92.85579,-50.56913,17.985865,69.18328,5.260433,-0.80678475,25.457676,16.81911,-11.509527,-85.28742,-2.59139,-43.642384,11.476217,-29.20605,-33.953125,25.207369,-0.30783883,16.4146,12.247169,7.130699,-27.3764,-18.229614,61.762997,-12.176247,17.425154,55.50831,-9.313142,-8.825522,15.731781,38.88098,-4.4966106,31.86737,-41.31415,62.416042,-50.31699,-14.311322,10.714584,-5.580991,22.10561,-42.4015,-3.290524,18.924004,-34.19502,-2.7059007,36.6735,-45.57727,-6.806838,-1.2693082,-11.156244,19.423418,-24.273352,15.000318,39.358723,5.1295247,24.375635,59.79685,-7.7420197,16.602125,14.088978,14.143139,14.4879675,-14.104225,-9.914879,-12.036962,-34.209324,-1.3757111,28.307056,28.489056,28.28322,-37.19947,17.2868,-0.1639949,5.531836,22.007805,33.475212,7.1867867,5.6858783,-0.12851764,16.00313,-2.8804903,-29.082058,-14.145953,3.9795687,17.571634,-16.125553,-11.425571,-2.561759,2.2997513,-10.412188,-18.394812,20.101477,17.602139,-41.67294,-1.5467626,17.842573,7.945579,27.003004,4.9295115,11.456183,-10.4527645,-12.902973,1.9044843,20.685616,-6.1223135,-16.291782,-6.860437,-10.332594,-8.583645,-2.9646876,-10.459052,-18.26532,23.232044,18.504787,-17.548002,-0.7932148,4.6612744,-19.793636,6.4226565,20.479528,5.3914003,-12.110179,3.214955,15.882533,1
1993-10-27,Phase_3_fin,191.24321,61.737423,-104.75838,-0.92956275,-35.48652,-13.269342,142.74892,120.35646,59.68651,289.70236,-149.80827,-89.05397,82.7775,-63.20866,78.11792,-113.34569,-52.049847,53.34203,-72.556404,110.042694,163.75789,290.1024,-57.943115,-35.370533,-71.5863,59.52922,-79.62824,6.8153152,67.91325,-77.48613,12.4866295,-14.266937,-45.122982,-6.4535127,-103.6595,-42.81025,-14.472736,-79.12275,-23.106426,68.630196,-29.961124,-16.862791,66.859116,141.7122,48.9735,11.549389,-100.73009,-58.00963,30.7622,41.068066,-3.5831156,5.349018,-30.054762,20.265402,44.41125,10.580008,-28.042665,-56.72208,17.390903,15.0419035,-26.723423,57.23677,8.818678,2.7949505,69.382484,22.47964,-20.802353,36.717953,2.9490254,-17.846731,-28.832125,-10.371476,25.19297,8.704263,-19.558287,2.910803,19.480103,-29.927286,38.84349,9.788661,-13.51785,3.9796362,-23.266838,12.253677,0.41706723,-19.250685,1.8588068,-20.394104,33.687923,-33.009968,-15.655439,20.54089,4.627786,-12.179774,-9.189838,11.310055,31.463276,-9.980308,-8.429443,10.567965,12.983288,3.6608646,14.37448,-1.8974736,23.379671,12.275861,-2.6136303,12.60706,18.335638,-13.255829,4.2882185,33.689877,17.302383,22.322132,8.672934,11.754633,-0.38531056,14.711693,-12.75552,-1.619351,-17.803217,1.6230831,26.113325,-14.654916,-2.5867207,-0.45049652,23.256561,-11.71826,9.308155,-9.531705,-3.9586167,-7.195539,-3.0199966,20.812033,11.508143,12.591025,18.76541,-2.9899156,-3.0325909,-13.31682,13.625122,9.211848,-1.15955,-25.796528,12.662552,3.1882517,-9.765628,15.603701,-10.3050375,-26.761883,5.6190295,1.2435114,7.3277884,17.378845,-1.224607,2.6445498,10.614487,14.0561285,-3.6760056,-4.138727,29.655056,-13.322737,1.141623,-3.7234461,-15.36779,-27.690935,-14.315221,11.277327,1
1997-10-31,Phase_3_fin,365.8051,-158.34941,164.7692,-40.118706,47.72981,116.44653,-53.189495,-44.40781,-16.785639,128.90672,116.94569,-165.10223,21.428335,-25.528782,146.55986,-167.22044,-66.16565,-38.377487,160.089,-120.288795,-104.54275,10.19899,-8.418387,-121.56174,97.59031,-14.569079,-73.36776,-90.33509,81.3558,2.507434,23.529097,-20.269014,-4.768874,-20.103407,-58.76638,-38.120815,-38.29633,88.23906,39.740665,14.356995,39.712868,87.92321,-92.83484,3.4135976,109.82466,-83.88889,-56.725048,-4.0314016,-97.68213,-2.3698819,-86.29732,-52.158913,-24.078892,125.581375,-33.810566,9.064422,-97.765564,62.715282,60.569386,3.9333436,131.26013,0.5317672,19.461569,-89.24243,34.56645,75.94506,0.45009136,-45.974514,-45.170795,-3.1581259,17.522179,73.027695,46.773403,67.28893,32.74604,27.468855,-23.895658,-35.510235,-30.62778,6.2630734,-31.891008,67.37938,61.76083,-21.475653,4.792463,118.36154,0.4116272,70.20283,23.40482,-12.797818,13.863777,6.822393,17.147453,-8.0953045,-45.43104,-25.335909,-36.377243,-8.641413,-77.99302,60.23924,1.9014425,-22.408203,9.957765,63.16605,-30.637936,9.939979,30.724455,26.291538,-33.057007,19.320906,-12.059472,-45.001106,25.955692,-1.7149222,7.239778,-18.482603,-12.621711,-32.06632,-24.714699,24.36777,7.8882933,6.8948073,-9.66755,27.314383,12.455962,-21.377779,-0.29349202,-12.794983,-12.074275,22.878332,-10.431286,32.81612,-37.385147,14.635198,54.53634,-17.19223,-44.730198,-33.81493,-30.706303,-14.9224415,-16.162897,21.234453,-2.8447373,-33.0705,8.439489,-21.250069,-30.966728,-23.991274,13.130863,-6.0009274,18.899643,-13.632126,-10.452794,-1.3131194,-51.78022,13.590746,-2.710873,-7.2521772,-37.67881,49.843987,3.780633,22.674082,24.961378,44.767635,12.426783,10.799378,9.338814,22.916727,0
2015-10-23,Phase_3_fin,557.3573,-85.27655,129.1269,328.42288,-115.97462,-16.583721,103.73923,-130.26904,-158.7358,0.4271115,-26.17069,-28.646946,5.7949514,-22.867716,101.265915,-1.0471139,11.366662,198.02888,5.2757874,-50.621784,18.737974,12.5980015,58.096424,66.59858,32.300346,50.14815,26.180958,20.526684,32.80785,36.31316,75.49174,24.462957,26.15053,60.353165,-36.779118,15.840711,-32.28518,-17.19063,23.131409,-48.794678,76.661766,36.57345,12.931162,26.99775,-52.788776,62.832947,14.37964,4.472651,-31.079939,-69.09541,-73.527824,11.213508,21.402903,-14.027568,-30.430246,-1.8109959,57.126328,49.300064,41.31868,-23.251957,-38.653275,25.704702,8.101069,-23.53097,-42.56044,-20.348959,-1.4477432,7.219085,34.75026,74.597496,76.95781,-23.927605,-18.577927,-17.244705,2.193924,36.406296,7.874939,-35.117912,-35.72822,-12.607746,-16.073689,-37.17282,-16.21784,-8.000371,3.7251203,15.394454,30.431364,13.350705,-2.3279784,-42.0206,-32.414257,-15.963439,-18.60069,7.1155562,-41.767624,10.228292,23.330172,-29.297184,3.7604818,-2.3884604,-8.885337,8.887157,10.510646,-65.83009,-14.383019,2.3996515,25.357605,-41.221237,8.649876,-11.307059,-40.086155,31.587456,31.380789,5.902661,33.310814,4.105112,-1.8196524,-3.9713407,7.8392873,-19.683752,-20.479368,19.91831,-29.729202,-19.735237,-8.104808,21.10523,34.0711,-24.4557,-9.761033,-7.4954257,2.6961093,27.808695,7.5988827,12.784954,1.6567266,0.7159135,-9.92289,10.36938,15.945189,0.39194056,15.355536,-3.4965348,10.845553,19.476225,-7.2853394,8.265763,3.6490653,-5.218111,-13.746357,-3.41005,4.5254602,-7.7120605,6.5882154,1.9561886,-2.6902735,-9.766138,1.3433778,6.1207366,6.782549,-13.124236,-15.864252,6.538752,10.03028,-20.49377,9.180511,-17.320822,21.06203,-3.9777796,0
2022-09-21,Phase_3_fin,-366.80402,101.02528,-7.4500403,233.53175,101.10001,267.3737,78.454544,86.54865,78.7107,-77.43635,86.05606,39.601814,53.03495,95.62811,150.41846,-98.87709,-5.8338037,43.22337,-122.82729,-16.081762,36.997307,-18.906178,66.24898,-98.03138,-31.884268,-21.605072,10.9628935,-28.530136,-40.72291,-7.138809,10.660367,-8.215196,19.872017,-68.17048,33.891933,25.2705,18.117035,13.30047,-1.010903,46.28403,66.73206,17.516428,25.622046,-32.936977,6.3198004,23.603615,-22.282627,-26.286285,23.832289,34.53346,40.393707,-22.892403,10.771828,-2.2038221,0.62075114,-54.92894,8.7778425,14.236743,36.806522,3.0669506,-17.312355,9.472019,-26.50182,-2.5237718,-7.127866,-27.489683,-1.7114077,-17.749609,1.9676238,-14.402369,10.4129505,53.31754,-4.7792244,29.175499,8.953983,-4.232189,-11.574392,9.883309,-1.1800781,28.571575,6.4338784,47.73973,-5.3618684,-4.883655,8.684019,-18.020489,-2.0495105,27.883337,-6.062877,17.440987,-11.105499,25.441162,-10.897153,-46.01173,25.602915,33.55678,25.316687,25.777521,21.066502,27.85013,1.266159,-54.6791,16.973444,-11.129814,-14.555965,-8.492405,23.060432,-37.38695,16.530827,-29.308113,-5.8626323,-3.974167,11.237792,-0.035163384,3.0180209,-11.957164,8.262607,0.7886038,0.70489603,-15.583518,0.61019176,-6.2702284,2.9638066,16.20425,14.0263815,9.727184,11.3721895,-3.2199636,0.2687091,15.255789,-0.77799696,-4.275694,16.338703,-1.9330916,-5.921809,-4.737231,-0.74851704,-2.2373376,6.276451,-7.6083055,-7.1032033,-10.772449,-5.9171195,0.9965658,2.0767643,-3.7885408,-0.8018161,-2.2271755,10.571001,-9.389498,-9.3615,7.7044353,-11.94932,-6.7362485,-6.019946,7.3944545,-4.0492196,-7.3904414,3.207024,10.958934,0.6055118,-2.8524017,0.29277828,5.121894,-2.6423552,2.6275666,9.418719,2.4512734,3
2020-09-01,Phase_3_fin,-106.2405,155.21957,123.53186,-30.120686,-77.31539,-121.3137,-112.54747,124.92735,9.561664,56.087322,134.13849,8.181321,23.494247,-84.20554,-29.366596,106.161804,-29.66735,-27.118399,-69.610146,10.9713545,-14.224763,-11.807203,8.135359,-59.724117,1.6749692,114.12306,49.77249,-62.595257,38.801548,30.666714,-7.9423428,41.10611,-43.677933,-24.558853,-19.21963,50.934277,103.950516,-51.777374,-116.88311,-9.731573,6.5870686,1.9247198,40.989857,46.49562,-48.525322,-10.88623,-30.565939,47.42778,-28.959675,-18.185003,-52.289795,-32.64553,67.90697,2.2037783,8.839539,62.822502,58.58918,-6.6017632,-29.36015,-30.741179,-10.165876,46.148735,5.112109,-7.4039617,-30.805576,21.46947,-15.032798,-25.153528,-45.127895,16.632187,19.079771,27.77502,-24.462063,-24.766497,38.97381,16.886724,-48.067066,13.2833605,5.478449,36.86165,1.9826058,1.3429204,1.5888753,-21.448374,-10.745908,8.576077,-32.409683,-2.573585,-8.105349,-25.716448,23.534773,31.271233,-3.1992092,-34.977886,0.791298,-14.547845,7.5289097,-1.4845482,13.735516,29.027586,-10.536811,11.529559,-2.3529549,1.2039659,-24.399624,20.84816,1.235966,7.1261864,-3.866983,-38.82326,7.7083774,10.997296,-5.005264,9.507265,5.1706805,-8.484556,-4.999959,13.012993,-32.581524,26.200466,-32.622437,8.015939,15.291618,-11.83778,2.4545875,16.184746,-13.0127325,12.151535,9.084781,-26.244875,16.223913,-3.2108297,-70.637314,1.3713048,15.094665,25.872198,-4.846805,5.507554,-2.6900074,21.226822,-15.399939,29.738914,35.08311,-27.929855,-17.944654,-58.00624,3.658145,-6.737639,1.2274661,10.303247,1.2329152,-24.445683,-20.153782,-10.4543,28.790003,-28.30117,7.7024274,-15.948835,-39.054955,5.123364,8.017883,10.504233,17.130873,-14.008571,-3.5672834,-21.13795,-13.606458,11.30779,3
2009-10-25,Phase_3_fin,281.9137,-60.892185,-47.08068,-29.420925,107.1156,-133.10391,45.97039,-45.029076,-70.84717,138.02817,-97.24556,50.92509,-151.57388,116.57577,-23.241842,-42.586872,-15.902572,21.603409,49.80373,-87.38056,80.51063,-98.851944,-87.52099,-36.723717,-102.09611,88.011826,-18.964912,9.7345915,44.611565,-63.116947,21.920965,73.9451,6.881278,-65.62651,-33.32646,26.778036,58.125793,62.406696,32.549183,24.957775,101.17256,96.274155,-29.972437,-86.43812,-31.407928,66.527824,-85.73684,38.79587,14.21945,89.74874,-95.419655,-97.93875,-2.8262482,-53.411842,-67.49829,50.910316,3.1699615,43.260143,-46.961933,6.312037,26.616581,61.94449,1.8967192,55.206886,6.06781,-13.114703,-129.8151,10.215859,-54.72265,-73.873566,-16.18872,63.151688,130.51671,-60.649136,-19.51103,-14.050522,44.1131,39.75512,-5.024698,11.800804,9.91291,-33.22483,27.16094,28.32336,40.687443,-90.91418,14.5064945,18.380564,-24.366507,37.24774,13.060998,-5.418402,-34.678917,-19.160578,0.14380503,-45.830452,7.1271234,5.2581043,-13.303906,-4.9813313,27.879675,-24.77055,8.316571,22.02498,-12.780938,-37.219772,-18.700132,10.605302,-28.662127,25.240753,7.3791595,17.162123,21.153812,-17.837147,2.3782313,-13.702921,13.035889,51.494465,31.670773,22.72325,-41.5218,-7.705719,-26.674162,-12.316018,29.283844,15.055632,-17.14766,-20.596394,-22.254124,-18.471405,14.9117775,-2.371901,7.222386,-19.634613,11.573081,-0.88830656,14.201145,-26.552233,22.51386,17.163935,-29.040892,-16.692516,-38.20551,-30.691025,-56.383972,5.845566,-52.58822,10.126414,33.36762,-7.1333423,25.600748,50.54214,13.614472,24.178984,35.920906,-15.8494005,-2.696783,34.97092,8.455602,2.9989192,15.799535,-15.998277,9.633875,2.1035893,3.727942,1.5233768,23.683287,-14.222235,1
2005-10-24,Phase_3_fin,-103.97193,-27.171087,71.402855,-150.9418,-11.366194,-138.36475,68.42357,60.151134,-7.241944,-168.04391,-6.437775,19.638412,-48.74617,-43.09167,45.056976,-8.621371,66.30256,112.870125,26.069302,-91.91746,-0.2948027,79.070366,69.30886,53.034004,-116.02996,-40.721302,18.476892,-155.94899,-15.025532,99.76131,36.88518,-12.380844,-9.992751,-47.56628,-59.555157,31.6898,66.93989,81.68336,114.8673,69.38939,-120.23257,-130.9671,-24.62792,1.2542326,-10.72489,-2.5212224,23.867512,-90.00945,2.836171,-30.723843,-71.38006,53.386417,49.83716,15.301579,6.63026,0.7821597,15.802835,93.78221,16.931189,30.261261,-14.816852,47.843075,65.90512,56.16986,112.34124,-47.25974,-5.47919,12.555958,-20.59539,-26.294113,-51.82648,-10.787739,-28.588476,49.463337,-77.922615,22.904491,26.932354,11.298423,49.2154,40.12063,-66.606255,11.678422,-30.17901,-43.537983,-27.232603,20.009518,-27.891386,16.543188,-28.40914,46.15892,31.861164,22.49059,45.14638,113.14821,1.5441362,-57.05305,48.825584,36.315628,28.03254,-31.417183,-64.885,-47.513073,-9.197377,-3.9210439,-8.634174,-14.9624815,27.530169,24.650536,-11.324379,-81.339,19.075006,-13.755357,4.1033263,29.533302,20.177917,9.20631,-5.654619,25.628447,29.698078,-42.526165,-66.20674,-13.85876,29.825527,9.826527,48.10262,7.669415,73.419205,53.802197,-2.7634861,-38.515736,66.5149,52.549458,13.77383,-7.35896,-27.070654,-15.723587,-23.26439,-22.089989,-63.55591,-4.157509,11.67426,43.797123,-39.282066,40.649406,-27.254515,6.306149,-43.70518,36.820827,-20.88721,9.382265,-5.802302,-4.1896935,13.053911,12.045955,2.395791,11.104611,-2.904464,-25.651165,15.885006,26.571505,8.618898,2.7865446,-16.808952,1.6505748,-14.578821,-25.510662,-4.655,13.561073,1
2020-09-09,Phase_3_fin,-77.525955,215.53426,128.55687,8.675611,-97.01722,-125.66246,-109.25306,144.13657,37.227283,61.889942,187.04659,24.666712,41.341076,-103.04832,-82.8867,52.61991,-64.16564,27.565842,-3.5859063,6.63185,-62.476654,-1.9882207,16.811104,-84.78784,-23.5473,149.28706,47.804314,-59.67641,59.45783,49.488472,-46.182217,43.471836,-18.53427,-54.97715,-10.326398,70.74565,94.30866,-54.9194,-65.44015,-18.974894,-9.256804,-16.36537,-8.713667,47.367336,-63.563457,-53.800613,-66.72836,58.184437,-13.510279,-25.713085,-23.666862,-38.63884,26.870667,14.035295,22.304335,17.464571,58.541245,-7.0116796,-28.173147,-38.417236,11.614558,5.591778,-6.1960244,18.136305,-12.075401,20.541813,-9.277127,-7.710682,0.25123975,-7.4252276,-13.538625,8.575565,11.908668,22.341913,25.835794,7.4510674,-10.870291,-3.0780783,4.786532,-1.9631026,-10.623024,-10.747396,25.54136,-16.28478,-3.760178,7.8614497,-34.728558,7.7990346,13.828942,-10.114318,-11.986443,-3.2597265,-18.941864,3.356409,9.067535,15.436899,-5.205313,2.3984487,0.63305664,5.219147,-19.311623,9.33232,-1.6247336,13.652409,-16.878946,-15.050122,11.644473,4.6212683,12.558537,14.0671625,12.249925,5.3779736,8.544026,24.552761,-2.733037,-0.5169357,-5.6084027,18.63928,11.426536,-13.052385,18.347868,-5.956864,-9.899641,14.036641,-5.2754326,4.733791,6.6505604,12.565134,-20.058651,2.2640345,-12.515694,4.9677544,39.416336,-0.09942702,-2.9389975,-12.080492,2.447211,3.7470195,-1.6183391,-7.030476,-2.7442653,-25.043257,-11.396524,21.70477,5.829824,42.657654,2.9751322,0.6784016,10.311145,-13.824881,9.886023,4.712193,4.1585174,-0.46419862,-25.314262,18.515488,0.3195752,8.855271,21.31375,-5.0371265,-13.657959,-5.103997,-19.19943,16.210524,-3.2539515,17.40833,14.50345,-10.830821,3
1999-10-18,Phase_3_fin,-362.7313,-104.69027,87.54129,-87.80673,-242.6842,111.29754,-5.067381,-93.47319,-135.42888,77.356544,-22.855541,3.6269228,193.48537,87.41947,-59.0266,-8.923747,73.507866,30.441236,-32.263752,-66.47399,-62.653797,49.41258,-59.985363,20.07235,98.06719,2.6465614,-19.195486,13.234023,36.68657,107.327705,-36.78822,-36.73595,6.936729,-35.224174,5.4912214,6.885473,-65.43292,-48.801483,-67.73817,61.93303,-20.950916,56.29867,-25.65294,-18.167788,66.464645,78.48492,68.804726,56.875336,41.298267,7.470746,-38.909313,-62.494953,64.391,-30.55466,-108.00053,-24.1063,-27.508364,-2.7666998,-46.068146,16.528202,8.212126,-5.057912,-19.871044,52.74736,38.815903,30.717733,-39.304207,-5.7815013,-1.8776398,1.129361,-33.925247,-1.6051565,-36.040455,18.430487,-48.88523,-20.876184,23.959585,-27.058273,43.594055,21.551111,16.574255,70.09716,73.81521,-32.71998,-5.658802,29.74374,-8.34558,-9.259331,48.62624,-7.185732,17.5591,24.19796,-45.635185,7.660384,17.38585,-17.91785,45.913143,-12.591515,15.766508,31.212591,23.19104,33.170357,-48.87847,-60.703156,-17.252048,-61.188892,-27.808249,29.943476,-19.594574,-29.6564,-2.2465184,22.850649,-21.502108,-4.366085,16.612644,73.95839,-38.841034,-13.124484,-17.600336,36.97172,45.780636,19.012514,1.642615,10.483167,27.275671,19.144335,26.936985,5.7818823,-24.231602,16.082005,-25.004343,12.809936,-4.99402,-14.490413,22.263319,-9.509153,15.377535,10.51987,9.754526,-33.51958,-2.786083,-0.97615004,-15.931297,9.315544,9.399056,-12.631198,-8.149802,11.020076,3.8277802,14.697203,-13.573828,-2.9487484,16.000214,-7.132226,2.5727844,16.803577,6.200074,-2.6183653,3.540461,1.8212959,-17.104267,-21.838362,15.729687,-10.329517,1.9448199,-5.72851,-5.584597,0.54297614,4
1994-10-24,Phase_3_fin,264.81894,60.59208,-125.32832,-87.00866,-176.28627,-87.73235,-243.25851,40.19274,42.216362,43.94248,8.506053,-86.312325,25.341219,159.17033,156.63844,5.7208705,27.425472,-28.608608,1.6758848,-129.5607,64.62207,-81.90713,39.38056,38.535957,55.904045,5.9190874,18.446201,-31.180468,38.770252,87.68439,25.264904,-65.01488,50.415363,-133.00964,42.440838,35.634598,-30.75679,67.660904,21.806519,-0.4111766,-14.681104,67.58462,11.622211,52.920265,-37.47921,15.020199,-40.73959,-77.614586,19.446657,-72.35314,33.909496,12.325983,-49.085835,15.988734,64.4602,53.986732,-79.2724,41.15086,-128.38152,-17.46211,-61.428085,-14.479436,-31.806421,-57.305317,-50.451965,40.315575,5.637279,52.88336,62.13651,-74.466194,26.99774,42.201954,-50.16024,-30.849792,19.642109,14.803098,15.064964,12.09322,22.84458,-22.953096,2.388602,42.382088,2.1797855,7.6846333,41.033894,-2.4057183,-12.25069,6.4443054,-31.558966,30.074942,9.421448,-14.100274,20.814613,10.559999,8.540013,-8.412035,24.937096,13.422967,36.848137,-26.904707,-13.826962,-13.676818,-34.25301,-11.0805645,3.3278298,22.90016,-1.4753813,-4.8769307,-2.2360897,9.600058,-6.1425962,24.652275,11.726451,15.778059,34.551826,12.631508,-22.893095,6.0859585,-4.841695,25.244654,-32.548737,18.316872,-26.637974,-30.578775,-8.815816,-19.94207,20.199045,7.786437,19.621592,-2.3215356,15.042257,-18.24673,21.509117,-5.672125,43.97013,-22.179594,54.8349,-14.72984,8.762968,-18.905844,24.122517,-15.754787,21.722475,-5.177882,-3.1743248,-28.228224,11.228782,7.846788,21.513252,-0.8253309,-9.332574,9.736566,-2.8625965,23.730734,-18.188854,-3.7046494,-23.803217,-13.923205,-5.3279085,-14.158963,4.0817976,-30.554846,3.2575886,4.2232466,10.835911,-10.836951,4.3761187,-1.305373,1
2019-10-09,Phase_3_fin,200.38057,193.71756,-40.897648,-23.60773,-62.83177,-139.41405,-99.33637,-37.35577,-131.74371,35.670486,-26.385838,29.859072,-5.877146,-43.3964,23.484694,-26.92126,134.9198,-100.51385,37.36983,-42.22697,59.059147,27.88201,171.12024,-161.21492,55.568768,-54.603832,-69.27734,124.69965,-109.702965,-24.727186,-14.940746,129.32231,30.177578,40.06285,49.903683,27.976635,86.31585,-8.082269,6.611546,158.95659,-42.38614,74.44426,0.45456538,20.784443,31.511019,-51.32125,68.41866,-24.98003,-14.814002,17.721376,38.91958,13.143718,-25.250755,5.981186,-17.16717,-22.605337,-8.84423,-10.305123,16.251396,-4.9667597,-32.772903,32.103313,-21.948822,16.267902,1.3387575,6.701927,34.724884,65.87028,-58.7919,-24.537086,22.924507,-65.50424,-51.04284,-3.18811,-45.714497,-15.182755,-11.004431,-50.080643,-21.552261,47.24958,59.22929,-58.921894,32.25429,22.145565,18.545385,-11.18981,-12.214049,46.105247,-1.0088732,25.995817,14.856546,36.371582,12.371859,-32.29092,-23.710905,-9.207494,-45.593983,-35.01587,10.792962,-34.039635,-20.42454,23.400633,30.35183,-1.3450595,8.74937,-1.2886051,-18.123917,3.3729753,-23.587862,17.518105,-39.538498,-0.80167603,34.911694,13.243054,-5.8437643,6.536786,-10.718357,10.60475,-17.76861,7.6960588,15.916388,12.277017,-14.272087,16.737997,-16.250212,11.624522,22.498772,-9.429243,-10.091365,-5.325367,5.859008,21.9112,38.84532,27.685331,0.6090744,-14.537229,-4.141548,14.850162,-5.049735,6.105072,20.56662,-6.132813,24.986635,13.813767,-1.6044891,-8.4756,-15.379474,24.114305,-0.43641594,3.1908824,24.317732,-11.065129,-6.298831,3.7687697,-3.656501,8.950293,10.197268,29.065767,-5.565417,5.6471367,5.370071,-16.22415,-13.681992,-12.4278965,-17.841692,12.107263,-13.062569,-1.6851348,1
2020-09-06,Phase_3_fin,-85.60923,216.66696,125.33834,-4.625252,-97.44232,-140.61542,-125.29969,154.5919,23.952612,69.01636,172.49252,25.060122,30.250614,-91.520226,-76.96893,58.02838,-43.095413,-3.5014262,-23.243427,-3.3890145,-38.282787,-9.688,25.566322,-73.964554,-1.3843696,142.26567,44.63895,-75.30953,67.41901,51.039604,-38.217594,50.28327,-30.594831,-57.84008,4.0395975,77.04784,100.920845,-66.2655,-89.215675,-28.37001,-5.944878,0.43808708,2.1144493,48.444164,-61.227104,-48.957943,-73.413155,63.01065,-32.281353,-26.13177,-53.237167,-39.576385,38.00103,5.3666806,25.255228,27.273869,73.00183,-1.3245597,-30.579512,-42.536682,22.74636,30.634172,3.2918339,19.112906,-12.864106,25.259632,-24.527008,-32.493046,-20.50688,-3.6809764,18.185793,15.542692,-15.989702,6.9899216,31.931793,21.507719,-29.645302,16.695997,18.45457,24.997246,-0.23090124,-11.182917,16.038723,-22.34079,-23.04282,20.018703,-45.004765,-0.06631774,-3.5138237,-42.310726,-5.2533016,8.979775,3.3815296,-11.729254,-5.6707006,5.8788276,-16.55545,15.017407,10.97441,11.4402685,-25.561491,12.922664,-6.536873,0.39883217,-6.7833314,2.1198714,8.574999,-2.7143197,8.999835,-11.556205,14.016183,9.423059,0.050204474,17.840792,5.2340865,-11.236509,-18.503588,11.451319,-7.3529444,9.338905,-15.322971,-4.9232235,0.30457786,2.6444352,-0.75154465,1.9239231,-5.9287143,11.232495,-5.564478,-2.6904657,4.4315886,0.8311452,-10.978094,11.776764,0.45921564,3.6304233,12.727163,3.3627038,-4.023301,7.354461,-13.013741,-12.173866,6.9042215,1.8397074,0.28232238,-7.449599,7.0021906,7.7197146,2.3851976,9.46136,-16.549685,0.6159931,-5.9999943,-6.4842443,10.496766,-6.284065,2.1063385,1.3032917,-6.5324287,-7.819912,5.9940834,-9.234661,-2.3418536,-18.575802,5.957621,-5.871377,-3.784687,4.3008027,3
2000-10-18,Phase_3_fin,-193.6246,25.258156,-23.96499,28.561457,-196.16147,59.705025,41.315247,56.79755,-92.81409,116.06107,-65.91932,20.879784,-208.46826,-15.828253,7.3575497,100.87609,-78.93265,-13.172667,143.24977,-35.06062,30.644587,75.59934,-35.955845,4.2517276,60.997887,-35.9487,15.088624,-68.3844,-94.74581,11.993244,51.76599,64.52582,-55.854645,6.1934915,123.02005,110.063255,-98.10362,47.20019,8.421458,40.945972,-26.189259,-51.311348,36.27686,19.649426,8.499437,6.47165,-51.99014,52.272205,50.285336,-12.5142355,-22.609657,8.919304,-39.659073,29.645885,14.362177,-46.135273,13.507895,-13.062558,-18.242676,-10.847063,13.18284,-13.233723,-15.450502,-17.67644,3.1789792,-37.016956,7.0286202,20.869097,23.811049,9.543154,-33.41627,65.46782,3.5967684,-1.96111,-48.070988,-14.377488,14.238296,28.842005,-9.98337,39.341602,39.3639,-41.89142,-36.808907,46.594822,-22.304886,-4.923562,18.280418,-37.717464,-29.671812,-33.915924,-26.703651,91.066475,-45.861282,44.439415,-38.420143,-23.156727,-24.61033,60.115658,-4.523528,-17.468191,56.691906,31.23346,-48.073586,6.1992927,25.224806,-65.76602,82.56539,-53.227333,24.29733,13.831586,4.747243,21.93179,-7.925423,6.699293,26.581587,-11.123097,-14.5233965,24.033516,-5.858291,-10.7959795,37.89951,22.359953,-10.879539,40.86915,-24.566748,-12.295049,-30.062302,-6.18129,-1.7620637,10.552706,11.849057,-20.302042,-9.077677,5.139015,12.274964,27.735382,-10.772573,18.723518,-9.922144,-18.882872,-5.0929694,17.188505,-0.3762713,-22.476452,15.337441,11.371885,24.694101,9.25489,10.512233,13.544505,14.729917,-1.2933159,17.882889,-6.587434,-7.60361,-11.715075,-30.789213,-18.023682,-7.6403127,22.696434,-29.970436,-19.223276,-11.793671,1.4448915,36.46941,-5.3871393,-18.549065,1.0428236,3
2010-09-11,Phase_3_fin,-362.0601,-153.92224,-152.69258,70.23311,174.19966,-64.438866,-120.43378,143.08873,-216.46555,-2.9947114,-38.174393,-84.13243,-0.65712637,-142.0278,-11.80227,-33.689205,-20.983047,-38.49925,-83.1101,-31.964056,99.273796,-55.262478,-79.265495,13.742587,24.135489,81.06294,43.296276,0.40088037,-12.482483,30.264101,-35.483246,40.89363,65.66169,-25.930126,14.253821,-16.115047,-53.1352,-73.911446,80.5192,-47.125526,-57.063175,15.54278,-25.341988,13.431492,65.770325,4.328713,50.269165,-89.241135,20.80657,39.24519,-55.996372,-12.426976,-29.316542,2.3004184,-14.13038,-7.192849,79.14158,-32.945442,-5.417064,63.00952,-5.2218075,-27.08516,27.319304,-0.9039236,-52.738262,15.655683,11.662282,-5.265974,32.827873,22.64903,-5.3910217,39.33991,-16.067745,-18.165653,-6.684315,-5.9307046,0.7550514,-13.328166,-0.28134465,3.4929194,19.663193,5.9659815,26.326319,-5.115333,19.351097,9.602028,-11.868752,-12.273428,23.683256,-16.655941,-1.5142313,3.884798,18.15092,-1.2714906,4.685554,6.6235886,-7.5702987,35.063343,-2.7918556,7.976635,27.056602,1.2185756,-16.143702,21.325954,-23.093262,21.400917,17.046047,-14.05937,-32.84299,12.671157,6.096923,22.089712,-1.8906779,23.54916,-3.2924316,-5.744285,20.598494,-13.072135,-46.538616,-29.90494,5.18249,-14.563298,-10.554736,-32.58232,-25.847881,-12.474814,-0.63700974,13.881185,21.511559,-24.955072,6.3902626,-5.309394,34.32237,-37.254,10.800577,-25.762867,-5.9820843,-38.373184,-29.079617,36.183758,-15.406016,-20.554792,-13.022723,-0.33700582,32.040993,-4.342425,-72.440926,-11.875324,35.991333,8.876313,-20.60409,38.738503,26.480602,-2.2210736,12.642537,-2.9253314,20.436647,-6.537555,-8.9144535,10.247453,-24.313034,4.4806385,4.4037423,-10.96177,5.9712224,1.6275369,-7.1703405,22.715017,2
1988-09-21,Phase_3_fin,-221.81865,-27.854717,82.95064,206.7204,-48.154934,-194.21413,-27.229794,142.05333,-8.53211,-1.8994752,32.001945,42.27745,-27.774458,52.945904,-52.170574,-0.5421488,92.48188,-6.3488865,-38.974937,97.13454,-110.6628,-19.649748,158.57054,119.93619,86.348015,-148.68051,-128.48724,45.407387,76.72825,-36.41703,-9.759406,152.74036,163.4659,-76.42704,-85.44067,-61.19049,-84.0846,9.34843,-42.628975,-62.526558,13.876282,-45.684784,81.92682,-32.41445,-18.815126,1.5680715,-113.50538,15.766981,-28.841625,77.9868,-40.62368,-1.421579,33.02871,-13.731097,50.87418,-0.32593277,6.653225,69.85461,72.92656,56.367958,-35.169067,66.85062,-16.169634,61.655834,-18.395844,-0.40571553,42.937878,10.754369,20.410686,-61.103874,-6.453133,30.82227,-12.354407,-61.067165,-34.708267,-8.672454,-2.3181202,-25.491955,-60.17279,-13.4854965,-15.393114,31.222473,13.209242,-17.366472,17.234564,30.140984,-46.65404,22.701801,-43.511444,-21.275938,-7.477193,-23.529861,22.684483,51.134438,-33.71318,-1.123649,20.241367,-65.244865,22.721636,53.22762,26.105225,9.267806,-8.92655,5.199903,55.325592,20.654902,16.89503,16.845274,23.395197,-53.41681,22.567099,-24.479473,11.546695,3.4589128,16.504145,12.021761,-29.02041,-41.707447,4.0431013,52.003098,-20.656925,-53.08536,13.615011,25.270521,-21.640507,-85.397865,-56.51342,-56.9052,-17.117685,-24.00292,39.953915,-15.480783,42.64982,7.882607,-13.242206,64.91023,-54.58512,-6.968596,-9.262799,-28.916399,-9.353197,-24.985647,24.784885,12.7844715,-4.508527,5.7719088,-8.014798,6.14524,15.014057,21.864365,-44.50139,17.219515,-6.5669665,-36.618713,1.2735573,30.406158,22.108437,32.5737,-25.349749,22.541739,-15.078464,-17.6574,28.083723,-9.431861,0.7479906,2.064224,22.601229,9.318044,2
2010-09-19,Phase_3_fin,-394.27777,-146.45149,-158.39815,76.77072,221.86635,-63.012707,-211.07275,105.92205,-128.82832,2.317602,-56.75251,-88.41864,-32.42461,-161.40974,28.589083,-11.06282,-4.39367,-34.812874,-42.20275,-51.29877,-63.724995,-19.322378,-97.4583,8.198923,17.064585,-10.426474,28.462723,54.748276,36.505375,26.324598,-36.98415,-27.730537,34.142967,-9.606731,-36.41421,-23.728294,-0.023154162,-60.426826,31.5828,18.730547,31.43155,-65.34927,46.77017,59.57208,10.619555,42.9568,77.77976,23.965244,1.8091161,-33.395287,38.64185,13.036044,-63.342575,30.616318,-60.50543,-21.281315,31.742327,70.09683,9.605094,-68.96435,-46.185772,31.527235,18.711315,-70.47813,12.869531,-67.958694,-9.514524,6.256852,-23.614075,35.455395,-5.4695807,-1.6397948,28.728138,-68.42106,59.553604,5.5866113,10.192754,17.714998,-2.9264293,-20.532291,35.897884,11.700142,14.958649,-27.323263,2.5862105,39.88313,-18.47444,21.329464,33.029686,-2.987302,20.260345,-37.87408,-61.9306,7.597558,6.851194,-33.59807,5.805608,-28.543152,-18.479162,8.624444,-1.9813187,21.038013,-11.488586,3.848048,16.044228,-19.74713,-30.295254,-12.981101,-3.466777,22.097408,-7.037119,9.295132,3.9574478,34.962917,32.934856,4.946041,44.414467,-1.380354,-26.26412,-60.674294,41.59914,-20.190561,20.834368,20.16549,13.841507,21.282364,8.165068,-0.3953501,13.18891,-25.758417,60.64725,-21.14573,-2.2102675,-49.980194,18.403494,31.664083,34.134407,-35.67023,-68.69608,-21.957588,-10.031245,-9.940894,27.454979,-27.26339,-40.562397,-2.833753,53.23399,-25.18123,-26.616259,31.603413,8.926472,26.310055,-33.91704,8.823244,-28.679049,20.08301,0.48092043,29.134903,12.610242,-7.328877,30.45823,-4.935462,-3.411239,7.029034,3.650592,-9.211646,-27.999695,23.452848,2
1987-09-30,Phase_3_fin,351.84604,-242.10399,107.76204,166.6411,108.23979,-105.65538,88.31197,87.34979,-4.524335,36.677986,21.374418,176.7038,46.148365,-31.962532,-69.36458,-24.119614,22.787466,-55.007587,-46.445217,-29.158344,-40.02483,-12.410771,50.89865,-48.589832,-26.791794,27.611835,137.20372,-67.96085,30.754652,-9.463073,7.3977532,-50.901035,-91.055984,-53.181446,141.50803,-87.593605,-34.545097,56.65339,2.4791274,-13.985931,-5.618475,75.521614,20.19227,48.195877,-8.38326,28.242996,17.355358,45.055485,-0.18151416,44.51395,22.846617,17.26894,-3.6702707,-32.594765,24.652431,-20.617355,-47.83056,-21.02932,34.743473,23.812298,-15.8739605,0.21946071,31.833906,7.918215,40.346622,-25.44404,-6.9611406,-2.0030272,20.901098,-34.311485,58.644917,26.097198,-3.3007746,-25.049877,2.8680112,-42.419804,19.369875,21.492567,18.301949,35.234,-20.727518,-11.271526,-25.25874,-54.497852,-52.360912,-4.721191,-15.076525,16.448725,10.425729,-9.394811,30.445234,11.006563,-28.249924,14.367259,8.996557,28.653753,-21.78085,-20.157202,-16.290257,13.088964,-31.455769,-5.6609306,-16.06504,64.55437,75.282364,-10.673308,23.348288,-7.983775,-64.78773,-20.154665,-29.570547,31.910872,-10.926545,25.849792,3.74876,6.067117,-1.6629597,-9.998574,10.595373,-19.155487,-27.666725,20.411718,-10.075643,5.278025,-22.594202,-2.8581,-20.76345,-42.18474,34.629547,-32.030987,-26.938805,-20.380962,5.394192,37.69038,-9.295887,-17.206696,4.5252666,45.241814,14.437934,24.127007,-35.50278,1.2188053,28.611,45.357185,-25.922533,-7.9839563,-15.110528,11.074053,-28.515629,-10.634393,1.0502967,7.657965,37.403027,0.3897991,-4.0503025,-23.22256,21.282858,9.876953,28.568588,-8.193173,47.4494,11.171633,71.45749,-23.289017,17.615505,45.27718,-17.925205,32.49446,0
2018-09-18,Phase_3_fin,96.48096,185.20297,-122.18331,-126.2073,42.805183,38.751823,109.79874,-40.271492,-56.63542,-16.209276,-219.05391,21.361095,134.21693,-76.08398,80.89804,225.89905,10.2049,-50.08384,39.686085,99.89483,-82.28858,-122.7941,-46.57663,-46.842865,-94.636536,-83.20399,39.72562,47.601032,6.9844384,-37.86389,-7.840083,3.0111592,-41.942043,31.26003,-11.837137,-2.5723202,-68.6306,-54.261337,1.4642602,-16.28808,-23.889019,-40.669487,-1.6123054,46.821335,-3.0132167,0.33903477,18.79509,-36.23633,-36.37206,19.830969,-13.039917,18.103426,42.69648,9.785751,-10.966856,-0.5563567,-12.008596,19.477304,-7.0138397,4.47302,27.23779,-22.452755,-11.406546,-34.583103,-33.866608,41.2599,24.605518,39.071697,30.584679,-39.202152,-29.37004,18.517195,1.112213,11.584383,-29.46462,15.991875,12.039201,-32.594368,-11.793138,7.8402247,-20.294502,-11.280762,16.38317,-21.257002,-2.2294948,-9.719231,-21.931566,-27.926306,16.312649,34.84355,-17.735804,-22.298574,-21.331118,29.275414,-4.8366776,16.469452,6.6688232,37.432335,3.079609,-6.4757056,10.96191,-35.403473,0.91022635,-4.035684,-3.724688,-20.286295,14.752755,-12.609612,0.8868826,9.494117,-31.435293,-23.08147,34.02795,55.23217,-0.2655514,7.2434974,-27.939447,20.053606,-20.306433,-16.5756,-0.17265016,20.65162,-21.56024,-8.13979,21.761522,30.49215,-36.50019,-37.28579,14.566753,-34.767525,-13.260673,8.238918,-5.4934955,-25.23869,-8.793417,15.446434,21.242836,-8.607848,20.498024,-4.155049,-12.60906,14.540007,13.239125,14.505461,1.468013,7.228288,8.305348,7.1819425,19.99961,-24.60361,2.8115654,-34.947136,-1.906222,-16.18356,8.275372,35.08475,3.8310392,38.62818,-14.235204,2.2461216,-2.6545057,-3.154646,-19.639885,-10.021242,-19.550262,11.58405,-25.878738,-2.4027047,1
2005-09-03,Phase_3_fin,50.857384,10.663402,55.952633,-188.35396,91.315155,-65.03437,-104.585686,10.109687,-50.11844,-194.00528,48.228905,39.95276,-124.58077,-138.91434,84.07076,15.659783,-1.9913617,70.877785,49.592045,160.07205,19.668837,33.50222,74.75188,-11.260964,-81.840675,1.6378889,34.631607,-75.989456,38.37547,-85.22678,35.561573,0.75189966,14.259141,-60.797703,-23.96355,-83.07487,-24.085451,-7.7445655,-41.570354,29.835249,-43.04172,17.760654,-5.1537757,91.37484,-97.99552,-36.346516,-18.34212,56.682655,1.3509654,51.06282,-20.916649,53.08368,-68.0932,-31.986212,-5.466642,8.313212,-65.7708,47.343887,18.62538,-5.3446927,38.65865,-22.083565,-38.068275,82.50999,0.14671212,9.833723,-11.15843,-34.241734,32.594296,-16.226622,61.579594,-89.177,26.834745,-4.9311714,-100.82875,-4.6607423,-36.32746,28.118553,-21.200308,-54.804447,16.726168,-59.13673,67.10485,119.38049,-29.87643,7.4039636,5.747615,33.771053,-21.624825,17.572842,-39.08474,-30.184807,-13.761455,-132.3675,-35.888416,-61.526287,6.775898,-86.92895,17.721918,15.063323,-54.58906,-110.44704,-92.4876,19.192984,-50.86752,-88.389275,-62.730057,-25.127722,-14.4868355,-30.858541,61.013073,-1.8074237,22.762846,2.6347992,7.196999,89.700584,26.58498,-39.19053,-33.762054,18.347988,-34.02881,-39.95232,-45.599922,-26.506002,16.130861,83.892265,59.779255,-27.693426,-3.2244418,24.514595,-33.094852,-50.740604,27.212944,-9.164809,9.368023,81.55045,-4.4789114,3.536509,10.706055,-28.64964,31.747433,49.455658,-40.873234,-45.762573,53.54638,-70.35448,13.590558,-60.105087,-39.214382,2.4046128,32.012108,8.755746,9.22563,-36.31749,-18.565966,19.10645,-68.79214,-22.557459,-37.137165,-24.14668,17.948946,2.7175329,-36.461823,13.454964,26.15164,1.040391,-31.083984,27.436953,1
2022-10-09,Phase_3_fin,-314.88586,120.51666,17.327478,219.31538,66.41231,200.71553,98.76821,52.42657,98.052864,-45.34039,-15.359255,66.64011,72.27593,109.33315,205.3991,-78.928986,4.073981,41.03524,-49.801865,19.609945,-11.7112255,41.50336,67.73477,-67.55397,-16.509092,0.16562119,75.94144,0.7433592,-18.663893,-33.664696,47.31717,6.572026,0.11327617,-4.515994,-32.74066,8.57685,-25.461157,27.308336,-26.636467,23.53975,-16.38876,-30.317205,-9.22472,-69.30102,-27.103338,46.484962,7.253644,20.750208,22.603756,-1.8329144,1.4895319,-23.821148,-53.193745,5.8741164,12.19145,17.254826,47.633945,2.802252,-91.4406,61.78554,-26.720097,-72.39827,2.5622153,-16.24232,15.957797,-41.37628,51.095695,20.199474,-19.050896,-16.125364,-26.374401,10.359259,31.672735,8.500201,41.700256,14.819147,-17.587755,-27.35022,-0.883244,22.307371,-13.051244,-53.698578,44.914577,36.364372,-5.02237,35.711414,5.2387047,0.9977467,-20.23247,-70.99931,-25.596685,-46.60774,-1.6877576,32.36165,-22.63989,-24.087334,-2.1158612,-19.663784,-44.395203,-31.38398,1.037619,16.016747,-51.070168,33.360207,-18.806828,3.5682688,-26.750477,64.07727,-41.854073,22.63942,18.337223,17.43554,7.686691,9.5194435,2.999885,19.288197,-17.853254,-20.194326,22.601068,22.554232,-6.0482955,28.821806,-14.9142065,-8.481923,-22.812237,5.6763167,-28.401367,-17.569607,-1.8580179,-2.2041357,20.790878,16.06299,-24.927725,5.081571,-10.488673,6.45501,3.3890264,-16.72137,-14.870659,15.7415495,38.955532,4.881581,0.21623582,-6.398929,15.18829,18.467354,5.4706264,21.200052,-33.583992,23.598396,7.3555894,-21.59583,15.10392,5.4151554,25.973925,4.309146,-0.9570831,0.015407103,-2.53614,-0.40312165,2.9484837,-17.56971,2.3426204,-19.380909,-3.0317464,5.8756237,-6.5258017,5.2500477,3
2009-09-08,Phase_3_fin,159.60815,-28.744596,12.22307,-26.587841,-8.37875,-8.729315,76.41661,-4.928625,131.834,-20.733675,-180.46523,-31.35977,-126.01781,164.0332,-183.10153,10.841483,-85.008026,17.703964,-57.63859,-161.33325,-3.7087162,-113.07722,-168.42278,-45.62848,-12.80091,107.00749,-41.242756,-70.601845,22.782503,-92.33147,55.733414,60.85344,120.94103,-110.37932,-51.49146,9.67436,16.681433,-56.49672,-39.804615,66.28782,-81.27657,-19.080196,-0.09153928,-23.68477,-21.087904,33.526894,23.515465,-23.920443,56.766605,-48.56347,56.953373,52.290466,39.997932,58.6294,4.6627164,-17.105156,0.009347861,-1.8075027,69.03718,12.722434,1.0998337,-74.0309,14.619315,-45.0697,-6.9115725,8.104512,86.27276,-16.459707,-18.06017,32.240143,25.488503,-28.381113,-6.367414,-6.4032545,14.9147215,-45.895092,-2.1862698,-49.13475,-39.814518,-17.172228,49.286934,-10.048551,-55.786907,4.5823956,-9.370606,76.9049,-36.446003,-14.347211,10.241219,5.9209676,55.394024,58.24695,-5.8418,-15.198043,14.504333,2.4552934,17.930475,41.571278,12.239667,40.835163,34.544758,0.4586109,42.08668,26.117622,-5.8104105,-27.083675,-39.74065,15.98577,-3.0204895,33.063705,21.224884,22.394276,32.53412,-7.5980783,18.83308,27.719631,8.022418,39.791054,-9.265673,36.440346,-68.96662,-5.516745,39.543293,-13.981509,26.372757,53.99139,-20.75414,2.7102523,-15.435871,32.342216,45.947273,20.09269,27.214678,-8.956124,-10.491715,2.2550073,-48.871674,-1.6166841,23.90497,-16.64451,43.834396,-12.289128,3.9626,12.562446,9.640608,-3.9830306,21.627203,-27.5562,-2.5973136,3.1443427,0.5499802,-4.7842183,8.212846,15.517903,21.408983,-8.655836,0.18570642,-1.116658,1.9607925,-0.7988667,-0.24396208,-6.731513,6.625169,17.779856,-1.5138383,20.883068,-9.989027,4.5315695,1
1987-09-17,Phase_3_fin,322.73264,-159.0145,58.395275,127.46424,100.87143,-82.93278,136.34286,48.48865,-48.95791,-3.0797272,67.17946,169.63596,31.508898,-22.194117,-58.084732,-36.07682,43.36316,-132.83064,-99.57134,-30.267332,-60.177364,-69.457664,38.39551,-117.221405,-44.215054,16.339188,79.37182,-63.851715,-3.6830761,-55.48649,51.27945,1.1612258,-53.984505,-145.6023,90.74301,-44.94866,-32.20661,23.372398,67.946144,-17.151182,-23.296553,-10.9419155,29.281599,125.12841,90.58444,29.318462,-0.2797457,44.96158,-117.280136,-55.956264,75.847725,-8.660913,69.99248,-94.566574,-5.5159364,-9.374549,-14.847319,-11.133232,-25.333826,45.85167,-15.584716,-23.768751,117.73754,32.705204,0.34858552,-38.948986,-43.724873,81.24336,4.043573,9.658913,3.2183113,-28.281263,0.4488868,58.454174,-11.623431,54.053883,-26.006044,-61.571457,-73.78841,-34.202534,50.469746,-9.051256,15.241266,31.537867,27.167704,-29.521036,13.661878,-11.866132,1.0455365,4.142379,-23.039108,-2.602086,3.6100779,-16.491823,-26.55825,7.3999453,5.596231,28.111507,-12.422097,-10.610992,32.010685,26.137583,-12.984448,-91.821434,-63.95961,18.162088,-7.0718045,12.26782,54.264133,26.743437,45.250736,-35.57386,15.181925,-19.066877,-11.132248,-38.68056,-22.32166,27.771667,-4.073898,51.29134,2.7177818,-21.98895,9.980012,22.445066,-32.258392,-56.679855,-6.5164175,33.164017,-76.663895,16.253847,1.4106137,14.907554,-21.663103,-78.61934,-6.1856394,45.065624,-2.531644,-45.18735,-21.34917,8.257502,32.888412,-7.81972,-35.08602,3.5443068,31.230453,2.4813483,39.940086,4.563083,31.25351,-14.252833,-5.0218916,30.507256,-36.135212,49.41921,-27.27796,31.501347,-10.211886,-18.793154,16.518284,10.049374,13.138066,15.424113,16.153624,-5.850765,-13.723273,-27.579935,-3.8022244,-14.627976,0
2019-10-25,Phase_3_fin,197.96185,155.98228,2.12132,-59.360012,-33.78289,-186.51913,-64.32947,2.0675232,-61.863842,98.068054,-61.450905,-5.502956,9.359245,-35.375725,-15.110107,-51.754875,118.404594,-87.44557,31.847805,-98.7283,57.643982,66.61391,130.86635,-77.07174,48.241478,-25.922009,-40.447224,47.05365,-86.52867,-19.279613,-32.396236,100.662056,50.812004,33.20403,-3.610604,32.694687,63.739975,-10.06844,31.331964,82.305336,-36.652523,31.141693,-3.2703285,-25.810078,5.367601,-51.98569,43.389767,15.428695,-48.73915,39.954845,40.53582,11.398911,-14.15482,-26.602522,73.03326,-59.598675,14.826363,55.008266,17.723297,59.015774,31.54114,15.241509,-59.097004,-47.524776,-51.544792,-40.808674,31.21636,40.371254,-61.18835,-39.75924,-27.431644,-39.45089,-27.052288,33.91144,-25.388288,-4.2888803,48.494453,-17.699991,36.14843,69.74557,-7.988448,-8.848104,24.449442,5.9049397,-23.42169,2.1671004,-40.16649,49.780746,8.138545,-11.319385,34.693348,68.1525,-45.30885,12.319139,24.379381,11.098288,-14.579002,-72.46159,-29.202913,-31.323883,-14.560975,20.78144,9.018783,-6.4537325,-26.487782,-6.7580757,15.238901,-5.153421,-27.899113,13.3413515,1.9186472,-26.63583,-33.88621,31.33135,-6.820107,25.88278,9.728521,25.148083,3.1746457,-29.734621,-34.587166,-6.07623,-30.041311,-34.94365,60.283623,-66.5544,-24.529417,15.755601,38.978645,0.76209295,11.509412,-51.061447,-30.981413,-91.33836,26.521374,-2.6120474,2.4094346,5.2084436,5.1284246,-22.483831,-79.494774,42.317413,-36.346302,-36.075886,51.116455,36.97332,35.18884,-56.47486,-45.99651,13.391657,-65.782555,-3.285786,28.25213,-7.3995943,30.40537,-65.8706,0.93186337,-62.5347,14.697333,-16.847895,-64.85092,55.513226,91.03321,42.088203,51.92282,-9.426706,47.432293,11.805856,1
2022-10-08,Phase_3_fin,-323.45602,114.27836,8.624949,216.26662,62.775986,210.62386,87.53608,54.83278,91.58313,-48.240696,-9.796821,63.143353,59.34202,111.298,203.84665,-81.82193,3.977773,39.963127,-57.624035,25.971,-10.858919,43.10443,65.71854,-73.261185,-14.275178,-2.241344,81.33941,-5.5814366,-23.458426,-39.029335,45.69673,9.773299,2.2709453,-6.2714562,-32.363106,0.33622104,-17.472942,21.62129,-21.921846,20.495724,-11.513407,-29.833012,-6.7346644,-63.501503,-25.897274,48.61533,4.2374144,23.711126,25.962158,-0.92299366,0.54712105,-19.268593,-54.207363,9.89014,12.55954,9.911502,45.909298,0.6803182,-85.30758,60.75569,-23.23327,-72.710846,-3.070494,-17.473852,14.364501,-42.32582,50.19129,19.852747,-17.198677,-20.729635,-26.575953,9.3021345,29.715412,10.042879,37.01211,15.3545265,-18.01583,-25.44549,-1.00082,24.158758,-12.372839,-48.718624,40.989048,35.534973,-0.6667602,30.731176,2.5679326,3.8824732,-23.43256,-67.39365,-28.192152,-39.652565,-2.189897,27.27075,-23.911171,-27.988647,-1.0582687,-12.718364,-42.070194,-29.254452,0.93490607,11.875084,-51.846973,33.414185,-18.037613,4.6385655,-26.727268,61.061375,-37.36333,21.055988,11.334536,14.737341,8.933756,9.420299,6.4373455,16.732197,-15.226325,-13.222951,19.067604,22.639061,-6.1729813,29.56571,-14.314969,-3.9515455,-21.29843,2.277616,-32.03001,-20.115307,-2.9073586,-0.42980847,19.627434,16.315979,-22.647041,0.248445,-11.12168,4.2416296,7.7180004,-18.650583,-10.341618,13.156834,37.4136,3.1992927,1.6166818,-3.081424,12.445571,16.36895,-2.2807748,20.187721,-30.53528,18.60466,5.799052,-21.726944,14.416654,5.970371,26.565205,5.5963273,-0.33064798,0.047709864,-3.765719,-1.2243587,2.141871,-13.854136,-2.6978636,-20.814491,0.5403528,6.5558395,-8.040219,7.819523,3
2023-09-04,Phase_3_fin,336.35065,-240.25381,-19.842869,-148.65343,195.01367,240.99956,-78.32547,85.96253,11.049299,18.543322,143.36462,111.49381,-102.2143,23.019203,-24.866928,109.43105,20.295889,-57.455334,-14.859164,-32.470467,27.74814,132.21645,-10.297903,30.260414,-105.12036,46.523365,45.118443,36.428783,17.061878,-16.422293,-58.404053,55.767773,35.790962,13.044161,-22.005194,-18.042612,-84.77207,-50.364857,13.792854,-1.0163375,6.330236,-15.0207815,4.15706,-47.771446,10.716372,-2.1158173,-38.112446,-53.121048,-19.932123,-26.765335,-18.629957,-59.986927,44.330986,62.535942,45.52453,68.64833,-27.099201,-17.932234,-55.787403,47.451355,-26.068989,88.60449,23.91777,8.66906,-28.624681,-48.8188,-21.983395,43.544117,61.853275,117.21122,36.479992,-51.105007,-2.9845688,32.976875,-23.09663,35.547844,58.24412,89.58002,28.049143,-10.273214,9.264627,7.8752337,-1.6079072,-77.96951,9.977436,24.726347,-16.468472,57.56037,-24.584427,57.50115,13.661785,-17.22356,-12.549397,17.754139,-19.648714,-0.6974409,-81.464615,7.685977,-4.9446983,-1.372104,28.257067,0.10653607,7.666812,1.679642,11.773672,-59.839325,-0.64912766,18.338709,8.5481,-17.878445,-24.687677,-1.7867717,18.614735,-25.414621,-29.237095,-21.654911,-29.959227,-2.6435306,0.38716424,57.32546,3.8719661,15.562107,-16.322458,-2.61154,9.4199,17.266424,8.682106,-9.483433,20.167755,35.35313,6.74274,-20.380753,24.947468,-11.718668,2.0490522,-5.7913327,-15.39481,-19.006353,36.768097,-45.907204,-8.956617,37.019283,-11.764396,26.803156,60.904976,20.254,20.373945,30.429956,-9.073458,-15.120291,-26.627663,25.10553,5.609619,2.7410645,17.176271,-19.261713,-1.611518,16.456413,5.4102335,5.736251,31.714436,12.970467,1.8240566,14.129803,-1.494537,44.31033,-34.61597,5.9296904,0
2020-10-04,Phase_3_fin,-103.9225,265.4339,126.39918,67.056564,-130.29915,-208.84348,-135.56178,24.820515,77.097984,90.51128,177.78644,31.739206,35.67151,53.92834,-8.608115,43.75892,-77.442215,85.22299,88.15392,18.424356,-63.440605,-13.389732,-71.611336,-69.134285,-13.226296,44.758327,-18.990627,19.226631,26.504623,-64.79106,12.266999,-25.628962,-64.7766,85.682014,-42.762012,-97.07555,-47.736538,46.82437,81.79603,-54.81889,5.4098363,-26.8172,-25.889017,-12.816055,108.59105,54.09125,10.186272,-45.49459,27.06674,32.118885,17.741112,64.251465,-23.576124,-26.573751,-49.818413,-28.485256,-68.392685,25.991972,3.3798432,31.721558,-16.835497,-8.054235,-22.247734,-12.9880085,-6.559542,-19.526047,-2.695926,-3.7479174,-27.648907,9.708224,13.8738365,-8.003696,-35.60424,-13.083794,21.4185,-0.36200792,-17.916758,15.437637,-15.626628,10.418999,9.933433,-8.255661,-0.78566754,5.0197306,8.491446,-5.299703,20.858318,-20.304361,-35.345753,17.887096,6.1879296,13.822068,-5.6532493,11.175964,-0.7487231,-21.578135,4.797877,-9.945813,15.977338,20.512833,1.4923887,-9.457721,9.417229,6.0153527,7.344797,4.1932225,1.2779764,19.385086,9.688795,-10.648259,14.363328,10.78836,-4.4467287,-6.3645124,-9.770447,9.449558,-12.489529,15.118001,-1.3088956,17.180235,-8.19599,5.0171947,-7.7872853,15.590666,16.762835,11.3453045,2.5587554,-3.8688488,14.321534,9.131011,16.870531,0.32411563,-37.024155,27.370836,4.1796646,17.682358,23.757439,0.07553414,-1.9548304,12.385338,-21.897762,8.857696,5.7412996,-4.9348826,-29.175585,-7.9195547,15.443622,2.583781,-2.857722,-5.6510725,-17.118942,-5.299942,-16.560472,28.418833,26.35374,22.330914,11.466661,-12.452246,22.826351,-3.91625,-10.674558,-9.731715,6.662762,12.150954,-26.083313,-13.943811,21.509073,13.034614,3
2004-09-16,Phase_3_fin,80.48627,105.85258,-8.331651,-128.22897,86.332115,-31.87918,13.127872,-82.93866,-72.6017,-45.23216,-32.413353,63.31005,43.738014,-0.16915858,27.478006,-1.1671833,-64.75979,14.730202,-76.6843,-43.9796,64.43522,72.361725,-26.202631,0.8492628,113.77853,-7.3575077,-48.32936,-5.053629,-101.314735,51.803085,83.03788,104.2497,-23.744432,14.539936,68.78745,-107.41184,117.28561,22.021847,-100.5284,-88.08192,50.58022,-106.09474,47.75403,-4.8096547,-9.376685,4.1547527,16.964954,-63.683796,27.96095,-42.723827,32.51486,-13.251458,56.611904,-22.272766,-12.08167,-10.875636,-42.528862,-16.281664,1.2067522,1.6025778,50.85255,-7.728802,11.556728,27.978477,9.560275,5.9002695,-27.536737,46.159073,6.585432,47.31141,-4.0285597,89.88754,23.541899,89.63935,21.39967,72.11783,-13.113329,74.328926,-5.1558495,19.702942,-37.389908,-21.214947,56.227676,-62.987415,62.77531,18.466211,5.604338,-106.6055,69.6182,36.26535,-99.175674,6.974466,-10.654191,-62.04708,88.399826,10.529872,36.557674,-3.5923464,2.4653485,-30.877293,59.42522,-21.121105,11.648665,-31.180395,36.629944,-0.13107756,10.5637245,6.270744,-23.71355,2.8258977,46.31994,43.710945,16.132465,-5.9218297,-16.934004,17.810272,70.08895,-61.488888,-6.7513595,-33.05318,-76.846344,0.17607117,-62.47785,27.392206,19.8307,-27.15708,-14.117159,33.532772,10.328949,3.0731442,81.70019,-0.22791815,46.433025,49.387787,41.509277,-29.326233,-67.04109,-5.310816,-7.453311,20.53851,20.761717,4.3591084,55.484657,-63.34737,0.86644953,40.20099,-16.843147,68.81877,-34.85467,33.076862,27.47213,-42.600414,12.78017,-23.425001,-34.306767,23.153776,13.480884,58.26275,31.030365,-74.33756,27.56999,27.096107,14.984479,-21.184992,-42.67019,55.441914,-14.162979,-57.427174,1
2002-10-09,Phase_3_fin,121.878586,-6.7684083,-126.23671,-89.969536,-70.05376,20.235666,181.74161,175.6386,-79.75958,19.906416,168.05331,-203.13986,-17.296251,56.04837,64.81837,-119.5183,106.11334,-45.038223,75.03533,97.931305,-105.607956,-34.235252,-93.480835,126.68222,35.669945,94.275,37.52472,72.43909,-69.38931,-81.52034,-126.183556,28.410412,14.960007,-2.219159,52.4053,-20.047398,-9.78549,40.403793,36.939537,23.282398,30.888687,-67.40499,-87.88435,-6.8276114,-61.856697,37.656708,-7.4032702,59.270405,29.670721,-67.32638,65.08912,-9.031897,16.164368,85.88061,12.979404,-22.294687,22.915346,11.715349,-32.29406,41.29626,35.174026,-26.144567,22.592724,45.001698,-25.198889,26.76454,16.037958,29.028873,15.182349,-17.410578,34.21228,11.639584,39.442917,-4.3056703,-32.208195,28.157515,-28.811907,-0.14850087,-8.845921,55.351337,-1.6343982,-8.237334,-22.143778,8.831188,12.739359,-26.04978,-24.20925,-18.34617,19.946533,2.891315,28.30725,-6.766142,9.668468,-14.46856,19.121462,5.9458575,24.77578,-25.240532,-3.7693272,12.118693,-17.17364,0.4726299,19.341965,-23.274897,0.15681721,-0.9984984,13.599888,-13.488278,9.275923,-18.985184,-1.8991761,15.946541,12.828956,-0.48152235,11.138241,-6.429722,-10.599894,7.6380754,17.595604,9.033499,7.4484224,21.919413,18.238821,5.196636,1.9578831,3.2387154,15.910596,7.330594,2.288236,0.42208505,-11.380777,7.5436873,-13.155377,17.157822,-6.766983,-10.261428,-0.9926001,3.115914,-7.1436443,11.036061,-11.38151,8.252667,3.4309635,-2.07401,6.2446337,2.1286888,4.209787,-33.972897,-11.603841,4.455208,5.214983,6.1164074,3.834257,-1.6048989,5.5716877,22.764421,14.818809,-1.2894483,-3.8273492,0.46546558,7.738852,-16.42305,23.738321,-3.9272485,-42.197678,-1.3639275,-4.008059,14.205353,1
1998-10-31,Phase_3_fin,-300.70532,-174.32877,272.48596,-66.095535,33.26501,-63.879818,-99.14409,49.7548,32.298985,-120.01107,-115.918,9.524102,-5.83905,104.65885,52.92249,-35.1797,-63.12013,-6.568143,149.54292,-16.876295,80.569534,21.879005,-63.208492,-41.344017,-72.02092,-49.721615,-28.430166,19.421997,-237.64017,-114.73791,-118.31115,-71.50432,-61.052845,-27.673199,-38.78553,-22.624002,-17.456484,-53.05044,-142.39886,-100.270874,26.557852,-40.814747,-24.501179,50.650234,71.05747,50.752113,-34.026543,-77.22168,-112.108505,-70.689964,-51.58743,-182.72649,-35.898483,-25.528772,-22.751396,95.515656,85.2835,46.762093,49.859097,-21.98082,-82.529015,-41.22904,-76.7579,-36.368973,13.146886,-12.62271,102.12606,77.20191,21.885191,-39.649868,76.45847,-48.452267,30.756893,-4.3259735,-83.88843,-42.02815,-16.435617,18.632353,31.308088,11.89584,1.8240451,-7.737405,-0.21718656,-21.584217,-6.0339823,-16.668758,4.215239,-15.170886,-18.657906,20.661953,-4.4207635,24.288237,11.975207,-8.352281,16.64942,5.2701178,27.393927,41.151512,-33.465694,28.945736,-53.743748,53.00956,4.0891256,8.110058,-3.526524,-14.528394,-29.771338,-67.77264,-34.8088,15.141373,16.249788,-12.188816,18.742785,-17.169065,2.4194655,-1.1495897,-3.2389238,-0.6592652,2.1114724,40.974533,19.455868,-6.657623,4.327149,15.660776,24.316072,-28.10697,26.168686,6.755796,8.190067,-11.630764,14.115189,9.374451,-31.137411,10.018239,-18.767864,10.7052145,17.974953,2.2130685,6.2440524,11.602431,-5.463103,-20.365652,3.240239,-8.292567,0.012705751,-20.580652,-6.171541,11.529944,-12.115399,-8.910061,-3.8052578,-8.747751,2.0969465,0.33449453,-3.1852374,1.3453994,8.009049,-11.180189,4.9676585,11.812769,-9.210372,7.0947094,-1.6094472,-0.9226907,18.224745,-20.117453,-13.246508,-9.245499,4
2012-09-29,Phase_3_fin,21.957453,-354.93213,-260.02008,-87.549255,-128.96954,-62.080868,46.53963,-16.734877,226.74791,-12.740575,81.684326,81.20216,47.92473,-111.07377,-80.02894,-68.57342,-36.87832,89.97083,83.44635,81.85214,-30.932055,-23.3627,2.214528,-52.073425,5.4412746,-104.05571,-19.425537,38.552414,-26.113953,-8.807352,-36.719593,12.133676,7.80198,-13.833523,-38.291656,8.291066,-32.834225,-17.870243,-18.634563,24.534025,27.812628,7.0651283,-25.053837,3.82104,49.02625,22.71225,32.326466,38.718323,-19.06017,-2.094209,-22.833237,51.411785,-20.374498,-41.776157,25.483196,-16.478329,24.365046,-5.7250495,-19.814398,-55.05756,39.024666,-0.66806823,60.429317,-16.428627,-47.751656,-10.776433,-0.087697014,-28.963242,42.72085,-1.0065879,-0.53821504,3.8758917,-13.011572,-33.429836,-2.0058172,-20.695057,-28.60207,24.381147,-1.265794,-6.5748215,3.2063828,-21.568027,17.994675,8.66644,14.522275,-33.55807,-29.867327,5.5215316,-2.316284,-21.651234,-44.071487,51.97173,46.650776,-3.2108235,47.058624,-9.243686,1.9817011,-19.641909,-6.6597924,35.251038,35.925034,-13.819031,-35.356712,18.055342,-20.539726,45.16853,17.776842,-3.6503165,-20.450632,26.570425,8.903771,-7.861304,52.10855,17.5264,-4.447024,30.482117,-15.423331,8.306835,31.272617,-40.37482,-0.91856635,4.900789,11.978651,-44.37217,25.728172,3.8173196,15.357439,-8.706591,-23.25183,89.69179,28.099808,-21.858053,16.423676,-11.641256,3.1840825,-14.444346,18.020073,-8.317428,-7.170865,-20.559809,2.6533499,33.06058,-6.6839952,0.22256055,9.576046,-19.375584,-46.94745,11.616559,-27.550024,-10.185945,-26.919167,-4.7389474,-6.506335,-9.643784,-4.0136967,-13.0707655,-8.410623,8.389135,-10.664602,-9.321525,-15.025931,19.045519,4.9183393,24.711237,1.0061404,16.121155,-9.924058,-18.443485,1
2019-10-07,Phase_3_fin,182.48271,200.72968,-24.628092,-37.354874,-58.281345,-140.28917,-123.2096,-38.4897,-120.14011,76.553604,-6.6057415,13.617197,22.050367,-43.81226,21.954613,-49.566566,153.9841,-144.83366,31.424137,-31.64616,81.90537,26.006952,154.96678,-177.96158,74.29045,-57.62091,-53.734825,122.952354,-110.70171,-23.779112,-5.7927303,121.73709,-6.0654817,48.419987,55.997158,23.225554,95.212524,-2.0768166,22.023327,152.4003,-44.375385,64.29408,-8.288121,-7.316684,43.76634,-43.418194,54.153366,-23.843464,-12.861781,8.496246,32.339985,17.55361,-3.0878608,6.4598308,-7.6460333,-44.700733,-4.7872887,3.825993,18.943651,-1.6138479,-19.918503,35.42739,-4.9378886,19.119722,-4.432336,6.2513103,22.817204,65.74697,-63.7479,-34.823116,21.310284,-61.29484,-37.15867,-29.909704,-38.732803,-18.200106,-11.328792,-42.4365,-18.522621,45.90735,52.90091,-36.797,34.31636,27.974562,17.256231,-23.027384,-35.73172,23.166101,-6.155664,26.357283,23.359278,31.157093,15.123181,-26.838076,-9.795447,8.244427,-43.47221,-35.53515,10.477829,-23.189436,-10.197939,29.154253,21.41205,1.136305,0.6135574,-10.961819,-21.246784,2.2566972,-25.240572,22.475756,-33.61873,7.8893304,24.287039,12.361887,-5.0906835,5.1796565,-16.487967,3.322106,0.13968259,-2.9717047,0.7764188,20.831425,-11.44669,6.5119123,-18.42518,22.22269,23.725163,-6.1512585,-7.5425653,4.4381948,19.663538,22.069386,40.16595,19.555632,0.48258486,-16.351395,-2.8707721,5.586462,-1.5524147,11.515063,22.581812,-11.167035,20.71675,21.95532,-4.436302,7.2599163,-11.93599,38.251755,0.7584757,6.3581257,29.781422,6.686907,-18.702415,-3.9103992,-2.3672726,18.731503,-5.17106,34.936153,-4.8655114,18.19721,21.627695,-16.700682,-23.601366,-0.38522604,-22.063646,10.582032,-14.955023,3.1080189,1
1999-10-27,Phase_3_fin,-308.7621,-109.149254,84.41632,27.531616,-236.68996,77.854485,-1.7582059,-110.85377,-66.98818,71.14379,-7.007347,-0.9337296,230.4659,92.0549,-50.49453,-68.57823,34.944942,51.01463,-0.934729,-66.51498,-68.27433,102.90054,-44.265575,5.322483,74.915344,29.089413,-18.694616,22.161537,12.134868,40.314186,-29.89277,-85.92094,-6.827917,-86.552,-59.351135,53.93477,-28.190413,-54.256363,-4.9382253,55.540783,-89.51751,-37.907616,-45.863228,30.660511,66.974106,61.83415,107.76368,25.402641,90.37371,39.198544,-65.137955,-49.727825,83.18402,-26.832245,-38.40917,5.288951,-16.605635,-39.006172,42.65088,-12.036087,-22.596916,-18.253462,44.68799,65.3948,-13.021432,36.55463,22.023743,5.8251452,-1.1719371,41.203922,64.44767,111.95346,-14.177234,-88.675735,-87.38765,37.34867,-61.344852,-18.137302,57.646896,-122.10815,-27.97627,78.253,50.527626,68.52932,-10.033701,-29.975962,-27.729837,32.100025,-40.98593,18.558353,-22.76945,9.601363,-35.137405,-7.939077,34.16163,-19.367907,-147.10158,-11.455119,-5.5788684,-66.44452,-40.40601,-66.785805,71.62923,8.323906,6.582891,6.570204,-37.942966,-48.89695,46.880474,11.107012,-14.609636,-20.324524,-11.693205,54.46257,4.156937,-84.47923,10.267193,23.356636,30.694374,-29.89752,-32.024914,-15.554083,-6.5119767,-11.426531,-12.021228,-23.932741,-53.067276,-16.657228,-9.427658,-2.6530852,34.38249,-14.330038,21.340233,62.985073,-25.361586,17.548208,-21.867102,17.696487,-10.8286295,37.371223,24.447735,9.20058,8.4963455,-42.759212,-8.315092,32.52047,6.1368775,-32.336777,-8.303098,-17.860983,12.407184,-6.0454335,-4.272676,14.438164,-15.560788,-12.009334,-16.075195,-9.238159,15.008406,3.8708863,5.1963024,7.417846,9.676116,1.6580949,3.172176,18.282455,-2.1598008,11.627989,4
2019-10-08,Phase_3_fin,190.51433,201.67793,-34.213703,-31.311024,-59.94649,-137.97247,-106.09879,-37.86576,-127.87217,59.547062,-19.393232,23.702675,7.3566847,-44.152565,20.633232,-39.07946,146.71075,-122.505615,37.51183,-37.963676,71.80578,26.473274,170.9143,-172.30661,67.61891,-62.545277,-60.244022,124.11058,-110.398544,-27.624117,-6.7128863,122.26857,8.164947,47.983517,52.37183,24.603498,89.37586,1.261627,19.223114,159.72884,-42.731873,73.780945,-8.652246,2.3379197,39.358425,-43.889133,58.665676,-29.19538,-15.872252,13.221655,34.93177,18.002901,-10.623024,5.947936,-8.147006,-37.127495,-4.6799817,-0.69860834,20.286596,-3.778641,-25.986044,33.745697,-4.439744,16.403173,-2.9274075,11.70358,31.807846,70.88705,-64.82439,-29.114544,25.041021,-63.338028,-44.919376,-18.167658,-41.597622,-12.37495,-14.300759,-46.700844,-22.590784,45.453945,59.465057,-52.872707,33.65553,28.799158,19.11321,-12.93923,-31.014666,37.1683,-3.0495076,24.58644,20.837667,30.801266,11.354577,-30.1726,-16.66257,-4.631085,-50.230583,-35.243958,11.225129,-32.40804,-13.962563,25.832106,26.393328,-2.2614272,4.891664,-10.619984,-17.28686,2.2496426,-27.62754,20.047522,-38.21907,2.305798,30.6176,14.706067,-5.924321,5.9911814,-14.087577,8.747031,-4.9352274,0.60076785,7.38671,20.101906,-13.040692,11.947895,-13.100929,23.1456,23.831263,-6.3044286,-12.123189,-0.48542836,14.409508,21.638071,41.405735,26.672384,2.2986593,-20.996506,-6.998593,14.57134,-1.6650789,11.890034,18.054293,-8.452759,25.82989,20.217237,-2.3220866,-2.9910185,-20.070675,34.773487,0.92940366,-2.385007,27.304693,-6.617161,-11.631444,-1.0743121,-4.2124867,12.385729,3.105732,34.30661,-10.56556,14.028713,20.657433,-17.301975,-18.993055,-6.5820603,-24.06444,13.789821,-15.288063,3.7952209,1
2005-09-26,Phase_3_fin,-50.330376,17.441587,36.59366,-224.75514,61.232845,-112.40554,-27.360182,53.741432,-96.024796,-207.7537,18.499489,-0.24853334,-68.265594,-108.42444,120.70822,60.914715,38.33186,54.60377,-4.6678452,97.950096,76.51437,70.36671,62.58864,41.027245,-34.793755,-30.438738,15.77485,-166.59293,41.646305,-103.34644,24.819168,23.364351,-18.944927,-67.06029,-32.98513,-57.800785,-35.6042,36.11505,-28.768768,77.36474,118.81296,54.396935,-94.15324,-14.541192,-1.7495931,18.313,42.753464,73.29383,24.793665,69.56462,-7.1822658,-49.062405,16.081099,8.216001,-27.586288,-15.498301,-57.426624,-51.342587,-77.603516,17.432596,-35.838833,25.8641,-61.7857,-63.060482,-13.922888,-36.32798,47.019253,-46.7884,16.54205,-24.134834,-8.797529,-32.00495,19.867432,-0.17519729,25.906809,-20.246603,10.418643,4.7186966,8.520076,-35.286835,58.028812,26.52944,-32.17446,1.5220748,-46.580986,25.503176,0.056086082,-51.21992,8.716142,-35.371864,3.2787342,11.216743,19.721035,4.2427535,24.866413,19.689327,-65.613556,-4.835875,11.832014,-20.409012,14.233786,34.979282,13.956347,-62.64628,-11.340454,-29.60929,6.734648,12.726778,21.91312,-12.1243725,-11.713588,-40.58868,18.176395,31.951359,14.65139,-10.728635,32.58555,35.007267,27.775755,-1.8952832,-17.67776,10.036968,2.968389,8.693328,-0.30708477,-27.82964,28.215818,7.3643956,2.5016222,-16.870106,5.316627,5.8214564,-9.068916,-15.630213,-14.500514,-1.8864272,-12.851184,18.068985,0.37782073,10.6938715,-0.58491904,2.3465302,13.755872,0.076330565,-13.149291,8.3285885,0.90872234,6.064833,12.11506,9.861235,-0.811174,7.129435,7.5209146,-12.61352,-9.330414,-3.2102287,17.122583,22.252127,-4.3581147,-12.390851,12.457157,5.696933,-10.779022,-0.89262867,4.3089795,-7.8705354,0.27158892,-10.866858,1
1999-10-08,Phase_3_fin,-335.0402,-116.96188,115.82863,-149.93494,-285.9089,125.689995,20.82617,-81.70977,-173.75024,74.276344,31.535637,-8.833337,149.95941,69.86956,-63.77943,74.24619,80.52962,107.78857,-107.005486,-53.50302,-42.838955,35.655766,-41.236805,-9.63191,38.486538,-49.13176,3.1416562,-14.669541,64.99739,76.37218,-20.000893,-6.762979,68.215904,-40.8219,19.936632,-23.041586,-41.815952,-76.48667,-43.163467,16.903316,22.41749,11.783815,-1.0416744,1.9885402,42.87648,21.01259,-1.9912306,50.666096,31.141954,-9.065405,-9.397824,-25.817793,-17.661518,-22.98812,5.6782255,1.2348046,-28.867947,3.06412,-31.54692,29.5731,15.033804,42.985947,8.680279,5.773895,-5.7220645,7.98598,9.033419,37.8667,23.223074,-16.544004,-2.34085,-108.95261,59.545044,32.150917,61.067875,-9.662569,-4.180118,7.5496483,-46.512753,91.36008,22.235725,-89.145645,-66.579216,0.888135,-7.251196,-11.210447,20.436102,13.524086,-1.060327,33.295605,0.45044106,-33.36463,10.68445,-28.155216,-19.685556,28.868292,27.122564,22.992065,-14.196581,-6.7721853,-31.962751,-20.46426,-15.264734,64.95481,-1.2268401,72.57468,41.962055,-7.3218193,-4.04277,26.282742,-13.564995,-42.72598,21.75033,-49.754593,-6.5327716,-7.9520183,22.572685,25.246443,3.0827105,-19.756395,-36.19462,-20.14255,-7.621356,4.3322906,-19.809511,12.386884,-32.11582,-3.9852247,32.177155,-40.308308,19.750542,-19.57319,10.036828,4.715269,-9.863649,4.8153753,-26.643816,-28.38602,-24.658407,10.000271,-10.024471,-6.7002325,-1.5904933,1.4041399,-11.691454,-2.162534,9.370593,-26.3811,-3.841224,1.1760354,0.85959345,-4.0679593,-23.181814,-7.1753187,0.36371854,-29.672657,-21.525467,10.404977,0.12067614,11.351197,17.097885,30.304964,-22.244932,18.209854,-1.8348948,-29.617168,0.5682146,-0.9393231,4
1993-09-22,Phase_3_fin,65.758415,75.65846,-82.9973,-0.15201458,2.1418958,19.80546,45.104263,116.64273,64.152054,138.35506,-106.40595,-102.228165,93.57915,-21.200912,-2.607353,-48.709118,-23.06589,-40.632755,-135.9024,-5.395604,54.95694,136.97401,-43.57735,17.932432,8.825289,-14.593687,-98.19188,64.557915,14.533481,-34.998756,-17.448303,-52.072388,-66.05183,-4.2680383,5.9626937,-49.106388,30.707035,91.545135,-44.637173,44.474205,-106.01149,-60.22292,-7.831588,-21.53503,-44.14846,43.44699,-5.645933,-12.330365,-9.362162,10.210401,55.24424,-25.816689,37.539017,-124.94344,-94.82632,40.52982,69.60204,101.614624,-4.244288,-93.60818,56.603657,-26.578993,-78.743355,-19.59939,-145.23874,-36.158833,16.655258,-66.52866,9.703985,-7.6509876,22.28658,27.25142,-86.230934,7.860158,-13.091866,-18.021858,-32.85374,57.697525,-57.028465,4.5984097,-15.489576,-5.5722065,12.464161,-19.092722,-23.7105,2.107128,70.32667,29.170698,9.41872,21.067558,44.830875,-55.21128,-11.937395,41.03023,6.253621,8.400398,3.3065095,-1.8958724,-37.40627,-18.120672,-9.736018,-5.953774,-10.051598,-9.835522,-18.343012,-34.687107,74.04594,24.971313,-23.893267,-29.97898,21.887363,-17.684616,-10.850601,-6.442907,-35.529305,-28.428988,15.273202,44.07015,29.49668,34.811924,-12.722742,-6.634632,1.2129474,-15.772054,-15.104916,31.527782,-3.4254198,-10.927381,17.214695,10.229601,9.151007,7.411491,36.460617,-19.131361,36.69836,-11.663552,-15.906674,-18.289148,12.825818,21.224829,20.35124,6.070768,1.0003389,50.345596,5.0805006,16.592491,-11.241924,-27.197477,22.404192,19.630411,13.924135,9.597637,-48.57556,21.251236,2.4148455,41.947792,-6.920631,57.52307,-7.1876793,-19.171059,-13.238549,-9.495386,-35.7786,-51.39539,-84.17163,-31.162899,13.857756,2.431629,1
2021-10-30,Phase_3_fin,-276.70828,-64.926414,27.754032,-3.8896582,178.32701,-70.678856,194.37045,-28.900915,89.50594,69.89957,-10.572281,-63.75362,156.80577,183.24525,-55.57441,69.303314,-24.049093,-150.48877,76.27263,-110.412346,141.58195,-20.438486,-7.9676156,62.987206,13.45014,-18.297962,-58.242092,-145.53114,-5.6133738,19.13191,-51.497677,10.154576,-54.284023,25.769066,-22.845129,-33.43713,-21.09387,15.361812,-3.9341218,-59.691868,37.013542,-20.868057,-14.177292,26.802502,-81.43627,-64.92026,43.860897,18.695906,-1.4699961,1.2470713,-4.7094073,22.797668,-100.29577,-45.48933,41.80298,-66.145706,38.448696,-13.990665,-61.066742,-49.13131,-22.36029,46.865063,63.442314,0.1394547,-2.455855,51.209366,21.806492,2.8394747,-25.777512,40.984413,36.178555,-28.590267,11.971238,29.389114,-32.11821,-17.775766,-2.3439739,-10.905882,6.1159215,-18.65114,-0.6978759,-1.673278,41.25376,-1.8021895,-0.9125745,13.031923,10.86481,39.165997,0.06996132,13.687185,-7.932787,-2.240397,13.534997,15.94031,-1.6159579,30.974758,-1.696014,-24.195232,-10.016245,21.00338,11.395393,-10.415156,6.825792,11.257056,5.700911,16.258291,8.0533695,12.423616,15.069679,0.7495373,-14.246343,-19.582697,-4.3520975,-11.128663,16.861147,-6.738497,13.278584,-1.574101,-8.48759,6.4700146,-12.18376,-3.0390315,3.272511,8.8021555,16.184418,-11.241267,-7.2256556,-18.786951,-2.2795467,4.866845,-14.266502,-22.471586,4.848245,17.110252,6.6086473,12.778691,5.16886,1.2570451,-14.796363,-16.393236,2.889154,-1.0756583,-14.249988,-0.36954996,2.1370628,-3.3850229,7.7695317,1.1396759,10.485391,-24.427258,16.535345,22.793736,14.826438,-3.2420435,-36.0089,-8.697612,-7.633307,11.014128,-2.6982486,11.433322,-17.814352,-3.7372255,9.52266,-12.47863,15.635996,-18.451538,-23.618845,1.7617081,3
2000-10-13,Phase_3_fin,-206.82326,54.470634,-40.217514,71.270905,-190.55133,97.60901,81.56525,98.03461,-54.81422,110.949425,-73.44743,18.181196,-268.29263,-29.571383,10.501506,114.0792,-143.67043,-2.401053,158.51237,18.77676,45.539192,127.543495,-22.428991,9.740264,43.13951,-38.195618,20.286589,-22.455631,-87.05431,61.180996,89.266,90.54431,-46.671013,-23.143164,135.1102,85.48057,-147.38258,64.408394,-7.978062,6.940081,-31.840826,-44.19436,44.099255,21.746521,11.272311,-10.914114,-11.320247,115.057365,-9.068543,42.454956,-50.54257,2.513108,4.7287693,-10.058971,-5.8982043,-1.6697567,-8.726395,7.9644446,15.258723,-5.9708986,-10.254726,3.1097503,27.402998,-17.051105,-23.76492,0.84879845,13.151541,21.718527,-22.631113,7.6483912,27.21722,18.971832,-23.02955,-1.8466983,71.62786,-12.653802,5.5665717,-15.204665,0.088082194,-38.032974,5.3658786,41.58974,23.357685,-75.79818,47.732258,2.7584622,-1.0014567,24.4042,33.17943,48.72958,51.21823,-100.26279,44.00362,-46.002388,28.84104,37.65152,34.20111,-40.032673,7.1502357,19.3314,-83.731186,-25.642262,68.06148,-12.919729,-26.10237,45.22989,-86.32042,49.168953,-23.087835,-9.339523,2.7535856,-44.47681,13.782875,11.678465,-34.77473,19.855978,24.032343,-23.004173,10.702676,14.719552,-23.205679,-26.364923,32.11444,-28.794296,20.29248,3.6727722,19.483103,-9.107283,-7.0287943,-9.839673,-20.218319,9.899045,6.005873,-28.728462,-18.97519,-16.947292,24.715647,-4.370506,19.189135,36.63493,-8.34382,-4.4718523,7.355143,20.62079,-8.116951,1.2219805,-13.830128,-9.622026,-13.058883,-5.3631406,-21.56292,-8.285936,2.0084505,11.858787,9.811081,8.005476,12.267515,1.4937279,-4.65574,-11.598228,-2.177303,17.082329,7.8017716,-12.640484,11.530427,7.3476715,-17.637226,-2.6749983,3
2003-10-22,Phase_3_fin,118.30784,-79.95945,134.3528,-212.91821,213.9316,-124.25906,61.838184,-63.87777,5.172737,129.49812,11.833995,14.852939,-61.633266,131.84085,47.39957,-41.91975,-147.45656,97.488625,-40.420143,120.553375,93.69337,-49.890182,68.28506,-57.924736,-42.224495,8.941938,34.93795,71.25854,45.346256,128.35587,-18.691076,-73.39376,85.53035,49.38949,37.511337,33.465923,-58.453087,-12.401067,8.667317,-18.212843,23.147053,-62.027355,-54.680717,-11.801869,69.40668,-111.75444,34.61007,74.400986,-1.6405017,10.155314,47.367683,-21.63335,48.78885,0.0051581548,-33.35726,2.4238293,45.898216,44.17979,1.2074256,0.44771114,-40.330963,-7.687327,-47.198044,12.5170555,28.30244,15.443504,5.721693,16.98481,-3.687189,8.376248,-10.904169,4.150573,-27.20216,4.0401073,-7.9796305,-1.777982,-23.818472,5.124068,11.639961,17.958786,15.566209,1.80142,-10.50415,-6.0781803,7.5524745,12.694765,-16.13929,-25.937408,-5.896009,-9.828741,29.622879,31.281446,0.70061475,-3.5567298,-31.460848,21.118944,-15.088096,2.353281,-26.192518,-21.900352,21.809034,-7.489667,1.3959165,-9.355214,-14.502612,-2.3717716,0.6663223,-5.2213583,-1.1287949,10.258224,41.612366,38.947105,4.0604415,2.658974,-12.339708,0.16274962,-16.137508,-13.072344,-2.1954746,-19.362703,-17.085505,-10.762342,6.21892,-28.264502,-2.2032387,-8.417971,-1.6354917,-10.228121,26.521704,18.569153,-12.754189,-36.808247,-14.999448,2.818998,13.5753565,7.1107874,9.775272,13.164184,-21.484873,-4.4045734,16.613583,4.8464847,15.306073,12.453242,-10.102992,10.948183,10.657559,-14.803201,-0.58066106,-16.03549,5.5938,-3.864119,7.871433,1.6136957,-8.094615,-1.1842208,29.077656,15.286768,-14.910602,13.815094,42.860504,-9.473733,4.5257993,-23.593155,14.8136635,-17.393694,21.367456,3.8858573,1
1985-10-31,Phase_3_fin,-83.691864,70.07884,-94.313675,29.777922,85.21967,-2.5813663,180.81783,-128.76395,19.503263,-118.6645,66.10457,-103.433754,84.56228,25.281149,17.29282,8.048672,-108.36914,-111.79217,110.8814,-94.00299,11.618941,6.676902,37.54068,-9.801415,-19.446976,115.11833,72.691086,29.918736,-32.575314,107.1811,4.764489,-33.6023,108.05834,53.675335,-68.17276,38.263733,171.19398,102.39689,-58.530045,4.3359094,-4.0553856,-42.758232,180.81834,20.333414,85.67686,-7.6517024,-102.20269,1.6572028,-116.470184,109.48459,-78.04776,63.377674,43.975647,98.10397,-126.20769,-27.133778,-139.32169,2.4261923,-79.032555,-13.984369,-46.364227,-41.91343,-30.44178,52.84632,-120.53932,-51.65651,22.56453,-21.839016,53.051926,30.474558,31.59181,-50.59433,30.460997,-26.243004,-26.281738,-60.084194,-5.5847454,22.500906,6.5755844,12.725418,38.712658,11.22211,15.864568,39.855625,-2.1740937,4.8785067,-31.61007,-21.685225,54.13459,1.1824327,2.013097,-4.4226074,6.0590315,39.975597,3.3519437,44.25603,-0.5555073,9.768484,-24.976978,21.294247,-4.839492,-6.2875867,-8.126295,-1.7300187,-5.8090906,12.067806,22.2378,3.3466895,-13.405962,-1.1948526,14.209914,4.4444027,2.937411,-6.284796,5.1743126,-21.679354,7.937192,4.180466,-6.3418126,7.9375925,-7.2941356,-8.34642,2.473877,3.973741,-27.47295,-5.512576,-8.849707,-22.765156,-5.0714,-19.561739,-3.0926704,9.180582,-7.1295214,7.7752833,-9.23762,-6.0775228,10.428907,-12.532993,-6.7030034,1.9782394,-14.267197,11.377645,-25.927774,-6.2420583,10.665953,3.437659,-8.963898,0.5331444,-25.634275,0.4317977,7.066344,-10.407212,1.1360898,7.191467,7.8470063,-2.3787432,-6.741268,4.4359026,-4.4010873,-0.4625681,-20.029217,0.30807838,11.943764,-3.9178348,-0.03821754,-11.090053,-7.2304397,-3.3548214,3
2000-10-14,Phase_3_fin,-219.23915,44.743725,-21.994244,74.12684,-199.50824,75.47953,71.472176,105.8619,-69.28402,109.56356,-81.35119,28.736134,-254.52368,-31.927168,23.200066,118.169014,-131.93407,-10.455222,163.02502,5.1191044,45.351395,126.41696,-26.549627,12.572597,44.153645,-21.621946,15.749018,-36.00431,-101.218925,67.16836,90.69273,85.99567,-43.980515,-10.075369,158.73532,98.417534,-148.76021,76.47012,7.618451,15.446832,-35.601,-45.300434,42.47535,18.885748,19.784067,6.903225,-35.34337,105.428375,5.36955,30.040956,-57.997322,8.295305,-6.0404706,-2.2643137,12.686467,-10.393899,-14.798033,14.703692,19.3511,-12.799988,3.71189,7.626945,24.544209,-20.701271,-24.843164,-9.838478,17.770844,21.46018,-15.476087,15.922609,6.85038,33.635216,-16.917543,10.136887,43.12044,-10.150906,3.4522784,-13.838155,-8.885595,-23.235996,24.582031,25.17606,7.8977065,-50.768356,39.44071,-1.2309942,4.6856155,16.834145,26.47579,27.762623,34.03801,-62.874775,30.516768,-33.97926,30.361963,27.292553,18.58665,-24.910908,1.6178886,16.016396,-47.848495,-27.325964,41.133423,9.45497,-13.077958,27.543835,-50.380417,35.381275,-19.651379,-10.263222,16.364756,-12.382407,-6.998288,12.398233,-22.38965,20.403624,20.116882,-16.652357,12.222885,-2.7700474,-11.946737,-18.53011,3.039024,-28.1733,12.186997,12.510641,23.180435,9.850543,-6.1402507,2.4244728,7.6110864,13.58033,-0.83314645,-6.38657,-9.966201,-17.96573,14.052095,3.0470161,6.0019064,1.4156411,-12.928176,-21.78858,1.8398366,4.4567757,-0.4254058,1.0653912,-6.7757874,-7.3301687,9.537034,6.9292846,5.6418996,-17.913132,-5.596527,1.9719889,1.5093911,8.915366,12.35522,7.8552794,15.352918,7.7281337,19.20298,4.916207,9.969502,3.2940047,-23.654827,0.098310314,6.0624943,-0.73278743,3
2020-09-21,Phase_3_fin,-131.29704,212.85788,177.81886,2.2102618,-84.260345,-144.29776,-133.03401,112.68664,20.496992,17.969234,192.71445,13.594902,47.148796,-61.454002,-86.76952,29.048092,-100.16548,77.70565,33.177856,-28.095497,-78.37955,21.220222,-41.080578,-78.389915,-41.82479,108.71388,20.616644,-33.451942,23.557896,14.353153,-18.96347,39.839905,-13.134483,29.718979,-49.388046,19.239634,7.556645,10.129149,19.746408,13.303263,16.72592,-2.3487926,-21.083866,2.38634,-25.398088,47.221916,-4.9646916,25.310717,53.781532,11.95564,48.933235,7.4724855,-26.46426,-12.513378,-15.218937,-13.028693,-1.714727,-32.633118,13.780001,-16.256601,-35.012028,-71.24341,-7.646132,4.412614,15.18534,-1.0270818,45.90148,40.051746,79.57444,-22.36677,-63.290848,21.287987,27.114365,39.515095,-64.776886,-32.78406,44.34505,-45.127663,-45.182446,-32.64052,-53.249626,33.81276,-54.51293,-4.9105186,6.1991863,-43.502815,76.59809,48.105213,43.74775,74.32787,23.867992,-8.042203,29.965916,16.479649,-3.9793704,1.726155,-10.9260845,-10.293321,-64.40694,-39.116863,43.202892,-1.3566256,-14.18471,-36.90578,25.120722,-0.5029204,-35.01369,-12.885845,-20.169392,17.979963,-33.196754,14.1229725,-11.22783,-36.49457,-9.636298,-5.7100716,20.940868,-70.44609,10.128942,-9.325163,11.867615,-19.178087,0.0056106476,-24.205185,-13.88654,-34.211212,3.5731807,-34.359695,12.647816,6.0752387,-6.0031986,12.903063,16.749111,-30.509483,-4.946002,-2.8588097,-24.19567,-2.735598,2.512199,-2.5175934,20.420689,36.435078,2.9600265,4.4953227,1.6305298,-15.769765,-28.427729,0.95599115,-5.840033,4.7133694,-2.549965,-2.235973,19.929596,-13.516909,5.327091,-7.6543493,-7.407895,1.2480111,-24.202738,11.1626,5.502147,17.345146,1.8249277,-0.31093487,9.562928,0.3959015,-24.344133,-1.0107181,3
2020-09-19,Phase_3_fin,-127.528984,233.045,169.65042,16.986324,-96.59598,-133.8658,-138.29268,101.6817,11.408623,32.83567,194.62878,1.4577228,58.82126,-72.08217,-85.984276,29.935837,-93.546875,69.80081,37.676247,-29.54207,-84.86778,10.4703045,-33.649803,-89.12367,-49.00027,106.93283,18.59157,-49.44079,23.290165,9.182058,-21.375801,34.076447,-8.007838,0.077846155,-34.796387,30.501268,27.44602,-15.673394,1.1547308,18.742867,9.400761,-6.774319,-14.893708,12.806496,-41.058666,26.30341,-16.01611,41.254105,27.621086,7.2553163,53.342407,-14.81177,-24.713121,-9.221405,-20.757929,-4.593151,12.871967,-23.947052,13.563455,-24.739185,-21.717598,-64.46942,-9.827078,-6.4167995,12.219931,-16.206469,33.906143,46.55961,73.818825,-20.031446,-65.68137,11.954229,28.91099,48.80882,-61.96615,-25.276466,43.637333,-46.798508,-37.186623,-28.13299,-46.548214,30.422989,-43.699703,-8.237757,-0.29753533,-35.80603,76.41461,51.840816,40.385914,61.893803,5.7297072,-6.885369,24.710148,26.401983,-3.5959415,7.830892,2.3545926,-9.4487295,-54.79892,-50.47961,46.781097,4.8511853,-10.281967,-37.55974,29.177332,-5.6834373,-33.446533,-7.082682,-12.836238,19.013811,-34.75718,10.276186,-14.263413,-36.42672,1.9829104,-5.9304156,20.248798,-56.93574,12.326077,-8.620959,8.242008,-17.750725,0.3214404,-17.131302,-15.054906,-27.33089,5.340396,-28.129152,10.625057,7.874732,-12.198812,16.860834,31.382141,-38.159943,-2.7645984,-3.3156185,-12.173396,-5.7644157,11.788273,-15.446596,16.066154,33.46308,-2.071771,1.3300791,9.041335,-12.133844,-28.017576,-2.3823175,-11.311469,-6.8185596,-3.1889646,11.96278,15.7494755,-13.89672,-17.357767,-5.60659,-6.070354,20.605947,-28.904812,5.238876,7.711129,10.26324,-3.573234,-2.7599359,16.266584,6.7953324,-19.548807,-3.0192652,3
2002-09-08,Phase_3_fin,42.56648,48.233208,-39.314774,-59.988304,-152.46759,49.089367,172.63545,89.16673,-87.481895,-53.955524,50.646435,-42.906506,-99.52138,-35.214367,89.74618,-39.350845,82.03271,-67.14623,-56.84633,98.775536,-18.827343,-163.92987,-120.372894,28.532175,-47.81662,0.20931344,-18.850697,22.643831,-52.558548,-6.710018,27.192287,128.22682,-10.059719,61.773922,-38.75127,-20.404367,-13.113344,-10.527358,33.287106,-56.52478,87.328766,-38.67042,50.469982,-1.6778245,53.23451,-63.50856,46.761112,-70.21464,-41.173122,-21.4259,33.451527,-13.133354,98.16875,-77.96088,-60.22878,77.53426,-39.59949,-61.333603,-45.60339,-114.58912,-88.40623,103.278824,-3.297387,69.38341,-26.430115,17.094923,23.925982,40.399055,-63.066242,73.5502,-74.227875,32.149113,-43.624847,54.856033,-9.141117,-12.140799,64.12816,-30.13371,-58.844868,-25.089678,9.870086,55.359848,-51.70691,54.610653,-87.90877,31.227238,18.450739,44.79457,14.822225,-74.20064,-2.5795832,21.298595,-45.210472,-55.094753,-23.186304,-38.467594,-9.114729,-1.3662422,0.20070213,5.304203,-34.3423,-13.766967,13.051201,55.67481,-29.910097,33.3437,-24.666553,4.374434,-44.3892,26.632221,4.073617,-23.38297,1.3391167,-14.826578,48.051224,25.319979,-17.244234,-7.509302,-1.7437291,2.8202085,16.154308,-9.288823,4.914635,9.817741,32.160713,-1.4086211,-9.034419,-13.030021,-20.823414,-11.771163,19.089096,-39.306473,3.4768918,4.6419606,29.781237,-27.629654,-18.971407,-7.6041946,-27.985603,16.160086,6.2932577,15.580496,-63.11363,-6.487072,-44.772747,-2.9775686,0.97361135,14.803585,-37.463234,-51.071327,-17.66675,4.350214,0.0024091594,10.994729,20.813719,0.94839406,10.506496,-21.232765,10.023634,-36.957386,-21.987097,6.759926,23.77766,8.268886,-12.8118725,28.101326,18.29564,13.00092,1
1991-10-09,Phase_3_fin,202.5293,86.87852,-143.97852,-47.926544,-16.651234,-60.313454,-1.4561398,40.010654,7.76714,53.083412,-8.2101145,-83.27065,-44.389412,10.696262,-100.12568,76.47823,104.37875,-9.57221,-240.36278,-13.347477,-19.391233,85.19198,-38.76677,-49.242275,-206.75406,-94.852005,16.63771,-3.7416914,-12.782965,119.91,-16.987362,124.10674,-58.90306,8.032392,-87.72545,214.96945,3.565582,51.709526,-62.116844,-154.67696,58.075886,25.06821,-83.622246,-70.19724,82.271065,6.197485,28.070446,12.4677305,35.8235,-41.005196,34.42117,28.24446,-134.22018,-6.0938325,11.1373205,-20.97501,-64.468994,73.23083,27.588621,74.07501,19.526367,-6.662127,22.45572,-14.985549,-47.802055,-47.757324,11.0399065,-72.0832,-18.85114,-19.447006,34.450485,-5.7675996,35.75323,27.660381,-27.485744,0.6927684,4.119201,-28.426792,2.4599655,-14.896202,-7.6913176,13.573351,0.2347218,21.392021,-15.267912,-11.011278,-42.875286,-0.22874843,54.16125,20.72506,-20.052097,15.760015,-42.73736,-17.00048,-10.018992,7.119083,21.258923,-13.179305,-4.252508,-35.99444,-31.11527,-8.620847,-4.86282,0.94494814,23.936651,-5.986039,-3.991061,-0.7235936,4.42949,6.6766634,17.40369,-1.7876254,-0.79148656,12.86089,-13.169213,17.646467,-31.709099,9.022729,-9.247019,3.5043778,22.839308,1.1004177,19.838728,11.298212,-11.309374,-20.911734,9.545029,0.6008887,-16.369497,-3.71327,2.6235876,-5.028691,-20.43294,23.801184,-0.47095495,1.9812362,4.9032006,-2.207192,8.727461,-5.1134887,7.4608064,-1.6270564,5.5475736,-6.9213376,14.214326,-3.3234797,-6.6095514,-12.931607,2.3350778,-17.863993,0.6807857,0.88886356,-3.1859663,-8.491118,-1.0036063,6.3200154,18.274061,12.033623,3.7121046,-11.780143,-0.8988641,6.649574,-2.2455134,-0.9329162,-6.925359,11.960571,4.8897257,-10.5884695,1
2006-09-02,Phase_3_fin,82.85703,-92.53364,55.17826,-181.87634,43.306534,152.93599,-73.93045,-29.98005,52.572468,10.843361,-15.565758,-42.84876,76.49909,-39.406387,99.6537,29.151703,-27.964554,-60.729958,-20.01349,82.541435,47.232506,-52.541294,57.965942,113.13513,-2.165102,88.22915,17.286083,-13.774823,86.436485,-89.942276,0.81887656,11.453348,-10.392044,42.755127,6.9991856,78.36823,68.33146,42.134842,16.851297,-13.254008,-33.545135,-12.31024,72.56597,-93.049034,75.701096,-36.56961,46.89611,-15.978081,3.7861946,-8.2234955,-100.556694,-26.963526,-78.72677,-30.71736,15.247554,40.467667,17.257458,-13.567951,-19.698082,-21.132357,-36.05423,53.348587,4.5396733,23.052505,55.779182,-19.570486,78.87957,0.6667102,26.828676,31.71355,39.10511,55.508324,-40.57234,-37.383995,-46.68896,10.0097885,-93.25124,2.4633331,-117.80257,69.94765,-11.243171,29.728376,11.355265,-10.452612,-16.62402,-63.36367,74.55336,-69.81043,29.838993,12.482656,-35.67071,-23.82043,-74.61189,0.051426597,131.56107,9.375137,-4.4318495,-56.7079,59.277287,8.446129,-36.005066,27.806633,41.311695,80.00412,37.776745,3.9855003,14.548744,62.398193,50.328053,53.793564,-20.724358,-24.22357,95.48415,25.379913,-32.80079,38.520515,-30.292152,0.8394727,21.584095,-37.49048,12.830058,-52.656364,-27.487022,13.8079815,-35.070927,-4.7502985,-15.4108095,52.832268,3.0381494,42.26979,-55.370506,35.844925,16.066595,-70.19199,11.256311,25.553488,-23.1927,24.03157,4.6124525,-40.196075,40.867268,34.15971,-47.70407,32.00756,-30.902884,5.9454017,-4.0356536,-12.977052,29.489305,1.1347761,-7.2299004,14.987717,-67.939606,-22.760563,89.47632,40.295918,-49.54831,-29.255104,42.108757,36.875195,94.279785,-59.791138,39.886467,-65.050934,91.23574,-31.290112,25.931658,29.131512,1
2001-09-07,Phase_3_fin,7.0447197,-25.501106,-61.6483,-19.223938,-21.507078,108.17807,76.905365,-28.868088,-29.690271,-141.61188,114.50715,15.109352,-23.222689,73.18582,-86.530754,-10.836512,224.5719,23.59204,-10.702064,38.760624,65.72353,-90.65672,-10.437098,-10.901098,8.148372,58.58786,91.253845,0.23812291,88.03156,21.315084,21.504137,62.799335,-144.30534,-4.4518213,-13.131586,-24.350084,-39.624203,-8.732447,-5.9840937,24.285831,-89.38396,-25.785826,91.08532,23.288416,56.1948,-127.96514,-37.73083,-32.659546,16.543676,39.510696,-11.076838,-27.887373,-19.930645,6.188419,-44.436413,50.60608,54.67488,46.707794,22.7379,19.460997,32.458443,-15.947331,4.6657314,-37.235317,-8.184556,-20.473408,-17.48014,30.239193,25.02107,-12.487966,-50.294086,16.92843,-17.731184,-0.090434454,-0.23812453,28.585209,-110.67434,37.86662,37.013313,-21.178892,19.771904,-4.7720265,-36.454037,29.127796,28.70284,73.40932,17.873474,25.188244,-40.524597,24.962204,-43.561142,0.5973852,-40.830288,61.469246,-17.344822,-3.2139795,-8.962833,-15.631105,22.758501,-33.13633,-12.792705,11.965117,51.83048,4.3007336,25.272963,49.906487,-49.12187,19.767328,58.24561,35.527164,-34.81233,8.314527,-43.84393,-10.692977,-29.663387,1.2377139,6.388343,-1.1584548,-20.302084,-57.041058,-32.3474,-35.98601,36.181908,6.407887,48.171604,-17.660738,16.870527,-14.78966,65.782036,-4.432046,-73.534676,-30.65053,-28.880766,27.946009,5.6769524,42.39711,46.012566,73.43752,8.699276,-56.539658,62.53663,-11.603273,-53.446766,7.9427342,-9.287953,-86.14675,-20.078802,-22.690323,50.853806,-99.15773,20.989754,-28.787725,-7.69135,-37.830933,-27.945433,24.031507,37.324326,68.59283,21.718027,12.570546,-28.739782,-7.7036047,24.28572,125.1516,-94.17987,-45.49128,-81.62803,-60.00684,1
2023-09-07,Phase_3_fin,332.42874,-229.79926,7.0088067,-152.08327,197.02946,239.87947,-77.18521,92.93181,9.334896,11.47264,170.9183,132.77711,-99.1059,35.73189,-30.147074,104.30179,26.455597,-53.933094,-19.424273,-16.82172,-1.0569655,139.83966,-2.183861,41.18702,-98.792114,41.253033,57.265682,51.907574,27.154896,-21.468575,-74.22506,41.415672,38.263035,24.817032,-26.225298,-1.9447961,-90.688354,-52.80006,29.919462,5.5392747,10.548715,-15.346777,-1.9492402,-44.668682,10.403034,26.979538,-20.87989,-67.998116,-15.868254,-32.374317,-21.39531,-66.85752,57.067307,75.66289,46.135693,67.79888,-33.968266,-22.879545,-58.80268,38.657585,-18.459732,73.1954,31.128227,0.15761492,-21.433975,-43.151253,-31.341465,38.59242,74.66664,105.634224,49.33961,-48.120853,-14.538359,31.79384,-23.777222,30.742558,65.747345,85.10639,26.272457,-22.718452,8.80684,5.1401367,11.042182,-81.80068,28.197735,13.62628,-17.499704,57.922184,-13.548034,61.25761,8.9083185,-17.609028,-17.139338,20.326187,-24.573595,-3.0584147,-74.08684,-4.572129,-18.591543,-17.69448,24.088272,-4.022849,1.1488148,4.0196705,23.737617,-58.66066,7.2967095,31.732658,7.97483,-15.812856,-12.344962,-7.318551,16.188564,-12.314325,-21.662352,-24.458221,-26.690836,-6.552714,5.94355,51.092712,-2.2990003,9.130271,-15.218648,-12.266499,2.5762224,12.305159,17.056171,-10.53334,13.02057,35.96427,11.821689,-20.544613,5.246255,2.7074006,-4.772855,-0.3091327,-21.079594,-28.456158,23.245419,-26.385468,-14.84028,26.382895,-11.385022,31.243116,47.863106,16.399569,13.745304,24.653328,-2.4084194,-1.2586328,-17.443394,19.928852,7.897982,4.2645497,13.444464,-15.047449,-8.691025,7.823946,2.8165169,-1.0773413,17.910063,1.6848708,16.812544,21.936481,-2.9947805,34.07256,-17.058777,7.883892,0
2021-10-25,Phase_3_fin,-296.60483,-29.895725,-31.744946,50.578323,154.68259,-95.6763,188.25514,-9.291927,85.65296,59.865623,36.10456,-58.91919,169.2253,187.19672,-51.29739,90.59563,-14.828822,-179.90068,75.1509,-139.64246,174.67328,-21.543499,-2.724352,112.42527,18.823303,-14.375576,-88.31742,-139.40149,8.092071,54.317688,-34.52437,-0.5838427,-37.900616,45.13386,-20.173714,-42.38951,-28.014896,24.468626,-26.69419,-62.22071,46.18734,11.948198,0.7817163,17.105703,-75.81702,-51.018997,61.662834,36.23548,18.984026,15.941271,9.236846,24.369198,-78.437874,-62.690567,19.77115,-101.0918,53.710167,-28.477098,-70.784836,-41.08448,-29.32562,65.58981,55.209736,3.4204516,7.2663174,66.84219,32.397663,1.3211837,-50.50852,18.22947,24.015213,-38.54507,21.17384,49.146324,-53.547386,-13.565914,8.249274,4.556423,7.82738,-21.56412,4.416513,-23.438234,17.321976,-4.1120033,8.695202,20.177143,28.758932,17.172235,4.295345,18.971857,7.9943786,-1.3728114,19.833221,10.108238,-11.831997,10.829735,-15.176152,-25.059729,-0.044884983,7.091973,14.533433,-12.495492,3.6018155,-4.741697,20.268507,3.806644,7.461624,-9.066562,30.100285,-17.931593,15.868199,13.048967,11.250636,8.677386,-3.4754145,6.3411984,3.9531157,15.548559,6.856437,5.0707974,0.57684076,2.1440315,10.971833,3.3740942,-3.255523,11.179017,3.1340013,-1.1316817,-8.117096,7.3434176,1.8059572,-5.135653,-11.801418,-0.07878834,5.1137247,3.2141986,3.7208705,-4.397665,5.561659,-1.252784,-2.8250396,-8.182945,0.77463114,-4.0029936,-3.7852511,4.8665514,-6.227135,-3.4647043,-4.856068,0.0036856784,0.068364374,-3.0294652,8.688499,-0.554263,-3.0627015,8.5515375,-0.032680236,-2.7710261,-0.5436306,11.830374,-0.13063966,3.530869,5.6592116,-0.51603055,-2.5356147,5.6574826,-5.652802,6.9097915,3
2016-09-28,Phase_3_fin,-18.37429,94.335625,254.25351,-224.05493,62.717964,62.0094,103.53667,245.91557,36.858967,-80.09669,-217.52428,-34.907635,45.7921,-124.17025,-167.83757,-59.817284,-29.686016,15.901185,-21.906548,-155.51738,-39.36029,13.972705,74.95382,52.057663,98.285446,-86.66609,72.525795,57.597984,-52.97354,-56.420597,-17.297192,-39.711697,37.661537,46.870075,-74.88953,17.593557,-69.01192,-29.88522,26.759672,-75.04244,83.41417,41.205544,26.920563,14.111724,20.468267,-24.44488,-39.140675,45.396732,73.0298,21.796255,9.835316,47.505013,-8.657372,-6.1264014,11.865528,-3.1570327,-48.854076,2.2156372,-23.054344,36.31594,-17.474997,5.6650114,10.599945,-3.4155376,15.585104,-41.311222,-28.514208,-27.44697,6.253129,-20.435652,-29.063,20.336767,-41.433365,10.971718,-27.617413,27.444017,-73.0637,23.15747,3.3310592,36.574127,-8.95524,18.460041,-39.490986,-31.323412,33.758545,-62.731457,-6.5427923,37.08142,26.127405,-64.03094,20.87369,37.337147,79.75103,-2.4585264,-21.974564,-44.257805,-8.57905,18.168018,-10.398131,-15.381076,-109.056244,22.030853,-20.824087,-45.197224,-12.69649,-28.572817,18.211594,21.773857,28.462893,37.162106,-13.154527,-10.681202,5.07348,-40.15376,22.447939,-41.92569,29.999119,6.1537676,-43.397854,-8.8468,0.3148547,3.2238748,-24.871973,-33.954464,21.316475,26.611404,-34.500294,-5.3388634,-24.42914,24.688108,-22.699335,20.715517,11.452538,-3.1208868,51.85518,4.0678926,13.330508,-2.8847992,17.465187,-0.79211015,11.122926,-8.154455,-6.603018,-24.663733,-0.9476597,31.276558,0.36720014,-5.7988725,-13.784246,-1.5431945,-6.8238316,-1.8818303,16.655216,-5.6708145,-1.4001542,-4.7230496,3.5748339,20.91363,27.527252,8.592307,-3.1363692,-4.8065567,7.48213,7.084759,7.303894,-1.0260319,-0.9795569,-6.6973686,1
2001-10-11,Phase_3_fin,-133.66985,-86.27668,-45.65948,-26.410515,-36.080814,46.403614,127.66632,-106.508095,-38.779617,-76.24351,103.091064,-6.8121495,-16.161058,114.04121,-110.46687,-61.127304,184.57408,71.87606,48.005154,69.0356,44.55776,-24.797955,-26.013626,-13.78354,42.599945,6.712191,103.439804,-9.250679,51.978832,114.110115,59.962418,66.83091,-113.40594,-13.953153,-37.20641,-11.84496,-69.595184,-114.085266,-54.920044,35.860134,-4.0124836,14.19618,103.07914,25.115639,29.107222,-87.33212,-15.822205,-77.643326,22.04854,12.279949,39.478016,80.669235,-21.996912,35.505066,-20.067295,35.03378,32.61909,12.060765,3.2696297,-41.63191,26.867058,-100.99735,-24.517256,-68.79296,-5.9860578,-0.9116011,-19.469856,-13.090973,-41.17631,23.813902,11.843444,22.382282,28.745462,-10.007517,5.1949196,-82.850365,41.048878,15.268436,-23.12379,-47.48081,-66.99364,-87.53358,45.476692,-52.360016,22.219795,-104.27395,29.512299,-20.339823,14.429789,-63.439526,30.687712,0.32309937,71.16841,-9.473974,17.490808,-39.857346,8.265838,-29.89329,16.048622,32.923355,0.042060878,-5.087681,8.726385,-47.14063,42.091503,-54.46588,-27.42284,-28.701284,-62.162796,-7.671492,-7.266739,-61.64535,36.349888,45.47896,-4.6618686,-72.51891,-66.81327,-0.9647555,-15.104569,17.640806,-18.254326,-25.184414,7.409622,70.3404,-29.168459,-22.419775,-29.24712,59.80297,18.27568,1.3665994,-1.0664959,-7.716933,12.5949955,11.983121,24.427128,-42.092552,-17.65025,18.692959,1.9768534,-29.79764,-29.519272,35.96212,8.410133,35.787518,5.395157,5.833952,22.764761,-10.77727,38.385445,-10.245149,-8.52109,-13.323454,-31.868814,-3.5786695,-8.40916,-35.352295,38.181744,-24.250916,-4.7780266,4.000459,24.757399,-24.404985,4.543964,13.260524,-7.5952663,-6.96574,5.522322,-4.4292126,3
2009-10-18,Phase_3_fin,206.18115,-76.539856,-35.79343,0.2757719,106.12458,-101.24953,101.27765,-47.103535,-16.535187,62.83296,-100.94526,49.65965,-142.37631,109.59953,-24.649385,-64.61748,4.479622,-18.360872,52.115734,-81.175285,60.090813,-115.26989,-61.9414,-45.018223,-94.46581,69.75909,-23.894762,23.212347,43.19875,-59.780075,16.243923,60.70578,4.2284856,-54.785053,-61.4884,16.559713,11.655234,3.661669,30.757776,26.386757,95.55594,93.76002,17.349428,-96.18831,-11.15833,81.037094,-51.964848,75.52325,-2.4521196,76.1474,-69.87046,-73.840034,-41.62222,-53.14045,-86.99382,52.160072,8.48145,21.285196,-77.176254,-5.3041415,5.3182235,59.462257,-0.8747734,50.681206,15.052654,-4.8096905,-109.90956,26.327276,-41.2202,-74.18803,-18.604462,39.599957,69.23214,-28.802635,9.040276,-22.066599,-14.301758,24.28523,-13.016089,5.31815,-5.7029576,-21.713165,16.767056,-13.975224,5.441656,-67.03247,16.43271,10.839412,-12.1278715,10.458475,18.389614,-25.790033,-8.310939,44.740707,13.142176,-68.063034,19.102715,5.8122478,18.153769,-7.754107,11.785592,31.961288,41.166077,-26.250107,-8.493186,4.6833963,-20.560865,-19.902113,-9.911331,25.811556,9.874398,4.512444,-19.827257,0.44732034,-30.084562,-0.8180581,13.857816,-18.498892,-34.481026,-48.42785,3.308252,-6.0489845,13.85361,-4.1282096,-14.889045,4.3301544,2.458424,17.00346,19.056082,17.22061,30.1116,-1.5780008,-0.5257178,35.845844,-38.5615,4.6890855,-41.933617,25.274178,-31.598623,3.3563147,48.11127,-9.8496895,37.14489,31.207533,68.12958,-9.291913,43.720192,-24.919226,-2.1777349,15.599242,-23.977938,-54.07116,-0.25983322,-11.404128,-7.2901382,18.509521,30.539307,-33.56145,-7.9385095,0.6343542,-33.892094,19.8031,-10.32822,11.216072,10.886964,-10.607385,-21.905136,6.120337,1
2010-10-17,Phase_3_fin,-347.87424,-215.99953,-101.34102,181.42621,192.87772,-192.00607,-142.09596,-90.86724,-105.01335,142.88576,-134.38928,-3.7291844,-37.256966,-23.686455,-56.06414,-74.86142,4.7404084,85.51478,42.661495,21.503117,-69.562965,28.189348,13.181928,17.170824,-9.549482,-32.687202,117.43018,33.189713,-8.153952,-7.9555635,-47.831966,-52.400394,-136.71523,-20.612904,-78.61717,43.95961,-12.895145,90.84893,-61.892136,42.864395,-36.807568,-41.14449,31.47137,-135.21799,-107.972786,-58.462967,-5.778974,1.5849972,1.227459,-50.387287,14.980508,-0.29388368,61.98189,3.4354205,50.484108,56.20322,-95.79372,-82.831276,23.01753,1.2877536,-4.564503,7.311365,-21.068483,-7.7365484,-23.128523,45.344086,-16.242123,3.6531174,-21.867054,6.06726,11.798378,-32.575275,-28.83104,38.13935,-24.59032,-34.340805,-2.5218968,-34.049473,-22.503525,27.474932,-1.8201447,6.1497126,-12.22808,2.8367894,54.802773,7.483614,6.7521186,-16.975279,-22.753258,7.435679,-10.983146,-23.765743,-21.134436,-8.670982,6.1125503,11.542324,-7.99235,36.18614,-4.4687753,29.336857,-23.070543,0.7884383,-26.322273,-27.392452,1.5421678,15.338224,-2.761244,-10.557192,8.540286,-8.758718,-7.3882017,13.2728815,4.9955587,-11.196948,-12.552383,27.023993,9.006814,30.490108,-23.816713,-32.92013,-19.723965,18.71116,2.539319,3.254905,-43.161613,-21.064878,-8.798404,-28.895458,-20.146587,29.342695,8.398563,7.4243994,4.090346,23.908493,8.458466,-3.4215326,8.138106,-9.22015,-31.23698,4.4459443,-4.819149,7.0463667,-17.367867,-13.357017,-13.346325,-10.989758,3.806456,-2.215821,8.198786,0.9620971,-8.394009,17.082796,10.523617,-7.088389,-0.6687157,16.087532,3.5210323,-19.494902,-7.939541,-3.053829,-3.386066,0.13529594,8.450971,4.188031,-3.7506151,1.3898388,-12.827881,1.090777,2
2022-09-25,Phase_3_fin,-362.25085,100.86521,-26.530092,210.95192,106.06477,265.2634,104.03782,83.52466,79.40929,-88.93366,60.2621,54.62223,41.58677,99.66728,165.81294,-117.86948,-3.492515,55.468967,-108.624016,0.006728267,40.76723,12.674324,72.131905,-111.826866,-38.20273,-0.7975988,29.768393,-26.316511,-43.49378,-21.85986,0.95161307,24.305422,-2.5181482,-54.856155,17.363466,26.81169,14.376974,1.8358694,0.014206288,43.073837,37.037937,25.291405,33.080887,-56.666504,14.911176,31.56188,-4.330105,-26.063446,24.226416,27.999056,20.192408,-41.72975,-9.663536,22.272799,9.161189,-41.433514,10.169831,-6.96216,5.4869924,13.254784,-31.673765,-4.705451,-21.293894,5.3976088,-16.60704,-42.083313,16.173985,-18.942245,-9.764917,-9.275558,-1.4899893,43.17333,-27.886246,38.1692,14.221404,9.643446,-18.354784,4.496052,-6.5543027,34.338615,13.738951,30.777372,17.67734,-16.47044,4.326043,-5.984614,-12.203564,50.13219,-5.8212028,4.731543,-13.41436,13.29078,-13.363205,-31.025219,11.701057,24.337378,26.17912,26.544104,19.998856,23.340096,2.6101265,-58.191456,-0.15779184,-7.8940873,-5.605122,-14.876079,10.672765,-25.763418,13.729486,-23.333347,-19.688177,0.9416952,5.1657515,7.2922177,6.9873776,-9.100812,-2.430199,-0.8199204,-3.334477,-8.45873,12.212288,-3.5943303,-0.18366703,20.476002,3.9442635,3.8992574,1.1796087,-22.720692,14.264892,7.453579,-0.043570194,-4.4436135,12.579444,-4.875629,-3.2996378,-1.3590293,17.08328,0.96137464,-9.99703,-10.29928,5.7445927,-12.851241,-2.2182589,21.773018,-0.3184637,-5.615009,3.8449225,-15.181925,2.2516341,3.9917252,-5.2419534,4.711491,3.2344134,5.26428,-2.7471983,-7.1114054,8.395093,-7.2061386,3.6559143,16.695234,9.382369,4.600167,-5.329844,6.1713195,2.7067213,-7.5093427,-4.2924128,-13.593524,3
2015-09-27,Phase_3_fin,552.91583,18.420977,67.88473,267.2888,-28.167915,6.132627,16.583214,-39.898876,-80.85911,-112.46126,-9.402916,-42.805843,-16.389847,-51.00963,-43.015503,141.13905,-35.95548,108.44011,-37.517788,-12.75987,137.27673,-31.20214,-65.48801,59.02189,71.97864,-26.838188,-11.016576,14.012931,-40.034897,-23.801691,-144.98314,-33.81222,-1.9266258,-53.75086,51.672493,5.6441703,6.848078,29.229416,-12.393416,18.271832,-3.6558297,-35.31181,-31.21639,-36.75691,96.53656,-31.97706,-13.042156,-7.6007547,1.9431082,4.7933717,28.617687,-2.734431,-16.086369,1.5674192,26.416765,59.316696,-35.63629,8.339532,-12.58517,-42.76792,44.295837,13.087249,39.23684,32.937477,47.018036,-0.6759971,9.458145,-31.120497,-10.483711,-43.148132,-9.498392,-16.030592,20.922844,-26.945896,-32.580074,-27.379904,5.295153,0.8357198,7.1512814,-37.306652,1.9081298,-36.299156,-9.773373,38.458923,27.632826,-27.802935,-44.628807,60.834137,3.7345085,-41.461494,37.152004,-39.785,-7.3316016,-2.4585063,27.178885,78.74312,-15.926174,59.56167,-30.919537,5.6923676,20.207779,-2.0046082,-19.599106,-0.52970225,-37.68379,6.043201,-24.128824,62.781517,26.801695,-30.42541,9.290722,3.200465,-6.986585,-3.5607562,10.58632,-19.313828,-23.11124,-20.711798,2.7137933,-8.590276,17.088848,7.51901,-8.3439455,29.804644,9.8376465,-0.7165952,-11.579023,46.41504,44.02704,15.023,2.29174,-7.4266906,26.089802,-16.229963,22.39218,17.425129,6.6511025,2.4030595,3.947668,24.106531,14.2918415,6.515571,19.598806,1.0043631,-3.7084548,-3.9563186,5.5719585,10.162687,1.0298266,12.489456,7.55362,-13.925177,15.357641,-19.947182,7.916278,8.300648,6.981361,-5.707075,12.713144,12.96659,1.3473783,1.6090813,-14.212505,3.1278665,1.2902542,3.7765045,7.9228916,10.852281,0
2013-09-05,Phase_3_fin,0.7233403,132.59843,37.330727,-28.632013,-74.37916,127.9011,-99.191536,-76.59837,32.046494,38.80612,-119.762825,236.96423,-163.61633,-101.64714,19.374306,-136.76375,96.80586,-37.958572,-57.265343,48.818752,-37.76749,-35.747814,-109.53411,75.89544,32.348454,123.181786,-4.7867618,-85.50017,-79.43808,90.3413,-51.131245,-71.90546,96.04773,105.5356,-96.43662,-38.268005,24.278708,129.4685,-57.749226,-21.198494,-79.33358,67.42184,-20.148851,47.50081,19.904102,-34.917984,12.634248,-8.268499,-22.990036,-3.1949556,10.977547,-45.59413,-19.873167,-60.938366,35.949657,-40.894478,14.442976,-40.21884,0.28982285,25.805117,-10.724306,18.931973,-11.863952,0.69443035,-1.3763798,7.833842,-16.668203,15.866632,-14.61109,-0.66069794,32.027924,51.412766,19.212898,-38.553806,-20.126465,-52.36107,14.617407,-0.9150407,22.15245,17.59713,5.4858255,-34.24222,8.884948,1.1431531,1.0775228,8.479715,-16.347746,-32.674595,7.93732,-32.100563,40.869717,-26.01577,20.659708,-1.796521,-4.333365,33.954525,12.699813,14.682845,8.817758,-46.18368,-11.835855,-45.76137,9.419918,-17.410769,17.32732,17.807905,36.509727,28.78872,35.883114,-14.856,-51.168663,-6.7711434,8.896806,-8.132877,-3.5017877,-8.692434,14.966967,-24.223103,-20.549036,18.227272,22.806652,-46.624695,6.308412,-6.139714,-0.5057265,14.009893,23.854605,-14.418996,3.5393643,10.893924,15.626284,-35.054058,-15.428244,7.6852117,19.44452,10.542245,-31.41021,-27.071102,-6.8474708,-22.084047,-17.731384,10.550839,-14.97467,15.500041,-9.714176,-15.762809,11.368538,-15.054652,12.717724,13.658317,-4.7410545,-6.578171,-3.0594308,3.5063775,1.1093284,-16.240416,10.520416,-8.262524,12.903801,-5.013514,19.82746,-11.833454,0.42080992,5.441873,-11.080176,16.033445,-41.707455,-21.130293,1
1984-10-04,Phase_3_fin,-72.31717,158.17526,155.57425,-36.94776,98.332085,52.20364,-42.5842,-210.9181,179.52571,216.10654,111.23002,-17.948408,-13.174964,-139.1083,22.875185,41.24951,158.44113,140.69974,74.195854,-113.02171,71.2536,18.172356,-122.039635,38.761574,9.266913,-126.94359,185.92552,-2.0465598,-25.322117,-62.598713,44.92857,25.757923,65.50469,-32.282738,67.65343,-48.54165,39.53431,-124.13519,-57.039803,5.497688,-63.52046,-67.86913,-49.353336,-115.650444,-33.661224,18.48175,-15.371676,2.6059332,-85.34868,35.674603,46.374638,88.56906,-100.8774,16.634924,-72.50586,21.341196,48.073284,-59.66656,-15.829221,-7.5995326,-71.38969,17.397816,51.26115,1.9983546,-9.130188,-9.14648,-59.251396,-19.707329,7.4039106,-41.889385,48.992565,68.63285,-3.9472606,27.986563,-31.410429,21.692059,32.530254,11.286295,-14.562015,7.5144587,27.324211,44.50525,18.050581,19.385624,-25.15764,25.153072,5.740197,-5.6045656,6.853793,12.197062,14.846946,-8.093805,32.2342,-50.473965,-43.208923,-21.328465,2.094905,20.90634,8.59978,12.057871,-12.923443,35.267307,11.40715,3.9183376,-10.9949,7.0404263,10.590175,5.7602763,48.8682,26.939672,-19.803818,1.0650827,19.839903,25.542902,-14.19581,15.173906,-3.509266,1.953387,9.063746,5.2099066,5.190081,22.09874,30.250961,-11.70841,13.341249,-26.30658,20.18548,-8.0286455,20.087511,-19.774729,-9.573659,-5.0538673,18.172962,-4.286484,-14.609049,-29.753807,-17.403543,-2.9150302,-18.218998,-13.953702,-14.583827,19.376352,35.550137,-10.038735,26.278358,-22.964891,29.69423,-5.0731406,-44.108074,2.7833884,-6.9222813,35.805965,22.751112,-22.709745,18.907642,11.718065,-11.658488,26.629725,38.66039,11.84291,-9.959211,0.23059012,-7.3568535,1.5986441,31.46151,-11.030796,8.840375,-27.681211,3
2015-10-13,Phase_3_fin,590.14294,-74.23795,95.09399,354.3862,-85.80104,2.2929716,70.971306,-108.06656,-135.91354,-68.48991,-8.9354925,-60.043396,16.903677,-38.90503,45.27788,25.3415,15.763084,183.62828,-49.346745,32.215282,97.9875,12.543827,5.700219,90.711044,30.258316,-3.1634543,-3.0819454,27.953247,50.040497,-35.443474,14.291317,44.20654,-14.76741,57.57485,-67.87868,12.061707,9.847063,23.207397,8.608654,-40.154236,-6.898254,60.662434,2.7211366,58.56747,-71.75609,39.649025,-8.763465,41.03288,-33.49564,-46.573967,-5.7239423,-2.4284647,11.405154,17.899231,-40.91641,-72.611885,25.25228,-6.759645,2.4632561,5.8632774,-46.381947,-22.60114,-2.0128548,-13.961135,-14.872374,28.936655,32.090992,0.67933357,2.999261,-25.729881,-21.606565,19.642717,-56.889473,29.630724,-14.1975565,-16.25121,-23.662304,28.516722,44.824047,51.77941,11.994894,34.488342,27.375422,-15.666872,7.604537,-25.707758,-8.698245,-35.6842,-1.4123884,58.878716,36.257565,45.49805,32.62228,-13.69447,30.975796,-41.543507,-38.936398,19.685669,0.9741375,15.270433,3.1565335,-2.1000483,-35.476494,63.2919,24.959455,7.660529,-7.733726,15.403446,-1.7674909,33.022045,22.74675,-42.767685,-72.03307,-21.791866,-44.778076,11.07352,36.27989,13.928274,-6.8987823,26.288294,31.55105,-25.112288,30.036077,11.287304,0.21222551,-10.699473,-17.69672,24.326878,-1.5592719,-8.840964,11.822771,-23.963728,-0.22742026,-15.279968,-29.69368,-10.879806,4.707327,-6.0017705,-10.6639,-12.186988,-2.372148,5.5821815,-14.539025,-19.007875,15.797892,3.0205212,12.805003,15.141569,10.298411,3.1453362,-3.9554985,4.4150167,-8.523903,0.44150877,-4.4580207,2.7842755,-8.565699,3.005145,-8.484151,-1.889939,12.949041,-6.80293,-4.1521883,12.339036,-12.587836,5.7584786,-16.955898,-7.900937,0
2013-09-26,Phase_3_fin,-54.822147,25.135695,-19.185465,19.713345,-61.54915,10.22423,-13.070875,-122.06904,22.430893,-21.08435,-93.935875,171.27036,-164.80725,-22.92952,4.235877,-148.34245,99.88055,-71.084854,-41.491222,45.566277,4.0772796,-1.7365942,-29.566778,64.989944,-11.009732,36.351376,-63.819473,-151.06618,-5.780032,85.55612,-50.254967,-36.428886,65.14497,113.180984,3.4138436,-46.558506,2.522028,-83.7617,-15.341026,-21.83722,5.8474336,-56.400433,-14.8715515,-8.762039,13.449439,37.55927,-16.118664,34.153465,-36.643993,6.2283044,0.528379,62.27627,1.942275,34.91542,19.003534,-4.469998,3.520809,20.291636,-26.23167,-18.939651,-32.587517,-29.901638,62.10447,0.797001,-27.93819,-21.469208,-41.358334,-32.342617,-14.247169,-17.996273,-65.55645,-19.389248,-70.69766,39.613873,3.665709,22.409185,-60.059547,-57.2025,-41.808178,-16.11909,9.489961,44.40931,-61.186295,2.230181,55.114697,-80.47466,18.372911,34.050392,-8.491623,72.40954,-69.80849,2.5602615,-64.11309,-16.03617,6.578834,38.085278,-30.774652,-52.172935,-44.37069,79.382,1.5617776,58.714523,0.23968366,20.353796,-24.839125,-56.4482,0.98646843,-21.849442,-46.924267,22.969536,40.440247,-4.447183,-19.890707,38.611324,67.071075,-16.865643,-32.908062,13.833402,-9.817343,4.1208763,-35.651005,36.9812,8.597614,-12.83634,50.51691,7.457236,-9.718543,40.493023,35.312572,-53.650105,-21.274206,7.7372017,-6.3215466,41.4326,-24.352161,41.59664,-11.847469,-20.374989,-4.188888,-8.12458,-15.880989,47.576847,-5.0385237,-8.672569,-1.4084427,13.359953,-44.286076,18.488287,21.189793,8.254712,-20.626097,5.545167,-8.145044,17.331116,-11.723782,-7.2490044,-1.3553028,8.341279,-22.027643,-26.384573,0.6522136,-3.9394972,-10.733814,-23.083178,28.19431,-16.303047,-27.40476,1.3469703,1
2009-10-17,Phase_3_fin,208.98021,-73.23131,-40.691776,-1.203765,108.20463,-104.05428,102.242294,-43.89626,-19.52672,55.68511,-94.84057,49.853935,-142.04002,102.23135,-29.315119,-67.11513,6.497893,-21.249279,57.650528,-82.51104,74.258194,-121.713135,-62.28812,-46.574017,-97.47034,58.099728,-28.372156,14.426217,45.894638,-56.79108,16.391264,54.532604,0.73668027,-55.156902,-57.996624,27.541393,2.3822708,2.5550551,42.793797,25.521582,89.75278,88.95906,26.00504,-94.4049,-14.054234,95.621315,-47.348354,70.46103,3.6496906,74.74772,-67.98585,-71.713554,-33.477,-47.214897,-80.78725,42.16442,11.206716,15.378288,-63.02158,-15.268066,-2.5155706,64.365204,5.5141516,41.07105,18.42555,-9.024146,-102.43375,21.105959,-34.38698,-77.8987,-24.743647,41.221676,67.46444,-31.7749,3.483197,-29.206268,-21.859133,32.952618,-17.24053,7.77102,-11.517378,-23.450191,11.525074,-19.261114,9.43548,-59.378235,14.09744,19.919674,-9.528841,9.599241,19.983253,-24.789907,-8.639263,43.87773,15.335938,-70.71801,20.396875,-16.043173,22.018148,-14.922441,13.205318,32.14705,39.176376,-37.871075,-2.5505831,8.216187,-15.601566,-29.122879,-6.1563334,27.409586,10.697689,5.4072175,-20.44829,3.993301,-30.546322,3.9842684,12.339654,-20.308653,-33.179646,-45.95376,7.836495,1.4790354,22.111158,-12.6374445,-20.614237,9.339524,7.24367,17.036034,34.262924,21.170773,31.095707,-2.7189598,-1.1277139,46.25927,-36.744183,-5.879116,-43.080864,23.252007,-33.711086,-4.4400606,47.09315,-11.3243065,39.49768,34.60169,68.980225,-8.485759,48.737007,-25.069643,-11.245672,15.272929,-33.912186,-60.58479,0.53939074,-10.963818,-9.13345,18.761522,23.576666,-34.54267,-11.3463955,0.32372952,-37.467613,23.258791,-4.6691847,17.86043,15.7282915,-14.990783,-24.240187,4.0398145,1
2010-10-21,Phase_3_fin,-346.22397,-204.47417,-105.7914,177.23926,214.93874,-168.88483,-110.439865,-122.9007,-110.609024,129.70265,-121.147484,-32.690636,-22.162508,-5.7447824,-20.345457,-63.798336,12.4290905,106.69,17.053307,-13.368075,-76.72854,50.38033,-0.00020929179,15.560632,-9.875821,18.81778,114.05546,48.155075,11.599699,4.304044,-17.252941,-52.907,-105.110146,-0.56738806,-83.160904,33.16928,-33.04065,75.75219,-87.66832,52.712303,-24.624804,2.8475893,13.166607,-133.1149,-93.32443,-64.23421,19.50144,-4.667925,-17.429592,-45.96224,10.997539,-13.057761,69.983505,-3.2846982,71.30458,22.858816,-79.70441,-52.67376,-26.622208,25.15052,19.028988,11.601712,-40.892025,-11.47248,-29.153257,-8.012814,-35.187412,5.4332933,-16.434923,3.8725617,-27.94322,-47.679703,-16.108788,58.456123,-3.3809187,-24.711185,-11.784645,-40.296673,-12.591966,-3.6175215,11.04939,-17.229355,-30.235184,-25.431944,16.71284,-16.020288,-7.064663,-9.872271,1.0667814,-10.122577,-21.244846,14.2610855,0.92735124,16.963268,-13.713352,-9.744356,19.127962,-11.150354,7.3977375,42.671192,0.8996618,26.383402,15.175938,5.4848104,7.99697,-9.740384,-2.2828898,0.79321396,9.263645,12.886934,3.5705147,-13.864985,1.7672511,-11.04017,-17.014317,2.9836638,11.752138,-6.7707534,14.879055,-20.372782,18.86745,-24.961843,-13.48168,36.47194,27.27946,-10.233484,16.89041,11.383243,-15.8370075,3.242093,6.9541817,-23.441978,-15.578675,-15.261809,2.167437,-5.5226192,14.535183,23.384415,11.341622,4.429144,-2.4115338,-19.669823,18.704418,-6.8730702,4.822639,-0.5884612,1.8851249,-0.8048218,10.838,0.6373985,-8.610067,-8.49474,-11.698853,7.6951714,-9.989099,-15.726307,13.153034,6.260213,2.1531222,7.1435204,-11.898322,-3.671838,-8.197208,-15.506836,0.0075584855,1.631493,-6.359215,-2.7180612,2
1989-10-26,Phase_3_fin,-180.6515,82.549065,-25.501068,37.88711,132.55083,-52.606606,134.5879,-115.90564,-27.872824,-45.13866,12.250315,92.299706,31.75123,48.3144,124.45112,-0.41508684,-147.01276,-1.4262693,89.425606,46.184044,-67.69045,71.25176,-23.544003,99.42522,24.77987,-79.39013,66.637665,-17.273758,-54.196125,38.690727,-34.454533,129.04527,31.396748,37.36862,-76.0302,8.948562,110.17672,-129.73714,101.22638,-49.725216,-111.41479,144.68715,14.462402,3.0320272,41.950718,-14.75384,-41.235954,53.352985,104.98678,-58.08459,15.764257,-28.499056,2.5502048,-49.930195,11.702516,51.520405,-3.7271318,7.855136,-55.76052,-4.75807,95.904724,-5.124883,6.2654147,-48.156525,36.630386,2.6586962,-15.129001,23.202448,-5.407903,-49.29672,47.220276,-10.210861,-41.701595,9.252807,40.323864,-22.512455,20.532465,8.283026,-70.538475,-47.071632,-13.282417,32.842213,9.377916,22.31987,1.7977734,5.0682216,-12.078411,33.25521,-41.36018,7.806778,-6.112517,35.21427,-14.413736,14.509797,42.11581,47.58705,-1.4488024,0.8551135,1.5643624,9.682397,-40.210026,-2.547342,17.231142,-0.014866219,8.106911,-3.9089136,36.369247,-29.179548,10.7071905,-6.0646,14.74463,13.192111,3.3610177,-10.066351,-7.8930225,-0.7161507,3.8226762,7.1056933,-12.1685295,-4.305205,4.2652187,-23.94725,3.3735197,4.6926355,2.763666,7.902537,7.996233,-18.190317,4.843513,-6.7040863,-10.995698,4.6741896,-10.259271,-17.943344,-28.075912,-11.437273,-3.6449404,-10.777465,29.771776,-4.8214254,6.8581333,14.939537,12.902794,-24.083206,-19.222538,-14.529893,25.670174,44.03813,-5.3906007,0.26313454,7.6968913,0.68723935,11.113281,12.08254,3.2963476,2.4211857,31.478039,12.909671,-9.976492,10.283368,1.7552873,26.7347,27.643124,-17.301754,-37.762337,14.300459,3.3306568,5.073729,3
2017-09-24,Phase_3_fin,-25.116657,114.0623,-56.69428,-0.7205368,106.05811,-60.812912,13.318411,-21.523762,64.25231,26.963627,-4.874857,-18.827183,-77.01812,70.60289,-82.765724,126.186775,145.80176,-99.31039,12.278101,210.7593,6.102574,153.01717,-119.60876,-108.90309,161.58032,-80.45488,-20.434786,-11.969938,64.14707,-33.969196,2.2069278,-118.75089,90.384995,-100.81522,47.200058,41.750744,52.504284,28.526741,72.10338,-91.46464,19.758928,74.8719,46.580627,-11.039436,-49.679443,-2.882859,-8.96629,-35.274517,-10.853425,-91.47623,-58.477547,2.9450517,17.240702,-11.3279505,-87.75316,11.668436,-12.156434,5.49977,-6.3177023,17.431145,-26.124205,-55.839996,-18.385801,42.866695,20.947456,-3.4192336,38.555805,-28.626741,-2.167238,19.247126,-23.803003,12.837613,-9.409396,-0.54808754,-1.2924546,4.953836,11.095217,-6.8352656,7.51965,-15.394454,-3.9773061,-35.105625,-25.691788,7.7771626,16.79574,-1.8900476,3.8843675,40.397633,-10.123133,15.375081,17.010971,31.7108,2.3991487,-17.876438,-22.78409,-16.091574,30.065111,-23.350977,4.1604996,-1.8113923,14.142994,-24.261755,9.984035,8.134516,11.497142,-7.873816,-1.0425681,10.908565,-8.906411,-8.2955265,-9.645806,-5.6282854,39.577972,7.7401657,-15.329537,13.938146,33.863144,27.514824,8.639134,-17.464397,9.359087,-14.749215,-21.8196,34.31615,28.957636,-20.223677,-14.26993,3.8372009,-0.22799821,18.882954,-38.10105,-1.8583735,-21.904633,12.86664,-20.00008,9.9795265,33.39056,-29.00624,-13.83101,18.487938,-18.062403,5.794744,16.239344,3.236117,-8.729048,25.415283,-5.9000416,-36.683353,24.492165,26.52364,-2.6142454,-19.660757,16.920017,-15.812069,-23.660414,-22.644205,-45.89765,-12.856983,11.834736,-26.179451,-25.250893,-0.15341073,19.136667,-10.765287,-21.154194,-21.152966,2.035668,-11.222049,1
2020-09-05,Phase_3_fin,-89.826904,212.26442,126.98306,-11.373459,-89.016754,-144.67705,-127.408485,155.86012,17.05873,66.79228,167.3783,23.699356,32.38626,-86.18377,-70.54542,75.485535,-31.740456,-9.309003,-39.97724,-6.4260716,-32.091248,-8.928797,25.91975,-68.51159,4.9659333,139.10696,47.885197,-75.09289,65.699066,48.734226,-32.98162,50.099022,-36.932785,-51.495617,0.7213092,73.03241,100.336624,-61.478954,-95.906136,-24.044794,-5.715472,2.4620376,8.997613,51.48302,-56.402256,-41.918404,-68.31034,66.2359,-36.097416,-22.712803,-60.02167,-33.88949,42.21221,3.9252412,24.220413,34.534786,74.08299,-2.96167,-30.1078,-46.005787,21.245901,32.29985,10.366191,15.278098,-14.039191,33.320915,-23.420427,-34.802963,-27.506657,0.1514501,26.739586,24.464119,-26.722511,-3.209923,34.175346,26.35043,-35.303173,18.990307,16.06876,32.259624,-0.04966701,-7.6991286,9.085889,-21.75487,-20.728512,16.238064,-49.989143,-0.41249147,-7.795571,-47.07077,0.6668324,17.420546,3.770707,-17.503529,-3.3485947,0.039091527,-15.487209,13.470105,13.665394,12.020691,-21.033705,10.164767,-4.3357053,-3.2449534,-7.9700603,10.300352,3.6023622,-4.4783173,4.3907185,-18.212473,12.38378,9.259904,-0.11950467,13.420776,4.650339,-6.8794045,-22.604818,9.91834,-15.840905,15.168723,-25.25358,0.54649013,4.291388,-1.6560009,4.546866,1.7187383,-10.336683,10.8144,-1.8411119,-2.552035,4.752888,-2.057138,-30.92285,12.959434,6.06339,8.271481,9.201714,1.992301,-5.8919296,11.546974,-14.154466,-3.437052,19.328192,-4.772562,0.30508944,-26.729418,5.487563,4.601233,0.2783493,10.031771,-19.049215,-9.33656,-6.963892,-7.204091,21.305227,-16.797775,1.6371197,-7.560626,-16.552164,-5.9498014,7.123726,-3.6486683,8.483431,-23.621412,9.113838,-13.954525,-14.052014,7.622268,3
2014-09-19,Phase_3_fin,83.51268,238.39122,40.80573,5.480104,-43.601257,72.46535,-92.838036,-179.78392,-70.55401,-70.0874,139.2929,-51.66339,10.604531,-24.806534,-215.30672,-205.70096,-107.34885,-92.75915,-0.95169675,90.082726,-35.37068,10.2831745,-26.710613,146.16585,-176.92038,-116.01442,-15.816944,60.858932,-34.368084,37.508663,148.16124,-52.467865,-5.556395,-48.438904,16.416271,-19.77491,-9.666259,-44.904453,44.032383,36.29687,-25.696085,-7.701717,40.841377,3.8611376,-8.651549,20.219429,21.846527,40.332962,-11.534314,17.911835,-30.929928,-49.3294,-7.7042217,19.675209,21.651531,19.249268,0.41191342,-33.06054,-0.68838626,-19.088182,-19.27807,-1.2863672,18.368086,-38.054756,-0.19777924,2.5743032,53.410126,-46.656525,-1.6285849,-55.4881,-3.98274,7.7178674,-23.110064,34.00881,0.65745676,3.0056126,30.372236,-20.477402,-12.753197,14.685062,2.430179,-33.177982,-31.033567,-1.6067642,-2.2921338,1.4669654,-19.240398,14.215871,58.29561,-12.887497,-1.9011258,7.3602204,22.391577,16.7831,6.347154,-20.741293,-18.260328,-19.852936,8.752032,-0.8269157,17.821287,-26.071873,-2.6855261,-14.246022,1.7457006,13.223458,-28.78755,-3.135259,3.8859043,3.9173694,1.4548498,30.723671,8.050323,21.557364,-9.044756,2.0621154,10.111196,57.387733,11.346155,12.467939,-4.82356,-21.271599,-36.77071,3.245185,0.25073776,-2.6094663,0.59840417,4.08908,-3.416096,-12.8554,-14.095439,-16.602495,-20.96359,23.898066,18.583643,30.229523,3.54377,-23.065498,-11.01228,-1.961865,-34.63807,-22.761255,-3.6042166,8.5461445,16.810356,-23.099033,17.28894,17.669395,-5.3338723,-1.0773402,-2.5627904,-17.154415,1.3081084,-8.044587,-0.8457068,-6.6144133,12.311977,7.4223547,-2.2970338,23.846283,-16.005232,27.410803,8.0161,-0.1862882,11.81357,-5.2040043,20.521925,1.2441179,1
2010-10-15,Phase_3_fin,-347.25092,-211.77133,-95.07046,190.26904,187.65742,-204.75029,-122.52074,-86.03889,-108.259995,147.3953,-135.28546,-15.429483,-36.48565,-21.29806,-46.59963,-65.92347,9.773907,71.523544,41.726353,21.267088,-59.81047,7.8678236,-3.0424616,11.634293,3.5813828,-35.0948,100.965645,5.529222,-10.763137,-9.535286,-52.75882,-44.6692,-125.776695,-10.687875,-72.752174,43.369175,-10.807332,82.707985,-44.012726,40.58482,-29.882591,-24.248215,16.277372,-122.46298,-85.98828,-49.809208,19.597824,-21.783167,22.169838,-37.55258,1.0430242,19.848547,72.56163,1.4945357,37.050888,45.89658,-76.03267,-79.325645,11.422198,3.8590066,-10.063303,13.969179,-9.292287,16.324142,-15.907056,46.537117,-12.184291,-8.603239,-36.38868,0.15496156,16.737225,-4.2511306,-31.362257,25.567602,-16.324583,-36.72077,-19.070488,-31.940643,-10.513944,19.069029,-15.134902,3.3303833,-8.609845,-6.7144117,60.232815,9.990108,6.9038377,-25.389282,-12.295549,16.67128,-25.388842,-15.410984,-26.256495,-15.5297785,9.798228,27.375656,-23.783386,44.415142,-25.226023,27.047205,-32.082596,-1.5717059,-10.307678,-24.713537,5.5494165,4.003667,-3.5815306,-14.508408,0.42625055,-10.235884,-4.778426,26.847622,19.059923,-14.8444395,-18.6953,19.93635,0.70539945,37.4181,-18.690214,-11.858685,-21.06218,28.722603,5.4554973,-8.520645,-29.028446,-26.970676,-23.094307,-53.35348,4.3437805,25.773247,0.58649373,27.294313,18.58731,18.180073,6.255662,6.6074457,13.767658,-23.596268,-25.373621,13.449471,-17.252058,27.529345,-31.583912,19.142815,-16.550312,-17.144619,5.3506455,12.436303,1.371141,3.127653,1.6310989,12.461776,13.119491,-12.133952,17.523441,14.080934,-1.7742271,-26.058012,-5.060543,0.9674004,7.1696224,1.6820072,2.6881006,19.000172,0.70320565,-2.286872,11.224779,3.0888407,2
1992-09-17,Phase_3_fin,85.23335,198.25189,-213.60939,132.09131,-32.218792,-167.91855,12.920811,161.47166,131.27907,-257.69678,-50.68364,-77.84076,-30.88956,44.50146,-64.653534,118.28145,12.381248,-17.639853,-60.079704,-71.04959,-56.105495,92.005806,-112.14403,-16.318188,135.685,-56.72322,90.71728,-44.195362,56.594067,75.36264,93.168724,-92.103035,-8.805981,103.18136,44.102215,-13.071719,31.48633,-60.475636,69.62894,113.12719,22.89987,-32.78648,-71.091995,-53.442844,15.77827,10.211391,-34.865482,-26.910961,-52.25948,76.81097,42.14227,-132.66594,64.43353,3.7178674,51.578503,53.64317,36.498283,0.4383702,15.41838,-18.442081,-16.417303,-28.715681,19.379677,-9.733688,-25.717989,61.777218,-17.52644,29.22676,8.096758,34.440598,18.452732,6.007277,51.765373,-31.576498,-43.167072,-51.170128,-19.573244,-45.289715,-15.602316,15.956381,1.5247159,16.125553,21.17031,11.447689,54.93012,-35.247364,46.682457,-40.209328,-23.726967,10.304373,-56.578903,8.463579,-10.872169,-8.1527195,15.293875,2.4501383,-22.936481,-11.837617,-39.679653,-24.60168,-14.123828,-56.29935,-7.9085784,-5.5094967,49.40166,-8.370531,63.55594,88.51864,23.397509,56.70033,42.5693,-27.92741,37.90149,-13.45636,-40.274822,26.1998,20.760963,4.9941783,-33.808754,4.7222457,37.223972,13.463929,-16.767231,29.361713,19.695763,64.60753,15.3594675,-8.498931,-22.653145,-79.23023,20.078632,-8.202928,-5.929787,26.121647,-33.427513,-1.280925,54.429516,-1.040259,26.518854,-57.63323,9.7369585,-20.949299,-0.89421123,33.188442,-25.978336,11.890913,15.596074,2.3525689,-53.416294,-2.1377435,-34.22007,10.467769,-16.040316,-17.184772,4.0363655,-11.506857,8.374341,1.6421797,-33.007683,28.657812,-5.650807,26.395454,3.142474,7.7094574,3.7134712,-7.3768253,17.27949,21.419546,1
1985-09-20,Phase_3_fin,-139.73703,105.22056,-122.12368,100.908134,1.2455468,27.7832,86.92702,-167.61598,-130.15388,-95.138565,25.397184,-56.51111,75.69618,-87.813126,-71.01763,63.93088,-33.117985,-154.33147,45.440365,73.71908,71.696236,19.155283,53.008736,-128.9011,87.40556,177.03227,71.59181,9.629044,-44.239994,-61.37736,18.199978,-19.01503,123.59797,26.529654,-92.97823,-2.863013,-82.008,47.01647,-43.925285,14.1915655,60.502045,-4.2628407,-79.74663,-28.319382,-22.95857,64.59686,45.964397,5.669645,55.4353,5.2562957,40.86615,-2.5633404,-25.527872,19.21251,15.665886,-1.7000753,14.188765,44.99714,24.754776,-39.801678,-30.722809,-18.72928,-39.30979,-40.06735,-7.952766,-55.615685,-68.9305,20.36157,-14.683783,-44.018623,-71.377556,-3.5308685,-23.915424,20.869017,-32.880833,72.10817,84.870476,-24.468472,-11.806409,-84.146286,-84.02431,-70.03818,-19.701822,-93.4239,-3.0768201,31.593063,-1.4162842,-2.8902688,-23.411692,5.6899877,-2.2493877,5.6498065,-19.096123,5.925701,75.21869,-9.892854,-9.009326,17.637177,-3.4042892,13.002199,-38.244884,5.728507,6.0874476,40.80024,-33.68342,40.809425,38.664696,6.582386,73.359604,-1.5714929,56.18361,-26.155434,23.168316,5.334075,-6.6608944,9.104145,-15.6678705,18.669285,-33.99223,16.019724,-0.5531629,37.161617,-11.772145,-28.787548,7.8219476,-3.6581204,1.7865634,-14.683462,-19.395224,3.755325,-1.2741228,-18.57888,25.917002,21.57396,3.793541,4.2451854,-5.720793,34.71016,-15.40281,15.251753,-29.325842,10.37479,-31.842196,-9.095351,18.168615,-38.49509,-6.8621097,0.017482236,-9.815926,4.9543,-16.278336,-24.354906,-19.493353,6.6487694,9.036442,0.66259795,-13.4769745,13.013376,-1.9429471,-0.17980373,12.678736,-27.942308,0.2282748,-17.950506,-9.267688,-8.873445,-0.35079464,-29.739538,3
1987-09-23,Phase_3_fin,325.24017,-195.07925,125.4122,174.79593,99.9249,-97.237564,113.32718,64.08769,-11.742239,27.797842,55.88055,139.60257,72.70345,-50.787228,-116.53066,-24.005814,55.97093,-128.96701,-39.71053,-27.502996,-46.234875,-48.461315,34.256546,-80.319885,-25.352226,-38.07526,132.9927,-79.459526,7.040463,17.72774,37.981922,-62.348724,-75.12321,-115.440994,71.486145,-41.61582,-31.530737,62.071396,41.45143,-34.21235,-22.42333,35.81327,26.008091,75.49001,37.72676,-0.22673313,14.742744,49.18264,-68.55471,10.593215,92.1429,28.967714,56.669147,-89.26364,23.471449,-34.807625,-31.010069,-1.7154751,8.563478,26.226028,-38.186802,-50.16987,38.78662,6.3027287,55.347443,7.110381,-14.519831,44.847767,30.48582,-29.689568,36.088116,-6.8569303,-2.3422625,6.955117,-2.624154,-6.404303,23.212173,-5.5615463,-29.241621,12.584455,31.015112,26.631584,2.273482,-41.31734,-42.122482,-30.621464,-34.56488,-27.102217,-5.0326686,-41.331646,22.574461,-7.8912783,-23.435863,7.1473026,35.51142,3.9299827,18.808811,-20.2211,-26.924986,-6.453283,-17.521046,16.03818,13.107302,51.07937,26.288591,-23.194836,-5.3262324,8.5016775,-15.980859,9.148804,-23.371119,36.173103,-26.70264,10.910053,8.954882,12.167281,25.055899,9.867284,26.393806,-7.273129,15.795281,-3.4160175,-7.3893895,10.574644,-7.033124,40.8998,16.712454,-17.079077,43.251064,-4.6350513,10.201921,4.9710593,12.60331,28.739649,19.786715,-10.264974,-38.03543,-1.7557218,-12.514719,17.989483,12.439288,-2.8473127,-11.0185175,-51.80655,12.379671,12.147413,-21.717417,-41.356293,-3.247889,7.030323,-20.52893,-20.614851,-1.7942188,-13.853475,4.5498996,36.57717,-4.0386744,-10.734745,-54.706917,4.2965517,-37.285076,-21.49697,-55.186096,4.6695795,1.0625188,-50.60497,9.132404,14.458796,0
2009-09-25,Phase_3_fin,123.68768,-16.531412,28.453745,-36.70267,18.419878,-88.7901,118.42077,-15.935463,26.765652,20.421276,-165.43437,27.488457,-168.98819,203.3441,-94.208855,-28.600948,-57.802094,17.919262,9.909736,-109.08131,-11.316756,-130.85895,-176.21191,-62.689137,-32.469727,51.597816,-47.686966,-31.140976,-43.70129,-142.18137,71.500755,76.435265,40.6398,-104.48198,-59.019657,-1.4883164,3.8376486,-15.254366,31.771605,46.490944,12.447693,-7.448114,16.746569,-30.13023,8.1509285,6.695054,-14.208125,63.696514,-34.069057,2.8804333,-19.238468,21.155685,8.504556,7.2793555,30.48771,-8.473794,-4.579037,21.769909,40.56963,7.110052,18.743538,11.137402,-15.608099,-2.2435505,-5.9824767,14.30242,11.201206,11.319512,37.980255,-1.9879153,-13.562691,-41.303806,-77.72553,9.19486,23.385641,6.1448817,-19.758932,36.672607,49.49913,33.78287,-45.319675,28.755638,32.225292,2.1692014,-37.482895,-16.361387,-0.7028447,-12.307665,-3.4077268,-14.924058,-51.72734,-55.250366,-16.268232,26.628057,-13.948265,45.411976,-27.660288,-49.16292,0.096693814,-46.12446,-35.306923,-10.212285,-30.80213,-1.9739949,-0.025413807,46.564884,40.995605,-13.686903,32.14696,-28.747814,-24.89958,-22.348898,-19.816713,15.655553,23.700933,-8.255451,-30.818636,-37.799988,-6.2101545,-41.38301,67.89924,-4.2570815,-22.442076,4.846909,-28.782446,-51.060665,49.2183,17.367817,24.945747,-27.797327,-51.582096,-29.140001,8.824106,-3.3503451,36.04696,0.14691079,41.853565,1.9527255,-18.251986,-23.248741,-21.258717,42.88177,-29.210497,-8.766367,0.89259094,19.865728,2.8200808,40.984604,-37.393604,13.26882,-10.963079,-6.971662,-37.349068,-18.147503,-17.497702,6.8128295,-5.234586,6.335941,-1.9984046,-22.84153,12.0710945,26.87752,-0.17487252,10.080954,2.7064805,-8.613617,-9.360741,-6.467033,1
1988-09-07,Phase_3_fin,-240.9297,-20.480982,124.17277,173.3452,-21.311487,-135.79103,13.329546,120.00054,45.825787,18.082598,52.851883,56.10467,5.871527,40.02725,-74.32784,52.858177,56.988663,16.839035,-35.88216,72.17436,-78.826065,-32.596184,102.04802,76.82877,78.9769,-90.86785,-71.153404,31.195978,71.99403,-29.06012,48.424507,41.427177,143.69916,-12.884645,-30.743683,-13.868943,-12.957934,42.617615,-67.382515,38.207687,3.2743914,-12.7227745,-4.7240605,3.7078264,-19.441753,-78.130325,3.8642037,-30.684444,-14.197203,36.30998,-5.5038915,10.002924,37.905605,-12.096899,42.936554,1.9973638,17.403076,-17.041714,19.477575,9.0555105,-32.453667,-1.4943959,29.333504,-14.265781,8.762536,-23.41811,53.27507,35.556286,-4.7638035,38.12607,26.903503,38.96053,44.088352,-27.536016,7.89433,2.8802278,72.80047,37.82495,25.196056,1.4962045,-0.99718523,8.426111,36.445953,-47.55344,-19.445978,-58.203625,6.145534,-29.274729,28.480728,21.768063,-27.471514,-10.278188,-39.95272,-36.659626,67.44737,48.701084,-38.461723,46.69737,-19.264618,-7.071739,3.3763628,14.092454,29.121601,8.204951,-45.58698,-8.285997,30.036367,-16.845182,-44.72978,77.41718,-47.73813,16.219507,-4.5495467,25.24376,29.821508,3.7194068,-31.810616,9.739581,6.374973,0.853827,5.541581,-18.775948,-22.701046,-21.246393,57.566677,31.452879,79.41305,38.395145,-28.908333,1.0735269,-26.117945,-52.818447,-59.920116,-14.300527,39.183636,-58.777733,-87.084274,-82.32265,25.243402,-5.872073,51.17702,13.589626,24.095959,-81.16489,-27.927685,28.386877,54.465137,-10.284051,-29.95222,-77.042,64.88492,15.632901,-16.754759,-91.36308,34.21304,58.993565,-17.041553,-70.82889,-65.34416,-12.870713,-44.327908,12.194087,32.814873,15.851901,-59.673115,-63.75023,33.913242,-96.60652,3
1984-09-20,Phase_3_fin,-55.527214,118.07836,126.39777,18.557812,147.85718,107.57454,-9.693928,-125.51078,199.23361,178.15813,87.16159,-23.586014,-7.7373323,-222.28183,71.327644,15.01654,169.8425,43.169975,-23.126905,-86.069214,97.39842,-25.787298,-26.053278,36.806675,-1.3045195,-37.22612,-50.79903,50.222992,23.630898,22.495832,7.3367267,55.60055,31.756292,-15.260377,-46.22521,49.074276,40.796818,40.4032,46.022453,-44.48159,53.7698,-64.84896,8.192986,-6.7393765,3.9316711,69.12378,-10.406967,31.543528,84.600815,97.57179,-50.8474,-0.5205754,48.099087,23.508085,71.30476,-13.372572,-23.899326,17.907812,-23.452063,-12.627472,33.49055,-80.229744,-56.383965,-4.9821386,24.243767,48.16615,9.261243,40.15015,-16.52838,40.34552,1.5407381,-27.128942,-15.577783,1.0268422,8.770495,-22.180756,-68.38792,-14.549432,-0.8321026,-23.26374,22.88409,-21.21162,-54.84297,-84.61677,13.705175,-2.3449786,-21.276825,-67.47818,-89.76095,10.807545,10.691277,50.346294,-23.847286,13.152345,73.06307,-16.619526,-52.58889,-46.16487,-8.741561,-66.20905,-54.75082,-30.0722,-20.20392,42.12383,15.45482,29.738977,-82.09095,-27.625168,-22.79437,-50.94408,30.20374,16.805592,14.089435,-95.78471,60.33807,-21.5986,-17.210968,-20.308592,2.5757527,-44.701057,58.627716,21.85061,-114.23321,71.96727,7.2969723,28.146645,-13.958717,20.80475,-22.712408,-8.483579,6.197872,-49.674152,-1.0732878,-25.599586,-42.79266,-55.37433,-23.852457,-68.905495,-38.533833,-18.340906,35.094154,-5.17845,-8.123947,92.32552,-4.593022,-56.271004,43.577652,-24.647284,51.865505,27.248844,29.536377,-31.973145,113.89711,-25.25875,11.178012,51.226692,-11.797326,17.343647,-31.862417,-49.24638,-10.737747,56.886692,-25.116184,-26.296844,37.998272,-38.87754,-34.780334,36.86331,3
2002-10-31,Phase_3_fin,134.70732,14.794876,23.876625,-44.258347,-96.81826,-87.74905,251.56123,163.1478,-60.234756,59.32229,121.041885,-209.23553,-22.552206,65.432014,67.576904,-131.13666,38.999958,13.893262,64.2058,-0.3014433,-127.82681,16.681625,-15.390149,-11.232997,-116.8775,23.233425,15.497481,22.338531,-86.19691,87.28748,-88.12694,4.6122375,116.08221,-29.026062,96.65073,2.1366875,58.432556,-16.874723,-9.8747835,31.12747,-12.910132,70.42867,9.000981,-29.867039,-32.61269,-8.655542,8.960843,-44.54943,-67.76633,40.648064,-68.59806,68.634155,-46.556248,-164.13791,99.45281,-9.749298,-49.130684,-12.127018,41.60163,-41.6208,-45.780434,-29.186234,-55.019146,-87.13223,104.27237,3.6868627,-10.402426,-64.3147,14.162544,42.30746,-23.721174,-16.770878,2.1125743,-44.840443,20.249556,-7.079773,-68.27985,5.4043474,22.708685,-32.630188,47.393925,5.0477357,50.664604,-41.541946,17.888163,20.756565,48.455616,-4.0811644,6.794342,34.107265,-8.015847,-20.608652,-0.576824,-19.930794,-3.0585713,-41.217606,-8.714217,38.336094,14.172755,15.976968,54.92159,-5.1859183,-9.920817,15.463237,-2.0105858,-1.8149765,-15.189609,39.038548,47.481388,-12.662823,5.3693805,-4.7660856,-23.587786,-61.784176,3.536703,-25.853916,-2.696142,0.20711112,-44.278183,-7.406801,-2.033553,51.468517,-15.24543,-51.176403,-7.501,3.2317245,3.2321293,-0.6452026,-8.175954,-14.74633,53.184494,17.710398,23.75338,-1.197029,-49.687935,19.001078,19.567598,22.831505,6.3401146,60.57872,-19.475262,-20.29252,-27.005867,1.1779948,12.46277,-10.968369,15.7939825,17.592752,-30.364023,-18.498526,29.02218,-13.327254,-38.008034,-60.193493,-58.611298,-58.30063,20.088614,-33.911354,26.92322,-6.767904,-29.831598,-14.970889,-2.3778253,-31.372366,4.196066,-24.129076,-35.411934,-9.340442,1
2014-09-22,Phase_3_fin,100.61921,240.5374,37.58408,25.48082,13.148274,54.931225,-76.42824,-169.54741,-70.969284,-35.76572,152.26926,-70.80549,52.008377,14.252334,-195.27509,-196.73102,-94.47417,-92.66299,-10.379092,62.786354,-19.906261,24.279888,-44.89067,112.79463,-152.96666,-96.06764,-32.564438,49.568,-40.439323,45.362846,162.94157,-60.826256,-1.3879616,-34.25095,34.06546,-26.308172,-12.0205145,-12.972897,45.080296,17.69565,-36.518436,-4.8211303,18.70672,15.478039,-12.022329,17.018152,13.7551565,11.98055,9.659678,12.597024,-44.41252,-38.532257,-7.199999,27.812601,32.93386,3.816207,-8.452139,-29.887829,6.324313,-3.784105,-5.7038183,-2.4239938,6.741086,-13.051187,-7.3814573,2.1355531,31.333063,-29.055357,22.395767,-44.09095,-14.571026,22.915434,-27.18479,4.072452,29.25365,3.6912634,18.384558,-19.751772,-8.486879,3.057466,1.2310339,-16.038536,-23.498346,-0.34064782,6.8972754,0.31847796,-22.374752,-10.113959,52.665325,-20.34965,-12.447499,-16.965878,24.841158,44.604298,7.0733037,-27.836514,-12.486196,-21.91537,0.5976125,-25.181993,9.734144,12.451495,7.8738127,-20.078869,-17.618885,2.438608,-36.44862,-22.292877,13.112173,-23.066582,-17.39052,34.814888,4.0155,4.7225065,-15.424515,4.1639686,25.016592,58.80019,10.538302,24.537588,3.1556928,-33.78587,-40.66113,26.477787,2.0758839,29.420761,19.466421,18.976536,13.446527,14.29435,-1.8040382,-15.4477415,-17.078445,42.07092,7.542279,28.307856,-9.316878,-41.26847,-11.810335,2.9212818,-39.121017,-43.35697,14.379425,11.654156,1.2472662,-30.20974,23.288527,41.581066,-10.000759,5.684816,-10.570138,-8.108152,-15.711115,-14.939115,5.0265403,-16.39691,-3.086112,10.755515,-22.230776,12.828085,-3.2884386,-18.25434,-5.985623,5.573334,9.79151,-9.238481,3.1655874,-6.507815,1
2003-10-24,Phase_3_fin,107.53458,-42.28646,139.66849,-197.00626,196.76428,-103.0359,78.14082,-62.67045,7.172239,130.63939,9.161388,0.5740729,-77.53967,122.242035,33.7909,-31.917192,-150.15692,111.87292,-17.535137,132.1205,80.28352,-45.89096,84.394775,-54.592957,-59.981327,11.019045,29.817019,55.013294,44.607864,132.09906,-15.229767,-62.195915,98.274445,39.47992,30.4711,43.282284,-47.645622,-20.742876,22.261324,-5.3574395,24.624062,-62.186977,-12.525509,-3.6036663,58.060833,-95.83507,38.10064,69.62276,5.8722134,29.774837,30.61819,-13.815533,43.998173,-14.371624,-13.0430155,13.207335,38.098328,38.072662,22.257977,9.722417,-33.401363,22.361422,-14.921267,7.162073,12.912932,-3.3927603,10.984236,-18.492344,-15.22436,-0.028698757,-16.704056,4.3901825,-17.749651,8.778703,-26.886112,8.747711,-48.992096,5.841509,10.325664,8.108121,18.237024,15.282949,-25.704622,13.933454,-0.61560094,11.432739,-10.706472,-12.582762,-18.02083,-8.114268,11.918491,28.283533,10.586472,-15.79451,-0.767571,10.763694,-12.304567,18.27574,8.096632,-7.0140285,31.288141,14.826092,-13.909636,-5.7951035,14.096167,14.379045,-12.157125,-2.84727,0.99503535,25.929802,20.160402,14.914276,13.879587,-19.978151,-11.249544,-7.041761,0.40198994,-10.619167,2.6153593,3.5300546,-14.647229,-12.260599,-7.1043787,-3.3934867,-1.5497179,14.354134,4.871207,1.681621,13.803917,-3.594981,13.237872,-62.852654,-25.554502,15.864353,8.694308,-6.1955404,17.505175,24.778522,-24.847149,-20.701393,11.421192,14.398893,1.4242284,36.327656,21.336885,3.6759055,5.4547105,-19.725712,-7.8366523,-32.608902,5.7796764,-0.52117044,25.703514,0.5622005,-13.725692,-3.685508,51.967823,25.645393,-11.9678755,-18.603376,85.74602,-18.154963,33.786514,-30.139454,1.5924834,-28.3198,17.903734,11.980089,1
1999-10-17,Phase_3_fin,-373.7947,-108.48698,95.25997,-103.34971,-251.93759,118.94162,-12.226308,-98.64591,-136.14151,71.02621,-11.174146,1.7272733,165.75996,81.34972,-74.209755,1.1815346,77.49105,23.513895,-48.81834,-66.79741,-68.718414,36.214176,-61.447247,17.908575,99.00405,13.638327,-30.623106,6.37668,31.375036,116.1484,-25.168541,-30.402561,21.086657,-38.33499,21.184381,1.2262807,-67.57913,-61.669136,-67.15691,65.55798,-20.13822,51.034523,-20.637564,-17.930222,62.729996,90.504166,61.80691,62.30123,29.394342,-4.0561333,-48.08502,-46.68481,59.440323,-24.031717,-105.252556,-30.672092,-32.038,-0.18221618,-51.08475,18.72551,20.513134,-2.9387891,-23.50852,43.84541,46.87273,16.58121,-29.705217,-13.486006,-0.8349123,-7.760096,-41.224823,-28.797674,-27.858284,21.53826,-52.187588,-29.267843,28.3374,-29.410643,36.942585,31.253345,20.917414,63.522568,60.002197,-32.90182,-4.7506757,25.009579,-6.101614,-4.847871,31.22091,-7.1633625,1.6149901,18.21342,-46.85711,7.007843,11.854504,-22.164305,53.440075,-5.165183,29.992348,36.699078,21.041378,34.33072,-42.518124,-53.710365,-18.18416,-36.956276,-18.419336,37.519928,-11.819539,-25.164225,7.8823147,24.20221,-19.42099,-24.11934,3.899403,71.544014,-27.412577,-27.311262,-14.183367,39.091568,32.423798,25.78617,-5.676649,19.297682,31.789787,9.471876,31.28497,5.6816773,-16.885878,17.919733,-23.774124,6.4159317,-9.235509,-28.183903,4.4451065,-22.06078,23.159418,8.756863,11.04466,-28.285105,-5.6592674,-3.7568219,-15.652105,14.960511,0.83746,-6.838528,12.515797,16.0021,8.701791,-8.142508,-0.38321266,6.319328,8.419372,-16.953266,14.512141,5.890309,13.431868,18.956007,12.345605,-14.103284,-5.127204,-10.013557,2.795639,-3.9537053,-14.970707,-9.676611,-2.6352506,10.022693,4
1985-09-02,Phase_3_fin,-101.80671,156.13602,-78.18842,53.508636,-40.629498,45.400066,53.352062,-100.349304,-35.99724,-118.43108,-38.088013,-31.248877,94.453026,-45.855515,-86.4164,14.339661,-55.48825,-93.87943,14.686151,49.690403,38.906483,-17.344212,64.626564,-81.05773,57.294327,156.31358,64.01615,19.569687,11.861055,-19.00598,66.85032,39.56328,82.26345,-36.672935,-56.576817,8.764835,-70.739944,-8.273007,-9.16148,-19.705095,24.779593,-53.815247,-67.12917,-54.12881,16.483076,-13.73691,-17.74754,-24.551338,27.035255,-63.267975,-11.678914,78.05108,-18.755152,-49.120377,64.39591,67.30559,-2.4656994,-2.1958408,22.129637,-3.7407033,1.1127899,70.84394,-12.769356,-4.9673166,66.598946,16.738396,34.767883,-18.37298,-34.94084,32.937943,48.716724,14.314735,-3.199666,-1.2147455,23.59584,-21.818617,-8.941792,48.916866,1.5735581,47.779877,69.409676,33.85244,12.8288355,58.71626,8.530126,-42.99043,-15.738658,-23.923529,0.48852047,24.784416,-3.7082124,2.3682594,33.81091,6.3408527,-14.579821,-22.411293,-26.574772,-27.956478,-57.939587,-6.541158,1.9094633,-24.538939,-55.413513,-27.41403,-6.720989,-4.147597,30.347233,-19.12697,-53.057205,-1.6781359,-14.044059,29.731133,-38.579884,-41.49723,-36.158157,-0.7548441,-2.1535761,-3.9273808,7.1175976,-32.597595,-8.57075,28.153988,41.234154,27.616512,25.90442,4.2142844,-22.966465,27.565914,-1.9068693,23.54089,34.77541,28.461828,-7.8302193,-12.639571,-68.289764,-16.093222,-12.847449,-10.602313,60.33499,30.525995,-4.071639,10.937863,14.002951,28.670095,-39.331978,-15.135475,61.459484,25.011019,72.12872,-4.9321423,-37.08148,-38.338623,-5.761489,-33.124073,7.502894,25.672672,-38.630135,-7.274611,26.58311,19.664118,-35.108936,23.964802,21.062214,3.8788922,-5.7906733,-0.45256191,-19.583248,15.935466,3
2001-09-29,Phase_3_fin,-103.02847,-84.01026,-37.638145,-48.983944,-42.748276,27.934761,111.62378,-76.783066,-59.840042,-136.16467,160.76688,48.555958,-53.022728,111.02344,-99.12049,-73.11367,215.4729,74.03146,64.3602,48.283756,47.582375,-47.359505,-38.91858,7.6243086,49.61338,52.44337,107.52844,27.306314,60.381714,80.50946,47.130035,80.518166,-142.80711,-24.590063,-13.731646,-31.246262,-72.151085,-15.893695,-95.83498,27.337397,27.928963,48.833534,88.209816,49.15179,45.390266,-175.61821,-55.2387,-91.99377,74.94767,46.881382,10.537219,8.090583,-27.089054,47.17413,8.612153,-0.8481246,20.347324,40.349155,20.757204,-2.143918,34.63666,-29.277506,-40.722843,-48.559826,-0.9032831,-6.033363,-9.826839,-29.247,4.1039076,4.166993,38.15961,15.1002445,-2.0525954,-17.601776,-9.626029,-4.1070704,2.748203,-27.972519,-5.51439,1.48113,2.4830422,-4.7839165,71.31594,-15.032876,-2.7196739,-52.729767,23.13885,-9.632038,55.549915,9.648518,65.76595,-9.012735,12.10942,-14.535329,6.0225616,-45.889927,1.3304739,22.251583,-13.8914995,-21.511692,24.033781,-1.9741745,7.812138,-9.524108,-37.20236,22.013353,43.042553,-13.848494,-7.4627066,-43.12878,44.633945,4.230627,-22.446825,-5.447821,10.033564,-22.083872,-11.87015,-6.1086674,0.1989029,11.591425,0.64314556,54.05209,-50.489185,-28.37559,-7.2478986,24.696487,19.113491,-23.842674,-24.847933,-4.6481323,27.084927,2.2664025,-47.119995,-25.271313,-26.977444,79.78349,-33.744797,-6.7592444,-55.383053,15.143797,16.33913,-41.37544,5.0102367,-28.672836,-33.42805,-1.9091955,3.1717436,27.166857,-48.175205,-0.4805064,3.0184953,6.8465014,44.22009,42.172573,30.947737,34.003788,-71.59243,31.648737,34.581448,-18.916018,2.3317442,59.49742,-25.044909,6.7982297,0.05054832,37.203907,-1.2617447,32.14529,3
2010-10-29,Phase_3_fin,-333.46167,-185.756,-144.9351,172.3603,145.36418,-156.90295,-47.393745,-125.4754,-113.56624,104.321365,-85.08159,-44.33432,14.171489,60.587303,11.536114,-56.5421,-37.45401,58.87987,64.66813,-30.012886,-24.602543,29.856842,-23.25279,3.6153243,5.237096,16.76626,89.49862,5.8893356,-5.219594,1.5353297,-21.176088,-59.725456,-64.99769,-17.035044,-81.32018,-0.9973865,-28.527037,64.70979,-29.296993,14.587356,-47.258087,-24.77172,13.397176,-26.17037,-56.09032,-59.24055,2.464565,-15.32058,37.663933,-6.722631,1.7246119,-35.188526,86.053604,-19.797623,102.95803,-27.738392,-73.89896,-17.580164,-34.756054,50.500248,14.253489,50.95215,-21.65984,23.21653,-78.87213,-35.06472,-6.063202,-9.549051,12.149189,-23.52639,6.556797,-22.80191,7.0145555,30.913374,4.8605256,34.80635,-66.15597,-32.625526,-7.6790547,-40.675198,-2.507912,2.5006557,-36.6427,-5.8871856,-73.860016,-19.735842,18.54557,14.859656,54.736862,-18.699053,-30.19912,68.26984,28.637878,-6.393771,-69.02127,-61.579285,27.650768,-41.068848,32.418594,-11.146151,44.809593,11.863181,55.678154,79.384384,-29.022217,-28.702236,12.175962,10.009216,11.775576,18.623981,19.87954,-23.023449,-3.344213,32.501728,38.009808,-65.080505,7.123727,-106.87181,36.61957,52.508224,47.984024,-34.848324,-14.994788,-29.10682,91.56938,24.913486,35.912243,60.610447,51.652187,-51.05117,-6.1485295,-18.341913,-10.5966625,-54.46781,-15.2943325,-13.509389,4.6279945,5.9586244,44.937695,25.852398,27.672974,-43.929127,59.840347,28.432693,17.518517,14.088883,2.3477342,-3.2173283,4.3840413,-6.590639,3.50781,-46.215664,-29.29165,-14.015193,5.327306,-3.9784613,-27.05318,37.074356,28.403181,6.8573413,-1.8320574,-8.976728,2.7849886,-8.789907,3.564271,9.079679,24.191853,-8.110049,2
2019-09-16,Phase_3_fin,174.48483,213.6399,2.7754338,-43.797432,-20.417612,-101.398674,-104.51684,-76.36273,-39.14264,50.83168,-40.759274,26.063244,37.690834,-44.234074,76.05415,-58.402008,69.32585,-75.906815,-65.5034,21.3219,58.06842,14.98645,37.79229,-169.92424,51.570606,-30.55844,-66.50789,98.08593,-97.623024,-25.615606,47.518032,123.58501,-50.075474,122.78838,24.591236,-51.56755,-27.294096,-46.71869,-31.70174,88.02489,3.3452115,6.249513,49.37561,-37.2334,-9.42195,-62.736397,72.455154,83.486664,-27.288067,-59.78584,15.553142,23.29106,30.244179,-1.3348709,13.844212,43.305164,7.055849,25.177841,-54.901543,60.11789,5.980165,-20.183092,53.370426,8.54772,17.791676,51.898685,6.272689,-36.65617,96.606224,20.114197,48.323208,-4.200573,85.306335,-25.711206,-14.563851,-23.673996,-12.787548,52.67139,6.0571046,-34.566593,-47.55615,69.48087,-50.853813,-26.339537,4.8700976,44.400326,11.024038,-13.299277,-11.900897,-25.1289,-1.8296335,-37.32607,6.885956,38.7346,-2.878868,-28.304546,33.96836,52.444183,-21.941368,35.30262,-11.242981,-16.452053,-23.002031,16.023388,-18.639679,15.438153,-23.127087,-8.232352,15.36114,-9.715775,24.324903,-14.107134,-26.594332,-32.961304,18.51383,-7.237242,-10.94124,6.538179,-7.2261844,-16.417986,20.15334,-23.00156,10.412756,6.057932,-17.52911,9.676519,-2.3797631,3.4544303,17.400341,-18.51786,-9.088044,7.8079395,-42.919636,-16.496666,-0.9265944,36.58114,-0.7335347,-11.586494,2.940435,-24.467218,14.456598,-12.868404,-16.909897,-27.983122,16.521698,-16.634975,-17.6229,-21.035406,5.6986213,-9.586719,-0.3852968,-2.3339486,-2.8292048,3.7299984,-15.052661,11.202974,-11.357385,-24.036203,5.1913395,-10.483141,-14.157469,19.401876,-14.357835,11.974034,-3.1585479,-13.214618,23.017576,13.320308,1
2021-09-10,Phase_3_fin,-174.86227,63.857735,53.72326,-91.076904,95.97599,68.93415,56.88469,6.4346666,71.86218,53.694378,106.22647,-93.50788,113.35035,-19.133032,-13.104735,26.482178,-80.71976,-52.426315,-4.467157,5.553202,77.18511,8.916293,-15.254417,139.44734,25.668087,7.4820065,-38.793186,-28.833838,21.436695,16.690908,4.8130546,35.73318,-32.42455,14.270396,22.787754,6.754445,-15.169258,82.37488,-65.481926,-6.6104403,-20.63918,83.90897,-9.844468,5.2081246,39.68325,2.6544344,92.42448,-0.033164095,-98.21881,-24.540947,-1.2081639,62.047947,29.236189,79.479065,17.645672,138.22977,-14.3505945,-17.701315,100.346596,49.654724,-15.8715315,-19.101875,-15.472316,18.964176,13.924011,-34.173298,-40.993195,54.04234,24.500217,-39.07059,-6.666548,-7.946539,-7.3102665,-21.349293,26.958492,-16.090267,-6.666052,-24.236752,5.5566945,-26.727322,15.047502,-10.446155,27.796028,4.3874364,-17.69351,-3.1960888,8.935498,-12.299445,0.38281387,31.073421,-30.112133,-2.2045999,-7.832328,-14.0415125,15.531283,-31.593277,30.113705,1.8114558,17.089848,-35.874924,-9.472568,0.3548925,-45.522007,4.1315627,-6.6295123,-3.7687411,26.882397,15.194163,-25.950848,11.706735,21.997719,-8.792102,-24.620605,-0.4769361,-2.6304202,-31.294914,15.065661,11.563358,20.002047,-31.002909,13.523998,31.392063,4.6967463,-3.8178873,-25.743002,-2.447584,-7.430868,6.664397,-13.822147,11.028934,26.652933,14.735461,30.563116,-9.617095,4.347088,9.187314,-13.400717,16.487038,-8.740949,-8.506698,-4.062772,-24.630762,39.35668,18.918392,-3.1095827,9.946021,0.6090521,-19.908613,-1.9977838,-27.896309,10.330685,11.376589,3.4577942,-19.13328,6.4000335,7.002466,5.652024,-3.2294114,-2.6273878,5.0530276,8.507331,1.6500956,2.0618436,-1.791757,1.4269358,11.979195,4.8864636,-8.036001,3
2013-09-06,Phase_3_fin,-6.059611,134.96089,36.109684,-21.884443,-79.544624,131.80223,-108.78713,-83.23266,33.12097,60.1985,-117.082664,233.02838,-166.99063,-109.78881,25.857536,-137.98541,86.913734,-28.663198,-63.613953,60.83041,-48.335926,-32.076378,-114.177925,76.53386,42.171783,121.7556,-12.864688,-84.44738,-78.19576,89.14158,-44.01467,-72.053154,94.58143,104.54498,-90.78001,-41.33402,21.790018,131.3196,-59.07687,-18.04237,-73.370056,65.24246,-10.510498,50.48732,16.546711,-29.113548,17.920282,-9.815046,-33.29592,-4.9463596,16.20396,-44.9088,-19.916435,-74.748405,31.114344,-44.34134,8.566975,-40.89044,4.7274995,19.06649,-11.832556,10.385011,-6.3420005,-1.1088629,-1.2599941,7.5233345,-19.507797,8.255891,-11.320195,-0.5802538,24.88883,50.6868,22.088104,-41.664124,-18.929134,-50.897957,9.2682085,-2.053103,22.232489,16.940922,-6.941228,-25.31595,4.2894087,10.378439,-2.8976917,8.949558,-21.16982,-34.393154,0.6394233,-40.19753,42.557167,-25.704956,28.449331,2.983765,-11.128854,31.253048,12.917796,11.911295,3.5868318,-40.625988,-5.9798226,-39.237587,5.3187037,-25.263641,6.9123087,12.23558,29.35127,15.228535,29.970675,-9.936114,-48.39,-14.697507,17.584318,-8.994933,-16.863415,-2.4112413,9.360104,-8.252309,-15.89007,12.809234,23.573853,-33.60472,-2.9807842,-0.022476992,0.8612798,2.6803002,20.431429,-17.550983,-1.9819374,2.3907413,15.988512,-24.529144,-8.9226885,3.1946795,12.072005,1.894961,-28.274282,-23.190811,-9.406532,-18.808973,-7.5302496,12.960128,-1.7681158,15.076081,-11.0368395,-14.624922,13.67145,-14.237872,3.4052942,15.026411,-7.3119526,-4.700493,-7.3001027,1.3882681,1.3216089,-15.90974,12.701937,-6.559357,15.918722,-2.4172947,15.438712,-5.6677284,2.5583937,15.537572,-6.2761745,18.178545,-29.0812,-17.87867,1
2002-10-07,Phase_3_fin,117.47342,-18.646685,-108.26029,-78.2048,-59.998558,9.377705,167.2728,154.11093,-72.33136,2.298517,162.15985,-225.07701,-16.1459,40.244255,76.4033,-126.047516,120.407616,-41.707104,76.70626,97.35405,-110.89155,-24.287777,-103.17972,103.696304,23.74856,75.29823,29.183226,73.07571,-86.602974,-51.15539,-120.82802,36.77347,13.216811,-11.567393,34.22825,-12.467343,0.4827242,60.710255,20.551155,3.8624384,24.264444,-67.69082,-68.871765,8.927138,-41.547413,47.919163,-11.355228,57.486855,7.38638,-36.064793,61.417515,-6.8899474,11.275967,57.51669,0.72214425,-7.891441,2.636121,2.0439754,-40.08249,14.05797,38.484848,-12.923963,4.73155,53.40359,-24.565903,55.903233,7.8630433,57.2447,-3.3837793,-12.907106,27.219212,1.5552331,34.753616,9.827029,-14.687936,11.111439,5.907766,12.936521,-2.112302,51.59839,-20.600914,1.9983915,-7.778208,24.531443,-3.1873422,-51.938854,-7.812433,-44.988056,12.032121,-1.9996109,30.822582,6.638612,7.334543,1.2371625,9.07312,13.535375,26.934036,-6.546106,10.7576475,0.18038566,-4.3455276,-10.950585,8.99131,-18.915932,9.287601,-38.466423,1.7960088,-3.1434412,32.972126,-21.097977,21.326519,10.635759,35.300205,-9.534443,7.722211,-9.672063,-27.43142,30.68841,45.651283,-11.120795,1.8321494,45.270683,4.894127,-16.249094,-17.53352,6.68511,-1.537406,-10.194287,13.817322,15.631303,-32.96521,-8.742711,3.9634418,-8.817585,-27.426245,-9.331264,-37.630817,14.559685,-1.8408608,18.527267,-45.358177,12.285869,83.86917,20.361473,35.901203,12.483923,12.7527485,-65.09606,-30.648586,14.727072,21.147715,4.569335,10.409259,-13.460971,6.6518817,66.131485,14.941317,9.736054,-14.934014,-0.24226251,30.287138,-7.7938743,47.52639,35.899357,-58.392765,-2.5932326,-24.787231,21.867039,1
2008-10-15,Phase_3_fin,-102.97836,-186.87271,26.628633,7.037414,31.337708,3.6458151,0.15065193,-56.69129,75.58519,61.36912,-31.48433,-112.18878,-84.06544,32.33342,43.019287,130.05864,79.85528,-6.431586,4.6556697,20.746479,-153.5904,-7.1736765,140.72874,41.31804,70.38395,54.692116,-73.84078,6.869801,-129.68555,18.578678,56.306736,-54.970486,-38.415684,-46.703854,-54.226883,10.490149,52.693497,-29.209124,10.52246,33.69185,19.95883,17.27169,-9.0217085,19.339521,2.458394,29.742338,-29.855013,-17.897604,-15.77731,74.80178,37.962822,-25.656214,-52.717815,-48.740025,-17.10363,46.205093,25.72151,28.629463,-45.074867,75.93396,18.91397,7.7389207,26.437168,-26.103025,16.676613,47.998005,21.437305,-2.2572672,-0.007637306,57.56794,-28.41424,10.948007,-60.696625,-8.740466,-0.9125739,30.515491,24.4847,-44.300682,2.8366165,12.31688,-16.94209,17.158848,-38.918552,12.932328,-23.010637,-15.336218,-23.198942,-22.265772,35.473724,13.90618,-11.822498,-10.249427,32.536964,-21.607117,14.491405,-35.51811,-12.285388,11.979067,-5.739567,-25.938122,41.29886,9.822489,-35.74644,10.8681345,-4.0072346,1.3823874,8.756247,18.626642,0.06188834,-7.1157146,37.828743,26.866617,-18.566385,33.27041,-22.192476,-9.27896,17.568113,-2.966138,10.716965,17.395672,0.94039965,-25.490921,-0.38984784,-10.372181,-12.859635,32.73465,1.935671,13.931546,9.025605,15.835513,7.465424,10.105099,31.839533,40.82679,-24.520006,13.691093,14.40525,5.330691,13.886371,-7.1484957,-17.95429,13.521615,-0.8136877,1.4231491,-8.999113,11.883169,18.138683,-5.3621883,-3.7689233,-24.538597,-16.116735,19.031502,-3.0441763,-15.179059,32.108376,2.4489002,3.3846552,15.65985,19.312983,-1.0956417,4.881533,6.361988,5.978178,-2.0334287,-0.90690464,-4.19286,-6.8664007,12.168038,2
1996-09-28,Phase_3_fin,-102.807686,116.47748,30.43281,-48.38089,58.727184,143.33217,-117.14846,-219.74718,171.0456,-136.37096,-121.164154,-112.90321,-111.02095,8.337808,-70.1163,-65.01767,-35.569016,-12.428986,-46.777653,15.202762,-70.33124,47.42,71.41274,-30.596989,-18.306126,58.096725,-24.531605,7.9882107,113.647545,8.024783,-188.73895,168.98395,-127.21911,-27.846237,115.01401,-63.982258,-71.188934,-39.945847,79.55565,22.329699,56.034504,-4.6793323,24.191933,-23.05905,48.304794,37.731064,-49.397694,5.94386,-50.827217,-78.97566,-86.71628,50.80153,19.740927,-8.716138,48.428787,-54.476543,10.912116,7.0643024,-32.022293,-29.033342,-43.49411,7.7788916,43.85033,-15.968167,-61.099716,11.344707,-21.681067,-28.715506,-29.877304,-5.131025,-85.98964,-72.1098,-38.25603,-45.368664,-81.46507,-3.6828725,-33.42271,-10.249691,-26.559034,-22.444063,-87.873344,-3.2741067,66.512184,10.581728,-41.292015,35.91808,-46.000465,-70.59234,-60.968998,30.113443,60.54304,8.834786,9.370245,-67.97246,11.828757,-7.6458154,62.626778,31.716406,4.1765003,-25.755148,3.6843035,-50.81002,15.201587,-8.805388,-1.9397918,-19.670725,35.29997,12.499471,-16.426966,41.6047,-50.55247,54.494045,14.106471,-10.359532,-6.4743266,-29.015602,41.092754,-7.1061273,40.20875,5.9909286,28.988613,-9.383043,-6.272011,1.7630055,-7.850157,-16.392904,4.246956,3.812798,19.63278,3.5032043,-18.25467,-1.9968326,3.0383046,0.981032,5.644709,21.65233,-0.22283393,-18.116287,6.067017,28.08876,-9.832415,-2.2940464,9.58264,-23.967035,-19.712278,1.200814,14.038125,20.35538,-8.973116,-4.78617,-22.833752,-12.213375,11.282619,16.37065,-7.671535,-9.436549,6.4906664,3.0857012,-20.521265,2.610968,3.1639707,-21.430128,-25.254345,2.194605,-1.8490644,-12.730776,-1.3182437,0.9875165,3
2002-10-26,Phase_3_fin,125.495926,25.633175,-15.095556,-53.302433,-73.12083,-67.36573,251.94685,152.66228,-43.14566,40.968925,132.58159,-211.91147,2.2453394,57.962234,30.660257,-148.68105,67.910934,36.472275,68.46728,24.51342,-121.255424,19.480867,-52.988632,41.809437,-106.65693,29.459967,62.0471,37.766582,-80.92014,80.647545,-80.30501,7.2510285,81.56008,-8.923207,60.28194,-17.024248,48.061607,-47.039093,-34.352386,23.664526,-2.5134346,34.825382,18.574389,-60.630955,-70.080666,-20.74425,41.27097,-34.70522,-66.15538,35.63909,-78.7789,41.453896,-23.228601,-154.15747,61.621983,-46.45735,-62.14662,-17.220608,64.0639,-9.974495,-20.192753,-31.08088,-43.398983,-73.356186,93.58048,-11.619519,-6.4532804,-42.40566,-0.8231584,14.734499,-48.03256,-43.214973,-3.6819062,-41.83764,11.573096,-5.2237735,-12.783748,68.598495,39.141254,-44.903942,34.27532,-58.573135,-1.5228347,-66.28353,37.28177,45.728493,29.525755,8.409785,-52.27031,22.41414,-51.893787,13.744132,-41.182014,4.8310003,-11.69144,12.520102,-26.427734,61.49044,8.189975,-22.717999,-13.004095,8.689523,-14.822309,1.6861724,-18.575134,-18.652658,0.03770746,4.156543,2.7352393,34.648453,-17.16384,12.819461,-13.936404,53.51258,-22.171593,26.937,22.478827,-22.219233,-1.5055623,16.856956,0.007285418,-49.723618,-2.4760725,13.54462,-7.4278874,-9.255244,-18.097189,2.9579027,-6.5821233,-27.046873,-33.656265,20.68468,-24.329416,-15.51044,33.012104,-21.302536,-23.774609,-10.537897,14.304559,-48.0513,15.938027,29.119473,43.62166,-9.191949,1.146279,20.863308,-32.13388,-9.799341,33.64497,21.972475,-36.239445,2.3935273,34.80116,64.449394,49.420727,58.14595,-22.115292,16.729128,-23.958775,12.162162,28.494307,12.305442,7.4245625,31.608507,10.383198,34.997658,36.716297,-1.4762251,1
2010-09-02,Phase_3_fin,-357.8911,-123.536354,-174.39369,70.501915,186.39294,-79.35542,-143.28581,96.139145,-179.13782,16.433575,-3.5437562,-89.66771,14.053814,-172.73996,10.502817,-47.01129,-60.117485,-12.288943,-67.28115,-50.439053,133.43346,-37.936028,-77.20743,7.056194,-3.9894772,57.177048,27.034256,11.480195,32.26072,6.794216,10.140347,81.40009,75.93577,-33.879776,69.38852,0.8399109,-23.612322,8.14658,90.53594,-75.325035,-41.289238,48.394257,-11.582959,-15.7249775,53.4371,-24.794283,-2.6212869,-80.41334,-37.60297,72.586975,-90.36208,17.774239,-2.2711213,-39.82288,-37.59565,4.2943373,17.957827,-50.095047,2.8291898,75.53993,52.04728,-61.68464,12.480307,20.73209,-20.9634,78.19421,27.750465,-1.8051287,-8.799649,-11.118952,-12.507146,-12.468626,-17.02692,21.670183,-3.137578,10.14997,16.726395,10.195805,8.706213,23.167116,-20.247688,3.7470067,-13.584662,-14.147235,-28.081852,-23.303917,14.473691,21.903433,-78.90467,7.980662,-4.902997,4.802203,2.1464818,33.2866,-3.143799,47.511566,21.893345,-16.84704,18.073488,18.02515,-17.023184,9.25972,-25.310957,-39.183594,21.844475,-2.6067424,-17.250965,11.964476,10.832496,6.091623,6.80193,-72.80846,-16.305147,-9.531937,-0.8748761,-13.8703785,-25.51298,-11.012862,79.768486,41.40093,-39.981167,36.61043,-1.1712052,-1.5010582,6.66766,12.911125,42.3668,-10.488536,-11.883057,50.130985,-26.749716,18.032976,-45.425957,59.13273,-10.325857,28.192076,-13.785952,49.8558,8.60466,-31.12469,13.786932,25.949465,20.889793,-7.808785,-45.161724,4.8011084,72.35975,-6.6238956,-50.24927,-4.41121,36.849842,-39.902023,-24.547215,-1.7379291,-22.417168,-28.053598,-23.270653,-8.425255,13.17772,8.761125,26.240393,3.6319358,-48.19578,4.1367416,36.52625,22.641079,21.921072,-30.251167,2
2000-09-19,Phase_3_fin,-162.94666,90.02761,-163.97165,-36.967983,-136.70076,227.7354,120.928825,93.28859,-108.32253,112.69326,51.842064,33.25088,-248.13206,26.985773,-45.26746,56.255444,-44.00334,-43.257507,66.53086,-67.988205,104.5969,-54.827003,113.09469,-42.48392,6.057131,-37.954533,3.6776583,107.45681,131.99509,17.729128,-37.75917,-124.902054,-81.30254,17.79141,-87.10077,-125.63665,167.65068,-84.24183,-21.722187,-45.65294,10.959838,22.819996,-86.52675,0.41993284,-32.215492,-6.0295796,99.13402,78.97828,-5.9242516,-11.507525,-27.569502,-28.178026,-59.514027,-56.3345,64.102295,-8.098953,-74.88893,34.213543,63.03124,17.324844,-7.496095,-18.929632,23.91672,26.597292,-41.32143,7.7970123,46.156387,43.43678,19.320332,30.489439,-23.616114,67.39065,-15.214351,35.440308,18.148693,-15.844067,47.28016,35.936066,-23.98703,-3.014275,-13.73842,-5.9937654,9.20622,2.61689,-52.151405,-19.812012,-46.055164,-0.22145033,-30.733784,0.2775886,12.368313,16.5797,-15.560345,33.59343,-22.224634,7.6168566,-7.86663,58.284763,37.60565,41.57171,-40.242264,-32.137257,31.588923,-38.270554,25.487415,8.727858,-12.317115,18.211348,-40.694168,29.40974,38.843937,-4.0787396,8.445531,-41.845898,26.922173,14.916307,3.3076549,-25.879742,3.5785618,-11.659052,21.768774,25.57058,10.230978,32.8302,-14.347853,3.0066566,39.16669,1.6192306,47.964294,-13.546826,-7.5606294,32.862614,20.783283,-21.985813,-25.525393,59.7385,10.770909,-8.314648,-55.80376,-22.484486,10.236891,-2.0456712,34.697918,-19.825842,32.698494,37.686993,-29.239384,17.87588,-1.0739129,7.7221203,17.105055,-21.44916,-26.318481,-6.8245826,43.784164,-20.188934,2.7934837,-12.992357,1.779398,-10.6973505,-20.710787,-0.15359528,8.103918,-3.449187,-10.795392,-4.38655,12.809588,-1.4765241,3
2018-10-08,Phase_3_fin,188.53824,126.29874,-122.061356,-87.72132,95.47721,23.776144,91.87585,-18.474651,-75.23928,86.65501,-194.47603,62.918972,154.5136,-133.48723,91.88753,160.53972,49.739433,-8.026121,164.20702,-31.80932,-115.79021,-50.43711,-1.2282957,12.430558,-92.2776,-10.829934,-44.411144,49.639744,59.69995,120.6531,-6.3531756,2.0986419,5.381337,-70.20155,57.24067,-52.19695,-14.048899,55.245922,-52.12707,-4.1626735,24.209406,2.4611712,-5.049853,-8.172259,-6.7986617,21.707876,-65.46601,-50.80782,57.709106,16.141459,58.64702,-91.12266,-14.86201,45.07496,33.016174,-17.67029,28.784237,41.01159,61.08864,-9.521203,-48.927917,-56.92168,66.63954,41.006035,-9.339128,13.5351515,1.568034,-27.190674,-8.938623,6.5127378,-3.3561573,-31.80506,-18.850735,-0.35207936,11.080471,-4.823766,12.617151,44.18952,-32.92304,-21.73618,4.627897,24.16504,-21.815842,18.247057,4.713038,15.496122,-5.3742733,-33.843124,-13.522216,-13.8284235,-2.622122,13.060072,-1.8557147,-9.02876,-2.6369197,10.543793,-0.11490289,-14.194724,-10.258808,5.0413504,3.0637674,-4.4513226,-1.7981447,-12.754665,-40.002865,3.1475306,7.7955284,-5.119586,16.643436,1.4272403,-26.373182,-8.556617,-1.4197668,-38.801502,-22.103167,16.186226,-3.1561973,-14.418958,-4.4499216,-6.7933207,-14.637468,2.3240864,7.8065825,-14.08325,11.714232,-13.129135,-5.8051343,23.85852,3.3581064,11.00616,9.390503,-21.099058,-12.721503,23.02615,10.4790125,-3.462279,-17.253128,16.707354,-8.786444,6.497975,0.08760668,-5.251597,-2.3433259,3.5655277,0.071299866,67.677605,-9.889197,26.366253,-15.710802,6.519899,-10.251475,42.317123,-14.250987,26.578323,-33.204098,-10.700113,-33.00018,-0.66342074,-15.083289,8.403826,-7.5167637,19.55483,35.559944,32.491287,10.969794,-13.035551,0.031000208,-8.218156,1
2003-09-17,Phase_3_fin,-19.726088,44.66204,134.28918,-256.77487,132.20593,-64.47239,34.377617,20.588102,-12.743822,-1.8945518,46.972828,-38.231503,-58.814785,48.933105,-14.436554,32.41201,-71.56325,-12.452454,-150.84334,129.86722,52.907326,-154.85262,34.966816,-16.766426,169.5019,-90.75252,45.50978,35.023754,-18.379808,45.632362,-5.387634,8.677848,-59.194283,29.322567,-16.71338,-15.002372,40.029537,27.561934,-72.11387,67.44524,-65.65112,-5.7498913,-6.104356,-15.027618,22.298298,199.79381,-97.04651,-75.26662,22.616879,-33.978466,-38.93559,-34.03419,-82.26015,21.713356,-22.68367,-53.041138,3.1752212,-18.937685,13.82846,-16.60578,11.522017,32.376366,34.369125,-31.383242,-13.732458,-1.9136626,-15.947066,4.3395534,0.7499064,54.445255,16.260143,-25.801733,26.076738,56.47324,16.916437,-4.487945,-1.6420069,-28.37166,-25.03116,-45.13307,22.490326,-7.9986215,-33.056496,-35.687386,46.579754,-24.64931,-44.617607,23.737076,-14.282306,-19.45002,1.5923793,6.0804577,-13.951466,11.76952,-9.387724,-29.066126,-37.95284,20.021082,8.100071,1.479337,-10.251485,-11.071903,13.982518,28.361961,4.0942464,8.295409,9.082786,-8.926869,13.0928955,-15.7848625,-53.691635,14.062477,-38.42641,15.238575,18.786785,41.215626,46.621952,-5.6542087,35.288624,23.629076,16.127867,3.1706414,25.014088,-34.060116,-4.6565337,-5.5610833,16.353567,20.639486,-17.421803,2.3727572,6.3438044,17.15185,-34.01816,5.3266344,33.316414,13.612686,21.333,43.0276,2.233311,24.540688,17.838459,11.016544,5.5404572,49.194996,-30.461502,21.126268,-12.350428,-10.163286,23.269514,-7.3658895,-17.312712,-12.610649,-9.509767,-3.1602407,-44.070286,39.03705,-12.371326,-4.0245404,-79.314354,23.391825,-3.1433136,14.290134,19.754208,-11.0645895,41.92966,8.980147,-18.501757,-17.913546,1
2016-10-25,Phase_3_fin,26.44667,41.64923,254.40485,-226.62105,43.85354,-51.1081,184.51416,30.809063,37.62573,24.722437,-153.78586,-87.18302,29.680422,-56.155067,-156.2646,-59.051155,54.454987,15.214898,-30.181507,-127.46315,-31.976164,60.656918,33.852734,-49.395966,84.975105,-52.103912,138.47827,25.245787,-109.10742,-27.125105,-11.54815,-104.14601,-47.502655,64.34957,-103.90922,3.9218433,-67.55562,-19.93956,31.675219,-32.230286,26.75119,10.24881,58.096306,37.77487,23.547846,-43.9915,36.617428,-5.97825,-16.781738,-40.401096,-14.601833,10.090097,-11.490254,-2.064212,25.535662,39.946293,26.290873,-26.76832,2.9374065,25.738092,23.264593,-21.00001,-14.710764,-9.253147,-76.93895,11.679548,60.7801,-62.324856,34.416824,-68.448235,-128.8238,30.038206,66.85522,-58.39584,1.3279759,109.814835,58.244072,91.53915,-149.33897,43.75257,25.960718,0.010007684,85.559784,18.30356,53.91737,38.718582,12.316394,4.7058897,-29.413677,-2.9419825,32.788307,-44.709602,-23.186478,-30.071693,-28.104599,85.789856,-61.19869,0.48641673,80.35927,-32.675068,53.798008,-28.444864,46.865795,30.422293,-18.403053,-8.636834,-28.111692,7.112848,-14.511317,-13.727513,24.529974,-8.411082,-77.70818,-8.0196,46.91258,62.55915,-35.572693,12.51505,48.64291,-18.613094,-7.280855,-9.832565,24.835678,1.2366135,-2.2982695,16.149195,34.208057,15.317124,-17.032915,-14.304778,10.160436,-18.2736,5.883053,38.65396,-54.26931,-37.480904,-4.1056314,24.048363,-6.317506,2.5231962,-5.6065283,-15.777135,-8.759571,11.87136,4.216784,-40.68611,-4.768437,-6.4175262,17.573051,18.095598,-7.403588,16.06734,-20.356861,6.477063,-16.939646,9.130732,-24.254436,-31.53256,-32.45558,-18.238655,11.741171,2.2737052,23.904327,-13.773613,4.1789985,2.1648438,-9.044142,16.676409,1
1996-10-08,Phase_3_fin,-63.941143,111.9143,39.74942,35.633396,110.97965,154.78673,-61.70881,-220.28285,269.29935,-151.76538,-101.36448,-116.611374,-132.49184,17.13419,-103.459984,-34.82971,-35.448677,67.35868,6.1234074,-1.6794639,-107.14282,50.027664,76.798065,-29.989483,-24.841673,80.819565,-47.36554,46.814045,122.023605,48.033733,-194.57506,128.90709,-55.02868,-35.45352,87.02145,-97.99361,-29.248236,31.378288,68.22446,49.72096,37.621166,-7.4191995,16.478615,24.578356,11.393313,-0.4479027,36.81978,15.559412,-39.493587,-30.457684,-16.9401,-19.193048,-20.860119,-18.022064,12.421957,-8.117875,9.307177,-32.50971,-13.666597,26.259954,-46.916008,5.1895432,10.0439825,37.52331,-53.267796,20.846228,-2.3973901,2.9063191,6.8750925,-3.5257835,-18.553553,-5.234766,33.172127,39.430653,26.418148,35.816277,9.039524,-4.346128,44.95116,2.4204056,-10.284354,5.823035,-34.068626,-10.798808,10.917083,-20.140984,55.221203,30.520615,9.056227,-17.948704,-12.240975,7.6345787,-21.838438,-14.246241,5.0081778,34.799313,-6.270467,35.92658,16.487064,-37.201115,-14.792037,49.49075,1.7485552,11.303428,9.882089,21.456898,-36.795803,-8.849722,-23.589094,-21.801424,24.168077,12.767733,11.0947695,17.261948,9.754027,-12.203128,-21.178204,16.91427,-47.388103,45.539314,-3.595907,-2.763021,-3.4333212,-6.3668194,-8.449821,18.417477,31.174622,-11.375818,-33.21554,-11.021596,5.273184,10.821703,-4.506957,-6.281803,-19.739515,-17.781183,-3.5585024,29.626991,-9.093787,-53.104965,4.561718,1.468252,-3.8457801,-35.0149,1.9154572,-7.930557,14.754649,-34.099213,-16.98205,0.31948465,24.985542,4.852924,-6.5033975,-55.756454,-18.755991,20.615229,51.652416,-22.72843,11.756543,2.5145972,1.8294604,78.10551,96.599556,-37.955086,32.725834,12.416076,-29.797848,-29.11397,3
1991-10-08,Phase_3_fin,205.09975,85.58369,-152.0721,-44.54678,-20.237776,-75.17787,-8.094753,47.65568,9.84019,23.067276,-14.71355,-71.37893,-33.9387,17.950125,-98.3176,66.58936,96.12758,-31.936386,-233.86052,-27.858906,-32.316933,93.31054,-51.95038,-46.96023,-193.93515,-106.299225,19.053953,-22.0474,-19.907553,106.84595,-14.003779,124.893845,-55.47107,4.937117,-88.09906,215.63126,13.763079,54.174072,-62.24664,-156.20648,46.59042,24.842585,-92.44356,-66.9211,85.061646,11.463821,32.634186,7.316868,25.339216,-30.590244,35.636494,15.905985,-123.91899,-4.4541287,2.6313624,-32.467293,-51.298447,54.535038,36.908875,73.13914,25.23079,1.5897913,23.926752,-10.586029,-48.700115,-35.310917,9.39573,-65.22261,-14.517694,-7.5856786,40.749775,-5.757964,24.309603,18.933992,-21.018318,19.043333,5.9022202,-35.294758,7.3053284,-23.463898,-4.801277,17.565502,3.705099,13.864293,-4.911859,-0.5720545,-23.630287,-26.221025,51.988426,18.413702,-13.508358,6.304838,-40.70108,-19.870548,-8.397074,10.43547,20.366182,-8.383026,-6.9982595,-29.063513,-19.028982,1.3006369,-4.9174256,6.6043816,18.824404,-15.526929,-9.328284,-2.7844408,9.589217,-2.6230912,-1.977856,-6.9850607,-5.931667,21.31623,-9.231812,9.03923,-35.26087,-6.6301484,-16.955828,-11.538192,24.135996,-7.2127867,-1.3666432,14.688699,-2.9329627,-20.776608,4.7414837,6.5324006,-8.170892,-3.4155545,13.175097,9.260216,-17.84881,16.734406,0.064547434,-0.613196,-2.0378308,-12.499194,-0.99707675,13.196756,16.265429,-5.207895,-1.5570943,-8.211667,8.0436,-11.362467,-3.2879126,-6.581691,5.391577,-3.9731088,8.027401,0.88569933,-11.401365,3.9825454,3.3271527,-5.0602646,-10.120597,-4.56,-1.9194224,4.0007,18.127077,-6.688874,-13.682681,-4.8064756,-13.619849,5.9497533,5.3957014,0.52528894,1
2002-10-25,Phase_3_fin,124.17553,37.95304,-16.759966,-38.465645,-81.73,-61.920326,253.34535,151.9006,-53.045765,50.295624,129.9418,-200.42316,1.4162661,59.67825,28.171291,-153.78256,64.78995,36.2492,69.3006,31.649017,-123.06381,8.975034,-49.154037,45.797516,-101.25844,41.01544,61.2651,49.334324,-60.286022,71.353745,-74.20885,17.310429,74.08825,-9.290267,61.87855,-5.4511075,37.418392,-44.899,-35.98228,31.688116,0.83334357,35.521725,7.7018323,-62.60869,-50.78458,-22.413916,39.684963,-23.005196,-67.840965,32.579674,-83.583374,42.611797,-14.358279,-153.07918,55.434208,-56.878918,-64.016174,-12.461458,54.16242,-23.902475,-22.592537,-38.95449,-44.173866,-67.41241,95.57969,-13.014438,-10.051538,-53.050552,0.56519675,9.597229,-53.064636,-27.721678,-8.723802,-43.607117,11.0250225,6.856988,-14.965509,61.01214,39.160976,-52.506638,36.09159,-60.9911,2.4104233,-58.664352,27.792013,43.61184,20.741535,18.350332,-53.73949,27.654852,-53.02471,19.665876,-40.51769,6.1886277,-12.489912,13.685839,-27.036415,51.5684,3.8093643,-16.384714,-12.782262,16.80114,-17.164707,2.324651,-7.5445623,-18.372118,-10.167392,-0.018279606,-5.717687,27.39454,-9.917993,1.888914,-11.762244,60.84098,-19.478928,19.0643,27.132322,-21.25217,5.5663137,14.768506,-1.4038872,-53.59116,-3.3298562,17.919666,-1.2051121,-5.7878695,-11.920696,3.136618,2.2536194,-8.805148,-45.823498,7.412681,-31.41942,-9.596116,44.10326,-29.776142,-31.88154,-19.004229,18.995367,-57.60304,21.005367,29.735205,37.655643,-20.346115,-10.543736,25.879303,-42.6172,-10.1996765,35.73115,24.38708,-41.98432,0.38690993,26.188908,65.22157,56.02653,59.416115,-27.435198,21.60715,-28.79869,10.387708,26.837523,14.18316,7.1520863,36.63277,8.751127,32.712387,39.985413,-13.235956,1
2015-09-01,Phase_3_fin,488.7561,118.1262,83.76118,208.67386,48.143196,45.601997,-13.385034,-69.76031,-39.92362,-129.28993,-46.353127,-67.128624,80.538376,28.763355,-85.73014,86.87185,-85.04377,-44.614445,-33.383762,47.908215,70.61424,-1.7346989,-58.17337,-22.946169,52.251022,-54.297615,-21.972248,-45.910275,-81.63367,-22.98727,-141.67139,-26.24288,-9.57631,-48.40256,-22.993479,-5.899361,54.71167,1.9774742,-55.658836,-2.1157928,-33.00114,-111.43845,43.88869,30.521023,58.75436,-13.463195,33.85786,45.195953,17.033993,120.87348,29.224367,18.705832,-2.885379,-15.809424,88.20868,-17.874155,-6.3541064,-20.15936,-59.28137,27.092724,18.77165,11.253355,-3.5764172,-31.706356,34.1856,1.2813345,-45.376957,16.882383,24.517574,55.611843,12.011936,37.682774,-6.565026,-47.22946,74.90756,76.48962,-1.7600216,35.439587,11.020304,13.916731,-57.48892,27.74811,-36.69905,-15.450297,-23.828558,39.221706,37.999687,-17.109848,-26.912052,-5.6310644,-11.466187,-16.274328,-22.580017,-18.284092,-2.0288458,-58.979084,26.92916,-86.55414,10.150004,14.784932,-29.824186,34.88298,13.165694,-43.50657,31.134176,-25.970924,17.188982,-119.80417,-65.86455,40.73074,-58.91818,4.2202682,-12.870207,-22.12277,-29.315828,34.80991,-31.346378,-30.445698,43.3744,26.365213,-10.104506,12.844223,30.207256,-45.409203,-2.89906,25.442003,-7.0436597,-25.781998,-4.9546194,-6.0627217,11.911036,6.7313547,-9.28283,-10.267341,-18.264576,-18.701328,-10.451683,-19.541191,-21.407146,19.591103,-23.922537,-2.3848443,-44.47602,24.698534,-39.552635,-17.120375,45.52734,34.678623,28.820976,40.352352,14.232474,0.97391796,-7.9306793,-16.73818,36.63668,-49.11676,-43.060932,-20.7461,-21.777508,29.856436,-17.181074,-76.29043,1.3538204,45.684464,-41.23053,44.231827,5.7537146,34.16003,0
2006-09-11,Phase_3_fin,98.59188,-138.99974,3.4335852,-196.30571,32.77081,122.3907,-89.325195,-47.289566,54.835773,-12.209116,27.336382,-17.139368,110.97377,-43.00112,86.491486,-42.285984,-17.850931,-58.69513,1.3360653,25.825096,-13.051613,-8.5551405,36.306995,87.463806,33.64256,102.66751,-3.4295623,-47.559166,145.3883,-74.53816,17.90093,7.132297,2.868541,45.51132,-20.32063,78.54347,53.812866,65.102646,-0.11281787,18.571516,-23.105755,-39.455025,105.98052,-77.14126,67.468864,-0.02193656,32.560738,14.1066,30.511772,-53.616577,-14.468985,-28.192593,-113.89974,47.948875,39.028076,-15.478253,-29.4804,-12.873926,12.186073,-24.161646,-38.97316,10.708573,29.573965,-9.551408,148.832,20.27896,67.69776,-3.9355667,46.80758,43.41218,92.83984,80.30892,-24.263958,4.1343517,-62.727474,18.462307,-58.897053,-6.376507,-141.54167,108.70069,-8.08362,-22.257328,27.377136,-4.77901,-48.818085,-37.309216,24.05258,-65.04394,3.4445438,-4.689114,32.398045,-35.22951,-89.989235,36.505146,84.63973,-34.821728,2.016367,10.822109,45.457893,15.484731,-6.9669127,26.666908,16.582865,17.752623,-0.457881,-3.7356718,-40.670105,45.018654,0.2675451,50.78909,28.791758,-39.1539,37.447838,-6.932726,-65.085556,30.319471,-22.734022,-26.25279,21.278536,-32.593456,-46.44737,-30.787949,-10.97474,-52.442158,-26.178766,7.740922,9.664031,18.729555,7.35246,-3.180044,-34.717308,-14.435065,1.8868403,-26.106722,41.892036,1.5461861,23.650795,0.04219505,25.243765,7.166876,-36.966064,2.613998,5.8770576,-38.691628,31.354221,-13.495055,-12.688282,17.358778,47.03747,-19.817244,-14.888667,-23.723604,2.8248894,11.750232,-89.51706,0.14118554,39.79863,28.253414,16.151173,13.985747,-48.972973,15.215556,-42.454243,13.587421,44.625652,43.745266,19.672451,44.820583,1
2014-09-15,Phase_3_fin,115.71287,223.86137,26.286346,3.2477162,-56.36222,68.23801,-82.5913,-183.76204,-64.05408,-44.256573,131.4966,-54.1808,17.179438,-38.44382,-225.25327,-194.3976,-101.07712,-91.565796,-6.69917,92.30159,-23.59646,0.997845,-17.485144,144.10693,-163.63948,-117.02894,-12.107481,41.68292,-40.668175,15.225301,139.83275,-31.762571,-26.114029,-51.59941,27.456202,-17.513186,-0.64983207,-1.8058852,31.925459,32.345005,-0.18182465,-13.947445,10.145618,-4.8146853,-18.412333,6.5634327,18.791157,20.199574,-9.5107,11.89618,-28.484413,-54.693615,6.4671764,6.959896,16.217188,19.18112,-1.0555103,-18.169014,-27.419436,-7.558568,-3.3856447,-1.660018,32.92053,-30.931196,-22.488504,11.759178,75.68612,-22.84354,-15.876099,-48.667286,8.17232,11.900891,4.004833,0.87391096,-4.331522,13.188155,37.020405,-23.759373,7.1867857,30.492243,-13.851395,-58.170193,-20.955576,-17.060661,-1.6385047,18.38434,-2.1795857,10.658444,43.5449,12.109276,-6.698717,7.2026997,-5.090066,8.882438,-2.641434,5.1948204,-6.4222603,-8.654817,6.061609,3.9919832,30.937527,-16.445934,17.514431,-3.5673878,0.26693368,-23.781208,-10.778006,5.9777694,2.1787558,-7.811213,10.09945,6.0817976,17.727482,-23.183,7.0512023,-9.117687,-1.7245314,9.656507,-1.3012805,-11.087874,20.675488,0.79360074,-18.889748,-29.25555,15.416284,-0.19631939,-5.2941155,2.165332,7.834153,-20.9994,-14.985822,-5.2968197,9.171903,-7.77781,10.799012,32.293472,26.973665,-5.86239,-14.806741,-3.5506313,-11.39059,5.6279044,-46.19921,-22.082212,22.633133,11.760555,7.371662,9.22948,2.848894,-10.980314,22.524796,7.8046274,9.017627,-1.7444108,8.798735,1.2896385,3.5911644,6.602891,17.188229,-2.151284,1.3628997,23.950357,4.6807337,-2.2336457,3.4809155,-11.341344,25.37408,7.5284524,1
1988-09-16,Phase_3_fin,-209.50975,-17.024511,81.31904,202.50731,-60.84268,-196.76869,-45.729164,133.63393,25.697218,-7.3136883,-6.435484,116.17891,-25.216427,52.824265,-35.13271,16.652563,64.31905,7.5365763,-21.973368,105.49557,-115.14148,-26.884865,117.37994,110.848015,62.44628,-128.06084,-116.61685,10.149398,96.24963,-39.305294,5.0652394,119.26315,182.68501,-62.36918,-54.635406,-73.85002,-27.359814,24.881685,-93.27203,-29.30051,-8.283208,-52.087276,42.450424,-50.013165,-8.386522,-46.90875,-51.828537,38.18177,-9.587656,85.3269,-6.61768,21.381052,17.133621,15.748237,38.66146,7.0191107,2.7203708,48.39931,20.545694,51.51565,-34.757263,29.856941,-13.220191,63.168446,8.209033,13.1787195,68.4664,78.53136,-8.843055,-28.171547,2.861402,63.34826,23.337523,-13.708821,-42.332134,15.025235,27.85631,-14.192001,-43.124226,-53.523933,-55.6734,-38.504314,41.51529,-43.111454,-18.231537,28.93911,15.069323,26.238474,70.35576,14.067185,-77.07799,-6.126084,-6.620355,-25.009861,7.6054893,-1.1676264,-8.148181,41.781887,-1.0950757,-21.678427,25.420048,-8.160646,2.5132167,-1.1509595,-55.81117,-72.8643,12.534165,6.4299307,-2.5861762,46.036278,-58.01361,23.049524,-34.37091,-49.520218,-13.786846,-42.027576,17.470675,47.883915,0.8211221,-36.521065,0.69989514,57.81368,94.81346,6.1670723,-35.421448,73.459526,28.89081,51.876877,52.38536,25.762157,-24.660599,19.69264,-76.4992,-1.8262209,11.4661,-60.478252,73.75994,14.23637,6.1255107,14.824826,-2.6576023,-6.2421083,-28.184893,-0.9410056,-8.824546,-31.440823,0.1174415,0.095343255,-5.3219543,32.244747,2.4255655,-10.02278,1.6044362,33.63613,-10.490278,-29.094025,0.030623626,-7.178888,16.98448,-3.4806683,26.868498,19.826183,-14.719644,-9.586049,4.9565086,10.416374,-23.451208,32.23234,2
2004-10-23,Phase_3_fin,157.65367,-7.291444,-66.29384,-109.532555,11.417702,-81.26022,7.0423765,-68.05324,-35.32788,-76.3924,-30.300753,45.653954,32.176968,54.932884,95.238335,-24.433743,-124.51611,55.029476,-48.493965,-77.8032,1.9870586,110.86793,29.699242,-5.0684853,-5.2302265,67.10372,-23.795925,-24.457355,19.61538,39.418537,37.139652,27.119999,81.05291,-27.35692,103.77621,-78.64332,54.342876,-62.556038,-92.108795,-67.85849,138.57974,-157.67094,103.085976,19.154978,-127.710846,-13.460807,57.474968,-63.67614,81.55701,-57.348114,15.995605,-78.39093,37.83439,-54.210945,-18.832405,-34.420673,-41.032608,-33.380234,16.299347,4.8654733,100.38529,-1.2938147,84.79406,-76.01216,-4.3284645,-88.40037,-1.5202658,28.36845,3.559776,-33.819153,25.208359,16.160456,19.275248,-77.9891,-30.687876,63.279984,3.8994095,-140.28256,19.357098,-14.571926,106.674385,27.18264,-11.133726,48.13094,-62.84032,-27.079527,8.872961,17.261824,-57.67786,31.951454,43.632305,-36.08755,86.5436,60.993767,-14.937621,-12.114635,20.492773,34.10122,39.10867,19.795565,-45.841892,-4.4565067,47.262394,17.568527,-42.334,-47.44137,29.745104,54.006104,-40.30803,-3.2468414,39.08957,-3.029195,-29.449118,-19.92664,-38.93747,11.540539,-72.44393,40.330536,-42.1369,-47.751244,95.90836,-31.988417,-23.49569,-12.926991,-30.291851,-34.1317,-5.1622524,-27.018713,21.35178,33.04985,-29.658073,-9.661555,-34.958397,25.22659,-1.0951172,-34.291306,1.4446635,22.390345,6.347836,3.113492,-30.266516,36.429146,17.86164,7.9768424,-26.470654,-13.547831,-7.640289,8.301163,0.49693683,5.5460567,-3.4040976,9.568314,2.324124,-17.31286,8.331493,2.3092942,-18.637352,0.55333465,-17.605566,-9.306677,4.9420958,6.8427415,5.199775,15.065964,1.2465931,-4.243785,-9.659918,-3.6934118,1
2020-10-13,Phase_3_fin,-146.34586,195.96558,94.720726,113.29464,-119.73359,-166.23264,-73.41582,12.112099,33.98062,88.97941,112.211334,56.252056,48.33669,112.12548,-22.608747,17.684769,-44.80683,38.529705,134.13179,53.61369,-52.899963,-4.6560435,-49.69012,-20.710531,-42.364685,10.431358,-26.731968,7.939874,-18.076094,-61.743057,-7.502262,-15.715403,-80.797035,66.25461,-59.66148,-92.43821,-68.81615,40.95507,59.647293,-47.27621,47.372807,-68.61338,-37.956123,-16.419804,98.37499,3.4764824,-4.574116,-60.256393,58.767067,38.14673,21.374535,26.350399,-11.261773,-20.96322,-46.756527,7.973546,-49.96179,16.710777,-16.80335,85.91843,-12.537021,42.93268,37.62418,11.871302,-12.816921,-8.700975,-12.576621,29.09508,-8.471797,49.172516,63.7452,-31.079012,-51.539375,-34.875164,32.546253,29.824842,9.365573,20.144938,21.632357,7.53072,12.526183,-19.933098,39.202106,4.2009397,2.9216309,7.2281804,-6.7429366,-23.714542,-9.573671,-18.45025,-4.478624,-22.934298,-1.6567676,-3.2944415,14.448958,28.341967,28.390018,61.81722,37.32628,-4.457869,-1.0174868,-2.7058392,17.369394,17.019217,-52.69441,-8.799286,31.736418,6.189997,-18.034601,2.663891,3.4450269,-4.965013,-0.49116477,45.511852,3.3749743,-0.81168824,13.117082,27.366652,-22.86178,-16.167828,0.67021644,3.5604022,-6.574993,7.7039356,11.144358,6.4764395,-13.617223,27.2902,-17.683332,-23.290836,-28.13219,-0.2577473,44.603924,-13.457492,-16.627535,-15.040461,-37.92302,-3.8195739,21.774906,-25.278568,10.054016,-40.052082,-23.447401,-11.920483,47.667908,19.15205,0.8677813,-18.934652,14.277711,18.770752,12.796637,26.801231,29.855766,-47.657787,-43.29121,-40.98391,1.9177562,14.560716,-14.826123,-16.663597,0.39420784,5.6980133,-14.724336,-13.537875,43.70259,11.383954,-32.779144,-15.238434,3
2006-10-14,Phase_3_fin,274.49887,-85.949936,-15.630116,-267.25284,-46.017426,69.53447,-29.87871,-37.535843,-89.111664,-39.428894,16.502937,-25.437788,36.688274,-2.524679,109.113045,-59.991333,-57.019188,-41.35926,52.742115,18.838709,-116.15652,42.28263,29.477425,91.41552,36.988453,53.421535,67.448654,-48.950935,121.39971,-198.06448,12.174618,-41.189697,-17.572964,32.385597,38.136055,139.85136,72.710495,5.1780367,-20.02478,-39.827282,-36.888336,-33.42247,126.66037,-56.349194,100.72454,2.0047147,62.010963,31.638174,23.810589,32.43436,28.066124,-8.485295,-12.653238,-73.543945,72.08706,-37.790054,77.08232,36.268295,21.917622,44.720253,-38.362064,-7.4141994,14.492608,7.8841553,-52.33922,35.41332,-7.8444614,22.096062,-16.2983,-25.14504,17.30125,-26.09611,35.847958,-12.23709,57.81639,3.9072564,34.6599,-58.527477,82.16953,-28.452866,0.3023122,3.8775613,9.433903,34.164757,33.274746,4.883238,-3.1944962,57.543613,3.534449,29.146362,-13.480695,38.01467,43.630802,8.015615,-25.607264,19.305765,4.5869074,9.850331,-11.163872,-13.988119,10.7800045,-15.649537,14.97572,23.479826,-10.843021,-5.86707,8.571363,10.207193,2.1214333,-9.97788,-5.007348,1.0324724,6.827771,-26.245047,47.878937,1.6894953,-0.36895669,-8.930499,-3.4238665,-14.8409195,-0.43518475,24.740295,15.301958,-5.798051,14.558266,-8.02808,-2.637229,2.7786374,-15.206289,-12.551436,20.40074,-9.77849,1.5567473,-10.764034,2.5143173,37.999573,-16.308777,43.08972,18.038992,-32.11344,5.5542054,-4.728202,-42.92516,31.366486,-32.587566,-16.632557,9.178126,44.399136,38.134186,38.986202,-5.2848086,-1.4960245,-7.628432,-15.489597,-0.9329848,76.86615,27.405903,26.000107,34.3081,-48.73932,-44.917175,36.646297,-16.264883,-9.807923,13.906402,18.33041,-9.439039,8.676387,1
2015-09-22,Phase_3_fin,550.25116,35.252575,46.28548,274.31485,-39.35047,31.960514,-14.716326,-4.99162,-82.44855,-116.24732,-24.610891,-24.90158,-9.878035,-39.03313,-57.162125,131.58528,-52.116383,83.889465,-22.630749,-2.232471,98.847084,-26.029945,-71.96867,76.48583,108.98389,-44.17539,-17.420782,-24.057467,-14.008042,-22.613756,-159.5748,-25.958204,-0.26757678,-60.250046,52.10412,26.12953,34.769176,1.115233,-25.729319,21.245377,-15.335766,-69.32068,-4.840254,-30.407885,67.46505,-50.79295,-10.774689,7.473607,6.4478064,47.886986,37.382973,-19.515602,-26.234526,-13.338062,30.303776,43.152653,-60.605686,-6.5177674,-33.190746,-34.915085,37.341618,-4.911086,-13.103216,11.572893,51.447468,-35.972633,-16.139633,-29.96394,-3.650839,4.5962043,-42.907375,2.2991366,24.47361,-21.416056,-32.600506,-40.9912,19.20237,7.5179014,-14.294218,-18.137938,-8.529625,-6.2748513,-14.603392,11.344752,15.325823,-0.95890504,-17.264984,25.228647,0.37740785,-18.897661,6.729939,-26.400633,7.347653,18.546051,-8.915103,33.66985,-0.2878818,1.6407377,-4.8325276,9.000796,28.881567,-11.033617,-3.2602198,3.7741187,-23.000813,15.777975,-11.074815,33.788124,3.9086506,-7.8300858,7.268667,13.549954,18.523722,18.5927,27.53619,-21.272139,-23.289986,-6.4063087,-32.934883,6.0704637,13.763458,-10.371984,-14.069986,22.245167,46.028954,-1.7066538,11.261163,6.7736435,11.635731,1.4849718,-7.192671,-0.61357987,10.902793,34.63193,10.43722,20.564714,13.9589405,-29.541689,-2.3997185,19.851456,11.87258,8.647729,1.515102,9.327769,20.217718,-3.5954392,-4.850265,10.510145,-21.29098,-21.366938,7.497678,9.577936,10.99676,26.717787,-38.799717,10.695211,3.7615657,13.759265,-12.760029,-50.470116,-5.0830817,6.1167283,14.491254,-9.182717,15.234891,34.403526,-12.588594,19.871325,0
1997-09-26,Phase_3_fin,376.5188,-169.23688,173.58034,-21.624617,24.211039,135.87991,-82.77115,1.4220293,-73.58759,7.717957,70.27442,-89.78962,19.250986,-10.919655,137.24197,-103.18141,-57.165253,-127.75198,19.419262,-22.787094,-175.5003,-44.54431,-73.68293,-156.75919,104.7799,-82.00796,-101.112816,-95.37745,42.40058,74.93733,46.294838,20.474474,-76.88176,-7.438493,-115.459946,32.686676,-28.09884,-33.914623,-13.526742,-21.067804,18.486284,-27.98765,-102.81574,-66.47553,-37.437027,-99.51474,26.017773,-54.58737,15.62701,76.26772,-42.610733,5.495488,78.04005,25.70809,31.458448,-47.081375,104.73085,-83.49535,-18.315876,-19.604229,-32.104824,21.125381,39.99423,23.112198,-15.925338,-106.1177,19.412374,12.605335,37.72997,1.8723143,-13.379414,25.3635,-67.12372,-38.46194,-18.179153,-32.67413,64.1714,95.45086,23.436995,-64.26546,57.52752,-83.6865,-45.516365,71.721565,24.238485,-63.850655,-49.32263,-14.72617,28.33848,47.385445,25.880795,-29.467794,-17.193762,-18.356096,6.67956,24.228067,65.96303,-21.842125,44.53398,24.831026,-13.652357,22.708332,-30.773062,5.6194973,17.389523,2.613685,4.4650826,12.024384,7.9870176,-6.541048,11.728027,-5.5192094,-5.710844,-25.813866,-2.131876,13.407487,10.311714,1.4434052,-10.609645,8.864711,5.373992,11.625869,-22.271387,1.1396582,16.33306,-3.7609076,-7.3438506,-27.593235,12.268162,-36.696217,-2.9336483,50.310715,-11.195926,1.334752,-6.056379,-9.14706,6.0143595,6.3519793,14.880609,9.041287,14.067277,-2.105083,-3.3242998,-17.833395,7.045381,-18.295023,22.148674,2.7020586,6.680046,6.890544,10.447509,-29.340864,7.4874034,17.511,-30.621595,10.042359,0.6701253,-4.4873195,-2.9640083,15.682275,21.230124,6.5202737,25.488033,7.03429,7.7593303,-16.244646,9.872116,-0.20166653,0
2017-09-05,Phase_3_fin,22.728601,76.76529,27.700237,-22.24577,118.76771,1.5705985,8.572029,-24.125437,49.943413,78.68183,-20.821339,38.272057,-3.3319695,80.6535,-75.232994,61.408955,87.47185,-86.13972,24.824522,198.9294,-2.2747974,108.88272,-83.458916,-68.7199,125.77619,-33.34954,29.674006,-37.218555,43.893284,-37.79905,5.230212,-79.68718,46.308056,-54.165157,77.4276,44.18482,34.205288,2.0968788,66.43267,-72.84786,23.568947,75.23175,7.214038,-35.538036,-2.140898,-65.18454,21.23171,-18.363094,9.979928,-43.401268,-93.7541,-4.8984513,18.170462,27.463705,35.88215,-9.3120165,-25.326296,-25.465223,10.025307,24.148804,-3.045007,37.03529,13.968,-22.004808,7.3406706,23.938345,-0.15321802,-9.959853,62.080105,46.371784,10.326067,-27.060947,-18.492758,-17.590021,-11.546112,17.782383,-32.164375,28.460463,-25.663982,29.203754,-5.2048945,1.2906309,28.142725,16.627811,-21.25403,-0.6935257,29.004942,-11.374933,77.342896,-21.47259,-7.927846,-30.172232,26.962242,44.24521,55.966286,-16.687754,9.428585,18.325237,-54.404846,-8.989497,8.770419,5.507639,41.245926,-23.751553,-101.62002,29.256319,14.7113285,-19.000282,-52.731293,-26.83295,-11.832833,-5.1077695,-26.612867,-22.294659,8.272339,-35.249416,-19.886143,-18.990759,-25.131968,21.882706,31.35836,28.226665,-15.987312,-47.093147,-6.368021,20.941456,-6.6495204,9.959902,40.008064,-38.187885,70.07397,19.17094,74.169235,7.928519,-7.1211305,-1.5072565,-16.870943,30.86202,-16.766376,-34.876614,15.807261,-13.572451,-37.768913,-30.268185,2.3647504,-55.32945,-23.418432,43.845184,-35.053123,-48.398804,49.82741,42.112476,-21.15737,11.775349,74.15226,44.80806,72.39355,-19.300838,-34.37275,78.02238,26.932695,-20.263824,-22.189188,28.263044,11.420157,49.369347,20.454138,19.399105,1
1998-09-29,Phase_3_fin,-243.19711,-217.1216,303.1044,58.08108,-26.926928,17.415781,-124.22397,87.92154,33.344242,-183.27505,-147.85257,-25.376614,74.33955,30.602531,36.19161,-50.06821,22.28647,-26.288376,142.8315,56.184074,109.36135,34.048115,-70.3154,-37.080307,-70.705956,-2.0504026,7.3235874,108.75006,-3.5460808,19.45866,67.45722,32.71122,-47.527996,1.0776811,14.585282,7.846104,19.984808,-79.51402,-64.90579,-68.6503,-0.04223089,29.073994,-17.587109,27.4025,33.701347,37.682446,-39.557594,-22.31898,-103.65738,-35.65199,32.07109,13.182997,58.50275,22.691917,95.18874,-69.636986,-63.490517,50.167294,-47.495995,0.119043164,30.11841,-39.907303,-14.702197,115.054726,10.263145,-20.190948,-45.719288,-110.00605,-10.275687,4.547748,72.17538,26.652992,-22.008371,36.523567,28.699062,-26.333044,41.44718,-51.92842,-5.80176,-3.64319,7.5041027,-31.704027,-22.214563,-25.964312,-10.470573,14.219353,-17.964329,42.140263,-56.92519,44.55431,62.90497,-32.426067,9.700391,11.937317,-3.6190264,-47.251522,15.786686,-24.212034,31.80861,-93.54064,95.39459,13.75268,-0.30345345,-42.034782,-28.033611,63.319656,19.24445,-9.350901,23.548168,52.65866,52.184944,-38.712093,-11.878325,30.041069,12.558665,25.572182,14.985397,-15.004779,-16.553171,-73.96626,-9.166074,23.280836,26.71382,19.613447,-13.366267,74.42704,-27.269657,-46.433666,1.0402986,-19.656542,-31.668568,-2.2950177,18.482725,33.30626,29.010193,-15.831958,12.384615,-26.716026,11.148996,13.01169,2.37332,40.032833,-23.298298,3.20891,-3.5228317,16.555862,6.0241594,14.540499,17.913246,5.35084,16.860153,10.596466,-17.687696,-24.977068,7.1753316,12.626866,17.484179,-6.735009,-22.700079,-6.6703005,16.027195,-14.472043,0.66439193,-0.23112863,17.211887,12.720568,-3.0407941,-14.565127,4
2011-09-23,Phase_3_fin,-154.7121,-109.55128,-212.55951,94.521614,-84.2374,45.330868,-36.016006,-24.756819,21.139189,56.418743,-66.710594,27.314749,-14.280959,149.31659,-18.448599,42.444965,60.064095,-75.60782,-126.34834,-56.404827,-72.43071,-47.374603,-8.5820055,41.82932,-35.75924,-30.272646,-2.7320254,51.37847,28.428347,-150.19423,86.83423,34.623688,-43.804596,85.81473,70.74369,-0.45284542,113.357,35.135033,-22.465136,9.338506,30.963373,-41.285297,-130.9421,138.11732,67.96705,-107.29966,-84.79668,16.504696,48.87299,-72.22411,-59.09898,36.16788,27.31129,-42.950226,-51.62513,-13.894536,-9.11891,-103.81472,-4.506248,2.761763,-52.287304,-47.685703,-78.43168,-2.3590195,48.637554,-49.963993,-36.49555,-42.710094,1.4694027,7.8674045,-28.027159,4.5095973,7.211172,13.78116,-24.2262,30.415974,36.291065,1.8959801,44.43222,-31.679085,-18.069002,9.915218,55.06218,21.184755,56.217678,-8.371486,-76.530594,-9.670523,-20.800104,10.124314,4.0932107,27.642313,36.558678,65.34625,-12.362026,17.301687,-23.478859,-13.186537,-32.133366,24.34075,24.834888,-25.986282,-8.475146,62.48644,-51.013706,-7.323223,-18.767712,-37.781704,14.863015,9.365804,-15.530012,-31.706295,51.74543,-59.127888,-15.886618,11.7644205,27.024141,-27.500677,3.1216216,-14.18735,-35.549675,7.8259544,22.38565,-41.681816,4.53827,4.9826384,29.559599,-3.34408,-2.9513652,-22.949837,4.8918324,-0.021365698,-32.43205,-1.3228025,11.266976,-9.376471,-7.513874,-3.3331912,19.601435,-13.294407,-36.822643,1.9541928,20.529854,31.519825,7.541441,-18.154606,-9.832103,-41.01805,5.002853,14.383727,3.7874193,50.999336,-37.490532,-12.033241,9.598409,26.142727,2.6865194,4.061228,11.93909,-24.188492,5.0970182,17.092024,-0.800211,-16.725197,35.321968,-28.225166,21.625761,16.011879,2
2010-09-07,Phase_3_fin,-336.5645,-158.55255,-187.42232,94.2507,191.31662,-70.76784,-154.36702,129.59981,-224.04291,4.133376,-31.867228,-108.289055,9.67012,-168.13559,10.322951,-29.105421,-68.15793,-10.478959,-87.160324,-8.04208,110.60276,-61.77697,-58.792103,17.962702,-16.68461,86.25122,9.466714,3.7169387,6.5213623,8.9630785,-13.301452,54.10808,93.43719,-36.68889,84.089935,-34.612682,-31.697845,-55.63045,58.346615,-53.847942,-54.64653,28.578373,-29.463552,3.7166643,47.889477,-19.5174,34.223053,-85.358154,33.39454,86.08836,-82.646484,10.400852,-32.850792,-12.907041,-12.413212,-11.840916,52.51622,-50.081665,6.561594,85.882866,27.441572,-79.89478,9.9123335,12.284963,-56.796917,47.251972,12.959812,-21.829613,34.57045,24.964167,12.213009,27.515324,-8.322634,16.702286,-19.718117,-8.720637,27.522846,-14.568053,14.625143,24.693155,-10.264364,-9.520561,-10.502711,-3.6529205,-17.3831,-0.96219844,16.57172,-2.2785192,-17.774145,-5.6733766,-18.527267,-3.5605237,23.776632,-20.072773,-6.072533,-2.7556982,5.5407615,-9.6630945,11.217246,11.648061,-16.202225,7.3962655,2.2508876,-1.4245417,-16.44152,3.5863023,11.489047,14.197272,-18.620749,11.320757,4.4252257,34.368134,9.046227,-6.0774364,2.093991,-0.27671447,-10.668571,14.964779,-3.4244866,-1.2349321,-1.6403502,-11.791345,-4.1476135,5.435057,-27.684816,-0.5682975,3.9576778,8.83198,-18.545952,-23.124392,7.92067,-9.024262,-0.2583844,5.3793335,7.0123863,-6.2644043,6.1106315,1.344435,29.596428,24.389004,9.252002,-1.4526625,-4.057412,3.3632357,16.151394,-5.093313,-18.2507,26.243343,25.362114,-7.433596,-8.291134,-1.9145806,12.102394,-2.0679278,-0.18302156,18.614378,8.451073,7.0576334,-4.013724,-10.6374445,-23.241497,7.2439475,21.185686,5.2733536,-32.01061,-17.9287,-0.2577151,-1.9763695,2
1985-09-09,Phase_3_fin,-123.38798,180.53665,-89.94752,94.19966,-28.130672,63.89529,70.358345,-184.69785,-74.002945,-106.76501,-4.4943695,-20.088547,113.479614,-78.50742,-93.53693,55.134697,-61.04027,-140.3727,51.468964,93.26053,62.987904,5.6349735,107.29466,-90.46704,53.83875,185.4228,98.26241,47.672295,-2.6059556,-40.083202,51.110073,12.4735775,92.98306,-38.078846,-57.585552,-8.872275,-95.985565,33.392513,-39.0537,-5.433846,17.817614,-43.96346,-87.04977,-31.202614,11.821146,21.759651,-17.065338,-17.603598,14.213232,-64.405525,8.933115,45.69495,-38.80306,-76.93182,54.859005,85.181145,20.745441,6.701829,20.184645,-23.995937,41.13621,55.88892,19.530003,-1.5376759,54.55355,17.447466,9.470732,-26.580864,-33.66595,-12.371786,40.161057,8.044869,-36.932156,5.3666186,36.11315,-45.19112,-40.523266,36.47082,37.333755,55.561302,36.715122,62.51406,-10.743903,43.558807,35.842854,-21.227112,11.108315,-10.837365,13.464079,36.404903,6.271594,-22.917969,20.886877,3.948102,-62.512806,21.874249,24.071918,-6.703133,9.285151,-26.353731,25.492144,-9.989407,-4.1798325,8.3371,23.508436,-63.793583,-47.222824,3.8426678,-30.21709,3.4483786,-40.506004,0.95413464,-20.392776,-4.5753446,35.06744,-15.634189,13.672919,13.100156,35.193474,-3.6512425,8.466776,-14.254092,-11.322798,31.329622,-2.1967611,1.1279094,7.6732984,-9.510711,6.2022543,-30.314653,-0.35905433,20.027966,-8.25488,-27.81492,20.688847,-19.774113,-6.9482875,-30.057766,-10.736075,-29.753838,-0.09373415,2.1745214,-5.686237,-11.945975,-2.2261658,26.944523,-22.351685,-15.782574,-35.4754,-4.3709235,21.368042,14.7521515,12.61551,22.450073,-8.721602,1.4446487,8.56857,-14.132845,-24.035114,-12.392805,-1.5279317,11.710471,13.018303,-12.391207,21.711369,8.6643,17.06552,-17.05579,3
1993-09-26,Phase_3_fin,75.74553,77.18058,-85.87848,-10.463376,59.8831,19.218098,33.21406,149.55069,65.71868,212.74852,-83.60567,-60.39803,83.34659,-35.25682,3.8141422,-47.22673,-19.40435,-38.94615,-160.56396,-26.520655,53.073467,150.53368,1.4212424,79.20732,32.30951,3.6576333,-122.44111,61.06983,70.74935,-61.568752,12.418462,-44.240475,-79.72493,-6.7701726,49.24561,-96.43572,13.184346,57.306293,-66.082664,54.347324,-106.735756,-48.01796,-44.88476,-26.567167,-7.2591715,21.19138,-64.42942,-1.4719459,-48.253735,-24.277876,66.52482,-26.209393,36.78994,-140.51892,-62.08972,57.92704,78.04691,106.28914,-27.40001,-55.025043,75.87749,-8.055328,-75.13544,-29.99518,-169.17638,-44.521126,-6.1293306,-106.438896,44.62461,0.9469203,1.5196192,-6.937553,-85.99789,19.614868,-25.717215,-40.406563,-14.053421,78.18132,-45.902233,1.3825774,31.36511,-51.022194,8.822232,2.712223,-42.500134,0.92051566,73.1067,60.581726,23.411451,17.574554,6.693694,-1.205878,20.357473,63.01948,29.829218,-25.305836,-20.371204,34.127365,-13.34393,-21.556492,-19.116034,3.4876995,9.63184,-27.299984,0.62215674,-5.2930264,-10.6186,3.374771,-17.818996,-42.527824,-21.656359,6.431981,32.461338,4.507603,-43.522144,8.271853,-2.6080997,-7.9467735,-29.161716,-12.027154,-1.4012128,19.60441,36.190002,10.9154625,9.8765335,18.202017,-9.409623,-5.637399,15.035265,2.5557196,-29.3059,-1.6029865,-1.2340654,-27.500195,-21.706053,5.064411,-56.73228,7.3280115,-8.779104,14.970729,27.088394,-9.50284,-12.793965,-46.471123,-17.321907,-3.845227,2.0772245,6.2169704,4.6545587,6.214137,10.732281,-2.1405232,17.698301,11.726012,-37.01384,-11.198298,-10.25381,-20.212585,-5.957805,3.0794861,15.403511,7.8959036,14.435175,18.854752,21.668386,3.5674796,25.855309,10.982607,1
2007-10-11,Phase_3_fin,-220.41864,5.5925117,-100.192,-13.239224,-45.51994,-123.8789,67.010544,-7.2270374,-51.991283,-142.70358,32.509445,-73.24591,-24.996601,-22.235252,76.940315,-11.170484,162.12907,-36.427982,15.1382,-40.3701,101.60038,-103.53479,77.4197,-61.040047,-27.95887,31.991648,-77.862465,-66.86122,-31.818727,35.311485,-8.426718,-91.30695,-24.747206,39.822468,-33.16309,-24.122532,-74.63913,-99.1044,51.441776,-75.47137,-111.02916,-20.424007,91.8818,-98.78835,20.526289,45.577625,-56.283665,107.73353,1.6689081,-45.58045,41.581276,-81.28481,-13.74588,43.0293,-28.360245,-8.163786,-46.375572,-126.07863,75.10239,-94.281654,35.811157,48.123085,20.89583,-32.991608,-13.035948,-27.16866,11.419836,-25.538694,46.428387,-27.57624,-2.8418322,-6.220905,-13.095849,-51.310257,-1.2582537,58.1152,-18.669607,-10.598253,9.631634,-0.5648737,-76.88671,-32.70552,-1.7056044,-3.9082408,-42.636585,-3.4191096,-33.995377,10.630028,10.585359,10.445382,-2.989802,-4.9520516,12.898363,-32.073635,-18.528894,-12.45662,-11.843646,22.675858,-33.95718,-18.33439,39.64423,-9.283458,5.643605,-7.8101544,17.390366,19.252018,47.454845,21.272543,-79.79474,-55.726154,3.9374485,-26.240864,-18.034851,8.368208,-61.212555,24.593834,38.665394,-45.404865,-48.08488,-14.46688,-57.935932,10.756815,-0.79987633,-24.029781,-30.811945,-26.044298,20.45178,35.163532,0.08922409,13.029705,18.127796,52.578175,-2.2667623,36.87666,7.175234,-20.67858,5.3791337,-49.765068,57.03196,-42.15617,17.845715,-12.4668665,-12.493493,-8.856716,23.98466,7.9764924,59.242878,-52.391678,5.414421,3.3286514,55.90466,9.789115,-19.590605,23.516132,25.54944,16.214935,-3.769341,25.223824,4.624394,-26.65102,-42.99507,-20.144108,37.185856,-16.109058,23.304363,-24.706644,33.528084,17.22841,3
1987-09-27,Phase_3_fin,361.32285,-228.1341,112.03441,163.666,122.75327,-72.87033,94.9988,88.85313,-5.242225,44.234062,39.765427,190.7496,70.79446,-40.459194,-116.28542,-11.757579,70.03893,-107.90459,-52.970703,-18.345106,-23.36165,-39.266315,30.740284,-53.70507,-38.498444,23.1335,106.77808,-64.666565,40.171047,9.350725,26.061632,-75.83505,-106.62675,-66.33636,116.00434,-83.65556,-39.604626,54.148678,30.852505,-15.3458,-11.389949,81.53107,17.866781,45.550552,7.416216,17.481964,15.240526,59.749302,-16.73294,29.547398,58.960594,25.301271,28.036259,-68.74806,9.99393,-40.112812,-42.852123,-14.248188,7.7192473,24.465504,-35.278683,-30.740107,52.954308,-10.366775,11.27965,-46.02975,-9.353486,20.837193,31.512941,-40.26301,65.364105,12.509662,8.373894,-6.430726,-3.0050673,-2.026324,36.294746,20.443308,7.6134124,35.652493,-27.102942,33.44055,-9.842405,-80.40892,-53.584225,3.460742,-31.404184,-0.7627357,-12.078102,-31.355797,51.699173,22.083233,-33.211098,37.365185,26.224503,45.122547,-20.12527,-11.984795,-4.4419184,12.697762,-23.815557,10.848645,-12.127487,95.72885,34.46242,-35.378887,18.67437,-1.8620294,-45.747112,-8.471845,-29.95515,37.567684,-8.645985,15.118113,17.216366,25.77848,22.1804,-23.838715,-2.129528,-16.654154,-5.2923083,8.038811,-31.689838,20.300306,2.261187,26.769468,6.11201,-26.254204,44.037376,3.324988,15.29185,39.15975,38.592087,14.113229,-26.305843,-5.795237,10.166332,42.13333,23.70346,8.866954,-10.135247,12.509253,5.995432,-1.5814842,-19.550188,-23.624935,-11.555716,-22.041924,-7.933317,-23.634123,-18.580204,-5.1546907,28.056559,-28.659832,5.6895714,-32.988693,10.286224,31.084427,-12.664343,-29.38836,-3.3818648,-0.036293272,-0.71133894,-10.798942,1.0054483,26.331934,3.4806685,0.7524179,0
1986-09-04,Phase_3_fin,114.09401,65.50361,-124.72191,0.030750996,120.92054,179.61089,-185.46596,93.899124,-63.341423,83.84837,-38.400963,9.704165,97.687355,105.915474,-81.24596,8.50172,-22.593515,93.293655,5.948489,52.67899,22.805658,-46.276176,1.6673424,-5.756014,12.208984,-31.131855,-6.533341,-98.16497,1.219755,-61.92232,28.116785,47.640343,-20.805742,72.17527,44.297344,10.909113,0.86141115,-34.94965,-51.389362,-36.414364,14.475114,54.001595,-83.85445,20.191277,-6.327144,-35.231144,27.452152,-8.078174,-84.020935,26.193346,-81.14109,-7.6237054,-14.147118,-10.260524,24.570498,-40.51529,-31.872065,15.921191,-18.667126,-10.065622,46.187355,-20.465132,-4.174157,22.65388,-23.814323,-60.805046,35.40259,61.468708,-74.40837,17.9375,-14.21994,-69.219765,16.182356,-44.754765,-3.9738812,64.29584,-17.075325,-3.143578,-24.593245,39.22683,0.8778185,57.92626,-45.475784,18.359236,4.235917,-0.061930332,-17.929049,-31.465248,107.23251,0.3413602,-19.31299,-20.525017,-7.879712,22.037304,31.097397,-24.032684,-13.592948,59.670483,-35.495342,-7.8225265,-6.6995544,-9.155079,10.008541,-13.121239,-50.667934,-23.756926,33.358765,58.033188,18.614435,18.550491,-23.943863,-9.565643,-45.13326,9.388397,24.153095,-33.83991,29.731632,-61.773838,-56.450447,-15.923065,-104.67148,-42.27834,-16.802984,22.824915,20.995237,-29.855042,14.573648,-34.741474,-61.678413,71.531395,-41.54836,-88.46517,71.63242,-4.9820204,-91.44062,17.5126,37.52987,30.64198,-28.976671,-49.623768,-44.392975,-22.330795,1.0389205,26.692759,-44.1825,-30.608404,18.937155,55.990982,-19.463238,44.450592,64.21957,-59.406887,25.09304,18.2857,27.869173,63.26676,-16.475653,-23.763374,-10.73205,-28.532326,-6.060868,3.5580404,18.929878,37.56416,-4.932294,-3.9757018,36.362858,30.290155,1
1994-10-30,Phase_3_fin,186.1353,27.5401,-55.18946,-71.47084,-159.67693,-74.74795,-184.06187,44.527626,48.616016,50.468884,12.951917,-53.530373,10.606973,131.59622,138.20691,-16.366808,19.983582,29.929783,3.1266246,-159.40417,77.66546,-58.67442,47.169853,13.84891,36.561592,23.792217,29.580473,-24.89185,79.483826,43.569202,0.3059675,-50.02583,27.525164,-65.44486,44.015965,45.272934,-89.51424,35.704082,7.504201,2.8331513,-6.3035827,105.18956,-28.28916,67.33829,34.181767,-2.0145192,-23.656773,-137.13138,5.627906,-111.92378,56.731102,35.68066,-45.0538,52.81233,86.8185,57.008335,-84.91635,-48.82972,-120.57653,-15.184316,-71.70096,19.475851,-1.1037735,-53.65634,-38.86076,60.45964,23.254719,36.931713,-17.610828,-68.07972,-29.083517,57.999622,-28.976467,-56.122543,9.382023,35.513718,-28.376814,40.93954,-19.452618,-57.346462,21.578814,-62.431423,-23.224756,-27.955088,-22.941654,17.56946,-48.666164,4.803928,13.886753,7.3514066,-67.117516,0.62350243,-7.105056,-34.0545,-0.6316454,12.15195,13.741999,-27.90489,-40.459076,38.12991,7.594256,10.877394,-35.587585,-71.14766,-30.730436,-29.641169,-26.219255,-11.616142,-22.984478,-16.243153,20.27486,-7.5283046,-15.992159,-2.9425645,-79.40584,18.312693,36.981426,-43.784058,13.9537525,-75.803696,47.600105,-52.96622,29.955618,22.852837,18.637518,45.86472,-62.373558,4.9717336,-17.218964,-0.854643,-27.600203,-6.7204685,-35.358345,20.030361,-72.93932,29.337852,-77.65127,23.633556,-24.869848,8.858491,-23.029623,17.395718,-56.058556,39.754246,-9.683937,38.67718,-33.898598,-11.524543,-48.74073,-13.072982,22.411903,13.266424,27.30814,-15.477221,26.413198,-2.421667,15.154933,24.59111,12.878679,28.167753,-12.917023,15.959524,6.343764,-30.896387,-13.804722,-2.5497286,14.0614605,-2.0528789,1
1993-10-28,Phase_3_fin,193.49933,69.18655,-102.83783,6.92136,-46.97449,-11.931299,156.9542,123.46398,72.20382,298.9106,-143.64839,-101.492355,79.90469,-61.588596,66.9947,-132.92679,-46.776325,40.84611,-74.63295,108.945526,167.5879,290.30637,-58.478844,-45.275543,-74.52042,64.151695,-73.66998,-0.4990575,60.180733,-61.29983,7.6461406,-14.9945965,-36.7779,-11.597284,-111.9463,-39.27621,-14.809666,-87.77494,-8.148947,62.03095,-20.03333,-14.627164,69.22167,135.52284,46.120373,19.146032,-94.15549,-65.272415,23.03051,40.38789,-4.605031,17.735756,-17.29441,37.266514,42.109497,4.6829605,-22.38348,-53.540447,11.529907,14.755162,-20.490524,55.843735,18.978146,-3.5722404,70.4803,25.953356,-27.27379,34.771687,3.129592,-27.143454,-24.448387,-11.296177,29.172071,3.9600184,-10.866035,-3.803283,24.198978,-24.229166,40.696888,6.2705274,-21.736752,4.7048335,-18.569304,8.305256,-5.090452,-13.42822,1.2139804,-18.652346,33.708546,-34.383682,-3.7048297,11.035786,5.2015505,-22.470564,-6.9189024,23.365332,8.993694,-0.28468883,-8.970317,16.636694,11.146732,1.8951092,9.0216465,-8.517177,11.426561,17.496323,2.2423563,9.682352,7.133357,-0.21571447,-9.418583,26.084356,11.784218,14.697493,-2.6731327,14.200397,2.8968434,-3.9058032,-16.736694,1.4691797,-7.0310354,10.888964,9.988674,-5.621564,0.62868726,-0.480863,18.16999,-1.382526,4.2775493,1.5044154,-5.191396,15.636805,-8.587161,7.051907,-9.74099,5.634049,31.284151,-10.59694,-5.321055,6.014072,16.343882,6.8458867,10.9442625,-14.057871,1.094468,-9.314523,0.6467086,-2.9527385,-16.888311,-6.5377107,9.524008,6.069715,-15.83593,3.7482617,4.442172,16.431087,-4.3502245,2.3517923,-3.3771036,7.0871186,-1.2764232,-11.342674,8.105798,2.9022589,6.5744386,-9.653785,-6.250222,-15.665343,1
2012-10-21,Phase_3_fin,113.69461,-178.37,-269.07358,-21.888432,-178.54861,-146.67819,56.29225,-58.348465,161.62051,-127.59962,5.29461,22.99842,47.894306,-69.770836,-11.902697,-55.57486,26.511875,31.395708,45.197563,-35.773533,-87.87658,-24.142654,46.398567,-29.504421,-19.3791,-47.289272,-16.71134,55.135147,58.84762,15.801262,-3.192623,-53.245354,67.63757,-6.872866,27.252567,101.336945,9.405198,-53.2135,9.203222,40.260567,78.57129,2.8081136,67.29301,109.13523,9.356646,54.883106,44.558777,8.971201,-20.55223,13.292637,30.129503,18.156693,-67.59326,4.8371778,-12.457217,55.92831,43.225365,-170.81882,3.0763545,87.007706,112.402214,58.940845,-43.873276,37.962387,-47.808983,-81.07021,20.31251,34.826843,-122.78585,-28.862026,49.30558,82.49935,-26.888857,60.886227,-69.67448,-41.068897,-2.0830631,69.67061,-13.6681185,-17.372976,-21.364107,-1.6864057,-34.79102,-22.5426,23.019663,73.43806,43.526573,-42.7107,-18.405283,56.901085,30.46409,-45.059143,11.583358,35.908012,16.68455,-2.1898117,12.262647,30.148684,-34.297626,-25.596693,6.72037,10.949091,1.7405531,14.000172,8.201096,-15.691064,1.1828507,9.070891,-1.6577363,-6.448696,-1.8097222,5.61413,-9.620027,22.355642,33.250813,12.750243,7.934907,-26.132141,-39.126995,46.01636,2.0339224,37.473717,5.109436,1.0581548,-20.546183,-5.2967362,-7.146304,36.003407,-0.2123495,-27.375946,-35.226463,-32.687237,27.335386,-23.608274,-12.025995,40.39491,6.269494,7.7959175,-1.7115387,34.95496,-13.303655,-25.581453,-13.063585,6.813588,-31.99362,37.39163,26.710016,-10.802234,13.305576,-1.0692109,-5.0765705,-9.406721,4.4123306,-13.544652,-2.4802773,9.903205,-2.2354887,-14.886034,-1.3642429,16.136145,-6.871404,5.5251107,0.9720012,-0.18200268,9.894421,7.795127,-5.881195,-7.72022,1
2013-10-07,Phase_3_fin,-114.57979,-35.225132,-26.849094,-40.949562,-55.673717,-20.788795,5.6425433,-110.82709,-6.0272756,-82.266975,-68.44252,133.02237,-140.86154,15.229814,38.69029,-209.34541,15.423782,-86.67756,-7.2778344,-10.574068,31.395905,-42.646698,19.78716,66.15056,19.147165,12.11808,-8.221757,-127.995895,51.79731,39.111416,-39.83505,11.91163,28.981138,131.62787,67.996216,-15.675777,-22.24904,-65.290504,-47.019276,-8.898861,21.02053,-16.273657,-3.1073694,21.875101,-15.58852,44.044746,-70.847046,-39.02926,-69.95334,2.1125662,19.12036,22.281157,-4.033022,3.6848269,-13.40926,37.968464,-21.89702,55.688755,-16.736952,26.901606,6.0491004,-20.89612,38.727577,9.962116,35.672928,26.2838,30.667526,-32.641617,22.800177,-39.13447,-86.21643,-9.200166,-68.89482,40.82734,14.984507,-15.498622,-85.10195,-19.238811,-29.11036,26.065998,41.693394,65.20199,-57.226818,9.179017,2.8231757,-61.39745,34.098576,39.393127,20.515005,49.243904,0.0665509,-29.194628,9.601373,-40.544823,15.289223,16.416178,-14.642577,-32.67936,-16.940212,43.589878,-9.51175,20.52861,-22.20693,28.189247,11.489765,-34.35934,-14.131417,8.817241,19.494635,19.002169,18.189545,20.017363,9.402082,66.45582,26.060797,10.725952,-28.433176,10.383937,-45.81634,-10.909963,-27.784124,70.23291,13.098042,17.552416,16.896334,-18.695038,-18.559828,-14.818397,-6.6603236,-23.160086,-30.722733,6.3751273,-31.511164,40.53314,-30.788368,11.691833,-43.341476,-7.6275253,-6.807458,30.576092,1.4084587,-29.277464,35.10292,-28.24054,18.14641,5.2590313,-26.469145,-30.817986,14.368814,32.812374,38.02735,37.89277,-13.808699,2.6839762,30.777266,-14.112187,-3.7850974,-57.972164,13.1243,-31.636723,5.684107,8.896713,-39.526196,22.585962,-34.936016,63.35898,-26.606438,16.086924,3
2011-09-02,Phase_3_fin,-217.38828,-107.77055,-161.7467,60.010445,-53.196037,111.28492,-53.651783,-17.764181,-28.156244,-31.352205,-28.796059,23.695047,24.02919,40.593563,13.283048,56.08454,1.0094221,-49.693356,-87.77869,-17.645857,-19.920664,-39.95869,35.747646,96.82113,-25.961031,10.980403,-48.958893,56.62053,40.166653,-91.977516,68.96513,78.13953,-2.1895738,29.450205,78.55424,-51.340034,43.18194,-32.387882,-55.07281,-21.39292,63.365406,-90.27574,-44.040638,74.40217,51.530968,-109.49809,-114.15602,47.526623,-4.652886,-69.20667,-3.8476632,51.29949,-10.026509,-61.083992,-51.076565,33.770584,-19.78197,-35.535553,26.977324,0.94325763,-55.307205,-24.672546,-46.797417,-44.71451,53.725487,-33.19672,-42.81515,-69.21734,38.910645,12.5924425,19.730688,-18.551416,2.2990172,52.00696,-29.54328,-2.024467,32.244595,17.55029,15.584761,-31.166567,-51.223217,6.285896,-12.958345,41.65806,60.98958,-15.259758,-28.257359,8.509935,-19.702253,-8.2699585,-24.94451,-61.052814,-24.224566,44.372295,36.3495,19.602037,30.681019,-10.472674,55.3341,28.092934,23.215862,70.04788,27.14154,50.26324,-75.64257,-24.127728,11.987501,-36.164913,15.025636,8.068056,-16.041351,-45.75276,-9.805965,-17.769947,-0.5849166,60.8621,-3.1818764,-15.734746,13.520488,-45.866848,32.2033,11.752378,-29.567823,-6.933789,-39.873444,-18.94532,23.128544,-30.176092,-32.345367,-38.622166,24.688597,13.194307,56.34008,19.483244,24.932394,-16.877947,-24.9961,-45.81645,-24.251713,2.1413527,72.46594,-63.057903,-14.364246,75.76689,-13.75107,56.687412,8.31383,-22.234304,-52.84635,-21.704609,-33.919037,-100.35901,72.70943,18.726269,-4.6850243,-78.24487,-7.5320625,16.898014,6.0556602,37.076683,18.341093,-71.69298,66.414856,61.503513,-60.89033,28.026863,-39.00674,40.154057,2
2018-09-29,Phase_3_fin,189.08621,160.7593,-128.32928,-136.01541,85.46603,30.663979,121.45237,-17.911112,-59.354424,58.682926,-209.36288,18.234615,134.32124,-96.24447,93.69227,187.18631,14.210841,-13.342547,132.28027,44.395416,-131.5572,-94.70562,3.0873096,-12.442149,-127.74666,-12.355087,10.665393,57.83379,23.753414,48.541256,-7.2247806,15.443403,-32.956448,-18.85517,26.792147,-42.191536,-33.296543,19.126255,-33.183094,-12.034588,-3.5476453,33.64009,33.436485,25.30468,10.679349,6.2263103,-45.33536,-23.175392,-1.8216422,65.789604,19.584015,-80.684135,-30.979355,22.560816,3.4803386,-4.058216,29.652615,-9.385034,35.295906,-11.283995,-5.877192,-53.3191,37.377724,31.523945,5.135969,39.563545,-12.873076,-2.8321896,32.882603,-49.08706,-7.9220605,-10.226268,-49.728664,25.549873,-24.93909,16.795929,-31.277786,16.747776,-9.148127,-3.3590512,-37.34992,-0.71589565,4.072055,10.789667,-11.542399,19.298183,-20.66926,-46.215355,18.293669,20.807737,-1.6664735,-8.687829,4.239017,16.566074,-39.91492,1.6795995,-8.284959,37.22731,1.2721127,16.905758,36.50999,-67.83078,-28.826395,1.3307658,18.336004,-6.778545,-47.638874,-7.431665,2.1722953,15.154021,-44.404316,-85.80218,34.37312,56.958126,53.553596,5.9962645,-49.24131,27.235209,-49.522118,-35.052536,3.6909227,-12.5793495,-31.074694,-1.789996,31.961771,23.123838,-26.863974,-40.811176,22.334898,10.865206,30.585379,23.883904,-48.601532,-39.41729,-27.307877,-26.053099,-1.1107091,-1.222213,8.876163,10.886161,-23.381691,7.2260876,12.432206,5.5779767,2.087018,-15.6841955,21.06377,6.931036,10.852933,-7.946044,1.3368973,-29.470432,2.204979,-8.604444,20.305922,17.395903,-0.92288744,0.009819869,13.298684,-0.85956204,-16.233944,-23.29976,1.7176845,-30.860409,-17.426395,10.993292,-1.0588077,9.808204,1
1986-09-28,Phase_3_fin,199.73157,136.46735,-156.6346,-55.17943,156.58173,207.44237,-123.489876,145.67119,-66.10317,26.894205,-30.779945,33.959,107.98211,59.49942,-167.00807,-8.432057,61.476727,142.6934,107.475365,3.251174,-16.672132,-61.808266,62.55142,6.9753675,30.820639,24.244207,-101.34342,-74.52185,-29.563437,10.425135,-1.8657397,-39.154484,-12.260057,65.03195,-12.007737,18.00474,27.940033,57.12134,20.07756,31.533428,44.888477,-20.923763,41.944378,15.885517,13.841489,41.774815,-16.070316,33.46866,47.767662,-27.10478,-3.9993277,26.682056,-1.8850684,-24.432007,-11.0272,26.363525,8.440286,-5.94188,35.379616,15.6268215,-16.559198,36.686684,-9.34236,4.1582413,5.908202,45.376503,13.346234,-33.630188,25.440035,-22.666367,16.976286,36.444492,12.336933,52.851658,10.516301,-17.579016,-3.9609914,9.016424,13.400154,-50.728683,2.9663823,-34.91806,-7.222272,2.5232282,-14.452419,30.45944,-19.271515,26.745075,8.397403,0.37482515,-9.453436,15.07635,26.939442,-22.135204,-38.78,60.83803,35.235794,-28.081347,11.591114,-21.500223,12.665604,-2.493887,16.97522,52.34659,-38.598404,-28.331964,-24.445778,4.4058084,7.435487,28.44506,27.672518,18.14846,29.188946,7.4354305,-19.532143,-9.189148,31.678923,-6.287789,29.201302,-8.994212,2.6962953,-0.38109982,-72.11334,19.215546,-23.333544,-13.586261,35.212322,15.594337,-10.88197,-4.8866096,-42.807564,52.1023,-10.11158,10.841061,20.31444,-25.734055,-7.538802,96.86201,-70.87271,15.060679,36.743443,27.012436,8.44731,-30.153805,8.772243,31.380102,63.72256,44.542572,38.77614,24.764093,-41.017693,70.20067,-46.678066,14.540172,58.22062,5.1225767,51.044495,-9.930733,-10.348634,-12.943807,-31.24184,1.8350677,-31.073154,32.962074,-6.1026034,-40.635128,-37.708935,6.0530477,1
1994-09-30,Phase_3_fin,245.15114,69.23721,-131.8063,4.646301,-230.81343,-4.8439593,-263.24933,-1.7602111,126.28115,47.950584,-105.695946,16.533932,36.97496,92.193924,121.488914,3.1624756,-40.23297,-45.97582,-30.878437,56.03824,60.29448,-32.36934,55.758522,61.984604,-56.449623,-5.3472447,133.74956,-4.046685,-111.11025,25.093718,-66.76393,-13.031288,-12.392149,-71.142494,-80.07095,-36.466404,-31.03824,-34.340424,55.31766,-15.419062,69.202324,8.629842,32.484783,-20.061022,13.7692175,-10.11346,6.132294,12.340887,-8.57402,11.607486,-38.836525,41.022423,43.84188,43.338474,-32.787666,-2.5736568,58.946842,-53.72469,45.77862,26.094296,64.553024,-28.842718,49.3957,49.761997,23.253628,-17.132122,2.787605,26.928385,3.4814293,19.42936,-5.9263377,-37.917305,76.81901,68.76407,37.58233,-35.22017,-13.435837,16.19505,15.974343,-9.673926,38.357914,-33.301163,6.1514697,-32.640602,-29.123133,-12.54846,1.8340969,32.148975,0.0661031,22.385256,-11.136155,54.43242,18.790316,-22.780008,-0.47767156,9.109787,-43.42226,23.067123,8.727584,-16.879093,11.75775,-5.516315,15.768472,-24.605244,-3.4831617,-43.82333,-21.774376,0.24779433,47.14636,0.24250731,11.217573,-29.233587,-10.368191,-21.103458,-70.41012,14.400231,-15.648624,-49.29964,14.576954,-14.529647,-2.9469442,-13.46411,40.56976,-15.369991,6.225147,14.731488,-9.580839,-3.2453737,10.024331,-7.7181077,-19.677778,46.600685,34.281303,4.053261,35.840538,23.832436,-23.713259,32.56922,-23.392859,-31.292225,-58.76916,-61.353012,-10.488231,-27.59535,-53.091164,-26.313864,-9.598113,24.592579,-12.536485,19.594412,1.2747695,23.999035,17.23799,15.857691,-21.210394,-5.366281,-18.611975,26.91718,-11.702951,-24.155083,-18.357353,-71.55371,8.262715,-19.377075,-10.463764,-6.0710716,19.40465,-7.5739675,1
1991-10-07,Phase_3_fin,211.09799,75.6686,-152.26561,-32.44397,-15.130952,-88.06609,-12.138808,53.724846,8.113531,3.2314138,1.5770504,-61.16024,-26.74187,21.67347,-96.261475,68.565155,83.68343,-42.052917,-228.95695,-49.560577,-45.006573,100.86491,-55.515495,-41.956528,-182.45622,-102.06279,13.496519,-27.007448,-32.01173,89.94059,-9.793685,108.63718,-50.8647,-0.76932377,-67.651596,205.39409,21.772573,52.41327,-61.14116,-153.89095,47.187267,20.618027,-93.381714,-53.821304,76.83902,20.05272,42.89625,0.5324528,20.288221,-30.284863,25.13734,6.691565,-107.80935,11.652851,12.116654,-37.57629,-30.006437,41.00182,38.056396,71.408554,28.076792,10.331375,16.670845,-0.14867158,-39.34527,-23.464392,8.343786,-46.420982,-10.003184,12.460644,35.11534,10.601635,14.076056,9.052951,-21.797598,18.830858,-5.219731,-32.406708,11.615694,-17.485537,-9.5331135,15.25448,7.927272,5.978197,1.7225264,7.5725474,0.9685572,-39.26846,38.99492,13.164896,-13.259172,6.8282127,-27.05913,-8.908849,5.1870003,8.951695,15.974873,-1.6365988,-0.2202287,-19.094715,-5.490418,6.008685,6.37225,15.536736,11.864377,-20.125847,-5.3747754,1.0505761,11.705212,-11.1784935,-15.208083,-18.804705,-5.099834,20.181293,-15.242926,-6.854505,-26.304596,-14.44947,-14.478112,-1.1241696,22.073166,-10.130401,-13.0107,9.566302,1.8512974,-8.4618435,3.8271625,1.7019775,-2.0577703,1.0530547,15.257218,20.10603,-7.9039993,12.2682,-5.6155996,-4.2880473,-17.208532,-24.408463,1.174955,28.62279,17.006594,-2.4137313,1.0967453,1.9990064,-0.16937336,-18.943605,-8.241453,-0.5914992,-2.8862326,11.10134,12.350399,-1.1741126,-20.13857,9.975522,7.710905,-15.822987,-33.4839,-24.966818,-9.257926,8.467791,23.703814,-14.710041,-19.991558,-7.8984623,-4.3384647,-2.0306282,4.9016304,12.319601,1
1996-09-30,Phase_3_fin,-133.74959,100.10559,24.595161,-21.65689,76.8043,156.2755,-97.53441,-206.15077,191.08801,-152.30359,-150.30922,-134.4459,-102.43511,9.247462,-59.701218,-65.427124,-57.762074,17.267735,-39.223793,8.973555,-88.68015,51.56656,61.87514,-11.6149845,-10.1718855,75.6543,-18.562489,3.3064988,80.80852,15.328062,-176.66397,143.55574,-112.73467,-27.54926,104.15209,-75.64979,-64.69954,-41.4362,64.93335,11.613385,69.49564,-38.02236,17.41846,5.2545424,45.698284,35.86313,-35.835125,14.581675,-57.001457,-62.478367,-71.65781,38.279186,11.399301,15.096331,55.958496,-59.896282,-2.830367,8.727733,-42.89012,-28.770771,-21.521109,7.5430484,39.80985,-6.9772987,-64.61277,8.951578,-11.144646,-21.147203,-3.2619681,-4.727688,-77.45721,-67.447945,-29.0443,-19.264967,-56.284187,-16.493322,-24.814333,-19.933731,-36.45611,-19.95681,-71.218796,6.2217274,66.3796,7.2349763,-44.406303,29.786331,-36.285545,-56.19608,-49.164536,11.670496,30.862995,19.453777,-0.34302106,-36.698124,11.770396,-29.13386,46.769882,10.099852,18.124395,-24.695547,-8.08761,-34.37688,19.165829,14.236794,-1.1154133,15.839668,13.291786,12.052424,-9.844244,15.811292,-37.371155,45.007305,-4.826226,-30.57416,-15.406362,-31.343855,26.486156,0.69041914,12.761252,9.096413,26.124681,11.263082,-23.23193,11.55307,-2.8574436,-8.382614,14.340336,7.302992,5.559018,-3.7726798,0.06772083,2.8871858,8.002837,-7.377624,7.395768,18.421547,-24.41256,17.014057,6.431175,10.8544,7.6476808,-10.375365,9.635181,-21.745201,-21.421757,-8.788283,16.883982,18.979069,6.474734,9.401474,2.975473,3.1804504,3.5669568,-9.42096,-9.561245,5.557723,11.254206,3.958985,18.82627,1.0203457,-15.9687805,28.551735,24.885221,0.90511286,-14.388082,3.1854217,16.708036,11.438628,3
1988-09-17,Phase_3_fin,-226.17738,-14.052433,81.79458,203.11557,-62.25993,-203.31648,-38.168667,136.50621,16.936691,-6.078203,-10.809885,101.75435,-25.03755,42.72778,-38.553093,7.79789,67.13354,2.2687778,-35.719883,101.19781,-107.95138,-20.779291,136.12068,119.899796,61.795624,-126.80671,-118.79456,22.44074,90.97606,-34.116276,-4.2833366,117.575195,191.5695,-60.627083,-63.188316,-70.19816,-40.111134,17.758148,-96.46483,-30.976274,-16.909319,-54.949444,58.100533,-55.696857,-4.795361,-38.807648,-56.49306,45.652237,-11.59075,72.87662,-7.2086,32.56603,9.4489355,21.42788,27.047697,4.746347,-2.922677,56.909008,25.313225,57.09452,-23.044685,22.546368,-9.510375,63.159443,2.2040563,14.654604,74.85275,76.18215,-2.042882,-35.549755,-7.1804457,60.596615,23.971634,-8.390384,-54.400085,-0.04798657,21.915178,-22.0324,-46.63287,-59.780834,-47.71374,-40.852474,35.439106,-43.817776,-4.6291237,34.82244,21.357773,29.85025,54.92646,12.140251,-69.94847,-11.020561,3.4041827,-22.654865,1.8326588,4.245827,-10.1155405,42.014305,13.723618,-29.57717,17.407438,-11.057798,2.9246228,10.448322,-61.628456,-68.20861,24.381489,3.4912016,7.6509285,42.77651,-44.559196,18.576307,-28.006777,-43.331177,-12.902236,-42.363476,18.755005,47.606113,-8.480217,-37.231983,-1.0741582,60.264915,72.66911,10.286033,-30.7167,63.863834,17.342484,54.75308,49.159916,31.981928,-24.091036,14.687424,-76.66764,4.7457185,10.016092,-63.721386,77.842766,2.239441,1.9759327,4.060885,5.943247,11.990507,-34.776573,3.0303307,-8.695116,-42.38613,-0.7976263,3.545704,-4.3132024,31.026144,0.104302555,-12.574032,1.5791646,41.798195,-3.0656118,-35.737843,8.884415,2.5781162,25.159761,-11.179882,28.157877,15.458457,-4.6718163,-15.169719,11.4074135,17.760317,-20.561638,29.384377,2
2012-09-22,Phase_3_fin,40.4589,-336.2677,-286.49445,-49.161736,-111.73984,-30.14888,74.15742,11.492206,239.55222,-36.862797,85.82865,53.030777,65.54515,-173.05418,-98.58294,-85.86202,-76.96564,82.15735,56.29207,10.371752,48.08585,-39.45716,5.2119503,-59.893215,22.515282,-77.110954,-38.21283,28.77302,-20.301647,-8.22416,16.536528,39.064224,13.621688,8.371737,-7.708426,-9.304877,-20.81162,78.72642,-25.380116,0.7490782,-23.533289,24.608582,-34.62008,-30.952433,-29.050268,-6.575626,-7.4046144,-19.613028,19.09037,-29.473955,-9.327439,-37.882805,-18.394735,-11.960004,-3.0219707,-15.595074,6.3016186,43.781586,-41.410275,-26.589575,-9.892394,-24.89081,-11.891231,40.04267,21.427294,21.898993,-29.515108,5.6958323,49.552216,22.959335,-24.99935,-1.6957057,-12.183802,-9.515778,31.34136,27.543436,30.066645,-30.533138,12.915732,33.455944,10.920885,6.508981,-3.0020745,17.982012,-19.481825,13.024611,-3.639345,2.321077,-1.4628638,10.289856,8.340037,0.7702049,-4.65369,-7.849921,-13.067238,25.34221,-0.83543795,-1.2036608,-2.5809655,-1.9530015,-33.723007,11.628137,23.328318,-7.561657,25.01055,-25.68266,1.7577866,-6.7599015,11.752819,-6.755509,9.295928,0.40893403,-36.13868,-4.7971845,-0.27463236,-41.166462,11.945191,-8.075333,-14.056732,10.856667,-13.544954,-15.3317585,-5.8429046,12.548663,-7.951019,-5.2296433,8.093422,-1.7046937,21.512255,-49.951023,-17.407047,11.131607,-18.21727,4.0569725,7.4557123,-0.036171164,-10.818652,8.405009,6.164497,-2.7280607,-8.14064,-19.290129,-11.613421,11.822912,3.412499,0.5269562,31.730991,-7.4384737,6.25478,20.01028,15.544501,-1.6016074,9.2137375,26.01085,3.3749058,6.030497,5.82542,-4.643045,0.57687634,14.15318,2.5571895,-23.753267,2.4940777,-13.738812,4.837805,0.509448,-10.492924,-4.404277,1
1986-09-25,Phase_3_fin,160.89926,118.5823,-206.07062,-50.595238,192.69435,170.63557,-141.14645,155.86816,-93.073845,-11.900374,-4.927539,29.042631,85.36755,88.07335,-156.5349,21.393143,86.54992,177.8647,110.183685,-5.7301273,-15.845221,-76.094536,56.213722,-38.854656,-17.337044,8.148003,-106.58854,-88.34596,-101.26416,24.60116,-26.564287,-23.93182,6.2878847,99.1655,-12.8022,20.094522,33.512447,-1.2327695,38.702698,45.536934,4.772508,-23.215899,39.798687,13.477648,6.542056,23.71258,1.7434477,29.753006,-5.7610526,-15.79602,-21.812578,16.961357,24.969463,1.1012213,-3.7229552,59.192806,21.520779,-7.4371943,-3.5281382,43.78246,-4.2402596,66.36057,-29.340658,31.773087,20.551744,54.197918,17.80466,-85.47167,31.129566,-4.0258865,8.043774,56.381184,-23.416327,65.18854,-5.0544252,58.044834,21.30854,-51.39384,-2.4964793,-76.66095,93.902695,-47.300426,42.133404,-16.249893,-33.695274,-40.863895,39.595592,-32.198116,-35.93815,-21.413973,57.83494,-8.765248,-15.601448,3.5558102,1.9055941,34.199993,59.43276,-32.31033,-32.318695,26.280529,10.15779,-27.46138,0.13021797,19.603306,37.279587,-16.526482,-9.224635,-16.522045,-2.460153,10.051623,-29.528465,4.8672185,-11.171141,0.41415063,-18.060484,-10.929256,7.124386,-1.5317637,-27.413767,-1.2716182,0.8035514,22.070736,23.819576,-21.239916,9.492425,-18.467129,-21.307585,-5.4804974,-12.80157,-11.790338,22.536776,-15.69198,12.5956335,4.2571206,-2.8309758,-3.6099753,8.5886755,-15.808537,10.951199,-5.157788,6.6402736,1.4940706,-13.618723,-5.6648445,4.826432,-5.6429205,-9.580566,10.680929,-18.83183,-0.8166231,1.1073283,-20.272953,-16.691868,-10.265961,23.138968,-14.711298,-12.378353,6.673448,0.5932088,-7.506474,-4.44337,0.3742677,-25.32634,23.791695,-4.4718227,-14.809009,11.812649,0.66574186,1
1985-09-19,Phase_3_fin,-135.1381,109.70677,-116.42949,98.941986,2.2650034,32.024696,81.1133,-167.77762,-122.139175,-98.49907,29.372541,-47.00531,57.68216,-78.64529,-73.05685,69.98145,-29.924265,-157.32976,35.552765,74.84384,62.360184,22.712627,60.261913,-131.23666,84.589874,179.67183,68.895096,6.2555013,-46.14289,-60.304276,21.772816,-9.357753,123.35488,12.706444,-83.14181,-10.308355,-81.16669,36.30695,-45.322166,6.993907,56.45394,-5.855231,-78.553764,-24.081963,-16.689432,62.516003,51.368176,14.167502,51.780327,7.123817,27.638016,-3.2327712,-24.263403,22.47183,26.51749,1.6951779,11.907452,33.356346,13.736839,-40.038975,-23.004175,-10.431565,-25.418846,-43.930397,2.2854762,-53.558186,-67.62358,16.442095,-9.5867405,-36.835274,-57.414433,-9.385134,-27.033438,19.668276,-37.718117,66.21947,62.78638,-27.726803,-12.129631,-57.644176,-61.40923,-56.427475,-27.131582,-66.15094,-2.5960095,19.991783,14.314971,-1.8631594,-19.485502,11.491333,-6.830081,18.078075,-13.825212,-0.2809551,68.6743,-1.2287388,-12.867154,30.863054,-6.0089555,1.1199992,-25.867462,2.1540773,-0.6562403,36.04486,-34.118275,39.960236,33.38686,7.1813354,61.02959,-1.7023429,46.232143,-31.942068,11.189879,-0.7002371,-2.8368542,5.7510033,-10.867742,11.39417,-32.085587,13.284594,-1.1071204,46.20637,-3.8332672,-32.1395,16.121704,0.9459668,4.2493143,-19.925303,-14.652795,3.0538967,-5.5586934,-14.623004,14.409392,23.091175,11.241472,5.683255,-0.3690379,23.698107,-20.121695,9.321065,-20.67241,2.6990564,-26.516321,-1.8686223,14.733755,-31.467644,-11.401115,0.3601008,-26.115559,1.8274388,-12.141526,-23.391373,-30.552504,7.721507,7.8367367,0.7943998,-9.95421,13.981995,-0.4773552,9.73756,10.64426,-31.696642,1.6537298,-6.189562,11.690206,-5.5336847,15.263622,-20.677563,3
2010-09-01,Phase_3_fin,-355.09033,-129.0977,-167.4268,63.269135,180.23804,-71.88851,-131.39641,94.870865,-180.586,6.705404,-4.8360815,-78.33735,4.070271,-181.75307,-1.1076672,-34.390285,-51.96424,-7.1215124,-56.339905,-48.19889,130.26808,-40.779243,-71.755226,13.404017,-12.272772,71.162674,31.110718,17.140541,35.121563,6.3530746,4.3235035,66.77398,87.5156,-26.288609,63.875435,8.740666,-28.003857,-3.7324302,95.51428,-79.32487,-30.110338,49.263794,-5.6985517,-19.220892,61.81555,-38.4281,-5.487499,-73.82654,-35.422432,66.239204,-89.29981,14.785297,-1.8420504,-48.56174,-43.56199,12.757186,8.276114,-43.69291,10.045024,65.64697,48.963818,-48.624615,5.9224358,25.841076,-12.377684,77.11832,26.807463,-3.9870865,-21.774805,-16.382753,-11.442676,-9.887385,-14.690188,16.843563,-3.0884879,9.923248,20.049803,10.975808,2.265179,18.592247,-10.184444,3.6835241,-10.78118,-13.892791,-24.54765,-25.475222,7.8839736,20.169592,-72.63005,0.6755844,-2.888461,4.4770513,0.27688354,38.674957,-1.6287831,54.621227,26.176083,-22.369812,13.7317705,27.120064,-17.648994,11.871359,-26.271029,-35.007965,10.452368,-6.694015,-16.143602,13.350221,11.756527,1.9579245,6.489685,-78.3511,-13.4956455,-8.0437565,9.097278,-17.04295,-19.779993,-7.734367,88.75408,39.92633,-28.332966,37.38744,-4.0658946,-10.279564,14.610663,9.464625,39.031982,-14.653229,2.1237595,54.871708,-23.25768,23.757385,-50.08787,60.570953,-4.190749,32.935364,-19.245184,45.099472,14.644679,-42.073967,10.555999,36.15452,12.103191,-5.883902,-37.68935,1.3482078,79.6132,-16.049711,-60.452152,-5.7967467,33.969086,-42.86325,-30.964275,2.8689988,-25.90248,-26.014494,-20.421309,0.041362073,7.434119,11.105229,32.381466,0.7122715,-47.595936,-0.7333225,39.609707,21.666832,22.281338,-32.159435,2
2003-09-22,Phase_3_fin,10.507881,37.586216,120.57736,-259.01575,122.48233,-70.130264,68.7098,26.722988,-8.009254,-23.192072,57.447197,-61.933636,-81.800385,71.875786,3.4956748,29.780394,-112.59992,7.856062,-142.06165,104.613106,66.21952,-104.02855,43.12411,-32.373497,131.48996,-58.788906,22.058893,59.065258,18.78258,66.48115,-25.751144,-0.020566687,-19.241095,15.755116,18.83061,7.1217012,42.385387,22.135181,-47.10591,68.68088,-31.554285,1.6116889,-23.973383,28.758804,17.348557,139.33032,-73.52365,-71.039276,3.4410264,-11.199741,-2.0862103,-6.39394,-73.3166,9.157912,-16.19531,-30.397995,5.222957,-69.086464,-6.363921,-3.0167902,46.661373,7.3369284,18.232332,-20.613026,-25.446165,45.931145,-22.598932,14.503722,-7.652825,33.4366,4.6081066,4.3752203,-1.9378029,38.49835,31.980076,-43.446068,4.3786745,-71.05998,-33.20676,-49.19627,31.067537,-30.128815,0.55024505,-32.46408,18.498861,-58.8453,-15.048443,-21.844069,-25.514793,-5.9515905,-6.2455525,-36.815174,0.89989656,35.94943,-6.9059787,-63.55746,-14.552876,53.846497,3.1623418,7.627627,-4.183615,20.32069,23.19651,32.845142,0.05447653,-36.790134,0.62370646,-2.2588692,44.627155,-48.730186,-69.249626,-29.734129,-43.192646,12.548503,69.687325,40.64566,25.867033,-1.0312655,33.477646,-6.3346324,-18.131992,-48.37915,-1.9341695,-1.2947391,-7.678397,7.3253465,-1.9866254,-20.824697,-12.606945,-7.6183167,-17.110962,21.910604,-16.452068,21.539854,6.9385743,13.751922,23.7246,-4.8676825,5.831687,7.9909725,5.3956847,-10.230142,-33.26064,-29.406054,44.802578,-2.6037514,-13.900891,0.3782103,-32.36709,1.0617181,-7.023243,-17.770786,-26.88465,-12.196877,41.669167,-6.044186,6.5201664,2.6461222,24.656277,-6.166296,22.187326,32.558186,17.415247,2.3692434,-27.99541,-14.164982,23.835827,-9.03679,1
2023-09-16,Phase_3_fin,331.99744,-250.195,22.893707,-164.0336,137.2331,188.94313,-82.815895,79.607254,27.954975,-3.0032692,167.44075,177.12921,-116.32223,69.68033,-16.229593,108.53018,48.752907,-61.101658,-11.540747,-48.669224,-32.50106,141.01062,12.809077,49.80399,-86.04541,38.93427,52.348362,68.488525,31.632458,-36.812042,-34.1268,41.913567,90.391785,87.41501,-46.151287,-11.884625,-84.79467,-50.677013,12.635721,17.065739,-33.304443,-24.49483,1.5449768,-10.980823,4.7492957,29.376902,-19.62369,-54.153137,-8.67746,-41.532436,-12.838526,-55.244648,23.668386,79.63707,40.563557,42.008934,-30.430048,-31.318672,-22.214838,0.29909757,-5.87756,28.263994,8.837635,-9.899589,-9.113701,-22.066294,-16.653667,8.032883,54.093506,73.951866,23.679806,-55.30522,-24.743628,21.146578,-0.24661209,9.810536,53.565132,63.85902,11.178539,-11.276263,35.97293,43.571533,44.311844,-71.67449,16.908934,2.5243452,-19.509832,64.5498,3.4065475,50.79369,-1.1205117,-0.81912273,14.151394,1.1022376,-16.394571,-35.031284,-20.144508,-24.32464,-5.2802653,-10.4761505,14.236094,-9.922124,-11.013932,15.813117,35.463463,-33.900436,-9.240099,42.591667,26.285887,-2.474736,19.5668,30.970545,23.74175,3.37604,-11.867779,-14.96098,10.424647,19.52138,-2.6827784,9.315859,11.038816,19.713673,-25.447245,13.688273,-47.39765,-8.643383,8.770583,-22.020308,13.772912,27.760761,29.431232,-44.43867,-28.81775,15.775759,-5.338598,-2.9738643,-0.92332363,1.6871316,2.4755123,29.51275,9.894928,-21.320944,-12.295179,-16.0236,-15.237753,2.8980854,-4.5593324,-17.038181,9.555412,3.3593352,5.1020246,-33.00365,-26.698973,4.789692,17.826725,7.5486994,-4.4640837,-21.685236,2.877898,-4.052965,-32.4311,-2.601802,-18.511559,4.228035,-11.520501,-19.579838,12.993934,4.27419,0
1997-09-25,Phase_3_fin,390.52576,-171.31447,154.1741,-27.49765,23.126638,130.62607,-76.72489,1.9004257,-90.12338,7.0491695,56.886322,-91.58019,25.21639,-10.6292515,134.21724,-110.46497,-73.093895,-125.535,7.750409,-18.165558,-174.67262,-40.16794,-71.024315,-154.2867,101.15941,-87.6567,-88.196495,-91.5404,33.896366,58.8081,51.902462,24.457525,-78.47568,-7.6178885,-120.76078,43.48705,-46.262135,-42.125694,-18.233376,-25.433666,18.908932,-18.887806,-87.97205,-55.95358,-39.130356,-92.33323,29.834946,-42.640682,9.115076,89.23678,-42.80227,6.796244,68.229324,25.714458,25.851267,-43.420868,100.61474,-94.180534,-14.337874,-11.938118,-26.269962,22.250013,39.72527,44.00913,-7.406325,-100.84082,19.80732,14.251843,34.909428,-8.755724,-14.850086,18.466347,-71.13006,-34.51427,-12.252122,-21.53472,57.839195,85.57185,21.558685,-65.17218,60.016632,-83.64939,-44.21888,60.473053,19.925974,-58.276962,-49.226025,-11.992811,26.619059,51.02192,28.734373,-25.951405,-13.174569,-25.751831,10.204619,25.613537,46.66163,-16.597202,41.68631,23.546612,-8.687972,17.70157,-31.126303,4.711097,10.228625,5.211755,5.413174,8.980901,5.0507565,4.9630504,8.590371,-7.677225,-2.7319305,-20.913874,-11.7933655,20.471321,4.2788,4.100447,-12.905568,8.477776,14.314307,18.237055,-32.350548,17.809675,19.552153,-9.705526,-3.4248626,-28.53462,2.6629932,-44.789448,-8.868052,59.483032,-7.7030396,7.065949,-4.2026014,-14.352546,-3.873651,5.621757,13.120523,4.1293674,4.993498,4.78758,-4.338234,-13.622658,3.484487,-18.85116,22.684038,-3.869165,4.1725492,8.175128,13.468121,-40.794403,10.812673,11.965288,-30.584124,30.268059,6.8286185,4.427805,2.690426,14.548226,25.750177,8.465441,22.140577,10.0478525,5.1997833,-13.667296,18.074757,6.882452,0
1992-10-03,Phase_3_fin,78.60884,172.73569,-161.89488,68.83688,-82.52913,-87.75862,40.15705,103.01258,153.47234,-184.83505,-80.13102,-76.76977,-34.076267,56.64118,-7.4412017,4.6194005,26.97238,19.74489,-93.01039,-131.8931,-80.8875,133.32368,-80.56752,-45.252132,135.45204,-5.0029507,3.6979685,-17.299229,67.649704,82.83703,101.44157,-114.496284,18.69278,84.15817,61.21219,-2.8162034,23.726208,-35.96812,55.162746,-18.599897,-18.541225,-36.93295,-40.236588,-50.13141,77.562454,-21.948015,-28.842625,-32.09461,-81.402695,31.851814,52.840984,-71.3761,8.152104,55.837326,69.19041,-50.829456,30.588665,5.3246484,19.295704,-44.029217,1.0408248,2.2754214,-81.72905,-24.759247,-41.395344,47.047153,-9.7863035,58.068584,-61.880047,5.5242357,-19.658308,-38.36991,35.07959,52.77504,62.764412,-23.143902,-12.918019,-2.511429,-46.0764,1.4704028,10.918525,13.8907,36.57254,-34.949406,-75.30657,-33.942184,6.827385,-100.46406,-23.855026,-8.870501,-19.012535,-40.287712,9.192747,7.9683566,-18.473722,-52.133728,-53.27639,-89.97194,4.404513,47.871613,0.40262455,-25.588531,-23.217562,-2.2291048,3.4404418,-4.7685585,-91.72694,-15.020309,81.30167,-36.063217,24.445114,41.926647,-3.200937,-87.726845,-5.828322,-77.6768,-60.67097,38.89897,21.468168,-75.1703,-11.476612,-16.6691,7.5305753,14.917046,59.65174,-12.732341,138.23885,-68.388336,47.32874,33.736835,6.580291,-6.597085,26.714766,19.624588,39.130398,-44.277565,-18.034134,-23.753813,18.810545,97.41154,-26.6558,12.994563,-40.426655,-52.28202,38.807903,-19.755047,-1.1066904,-1.0834552,110.70735,27.391356,-17.498707,7.8677444,68.02571,41.777695,29.882904,25.242231,19.076607,62.456253,19.52601,27.792467,-6.5693197,-40.91458,30.871254,28.596254,85.19796,23.80639,34.984367,-65.397224,1
1994-09-25,Phase_3_fin,257.30392,51.887836,-138.5583,12.449937,-259.26434,-4.0071044,-292.26007,-16.656628,117.76163,77.17812,-67.42282,-24.628286,69.7813,118.78055,101.09914,11.84287,-36.954544,-77.46198,-30.6935,58.213425,89.733,-13.131233,32.65491,85.84348,-25.214355,-27.76904,150.81049,8.662359,-79.1363,-7.1961327,-5.9733434,-13.809985,-33.07834,-76.254166,-88.38662,-49.33273,-39.629906,17.628664,15.994772,0.18253498,53.973885,33.478207,47.366436,-30.006855,-19.531988,-67.51018,-36.676506,48.937275,14.663354,-3.4087124,8.0399,47.270058,44.038235,5.577381,-63.62378,-35.359924,62.4451,12.145635,77.30543,2.591956,27.709414,-70.406525,39.970833,44.098717,15.920678,31.987856,44.6854,-35.695957,-4.3213525,57.430428,-52.912865,-1.0559742,70.29257,36.063663,28.22792,5.4311085,-35.419716,11.971258,-36.86591,-13.63104,37.45146,-17.001606,4.5955315,0.40534672,-30.96317,-26.288437,-23.101875,36.366817,-63.678463,28.234726,-57.77127,3.7696707,2.18227,8.609813,22.6371,-21.222015,28.05887,-10.53158,-27.192955,-51.37547,-3.3634655,41.25497,11.06234,0.52178377,22.834332,9.132065,-3.2924287,26.743036,-7.1403785,-33.342304,-9.167173,1.5312856,11.111806,2.0767162,17.95215,-2.7622046,-0.9702991,3.655986,-23.497747,17.727165,30.502266,10.582475,-39.487034,-25.50688,3.307543,21.01099,17.28383,1.9936367,4.5696826,-2.6672354,28.997921,-3.519194,21.4765,-6.3988223,5.108161,-15.818322,-13.146313,-2.9145336,-6.358794,-9.772565,-4.289561,-6.5313826,12.982093,-3.4758632,-23.88734,7.381708,12.413776,-30.74706,-7.0276947,-16.04692,-61.841743,0.74870497,-1.846082,-2.175346,1.8183612,6.502222,-10.756433,-49.91096,21.637888,-17.78532,-10.373684,10.286801,25.52727,6.6335754,11.382128,-6.745311,-21.14074,21.667187,1
2011-09-30,Phase_3_fin,-154.96094,-107.46254,-154.36246,69.45459,-23.221949,-13.351167,-8.900556,-36.683094,-1.8895266,31.933765,-53.304287,22.875202,1.2103877,147.02806,23.87627,29.443787,42.180077,-72.937614,-97.08002,-57.43986,-89.37972,-73.80183,35.762592,35.25173,-13.119085,-49.680702,49.757175,60.19043,27.494345,-144.36427,65.46708,-18.945333,-15.417201,95.582306,77.43571,13.256414,102.60551,35.369,-29.165335,25.18676,14.488745,-56.129654,-104.140785,145.7252,89.20868,-66.98116,-113.99509,34.909313,54.8592,-38.381195,-88.14459,40.091255,18.544146,6.7631993,-23.238947,-27.919489,-6.3877916,-111.98435,8.967448,-0.63917434,-21.972744,-24.133244,-51.94733,-19.715252,68.15015,-13.6441965,-35.767673,-58.895943,21.220787,-43.76552,-11.821023,-0.26822254,-45.161602,30.985971,-23.161636,35.05599,-10.216292,-5.552297,8.923,-40.749153,-41.15507,4.6694975,25.76856,-5.7236304,42.368435,-31.316168,-38.498817,16.511408,7.6945715,-15.058473,9.458039,7.426043,40.52916,55.364883,9.088964,-5.1873665,-15.89912,-30.91301,-38.86195,-10.93965,-7.775867,-0.55003595,12.503851,6.2988796,-6.3240447,-7.388404,-20.673372,15.527014,11.130233,2.8429818,-11.319358,18.958956,16.04068,-40.852325,-21.899075,26.667091,12.167629,-14.588255,17.77009,-42.18479,-15.490728,-12.787839,9.532295,17.391087,-7.8240175,10.081136,32.283,-12.521637,30.480938,-16.529613,4.989618,10.24366,-66.77222,-6.971426,-24.335241,14.495598,-9.1386385,0.80015516,2.0595257,4.45407,-56.443394,-10.016331,27.46299,32.538433,38.503872,-41.053905,16.863392,-7.060479,6.5202923,31.607088,29.367275,50.97065,-29.704796,7.7144256,-7.4395437,18.448425,-13.252238,-25.040854,2.3090057,-4.269162,-35.524723,-3.607867,-18.556757,-10.377582,5.4340897,15.292064,43.08923,-2.9834318,2
2010-09-08,Phase_3_fin,-334.97766,-160.88959,-174.58226,95.01372,184.62312,-80.26628,-151.22942,129.2842,-219.76553,-2.383162,-37.907703,-102.56045,2.6729043,-151.4485,-4.3860936,-23.490164,-56.914032,-13.4150095,-91.34749,-10.570028,105.21731,-69.019066,-69.69305,21.555069,-9.353168,90.83446,27.884436,2.3918922,4.963948,6.652629,-18.600285,43.061733,82.42412,-35.05464,82.72024,-33.0273,-36.482883,-69.56484,67.07401,-53.928432,-57.70451,24.1186,-33.604424,6.3622513,58.26214,-14.616568,30.517735,-88.827,47.449535,72.43543,-81.57355,10.605982,-39.674484,-8.494887,-15.101714,-16.212837,57.798214,-43.387012,4.063287,79.842155,16.048128,-73.479904,7.9141145,13.505532,-54.15817,44.451996,6.763531,-21.606844,27.62602,24.765648,5.7111154,37.12189,-8.443746,7.1093187,-25.999956,-3.1495311,25.089024,-18.015402,4.2136927,19.541403,-3.5843034,-7.1495686,-1.4480945,3.437959,-4.0418797,10.203918,12.18685,-3.8278248,-4.638853,-12.0026045,-19.131845,-8.409618,28.041256,-18.469051,-4.550565,1.3060707,-3.037763,-0.87046707,2.518929,7.399121,-3.495666,7.384867,-5.4002633,13.345293,-22.210417,5.296948,17.985176,4.5925074,-9.739115,5.5361743,1.1243526,35.384205,10.703826,-2.6561048,0.9908322,0.83454216,2.80351,12.561543,-15.314252,-7.954566,-5.4748206,-20.922264,-2.3990738,-2.8260205,-27.390741,-3.7265189,1.6960261,13.026291,-8.858005,-29.182827,10.187533,-10.835417,15.798352,-5.24876,3.1146276,-20.250046,-0.9438062,-9.131713,22.150524,31.15455,0.4245923,-2.7594287,-17.705801,4.780551,21.964851,-1.7407559,-41.656193,20.13335,31.209497,-8.989716,-18.81598,11.175737,12.99577,-2.7850006,0.80810404,18.604527,13.3596115,3.756233,-14.818988,-13.560034,-23.232601,2.7753553,19.160938,-0.36233878,-32.409584,-18.857944,-4.045213,4.9175096,2
2005-10-23,Phase_3_fin,-93.27327,-27.587233,88.481,-159.6904,-26.30271,-130.6341,64.08457,71.43337,-17.91762,-163.04254,-9.1338005,12.391254,-51.248886,-47.27819,47.43833,-28.595963,70.316895,100.859695,30.151043,-77.60652,-7.8352,91.63719,68.28034,51.59003,-81.26058,-34.28106,20.107372,-156.75986,-24.673948,84.68083,41.68385,-17.588072,-13.435299,-53.275814,-69.07956,14.931242,45.77246,81.84741,107.593185,69.18647,-110.49781,-114.46272,-20.49175,-3.110459,-8.093266,0.40535796,21.880976,-94.072044,-14.511338,-24.703197,-61.378277,34.26529,59.456497,21.530294,-0.54705846,0.0686436,23.956266,82.29421,11.161771,28.319853,-10.634555,50.511078,71.87445,41.915825,88.24699,-40.577213,0.6431098,12.408895,-18.442818,-25.667707,-52.067997,-19.163778,-37.243366,39.615555,-70.50708,28.22287,33.475388,20.534138,44.53666,43.85284,-54.587353,0.77826285,-33.27541,-47.89212,-20.776396,20.74744,-39.591953,21.55605,-29.508007,34.0232,40.170532,25.953688,36.089096,112.53803,6.1187987,-58.17487,46.167675,44.114864,29.70495,-37.234222,-61.765884,-50.95477,-15.258348,-10.781373,3.9712284,-10.377552,14.614814,23.98522,-16.202059,-63.631588,15.373965,2.2396846,-6.1270676,43.10719,-0.7036486,7.390756,-24.002432,22.820538,26.62371,-47.25435,-78.951706,-27.894918,34.15978,6.166874,49.407356,0.2369447,70.435036,57.784954,-8.501464,-53.78429,68.50019,47.909462,6.50924,-2.80842,-25.534056,-17.11039,-27.856518,-22.452648,-63.81111,-9.507538,2.1419022,41.93703,-25.042204,42.064754,-31.642672,15.495318,-41.190956,32.33734,-17.872131,1.4670851,3.2412343,3.8401601,19.333101,-0.33928666,-10.514206,16.858831,-6.5811367,-36.80728,16.207354,23.34014,2.8408554,20.180492,-12.631411,6.0331645,-9.059165,-22.028088,-0.0517008,12.555148,1
2022-09-02,Phase_3_fin,-315.82,127.41257,27.901054,156.86322,45.90418,338.30313,-22.704529,101.98399,87.85181,-22.3723,75.00586,81.2648,30.946894,15.397772,157.46574,-15.961971,-3.0324304,43.44729,-70.22162,10.856929,-44.342304,-32.018875,-54.18247,-7.1056294,-20.293415,-22.340157,61.08021,6.7879786,-31.100096,-35.386368,14.982417,-79.58141,27.322262,-68.023964,38.07879,77.69501,-41.986244,22.739399,9.4708605,-5.5923257,-1.683708,14.026932,-1.3388451,40.768204,8.878211,-51.364086,-19.584558,8.609984,-15.037416,-22.190643,-11.177322,25.93994,-10.074539,-10.926754,-28.960154,9.144921,-58.73982,57.567627,82.78467,-33.988293,89.85537,80.67506,8.56289,26.238632,-30.847994,148.85118,-50.762875,7.170884,-3.6082299,-17.277641,8.852222,-76.019455,-17.552565,-91.34394,-76.883286,13.656749,70.30914,24.493698,-14.4452305,-57.462856,-13.626356,-26.847418,-36.999622,9.050566,8.827443,6.2258615,6.2397823,-92.35453,23.507446,23.007751,14.181897,21.358381,3.5864127,34.67461,-37.830235,-9.816879,-37.787914,-39.357174,15.986977,-23.381323,6.213683,99.40132,20.0823,20.203587,41.992012,-1.6571606,-1.8278644,14.986043,-10.68147,50.82753,27.304829,3.5359316,-4.385454,-17.961132,5.6368036,5.186442,3.6246674,21.84516,-28.314178,-3.944615,-6.624609,-14.311668,8.826699,-18.305119,-7.323957,-13.175694,0.57263696,34.266674,-10.943102,-19.337664,-9.057585,25.986437,4.3859324,-16.57387,18.490797,5.0522594,4.105916,11.894349,3.1886303,3.3068345,-9.407781,20.809341,-8.874527,2.626486,-5.852752,-15.897943,-22.969028,-1.1763387,-16.326252,24.42838,-1.053198,-20.46111,6.5422435,7.811845,-0.3265608,-10.695099,-4.1203985,8.239281,4.005447,-5.7493773,-2.8603303,23.025694,-0.562801,-12.944659,-1.9662075,0.11037993,-7.9240375,-9.068663,3
1992-10-27,Phase_3_fin,146.05392,151.83403,-272.7416,76.60011,-31.256296,-106.63828,19.212011,-0.5176874,108.6762,-167.11015,-27.835905,-32.09252,-79.57016,53.926468,61.614254,47.44932,-12.231853,3.974268,-2.431807,26.01668,-16.265575,69.623375,-126.73145,-38.58254,63.554688,14.419995,43.32163,18.920092,33.017277,-1.5345386,70.816635,-103.810684,-11.173416,165.78494,16.851416,-27.754,-49.93028,-43.841362,32.98558,-20.113184,12.759694,18.607557,-14.854835,23.702404,13.664485,-88.873886,79.3735,9.520879,1.5246705,66.52179,-12.789553,-97.25218,10.688774,42.84038,37.209686,-25.460184,15.70917,-0.8643896,-50.06556,24.804167,-7.6535215,68.26157,16.920893,59.206013,-81.39864,-13.285522,26.697653,-44.3905,-57.81541,-133.64445,24.39466,-40.667065,50.35955,27.915556,28.403309,38.125465,22.515642,19.226625,-67.67397,34.692272,55.733513,3.4575093,55.042976,-78.15794,-107.55806,14.279776,1.0922564,-30.73204,48.37227,26.252914,-59.985058,-0.64061296,56.8242,-22.085503,81.62769,-80.30673,-57.77683,71.15891,104.08473,25.055017,22.288105,38.5151,-70.60254,68.77094,-101.363,27.450691,-149.70003,-22.209393,22.453592,-62.05987,-38.68363,136.06526,-14.500647,-42.11393,25.648243,-55.77779,38.386105,9.957523,-15.225965,-31.222576,-39.886974,-14.601831,7.916353,50.06236,-16.386395,-116.065315,-19.042662,-88.26327,-32.294865,-18.773714,-0.84706146,87.8984,13.949011,-13.402022,85.50121,29.86716,-17.645048,-3.6865337,81.98717,-64.47182,43.997505,121.27015,55.590145,59.107605,-42.44714,58.515438,-4.340396,-40.318153,-50.34775,-6.477071,18.206745,-14.433262,-55.476727,-15.112983,-33.53613,-34.100224,-31.68473,-45.399506,20.43335,19.75367,-18.83127,0.3107085,-21.13739,-25.417177,-41.355335,1.208308,-53.78154,19.634678,1
2018-10-16,Phase_3_fin,138.44604,169.68933,-101.80391,-47.331882,-3.2938292,1.3202751,115.49221,-33.41202,-79.161835,82.806946,-170.28465,35.09136,156.8242,-101.92977,61.58231,122.590645,24.874945,13.744814,125.321236,-25.01583,-108.712814,-64.36908,10.643545,35.128395,-110.275345,-5.791784,-63.834965,64.015076,53.63582,128.67194,55.799397,-13.873624,42.62661,-54.87376,40.569344,-25.374874,-5.5273776,48.483303,-11.155478,28.354689,-2.279002,16.029005,-16.01352,-10.427224,-19.940773,-7.5015473,-45.74452,-58.631416,60.282852,-4.550103,36.09294,-67.47198,-14.2304125,56.1458,46.266037,-4.811676,9.697303,-6.330754,36.113503,-4.6900935,-75.71004,-58.874752,43.58604,28.044388,9.8034115,-54.28204,5.2850375,-69.502266,-34.401505,14.468698,3.1900218,-22.89676,12.853131,34.53415,36.28942,-29.793465,37.977398,33.44032,-7.3863144,-12.046334,-9.146254,47.87994,6.666787,25.09808,24.299088,-23.776217,27.453999,23.122398,-65.26936,-42.423805,-7.971811,26.641058,2.8325539,-13.054533,20.263514,-15.901695,-10.941099,-40.9756,3.900276,-16.249012,-33.145443,68.55059,31.810184,4.544184,-21.039396,5.278391,35.936222,19.961796,-28.135963,-22.030361,29.367783,63.09979,-21.08595,-36.809536,-20.2109,-14.416676,51.06611,15.462264,37.18984,25.150488,27.42775,11.304422,54.633457,14.165085,8.079877,-47.67664,24.32281,33.648716,-15.285417,6.2769933,-37.97215,-10.088635,45.4888,9.363326,4.1501994,26.084923,5.2446527,-10.749343,1.4126946,-20.747679,-9.6215105,0.9208211,-24.873064,-24.079117,-8.548057,-68.46711,-12.942447,-37.783627,0.9957162,-0.057625208,20.354147,-20.34548,-5.3167953,-12.345602,16.906132,-0.13508235,31.996231,-8.618564,-5.876599,-29.897118,28.682375,14.379069,-29.994474,3.362794,5.0181875,9.428892,0.40657493,-1.405194,1
1999-10-05,Phase_3_fin,-320.27795,-134.9378,113.42887,-121.24603,-268.69077,111.45851,14.018035,-71.79389,-196.86745,34.945065,25.443329,-2.303489,98.06408,74.94266,-65.50048,71.39182,59.059036,106.09513,-90.75907,-25.175705,-29.770815,34.01041,-20.005648,-35.39611,17.42142,-49.766132,-6.900005,-14.130881,24.959742,46.993298,-51.88982,-5.7031665,83.369156,-16.023603,5.3751273,-19.342264,-6.406031,-37.99851,-37.736595,13.521537,34.903465,20.349771,9.82778,2.1506295,49.508076,7.563423,-6.135103,-4.6626806,33.77926,4.5028763,-5.8923306,-18.25979,11.880526,-14.087445,22.138346,-21.85536,2.485435,-0.8085207,8.086787,15.599886,3.2505484,37.946198,-20.189552,1.944515,-10.235335,2.436531,12.126671,29.713303,29.78561,-13.379345,2.4164164,-64.04584,47.146954,83.016335,69.25816,0.43826282,-3.4272444,27.488062,-23.70563,58.882614,11.365861,-70.84885,-64.08659,12.85005,3.8775039,4.601077,15.704157,-12.50081,-10.62928,20.603024,-7.3556013,-36.054543,11.110014,-44.14534,-19.461136,10.618451,-7.453621,10.050763,-29.225412,-9.106215,-19.135881,-4.3916984,6.567302,37.11219,8.866733,29.368086,35.67771,-31.67167,-24.661722,-11.673651,10.072088,-11.754481,51.496742,-10.689546,-43.424335,-23.442505,25.531404,11.233838,-7.11547,-11.8755045,-23.918718,-21.461672,5.2651634,-4.455087,-19.0747,7.8030453,11.082662,8.1842375,9.873391,-11.732848,1.6533332,4.6036983,9.440875,-9.548057,-25.650248,-1.5837501,20.677673,23.05252,-10.037019,16.217707,-2.026175,19.450829,-6.6705804,2.3180194,39.668068,37.194057,24.956972,15.490454,-11.192049,-9.281618,-13.099017,-20.075216,43.888363,7.013374,10.629357,17.921148,28.177877,-16.93235,-0.85173815,20.72356,-11.942449,-25.367634,7.0974956,-21.924913,-3.9183698,-26.095612,-2.372238,-7.0599523,4
1994-10-23,Phase_3_fin,267.51077,50.00751,-130.46051,-88.89318,-177.28511,-83.36649,-258.87833,52.463818,45.14047,58.47655,7.942652,-93.89335,26.437984,166.31525,158.25092,4.916085,22.295475,-34.770508,-1.8418108,-125.23906,77.30737,-83.16128,46.443153,56.88915,50.58966,1.9491802,20.70518,-28.098705,34.517246,81.83997,26.452633,-56.615726,53.23633,-134.24915,49.170105,21.674261,-12.470615,80.55927,18.875404,-3.686156,-6.5952725,61.135937,17.149103,43.069725,-41.242615,17.0113,-32.372856,-61.268856,12.72006,-69.95282,43.392784,15.208586,-50.453987,4.070079,61.345966,59.88212,-80.119286,39.40357,-141.23909,-15.44053,-58.718437,-22.599552,-38.970684,-58.75056,-57.00938,39.854565,13.887009,51.54691,72.00564,-80.315475,17.332687,46.541927,-58.45567,-26.384762,25.866083,14.903004,24.09848,15.706315,28.503927,-18.032682,-12.236009,51.3559,-8.826599,26.205183,39.279423,-20.830597,-10.271523,18.802721,-30.824432,35.534637,7.0336504,-9.348482,20.922846,10.534755,16.952168,-7.859042,24.28711,14.398502,48.19892,-41.080513,-16.925756,-18.430511,-28.66853,6.4766436,7.412625,33.204063,-0.43007687,-5.104664,5.0574374,19.157598,-18.816528,21.551153,15.316749,26.016453,59.75963,13.477858,-32.55699,23.404327,-6.147198,46.156918,-37.4405,33.483826,-23.053328,-42.550247,-5.5243692,-24.22658,29.171566,-2.9678857,21.501831,-5.032315,19.976093,-14.670994,29.915339,-11.690578,61.508068,-23.471243,53.157177,-16.928654,10.001086,-26.857641,23.552843,-16.11711,23.292149,-9.020197,0.0028800038,-32.12275,19.022356,10.597536,29.730534,-0.1847804,-7.0091434,-4.325549,-10.402698,24.596334,-16.213144,-2.5833492,-14.274865,-9.233312,-2.2590148,-25.98567,5.729071,-20.816017,8.885369,15.107137,7.499701,-10.852042,1.8156962,4.2335677,1
2022-09-03,Phase_3_fin,-319.87045,124.9688,25.968792,153.5942,42.638203,338.015,-22.661446,98.92508,93.15587,-23.133886,71.913605,86.09878,36.34128,21.044355,159.38647,-21.897121,-8.071823,47.88896,-68.812775,12.720819,-44.04301,-27.208889,-43.16769,-12.318429,-25.718945,-20.4872,66.116066,3.7132785,-35.153904,-31.864597,14.376955,-80.39417,33.010525,-72.968575,40.369785,78.13061,-40.54324,24.406923,1.4391543,-4.067289,0.23992088,8.803306,2.5760782,35.557163,6.351379,-51.9751,-18.148952,9.405695,-6.9135537,-21.82559,-3.8601537,27.812548,-6.719738,-9.527845,-26.31034,8.259037,-57.93877,58.67321,81.96929,-37.189644,93.8349,80.88395,15.650748,28.891327,-34.05587,153.37364,-49.911495,11.08041,-0.6795287,-16.755133,9.466617,-80.06505,-19.435455,-90.36476,-73.8289,14.729478,70.80049,30.236094,-13.400485,-61.645535,-9.959278,-28.101166,-40.839752,1.305282,7.659464,3.9958813,5.591016,-91.48284,24.692192,23.79007,18.831146,19.014042,11.723188,35.862473,-37.44622,-10.860487,-36.7803,-37.147076,16.07165,-23.04955,9.159071,101.603714,17.61212,15.8967905,46.486946,1.3840104,-4.4148927,15.862999,-14.895895,51.344246,25.048635,6.2511945,-7.901658,-18.930458,3.8975215,5.268263,5.6430426,24.255613,-26.173126,-3.9050343,-10.431587,-9.870701,8.209319,-21.742458,-9.910157,-12.980899,0.9178166,34.77513,-12.263211,-18.939838,-5.4356623,21.945984,0.8096719,-10.978891,13.55201,2.10145,2.7554932,13.858794,0.9956373,9.163781,-5.9201565,22.210138,-3.3113017,1.1002427,-6.409012,-10.942036,-20.678202,-2.2596402,-15.638534,24.429457,-3.0350122,-17.952032,8.04962,3.6430728,-1.5377299,-7.670122,-0.44922367,5.62114,3.1521344,-8.593048,-7.1303368,20.738909,2.925964,-11.329402,-1.1096407,-5.291712,-5.07284,-7.516076,3
2012-09-18,Phase_3_fin,56.29392,-333.23206,-293.13327,-10.922245,-126.04038,21.918121,25.405027,17.66528,235.87943,-32.198513,68.61983,37.610275,63.120293,-179.92467,-69.41884,-44.250546,-93.69883,47.38536,36.363075,-23.210438,97.3805,-40.538113,-16.125221,-54.673073,14.385042,-37.021545,-21.16724,-11.86595,-14.933917,-29.042194,-12.96415,54.31417,1.4547998,37.17134,-12.206603,15.499546,4.26948,53.095524,-13.843947,-5.443138,-34.130733,22.718662,-51.16376,-34.7935,-36.469547,-21.002659,-44.95268,-14.907385,11.560895,-37.267624,6.319672,-42.942284,17.940746,-3.666128,-30.501041,-32.655094,-21.420366,47.076218,-21.239204,-1.0044296,-76.78554,-27.548061,-35.265457,-10.061562,64.1593,27.131083,-0.3446572,10.152426,24.05115,33.861317,-64.86474,-2.4761064,22.001463,8.646755,14.28868,24.97154,42.556614,-74.67314,-35.209778,19.320332,29.803186,6.9566493,15.201889,14.823216,5.9168053,54.195137,-17.236013,-10.147023,-6.571111,11.9037075,18.88976,-16.825045,-25.07222,7.724592,-8.402869,2.5415435,28.479042,15.153226,30.14994,-11.884516,-13.653345,-8.173588,19.294481,-32.42999,-0.48322043,6.636912,-46.13788,-17.233793,13.704343,-13.679886,-18.346064,-10.711584,-17.687761,-23.30896,17.331625,-51.846935,-13.926678,28.30227,-18.466887,20.155859,-27.82157,-7.129183,-19.023438,28.702877,-39.26888,-0.2649755,-30.9766,38.539124,37.068756,-58.5745,-23.712685,-9.830017,-2.3211722,23.460838,10.070555,-9.677923,0.31376275,11.192001,15.932468,-14.72483,11.768845,-14.445583,-28.678635,-33.81681,-23.389683,21.589539,-1.1472353,-18.342808,-26.16814,2.4338071,-10.780712,-9.368921,-2.6879086,-39.845264,10.129353,9.147877,-15.828159,29.261238,-2.4249566,-16.947079,-19.345814,12.934969,6.436529,-1.5192868,12.541689,17.55927,27.292189,21.71071,1
1991-10-10,Phase_3_fin,202.41605,80.10158,-147.3782,-41.45651,-24.759079,-49.13259,-14.659835,27.901184,5.4872518,51.37551,-4.4806747,-79.61001,-44.744816,2.9485826,-92.32108,82.08706,104.797485,7.095073,-240.76208,-6.398712,-15.381413,84.57542,-18.245663,-49.465958,-199.65196,-91.30542,7.359171,2.4869678,-7.117753,118.19371,-16.911633,118.89504,-56.953087,9.380569,-70.39721,197.10408,-4.775082,35.912094,-63.25868,-152.60365,69.93028,15.598114,-76.8355,-64.1323,77.86657,7.2681885,41.62001,12.4990635,46.32638,-49.780632,23.423414,27.568188,-127.52562,-11.259277,15.455192,-19.990677,-66.55059,70.44015,27.975788,60.668533,17.119215,-4.3231945,12.592154,-15.506589,-44.460987,-45.98534,5.0854096,-61.332626,-12.070025,-19.112791,35.04337,4.2308,27.948778,23.466537,-33.608242,-22.927767,8.732707,-12.798969,15.820891,-15.262243,-13.024518,-0.25747168,-13.582873,22.732002,-17.891808,-19.978083,-40.28347,18.117027,44.940918,16.762552,-32.289654,18.84136,-29.91658,-11.774261,-12.79108,1.0550978,16.346222,-13.369213,1.2679269,-38.952744,-44.98505,-12.607412,-4.0540414,1.6185695,20.869957,-6.680006,6.8004866,5.5334234,9.491045,4.627934,25.816484,1.8380717,-3.0648282,9.489408,-14.235303,7.990896,-15.575452,20.958916,-0.32900512,16.412453,18.399519,1.8685492,47.60644,4.0712514,-15.411267,-13.946801,10.691996,-8.58072,-16.180168,2.3836896,-2.0547652,-12.4280205,-26.157597,22.001587,-3.7019298,7.3723545,6.454381,7.9718018,16.73145,-16.701817,-1.2361393,-5.91676,8.504585,-1.0239129,14.133264,1.7409543,-5.426145,-1.9744973,-4.7694173,-25.972343,-4.4422355,-5.047248,5.6377954,-11.798682,-2.14558,11.076417,24.967413,8.591192,0.5684455,-22.777115,-9.913287,10.386031,4.9542446,-4.5552816,-2.877667,7.615781,-0.46408802,-8.647016,1
2012-10-11,Phase_3_fin,80.01614,-203.52124,-239.24878,-0.72876304,-128.00458,-117.21501,68.22912,-10.063733,157.31937,-70.478195,38.87793,119.28292,-6.5698466,-99.861336,-4.6516447,-48.52363,-37.694996,52.89594,88.76901,-3.5272946,-55.02008,-5.579551,9.900173,-115.076355,-7.6618047,-88.74373,-21.526636,20.735348,-9.646563,4.3655453,-4.7729874,-59.954678,54.093212,-33.0755,14.788465,68.51473,-10.720106,-24.462767,2.4289062,-36.83206,26.30232,-1.762909,30.668886,81.60102,41.44725,71.351135,59.153,34.839268,-9.321908,42.37027,-0.33061868,16.132483,0.26872924,-36.167473,-10.763719,50.918343,35.927773,-99.36334,21.903688,-20.220364,60.89976,16.197872,19.95965,-0.96910334,-51.35145,-50.89847,-9.779402,-3.197629,-73.32818,-21.144894,17.676811,-4.4960704,-34.715366,-2.4876661,-43.10323,-16.143547,-80.751884,30.171045,-21.726707,2.164667,-4.0923834,-18.28793,-34.24007,-21.384415,25.963736,67.32998,-3.4893703,-28.893965,-46.006977,-5.890049,-12.983233,-19.07427,-3.3124769,19.559015,-50.528767,-46.526073,27.539202,-42.65804,-5.674454,12.893971,-0.052479297,-3.6785965,-21.21598,-13.852964,0.6245951,53.962788,-22.360754,-34.125427,16.345606,-54.53295,12.444674,8.099821,-0.78354454,0.4917722,25.615889,-1.1653019,22.336756,2.986107,19.874624,41.38753,17.18218,17.866886,8.960527,-24.19771,-22.713165,31.799294,0.9163643,17.565615,48.33745,-0.04397111,47.896843,-19.148067,-13.386815,45.0901,15.442429,-22.711864,20.503345,31.143017,14.1874075,-18.220333,72.11314,-6.1705194,29.288042,-7.7200184,-8.293162,-29.02732,-26.315722,21.310982,-15.563374,18.698751,-16.82034,28.324945,25.271507,-10.399257,26.236328,3.493613,-26.608946,30.748915,-21.060308,-32.305603,42.548492,-5.311056,-13.410639,45.122993,-2.6342146,-47.526608,46.468117,-1.8026204,1
2015-10-14,Phase_3_fin,599.57043,-81.24828,83.29764,355.2698,-95.35201,-6.91505,88.47465,-101.637024,-132.86803,-65.36099,-7.3286085,-55.43883,19.71167,-41.79402,54.503757,21.414446,14.252118,191.90468,-53.02899,44.266064,96.75244,13.950506,10.669339,89.21844,37.565723,2.6950333,2.5108006,35.859882,54.257065,-26.605951,22.416142,47.07074,-6.6027975,62.211735,-68.244675,11.440829,6.551516,28.77371,13.359158,-47.242992,-9.068539,66.820724,4.221923,59.579094,-79.673454,43.02278,-4.325955,41.100677,-30.906382,-50.748116,-10.443187,-5.5124707,17.573391,17.432049,-46.86414,-67.47548,35.45211,-4.1346684,7.796346,6.561853,-50.563946,-21.51841,0.67448443,-9.554337,-18.60225,38.4383,26.819056,-2.2038848,10.00669,-30.214128,-4.364917,16.29734,-63.58509,24.277918,-11.576026,-13.383726,-28.223799,22.850979,45.957344,46.651955,16.473433,31.48396,19.502413,-22.346394,8.19837,-22.884398,-7.510128,-35.929688,-6.006501,62.24313,30.691406,39.785774,33.089222,-21.052979,23.073553,-39.455086,-36.5321,16.168266,4.3571324,18.111452,0.47365493,-4.763652,-25.258162,67.845215,23.103533,9.045713,-10.983668,15.132516,-4.1253834,37.767242,24.445839,-44.99193,-74.57899,-24.00232,-41.17943,12.290843,31.51503,18.84945,-8.524724,29.889927,34.56976,-24.360258,27.064854,5.2552943,3.0054874,-11.053299,-16.74954,11.742051,-1.992954,-7.6563206,12.849061,-16.493498,-6.4039893,-7.7820907,-21.030817,-9.052471,3.79619,-12.036216,-15.975544,-7.0701427,9.857474,4.349536,-14.819052,-23.004354,9.49124,6.9166436,6.32998,19.220072,9.2945,-0.56666195,0.9171809,8.786758,-7.882963,1.3482273,-2.1101127,-0.20229684,-10.942208,3.3537292,-7.8615084,1.0228503,14.7473755,-15.570155,-5.3842864,11.976496,-14.279545,7.279846,-9.207901,-4.467901,0
1984-09-14,Phase_3_fin,-94.32136,127.237854,132.63943,3.8424358,159.88887,86.34109,-6.154607,-106.31207,223.49812,148.60437,139.51062,32.548603,-53.872105,-210.28899,28.22163,-10.661594,193.1393,-25.817358,-35.856472,-74.30936,135.31937,-159.05951,-75.766716,38.336823,32.68739,-25.315296,-38.30964,9.508604,43.971123,43.122803,21.794298,24.84854,-43.389366,52.36749,-61.620678,80.96787,22.064257,73.372665,132.91484,-2.1338367,104.91009,-77.40052,56.287785,96.606995,2.3954,96.727585,22.509693,39.800426,159.67189,46.579613,-52.9231,-110.73548,116.079216,-69.347115,145.6267,2.5302408,-11.176862,11.710056,-11.785969,-8.93091,60.56211,-111.83733,-113.06556,32.882046,21.403534,-8.301684,62.320427,11.916123,-48.206535,6.004242,18.753296,-87.51681,-14.2653,-5.1760178,12.706552,12.919721,3.0451126,13.169916,10.123091,-5.03404,9.879028,11.211532,47.70452,10.758156,38.27824,23.971645,-22.82364,24.175209,40.83594,9.529067,-22.234188,-40.4867,51.24253,-36.724186,-34.00727,-15.068447,35.67639,58.22527,-31.200512,40.922646,23.034939,60.058853,-3.3425784,5.3869505,17.616932,-18.898113,29.653204,1.6818383,15.290617,15.148436,-16.214497,-25.599283,-10.833247,42.26303,-24.0713,13.600053,-13.242834,42.492447,22.768974,-8.485479,6.0025926,-7.968585,13.259173,-33.498585,-4.3572307,2.4459245,5.12802,-5.337078,33.098278,15.776975,-6.3637223,25.740583,31.129831,14.966189,5.4324493,5.194978,-2.3654346,2.0247183,-13.073991,4.9342756,-0.33224663,9.322048,6.9718914,-12.469944,18.70201,0.15371777,-27.052801,-11.543232,-23.882475,-2.5302005,-1.1147993,7.3767486,-27.958384,12.26074,-24.627243,-8.491388,13.214167,-8.641877,18.138863,11.509991,2.467731,-6.5232043,16.137331,-17.429634,-4.3238134,12.394746,19.148766,5.512151,3
2000-10-01,Phase_3_fin,-134.0864,86.17921,5.89795,69.77324,-177.64978,184.18486,78.85829,119.98852,-44.04014,72.51551,-5.6257524,-22.466541,-251.49629,-87.14743,-53.613503,13.201503,-114.1223,-28.250372,70.15083,-94.625084,23.353584,5.74923,74.67881,-8.884305,7.905671,-66.775314,-18.392698,33.493546,77.16132,37.76231,-15.438355,12.174709,-8.925057,-66.56508,-52.590183,-13.81158,-7.8722415,58.283733,10.88524,-50.2913,13.144934,-43.610046,55.458996,-53.80307,-10.70449,19.476927,105.17009,-141.58276,-53.00295,-18.525133,100.38657,-11.785808,48.99688,13.950871,-65.23471,-42.291683,91.03994,-91.47773,-80.83444,35.130146,22.188557,24.323841,-143.0008,-5.607984,105.27737,27.88169,-32.85845,-96.02597,15.313934,-18.731937,104.27375,-59.802628,55.404465,-9.869719,13.669556,69.08271,-64.36963,-22.294357,-43.349037,-41.608044,-100.5567,-7.909734,5.9390388,23.237022,-33.34024,-59.425537,-11.433945,-5.842398,24.76708,51.60449,8.446849,28.607903,-1.7251991,32.411987,-11.807818,29.441704,-41.352932,-24.47003,-15.202022,5.4955087,-3.707988,7.8153205,-11.747575,7.718092,-37.056442,-17.386784,9.200972,24.136997,11.16649,15.728904,-10.911274,24.456774,-3.9464197,-5.013777,35.3395,29.820187,9.814502,18.82006,-3.806215,19.526197,-6.967628,-26.575865,17.252258,15.844067,-4.2923813,4.2922325,-20.51021,-4.6716566,12.19663,-10.220557,0.82763016,-10.872074,6.3208647,0.1539681,-27.425406,-4.9579377,-6.521107,10.864192,-21.190756,-17.669796,-17.259724,-2.8761497,3.9948828,-7.0787916,-22.581923,13.7982645,5.931249,22.871885,-13.845758,15.7611475,13.109113,8.498375,-6.7374554,23.519737,-12.414708,6.8384476,7.489691,11.030837,6.579353,14.774748,-22.851402,15.197308,-2.0722656,6.1144643,-29.708597,-12.365388,-20.212214,-6.1785345,3
2015-10-21,Phase_3_fin,583.99854,-67.99857,106.98032,312.11914,-120.446846,-3.137981,97.743256,-131.76599,-165.63478,-1.6684927,-19.558578,-33.451897,6.1774306,-14.325663,95.031235,10.606949,18.590889,209.76234,-1.3657742,-35.62357,33.07171,-0.92364395,59.397884,79.83751,26.714527,49.836967,23.28934,7.830237,61.498047,19.33097,70.83518,19.943924,4.650735,81.16536,-40.125313,22.26855,-32.29768,-21.711052,21.827875,-48.92036,67.9502,52.703575,0.75036407,37.861286,-53.169075,59.045876,32.45977,20.591482,-46.09557,-60.627323,-68.968094,14.74084,11.111296,-1.9521303,-39.073437,6.3531237,48.90257,47.310352,34.379704,-8.006017,-17.970905,11.434395,8.0989685,-21.980082,-32.350536,-26.198753,11.663476,5.932562,10.346973,61.42866,69.32483,-9.8232155,-6.248862,-9.94379,-11.425998,40.111843,14.660997,-7.565164,-24.636646,-6.8426504,6.7265196,-42.061237,-12.965069,-20.798918,4.59695,27.23043,18.676064,-5.3379335,2.7862773,-9.56702,-20.978878,-6.1222925,2.0816243,-8.416421,-33.62461,10.13672,10.270359,4.1064706,2.38468,16.693535,-17.637169,8.990665,3.9292512,-64.167145,-8.223081,-20.750751,-10.868478,-32.32575,6.556347,5.869813,-36.659046,12.814926,41.57933,-9.731551,21.364828,6.8029,-3.4009323,-7.667333,-1.4456635,-23.687052,-22.388742,18.802273,-15.477014,-2.0219848,-9.413517,6.9535484,24.808977,-9.054202,-10.442914,5.2016068,0.7778665,20.493269,-11.119132,24.777412,14.18465,-5.02852,1.7913238,-1.0992217,0.700241,-1.5175582,14.550998,-9.17975,0.1578091,18.084402,-6.611865,-0.83638835,-4.2780175,-0.3619064,-18.753197,-7.2023716,-11.086682,-5.673037,-7.6266675,12.156305,-10.0745325,12.901038,0.3439345,34.899715,-13.853973,-2.2742283,-13.226649,-8.473825,4.4928913,-11.146009,27.608242,-6.9418015,9.693101,-16.426023,0
2007-09-08,Phase_3_fin,-102.76794,43.73945,-55.002815,-17.2654,-50.604866,-57.490433,-60.84174,-20.714106,-2.2465506,-34.959854,117.15379,-105.7809,-18.684328,-40.052067,65.99879,-52.75453,129.28122,37.649185,-36.28724,9.750128,56.608215,-135.58965,52.3756,-52.1553,-62.69671,18.417221,-165.27017,23.89536,72.22634,-35.09691,66.220436,-63.12492,20.49251,-19.137856,6.0999475,-14.434225,-82.12369,-36.912094,98.25559,-44.027874,-159.68799,14.905748,47.608,-55.667942,-0.22002181,-48.428356,-61.99327,91.18864,-54.288425,-76.73115,80.58462,-89.398895,-6.9266405,8.199295,-47.309536,7.77784,-59.06103,-35.864,11.462829,-7.845261,32.637302,16.334095,-0.925788,29.27875,31.665823,-41.44137,-9.190276,-17.561798,-13.59256,27.393135,-31.061852,-47.116455,57.31581,-20.996569,7.301119,-4.8255067,72.00345,-4.1252346,3.9170852,8.307153,54.074974,17.197649,59.533264,15.350384,69.188576,-38.453346,13.865809,-60.64706,28.322344,52.959675,-30.079006,26.069942,33.296097,57.053444,52.444893,24.982725,36.170273,16.998276,12.160231,-2.9425688,-122.640114,9.377177,-4.297189,0.26493156,-24.332493,-33.04944,13.109731,14.152956,34.66652,32.225456,21.63304,9.93515,-6.162745,25.839693,66.041794,-33.972572,16.406883,-26.88201,50.17038,53.061966,40.33551,-9.75022,11.861773,-14.10105,-6.498458,81.73457,-42.800705,-47.336155,-19.880316,31.373478,26.360777,-2.3907657,-19.53075,-14.898133,-21.59053,-8.128821,-6.419941,39.293667,-29.173649,41.332066,-21.607864,29.132189,60.652035,10.705721,-3.0995584,-6.0886126,-5.7926865,24.8268,25.406778,-62.94223,15.992172,38.976875,28.36615,-89.1119,-20.893661,-29.089191,6.4838843,-34.25191,-7.6843147,53.75544,-0.40858516,-5.355449,-19.381195,-33.278614,7.2271614,23.855947,-11.341716,-11.332657,3
1993-10-29,Phase_3_fin,197.72498,80.816086,-97.39449,0.44675735,-50.915184,-9.033142,171.27208,126.30328,75.661934,295.88516,-134.74866,-113.73767,81.01179,-58.74144,49.521183,-154.22572,-35.63246,33.286552,-80.24587,105.00296,161.34569,292.3177,-54.45195,-53.840694,-83.462296,66.90916,-73.24835,-1.33843,67.26982,-61.61561,14.204179,-13.447643,-28.343222,-14.129977,-112.93012,-30.40012,-22.276016,-89.09567,0.98348916,48.1754,-18.942076,-12.744161,70.00368,126.74024,25.394503,15.891401,-72.268105,-73.07065,10.256367,32.621727,-6.0652304,24.98839,-9.515916,44.26089,43.79643,-4.102469,-13.825864,-49.70521,2.181042,17.660172,-13.66902,54.919212,35.275494,2.198222,63.9359,17.511578,-23.95991,33.685974,5.539682,-26.626432,-11.493722,-24.473795,32.614006,-1.2034112,1.0769112,-17.205011,25.096998,-17.955858,30.459095,-4.6679764,-23.479883,5.1529922,-8.300986,0.2723942,8.620417,-8.194059,-3.8122878,-8.382903,19.009987,-27.534725,15.364615,2.6246932,-8.07509,-30.070372,5.134943,28.838232,-2.9026399,1.0700603,-6.8714943,15.489887,6.630422,-2.4889667,2.6021736,-9.323245,4.5235214,22.455204,11.102018,2.6628947,-2.0333717,18.843643,-7.6070247,12.981724,-5.0017943,-0.5425804,-5.9539275,15.884224,0.7269453,-9.053171,-13.514986,0.90664786,1.8666488,13.193368,-19.722486,5.9606204,1.830725,-3.6607804,3.1409423,7.787297,-7.2456107,8.571989,-9.150362,26.368647,-4.602857,-3.2333295,-26.067223,-3.5057254,25.612923,-10.804117,-4.7305927,13.285599,5.9777446,1.0724658,18.250378,10.215279,-12.738202,-17.283775,10.226547,-14.625019,-8.312112,17.64866,-4.5871854,5.7506413,-21.511839,-19.325619,4.0325055,11.561995,-17.73497,-9.418303,1.4491502,9.379908,-18.82811,3.7681844,6.920271,5.7819514,18.59986,13.222408,-2.0574255,-17.238161,1
1994-10-06,Phase_3_fin,254.98991,84.14324,-88.61253,-43.692562,-201.96524,-46.347878,-295.49503,96.10537,120.18676,66.71361,-84.568794,49.72296,49.82285,119.90148,147.0558,15.301953,-24.515543,-82.02082,-5.439131,-2.0146968,50.133896,-104.46965,48.38197,72.92185,-10.117985,-45.106323,92.93257,3.2006056,-74.20878,65.04198,-71.4588,-10.613876,33.676373,-102.399216,-61.004242,-30.09891,-12.484509,-45.788593,79.49746,0.099528156,50.67705,-12.1311035,38.087563,-16.143414,-20.840641,23.496653,42.603794,8.551848,-4.0904436,12.960339,-29.889704,20.143269,-17.440351,-7.8722324,7.645691,17.068504,55.288376,-3.1015546,24.448563,-13.019305,30.678034,-2.6381595,-18.453508,22.973389,-1.4487542,-93.726524,-60.259605,-23.420052,47.6076,8.259222,-22.31852,-38.09828,-54.856457,29.741436,-13.995536,7.0846906,46.802048,-69.91021,50.552654,41.642124,-37.02075,-12.916582,14.019577,5.0689826,70.06929,12.603886,75.17007,-69.80791,72.69859,-54.237385,69.257935,-3.42423,-25.03791,-5.2003775,-15.604039,4.534979,-81.353455,-10.355051,1.835306,61.157074,9.786345,-49.392044,29.239937,29.462175,-29.691338,21.486385,-9.6320505,-15.513252,-5.6997685,3.4256144,28.160364,-1.7982152,-7.8605065,-21.520065,-18.701176,-17.185125,23.66517,8.535188,44.143085,-2.5924637,-14.229839,-3.116892,17.608461,55.525913,-0.04454483,8.890259,4.2557745,-16.70822,2.1635373,1.4410256,-19.042927,11.998956,-19.357492,-2.1347625,-8.80141,2.635335,-17.427782,6.9518447,5.4260936,4.940375,28.643566,4.260642,12.971719,0.1036759,14.584092,10.817125,-3.1424115,-2.644351,1.585368,-2.4606862,5.854667,-7.1323295,-5.1184707,-18.110733,-4.950517,-0.40499043,-0.4255116,9.775202,-8.673827,7.574393,-8.87619,19.765541,-11.888763,7.4019103,-2.9829361,11.758741,-10.779018,-12.300372,1
1986-09-19,Phase_3_fin,124.38689,91.60557,-213.36795,-6.6647778,151.0191,149.18677,-139.97902,128.60924,-75.907166,44.029133,26.287518,13.180611,113.700485,96.9027,-122.03077,-7.283881,18.79654,214.76057,54.523052,37.334038,-39.037277,-0.49875474,43.9138,-61.96955,-16.202078,-4.3044615,-51.732887,-65.59034,-55.986904,-28.584034,36.906506,-21.904324,25.5275,74.27388,13.369861,-10.923913,7.419566,-12.914565,-4.9514737,-33.20449,6.833324,-28.037794,9.552088,-11.148877,-26.738886,1.3502393,40.91967,20.202044,-52.43272,-5.9673867,-33.035,8.75532,-7.0113,25.228788,6.341478,24.602884,16.998417,0.90998197,-35.767235,-18.605019,20.826443,-13.99947,26.554535,-1.5495285,9.615158,-5.8561835,8.625121,28.287846,-4.1838813,-16.576773,-26.543066,-50.494644,15.8623295,-9.152425,43.293068,24.173405,-19.016989,13.116245,-18.232052,-35.884666,-16.954823,-5.371821,-13.017584,-10.088577,19.424845,-37.300434,13.854634,-19.43409,-22.671616,-20.54914,14.264995,16.365402,22.661692,-23.810394,15.232923,21.128035,-34.041996,4.9494815,7.4849186,-29.396048,-34.24318,46.191814,-28.42247,6.7718863,-21.412113,28.560532,10.019079,-29.528591,-7.7676234,-44.323696,-38.750305,-4.9288692,13.927629,-15.092042,18.938622,37.067566,-19.223047,5.79207,22.086401,4.7665606,30.94146,-9.107995,15.81774,-20.614666,-17.956182,47.71127,14.792132,42.982483,38.695805,6.6229577,1.0685508,25.489922,-61.30768,-10.79156,-8.604471,62.194584,6.1909056,-45.982685,0.41354537,29.510231,25.058908,-0.9382946,43.79771,-3.8840425,-27.069136,14.859295,-24.132727,-21.522488,31.438345,11.630546,11.942302,30.432274,33.863564,42.970665,-39.837265,35.474144,33.937317,-2.119045,35.887184,35.27847,-81.46061,-74.28968,34.086365,0.121886015,6.8497443,55.490925,-3.447564,-41.818127,1
2008-09-25,Phase_3_fin,-141.93353,-210.31686,47.182846,-2.1968606,15.628885,65.234215,-23.545961,-116.79097,111.1855,148.7663,22.772387,-149.45523,-131.88864,-31.931017,-43.804123,146.36455,-21.820898,46.293297,-119.066216,33.078243,-103.29197,5.1935873,118.39648,94.93388,40.24683,133.4409,-72.321686,-27.504538,-140.60242,-36.76999,84.46084,-37.38751,-60.862217,-10.462348,15.291167,22.538671,19.208681,-85.171364,47.489937,-33.801014,23.226467,93.7182,-21.375626,-25.633738,-5.5796313,11.427993,11.740484,-90.24613,21.686466,44.587837,75.4991,15.259872,47.67744,2.4310746,23.623133,-25.994226,-24.481232,21.993364,-33.82276,-67.80173,-23.299828,4.9299994,3.9465337,54.525646,11.993662,-30.543911,22.199968,-3.8272297,9.433731,-43.920532,-6.8902764,53.137268,47.418488,-42.949486,-5.483896,-26.346363,-44.851063,9.895487,7.912073,0.9434418,3.3734028,1.6415186,9.087731,-7.4693995,5.9743643,40.9333,7.698428,-6.017853,6.412284,15.816485,6.9605317,-16.988272,-29.043833,44.45385,-60.187077,20.730173,-4.9485607,-38.312473,-42.185715,36.42127,-14.648167,-5.1844916,46.75264,8.628116,0.063337706,-8.612087,4.2765503,16.926168,-19.162455,-5.3811116,-14.366139,8.401807,51.279278,-29.62355,0.9801574,12.631557,3.3101795,8.5443,-14.0970955,11.589117,4.669682,37.26861,5.320247,-6.458201,-8.191498,22.226694,-3.544239,28.544046,5.4252577,-32.612923,-14.592333,15.963412,-6.5052986,12.539686,43.10871,-1.7063366,-44.425945,-4.3088408,-1.7332458,20.354807,-17.27371,3.2637107,-12.109821,2.0784273,-6.23116,-5.219024,3.9811661,57.3925,-4.985725,10.906754,6.3775043,-19.709538,-36.206173,-36.16687,-40.551876,51.87261,-9.960192,-30.696337,-0.99458766,-21.150375,2.442349,4.417989,-25.489925,12.973828,-10.730476,10.514838,-0.13657236,-32.36531,2
1998-09-25,Phase_3_fin,-241.25755,-245.24428,309.49573,68.871124,-48.24137,20.79512,-130.16826,103.24651,28.167809,-168.94406,-141.60062,-45.43731,64.626915,39.232628,49.38622,-30.666853,36.671078,-38.218483,160.12624,77.635994,59.398083,6.1331186,-59.870113,-34.040283,-47.30193,27.94911,3.1772554,84.39595,8.6061945,14.414057,75.20616,21.926344,-34.84825,12.584118,29.177168,-16.196815,60.614315,-88.26898,-33.83649,-50.210075,-5.4500546,13.433747,-28.823309,25.59101,32.282814,34.306942,-21.758293,14.915078,-64.75321,-0.6268134,23.500675,26.160511,32.594414,51.825848,82.88649,-94.03762,-35.561024,25.927443,-61.97845,4.3500576,41.430645,0.52042174,-2.9701324,78.72303,4.7150106,-6.820454,-38.15053,-89.87236,-21.305128,9.4586935,16.375832,35.092888,-30.624178,6.8434567,21.273666,-1.9859111,24.022562,-50.939434,-6.45723,13.120825,16.746319,-45.95295,-50.94596,-9.675654,5.5372725,-4.1667423,46.29382,14.489616,-40.7638,26.198421,-5.0871477,19.576872,11.776517,10.422845,-5.9762125,-19.311598,-25.247732,13.902644,21.346905,-73.951454,21.451933,-4.9017115,-19.304663,-6.9928746,11.304528,27.660946,-10.638266,28.58696,19.990656,18.125912,-11.157073,6.6585927,-8.78098,34.68832,-5.091528,15.081555,-3.0290344,13.161475,5.6127386,4.8700438,26.987421,12.549107,46.637264,-16.35854,-7.9432626,18.270622,8.744606,-1.4552827,7.494001,1.90039,-7.677187,-14.27091,-12.656627,-17.589073,6.8558955,9.000291,6.1542716,0.057994496,-17.637798,16.137377,17.117376,-10.35824,26.157797,8.63986,6.37994,-10.067118,-10.481392,-22.012829,-9.926666,4.7198524,18.676825,18.253584,-21.747566,34.29664,16.862726,28.38088,23.811136,-17.201683,24.037535,43.438335,-7.891502,5.8630223,22.01272,-17.30449,-8.831179,20.171806,15.106046,-8.543297,4
1987-10-29,Phase_3_fin,272.47253,-105.819626,221.49956,143.23663,-3.0551848,-47.330467,182.64325,76.69201,40.524185,138.66869,-36.522163,130.46175,35.839134,-2.6631396,-30.150908,-34.14107,-10.896778,-62.286274,-57.32413,-14.496896,-57.368095,-15.503491,-15.817099,-50.49006,-26.292355,97.28,21.421213,-55.86676,-87.96839,51.451935,8.043487,20.668983,9.799147,-16.01117,18.107018,-19.366138,48.26399,-79.532646,10.383923,56.996964,-20.561857,-69.76179,-12.8915615,21.525675,33.444714,-17.664516,82.999,-33.604435,39.46974,-43.183117,-95.371925,11.583001,-65.32663,49.75747,-3.8693283,24.145958,-16.15247,-15.143349,-35.301373,-25.273947,-3.6209366,-3.2440996,-46.710342,10.302945,-27.57892,74.04359,10.269007,-62.26952,-1.2782989,20.829105,11.206407,17.86892,11.595879,-10.578098,-8.745579,92.491554,15.1882105,-63.05217,-54.41998,-45.425175,-5.759277,-67.93742,7.2738605,72.7939,124.04766,-20.00535,-20.83137,-14.889267,3.1600564,14.433648,-85.95888,-8.84592,-42.580902,44.229683,5.206098,-82.85898,22.804068,48.675385,0.6417723,-56.40553,-32.051117,-30.986284,-15.514804,-0.76798457,80.64172,46.287422,-19.587732,49.239376,-94.1573,-55.610462,76.05576,-80.60566,22.973318,4.553676,70.26277,-45.981598,137.31604,27.862408,-45.437805,45.175076,12.870222,5.1247025,41.770947,14.916157,46.55632,-85.5511,64.273674,-57.35822,124.79399,77.98238,-65.400696,27.102095,-23.497347,-69.24691,11.261524,-59.45187,-37.0545,22.75958,15.5557375,-16.788837,-42.067303,-49.330013,-10.5303545,-9.883388,-26.505154,48.236813,14.21523,2.6635635,-23.035288,-13.534109,-0.69804496,55.995453,14.057344,-50.974224,21.477985,-36.81511,43.045837,14.7732725,-32.995373,20.25591,3.3139036,-84.87308,-81.23841,7.263638,-14.976231,13.408816,-23.994879,7.701569,0
1996-10-16,Phase_3_fin,-54.52268,128.08264,17.574196,49.17683,100.14544,100.02478,-65.04005,-210.90912,284.1902,-179.81516,-70.35833,-129.01053,-77.720634,40.46755,-51.033302,34.101,2.9836838,93.33428,29.352907,-22.351482,-96.80752,44.914833,121.38187,-1.4311994,8.323902,86.77236,-69.96736,57.352802,94.23325,79.676414,-174.99658,140.62917,-73.73916,-44.675777,58.931522,-108.48675,-58.952225,7.788612,89.60088,-13.213166,-58.77201,0.17883722,-19.136358,19.581532,-26.830301,17.25275,27.155033,16.346687,-1.1402526,-20.146729,-28.300253,0.95663846,-24.749115,-61.917255,13.467487,-11.302588,-19.827549,-41.654236,35.12241,36.920826,-50.67742,1.7997887,-41.01334,53.732986,7.005546,16.208786,-13.699061,31.812914,-11.417138,-34.581768,70.36578,72.56245,14.219813,17.74804,51.2378,37.21453,54.41515,30.203022,69.869606,32.810547,15.359749,-23.477491,-70.36429,36.394955,11.408498,-28.288696,52.318817,49.33551,66.06069,-74.3522,-30.477701,7.117868,-27.995567,5.895537,-9.830098,48.76938,-46.53362,32.912502,-16.327532,-10.038817,-17.270279,95.14619,18.293476,15.181504,24.672419,-15.591573,-46.411987,-10.293748,-10.818991,-63.304573,67.910225,-41.10604,11.592031,-4.6033573,-2.22879,19.557072,2.5305867,7.3338265,-49.012417,1.9568715,-9.542941,-11.450589,9.498021,-29.789173,7.978465,33.6806,30.79409,-43.81213,-46.93977,-11.704262,51.09289,-26.576946,-25.978348,15.49485,22.285587,-31.006018,29.31168,0.6314468,-17.441471,-2.1689105,-7.8356204,13.523486,-2.1398942,18.763458,1.5431613,18.688648,-26.679787,-2.9523232,37.014668,10.68162,6.6587787,-4.4313307,-30.161135,-2.8027601,-4.9176197,-1.0139685,-59.862003,20.606194,5.4424067,11.085504,-8.189984,-2.3987796,-19.533041,13.55546,-0.28507504,-0.73545134,18.454807,20.00482,3
2004-10-09,Phase_3_fin,96.592606,-8.37792,-26.670597,-146.9588,2.6707015,-78.06703,-42.054558,-38.12841,-19.704687,-82.3635,-26.273233,45.84442,5.2631187,18.016823,73.163704,-17.108332,-66.192085,80.48667,-54.638367,-59.310966,45.41246,107.06612,-30.455992,-40.193687,5.5961223,2.447254,-13.987581,-8.166346,-69.64258,27.920992,48.794407,75.67467,-4.4404216,49.870872,83.47907,-129.31277,69.15488,46.244377,-73.88497,-135.96007,99.985466,-126.166466,86.43217,-70.446465,-64.69163,-9.529429,37.836754,-79.911224,77.66306,-61.777233,18.77825,-49.899326,46.257275,-28.60475,-24.142715,-32.30916,-55.898567,-18.65593,39.982117,22.396637,97.096275,-15.573322,58.84676,-30.98845,30.245996,-11.846316,-7.374377,43.260105,-21.039274,-75.99403,-77.58386,55.252853,-33.080475,-41.320114,7.0597887,-22.553566,-11.06317,26.664562,22.26363,11.94434,-2.2382047,-22.436733,64.00039,-33.57172,-13.660065,1.1409267,-41.41276,-9.143711,28.158834,-13.403244,34.621693,3.8619504,-30.748896,-16.891438,-33.656616,11.2628355,-77.376945,-54.48938,-19.407324,6.2649865,21.727962,30.096684,-81.14031,16.007269,27.93455,68.80505,-35.699608,-26.25979,10.698537,11.954188,-48.474117,6.4926853,37.52463,56.626038,43.822147,-82.155426,35.83652,18.249556,20.52694,37.963833,10.510801,14.798564,54.40668,-56.671444,-3.5251784,45.398777,22.834536,2.5123506,-42.863808,6.0752726,-37.363766,23.827341,17.070984,-23.739363,-58.66008,22.407015,9.474296,-0.21478562,-18.909863,-33.59822,20.907648,-1.944647,-66.049225,46.001236,14.419015,-16.410007,17.037386,-45.28861,4.354451,-13.957844,-17.892378,-13.72659,-5.8978744,-25.588572,-16.03511,9.2998905,18.056538,0.90037024,4.1939235,29.54522,-17.051292,-13.707104,-10.597157,30.783264,-5.589537,4.8495474,55.78219,21.908957,1
2018-09-07,Phase_3_fin,71.392784,198.5328,-93.9927,-87.01906,7.100682,78.38642,108.36248,-30.828033,48.849846,-27.06277,-239.48505,17.425417,100.2691,-74.996994,88.40121,216.2334,22.463234,-32.941376,-27.621769,119.222336,-85.589195,-190.84636,-39.568462,-19.211779,-115.84493,-59.533257,48.018997,19.910816,62.886074,-19.672476,18.133669,-0.8324694,-49.775482,26.748857,-24.859314,-3.000541,-67.48239,-96.291046,-0.2841799,-5.5795484,-72.122055,-43.238876,-18.053782,24.720203,-24.75787,1.8037404,58.312447,-21.083868,-60.747528,35.164223,-62.615173,71.61349,69.80628,-34.365623,-4.059855,-26.56311,-52.07328,38.2292,-58.435047,2.7534745,50.39325,40.344955,-95.52942,-94.51089,16.008198,29.253588,18.043194,57.589275,30.298729,-7.7642994,-4.242319,78.72343,58.850925,9.397962,-44.851837,4.652425,-15.058945,-46.325436,15.202624,29.44995,31.352438,-16.820452,-5.0907445,-8.940362,3.3511174,-19.660866,-26.010303,48.612793,13.837101,34.2633,19.781668,0.14163484,9.628772,-6.9489336,26.814476,9.654778,3.8744986,3.3112688,0.15225923,17.137821,-6.54279,13.037009,6.6804123,-10.03607,8.454594,1.7610236,16.260674,-9.275392,23.006222,-21.712051,2.2525887,30.277273,0.66421485,2.2643538,-8.224763,-24.55441,5.7272677,-1.8770701,13.4973135,21.027832,5.602913,15.994901,-0.88452756,5.079436,-7.067145,-2.9552758,5.8803105,-2.4927156,-9.429088,-5.924054,-15.795128,8.055931,9.768401,11.789545,-10.407859,10.164225,-3.8376296,-0.5544698,-0.16592506,4.6446805,8.486759,6.0282836,-0.8612046,-2.489796,4.3741803,-13.537903,-12.955069,-11.4197645,6.2409706,7.36103,-11.066099,6.955964,13.526078,4.901455,1.7571107,-13.236522,11.14264,0.51731914,-3.6420405,-6.383244,0.40321726,-3.8392162,-5.1629066,7.2617,-5.2929606,1.5309508,0.8818774,-15.389018,1
1999-09-30,Phase_3_fin,-297.78116,-114.37605,68.052216,-110.736206,-255.64848,97.1186,18.960484,-97.58592,-193.34843,13.644544,13.356608,17.810091,82.1701,75.74171,-46.199024,61.3437,19.321486,77.19585,-135.22484,-52.844116,25.26798,11.321584,-48.06032,-30.195793,-27.140356,-45.274715,-47.746914,5.2998285,7.866965,-5.7357945,-65.97507,-3.55465,56.0237,-6.6084547,30.33805,-10.484425,22.253038,41.552677,27.023472,-14.187172,1.3647926,33.73459,12.816839,20.784498,-10.422079,-21.099392,12.312019,-20.189447,12.0992985,46.46482,4.6111236,10.889673,22.108248,-38.919476,18.691757,-14.597465,-13.905126,-9.020319,21.23758,-46.80982,-11.836168,16.657927,-48.544243,20.08538,-58.934948,-18.568428,8.782057,30.385517,13.601766,-31.95791,16.845787,-5.9115677,34.348152,54.247852,88.57642,34.020824,2.3018863,33.829815,-5.508853,56.289825,-30.615637,-34.625767,-26.545134,56.27857,-25.471191,20.834856,-16.922167,-29.209873,-62.403175,-7.5927134,15.248783,-44.46104,27.898499,-2.0443354,-14.800112,-34.82173,-15.797504,-51.23963,-58.18734,21.534218,1.937636,16.882177,36.888306,28.686232,-4.7610726,-43.634537,15.463234,-28.000435,16.427622,-4.5047793,14.547371,14.288221,22.129677,34.312653,-44.58718,-45.75221,33.29959,9.111484,-39.90744,-8.201315,0.6694378,-28.774948,-1.0024543,1.2527262,-10.916162,7.066499,-2.541702,0.8031548,16.321526,5.812288,37.157322,45.616028,-9.174872,-29.085823,-23.995699,45.206963,70.46024,25.154175,68.448235,-7.647007,-18.961731,25.052296,-20.737204,-23.735025,24.212729,33.619316,26.470314,18.810673,-33.83354,2.84338,-40.012356,19.723804,49.063267,-9.712292,-17.006754,78.47634,9.907166,-78.929565,-28.599447,-43.046024,62.574703,-17.189861,-15.90293,-1.7743965,17.20867,55.935184,-19.987162,-18.168594,4
1988-10-31,Phase_3_fin,-263.12894,123.059875,128.94353,154.5419,-7.886633,-248.9228,48.75292,67.199684,35.757103,-5.8973713,35.613026,19.00731,-110.83858,110.54106,79.76339,3.2956555,-50.489983,8.998105,-28.056198,72.58358,-32.839092,-66.916885,159.26514,-8.466198,-42.428078,-89.44577,-104.78421,24.153082,-25.670383,-161.3896,-86.5044,-31.384306,119.84316,89.33939,-4.9642506,58.84076,-67.23782,-43.824287,-59.164494,39.68805,-32.666336,26.418764,42.506813,133.60371,-44.50706,-29.609875,149.63792,-34.60078,63.262035,22.254671,-86.62573,-105.67131,22.931732,22.692633,-2.6412537,64.98577,-74.05391,-38.01711,-10.121816,-89.1629,-41.589104,-168.3116,115.6696,-104.005356,-46.286083,37.394432,-194.29303,-70.95165,-37.60484,39.754707,30.157743,4.8094387,12.6616,58.477108,4.931788,54.396202,18.611113,47.52709,6.353163,66.8331,13.080894,-18.794601,1.3511286,54.153645,-66.88008,-20.195086,22.94595,-16.757532,81.68778,52.14337,31.484035,7.407261,-28.525278,-1.0295233,-24.751917,31.101358,72.17836,-41.700943,10.932551,-61.248356,0.34029472,-7.5108333,10.472923,22.996828,12.431839,-1.4927337,-0.9052095,37.999935,41.719303,-13.476222,-22.636497,-4.3987784,30.173428,-15.84756,13.894275,-7.631193,-3.8242748,-15.001728,24.76488,-5.3975663,3.9165556,29.489939,46.07034,27.35192,6.6216383,-14.308157,-12.563959,23.11012,-1.2846836,9.779973,6.8503795,29.658388,28.081142,19.429615,0.48752716,6.477394,-2.1909556,-14.621717,-16.992125,1.2425944,23.46821,0.38122204,-23.306,-8.329276,-11.805935,10.904161,13.368014,5.371943,30.959518,3.4208205,-44.41014,-9.149181,30.507526,-16.732096,-5.3423724,9.917734,-12.263378,1.4174339,7.5586905,21.972471,-2.8273818,11.42383,11.936452,11.510971,19.032223,14.057809,3.1874044,12.332836,3
1985-10-30,Phase_3_fin,-93.048546,76.53582,-100.35173,22.43432,93.046555,-0.16344802,187.06256,-126.45563,28.635937,-113.98659,60.315083,-111.28956,88.26165,19.478596,7.510908,20.779984,-108.04793,-108.261055,97.978035,-105.52056,14.155717,21.419453,59.743793,-2.1261368,-17.454344,119.00709,81.583466,36.17042,-40.628784,115.703384,-3.2353969,-31.858677,116.882164,52.350758,-89.20111,36.92507,175.94731,100.790855,-40.068806,1.4146823,-10.378145,-52.33532,188.514,21.044592,79.02975,6.3107,-104.38374,10.8659,-113.72038,116.58909,-82.065315,81.70159,40.919384,99.1224,-135.86168,-39.42715,-143.31549,7.2731023,-89.13612,-5.3830824,-43.58671,-56.484512,-16.76886,57.66779,-132.91928,-53.19217,22.113083,-18.620163,66.90728,35.62317,40.0878,-56.56636,38.733574,-25.551414,-28.612839,-46.676014,-18.019049,24.676785,11.199784,15.451279,40.324814,3.0775032,0.30939898,34.568745,11.297694,14.491572,-29.396008,-13.608348,51.629047,-3.757827,4.63552,6.848084,4.082108,37.435154,-4.876339,52.548374,-4.4294324,13.264528,-23.713152,14.347742,-18.427813,5.686227,-7.3584466,-4.9751782,-1.7508187,10.201097,2.6937447,-13.5033,-16.257824,4.2624507,3.2335734,11.632266,8.03861,-4.67839,2.754566,-19.220543,19.659994,-0.6516223,0.71090114,6.0766892,9.708613,-9.235347,9.048915,1.1818091,-13.692737,-2.5466669,-6.82941,-7.506523,-5.84907,-10.225753,4.260826,9.146275,-3.7506979,13.669654,-13.267025,0.5650542,6.7321563,-1.7387195,-14.020915,1.8451133,-6.340957,16.18216,-21.561584,-1.9346797,10.628235,-4.734934,-11.681422,1.7483858,-16.566303,2.7602963,-7.6213236,-6.7747583,-8.0773945,2.0702384,6.6249895,-3.9196908,-5.60556,6.4944,-2.2483125,-1.763501,-12.622185,-11.320053,10.760903,-3.934795,1.574103,-2.831395,-0.90464306,-7.7161326,3
1985-09-28,Phase_3_fin,-124.99846,111.498146,-114.89649,70.83824,74.783775,50.120564,92.62119,-119.02865,-81.62108,-80.19198,41.89558,-33.059586,39.75741,-105.019875,-86.81915,28.358143,-57.045082,-102.5568,42.498577,53.71212,34.73624,36.160282,41.140766,-142.07863,27.740438,97.69765,97.255325,35.933453,-29.115395,6.02266,10.356199,-0.45627037,59.58161,26.396643,-81.79542,10.396423,-35.163757,88.45893,-21.37058,30.724524,50.360306,12.792522,9.572166,21.32769,-24.489859,47.898254,6.079151,4.5335145,2.9433491,-1.1681398,43.356697,18.054317,32.42808,0.02055188,-25.222166,-45.419315,-9.23564,13.971615,28.810276,-42.167187,-17.959265,-19.314299,-19.140368,-2.4393842,-0.4388243,21.759092,-34.090343,10.589179,26.499186,-34.41477,-57.507893,1.4845852,-20.979883,-60.379658,-36.23037,52.37791,86.92012,20.871632,8.183162,-13.615705,9.71742,-66.3024,-20.457983,-44.633938,-45.675156,13.04397,-54.27658,42.123688,-26.432491,-30.271313,-27.349844,13.08657,2.7213063,6.9316278,7.5918417,-54.81033,-15.826363,0.887757,-7.8752656,46.704067,-31.765278,9.894814,-8.198241,-11.405769,18.935183,41.255722,-16.505901,-20.50785,36.042015,14.615035,-60.380455,-22.991974,26.717081,-36.83958,-51.254944,50.896404,-63.16956,-48.879112,12.0912,38.58158,-22.536766,-24.4583,65.10764,-13.615574,13.120338,21.008554,6.4367256,38.72576,32.36773,17.573885,-44.50709,-57.8908,-13.38098,46.190323,9.6808,20.600464,21.95293,-57.695812,69.64211,-21.981346,23.40459,-59.58877,104.62546,-8.7562475,-25.119253,83.65143,-14.43443,58.665546,75.85134,-63.728737,60.89453,98.3602,56.379047,-37.12943,-14.417727,10.53,17.324968,-84.999146,64.5549,16.48087,15.627841,79.27597,-70.70006,9.029591,-5.1111083,-5.9703255,-53.23592,114.057945,3
2008-09-16,Phase_3_fin,-77.14757,-184.92242,-15.379563,3.232377,22.371077,69.03254,-58.288437,-37.455708,103.3855,138.8098,19.692873,-81.868164,-136.66557,-53.79879,-90.05653,131.16325,2.377956,48.385155,-61.463264,61.90721,-116.46552,-64.9994,106.6139,77.15685,52.963444,149.18208,-61.121357,-61.111137,-88.19388,-3.640561,51.566273,-15.784374,-10.212717,-41.661343,8.235925,59.842426,2.971348,-92.245026,76.6137,-12.519444,19.699297,34.29963,-28.82084,-21.178656,29.888355,4.0637403,34.945835,-61.913967,-4.1602135,7.441879,87.40688,-5.616913,49.52681,22.899948,22.659594,8.104214,-38.231743,29.175901,-13.196342,-61.17516,-21.70768,19.711355,19.043919,-0.11675174,18.032272,-76.889534,-1.521656,-12.312968,2.3411531,-25.751532,28.785946,-23.447926,85.990616,20.124666,-47.639038,-60.398956,-21.396257,35.109978,4.9625487,11.547092,34.046005,-16.158493,21.737999,-24.56667,28.130106,21.690355,29.919262,4.0968027,-10.055246,-62.774204,-24.963554,34.248386,31.182005,24.130968,5.94326,-9.527531,12.834733,-23.194225,32.223347,53.121998,14.479322,-8.326423,4.2076287,-8.197518,40.845673,7.407989,-28.076813,5.622127,-9.395628,40.02621,-6.9597855,-13.384637,-20.871208,-3.7144618,34.141518,5.0507946,12.178413,-0.062412273,-15.614276,-8.195997,11.686091,-35.94665,7.4954886,-43.523865,38.46481,-9.228579,-3.3069737,-31.83732,26.808306,-17.57136,-31.42636,36.32265,-18.437624,48.250767,-5.27186,5.310777,13.476115,-48.167915,9.9503975,24.307516,-13.679231,-8.10203,-32.240025,-9.59822,25.627993,14.936339,1.3904301,64.652756,-2.765904,-28.620115,16.78577,13.008655,-18.253664,-21.396343,-15.248259,33.271824,0.010118372,-6.518155,-2.121157,-11.986003,11.007493,-7.4516764,11.996561,7.65068,-33.708393,-5.469911,24.860275,41.88652,2
1999-09-15,Phase_3_fin,-351.16708,-160.8796,77.10794,-142.63367,-207.11906,49.871723,29.894741,-98.08979,-119.41633,5.9592113,-26.282904,58.748802,88.51414,-34.32976,-27.555313,81.31208,-27.989056,-2.2788713,-129.28165,27.373611,21.644644,-10.770118,-46.631268,-97.348404,-50.029472,-60.720734,-28.977695,-14.502815,7.2578354,-80.104195,-91.07699,-4.481141,-4.5743895,94.2193,22.45926,-25.0807,29.071995,88.58162,162.45941,23.707764,54.6917,-15.608257,21.93947,1.0494899,-127.65696,-16.040699,-47.55488,0.33588186,-74.44881,38.750813,43.69958,-11.680667,-36.209282,87.106346,25.836287,49.796852,29.81299,29.823421,-12.076909,12.385647,7.433884,-17.071907,33.099,-44.014065,32.828976,3.4942484,-1.0012268,-32.857952,-62.464233,-12.397591,45.540016,30.530598,-47.80128,-32.812496,-15.700185,-20.99975,-12.225321,-17.566765,38.214626,-49.536484,20.395979,3.3620198,18.499922,-54.17031,0.11451341,-20.535952,23.886047,24.109581,53.334656,-29.973969,-40.0856,42.91121,-17.738283,23.360426,-25.069313,19.83173,-4.241257,45.27157,31.676878,-9.917196,-3.3915021,10.519958,-26.097498,-45.877674,-10.469329,13.373315,-13.531508,-3.6115372,-11.972193,21.770546,24.791342,17.8121,42.331078,-40.09076,19.311304,15.22582,-2.7176466,-14.668276,45.384373,4.149118,-7.639054,-46.430958,16.083048,-26.447384,-17.684465,1.9518027,6.459104,-7.369864,26.16453,-20.234074,-5.6871223,-6.6686068,24.647346,24.198238,-31.428299,-20.150536,-8.557016,15.586658,18.167112,14.687592,-16.716785,5.1319766,-7.500871,-24.08299,3.4514387,1.3533584,33.189167,-11.4637375,8.621323,-5.394593,-12.128665,-32.08939,-14.678549,37.89999,17.639599,13.512664,-9.239636,-15.210727,-5.4530478,-16.75392,-2.2674434,-8.555789,13.447623,14.184323,-4.2369437,7.6816273,-17.22727,-6.290002,4
2010-09-06,Phase_3_fin,-344.25433,-149.03485,-179.95964,84.82099,191.62656,-68.51633,-156.10992,129.04051,-219.83136,10.368192,-20.883356,-104.53155,13.866173,-178.83443,13.829515,-31.918196,-80.30566,-17.502096,-71.728226,-13.302069,125.22805,-50.798157,-53.15784,16.303959,-24.22857,76.634926,-2.690173,-9.272695,11.643587,9.893543,-11.360974,69.5449,102.711395,-35.12211,82.52071,-26.187883,-25.234169,-40.805286,63.13419,-56.0385,-46.6601,32.28949,-33.479637,-3.807115,41.444527,-21.577187,28.618286,-73.386406,11.764631,87.5981,-82.72075,8.128343,-28.064186,-11.841753,-7.125281,-8.916827,44.22057,-49.48892,5.603721,92.82981,37.637825,-76.196724,14.551141,7.0975747,-44.97365,53.110664,19.032219,-15.959638,36.718918,22.559612,10.494577,7.8807206,-6.2949457,15.748555,-11.065722,-12.047888,19.151352,-4.017624,26.90446,33.054913,-12.426084,-6.9926105,-10.03754,-6.9550414,-25.687635,-11.800189,11.598491,-0.15876678,-29.68605,6.154179,-15.268371,-0.12875931,14.714657,-16.366901,-9.697825,-6.479553,13.705229,-17.723717,11.86048,14.569297,-22.42241,3.9926782,0.1721815,-12.689088,-11.149417,8.224494,4.0165153,16.945246,-22.133696,11.37176,7.452014,20.546682,-1.563769,-7.575982,-0.07956211,-3.5092149,-11.446435,5.7276697,7.6604304,-4.6900826,-0.62537026,2.6116145,-3.9369802,10.229167,-22.714241,5.800207,6.8381867,11.741182,-16.117828,-6.9975686,8.858172,-7.813495,-11.858948,14.2725315,2.1065505,5.246802,8.928608,19.439182,24.986609,16.154762,13.842192,-2.1477852,-1.3463123,-0.054888476,3.9317834,3.6424248,4.422069,23.10382,8.191003,3.1154783,4.1800838,-13.19283,6.923638,-5.230212,-1.898948,5.675436,-0.97245324,5.1798096,2.8866994,-1.3244158,-13.0872,7.574269,13.604378,10.19739,-19.57709,-13.694683,7.1751165,-0.290177,2
2020-10-08,Phase_3_fin,-99.99668,237.32059,93.64218,100.04921,-153.27783,-200.36708,-109.65429,40.709732,56.656193,103.27574,154.81712,38.09936,56.64225,87.62426,-2.777775,20.014465,-47.50761,72.578445,100.49175,51.140854,-56.434574,-7.7782636,-55.139362,-51.338814,-20.051727,16.742033,-14.380467,8.768732,-0.73267746,-65.57378,-3.1578217,-23.650532,-72.02824,76.368996,-37.376133,-93.71635,-42.629314,48.672966,66.02242,-55.87356,22.435663,-55.32125,-37.72157,-23.434477,114.29532,35.049194,1.6294454,-59.98712,40.953457,43.96781,9.172077,51.432125,-6.9686623,-6.0818267,-51.28826,-22.301384,-56.65986,33.443512,-1.4526223,61.128765,-1.1320294,28.732256,8.017641,-23.08714,-23.355186,-6.0065055,-26.215649,16.171824,-32.465397,16.675526,55.321384,-34.040016,-56.869137,-28.06903,45.314034,-3.6946611,-13.886115,36.881958,16.195724,1.6759914,26.177296,-24.076633,18.67111,-4.597457,-5.7913723,13.740114,-3.4531448,-22.562098,-34.29615,-12.97771,-8.944591,-10.803928,-14.54774,-3.4913747,6.8507595,3.4247322,12.12796,29.767912,33.565243,18.228146,-10.950753,6.1106567,13.794629,7.7669015,-9.570075,-3.4348893,18.916492,21.746178,-5.3739505,1.9339285,7.6192966,-17.419346,-1.5086734,15.344292,-0.22157021,14.628593,-2.3465288,24.128342,-11.509007,6.178296,-10.9762945,6.095236,5.8363447,12.823406,1.7101761,-2.1006134,-3.9445665,13.403191,5.699485,-12.483384,-16.863213,-10.584133,4.3047676,3.8585625,1.0862049,-4.9276395,-2.7149334,6.7733655,13.279013,-5.1803846,-4.396497,-16.802475,-10.553295,-1.0935279,16.01931,6.7240663,7.5661244,5.410908,14.466834,-5.152565,2.7866502,22.475142,1.9102604,-0.4765553,-14.512436,0.64465773,-3.9357495,-3.4252627,4.485822,4.3553677,-2.9865577,6.184137,4.215655,-4.2580676,8.215837,5.9089746,-2.9628496,-6.7603116,3
2012-09-20,Phase_3_fin,50.45246,-328.3434,-294.0951,-24.38761,-117.890015,-0.21112797,49.769066,15.207498,227.85223,-38.235092,85.49036,39.061665,64.43804,-196.79144,-81.109024,-62.308075,-83.295525,66.589424,36.028175,-15.706519,81.44999,-35.737755,7.417866,-55.37189,1.5233777,-57.18782,-35.264847,8.915334,-8.945737,-17.420786,-1.0881085,58.89477,8.43968,30.799173,-8.021899,0.9489032,-15.8907795,61.58668,-23.294598,5.2787566,-41.56385,34.523636,-40.32351,-41.200237,-37.405247,-14.103277,-31.95691,-18.006844,11.408631,-38.32946,13.469621,-52.044266,9.590515,-15.054193,-29.464914,-30.159573,-2.5235372,55.957478,-32.85069,-6.595156,-45.361942,-26.384464,-30.566185,7.8741837,42.46505,14.183726,-26.736094,17.67915,36.917336,31.252264,-51.24867,-6.7510495,9.378607,2.3711748,12.307346,30.167131,40.043644,-58.315174,-11.15816,26.191301,32.955296,-0.7414508,11.973497,13.700731,-6.4986672,45.08212,-21.496012,-10.421273,-1.0615469,6.338006,26.058594,-12.290668,-21.264557,6.6240206,-23.796215,9.045207,20.641235,24.456436,18.094154,-8.470824,-25.219944,8.294546,34.104275,-32.589554,10.1388855,-2.7606938,-29.39918,-17.12868,17.502518,-12.8556595,-8.1470175,-11.80195,-31.451385,-20.432762,15.548606,-59.9635,-8.831619,3.8323064,-21.1201,16.354012,-29.27463,-8.233644,-20.25473,23.113707,-32.317234,-4.447946,-19.093945,42.75043,31.265326,-59.18095,-28.962204,-15.654643,-15.3712,25.642456,10.791174,-0.58211446,-3.1417387,6.7310185,21.967237,-9.542651,0.23881033,-5.2999206,-24.123095,-17.782125,-5.398541,9.916375,10.430671,-22.321627,-24.401861,7.598533,-8.091326,-9.187866,3.203676,-20.489132,4.340468,6.1450524,-13.978541,17.908625,0.1494335,5.4874153,-13.99846,-6.920875,13.126929,-3.8866553,16.732141,20.281292,20.30982,10.989842,1
2011-10-30,Phase_3_fin,-223.77957,-126.97724,-105.11794,115.22052,-54.967857,-35.92807,7.3863926,-162.64485,-41.592987,79.3595,-79.44276,-41.65946,33.91707,98.00097,33.651558,27.479424,58.995968,-58.219067,17.869478,-49.150173,-69.7734,-14.434081,106.27608,18.034231,0.83852637,-54.52518,1.5575118,-45.253796,2.2383842,-45.50505,14.722196,9.75336,-37.38475,60.170105,-4.668952,44.542736,113.42646,56.17757,-18.861238,-2.4152832,13.371074,-86.43896,-119.45955,50.82918,49.864758,-53.579,-84.252106,-27.249668,64.4688,-34.25914,-55.915638,35.371014,5.806754,6.623885,-1.1366696,7.1422772,56.632336,-42.257145,15.899423,12.509864,23.158508,-46.62744,-18.568266,-10.878915,-7.136129,-7.3204665,1.549576,16.395472,-2.899489,-14.387866,45.49272,-24.839067,43.64722,-64.693245,47.44371,33.676075,19.293924,-15.443981,7.7167683,14.899027,30.693129,39.876118,-19.781244,-54.79499,-69.50341,-4.280258,45.56288,28.179804,15.80767,25.095469,35.89207,-2.6356695,-27.822283,-72.54364,40.04822,-37.845528,-43.8161,13.941698,-12.095926,-18.490168,1.7862595,-24.299088,-0.22996041,-88.78759,60.03194,-44.570454,4.6924295,-17.486893,2.118964,-5.0304112,34.747902,27.061705,-29.552092,4.277651,48.067383,-31.771431,-19.490211,9.978778,15.065413,6.1953754,-40.27091,-5.181631,3.2973907,-67.404724,6.4651904,23.30988,-36.751698,-36.107216,65.66736,-21.81818,-25.258678,-37.186832,18.721878,-87.045654,71.1063,47.794426,8.447793,39.707607,9.30251,41.927483,-6.7080064,22.423029,-37.401463,-21.799397,8.92047,14.027879,-17.681746,24.474072,-49.17065,9.111658,-62.49066,-29.60013,-18.562227,-44.94145,32.95942,-2.603472,12.958548,24.739328,-76.191925,49.05583,11.6692095,42.36266,8.977641,-5.071543,-19.10961,-60.056812,-25.08213,39.839165,2
2003-09-16,Phase_3_fin,-14.554314,46.123104,133.28236,-246.87627,133.18153,-73.850174,26.62033,35.669662,-19.442646,6.3849688,41.836994,-27.12102,-52.54905,50.153282,-21.23273,23.127327,-68.49551,-6.5476584,-147.197,130.46388,42.548187,-162.67496,28.11257,-2.3531466,174.77612,-92.80752,40.93468,37.98157,-27.441357,49.699944,-0.05722888,8.146092,-59.173058,33.63433,-21.61761,-18.310757,36.823887,26.61997,-60.509106,66.34235,-63.927162,-8.352874,-6.7295847,-11.491777,20.032986,195.53888,-93.39492,-80.23621,23.535158,-29.403706,-41.811844,-38.08976,-77.739204,24.495628,-15.900394,-53.01578,4.202284,-19.72975,18.05358,-18.015108,6.951899,49.069695,31.965628,-18.982878,-9.58699,-4.014769,-14.2222805,-4.6768603,-1.6627926,46.833893,16.581488,-15.415244,16.83998,53.61857,10.905941,2.8653421,3.4376163,-19.305475,-15.637478,-49.290638,21.405413,-1.8578867,-36.366302,-33.531055,41.671024,-24.283918,-32.083725,21.391474,-11.090159,-23.492943,-4.455718,8.43339,-17.271318,8.205434,-7.63591,-24.195915,-29.632002,11.7961645,8.015785,5.820481,-13.892822,-12.760568,12.935968,23.840052,2.052832,10.099016,-0.3591831,-10.037979,5.031536,-19.205828,-49.021275,17.780674,-23.870464,12.57091,3.063993,34.39065,46.72516,-3.4188902,31.24811,21.138983,20.764091,7.3967233,21.703016,-33.367188,1.9411135,-2.420369,14.635201,23.444405,-21.449371,-6.2799144,-0.081966534,14.377302,-36.30982,-0.036891628,29.249565,10.782359,16.200949,40.901043,5.0501957,17.619398,14.245795,14.011254,8.131697,48.142773,-39.3749,16.837797,-7.7832055,-12.226588,27.70894,2.7957869,-18.468807,-9.626667,5.382289,-1.137547,-45.785053,46.27088,-17.030191,-4.294418,-81.25909,24.878674,-6.6920557,16.983715,20.153301,-3.2745414,38.395664,14.163751,-28.334501,-24.332502,1
1987-10-12,Phase_3_fin,268.926,-227.27591,160.87045,169.8572,22.326508,-94.59818,132.05399,129.39293,61.793987,118.01589,-48.059345,195.91101,55.10164,-65.41946,28.097948,-19.55107,7.680115,-72.76813,-52.4685,30.884314,-118.74684,7.3373466,87.417366,-14.896987,-19.760078,36.86988,77.056435,-59.77158,-38.47502,-6.7713056,-18.945095,19.082651,-35.88321,49.505867,112.67079,-134.13475,10.604617,-1.6773084,17.154152,-16.878326,-25.619202,-26.126448,51.24184,-48.817814,-4.7445836,32.088425,102.303154,17.095362,75.05795,-31.31673,-54.240353,-30.135015,-96.825745,100.62046,-52.517307,61.39768,-29.68024,-9.362435,-0.7442055,-60.257023,2.9671776,26.824324,-91.211655,12.259713,-15.280873,41.557873,74.684814,-50.145176,-50.091377,-11.658051,-28.546938,-16.717573,12.995485,-8.76069,42.763767,-50.018234,18.62331,15.041043,84.18755,-24.1281,-34.592953,-4.997293,-42.374588,20.834044,-22.52695,-13.147782,-9.222798,-6.9946485,-8.951883,37.858517,12.873418,-23.018883,26.738144,-10.638461,-33.24182,-11.089127,6.626007,-10.7729225,7.7726846,2.8396862,-13.370479,-20.04437,26.03521,-34.532715,-30.54981,-28.901556,22.863216,-16.817383,51.299892,39.98983,-22.897263,-10.19027,-6.7745028,-3.8212752,-11.0978365,-16.821657,-73.94531,-0.9699309,7.6334286,-9.248918,-8.893572,-23.220642,-8.228764,0.11211555,35.08437,0.82880163,-4.864874,0.79083574,-52.44684,-37.584656,28.348576,-19.658674,30.100517,10.164387,7.9275723,10.288561,43.522106,-23.804827,10.271934,-16.239767,20.54848,11.499071,-0.25289464,-18.309628,22.718287,5.1050982,-23.243746,-13.809583,-12.85569,7.6442266,-5.464522,-20.027674,-8.377978,-4.1305304,23.735422,8.868971,1.777232,-9.448896,-22.717562,15.461018,-8.857012,-20.512688,-35.909615,-8.441879,-3.0108836,3.4412537,1.8621355,20.426813,0
2019-09-19,Phase_3_fin,162.36243,212.57208,1.1512111,-57.72464,-21.693264,-92.56747,-110.30775,-73.802345,-44.1022,53.610207,-49.875313,30.826345,30.723867,-14.0510645,98.675514,-65.66168,90.59771,-101.503494,-41.714806,-15.687468,76.68557,10.751564,25.854494,-173.42622,68.573524,-27.407028,-85.43794,96.22024,-109.030785,-2.6770253,27.73925,115.22108,-54.88623,88.00534,23.973856,-25.198713,-1.6518908,-55.337387,-24.488205,95.527145,-2.835705,23.66589,45.48488,-38.02638,0.64164054,-21.229338,90.4019,73.74821,-14.340083,-55.46658,23.347319,29.72469,45.20152,4.576287,0.05496111,26.20117,7.4620795,26.462385,-59.67423,41.85624,-6.79695,-24.873158,36.57365,15.85196,9.84247,33.639946,-2.7385044,-34.247105,81.23801,7.372569,55.985027,-1.6849593,88.57288,-43.972885,-16.25648,-14.057811,-4.1450157,46.68208,0.011301746,-69.00959,-46.300285,85.691284,-78.27014,-46.96297,0.8605202,37.116417,13.959853,-36.49308,-10.145182,-26.415525,-5.6692348,-42.655567,4.921484,37.154255,-6.6772327,-17.306664,37.376392,47.428684,-14.337809,49.31526,0.6964314,-18.368105,-32.961525,38.360878,2.3368938,-3.7496138,4.678563,4.757688,20.943476,-26.628363,29.639444,-0.4447723,-23.175678,-19.631678,2.3430107,-15.608111,-2.125546,19.504128,8.514995,-18.642115,8.28443,-21.717482,5.360219,1.5545251,-12.12352,9.63551,-4.9369187,22.641514,6.0398035,-7.1041875,2.223216,-4.620115,-25.640694,-5.672186,-2.3058724,24.966421,0.9430232,-6.6567836,5.0917325,-17.469011,9.344216,-0.36786094,-10.409629,-3.0514493,-6.361185,6.8398914,-14.470219,-8.298903,17.682875,-7.325008,-2.8043644,-7.525592,9.716806,8.144291,-5.0352564,11.4836235,2.5268767,0.87235445,5.0258074,-5.8484144,-3.4221063,4.3075523,-5.2163744,-12.690082,18.757639,-7.8907704,5.738219,-15.648412,1
1989-10-25,Phase_3_fin,-184.03067,82.20476,-16.393198,43.839916,135.90218,-52.328262,124.10374,-104.23765,-26.84898,-46.171665,10.718546,89.17921,47.785694,50.520355,141.22667,-0.87192065,-154.16647,-0.9961414,83.79081,48.102596,-68.03337,67.39861,-31.950598,104.02152,26.074324,-95.67954,62.752743,-20.706331,-44.143543,30.851318,-27.516954,139.28175,27.47678,41.37363,-82.45496,4.1641493,111.126854,-116.37435,102.15755,-58.249416,-123.27037,151.28368,7.0449014,-4.3086944,25.138256,-16.14804,-47.728558,59.865345,103.50018,-58.0289,27.177921,-24.727297,-2.30391,-47.029118,-0.28969815,52.194508,-3.268949,12.312086,-69.043434,-10.015391,104.125015,-18.506748,1.5901821,-46.834248,43.55226,-11.515054,-19.627447,17.603363,12.51391,-52.76205,43.501045,-9.541681,-48.396187,6.247042,40.132683,-26.333838,27.44628,9.818652,-69.98172,-46.09215,-14.472448,39.846443,13.449409,12.984616,4.679122,13.245288,-14.861401,26.654287,-45.851185,-0.5665321,-6.7692394,38.942253,-11.84264,15.764082,22.669954,47.281994,1.4278404,-16.74657,-4.6815543,-0.45685533,-23.19624,-5.414996,16.000965,5.135884,0.51328796,-9.204679,23.557655,-35.772182,11.923693,-5.5886564,23.89088,11.235644,7.573772,-19.373524,11.858729,-0.08243885,19.010546,11.28151,-22.303467,-1.5292507,-13.160573,-30.196493,-2.6631043,9.647983,-14.417017,18.170597,17.76526,-10.767348,-7.540635,-2.761862,-13.00088,2.3118982,-1.2278521,-20.219606,-44.135624,-4.991432,15.835093,-13.71384,17.426025,-13.964925,-0.53665435,20.629623,29.907703,-49.222122,-18.348265,-16.472591,28.450888,43.368477,-5.7329326,-9.837321,-4.1465797,7.4916844,9.739963,16.370262,-0.8085368,-6.6548595,34.23433,27.092682,-9.568931,26.207336,-7.9259005,20.303503,16.645887,-19.694202,-41.240974,29.482132,5.4887595,3.757951,3
1999-10-16,Phase_3_fin,-371.75308,-109.89769,90.924164,-125.97581,-247.0021,119.436516,-15.799366,-107.311935,-133.71361,67.72549,-3.7386909,8.53704,151.55295,70.98449,-75.771736,15.806838,76.82876,25.869335,-61.962875,-59.846565,-66.75279,29.432337,-46.89675,24.672586,95.114655,12.30062,-28.113117,-5.6751623,23.926598,119.37403,-19.265032,-29.202831,27.882772,-36.403854,33.35409,-14.038544,-68.772255,-75.155525,-61.15595,62.921597,-8.229351,33.45407,-10.356733,-27.32191,52.577076,96.13723,47.197124,59.569103,23.54923,-18.967232,-47.5259,-38.21718,37.272526,-20.008883,-93.22256,-23.165855,-26.243307,2.4851832,-50.068035,16.999302,32.726543,2.0989194,-22.133049,31.67515,43.324604,13.00728,-26.01237,-20.063723,9.351065,-20.151356,-37.565773,-51.534267,-14.234127,13.605728,-44.812923,-39.0973,23.577662,-28.942965,26.907698,38.46439,21.308443,46.165417,39.585087,-28.603508,-8.004825,15.809902,-1.484891,-0.98886347,11.701106,-8.791369,-12.351001,8.353647,-42.636517,4.9110456,-2.9703524,-9.174012,45.429703,-1.3869544,37.277325,39.862125,20.218796,21.639235,-37.27188,-44.347782,-14.776967,-8.067038,-15.326838,27.486914,-10.338541,-19.903801,11.91199,25.188686,-7.7710857,-26.616508,-2.9362764,65.688576,-23.253258,-32.55611,-16.955994,20.2002,15.321306,18.63403,-13.360706,17.411745,24.976204,2.4743948,31.842386,18.109795,-7.45575,13.954976,-12.923818,-2.582339,-4.028185,-26.239393,-2.5253162,-26.2118,28.052408,3.1004002,17.147696,-14.320361,2.0483847,-1.5797118,-14.639289,18.9915,5.432297,-2.522852,19.953354,12.95058,10.537121,-11.871485,15.044838,6.596569,0.10993401,-18.120556,19.55728,-5.058795,19.838758,28.872196,16.999079,-19.15082,3.5674992,-13.327408,-8.158251,4.3078036,-12.780932,1.8689839,2.55199,13.124783,4
2013-09-28,Phase_3_fin,-66.5323,1.1186277,-17.111025,11.631328,-49.258507,1.1447389,-6.236752,-135.92328,19.036554,-29.603127,-79.606735,155.74208,-181.11101,-13.963556,6.677707,-148.85303,108.93267,-83.16304,-37.10561,58.70389,18.408117,-17.845201,-27.696331,73.32552,4.091347,40.11889,-47.219395,-142.72101,-2.730287,84.71525,-60.54026,-47.155567,61.959362,106.772095,11.157077,-41.332806,1.0148059,-86.78312,-24.423727,-14.180433,21.235163,-48.728565,-4.2437134,2.5886767,29.704954,53.586796,-20.91431,2.0158317,-42.07187,7.10251,-12.530989,47.566177,2.6002495,31.470503,20.662199,15.767137,5.0818305,24.612701,-4.747481,-22.108744,-20.961544,-18.218191,68.150444,-8.890613,-22.417353,-19.073923,-42.367638,-36.113537,-19.780016,-34.738056,-68.56499,-25.561487,-76.208595,35.066254,10.325342,7.5719805,-73.31995,-49.052116,-49.965637,2.2268097,-2.4209306,63.993324,-62.474453,8.872393,63.60888,-93.51646,28.328648,37.63827,-7.050944,69.331314,-62.33257,-18.654203,-67.55106,-15.98362,17.50719,49.630573,-50.016,-43.26772,-39.84657,70.77129,-11.825491,61.48737,-0.5079597,25.854359,-15.950542,-48.023148,16.102957,-9.075888,-26.159437,22.716585,40.94258,4.3363347,-16.156193,57.373802,59.187763,-14.948642,-29.9296,-1.8031206,-22.458876,1.1697057,-43.230507,32.35409,0.43456522,-10.031276,31.036114,-2.0898857,-4.7715235,37.126278,39.62681,-44.54453,-40.120674,2.995599,-9.406061,37.804237,-27.805609,40.066498,-25.15056,-20.851559,3.7868085,-9.024287,-20.84506,30.934128,-0.81224227,0.03465056,2.5713887,8.238044,-21.45886,-1.6831478,30.97161,15.308397,-10.476596,-8.106038,-6.8776975,20.896276,-8.453091,-11.898938,0.83134496,16.36718,-15.168273,-29.34085,2.3167803,-19.47004,-5.6946263,-25.577198,22.621891,-2.158761,-60.08202,-2.9194446,1
2022-09-19,Phase_3_fin,-365.6329,91.20371,-4.5636864,233.27502,103.49951,261.94702,60.745457,88.70797,90.221924,-74.84135,78.27044,49.240223,56.274757,83.88906,144.40268,-101.82936,-10.347344,35.94186,-115.61789,-12.0308695,27.566734,-15.9376745,54.66295,-96.65096,-31.149643,-35.57236,16.010736,-33.65656,-22.015574,-0.68543315,15.55792,-12.828966,21.893974,-60.755363,29.230001,15.7767725,10.1313,10.402057,-1.957756,44.224453,72.90676,11.363876,35.126312,-31.230822,6.1626015,18.9673,-10.431951,-15.654239,13.078525,32.108444,41.513515,-7.321506,3.6110191,-1.6836841,0.24056365,-40.12647,6.474422,22.092052,37.647503,1.6316923,-2.5905082,18.603807,-28.330925,1.7015395,-3.0023623,-10.353504,-16.066715,-20.547592,-3.2294326,-13.311257,8.2553425,40.51084,-3.7876072,19.545122,2.5921307,-10.780399,4.830088,15.466576,-6.4059987,27.698385,6.9896154,42.047276,-27.43875,-7.97969,18.340195,-20.195677,-1.4095985,13.872277,3.1217587,10.90852,-6.913685,17.7575,-2.1488295,-43.33868,23.642155,30.70872,19.990295,23.030346,28.691198,34.667503,3.8503957,-45.317146,22.595644,-19.05281,-18.37433,-3.484528,11.36995,-38.99076,18.59609,-25.855207,-3.5310898,-5.8949304,6.6502943,5.582684,6.574176,-7.4648724,19.550673,0.32289016,-4.9960856,-9.694199,10.55365,-7.2353506,1.4202174,-1.2459656,18.880648,9.306697,10.868088,6.2860966,-4.4679346,17.10154,-1.0499935,-9.902217,9.111363,-1.9786195,-1.7804267,-4.0045238,-10.341367,3.9845283,12.678897,-4.938295,-13.441773,-5.5247197,-5.7908444,-7.7496004,-4.5766096,-2.9479735,6.2169003,0.2858861,9.058649,-18.548153,-0.48403752,6.010593,-13.696691,-9.343489,-2.5086367,6.632508,-6.5359473,0.5353421,-1.3695809,0.11905071,-11.348635,-4.258346,-0.32100284,10.21154,-4.7902274,1.3250644,14.03993,12.021882,3
2014-09-17,Phase_3_fin,90.604744,219.72679,22.50745,10.308278,-47.030674,76.955795,-88.99561,-172.41946,-75.31086,-73.55349,134.29247,-47.245434,16.541546,-39.69634,-210.94276,-202.4845,-119.61382,-93.82619,8.530577,101.205795,-32.810593,11.293467,-27.043604,155.53159,-179.82014,-112.091934,0.2823438,54.549778,-44.331093,15.879094,135.77434,-51.966125,-17.552723,-50.89696,13.806104,-18.146278,-7.112864,-23.574001,40.944515,32.913704,-3.8440278,-5.451169,31.529146,-6.0811076,-19.739716,12.586087,18.729946,36.07301,-11.316366,25.147686,-31.976322,-48.116806,-4.0516095,8.699993,22.470163,19.545433,-3.6604848,-31.582365,-2.4149766,-11.486349,-14.087265,-3.1112247,39.195107,-39.22527,-14.997958,8.341804,64.48666,-37.06056,-12.259373,-59.022552,9.515931,3.09893,-8.755357,15.280918,-8.609234,7.615884,33.489323,-27.258959,7.710157,17.361225,-16.6652,-44.3191,-33.427303,-4.633416,-5.738643,5.049989,-10.583158,28.036932,48.191505,-0.97946125,-2.1927767,17.121601,24.959099,12.247209,8.362844,-1.251439,-13.51563,-11.864611,8.850382,0.81904787,34.08698,-27.08936,-4.9189477,-5.937267,6.2641263,-12.363275,-22.979294,0.9217465,0.6318505,-0.55582553,10.746991,20.29755,15.465631,-5.9126525,-0.8102616,-3.704506,3.471462,32.812675,3.4210315,5.963333,9.953295,-10.994497,-22.993006,-20.447058,8.314365,-3.0439696,-0.7281791,2.55088,-0.978311,-16.59986,-10.249567,-8.1265335,-1.0102587,6.70514,11.00508,34.400505,6.925793,-15.488754,-8.686893,-7.8621716,-35.661003,-4.72097,-30.41143,-3.8495712,26.07998,9.981079,14.235537,15.01316,-3.0669777,-7.072456,10.426988,-4.2616878,7.8856816,-14.749007,-6.3844957,-6.611489,17.495312,18.06903,1.2555077,13.227816,-8.658149,35.466328,0.35154408,0.6684394,11.320048,-12.130384,21.937784,7.41889,1
2014-09-26,Phase_3_fin,94.33321,175.09538,37.022896,35.15659,34.500828,57.574795,-21.880434,-182.22328,-88.358215,-27.363626,127.68414,-77.33643,32.976723,10.75208,-162.13292,-186.11484,-16.55204,-61.810852,13.640064,37.545258,-9.257299,25.299036,-9.474574,104.41396,-136.67046,-70.729904,-54.375,51.832916,-61.190617,26.936224,166.12112,-64.251495,3.4787023,-45.911,26.38684,-44.8943,-26.75638,-29.367899,19.579979,-4.9199915,-16.859829,-29.658203,-6.2720013,10.045175,7.565852,-1.8525456,14.169173,20.782856,12.434223,8.545001,-48.57093,-13.9025755,6.3546796,41.061893,34.323574,-15.169686,-9.980867,-0.7827747,33.189735,-3.1588104,-7.9939547,-2.5896268,-4.056228,1.6025025,-22.482336,22.500216,-2.5309412,-26.98533,18.912832,-35.598522,-17.094961,14.969909,-0.21432428,35.094185,25.026485,12.669686,-17.066002,3.401266,11.181193,-46.964928,12.743632,-1.5227114,-33.4003,3.0802853,-7.2375946,-32.796043,-11.449235,20.708925,20.989483,-8.413821,-13.286861,-21.551708,-7.7493873,28.404593,25.645947,-1.9957807,-28.676409,13.473449,8.044764,-25.844707,-18.302872,15.036915,15.3117695,-41.095936,-21.635557,26.538763,-53.85191,-46.127316,3.511496,18.571115,-28.308119,24.58085,6.8629193,19.126457,-25.185198,20.255724,1.0657285,50.422565,-4.800322,17.798082,-4.2698336,-63.429688,-9.421438,41.298714,-21.382256,35.09613,28.557093,23.420527,24.390371,27.857445,0.08639627,-30.38346,-5.5779214,23.039703,5.2647767,13.829232,-20.126673,-28.991743,-4.0300145,-4.1379485,-17.71271,-72.5612,35.8559,34.39182,-8.74631,-35.669342,27.836529,59.901005,-5.7361245,7.2697144,-41.530243,0.70675236,-9.278406,-15.888589,1.0335261,-14.007064,-2.4389474,14.169928,-33.564426,33.24581,1.8635374,-22.41762,7.812809,-21.514978,20.911093,1.0764967,-24.208746,-7.1751404,1
2008-10-21,Phase_3_fin,-132.36867,-190.69644,56.67205,15.104481,5.169069,-16.369661,29.121346,-112.24462,80.365585,74.42544,-16.09543,-100.51515,-63.091656,18.402046,22.104961,119.22184,56.504578,-6.751727,10.9780655,-14.323657,-143.6973,17.977148,154.64722,84.632744,41.55518,73.730965,-40.42081,-7.4301443,-88.898254,13.262065,84.910774,-29.975483,-32.37193,-20.672022,-39.036743,-0.70536655,53.593895,-10.49298,-14.156426,42.962418,30.981468,-12.954936,35.11667,4.8954716,-0.23665388,20.68193,-38.838905,9.264532,-62.984646,80.33778,42.977848,-42.50858,-53.057255,-88.64923,-52.503437,104.12218,41.96588,69.12764,-44.34348,136.0317,29.41504,-3.3364503,17.605436,-82.51441,41.118893,45.59317,5.035327,-13.647156,-40.63484,115.78237,-46.96534,-31.749994,-55.05506,-5.4914684,-11.358957,29.662672,82.8937,-14.327637,14.851587,20.724087,-26.88276,18.270462,-94.14657,47.343937,-38.483524,-30.92585,-94.506294,-8.76688,-8.538982,-4.5843616,11.86933,-25.836752,36.69512,-56.955196,30.532064,-1.4555895,-1.8700043,-12.763919,4.449994,-6.925963,34.315536,-6.4648013,-19.850758,-8.85047,0.91597646,3.4540832,-37.28687,-5.792469,10.04039,2.312634,21.19473,13.091358,-11.481284,19.95126,-15.33784,-36.94348,30.92825,-26.311258,4.155568,-7.3385725,28.687004,-15.845523,6.4896374,-15.418866,-14.270757,27.318037,-5.7689743,-8.992895,41.491257,23.261738,15.89388,12.822845,19.384254,23.044376,-4.14867,-0.4529478,11.074912,8.061074,9.851291,-11.474673,-8.556902,2.5942516,7.82522,-2.3404913,-5.299152,-15.297596,-0.7578152,-4.8493195,18.05729,-15.477374,9.729088,18.918564,-1.1588316,17.568573,-12.224777,22.649767,-16.026783,0.21865463,8.65338,11.550308,-7.629556,1.5287364,-1.8233563,1.4453069,-4.483589,-4.814997,-3.4194558,-9.743553,2
2020-09-24,Phase_3_fin,-153.49438,195.98639,205.13797,9.001407,-105.984535,-160.64551,-150.38908,70.133064,13.642719,35.719498,176.38618,11.401902,58.97141,-36.733532,-62.947865,20.981777,-113.69986,95.5571,54.44834,-32.81733,-67.55997,1.2868766,-37.879166,-71.369,-33.517315,110.53729,26.25256,-37.76919,24.868294,-1.9013848,-12.805205,36.015415,-19.446222,50.528095,-38.7546,-1.4847454,-2.0333974,-3.6877975,48.105858,-0.5285492,14.149227,-1.7652587,-5.088627,-15.702023,-2.2855656,63.26616,15.072861,1.202825,54.784508,6.3286123,57.73328,18.206184,-32.617615,-18.114082,-9.430366,-21.553963,-18.78941,-18.98732,26.410097,-21.374662,-41.55832,-73.60332,-17.276646,-8.313895,21.342665,-30.681627,49.316525,18.129211,53.707363,-29.622416,-71.85854,19.541607,38.255615,24.233072,-73.61594,-59.883045,44.64052,-46.128857,-61.6426,-22.82787,-39.991398,56.539238,-65.73839,9.482992,1.4172361,-57.37935,85.89779,27.509327,36.910793,67.68004,24.57798,-14.795693,34.214207,17.821035,-7.906414,13.69895,-8.732508,-30.74834,-50.808704,-35.07598,54.379673,-13.156458,-2.2672827,-34.81835,36.560795,10.729534,-36.983772,-26.562883,-10.315146,15.5618725,-27.810268,10.922346,-6.8610864,-35.68957,-6.7429156,-8.572978,19.639687,-81.896095,6.0423193,-11.392486,11.816642,-6.692259,6.541509,-37.89027,-25.043322,-27.05465,10.721912,-29.029383,12.485597,21.840115,9.526537,-8.086434,-4.5698214,-19.319124,-0.38846892,-19.583265,-11.265589,-16.018795,-4.541279,-3.4142463,19.527246,30.927372,1.1066453,4.92707,-1.468283,-13.136196,-13.300951,3.6112006,-9.280695,7.3351746,5.0391226,-12.181466,7.2286844,2.3140287,3.4594722,-1.2496138,-18.154135,4.1826653,-6.009759,6.5697474,9.933591,6.236847,3.2655742,-8.666833,-3.0225644,2.6465843,-18.060408,4.5273643,3
2000-09-17,Phase_3_fin,-153.59947,49.974586,-179.25514,-11.1965885,-122.94703,223.70724,97.31591,73.01821,-112.35023,63.874393,50.136803,54.129234,-242.59027,48.555588,-32.96249,37.011795,-52.194702,-35.523453,71.822525,-53.88702,113.12408,-36.14825,94.74657,-48.472874,16.718689,-62.449184,10.029812,105.49696,134.06723,-1.7539262,-36.427017,-130.4777,-75.19592,-9.217179,-91.86367,-124.48928,204.92984,-98.53585,-5.333264,-11.95008,-7.10637,-1.0212282,-79.23075,25.393335,-2.1218486,-3.9188688,81.087555,101.913086,28.54298,-9.784666,-39.60723,2.9222686,-79.57461,-21.053947,99.98126,30.509289,-82.87154,32.195885,82.545525,30.163744,-12.362052,-38.20555,32.91358,41.263565,-61.56648,-0.57896495,63.599693,63.425674,15.285952,35.35079,-36.77672,53.277393,10.586577,32.274727,24.828743,-30.574192,7.802876,13.187105,-9.725504,-32.895683,-27.775543,15.993116,14.51823,7.514948,-53.88234,-35.781887,-33.15607,-37.072758,-19.67103,19.890574,20.900488,32.310738,-19.627367,24.123577,-85.30433,-1.6524607,-22.779789,-5.55387,63.53115,81.21645,-8.084173,13.336541,-21.11856,-82.6251,-5.2576756,27.812902,-2.0957725,53.239605,-4.2373815,20.593784,-8.572308,-1.1946633,2.0505223,6.211605,-15.455682,-17.868038,35.17547,-7.7564445,-6.268563,2.8176868,-6.0470433,46.698483,-15.081349,-9.754936,-10.55032,12.571911,-21.484354,14.335266,-7.479846,-11.209647,13.8716345,-16.68431,-0.42127314,-3.8358073,11.334825,-11.981583,-2.8569548,-11.933068,12.653301,-0.13547504,-9.00658,3.8834999,-26.666603,16.97621,-17.804518,-24.948635,-14.299827,-6.3622994,21.664856,-8.115243,3.4540095,11.025075,6.549585,-10.50416,-8.96442,13.254104,-13.14184,-6.827849,2.456203,12.331607,11.629179,-5.4121203,14.476502,0.4572455,-0.52983415,12.098567,-23.141283,-23.054089,3
2003-10-31,Phase_3_fin,102.586525,-34.394466,56.395477,-150.99995,182.64236,-60.05897,68.268776,-35.086727,34.46827,133.36685,-52.912888,-6.6920657,-44.177837,88.78442,14.720388,-44.86093,-107.34775,116.41034,17.489681,124.947945,60.27272,-44.724476,4.67117,-53.752037,2.6717696,51.942722,17.635675,34.53426,-6.5247145,131.8633,-32.34672,-66.16958,40.462387,-26.256481,45.8031,66.269356,-16.057829,-17.604515,62.562256,-13.206988,36.41088,-88.824776,0.14904109,32.965096,40.982857,-86.73611,25.230629,67.33186,19.567436,-29.826355,68.583466,-2.8043978,35.95213,17.23871,-8.262331,36.044384,12.934397,6.227483,19.835783,9.545982,-34.673367,43.29229,19.403254,-32.80831,-32.09794,-34.20687,23.183456,-57.37039,-45.12795,-51.15879,28.715193,-30.668224,-6.9601026,-74.5518,-20.211855,38.309536,48.388515,-57.33998,-1.7897418,18.517134,-37.492424,62.44076,50.69375,73.01633,-53.614006,15.668804,46.31319,103.13721,6.795213,-16.431309,-48.09168,-20.85312,11.130794,6.9353585,84.11117,-34.120945,1.3985455,-8.200803,89.67281,39.68363,14.71673,51.376724,-73.87303,-8.764136,74.843605,6.3819947,21.25081,-4.390673,72.33158,8.7618885,-90.12976,-101.65752,15.2988205,-50.08329,-8.493853,-11.132539,84.290085,-18.76786,6.3527083,48.77994,-25.465288,30.729214,-45.48285,70.02975,-23.969215,59.261383,-7.128139,34.162193,-7.7796435,-45.980385,33.990864,10.124595,-13.030886,-6.806361,-5.791014,-5.9855094,-14.076085,12.240383,0.19008301,26.491556,-38.503864,17.557266,-6.4141784,8.157085,20.002466,-4.1402297,-30.452915,-0.22916068,6.5017657,11.281082,5.113278,3.6767576,37.961025,18.602644,27.038498,26.990461,-7.975615,-14.011379,-25.576181,-32.17353,-22.739819,3.210755,3.795843,32.410526,-7.1135263,11.63749,-9.484936,-35.528404,1
1986-09-26,Phase_3_fin,176.66212,123.18915,-194.43997,-46.91956,184.17789,187.0072,-132.6996,154.11371,-86.67069,7.428854,-12.143155,43.68946,95.339806,74.435104,-164.9561,6.84852,77.9496,168.54092,114.346634,0.8119683,-16.555368,-77.03581,54.30943,-19.514124,1.163203,17.234518,-106.17939,-80.922646,-80.20545,20.138664,-23.499414,-26.154772,-1.7051826,91.57364,-19.834774,18.792545,29.376226,17.841063,22.208658,49.099777,31.26044,-26.116837,43.633247,14.944243,7.324905,24.66069,6.3942614,17.499853,22.308678,-24.955278,-10.987979,17.724611,7.8049307,-2.6557236,-9.189903,56.15976,22.541176,-14.126615,15.876685,25.299904,-7.3303437,58.13433,-31.10087,32.3566,21.215057,52.494003,20.64718,-75.64934,26.78482,-14.984457,15.351926,52.335243,-17.322245,59.860134,4.44608,27.762745,21.810057,-33.215755,-2.45294,-73.64539,56.969196,-49.63664,14.888102,-7.47089,-38.710484,-13.273141,21.288073,-10.404045,-6.735781,-26.420216,36.755016,-7.350031,-2.12372,2.4335737,-18.8598,51.06342,57.924164,-31.739933,-12.637156,26.54495,20.648418,-14.149282,-0.6471075,26.1632,8.654441,-26.218609,-19.691484,-6.5328765,3.484689,13.405875,-14.657084,16.225435,16.192858,-0.28868392,-18.561447,-11.406936,16.815075,-11.474488,-5.053807,-5.9057517,7.18397,15.485599,-0.94412136,-11.191998,-2.9234247,-11.843936,-4.670185,-12.591272,-18.641455,-14.104898,5.296845,8.191927,3.0405276,14.698174,1.51877,-10.193405,-1.9122627,40.370792,-14.387851,8.37078,22.51344,15.549901,-13.378889,-18.427624,1.5785999,19.3461,34.858883,22.408142,-6.763897,13.158408,-28.262587,5.091007,-37.912045,3.758263,49.44679,-14.877859,12.53681,3.0416548,-4.6651807,-10.844151,-31.186499,-6.904201,-46.43003,38.837086,-1.6070524,-39.309345,-8.149274,11.350787,1
2010-10-16,Phase_3_fin,-349.90033,-214.18474,-96.812355,188.00726,194.33672,-196.84134,-130.19412,-82.19897,-102.96966,148.79228,-139.57555,-8.498497,-31.08913,-28.879772,-53.818905,-65.209564,11.049455,72.070404,44.093307,26.727545,-62.672993,15.961176,5.85249,12.704878,0.6531703,-38.446735,113.926796,20.289587,-5.4175205,-5.2371993,-51.61265,-43.000298,-140.07289,-21.176155,-80.898735,37.46684,-13.729197,89.80247,-48.28304,40.86001,-39.73811,-35.230675,22.62383,-128.10448,-100.82217,-53.57267,7.02525,-14.018641,9.803336,-44.8751,10.568783,9.892033,66.87751,0.67270494,44.355534,57.46862,-84.64964,-85.28071,19.84915,3.1811173,-11.433251,10.993409,-14.034541,4.4968357,-18.619692,47.890736,-10.611318,-3.754633,-26.837675,-0.19445726,16.050817,-13.942829,-31.752913,29.219376,-20.093891,-35.164677,-10.718951,-31.69337,-17.954796,28.264269,-9.706799,3.1168509,-8.004446,-2.6983137,61.196144,12.118805,8.476017,-22.99715,-19.513233,17.092472,-18.145002,-24.58154,-25.60677,-16.068083,11.672002,21.304739,-18.039028,41.233295,-15.752784,25.764446,-34.129112,-1.0075717,-17.116789,-27.535791,1.277813,12.581871,-6.4909673,-14.819137,2.435477,-7.839907,-8.070042,20.065155,16.352255,-13.882824,-18.572931,27.147947,8.114122,32.274967,-23.689705,-19.792082,-17.83581,23.6801,5.5581775,-5.6427755,-41.52341,-23.569363,-19.154848,-39.329876,-8.5915575,28.953196,7.4538455,21.528187,8.471833,27.728193,9.946022,5.4413805,12.214509,-19.023706,-31.731049,9.382522,-10.598861,21.814604,-27.972971,3.3014684,-17.5912,-15.741628,5.1024904,4.39317,4.69916,-0.42836142,-1.1578556,16.083841,11.022305,-13.616283,9.765265,19.04991,-3.8668408,-24.326761,-6.855669,-3.5125926,2.801539,0.441809,6.2066035,12.098621,-2.386397,-0.7765007,-1.8182384,4.321647,2
2005-10-29,Phase_3_fin,-157.26964,-0.9135383,72.56887,-116.32441,-3.8611956,-134.2284,113.90865,3.2427454,-22.983503,-181.87221,29.906933,10.025853,-10.707967,25.741545,84.34772,-6.6954145,55.763874,111.56186,-6.3600698,-95.41837,43.429394,62.06359,66.806625,14.494385,-85.54335,-43.005955,20.740189,-154.04085,-22.363432,67.141266,13.350898,-29.580164,2.3540623,-31.882395,-35.922997,9.785981,59.524082,104.39075,112.5152,59.522438,-175.68549,-94.03962,-105.294945,39.084595,38.399574,-29.564417,36.204777,-102.10796,27.021368,-87.97977,-107.88355,87.87673,48.90198,-1.3227538,6.3031445,89.30773,46.26845,145.36702,-8.966391,-20.193329,-28.616148,-10.710677,77.1553,97.18413,46.789677,-43.50066,-34.178566,-28.627481,-63.40361,-19.500376,-47.32306,37.81682,84.657104,-14.6019535,-15.750311,9.379809,-11.408758,24.724333,-4.494162,27.495613,-17.400682,-5.2510586,-56.21719,-56.209293,-38.846794,-0.37723213,0.28110886,-57.467976,26.53555,41.580933,-17.116299,13.2162695,49.083153,-28.65549,7.3584375,2.2725213,-37.712566,-20.75909,-40.404247,82.71538,39.455338,14.690997,53.277905,-1.5899161,-34.556942,21.680454,5.1277003,-0.97618085,-7.1565256,-20.330729,-53.901558,-50.51804,11.398706,-0.5449344,28.302883,50.72912,15.832282,11.711674,-24.13277,21.421907,88.8441,14.754315,-21.691355,1.5633292,-81.00898,-0.5968332,-36.02642,-54.20463,0.67878646,31.988873,-32.486443,-30.940416,28.11457,-9.252737,12.755209,-9.89302,31.15207,12.196181,33.019333,5.6926455,22.06699,-48.954914,31.62982,-22.041067,26.96261,-9.649204,41.059353,-11.798158,17.382177,10.577048,9.978394,-11.405371,-16.91232,12.655205,9.717834,-16.067472,12.856669,23.636406,-5.467382,-29.557236,-9.399853,9.884903,23.496262,4.16841,15.4591,9.297824,-0.1571197,-6.6626024,3
2008-09-30,Phase_3_fin,-123.80344,-182.44632,-11.412907,4.0617337,42.84414,51.331963,6.7884073,-108.54741,73.10261,99.48997,-18.945015,-140.17622,-110.84384,-39.229748,-11.133412,120.20299,-6.626404,72.427284,-103.808205,75.99437,-74.461754,30.083563,132.80164,39.511402,25.29526,101.05805,-53.89816,-0.8220646,-178.71515,-13.724361,98.05268,-44.56436,-78.34852,4.033621,-1.6863132,4.113247,36.161278,-94.861855,34.43317,-44.445633,52.41884,79.17178,-22.753998,-7.8349175,-6.6533947,0.18207796,-1.297995,-72.747025,34.529636,72.39793,42.736347,9.564961,8.161669,12.423145,37.118507,-25.30537,-18.441732,10.113351,-33.46704,-52.41718,11.801718,-24.782017,38.69629,62.12103,9.494543,15.267356,26.121763,4.3253965,27.249456,-44.193695,-10.231491,38.079647,-15.200971,-22.308147,27.613544,-6.060801,-45.49005,-4.6850104,-10.6631155,-5.163729,29.22442,-0.77556896,16.503885,-29.713829,-12.2886095,10.135324,-3.2262244,-6.0385323,24.700645,38.759354,16.227797,-43.32914,-28.811333,40.07512,-45.955948,-12.785016,-13.469102,20.189764,-39.8826,-25.501343,-29.50482,-0.33589548,0.32125938,3.519588,-32.561028,12.89666,47.381985,-16.147749,0.23795255,-6.7086253,-3.910093,-8.962813,22.632462,-17.602243,-13.436515,18.262203,-2.5596766,8.64195,18.918865,31.857834,-34.1352,10.848443,5.9925504,38.92922,-9.579387,-10.732238,19.167877,20.890757,0.6344736,23.497513,7.965459,-33.158348,-1.8177612,-21.617815,39.544716,-4.9229436,-10.983324,30.61526,0.9150111,-17.393019,7.9142857,6.306665,15.610078,-1.6028899,-6.571893,-5.233002,-2.364231,-28.81213,-13.527509,-1.3593693,-10.432166,1.8830602,24.851412,9.059694,3.932366,-26.660698,13.988102,-5.8985634,-14.62557,-13.8546095,-19.706654,-3.119532,2.509082,5.7157216,12.269106,1.1221824,-6.3895392,-7.8257504,2
2000-09-18,Phase_3_fin,-156.43193,84.63922,-177.53465,-30.242943,-130.47939,230.37294,105.33544,92.5783,-111.23388,89.702156,58.25481,42.36042,-249.53015,36.149136,-42.50289,43.56553,-49.634956,-37.022858,74.68755,-62.80194,107.09579,-44.923344,110.113655,-51.084743,2.6798768,-58.92007,2.9873857,114.01569,139.56447,4.0213904,-37.79194,-135.34071,-84.05224,3.5314274,-94.988396,-127.69002,189.42775,-94.930534,-24.993824,-32.67297,8.0804615,5.6999726,-85.19008,20.64044,-31.253178,-3.795884,104.602394,96.10229,8.960421,-15.571678,-24.611444,-19.136282,-80.64385,-45.220165,81.613075,11.08634,-85.01951,38.115643,76.942154,27.744358,-11.453949,-24.688852,27.235533,35.70521,-51.6229,6.133816,66.71002,57.987125,28.547955,47.20056,-35.699463,66.12467,-4.087991,41.039818,21.700865,-20.866547,36.467407,28.820019,-22.321173,-19.894772,-24.87912,12.309397,13.234072,2.007401,-69.9941,-34.85381,-47.254856,-26.610056,-33.03566,15.095594,20.1085,36.979553,-22.464985,41.604256,-53.89052,-0.6270518,-12.140134,39.27993,59.851128,78.8753,-27.690126,-12.177814,7.63356,-73.88299,13.524515,29.931833,-10.630234,47.899483,-40.068718,31.316519,26.9809,-8.905494,13.51617,-28.847965,9.852659,-6.097777,14.61516,-20.60518,4.368362,-10.148887,12.922609,51.279343,4.6851344,14.795607,-20.238325,9.151559,18.200224,6.3773823,22.363115,-20.35211,-1.7970452,14.160689,14.230536,-14.370881,-8.661409,37.5974,7.166012,-10.729258,-40.79862,-15.139621,4.632098,-8.306333,10.785123,-10.692371,13.630907,6.587888,-29.67864,2.4789402,5.2580156,4.6713467,19.041935,-9.037197,-12.573846,-15.512147,23.436924,-9.297139,-9.442896,-8.396093,-0.34936035,0.1653464,1.4910711,0.09841657,22.641497,0.90642506,-7.951345,7.3458085,0.8657773,-19.299318,3
2013-09-13,Phase_3_fin,-36.636272,84.21988,3.464203,10.109239,-45.77632,110.50318,-95.62191,-70.62651,44.459446,40.485043,-118.074005,211.30038,-184.0587,-92.54442,7.0636272,-113.873184,83.944885,-11.154729,-59.357838,75.71314,-102.36576,8.116053,-134.75868,57.28713,-18.911692,86.54428,-46.13183,-79.487434,-38.944294,94.521065,-31.280062,-52.58716,127.04619,68.31712,-78.25703,-69.11369,-27.543903,62.440117,-75.02482,-20.882627,-5.1660533,-1.6617545,-4.481208,41.98679,31.97484,-13.874246,1.3759738,37.747433,-59.456722,-2.1322687,24.393524,20.313055,-64.37996,13.181442,23.424063,-41.671314,-0.65167135,3.4549844,-46.17955,-1.3846366,18.299868,-11.591652,31.08882,-30.809,-24.344015,-1.6729597,-10.151522,-4.2136507,18.194645,-8.245017,15.496855,-27.922333,20.867434,16.202927,-0.40401083,28.511557,-1.7090137,-2.773243,10.178541,-18.76014,-8.125289,10.152342,3.3893716,-8.41285,1.2239424,-15.342409,12.88273,39.593807,-63.454304,16.986713,-5.4868174,34.325546,-3.0983236,7.4267893,1.4654979,-34.544704,-10.381036,-1.0834894,11.528367,4.0389776,12.947384,21.941982,9.103431,-12.512185,-16.683935,3.0815208,-13.174297,-27.867132,-41.723988,-16.187124,33.588898,-11.579968,-4.234261,-6.6610513,-17.402527,7.355852,-0.80640787,16.012266,41.2659,-15.7492695,-27.173183,52.302418,3.20466,30.604122,-23.06895,-1.3242835,-27.45664,8.477513,-16.7379,6.1972666,-11.834052,49.03807,46.04564,-28.914038,-20.13991,-38.287766,60.250126,58.31774,19.801313,24.772537,34.52969,-41.892887,24.147743,-6.124539,14.646388,27.29639,10.950236,32.721115,-16.513895,-47.252644,2.3039699,8.188743,13.312222,-13.541284,-16.221687,38.259853,-34.182167,10.043852,-9.758378,36.94707,-19.505495,0.6980841,26.065298,-15.438317,1.1601176,-39.49971,69.28737,26.996143,1
1986-10-22,Phase_3_fin,105.11978,165.78688,-68.71547,-11.1377735,175.7738,97.032646,0.034638602,54.353996,-126.64944,22.097467,-59.25529,12.03711,-24.391943,55.598656,-118.64712,-20.624031,40.793427,41.157547,57.85416,17.978342,-79.89255,-9.664237,39.57668,-51.504364,-34.488163,-46.4912,-25.502337,-98.58008,-107.22024,40.17307,-28.474092,14.334748,-10.692753,-14.841198,-3.9137788,-0.057193093,78.09078,4.5144615,38.247368,-48.214554,103.38269,0.042678706,44.55999,60.541862,6.682386,-18.086298,-34.740917,10.082231,6.934405,-25.939552,-9.398027,72.56502,40.134674,7.4266295,31.718122,-39.180084,54.74495,-15.784244,2.898706,-35.079052,3.8458984,58.72368,23.440414,-93.482376,-14.00246,54.882484,-68.87255,-28.980791,29.710182,34.20425,38.425907,2.4858997,3.5830448,-40.97275,20.988407,-53.963554,78.6822,-14.350813,-15.179414,60.899048,-8.750704,34.40311,-6.0152607,83.5298,-32.44918,37.832146,-5.05022,15.513772,-4.590287,87.86192,-88.2049,21.248022,30.175451,21.6245,56.005043,-33.776768,-83.05858,46.577576,-16.535824,62.10433,-3.76923,9.738959,-17.454575,-72.04335,-0.9632688,40.131886,-18.466494,-11.938348,-83.411766,31.326986,-15.197724,-44.81688,-47.954067,-15.511457,-23.391222,58.8838,-92.7469,-49.219486,29.950506,64.77876,-30.967426,31.807028,-39.30062,1.8264736,61.456806,-17.599781,16.058481,-39.400845,80.08355,42.296654,3.4446409,-49.769268,6.600296,25.059526,55.368355,4.895009,22.253857,5.8651657,-9.629716,51.616955,47.5849,-52.141582,-94.977,-1.2874581,-19.054865,65.7802,28.564034,-118.69232,24.689903,130.90034,-29.980799,-24.460686,-9.21144,-31.800615,-37.568604,46.363556,61.84183,10.702684,48.7509,48.09462,56.357304,67.681366,-79.43439,-45.05528,-42.99995,27.569323,-6.882022,-25.172457,1
2012-09-06,Phase_3_fin,110.819115,-296.07925,-268.246,-6.761724,-144.39075,79.390144,-52.78756,1.9340744,175.99112,-59.95551,69.1652,23.909136,78.89695,-93.903336,0.37725994,-20.151903,-55.272453,-77.7638,11.719453,31.35425,129.93744,-27.271536,-20.50529,-11.584729,56.443672,15.1061535,11.990013,-32.541832,-65.05122,43.649918,-29.606031,-1.1855478,24.532616,0.10546584,44.129208,-33.137806,71.37025,-56.94518,-24.711023,-93.76592,-100.04133,-7.8750424,-36.821636,-21.658567,-40.60363,32.697002,-74.83424,35.390766,88.67174,29.16431,-41.158005,29.106619,159.80093,33.748024,-5.258396,-39.807976,-14.99608,70.66929,50.150154,112.316956,-129.16058,64.44597,-13.953705,-136.76004,-2.8079302,24.736973,-2.518185,-16.319473,-104.27549,-50.958786,11.781486,-32.85338,33.299347,11.489876,-1.9087366,-8.916965,-2.919165,34.654945,-67.72497,-36.042244,-22.507591,27.974499,-17.987852,47.136845,4.774258,-32.384975,26.863758,-17.148767,40.992886,-10.791967,27.600994,-63.682793,-42.673874,4.753652,-70.94037,-32.811127,-29.398159,26.87769,0.88893557,-50.243336,12.504869,-13.919737,-24.54101,2.163147,2.7582672,7.0274,-10.5525,-0.8193572,-6.8052816,-16.251152,-5.859267,8.853516,19.608147,-8.805262,-19.370016,51.459137,-17.799225,-13.106004,21.236334,5.9022284,25.00575,11.751048,-9.719995,14.0285225,25.459599,-5.073627,-31.866941,-7.7544737,-16.953173,24.541212,-1.6712048,25.541481,13.851041,-4.0640645,1.0680568,-7.666922,21.862928,9.927433,-12.755523,7.2009325,-7.228034,3.0793889,13.7951975,-26.44792,4.6808553,13.926672,-5.393426,16.484617,1.7014289,-22.689775,24.509289,-3.8061416,-17.35359,-18.25364,0.30358437,3.7487533,12.939844,-15.543427,10.55365,-5.615945,9.271332,14.714717,-15.40047,-1.655161,5.520457,-9.57107,5.725352,17.136328,1
2000-10-12,Phase_3_fin,-191.06818,56.601486,-38.02993,67.10523,-175.93645,110.91156,93.1652,83.29528,-39.26307,108.38563,-69.648056,13.426551,-259.79102,-35.36849,3.004796,101.53969,-143.1957,-4.777274,143.37817,28.660723,44.27691,119.52694,-2.6702201,11.412031,40.02648,-44.109013,15.392394,-11.687744,-79.92152,45.05454,75.566124,98.383064,-43.266937,-27.997051,115.13195,82.60493,-141.9141,53.768818,-21.449617,-4.477356,-32.76668,-36.297886,37.901775,21.800234,3.4540265,-20.998016,0.74174327,101.33108,-21.924528,30.903921,-42.046494,-8.280709,7.083944,-17.138704,-14.333881,4.093931,-3.763075,2.370165,14.002338,-2.7545602,-15.604387,-2.1349418,20.7605,-3.3707867,-23.658361,-2.8898547,7.4603834,20.525253,-19.917011,5.5049925,34.285095,1.7723278,-23.84959,-11.632576,68.00329,-14.313795,-1.448409,-15.785677,6.870609,-37.80478,-3.273032,33.753075,38.584576,-73.75869,48.939823,3.1698952,-15.589696,19.022844,26.315569,44.613934,55.598415,-109.99033,36.61701,-46.659702,22.544556,27.243319,38.61212,-43.110394,6.68881,22.259369,-88.54939,-21.87881,80.76548,-30.08028,-22.129435,47.878044,-92.70109,47.07696,-18.51407,6.5106864,-1.7160987,-52.132057,13.003296,10.598165,-40.432037,17.662046,22.739803,-16.146212,7.381057,21.673693,-20.386429,-19.889082,46.825726,-29.64933,15.569792,-3.0072176,4.662872,-15.955039,-8.637616,-13.899201,-29.842642,7.9262114,6.693992,-38.162567,-21.300932,-11.165873,17.49163,-9.4992285,17.234255,44.009434,-6.636401,3.4788857,7.213521,31.80193,-6.7832093,1.1782118,-6.0962796,-10.067393,-28.544796,-32.273167,-34.712246,2.8663626,17.382187,14.50884,22.979418,-5.512128,8.186017,-9.275085,-23.36257,-23.37105,-22.850672,22.32386,7.8474784,-16.037796,37.86726,8.583904,-22.12426,-3.2370071,3
2014-09-09,Phase_3_fin,120.30181,206.84798,74.88821,-29.744408,-15.568744,79.876915,-128.61552,-164.65619,-51.53278,-10.050809,133.35014,-61.491936,4.965972,-43.214153,-242.21425,-168.53307,-84.399124,-106.308365,-40.697014,54.213028,63.92389,0.17321415,2.2545326,128.86171,-154.65338,-94.374016,-23.397518,52.166843,-61.19464,-9.875025,140.74156,-31.951965,-21.280878,-88.01208,57.641403,-36.382103,5.5976286,24.023752,-12.483205,26.780796,-4.2335114,-7.157642,-5.573502,10.361015,10.454656,3.1724107,-22.9886,-5.2060485,0.7057557,1.8275439,-29.356901,-78.258736,8.754768,26.560646,-32.21717,30.03471,-3.6725457,11.802836,-68.42448,-16.132454,-24.69003,5.4499264,21.676817,-35.59395,8.285255,10.461339,20.566334,5.976335,-61.734436,0.56574965,10.018925,13.104875,0.49072152,-31.009022,4.337545,4.019067,6.1222568,-8.412149,4.054879,20.92769,-16.351276,-30.082848,-7.6060386,-15.4934225,14.009763,27.479042,-7.6673064,-19.061028,-45.03826,-3.482345,-10.16776,11.108228,-45.948826,-26.302362,-30.307402,19.907358,2.71877,-24.293783,-2.5216537,62.18757,-8.902964,-0.0073298262,-0.18456657,21.093771,44.934547,-23.738764,46.750946,11.224086,29.584332,-5.8291163,11.0974655,-37.61144,-26.48696,-54.638775,39.148865,-30.90614,-16.90096,-54.487896,-27.903631,-44.311043,2.3041787,33.476486,27.100521,-34.875103,13.768863,-10.010129,-8.022664,-28.560564,-12.175572,11.508949,19.931082,-1.5669584,-4.9415646,-40.742195,-7.872863,-51.394016,-1.1642829,23.818789,17.03318,-5.908534,62.18479,44.457275,2.674274,-27.853765,-17.613462,29.791437,-26.863491,-22.919235,5.7678556,-0.2800093,-13.46153,7.4883347,2.5200608,17.468876,-5.6826468,13.204877,-1.459987,-19.964697,17.427353,-31.606867,-2.9392962,-15.541203,19.711586,-0.16709676,-34.45008,10.871007,5.9990897,4.316072,1
2008-10-03,Phase_3_fin,-92.68927,-189.52669,-8.748475,27.224651,50.415817,16.83543,0.44042766,-113.292694,75.00171,68.056206,-4.9440155,-130.89279,-118.89316,-25.643713,15.019649,150.00671,-8.012427,69.38676,-87.824425,107.85737,-86.48647,50.471535,128.17857,41.83007,-14.882896,124.963036,-77.46235,0.6224035,-205.75925,-8.022712,98.99838,-62.276073,-94.71988,-10.452226,-8.631848,-16.087341,39.729248,-107.46,35.895473,-13.320157,34.99349,73.94018,-9.494703,13.049659,-19.800402,-19.152315,-9.0056505,-28.124191,16.354408,95.55575,50.73605,20.965322,-3.351537,-12.254189,9.544353,-22.8571,-12.6599455,22.423803,-15.305004,-13.122548,10.537905,-37.986183,41.27571,64.5143,5.363633,46.513893,-3.7519724,-3.7901638,30.913128,-40.58891,-4.546107,25.816975,-46.36727,-18.99634,18.287432,24.323967,-35.597187,-24.392939,23.20174,-16.203405,20.923882,2.658491,33.834076,-24.34689,-14.709776,3.0093272,1.9042796,-0.73088115,27.497368,51.969727,2.074417,-34.65531,-31.862036,15.525914,-26.150335,-27.335949,-3.9964025,22.804735,-36.908554,-15.481306,-17.445343,19.218178,-19.840199,19.7858,-33.373367,13.682385,44.945675,-22.665533,2.642385,1.6125386,-0.16591859,-13.083468,9.364992,-19.848742,-5.9805794,18.939928,-10.091046,20.98222,37.35278,22.907042,-26.949951,-5.4475255,8.193722,79.0768,-14.945221,-15.32615,15.995396,8.602947,-19.308153,25.249737,17.066326,-39.88529,-4.067983,-34.622543,0.67398137,12.317489,23.641861,25.246305,-1.6037099,-8.185028,19.000336,-4.8496256,10.33737,17.559963,2.1860647,3.361639,-6.003895,-42.95429,-12.235118,-0.15848559,12.316851,3.9433038,36.86065,30.678122,31.852266,-57.49234,19.062225,23.18628,0.66059417,10.490155,-8.696644,-7.187547,26.142235,2.4016392,5.984369,-4.552451,-10.488817,25.7934,2
1994-09-19,Phase_3_fin,182.80759,99.272354,-114.64936,-13.192002,-296.87976,7.013228,-272.43167,-20.907684,150.83035,37.174774,-119.153915,18.928288,66.15451,76.73803,82.75977,-15.197085,-54.98242,-122.02358,-46.285313,43.971355,54.13288,-30.050022,0.60307866,116.130264,12.661177,33.2497,105.56612,20.61354,-67.75807,-7.832714,-27.048094,-22.896868,-71.64618,3.285079,-48.201694,-45.426964,-40.752426,53.60779,24.250504,49.52348,36.5091,45.75595,78.62024,-13.557155,-49.562923,-73.870056,-0.6346279,35.331173,33.793163,22.355913,26.114647,7.779758,25.784853,-23.892412,-95.86354,-24.233255,36.851093,0.0071780523,76.38829,-38.689655,-9.344004,-35.13043,-0.16119078,35.742718,53.723694,-5.3329153,17.697508,-70.04216,-64.94261,73.75868,-44.014374,17.469873,5.097631,-22.520807,4.134077,20.732794,8.922987,47.727142,-64.030136,13.165084,37.118557,33.138935,29.631565,-39.374744,-61.25774,2.6083193,-57.275723,22.722586,-32.213654,33.79614,-68.670105,-20.457127,13.500167,3.3495045,-20.749567,10.888346,72.17501,-17.451786,-2.8070092,7.0753036,-23.911634,29.651512,-36.523018,0.8423637,13.70342,-4.770557,26.635057,22.260677,-16.583282,-2.0676565,-25.75555,34.35695,19.914015,37.075512,42.578365,-3.5038624,20.981861,10.998535,-57.32793,5.1813216,-16.948553,21.889944,1.0075079,-27.790165,-22.79202,-68.21485,19.627848,14.892552,-19.024956,-7.3004684,32.158615,-55.278255,-38.712955,0.11811432,-52.470795,-24.411398,35.211815,-36.362736,21.162735,93.46232,17.10824,57.298256,-30.943928,27.18273,96.64512,28.462442,-2.0069182,29.375387,13.808702,7.1670012,75.560074,-12.182707,-10.10045,5.5047965,32.83649,-8.540742,8.311014,50.98348,-15.478836,78.068665,32.47104,53.352753,-24.128511,6.350312,5.0129504,23.016848,6.561159,-34.87717,1
2014-10-29,Phase_3_fin,215.60843,84.75892,65.55679,9.856114,-38.854332,-146.99612,39.698185,-166.33272,-51.051197,-32.540787,34.186382,10.654103,62.986523,38.306705,-112.94279,-130.34117,-25.595375,-55.203285,18.243597,-22.706026,-43.805973,27.83223,104.16137,67.00596,-34.780983,-41.413544,0.17950402,-49.269554,-32.941147,-51.828922,58.49972,-58.01427,32.99556,-36.683865,16.722168,14.844401,-11.108236,-42.694847,126.04909,-46.922497,-40.744312,-75.01955,-14.53001,21.808035,-93.38089,-13.546467,36.935097,-67.51283,27.525429,-34.383003,-34.53268,-24.275568,-110.75113,32.16085,89.69916,-100.36417,55.67092,55.414986,30.1298,15.032068,34.331524,42.273026,-163.3753,54.877773,-56.55544,-9.337041,-158.10786,41.363476,57.36346,84.15341,-37.21083,1.99641,51.95415,-14.663933,-21.739878,-94.88052,-16.537996,25.033016,-56.544262,-39.918438,82.1397,135.14743,32.104153,3.3440561,-55.74422,-23.48266,-44.915096,27.844263,-23.50537,-59.095707,35.511547,-21.26985,-30.104101,-40.948677,1.0979724,45.145588,42.18931,24.22985,-38.661503,-37.040577,0.91895956,44.530235,-35.847137,32.116528,-25.831047,43.6708,-20.883123,-4.2574673,-26.486876,13.459773,-12.896658,-53.967384,50.826958,12.325966,-16.372599,6.312733,14.609341,-28.906797,-18.914658,-2.1435266,-47.434586,-7.370068,34.94806,2.5561628,5.217548,-4.171726,-26.51197,15.939605,9.350213,14.564852,-6.580853,13.751992,-30.600597,14.977577,-9.461127,-0.76815766,36.440384,17.599985,-19.913061,-3.0893028,-8.27107,44.18284,3.6772733,-0.6406717,5.772407,24.22881,-2.9277165,-0.5459531,8.441828,-24.477207,23.831108,-17.297678,22.712065,-8.310784,12.1429205,12.859853,3.9019542,4.9511514,23.617811,-12.650877,-5.1686378,-14.084151,-15.2077875,-6.136265,-33.26412,-40.747887,-2.5009792,15.821464,1
1987-10-13,Phase_3_fin,281.49597,-242.76485,146.79689,173.61668,27.431805,-111.82038,127.549965,138.85754,62.205082,125.89445,-58.77257,196.80861,63.899097,-69.778656,36.062325,-21.0503,-6.0362234,-74.97173,-65.56217,27.160528,-116.06866,4.204074,94.672035,-10.317631,-29.761597,44.887806,82.12051,-57.611675,-37.032845,-0.3170715,-9.629988,20.855217,-41.164776,60.92357,128.16953,-142.91289,21.977322,-5.9991817,20.914818,-19.988058,-25.550488,-14.9880085,56.158356,-54.807182,5.414386,40.10433,105.09017,7.0557246,75.66866,-28.117144,-63.192425,-25.259237,-100.12934,125.50349,-50.012558,59.463596,-29.546246,-11.646859,-7.4210315,-64.9831,4.30034,38.93509,-97.053116,22.904915,-33.242775,48.301205,86.29268,-62.085884,-48.48251,-10.932544,-42.219357,-11.912572,9.838653,-10.084734,47.97498,-59.17195,6.3444853,11.955965,104.4948,-32.027374,-36.441414,-16.148363,-47.73774,21.485708,-21.425972,-9.522804,1.0934656,-3.0469677,-10.491092,38.42569,1.577334,-24.882618,40.718063,-6.0655384,-20.753578,-10.967974,14.443132,-14.810382,19.496338,8.345649,-3.9291317,-13.369174,34.52003,-38.208115,-36.363903,-15.404341,27.67705,-24.63171,54.28937,42.589394,-18.268518,-8.386645,-5.732716,-19.681997,-15.47576,-14.167046,-69.94546,-16.043972,6.0032516,-7.5565805,-3.717738,-25.608267,-7.102597,15.598034,26.755299,18.803905,-7.1445103,19.325119,-66.64753,-27.679745,21.134834,-8.628665,28.84022,-1.2380105,-1.59617,5.14123,25.57682,-24.157328,7.231998,-12.7707615,14.812636,14.626206,13.535907,-21.655825,26.394913,-3.6292868,-19.38046,-19.350266,5.0370426,5.599101,-7.3281446,-16.547976,-9.5014105,-2.7659607,15.51028,3.58525,1.8758258,-6.547251,-28.44702,21.421856,-1.1279986,-11.291248,-32.421726,-11.763293,-0.21436921,-2.9932532,0.23587349,20.389046,0
2013-09-07,Phase_3_fin,-16.021507,125.38745,31.874403,-9.339827,-77.901505,124.20867,-120.17003,-91.76528,26.777044,79.89098,-107.47436,220.87521,-167.89053,-115.099365,25.788517,-137.48549,77.71453,-28.64313,-65.21057,73.721954,-50.995167,-17.516933,-112.12794,73.41101,33.353428,114.97904,-17.066479,-85.654366,-71.428154,85.2793,-38.226772,-56.872128,89.319725,98.09928,-80.10621,-47.393215,18.870554,129.24106,-60.036037,-22.841625,-67.537796,64.35469,-9.605845,52.8112,17.15665,-23.808134,7.6310334,0.93917084,-51.902004,-4.6820564,25.471548,-38.283028,-21.704704,-77.50214,31.546068,-45.56838,9.834451,-37.856644,-3.4994204,18.740057,-12.056539,-4.3353596,5.133039,-8.363307,-0.28099847,3.720264,-15.792118,2.3423579,-9.369241,-7.805281,16.409952,46.575237,23.10742,-33.58397,-8.486463,-43.656563,0.9618876,-5.06264,22.79262,15.514288,-18.50658,-14.16309,6.8029585,14.623536,-7.0018697,9.754616,-14.206527,-22.09162,-8.95738,-38.862965,41.244286,-14.08842,37.33009,5.5686297,-15.304825,22.271706,10.420229,10.775705,5.170785,-36.357933,4.3043036,-30.20737,4.871824,-25.247505,1.0742128,1.8246983,16.40005,-1.0768132,19.489683,-5.015442,-37.25372,-17.441319,24.382164,-13.852751,-23.26159,4.8257484,5.053179,4.693406,-13.0008335,2.5425825,16.452171,-18.596273,0.7577349,10.484583,5.943368,-7.961735,7.4862733,-22.916864,-11.707123,-2.6853092,11.716646,-17.137785,5.902235,2.3736439,6.5201335,1.2109414,-14.804804,-7.3659096,-6.782582,-10.433324,1.963968,14.391409,5.4844646,5.588612,-4.1031213,-11.065525,10.188041,-11.693257,-9.17585,16.595732,-10.395468,-5.8250036,-13.23613,-3.2347615,1.8725295,-7.8075094,8.896897,-0.0052475585,16.86173,1.943046,-2.3709369,2.1008356,0.46942922,18.091547,-1.2787093,14.61271,-5.801243,-10.470422,1
2023-10-06,Phase_3_fin,357.16925,-243.93257,20.28914,-69.4213,116.34904,144.15897,-111.57414,17.166922,-42.89138,-2.2436628,153.90695,85.33692,-36.3003,143.06726,-52.319332,177.4264,65.6373,-129.75807,48.3279,-83.684105,18.007154,167.76517,45.912132,17.893702,-70.56784,-20.90161,59.42428,56.362183,13.426107,-6.9040594,-40.7331,32.448048,88.459496,87.35137,-76.789856,-13.372816,-90.35417,-20.320625,43.78585,55.37572,-45.60089,-48.27743,-13.142733,6.8057013,-27.25591,54.31547,-74.02995,-25.392033,4.098184,8.731915,18.253677,28.334614,36.54199,-68.98117,-11.768493,-26.191208,-1.3426578,-32.670662,5.057982,-49.001183,40.734936,-47.459,-18.776264,8.834833,-10.150912,13.385004,34.661182,-20.333113,-43.071434,-49.226215,-22.312382,53.653217,16.643093,-20.686943,37.209843,-10.656033,-34.22343,-45.329918,14.251625,-1.5970427,-19.085009,0.6050796,-11.758865,50.154392,-40.763042,15.810077,9.820245,-43.532288,9.39859,-38.678047,-34.66415,1.4922174,-11.233379,-7.785629,14.691901,7.953041,32.333134,5.5741515,15.2647085,6.531909,-21.824099,0.176469,-26.703857,-6.777686,7.4990516,24.982025,4.427273,-30.26329,-7.1079607,11.217553,-6.0748053,-14.51887,-2.4049168,-0.095283054,15.960891,-7.980174,6.1644754,1.5929885,4.4159536,-19.046272,-3.064182,-6.2140155,15.493697,5.963711,-0.028840814,-17.569786,-5.358836,26.678349,-10.077299,-9.843799,-11.599147,35.375328,25.026026,-10.561092,1.9888669,-19.933838,20.028837,17.956148,-9.743847,8.1210575,2.3621507,-19.538712,2.195839,-8.666477,-24.112623,-20.008501,-21.588297,-2.8049722,5.5071707,2.7393441,10.718212,-6.065064,13.744206,-6.6159782,-2.4407156,19.421144,12.072649,-7.3436723,-2.0694444,1.8503101,14.072576,25.016264,0.5512795,-4.09529,10.454769,4.072432,1.7672776,-22.184128,0
2012-09-27,Phase_3_fin,29.01322,-377.3154,-259.99277,-99.17806,-131.3747,-67.21665,70.04211,-1.5898259,243.03586,-26.47871,86.83735,87.86978,57.826694,-121.971535,-112.00937,-68.49922,-56.429863,94.10926,79.59297,78.26154,-21.739576,-42.48528,-3.2409008,-58.777447,28.866545,-96.53826,-11.664703,44.161198,-40.178425,-3.5756109,-19.170916,1.2714405,13.114369,-16.216867,-36.738106,4.7625623,-23.19259,1.9640435,-35.995796,33.68658,42.686306,14.410131,-5.9792295,-9.33787,45.831177,33.644955,46.047115,-0.99202335,-19.66378,-10.757629,-35.061512,28.621344,-33.076557,-23.724133,31.15103,-10.216542,17.035057,4.9573708,-28.823748,-44.2094,36.21061,6.5639205,48.886044,10.70391,-41.118282,9.864776,2.6972282,-17.549726,59.1078,4.7777743,5.6293926,-3.7857976,1.4849789,-30.831924,15.779287,6.1851025,-10.8715515,2.5773294,21.83701,-9.714542,7.085974,2.613073,17.58171,15.4167595,0.7368663,-37.80914,-14.43288,18.987385,15.329334,-24.508392,-39.556183,47.57131,56.173805,3.426237,47.01703,13.325811,-6.6633306,-20.079298,-2.5805664,25.560555,44.448265,-15.82225,-20.255861,25.49368,-13.831846,14.012071,39.440655,9.54784,-16.094435,22.18988,5.365712,16.537386,33.982548,14.783394,-22.021152,27.415895,-7.476713,-0.13879639,27.588964,-36.697464,-7.881325,-2.666248,2.5044856,-17.7628,33.757492,-0.3947702,23.672224,-20.308052,-31.048622,65.26549,34.861874,9.294459,11.742394,-21.34274,2.3912482,-0.3519011,2.0689988,-12.776026,-18.137707,-0.3980279,-15.168017,21.08619,4.381118,19.369757,-3.1336603,-17.684484,-9.70064,8.120483,7.1205955,2.9512272,-5.123925,-14.75729,-15.695017,-1.2710861,-7.54454,-16.99177,16.826357,3.8770373,0.006906903,-6.337632,-2.275885,7.5782223,10.924244,4.2920346,-13.807468,4.9715104,-11.267394,-15.263486,1
2005-10-05,Phase_3_fin,-62.230106,12.840304,45.144608,-249.93317,29.444866,-118.89061,14.142122,23.395586,-36.80914,-195.46094,-12.002175,-9.138202,-28.300972,-124.71629,115.4006,97.45772,137.90619,87.03834,1.5988802,17.711649,84.56486,125.28568,44.438854,65.03269,-49.810272,3.1313252,-33.849876,-127.68804,-19.62135,6.8557787,69.8939,11.660311,-23.673876,-149.584,-43.54141,-80.31383,-5.2270937,40.410904,-8.151081,84.30498,32.04523,13.33481,-81.1956,11.877371,14.9008875,-28.795713,58.344513,48.414986,-10.038516,-11.487658,7.3317413,28.901073,9.783733,16.085674,-30.891314,-35.76943,-7.140952,-87.9281,43.55751,-27.193218,13.763424,-15.583005,-8.168032,6.6649294,-56.066628,55.009296,0.6272597,-18.43719,-31.772877,43.415146,63.718895,9.156014,-38.733955,-35.239796,48.422367,1.4989905,-4.061821,-19.577707,-51.640335,14.608827,-50.31836,-12.010713,41.513695,-7.3287,70.97802,-31.835505,-8.088621,55.867672,1.469561,-20.311157,18.97611,-10.51984,-57.59711,50.935955,-15.873353,33.210815,51.317226,53.566895,14.011376,2.2259455,24.06867,10.052919,12.343534,75.18884,31.024797,23.446247,-27.872526,-30.163925,-2.652694,42.48989,-0.36573,65.89582,6.2364125,-47.325237,13.367369,-55.33366,-33.62059,-45.34982,-10.120121,28.784985,35.60731,0.37220612,8.443618,10.362252,19.979603,17.003725,-75.313934,-23.389832,17.79257,8.260737,-18.254168,-4.5644383,-0.31894705,24.815092,-22.674416,-5.067579,22.384016,-20.67047,16.601093,-38.309517,-1.1333753,-10.474694,-2.56218,1.7526586,33.76615,-4.019359,-49.75864,27.634901,-19.135553,32.812477,-32.99288,-2.0545769,10.268232,45.004814,4.321205,11.746621,13.128762,-30.74342,57.212704,29.35243,-17.388546,7.94892,-18.217878,-5.116508,3.4536023,-59.825912,-9.486159,-47.423573,1
1993-10-26,Phase_3_fin,179.90175,63.67679,-101.99489,-3.2006733,-33.44607,-16.203983,136.97249,119.314445,54.72277,271.10266,-148.58223,-92.97254,79.147095,-53.309666,73.5238,-103.84378,-53.70911,59.622997,-73.91828,105.76176,153.70265,278.52518,-49.23227,-30.594873,-68.912384,50.974648,-86.773445,24.316574,75.90616,-85.62958,17.323061,-21.02126,-50.50787,-4.7010484,-92.04212,-28.62214,-20.764433,-59.548042,-35.60197,71.3305,-37.814068,-15.648648,65.36056,138.28221,39.521587,7.85369,-106.91885,-46.78836,21.879633,31.987993,7.93803,8.945115,-28.83463,-0.33049595,38.082676,16.020937,-19.0442,-51.371784,16.82637,6.9028573,-26.983053,51.257366,7.3110647,15.396873,63.972385,14.840957,-6.3605227,31.745306,7.435979,-4.884807,-33.876312,-7.5402746,11.509492,3.908641,-29.940468,-0.56036323,16.884039,-37.85898,33.71613,13.4672985,0.1289593,12.010731,-14.342288,15.841839,8.315064,-14.3071375,-7.9443116,-24.578651,19.627672,-22.185318,-11.580757,17.420504,-4.4259443,-1.9180156,-9.268563,2.0282278,45.25567,-22.481157,-6.7167664,13.649968,16.576275,8.107308,12.85269,3.1815195,26.015242,11.953767,2.6850622,15.859621,11.033888,-27.034378,15.749454,24.874214,7.7106924,21.47058,8.50638,3.260564,-9.453313,35.03676,-8.304917,-2.3157907,-14.964342,2.9742162,26.428722,-10.788595,-10.842945,-4.7341948,10.448496,-15.8268585,9.595891,-15.972246,-5.33201,-28.267616,1.2629595,22.514906,25.975111,20.175142,5.745364,10.004743,5.4720273,-23.531506,11.095411,2.4449048,-6.7177606,-33.496677,25.953512,13.902956,-17.105572,13.057371,8.554953,-34.089508,5.2552733,-6.658022,10.809135,16.794819,-13.1807575,-5.917529,10.411698,15.361676,1.6857057,-14.349364,46.997677,-0.32475984,1.9728394,-14.747328,-26.47488,-22.618832,-9.936535,27.130459,1
2017-09-23,Phase_3_fin,-28.326122,106.48617,-56.391747,2.3899488,97.02042,-63.120277,23.695702,-30.934496,60.203568,27.36977,-1.2568015,-16.212858,-79.31171,57.591225,-87.68108,113.770134,137.617,-81.753365,14.611457,213.58533,15.207131,146.19073,-113.0429,-107.748825,160.05785,-66.227486,-17.972765,-10.208478,65.573814,-34.800518,10.189993,-123.200264,92.1443,-101.76201,50.87782,38.9079,54.072884,30.2346,65.63356,-93.575615,21.148937,74.66817,48.449245,-16.503462,-43.34003,-4.766128,-12.828538,-32.98602,-8.800512,-93.03617,-53.557674,6.3648667,15.222669,-14.990447,-76.352646,9.085651,-15.269122,0.17339182,-5.180528,24.270424,-18.450294,-50.28422,-14.049764,45.98821,29.70203,-9.035301,38.760006,-32.009037,-2.0100214,20.07118,-20.682169,9.287058,-8.453084,9.0342865,-5.588688,1.2278079,12.268612,-6.5339384,5.813631,-12.5016,7.1972637,-28.667288,-27.39303,10.620983,17.716177,2.460496,3.3008773,37.818584,-5.5651774,8.50943,17.28472,22.78301,-2.3986864,-19.165281,-8.062702,-21.175348,31.891464,-16.693602,1.2924626,-12.709973,9.101439,-25.215233,15.926599,2.0214496,10.439068,2.677469,-0.67378503,4.446704,-10.416277,-8.882188,-11.6646595,-3.6995335,21.145985,6.7921133,-15.382551,3.6045043,25.223919,25.361794,5.903001,-12.984084,16.793604,-4.205523,-19.375904,24.671505,36.49468,-20.385141,-9.13271,4.6411996,0.28015533,15.74801,-26.642899,-6.2000847,-20.136452,6.6383057,-26.481733,9.605381,22.715088,-18.345016,-13.240425,7.9317317,-19.3519,3.8007412,10.216204,2.710083,-7.1812434,25.879412,-7.9729443,-34.2797,20.319653,20.499744,-2.928072,-23.83298,14.01018,-2.413534,-16.827387,-17.504333,-34.0786,-7.3046494,12.300712,-14.224458,-19.208494,6.1078963,22.230932,-6.6948643,-16.375807,-17.119678,-8.788808,-2.8641114,1
1993-09-27,Phase_3_fin,77.86977,75.44893,-72.28657,-13.212603,73.61978,18.73945,44.27697,154.34843,54.02257,228.83368,-99.84691,-44.848446,83.31397,-37.73855,-1.9048233,-43.346455,-3.031595,-24.633001,-159.87785,-19.093254,56.95135,139.59456,2.1070006,87.521866,37.62192,9.966889,-125.27634,65.49241,76.22702,-63.861706,-0.13731255,-34.650528,-82.8047,-11.877524,56.887245,-84.693085,-0.78182024,62.486584,-62.174362,62.619503,-109.6031,-38.541153,-52.43411,-18.082466,1.7327079,14.074826,-52.88275,1.7971493,-57.818027,-31.695238,77.47159,-22.828894,28.55541,-138.42538,-68.811264,60.18387,86.48428,97.60627,-21.120998,-40.771954,84.48707,-10.391455,-80.86739,-25.847448,-176.7454,-40.20107,-4.9044952,-106.26624,27.962769,-1.731632,-0.16932435,-14.606478,-85.88627,27.679792,-31.02641,-37.99437,0.9825103,70.24781,-36.37517,2.1403735,24.717846,-50.288486,8.247416,5.442261,-48.826504,-0.7063383,62.867645,63.07136,19.90805,14.540834,4.541077,3.766146,16.19087,59.901993,26.626698,-13.142577,-32.244843,39.428448,-7.3888626,-7.337567,-16.531214,16.131365,7.9427056,-25.491867,8.839972,-2.841174,-22.923784,1.0327924,-8.992572,-34.34279,-26.085249,-1.9892637,29.291529,0.48540285,-40.058964,0.599188,-9.325905,-13.074956,-35.070255,-14.763124,-0.78175294,7.8489122,11.347064,7.1760087,16.918072,23.597502,-10.418547,-2.0925932,12.67926,3.7797072,-24.828299,5.517915,3.080644,-31.579964,-32.872715,12.687398,-64.919914,12.948555,-13.641075,3.6513112,14.140214,-5.422582,-24.233362,-49.35039,-16.66859,-17.782646,6.9256077,18.198454,20.362053,-0.7298744,5.8438754,-17.787704,16.040192,5.6008987,-35.567665,-32.098064,-6.3198395,-16.985392,4.2156906,-8.703185,22.138203,12.85148,17.270252,16.312843,30.48767,0.7348461,14.78917,18.849424,1
1997-10-18,Phase_3_fin,362.59232,-171.14326,187.32814,5.9759593,69.500336,108.821175,-105.50662,-74.69292,-2.113178,141.57283,72.214554,-148.33685,14.590209,-38.306812,114.93734,-106.6552,-88.12933,-140.29495,91.69852,-94.41886,-93.413994,30.495249,3.705464,-120.07111,112.10115,-42.60763,-103.645096,-37.410152,39.5418,22.524132,4.375177,-23.19902,-10.686697,-73.56023,-86.329414,-48.671597,-29.504292,58.43468,21.642706,8.341866,88.65082,15.916292,-73.81774,-46.084686,37.914,-58.950268,-55.295406,-11.830254,-85.568115,62.63764,-65.18395,-37.999107,1.6119596,52.719368,-30.91466,-51.253796,-53.9214,42.902897,70.21319,-48.99755,132.43681,27.720142,28.844694,-132.32576,20.256739,53.50539,22.512629,-14.11976,8.026417,-13.010489,19.410793,65.286766,18.586126,102.45233,-22.786438,18.455288,0.15465355,-20.88389,-15.78729,13.70064,-65.42714,36.53137,16.57542,10.072873,8.938696,24.851702,55.223007,30.945324,-37.931637,-37.77132,16.66204,-5.312816,31.91447,-2.3697636,-17.049885,-14.032302,-15.884301,33.423325,-32.96471,-21.733896,-36.81902,-5.5772066,30.86681,-23.655224,2.558384,2.2221277,14.706453,-11.426814,-1.0513393,24.777771,-17.878242,31.893522,48.627563,7.472399,3.6315863,22.096817,-13.899018,8.242643,14.4502,-23.8416,20.116655,-15.742618,49.721508,-12.0883,-28.155342,10.545262,-10.469958,39.562828,-3.780606,-9.457425,42.563587,-52.81906,32.103413,-20.594992,-51.11892,40.69652,15.708705,-1.9702663,24.724129,13.223183,46.642185,31.587252,-18.640484,71.40223,-9.81535,49.63923,24.545553,-3.3403234,9.55142,3.2223258,-25.006653,24.06068,16.58418,-38.3382,21.23746,-35.40594,-23.236847,41.48192,15.388831,-84.185265,5.0204163,-35.468098,-25.828533,-64.49045,-21.550142,-16.630072,1.115106,-47.03448,0
2000-10-02,Phase_3_fin,-143.94484,81.44801,18.158216,79.37593,-187.7268,177.42615,66.82279,105.146095,-54.53134,72.0902,-11.119969,-23.148413,-248.4836,-83.84259,-46.543488,15.969896,-128.44542,-21.95642,85.54179,-74.30596,15.348257,2.7107875,71.330956,-11.067923,8.6189165,-74.351746,-15.745145,24.646557,67.08412,39.158558,0.3916191,28.094357,8.596022,-60.798244,-41.07873,-0.43586817,-10.886487,68.65788,14.003509,-39.560307,18.45497,-46.32128,61.402355,-54.29295,1.5129994,31.944859,112.88128,-155.68153,-62.36336,-20.503025,113.22721,-16.097996,56.49588,-4.7215414,-79.572525,-33.366333,108.98846,-92.55138,-78.83471,27.494776,16.392624,18.377499,-136.60794,-5.5238323,106.801926,24.190054,-30.688635,-100.45639,25.579916,-24.076107,93.66216,-79.72548,75.602455,-2.3647206,29.67007,62.460934,-72.44576,-15.447207,-41.581394,-58.646114,-97.84656,-12.518609,3.6555505,21.318516,-41.272034,-68.049515,-39.01124,-18.972178,19.133274,48.41738,10.541252,36.678143,-1.9780158,16.10581,-12.60146,32.246174,-48.913998,-39.68542,4.310253,-3.014183,-2.3443527,-8.561842,-18.458767,-11.955262,-39.808243,16.339373,19.369057,25.607336,6.2254353,22.139603,-21.40668,37.715263,-20.174135,-0.51258475,28.879856,33.10229,10.840418,11.31246,-24.723024,30.87963,-15.78198,-3.9934788,-4.008886,13.515061,-21.627253,3.4074624,-6.5791936,1.0137777,11.598059,8.639803,15.640078,-7.9699283,-0.036690343,-2.78501,-16.986721,-12.733727,5.074329,5.7074194,-24.250834,-27.726582,-18.688334,-4.583715,-5.453436,-21.972488,-4.5693464,11.522622,-27.464733,-1.5345951,10.612251,-8.592316,-0.7193271,-3.9180915,-2.4371734,-13.791728,-2.340734,-7.258225,-7.514968,3.2437167,2.137727,0.67086244,3.6626391,4.7334585,6.5877967,2.4001424,-4.650736,-5.4518023,-4.274003,11.182768,3
2020-09-04,Phase_3_fin,-89.7287,203.40541,122.40781,-12.160008,-86.69261,-145.69658,-130.09818,149.64397,10.712811,64.46244,155.80383,22.36648,36.75643,-82.79831,-66.34563,86.58055,-21.741314,-13.170879,-52.057205,-6.1812534,-23.719105,-9.322724,19.894737,-62.596233,7.053215,133.42322,54.061954,-69.82936,53.709084,43.20565,-25.775795,46.83143,-42.201023,-46.960194,-6.8463297,67.27435,99.82402,-58.217182,-100.82954,-24.277554,-0.8777637,3.7501283,17.15393,49.994957,-50.022675,-34.852394,-58.953594,65.246796,-36.643963,-25.52888,-64.90744,-29.220781,54.57182,5.613531,21.04668,41.27343,73.393456,-3.550466,-29.523252,-44.60465,15.293246,35.946053,14.997374,6.574838,-17.47073,35.734497,-20.64919,-35.999554,-34.356056,6.467251,26.299603,29.7481,-30.08314,-9.441967,34.996143,19.883389,-36.204536,19.237558,12.698263,34.20936,-1.7145896,-2.502112,6.450098,-16.324326,-17.824816,9.096899,-51.17434,-0.87009096,-14.373336,-48.692364,9.121385,21.88052,3.494498,-23.784555,0.63610214,-3.978094,-12.264707,12.024542,17.073402,17.81519,-11.987378,7.0405707,-0.7460898,-0.76209736,-12.005497,19.045181,-0.114523835,-2.782081,0.5548617,-29.204405,11.379434,8.718241,3.2848077,8.847777,5.4234805,-4.6565523,-22.816452,7.137363,-18.304735,22.59743,-31.710924,2.2929285,7.77513,-6.4610085,7.171556,6.0503736,-11.649144,10.878873,3.3572137,-5.455975,5.3947697,-1.7798114,-46.199356,16.736532,10.005532,11.275165,5.306581,0.1498361,-6.4664235,10.832451,-14.950266,5.174096,27.231543,-12.724115,-3.856848,-40.116966,4.6131053,-0.13742676,-4.620774,9.856296,-18.192347,-17.188833,-7.5611544,-8.941153,25.168837,-21.166859,1.50517,-16.153671,-27.139576,-1.9687675,6.669876,0.00011893788,15.0286,-21.067806,7.196715,-15.906059,-21.446123,12.563456,3
1983-09-11,Phase_3_fin,-11.897056,-59.851665,237.47179,147.5658,13.750488,16.740742,52.043633,38.538765,46.092052,4.7231436,106.82159,-51.04682,-6.6045485,-156.94972,9.375865,161.36398,-70.875465,-132.5882,-18.007114,55.981922,33.84589,-115.75431,-84.10067,61.289658,-180.06738,13.057324,-152.683,-66.17324,-22.157793,36.941315,-75.67724,-166.1711,14.524723,65.70294,28.982729,-13.170838,-16.795862,-87.00363,-69.40867,222.48463,69.57078,72.32142,47.148525,-123.02547,-4.447988,-93.80511,-56.217594,-57.866047,94.56491,-156.7554,-67.62268,14.545566,22.321796,-44.93554,-54.966713,-92.18104,-0.5619049,-0.080947824,21.616947,80.84648,24.241688,46.707943,6.710916,10.811219,-61.60103,-72.43799,-0.237243,79.11661,-13.332617,10.189364,13.644605,34.140755,-4.5423326,-75.15786,35.023552,72.85861,-13.003658,-9.767132,-63.93703,-5.6648602,-40.564953,24.618574,25.004698,3.3398194,41.46049,-10.451231,41.138615,-41.83471,13.863506,-18.653961,-13.963588,96.69541,81.30588,-15.4233,-43.800476,20.93658,51.034653,-21.215687,-66.240486,-20.469276,-29.399132,-0.50957686,-48.576355,13.942523,-19.253115,13.779872,-105.66246,-5.4316316,32.953663,-2.4292314,4.7831383,-32.423637,-42.691254,47.056946,-20.308214,18.57836,-14.38497,9.916789,34.599403,-18.732311,-1.6843944,50.925365,-6.231356,36.051254,-51.783657,36.80908,36.136185,-24.954712,4.4339776,-29.213509,17.482786,-32.627552,32.614483,-4.2105603,0.7327189,24.464947,1.7902828,-15.413481,10.2600355,-8.36326,-5.008474,10.127141,-6.2698803,-22.762571,0.7431944,22.403172,-4.528795,-2.0417223,26.665897,-6.7367296,-9.048077,-13.901862,12.750153,11.673377,12.634219,-6.8728766,4.7891717,-15.2738905,5.7153335,-14.692961,-2.1989722,-7.4642696,9.479627,6.51647,-7.621578,6.4823546,-5.2825074,-7.5845227,3
2014-10-27,Phase_3_fin,209.51434,79.41612,72.5705,3.0513372,-15.537008,-150.70737,16.484142,-173.26816,-50.065414,-17.581604,34.055798,29.71157,77.24775,34.322758,-119.61728,-117.11855,-60.288204,-52.97671,15.031682,-30.709284,-66.26918,24.388538,92.073784,77.5722,-24.15144,-46.571095,-16.736197,-51.5182,-32.25217,-67.93557,59.67167,-51.7087,31.599506,-48.337406,17.422531,26.814575,-2.638415,-28.287283,108.1952,-38.35979,-37.4645,-83.41756,-15.118307,19.16394,-88.49405,-18.615469,39.643448,-67.25064,36.19164,-48.537544,-29.775795,-36.009464,-116.775505,59.69208,90.45881,-107.36477,54.19447,46.360947,12.723178,12.0267315,36.595306,35.64132,-180.96321,59.627064,-57.033234,2.016721,-154.27943,52.40185,59.48817,102.51114,-47.91406,4.0943127,51.496445,0.13588203,-30.058294,-84.27871,-4.7847457,27.216158,-36.057224,-39.341465,76.04209,137.73721,54.720036,-5.3685336,-48.82339,-16.295425,-35.0537,-2.0725896,-22.159216,-41.937675,28.313423,-25.291136,-12.803297,-40.402775,-2.861857,40.131382,48.47066,23.292236,-36.02888,-26.41659,7.0473475,30.270813,-34.3307,22.845104,-44.697433,27.142416,-23.442385,-2.9287052,-29.222271,9.973207,-9.13876,-71.05975,55.03596,-1.6743759,-34.76835,4.238017,12.562168,-22.421392,-21.096693,-5.037674,-46.206165,4.9577,18.758026,6.5874214,-0.059410606,-8.433653,-33.444477,15.08284,0.32581186,16.107588,-1.6980752,27.917665,-25.728865,26.062935,-11.70994,-6.5231943,42.41172,13.066416,-10.763426,-1.5363207,-6.7686043,27.735117,9.469806,-6.9872932,-16.44432,22.046993,-13.775624,2.154911,-0.42712128,-15.400725,2.3170595,-9.589382,16.629305,3.0067763,6.285538,20.41016,-5.809646,10.834056,15.89191,-15.105326,2.3786037,-8.977874,-7.1090508,1.3980002,-32.50576,-27.816385,8.975922,7.8157907,1
1994-09-29,Phase_3_fin,254.8368,58.037926,-147.67554,-5.448411,-235.5739,3.3836725,-260.87643,-10.940267,116.16538,58.052414,-106.51313,13.356347,38.771885,92.74007,126.77497,-0.20312646,-55.304157,-64.18726,-23.768848,73.29677,73.726166,-34.307354,47.800907,61.93461,-45.166367,-6.9803047,147.55731,-18.301205,-98.83875,4.5430427,-65.991714,-11.02881,-22.218727,-60.48505,-86.11397,-26.537567,-32.883064,-30.60632,60.54663,-7.49055,84.84311,9.933262,31.710783,-11.88485,15.364145,-21.230976,5.9555635,14.126276,-7.943826,16.587471,-36.625366,35.998623,51.53099,46.073082,-40.991325,-11.180796,63.333893,-43.700348,52.245037,29.260178,61.666637,-25.159449,63.324493,50.295094,22.142859,-0.9064071,14.901695,23.930418,0.45425642,20.547886,-15.40818,-36.173534,73.17617,64.81081,37.40128,-30.46662,-17.540676,23.266188,15.74415,-6.024244,45.738323,-28.96846,4.1940517,-32.01357,-46.24291,-19.306038,1.6340638,44.488472,-13.432804,25.49431,-33.30413,50.315067,17.05877,-16.694647,2.2489934,4.230576,-39.375267,24.028261,5.4935455,-28.494808,8.085876,4.115638,5.9876976,-26.13265,10.586274,-42.90727,-24.687899,5.5643926,45.707882,-10.838309,5.949132,-36.981136,-6.198018,-17.683641,-57.56007,10.023947,-16.683231,-45.16911,9.585145,-11.242698,4.4619374,-16.627625,38.4811,-25.77684,14.874681,22.166971,-15.149179,-8.576792,15.20713,-7.2416224,-12.886816,39.83749,42.92912,-0.20971018,42.3663,18.65958,-19.625078,22.683008,-22.523643,-29.185148,-61.779324,-59.06672,-11.236787,-25.830334,-51.051556,-28.053955,-11.309007,11.808034,-19.014988,13.048768,-9.265593,18.62833,20.205658,16.008163,-23.851353,-4.2182117,-9.669114,10.013398,-9.681995,-29.996897,-20.74331,-61.158535,3.0041893,-17.428625,-14.365224,-11.854412,3.0021172,3.4083447,1
2009-09-22,Phase_3_fin,144.34337,-17.149096,30.353426,-32.23854,22.660822,-106.502594,133.4874,-14.918166,40.69111,-10.797322,-163.87735,33.788708,-128.70938,210.92221,-96.63016,-0.9833057,-41.1972,25.833534,-19.794132,-108.89865,-36.92571,-138.07256,-189.97223,-74.78559,-21.469856,44.68877,-66.81923,-25.167585,-40.26175,-138.8472,84.821785,69.488495,61.196335,-103.51376,-33.077335,-11.543127,9.0015,-4.5259194,11.334408,60.485172,-13.616477,21.151136,11.885192,-2.3205976,1.8364167,12.193004,6.1138506,46.167393,5.2358212,-14.828985,-11.182232,34.958,13.101252,44.78778,31.64858,0.32695657,3.595781,21.287766,30.324276,-0.40745026,12.886048,16.895277,-19.107899,6.7777085,-2.2181253,30.282833,7.722541,-1.4766026,17.872458,30.46985,19.105707,-28.500755,-75.96318,14.913754,22.639442,27.803055,-14.19151,46.130836,45.741177,21.161806,-37.97485,15.650483,51.357243,-12.392658,-32.17506,-23.988874,11.453103,-19.57335,16.147808,-10.839179,-69.136086,-47.886013,-1.2251923,-9.486701,2.1455781,49.516834,-33.693974,-18.421206,-16.463919,-32.238472,-24.214785,0.06749395,-29.706896,-15.683049,-2.9548101,44.475986,52.680058,-16.513618,1.0654769,-38.91712,-9.496282,-31.634592,-31.493048,1.0746164,-9.701803,5.753909,-33.522392,-36.00976,-10.450863,-15.583767,58.543453,21.81551,-30.959198,7.9176517,-30.62119,-34.719902,29.32619,-5.9200926,0.21958038,-32.474915,-40.737404,-3.3137107,7.3698626,0.6598973,19.037355,-0.3540861,41.91541,-6.1297874,-15.96504,8.444168,-22.333565,27.413721,1.9274486,-7.233036,-28.272371,-2.6347485,-12.635358,26.146404,-17.417377,5.531597,-16.684546,-3.5943425,-20.975004,-19.293274,-5.453742,-3.3082042,-27.873915,4.1523275,16.710056,-5.5018272,18.194622,6.718952,7.815345,1.3192902,-10.074525,-4.0743237,-0.91199094,8.469907,1
2013-10-28,Phase_3_fin,-1.0285283,35.641636,-54.463028,40.54667,-38.2996,-111.25967,-5.828146,-98.80491,-103.76219,21.171782,-126.112526,120.174484,-50.38142,-22.331484,-20.639132,-231.59418,-16.63422,-115.30611,72.85964,10.470591,48.621986,-13.95686,50.182117,37.391907,19.539299,-41.16856,4.4800286,-192.74507,78.04701,11.260739,-101.416,-21.926107,-50.11643,75.26534,106.55088,134.83936,-7.689811,-135.788,-49.185062,25.39713,68.853035,-16.460411,-91.728714,6.9574814,-70.626076,117.12324,-66.10241,-87.44706,7.830961,85.01024,87.50458,66.54226,20.140242,-0.51950115,-58.720127,86.12461,-75.383156,50.36106,41.796417,2.9521751,19.350088,-20.996843,-20.464863,64.676796,22.850838,18.9666,54.717808,8.756458,36.948017,45.08031,8.35775,-6.2229133,7.409602,3.8308687,28.548073,57.342327,11.556242,40.162674,0.49107867,1.8561401,-18.615978,-16.012932,54.768467,17.686413,5.977562,30.515306,-12.506777,-3.7514362,22.176188,-21.52999,11.411331,15.544087,15.193944,19.478872,5.489963,0.90129316,-3.451132,4.189224,28.809748,-24.339924,-4.970951,2.7591655,2.1486337,23.046064,8.438056,29.786861,-5.357764,-1.1859118,16.183239,-4.811109,-4.842277,-4.6911616,-10.320834,-27.829725,-26.387686,-10.906259,4.951784,2.097184,14.57971,2.731567,20.319534,-28.153091,4.3685465,-11.581775,2.5177305,2.761091,6.2219625,-17.954487,-9.231164,10.1435375,19.13222,-2.5292912,-17.221766,-25.967724,3.5733032,-9.508446,14.9437895,-3.09426,4.8418474,-3.3583899,3.0192523,3.4900203,-0.04094552,2.836424,-10.694427,-4.1827025,8.788222,2.5889833,0.33388758,1.1058122,-6.7128754,-5.3790903,-0.3958366,-0.3497042,2.6356978,4.7944045,-3.9489548,5.545731,-1.8953954,15.422867,0.36180717,1.1046469,6.542462,-5.2040815,-7.936301,-4.2831264,7.3768086,-10.635974,1
2000-10-03,Phase_3_fin,-167.5162,75.76169,29.868376,86.8913,-203.34074,169.27097,62.881386,88.08362,-79.203575,74.121704,-9.071533,-17.689503,-250.01262,-77.67296,-38.88357,18.074007,-138.9592,-11.958101,93.61986,-56.977318,15.869799,8.866445,67.78446,-2.710626,7.021142,-72.51038,-17.063627,21.877113,57.008278,36.943344,12.655699,32.723583,24.73952,-51.298286,-17.70025,13.268239,-9.658025,60.287548,7.743036,-32.36014,10.273146,-33.327316,54.906162,-34.85654,7.111053,38.839233,100.69325,-139.40323,-62.63189,-15.619168,99.12692,-17.738338,54.008118,-11.744029,-66.01983,-23.996197,108.17568,-73.86599,-60.9752,29.16997,14.293033,15.867701,-106.722244,-2.7428231,85.31422,13.536309,-33.854717,-78.96069,22.883286,-31.115557,72.92902,-84.4234,61.451107,4.3636026,39.374096,43.600822,-73.39027,-17.151407,-22.158283,-52.700092,-76.174774,-6.837906,-0.206017,4.9934516,-31.200766,-59.57783,-48.89382,-22.219109,13.437357,39.465256,7.234078,40.927097,2.1646237,9.102247,-19.096664,22.115932,-29.731964,-41.282894,19.378572,0.9190885,-1.481507,-9.963665,-24.499424,-30.199232,-20.287119,46.056194,27.280266,24.894516,7.7913747,18.880907,-25.350151,30.299414,-29.022339,0.93661433,10.886276,22.402525,-0.040132925,2.8917239,-22.37703,22.091959,-14.072686,14.429643,-12.403138,12.329813,-19.463856,-0.08793501,3.7872598,-1.2200735,-2.657746,18.363,20.85915,-8.497423,-8.0340185,-8.57649,-0.6877769,-7.9298105,11.615088,5.1382084,-19.550993,-30.048052,-10.554751,-4.9596987,-10.906765,-25.182358,12.336942,1.6975003,-40.590546,-25.174402,23.67641,-34.72617,-11.46564,-11.299062,7.2907953,-26.535904,1.8290253,-14.283058,-7.815952,-1.4190056,-6.5519533,-16.976597,34.94465,-17.596601,16.801537,-3.6863189,24.531178,3.9030323,5.482155,24.358753,3
2015-10-12,Phase_3_fin,582.4162,-67.91319,100.78852,348.16843,-72.09468,6.0872765,56.180218,-100.39108,-128.8721,-55.402245,-9.981058,-59.040607,17.722202,-38.589066,33.008247,27.163868,21.767054,171.2182,-46.85635,30.809433,91.180504,4.78258,3.377965,92.24765,32.477234,-9.56137,-8.220619,23.17304,43.31656,-39.320755,5.69916,39.6658,-24.012836,61.643684,-64.80822,8.560029,18.934519,23.664213,10.1203165,-41.694027,-7.356228,53.775555,6.190326,48.05735,-54.102085,38.7555,-10.841167,37.934937,-33.44748,-43.72638,2.9509416,2.9522135,6.801084,18.983696,-30.688986,-74.38821,18.321592,-6.873646,-2.399082,0.21854529,-48.711727,-24.262434,-9.803992,-18.213781,-13.885649,27.80254,37.841812,-1.9894371,0.97947353,-26.041674,-27.260403,28.155262,-42.790264,37.054756,-20.90885,-15.6651125,-11.760158,34.34101,45.586266,53.50623,9.390202,31.108292,30.935122,-10.319877,7.7072268,-31.67785,-8.670592,-34.304115,3.6615644,54.66841,38.747074,54.10731,29.441164,-8.532998,33.10095,-37.001648,-42.209766,14.155026,-1.2245262,15.767964,9.359797,-8.612091,-38.401344,51.60696,15.369016,8.454696,-6.2990465,11.190845,0.6536415,26.480917,24.231916,-29.407022,-65.6994,-19.854185,-40.991203,11.369448,34.60408,16.342377,-4.8355346,26.569693,18.204182,-21.857433,36.086735,2.6751208,-2.5786693,-12.654169,-16.662733,28.808441,2.699702,-11.24168,9.54307,-23.67245,0.05515493,-22.488707,-25.812267,-11.098889,8.540987,7.577921,-9.635085,-2.3278177,-8.619339,10.729384,-13.949308,-11.276994,15.147788,2.9530764,8.859651,16.798958,10.130338,4.7168,-7.177989,1.3572452,-8.130852,-2.521141,-4.216532,6.7638226,-7.013397,-0.11658962,-8.013608,-4.960724,13.50676,-3.2354565,1.928335,16.619658,-6.1816893,6.45865,-16.65562,-11.38066,0
2017-10-12,Phase_3_fin,-48.13576,53.13706,-14.442904,-7.251937,90.03448,-44.532467,92.42602,-39.1799,67.799255,16.183855,-85.928474,49.57378,13.417956,32.267796,-45.44545,55.919537,173.92142,-128.78062,88.46263,139.59789,0.48354188,141.37608,-37.31079,-53.862656,133.8465,-64.8384,-21.694452,-5.005921,3.2607987,-5.6961594,-37.0688,-108.606834,22.058372,-62.785324,15.33276,8.454976,62.673584,25.721287,52.80639,-49.121857,5.327608,-10.420433,23.68549,-33.351837,-8.883325,81.58327,-8.709299,-29.612228,7.8293247,-56.866558,-66.17396,-37.545574,32.29413,60.606236,-55.906216,-19.733019,34.38233,43.377403,-8.976466,16.91989,-42.630966,-2.6783826,24.888302,-20.808691,-37.90759,-21.276659,-13.3594885,17.03134,-29.65472,-17.848232,-0.72504365,-5.6861467,-32.037914,-3.0053298,24.126013,-11.077512,-75.53218,-8.911807,50.277946,-22.948637,0.7174087,16.991962,7.7519326,4.9895525,-10.915968,-37.843422,1.846964,-14.239816,0.96890867,13.241509,21.04218,0.3215184,-17.703575,-13.471598,-28.507633,36.506508,-1.5506575,2.254722,13.115334,23.33602,32.28565,44.619183,8.753319,18.221016,10.17286,-17.81519,1.7969443,24.192398,47.23341,48.942493,37.17749,-3.072838,-56.73795,2.7509584,11.613351,10.193382,-52.144745,-96.418465,-38.603565,-33.99795,-79.59615,-37.18802,26.243156,-52.606853,-118.68353,22.17695,42.28293,-20.723574,12.022612,-30.34294,13.269712,25.608595,-18.310951,-43.877758,89.85758,14.382702,-48.2344,-9.866746,-7.9497547,0.10199071,11.466322,-14.300402,-17.18351,44.28527,-2.3062842,-30.581034,51.230907,20.105392,-40.748158,-53.86954,-20.45334,28.53813,80.87408,-4.4088035,-11.568498,-47.13623,8.356772,-19.936914,-4.2117286,14.047502,13.583395,37.878468,-65.02714,1.0394325,-44.455067,31.441278,51.615417,-36.56638,1
1997-09-04,Phase_3_fin,423.74466,-51.368874,130.04506,18.961117,94.13773,196.31154,-81.192505,-46.262104,9.480594,-173.0775,52.053886,-117.00348,-44.91265,-36.231518,132.16563,13.438149,-100.15618,-83.320076,-48.954693,-38.889206,-95.02691,-24.329576,-126.56399,-170.31424,49.264275,-92.8931,-116.40495,-40.92236,6.665513,50.27393,27.25728,8.998476,-46.769424,-25.01241,-42.026985,9.529576,-61.00614,-7.429059,-24.620779,-44.763016,-75.636215,-28.902184,21.71483,74.78741,-132.5075,-11.305038,-23.361303,43.59816,146.76686,19.870363,55.105103,89.204765,-86.0103,-63.03146,-58.695503,144.79263,-10.286588,-29.904928,-3.1457002,40.49303,-77.88056,-1.9227668,2.7196004,47.528954,-36.845535,7.7948303,-54.684914,-9.179413,-39.19833,31.557848,46.29362,-65.81072,39.812443,-8.000114,1.8264532,0.2890453,-50.718212,-63.319477,-11.796754,50.801914,4.503703,1.7780246,46.973495,-88.63109,6.74635,15.4040165,-41.307213,13.927718,-33.919395,11.610123,-4.0097237,13.74936,-1.7444808,34.178288,-33.96365,-25.340517,-29.949299,18.954494,-53.151646,5.341342,81.28987,1.2734685,6.378715,-64.39254,-38.635277,5.093496,27.890291,-6.653552,-50.644497,4.4822655,-12.320334,-27.377258,0.8551258,-16.453342,4.10674,-51.14851,2.7705703,-2.9073548,11.312249,-36.14709,-33.791832,-39.41709,-49.887768,11.439216,10.608948,9.626383,36.94205,53.79174,-4.0147324,-37.41768,-36.841682,-20.790384,5.8875756,-2.7523844,-16.855137,12.733157,24.413258,35.62006,9.508867,-4.5459156,16.761662,30.195143,17.984253,-14.773729,0.716279,-79.84161,-23.685104,10.046165,1.0255262,49.321487,-59.17889,92.61845,18.915186,-66.57336,-15.297183,-8.035349,-52.072495,-35.236145,35.7819,66.5463,37.145477,-45.148323,36.23222,-1.8544595,-42.98929,6.7269087,-22.52884,-30.123264,0
1997-09-10,Phase_3_fin,367.48773,-91.0201,57.19859,-0.578385,85.213684,172.8381,-116.9484,-29.641174,-52.90283,-111.75043,73.23294,-88.53675,-49.32877,-40.64146,163.9739,-0.38980818,-151.28271,-57.497013,4.135822,-13.408982,-120.09127,0.7954366,-125.276566,-111.91731,75.25464,-63.64265,-123.104965,-18.54049,-14.110302,45.478443,45.415783,-22.155918,-15.411212,5.5931015,-23.257454,-39.29769,-45.422348,-46.19592,-36.205685,-43.799664,-65.05573,-17.733892,36.549656,37.678825,-110.329666,-45.646202,-22.34798,55.808765,103.44366,38.845516,-8.01911,68.97873,-110.125824,-40.387085,-29.668434,119.0053,-29.77678,-14.009751,21.857395,10.428191,-80.998436,-18.83935,-60.318344,64.23154,-40.259697,7.2532387,-47.7525,-6.337709,-13.492963,-13.165644,-2.3553112,-58.301556,25.065014,-18.264091,-37.397995,-8.125421,-67.57696,-49.575665,5.342849,86.21964,8.535566,-11.381012,-5.395037,-60.793644,-17.447193,-11.370747,-22.587675,15.907046,-42.207092,-21.980764,-14.4855585,33.312565,-2.1711302,13.933102,44.137012,20.976149,-20.96934,4.7033153,15.388834,-29.830193,42.527443,-32.13085,45.806793,5.3386354,13.084348,-3.7889786,-2.9609158,7.586713,45.105373,29.924128,-9.607249,19.821234,-16.609377,29.997272,-5.9351206,6.428318,-26.49889,12.52375,28.886509,24.954533,37.259552,58.454693,54.98775,-6.8455925,0.29026848,-18.26745,15.4421425,-2.970205,-5.867504,28.202723,15.124033,13.19357,-6.728555,-31.217947,19.2578,-29.999079,-12.911514,-21.469067,-28.358683,5.5334454,-57.816364,-43.74535,-23.421791,16.197166,-5.286176,67.55992,-4.716253,-0.17900658,-17.010357,-44.118813,33.10403,-30.145763,-18.968914,58.445415,19.130585,8.409713,19.679266,0.41128466,-20.540829,-38.780052,-23.486874,39.435944,-23.566578,5.995537,17.388866,-9.086088,14.296852,-6.84987,0
2000-09-04,Phase_3_fin,-166.30815,32.76218,-61.099426,13.986242,-85.18598,197.31346,112.166794,96.228294,-34.285934,-55.194115,52.178577,-16.66033,-187.4582,-35.18612,0.3423172,68.08576,-54.580727,-39.49621,22.84975,-21.444557,43.64065,-79.5974,74.25237,-3.6580207,16.207542,-8.920151,8.2801,52.201344,70.65242,-28.195425,48.82516,-56.261997,-110.659454,-4.668646,-105.90307,-16.157207,35.624584,-3.3889139,23.57133,-8.894225,-3.1763434,-46.6981,-5.2775407,20.566296,-37.753464,4.353019,-15.197275,16.553593,-2.3371675,-30.962057,-15.059568,14.220017,-14.115836,-8.977237,-16.398365,72.70065,-9.729144,-32.665195,-11.708102,78.831604,-8.348549,-5.643232,86.75399,0.19032474,-2.4457564,14.664941,57.202133,-21.506134,32.17931,15.7803755,-16.324112,17.492151,39.046062,-112.21672,-21.932047,-52.168106,52.95293,-69.58981,38.66657,32.429985,6.959056,43.050297,22.618631,-1.5273352,128.93431,115.87019,136.6386,-28.767672,-48.165234,108.529755,81.199196,84.39576,-38.258545,-70.891304,70.65654,0.88351184,4.0308757,-70.68026,-8.46092,-110.09562,-17.7728,126.69109,-142.44664,53.112316,-122.658775,21.519175,63.834812,-15.155024,22.832727,-128.93298,-96.442,13.135926,69.864174,-36.331043,-31.747023,-64.33618,-116.38746,-32.748013,-56.303043,-52.95308,-14.7417755,-108.649605,47.66047,-14.27404,105.74685,-0.38837555,1.0303043,-39.183163,51.815594,15.029583,-1.2579894,68.06802,-18.466722,34.47354,-8.902179,24.636267,36.116673,39.889526,-53.22476,9.0706415,3.3841383,-75.216286,27.55077,-22.837498,62.52143,64.670876,24.568892,20.83972,22.934528,0.5386297,14.480023,-12.943356,-18.43893,-19.858309,48.006023,-30.05667,-8.205365,-2.0584226,-60.481247,-28.539228,16.780506,7.284546,-9.2867565,-23.428125,3.2335298,28.504015,35.86105,-38.40437,3
2010-09-28,Phase_3_fin,-418.9988,-164.86024,-117.06554,180.86003,212.13869,-135.99283,-212.46008,8.724593,-67.64403,-22.946129,-60.86955,-124.688614,-70.76217,-56.82903,18.965042,-59.329338,20.72418,-7.580247,-5.3531966,-42.86574,-101.37628,-2.0081718,-89.75984,4.0441356,12.07603,-84.75347,61.045216,81.43287,35.441265,19.806475,-23.443607,-22.3544,-7.395069,-11.861764,-5.1476154,-18.13482,10.9661045,-14.365671,-2.2861946,66.55182,67.21006,-21.249193,68.23497,97.98948,23.179579,27.001541,11.73512,65.96098,11.50528,-45.170456,24.727438,22.495699,-33.051456,-2.48118,0.24587108,-4.4342484,13.301755,97.5967,-19.679258,-69.48085,4.6298122,73.40729,1.9290582,0.6890025,84.85467,-24.18621,33.745327,16.195341,1.2725277,8.482896,5.6470523,23.330946,-3.124368,10.970894,41.386677,-13.082951,-34.052853,43.190357,7.1440377,-9.970515,-8.491858,-16.068846,4.438923,49.259995,-21.53708,-22.93597,-12.248223,-34.680504,17.734354,12.78352,8.380931,12.61273,17.201061,-16.112947,-21.881596,27.686426,-4.5343375,28.118168,-19.399729,-57.12898,25.934053,-42.776627,19.161161,1.9415313,-5.768992,23.533335,29.955198,26.095474,15.776382,-52.10786,9.959371,-18.144993,-6.7221427,-34.25284,-0.7712071,4.430864,-38.04223,9.248756,6.7015867,51.573635,-34.590366,20.118507,0.42151207,-24.936846,1.7567972,-5.421998,-15.992935,-21.379604,8.31317,19.119633,-48.32841,19.671633,-2.5894232,38.70422,-38.403584,-18.734823,-21.715864,28.19913,52.88533,-5.630937,16.410305,19.36454,-38.001026,22.502304,36.868294,14.284079,-35.417923,26.091623,11.638677,-18.909256,-20.78527,-9.732276,15.819699,-5.4982257,11.327292,-16.156736,-13.264281,-6.5205894,-16.072329,-24.091661,-5.60651,3.8227751,1.1530746,-2.9777408,7.102718,-5.476968,1.5729123,-29.127495,2
2013-10-30,Phase_3_fin,4.461363,37.295017,-52.95641,32.26888,-60.048714,-111.19402,32.069435,-95.36249,-103.21553,32.707153,-107.32049,93.5221,-67.229034,-22.39679,-17.087397,-192.00389,-15.118223,-124.17738,64.62608,20.28099,44.317993,-3.1073124,69.1139,45.41413,0.4395875,-48.818695,-3.6736405,-194.86996,80.906944,43.051117,-101.212036,-19.490784,-17.258608,68.169235,98.30631,128.54977,-6.650076,-136.47295,-25.996212,37.555607,75.43475,-19.849745,-81.11924,7.419504,-69.26083,102.02162,-59.66217,-107.80438,-1.4072914,72.91246,88.1406,56.710102,8.990699,-9.8002205,-51.15906,73.59639,-67.607605,38.364925,32.285492,-6.913183,6.409929,-15.025803,-21.020105,66.63777,31.063885,25.608204,54.229317,5.994655,42.950447,35.45166,6.0259314,-9.143469,13.208228,-5.5944943,36.679443,63.972282,0.9058853,45.690186,-16.761234,7.9558325,-20.096935,-21.033152,51.92319,17.615774,-1.2883539,40.573795,5.163576,-3.549024,18.81986,-21.024254,14.768552,21.588951,16.690996,20.634588,3.39524,11.6360855,-1.8874182,20.16806,35.657246,-17.738298,-7.80976,19.892666,10.436607,18.866383,20.01557,28.330511,-1.2937485,-7.5077353,12.280966,-15.553018,12.512326,-4.563505,19.5122,-27.523716,-29.218391,-15.367342,2.18263,-15.060153,21.725094,4.1372414,30.372787,-32.171764,-4.671195,-11.426575,-7.7389812,3.8586383,7.0183764,-17.108465,-7.7599144,17.331005,10.135409,4.4900384,-5.0294766,-26.190353,1.7225178,-0.066401415,14.295676,-7.392269,7.67638,-13.850903,14.160871,2.8446457,-3.9144623,0.9026858,2.948555,-3.264901,11.5702,-8.161087,3.2810931,-6.2109423,-3.5853322,-5.367594,9.032609,-7.8489323,4.3022556,16.03513,10.991697,6.731499,27.038515,0.38955018,4.4235463,11.418722,-8.828994,3.1023285,-1.9436406,-15.3595295,13.565443,-7.503802,1
2000-09-22,Phase_3_fin,-138.00493,92.41933,-86.7705,12.669297,-139.58221,169.67358,61.74285,123.354065,-113.433815,121.364044,43.07765,54.704624,-236.62755,-10.660371,-37.412495,51.779877,-69.26232,-36.213364,100.03089,-41.52913,94.10092,-70.166725,103.43392,0.0776075,-18.715443,-35.003124,49.561806,42.513603,147.77733,33.146847,-20.108706,-70.22602,-63.12563,-8.603487,-57.20277,-82.928276,91.86433,-50.475304,-13.32268,-46.591827,-16.77249,50.34301,-28.544022,-21.275925,-23.471424,-4.6655207,104.99243,-49.801414,-28.129345,-26.794058,4.986998,-9.092157,17.520603,35.313362,-10.882972,-29.3945,-37.261326,26.742052,32.71341,11.174149,-2.237275,15.221402,37.41857,18.849127,0.82120126,-4.462368,-6.783106,-45.9176,-38.174282,-41.36931,-26.406664,-22.239218,-73.39934,-51.693073,-71.16879,21.587059,8.344341,13.519628,25.313732,33.587444,76.37038,13.457795,-38.11061,-5.7817416,31.438248,14.3196,-21.4949,14.052282,-15.255826,-119.492256,-83.521545,-99.80593,46.887043,-26.719667,102.75594,-46.16048,56.98467,0.10745491,-138.95683,-76.025795,74.192375,-57.49613,55.094143,38.98924,25.413584,-29.466331,4.258016,-78.27004,27.32335,33.59861,34.542416,22.703773,16.246,-42.40205,27.288202,16.66955,-52.788563,18.950426,10.888272,47.341095,-17.32347,-32.12105,1.6618214,9.70216,-45.46561,-1.3935453,40.657227,0.9244946,-1.8229095,-4.3006225,-29.176624,51.162712,-19.821846,-21.851284,-23.640116,-14.18116,15.391498,20.218513,-13.292687,1.2225869,-7.846665,12.023138,-7.980223,1.6295619,-1.7429945,8.863348,5.5481625,-14.845851,8.694965,15.4120455,-20.10015,-12.0430565,5.929629,-19.289679,-15.707801,-2.338789,-15.611352,36.074936,18.595394,-4.5191417,-4.5589314,-8.899548,6.866778,5.8817663,-8.565583,16.066307,9.467886,-5.348454,3
1994-10-29,Phase_3_fin,209.59242,33.06716,-74.91095,-74.590965,-166.72755,-87.29223,-194.2191,38.031807,41.057446,39.330193,22.54106,-44.17486,0.8286331,138.9657,145.40048,-8.074477,24.698807,35.701687,6.135397,-159.29424,89.52928,-57.40965,32.17871,22.62737,29.56202,25.967352,12.373827,-22.583506,67.418175,46.544502,1.0610089,-63.762486,37.77053,-67.76046,55.600994,38.43779,-74.93474,43.047413,8.75822,4.577704,-18.178867,110.55641,-18.76563,86.37995,25.34629,-9.866538,-17.215122,-121.41677,15.832344,-101.58682,52.65598,20.336794,-42.323757,47.17413,87.337265,52.798176,-94.98485,-33.15815,-126.03849,-19.99955,-79.07386,17.117088,-11.930941,-55.04086,-45.89453,58.484703,8.189822,37.193058,-31.334263,-71.870476,-26.211462,58.957294,-31.049084,-52.449474,8.111382,42.6382,-22.43695,29.285603,0.5952958,-55.196304,10.480571,-46.434307,-21.912863,-29.979921,-36.196945,21.40784,-42.55802,4.3930874,12.195354,13.408956,-73.97359,4.0835085,-20.233665,-27.745394,-9.726628,18.677776,14.826191,-16.256674,-35.75363,53.917175,4.341418,14.740276,-18.355663,-70.55692,-37.05556,-38.15199,-33.54316,-13.269221,-18.58514,-17.559475,5.371365,-5.3714185,-13.818242,-4.596512,-73.81234,13.632304,35.776806,-44.621815,14.392938,-69.28628,47.287106,-57.110146,30.109695,16.879753,17.927298,49.575077,-59.105145,-6.3255296,-14.624393,-2.309116,-20.293098,-12.794978,-33.577522,18.145237,-62.08135,30.499025,-73.933334,17.824833,-16.568026,11.914984,-24.47006,20.384941,-60.015827,31.032042,-16.99975,28.951904,-28.332888,-17.103737,-47.322536,-10.184273,8.110595,14.140748,19.447426,-9.798349,17.30947,1.274705,16.322348,28.371494,0.41859943,24.761913,0.4605647,22.455486,-8.421803,-25.003632,-6.955326,-10.077168,7.1214213,1.3341281,1
1983-10-24,Phase_3_fin,-48.810905,-59.71972,123.58849,135.85533,-11.82281,-70.91541,52.879143,9.449768,13.598789,-45.18795,95.220856,-78.465416,-55.869896,-66.26519,-19.74117,109.0132,-35.771904,4.5141673,8.931164,-43.367508,41.065777,-16.29358,-28.148376,-33.549778,-145.90973,-59.94672,-37.973133,-9.318274,-61.87078,-46.41563,-16.671192,-133.86983,43.01257,82.753204,-71.1234,85.3082,-12.307363,-44.10821,-10.122341,47.35028,10.209998,-0.704603,39.711597,46.232098,-22.512337,-17.342567,0.89565533,-42.265614,30.966347,-125.83136,11.11435,2.9988155,-0.285758,-44.120823,-102.74715,-113.89062,79.23075,28.220943,9.450246,20.460594,-3.7095275,-40.608124,10.178422,62.627094,33.132984,112.547424,-38.845085,52.99726,26.42084,-137.79277,-44.653503,-15.510253,-17.773827,121.3259,34.386333,-59.640957,-102.7516,42.570404,3.1831274,-110.00758,65.76936,10.358113,-140.91933,34.031075,152.27257,91.16531,-39.239704,-2.8165767,21.595629,-92.891884,12.241255,-74.1981,-67.10034,-27.452421,91.90242,-99.28579,-46.184048,-31.717556,210.96039,3.974473,9.413961,-0.82369995,32.812653,3.4153364,-33.355972,-45.618214,88.93059,100.341095,-144.73851,-11.988389,-77.67626,10.142416,57.675476,8.1794,-80.5764,-139.62904,-71.49572,-86.41597,39.1019,16.116243,8.645428,54.2099,-3.7882624,-0.46915534,-90.98158,38.950916,49.91785,-83.67422,-16.323277,3.3391652,36.525696,-51.03219,-16.277143,-7.872501,-41.10129,8.332205,-2.202405,-25.86345,14.374542,3.7603674,-66.90461,36.664673,-18.547144,-44.50049,14.842697,8.707494,-10.788295,1.1510668,-7.5557127,16.296476,-12.104137,20.070797,-19.67932,-8.5241585,-28.206406,-0.8270143,-26.57991,32.60505,11.980837,11.39171,-8.125353,26.743124,3.2429745,11.692844,11.273411,-9.887311,14.118581,5.6188645,3
2000-10-17,Phase_3_fin,-215.85892,26.378523,-3.6203916,39.279076,-189.42514,60.78945,40.25175,63.699852,-87.49455,133.43341,-70.44769,30.875032,-227.41136,-24.870375,7.1333556,113.23038,-93.48172,-22.552847,143.4268,-30.366611,43.169266,80.78993,-36.941784,5.082137,58.343666,-27.200129,9.237888,-62.270836,-103.9067,23.051825,61.911774,70.582726,-61.4431,13.107753,140.42749,111.299065,-114.97273,60.22575,21.891129,44.531322,-32.297897,-54.261845,36.062603,19.767818,7.3751664,9.693579,-61.77303,67.17313,45.57714,-16.625252,-35.18128,1.288402,-35.071033,19.29759,22.40404,-43.982014,6.10457,-2.5117528,-15.911224,-18.173521,9.403262,-3.043661,-8.450818,-21.94177,-3.5121427,-35.26578,7.998086,22.618483,23.58465,21.247753,-38.576115,65.44218,8.245976,11.891819,-44.77007,-13.203881,14.651305,22.857056,-6.715627,31.93628,47.893826,-36.39048,-31.112509,40.50581,-25.988642,-2.798461,15.771342,-34.964058,-26.406414,-32.43846,-27.932552,85.67889,-33.7331,42.480366,-25.492805,-21.490816,-33.229256,56.678482,1.3598709,-8.8927,65.56468,17.627241,-44.734066,21.200363,20.990458,-50.87614,75.84146,-53.544754,18.59377,15.900511,3.125779,30.641613,-0.62492037,-1.0815047,34.211735,-8.802479,-6.635898,17.323065,1.1904306,-19.04413,31.262129,22.63693,-13.13734,31.66725,-25.767677,-2.2563033,-32.022972,4.0710635,-2.499112,1.7496461,23.53104,-20.679974,-14.94447,20.548248,20.262522,28.514412,-16.167343,20.25349,-10.032155,-38.086117,-12.153684,22.37368,-9.480936,-36.371456,12.380235,7.2448907,24.728922,5.8362594,20.919777,15.412738,18.386316,-4.0000067,17.232353,-18.04545,-15.767414,-2.1759593,-33.04649,-11.823007,3.9032807,24.281256,-12.268264,-27.847334,-14.899222,0.05002159,9.985454,-6.841852,-5.0377493,1.9802283,3
2012-10-29,Phase_3_fin,111.62124,-148.96611,-229.74416,-26.29915,-162.14204,-125.14651,10.231515,-64.98843,153.02084,-85.2578,-6.5658007,-15.76668,-7.935143,-46.179535,-28.197292,-91.2247,3.2100809,104.30436,78.66752,-58.169716,-68.5039,16.347906,82.31454,-8.14372,-9.89671,20.84639,-6.307445,18.26612,53.63666,34.86372,4.921643,-92.59145,63.725647,-14.666556,41.05563,97.94661,27.49669,-74.74201,25.30626,41.456127,60.49754,11.981374,56.118816,89.80606,-9.253289,34.779057,12.031577,13.215288,-14.950456,21.715023,2.469242,1.8243151,-57.17598,48.036743,-5.4209595,41.431015,25.121717,-97.31093,47.76864,93.315025,80.317116,53.945034,-49.744316,-4.1573462,-23.601162,-85.84328,23.294006,52.42806,-134.0557,15.496596,52.101555,29.119114,23.643621,41.12907,-63.19442,-29.723057,-7.319351,49.856445,-30.13226,-42.31614,14.517459,1.770808,-52.016376,-56.107285,-21.626179,44.980564,21.671406,-32.44319,-74.83325,48.910904,6.2293215,-25.32769,-15.255509,6.8151975,22.561346,42.540665,4.9452057,19.819715,-15.1693945,13.634651,-7.1600556,-9.347789,-17.803576,14.934346,4.5616155,15.357628,31.901854,18.662394,12.985099,-10.715975,9.070611,-10.122343,4.830416,-19.328274,27.679556,-2.4203022,2.342342,-25.651976,19.643307,13.61705,2.8646157,-14.207676,-21.993872,30.328323,2.7054522,15.688967,28.627943,10.806533,0.8536246,7.0424685,-56.661423,-11.097645,-7.962243,-9.134528,39.277992,-9.665897,-36.40225,-39.859833,-27.677547,24.39028,5.1872544,-11.059532,-2.8209295,-47.745472,8.054175,-24.666458,-13.514336,-11.770675,18.381008,-16.130527,25.331696,-6.0756817,17.789503,34.33015,-25.801586,-24.746637,34.124615,-12.460292,20.259607,6.923507,-14.661669,-22.10418,6.4695916,-40.321774,-13.630768,35.807915,-1.7037151,57.957508,1
1984-10-29,Phase_3_fin,-79.94386,197.54596,31.366241,-17.975943,45.62755,42.60833,56.15945,-198.36653,113.74826,61.694183,86.07694,-70.83232,59.14678,-3.380411,74.437355,23.736174,9.069398,16.81091,113.93571,-92.91513,14.7596855,-87.737015,-50.087616,10.731347,-12.843431,-12.8105755,104.46263,-6.1969347,-6.5905657,-153.95514,-20.255148,47.031685,107.35321,56.60922,81.08107,86.21728,-34.475746,6.04848,-4.510998,10.256937,-61.618557,35.377373,-45.439087,192.05556,-77.89692,-98.88993,76.96029,-97.65649,-22.512148,-14.572561,56.946762,-140.16077,25.49511,-21.700056,-61.2444,-19.900793,-52.7196,26.72612,46.85388,113.80083,27.904305,167.49571,87.97924,47.75945,-48.155216,-55.700123,75.57932,-89.57777,63.939896,53.20421,-109.88821,-0.8039309,6.836674,-37.572887,125.58316,-131.9024,-53.984463,-59.27338,10.576537,26.464466,-105.29648,-62.280003,5.7444744,-43.700687,27.969095,-43.86809,1.6811035,25.558044,-19.118608,-11.184695,28.639744,-37.929985,-22.658302,-14.540168,4.5194144,2.4137757,-7.893161,35.138645,20.51477,-19.13678,-16.99625,-18.631844,-50.246502,-15.977224,15.395677,-91.68987,-13.275205,-34.676983,64.524704,31.83914,23.668413,26.317337,29.246256,-0.20629944,4.4845605,51.425404,3.493601,0.3064657,5.9814134,-20.404133,-13.674962,41.522537,2.8595977,-0.5657775,-6.7081947,-69.90315,5.1205435,26.439718,11.763856,1.7879506,-9.524169,-17.340641,-10.466343,26.838844,-0.2111473,-20.390842,9.920957,-4.7171273,-26.479816,-16.978413,9.157951,-5.6949396,-1.9193084,-36.27649,2.1976109,-3.4150739,-19.281033,3.167843,-13.186445,-23.976814,1.1088353,3.3080845,13.090197,6.022792,-19.148865,20.160158,13.384051,45.87087,-1.1793678,-17.71977,-25.732346,-11.683392,-20.281391,13.19966,21.215153,-4.8361435,-22.865341,-6.7909913,3
1984-10-05,Phase_3_fin,-89.91771,155.23177,157.21588,20.715454,91.571335,44.510616,-57.468933,-205.22955,176.66748,199.8312,101.61528,-31.017958,-22.764711,-116.73853,51.417038,62.271755,155.16026,138.56798,66.67124,-96.30384,64.21704,2.8362923,-131.14508,18.387516,-16.162483,-117.838,173.74338,-8.762429,-26.858603,-65.05331,27.211018,9.245924,74.54679,-23.180677,67.29268,-50.437172,38.09522,-91.31942,-64.50896,14.890607,-68.55486,-53.871536,-55.19859,-90.04225,-25.879627,3.5060961,0.44830003,-1.3293761,-72.10672,50.792645,49.00918,70.24918,-92.75386,7.256943,-69.59468,0.6311219,40.69936,-40.67652,-12.016415,-12.561741,-66.19142,20.054838,39.974274,22.05734,4.5673885,-26.655115,-60.71632,-31.464115,30.254343,-59.56625,55.58523,58.112343,-15.936306,43.401848,-49.971565,14.5892,45.61916,-13.199933,-12.402733,-6.9264293,29.674257,16.49603,41.617146,25.860952,-24.869307,21.026638,-12.858851,-23.9274,-2.421978,4.7562995,-5.432811,-0.8001233,52.059498,-61.042545,-53.79233,-40.854935,0.73391813,35.25017,-20.236124,15.473265,-32.162212,54.07127,37.193943,8.802982,11.989225,29.721922,5.416604,36.664658,62.42767,-11.580141,5.4550614,31.880182,11.661624,0.54425883,18.531204,-0.019340083,-11.657628,-43.02433,45.63707,-28.065943,-14.9323,8.629185,-48.58009,-29.919102,9.167426,8.329262,-26.4291,26.66847,18.691788,17.590967,-2.0077047,15.314472,-15.826793,2.361642,-32.23689,-11.344189,14.052903,-29.311884,-9.28693,-31.278645,-16.89768,-4.723179,-28.28683,-2.5212128,-9.873561,11.736837,-1.6134343,1.5645368,20.342367,13.491882,-4.8757377,-6.1491566,-19.251093,6.7985477,-20.485365,-20.237188,22.69093,-4.494167,-42.732197,3.5648205,4.050272,1.4208258,10.159701,7.755651,-23.248024,24.268993,15.57554,17.429667,3
2020-10-03,Phase_3_fin,-108.505455,252.7408,128.21507,70.96388,-124.58365,-212.46516,-139.37378,27.835144,76.645645,82.49471,176.03725,33.811882,27.908003,41.865902,-5.743524,44.27833,-88.45827,89.44082,78.3806,5.986042,-70.50364,-27.7765,-66.809425,-66.19552,-12.690768,50.813637,-15.450213,15.444464,37.476128,-67.34603,4.1392813,-24.242407,-50.68598,82.11171,-38.441444,-88.602806,-50.42409,38.181908,72.50784,-47.27646,1.711539,-18.800474,-22.459944,-11.098258,93.31342,56.90918,13.513076,-50.048374,30.094486,30.610567,25.166748,59.047882,-23.605549,-24.086832,-49.36854,-26.710176,-64.911194,15.657694,4.369626,25.329458,-19.767351,-17.481905,-26.022144,-5.52103,-2.8775263,-26.927473,4.777501,1.6220219,-18.599726,4.999459,0.1588123,-9.407469,-31.907402,-4.715183,4.1789207,-6.777025,-15.56421,2.8150997,-20.867245,9.174301,14.6433325,-5.3912044,-13.116153,2.7199326,7.993847,-15.397066,29.329205,-21.38515,-28.116514,12.663024,6.0218315,14.860456,0.31098557,10.249965,-9.082113,-24.035847,2.3374956,-14.764397,4.9792542,18.129143,9.563168,-11.561589,10.346076,2.90486,16.630043,10.486388,1.5410918,13.975664,12.906228,-10.498472,12.90028,11.710981,-11.856846,-10.384037,-10.210357,7.829267,-12.05643,1.9174215,-1.0298247,20.08066,-7.734175,1.5388982,-11.966143,17.750816,14.987167,10.984108,2.4827478,-8.905019,15.343074,8.294113,23.64075,1.5219287,-35.394737,25.539757,2.2750292,17.847979,16.230167,-6.860718,0.853681,13.376479,-23.897556,17.412062,13.951371,-4.923281,-27.281786,-13.801713,13.635609,-0.9691887,-3.5855498,-5.687445,-17.643415,-8.387726,-17.906803,28.238047,25.801527,23.9401,13.113693,-10.946043,26.128262,-5.822284,-10.494015,-12.833427,8.281071,5.6356587,-20.866087,-9.418474,19.397995,12.525962,3
2015-09-10,Phase_3_fin,530.7185,53.128983,64.32796,271.88715,-12.314254,37.309223,12.313985,-48.319435,-55.776455,-116.19878,-46.60402,-64.92889,53.37166,-11.615108,-90.18754,90.17352,-40.317917,32.89447,-48.98524,38.734604,89.156815,2.0919404,-38.733707,21.011192,36.984608,-75.97311,-11.87465,-6.9714527,-72.97345,-20.925282,-186.471,-17.285366,6.3004146,-90.17124,17.632696,16.67649,90.01572,24.13798,-59.97662,29.399864,-54.09609,-100.225746,-5.3516636,-6.266796,99.360886,-73.059586,16.681952,48.833572,-7.047399,111.39854,73.58877,-41.70371,-12.575773,14.36735,53.57135,-7.2216926,-23.005457,-48.41527,-73.835075,18.765057,38.56067,4.5897517,-8.307946,9.767029,48.122856,-39.056976,-22.687933,-4.0208282,-4.3860307,52.2667,-71.92419,10.496466,-23.812614,-5.5768785,61.36226,35.11145,-16.021103,13.971688,11.132637,5.1809263,1.2193099,33.862736,2.6394916,-35.111965,-19.825575,30.229797,45.80975,-30.645763,-24.308506,46.340576,-13.675826,-8.870213,-2.9765964,11.665253,-25.072205,-75.97093,43.91625,-41.18943,21.684431,-27.066278,-24.900867,5.4098506,31.63748,-26.64291,21.820763,1.0384842,12.189984,-81.38612,-53.217896,31.82149,6.31646,-2.6756492,21.556463,-10.890047,4.9908834,19.385471,-3.4371533,6.7498574,15.041387,10.429333,7.3672714,-4.8135605,5.020245,-21.885641,-32.515694,4.0781116,6.5602226,-48.287937,-40.12876,4.8763766,-6.2785444,16.318054,-35.731846,16.638887,-5.5139213,2.1834512,-34.648563,11.128269,-1.8234395,-33.804436,-18.742157,-17.521189,-0.73545635,-3.1683922,8.2354145,-12.656319,-13.265179,-26.293406,11.579835,-5.2818584,-11.111555,14.955823,-8.59657,19.085993,7.8818126,-31.646849,-1.3169369,-17.090593,17.549255,1.3598322,-5.54915,22.962852,-8.576124,-12.200509,-7.198066,-33.518208,2.0483909,-17.84206,0
2004-09-27,Phase_3_fin,88.92426,49.603443,-27.0164,-157.75775,72.44574,-75.184235,-72.337074,-40.142487,-19.664232,-70.172844,-20.825426,55.313828,10.554973,-6.077035,69.89655,29.452251,-22.69069,85.0344,0.56730145,-104.20492,21.821508,92.457886,-42.50253,-17.92379,100.27783,45.522163,-39.68526,29.419085,-56.973618,26.20939,94.17458,82.31766,42.204266,0.83704287,141.28647,-130.11504,83.68729,40.234447,-104.10283,-109.67238,49.687473,-73.92772,61.707813,-14.23386,-39.525196,-2.6391997,45.835503,-57.769516,11.056935,-90.19855,20.332697,-30.419937,19.863531,-42.410614,-24.596256,-12.424891,-85.4878,22.283815,40.837936,25.515858,96.493645,-39.38843,-6.384684,11.288925,46.30657,-33.903206,-21.878553,46.13094,-19.263397,-20.355492,-58.224266,30.871319,-11.202495,55.255695,-46.236267,2.2919703,25.82136,34.128895,43.521294,28.824469,10.14932,-20.37434,61.196884,-6.5344024,14.242341,-18.466284,-15.266405,-37.882027,33.498535,-18.715456,-57.884716,-9.923122,-18.722979,-24.181767,-2.1420712,28.642797,-14.151326,-46.860973,2.305185,8.242778,41.27057,-0.079283796,-42.102898,-27.90042,83.34613,42.153984,-8.390947,0.043788873,34.065174,-10.3256855,4.93142,11.192883,12.35135,-17.85014,-10.551172,-21.270197,37.284718,-19.743916,41.04062,9.171883,-70.98363,-21.147402,-15.815857,11.391142,19.02261,33.064705,18.69011,8.028528,-37.215733,23.865814,2.7258186,8.724251,-0.62330157,20.112865,11.889386,-4.010401,-24.09277,-21.185305,19.074503,27.215584,-5.892045,-81.11977,39.88247,-78.86666,19.20268,8.081404,4.0002437,45.680008,-19.069984,41.88515,-38.619625,10.117253,-7.257766,3.2207127,65.92729,-31.429708,-3.5133183,-4.3419776,-34.325756,-18.678734,23.888336,6.1775384,10.666437,-69.18223,30.07978,-71.740906,-77.753914,39.648026,1
1984-10-06,Phase_3_fin,-105.63254,154.42719,149.50214,45.16683,81.95936,44.741734,-53.398346,-193.9684,168.29938,169.0245,92.166435,-31.938423,-33.389687,-87.70571,60.642002,74.7107,142.99638,135.05673,59.510956,-65.33543,49.485115,-0.4761307,-124.442375,5.711963,-16.53206,-91.53475,163.56172,5.2938614,-38.381004,-76.48975,22.996565,11.760189,80.540115,-12.3550205,64.635864,-49.593857,35.107033,-73.31235,-79.43759,24.712883,-64.71409,-28.52463,-53.92469,-58.56089,-22.953743,-11.400838,1.2661793,-3.7079442,-51.43231,53.92775,28.403492,61.0848,-77.81904,2.7943232,-51.32572,-16.49265,37.809086,-38.264668,-5.2134166,-21.610012,-60.88105,32.113415,21.980593,40.947372,10.171726,-37.161938,-36.035347,-26.248453,41.247105,-56.98637,42.38176,38.773983,-21.181156,39.061394,-40.540264,23.081385,42.45468,-18.48368,7.883959,-20.5724,34.84482,12.375941,48.30221,29.599134,-29.454113,24.831867,-20.104818,-26.64548,-12.628558,-5.1363106,-13.002939,1.961203,51.7511,-59.143185,-48.81754,-35.007874,11.416978,34.18985,-38.973377,23.306313,-38.881054,50.87428,48.67117,12.622185,32.23421,41.978394,12.345578,48.66493,43.942265,-45.308506,10.446778,41.107307,6.281438,-11.588931,35.63707,-16.756845,-18.290848,-64.66865,59.421066,-40.16767,-12.612701,-8.273787,-84.185425,-32.96838,6.173958,35.8122,-37.895027,23.600628,13.372426,30.048048,-6.678138,25.754263,-32.585976,4.5559807,-26.772028,11.290861,22.99243,-23.943274,0.9953793,-37.399044,-14.506493,-30.386877,-68.1081,12.739008,-47.319305,39.93232,-21.797289,-2.7645438,66.175934,20.153704,-2.6758363,-43.729797,-36.493248,23.852077,-29.644314,-33.767334,34.561703,-29.499119,-88.06389,-5.068003,17.045813,12.549004,20.860521,11.482487,-61.486183,28.809586,15.7123785,52.374718,3
1998-09-18,Phase_3_fin,-213.19484,-280.6346,329.4807,77.92771,-46.799488,26.949032,-120.92311,85.76413,41.314228,-114.18839,-184.22592,-3.584532,39.423088,94.92296,1.1318203,12.768303,79.900986,-44.77898,151.0232,128.89688,66.82868,-19.90079,-55.079006,-8.033661,-40.194187,32.482407,-47.126656,51.669647,41.776646,19.11063,100.84758,34.117535,-8.882845,37.124264,16.952848,2.496959,81.81472,-46.910885,-10.539924,-26.990606,20.463001,9.713135,-49.061954,30.256088,-11.406088,13.1785345,31.322252,-2.918565,16.5653,8.416673,44.08126,28.111534,-13.083958,47.83854,29.28247,-48.09538,-6.0422573,6.2182345,-45.33423,-24.507963,22.391441,28.145662,-44.426132,23.227541,-10.347387,-22.631317,-70.18164,-42.554497,-46.874294,14.806373,-18.016884,44.20606,-0.8156439,-29.603151,-1.0424576,39.010414,39.05948,-22.949594,-33.066982,23.251055,6.9813075,-11.402295,-46.17184,-2.279968,36.854153,27.14595,23.725388,-13.2806425,-7.0087986,-15.238666,-81.01119,8.462282,4.627222,1.090986,-25.059713,72.62129,-33.592804,29.067602,-10.238743,66.46192,-51.254684,-32.26213,-16.603115,-2.2630353,47.54315,-44.301945,-39.962154,63.51049,-20.73673,-22.98793,-91.54826,25.375942,5.803779,-12.923719,-37.889008,-19.48981,-37.330173,11.230021,7.5509763,18.839218,22.475313,-34.07115,-39.625004,-40.149197,-16.18364,-62.110027,23.336407,75.264565,5.3326216,19.046707,57.65656,41.305687,10.466476,-7.988985,-32.52271,25.058079,3.5788088,23.586557,-26.610737,-2.5208833,16.878508,-17.195635,-5.2926483,-23.614315,27.178125,-37.496346,21.037,-15.756831,-15.248816,-49.548676,-8.054798,-6.148781,37.633236,3.2518022,-4.602724,-26.348415,-38.85216,28.30724,-5.6209393,-18.654457,-11.3592205,-7.6672287,-3.4778004,0.9721911,-19.86405,-20.102877,-2.8687675,18.987577,4
2022-09-17,Phase_3_fin,-361.431,79.88439,4.326119,222.34573,111.87584,258.71677,48.498943,87.59584,92.27772,-67.38453,78.99089,65.08492,48.500935,75.652855,138.57042,-93.25238,-11.39247,34.669926,-111.186005,-5.2327695,23.871376,-17.721111,51.109,-93.15719,-17.527328,-44.766937,25.487383,-36.699677,-14.643109,-3.6482034,29.208868,-26.311377,24.047188,-44.43766,35.6183,25.437023,6.5433335,3.0392087,-8.320673,47.255035,69.47602,8.717465,39.76089,-21.745012,-9.249568,8.037503,-4.6558895,-11.150717,-2.4001281,22.253313,40.93669,0.07187567,1.3304185,3.1962798,4.9669867,-32.360897,-7.7306795,28.263807,52.15364,-9.167288,8.887989,24.68367,-21.721535,5.182564,-9.206288,15.114863,-19.674204,-14.088383,-0.71723825,-7.0609913,-4.8782444,15.612529,-2.137461,5.307591,-9.731135,-22.685213,25.022402,16.3165,-13.252559,28.133192,24.345295,35.939842,-34.64642,-12.255975,22.20195,-17.046581,-0.6536284,-6.8011303,3.2037919,15.093241,-3.8616574,18.45817,7.392995,-24.06849,18.313774,13.021108,15.04707,10.871462,24.079561,29.536623,3.208444,-30.509111,26.514175,-26.337177,-12.184095,13.0610075,6.682969,-36.215393,14.072021,-24.079945,5.5819316,-3.4276555,-3.862919,8.342063,7.8574796,3.4096055,22.939274,-3.7719445,-15.443354,-8.000617,10.426324,-4.377449,10.147706,-8.311464,20.216013,1.5557476,11.062938,9.776646,-4.179385,8.84849,8.098323,-15.974084,-3.4772367,-4.8845577,4.3857536,-0.04275499,-13.609582,4.3787074,18.28506,-8.489496,-20.626402,1.1102666,0.30484208,-20.739557,-9.636154,-6.5844145,7.1278315,0.54828817,6.5431705,-23.822264,7.946084,15.221267,-16.822868,-1.0582867,-1.6347849,13.176048,-3.7550113,3.5196466,-3.933467,-12.566295,-16.218407,-2.2287297,-6.5362144,15.693069,0.17880306,-0.47271782,15.653863,18.299269,3
2009-10-24,Phase_3_fin,263.39703,-63.778275,-45.504898,-27.628933,107.35784,-127.49258,47.92154,-50.75034,-67.39723,150.75949,-98.88973,51.712315,-149.58635,114.75074,-23.141418,-42.002785,-8.645111,21.724741,60.633923,-83.22743,85.05156,-101.589066,-99.32306,-39.850872,-92.90471,78.53198,-13.754833,-2.452305,45.049717,-63.37347,28.853737,72.966324,-6.8830132,-67.43511,-43.34661,16.856464,53.521084,59.3227,28.85764,30.623688,102.17873,96.192276,-28.80985,-94.59217,-32.99969,67.754105,-87.46527,51.046715,16.94522,83.76711,-100.51374,-102.01253,1.1901432,-50.321014,-67.44929,49.444527,10.291563,57.48526,-51.483665,12.875839,19.483,63.892048,10.844743,49.66572,2.5381684,-10.107516,-131.15747,9.835646,-51.339745,-76.21951,-14.046085,52.625538,132.4444,-61.111317,-23.209032,-21.998495,39.863934,35.974724,5.2734313,16.635527,4.8375916,-33.278088,31.730814,24.633467,30.35774,-79.90606,13.536526,16.889336,-20.280275,41.517506,9.729441,-9.859596,-31.82832,-10.754773,-0.13425459,-45.056145,4.570916,12.369078,-1.4724877,-5.620395,28.962374,-16.545702,7.6867485,21.666634,-20.029383,-35.830357,-19.808846,12.748153,-34.859028,24.092144,-4.1250706,18.881445,18.285912,-23.933784,-3.0634112,-17.683075,5.2577047,43.3436,30.212437,17.099459,-47.36011,-5.992943,-27.059032,-12.48292,30.34307,11.611916,-19.571356,-15.939217,-28.981562,-18.139332,19.341946,-2.0439224,9.753858,-17.824627,10.175603,3.7308078,16.996521,-29.641531,18.95497,7.2434025,-23.467535,-14.482395,-34.936466,-34.4236,-55.77992,1.5620612,-54.81938,5.6055846,35.27937,-12.209227,26.687887,51.91106,5.989859,25.91187,33.046684,-16.942083,-1.7541465,29.279549,12.29509,3.234991,14.571413,-17.233015,9.1169,3.4979408,7.3237486,5.6275077,28.557539,-12.661026,1
1993-10-31,Phase_3_fin,201.15443,88.89796,-94.67066,-1.1575243,-32.42662,-14.92994,174.0382,103.13985,91.13423,290.97583,-132.54059,-103.28065,95.57515,-66.006004,51.373837,-143.68158,7.215501,47.50338,-77.56238,92.054245,126.65714,274.16733,-54.77459,-35.476913,-74.14872,80.32908,-91.66029,26.852749,79.065735,-46.29788,31.142687,-5.07699,-26.177696,-6.627508,-105.226524,-16.256239,-18.012194,-69.07565,3.8300543,9.3836975,-24.638485,-20.00608,60.97946,71.13105,-14.479639,-1.7444044,-40.57959,-80.884125,21.988527,20.335358,10.633789,48.12545,1.5205169,52.52743,44.353798,-21.464178,-10.059902,-32.11249,-7.5760117,6.847142,-8.749353,39.420944,32.41397,10.459359,37.151314,-37.75821,-19.832819,43.53802,-12.19966,4.887708,12.472861,-20.436157,49.059105,-30.2529,34.26062,-10.28183,52.638386,-2.7936645,6.828931,-13.290968,-5.859288,16.588245,-4.1830945,-4.2739315,28.780893,-0.43162495,-26.557798,8.085101,-18.732044,1.0243356,27.740713,-8.169063,-50.182236,-42.978184,32.023018,41.97801,-2.0906954,-14.666619,-17.017159,17.705376,5.411001,2.591494,-15.6496525,-24.253439,-10.040244,29.633226,-4.8186007,-36.610134,-24.801924,47.276356,-1.6067543,-14.258915,-51.31092,-32.208973,22.498446,-1.7854556,-3.9632645,-12.0958605,-3.5189185,8.829232,16.173742,15.28128,-74.758026,8.952007,5.6385574,-7.4411683,-19.129337,23.594654,-11.025399,4.8162193,8.462535,22.53849,5.299994,-34.902046,-11.830974,-14.821457,11.534842,8.139522,10.157727,0.596023,-15.919221,12.560116,17.837805,42.291927,-26.599895,-2.7654018,20.509367,-13.653421,19.284588,39.039673,-40.843266,-24.759455,-15.375889,-7.868653,2.0663867,-5.576527,-19.039148,-14.398496,-8.181465,19.058588,-48.49145,24.976442,-15.061925,13.971718,26.015684,38.01002,27.019997,-5.4482365,1
1988-10-30,Phase_3_fin,-266.43527,122.383896,125.202736,170.20753,-1.657605,-247.14041,40.175724,68.168076,37.354393,-10.867161,44.346134,11.830531,-118.92327,110.67556,67.96098,13.845193,-57.00364,12.6560135,-21.596514,69.49079,-16.351305,-75.68444,150.8644,-11.7161455,-43.400925,-92.72404,-105.68219,18.259708,-21.183842,-161.23802,-96.7402,-34.66966,114.60471,96.884026,-8.2647085,62.75126,-74.28023,-52.488495,-60.87719,36.119442,-38.769558,40.603153,38.523605,137.24977,-51.524456,-28.55032,142.58289,-33.382133,53.066547,34.49074,-92.11295,-113.01194,30.175974,24.328924,-0.549116,59.515633,-76.76707,-35.57397,-10.326508,-92.40036,-49.782455,-162.32417,107.83709,-114.28431,-33.941097,40.24682,-183.8262,-77.51972,-44.929092,29.382223,25.445574,2.1446152,21.888096,71.700645,8.757609,45.59756,14.749582,56.07045,14.342183,68.831856,17.941107,-16.526201,-6.537364,59.603687,-71.67201,-25.052748,14.67244,-22.757553,62.64074,45.013454,27.348772,10.83738,-35.52698,12.389141,-22.812485,19.667505,79.347206,-42.959305,4.6470757,-51.81017,0.35551974,-14.8504925,-1.8485812,18.472717,26.160288,1.295609,-3.6512313,46.950806,34.888355,-17.447973,-24.044497,-13.9498415,23.445827,-7.745216,17.511093,-8.058912,-8.342001,-7.4570785,21.474558,1.509427,-1.6257315,16.66627,59.715675,22.21816,7.412254,-4.126877,-13.583451,17.209745,6.2333546,26.238607,6.595623,19.234507,26.95486,25.795107,7.858957,2.8588855,-9.1138525,-2.3393211,-17.905525,-6.417966,1.3739309,9.084778,-15.3939495,-5.562325,-2.1711695,2.8966835,12.802426,7.3637195,26.772495,6.5006857,-40.450264,-7.7011404,31.758482,-14.367333,-4.308704,7.4800563,-8.751162,14.318127,7.117683,13.786757,2.316333,21.068167,13.265591,0.5787809,6.0623884,13.225196,-3.6875935,22.963625,3
2023-10-13,Phase_3_fin,383.8692,-228.55609,-10.1677265,-36.620296,175.49788,44.23301,-102.608154,30.43738,-73.84745,-16.00247,202.43951,111.50248,-83.50926,144.22165,-36.31412,155.16783,92.385574,-125.27619,51.437263,-118.4105,20.405916,128.31296,30.433931,-6.0317316,-74.82374,-52.478645,47.638103,55.73632,30.263762,-3.651174,-12.392196,-18.64539,79.82364,63.244938,-40.21893,-16.686874,-71.80596,-10.166561,25.686403,45.100254,-2.9705458,-4.900084,-8.499201,19.597492,-18.1737,25.105068,-63.301353,1.5995351,-13.478509,43.002773,18.673012,23.556915,28.328556,-100.484024,11.41512,-32.059975,5.8056912,-4.385527,38.136524,-39.567547,51.623505,-29.184093,-7.671466,27.882818,-10.737588,24.005964,-0.42222968,-0.72144556,-37.98237,-30.928717,-25.157896,39.60825,29.550488,-3.8207943,17.042814,-16.720871,-9.77349,-51.082226,2.8620782,-10.023458,-24.553864,-11.5283785,-38.939396,63.89555,-35.078728,4.607007,-6.513259,-63.98124,20.240314,-4.0142736,-29.593658,7.72411,-26.883707,-25.828999,33.366917,19.168232,36.025467,39.727413,0.87567645,6.2923284,-25.981606,14.833395,2.1484888,0.9007414,-37.640354,42.25374,-7.3148656,-28.008253,-22.229404,4.4070563,-21.624226,4.438187,-58.97131,-5.267899,-6.633495,17.75624,-5.703888,-4.764595,18.732006,5.123376,-13.121096,0.57348895,-5.5177083,4.3984704,55.969753,-5.522466,-12.440611,6.397017,-33.082542,-20.552914,-21.582022,17.892147,14.544993,-2.4821157,31.24064,-8.402406,-4.375449,-10.734505,-15.049982,14.295603,-0.8818609,14.225174,3.2987494,25.526548,0.6147101,-1.4318767,7.5284925,16.989729,-1.8399727,-9.399509,-8.688252,26.50497,3.9106147,10.66117,-32.22767,-10.683266,1.4183917,29.157337,-12.27405,-4.0576477,16.929096,-7.202707,0.7028448,4.802607,-7.902793,-5.3159294,-9.482922,9.029976,0
2010-09-20,Phase_3_fin,-385.0875,-146.0627,-160.95476,92.520584,224.64862,-59.08635,-230.84178,101.68976,-123.74672,4.587566,-46.73707,-101.7946,-36.62223,-154.50093,30.34972,-16.268515,-0.08798088,-40.28956,-39.829258,-62.391453,-70.655106,-15.522163,-97.36785,11.538342,12.619931,-21.801697,30.9957,67.81791,45.73653,30.36998,-22.637486,-25.983303,30.25954,-9.660565,-52.047634,-21.715467,7.7878127,-36.472397,29.783707,33.50967,31.512716,-57.151836,58.174004,65.567245,13.334412,51.428406,75.63634,38.186855,9.34589,-34.0016,39.03723,16.10245,-59.42035,25.371996,-64.59484,-21.76483,21.986778,73.557335,20.023409,-78.32208,-42.026863,30.527868,17.298233,-61.920383,16.506235,-62.959343,-9.851439,20.367617,-28.356659,26.418848,-5.204307,-6.847229,30.612947,-64.603485,58.94021,9.596904,6.707989,24.521915,4.7032237,-21.112692,31.222132,3.6126597,17.238663,-16.642344,-4.1462083,28.396858,-11.117093,21.677908,33.409676,-1.9100233,20.711737,-32.862385,-42.658047,4.493489,1.4070497,-24.335035,2.3461888,-24.581026,-25.831228,-3.429975,-0.881396,22.114986,-12.229091,2.8648047,21.606636,-24.934547,-21.809513,-12.906926,-4.459153,10.706794,-2.2831497,-3.562244,1.8133206,23.170073,22.847488,5.5339127,37.60956,3.1161594,-20.204906,-43.393715,30.546738,-16.055477,14.256473,24.897978,10.448908,15.794817,-0.044238713,0.47841308,12.364354,-18.60115,41.961597,-10.572403,-9.307382,-32.304882,15.80403,23.43853,33.689625,-29.617218,-52.988384,-15.70528,-3.857547,4.575442,27.340145,-23.356745,-39.07213,-2.2440515,46.830975,-20.71804,-16.90362,24.205776,4.6808763,32.168724,-27.844189,15.331113,-26.454918,14.019248,2.1627746,17.83485,13.792414,1.2555926,28.579714,-11.600001,-8.413419,5.3205214,2.1064122,-4.8940034,-18.779818,8.533702,2
1983-09-28,Phase_3_fin,2.3133903,-37.7015,109.459526,117.8108,-23.410603,-26.113901,18.959087,15.829938,24.748919,-87.466675,70.057556,-97.80808,-28.003752,-173.12744,6.0090804,142.38264,-50.814774,-75.25361,15.535029,40.68245,18.302423,-31.715744,-35.306366,-1.8650357,-93.21557,-27.312202,-73.435074,-47.650772,-31.672466,3.7266815,-36.959274,-129.24506,-1.684563,100.84074,7.1190057,32.691586,-11.192773,-28.789587,-35.165768,153.29704,37.874752,18.42054,65.63397,-73.623535,22.384468,-51.156185,-56.965572,-32.729897,-6.3615913,-161.89186,-16.220284,83.0335,-9.591473,-29.37042,23.20274,-51.54011,35.04868,-1.0225447,30.257729,116.29016,40.368595,-95.79321,-36.902683,57.265972,-44.23192,7.486922,-28.289236,67.99846,-41.756413,-58.44959,16.92894,-11.791958,-37.61306,68.41024,36.37587,-4.0417213,51.354145,18.045343,74.966484,12.33754,-61.016308,28.234484,60.872757,0.26540288,-89.89235,-22.066158,-3.5742173,33.68129,26.610262,2.2809653,20.385578,-143.20999,-64.25131,4.0758057,45.256294,-5.3240037,-92.036316,-21.240519,38.33189,18.88342,78.68182,-20.586327,56.000175,-49.1134,11.823339,-37.35022,67.368675,16.310713,-7.0400095,10.431085,43.659363,2.749583,37.28503,-77.13796,69.325195,11.7136,49.26032,30.323336,-45.75609,14.677098,12.085764,-94.19595,-54.096134,-85.16098,71.95382,-47.37349,-78.69388,40.641766,-2.8221338,43.56055,24.604864,63.08276,-40.294746,45.132812,8.297424,-1.7261362,32.503433,19.221958,-40.78525,-11.72023,59.08198,-4.4031954,37.170376,34.695656,-17.463903,13.72985,9.965133,-37.52947,-6.0047746,-26.397894,15.840739,28.9389,63.75683,59.360855,7.9242935,-37.98954,19.406324,1.6097369,0.6673651,26.018028,-5.592116,-9.463272,-33.91042,33.522503,15.590335,4.2568793,17.523928,-14.761432,3
2012-10-03,Phase_3_fin,30.63068,-304.78632,-274.07977,-79.507095,-115.62153,-33.416973,47.42872,-38.962444,218.62027,-4.0798173,54.954006,110.04686,46.339756,-105.65627,-43.203445,-26.544075,-47.486702,94.96092,73.23672,85.99626,-24.61793,29.620605,14.267732,-53.62326,-5.6021514,-69.69796,-16.370205,40.532124,1.8962177,-15.206298,9.445086,6.863983,28.625708,-31.550224,-0.067958266,38.196537,-2.4526465,-23.136524,-20.828812,-1.7725793,-4.5583396,-2.5864532,-19.308958,24.281769,35.586308,9.803308,7.0957174,52.40364,-31.85535,-2.7161329,-4.384601,63.0345,7.6059422,-57.548832,8.971313,8.569057,16.910122,-28.566545,-42.272274,-25.931694,37.408333,-13.102129,35.46242,-19.642872,-51.865597,-33.822174,-13.201879,-19.426682,-12.597608,3.7259154,22.113407,-12.429553,-23.854122,-27.406445,4.9902115,-36.213905,-48.671955,21.504831,-3.1813893,13.672633,-16.365051,-12.676041,0.88141036,-40.594612,16.29647,-23.895216,-35.419113,-14.910911,-27.228777,-21.07381,-23.995684,18.792418,18.24201,-3.043532,9.70896,-13.97552,28.638689,-41.575706,7.849682,56.248833,16.019058,-10.386047,-18.474121,-1.5947033,5.2505045,35.391556,-21.82473,-19.461098,-7.293397,25.798061,5.801299,-33.23629,50.546543,-6.421047,30.396544,27.872942,-8.872121,23.632627,29.692286,-35.698524,51.447643,-10.23402,36.908524,-2.2589226,10.116576,-4.5636806,11.265749,-10.749357,-15.072078,55.981247,59.388386,-20.695412,-18.813488,4.6234684,0.13245548,-16.58315,24.09492,21.169382,24.373182,-25.22982,50.830704,9.292198,-9.205598,-43.04651,-0.58854604,13.017417,-65.70738,23.610186,-35.050785,-2.8739347,-17.075603,17.117771,13.611417,-22.06654,17.572935,-25.838167,-33.671867,1.8246254,-18.763988,-10.785009,3.7974296,20.730095,-41.33209,31.957283,-1.699784,4.984886,24.771013,13.508172,1
2000-09-27,Phase_3_fin,-137.89346,106.33645,-12.192746,64.20158,-167.8485,160.09782,105.343704,115.95982,-61.085083,70.073715,58.387783,1.817643,-235.71452,-73.68977,-53.63816,33.596268,-119.54136,-21.66344,70.33044,-80.96441,8.502258,18.76804,85.18016,-31.095161,13.555538,-62.720776,17.074825,25.596241,134.42793,63.138187,-0.021667635,-24.493536,-26.65539,-55.891205,-66.98991,-45.60724,62.810944,-10.158284,9.420452,-46.461704,-43.1185,1.9334179,25.07683,6.7588415,-39.195442,3.9792173,78.69815,-80.6953,-71.735466,-9.868338,95.84759,-21.924719,25.85261,13.840757,-49.897488,-60.55654,43.107723,-37.221794,-37.618217,57.21652,-4.474403,18.932693,-24.02561,-15.178875,70.03591,31.910938,-52.66068,-8.172015,-1.8907573,-30.97917,-0.7936974,-63.6401,-4.235209,-23.384047,-37.487392,-31.985006,-1.1042022,-9.893218,0.9511857,47.891613,16.526487,10.76065,31.391867,1.1681165,15.192981,46.842384,14.097981,-14.669215,46.162094,14.831474,-48.639126,-9.301114,-17.08713,13.894667,18.67506,13.800368,48.323353,60.31411,-22.229856,-14.9936495,-29.4048,23.096937,11.675414,81.29768,80.98248,-77.42056,-38.29355,-19.452734,-55.72617,-71.33232,6.831938,-128.1335,10.038638,27.926046,-51.28538,-87.50059,22.722635,1.4669833,106.17703,-142.56825,33.600628,116.98348,10.601013,-86.520096,96.858154,-33.639492,-69.099655,30.7457,-96.387794,-16.236156,-12.758758,-116.399605,26.883625,30.64612,109.39682,87.53605,10.377543,-10.429757,102.96091,29.81717,49.08536,6.9744525,29.810076,37.071663,26.677624,-89.71518,68.57329,37.29124,-15.896724,24.124554,0.5426145,36.063236,17.831284,75.08257,31.734274,-0.07313291,39.034912,-30.602385,-56.208202,0.2761371,-30.514687,-13.96028,7.432,4.850668,-26.739653,-7.300623,7.56892,-10.9142885,3
2023-10-08,Phase_3_fin,363.2108,-240.67729,8.535966,-42.92957,134.20901,116.05672,-118.058075,18.565271,-57.217857,-11.975336,173.54936,70.019844,-51.443787,137.12416,-44.476936,169.64522,64.20202,-135.2046,46.968258,-98.64826,9.935248,156.85512,51.6095,14.533493,-73.8825,-29.697489,66.973595,62.383568,22.121367,-8.591612,-21.743525,16.49521,89.872086,87.369995,-69.24515,-13.678503,-81.74084,-17.928812,25.450691,56.51066,-25.940125,-29.726679,-7.351892,31.193647,-26.722057,58.545197,-73.88091,-7.2977095,-14.546923,24.86968,24.017357,30.329071,33.02826,-80.02244,-18.075277,-26.717705,-2.2215834,-29.707817,9.319668,-50.481895,53.364185,-49.435192,-15.4967785,20.012493,-7.6380773,16.74729,19.085907,-18.696802,-40.431988,-47.77648,-26.437365,49.951763,22.31158,-16.096218,28.285896,-15.958047,-27.938017,-48.918976,19.053104,1.1280226,-18.173445,-1.3098416,-24.348936,63.43038,-38.87221,23.09317,5.0528116,-57.806145,15.791015,-37.03303,-24.108906,1.5538294,-17.316977,-19.627155,16.411322,6.435014,35.488823,15.046038,17.13515,1.1714792,-25.501778,-0.88875246,-20.255585,-4.000065,4.849365,29.003872,0.11441418,-33.294548,-13.547148,6.706498,-18.107012,-9.010068,-13.534959,-3.966714,9.933519,-1.4300451,1.3038527,-3.9753635,1.1126523,-14.700767,-8.170136,-5.1725802,17.332718,14.421609,17.254747,-20.083128,-4.7313037,25.416548,-18.613153,-9.649942,-16.012821,28.304861,25.34197,-11.006096,8.1916,-25.682064,13.482112,6.401494,-5.815583,10.66529,0.4504855,-15.998162,6.530515,-10.038092,-17.916,-23.954647,-17.902544,-0.94671685,12.613823,5.794358,13.883655,5.6100287,12.747158,-2.6033921,-12.456351,9.576606,6.605182,-2.294869,-7.25964,6.9630213,15.843273,13.72816,0.02391032,-7.290749,10.137173,7.337346,-2.2845962,-6.596844,0
1998-09-19,Phase_3_fin,-220.26,-282.13596,326.0324,68.163895,-48.808537,17.176725,-135.96724,80.977234,38.733414,-113.57389,-180.3183,-6.330129,43.20245,94.2202,13.416831,6.283876,74.12169,-54.85639,155.6909,118.86161,74.97972,-19.051725,-54.04226,-3.0636911,-41.712456,30.53554,-47.38782,61.579456,51.854282,13.941932,104.73816,40.14088,-9.813524,34.836117,27.13912,4.730359,87.59679,-41.48993,-19.714376,-33.459244,16.842997,16.48531,-58.10808,27.889635,-8.201791,10.382949,22.424156,-0.62878853,9.807546,1.4672344,50.316944,26.494198,-4.738347,50.108494,42.065086,-59.358036,-12.339338,24.596882,-50.144157,-29.890333,32.332035,18.069103,-60.534603,29.762716,-13.5754595,-22.994963,-75.12812,-49.505184,-55.85669,22.834044,-11.744042,45.46643,5.396358,-26.560556,11.745805,35.439148,41.49832,-22.217953,-25.69221,29.170542,10.631102,-10.782211,-52.273502,2.8422158,42.513706,29.063437,36.02134,-13.252259,-19.87552,-13.916962,-68.49844,4.7002516,4.307314,10.596501,-21.784706,82.20762,-42.173088,30.282616,-7.3754325,65.239265,-42.24997,-32.27435,-16.440163,-5.478706,47.712746,-44.9012,-41.32496,73.3307,-16.298944,-19.534143,-81.94173,20.838367,4.890555,-13.53352,-50.93552,-17.167831,-25.758488,14.43877,11.932332,17.99637,21.695448,-45.195984,-42.02527,-46.661697,-14.923707,-59.322193,30.727169,71.13287,4.4527783,24.6319,51.56412,35.376198,13.932917,-16.03135,-33.747528,20.884668,-0.63664883,29.83425,-25.626345,7.83312,23.999039,-14.281096,3.067279,-26.797085,23.11735,-30.734056,22.243015,-15.03999,-25.568226,-46.843834,-10.852014,-2.9314108,32.274548,5.090645,-7.4812703,-14.831659,-36.134434,18.320082,-18.477783,-11.251622,-10.015346,0.16912517,-2.657086,3.8793118,-14.972865,-6.9149413,-9.114963,19.610943,4
2009-09-18,Phase_3_fin,155.16554,-47.613106,-4.019668,-43.286186,3.1416802,-85.034096,136.4934,-35.21606,66.105736,-21.692804,-149.14233,44.70201,-131.05974,196.83174,-127.998886,6.941145,-44.86006,51.048923,-37.78282,-118.42034,-44.332043,-102.53105,-171.91293,-73.65158,-22.570417,86.963,-55.311455,-18.103199,-22.782658,-122.874954,69.936584,66.089836,57.61205,-114.3953,-69.49355,-34.077736,22.584366,-25.007849,-11.952188,74.905426,-51.518875,16.246292,17.058758,-13.701448,-0.26345107,2.415577,22.944094,32.579784,20.907972,-18.628279,28.40305,31.52653,18.55051,57.325645,11.147737,-18.227545,11.928316,5.963576,38.580715,-9.329803,10.572797,-29.369865,-19.382523,27.544714,1.321278,39.592213,33.51953,-14.774889,17.953331,21.85003,26.975817,-16.747652,-69.4261,-0.20287853,30.236155,17.815413,9.261778,27.433811,37.9135,11.582458,-5.702377,-16.50697,38.019184,-6.756042,-32.46727,8.617539,14.100162,-3.722972,33.516384,-0.38611543,-29.06956,-12.322675,39.696476,-21.31102,-0.2088113,34.114487,-29.64118,0.21539925,3.306422,-20.691254,-20.392405,-0.08152301,-25.07758,9.270139,13.892721,8.03097,33.201054,-1.2283144,4.983795,-43.627804,-3.4656775,-26.627779,-6.939329,7.3735876,-0.40395126,19.287241,-2.3314843,-40.35223,19.144346,0.50192606,27.348244,14.102302,-34.581207,-1.5747596,-18.326353,-16.554146,-1.2801095,-8.757617,-38.568756,-33.742588,-40.923832,-10.796452,-20.396032,-11.744885,-3.2968402,29.19607,38.168324,2.235485,-15.235659,5.6145034,-28.563185,21.703648,15.261867,-7.8806043,-19.87734,-4.089763,-35.641624,-0.29429254,23.570616,-16.439264,2.277348,-2.3163652,13.412623,-6.346805,-14.249262,4.1446543,-0.56652635,11.277191,9.702171,13.997052,-0.20365858,-9.094699,-14.493469,-36.325348,16.08977,-20.270332,1.8613093,2.432088,1
2003-10-23,Phase_3_fin,106.66538,-62.64935,145.64192,-199.47722,208.87848,-117.232185,66.960815,-60.927193,4.564248,131.49866,14.612767,7.5334077,-64.30779,127.26472,40.917736,-32.75437,-146.95467,105.31441,-27.219345,131.34789,85.2164,-50.327564,77.958626,-55.903774,-50.84669,7.5808263,31.451984,58.551952,43.828083,131.39601,-21.37489,-70.46918,91.87332,47.738335,30.716702,37.096504,-50.89973,-10.00442,10.892948,-12.771386,22.485651,-66.77078,-35.122387,-6.391201,67.373924,-102.32492,40.080193,68.30127,2.5320027,26.603199,36.525146,-21.394844,47.80742,-7.3170476,-25.070463,7.113846,44.378426,44.15589,11.15241,6.470443,-40.125668,7.781881,-31.986519,8.811022,19.166925,4.745045,7.3962736,-0.23477314,-10.863945,8.199927,-15.138024,2.2178168,-24.08421,10.680665,-22.149746,-3.8984213,-40.94644,6.001051,13.321223,13.809874,15.792183,7.277251,-19.318495,4.0435076,3.1978824,10.827531,-16.87521,-23.479807,-14.297492,-15.012227,19.85999,33.69673,6.3659544,-12.188147,-16.234692,18.691986,-18.938532,9.70339,-10.110006,-7.4417,28.517149,9.7584715,-7.0754204,-5.733477,-0.18266681,6.9118323,-7.074034,-7.160122,2.170475,23.708828,29.438189,26.817894,3.4706333,-9.2739935,-15.805936,-7.251712,-11.753064,-13.528333,-1.5115303,-5.541208,-17.477787,-11.691311,-9.431315,-17.869644,-0.06066528,7.0206985,-0.41599083,-6.490992,21.658522,13.403282,1.606048,-61.979336,-21.541822,11.2136,11.066974,-4.3147683,15.17455,25.57238,-30.467295,-19.00729,15.935064,11.764385,9.908024,26.35954,8.150793,8.710914,10.231144,-22.7312,-6.641482,-31.06147,10.810412,1.2125896,21.929485,4.0478525,-14.914381,1.2341695,50.13434,22.429653,-15.264473,-5.3737903,77.55644,-12.595274,23.648432,-35.41819,9.42922,-29.544445,27.765724,7.2087183,1
2015-10-15,Phase_3_fin,599.1571,-83.816605,85.16316,347.8272,-93.79794,-12.832679,95.12848,-95.46888,-138.26445,-52.857044,-4.717343,-54.124676,20.151003,-42.764248,65.76412,18.546381,9.83334,196.29387,-46.011944,52.320953,95.03198,6.8467307,19.333656,88.18798,43.282288,11.163014,7.612436,33.97312,59.99168,-14.081694,35.610634,51.044186,-11.576813,70.646996,-68.16106,20.298216,-4.8716273,26.745733,18.64419,-54.85066,-1.3586278,74.7202,7.1335516,54.164284,-78.5262,45.46968,8.640735,36.309753,-25.982609,-47.12265,-19.835983,0.12260949,21.35123,16.043112,-41.574467,-58.584522,38.954414,1.9518727,9.993581,7.5523915,-47.014164,-16.83199,1.5293412,-1.1269823,-23.124432,40.092922,25.240582,-11.008631,13.792046,-32.17038,15.149933,13.299078,-50.36788,16.254162,-7.320455,0.3635927,-26.435808,22.247095,38.6067,38.105415,20.304605,25.02507,22.552877,-24.106092,5.187605,-20.201359,-5.5072565,-32.93221,-2.520848,59.210842,23.88681,38.05802,36.467377,-24.713638,9.953698,-35.53219,-31.960789,13.358074,6.205473,19.153353,-3.9983726,-8.650526,-20.790308,62.26202,17.660166,1.1667941,-12.494302,11.037151,-1.9349725,34.69629,26.707657,-34.363693,-57.364033,-24.224949,-30.241821,11.823551,23.707426,20.503532,-9.408448,30.188673,29.23957,-18.42524,21.600538,-0.12363425,7.7224884,-12.679324,-18.329912,0.09780374,3.2325072,-5.3641763,10.685744,-2.184434,-6.862298,-0.18400644,-14.214886,-10.958447,7.9558754,-19.187937,-16.368885,0.78509,17.820456,5.817809,-22.667343,-12.692401,5.5225296,13.308081,2.1110635,22.288723,1.2028152,-2.3102777,2.2365818,9.070455,-14.771455,1.032464,-4.0929995,-3.2505622,-8.324955,1.5589162,-5.5695405,0.37811172,19.302063,-13.571095,-2.991684,13.142543,-12.613397,10.745051,-1.092545,-0.55343616,0
1984-09-25,Phase_3_fin,-72.67219,79.18198,173.70738,4.6380043,148.41006,21.570162,-67.889755,-131.56725,140.36578,233.31471,59.604088,23.957193,-28.812122,-203.79527,68.500114,24.774849,182.83423,54.109318,27.647448,-120.32791,107.744446,-18.763712,-14.119951,47.016018,24.758596,-90.450836,33.793255,62.849186,1.7608962,-35.81893,-20.653545,32.234863,13.52559,-24.059126,0.4749517,-14.555893,57.419655,-31.682997,-2.8085623,-37.153397,93.30192,-39.27552,-44.760017,-55.033592,1.7454349,54.93836,-47.52372,16.156935,22.633749,47.971092,-40.97415,9.141467,40.422657,54.418434,95.18784,16.621592,23.115791,27.703232,32.13659,-1.3136946,30.928476,-15.044479,28.609314,-46.563786,-2.0654688,64.61624,-32.973583,62.52497,-15.018034,48.346256,-10.738511,-19.246178,-9.102464,-100.91168,-12.915932,38.22309,-70.5678,-25.139845,16.37243,36.690556,34.32614,-56.88945,-100.62344,-14.984052,-80.71048,-11.532084,36.385784,29.828243,-13.394481,11.248012,36.7378,56.186295,33.34818,143.48894,75.62927,99.22031,-36.34041,-73.5409,99.58062,-70.25574,32.209335,-106.41184,-14.754473,35.322163,-60.185814,-59.54527,-91.77401,-38.279083,-48.957253,-109.51522,30.711786,15.578299,55.051643,-31.280647,20.446463,51.64511,45.053417,-123.88145,-62.43691,18.165056,-40.180367,42.65919,4.6479087,39.941284,-23.050346,-35.709816,-48.805847,53.569782,-120.37551,1.2302225,-19.403599,-16.826714,-82.21384,-37.788025,-18.917162,-23.830418,67.99913,-59.945724,25.416685,46.74638,4.8821874,-49.229744,-52.353577,-54.821342,25.914398,23.6818,7.0728445,-26.02324,-50.119896,-25.255104,-32.434795,41.127235,-46.173107,4.989336,-28.88901,-6.1798053,45.999474,-16.678282,-14.881844,28.729296,36.62446,-70.20886,-20.316994,32.127594,-28.957788,13.450789,-8.929398,-50.963203,3
2022-10-18,Phase_3_fin,-294.3581,138.75142,24.064524,186.96709,75.834785,180.5045,148.64525,51.251385,73.41072,-1.9993724,-58.424236,77.73138,96.45585,103.89096,150.18294,-111.81385,18.878784,42.36173,-46.079937,24.316868,-48.985207,45.1138,61.206593,-66.4311,-9.113567,-24.753132,53.064148,-5.2914085,-4.5938764,-7.3609366,40.56367,-11.329301,-23.052172,-18.334959,-64.458885,63.45208,-57.22176,35.071728,3.0858154,52.54711,-41.757423,-66.757515,-42.654194,-59.725376,-18.016026,36.92468,12.551662,18.264702,-23.579811,-41.198803,-30.476566,3.5696695,-50.56319,-10.0073185,16.607685,33.69994,49.534733,-0.27080607,-110.978714,45.647346,-18.876738,-87.91577,57.379414,-6.18488,4.5828433,-47.2085,32.242924,28.785019,-28.811731,17.513863,-22.527607,-1.215201,26.30764,-1.965142,47.19704,-10.966769,-6.5193133,-26.417128,28.428957,5.099917,-23.102053,-79.28898,65.85723,44.482693,-36.080902,40.7037,-9.3567095,10.05486,-31.330929,-89.442635,4.464512,-62.642048,9.293858,60.71195,-22.154303,-23.460018,-35.298843,-27.49567,-59.133675,-29.388405,-0.20941406,20.666618,-63.845924,25.727352,-14.859603,7.2681127,-47.60307,75.18387,-46.7627,66.9904,4.915227,8.475363,-7.249298,-0.19005081,-18.881687,14.653911,-18.138315,-24.033335,24.18464,36.646683,-26.984978,16.04168,-9.459627,-13.463906,10.071371,-19.42054,-23.748894,-18.705263,-16.426481,-21.331047,-4.991432,-19.654776,-23.058409,23.323545,3.623677,-5.0885715,-16.170797,-1.0205281,-5.8657155,22.714754,2.0619338,26.610893,1.2662394,-19.60047,-0.2739071,13.2766695,8.750378,19.943357,-5.7475405,2.4443684,16.942678,1.583974,7.392056,-5.5741763,-2.9769487,-8.676125,9.932546,10.073072,-6.4489894,-13.895112,8.912833,-14.978582,1.5517477,-17.206242,-5.562816,-8.356979,-19.828817,4.162195,3
2020-09-10,Phase_3_fin,-83.7955,216.94545,138.48137,13.344389,-91.35185,-123.38999,-107.89142,146.25417,44.093338,60.35711,179.21988,24.694191,52.904507,-113.99667,-81.145676,55.91709,-63.727505,37.52071,6.6489224,3.7535655,-71.01219,8.239346,13.276982,-82.82556,-27.754257,149.24762,47.908714,-50.947277,59.243156,51.50362,-43.466152,40.98844,-13.994245,-54.512848,-12.015088,66.94379,89.580505,-47.744854,-62.58665,-13.134901,-8.965121,-19.82121,-4.7150164,45.940113,-62.353672,-49.911953,-68.842964,51.05813,-18.852842,-26.800045,-11.162234,-34.988434,20.706764,16.084192,18.430943,13.421821,48.682087,-9.071558,-28.091156,-37.032482,12.224648,1.8220382,-2.9765959,17.435411,-11.256827,16.748055,0.41525167,-2.023368,5.464461,-5.1343384,-22.83282,3.660637,12.542667,25.205406,17.186792,-2.9110389,-6.839472,-9.868768,0.56010145,-7.3583465,-13.121733,-8.335175,24.637978,-16.906996,-2.4992387,5.099823,-28.702358,10.307335,16.537403,-2.1515682,-9.271837,-4.689148,-19.980988,7.406958,11.888699,14.051549,-6.8044534,-5.0675,-2.1323225,1.037615,-15.1744795,11.111605,-1.2781224,18.631897,-16.7174,-11.816809,8.364026,1.1249948,11.260843,19.41447,12.972595,1.8472018,8.271226,22.33095,-6.94901,0.15713084,-1.4228705,17.11092,14.4198475,-16.596397,24.503523,-2.21546,-9.1850605,19.238718,-2.4041634,5.568142,10.981271,12.101062,-22.028372,-1.179677,-8.7251625,10.244115,44.522804,-4.3470955,-3.7643762,-18.378487,3.0465064,2.0521522,3.2667835,-10.8792515,-0.63010174,-21.97519,-16.621817,21.147415,7.987983,46.75593,4.50146,2.4917445,9.475564,-20.410185,17.803066,4.9869823,4.1943607,2.4714324,-28.103336,19.33859,-3.2309022,7.4077706,22.606138,-3.782485,-14.572114,-4.9415994,-19.22922,25.412474,-9.714556,20.265785,20.384235,-14.886724,3
2017-09-18,Phase_3_fin,-15.517417,83.03843,-52.44667,48.017044,89.57061,-44.00936,-12.907143,-70.16113,74.39369,60.069565,-23.094275,-10.013496,-73.38243,35.913048,-66.2631,89.59531,154.21588,-66.2273,48.157276,216.16937,-2.8442912,122.55537,-92.97372,-114.817696,144.04504,-61.36364,-12.336009,-23.731375,72.14876,-25.840473,6.356485,-103.63327,78.07525,-100.49677,80.10426,36.689697,58.288136,8.423124,89.39346,-86.78922,51.0517,69.82967,51.5279,-27.256031,-26.693993,-37.683815,0.5654213,2.5746562,-2.2275767,-73.65995,-61.43846,14.187432,-14.536554,-12.106714,-25.528088,17.966164,-25.992874,-27.102064,15.763862,17.158602,0.2648173,-16.372915,-4.802502,31.19143,35.040802,-33.835575,21.296953,-12.3287525,42.15628,26.915485,2.413689,-13.478237,2.3218915,32.94619,-2.8730621,16.105507,4.881108,2.6568134,14.323164,15.550848,-0.21131024,-26.877066,-31.210104,13.137474,-16.286446,32.864353,22.082603,10.363217,20.29419,-7.2034554,20.082664,-12.247342,-5.9660506,16.286867,11.950868,-28.927486,6.320937,14.93699,-15.530722,-5.385986,-36.766563,-13.057945,-11.795174,-32.651497,-13.126165,20.508392,-19.845894,-43.492622,-4.7798543,-18.705166,-26.396065,6.573901,-17.458326,5.7867117,17.364126,-25.740435,-7.8151484,17.364157,9.2240305,5.6087804,41.82749,22.690752,18.116024,-16.05617,32.194202,-19.358616,-20.522514,4.2369685,1.7651621,-7.868453,25.121866,-27.992289,11.315618,2.555699,-40.005745,-32.110714,-25.7684,36.440784,25.067234,-27.063066,8.979998,10.387169,-14.181218,-19.49052,9.858065,11.88935,-16.133167,15.534507,-12.869793,2.433042,2.380931,-4.631664,-55.24032,40.90025,11.721288,34.154305,41.029564,47.70408,-0.2661572,7.22403,22.091951,-9.144358,25.410236,6.9548936,36.59432,0.39486155,-43.07761,27.3973,1
1999-10-26,Phase_3_fin,-320.89746,-101.44815,80.52846,23.224619,-228.61923,81.10488,-3.339759,-116.76833,-66.80714,78.788795,-14.51809,4.2832794,233.39638,99.851,-59.683716,-67.73281,36.0559,54.87268,2.8573399,-69.09755,-65.11895,88.47907,-37.892128,13.526557,72.46774,27.447369,-20.553692,22.839434,12.259145,51.897114,-33.874943,-83.42297,-6.9977837,-85.11008,-45.948433,53.97887,-21.607258,-54.717358,-14.909292,47.01868,-80.003334,-31.765741,-48.710873,28.363876,59.132523,60.39762,101.31765,23.906397,89.98794,29.722363,-64.64449,-48.212147,87.85205,-22.577047,-39.15776,7.3461695,-24.85555,-34.798985,33.94185,-14.976075,-30.39673,-19.18764,48.75608,56.042156,-12.721358,29.660105,22.653366,5.9609303,-3.7508407,52.922043,60.934807,95.08778,-8.53067,-85.92235,-76.85732,43.671577,-55.710503,-22.032402,59.125717,-115.990585,-19.066113,89.21766,53.873672,51.527462,-0.6448177,-27.16396,-33.55769,29.704739,-50.128933,21.769255,-23.065536,8.524472,-34.21918,3.039103,40.4421,-24.731115,-144.1387,-10.364329,-5.5118012,-69.3223,-42.860367,-65.75835,74.18137,3.5446742,6.801184,9.050628,-29.999357,-50.824486,37.094738,15.407889,-13.885569,-18.7084,-11.927644,50.88524,10.565688,-79.36186,7.330098,17.402857,26.411886,-29.8924,-41.80542,-12.13632,-5.2710934,1.7614862,-9.122783,-27.145042,-46.98688,-19.89405,-15.804198,3.6955676,24.886646,-4.7994957,17.41356,55.77736,-20.744884,15.521678,-18.053036,2.6113267,-1.9337168,35.057068,21.912605,9.580434,14.601154,-58.14547,-2.3182516,26.187138,5.742078,-22.155796,-10.374909,-7.4646096,8.71514,-12.852689,-6.3039923,30.240719,-28.549225,-5.288977,-23.015852,-6.493642,12.4404955,5.1352415,2.9029727,9.232628,11.595522,-0.21790248,-3.0110934,14.269892,4.8022118,11.563069,4
1984-09-12,Phase_3_fin,-101.555824,145.74269,140.97198,20.081955,183.19487,73.68899,-8.546882,-87.07118,184.9779,102.45907,141.04231,39.86855,-53.580822,-224.94273,37.842983,-23.502287,181.5614,7.520272,-22.058641,-100.81765,137.75702,-145.42902,-81.1355,38.428104,2.115846,-26.430193,-40.367176,19.597406,24.274927,25.531689,22.960352,-18.228588,-40.13001,39.06031,-24.908762,73.83142,-20.536947,32.418285,109.5204,2.1496189,75.94803,-76.27361,45.574257,77.66499,3.9045947,69.26696,10.563667,32.739597,73.26611,10.792051,-70.37103,-63.62709,99.01447,-55.568867,129.2347,35.67318,-32.29415,40.390324,-21.684454,8.859835,77.2999,-101.87358,-74.19908,47.76794,26.669815,-18.863558,69.41827,-28.71576,-8.43266,6.463528,19.21237,-87.13463,-9.878887,6.2367992,-38.72214,19.130932,29.941599,-5.1783895,-7.730097,-11.027504,31.376682,-5.0108795,26.1645,29.958626,14.9065485,17.661098,-18.971413,50.391167,7.8690314,4.2217627,-25.145123,-61.57111,-4.87952,-50.50821,-0.604734,-34.942314,-36.817886,15.625474,-37.38721,35.891422,8.447056,22.150776,27.593996,-14.657956,6.598137,43.707436,25.566607,9.993941,-2.692609,10.442475,-66.70076,61.947235,-27.441463,33.076084,12.554208,44.076565,-36.566322,-32.954487,-26.485027,-44.13276,-15.847598,58.422855,52.47014,5.1883435,-8.8620205,-15.588602,-33.209488,10.551262,-25.571136,-38.302017,11.723633,-2.9335325,-14.864429,-53.32604,-6.1820264,36.238716,-25.208641,24.667862,52.03489,-28.92667,-60.914467,-15.3335905,21.94362,-0.045609355,-62.960655,28.700565,34.454857,15.367526,61.10796,-62.89675,-18.4183,2.3025587,0.9087137,1.0166341,99.16449,-31.85649,-57.043877,47.22861,-1.8361917,20.411716,27.871613,-7.0908756,-14.240785,57.943104,4.7469397,-27.524166,-41.988964,-60.022385,3
1985-09-08,Phase_3_fin,-114.09262,185.81924,-95.443665,86.19054,-29.78106,65.44828,57.84635,-176.89807,-64.50139,-107.11669,-23.523655,-24.089287,107.48155,-79.72693,-99.29794,45.17368,-49.25269,-139.98099,51.218796,78.699814,58.012615,-0.079942726,102.91285,-91.38381,40.038727,191.42052,90.57938,42.034157,-3.1495404,-35.125263,52.486847,11.8388605,93.72937,-32.114048,-59.624268,12.2230835,-99.95989,33.51167,-30.657106,-13.294161,17.097506,-65.43493,-85.93858,-17.837593,9.763642,21.78117,-9.9925,-27.02357,6.4392056,-78.699135,-0.3779741,40.044235,-52.860737,-81.3096,64.45327,97.23543,11.162384,-4.4777627,25.673037,-41.807884,47.121758,55.044952,4.6523905,12.079533,71.40297,21.903627,16.730696,-24.872278,-30.210243,7.049213,45.174088,11.611493,-39.87562,7.7643747,35.982685,-42.00016,-31.437151,42.395657,28.968567,53.775345,53.187412,65.42875,2.2313492,50.558285,39.283,-22.324745,15.502592,-19.247232,32.18186,36.858135,-0.95117056,-19.47065,22.32762,24.010147,-65.31637,10.08095,24.991314,-7.3070245,11.492506,-18.193407,26.588339,-21.621138,-2.5905333,-5.004924,7.077545,-76.31297,-30.449984,-4.1716194,-27.613985,7.8435774,-40.645733,9.687261,-25.730433,-8.896109,42.567314,-25.225388,10.394858,11.778509,46.925323,-4.7062864,-0.96605474,-18.091988,-6.700722,28.526863,-12.12212,5.4052067,16.673985,-5.45047,9.795478,-5.6670012,-1.3933042,8.813137,-8.377786,-14.636959,8.7217245,-2.3807456,-8.280655,-41.61351,-8.25809,-28.563808,-8.338094,12.996546,4.125777,-5.261974,-10.99269,27.588278,-11.462334,-9.606986,-36.011982,-6.188558,3.502126,9.269484,9.037179,25.382748,-13.329799,-3.8609662,20.371216,11.843632,-27.796864,-19.87395,-16.076794,3.4221969,12.44135,-5.778334,20.503525,-6.3127418,11.7448015,-26.366692,3
1991-09-27,Phase_3_fin,158.23761,-38.64386,-91.75254,24.201763,17.358189,-50.123707,-57.172314,20.729807,4.5637608,47.085365,8.028275,-18.993145,-21.532696,37.30027,-40.564,2.812995,16.219242,-132.02261,-158.70695,-8.55759,-48.41459,82.04576,21.93641,-29.744688,-160.701,-101.73586,-3.231408,-39.22199,-17.501253,2.38007,-51.484703,99.19933,-47.761147,13.589732,-30.16546,112.178314,-2.906034,51.17842,-100.8695,-124.461975,9.573442,-0.63176405,-75.50149,0.5377545,0.31511053,37.146618,40.70518,20.64622,-24.604738,31.344936,9.9728155,-30.973404,-13.915446,65.91331,-42.919434,-49.77212,-9.471577,59.64963,60.31945,-37.893135,-13.506516,1.6773312,-14.195759,-41.063446,-35.607407,38.742393,-44.46268,39.76312,45.608765,45.39123,-10.170963,6.347515,-67.421104,-19.7726,24.506435,-8.761414,-77.10727,-19.760479,46.91377,29.906317,-20.701427,20.384626,10.491247,9.248258,1.0607274,-31.257189,78.206856,-50.39734,-51.603165,-66.55486,3.5468042,-23.067995,87.66244,14.76689,12.724167,-26.280748,0.2352858,-18.7608,-6.0727706,56.529297,87.09833,-4.74745,12.595565,26.10741,-26.447037,20.146475,-26.403395,8.871554,22.15147,-67.28934,-26.404947,24.72535,-0.17024666,-59.559956,24.90892,14.031351,-9.204842,-5.0210743,-17.07587,56.741585,-1.1139234,-6.5034795,-14.304732,-82.6046,-27.991903,89.27989,-15.104059,39.81345,44.655098,-48.98794,-23.302511,-26.37339,54.889793,34.3538,-17.290838,-34.732086,-26.151691,24.651432,-44.239273,-11.603846,2.5798814,82.43948,16.924633,-1.123755,-58.695606,28.768358,13.181353,24.384216,-0.15639614,3.313541,90.12805,59.743835,10.6765375,35.952007,14.320517,-27.411806,19.234636,-28.686598,-18.03132,33.188316,-78.298706,-12.024263,50.233517,15.319129,37.483475,-14.072062,-40.933105,3.821149,1
2018-10-07,Phase_3_fin,193.84409,117.00582,-114.0878,-80.20515,106.99736,23.66016,105.919586,-13.413026,-69.750565,97.572624,-204.18674,63.98725,156.7637,-130.55371,94.50859,162.02342,48.56068,-4.5536385,160.5673,-27.57087,-117.62574,-55.77725,0.78564066,1.2624635,-94.946915,-2.6710234,-39.768307,51.4279,57.09457,116.21695,-8.576092,7.5306597,7.3419123,-70.01265,54.59913,-53.895897,-9.749576,50.45416,-64.78849,-4.7493625,24.134342,7.684145,-1.4193444,-2.211559,4.5890326,16.810211,-62.035328,-47.88611,51.737198,21.027945,49.53564,-91.61649,-18.091658,52.51596,35.22517,-15.117175,32.21375,34.376064,58.108036,-8.324249,-48.7019,-60.835823,60.258,45.428467,-6.689352,15.095496,-4.223701,-20.26147,-5.2972302,2.0511134,-2.5886858,-36.778988,-26.841715,1.4472771,12.577888,6.361941,1.8888047,36.380173,-34.860302,-22.896328,2.5337787,15.668274,-13.094804,14.587232,8.723942,21.449484,-5.86085,-40.40848,-1.9429882,-11.878602,-5.345776,6.4534407,-6.255269,-12.46824,-3.880037,10.5225315,2.6461108,-11.176931,-9.3738,8.933036,5.308599,-6.697698,-0.4186009,-13.785977,-30.375788,-0.11507219,1.0217768,-0.7812669,16.317884,-3.9580586,-29.244318,-18.853733,-3.079819,-30.745518,-16.783052,17.149366,-2.506368,-12.716245,-6.513683,-8.839217,-18.067364,-3.124462,1.1523958,-10.97602,11.630648,-6.2582808,-8.11271,18.97625,11.28974,15.122143,12.738643,-25.739265,-19.880981,20.692795,10.852156,-11.289648,-20.840637,10.99811,-12.837298,10.784693,5.5661592,-3.2699833,-1.5581791,3.90601,-3.6447837,71.280464,-6.490443,28.460733,-14.831377,10.549027,-10.793439,43.206123,-12.354058,24.23226,-33.95626,-9.087063,-30.909777,-3.1032696,-15.095232,11.894799,-10.962007,15.720065,36.215054,29.750835,9.477129,-15.347191,5.914274,-6.5569043,1
2002-10-08,Phase_3_fin,127.37459,-13.81605,-124.904076,-86.84392,-62.27587,5.99408,172.68301,166.67218,-76.96669,5.109158,170.8647,-213.74052,-12.655282,45.17331,75.58849,-121.89491,112.902275,-35.278748,82.92713,101.237144,-114.80348,-31.53453,-98.58839,120.18019,28.99225,78.58549,33.57562,75.73823,-72.71515,-65.59645,-128.39603,28.65067,16.505304,-8.641186,45.579086,-13.1701765,-4.7847834,52.921864,31.917383,13.681384,25.508188,-74.82582,-74.56307,1.0841378,-54.808865,41.050625,-11.202849,58.460373,18.678745,-49.379066,69.8524,-3.3692255,12.639566,71.349236,5.5566926,-15.916484,11.738128,6.843181,-39.833275,24.223068,35.014732,-22.51963,13.488266,58.949047,-26.02317,49.35655,12.375515,48.003525,9.961766,-15.462885,27.536888,14.938674,36.529964,-0.10029737,-20.621105,17.80128,-12.593193,8.011954,-0.88734394,55.728184,-16.406403,-4.7947454,-15.445977,17.01118,-1.552496,-41.743534,-13.695121,-38.25682,17.048033,2.4111724,35.876812,4.868632,4.9189725,-7.267528,13.186379,8.247449,32.16887,-22.43101,0.81063485,5.9723268,-7.8455987,-6.677353,14.176128,-19.439362,2.1841187,-23.595991,9.061504,-6.590296,19.837372,-23.321568,19.40043,12.301666,24.277468,-5.390747,11.923516,-3.97669,-27.749697,22.47358,37.17823,-2.3820267,7.8140707,40.44493,19.80872,-15.883974,-14.478959,11.728813,9.122145,-4.866121,10.400798,5.2711177,-26.381262,-1.3563485,-3.9414082,2.2878947,-13.4583645,-7.6121726,-24.401304,17.369488,-14.957065,21.629902,-36.17777,8.179363,54.3245,10.340466,24.499535,13.319356,8.198433,-63.620796,-24.58922,9.600242,18.516823,6.814069,4.667179,-0.5086854,5.6402426,60.358654,22.721064,9.045373,-13.868847,4.937331,19.77552,-12.521876,41.72123,25.39293,-61.355785,-12.262588,-20.755823,26.630938,1
2021-10-24,Phase_3_fin,-292.30753,-27.4699,-42.271996,64.50674,158.0047,-84.548744,181.9469,-0.061209686,89.67792,62.145782,35.28279,-68.91245,170.86049,179.85443,-45.771133,90.36793,-2.5161498,-174.97789,71.69526,-131.663,176.43582,-20.60032,-6.2663436,116.99254,23.383978,-14.510064,-82.97872,-137.1898,10.204939,58.439377,-36.0318,-7.6268277,-42.95893,46.047855,-26.152754,-33.431404,-30.607765,29.150206,-23.244236,-57.944767,51.11664,13.679573,2.4687579,16.783146,-74.95923,-38.322453,59.401295,36.081825,16.87438,18.703228,11.846252,23.310726,-72.04073,-53.35111,19.026068,-99.65523,48.88508,-20.759373,-67.59899,-37.88478,-28.994595,65.0081,62.845417,3.558436,11.529478,61.824226,36.04437,1.6731994,-55.37275,17.93893,20.814287,-37.733257,18.775497,49.70735,-53.575996,-21.26416,8.7755,1.6448519,10.053497,-24.27536,3.9856737,-22.024912,17.186583,-4.61834,11.321743,30.560013,24.424517,11.412416,0.02452833,13.404261,11.116763,-7.9012427,18.346672,10.4338255,-12.44952,0.5701434,-13.031579,-22.027578,-1.1022916,1.9264739,5.8725767,-9.329886,6.33089,-11.190812,12.125141,6.20397,12.895978,-9.715051,31.0735,-12.299013,17.615425,13.842242,5.3612676,6.411952,-0.22946285,7.778343,4.8459373,15.952135,1.2167614,-1.3624305,4.0642176,1.3206742,6.195553,5.863727,-6.560481,8.99029,-2.1330576,0.6833994,-9.723699,5.614805,5.508907,-4.027356,-11.307316,-9.932339,3.960296,0.61419016,9.994697,-5.504673,5.082757,-5.1934104,-5.2621446,-15.443371,3.2101393,-4.440487,-5.8362765,3.7145984,-3.6635075,-5.150365,-0.97409236,-3.1859813,0.20664713,-4.347502,3.9366796,1.6529876,7.5302386,5.9667144,1.2802256,2.7454545,-4.7926736,8.670335,4.4477344,5.476477,7.702079,2.941817,0.85678786,9.268182,-3.527516,8.931388,3
1990-10-17,Phase_3_fin,-27.645475,76.54109,-91.94139,-40.59422,64.53106,-90.46446,69.745926,4.4498687,-44.2241,-94.600464,80.74461,361.21106,41.190666,-23.078672,84.34448,0.23139107,-37.878407,-18.973267,-24.543293,-49.62007,-25.512003,32.903534,-86.52027,101.120804,124.2505,129.71025,-155.61765,176.2173,-30.077812,5.7211504,-20.972874,-46.67339,-113.31225,-84.3094,-22.77075,144.44974,-15.438829,-66.429214,40.595703,13.546022,26.94953,-63.244743,-39.768093,-14.636129,-58.00791,-24.28193,30.198698,-23.259405,-81.06894,14.058001,-50.031094,38.98395,-22.956959,44.81463,-44.97754,-39.830864,-5.3176894,-23.019575,-1.3616757,-22.810759,-31.488361,-8.940339,17.066118,-39.291237,8.391564,2.6933737,13.670213,-10.443187,1.9649676,-60.627983,-10.804583,-9.673236,0.32540464,25.221243,30.08635,7.31502,2.3289397,-19.611183,-4.716931,15.239985,1.4785964,-1.6127641,-9.412179,-23.351755,-9.166607,-9.175354,-4.0889506,-26.501625,-38.473103,3.1133924,-15.175857,-0.5837434,-9.288497,-19.385502,-32.293575,-9.441878,3.858784,13.039208,-0.77832824,-30.249243,-4.1246424,-9.283152,-5.1400757,-11.4860325,17.074768,-24.5229,-2.835536,7.9734993,9.329917,-17.396965,8.582864,-22.240198,10.154855,-2.7044747,7.078962,-8.038687,-5.261741,-9.581059,-9.603724,18.332197,-12.523328,-6.5784426,18.301558,-21.975758,-8.31893,22.760006,-24.208574,6.4862223,26.529406,22.21291,8.257046,0.78890854,-5.8322406,-14.45976,2.8525949,-22.127436,9.000319,-11.342576,-1.7747446,-1.3259912,9.290168,-23.830004,0.22114965,-2.6631389,-11.016602,3.0589736,-26.224415,-11.853721,-18.658312,-6.3931603,26.84549,18.286545,-20.142227,7.9193316,-7.8634634,-10.390659,1.9595114,6.659341,11.564057,-9.311543,15.854235,19.151297,3.8772902,3.2437437,-2.3393815,-10.301248,-21.088947,0.019564837,1
1992-09-18,Phase_3_fin,87.698296,187.55215,-213.88,120.900024,-38.73907,-166.21266,7.1463623,157.63457,124.47739,-256.18713,-52.94598,-88.67079,-34.184227,35.823032,-62.786526,111.80441,16.800835,-16.061735,-55.58809,-79.5254,-64.08421,89.309715,-113.11295,-20.389482,133.87857,-59.44846,86.17611,-50.10714,45.168537,81.626015,93.000244,-106.49353,-6.3809443,92.26039,47.793297,-21.98838,31.491898,-59.663662,69.8593,110.14166,27.266172,-30.3658,-75.907265,-50.145237,17.812326,13.756429,-44.621796,-26.626427,-47.2219,71.85,44.60939,-129.87845,53.897476,9.6955595,53.72242,47.44006,42.751476,7.6809797,25.482258,-30.100323,-17.620068,-24.82098,16.785303,-22.242023,-30.450382,69.4068,-13.814415,31.54944,-0.53289837,38.35589,11.635601,7.633629,47.765648,-36.15202,-38.554543,-48.0127,-21.805395,-50.50824,-9.63485,18.545252,-2.2363837,21.395103,17.94028,11.622531,48.2219,-39.22496,38.193836,-34.641354,-27.084444,2.4693124,-68.36393,15.438949,-22.775263,-2.0550826,15.022943,-1.5412983,-14.854499,-10.39844,-48.345768,-12.816215,-12.990994,-52.64634,-15.113173,-0.63864803,55.007236,-16.208303,68.54605,88.32945,31.501116,63.367294,46.21836,-23.50039,36.307865,-18.598053,-50.60177,32.524933,7.3461285,13.147906,-36.31392,8.854545,35.625645,8.048841,-9.798273,27.329525,10.733096,60.974064,25.533445,-15.67373,-26.259483,-73.83287,11.996098,-17.07954,-1.7362117,30.424387,-30.513012,-2.6997607,54.856823,3.0870264,32.600147,-56.273857,15.267228,-36.44475,1.1278566,40.70716,-29.77058,24.081186,20.954308,-4.6211658,-51.49091,-0.30674535,-23.889744,16.299225,-12.684336,-8.4082155,1.3566535,-14.907899,9.188819,-0.43712133,-33.494728,34.517807,-7.3652916,25.598639,3.3534553,9.999153,4.902377,-3.1622937,19.241386,21.681828,1
2023-09-28,Phase_3_fin,347.1729,-255.44916,51.098858,-96.96171,89.53577,152.30647,-86.29113,37.801834,-10.13015,4.684172,173.85716,105.39452,-60.10741,107.29455,-26.97923,180.4255,71.57908,-108.282875,22.981579,-69.756424,0.16050744,152.2197,63.02863,45.924934,-73.90178,19.044386,69.33396,64.80167,-8.738384,-25.175587,-30.344412,60.87362,86.390816,94.77362,-59.385612,-37.62696,-106.711395,-41.39636,0.12872978,38.66447,-68.16093,-36.100525,8.285131,-11.542677,-11.154007,45.65585,-37.93499,-42.294968,17.406527,-23.081211,6.248009,-9.080232,24.217197,2.2512145,-8.732244,13.214964,-20.749739,-52.596306,-1.6976949,-47.59633,13.166657,-10.340497,-9.734655,12.9557,1.6830477,1.4031554,32.702244,-26.927992,-10.036212,-19.728987,3.81612,1.5309045,-27.089241,-10.339767,28.000591,-0.06198228,-14.700445,1.2361988,20.752665,5.6497874,7.3389177,4.3326507,33.314022,-2.2666209,-8.087079,-4.035176,7.311899,22.27361,5.51408,-23.393423,-12.022882,-2.1738422,19.421492,-15.057572,6.5817122,-6.6343307,27.130812,10.947577,10.542125,-16.456177,9.774426,-7.931509,-3.096164,-15.372978,9.309207,24.233625,-7.558274,5.2641973,18.38347,-3.8270142,19.070536,-2.1450567,7.377626,17.558634,4.92347,-10.379127,12.752166,9.891169,-17.57469,-33.12449,6.1467466,-0.75860876,-3.3344424,11.944168,-46.04564,-6.572753,3.7547586,-1.1134498,16.352617,7.227431,10.397282,-6.54749,-24.102457,-3.7405643,-19.977467,19.614798,10.371661,45.616,-15.51564,27.698902,18.839825,-33.889297,4.1291003,-25.819422,-31.55174,-19.35902,-21.323793,-28.088606,9.388076,-0.5854339,25.120216,-18.833254,-4.379696,-1.1892947,18.347664,9.863792,29.700886,-24.236094,-4.658959,15.232544,-17.512995,1.6719961,-5.33375,-15.957916,9.039596,-18.910095,13.068726,-18.768,0
1987-09-18,Phase_3_fin,310.61798,-158.2848,84.45019,127.053246,107.923805,-99.3059,135.61125,52.62228,-41.227173,8.627596,78.553986,159.07234,31.25438,-18.24655,-70.25578,-25.87632,56.906216,-132.02242,-88.293076,-26.677563,-52.79982,-64.35798,34.649017,-99.11442,-41.484264,15.58253,88.81499,-68.45096,-6.9441614,-35.887653,54.216606,-8.228917,-55.59428,-151.02893,85.4047,-22.912487,-25.872494,36.056404,72.257866,-13.660186,-20.980307,-2.6452897,38.273216,130.04848,88.19384,21.766203,2.4911168,45.272167,-105.26906,-43.21923,80.170296,-3.9295819,80.171196,-108.133705,-0.27647522,-11.47813,-26.664268,-18.858173,-11.009719,36.354977,-26.62666,-27.043839,103.91462,29.72464,11.509938,-37.40499,-43.956306,78.50222,15.0864935,-2.2675724,7.1996517,-37.255806,-6.9025393,59.52707,-12.289977,50.113075,-17.84046,-68.369965,-62.694714,-32.459538,49.43949,6.7710714,17.754475,15.596254,21.64339,-28.405056,16.95211,-28.908466,-1.4769765,-0.970376,-18.385363,-12.637188,0.015345852,-11.243413,-27.813868,10.357203,11.747911,18.287733,-21.691402,-10.510787,9.827948,30.539282,-16.135202,-81.71671,-50.969906,13.9791,-1.4463177,26.983704,58.77336,25.119734,52.6059,-32.453407,2.4894867,-30.118639,-2.776066,-45.954926,-18.192926,26.531736,-1.3541099,48.90444,0.47640127,-22.315523,-7.607534,24.534033,-25.697268,-56.637924,3.0068457,22.045393,-72.86342,30.28983,24.090488,6.247451,-23.007154,-74.29741,-3.9194074,39.191154,-9.554969,-48.891834,-24.880804,8.102875,40.873447,-11.598271,-34.22554,-2.60456,34.990593,-4.0409184,39.611958,7.289468,34.152477,-7.283276,-0.13042822,30.025993,-39.751232,58.88478,-20.350729,35.400375,-19.196114,-23.949389,0.368783,14.179951,14.598913,12.444325,17.915993,-19.56227,-17.424118,-38.605465,3.7895014,-6.9814286,0
2005-10-30,Phase_3_fin,-173.39537,1.3664562,76.61138,-143.3587,10.106528,-143.65657,99.52958,-10.151739,-32.834965,-172.57281,25.301971,14.137591,-6.754608,29.170116,79.05117,0.72434473,52.36175,104.225655,8.488313,-84.187584,44.977615,69.93644,70.20803,6.6523614,-82.5717,-50.10176,28.156647,-158.679,-9.604666,67.44814,8.202956,-12.557112,-1.0098962,-3.7085397,-35.887115,8.584702,55.62062,112.487076,113.94262,53.983627,-182.2278,-81.40118,-109.16015,36.298424,25.408726,-40.263103,44.158115,-106.736824,20.887949,-89.947525,-93.25611,68.17642,49.650196,-8.20298,-4.7335143,94.30048,38.992233,137.4281,-5.2043333,-23.780952,-17.975044,-15.84241,67.51174,100.70175,35.228825,-23.35754,-33.850746,-31.304605,-66.597855,-14.484133,-43.64637,28.38417,85.591934,-19.100904,-10.185191,-1.1992769,-6.624066,39.07276,-5.467187,33.282906,-11.035435,-15.512291,-50.99133,-62.512287,-37.350716,-7.2060747,9.763232,-44.23084,40.083862,38.924534,-10.47397,14.029751,50.57922,-36.04048,5.9323916,9.368955,-39.56655,-7.2881274,-37.23199,84.674835,36.636265,12.254495,44.300613,-1.1773049,-40.13029,20.120874,10.645127,-10.725063,-12.979013,-13.661224,-63.572525,-58.019997,21.253235,-10.557996,28.752623,59.917244,21.91097,8.4679365,-23.807728,31.24513,88.5443,10.282575,-25.62561,-2.8094897,-84.30221,11.19563,-39.92168,-69.19942,-1.576446,28.380264,-45.852173,-31.512524,25.069687,-1.7279108,16.060469,-0.7179488,44.089745,17.884892,32.84254,-7.7596283,16.32661,-39.227222,35.564236,-35.598114,14.642463,-8.852338,36.652462,-5.168155,16.59655,12.056045,0.73726636,-11.412598,-6.577379,18.737118,11.687227,-19.568695,12.518257,20.671503,-4.896811,-20.42954,-18.612705,15.821543,14.505045,-3.3015409,12.310379,11.30564,0.35143778,-16.59454,3
1993-09-03,Phase_3_fin,113.15392,121.30763,-54.322937,-48.611435,22.826443,68.59304,28.897467,87.412605,52.625217,61.54271,-91.41505,-17.464298,63.444046,-13.110443,-26.638634,-62.495632,-26.699127,-58.562237,-70.81404,39.723236,28.761179,67.141075,-10.655275,58.537376,-29.262438,-10.896998,-73.9256,-12.651092,141.12494,-59.287025,-25.829182,-36.114132,-37.210056,-32.549644,-14.794008,-24.486197,-10.686955,37.611256,20.064266,91.20517,-119.29812,5.8418055,-88.5467,20.408346,-51.612946,-25.5839,16.656809,3.7253344,9.990998,14.643945,48.130108,-44.03464,16.946962,-83.698616,-68.74629,-10.850928,30.75649,128.02097,-38.49432,-54.177704,97.91155,-26.54191,36.780685,-18.607578,-42.78497,-96.09636,5.5176244,-21.834324,-14.204074,3.9139895,60.984116,13.938722,-69.570885,-6.6109796,-26.819202,9.292892,-26.365784,42.080975,-78.68111,-74.13263,52.42525,-42.565514,-69.38818,-50.548588,2.848462,32.964916,62.73729,0.21711639,-35.348324,70.37317,17.330265,10.80118,3.2091818,-108.70707,-28.531494,40.336807,-26.786594,15.208681,-18.064026,-6.8681483,-0.345619,-9.470621,-52.814163,4.002531,-15.846144,14.491757,20.240387,-17.717178,-35.766693,60.608643,28.30988,-28.276316,-87.81638,-12.214643,48.606125,-65.93593,-8.410011,-43.318935,119.74222,6.3394322,-13.533149,-25.1346,-58.283653,-6.1815763,-15.177954,-49.125587,-11.006454,28.816582,-68.60426,28.635986,68.32259,43.822224,-47.55683,114.4446,81.583336,-48.443993,72.09088,-26.882513,-33.937614,-37.619583,-112.733,-59.164303,-16.954428,78.88698,46.261635,-6.3850107,-15.780725,-14.605465,-51.693027,-28.181936,-3.4208543,22.716093,-5.613532,-106.86152,85.48905,68.47938,47.821716,6.9888706,53.892693,-1.6377542,-55.944607,-51.31577,-9.573565,10.295752,36.77627,40.767258,-73.86325,36.21546,1
1996-09-27,Phase_3_fin,-100.32562,118.068306,29.325691,-36.316216,52.508156,137.86055,-114.54578,-206.42328,168.01097,-133.7361,-108.83071,-104.49172,-114.84747,6.954087,-78.29031,-72.5486,-21.277952,-11.022604,-36.426765,7.989419,-61.74037,50.01819,64.232346,-31.294315,-19.641188,57.072296,-20.214876,12.928759,113.28132,10.3709755,-190.14873,164.62003,-122.041214,-23.341717,102.48463,-60.119003,-72.65182,-52.656307,79.47423,16.040007,50.55475,5.7285476,24.1195,-23.358036,45.456135,37.871914,-56.97818,-1.0940487,-47.88493,-80.93969,-90.18031,38.321823,19.75535,-15.888684,40.710022,-50.14709,9.702107,2.6210628,-26.67209,-19.441881,-45.550602,12.054291,50.89249,-20.620813,-56.324265,13.030833,-19.968807,-35.060123,-32.28316,-10.853708,-86.17755,-75.183685,-39.396492,-44.87925,-86.99634,-3.6395285,-29.146564,-11.026877,-24.23583,-26.46703,-82.02708,-7.1987143,50.688087,15.882524,-35.437035,39.169086,-43.19565,-68.252075,-65.59384,37.38461,71.817566,10.412718,-4.295287,-51.19273,8.894534,1.3830996,56.156433,38.26923,0.65586066,-21.122412,-0.7359029,-56.043278,9.719034,-15.866732,-1.3983656,-24.66842,42.275066,9.881631,-28.15356,50.5892,-48.568863,46.405235,20.512749,-0.90233356,-8.687369,-23.289068,44.156826,-9.897081,46.744087,8.8052635,24.963505,-9.315864,1.6193305,-0.5704408,-10.669572,-9.841694,-3.8176982,-4.2590656,20.658445,3.0383892,-13.234323,-1.4919591,6.048876,3.9508536,6.492897,16.77196,12.562893,-29.94366,2.6197395,25.343275,-18.902378,2.0334513,9.441724,-11.978052,-13.165283,4.309841,16.760664,8.739387,-15.329935,-10.4358835,-24.32301,-20.282297,7.871952,17.797394,-1.1916,-7.6111193,4.59494,4.1295495,-24.694292,1.1030533,11.037268,-38.625504,-27.50538,-2.162328,5.760606,-15.027722,-4.7329936,-2.3991528,3
2018-10-02,Phase_3_fin,223.25758,128.26198,-125.55912,-115.45567,84.90843,36.89743,110.270836,-32.63257,-49.867798,91.1764,-190.35553,30.95733,146.94032,-84.74546,91.380486,177.91017,52.286263,4.8978457,162.92906,33.475975,-115.00204,-65.93794,2.834927,-22.921938,-113.96335,-3.745401,-13.347816,60.098465,42.69,59.262783,-18.026373,12.664069,-20.02085,-48.994823,46.2882,-58.076492,-18.24727,9.909019,-64.025505,-3.8717096,15.070822,40.462315,20.598455,24.488022,6.372158,24.888124,-54.407417,-27.577316,11.4541855,54.120678,31.599659,-97.07398,-41.03886,31.884176,-0.70421296,-20.720253,28.406874,15.10608,48.302807,-5.003303,-11.256972,-52.923496,34.810158,46.28415,3.768336,25.35957,-15.093467,-5.9391403,-0.8990946,-27.136219,-1.1897181,-17.763779,-30.227478,19.24594,-4.630331,13.490549,-22.156885,22.821247,-30.533083,-32.581684,-19.798874,-0.30832347,-4.6361346,-3.010423,-14.763367,27.07007,-11.004074,-38.354782,21.999668,21.140238,-4.934595,-2.127792,-8.355679,0.885593,-31.36746,12.087688,-18.046644,29.600847,6.4486203,23.513865,20.62774,-44.471478,-8.883545,-8.21814,18.215603,-14.776344,-27.716055,-1.2807388,2.9698539,11.711101,-39.31578,-69.89335,29.099852,17.10948,27.227121,2.6483405,-28.57034,6.019698,-30.760597,-18.649477,-6.6753554,-14.972448,-22.528973,9.1724,17.130013,5.818934,-18.986698,-27.32868,26.772087,13.063548,15.548254,8.273657,-41.88748,-19.366282,-3.3480897,-12.132065,-6.461989,14.405979,-1.0046593,15.913966,-9.782694,-7.9821835,3.355211,12.884665,-1.7553211,10.011769,8.763452,26.788465,-7.8814597,5.0295916,-3.735509,4.6055937,5.3084726,0.5048476,7.946182,0.05088091,-20.008137,-3.4835773,11.219051,10.241118,-12.054202,-13.827341,11.006138,-23.828966,0.45243967,0.4389899,-0.65780866,-5.5526624,1
1983-09-12,Phase_3_fin,-4.6572065,-60.796944,244.15074,139.90002,23.371407,3.8130198,60.6187,39.386017,39.81015,12.985675,109.340675,-34.34699,0.5051917,-158.13805,14.008466,171.09128,-67.645584,-131.60214,-10.82334,47.730972,22.203758,-123.56006,-90.965836,60.496887,-170.2659,6.05562,-143.65137,-58.178093,-36.277657,44.49731,-79.01374,-152.41556,1.5527081,62.284245,40.661957,-12.2032175,-5.262088,-80.90908,-74.07437,228.2346,75.53456,87.00716,58.794746,-152.36642,-4.8122034,-93.129715,-76.45433,-74.14065,92.04532,-154.57755,-80.19492,11.19804,22.281149,-38.48832,-44.39753,-77.021065,2.104826,11.764689,15.8366,92.33154,25.920988,61.14295,1.4382818,1.844192,-73.70968,-76.448166,4.7524643,74.897766,-8.871585,14.096314,26.864073,34.95907,-3.8946,-66.73349,37.633286,84.43317,-25.022324,-12.963845,-43.609596,-4.6496515,-49.65832,30.37492,12.573081,-2.9773517,36.340725,-1.2294245,22.932938,-40.14227,3.6872308,-22.041471,0.24153678,97.20294,84.36538,13.108007,-40.784813,17.846548,40.28442,-27.705416,-76.315094,-14.820962,-27.95381,-12.792861,-57.182545,-6.838739,-5.8284645,21.775799,-98.29105,-13.86041,25.059679,-1.4969989,11.596299,-39.19537,-44.7506,40.319527,-25.657274,24.187746,-12.203789,-1.4357682,26.6158,-12.943512,-18.72469,32.97474,15.087433,37.84364,-31.829487,34.94891,32.97826,-32.640602,9.321989,-35.19586,11.860595,-29.835917,27.12724,4.2378945,9.826192,3.9620707,4.3074713,-15.82485,7.4415903,10.273512,0.33502805,12.6661005,-2.1567543,-17.880627,7.2146177,14.04855,3.7885077,9.410568,22.999193,8.736679,-6.682026,-24.424725,1.1855986,10.015666,-4.326587,-15.36949,-4.4557796,-16.262037,-1.8306968,-8.8062,8.167073,0.16664581,5.6343865,5.0467906,3.6179514,-2.8857846,-11.793949,2.9429257,3
1995-09-11,Phase_3_fin,-43.732365,99.76586,4.7809043,37.67359,-16.86248,-116.42173,-102.27145,-4.941618,-7.7007794,-121.19914,62.673065,-58.884502,-127.1592,41.807323,37.16262,39.07152,29.226313,3.751656,-53.250656,-11.484792,-55.12003,34.987415,38.34516,-32.758987,-79.531006,43.26753,-26.735226,140.62915,30.2155,-37.15847,-44.146122,-143.28137,-33.971176,43.21543,82.327286,10.574257,12.39847,127.8389,-58.669914,-39.42765,-112.33247,154.71278,14.191036,-32.78148,-40.30521,92.001945,-13.368836,-13.216329,92.467064,69.55215,-24.401588,69.33325,15.433196,41.361557,-25.338215,7.0241756,91.69648,-1.4110173,-8.552087,-77.502205,22.707052,22.193699,16.368885,8.658305,53.792057,-70.700775,12.828545,-2.752787,-3.2104259,-4.461617,-37.13602,-3.841449,46.764194,22.221914,-40.569313,61.278973,26.47087,-91.04501,-27.415445,-2.0229878,17.927896,66.942184,35.03405,2.1020887,23.653435,45.800842,-18.179068,-17.443495,10.173648,-11.897657,-2.7995377,-48.879894,63.443142,-26.607439,-16.076727,80.09985,-15.959187,-23.036905,85.70487,7.1154428,13.741486,64.04946,-58.717155,-7.052799,68.0451,-22.577982,70.813805,-72.18177,-38.436356,0.8508245,84.77328,-22.043453,14.905992,-6.5519633,-48.42522,22.982956,-29.268143,37.384903,16.749935,-37.495773,-29.840675,-32.54331,-43.188854,-26.589926,20.64514,36.863037,10.018621,25.017134,16.083279,30.093527,-16.904161,-25.80617,-0.46463278,-34.53243,-34.774124,36.884773,6.2697206,-75.01356,-0.904789,21.579124,49.983395,-11.6188965,5.9436164,-45.268406,-74.79127,57.653,-30.830732,5.287786,-54.92294,-7.3841796,-23.710012,-70.01517,-29.895447,-27.61425,8.559331,19.29217,61.730885,-22.223722,90.05625,54.256786,24.030064,-41.578632,33.132442,83.95428,63.375126,-0.4628327,-44.297554,-37.16784,3
2008-09-08,Phase_3_fin,-85.66095,-241.30817,-50.42657,30.156773,-46.88132,125.81429,-66.34972,-57.10693,79.14598,139.01228,44.499924,-61.7991,-95.898926,-50.43296,-27.795898,148.16977,-1.875927,35.607212,-99.732216,55.159306,-78.53161,-52.913326,128.16785,60.237545,46.53458,123.075516,-53.01704,-20.745583,-93.72337,-33.583336,75.962616,-6.026384,21.443933,-74.52089,37.426723,29.5505,37.52831,-51.026833,44.759834,-24.001577,-25.13719,-22.803001,-64.8404,9.970973,36.07472,-16.01742,39.3669,-52.28787,-9.374644,6.830857,59.754143,-14.126542,18.642443,44.419125,2.0265644,9.245565,-59.122158,50.612385,1.2762933,-74.91181,0.25918368,7.0397973,30.443773,-11.6505,-20.168806,-47.742905,2.441789,34.65447,1.4314421,-40.540382,52.817333,-49.21472,92.64053,64.54212,-49.27098,-47.536667,-43.865845,49.946743,6.1038914,-2.1198995,-42.31658,-37.51585,67.932945,-29.195738,27.987425,12.021398,76.021126,32.629444,-51.62289,-106.34058,-10.455415,61.642742,41.66291,2.6578097,51.001053,23.275545,57.700546,-14.047998,76.43322,-3.8234222,20.308867,-2.6423328,20.621674,-33.44444,22.429518,6.3312926,-38.01897,6.719616,-5.8839498,30.935728,-20.866278,-20.006102,-92.895744,25.81781,28.09231,-1.9663935,5.37105,14.401158,-23.987276,-40.971424,0.6271667,-3.021263,-8.9586525,-65.94588,7.0619426,-43.388786,-24.645338,-43.997177,4.205545,-23.137455,-29.687891,34.008198,-24.048454,37.15343,-50.540604,11.877907,22.540564,-31.53021,-14.884773,-8.510219,2.1031933,-17.887852,-14.916108,-16.68664,17.883327,14.366638,32.810303,0.6166399,24.66985,-2.2220776,-1.944559,14.134219,5.699976,-8.9225235,-3.55931,22.35506,-10.35443,16.283619,1.1936219,26.493073,14.095057,17.701883,-14.647138,-1.8466529,13.132348,2.786894,13.624761,4.4156547,2
1994-09-21,Phase_3_fin,198.16164,82.99532,-102.07055,10.395733,-262.06216,-10.714669,-278.0996,-5.6187754,153.35587,31.28281,-112.18889,-3.1270592,76.37485,86.91243,79.00178,-1.1499624,-34.064514,-102.529686,-62.731476,36.442787,74.09414,-18.391266,13.71911,100.42589,-5.2209196,22.622423,103.801865,27.992361,-66.500175,14.703241,-18.686445,-36.501472,-55.83103,-27.962217,-72.84753,-53.705627,-42.63471,34.880222,33.35346,8.229347,29.83641,34.30799,66.238754,-17.478636,-41.447063,-44.26705,-13.168941,42.84247,31.431793,4.189052,22.994764,19.846195,10.724614,-19.556513,-90.05605,-5.1252723,31.987305,-8.281064,68.52767,-42.33433,-3.6584435,-36.294254,-4.4548273,31.576092,58.05875,39.492195,25.24917,-48.093075,-50.501842,79.394585,-44.1498,24.973354,28.590033,13.235932,10.343456,-3.046911,-3.8922093,39.804173,-76.85413,-1.395078,29.683817,7.6333117,21.106678,-24.487337,-31.072182,1.330684,-65.77664,28.994106,-33.11853,31.683607,-47.633705,-9.424145,13.665825,14.372864,-0.6105684,10.249497,57.14777,-7.685886,-11.933133,-16.646006,-30.17871,46.630116,-17.66459,-0.7027532,1.3997104,-13.99368,27.65297,15.578646,-8.111265,-1.9810098,-15.822826,14.257489,10.179062,33.311024,58.3014,-5.6614246,21.894041,19.709799,-40.089687,9.819668,17.247906,9.436228,-18.441385,-38.015347,-12.703859,-29.962595,28.444254,8.367339,-15.999353,-7.1959553,28.606268,-40.408695,-44.204327,21.125053,-34.684372,-5.396074,21.646694,-13.048445,17.759905,51.659767,22.95823,47.716507,4.451184,30.1282,68.17436,5.9029384,18.950787,14.307232,29.997177,14.887023,57.247826,-20.387281,3.036338,-2.9516346,24.538776,-6.8803043,-1.7014033,25.264885,-23.877306,54.209255,20.408123,32.662243,-14.499927,19.604942,-7.2211146,36.805473,16.929768,-30.671082,1
2007-10-31,Phase_3_fin,-239.91359,66.363335,-75.8867,-40.014126,-55.41048,-189.18813,71.8492,-33.303707,50.722054,4.881822,5.4630938,-111.68547,78.987724,65.53058,102.035805,-58.401577,101.67605,-17.544489,31.902306,-101.62328,99.488396,-47.59824,90.31961,-28.161367,-43.386585,28.551182,-93.6233,-49.778557,-36.465626,-20.6773,-17.821043,-93.47943,-26.276999,21.050291,29.664736,0.831644,-45.06448,2.8881655,42.187725,-133.01065,-180.21866,-34.219204,-14.254693,-94.26316,18.475079,26.058786,-68.97682,74.70326,-23.545683,46.85054,16.851112,-26.296114,14.004611,12.626457,-24.431921,-24.885729,-12.058888,-35.977966,33.0255,-45.41268,56.736267,24.365923,-32.33266,-12.412761,10.811089,-58.288265,-35.718964,-9.269053,38.53631,92.17327,54.309597,75.89389,-13.910363,-26.260702,18.212765,49.950138,-36.38997,-0.10352383,10.220706,-32.995358,-44.01989,-20.887094,-92.013695,-31.206347,6.6793194,-18.810396,-65.72237,30.554632,-16.863039,-46.51707,43.3403,19.407269,-25.152319,-127.114555,6.744045,0.16572656,-2.4484017,-30.128975,-13.716714,-7.257884,71.07962,42.824768,-28.891293,-8.719581,-1.0849613,-15.744459,-64.32493,32.85875,-32.779125,26.277302,-34.356148,-19.99305,28.079584,-146.04504,77.00985,-4.421564,-20.189077,112.77597,8.572555,-14.629204,52.69162,6.2204127,3.7511485,33.587456,40.015778,-38.8936,56.563046,-14.133259,-18.643852,-27.778603,-19.642992,-39.882404,19.107859,-44.000668,-19.763948,18.296835,-30.504978,16.121786,-23.236824,6.5008655,-18.8985,-6.5498624,-14.094244,29.80482,-28.794588,28.234491,-36.837486,44.56423,-40.892654,-18.153574,-17.508179,-13.722805,15.215799,19.173466,3.3497794,2.0533335,-18.925617,-40.822285,-25.222948,15.0270195,41.156055,7.25187,-35.841408,7.4672813,-26.158148,16.996532,-14.697658,-2.7716079,3
2010-09-24,Phase_3_fin,-386.96228,-157.67651,-165.67728,149.30646,233.72253,-76.206894,-242.69722,50.784836,-97.29751,-23.858517,-36.028572,-146.93063,-47.719048,-96.03588,19.1503,-35.102997,9.283194,-8.155569,-16.468592,-81.9818,-99.55759,9.993342,-78.005196,31.29748,10.64009,-56.197525,27.002514,81.99785,44.252575,37.155655,5.990924,-9.838983,19.33307,2.6962748,-33.576797,-43.039772,27.92565,-0.4815229,17.090532,69.86585,38.078197,-30.048697,61.294014,108.448456,24.117767,33.959686,18.605404,86.38916,-3.9194646,-42.819626,39.96555,26.324331,-36.375744,27.772701,-31.805868,-33.595406,5.2694025,107.607704,-18.141018,-68.448784,-43.959988,61.23475,15.327267,-19.005007,96.900955,-45.735126,17.994534,37.159313,2.1767256,-1.3910143,-4.9803925,17.642183,7.899077,8.655346,76.67349,0.9293343,-16.195272,39.612064,8.151242,-27.828886,8.656412,-8.519814,31.424295,29.661331,-5.3949537,-15.944905,-4.218053,-15.26401,25.28693,15.080622,8.3904705,12.191926,11.270854,-13.600182,5.526451,12.169179,-2.0636406,18.011005,-15.443255,-34.007355,7.9614897,-10.221052,15.813044,7.0428305,21.281889,-2.012787,-14.010726,6.939016,3.9706457,-27.581844,-6.677209,-21.492567,-3.751258,-12.2519,-3.1718519,0.19782974,-31.033792,18.94223,0.46995327,35.85075,1.153791,2.9116611,-9.355037,21.61381,3.8104901,-12.027582,-13.722869,-1.0388998,-17.057335,26.411041,-41.85593,20.254614,8.99791,30.543793,-16.899422,-0.72376966,-28.170586,29.566849,31.069834,-9.870994,-5.579531,4.885339,-26.285946,9.950615,7.0393405,-3.674094,-27.70736,0.8726613,-0.48137277,-12.475607,5.8842263,-19.587801,35.850063,1.1925763,37.087982,-16.74354,2.147672,-23.67657,-5.1758566,3.1858053,-1.8203069,-7.6371045,-18.61013,1.3906145,-3.212285,6.6638303,16.771126,-20.566479,2
2007-09-26,Phase_3_fin,-180.70576,69.76595,-97.27057,-15.082794,-93.31644,-132.08716,11.714837,-29.37475,-89.48731,-22.958508,22.69311,-82.30448,26.546133,-69.338715,62.253433,-35.306587,168.85487,3.3148992,-54.107285,-46.74996,83.4763,-85.24167,49.74632,-65.55865,-1.7846781,11.54598,-137.40111,-46.292027,18.64329,-20.43824,81.409035,-51.909466,-31.024597,47.34355,6.105336,-29.960733,-92.49155,-89.5161,61.16637,-135.297,-119.63362,-24.41332,48.549965,-105.02099,33.425785,21.784029,-129.44336,96.531204,-93.5369,-118.15707,98.52157,-49.79189,-11.12238,3.39246,22.001396,-17.026064,3.2444649,-50.33528,19.726099,-14.842011,22.291508,-25.997507,-13.220276,30.32566,-0.01596027,1.1571497,2.4903553,-37.4113,-0.94297177,22.508146,-71.724144,-16.73068,49.144756,-44.22743,42.397804,3.8567908,19.94666,29.786352,62.346165,17.549547,36.640884,-13.025467,24.774721,23.117304,45.611813,-4.2581444,-11.874013,-50.12381,33.845154,15.360432,-33.8454,14.700434,-4.3953595,45.68066,24.558153,-14.848826,-27.266933,-1.9948325,-1.6138393,15.678441,-30.740387,-37.836037,39.7149,-9.195479,-18.625103,-19.539812,-2.323876,-19.192722,61.248127,23.619307,5.9613304,9.763464,28.51948,35.781036,5.3216867,1.4803969,-3.8965611,-47.40516,14.565816,28.140284,21.784515,8.919026,-2.7816088,-1.692956,6.4164476,-4.8672137,-45.75689,-23.495304,-15.997147,5.8814144,-23.689991,8.133025,6.1391654,-23.58672,17.809748,-34.182266,7.4105268,22.728094,-16.986713,45.421944,-0.25258455,8.384369,-20.38002,0.7975555,-17.64971,-22.257343,-16.548334,20.085478,-2.3574824,35.37501,-14.309761,-3.6972983,5.2243557,2.919448,11.156261,-30.364983,3.8015692,-8.801015,31.608091,-26.475258,11.661732,13.210977,1.498969,37.00966,-7.4208646,9.707476,-9.754066,26.429945,3
1986-10-09,Phase_3_fin,204.45854,101.14684,-103.04625,-12.680888,178.40913,175.70648,-88.85661,133.0888,-95.699715,8.987381,-52.101387,39.185863,48.94965,42.77944,-158.6969,-45.407787,105.15187,73.71713,70.0408,33.011883,-23.876993,-50.912045,83.88658,-19.930645,9.758023,-37.044476,-81.027565,-61.87012,-44.580307,22.076637,-63.36948,-18.629639,-83.80767,28.33617,-0.9344764,30.095188,50.737843,19.914486,45.824905,-35.85758,52.708332,-26.705511,-11.067641,23.576475,12.872539,78.62715,-31.815775,-34.011864,61.767483,-29.438122,24.868486,22.482412,76.6352,7.7575874,-51.202614,-25.52663,56.902435,-47.825233,12.673658,-21.103937,-23.853737,18.718563,24.039263,-91.28924,13.504675,-2.5855508,-82.788055,10.06293,74.095024,-0.2695344,18.72848,49.56827,-35.79123,-51.45798,-6.379916,-195.00839,33.143887,-1.4757402,-8.76233,136.79663,-70.8429,-34.614944,-4.361066,2.0866942,-14.58475,109.16213,-27.380526,31.11839,-6.494562,23.100351,-121.48807,-21.467558,13.662936,-10.820945,-31.243206,-13.470464,-33.351902,-20.324009,27.953772,-21.240934,1.1970546,16.969906,41.214077,-2.4045413,-65.680435,20.462873,-48.712074,43.87061,28.325129,1.4545234,72.323715,-3.2265835,-35.30345,4.6467037,37.87316,-21.751488,-17.82494,5.202229,3.6897135,10.518368,5.0504,-20.604916,26.058125,8.692031,-12.306817,-1.307632,-14.486335,-0.01715917,0.48649216,25.268143,22.05237,0.20083861,0.14275351,-18.08513,-27.887745,18.539295,0.6084411,-24.46501,51.10281,-9.229207,-49.355957,3.8454278,49.483246,-5.5657325,-16.703571,-19.28883,-33.573288,-21.276133,-8.658234,-29.555954,26.963783,-46.77335,36.647087,-6.839939,2.4008417,2.3455648,-33.465137,-10.571795,14.5989485,18.830729,16.607199,-5.55116,21.668129,-32.52774,1.3056607,-14.350113,-2.675371,-15.928014,1
1995-09-23,Phase_3_fin,4.0312333,142.45412,29.863077,20.099325,14.9310875,-80.40207,-1.0177029,-33.41003,12.135619,-86.43341,8.630104,2.8302329,-129.05971,64.25247,57.860947,-52.282066,55.92735,63.84298,-30.42794,-74.00854,-5.105634,41.787888,-45.131786,-88.96376,-146.20903,43.75774,-55.19849,161.35919,48.023945,-31.187338,-43.832005,-144.13135,-24.353607,31.12363,155.37308,-20.070671,-43.04734,69.85539,-61.10415,-48.67074,-41.2158,177.3809,-13.652497,-57.992428,11.895283,35.757683,16.916834,-6.430317,88.59443,80.44373,-103.014885,98.30255,65.12224,19.43639,52.614502,50.01361,87.22754,16.70195,-46.423485,-52.449112,52.838413,68.76827,71.79842,-58.52705,52.809948,-10.7031355,24.227402,21.411596,38.35954,104.13868,-30.981825,-16.803728,33.80297,81.609886,-54.573757,-31.265661,-32.278053,-38.82261,-46.93035,-21.480318,-20.811106,24.876596,20.509687,-0.72995085,2.419593,-5.652534,-35.680023,-19.851892,31.080414,-32.902363,-30.423876,-52.733303,88.347534,36.729908,11.245274,39.67962,-49.199936,16.874304,48.584846,-43.946556,-43.8474,11.519815,-14.543224,-3.1601,29.753855,28.447613,10.501174,-61.307056,-29.979164,26.38943,-0.6921145,12.763327,-2.4604018,0.21414132,20.498901,-3.5366766,-13.33707,-8.265843,-35.08241,28.454094,16.451166,34.563198,90.287895,37.562702,36.383392,-12.123193,-38.020954,-42.429596,6.482903,-12.057752,9.693554,0.056681365,5.2250977,-11.624979,23.257124,-42.25336,16.240835,31.802305,-27.713358,-26.562384,-10.93969,-15.673044,-12.353565,11.026166,57.097805,-33.654335,24.125856,-18.277878,-9.358251,16.600168,30.220594,64.707565,22.056763,13.417438,-2.432679,-3.7577667,-69.89735,6.1399603,-55.09937,-24.610283,-34.02436,2.21037,-2.9853783,-6.955879,-43.264202,24.084358,35.260395,43.56236,1
2000-09-23,Phase_3_fin,-137.78702,79.79136,-59.680656,47.098515,-164.65486,155.97815,76.71884,151.0525,-100.99757,106.05321,45.429714,62.525555,-239.45082,-12.955922,-33.36501,43.30834,-80.196266,-22.917814,105.771935,-47.060986,69.71053,-55.597393,94.656136,14.488557,-5.741691,-41.094803,41.880913,21.26361,159.31216,30.530045,-18.955406,-53.64025,-62.65811,-14.293517,-40.80446,-74.94279,79.20732,-43.033016,-19.71881,-58.963074,-18.58413,58.537266,-9.142282,-29.536976,-20.728935,-3.9581728,100.42001,-61.731834,-34.042233,-33.09475,19.203478,-7.269629,30.256067,51.104187,-42.117542,-32.271507,-10.55007,11.423397,18.415756,21.72818,-16.0626,23.415112,42.291428,14.9981985,4.46822,-0.560344,-21.005465,-47.825386,-36.11821,-50.216038,-23.568441,-57.7153,-77.61387,-63.689186,-78.85059,16.532328,7.298609,14.80769,27.11571,41.775066,96.61613,28.710403,-45.01894,-17.368143,27.42836,25.161041,-12.825228,25.634766,-14.053207,-113.57836,-91.21182,-102.24942,55.74819,-29.10056,115.28272,-32.678925,69.138725,3.4397173,-153.85265,-85.88555,85.70745,-56.19842,48.035107,43.726315,49.46073,-16.590147,-18.038263,-85.081085,10.991259,18.9647,26.679966,-1.9771982,13.450205,-35.82453,10.028107,10.892941,-48.608562,8.646039,20.564457,42.653572,-10.705305,-10.750084,2.078169,-1.0149912,-39.78823,-7.6659474,32.33895,-2.3103337,-20.319414,-11.272047,-36.255295,42.60447,-17.176342,-22.562052,-7.403298,-16.79177,-10.008982,20.358736,-0.58710474,8.872215,8.645377,-0.18945989,0.65571564,9.443014,-7.6338177,-4.023219,-1.3081057,-18.040081,12.164579,14.469189,-16.460823,-7.0960226,5.6578727,-14.378662,-32.83975,0.5072803,-11.837853,15.711116,20.906572,6.70241,4.6828685,2.951296,-3.482196,1.2016594,10.558682,20.67411,-2.8334553,-16.803736,3
2021-10-05,Phase_3_fin,-209.1536,-47.2122,30.42228,46.202335,108.65923,-36.56213,103.654854,23.505438,140.73158,52.870617,62.968243,-86.9428,104.00538,80.63965,-5.4290705,118.25235,-48.017166,-93.09757,6.4420795,-81.8349,64.00022,-27.79198,-28.060093,120.015755,57.603405,-13.732768,-103.62157,-80.33673,31.84712,13.466974,15.997891,42.502396,-29.072376,39.27941,16.408699,-25.836357,-65.837395,14.613236,-21.071644,-5.4134016,62.50351,22.352917,41.92402,37.592216,1.452912,-13.8385725,78.78567,40.617165,-86.99094,-19.493023,-9.219267,77.91984,-9.575964,27.635595,21.055706,13.996631,30.754595,-33.49839,41.478878,1.6203454,3.6994638,-9.60355,0.162511,1.1298352,31.388428,-0.16395171,-42.146408,-0.007654855,-1.7124586,-26.740376,-34.524227,-47.931183,2.5226176,8.171725,-12.771419,-13.311674,-12.043094,-16.966434,22.17782,29.381071,-22.094992,-2.8431437,-28.714064,17.629593,36.916073,-9.7241955,14.06793,-4.2188845,-49.86967,0.36673963,-44.504612,1.9068952,-35.14638,16.566854,-0.44933826,9.825352,-14.932427,-37.23676,-6.538477,2.558773,-50.81775,12.834366,19.211874,-12.52225,-3.0511122,-12.419147,-19.569412,-21.69548,15.478359,-21.150743,0.6791434,-18.749472,3.601643,-5.6920247,0.36891952,-22.595886,1.0636657,14.186838,-11.240861,-6.211938,6.8093085,-17.969225,-8.952514,24.338661,-4.622021,24.749386,-13.029147,-15.943913,35.79503,10.844819,-12.268934,22.50032,6.316618,-23.975,-31.139317,-39.04419,-27.225817,-58.50788,7.51645,-4.163289,24.363316,11.041975,2.1820323,5.2866673,-10.386756,-55.352425,4.8788857,8.4422,-3.3980274,5.531248,32.35559,-20.076897,-24.992075,-28.202984,49.6649,0.22550423,13.025058,-5.8800635,31.396202,-42.342907,27.676018,-22.095633,5.787373,33.067432,-24.88013,-6.174104,38.92944,-4.3642883,3
2001-10-02,Phase_3_fin,-103.26368,-76.30387,-27.97641,-30.921143,-51.954918,41.345963,102.71868,-83.16069,-74.80394,-148.39452,150.64276,20.045635,-22.530415,142.24626,-113.28588,-43.516396,230.15129,55.514297,68.78183,58.819443,59.456394,-57.75752,-24.430412,-8.047261,48.369568,27.169731,124.48813,9.464834,57.901333,80.324455,32.15747,34.16181,-120.64415,-10.600986,-23.218084,-45.098427,-43.533447,-31.047201,-82.8446,15.1712,4.949978,22.695492,85.639626,36.794044,33.48526,-130.48135,-42.807423,-86.94302,97.8456,40.3695,27.673405,31.564177,-39.207073,43.07065,11.450753,-13.021817,40.00201,45.068737,-0.61292726,-12.755528,8.48106,-65.242355,-46.47894,-78.72429,-5.218224,7.9558444,-2.52404,-5.555535,-4.7932796,12.360405,39.359116,30.161804,39.402298,-33.884377,10.33404,-24.14017,10.289468,-2.3345623,3.6224482,3.3179061,-1.6764841,-30.90924,70.97836,-22.314903,-1.7341918,-75.3212,38.134922,-20.660494,50.214073,-6.9852023,59.713024,1.9605275,43.081913,-19.116789,-3.8065035,-33.731247,7.7826743,17.892902,20.41473,12.124026,-5.710272,-5.366458,18.856525,-2.1436346,-15.510121,13.348974,46.188465,-21.368145,-18.163074,-54.19349,29.772263,3.1710887,-17.486141,2.1694388,18.9414,-19.369392,-22.928074,-20.918814,-0.26470312,10.958511,-6.6989017,45.6804,-20.317278,-8.9338875,-27.23041,9.631801,40.616035,5.780966,-23.187304,-1.8921549,-0.5767605,6.4378996,-53.952366,-11.909085,-4.4075975,58.566883,-19.349695,-4.6268706,-64.307045,30.747307,29.395601,-12.231438,12.735638,-18.541847,-6.1789083,-1.7454079,-7.64016,24.357,-42.81409,-9.71495,-6.524487,10.095374,35.711655,52.03072,21.538223,40.2908,-61.944225,43.263298,21.37343,-17.12842,11.407054,21.889765,-29.893423,13.153768,47.21589,36.00802,-7.78299,33.432854,3
1987-10-14,Phase_3_fin,290.8108,-247.21901,156.71161,170.2969,27.516169,-108.600365,125.00105,133.9694,76.809944,129.77345,-74.02593,194.9216,70.59873,-73.87958,22.435497,-32.022705,-7.082266,-82.36654,-86.06879,19.02897,-112.87403,11.704599,89.60565,-5.8121886,-27.340223,53.952732,88.87146,-47.12878,-23.014898,16.978544,-5.8154335,23.812145,-49.88764,65.05851,124.19426,-135.33083,20.815247,-10.095216,21.680824,-12.940755,-18.281137,-12.30596,43.209522,-60.054077,12.41867,37.193558,92.95771,3.9247227,71.301834,-32.265106,-62.103756,-12.444719,-78.00382,130.22406,-48.21653,46.355167,-16.849072,-1.5467869,-14.563036,-44.460155,-0.28819323,52.03858,-83.42531,23.042994,-39.656403,44.874832,88.95635,-56.759308,-44.055843,-0.43772334,-38.82435,-6.1153984,8.817171,-14.732885,48.889835,-51.10981,-2.234055,3.0766652,81.60496,-23.339228,-21.433496,-25.256607,-40.139267,22.723665,7.687427,-4.109172,-4.1781697,4.7847314,-12.379114,32.846664,-3.6153457,-0.22814098,38.623882,4.335911,6.026847,-18.65843,22.41843,-16.889769,19.362411,5.6539927,7.522403,11.154847,27.444748,-31.40582,-24.740969,1.9292767,15.1739235,-28.187155,33.825695,26.56741,-1.952473,-12.887888,-2.9507608,-27.634733,-14.252685,-10.294017,-38.179287,-24.126112,15.963664,0.8293811,6.637781,-7.896544,-16.410234,15.1182575,14.070444,23.08315,-10.778176,41.129925,-55.8763,-9.435995,8.243926,-6.694037,21.731827,-4.2624345,-0.15675934,12.818179,-0.6670202,-19.508879,2.504756,-20.88399,8.9695,18.506203,22.050812,-13.33137,21.903639,-12.188543,-11.012623,-13.605704,16.31596,6.837474,-2.933804,0.543567,-4.9641733,-17.172539,0.2161447,-4.894054,-3.14519,-0.54658276,-18.381172,21.28354,7.179714,6.599057,-1.1739542,-2.9368613,-2.7536561,-1.7005966,2.431014,7.231622,0
2006-09-27,Phase_3_fin,194.67378,-111.478386,99.74317,-201.24263,17.976416,55.85517,-15.011936,-26.39219,-34.53611,-34.302303,16.60738,25.488363,17.515757,-31.088793,70.059906,-49.92089,-49.51663,-36.919666,10.099529,3.2131844,-20.025364,22.306963,9.953427,88.43583,18.27646,77.58941,-15.18923,-6.652614,118.08444,-188.98148,5.9827905,2.2860036,19.751049,59.23246,28.25643,99.71036,39.07108,17.4089,3.0139349,17.922657,-11.580537,4.1736984,122.99835,-84.95751,100.52566,-19.1231,53.175465,-2.6756916,46.468243,1.9944952,-27.920633,-10.162523,-33.83358,-35.628056,55.547977,-46.95613,-12.404281,-2.298568,0.8797911,-62.6698,-23.664602,3.9454248,-3.271964,4.030964,23.769531,10.698437,27.343658,-33.85543,-0.06821132,12.860803,21.853294,43.5709,-14.130199,46.405003,-43.028034,5.995972,19.994087,-6.3039656,-92.21419,34.50925,-12.130636,-49.67389,-23.780909,-13.35232,-6.745256,-14.295721,-24.25436,-37.391994,-14.59748,-16.68753,-20.442446,-13.486215,-51.35655,-5.356982,-4.8632,-23.162725,-2.7280843,-5.767369,-55.466507,7.587224,24.809813,4.110391,-5.867362,-49.72988,-78.10625,0.6071493,-4.729344,-8.678226,10.416785,-66.39845,38.214775,-14.256635,-25.299345,44.804173,-39.03156,-28.377785,-3.052057,1.405945,34.145977,90.76195,28.687923,-37.116676,11.393922,-30.442694,35.728733,23.62113,7.9368443,-23.57115,-3.2766583,-67.02374,34.693256,30.597458,-15.023262,11.919138,-2.2996304,-47.73332,49.531506,-18.48414,-7.460968,-15.120082,-31.729643,32.395096,12.564281,-11.580543,-20.758617,-20.50898,-11.496836,-54.57678,-61.823917,51.187584,-20.801233,17.2101,34.69648,4.0833564,-22.848381,-16.037073,-25.793667,0.38129526,-19.749271,-48.527115,-15.556902,14.535081,-23.751398,37.591503,-85.34403,-30.705265,0.44105855,-75.22397,1
2003-09-09,Phase_3_fin,19.758244,42.57348,91.21856,-221.41286,113.316696,-89.7892,-22.568186,23.424208,-4.982573,-6.656477,56.075253,-33.797325,-38.063614,69.13859,8.333493,41.026127,-71.01802,16.56836,-121.58527,137.80847,13.399982,-185.40158,-14.215305,14.422886,201.04776,-77.09045,86.12973,27.044916,-25.818396,55.480167,62.543713,51.802128,-85.32974,53.33758,-26.235645,9.465096,-6.519492,63.13332,-39.7716,65.31716,-120.243286,14.220112,23.186234,46.7133,-47.50854,147.25708,-63.928436,-48.725037,-15.7005825,-8.617459,-38.8693,-4.3891335,-39.461872,-19.12827,22.473118,-71.41171,-25.489464,-39.246983,67.332275,29.45774,3.4352474,63.685184,33.203926,19.180796,23.234653,-42.130775,8.916502,-57.515568,-43.77793,-26.022587,-5.096603,-39.84056,22.762873,13.176301,-2.6226184,38.286617,19.512093,50.72139,40.40754,-7.75174,-21.755407,42.195908,6.076374,13.7875,-43.713703,29.880478,59.22783,16.93514,14.110958,10.643195,-26.517725,10.628184,-19.999222,1.1122624,31.467638,47.374638,13.3976755,-22.293196,15.832141,-1.9375656,-15.385699,6.066801,-4.6969843,-27.884476,-34.798676,33.690365,-40.241188,-11.709438,-32.706924,57.903854,43.06399,5.0975475,43.735165,-7.979254,-18.781687,-60.239704,-23.011005,23.043373,-32.152317,-0.4522595,23.517365,51.813465,-25.596903,-4.8526096,-29.51415,-2.1246436,-24.478086,7.039247,38.13172,16.577759,15.285763,-23.54005,3.7727685,-0.9875306,-8.245802,2.553417,-11.137806,-13.296124,20.932758,-28.397026,-3.4388976,-8.63399,0.50638795,17.641449,-14.635077,2.0351315,-6.36116,-3.5342207,-16.864069,11.561511,-9.746785,10.267028,35.48924,7.160854,-5.636597,-14.465017,4.013291,3.3711348,-4.6318774,-18.139887,-10.397199,-23.065176,-21.988152,-1.5468085,-8.933395,-10.860177,5.703364,11.532721,1
2015-09-29,Phase_3_fin,536.2722,11.275311,59.743393,269.27628,-42.41785,10.475649,18.211893,-50.894936,-89.9276,-123.59219,12.295104,-39.08686,-14.260554,-60.37733,-25.155329,126.15485,-21.543123,122.18668,-23.811926,-9.678699,140.30325,-36.193436,-60.235485,58.460217,64.414345,-34.563393,-14.403173,33.352367,-46.74677,-29.119442,-141.27333,-49.52513,-7.8693576,-33.618362,44.233444,9.109339,10.44833,24.709444,-19.857103,16.148499,-8.819197,-23.044214,-22.526794,-44.942074,110.20935,-26.353596,-13.972781,-5.740764,-1.7389928,15.067006,6.288112,0.32839346,-31.660067,2.6392674,16.097868,34.663704,-47.59559,11.2826,26.095594,-67.6303,39.920498,10.124619,44.588203,24.150484,33.42141,5.303075,24.743002,-38.515667,-25.821686,-40.667763,-12.781052,-25.229681,6.3224063,-1.476955,-33.31835,-20.477072,-2.99256,-0.75038576,2.062886,-42.39683,3.8239179,-29.901222,-4.921614,35.27941,33.809727,-40.860744,-57.272614,72.18394,11.912055,-50.049885,39.056774,-21.544893,-11.608637,-0.65882605,22.984682,74.440186,-17.88641,35.385563,-25.115498,6.1082244,29.92675,-9.024185,-51.168804,3.6420808,-40.688984,-6.1276717,-13.328656,48.657032,33.52971,-56.354042,26.048431,5.1114454,-29.689142,9.477865,-2.6762629,-15.490986,-21.92673,-15.164573,3.9518867,-6.4363546,2.6146557,20.51999,6.8382,14.723058,-12.391536,-5.359529,-10.59234,44.18586,52.281933,11.631834,10.018028,-19.920393,39.8262,-31.130142,32.110165,-2.682318,11.400897,10.346314,3.8831053,27.761812,-3.9350336,14.379814,31.786531,-6.6831164,-25.387787,7.90986,26.481487,4.2388763,-2.0249176,19.890423,-3.7684023,-15.396056,12.502039,-34.410637,34.665363,11.72232,4.853835,-3.0808816,5.127935,46.855934,-2.610416,12.751344,-2.458146,1.6877832,-4.075047,-18.712608,23.928415,-2.134542,0
1990-09-20,Phase_3_fin,75.03576,70.875755,-81.25612,-63.640778,21.662258,4.151559,-25.328632,38.86394,-76.63255,-112.23372,30.96155,273.20517,25.321732,9.989824,69.925766,0.32247263,-50.789597,19.894278,-40.74004,-123.70522,-23.712448,10.539968,15.286985,73.451065,31.771336,72.35584,-36.083477,150.82655,-14.384958,-35.16901,100.97263,-59.705765,-40.235638,-25.946182,25.313156,-14.659551,-24.925404,2.2295637,-38.247776,-27.825035,41.26312,35.421196,-47.109447,-16.09603,39.91062,-9.259697,-54.488995,7.861416,-4.951103,-16.801733,37.86692,-4.0880675,-6.960757,30.274586,71.70042,-29.747053,25.393194,-37.777885,-18.1452,90.58775,-84.88533,4.1227565,11.622363,31.26351,3.076521,56.51554,-79.63914,11.596549,-40.51368,123.468704,-89.42905,14.784177,4.603218,-23.582066,-16.03532,-5.371808,-124.72612,16.060822,-13.536544,-47.204773,-25.973398,-90.0372,6.035143,89.15538,-21.58853,87.38333,58.11023,103.43594,115.62362,46.865597,88.40058,40.91437,9.386465,-12.077801,84.79952,-27.04869,11.436461,39.999546,-51.14224,70.618774,-10.325476,13.02095,32.18684,-10.182957,52.63275,38.236195,20.060228,-24.819626,-4.1687226,-27.164371,33.80971,6.620783,-38.809803,5.207177,45.083984,18.625458,-29.829401,23.737871,30.715654,-24.6306,16.99044,-26.51034,-12.251577,-35.878902,-43.27549,-31.59175,35.47612,0.5292189,-21.544182,-20.519352,20.179087,38.459343,-15.32354,0.6178073,-29.249113,-26.883028,17.87631,-7.581819,15.550555,-11.70461,-34.111546,31.017235,46.078842,-11.97951,-7.414344,4.6341367,-5.185498,2.391601,27.87994,17.001297,-4.8124447,10.176485,18.523085,-26.15571,7.4298406,-17.626787,34.50861,-11.512007,-13.385133,-26.72147,16.668947,-17.12319,0.7746887,19.601305,6.584989,-0.08648006,36.80615,-23.57608,1
2012-10-20,Phase_3_fin,107.27824,-184.58089,-276.88293,-20.110668,-185.00873,-147.41386,49.26478,-51.767853,161.15887,-111.26219,14.993617,17.954157,36.928333,-61.811325,-15.826478,-53.739162,21.315113,42.77481,52.066032,-32.618298,-94.4025,-29.952791,35.054585,-45.56261,-23.683176,-57.55693,-26.29905,56.068836,60.455593,15.38143,-6.342775,-58.960133,67.67637,-6.969422,24.0302,102.00613,9.358835,-43.717644,5.417518,39.24808,88.52386,2.8805652,65.022446,119.641846,8.6947565,50.743763,40.84446,14.418153,-24.635191,12.645029,27.448702,19.453089,-67.32677,2.1867597,-5.690367,56.81075,43.41358,-173.22725,0.13568619,80.89208,109.2372,46.639805,-47.997364,35.364914,-48.767433,-85.232834,18.201164,28.525944,-119.137566,-24.35243,43.271397,81.793,-28.985151,63.725,-71.7797,-46.73442,-6.2955384,76.247086,-0.26038703,-15.718925,-32.09515,0.73142487,-31.852674,-21.883013,22.734203,82.28416,41.248688,-49.462994,-19.183119,50.580402,31.643406,-43.822025,13.83918,39.990654,12.793312,-7.0150776,11.148122,24.037565,-38.050823,-15.661281,4.943949,6.5675683,0.6123446,9.713624,8.452735,-12.868574,0.22023238,7.6938233,-3.3211553,-8.2359085,-2.204634,13.101717,-15.254477,22.312675,43.324398,9.319905,7.564645,-25.259043,-42.503796,52.84571,-1.1887048,26.704216,4.40649,-0.7182811,-26.904947,-1.4189546,-4.048351,35.211388,2.039906,-24.55261,-30.314293,-33.432827,25.927708,-21.32926,-13.60986,34.829273,13.173166,12.325387,1.7430327,38.745068,-15.395569,-24.731857,-10.447224,10.500946,-30.374453,35.698185,19.04378,-6.401748,14.757869,-0.1349653,-2.2467902,-8.47294,-3.4918592,-11.60037,-1.077308,16.934256,-4.560168,-11.219307,-1.9517684,15.331281,-13.505566,6.752425,0.017151298,4.8939285,12.779642,5.575151,-0.9530942,-2.720686,1
1986-09-23,Phase_3_fin,144.187,111.756386,-201.22078,-48.95724,180.19865,172.60161,-159.37111,170.57892,-94.82242,-17.28431,15.375748,-6.9633894,79.521484,96.829735,-148.38594,19.914614,66.53037,196.1612,82.952934,19.73893,-27.5799,-39.563313,67.81338,-58.59152,-19.364943,-6.7795596,-87.05098,-75.20859,-96.4982,11.296057,3.8403978,-25.96701,-2.8860357,96.18187,-10.776424,-0.54154223,25.603582,-13.943094,34.106762,16.324764,3.5184846,-16.206997,33.641026,7.5899897,10.006088,12.092242,6.017178,44.869637,-19.571596,-13.041259,-21.789553,10.89313,37.361126,27.393555,-0.43451998,52.598812,8.331823,16.34574,-28.95277,62.822872,-6.913076,37.185066,4.7536006,9.503095,4.14846,37.801414,7.7809567,-48.207558,19.189888,-16.510185,-10.636442,1.7256434,-15.288813,55.994884,8.129733,74.78581,-3.2383325,-34.67467,4.6822114,-62.19169,98.26338,-30.170042,46.491306,-31.115503,-14.392173,-45.839314,48.76107,-43.3795,-68.09311,-37.557034,70.702805,-8.622669,-34.20802,4.6128936,26.705633,14.411985,16.291367,-7.7877493,-37.670925,-7.104443,-13.330225,-5.0180473,-28.31974,-9.843599,26.47929,1.8529395,16.891907,-22.573471,-0.7248489,-0.18103237,-23.028318,-1.3888472,-16.721455,-2.3861609,-9.01692,-2.9126213,-11.876874,19.523457,-15.643297,3.734611,-1.9006293,5.510022,12.332688,-26.507946,17.740707,-3.936563,-25.998749,0.32598713,17.949448,-3.2286353,15.190468,-25.54165,11.727178,-23.226421,-14.202683,1.426403,4.8256035,-72.05895,31.841545,-29.188066,-13.168656,-5.416304,22.255234,18.627867,-3.887308,-42.958,-49.083607,-19.848328,-24.799349,-10.354522,28.449446,-13.755261,34.850277,-2.6782882,-49.751114,12.766808,-14.785967,-3.6088777,-4.079505,1.6902741,29.42562,16.337173,45.585354,-40.396126,-1.4503955,30.578505,19.796158,-3.7735271,1
2005-10-06,Phase_3_fin,-70.918945,18.504183,38.812153,-259.41257,26.12878,-136.73396,27.938486,30.22208,-25.465284,-201.33151,-12.3082905,-6.9646935,-22.79778,-130.25365,126.10423,98.465904,134.29938,78.04348,12.300015,6.44745,71.10326,135.34941,52.947506,79.338875,-47.591255,-2.2712033,-31.17946,-116.70334,-30.064793,7.2711725,63.306934,-11.212676,-25.601896,-142.02173,-45.603577,-82.24842,5.077299,46.154625,-5.6826673,90.01661,28.366106,-1.7943207,-81.9621,19.388647,14.047773,-23.24158,69.83901,51.22243,-9.351383,-13.951611,2.1791503,25.719702,4.9717636,10.112104,-32.421135,-44.565796,-3.6134534,-81.44083,56.64905,-33.11015,11.84119,-8.654068,-18.046494,9.643623,-52.531662,53.501057,0.8422743,-10.102048,-33.557213,44.157806,67.8915,7.661517,-35.953926,-33.924583,53.35444,14.342542,2.096191,-19.295416,-55.365887,14.06506,-52.180683,-5.992343,42.21737,-3.9975896,67.41802,-44.137196,-6.860994,66.225525,14.35167,-7.535498,13.71462,-21.680157,-55.209454,47.018497,-20.56634,31.579008,62.163937,55.19939,18.564074,6.718996,23.216215,20.420383,5.7090173,80.70155,30.730324,21.703342,-22.95182,-37.18375,-0.18028973,44.367397,-4.045166,74.28996,-1.9340324,-46.665867,2.805182,-52.22883,-42.867023,-57.470066,-7.732876,14.385929,38.79063,-4.264462,-0.8356143,5.0392966,15.805036,23.267954,-67.7002,-22.744663,13.326301,12.751718,-23.950901,-10.639781,-6.576968,23.318237,-23.087603,10.551849,12.256321,-19.936314,23.049618,-43.207924,-8.315238,-12.127285,6.707927,1.0865077,31.71639,0.5785808,-46.061398,27.30696,-23.248514,22.781212,-25.87266,-8.9101515,11.740635,44.739548,9.946654,20.87956,10.359573,-21.541943,44.4348,23.502844,-7.663069,4.7946033,-19.022753,-4.161146,4.2516565,-48.612427,-2.5179212,-45.45751,1
2002-09-11,Phase_3_fin,22.512354,42.324062,-45.093666,-72.58137,-116.05507,50.21002,182.08698,107.165596,-101.68524,-53.4528,56.850628,-81.07426,-102.674934,-22.341627,98.31254,-42.648247,83.12005,-38.92081,-64.77533,66.675804,-35.679558,-143.52402,-138.80266,21.547443,-55.64992,-27.857584,-7.286374,35.01733,-46.64061,15.890083,48.863823,120.47601,3.8000147,52.94699,-39.98933,-13.862027,-9.9347725,-3.5089788,2.101331,-65.852554,105.27859,-44.598152,76.56611,0.0518952,50.89828,-45.246853,36.429306,-87.27736,-21.361958,-30.741264,26.757938,0.31628636,84.349686,-69.87636,-59.532257,102.45146,-40.271038,-73.5202,-49.920704,-139.35986,-67.26707,79.96338,-3.0814488,64.336105,-34.0621,52.17876,23.917603,50.96473,-69.93945,56.77294,-75.873856,29.71234,-45.21517,69.08941,-0.6585099,-37.75802,50.055237,-10.8819,-35.540123,-29.373615,-10.296889,61.29768,-51.721615,19.046741,-67.597824,13.043668,42.1742,43.03538,4.391717,-83.38903,23.89706,45.340065,-6.2097087,-38.97765,-11.842076,-40.031357,-22.606583,14.902475,1.2295063,-46.16768,-40.67025,-19.657486,1.3136468,67.95891,-20.403595,35.22429,-6.123077,-5.7942014,-53.462875,26.447632,10.681662,-10.036866,-8.865484,-4.2958302,25.056948,35.58383,-25.769491,-20.345697,10.564939,9.386426,3.0097852,-15.544991,-12.52425,4.534593,2.728767,12.672446,-9.903495,-6.3129196,4.572418,1.8898611,23.960003,-29.347696,-15.663389,-1.5315362,8.950397,-10.107218,-4.891896,11.862493,-11.691825,-0.8369612,16.802555,-8.344763,-21.307392,2.675706,-17.932058,-12.344568,17.536865,21.831797,-30.191435,-28.206488,-6.739397,22.591665,8.464574,21.553679,12.755208,-19.846058,11.649166,-12.716136,4.5504947,18.758024,-22.524664,-8.748836,13.190887,-19.920202,5.5133014,30.27577,5.212464,9.031933,1
1999-09-13,Phase_3_fin,-332.4813,-157.12311,94.11267,-144.37125,-197.35423,38.809517,33.2655,-72.19955,-118.062485,-14.4735985,4.0636973,67.96284,89.34041,-40.334286,-21.076614,106.51272,-42.34264,-7.0813823,-131.9332,14.103056,25.497133,-22.112411,-36.123505,-82.827446,-79.52853,-52.82044,-16.331148,-3.6138766,9.996795,-77.34092,-74.62677,-2.0003185,28.698965,99.38033,7.2280364,-20.985533,20.828865,63.24985,138.85277,36.343285,47.958965,-24.611452,56.396706,1.0543559,-127.39133,-16.071445,-38.47351,17.397787,-89.0444,34.62054,40.463375,-7.2231827,-53.355972,72.4131,12.365473,49.72933,22.455198,36.551373,-36.399418,43.383686,22.362965,-22.859306,20.255442,-26.32219,44.47348,18.728882,-5.0494213,-45.477608,-55.462147,-6.5497055,44.50085,20.474993,-67.49237,-41.341393,-37.86175,-55.03646,-24.548613,-21.93005,13.39438,-56.435894,46.439068,14.498533,38.11995,-49.59959,11.757776,-10.138449,-7.1103597,19.695532,65.43862,-45.713596,-39.274677,37.567482,-19.717781,14.497165,-47.198112,14.399265,10.555023,46.41383,29.42646,-28.73418,-6.369413,-14.726946,-1.2616413,-26.246042,-1.9114641,49.50284,5.3607373,-4.846863,-37.609173,-1.0144993,49.518738,7.645385,33.42345,-46.690582,-0.8737773,27.09064,11.4766445,0.28031835,39.819473,-3.135313,0.1067679,-17.255651,-5.190996,-7.6427107,-5.0217223,-23.236938,-2.0786567,-21.127707,17.942047,-54.05519,6.6488733,4.943671,17.920576,-5.1732926,-14.698683,-17.968924,-19.15444,-4.9358187,43.115494,1.4795984,-16.360725,-0.44484034,15.323746,-2.6454167,12.239488,-2.01363,21.549112,5.626715,7.4971867,1.181097,-12.288407,-7.6494985,0.1083174,10.452243,-15.721719,25.775661,-41.116417,-15.423129,-8.331267,-23.622126,42.618664,-5.563258,-2.8124213,5.6467013,10.7409,25.047523,3.797174,7.567727,4
2014-09-12,Phase_3_fin,130.68288,226.7097,54.964615,-4.1538644,-41.952526,65.57144,-117.2773,-176.34836,-62.669567,-22.600985,148.46387,-65.68525,7.1970825,-18.786247,-242.44164,-192.22049,-109.94483,-99.28388,-31.409742,69.08814,22.692606,4.8146806,-10.283069,125.08059,-158.38931,-128.65065,-22.466583,50.137794,-46.185627,-2.7425184,136.96251,-36.116127,-14.00905,-74.58158,47.63651,-38.265694,3.5005767,-5.5332317,-0.42635927,26.142117,-9.201092,1.4862175,13.289508,-4.929445,-8.133531,13.744488,-2.750412,-3.6353037,5.6002264,23.297838,-40.162228,-58.093822,3.371002,20.062117,-8.274558,26.767073,-0.14083992,-11.7781105,-40.311485,-9.703645,-21.793003,3.1064873,32.50532,-32.80944,-15.373512,22.50814,59.228416,-17.105007,-39.783703,-15.437016,4.792047,16.297327,10.06635,-18.179743,9.654069,19.212717,4.576552,-5.877722,11.80821,29.958117,-14.946955,-40.187027,-13.39091,-15.976851,25.624502,23.71988,-7.490121,-3.117433,-13.6635475,11.084875,-0.5504569,15.865074,-12.816999,-8.38546,-14.55649,9.471344,-4.733483,-16.75048,2.061302,28.641777,8.339585,-17.570728,14.236448,2.4149914,34.30978,-16.909645,40.3862,11.130355,13.731794,-17.773,22.051695,-1.6829649,-6.277653,-31.70417,10.637014,-3.3001502,-12.680983,-21.884378,-15.919895,-25.401608,21.647589,31.59262,5.4061265,-19.649511,9.939674,0.24552312,-16.084076,-20.81676,-7.567221,-16.125711,-6.865335,4.0102963,11.062649,-21.944332,1.3357699,-22.120214,14.31378,12.585805,-7.738929,13.974861,37.8159,19.275501,-19.980139,-16.365675,6.1765766,25.413662,-1.0606889,-23.747046,6.758473,-5.649399,8.636155,15.808279,6.6046724,14.635009,5.712458,-5.7644258,1.7802691,-7.736352,24.804457,-22.855259,-0.8653093,1.9263557,0.9518603,-11.225331,-27.977665,0.3278194,10.873967,11.810112,1
2021-09-18,Phase_3_fin,-188.36925,55.008797,29.390987,-38.71148,124.04291,27.935772,101.68934,21.231236,103.318794,61.2236,89.08906,-85.35191,105.614716,0.6189982,-21.438696,47.92664,-50.50317,-82.08772,-28.841019,-25.344683,49.081345,-0.09699133,-43.52855,165.805,63.683537,15.523628,-67.27717,-46.523388,11.217022,21.815313,-1.516447,44.55409,-50.002567,44.85144,38.433426,-26.82922,-27.037775,68.54209,-62.225796,-3.267669,8.496777,97.998436,14.963436,9.853817,50.033226,33.52865,104.09835,39.906506,-84.78268,-14.213719,3.9500654,63.064705,55.21404,92.598,46.106915,152.81041,24.139597,-10.1006,121.29604,31.518814,19.017881,-16.024075,-43.23046,13.264817,15.1767645,-76.51374,-89.92615,32.342175,31.798122,-50.30734,-14.87895,20.436613,0.9836333,-20.755009,44.007576,-19.169428,2.9201984,-42.825897,-14.037584,-10.9952755,31.376642,-16.674097,0.8096515,40.9281,-13.449778,1.6195014,-31.33384,-17.522102,-7.771009,16.488585,-12.260308,24.533417,7.267275,-13.377581,-5.5543594,-29.957573,-0.51959026,23.33193,13.417495,-17.147097,-4.5748863,-19.60151,-12.428201,-3.6917646,0.39806512,-3.673433,6.8287826,4.4645715,-17.829037,5.8402133,-8.95991,1.5467554,-0.2578287,5.427586,-5.012294,-3.7249632,-2.3847706,-10.269619,11.121248,7.5756025,6.00212,-12.477224,3.41359,-11.845026,-1.0360749,-12.544188,16.581123,-4.459079,3.9318185,-14.118898,6.956023,-15.614371,-1.3760061,6.7240605,-6.8950696,-1.6201049,18.107067,7.382458,-0.122748375,7.4145474,2.3094442,15.664865,-7.0536575,2.9882784,10.188661,11.234325,-10.056846,-5.401916,2.6551178,4.6380014,-2.0091321,1.8340749,6.6816206,8.683324,-8.595721,-3.6889534,-5.093297,2.7416482,-0.067491286,-0.36459047,-11.380088,1.5472268,-9.633537,-0.9548453,-2.5631478,-3.8242831,-0.33429646,-2.4390254,3
2015-09-24,Phase_3_fin,565.43414,23.322065,57.078526,282.21558,-30.559732,28.929323,9.8623085,-31.353432,-63.043797,-118.38659,-0.691843,-32.97182,-16.657948,-53.715687,-54.598274,132.54782,-42.64279,108.78719,-32.47294,7.995215,113.14606,-35.240574,-68.14462,62.012634,99.456085,-46.48147,-12.79958,-7.9951982,-15.062225,-13.973184,-153.23007,-33.290123,-2.4288342,-65.93596,35.14248,16.002695,22.791473,9.0196295,-14.409272,22.061962,-9.938384,-54.481354,-4.4851065,-31.464592,77.941376,-54.534264,6.537087,-12.090349,7.0954533,21.278482,35.872757,-16.730104,-23.864979,-4.2926188,33.955242,53.853962,-51.347885,-2.7567797,-26.193254,-45.667656,46.95115,16.089836,5.3241196,29.85483,58.76991,-24.158154,-1.977435,-29.083286,-5.589142,-20.60279,-36.34352,-11.315015,26.971159,-28.922369,-25.005415,-42.680817,18.235954,19.590431,-9.687145,-24.505503,-1.9993081,-14.25469,-12.981529,22.074848,26.12777,-9.980211,-32.030937,54.899464,4.100172,-37.506454,21.55387,-39.179558,1.2448913,12.563874,-0.46959263,56.625324,-2.629928,29.028658,-13.991361,12.970076,15.476549,-3.4205427,0.018361498,-6.0453434,-23.242584,19.062696,-24.735788,54.547924,23.566008,-2.4748147,4.498349,8.326657,14.314023,14.252438,14.282897,-31.67791,-28.613684,-10.118142,-22.814758,-2.122267,19.04324,-20.400547,-19.32802,36.76829,49.32298,3.8536372,14.094641,17.05185,25.703672,7.0268016,-5.741166,6.3341136,10.756041,18.864803,14.318923,29.960802,7.971602,-19.468134,3.8163748,30.576317,24.69144,-1.7284466,11.335721,-5.9240746,20.62076,-16.12896,-3.8166754,2.8888834,-5.999002,-2.9484546,8.571894,8.8097515,5.4158754,11.634336,-29.62175,-1.2869133,0.6683801,1.245606,-8.673731,-34.71831,-7.286939,-3.300717,3.000445,-6.129853,11.83837,28.15874,-18.251385,20.654955,0
2016-09-01,Phase_3_fin,107.28159,146.69313,292.73004,-137.14272,-13.821822,127.1878,56.356396,218.19249,59.657887,-39.339428,-217.06032,-45.801083,35.009815,-188.4815,-109.115616,-157.45956,63.38403,34.06046,-15.415611,-112.11052,18.627346,-37.131702,124.56703,35.500126,89.58324,34.707195,35.562397,89.72688,-2.38415,-61.708496,13.40067,-25.2116,51.14714,6.0238,38.6963,26.260765,-36.89831,4.1221886,26.380388,-64.90472,-3.2153423,46.91136,-54.724537,-24.100822,-37.67188,-119.45565,-66.585976,-3.116188,19.24615,-9.887903,-35.608475,19.479755,18.70984,16.787163,-69.36372,-4.030117,-40.007248,12.240295,-11.157608,-34.70968,19.354387,4.9192166,34.93409,-7.06109,1.9615316,-64.16594,4.242605,56.649155,-60.113342,2.4935155,46.65043,-46.068146,-1.9639287,26.188387,51.63823,-52.535526,-4.842553,-44.831367,42.126877,-71.85408,-12.580314,21.059128,14.249129,48.38477,-57.21405,-5.768759,45.853077,-42.33327,-20.09524,20.308548,-29.734894,-6.6876154,-75.516785,0.24543521,46.53951,20.169622,17.511106,-7.388694,-12.103504,32.785824,76.26315,-21.13882,-19.216656,23.750544,19.590738,46.87546,-3.5981607,-8.833214,20.59272,-46.636135,30.848202,9.046769,31.629147,46.134148,-23.967886,0.23272525,-22.31869,-10.277334,20.657457,-0.8528618,7.865271,11.172405,25.053375,15.586286,-33.472637,8.486545,21.793104,-10.316031,47.02259,-14.90588,36.40179,-16.137247,-26.488699,1.7398562,-27.42197,-2.6357446,6.0995717,41.65676,-12.339084,-50.11255,-19.92249,-41.77266,-10.390203,27.89596,22.84707,0.40887767,-15.566691,4.8586087,12.196105,13.1099205,7.076951,16.425026,-12.281946,21.278355,12.850924,12.673002,-38.7472,-42.296227,-5.209576,9.493087,-2.542404,46.573303,-15.70646,-17.418158,-12.135032,8.363469,5.474641,0.8873925,1
2020-10-12,Phase_3_fin,-143.47778,203.47504,93.59608,115.372284,-132.52373,-179.41917,-78.22021,19.788631,33.761818,93.00751,116.59989,54.32397,56.032963,114.49653,-12.953014,21.690271,-46.696167,39.263523,132.95543,48.78099,-55.6099,-11.167806,-49.805386,-22.635645,-39.911552,6.165861,-26.68728,3.2491224,-14.401473,-62.290894,-11.722526,-14.302906,-80.50564,75.24001,-61.637657,-100.737816,-59.606297,46.51799,62.520294,-52.58057,46.709072,-66.484,-39.021626,-21.949524,101.39726,6.931053,-8.002241,-63.167637,54.631638,42.26708,23.238117,28.84164,-7.688915,-18.676828,-49.680454,7.000683,-49.20756,20.420757,-8.875364,90.53388,-12.170855,41.83476,33.588554,9.072105,-15.421773,-9.633862,-16.494394,29.152794,-12.322362,40.474136,68.69821,-28.436476,-50.48175,-29.604229,39.00572,28.415482,9.24414,21.030746,23.790274,7.169762,10.911659,-24.4118,34.740288,4.402965,-0.26537436,13.60986,-7.123066,-27.29271,-7.936239,-14.736782,-9.60877,-23.031479,-5.8321986,-6.6038146,17.038227,28.548119,24.998411,66.36793,36.4908,2.679509,-1.2650706,4.875644,19.702627,14.286759,-52.037476,-10.327155,33.137703,2.6389008,-18.751102,0.96358067,4.4598956,-11.700706,-1.2744043,44.237648,2.7511358,0.073185064,4.852699,23.255835,-24.523045,-18.876228,0.22726159,0.273942,-7.710929,7.9416156,9.943062,7.075785,-16.036674,28.842985,-11.839411,-16.0918,-30.633064,-2.2190022,42.22878,-8.468742,-12.041589,-12.167723,-34.12362,-4.366897,22.75687,-21.491652,5.003829,-39.379116,-28.363932,-6.846964,49.77364,23.180859,6.949758,-17.407988,18.459574,14.824724,11.603118,22.28858,29.926607,-46.169907,-43.87409,-37.54216,0.6319547,20.701221,-16.264542,-18.278824,3.9086676,7.1539106,-14.49411,-9.6930895,39.680595,11.222886,-31.986956,-10.89187,3
2020-09-11,Phase_3_fin,-90.860825,219.69588,151.57176,5.670428,-99.19536,-127.13555,-119.30549,125.88723,40.80838,48.047287,180.13315,21.115824,68.97187,-128.08965,-76.522514,54.349747,-69.55692,50.344078,17.457127,-4.196385,-83.284424,1.1126883,-0.7881289,-87.56245,-32.811718,152.41803,44.467365,-46.131157,55.710155,47.001392,-35.16254,48.94555,-12.041359,-50.935863,-11.801205,63.558666,90.65057,-48.03759,-50.555397,-8.415161,-5.601625,-19.631945,0.7315947,42.532516,-55.84298,-42.57121,-67.69331,48.147114,-9.354188,-27.948036,2.487679,-29.308884,12.342672,16.532713,21.171352,6.770809,50.422493,-11.460696,-26.666124,-34.41039,9.613837,-4.9046693,-14.817122,15.671347,-10.5211525,10.432941,17.019869,8.481585,14.313044,-13.671693,-37.888268,0.39978436,17.034937,35.454094,-1.4073576,-13.230849,-0.13704787,-22.219723,-9.01385,-15.024043,-22.286798,2.2088268,11.926065,-8.587464,-12.1449585,-1.9307259,-9.593167,15.479434,18.884434,13.042066,-5.8128405,-5.610792,-18.605814,12.340513,11.459283,12.144042,-8.396615,-12.538992,-14.503475,-11.894775,-4.387859,15.8356695,-3.791072,16.191872,-6.226566,-16.64988,2.806776,-6.296094,21.122839,24.04635,5.3758707,0.053545177,0.14242908,6.563935,-8.659037,-2.772208,0.3164319,1.9111359,15.873772,-20.301298,31.932356,-0.9863772,-8.925393,16.05019,-8.097146,-0.9161309,10.342012,3.6227956,-18.246113,1.7919351,0.33127257,18.847971,46.742405,-11.817876,-5.6275325,-19.37628,-3.996698,1.25851,9.371269,-17.904295,12.807132,-8.204996,-22.04918,21.41367,13.089933,37.976475,-2.3665717,3.8748074,6.1042085,-15.657872,21.170074,0.60680455,5.533222,4.3018894,-31.598703,20.023535,-12.53563,10.037491,16.6241,-1.8350793,-6.9079957,-0.9908318,-14.574064,31.612078,-10.511173,15.886921,18.33286,-15.731766,3
2018-10-20,Phase_3_fin,149.72066,164.24634,-81.33627,-74.758736,-17.434546,-13.26492,129.41365,-42.988705,-70.7298,79.35859,-167.05222,12.640405,155.78378,-44.06097,57.492832,104.79972,73.46324,3.627662,119.84397,-28.489933,-118.07538,-60.157295,-6.233647,9.167837,-81.89343,-17.469517,-73.51681,70.58011,22.307764,140.87106,33.399837,-1.1802061,52.902367,-66.18887,15.6429205,-24.46765,3.552979,33.765205,-18.39096,18.73227,1.4269242,28.418837,-15.152332,2.3412018,6.417569,-2.8881724,-32.293865,-80.416725,69.3013,-0.8079479,-5.4943914,-74.82289,-7.7399797,62.517544,65.45459,8.85088,9.852168,-5.2491064,24.892687,-0.45171142,-80.45382,-31.491652,42.993404,26.286768,-1.8630469,-26.474089,-9.692624,-76.32972,-27.25791,35.666214,21.012205,-6.636666,13.960881,-2.7759452,72.53723,-20.592287,27.532179,24.103579,-20.773323,-15.273373,-12.282929,44.809624,45.90587,-7.0550976,19.552116,-41.132896,51.984756,5.652035,-47.606606,-50.401665,7.068515,46.80539,18.762865,-13.217744,24.798384,-14.727091,-14.777335,-44.567856,-0.22320896,-14.136569,-27.477835,69.6113,37.758595,23.57123,-21.843773,-9.893725,63.22767,18.353607,-38.010666,-36.13059,55.189323,77.70247,-10.612109,-26.01171,-13.669265,-16.897465,72.463486,-18.430574,30.966715,32.44212,23.876905,4.271034,47.476143,-5.9110136,-32.045067,-42.41702,14.552132,27.221996,-16.53366,-0.48623785,-55.21329,0.33332756,54.302197,-9.216396,-13.692795,39.80623,14.789396,-17.003962,-9.372457,-6.0489135,5.289122,4.989465,-11.924109,-0.09874046,-18.008125,-68.40018,4.815762,-50.244675,0.52795017,13.679988,14.932056,-27.698355,-6.1157436,-20.040432,24.649502,9.910364,25.066954,-7.50539,15.177948,-24.478462,24.506464,5.6318107,-49.78102,2.1466858,-9.844418,9.161689,2.8188257,13.680777,1
2020-10-05,Phase_3_fin,-105.18488,269.3404,125.43256,71.85404,-134.27513,-205.61313,-129.54465,20.741385,73.55344,96.94615,176.77489,29.901701,44.143604,61.184963,-10.105134,38.874096,-61.347557,84.44562,94.56706,26.993172,-55.64984,-4.8178434,-72.248604,-66.41378,-8.270692,34.193333,-22.646463,17.700495,11.604219,-66.5302,13.049436,-28.75911,-73.055984,84.056496,-44.618958,-102.17372,-42.667812,53.18721,76.851105,-58.267094,10.494102,-35.297073,-31.946928,-17.493528,116.39806,47.414326,8.999387,-46.548096,28.55703,32.155914,7.9862885,67.7425,-20.494665,-23.269318,-45.796997,-25.099102,-73.83065,29.00575,3.8587594,33.279095,-12.060633,1.055011,-12.522954,-21.726904,-12.635421,-12.740974,-9.159913,-0.41891116,-38.1534,13.105587,24.33699,-12.67592,-36.633537,-19.522058,37.419613,-1.1266747,-17.337727,19.683796,-7.913721,10.535462,9.626713,-12.378589,5.303885,2.0876667,8.418267,3.2234287,10.652961,-14.700403,-38.582615,8.160558,8.557103,3.7750893,-7.839623,6.6843224,10.623023,-14.756594,5.000132,-1.1382854,24.102114,24.369144,-8.324488,-7.501108,7.082279,5.2894974,1.7881448,2.4857213,4.9482417,20.085592,3.3725967,-8.184539,15.546786,5.651096,-0.5520808,-2.6938956,-1.6662066,11.1778145,-8.280271,25.273937,-2.992694,15.282769,-5.814138,4.2820115,0.99298126,17.55219,10.461952,9.984202,4.327859,1.1084534,15.334376,4.222108,10.254098,-2.6833076,-32.16748,20.83816,3.858838,12.522977,20.570154,6.576519,-2.451369,7.5086193,-15.990787,-2.9235222,0.34947798,-5.427713,-22.681356,-1.8376755,13.01123,3.3500445,0.17346033,-2.0218256,-10.41344,-0.5267247,-16.287674,24.794165,24.333818,19.438105,8.8113985,-9.745896,17.994251,-0.6125661,-5.2068534,-4.6679688,4.3148227,11.211014,-23.948786,-12.580028,18.11811,9.354812,3
2015-10-25,Phase_3_fin,548.0797,-77.13548,163.8078,323.75922,-116.40136,-30.997797,98.37161,-136.1219,-155.84003,23.275036,-38.962517,-35.149254,7.3068304,-22.317951,85.79566,-18.923016,31.714867,194.12856,6.967125,-39.220623,4.2069573,7.616131,47.184746,56.380756,40.69485,44.138702,36.741,12.615498,28.31241,60.024403,70.408966,24.738924,26.217855,47.53738,-28.46773,14.98888,-20.205004,-16.040905,32.70628,-49.876102,74.773834,25.798635,6.634653,13.451325,-42.85697,61.8837,-5.0492573,4.4027085,-39.181335,-81.70764,-71.570465,17.278893,22.517769,-30.284618,-12.255131,12.721061,67.99563,53.64048,42.42601,-25.064915,-24.162178,21.642138,8.813997,-39.569485,-50.482155,-8.452732,-0.642084,10.3728,46.3614,79.11209,64.812904,-39.97152,7.2608867,-18.191883,-3.2037096,12.713438,27.863197,-38.666954,-49.281033,-16.064192,-24.32243,-24.15743,-2.6964462,13.59872,0.82358545,8.938588,26.346949,-1.1943887,14.797844,-46.08402,-34.907234,-13.247905,-35.885925,26.864132,-41.932594,10.26786,32.31479,-40.607056,6.318486,-9.9411955,-1.445036,-14.900125,12.066101,-55.643337,-12.309,5.6686893,38.26838,-29.396156,13.85042,-22.546686,-40.255722,42.055626,47.3129,25.384157,56.71688,1.9861535,-4.7097225,-7.9318833,18.562155,-33.335804,-29.477379,30.110518,-34.16383,-43.14336,1.1762129,17.507341,37.880524,-25.032944,-23.724634,-4.0395746,-14.347265,21.195112,8.358704,-1.2742469,4.8374,8.290584,-12.440478,12.59207,20.979643,-6.605396,-9.665098,-9.381345,15.12161,16.88534,-1.6802151,2.7231529,-5.7347126,-10.964696,-6.4064107,-7.70471,16.596087,4.8957376,11.478332,1.1788299,12.057384,-6.0175962,5.040358,-11.684996,22.796535,-2.409431,-11.627597,26.713917,-1.2047116,-16.407825,-3.180122,-12.928081,4.419061,13.845126,0
2012-09-19,Phase_3_fin,52.924088,-331.72464,-289.6035,-18.3453,-126.48654,14.294596,34.629818,20.256952,235.79353,-32.278378,80.098,36.64327,63.63054,-191.98697,-72.24753,-51.72287,-87.70736,58.59524,36.74497,-22.510134,91.36828,-39.161304,-2.3569593,-60.54242,2.3368871,-48.691326,-25.80669,-1.9096318,-9.030456,-21.41734,-11.134148,60.031437,3.9335334,39.325035,-16.417097,9.784384,-4.753957,56.843998,-15.603508,3.0342953,-37.482815,35.35475,-50.466312,-40.52087,-37.651627,-17.908861,-42.996166,-19.177387,8.914611,-42.92337,14.827305,-48.673267,18.503225,-6.149049,-36.24907,-28.067709,-11.206974,52.444275,-28.884926,-5.7054367,-68.419624,-31.199093,-34.742916,-6.139612,57.545013,21.075577,-13.96637,12.540075,29.756895,34.459663,-63.524647,-4.16759,18.572807,4.991097,10.8393545,25.29035,43.445396,-73.591225,-26.959932,21.380836,39.24522,-2.4512658,13.546665,15.506315,-0.18987371,50.934982,-18.441061,-14.153144,-6.1834893,11.155052,22.082306,-15.059727,-24.363955,8.737419,-13.715135,5.286017,24.469824,18.637995,23.730362,-10.140755,-16.659918,0.7285548,29.509983,-37.76429,3.4115572,4.0275636,-41.17452,-20.185307,16.48013,-13.148616,-16.96142,-13.855823,-23.385313,-27.65838,22.622475,-59.333748,-19.227741,17.649162,-27.364182,21.574389,-32.381516,-8.4932575,-16.882109,28.693972,-40.149845,-2.229796,-28.608242,43.236095,34.7582,-62.77626,-31.24961,-11.471873,-8.111779,26.947577,7.6421013,-7.841774,0.5285482,5.251647,16.62026,-10.298578,4.970627,-8.910895,-31.837397,-28.441212,-15.191602,15.873687,2.6271353,-21.094862,-32.0839,6.6188126,-12.541353,-13.186847,-0.77906525,-33.74503,6.6709847,9.685007,-21.008867,27.423594,3.3382156,-2.570204,-20.163317,3.5597017,11.084034,1.1527358,13.570702,22.219818,30.12365,20.49109,1
1986-09-15,Phase_3_fin,119.031944,38.80362,-230.47845,-11.460667,155.34172,162.6765,-167.94136,94.95678,-100.435745,55.95186,22.508434,37.942646,109.16368,109.46887,-105.10547,8.665227,-14.431661,201.60379,92.048096,67.426765,-7.5739994,-5.778306,4.928845,-43.995464,-28.477293,27.94971,-28.84153,-93.32155,-30.423664,-46.516262,81.107376,16.101902,31.864252,32.58539,66.07606,-1.1110828,-10.672966,-17.07171,-42.02375,-15.182402,-50.021633,20.128119,-0.018993849,-18.48018,-65.28916,-1.6313822,50.32367,-0.18983263,-95.73843,30.769346,-41.551056,7.0170245,-39.547928,-1.4914402,5.516109,-26.431309,-12.260368,-28.512033,-35.11682,-47.47659,32.661293,-47.36509,-12.498763,21.96457,13.712801,-57.17856,21.341888,77.19819,-72.98648,6.8729215,-28.502552,-81.49299,9.579157,-28.909698,12.631874,11.202167,-29.033245,28.146437,-17.561544,7.9892397,-76.82093,75.191475,-14.800306,17.720612,13.350595,-52.264732,-21.83285,42.02254,-9.440341,-15.335417,30.81271,17.877724,-0.86141956,-3.2491026,-12.387388,-13.695783,-30.71163,13.098796,27.21512,-22.354876,6.5214324,-4.32677,-14.81483,-11.802557,26.063175,24.122843,16.788239,-17.765648,-1.571576,-67.01858,2.47906,-14.827755,19.625574,4.218506,-3.7563238,35.511875,-12.629206,51.233814,20.8733,2.2651532,56.23958,18.29478,51.21306,-10.320735,9.20477,21.2392,-8.707386,8.953303,11.3941555,-37.647522,13.170881,20.557169,-35.472195,7.597266,35.852146,12.784633,-25.406548,-18.976997,35.237934,15.873783,19.474585,-4.691915,-21.017609,-6.563112,-3.7083879,-3.7339005,-0.48874956,-32.610878,15.248333,-8.909662,-26.891283,30.750141,-11.758127,10.977211,-14.982416,-9.791358,-7.4427915,43.53981,12.925521,1.166355,-20.174875,1.0341022,-18.286852,-52.814934,-2.2251153,68.71865,-19.05678,-3.7885623,1
1987-09-25,Phase_3_fin,345.893,-233.22746,124.455475,181.03287,98.94646,-84.62253,124.76859,78.35809,-14.111508,37.05099,66.42973,148.26161,67.90764,-39.752655,-125.12647,-10.584634,65.71584,-122.34807,-51.86543,-17.219313,-38.550568,-31.22771,27.125204,-69.872154,-37.181988,-3.1750317,118.86327,-77.16535,24.505032,30.253231,30.09242,-70.52089,-83.84636,-78.11229,81.54096,-68.766266,-26.649872,55.21818,37.49109,-15.42611,-19.841974,66.40628,29.654156,61.007977,6.9463983,-5.31352,12.429024,56.47083,-43.432583,31.24381,74.48576,21.170538,32.796566,-69.505135,14.903499,-44.612118,-33.79988,-0.6843444,23.928885,30.182137,-38.365345,-43.893787,31.455345,-8.680504,36.3927,3.078135,-6.6258383,36.72014,29.517717,-42.059425,55.73897,-12.5958,10.580615,-7.41819,-5.3042917,1.7021009,35.826523,8.446714,-15.396649,26.02276,-8.143877,26.319374,-6.5395727,-70.53656,-66.80271,-16.745184,-42.49437,-13.009693,1.1370701,-35.461346,37.626194,10.218184,-24.523838,25.760433,51.643646,36.871178,-15.880088,-15.842393,-7.0833983,3.749273,-26.665352,22.097311,-11.665962,82.89523,25.737286,-44.04444,7.3132043,6.888568,-30.14753,-9.367586,-40.934216,49.888065,-8.977252,18.074848,1.5199056,30.451742,25.623554,-11.430444,10.821122,-11.5871935,9.485994,0.8004471,-11.154789,13.249202,-0.7903585,45.870205,2.9490602,-25.191078,52.11357,6.8793416,20.71945,30.88799,14.964506,23.467909,-8.815424,-9.99515,-20.665268,4.9443903,19.83687,17.73856,-1.8381718,4.745332,-21.406141,-46.832916,-7.8489246,-6.6827126,-4.413557,-35.059383,1.016278,-17.879436,-13.712037,-20.204153,-0.62979025,-30.488132,14.736747,-2.4298732,11.1707,9.822049,-23.586855,-12.0316925,-22.394596,-25.919762,-37.210854,4.713552,13.539645,-23.079163,9.97433,3.852418,0
2000-10-15,Phase_3_fin,-223.70341,33.962814,-4.014201,69.14678,-193.32837,60.31178,65.53748,95.12035,-74.20977,121.588684,-79.62767,37.08881,-243.89932,-35.210857,27.409874,123.07476,-118.2351,-13.381137,157.65074,1.7265162,41.406113,111.71332,-26.405037,4.9221354,47.089622,-23.36725,4.205805,-40.53014,-118.5232,54.911148,80.14828,85.671074,-42.31542,-1.0637115,160.57889,112.259254,-147.65303,77.47775,16.84327,24.864164,-40.377888,-56.264587,43.607452,23.484354,20.613798,7.3706393,-48.771667,100.49119,25.01969,12.091779,-63.443317,-0.6745927,-12.67845,4.095434,24.980558,-22.156248,-16.9464,13.342627,16.428108,-18.765913,5.9224954,10.529354,13.536191,-13.968868,-24.200268,-30.188705,17.830069,22.47522,3.2355235,25.529501,-19.664082,44.464756,-10.839965,21.252092,6.8370323,-10.605562,7.6364675,-7.636232,-12.5777445,-1.6581327,45.59995,1.0557867,-4.3021116,-1.3339033,14.206101,-9.3545065,15.075854,3.2334669,12.788689,-0.5840875,5.553319,-3.5881631,6.885445,-2.6383312,18.20385,0.85848707,-6.522855,-1.2015231,-5.346148,8.006829,3.5465174,-22.565567,5.9112215,23.067543,-1.6606015,5.955841,0.06608129,-2.3265154,-8.719062,-5.6847625,16.584087,15.15869,-4.0289593,5.7285275,4.918177,17.76328,12.614732,-14.250212,10.188053,-11.156596,0.8215515,-6.2042723,-18.893509,-14.11508,-3.8462615,20.29879,11.378845,24.544415,-8.397968,1.8743316,18.7355,5.5245275,-10.900368,12.931499,7.8076982,-3.252442,-8.289376,12.875891,-0.27627102,-32.697308,-6.198888,-12.330152,-4.3912253,-22.717999,5.726097,-4.352407,0.33124864,-6.009396,26.784328,14.875835,19.015026,-13.291867,-7.2136006,-3.344373,-11.540707,6.178264,-1.6371971,3.0051363,21.577942,21.232954,25.109072,-13.390107,4.7604213,13.044464,-45.41741,-1.9143282,20.507751,-3.2646818,3
1996-10-26,Phase_3_fin,-90.37087,84.552574,28.021915,-29.846132,55.570957,75.71486,-119.300865,-187.99367,222.62727,-149.52457,-99.80363,-100.37954,-22.735306,37.007175,-47.07651,-62.168163,-48.602535,34.705093,11.129536,-82.28136,-86.751434,70.16037,81.249374,0.7654027,-22.26709,86.23905,-48.6817,23.960665,62.47863,-6.9346757,-185.3676,72.869896,-59.288147,-29.66341,48.98758,7.980354,-8.069852,18.965057,17.873947,-6.97984,-81.32346,-15.420983,-37.0232,28.030296,-29.040688,-29.48325,35.886967,16.670843,-41.098328,-0.053641085,1.9929179,-69.522934,-6.8567147,-48.532913,-79.98757,-29.06106,-1.5176148,-30.459734,68.86189,30.89573,-15.252836,-42.625908,-36.983517,-8.549528,8.977948,40.929096,-8.063735,42.59364,-30.14146,46.06069,53.122276,53.77715,28.048668,-18.888071,58.52147,3.396728,66.263596,14.914049,-23.64623,-33.17775,83.897484,-27.972937,-64.51255,-48.946213,79.76136,-24.76013,14.05916,13.025384,97.61403,-50.99805,-35.829124,28.110922,29.189817,24.130062,-2.451608,-64.0094,-4.1497,-85.880615,29.047949,12.58464,-12.772975,-63.74547,-46.786934,6.357307,-24.435043,86.58663,43.613354,11.900603,36.845963,30.755013,-18.843212,-19.56347,-37.703247,6.7687354,22.212673,28.952843,-40.764656,17.4865,-17.132717,-29.422474,-16.790884,37.413685,-14.864825,-11.490603,-15.507798,-37.07945,-25.588575,67.37337,46.642216,13.291959,-26.968445,30.785435,-8.12262,-15.795371,-21.951532,45.59503,-11.973534,-6.104008,28.637209,-0.9127141,30.831514,-5.2950635,10.013718,19.669779,-15.507959,-11.765281,-0.15138641,3.6007388,-37.13909,8.147233,-4.3241453,9.558603,23.052744,11.28441,21.47387,-19.309027,18.046146,-25.532078,-37.869205,-6.5521665,-10.3754,-65.2238,-10.194857,14.19915,-12.006476,7.147463,3.8211737,-8.643388,3
2016-09-30,Phase_3_fin,-33.104008,109.202225,246.50583,-225.76674,67.52907,60.45624,114.42253,244.6686,46.187485,-89.69753,-217.06227,-51.059174,56.877285,-107.89529,-179.40146,-58.34842,-28.976044,8.2644615,-15.906543,-160.68745,-43.493713,14.609789,63.121914,51.134468,107.80709,-92.58419,90.42565,58.261604,-57.022793,-44.06747,-4.424846,-42.065186,27.822342,37.081375,-87.12114,2.43314,-69.87131,-41.144154,21.143538,-69.88992,72.39427,47.316,38.074272,21.278887,16.940226,-22.537426,-45.7899,22.205286,70.69415,15.769852,-3.884523,57.37831,-12.923935,-10.368488,7.7427,3.3849037,-36.64679,-10.294199,-13.101035,35.9217,-30.50179,0.55791837,14.981653,4.890483,10.680966,-30.168768,-27.034008,-35.24122,3.9872015,-23.887226,-29.539494,28.975962,-45.226128,3.6370277,-27.21108,43.721146,-71.692726,33.510468,-7.537238,39.864655,-14.5590725,21.194164,-45.46934,-34.011898,57.835514,-50.73394,-12.917516,34.83682,10.919407,-71.57627,28.325743,26.114613,80.42699,-14.381067,-20.689411,-37.45559,-3.2203977,8.113758,-12.740205,-13.91955,-112.0145,13.077212,-16.07892,-41.62885,-5.218152,-23.148369,9.325828,25.341839,19.281988,35.556526,-5.895704,-1.5663736,13.20071,-44.193398,14.911553,-27.554522,22.637844,3.5838685,-46.30835,-0.7639696,4.689477,3.850662,-20.220697,-19.811005,20.692297,38.433395,-38.333065,-11.1779375,-29.352972,11.003408,-11.448481,33.35491,3.943441,5.6685157,45.722458,-1.0601156,-5.3945894,-1.2642561,17.127975,3.8338013,11.408722,-2.534821,7.1333566,-23.797817,0.98481137,26.05875,9.816015,-12.280766,2.459864,9.026,-0.2474023,-4.416151,20.395409,-9.597959,8.19207,4.632583,-1.3886797,19.691376,25.899889,8.551266,3.609053,-4.760883,-4.4570155,2.0650768,3.2650163,-4.5954237,-4.3980527,-0.633306,1
2022-09-04,Phase_3_fin,-321.19897,117.31925,22.096724,153.46745,45.235455,335.63583,-22.50603,91.35254,100.87267,-29.664253,72.29634,89.82928,40.278576,26.034792,153.72917,-23.289587,-16.505228,51.84194,-72.24857,11.547709,-45.931572,-20.667282,-37.58261,-11.225331,-25.275862,-19.62451,63.253998,8.16311,-42.504738,-24.428352,15.201429,-75.127914,39.531746,-71.73577,40.172825,75.961,-31.909227,26.8744,-6.3869405,-5.8983345,1.4185665,3.3422484,7.2736406,32.891186,5.6300235,-55.689766,-14.157563,7.783178,-3.735574,-17.61994,-0.8941315,27.567812,-3.8884938,-10.176968,-22.473389,3.78705,-54.571552,56.789776,74.92346,-38.27137,92.041275,79.76023,15.177082,30.553629,-32.51734,151.07932,-51.912262,11.934857,4.503555,-14.948507,11.586648,-78.81543,-18.932467,-88.762955,-66.987755,12.325488,71.19316,37.45178,-12.084469,-57.326614,-5.8754134,-24.150326,-43.394497,-2.3363137,1.164363,0.25918382,5.768736,-87.28672,22.816858,23.275494,22.408434,17.580318,18.95646,36.647995,-35.752495,-13.346338,-29.756115,-36.81167,18.606915,-18.58799,7.777872,96.35972,14.681473,12.754151,45.597343,4.128713,-9.719014,11.83022,-13.9108095,45.688248,23.426086,9.771122,-7.9323983,-18.443287,3.339102,7.547244,6.530971,26.96445,-24.634712,-2.9026487,-9.438427,-5.72325,9.679935,-25.438313,-10.795786,-13.75956,-1.0710639,33.661522,-15.02928,-15.3521805,-2.617219,12.84221,-2.9972818,-6.8942804,12.426739,-0.21605869,2.3872383,15.800409,1.3283595,13.785753,-2.4616985,19.480549,0.91540825,-6.5913467,-9.3899355,-6.517511,-17.830662,-7.4481354,-16.076994,21.083794,-5.9302716,-14.09309,7.2190595,2.1372108,-2.8158414,-5.277977,-0.44793463,0.6803409,3.1504567,-14.111962,-8.880558,17.795095,4.2533827,-9.841876,-1.9381007,-5.279791,-1.6413431,-5.79675,3
1992-09-11,Phase_3_fin,67.844376,192.21262,-241.42223,143.24394,-72.31978,-146.54376,21.498152,160.21849,150.54573,-215.639,-46.987602,-85.301735,-8.603955,55.10124,-62.584427,66.73974,-60.744087,-8.609049,-93.87138,-69.1989,-78.334404,92.42608,-98.856346,46.389503,72.27998,-40.303387,109.8308,-29.511784,102.007515,65.89164,132.87076,-39.174114,19.607985,186.97935,35.064503,-32.62479,-25.921452,-21.197811,60.794506,103.38884,83.44439,24.120762,-49.455624,-88.452934,1.0446967,-41.209488,-26.94778,-3.7664943,-42.27605,67.2226,12.159765,-117.07915,29.019737,-11.161484,62.494694,18.061546,14.419277,12.294379,6.568876,-8.017329,-24.786716,15.07717,9.363603,16.886396,31.312742,54.376617,-0.71633536,-5.238437,54.835945,4.259609,66.01644,-5.8819556,-4.6213474,-4.3501596,-25.747002,-6.2177167,-19.269934,-8.348992,32.44796,37.8442,-21.287354,-9.883398,-26.159325,39.72893,28.187328,-3.6779742,-28.873156,7.456013,-22.463423,-5.611572,27.41052,25.61049,-2.675272,-8.312548,-17.938047,7.7933974,17.394438,4.7917256,19.685064,-13.888546,16.186258,2.5972543,3.873297,-16.216572,-1.5970182,8.962576,13.295107,-43.130795,-31.389484,19.905293,-2.1393118,-33.6479,-2.4949865,75.97846,-15.961654,20.696539,-1.6596221,-24.062979,-3.7010431,32.0177,6.153878,3.5894225,1.080323,-31.364931,-21.137424,-25.035511,-12.595488,31.226812,-17.906874,23.302542,13.832799,22.776371,-12.791462,-23.519733,-6.0203633,-0.32113403,-29.623474,27.109411,-37.392265,27.44646,0.5176823,-12.323053,14.396519,-22.083593,41.26388,9.346153,-16.767185,8.25944,-11.736698,-6.308911,-41.5487,-8.495866,21.71452,-6.6129527,-21.61626,7.9496226,0.7975118,-0.5363286,-10.460841,-15.2663,18.708408,11.641704,-16.20351,34.02107,4.2449236,-14.648667,-50.594707,24.163746,1
2015-10-31,Phase_3_fin,563.1775,-43.948605,177.20343,276.4919,-99.971306,-62.002625,99.46421,-114.10168,-92.38622,-9.882928,-68.8027,-78.33769,1.437716,-50.110554,64.15565,-46.691425,21.776821,194.99893,-16.562328,-93.864395,10.797938,18.460669,35.67425,37.28361,28.870085,15.401168,19.228275,7.4231176,25.029442,76.895805,79.668015,7.578187,18.131905,53.806843,-23.546282,42.655987,-2.0090125,-30.74126,45.15686,-1.7906274,41.18947,46.299793,36.62293,15.681722,8.555269,66.5881,-12.622201,-16.826426,-68.95027,-79.975235,-52.79046,44.47109,17.908165,-53.684994,16.758257,12.291366,43.530178,25.870453,39.074356,6.8838043,-19.256115,-12.305437,5.601413,-37.934097,-46.56206,-19.394302,19.154009,17.713211,15.9823475,59.900333,22.971838,-10.581378,21.940094,6.311505,-13.689306,3.7740629,37.339996,-28.694002,-39.9733,-27.250238,-28.384493,2.4038074,-12.488065,8.866186,-14.858188,6.959993,15.868098,12.471132,26.430656,-62.71698,-39.977287,6.0506616,-51.824875,47.204338,-36.51965,10.562121,52.727947,-44.12015,13.634154,-28.030228,12.698476,-10.43466,31.492281,-37.994236,14.480056,-29.452433,31.583887,16.128096,28.25415,-20.162136,-17.24324,38.554142,74.211235,33.97188,33.30408,-21.89717,-8.610693,22.666014,42.407185,-55.652138,-27.83474,23.01228,-24.659222,-25.875813,40.36734,-4.2929296,14.746919,-31.802172,-17.402658,-19.425255,-22.554451,14.06214,15.711925,-20.518766,-1.4364665,14.990767,-2.1590922,34.985733,45.510273,-16.196072,-40.499104,-27.173176,13.353765,15.692123,3.0506089,-21.93859,-21.173828,-78.244484,26.145933,3.9866002,48.491116,19.433058,21.215769,-12.634189,5.0322857,-15.267689,35.9309,-79.50313,31.837753,27.518648,-10.049481,21.090786,-3.3663826,10.893683,-16.250465,25.895351,-19.457464,28.150677,0
1990-10-20,Phase_3_fin,-33.732788,105.39083,-94.78558,-52.29667,100.88135,-122.81102,62.0061,7.637246,-33.70876,-86.024055,86.67364,359.4669,80.17085,1.7559243,69.42142,13.544344,-14.753337,-27.091515,-31.606356,-50.2176,8.222725,34.406334,-88.109634,150.82088,111.27539,109.05478,-156.42468,196.76834,-31.099884,10.812783,-34.186836,-49.93402,-117.14452,-72.79507,-34.093346,136.8277,-24.342506,-48.365456,79.54543,0.67817456,16.623844,-57.565308,-52.12719,-24.242336,-67.421104,-41.241333,18.458483,-22.955105,-76.71173,35.144253,-51.01097,29.294424,-44.293633,-2.1369066,-40.9423,-35.33302,-41.033627,5.864586,-2.2050216,-14.160926,-25.31677,12.378202,-2.458674,-29.738087,21.698238,-31.868032,29.526764,-30.597631,17.070133,-48.54087,6.7327075,-2.8069139,12.774091,7.0623064,52.521645,17.758528,26.944115,-19.618256,-17.67766,25.521252,-20.757236,25.381447,-18.19636,-29.568247,-12.371575,5.246568,-24.146074,-32.17592,-24.67967,-23.571661,-15.793229,11.325824,13.113297,-35.51943,-19.942242,20.795914,-7.0111556,1.5571253,7.3647923,-22.554302,19.5833,-27.110647,3.7448514,-5.5590496,-11.07504,-9.241375,1.632926,-4.306555,-16.966116,18.550787,-18.412737,1.6761262,-2.0657585,-17.82509,0.08500939,7.364432,2.8367078,-13.697651,-20.61335,14.408376,-4.29826,16.107447,-14.509163,-9.604417,16.223635,-0.77090806,-10.804452,4.5514965,-16.483135,-6.0306573,8.428648,-9.219262,7.450299,4.184156,-6.280656,19.496529,-29.02857,38.984646,1.033896,3.820297,-1.4576063,11.793328,15.46441,5.9915586,22.11084,-43.882126,4.988908,-3.0983713,26.667206,8.926411,-43.97089,2.7975311,-8.514945,-13.4076,-6.286453,0.19371295,13.698664,-12.777296,-2.6778529,13.880667,-0.5023682,26.508453,7.5718236,20.330528,4.3402214,4.48913,19.802183,22.314878,1
2012-09-23,Phase_3_fin,35.888344,-335.1659,-280.7201,-59.07283,-119.24541,-42.456356,82.91308,8.466273,251.01665,-39.492107,89.76007,57.45886,66.871506,-177.14934,-90.39543,-79.71156,-72.736,89.11946,65.817314,24.372438,37.419903,-36.551426,4.7456126,-64.277115,31.62905,-83.03468,-40.722218,35.564358,-28.011868,-3.9049547,12.798919,30.706787,17.138687,7.95527,-13.772865,-11.230626,-22.341675,76.756485,-25.485106,2.396128,-8.575625,29.124002,-26.029808,-27.226677,-19.057268,1.7966455,5.8547983,-20.791288,14.846966,-27.64671,-22.721718,-23.91031,-28.126385,-18.23996,4.5901823,-9.650935,5.8257065,36.059902,-30.94053,-42.69933,0.8637306,-17.109127,3.5412397,39.82181,12.119355,32.83175,-22.058397,-7.3311715,59.620255,16.269772,-16.580978,1.7705585,-13.854792,-19.313902,32.736763,27.727676,22.273848,-27.118753,17.580828,33.43233,-0.15944909,2.9867458,-4.5905137,17.851671,-26.828579,2.9926803,-2.8232872,8.462784,2.836092,4.744077,-3.2553136,7.3953295,-1.9171821,-14.987747,-8.859227,28.382204,-8.824203,-10.668553,-10.395152,-2.6120486,-33.770416,10.263305,24.08085,-2.7182457,25.566433,-34.14135,17.035603,2.8479133,2.6329873,0.7798977,11.310905,12.528543,-29.206867,2.473756,-10.503629,-22.19643,17.707268,-11.83537,-18.608385,6.804542,-4.3924217,-15.16312,-4.0683975,15.9934025,4.722928,-6.56515,16.564434,-25.36185,15.244135,-43.417805,-11.35341,19.752409,-19.119736,-8.42651,-0.7998385,4.605637,-16.146437,-0.5868571,1.9587442,4.08566,-11.770616,-18.796944,-7.038979,29.313372,13.299882,-4.7005906,38.095623,0.45983967,17.685616,18.60038,20.719442,5.2276726,11.978063,46.82022,3.5114086,10.20227,10.909693,-15.244997,2.4777706,17.634588,14.63461,-23.64845,-1.7329973,-22.86737,-3.123518,-10.145305,-22.312695,-15.108926,1
2023-09-18,Phase_3_fin,343.2362,-254.22745,38.745552,-163.55301,119.43238,170.55649,-89.809456,91.05192,27.72414,3.4185035,169.37987,180.66821,-117.58661,74.69082,-16.266003,134.29892,54.044178,-71.686615,-17.82248,-62.47978,-23.497131,141.18163,14.698741,41.26869,-81.72345,44.179836,38.107956,77.78261,16.482735,-33.718212,-38.516518,45.452114,97.13971,93.58721,-43.655895,-17.0029,-87.98698,-55.66162,9.384251,-0.34979284,-51.958008,-23.576015,7.820512,-9.161718,-0.0833766,28.918684,-8.06959,-49.01915,0.2620362,-40.398552,-13.753673,-41.322987,15.144926,70.98405,36.131775,44.002506,-38.551094,-26.664585,-9.412592,-12.888359,-2.8295784,13.367114,-3.4655504,-5.9610395,-2.738596,-14.919997,-20.255213,-0.7770105,51.11428,62.634384,20.884974,-51.352985,-30.376091,20.00086,1.2557917,10.571668,41.758106,55.405804,6.488144,1.7542527,20.45913,45.47217,43.618156,-61.34431,27.019512,-1.130675,-17.214298,59.368385,2.863304,36.26926,-5.874695,-0.5927341,18.19102,-5.076873,-16.760485,-34.05709,-16.909798,-36.44075,-5.25533,-5.495449,12.250989,-3.399334,-4.920936,12.405476,30.685566,-28.570015,-9.77392,36.638515,34.73781,-4.91737,25.530127,29.39743,18.36558,8.450556,-4.641241,-14.849163,20.611828,23.336477,0.08614516,8.495342,17.59279,18.209112,-30.09991,13.916281,-46.15796,-7.733012,-4.661957,-27.685839,16.708565,23.822224,27.49392,-36.017483,-36.07955,14.757754,-8.949274,1.2907126,7.4138722,-0.25904283,-2.8758621,41.8816,13.931218,-23.977512,-10.492033,-20.210802,-30.606665,2.000117,-10.948636,-20.693207,12.661299,11.58497,9.675331,-34.715286,-25.25275,9.037154,21.048365,3.7966952,-3.9484897,-21.08551,1.8205775,-7.6334343,-43.183334,-14.325986,-13.720887,1.4478153,-9.449297,-25.79842,18.452808,2.4868186,0
2010-09-10,Phase_3_fin,-352.09235,-158.94128,-151.91098,78.2554,175.60873,-70.395065,-129.54611,145.44386,-212.91617,-13.255924,-34.388203,-89.57496,-0.897417,-138.34312,-14.397365,-32.761227,-31.181528,-32.088043,-85.40888,-31.025698,109.85551,-68.65078,-75.63627,11.725224,20.566696,85.84613,50.86039,3.7578845,-1.4362092,21.5944,-35.924446,40.343395,75.152794,-24.08921,39.66286,-23.475843,-54.21288,-76.330185,84.95449,-50.958218,-45.328392,21.126816,-33.768696,10.671367,66.70632,-5.5794115,45.291763,-91.96452,29.600979,51.38917,-61.159626,-9.7795315,-31.298428,0.37811902,-17.353065,-9.410731,73.17175,-35.26228,-7.137797,69.97811,-3.5875857,-37.9246,24.700937,-2.141392,-54.809853,33.42929,10.620865,-9.468396,26.980598,21.197626,1.9976212,44.98526,-14.049771,-11.31706,-14.073882,4.0517197,10.733219,-12.024859,0.95296746,8.943178,14.376392,0.5115392,18.270853,3.178708,14.400647,9.198934,-8.44506,-7.1571207,17.400253,-21.886898,-6.057885,2.8278544,25.196768,-4.3072543,3.9827285,5.149587,-7.634923,24.750916,-8.899258,13.253983,25.02836,5.616493,-14.379152,23.102152,-27.028488,17.222574,17.668821,-13.668318,-27.222588,8.920888,-0.6583777,22.48571,0.79572225,15.8074255,-3.6060529,-2.8806014,17.883175,-6.0585566,-40.125286,-27.418741,5.4833074,-18.932083,-6.676597,-31.456388,-26.721506,-12.80192,-2.8714514,14.174232,13.011307,-28.531315,3.9217849,-4.459052,34.04938,-31.307652,4.483592,-32.840557,-9.102095,-30.25343,-18.689127,38.58916,-15.763228,-16.232864,-16.307787,2.8659663,33.099106,-2.288277,-74.94848,0.2529374,39.055363,6.646167,-21.987741,34.404095,21.878975,-0.38211125,8.90567,7.606659,17.828732,-6.4525495,-13.762451,3.4335504,-21.712202,6.694932,9.378447,-10.128233,-6.319098,-1.2061357,-10.055606,22.897213,2
2015-09-30,Phase_3_fin,532.3455,8.374023,77.07706,271.42386,-51.65776,12.3761,28.30038,-62.131203,-86.274895,-122.98718,21.429655,-40.076134,-15.690457,-55.849136,-12.319667,111.4961,-14.650615,124.77255,-23.592913,-10.4908905,133.47997,-35.28033,-56.917946,48.467308,56.625793,-19.369366,-19.62237,26.95397,-40.577198,-33.088497,-134.00098,-50.36976,-3.9673958,-26.86408,44.38266,18.54559,19.655756,31.410778,-8.915996,16.551313,-5.0398765,-23.471607,-19.233303,-38.97471,107.606384,-15.85783,-10.218028,-12.404013,-3.4061067,9.996497,-1.5547482,-1.2461647,-32.66641,11.733357,10.510184,24.648481,-44.07435,6.8596754,27.946112,-78.23777,33.70022,0.8840513,38.01414,15.194099,31.8824,1.8968185,21.129498,-35.361393,-24.261225,-33.776413,-9.914959,-19.072086,4.169085,3.8085136,-33.30076,-14.857665,-6.2825856,8.875201,7.141995,-45.389652,11.103453,-20.520252,2.796639,37.04859,24.63569,-44.845055,-59.929745,62.85989,18.949585,-51.051926,30.105858,-13.49958,-10.346535,-2.523027,14.381922,66.85083,-19.062346,25.97172,-20.187008,2.84132,29.923922,-12.300786,-54.177143,10.71571,-33.70254,-6.251283,-12.081517,47.24669,38.881847,-52.920986,27.948294,6.839314,-32.135036,15.192764,-6.2721334,-15.150848,-19.13723,-10.982164,6.8467855,-5.5020556,-8.898689,17.467512,16.263224,12.422348,-12.142489,-10.043706,-6.5820193,43.177826,49.411022,7.155833,10.330983,-20.82474,35.764137,-32.19207,32.724953,-14.982388,20.404491,10.004356,4.161644,26.750147,-6.6277504,11.658509,28.479631,-9.514617,-30.324207,-1.9763981,23.337654,-0.40296987,-2.91816,24.626522,-7.049105,-15.543066,9.910843,-37.29006,37.478027,12.894995,11.899698,0.2482606,2.0308166,42.247463,-2.9390786,10.4250965,-1.8020575,3.3559098,-3.5207198,-21.802046,25.183516,-5.919946,0
2000-09-14,Phase_3_fin,-195.6898,24.645006,-152.26329,9.481647,-128.0387,215.14572,107.28413,33.544155,-93.936325,40.766186,22.129877,59.5191,-218.94725,43.476757,-7.8234053,-4.7524104,-95.33234,-57.06005,58.29359,-37.54506,103.7885,-66.042465,95.14229,-18.711891,7.4090557,-34.438377,16.286922,97.343506,89.36143,-42.891876,-11.735162,-71.68112,-73.45065,-15.277295,-62.021202,-131.41805,186.61575,-68.06015,-17.145512,2.0385337,-3.683722,-30.6987,-62.829796,18.742928,26.378471,0.80402076,31.082,71.640236,7.3444133,-19.643587,-81.86558,20.988071,-46.641106,7.6862965,57.087616,46.909687,-36.69678,30.43756,29.475155,-3.9300842,7.656688,-30.917006,50.842606,28.629164,-41.682747,-40.47875,14.874301,10.533562,43.169453,3.8687205,-24.53927,7.136643,31.956139,13.62618,23.65743,-48.25977,-37.151108,-53.035263,11.382902,-11.362198,-38.232895,18.587088,2.676982,-23.492413,70.57215,-6.7017865,78.04424,-13.373406,26.76126,2.814442,26.352547,15.310804,8.28929,-49.116028,-43.09318,7.0898066,31.012894,-60.928104,32.11722,-27.462803,36.112743,96.31713,-66.59313,17.516935,-42.267025,-0.01796656,47.480434,-7.663882,78.2921,-53.003166,-38.804657,22.923948,-25.179962,114.58894,-19.690844,33.193787,21.142561,50.69689,-18.506086,46.682915,-0.051925797,-79.81634,-64.84721,-2.7106714,-0.39571574,-28.627522,-58.1997,-4.450643,-9.432758,25.180624,27.738539,-81.89908,-29.319971,23.09117,-23.91484,-159.67226,-83.33915,14.211268,120.27382,66.102715,-16.866348,22.496529,-66.51749,15.8336315,-81.59426,-43.987263,40.647655,-4.187779,-56.699768,-15.516504,-24.124073,14.181564,55.943974,51.99026,-86.35016,41.870438,19.640049,-14.95014,40.90375,36.1855,0.16616935,-4.6900783,-93.62048,11.404601,7.17752,-58.539658,6.571871,80.95949,3
2018-09-02,Phase_3_fin,44.751217,206.4457,-87.44614,-73.23727,5.316388,58.660114,90.39058,-38.115208,42.336918,-5.472522,-224.44029,26.971052,97.33501,-52.69747,75.17963,189.9565,7.7301464,-62.94253,1.1430714,114.108215,-86.45101,-179.30727,-23.505665,-14.38809,-74.643456,-63.035645,59.071907,-9.672089,78.41126,-29.645815,30.991325,-15.341651,-60.44112,-10.984057,-37.887943,-0.71232414,-64.31646,-63.466354,7.536167,-12.937841,-64.39562,-50.82229,-39.77035,24.40312,-24.9338,14.305915,40.142307,-9.273344,-80.07602,-11.689028,-58.27398,60.89352,57.74021,-22.546974,-11.909672,-20.687704,-30.856438,44.3656,-38.725304,-20.416506,60.34774,57.658966,-89.97919,-88.69645,-7.9604197,7.8012686,5.323743,66.4449,23.912804,3.3374565,13.526146,64.20329,59.997475,1.0439973,-41.342197,9.215853,-32.05187,-39.897808,47.67556,20.225128,23.87403,-18.370613,-9.686776,-16.936089,-9.932429,11.451738,-35.638206,53.274742,17.220274,13.739814,21.960617,-25.8256,-25.03787,-9.201604,12.14906,12.767222,22.830294,-38.578976,-8.534115,27.526562,1.1353557,12.582092,-0.78916717,8.150412,13.539503,22.421581,27.320436,0.1597951,-1.3593266,-8.408967,24.329844,16.412954,-22.094343,-3.6840684,-17.263865,-22.44879,21.139778,-10.846951,3.3563118,20.569603,19.129921,3.1159368,1.0351132,9.037632,-25.366203,-6.5665245,15.43755,25.76101,-19.88995,5.050475,9.677004,1.5365716,27.22613,32.318836,5.3148165,-27.751823,-19.858873,-9.122852,-1.2962288,2.5373578,13.570312,-2.7487316,2.4521244,-25.608671,-5.3597274,23.989914,19.685509,6.8973284,-0.8991534,2.097041,4.5492687,13.139675,2.1326082,4.408462,-14.559708,-14.002742,2.794868,-27.166367,7.1485934,22.525629,8.758545,9.895083,9.262284,-12.251332,39.236706,6.507432,1.5355328,9.263037,1
2001-09-18,Phase_3_fin,-48.320206,-43.04642,-66.01467,-7.6195536,-22.424091,10.523622,84.33912,-10.038328,-25.310652,-107.30152,152.93787,94.60447,-97.68203,74.68804,-124.9335,-89.80947,242.97475,40.140247,77.36846,61.263786,66.13265,-45.655056,-53.657547,21.452785,71.011345,62.751076,47.19072,3.2246914,63.028584,26.533432,2.7218401,91.086716,-143.3697,-33.007214,-50.68153,-64.097565,-54.67722,-11.375554,-29.511791,29.38414,-8.284789,57.813908,118.26104,23.508303,33.95935,-190.12537,-26.766132,-99.92966,77.26642,78.15216,0.6265734,-77.90097,-86.10221,23.372566,-50.353207,26.16952,63.276775,101.4703,32.16831,-21.47221,42.991474,8.830764,-17.062176,-28.451635,-25.787916,-56.869217,-23.462687,38.084557,24.938332,1.6609186,2.0880713,1.2491617,-6.942244,38.10742,-10.256837,66.134285,-94.46771,-32.660324,63.183197,-2.5967193,28.353058,52.356537,-77.787506,40.177746,11.966913,88.92026,-20.578688,-6.2973046,-2.3667707,22.839603,-4.7425117,-11.479106,-58.642887,69.38202,-6.0296655,35.93609,-2.662544,-10.178404,4.422601,-20.000753,2.82984,8.859557,-18.858456,-13.856636,-2.039401,15.980229,-15.2065,25.236958,42.54215,47.257206,-14.008774,27.658127,-1.7314516,-54.087833,-17.700329,70.43902,67.00834,17.912233,44.885826,4.2107086,29.784801,17.850142,16.383436,-47.36555,23.0023,-6.4099584,-15.427593,-14.150965,-11.617049,14.708681,4.510035,17.002478,40.946693,4.025121,-10.518077,-15.711772,-0.37809125,-29.517454,40.1147,23.582865,-30.117214,21.288177,23.972164,-19.373016,4.8764305,23.130825,-3.9480495,3.5672836,-1.8308253,56.71413,6.1874003,8.503055,-5.5314455,-20.06532,12.874859,-11.708843,8.679915,-42.850845,-13.000538,1.7594806,6.422003,-0.37805587,-7.140619,-46.742386,12.607624,0.9685107,39.774258,-4.7452273,1
2022-09-22,Phase_3_fin,-371.044,99.94198,-13.798353,230.50266,100.46716,269.3383,86.56297,83.873436,70.6913,-79.66387,84.98549,41.31477,48.65083,101.68861,157.94312,-97.71896,-4.231902,47.94392,-116.97575,-15.722486,41.26726,-16.8778,68.27939,-105.621155,-34.443768,-15.37156,12.207303,-29.205902,-41.070385,-15.075949,11.038669,-3.2403276,21.83426,-66.84327,35.028652,29.917688,17.026308,10.569061,-4.242604,46.196625,61.596973,18.85153,24.099566,-37.645897,3.56391,28.757582,-20.85741,-27.524668,25.184637,33.126602,42.89593,-27.764233,9.830615,4.9184914,2.7765543,-58.678753,12.317165,4.5826917,33.049725,8.194996,-24.646196,9.951525,-26.47397,1.0283375,-10.434519,-32.533993,5.097171,-16.7627,3.1270952,-11.319031,3.6649113,50.29446,-8.686434,29.62862,10.865165,-2.9512608,-12.934068,9.069803,-0.72661024,28.395426,9.241877,45.08806,0.2125929,-4.979622,5.1409693,-14.484515,-5.5410566,35.308613,-11.1506195,17.51582,-12.033942,24.5813,-15.161576,-43.23856,21.581924,31.199944,24.901943,24.782053,20.575802,27.029682,2.0235367,-54.760483,12.17722,-9.134673,-12.46798,-9.431938,22.984776,-35.318737,14.692862,-29.245829,-9.418151,-0.22007595,10.327238,-1.627954,0.9795253,-13.857533,5.1202393,1.5304888,3.408443,-16.112164,-0.22079898,-5.5706396,2.906037,20.51612,11.943458,12.269178,11.343763,-4.517216,2.9902139,12.419059,-1.5459937,-3.3865025,16.394058,-0.13587694,-5.470225,-2.108287,4.9906387,-5.006278,-0.022885047,-8.729723,-3.5695157,-8.891143,-7.4441285,6.2441297,4.029639,-5.855395,-1.6587908,-4.9681797,8.242807,-2.9501526,-13.893467,8.159042,-14.306646,-2.5403652,-7.9797583,0.8502426,-4.0488153,-5.3377156,6.1591506,13.897641,7.1862016,-5.1733084,2.3715043,3.8369114,-0.19163452,-1.1755445,6.438231,0.75951636,3
1990-09-17,Phase_3_fin,55.285645,44.75703,-98.495605,-34.276836,52.694508,-34.78561,-45.056366,37.502136,-93.408005,-152.13097,52.34906,209.54436,9.163473,-11.763125,100.09019,28.712753,-43.438362,56.13856,-67.201965,-117.26216,-29.657217,5.2743745,11.300782,47.167213,14.888928,42.195587,-19.240274,144.3836,-42.95084,-27.176874,100.15516,-58.280495,-21.972052,-7.2743993,21.648272,10.835613,-21.960382,5.6830373,-36.067154,-33.580715,30.159668,61.652523,-30.84863,-9.124468,22.791899,4.1769004,-47.81499,37.798042,-13.2521305,-13.868171,34.264355,7.6679034,-29.14629,14.296126,65.34041,0.6935663,4.8050704,-32.331192,-0.55302596,98.35481,-68.990524,9.738419,-11.940693,40.704224,20.659702,67.03238,-67.32606,14.329787,-39.38027,105.0476,-71.56968,-8.912306,4.665422,-21.006357,-10.812365,-5.4020314,-109.234726,26.234997,-16.18794,-61.669044,-26.67823,-109.09863,20.943546,61.64489,-47.697327,73.8993,63.647648,115.05617,105.174805,55.483994,76.81518,17.66632,7.1187587,8.015695,73.486046,-12.614027,5.327346,41.40034,-39.08639,84.83972,-18.781734,33.690502,26.349508,-22.15877,55.12431,30.542997,0.7034369,-4.1617184,2.074309,-8.982568,1.0659921,-5.488955,-34.417236,17.019316,75.044525,-4.7156777,-28.873514,34.147163,42.80767,-26.025497,1.0225692,-32.15164,-13.374471,-2.5888803,-13.559629,-10.507126,46.44116,-3.0855896,-24.499695,9.161114,36.551224,11.0481,-5.302252,17.506218,-37.24335,-20.736877,19.42776,-31.79287,19.041334,-37.580647,-22.730907,46.13482,49.447453,-10.092903,-15.85605,-1.8707211,41.718487,9.662085,29.895435,1.5714488,-39.653255,-2.9082174,-4.903648,-29.647615,-35.615143,-19.128584,28.723192,10.639346,-16.771984,-36.151268,21.4012,-10.966259,-30.025711,-1.5030261,2.9462507,-15.076512,39.243244,11.595045,1
2013-09-04,Phase_3_fin,-9.207959,129.32289,37.52689,-29.290016,-76.088036,122.052055,-93.365,-79.8325,36.001568,27.68685,-116.30726,231.9028,-161.19116,-107.24653,21.767885,-128.83528,102.346886,-33.048958,-48.54109,33.8198,-25.893423,-33.84547,-100.0791,77.01483,17.305569,129.54913,-5.655318,-83.89626,-73.185646,85.70012,-51.245186,-77.75229,105.19972,101.87069,-96.03381,-48.21584,24.823303,116.29941,-52.801186,-17.382446,-86.298584,62.03132,-27.104698,42.645214,23.119637,-41.27416,6.7391768,-1.9028959,-16.633665,-6.707792,2.596304,-47.599884,-21.482822,-50.140156,40.754383,-34.094456,15.6714945,-42.74269,-1.2310313,22.888966,-1.8633856,18.647528,-7.988474,3.512356,1.7609432,-3.6962306,-10.176666,17.750385,-16.275612,2.9671135,36.667477,51.17691,15.64709,-28.96385,-17.660316,-51.39304,6.5968976,-8.7221,25.963198,10.079623,17.311953,-38.646343,12.033469,-0.08539062,3.9070144,4.0295134,-8.990841,-29.20958,4.9133754,-23.978943,38.08287,-22.77018,11.6462555,-5.138747,-4.974931,31.606403,13.151678,16.776232,4.7476597,-47.14232,-11.819077,-46.452812,14.350884,-11.583686,17.28227,24.529055,35.870735,28.41877,36.067368,-10.909129,-50.79354,-1.6013923,1.3271288,-11.024638,4.5043173,-12.345234,23.258675,-29.639355,-18.145784,20.88912,22.040386,-49.501514,14.177233,-11.978161,-1.3515967,19.594238,20.190132,-7.857045,7.286452,18.283339,17.72779,-36.692757,-24.55153,5.663934,18.142818,19.201422,-28.570993,-25.172806,-3.918611,-22.80848,-20.475712,4.376517,-18.356453,12.129631,-7.548675,-16.643097,6.2576785,-14.187328,16.190174,8.492378,-2.6554961,-7.1601906,-5.3220806,4.411292,-2.14644,-9.893304,4.030924,-7.223351,10.695301,-5.6268024,12.741061,-15.243146,-5.163307,0.29829437,-14.40116,10.328906,-28.440176,-17.504425,1
2005-09-29,Phase_3_fin,-75.0327,15.930838,35.9198,-234.23094,47.266403,-114.09973,-16.83202,43.16437,-65.44343,-204.30869,8.286049,16.090168,-52.587215,-104.62969,123.57603,67.521774,54.328228,59.287514,-23.804926,86.1204,85.27429,102.370705,50.17949,40.035202,-40.45576,-16.319447,3.223564,-151.77863,34.468594,-82.143524,32.83533,38.16891,-36.51652,-103.21828,-33.677345,-70.28974,-29.564812,20.503267,-40.138237,65.870605,115.78214,85.32483,-86.423935,3.1578364,2.628846,10.60621,23.681353,81.867455,18.802282,37.07229,-19.973854,-7.9617147,42.856003,-10.840945,-24.812412,-0.57770866,-29.693224,-49.300877,-36.36496,11.167515,-35.86871,25.457283,-44.39582,-59.26553,-17.083704,-5.0368934,39.19637,-58.768547,22.008656,8.325158,-7.317978,-27.824701,2.7371624,-23.743889,17.855547,-48.662323,-3.8173463,9.292387,-7.05113,-21.700304,47.267445,34.725838,-5.722435,13.245315,-3.025794,30.043266,-2.4133182,-89.566765,-7.4892926,-38.3611,14.730208,7.7372594,2.4611661,1.1230125,30.14669,15.011326,-44.331566,-23.810108,-18.660868,-10.97772,28.088593,25.155983,41.598213,-39.629032,17.334875,12.115458,17.136848,26.338453,-0.35310304,-0.93709713,0.7069241,-36.32532,20.147459,14.514423,18.737476,1.8710454,14.699727,3.0054638,5.2522526,-11.235069,-5.816882,32.54009,6.3785,-11.752936,-15.7767,-24.199318,-1.8530258,2.8643658,14.654639,-10.18609,-15.539023,5.077361,-13.003795,18.461206,3.0733438,-17.658953,0.2693054,-18.831594,-6.5173855,10.294963,4.64086,4.0370293,1.0388056,0.99967796,-13.88149,7.551539,10.182776,-1.9963833,17.56001,-0.1316631,5.964475,1.9238998,-1.3878133,10.011159,20.027252,-10.056497,-5.026054,-8.7536545,11.518058,3.6458251,-9.034847,-7.224138,11.448231,1.0210475,-24.540253,3.244366,-9.745314,23.12849,1
2008-10-02,Phase_3_fin,-103.65755,-179.51074,-14.138216,20.194304,50.098564,27.4697,14.035132,-118.20714,72.83377,69.93138,-1.5704024,-140.86491,-116.09011,-38.070805,1.9187655,135.97197,-6.355022,78.11383,-101.27876,97.12662,-80.611786,49.612167,131.53058,41.582615,-3.0993166,117.04236,-68.648796,-1.698188,-201.21869,-9.485426,102.25477,-58.172676,-92.62059,2.06623,-14.114468,-17.041649,36.4293,-108.86327,42.81752,-27.653412,43.442577,79.675865,-19.86327,7.103383,-16.632542,-23.109741,-11.801915,-50.514305,20.42289,85.277016,53.625404,21.248148,-1.3990886,1.6840947,21.28971,-24.863827,-13.026059,10.59513,-26.372746,-12.972609,9.539416,-34.175396,48.24196,68.60861,6.267419,37.627083,8.034862,0.27323878,32.31752,-49.54083,-11.669189,30.208487,-41.92233,-18.611624,27.108429,17.428308,-39.836563,-19.401552,12.408232,-9.768425,30.488535,-7.17432,30.392275,-28.072453,-17.390379,3.348806,-4.968246,0.23788403,27.237495,56.752495,15.008545,-38.369843,-44.43821,28.716307,-29.577372,-25.481773,-8.457247,24.823992,-43.14726,-21.1316,-27.396328,21.276764,-14.541803,17.055498,-42.53128,10.182446,48.674904,-20.225836,5.825904,-4.795538,-1.0285621,-10.6014805,9.139323,-24.479446,0.34372976,20.749372,-6.642617,16.8213,39.3785,21.606667,-26.810144,0.20505352,10.9773,75.31578,-9.142948,-15.807983,13.570944,13.801018,-15.926054,33.1806,18.544971,-47.998478,-2.371985,-41.287743,14.465541,11.597049,16.295286,28.858343,-1.7560667,-12.143191,12.557164,4.071544,13.8702,13.289478,-2.1533043,7.264107,-2.8628285,-44.94685,-16.185724,8.173954,7.6541047,-0.6996074,41.16606,36.543617,23.772585,-56.042927,26.065063,14.439788,-3.8771415,2.5758145,-15.726184,-4.5842032,16.03137,5.722649,14.298145,-7.1956186,-6.636838,18.166939,2
1985-09-12,Phase_3_fin,-109.34333,165.31944,-69.2263,123.84016,-16.498894,35.351463,73.86957,-212.83144,-128.9708,-122.91248,8.985834,-6.215517,94.85903,-62.01222,-73.51733,46.851852,-62.10373,-156.20738,33.636223,90.412315,81.57771,18.259909,108.8688,-89.923294,58.076477,163.75354,89.15516,6.6845503,-15.100305,-39.991047,42.90335,13.710801,102.40452,-43.510345,-36.69966,-34.53414,-87.55683,17.443754,-47.79787,-1.2127546,14.566366,9.353765,-90.189926,-40.103237,16.329994,63.26854,-0.8067027,-9.584631,27.790012,-27.46492,20.54381,22.468512,4.975951,-29.871777,52.150356,54.52607,43.229797,31.28386,13.386505,-15.582205,27.336437,51.48788,7.972655,-10.661733,14.950162,1.7954013,-15.81377,-41.722946,-16.216633,-1.488301,-7.5346107,9.497653,-15.430063,10.251001,24.50928,-21.422003,-60.40938,21.779423,27.754244,19.233717,0.26686323,36.180492,-17.409521,6.684439,22.94012,9.803362,-4.3749285,-5.8707085,-14.189694,33.400433,19.488499,14.558779,33.69077,-1.7834898,-37.730743,11.34124,34.391193,-2.77767,-5.066086,-0.75273263,15.939791,-1.8997067,28.271278,22.864302,45.701332,20.380007,-43.09535,17.023886,-12.5138235,5.231109,2.3390276,13.559864,-2.5797102,13.710203,-7.8640256,-6.282494,16.195232,11.236051,-31.789412,-9.609396,4.7257495,14.752443,-19.85259,22.876787,-10.059928,7.9580393,-8.572119,-20.07272,-11.931976,-22.9998,-23.91372,29.486633,-26.965788,-40.925243,24.57252,1.9515727,7.811245,30.8067,-19.258518,-5.4884005,8.103529,-33.71872,-20.933157,9.767155,31.991638,-37.406834,-33.076645,-44.554504,-31.677998,35.36974,22.63657,17.919294,-2.5084496,-0.5029813,1.93298,-22.776413,-21.397787,-27.413765,8.242804,17.810856,34.647034,3.395643,11.750546,33.458263,-15.180562,39.235344,52.877388,42.86696,3
2022-09-14,Phase_3_fin,-365.62604,89.55847,14.707619,203.28789,103.807526,268.21286,23.048132,90.77058,96.16207,-74.581825,84.28061,94.226234,33.666912,65.11967,130.9004,-61.107418,-5.929963,48.26317,-108.45687,-6.0927167,-8.904097,-18.994678,40.86141,-50.4672,-13.451403,-40.995026,24.305996,-1.2279928,-21.576073,-6.361727,34.465504,-44.665474,35.61623,-45.80666,42.1025,45.2417,11.118991,19.052713,-2.2545795,49.480377,54.950954,-2.1641674,33.188183,0.36801466,-12.579108,-11.376035,-11.228139,-15.616777,-5.438183,0.7999425,29.915176,7.7212605,4.6624603,1.8117895,-10.298683,-16.322186,-39.656494,21.287642,60.944138,-29.133598,17.913769,33.449226,-8.497243,14.923592,-21.945993,54.685184,-30.120895,-6.9937754,14.104379,-24.984861,4.641776,-6.4204965,-8.437062,-10.956237,-26.54336,-28.623144,53.05812,14.760007,-29.86117,11.644715,27.044352,29.172318,-35.06592,-21.306536,27.657246,-28.0321,11.592551,-28.219551,22.202003,27.2563,-2.655211,8.909745,9.299737,-2.605762,4.0541906,-2.0583434,10.709977,-7.238653,14.754874,15.444546,-0.815676,0.04270458,21.036701,-25.138008,3.8552003,20.649548,7.721144,-27.744038,3.9718716,-21.308012,14.449311,4.4037323,-7.2745867,10.034315,8.047064,8.87021,29.068645,-3.8221176,-22.25057,6.185111,4.4346547,-6.2986393,15.604744,-16.706596,9.843099,-3.2446282,6.320391,17.481209,-14.357311,13.452725,-2.1935153,-11.101122,-10.073571,4.4680824,-4.529463,-0.21306969,-10.503454,-7.191539,12.8095,-4.3712316,-30.039026,2.6343768,13.283308,-26.824926,-24.625957,0.7016476,2.5268323,-0.4408069,4.748563,-32.347084,18.15507,12.870465,-7.1648116,-2.3455024,3.8138757,19.957905,-5.8629627,5.134175,-17.527103,-26.018291,-21.666788,-2.4297388,-9.563493,-0.26237962,8.85867,5.080948,10.646162,15.503788,3
2003-09-24,Phase_3_fin,17.649395,24.400484,115.25516,-255.90112,128.22742,-64.71738,57.96061,32.564037,6.0838714,-10.861377,54.015358,-47.384056,-68.828,81.02044,-0.11351304,27.90005,-113.445045,24.580118,-127.2977,126.272606,56.791817,-104.25254,50.291996,2.1969879,132.4016,-36.402145,15.801478,47.261894,22.343695,59.552624,-40.048443,-1.5385083,-6.6932726,17.714787,4.2968245,-1.4133579,21.499905,20.40685,-33.622627,66.355865,-7.1991286,9.5266695,-20.130764,23.568827,6.5544195,126.89806,-72.127174,-75.15207,9.919727,-12.242619,-0.3128052,-10.817807,-71.026375,7.8618217,-4.104362,-46.551426,9.970025,-67.71096,10.794381,-11.809136,39.751602,-1.3749528,12.543725,-9.193743,-36.352306,48.88671,-26.248709,30.718319,-20.952686,42.704853,20.750898,4.5334516,-7.048933,13.721511,34.65869,-37.44926,15.06344,-72.688416,-34.521797,-34.195805,25.992252,-31.999878,-3.46216,-28.411512,-6.446649,-45.0166,-30.81551,-23.234686,-15.156287,-19.544334,-8.729424,-45.97583,-0.29917538,52.241673,-24.018427,-65.75035,0.25222412,42.169704,-11.1581335,12.785462,-5.4937625,27.176971,6.5868893,39.764305,-6.453,-49.67707,10.170032,-13.049143,27.983929,-66.94149,-62.334034,-24.963139,-46.548416,9.778427,41.814316,37.90919,32.327328,1.706561,25.460075,4.7962375,-1.8894433,-44.702988,-2.4647577,6.7331543,15.463207,4.306007,-10.5556135,-36.096573,-32.317577,-12.703462,-13.214534,34.46804,7.675717,6.766358,-3.256163,-1.7084322,12.163175,-2.440558,-3.35281,19.2684,6.897495,-17.90927,-38.518486,-42.90382,57.757317,-3.1829982,5.350431,7.4331007,-21.287525,-1.5592616,10.015629,-7.101745,-16.674204,-14.168385,50.282295,-19.192135,10.783514,6.782985,35.625698,-5.6547728,22.386383,32.16657,10.250571,-13.641725,-9.22759,-5.630994,14.556271,-3.6472046,1
2003-10-20,Phase_3_fin,133.79822,-90.17966,120.14786,-234.26859,199.04303,-116.83736,62.414707,-74.7443,14.389235,109.11726,1.3834233,5.9727798,-60.45414,129.601,42.717422,-62.5344,-138.53807,95.629074,-50.18127,118.82202,107.49964,-45.320175,48.85072,-43.35245,-21.039484,10.385537,28.32977,91.60021,49.19508,119.365585,5.4237337,-68.32863,85.6168,52.178318,46.943325,11.799497,-70.42696,1.3395662,4.2610655,-14.395017,21.962093,-27.932686,-74.89393,-5.7685227,52.389347,-98.83515,21.174873,84.03114,4.4173045,-0.33523107,65.381676,0.102367,34.155,10.468172,-42.827145,-17.39507,42.91786,33.221493,-5.574012,3.1813967,-39.04284,-21.037481,-62.237545,18.768995,26.188732,28.713678,9.646988,33.10842,0.7886178,-0.7429114,2.0525804,21.167307,-14.754307,-6.47402,10.616033,-1.9041163,9.716451,6.476267,-1.5076414,16.756697,-27.074383,-9.227391,2.9878702,-24.998512,17.853224,24.628323,-20.934679,-22.628172,4.429811,16.337473,23.115484,14.802077,-13.63451,-2.4254346,-31.666384,29.40201,5.6723375,-5.9127526,-41.90687,-20.176846,2.7328594,-21.108355,18.250954,-8.773944,-23.232073,-7.5498953,18.012264,0.65507156,-20.362257,-9.002426,34.265953,34.69428,11.279742,27.492466,-8.261631,-9.421918,-14.467151,2.6538873,-14.615251,-15.8441305,11.235622,-4.345786,11.936088,-28.256248,9.475387,-34.747246,-8.711097,-11.781708,-12.163776,7.241055,-3.7706766,24.68217,17.775213,-1.2301522,5.251666,10.756831,-2.9953263,-15.796778,12.556751,9.574874,8.74182,-16.901098,5.7682166,-3.2117715,-30.783754,-1.7241348,10.953331,7.2967362,10.735378,18.5548,-5.3457956,-4.037339,-29.572947,-2.3400652,-5.4301944,-1.5921105,-31.031746,-12.591713,-2.672094,32.43779,-48.828926,4.511169,-31.279034,11.308366,10.991925,16.162426,-6.058986,0.7120547,1
2008-10-25,Phase_3_fin,-141.78812,-172.81152,29.299982,1.8933418,-29.041267,-79.24418,35.81787,-77.68554,76.34505,37.98865,-27.479239,-108.47117,-46.912502,47.67787,18.882385,121.655464,39.52587,-15.021304,2.4260056,-58.543,-141.46158,7.3013225,109.512276,76.53742,40.281734,71.974144,-51.039326,-11.05832,-106.50387,13.999819,79.978874,-41.297432,-7.5795207,-12.510963,-23.460749,3.6356027,87.89244,-19.619799,-12.026006,11.587826,26.228819,1.9162576,20.992178,-4.4955564,4.6281753,-7.048947,-42.986504,-7.7136,-69.23846,54.794373,24.80799,-53.2677,-83.563515,-71.5089,-30.140474,95.34441,47.555042,64.89687,-42.00068,140.65695,16.621134,6.1284165,-25.174397,-74.22254,34.796688,29.064268,-0.71278316,-19.803377,-34.16998,102.29958,-64.696686,-35.0813,-45.633602,-6.2091846,-8.580742,6.747281,86.697525,-22.643356,-0.9231041,7.5840807,-25.918936,16.912949,-72.33199,19.780807,-15.588059,-35.0097,-66.68091,-28.63682,12.557537,-14.411617,3.678631,-5.7967043,33.211063,-70.45438,17.996199,9.477652,-6.002889,8.040256,31.83669,18.307518,21.708567,-4.4727025,-9.203066,23.817305,-9.1726885,16.866873,-31.981699,-9.666795,18.074434,-1.7201707,10.319471,18.79936,-16.387344,44.09863,-31.624971,-35.183838,25.535683,-28.797024,-4.456615,-14.380219,34.40587,5.409001,-17.945204,0.10957844,-21.113373,5.6954417,-26.341394,-8.981644,-14.086862,23.11591,-18.168024,21.192656,26.566687,3.7272654,-4.672255,1.8709431,-0.061850984,-12.213968,-6.494905,-0.4730221,1.6809323,2.9150736,-11.045349,-9.779148,-21.42872,-14.629456,-5.2525783,1.0506332,-8.421446,9.092098,6.242299,-7.715369,-16.341421,11.096438,-9.239069,18.193785,-26.414919,0.3734321,13.39186,11.029956,1.2442049,-16.067636,-15.530205,-4.514533,2.7226956,19.98608,15.618882,1.7611457,2
2010-09-18,Phase_3_fin,-395.30704,-158.55658,-157.23647,74.94263,212.37221,-55.98958,-196.34969,107.8288,-133.61012,4.770061,-63.70735,-80.51031,-26.781849,-168.57368,19.826614,-6.52194,-13.637333,-32.211617,-33.93186,-32.77058,-39.681385,-15.724368,-77.66093,15.022379,17.292137,3.8969514,32.419205,38.66926,26.296038,29.639095,-45.29108,-26.113464,30.318716,-10.150024,-18.91677,-28.65428,-13.455466,-77.13454,30.539478,10.497722,24.109425,-59.268906,31.321943,53.101337,7.3012123,31.857986,69.16998,11.968487,-5.4217277,-25.046492,31.84353,12.787714,-58.609627,23.011057,-49.70537,-24.201092,37.394382,63.988968,1.7993526,-50.824223,-39.575867,19.3709,22.835785,-70.738716,1.823044,-52.835503,-8.491889,-2.1537104,-12.322887,35.826447,-2.6522956,-0.16518635,24.885553,-57.656174,47.579876,-0.5937709,12.796703,13.729049,5.163888,-14.049032,33.162827,11.959665,22.223272,-30.91904,11.6592865,39.490444,-12.879905,15.452446,38.979946,-5.4752765,18.909159,-26.877779,-62.265896,7.3319006,21.2509,-34.770576,7.087504,-14.367062,-10.372875,4.6689367,-8.181824,9.753739,-12.769512,5.6088066,14.301978,-15.390708,-20.862944,-4.0254416,-0.11531935,25.69813,-10.108634,18.070242,4.481957,30.795763,31.256802,7.486832,41.793976,-0.28049907,-32.743687,-66.575615,43.49652,-22.573767,22.811604,15.70711,14.090276,13.209209,5.8957276,-9.76598,16.076958,-28.42089,58.38163,-27.478481,10.017715,-53.572323,21.451166,23.36633,33.969143,-29.270145,-69.54457,-25.423925,-13.700068,-21.030888,24.823103,-23.923405,-22.185997,-2.1166093,41.18376,-16.513666,-27.578161,25.699818,12.135575,23.13412,-30.866894,9.061933,-19.430563,19.925344,1.2008778,27.878965,11.174104,-7.800232,16.022852,0.33169287,4.651156,-3.319733,4.313097,-6.1586156,-25.32288,31.091972,2
2003-09-08,Phase_3_fin,18.369263,35.58221,94.517075,-214.6704,106.933945,-81.02043,-18.576887,30.814074,-0.32536668,-4.8423147,49.38958,-35.057343,-24.558369,72.50043,14.557664,30.531462,-78.75573,19.132547,-122.92325,125.64669,10.901575,-189.0683,-22.140028,21.747654,208.88348,-66.6834,99.98215,30.173632,-23.88953,49.11707,68.22545,49.172504,-86.328094,59.77433,-29.281845,8.892116,-7.973761,71.58662,-44.830986,62.062473,-123.26124,24.778605,29.37092,48.61411,-65.052765,154.80215,-64.35663,-59.61176,-18.577848,-1.8572129,-36.34508,-11.770055,-37.31823,-25.967161,28.942785,-73.890884,-21.219671,-37.69151,76.27611,27.363138,5.7145224,59.63319,26.38311,18.559925,25.300945,-44.503357,10.981442,-61.493702,-47.887512,-22.501213,-3.7983081,-38.638897,29.291414,-1.0626127,-1.7438301,34.98654,17.908817,57.314342,49.933517,-9.205832,-31.641493,55.807274,2.050884,22.502007,-49.66768,39.983986,50.06242,12.028437,16.791794,15.600519,-18.06517,11.626512,-10.626447,8.8531475,18.164072,49.746727,17.705177,-35.82821,16.898998,-5.7031703,-9.492323,-3.578504,-3.2554142,-35.38445,-34.629185,38.171932,-38.48973,-13.981675,-35.04926,59.94426,62.320076,9.759817,53.631363,-10.8658905,-27.070683,-61.249626,-34.950047,19.624712,-36.988476,-3.952902,26.04022,50.111694,-30.089346,4.578134,-26.122894,-3.6907082,-18.253288,6.889047,42.894108,13.662337,17.624212,-19.925673,5.3828073,-3.961117,-11.688928,-4.9995246,-21.066757,-15.362207,12.729379,-17.481188,1.2226124,-8.463826,-2.0121055,13.981873,-4.407096,5.396391,-4.9488926,-4.683669,-12.659765,10.998496,-13.256148,23.709728,39.7101,12.189287,-10.908844,-24.778679,6.235835,2.409265,0.083056614,-17.04373,-9.75962,-25.259226,-23.382078,-2.5148227,-12.010303,-18.697287,6.3564262,12.3096075,1
2009-09-16,Phase_3_fin,150.66536,-41.42085,-1.5059661,-45.441,7.915777,-67.4476,112.21323,-40.52048,81.907394,-29.121044,-159.46855,20.132795,-127.19297,199.68536,-133.84627,-7.36059,-38.821285,49.699856,-35.987167,-120.92424,-51.659866,-104.27662,-184.16101,-58.840195,-13.211497,94.04396,-55.20267,-30.987583,-17.836693,-119.91257,73.07422,58.93937,79.7235,-115.8898,-75.55926,-19.758219,22.162586,-17.43481,-11.279053,64.77605,-65.66933,8.852481,28.823114,-25.814426,-10.190998,14.73063,5.90686,27.059313,31.832743,-28.179773,26.218122,24.685566,18.44021,56.96351,17.024794,-23.207947,7.39871,5.1170506,26.93007,8.458943,18.274454,-40.16264,1.9376563,22.850725,13.483356,29.256172,69.60385,-16.87384,10.844347,15.551309,27.139181,-17.506874,-61.864017,-5.3839917,30.511383,3.29216,24.048294,0.28576088,17.613775,9.779648,23.264423,-10.36409,18.065426,-2.234981,-37.172707,28.931452,11.743089,-14.632185,30.558441,7.951741,-6.811439,10.619433,40.128273,-18.377945,4.163752,19.570898,-16.617966,6.0053573,1.1693364,-33.42788,-24.091755,-9.255685,-36.794773,6.2148595,21.3578,2.732294,18.303047,12.520088,9.53498,-29.324743,-5.710895,-18.511782,7.663833,6.684664,-2.538058,13.261721,3.6655805,-22.039267,19.462004,1.3977284,7.706039,15.009386,-21.947565,-5.317954,-0.8292736,-2.31596,-5.211462,-5.6578937,-39.01511,-28.798906,-44.35579,-15.600113,-24.382679,0.7709311,-1.3319433,21.89326,14.932949,15.675981,-1.9224886,1.8371353,-26.692183,9.464132,16.59231,-2.5633025,-8.075247,-13.296823,-40.14991,2.3773353,20.386599,-23.38483,-0.7027379,-11.727837,22.617605,-10.490604,-29.530754,9.378398,6.1318293,27.425388,6.589905,10.543107,10.910454,-0.384423,-24.494656,-32.475014,19.86138,-25.225704,10.186606,5.036443,1
2019-09-21,Phase_3_fin,153.01752,212.95714,-8.524757,-63.906487,-12.054219,-91.32693,-118.2051,-70.47449,-55.587315,49.27673,-34.421177,23.774202,25.482197,-9.169889,79.23268,-72.98593,80.61879,-99.25551,-31.266062,-43.828712,81.03405,12.180027,22.062925,-158.97585,79.68509,-43.48804,-87.323456,99.912735,-112.12191,4.0836716,24.023848,127.91392,-45.576904,80.01773,31.538,-17.0731,12.359696,-45.218666,-36.505104,88.4028,-5.5466547,42.830215,47.305355,-46.089737,3.600803,-27.055931,91.55382,57.305046,-3.1253853,-46.131413,6.273799,44.08263,58.316326,-13.406763,26.261536,17.967539,5.9413824,40.06853,-44.397385,44.764084,-0.96697736,-28.657562,46.904663,15.481842,20.300472,44.275826,5.4378414,-41.929943,84.98422,6.0928297,66.27297,13.986997,105.1065,-43.64316,-15.024795,-24.640038,-1.6307466,56.800095,17.336128,-65.88545,-57.316387,85.84124,-105.81557,-26.50013,-11.821072,18.388903,29.63831,-30.39559,-1.6788808,-27.095718,-8.390611,-53.49151,15.216175,31.844873,0.27462882,-22.918142,33.58579,37.9754,-7.6044755,54.61564,2.5262823,-19.215677,-46.298405,38.81506,12.501187,-20.41433,15.293728,11.869536,30.915302,-8.937767,31.142292,-6.239172,-14.3591175,-4.861072,-10.264854,-26.77206,5.31517,13.997945,16.334661,-6.227326,-17.733303,-16.738808,16.164595,-6.0311775,11.216963,-1.5190476,2.8835614,20.782736,-9.995597,2.2711446,-21.472721,-5.306851,-15.216773,6.908614,-3.844453,11.303101,-2.6789827,-2.6047595,-1.3288525,6.0202293,-13.798341,-4.8275957,-12.264154,4.4920692,-6.562866,12.070828,13.025109,-1.3742415,2.4081624,-4.8601704,-16.117352,1.7175072,4.1606617,2.8011882,9.9598675,15.6065,2.0678232,8.870185,2.8642588,-3.5360165,5.338641,-1.7167966,2.8796227,-8.610996,13.974546,-0.9235475,-2.6751456,-13.335088,1
1999-09-28,Phase_3_fin,-292.66006,-112.17083,49.987682,-136.20256,-215.17116,94.769,45.939716,-115.577934,-192.4776,8.193978,7.2846565,21.003563,92.79668,65.5078,-41.450146,64.370636,0.31773213,74.743935,-148.73537,-49.189816,14.230763,17.362583,-56.08858,-38.571823,-42.443592,-38.621033,-33.28987,11.1098175,-17.171028,-6.606478,-74.14863,4.5900607,39.819977,-4.6973205,35.845478,-17.977839,24.831936,56.811462,43.373642,-20.599554,-5.141299,23.520763,12.275049,8.920142,-25.214912,-11.338348,1.4992424,-25.29223,-5.8015943,51.95554,-0.59385335,28.616041,18.245281,-31.367186,34.179615,7.086972,-19.285929,1.7040918,20.326122,-41.64494,-25.945354,7.8446946,-42.505703,18.604116,-57.601856,-25.530878,4.191183,20.150219,21.061262,-18.754734,15.795287,9.039731,24.685448,59.217773,70.82168,38.61296,13.922435,9.117702,-18.395252,37.22156,-33.96054,-46.27212,-18.590693,59.516884,-3.0462506,23.309795,-23.419737,-30.158657,-73.26415,17.392973,24.268415,-50.917656,28.288988,-3.37251,19.631317,-45.12166,-22.35192,-51.936428,-72.58306,25.299603,7.996835,24.785078,38.738304,11.319308,-5.0258865,-45.33858,-8.391607,-20.357195,20.068579,-14.796474,-1.2510313,12.113571,-0.45883432,24.848782,-13.801966,-30.057934,11.841038,-4.4659595,-34.693607,-18.524992,11.273414,-18.342766,-8.923108,0.71498233,-9.173242,4.27499,-7.649783,14.140508,11.823667,15.5704775,32.127213,37.50419,-28.527431,-30.965204,-7.4916883,51.169205,89.03789,5.435438,56.11743,-31.591145,-18.250725,9.447294,-9.703037,-2.7563043,25.136282,25.609016,19.025146,46.177322,-17.831448,-21.746365,-19.649729,8.349897,51.476913,5.19108,-15.018228,63.98757,9.058703,-71.005226,-13.672722,-29.728668,40.146233,-16.050634,-13.518262,3.3449001,15.68918,52.574116,-26.633179,-10.549826,4
1999-09-17,Phase_3_fin,-364.632,-134.65701,57.750328,-154.86224,-222.4743,50.979366,31.183022,-113.61132,-125.221375,-0.25779745,-44.000057,45.65319,84.47719,-17.263176,-54.630424,60.326015,-37.61226,6.7872458,-110.77579,40.513878,17.060532,-11.335868,-54.09571,-87.689255,-51.635887,-51.681683,-7.327607,-23.608353,-7.403286,-69.71237,-100.16308,1.0794734,-17.239113,70.00715,3.2427733,-25.021507,36.691174,71.9177,154.6374,8.211958,42.316383,-6.926423,25.529896,2.6763618,-117.04557,-19.63289,-36.855286,-20.276182,-53.24774,67.9302,23.688236,10.339474,-8.7891865,69.311035,32.82986,26.05233,26.182358,19.92533,13.815778,-19.725164,-6.0235643,-4.299613,30.138506,-24.077343,7.1529784,-4.673768,-9.357275,-14.1866665,-40.95875,-24.55169,55.173515,20.559795,-31.89543,-23.697582,4.646986,4.677743,8.011981,-17.698439,28.04855,-34.12252,-12.06479,-0.0707611,12.167544,-19.455032,0.8039969,5.917489,19.529139,16.798115,21.024723,-8.246868,4.119425,12.880617,-12.743335,0.1826673,-15.635655,12.086326,-4.4586782,21.216763,-15.044099,12.318171,0.95926267,14.699668,-43.243534,-42.040382,-6.9180837,-20.924038,-10.966316,5.742218,-10.1195345,32.60095,11.492431,23.319351,8.7615185,-11.920481,3.5927892,-1.7652487,-2.2426715,-19.171247,12.738459,-9.188848,3.449878,-31.572905,26.709343,-28.193878,0.00509501,-6.0653954,2.3250072,-14.847704,-5.1945157,-8.036233,-1.5019029,-7.5424957,25.035273,7.889466,-6.703435,-17.120632,-3.445933,25.392433,-8.228796,19.38798,-14.176868,-3.4259834,-16.176695,-18.295355,-12.149599,-4.81611,21.769327,-18.649336,26.214449,0.054554794,5.437018,-12.181312,-17.377922,51.706406,26.756027,-9.014938,-5.644252,-14.951982,12.601703,17.042612,-42.89932,-5.217939,14.344787,2.5717337,-15.041675,-12.013437,-17.636532,-8.424466,4
2019-09-22,Phase_3_fin,148.52014,214.78206,-9.925212,-62.65328,-12.4996195,-92.84711,-122.0154,-71.94896,-60.923016,42.962128,-35.129963,17.779673,24.154139,-9.890667,70.62177,-79.17512,80.06761,-99.79973,-22.612175,-45.800575,80.93406,10.090136,23.12411,-158.03918,78.243,-44.016403,-96.02075,97.50284,-117.63251,5.321928,15.054419,131.36934,-37.843674,77.67823,36.530537,-24.80592,20.269142,-40.2197,-35.73664,90.72963,-7.13851,46.003025,44.50638,-42.071835,7.4888854,-32.98295,94.68963,49.11424,-0.85912,-43.19382,-1.5540094,46.62031,63.999638,-13.301617,34.780437,7.761545,5.931545,37.717743,-42.823902,36.831375,-7.0911202,-36.05403,47.37068,21.787037,17.441387,40.352596,11.526717,-42.823524,77.98887,8.71742,64.75191,20.971956,103.06963,-30.96822,-10.16392,-19.41188,3.1870842,58.70389,15.123926,-62.587414,-60.375473,77.31562,-108.45049,-16.081669,-14.275239,13.516737,27.581457,-27.006292,-3.3665648,-27.674234,-3.3614154,-49.440247,16.291227,23.771978,2.8519442,-23.816391,22.89602,30.515604,-8.930934,54.89577,11.017916,-17.638792,-40.225826,36.80505,15.74994,-14.948859,13.671536,6.417733,29.467657,-7.478394,31.378162,0.22704431,-15.960882,1.460967,-12.684889,-24.032011,10.654213,17.229439,13.434956,2.8327365,-23.236584,-11.838469,12.864081,-1.8371727,13.866639,-9.789736,6.293369,12.129416,-23.810608,4.7353086,-31.131002,-7.7425675,-6.019782,3.8650365,-9.535295,-4.593222,-1.3098211,2.7487354,-6.3549566,10.281409,-20.68833,-11.507243,-7.6158204,-0.2328755,-7.709331,18.613714,15.717042,-6.6679244,4.628067,-3.057458,-10.969007,7.1328044,1.2843007,1.9465594,11.252636,8.045239,-0.15948877,7.7223053,4.5849032,-3.7180998,9.488183,0.024876809,0.6492494,-6.320151,8.262079,-0.023214005,-3.0511355,-15.887647,1
2005-09-28,Phase_3_fin,-68.579346,18.763905,41.854496,-238.11317,55.644783,-119.19592,-27.449003,41.00106,-81.79135,-224.12671,3.0699239,13.024734,-60.573677,-98.911995,127.08661,67.45509,41.88638,64.2569,-19.835953,94.495125,83.74833,99.53538,59.361626,34.840958,-44.16668,-28.955734,14.615012,-163.0581,39.36569,-98.91161,23.617863,45.83544,-30.763094,-97.51548,-31.295797,-69.94008,-27.576393,15.536622,-45.324837,64.8037,131.40506,85.70774,-91.5957,-3.7975101,8.578405,19.072836,28.836119,81.38899,24.590982,50.138844,-16.890905,-18.384987,34.873478,-3.0091984,-25.987482,-5.7728233,-50.47773,-55.32329,-56.976757,25.300802,-37.60905,24.240547,-57.209904,-73.54169,-7.9022727,-19.081104,58.612877,-60.562473,27.635956,-5.3995304,-9.817254,-28.37775,8.413983,-14.222988,24.714437,-43.52616,-10.705872,15.460353,-3.444781,-34.33539,61.930084,40.135445,-23.031286,6.79974,-15.570377,35.42219,-1.79456,-84.337746,-2.2768052,-43.207893,10.422856,16.497995,9.226725,4.25341,26.26944,22.644423,-60.891262,-21.514431,-14.197046,-27.89449,26.30856,34.97442,40.410385,-63.473362,3.234047,-3.2249413,18.295214,31.732523,12.196314,-9.331676,-3.628859,-59.231865,15.68052,28.506031,17.99083,-4.0846524,24.965403,14.831152,17.535765,-16.922028,-16.486992,27.360258,7.076785,-10.644503,-7.046257,-30.536722,12.958809,7.9574494,16.219318,-12.011177,-3.3738713,12.768433,-10.468049,2.542946,-0.7554149,-20.235468,2.8111138,-14.606243,-13.773087,7.9104567,-1.5162239,5.367811,1.3396428,3.1800253,-18.448132,11.519782,4.8630214,6.9272223,21.350313,-5.753712,6.893258,2.4015846,9.185296,3.435781,6.2401667,-8.166779,1.814276,-0.7474437,6.352076,0.4227661,-8.625994,-5.9566045,-1.3293698,4.2588935,-13.875756,7.1041417,-13.939166,10.082018,1
2013-09-15,Phase_3_fin,-25.699162,82.526794,-13.8274355,18.879915,-53.03569,96.8608,-77.62964,-71.14277,67.47835,22.89073,-138.16011,209.43196,-191.76892,-97.17066,19.535257,-124.780396,94.44989,-11.788334,-58.443817,72.593056,-105.85161,-0.8373062,-103.891884,52.33276,-12.360452,70.93899,-67.0043,-91.398445,-17.636253,102.238365,-35.854435,-32.88776,135.47078,88.44118,-49.561054,-56.372696,-6.787944,47.341488,-54.05837,-19.982521,8.999393,-21.557415,-13.734896,25.236212,27.06542,-30.94799,-3.393263,50.69432,-49.529545,1.4555421,34.62595,32.15531,-60.119823,9.657775,13.949178,-30.867018,1.7792257,6.660381,-55.275227,-17.023373,9.610678,-13.541801,25.106853,-32.773502,-19.353285,-6.8706236,-11.273338,9.375391,17.052422,-26.148235,0.4711172,-34.60748,16.750368,30.639154,16.00353,26.031984,-12.705689,-11.070719,3.7673206,-27.018871,12.167129,21.501225,-8.637121,-12.109278,11.32402,-16.811142,11.855292,28.540524,-60.56799,19.560558,-21.92318,27.864323,-19.117693,16.847836,10.343847,-34.905663,-17.524778,-1.3272319,1.4028869,18.02555,-2.2950382,39.502304,4.276078,-13.839951,-5.065667,-0.29260764,-26.439323,-38.01257,-39.3848,-12.929998,29.628023,-24.242771,-0.9045657,-10.159827,4.5176764,-4.37906,-16.267199,19.39224,29.97304,-30.84854,-32.001324,38.004288,-2.4330168,25.035778,-12.520994,3.0101702,-22.821463,22.059805,2.4170887,10.626732,0.5311069,46.36824,39.000515,-19.395245,-13.633175,-32.75303,48.320015,49.858997,18.369005,26.29306,29.217356,-28.189028,17.139017,-18.588757,6.538876,31.724798,-2.9021444,35.952362,-11.512015,-38.23883,-15.984595,-0.029409386,17.293135,-5.779855,-17.987156,35.536903,-28.301666,15.890401,-14.226816,33.023235,-11.195234,15.776915,27.815462,-12.621014,-4.130236,-49.28336,59.587273,19.851404,1
1992-09-02,Phase_3_fin,87.44776,197.85611,-170.54736,106.229576,-136.71498,-123.13938,-41.279583,119.99835,186.15663,-184.31981,-64.78427,-103.7306,-16.098225,42.177273,-59.041138,33.003094,-109.419365,-0.0506541,-132.36671,-90.64735,-31.992887,82.13598,-110.365845,0.51617485,27.732256,-17.100029,127.30222,-12.025776,53.520046,50.36734,93.18512,-43.101532,1.7046753,163.5009,41.425636,-37.017017,-20.720778,-90.54792,22.429348,54.17399,14.655337,29.873884,-35.246376,-64.85845,-28.712156,-45.783115,27.898422,13.194715,-40.884293,61.67068,-25.883953,-93.42947,22.955997,-11.7382965,38.318085,-8.777162,-40.308647,6.4447083,40.35959,-35.369366,-15.935337,-0.5378917,22.564655,-10.861771,63.27306,-7.220088,-35.1789,26.033613,27.490599,-5.384737,96.81665,-14.635012,-14.119742,12.282697,-42.283047,-0.25665686,21.595295,8.547847,35.225197,-9.604856,-28.899405,-29.542719,-17.91549,10.420251,20.563993,9.684719,-39.009953,55.90372,-50.077698,-58.11349,50.688156,18.10057,-21.478247,1.5688874,-34.288277,-1.5261605,54.706913,-31.159142,8.723474,24.41022,1.3607203,48.43879,40.827198,-8.5636,-47.56087,-57.755863,-6.0773673,-67.15714,-27.240393,-28.468569,-58.672455,-48.473022,-21.70395,9.227828,36.34625,6.3725905,10.030131,-6.4919953,64.501686,30.44325,-20.908464,-19.412577,22.630344,-12.82204,-61.278534,-19.865637,-97.70659,27.566319,40.768745,88.55132,2.4142678,-57.476933,30.939636,-53.511047,2.592758,-15.393689,6.8111434,4.591523,-71.89319,2.3771048,3.879035,11.30417,-9.142034,-1.7347105,-14.001362,-37.39987,-7.7442126,32.40129,3.270714,31.136189,79.60256,-9.352836,-19.751398,-4.671981,-6.1800303,15.149675,-34.299995,-12.296426,16.377125,-27.750849,26.572153,-36.578537,-8.408706,-109.033585,-23.10132,5.592126,8.98079,-64.04167,1
1984-09-15,Phase_3_fin,-87.67972,115.30419,135.0993,10.497737,158.36288,83.423645,-5.5922503,-104.267044,207.11438,172.87033,142.59189,5.1185737,-38.34843,-199.98192,64.149796,-11.920991,198.8069,-15.188939,-32.019783,-66.57195,134.87193,-135.90378,-72.71739,40.58473,38.347267,-29.560728,-62.503597,-0.629285,48.145966,37.00635,30.813622,39.576443,-32.95508,51.92103,-66.85596,84.44739,33.120674,65.19917,135.40857,-17.76908,102.052376,-80.16009,47.127617,81.873985,-2.4925163,95.849556,35.60772,33.052486,149.5356,64.8483,-57.589733,-105.44845,109.10172,-58.36071,125.251595,-3.2351785,-9.08763,-4.986249,-20.945894,-24.22769,48.281574,-113.60936,-110.732605,11.062582,37.13163,4.565603,51.359447,33.019665,-40.76381,15.957719,9.723585,-64.28617,-27.04987,-3.1015592,27.026243,3.0594237,-19.493008,35.847,18.193834,-12.445364,-11.034823,21.402666,36.794483,-7.8422685,35.10059,26.067324,-8.2057705,-0.3236145,26.12645,8.940274,-20.065193,-13.757873,76.83863,-37.26457,-36.981518,-28.878412,50.937363,38.532005,-11.712837,30.278812,25.159332,56.029205,-8.293653,21.361511,25.176737,-30.193756,7.9264297,2.8182352,16.152987,29.906765,8.318591,-44.143837,14.751144,29.33122,-35.566723,11.287233,-12.380507,47.47631,15.521807,1.2916139,24.476202,-13.550985,11.058299,-26.799994,9.653153,-1.6361496,21.769184,-1.0418799,45.61133,20.380156,-12.617799,31.293688,39.51043,46.725998,9.891783,-23.546833,4.7840753,-3.9258025,-44.921455,-2.7463665,16.193998,10.573363,-6.1620145,-13.252121,39.285244,-21.35208,-37.118732,-13.453969,-62.07628,27.07588,13.339392,1.2286386,-20.68001,16.394245,-62.837936,1.3979859,18.860567,-33.791416,10.066924,10.304441,-21.28585,7.146237,23.2429,-44.40418,-0.64512914,30.645273,30.309301,21.786531,3
2010-10-18,Phase_3_fin,-346.80304,-225.40201,-93.63767,169.29785,195.64864,-190.55984,-144.8697,-103.55367,-107.76275,145.26653,-126.41675,-9.632931,-45.104893,-17.583923,-46.596943,-79.89827,-2.8520358,102.75582,35.075012,17.174685,-73.36505,35.37944,18.44735,14.254139,-16.877394,-24.428999,120.287285,35.61703,-3.959776,-12.969671,-44.15414,-47.082077,-123.65374,-12.13777,-81.20702,44.81915,-13.03802,84.85454,-73.309326,50.63961,-29.877626,-35.17176,26.530357,-136.34767,-107.81568,-62.309925,-3.3317974,4.341577,-4.691621,-56.26208,16.612658,-12.244493,57.830997,6.1016884,57.629646,46.38471,-93.07087,-73.22945,12.321129,3.4937027,2.766147,9.83995,-24.54582,-12.985186,-23.026987,33.013485,-21.759985,15.087457,-11.466837,13.093176,-3.2579825,-47.506927,-21.253233,49.651108,-22.27746,-38.229336,1.6143535,-35.274124,-20.17834,17.842989,8.850257,-0.3810151,-19.84137,-0.5091382,46.676758,-0.6628806,-1.0685508,-11.688949,-18.445332,-2.617506,-7.606989,-16.50471,-10.651273,2.492186,-3.0085328,3.9350448,5.475412,25.61202,7.359118,27.732063,-17.963886,-0.22206539,-26.114197,-18.965641,-2.3488514,11.257911,-4.878919,-6.7065115,10.555439,-8.988194,-5.38223,2.5017705,4.43277,-9.94834,-6.5092044,21.197863,4.6494427,18.998182,-15.345889,-29.623003,-15.242266,9.40488,2.846767,9.499275,-33.866142,-22.661228,0.38672456,-17.203306,-26.541523,24.1607,0.6345835,-4.931269,-0.7320397,13.529332,8.774222,-8.4795265,7.615895,5.0115147,-32.632328,-1.8067001,-3.655415,-3.0827768,-5.7153015,-25.637794,-8.460226,-8.631714,4.0637107,-11.210895,8.338656,-0.9269651,-13.386111,16.14678,10.71332,-0.20655335,-9.365786,9.369744,9.763191,-12.798203,-1.4608696,-0.878763,-5.4698334,2.0594635,4.3069396,-4.5083942,0.5798738,4.93841,-20.276405,-2.2128382,2
1988-09-29,Phase_3_fin,-353.88037,117.73451,126.343094,98.30229,-67.60517,-162.61711,-59.29593,94.792114,-0.45364094,7.412601,18.088251,35.683655,0.5111035,53.2477,-49.51054,0.053201787,41.726578,-22.841799,-48.508286,60.936028,-43.380295,-41.302986,149.99696,87.14423,44.474567,-116.7926,-137.41487,12.542913,70.95359,-81.93081,-26.898184,92.28439,158.02193,-59.83321,-33.84156,5.7762856,-75.34201,-11.847237,-52.28033,-37.991848,-34.20312,-46.13801,17.954945,-9.408233,6.9402494,-18.189417,-43.190132,-38.045532,-38.97955,9.553305,-1.7875625,2.5028396,2.8112833,-4.5864353,12.75617,-33.312347,-18.006073,6.896324,-9.76396,-12.987178,2.5757034,-35.89675,32.790325,15.933298,4.108091,18.615234,2.5653534,-17.064041,22.79718,-19.010359,-1.4335932,14.192553,1.7309012,-1.7443488,-2.0205653,-51.775604,-22.801031,-6.7465706,-23.565836,5.413414,16.735594,22.51036,22.389898,-11.548721,35.029697,14.17474,-32.66182,-50.338158,-33.35342,-17.605953,63.95027,-19.801596,4.8985724,47.982643,-68.476295,-33.694244,-21.397951,-0.40237495,-24.807882,25.854795,19.520561,29.989603,-3.1163745,-22.928022,48.051456,27.246067,6.4927807,-38.497986,6.6633267,-12.762134,67.127945,-11.12701,-6.9366775,3.3891034,-17.740686,0.37611702,18.4965,-23.384064,7.931624,-13.788461,42.579994,-2.5839062,-110.96256,20.873432,80.05176,-21.094505,41.672752,-33.60105,2.1686163,-6.79993,45.994247,16.905695,63.606316,-26.549953,-13.101331,-5.1920733,31.064793,49.827694,7.5357203,14.712369,-35.28681,-0.7875592,-7.1720905,13.744414,-7.4420958,4.0457954,4.6947184,-59.372772,17.080431,-58.1581,114.601906,24.768637,10.873992,49.73665,8.266508,-40.3865,-22.744476,5.789098,-10.881299,5.2179155,17.62546,-16.458849,-43.04518,34.99492,44.37491,16.891691,-48.28425,-37.531548,3
2002-09-14,Phase_3_fin,39.45439,15.963806,-57.829437,-74.42939,-120.26473,24.67775,190.13774,111.85214,-90.59143,-45.39794,76.53776,-102.80597,-69.51197,5.8647666,106.27658,-48.907337,95.01246,-26.619244,-70.23213,40.03466,-18.021975,-93.74553,-157.75089,10.810715,-23.673859,-19.323666,-10.63591,31.326712,-33.71054,16.743973,57.93272,106.156364,-16.747478,30.52435,-18.242989,-1.126834,3.7109005,9.986547,-0.2752643,-80.782394,68.46768,-32.292175,41.966118,-18.928225,65.466095,-20.54839,23.018356,-79.99009,-34.35325,-45.857204,21.343164,6.776496,58.38906,-66.78979,-45.926685,107.235855,-43.89525,-76.66925,-39.541855,-132.21057,-43.62597,48.134663,-25.627016,87.626,-35.123814,60.106895,-6.3971457,49.078472,-74.48191,32.0016,-49.02973,35.187016,-29.49864,66.341606,10.827675,-46.589306,42.650436,-7.613104,-39.386353,-21.975912,-9.511065,81.16454,-36.452232,0.29609644,-72.91241,47.89808,38.946415,31.681385,8.075458,-75.533646,36.547024,44.819614,8.362039,-11.063876,-33.013935,-6.8357816,-32.915623,4.9612203,3.6802275,-46.212784,-32.943245,-25.281355,-26.11513,43.16066,3.5014827,3.1185873,9.7147455,13.133222,-17.93078,0.5647068,24.304937,-2.0955777,16.213896,6.2490106,-8.68363,23.785492,2.5992765,-4.2599697,1.0225846,-22.823612,-14.585174,-17.527597,-31.669199,7.198601,-3.6966202,-9.9250765,1.471564,-20.46588,3.1006577,15.931762,-4.4999857,11.978967,-2.7132745,8.348955,0.046633143,-3.595936,4.23244,9.719415,30.038593,-9.728766,-0.33029258,-39.827026,9.872905,-15.408363,13.63212,-26.036318,-9.607755,25.403072,5.007775,24.875729,-2.5484333,14.440933,6.243497,-1.7900476,2.4770997,-12.537699,1.7692494,-14.26372,13.699616,11.34435,16.15792,-21.340208,-8.293102,-13.702514,11.308408,-11.134857,-35.947746,-14.534841,1
2008-09-26,Phase_3_fin,-134.77324,-214.47752,34.770157,-13.681056,27.253897,72.8569,-10.931171,-114.70625,104.080444,137.74295,22.903227,-151.4718,-122.2356,-21.475637,-34.640766,139.36435,-11.4050255,50.88408,-114.44591,40.70633,-99.84684,10.273532,122.21954,73.50017,43.915665,125.87581,-65.57436,-20.22556,-153.89005,-35.646587,84.19061,-37.092545,-72.636055,-10.492429,17.240469,16.250034,20.006071,-83.43621,43.722153,-38.664806,26.309855,99.060905,-21.384684,-18.675135,6.6791263,21.625443,14.345925,-87.37532,24.707138,52.505383,68.28329,21.001028,47.499584,-1.9473612,20.709372,-23.568184,-24.235273,12.988562,-32.505,-71.87689,-19.204632,-3.7560885,9.461821,63.489735,5.3198886,-25.124346,29.89105,-2.8488364,6.0075607,-40.11202,-3.532628,59.50095,41.145382,-42.89375,3.9245973,-23.631586,-53.821968,-1.6279703,5.791975,-2.1953125,2.8592749,0.20688389,10.558186,-8.75882,0.75420105,33.696175,4.759845,-11.22593,12.212537,21.904322,17.39364,-28.849998,-30.351934,41.380623,-62.49719,13.872275,-8.414594,-32.510708,-45.35069,27.20488,-13.394924,-1.352432,45.660717,5.852982,-4.380737,-3.9692185,12.3293915,14.158102,-12.091154,-14.00124,-11.029398,6.0234027,44.290436,-32.163097,2.2357614,15.359503,-4.032147,1.1386592,-17.776068,12.399923,-1.0019518,44.045628,8.376549,-2.735849,-10.595997,15.110373,-2.8631823,35.211624,6.0347805,-22.432491,-11.157733,13.06205,-9.706741,8.916701,50.796482,-4.5043926,-47.705467,-0.016637577,-1.4574511,17.906366,-18.517082,4.394627,-7.5174193,5.4036107,-4.165785,-0.8067363,-0.8014051,43.211647,-1.5748178,10.198731,3.888678,-16.90308,-35.485092,-33.70514,-39.035927,44.856827,-13.51938,-29.10568,-7.3654866,-22.948442,0.068764836,1.2983311,-22.406,16.6664,-6.8653145,9.5627,-1.3126148,-28.58461,2
2000-10-26,Phase_3_fin,-140.14545,13.61577,-4.893546,-25.276678,-209.75757,18.227264,78.94122,29.17515,-76.4687,91.95623,-39.65574,-58.499607,-142.35013,-3.5034506,29.323486,61.549976,-18.420784,-27.393904,72.53016,-41.815903,0.47617877,2.2816594,-13.765173,-29.359905,80.78956,-0.1565499,7.211791,-90.881065,-78.78583,-32.266766,13.235427,33.644623,-37.03037,30.408821,24.285942,46.29005,-83.092606,48.348503,18.71111,35.258755,-24.190924,-16.911867,50.93651,45.410088,3.2027786,1.7899277,12.467603,13.0910635,26.48396,0.00890436,-40.303997,-49.082127,-46.760864,33.28112,-13.698411,-78.85131,13.123869,-6.396993,-10.963559,50.441635,9.652074,-18.92249,-40.951473,7.4578385,17.350899,-27.058146,-36.330444,-26.110134,46.300446,36.20022,-18.079527,62.693314,-25.877016,-14.459519,-36.857944,46.800694,3.232889,56.25567,-16.022532,9.737749,-29.06649,-48.79307,-15.754923,56.34397,-44.879547,41.78758,9.412528,11.959938,-49.383297,-48.557777,-61.294613,89.19601,-38.219566,11.222102,-51.31351,-13.379651,-47.8203,51.845978,27.738743,5.323032,37.894688,72.57641,-6.147895,-13.951187,46.94792,-46.67666,27.941216,-44.56006,28.689356,-14.303515,7.6270943,-7.5850587,-14.190786,-8.309792,-37.83435,-38.618393,-38.02948,5.02368,-30.387278,34.939873,-16.080967,-22.758287,-4.5067153,71.76837,10.36335,16.441751,-1.2140459,-69.44687,26.138496,34.848633,-87.728485,32.534687,49.071518,-29.233437,-27.732924,8.927007,31.060572,-129.13228,-47.469276,124.81729,63.65585,39.374607,38.36975,93.44785,-39.578373,-64.931496,-2.8441517,0.8406872,-58.88252,-78.14129,-58.03213,67.59216,-84.54569,-6.7229395,20.293337,1.5397738,67.20455,2.307252,-45.50894,-81.18768,-28.01682,51.73631,-11.233315,31.100142,51.183,25.681961,20.80573,15.178867,3
1984-10-16,Phase_3_fin,-41.26017,104.72039,98.17136,17.9995,87.10996,-38.831432,20.577978,-161.96507,115.021835,70.17612,102.20655,-2.046383,-39.590424,-47.213467,39.342934,12.541327,135.07932,49.463066,90.57401,-53.532818,12.765761,-83.31838,-88.40135,-26.851063,-4.507564,2.091117,116.95,-0.32042813,-39.140408,-144.96066,-44.9332,-5.665757,18.962858,34.64104,67.44069,28.943153,-40.570034,-13.275246,-19.679312,17.503517,29.871914,43.13812,-35.025414,100.44361,-84.71116,-54.12491,22.797325,1.3842815,-3.9995372,60.125576,26.375008,-87.33557,-6.8298893,4.7601867,-16.752857,14.326707,-6.155783,-16.569164,28.63371,70.692924,-78.78954,106.37545,-33.004093,-45.404865,-44.176666,-86.513466,72.8509,-59.30425,89.467476,31.127764,-60.218758,-31.357729,-10.23831,46.905582,-48.49394,1.1959375,31.1537,-14.733685,25.038055,-31.221853,-20.01536,52.799797,15.882469,23.256596,-8.985389,-66.66222,-24.965797,3.6177437,-59.911377,36.845192,-130.35423,51.721237,-73.17964,38.648273,-4.3682504,-8.927664,27.82443,-71.18128,-49.34812,44.496662,37.241085,-66.37842,15.9801035,-21.01263,36.685623,126.87031,25.907665,119.848854,-152.7465,-94.7629,-26.620323,16.72779,-63.31058,-8.440897,32.729027,-55.247242,-60.86973,102.89012,-7.792263,-24.313868,-10.419104,-132.6922,77.77269,0.5698861,-54.46325,139.45212,-77.69971,-2.2012575,-118.77626,4.690316,-19.6234,13.765405,-1.112591,-52.991554,98.64181,-22.78638,9.374265,49.92594,-19.545786,61.950916,-8.8372135,-15.98008,46.951027,-1.819664,40.69415,5.9683404,29.651941,10.129786,-23.432571,41.268265,23.786095,-58.64331,20.012909,28.157852,-26.180262,4.8386154,40.312847,4.536956,31.89434,-18.51582,-3.7109215,-37.992516,-37.07579,40.28892,43.27232,4.297635,-19.388075,-23.790493,3
1998-10-30,Phase_3_fin,-294.06384,-174.61508,264.97354,-62.00497,19.46484,-53.909924,-107.85905,47.313545,37.346344,-136.97305,-113.586975,-6.3119917,-0.22577724,101.52614,39.111717,-37.364105,-60.00883,-14.955802,156.39778,-25.003017,85.457275,16.458637,-71.02512,-43.58545,-71.45122,-47.509144,-11.460531,26.465038,-249.73344,-109.42749,-114.44639,-88.09164,-66.08979,-31.172638,-32.068577,-6.3421226,-17.481283,-49.879055,-147.33574,-108.43215,20.568731,-26.756617,-27.854774,53.26911,72.032715,49.976604,-36.581448,-80.14759,-108.1972,-68.08943,-60.580498,-187.67586,-34.07121,-33.784218,-8.242706,83.63478,87.46285,44.172813,54.22566,-25.996817,-84.00966,-41.48997,-80.79491,-32.772972,14.247454,-14.655881,106.16566,79.77102,20.57721,-48.301884,78.977234,-40.32212,22.378904,-2.877552,-81.16429,-33.401493,-19.751722,10.155059,37.675438,2.6364532,-2.6311834,-0.6405388,1.5679904,-16.760979,-14.741092,-21.407312,-1.7875415,-18.136591,-11.108965,11.784628,-17.549822,21.578663,9.785552,-0.4087263,22.360773,1.2842462,27.912828,35.318176,-33.83226,24.355034,-57.044144,47.48549,10.21858,16.443024,6.6519094,-11.849752,-21.989147,-61.577538,-35.47533,13.244136,10.72282,0.22047016,9.964538,-12.546952,2.6900678,-0.32009408,3.1859083,6.0867977,7.275819,33.19418,12.856049,-0.24336965,-9.153905,24.220947,30.131557,-29.134657,22.385283,6.2949195,6.620482,-14.802859,11.729089,5.594363,-13.851042,8.225747,-15.20856,0.3789444,10.779173,7.11579,1.5841411,6.109002,-6.3975377,-24.163671,6.3673773,-10.00275,-10.213807,-20.274841,-13.824164,6.203048,-10.9496155,-7.697485,-8.796311,-0.25699812,0.44029853,0.41345593,-6.095103,2.2397807,3.2581887,-10.35459,8.97031,9.466112,-8.511727,15.101022,-6.183914,4.2331185,9.319578,-12.825071,-11.582631,-10.530828,4
1984-10-31,Phase_3_fin,-95.737816,165.34692,62.042805,-16.54608,47.96318,8.20796,63.484608,-174.18849,120.862465,54.714485,105.10027,-96.64114,80.93603,-15.013235,85.82717,28.3467,30.152845,22.577026,81.65696,-121.453285,2.2805827,-75.744446,-49.95214,-3.618102,-21.273394,-27.814661,73.920044,-3.9488125,-21.236723,-174.82872,-36.957626,52.913937,99.091255,56.624306,63.016777,106.856,-38.017696,18.750086,2.8547983,8.735296,-38.667572,34.68675,-40.960167,225.12447,-78.033035,-88.85848,102.35101,-89.04668,-11.634861,-4.6436863,58.789425,-125.695335,56.23569,-36.018055,-58.649956,-46.68405,-51.713917,27.05295,43.16833,84.43702,21.946281,179.68565,81.21502,76.64991,-53.970066,-48.663887,66.44597,-103.10528,80.10141,52.90994,-91.96081,19.519049,2.7186737,-40.130356,137.16757,-113.77272,-58.589283,-86.6143,-13.445205,15.699482,-118.54921,-61.898705,12.726726,-30.81135,45.122883,-44.19297,-20.024849,0.38132787,2.1949637,-19.555262,9.69822,-48.83866,-46.24898,19.703566,30.264736,-31.689934,-23.746452,25.788994,-14.211381,10.57555,-10.234946,-1.321,-25.06656,-24.130075,28.958601,-74.48953,3.532361,-44.33661,-15.0427475,11.758535,30.819397,-15.76606,-0.87043715,-24.308676,-20.595118,35.537045,14.660552,-20.361942,4.590513,21.483099,-17.302929,33.340755,-17.399426,-29.94094,20.313076,-21.830784,18.922974,1.2694172,41.684593,31.796383,25.395731,15.10408,4.059897,19.757051,-15.046356,-8.22919,15.912532,-7.7140164,10.920032,23.483786,27.22909,-7.919746,-10.304426,5.7880306,-31.427162,-12.05769,15.047111,16.178719,36.06677,11.552454,-18.769299,-2.88874,2.1491346,-7.2651815,20.599688,-24.188469,-31.396135,-5.0120554,-8.935746,40.53969,14.779484,26.816854,27.257366,-28.834106,-16.094715,-8.82091,25.54271,15.41308,3
2022-09-26,Phase_3_fin,-356.90622,99.280975,-32.4015,209.94725,105.516716,257.3294,103.770454,77.73931,77.107635,-86.68859,55.54957,61.186142,39.231922,97.59586,165.0128,-124.423035,-8.461838,57.40757,-104.42507,-1.1158693,42.40923,15.922321,69.96814,-109.388054,-39.566795,1.7788175,32.126423,-23.973692,-47.46982,-26.48441,-2.836566,23.12339,-6.071845,-48.80947,12.424182,26.037006,10.709423,-0.6556866,-0.58323103,41.90725,34.98592,17.012121,35.0766,-58.97392,19.92319,33.338703,-2.4069836,-24.293524,28.139048,26.909986,14.659696,-42.30545,-10.870297,22.683538,12.367053,-35.647194,10.769643,-6.5650597,-4.6476865,23.15733,-28.991472,-9.80637,-22.207613,6.155634,-19.051178,-39.796158,17.27128,-16.71098,-13.639461,-9.995531,0.9754387,42.141388,-25.783648,37.573704,14.025482,9.164631,-26.11515,3.9554803,-1.814487,28.52657,13.3036785,27.146572,18.462286,-14.956371,3.5482044,-3.9365819,-14.927275,46.378384,-10.229249,-1.1483339,-12.105347,10.022186,-6.792787,-24.588,5.920877,19.51485,21.610554,30.602081,16.502739,19.731537,2.9157608,-55.670456,-6.740484,-7.517543,-5.597707,-16.49105,5.708157,-20.983519,11.874518,-21.940998,-22.572208,2.0464344,4.228967,6.956519,2.5479534,-5.692421,-4.9639063,-1.4581958,-0.46821487,-9.387847,8.811659,-3.1908877,-2.2567265,19.52157,2.1857023,1.1634557,-2.678906,-24.067387,16.240158,6.533881,1.8913072,-6.1879644,8.601768,-7.0988936,-6.260637,-1.0482777,18.54715,2.6223931,-9.511848,-9.607326,10.186998,-11.821894,1.712455,25.32885,4.3394256,-4.650647,8.058183,-10.823307,-0.8580547,6.275468,-2.6199033,2.3428996,6.8914986,8.962466,2.1112123,-11.287805,11.78725,-8.147739,1.3774925,15.762448,12.730637,2.2943642,-5.0050783,2.1168127,3.8299544,-8.898492,-10.178515,-11.08042,3
2016-09-06,Phase_3_fin,75.95133,155.21753,282.67487,-148.18556,-17.196547,161.13092,64.50266,205.25603,29.6865,-71.39499,-196.96077,-44.342884,36.257183,-185.95728,-155.97087,-167.1306,38.93568,18.406878,-22.547445,-122.47208,17.711124,-33.832096,153.08054,49.783997,68.35512,18.216694,56.386246,83.29337,-30.619083,-40.668106,2.895131,-25.810812,34.401512,-6.9944077,16.225782,33.318836,-44.555573,13.400815,28.033516,-51.45118,-13.022756,31.160725,-51.200558,-36.532818,-59.68203,-102.574425,-86.836624,-0.7059559,30.955748,9.555753,-28.91173,18.550827,4.245301,-10.498404,-82.04113,19.427132,-53.594612,-5.450517,-40.507576,-27.384457,27.124083,-29.194778,44.125446,-11.635362,19.122955,-57.226936,8.691011,100.043274,-47.747677,17.741667,48.25165,-43.978695,-3.5630443,25.84071,55.81259,-29.587048,1.5086026,-53.610416,39.100468,-59.328087,-13.813586,-21.769365,18.312973,20.05405,-41.149303,-23.853756,43.979156,-51.36905,-21.134714,53.991123,-50.10157,-15.060402,-46.38448,-16.266106,28.148588,-8.6601515,25.418898,16.35066,-4.7952914,38.619423,73.10826,-27.493967,4.006537,29.631502,27.419266,29.669804,-10.821035,-12.206954,-0.33303684,-24.670826,3.1655502,10.976162,26.990343,49.574097,-19.304365,2.7853396,-0.6731356,-3.6462903,2.7491772,-1.4488448,6.8624554,-1.6931348,27.343319,11.802386,-8.221217,-11.12729,22.007498,3.4690661,24.379055,-4.794893,8.831972,-35.702312,-23.244053,9.346589,-18.244028,-1.0684967,1.2963173,8.14285,-19.8743,-20.19234,2.5302072,-10.269142,7.179392,5.298542,-12.248959,-10.175535,-25.024876,0.49565393,7.885435,-5.8924212,6.0485244,8.682767,-18.849396,-5.2224026,-13.1665125,-0.12767471,-6.6077495,-0.24510206,-8.3621235,6.55632,-10.356958,-8.553062,-12.336243,7.369108,-7.6962824,14.6052265,1.0142379,4.711223,1
1997-10-27,Phase_3_fin,366.61322,-174.7983,150.88214,11.150308,72.646,80.13566,-88.45589,-66.19606,-31.674036,94.82227,151.11803,-159.74457,12.200299,-43.90903,148.7728,-124.63609,-89.61164,-51.982166,131.76842,-119.01566,-124.5861,11.011699,34.245285,-100.88179,97.57835,-20.729939,-100.5039,-62.43971,105.086754,2.1144989,18.130693,3.4738145,31.812666,-21.913586,-59.453434,-67.184364,-35.979717,97.74677,4.6754646,41.950237,49.8864,67.6,-77.91776,17.04123,51.88111,-70.04703,-57.54773,-12.593564,-138.4589,-14.892969,-49.570637,-75.072754,-43.35584,106.46663,-54.901253,-3.071979,-96.97222,46.452244,49.05911,34.822124,168.24052,0.5260494,8.440583,-100.0602,62.274174,76.816635,21.250626,-60.394505,-23.895422,-33.301746,-9.493626,46.984615,48.221657,114.26718,15.735604,49.872627,12.31993,-35.914623,-8.6504345,25.68624,-12.833837,65.49642,26.522882,2.4909883,13.175858,76.404305,38.002007,56.471573,-5.43449,-1.6058859,29.271175,8.084657,16.561422,-25.215475,-36.23245,-29.212412,-43.68692,8.12744,-51.061283,33.11174,-3.6452508,8.428319,26.324017,50.251877,-5.2413754,4.481578,32.418526,-18.97284,-26.622307,8.148725,0.8604769,-20.91156,41.826344,20.048342,10.746622,13.32024,-5.4471855,-18.390736,-25.35049,-1.1528323,32.939972,3.5784616,21.813091,46.643055,-5.61914,3.0568345,5.6811504,1.0445998,-32.02654,-7.9615374,24.982708,27.398474,-15.952103,8.252287,40.43981,-4.800918,-22.354921,-15.91103,-1.6302419,11.368483,-24.803247,1.828741,23.284369,-34.09408,-2.8300836,-27.499926,-6.140322,12.205643,-11.062738,-25.3445,4.3813066,-45.480526,11.343615,7.423495,-12.444297,3.0044115,12.363915,-13.91667,4.2978196,26.917336,42.541344,-6.0150385,8.795198,20.098642,0.75778073,-31.938972,-32.08743,14.21807,0
2002-10-30,Phase_3_fin,117.07533,19.926413,15.393787,-31.920403,-88.471855,-79.2395,251.29108,167.6054,-41.707714,52.097775,114.254074,-219.19739,-27.636286,60.474033,56.06891,-130.74779,42.453644,27.415745,64.056145,0.8710851,-129.7211,18.266012,-12.0115595,-10.490257,-125.78927,19.051514,17.30154,33.37843,-101.27631,95.66999,-90.950935,2.135576,114.68983,-27.344648,93.609856,0.20326513,55.34517,-15.964085,-11.986701,26.478777,-5.6112843,64.25661,25.23141,-41.45652,-35.456432,-6.660361,14.744571,-39.22,-68.089165,45.897728,-69.10808,74.44782,-32.260048,-159.25267,97.86824,-19.117699,-49.455273,-5.869602,53.190716,-40.09871,-39.34588,-26.232489,-51.199013,-87.97618,102.10662,-3.0087388,-7.2514005,-60.872364,10.8589525,33.724365,-29.961735,-21.031967,-8.161847,-38.160297,20.664368,-14.900026,-73.99295,6.6010375,22.67518,-32.94532,49.582436,0.79797333,36.89372,-55.00498,11.642723,25.245821,45.50214,-0.842186,-8.548271,29.227436,-10.015403,-20.183573,-9.057082,-21.844141,-0.6149189,-40.371853,-14.8769455,43.675205,13.722241,9.069833,51.347145,-2.1775274,-12.996752,10.771783,-1.9275125,-10.183045,-19.44983,32.980118,52.27769,-14.0020685,9.014989,-2.3173883,-13.5156555,-59.029907,-2.593235,-25.425732,-17.944149,0.963049,-37.44398,-7.533697,-8.872851,42.167114,-20.181927,-46.209805,-13.431949,-3.3857691,-0.988603,1.2710178,-9.875845,-23.404907,46.592396,21.07426,23.333305,-5.70868,-44.394882,20.77686,17.478626,19.808601,9.761503,57.09362,-14.099245,-26.662413,-13.940481,3.0977278,8.693014,-13.13311,28.551031,16.200687,-18.730991,-13.988213,32.59966,-6.468722,-28.144236,-56.18193,-54.500336,-49.262547,23.676151,-36.872097,24.38602,-3.8598957,-18.44903,-17.0383,3.9608557,-34.131947,-2.7671907,-39.038532,-34.452705,-15.309289,1
1986-10-07,Phase_3_fin,214.13548,90.55887,-121.485405,-29.496109,144.66806,166.62593,-116.69494,128.72263,-104.4334,3.5229793,-47.036594,64.722466,55.49878,37.235737,-152.88268,-21.796598,73.14917,95.769516,89.59784,5.6756973,20.029127,-51.117657,73.52899,-11.200869,1.4006008,-12.039294,-76.30869,-75.89411,-47.22808,13.052836,-49.967854,-51.352875,-57.58351,23.648228,15.32461,21.569204,42.293877,5.1307592,36.339653,-18.45987,43.540016,-26.477846,-8.908779,2.4671917,20.40061,69.28299,-44.082508,-23.767937,70.95172,-39.85913,22.399906,25.969107,69.73505,0.44512302,-33.984707,-22.63656,48.09372,-27.461025,11.444046,-5.6880784,-35.807827,10.929522,19.828617,-94.727135,33.15953,-7.2220416,-70.59219,14.159946,80.033394,14.807986,15.04091,69.36365,-8.71087,-38.13452,-27.142893,-195.95729,20.413609,-4.972743,-13.664375,118.50448,-66.21684,-44.099445,-0.31160823,11.993539,-5.869124,105.08964,-22.187338,32.578693,21.97753,44.27805,-114.43324,-23.107035,16.95288,-12.716981,-44.762447,-15.095176,-11.785159,-31.653694,32.60626,-30.680632,-9.937815,27.033434,61.90127,6.0728254,-72.04902,16.832678,-24.48918,35.75153,42.120987,15.0837965,70.5699,-0.59257984,-38.309624,15.806177,49.58146,-20.198263,13.824223,6.3342276,3.1202834,-3.3755674,12.628318,21.347857,40.78405,20.063967,-20.795422,-5.7947326,-7.3983507,0.7032229,-4.4281616,19.524345,19.224245,-10.634808,-21.777664,-24.055113,-15.042478,8.111678,-1.4654837,-28.514172,44.675842,6.811294,-45.833107,20.782211,33.891655,-1.3617661,-0.07252045,-14.307787,-38.68819,-7.416976,-27.760199,-61.45082,5.5099993,-44.4416,15.979101,6.399788,14.127779,5.8300133,-50.2022,3.7053194,7.9829025,2.174339,5.4060526,-41.122776,19.648287,-27.531496,33.375584,-17.222042,6.038855,5.9944243,1
2012-09-01,Phase_3_fin,145.14014,-297.78226,-234.23962,-36.229538,-169.18425,122.64683,-40.932564,16.263515,141.50493,-59.03949,74.76308,-5.6322927,73.83206,-54.44625,5.905924,9.856929,-13.083079,-20.145327,7.8971376,38.17781,109.219246,-65.85795,25.13919,27.213524,23.17074,6.9197946,10.405577,-19.215078,-68.25813,30.36079,12.304784,39.6233,35.511093,-1.1476432,56.635437,-31.358154,70.63252,-60.479473,-26.394691,-89.08808,-135.73251,-31.996956,-14.769947,13.00412,-47.077797,-5.7842655,-38.80989,33.78102,72.5597,52.066044,-33.54369,21.618029,147.26245,29.47381,-16.093992,-13.295982,-40.567123,39.171318,46.939693,111.938225,-110.25012,52.66064,-15.976659,-142.26688,-2.8034036,-4.190358,-26.278564,32.952843,-84.748436,-38.319492,25.88579,-29.620758,-7.042763,49.1286,-13.535054,-1.7392682,-4.2131286,69.97145,-51.556618,-17.147726,-56.062172,-5.471077,4.340388,37.64219,-5.1798043,-52.824562,71.62749,-2.5679755,30.951487,-30.26177,23.31338,-43.236656,-47.003254,-12.14415,-48.01419,-20.458647,-19.586761,35.47128,-23.967415,-65.96769,-7.8069344,-14.86922,-24.44269,-9.36798,-10.922807,-1.7869622,29.803373,21.834263,-18.79885,6.384583,-17.777666,-10.299251,-12.931049,18.147833,-21.859205,39.71351,-30.016888,-3.2155797,-1.7426851,-12.25577,26.29459,-14.4986315,-15.874558,10.077421,40.402172,12.284213,-8.320344,-0.8174168,-23.673845,40.03537,-11.967106,0.016038472,10.188988,-6.804528,-25.04155,-1.3653845,11.057866,-0.649755,-13.9001,3.6948135,-6.5879054,18.383327,20.935118,0.72212785,12.823201,-14.066672,-11.7043295,-24.669796,30.254139,-11.615409,-18.77016,-5.846204,-6.0878835,4.404028,-22.134058,8.872902,19.67425,6.299836,-10.454411,-4.2607136,-10.36957,-0.89995444,23.833187,-6.0663605,-19.695518,-23.592974,-25.373821,-36.255653,1
2018-10-13,Phase_3_fin,140.60582,151.49359,-126.506615,-53.367596,35.29358,12.947643,98.83672,-27.050024,-68.4112,32.593815,-201.54816,75.44912,148.08649,-142.11441,83.91496,129.36032,2.7576175,38.97878,130.8653,-47.706577,-138.1562,-61.92502,15.44553,24.860119,-105.209885,2.8148293,-61.80588,79.97868,58.53258,128.70522,30.479881,0.12722896,35.72114,-63.064995,69.33168,-26.851513,-11.316595,50.17797,-32.46288,14.623835,-4.18582,-1.1845036,-1.7429291,-20.95655,-17.780043,27.906733,-41.324375,-58.02859,60.397186,-0.744886,53.042446,-56.16546,2.0201705,35.77006,31.686466,-3.0974307,10.887177,-6.9264417,50.935543,-19.36804,-65.027306,-59.690372,57.959324,32.409195,11.6941,-42.27732,9.692067,-45.819904,-28.649103,-2.4449677,4.1637115,-31.373543,-0.11581467,20.604053,39.967,-30.34566,30.566038,34.32269,-22.845844,-15.647904,13.472672,35.1144,-6.2447248,24.746075,17.058146,-14.017932,18.281279,4.943273,-48.883434,-38.100315,-1.0834594,9.795578,8.36374,0.23726875,11.620353,-17.42955,2.3576486,-36.83849,-4.476876,-20.212296,-19.871275,54.32088,20.905783,-14.640932,-22.712124,19.96505,31.192862,11.330456,-16.120808,-24.48721,10.303055,42.043976,-29.259663,-28.360878,-38.89742,1.0258754,35.299362,10.314068,40.675945,18.459013,7.7569838,7.857219,45.152893,-0.27594283,-0.536734,-38.073406,26.535463,38.490936,-13.6443205,-5.704101,-20.933035,-24.010324,21.829403,31.416328,15.248861,8.657202,-6.1911764,-8.027451,-1.7345247,-20.843586,6.3157244,-6.5944314,-6.9471583,-25.230108,-5.887385,-19.333467,-15.269176,-9.533716,-9.973543,-7.6155343,29.87834,0.6583816,-10.999941,-6.935564,-1.2258538,-14.707641,2.2392986,-12.864837,-4.8965726,-6.800052,16.371496,-3.8606148,-2.3610299,19.729855,9.185079,3.8289158,3.6825924,3.5345368,1
1990-10-26,Phase_3_fin,-40.66433,97.63474,-41.734936,-12.304204,110.1206,-115.34489,77.60799,-7.4353476,-7.581558,-81.888695,126.64544,334.62476,50.48427,22.398876,1.8571192,18.036474,2.1678293,5.859414,-50.94491,-39.12961,5.5755715,54.174892,-43.449585,119.02277,59.724358,63.736794,-121.18536,164.36137,-7.354102,2.2281168,-24.246126,-6.157799,-50.757507,-58.951942,-23.459692,90.87354,-28.236584,-32.75504,18.678812,-0.094707735,28.331612,-54.578964,-23.302238,-23.256384,-56.011753,-58.158085,-26.963167,-28.315935,-61.633545,-2.709847,-15.369779,19.164461,-22.822474,-32.578148,-13.133449,15.657026,13.247842,-4.4967194,9.253478,2.3313184,-34.737343,8.227483,5.635391,-12.476913,33.427567,48.463585,40.112576,-24.71839,76.68658,-14.759152,-0.46636918,-11.592615,33.41564,27.131142,40.036102,-10.358129,51.411953,0.86490315,-12.612861,-6.1138635,23.229069,-3.4249682,-7.885809,-2.5424592,35.996708,-30.467543,18.76237,14.989595,18.043888,11.044626,10.132227,1.836132,46.708595,-8.041799,28.451916,-21.671589,-43.48725,78.28098,23.546606,-7.211238,19.119196,-13.607886,41.225292,6.990458,-7.427468,40.999428,11.922065,-1.5009303,-48.31938,38.265587,-50.588673,0.79300994,18.71259,31.050423,12.690017,64.6206,3.6115701,23.544083,-1.0613066,-2.417708,21.955233,12.582778,-10.957719,14.719091,32.059658,5.0337358,52.8808,-11.158662,-33.164074,-48.933876,-75.015274,-46.71501,12.557429,39.94079,-14.847893,79.44535,21.10745,4.6012874,-37.97224,58.04143,46.33343,23.339083,-26.953173,0.113086976,5.2047243,42.731117,7.279823,-7.1280036,-20.397049,-4.037175,-3.8278253,-39.717503,78.13888,-7.1113825,3.4897118,38.12334,-6.6640377,-41.83894,8.426026,-17.322643,-22.165197,-126.03064,-21.857456,-48.767967,-4.634251,-11.629509,55.008614,34.130775,1
1990-10-06,Phase_3_fin,47.814003,68.511284,-46.511013,-66.75497,58.081955,-53.671215,-27.273758,-8.199087,-97.539215,-104.09618,49.476543,203.56282,-11.829532,-12.407988,63.44287,-7.4693565,-27.66542,79.59071,-6.557814,-37.840153,-52.21615,-22.412947,-44.00579,70.40704,55.699562,70.325134,-38.011852,123.835754,5.5004344,-47.37,31.125647,-75.33959,-104.25843,-27.81348,28.587358,64.10979,-41.38362,-32.948723,-34.867737,-3.2263942,50.840454,9.433751,-32.350727,-40.768116,15.202671,-22.214672,-39.779324,-22.707495,-84.1163,0.8234191,-43.370567,25.031382,-29.761301,-3.4475832,19.842701,-38.04045,-0.77995116,-36.886112,45.407673,97.12423,-14.68534,-19.99638,-38.046707,-34.017067,37.68812,0.5725353,-58.728592,-27.049854,-60.205017,-18.154736,-69.06784,-14.512218,23.90615,-52.881813,16.127344,-44.02447,-70.90227,48.38644,10.821785,-34.649,8.450801,-9.837538,0.31969303,51.3604,-43.72976,41.772686,18.953402,78.76643,36.94689,-16.454613,46.052147,55.524307,-4.7528563,30.995285,7.1557407,-4.8437996,29.881819,-66.53694,4.591275,58.64594,-36.694614,-11.9465065,37.119312,36.894955,74.6993,-3.9397917,45.565926,-19.216372,20.572878,-18.744915,26.809414,12.912346,1.5346488,27.690393,-41.452446,1.1305656,-37.6322,51.66264,45.52323,13.046876,-52.813213,-45.63945,-34.938416,14.085504,-32.780655,17.99052,-5.0010624,-9.273159,41.944473,38.654663,-76.71565,-3.4347177,66.59816,-35.599518,39.0747,-58.95377,60.365723,-41.390465,11.183063,-34.69858,20.28604,-30.592646,-98.347786,0.11864882,27.337906,27.915243,11.661827,8.138646,-57.92674,-18.760199,81.70545,-5.6818714,-7.268638,18.867414,29.353619,47.348984,-96.992836,9.891393,-48.708977,64.62737,-65.54215,41.50217,39.780544,-63.374302,-24.704374,8.774031,-141.36815,-29.313574,1
2003-10-30,Phase_3_fin,118.57932,-29.028997,56.0137,-169.58858,187.45451,-63.813507,70.649254,-38.720226,42.464985,114.454414,-43.78669,-16.567232,-46.43055,101.26955,8.726493,-44.06008,-110.46487,115.63284,22.529448,127.87827,60.794514,-51.587154,19.542137,-49.968307,-9.657309,48.85626,19.292097,34.229046,3.7424679,142.96318,-21.052074,-67.11987,39.66693,-36.8303,36.36926,73.53418,-2.2026029,-15.89544,56.776028,-5.0003567,30.95649,-84.74997,-0.76985455,32.339005,49.338932,-78.22954,17.324377,68.13601,11.128248,-24.295744,67.622406,1.5610347,23.413143,20.456942,0.080235116,40.985294,17.489286,-2.6852276,13.829395,12.734825,-33.824482,31.33134,16.271973,-30.761301,-23.761223,-33.41697,21.948042,-48.295967,-46.041565,-38.6645,31.316984,-17.380207,4.732536,-54.274734,-23.609072,24.174164,42.529644,-53.78043,2.4691012,17.522015,-38.303104,64.76061,42.794243,72.33774,-39.935825,19.558146,52.29109,104.157364,4.7932568,-8.059602,-36.9039,-25.71081,29.265987,13.93544,82.380066,-38.3969,9.368842,-12.017346,83.11306,36.65087,15.952568,45.524776,-69.453926,-5.569127,74.32331,3.8099637,24.720325,3.513908,71.43916,13.929427,-80.28574,-90.90393,22.175386,-45.25272,-10.3643465,-13.776159,87.007484,-12.536331,-3.2118447,47.66621,-24.881596,27.394342,-33.646217,76.24956,-24.138308,60.12015,0.3568851,38.104195,-15.127047,-46.33749,37.751812,22.417439,-4.2266293,-2.9805596,-11.640127,-17.82266,-11.231997,10.801848,3.3595026,32.26433,-43.801613,14.317414,-4.1737256,2.4883592,33.895096,-10.985969,-26.239042,8.732992,-3.651673,8.235561,4.729061,3.9685588,34.890026,17.302446,21.02744,24.728863,-2.4113672,-12.92986,-18.1869,-32.012093,-20.498404,-6.9136033,5.531621,29.237001,-17.03135,17.041967,-14.808524,-34.523785,1
2011-10-18,Phase_3_fin,-196.22493,-99.58435,-139.10968,62.58256,-44.617714,-37.00214,49.53215,-145.14545,-61.811752,70.34579,-95.02096,1.95869,-4.3603234,103.285934,44.88724,-4.5074644,44.346626,-52.85792,-38.195473,-48.023846,-84.666176,-51.82962,113.410484,18.453959,-2.0178962,-39.133335,50.536983,-13.724451,46.92951,-51.59187,67.35077,31.15196,4.1523776,80.202866,35.3541,-11.877644,124.0783,90.279655,-8.445276,-9.16461,60.915222,-78.24033,-141.05034,44.09862,109.97067,-63.978798,-115.08072,-17.366585,55.43667,-44.131737,-101.01905,-6.411968,-33.954464,-0.70700526,-29.808498,10.152919,81.05827,-121.36455,39.083233,-48.07424,0.23922841,3.99381,-23.380714,31.458212,19.547592,4.387296,2.294852,13.797185,102.9861,-84.107635,17.77392,-72.8475,19.386185,-92.544525,42.808025,33.16937,-11.915871,-37.11291,-22.221268,-5.9066668,45.016705,9.878589,-54.600067,-114.639465,-46.975777,44.44761,79.84392,37.028034,22.756691,-15.691194,20.268518,-29.223421,-17.511482,-56.332764,-10.97589,2.0008605,19.452099,16.541088,15.493791,-42.07624,-16.786564,-44.98986,-17.819172,-53.614155,86.973045,23.597776,-3.436021,38.386295,-3.948183,10.642104,39.15908,39.02047,-36.890938,47.361565,-2.5262764,-1.8841085,-1.3409845,2.432023,20.825165,30.06113,26.178337,18.652805,11.687418,49.889206,39.625046,30.362984,-46.72249,25.034224,-11.420281,35.338356,25.044958,12.170857,26.457726,11.132448,9.445418,3.1430647,20.705246,-14.209642,-24.073235,-0.25987983,18.242823,53.03606,-2.1955671,-15.378955,33.192097,-2.51845,6.704322,20.053734,34.13311,-10.815729,5.7898097,16.48187,13.278171,-0.5249387,-13.068145,-22.030304,-15.763173,-14.686754,16.79825,-16.055656,-1.4666134,-0.45806906,7.0516825,18.424606,-10.805595,29.989233,9.950416,-20.280052,2
2021-09-17,Phase_3_fin,-197.21191,53.96236,27.14013,-38.331894,124.47187,32.06787,98.658844,25.41584,99.41953,53.418118,91.094315,-91.78994,102.14159,-1.3326272,-20.666105,46.287014,-49.671818,-73.06219,-21.524963,-30.424473,48.983494,7.0249596,-40.811253,173.24977,55.550354,13.787781,-68.49437,-39.85185,14.466407,25.208769,4.675134,53.872498,-43.738323,46.0219,33.022415,-31.904764,-22.789907,72.050865,-67.84971,-4.572218,8.782581,100.557724,15.980373,0.46786204,45.49315,36.170574,106.96064,38.99379,-88.90459,-7.003772,2.7149656,62.705753,53.695595,95.24704,40.269997,154.8715,23.753765,-13.030635,112.47458,35.054745,11.071118,-18.494324,-51.080235,18.159916,16.80608,-83.05547,-86.92607,39.04262,35.70249,-44.2361,-17.704136,18.546293,-5.383855,-15.946209,46.446556,-17.547386,-3.3893442,-46.85488,-14.067075,-14.003858,31.183062,-20.13469,3.2724292,44.06098,-18.13139,2.00255,-30.046803,-12.474744,-4.5608215,18.616838,-8.516435,20.012737,6.0122886,-14.41604,-3.3244524,-31.473415,-1.2745843,21.102058,11.869805,-12.799077,-6.76599,-20.262651,-17.64296,3.4793768,3.5780106,-7.371973,8.783981,1.0624455,-23.868402,2.6249352,-9.651124,1.9717921,2.3449175,3.4223027,-5.7242317,-0.9510085,-3.2549524,-7.851185,15.384927,5.5997524,5.167049,-7.335311,5.6335673,-13.036836,-3.9858983,-14.171175,14.648623,-1.7648438,0.34758666,-15.025236,3.6341257,-5.7575808,1.6187952,4.741389,2.5176384,1.2042034,15.681617,9.084461,-5.195372,4.3872747,3.6520739,17.472202,-3.1625578,3.8844903,3.2229373,10.872244,-6.9463363,-10.5588,1.6136359,1.8816737,-9.447619,4.84537,7.622594,6.571642,-11.148535,1.0917394,-6.913698,0.2695544,0.56932044,5.90774,-6.2071896,9.26394,-10.541072,-8.513959,5.237397,-0.6977373,4.4119406,-0.6517227,3
1995-10-13,Phase_3_fin,-82.692795,38.36658,-6.796689,15.350637,-25.92808,-99.092545,44.812256,-45.999813,8.466603,-146.81744,52.563972,18.230898,-113.818665,17.918161,26.619852,10.984076,24.951918,13.113958,-21.311268,-82.29005,-30.81674,33.901665,11.363312,-20.361181,-98.54654,3.1814113,-36.63278,87.607956,-4.508405,-12.987546,-10.03525,-100.61427,-22.745718,16.462633,73.689026,-44.320194,-2.1631417,93.82486,-133.97038,-94.13778,-43.309544,53.347958,10.760071,18.1815,-45.008404,28.123749,-1.2906632,1.2623701,81.88264,82.539246,13.018143,141.05957,91.68154,45.619366,32.543827,14.863332,138.78317,7.7956657,-69.16742,3.5641277,93.52118,52.99734,0.63332886,-12.696895,21.5476,21.808554,112.608894,11.020754,52.77424,-27.053535,-8.834878,-49.98659,-5.581276,-7.9453278,25.500238,15.117993,76.44893,28.112413,43.21921,43.294846,14.303906,28.846952,16.570814,35.56904,41.197735,-35.54752,60.439533,39.054096,-47.298767,-30.734274,22.557823,94.40214,-142.19377,-9.519757,-12.676951,-67.944496,68.46299,29.362835,-37.66637,17.200108,-10.575416,-31.219297,51.698776,5.5105667,-39.640427,17.960356,-53.139317,46.066936,49.015404,53.91585,-6.7946496,-53.063885,41.4421,12.096231,40.147633,5.2517867,31.099327,-56.427658,-34.46119,-15.06611,28.29281,-35.23743,-2.096337,-0.50257444,-55.002403,-36.028526,31.575367,33.84666,-9.081882,33.037834,12.264663,33.6891,24.695763,54.014263,7.770783,9.095075,-6.83899,-13.964784,21.279922,43.457508,-31.143393,35.523785,-24.91896,8.795398,-8.3560505,7.1554255,22.355515,-8.862108,3.8485355,4.6588283,9.2327385,32.797714,-0.6506712,3.9099195,2.0344806,-9.43914,19.981834,42.062798,-9.05193,16.444092,9.091726,16.934414,15.120433,-7.506763,6.3549423,-10.815845,-11.650003,5.2215014,3
2010-09-23,Phase_3_fin,-387.8537,-151.35832,-170.12471,138.8068,227.2772,-59.29592,-246.4608,60.28635,-107.863655,-11.344688,-41.41171,-148.7756,-41.24263,-117.83295,21.842602,-27.155941,11.787647,-18.785957,-24.739271,-93.374306,-97.437675,7.9532504,-77.483185,29.334017,13.289243,-47.05418,29.751026,82.336136,42.54269,41.36106,1.4747359,-12.822397,26.53724,5.3456097,-40.572594,-37.299633,31.119894,4.783157,16.597343,69.90664,35.47472,-32.406708,58.345848,96.01129,23.323011,50.404366,28.871138,73.34103,2.969794,-42.05803,45.14627,19.829481,-40.393986,26.7171,-45.004856,-32.477604,8.351963,102.09457,-8.52553,-70.54919,-48.51334,58.968605,13.351314,-24.033987,83.699,-54.064724,17.891874,34.44476,-8.699154,-1.943621,-13.2371855,12.045947,10.41877,-3.2659101,73.07069,11.79343,-4.704644,35.155857,8.845213,-19.536983,15.234715,-8.637118,33.189117,24.441317,-1.5122418,0.22691756,-4.8642035,-0.5739272,26.159533,11.647886,15.450586,11.002599,-3.9408348,-9.20311,-0.76047444,3.294879,-0.42492384,18.161114,-8.802497,-29.476738,9.813913,1.5661597,12.21446,7.070559,21.4697,-8.750002,-12.317781,-3.4999635,0.08449567,-26.998766,-2.569555,-16.52358,-3.7715044,-4.687068,-11.854306,-1.1196223,-12.224477,8.965917,3.0017788,22.935354,4.75111,-6.4993544,-8.505101,28.920015,2.3162978,-3.7126641,-8.409321,2.294092,-17.600168,19.276682,-30.198912,14.868316,6.467144,21.232578,-6.955816,7.89424,-12.867921,26.495222,21.692732,-8.86296,-10.729656,2.8417807,-17.08536,-0.739136,-5.5872126,-3.9280365,-17.896143,-2.2865956,3.2053242,-6.5761375,10.892783,-14.125479,28.929049,4.6542416,31.488367,-15.468911,5.2641296,-23.628876,-5.8626037,10.1808605,9.081251,-5.9307313,-19.926565,-3.2533145,3.0255234,2.434569,12.967816,-21.676865,2
2017-10-04,Phase_3_fin,22.361195,82.56523,6.370716,-9.648262,99.500305,-9.384855,4.8506083,-38.270298,85.34938,29.628815,-81.09896,-3.670638,-16.786104,80.88362,-53.389416,87.7784,128.98346,-105.75819,38.598824,191.00182,-28.42747,176.14201,-62.023613,-74.34916,117.43217,-84.98219,-27.170444,-13.355798,25.399069,-5.475172,-20.995722,-79.8255,60.86815,-61.413616,17.782455,10.200962,88.21421,34.107365,54.789307,-48.083355,22.423565,26.170065,28.22627,-9.800073,-22.417664,51.40126,-1.4673897,-34.80668,-7.1147614,-63.25119,-61.52643,-22.977488,7.492972,24.719873,-52.6725,-1.6423444,22.547855,26.016428,-9.799302,6.5003448,-56.849396,-18.417225,-22.400904,-28.4675,5.4166565,-11.230318,4.827265,11.489289,-11.515146,8.026686,-6.3919115,10.486675,-11.020225,4.6391497,19.627283,-21.74309,-44.327847,-6.334099,30.653328,-16.89952,2.168004,9.0120945,4.113576,-4.2601357,-16.846014,-47.911747,33.211056,-4.76328,9.862878,4.5944448,15.544439,23.752298,-13.169039,-4.4079723,-20.52361,24.393223,-8.887677,7.98432,14.23643,16.36428,12.702782,10.975416,-14.974384,39.049255,33.92942,-35.71731,4.4190106,15.226866,13.18072,30.344463,37.77562,5.6341243,-29.180407,7.5068774,20.00004,9.250162,-33.329994,-52.214485,-26.724314,-40.75056,-63.749126,-24.71556,6.8326263,-23.288935,-92.26589,-0.33938277,33.574806,-6.8265705,-11.590472,7.803776,-7.9341006,15.361382,-2.7360666,-28.032373,75.13852,9.348767,-32.17344,-23.796015,-12.237219,14.9476795,-11.393425,-16.889242,0.068366036,29.757643,-12.011724,-35.99439,34.217407,23.64273,-4.2303667,-35.25168,-4.919676,-0.4758204,68.968895,-32.19319,6.859906,-15.166118,9.47561,-12.773349,12.761937,-3.864483,-5.9558506,31.072445,-24.197256,-12.269483,-27.966478,31.398376,39.13736,-39.60661,1
1997-10-06,Phase_3_fin,350.25092,-181.39966,165.1945,30.99129,35.54805,94.226105,-42.20227,-95.72572,-2.0197635,15.232148,55.10842,-143.66135,-4.7548733,-55.380222,178.83687,-92.31833,-36.303226,-127.58641,64.4404,-57.968376,-135.33847,6.887535,-23.37114,-179.78482,103.92759,-66.47418,-90.53771,-60.36223,35.272697,38.817574,14.938816,-21.130604,8.176682,-36.589382,-56.140507,4.218323,-4.91652,32.346264,-16.858337,-34.128143,-20.661428,-58.133842,-100.693756,15.493958,20.456175,-43.20725,-14.251058,-9.967196,-70.044266,65.73109,-25.492195,23.560656,54.227882,43.832462,24.599686,-40.988663,29.388525,-15.014268,4.5646987,-38.785416,52.983578,-32.19087,22.223843,-62.45776,30.096897,8.115151,29.947939,10.039519,1.645282,-32.641914,-74.369995,-8.007816,-23.603662,87.9753,-16.957838,-43.129017,-14.320813,8.673224,18.663729,-7.4585114,4.8100796,-17.37938,41.96247,31.06959,-16.699272,-51.97746,37.49442,-35.524967,38.55612,-24.893433,-15.253366,-24.620924,12.350206,19.495039,22.039919,18.43561,46.13089,8.868374,35.76199,-24.648983,-39.07084,51.890842,24.772814,-23.55144,7.352605,-42.398502,-37.655956,10.9592905,36.968697,-30.280218,2.8208907,38.638767,-32.159542,8.776569,4.3470964,5.9839625,33.29871,52.3452,-7.048246,-33.11785,-49.142223,-63.71592,-16.222998,-26.122313,-78.05205,26.314314,-7.321287,11.688393,12.131921,35.86469,12.304128,-122.71239,-9.919937,-2.2984276,-38.579777,28.51033,43.44923,19.008463,26.248146,-23.9181,51.118656,-17.081764,9.577474,17.343956,21.082739,60.146038,-39.43306,-27.931702,8.123051,28.450638,-44.337738,60.16977,-29.058191,-27.673037,76.61845,-9.940501,6.595499,-12.290293,34.615036,-76.03606,-52.80695,-21.940363,-44.30075,-1.8409685,-32.70906,83.5594,1.779884,5.1749687,0
1999-09-06,Phase_3_fin,-263.36276,-165.42633,116.12523,-158.12148,-179.58101,63.332607,28.818388,-53.59888,-133.32686,-15.901947,31.91292,8.854836,85.39101,-17.878765,31.917568,72.39288,-46.37397,2.3514953,-89.47304,-17.789051,43.149445,-37.74,-57.57652,-83.16679,-29.270353,-31.497143,17.30902,-16.041405,54.53576,-101.29121,-52.66887,-25.905579,7.267975,57.15734,14.597333,-8.822078,3.53587,68.04167,59.719013,-0.90908843,42.700775,-21.078074,41.481663,-1.4145707,-41.037994,-35.580956,-34.065968,11.685723,-107.221466,-4.1823144,22.73219,17.504444,-3.7938762,65.44396,40.16123,53.63961,30.387856,8.552496,-82.82334,49.190998,30.559196,-71.935715,65.795715,-35.12781,27.567059,-11.80127,22.39602,-9.382736,-13.253496,14.573577,-50.058556,22.929377,-38.252903,-84.91034,-25.956179,-81.150444,-10.927825,-17.954914,-20.784428,-37.236385,-14.259891,10.727759,8.914923,-8.189545,-30.613579,-32.708145,30.030272,-6.8241234,10.17655,-26.62859,-44.343513,4.1189127,-11.816765,-11.145585,-58.223965,11.093825,13.700073,-18.116922,26.158892,-22.897926,9.907869,14.651392,120.696594,57.842075,-0.52146447,37.749527,-16.394642,-21.702124,28.722775,-64.48403,-62.79525,-14.836392,-90.30035,-4.956605,-52.613293,-10.339456,23.523472,47.85793,-69.95012,27.395638,-19.778217,78.94796,-60.909115,-20.29355,61.44261,16.130013,50.376072,-9.294345,-17.394485,80.94864,45.61344,-26.948507,-22.388527,-29.286936,21.43763,36.12071,9.965546,-13.060547,-47.753345,-18.049534,-0.5732622,16.95767,4.133945,3.9071243,-15.95272,55.24313,-64.89372,-0.30726862,-6.2126694,20.577328,13.007774,39.298073,5.704768,-62.39478,-5.106808,12.337777,27.793032,20.564617,-21.842236,-6.730208,-20.262932,-9.468221,10.150857,-16.693403,19.57055,-18.18375,19.434889,-23.075523,4
2003-09-05,Phase_3_fin,27.7048,5.2359047,122.361015,-182.17163,89.27686,-65.180244,-46.317646,49.90913,-34.900726,-8.638401,58.10491,-12.798424,-36.587467,56.64132,4.9190106,12.837706,-84.045685,53.217175,-115.73472,96.74513,0.0062905084,-167.884,-8.5262785,37.425694,199.70505,-27.71441,142.82263,38.586918,-21.791212,32.677593,71.18285,41.1637,-73.999504,37.652813,-18.17754,11.902218,-2.1391675,44.783794,-28.419056,61.169178,-110.07127,38.123005,6.840162,63.889084,-102.78733,109.33164,-48.44032,-51.70927,-36.077106,22.338562,-38.407642,-16.704502,-6.282646,-33.739693,62.47442,-82.334175,-19.034943,-44.92901,66.0244,17.509886,32.180523,50.533756,15.837063,32.954643,32.663967,-44.116375,27.501606,-56.009968,-19.966206,-28.662415,2.2050574,-29.298306,17.608665,-22.709158,-12.83483,35.809128,38.144035,57.07506,53.84714,-5.1159563,-18.768717,40.916573,1.9204907,62.350132,-47.07319,38.455864,46.380215,-18.242916,9.191144,22.294828,13.544123,18.781971,-4.7423677,13.845412,19.358103,41.048134,19.481802,-53.127144,-27.905119,-8.105272,-8.268521,-16.513062,7.3655744,-25.469,-57.43107,39.96103,-44.81692,2.615531,-37.611446,43.192307,68.15582,-0.7311169,29.41299,-31.480675,-3.2964501,-74.58878,-62.028824,15.954491,-19.952038,1.6795949,20.369383,41.001892,-15.665514,-7.4296722,1.8575131,-3.4158847,-6.9706717,0.058220666,35.91627,0.16726182,8.009828,-12.163639,-3.491416,5.0600095,-23.075588,-3.0322156,-26.066164,-12.964424,-1.9690157,-16.165981,-18.865215,-13.223582,-3.976525,-2.1093678,16.84972,9.514906,-13.908369,-14.276222,-5.6638517,-1.5445191,9.75241,34.98381,10.389645,21.728683,-6.0348654,-22.511517,-3.9725368,2.0264442,25.68911,-0.42102146,-8.243152,-35.168255,1.1025337,5.7745404,-7.5657096,-14.488696,11.875322,14.184546,1
1998-09-08,Phase_3_fin,-118.6906,-250.31894,405.40866,132.20721,-92.19998,62.209896,-129.01346,148.85188,114.92243,-123.908485,-154.71184,-9.849748,80.955475,34.58895,-46.414406,8.846925,83.662964,-52.27459,106.12295,143.25876,81.30195,6.415974,-30.06322,13.229609,-70.858246,75.20699,-37.979992,96.46992,84.06168,99.50463,102.71131,77.37738,27.12448,39.081985,21.376566,101.154495,122.92978,102.40074,82.208824,51.592045,-30.683218,-45.6085,-33.873184,-37.34923,-53.859642,32.96161,70.1142,-11.160574,35.050793,30.6469,73.679184,4.016132,-39.036526,-47.165707,-48.051296,69.114655,-5.8581257,-83.49445,49.24662,18.40571,24.60448,23.365364,69.92515,-89.805885,-42.659176,35.6359,2.4192007,53.40848,84.61586,-27.64349,-78.23817,-36.377823,48.865456,3.1535392,-15.767367,16.022041,-50.76959,61.476147,1.2576061,-21.264927,21.827097,7.955433,45.03587,18.420082,-15.23835,-4.726426,-45.457363,-2.7465227,10.674707,-25.196535,32.33032,4.9843726,-0.60975254,-30.290295,-7.9459147,-6.3099546,14.79449,5.7356396,-18.612474,21.843842,-0.97687036,5.512304,29.33623,-21.006165,-19.529959,0.34924164,29.979818,-34.23454,15.721896,-20.049204,35.280277,-2.2935214,7.9144244,-16.429586,30.89559,10.947761,10.89822,-16.795515,-5.7202888,5.77985,-12.698444,14.374024,9.22758,35.504616,12.424766,-9.535226,-8.705573,-18.568274,-0.17112502,-2.2529757,-14.708313,-19.685068,-31.409203,0.2971149,17.321161,-1.8911542,-12.929027,-9.471795,12.542457,25.423954,-17.273596,-5.845989,7.6918893,25.207981,4.5957475,11.25178,-15.354342,14.669851,-4.0600767,6.385431,-9.510646,-7.9321465,-20.84748,8.382228,-0.119277135,-15.75062,-3.2595983,-11.244704,0.9955415,4.818694,1.4420526,-2.314979,-5.635699,0.30014744,19.992882,13.48347,-0.28884217,-0.77773005,4
1994-10-07,Phase_3_fin,270.3621,74.748,-86.970604,-57.38602,-203.10786,-52.81299,-301.8711,106.21795,115.00782,66.97257,-81.15461,48.49676,50.26589,119.89304,156.76231,10.2547035,-23.460135,-83.013824,-4.6155705,-11.033824,47.975822,-103.44451,58.366222,82.49144,-9.53491,-32.946136,96.09589,1.645958,-70.39309,63.273758,-70.64183,-15.376892,41.04763,-115.29296,-59.038696,-15.994934,-1.4030555,-46.892765,84.41561,3.3261776,54.536,-12.535876,45.796787,-24.944944,-34.085526,22.178135,45.27632,17.0109,-3.0903268,14.529242,-34.10723,17.215023,-25.543234,-12.719973,25.382961,23.515532,53.211002,3.9347954,16.002024,-22.176462,31.317678,-2.5315742,-26.707752,18.720177,1.0180202,-100.167465,-72.524475,-22.256235,63.165924,16.355766,-18.712605,-47.970448,-76.81841,18.928919,-22.988329,9.053197,48.794506,-86.23343,60.44299,43.512836,-44.401096,-17.877846,7.153509,3.8180952,70.70209,20.337435,84.02036,-70.57741,78.909096,-65.06446,90.50496,-9.626258,-34.124683,-0.32804298,-18.71567,-4.785528,-80.06344,-8.8137665,0.07444994,71.74044,0.06456588,-59.285126,31.387327,30.396687,-25.96395,19.667053,-2.2700355,-10.6051,-6.5068173,7.3567333,12.591833,-9.033867,-14.214693,-18.8039,-11.94291,-20.091286,22.948019,15.893096,50.780567,-10.455575,-17.789495,-0.7035748,11.905046,64.81563,-2.8806958,1.685357,-2.123476,-14.197025,1.3797973,0.5968252,-15.676901,3.4333246,-34.465267,5.930269,-0.42183235,6.2587304,-11.045509,8.810521,12.310624,3.0877526,37.64316,7.5120964,12.292627,-4.503209,21.888714,9.590735,-0.036209576,-1.0768683,-1.689269,-4.1186457,8.7726755,-3.9624023,-4.518316,-21.94163,1.0166879,4.6779594,7.145247,-1.921738,-2.768576,8.832392,4.260079,32.809345,-11.418603,7.2512054,-11.192537,13.1892395,-5.079954,-8.496799,1
1987-10-18,Phase_3_fin,316.52924,-199.02599,168.06093,170.46928,-19.669785,-75.24608,140.75616,148.24152,54.809628,159.28976,-68.35925,139.09532,86.60868,-41.031376,-5.7783413,-37.102467,16.39029,-84.669716,-101.88936,-11.378453,-69.820076,24.70475,56.515617,-16.541838,-14.867217,34.834538,75.424065,-38.35538,-41.13938,33.545116,10.386079,40.483433,0.14263041,63.611652,54.228302,-112.3751,38.786175,-29.35354,37.740578,-14.019876,-58.201065,-39.322857,-27.845573,-53.072186,15.554872,-0.3861345,73.066025,-1.4675254,35.906258,-28.034906,-103.85393,-19.897144,-57.820408,133.83876,-27.532967,3.585316,9.68485,8.01372,-28.72823,-13.204282,-6.6876144,47.367203,-95.943794,18.12085,-6.6293354,46.619385,57.057224,-11.35995,-51.522556,-9.081677,-28.01635,37.085323,11.056503,-1.9096967,11.863049,6.5365353,-11.757682,-47.665657,-16.014244,-5.2061396,-7.994544,-24.983845,9.724459,49.381325,71.31184,14.266255,-13.825063,-26.386698,-9.217879,17.115509,5.668156,1.6836643,2.4275067,-4.197414,53.849545,-45.690212,37.906284,22.79614,36.89595,-36.4657,21.204971,58.855183,-23.97413,6.328111,4.3591223,34.31316,-1.4753495,-13.125302,-31.754072,-56.048157,59.57648,-55.269432,-16.492956,-24.788042,38.19218,-9.970189,82.26462,20.118004,15.481074,-30.036934,33.508297,44.319992,-28.450459,-60.41171,13.398737,24.434074,-29.240623,5.3789372,57.665024,83.422874,-32.54939,-17.313997,-22.13768,-29.101015,21.284962,17.76862,-61.25442,-15.899007,8.942734,-37.32668,-26.534378,-24.00723,-18.723867,43.139782,-4.137671,0.48417974,35.001152,53.47554,6.3847256,-25.770018,-9.698246,-12.025097,18.449083,-9.314091,-14.91005,6.4502115,-59.442814,-5.270824,37.601273,-29.172546,-6.217639,57.242523,46.624428,17.75203,-7.2103157,-4.834154,-21.62061,-35.479546,0
2016-10-30,Phase_3_fin,20.155762,22.58571,248.51122,-223.02713,66.232414,-97.54279,157.56308,2.6812334,40.356716,-11.833634,-186.78972,-76.176346,38.745247,-48.24768,-137.89563,-36.619755,18.610624,-11.22075,-4.8759828,-117.87294,-53.302456,76.41766,41.896297,-63.806324,99.392815,-66.185135,156.99384,30.17899,-118.93495,-20.344309,-30.128206,-96.539215,-69.33995,47.988716,-143.60461,2.4117382,-38.17972,-46.169586,12.197327,-53.032745,12.0985,14.059214,73.61456,63.92928,21.057133,-31.651457,26.529774,-10.779962,-24.985252,-58.352333,-10.986034,-5.572631,-13.906817,11.904851,33.149918,15.9683075,33.201195,-51.852543,-10.875916,41.70457,12.123752,-26.36353,-41.681297,-17.519094,-83.0435,35.061905,32.80036,-62.964157,39.728153,-56.16342,-127.68092,37.069263,64.90164,-65.23999,-9.102257,109.99328,84.006874,88.73193,-148.6301,69.26117,25.27456,12.335798,76.93541,24.372765,57.360226,23.255848,27.869465,-0.8551486,-22.428942,2.8050864,24.423548,-57.89017,-21.408636,-21.728762,-44.775055,84.337326,-34.323757,-13.997803,94.91419,-25.91037,68.280716,-20.906029,64.838554,28.171316,-5.3989816,-39.98745,-20.038593,-4.2930174,-7.13335,-21.791746,37.71373,-23.742292,-79.57701,-13.798418,44.09851,77.86159,-49.35791,18.213799,69.841034,-23.01796,9.807161,-27.84117,27.877724,2.2794785,-17.639658,7.750259,37.1454,20.437796,-23.036629,-21.872467,23.555746,-36.20542,32.74105,17.318329,-46.872257,-31.462248,11.802991,27.379875,5.3160768,-8.994857,-16.304115,-21.430775,-2.9679484,7.7974772,-4.277663,-12.673535,1.0426283,7.6808257,4.1197944,-2.125913,2.1372027,10.671884,-8.350967,22.864363,-16.943626,-3.3015404,-4.5355873,-21.328642,-34.032497,-0.32295474,22.972416,-1.4123249,-4.1945634,-8.169698,0.9707743,-1.3946787,-4.61709,1.6261611,1
1988-09-22,Phase_3_fin,-248.95476,-11.997838,71.53662,183.23805,-63.860653,-195.8872,-26.289663,145.78807,-16.708258,5.4097133,34.443058,29.012197,-25.072115,67.668205,-35.807823,-11.404674,56.733467,-12.921832,-47.696163,96.619896,-104.68803,-15.660891,154.8939,125.48892,87.60996,-144.5882,-122.33824,41.068577,80.98439,-39.429977,-9.982449,155.29408,166.31644,-69.45077,-78.96446,-72.30471,-84.93578,-9.880599,-51.166523,-63.704174,2.10922,-54.56479,69.50525,-33.557396,-18.343388,6.671412,-110.97611,-4.3258615,-38.14171,73.67677,-42.891235,1.3336631,28.470533,-9.855225,68.55622,-8.516249,10.019982,64.23097,58.30134,45.86973,-46.179962,68.24094,-28.81278,63.756653,-10.774824,0.7818158,50.77202,-2.6734312,13.381708,-59.982094,-13.873725,26.185808,-11.448984,-72.720764,-27.236315,-15.610761,-0.62807333,-19.427614,-58.72903,-5.780147,6.214875,22.251303,21.143215,-19.972075,13.323085,18.605732,-43.912926,17.689365,-42.55545,-27.9402,3.114372,-11.947764,21.480904,52.37353,-35.553448,-21.133835,26.259766,-61.45099,23.707333,58.52398,34.954304,8.908743,-14.636746,3.2188337,69.36204,25.263723,6.0545797,17.451069,22.865623,-54.70343,22.535372,-24.30413,13.539683,17.918497,14.152376,16.501574,-38.096306,-32.56375,1.2584544,55.321953,-4.012525,-52.43738,11.812186,22.617062,-18.464365,-95.59952,-65.34315,-71.97111,-19.248404,-15.162062,35.30912,-27.75896,52.16948,15.841438,0.73423254,73.65005,-65.64304,-2.6495678,-14.947303,-35.375515,-10.595309,-23.93567,32.225304,8.612727,1.8654215,13.656639,-9.2428665,10.484683,2.4811177,31.965517,-31.589539,24.89421,-1.0607642,-26.236362,4.323377,34.4345,23.73763,35.750973,-12.267071,15.819608,-25.329048,-16.928364,15.313996,-9.104603,-1.3376849,16.884497,20.349062,-6.251895,2
2021-10-26,Phase_3_fin,-296.5781,-38.30703,-22.488104,24.044985,154.12212,-95.605095,195.72981,-14.720217,89.4902,50.2952,31.148518,-56.015976,164.62494,186.57735,-62.674442,86.953735,-24.632994,-179.97324,73.01884,-144.07938,166.33704,-22.653456,-0.47195587,105.54307,17.987867,-11.447474,-88.97793,-134.39987,4.539606,48.369186,-35.565975,1.9793068,-41.1505,37.15751,-14.33865,-42.401493,-29.32501,23.405474,-22.28531,-60.585636,40.497116,6.995982,1.8956194,15.459696,-78.38408,-60.316525,57.267555,29.292244,14.100223,15.198396,3.4164186,22.747902,-81.0592,-65.04074,22.200438,-98.451126,55.13678,-29.969305,-67.869125,-43.883472,-30.547327,64.163246,55.02693,10.057578,5.036238,65.96033,31.319313,0.0166588,-39.013866,22.639395,25.117764,-34.36601,18.891521,45.387375,-52.694168,-5.464277,9.093697,5.8199406,7.0281515,-17.703735,3.0285347,-19.434807,22.644001,-7.736454,8.735829,12.912541,21.846739,22.311295,2.693721,20.648296,11.266211,4.583302,18.199848,13.420946,-16.383093,17.982563,-15.234905,-23.049967,-5.139406,9.880664,17.094543,-16.314571,3.518949,-1.7821698,19.126791,6.974613,7.370168,-6.161005,26.979837,-24.459938,11.910404,10.395386,20.282093,4.431516,-4.056451,5.001925,3.8748631,13.817109,10.443688,9.48221,-4.3702126,2.902377,14.642548,7.500672,3.549476,8.060616,9.159179,-7.7607403,-4.7220597,9.812536,-2.6611807,-4.170871,-9.353182,8.660569,5.5905185,7.519253,2.1988602,-4.165309,5.8298683,0.6118846,1.8031999,-0.23634957,2.5119896,-1.0588241,-3.4648945,3.471435,-6.806984,0.35046098,-1.6770209,-4.306615,3.3543994,0.16025932,14.273215,-1.4693545,-10.7964525,6.9428,-3.754049,-9.107123,-1.1962361,11.648085,-7.5885015,-0.28894198,1.8794972,-3.6647193,-0.7172237,-0.29386193,-8.447068,4.340488,3
2011-10-17,Phase_3_fin,-209.33568,-103.3589,-133.85033,69.88307,-47.74753,-38.976128,50.033382,-150.8275,-50.11101,66.98141,-85.333305,-11.71375,-15.447526,96.12378,39.756943,-5.509328,39.791584,-51.714855,-28.77349,-51.22423,-77.07295,-55.939632,111.689674,19.613594,-12.851064,-41.371567,48.62054,-12.413727,47.353798,-58.20059,52.66988,30.563875,1.904324,78.0006,34.483967,-10.03026,114.930466,87.11775,-6.3076973,-7.3281765,55.912,-75.911064,-135.41129,48.640293,99.028656,-58.60711,-114.0509,-16.390862,58.16394,-40.183434,-99.85912,-7.5707383,-33.47178,2.008818,-32.634716,6.088528,73.90682,-116.19849,47.546143,-61.458523,1.2218297,6.401925,-14.577197,31.22305,31.047962,8.285297,-5.8766236,14.75776,106.078285,-80.074585,20.64155,-78.834526,17.207766,-83.33563,32.202744,30.354963,-10.497422,-39.75486,-19.82803,-2.4403348,43.556522,3.2352886,-63.589466,-114.692245,-39.696346,35.444473,77.25941,35.60682,14.723178,-27.326859,17.309845,-35.57362,-16.330004,-59.798103,-14.039376,10.017195,19.720135,20.674614,14.5110855,-41.951324,-12.023152,-43.66241,-22.217003,-55.633396,76.72976,27.765842,-8.026104,37.15845,-7.6046042,6.3497868,47.693935,37.355927,-37.258682,48.44411,4.721785,4.75993,1.3751589,3.9882357,21.503683,35.070763,32.422737,17.585865,12.768019,50.875816,40.904762,38.825336,-44.34521,21.40935,-8.153123,37.64825,22.728632,7.726147,31.183252,17.396051,5.009651,2.4854624,16.220798,-11.723615,-27.752272,2.981851,14.532629,55.08094,7.707713,-11.868691,42.200306,0.36477742,15.432375,16.783344,38.86262,-7.811001,7.0159416,15.971423,16.394777,-2.1544516,-12.192872,-21.864588,-17.954649,-12.597632,28.45278,-12.549898,-3.3803391,-5.2889915,14.323123,19.62991,-8.498287,31.686928,13.539026,-18.990442,2
2014-10-09,Phase_3_fin,152.96675,161.29987,16.139618,61.82029,-51.61438,-40.750973,-7.632103,-185.58644,-96.4161,-41.87042,64.91404,2.714061,11.105494,11.59598,-100.415184,-114.60889,-77.61185,-58.679893,24.76923,13.228561,-22.270527,41.034367,18.65209,77.80291,-64.5702,-116.044716,-26.780466,-45.639446,-5.578176,-33.871555,116.483406,-65.400696,38.173824,-80.552444,73.4541,-23.985823,-25.829863,-44.127125,41.0664,-22.6033,10.427572,-68.32499,-4.0925107,23.776989,-19.036444,24.068169,15.665178,-15.858683,1.0039654,-47.16431,18.343056,-0.13915773,-24.910616,55.928177,36.430225,-28.115873,45.260704,9.585102,-63.931355,56.166702,21.249548,27.73872,-54.540886,-5.1612234,-44.40179,77.75343,-98.77206,57.960033,67.48831,17.517948,-63.581825,-15.630984,-3.8641777,34.24846,-1.5204751,-65.442764,-32.88457,29.472757,15.446828,-25.629654,6.6464334,40.610447,24.020765,4.6447577,-56.247826,-14.765571,24.989393,-24.653805,3.71837,-61.52854,-20.635836,10.950029,-13.356368,31.432142,9.742819,10.106571,5.7737446,65.18956,-29.20939,-43.988525,-34.04613,21.940622,-16.049267,3.6331885,-27.283018,13.933742,-26.914555,26.868607,15.372821,9.444666,-31.627666,-5.624662,-3.4815688,45.656826,-42.461296,19.906563,-15.476848,21.203535,-30.59148,-6.7691817,8.401738,26.730707,-23.240774,43.350304,-16.114836,34.55618,-33.1713,37.294827,11.1522045,36.878765,37.572903,55.7223,14.348883,24.046333,-19.0428,0.69080716,-32.517963,-13.604414,44.06772,2.456145,11.343312,-63.593662,26.027185,30.792664,-10.691,-33.679104,-36.04672,-33.690468,-40.09179,57.64143,-9.958818,-17.865303,-60.49392,3.1311522,20.712704,-1.047757,-20.844576,-10.453461,-60.088013,17.536137,60.56033,6.9288144,2.9799361,44.40417,41.40724,45.591473,-28.400637,-45.574116,1
2006-09-18,Phase_3_fin,129.46344,-133.40945,41.09306,-199.0227,8.293423,109.58365,-83.5838,-58.22293,52.545307,13.09728,13.110483,-10.991101,75.11216,-30.342337,62.52295,-49.54605,-58.704685,-43.554443,11.235795,1.789061,-16.159277,-4.4656844,23.068651,95.553474,-13.453147,114.698906,-30.529415,12.40255,157.42235,-100.87257,32.978725,-2.9701052,13.954591,44.10368,53.67719,75.4847,46.244526,84.67704,-12.349918,24.228832,-5.598146,-18.551535,153.34726,-85.51372,54.312958,-35.84022,60.002773,-10.738342,60.316097,-14.71366,1.8910481,-12.242694,-74.204475,-19.129414,51.150223,-5.725524,-58.371944,-0.26382893,-2.3418214,-49.235935,-33.67858,8.972259,23.475063,4.964257,120.94038,-31.110579,46.85041,-40.39276,80.99565,57.2878,78.83898,65.546295,-48.954723,35.478973,-78.74609,5.945758,-12.597749,17.427038,-109.481255,78.93274,-12.400855,-45.123623,-29.517057,-25.646038,-49.000633,-52.081352,-12.078698,-27.64506,4.8353863,-12.303944,26.66759,-10.549515,-69.7377,-0.1885643,31.34598,-72.80382,0.2708123,3.1274366,11.448109,13.334739,-6.226121,38.60682,-7.1663337,-22.526913,-36.193523,38.529087,-36.66735,-16.685583,5.7582097,3.6625462,28.416933,-34.091167,2.76626,29.405123,-45.295135,-6.11282,-42.909027,-13.688503,25.549595,40.690044,-1.5184186,-9.332251,2.4785812,13.262626,19.198172,0.9897827,-15.215745,-7.655315,-35.308052,-44.66658,-1.3460686,5.0218472,18.605766,5.2413993,-7.992842,0.6166289,63.72632,15.7980995,6.8968744,21.704033,-5.095437,-60.543194,51.898384,-6.7281413,-30.579576,-0.7355931,2.1553977,-10.406672,-6.957884,45.249527,17.550943,49.702873,39.971848,20.689753,-26.188799,-58.59615,1.6401272,5.0312104,-44.626892,-3.3787284,-32.39733,37.068474,6.9566493,12.158538,-41.39025,-17.819744,-26.042723,-43.697506,1
2005-09-10,Phase_3_fin,14.803292,2.449139,28.740099,-198.4105,63.9634,-46.17455,-25.847027,33.432632,-68.103165,-172.47098,45.28768,7.635783,-55.153927,-133.92189,100.19895,13.260858,-19.931366,96.38458,58.795204,82.31502,58.7717,45.368755,-0.9845958,6.3960896,-46.028614,56.73035,17.445381,-113.517685,56.234352,-71.2997,59.457382,-33.69288,-2.7322783,-52.42882,-1.785241,-88.18868,-11.92129,8.873368,-11.608491,29.042847,-25.434944,-41.00463,-15.654254,30.168867,-84.11462,-34.43641,-19.782524,71.44565,65.77358,18.098732,8.377953,24.521688,-77.16554,-4.9224257,-23.255415,-18.079018,-81.99089,38.322353,-25.813509,15.352834,11.619518,-51.079872,-55.767704,63.349674,53.838665,-2.1958864,-27.649342,-2.9075527,60.77817,46.45642,54.32922,-44.486866,22.762247,14.684051,-96.60827,-58.500523,-11.266155,-27.033337,-6.333306,-58.28059,-13.308884,-52.136753,27.446285,105.89549,-32.97848,56.852043,43.048904,4.4940495,9.14188,-16.46953,-57.24814,-68.88884,0.4754224,-125.66911,-32.137302,-59.795303,-45.223175,-66.93656,47.036366,7.419051,-141.3786,-112.20108,-89.419174,47.69394,-6.742948,-95.851,-6.387267,-65.441086,-20.673489,-3.9245498,54.51615,21.487041,-50.757282,-29.902681,53.736057,61.841007,23.653908,2.8692896,-70.91627,25.073666,7.2710896,-19.973763,56.228344,-2.9900072,-13.0855875,12.355639,22.075556,31.982935,11.172687,15.580467,18.183338,-24.696928,77.57342,18.185307,26.418842,35.56185,-63.268803,18.73075,16.505579,26.757046,-19.960983,-31.790964,9.74059,58.556515,19.00332,28.312216,12.074965,15.713496,27.54193,10.241545,-19.426254,-4.956081,-32.236927,17.384188,-25.75526,-10.600043,44.511826,-27.280115,-1.6071299,29.110542,-13.93939,4.041732,41.661472,13.127088,-7.8330355,-14.460551,75.40762,-44.663788,1
1984-10-03,Phase_3_fin,-78.34824,143.09631,158.52068,-73.95284,89.72936,73.010315,-27.982574,-202.78642,174.83592,213.79903,102.32814,13.09291,-11.864456,-160.95042,1.3244424,20.56425,159.5362,122.32296,77.78212,-126.60892,57.680004,38.976837,-100.753876,44.317276,17.410948,-121.60301,181.88011,11.606184,-23.407282,-61.812874,49.918034,27.864027,57.502567,-39.951324,59.55631,-37.473392,51.59429,-137.73532,-56.225197,-2.0163174,-57.217293,-73.906525,-46.157978,-127.312874,-24.479477,19.265137,-38.23205,-2.6777768,-74.420364,19.01407,37.07891,100.63194,-75.42165,23.854332,-59.57586,19.462807,69.08794,-76.27704,-8.93799,-8.869412,-73.02089,16.560677,46.53426,-18.261093,-14.7754545,22.028786,-42.972443,-2.9609082,-11.240698,-11.519494,24.417051,65.2284,-2.7460794,17.118376,0.63772225,38.329857,8.9721985,31.11264,1.3705722,10.8559265,11.0167265,48.17368,-11.438628,17.59022,-31.576818,26.77791,23.669506,3.212891,-2.9932761,25.863043,23.810598,-9.947637,13.793893,-13.228502,-15.650754,2.026259,2.851934,-3.6415024,7.357466,12.080342,12.988618,1.6013571,-3.6554055,-9.101209,-21.77434,-12.757322,19.928623,-26.50813,19.161823,60.06785,-32.850636,-23.856152,19.964056,41.70238,-44.24802,13.5506735,3.4951432,43.120796,-22.515196,45.9906,11.514163,15.539857,84.835396,15.407436,19.046183,-53.29532,54.434555,-36.251015,20.095697,-45.092182,-12.226152,-21.479433,49.19065,-2.57717,4.138739,-23.256638,-29.62541,22.450212,-10.766142,17.184214,0.3829503,25.585405,57.490448,-8.781753,39.542717,-34.923115,39.16946,1.1943907,-58.06208,-5.582632,-1.7523271,50.02939,44.90441,-45.053387,38.283566,35.74665,-33.17662,26.602232,92.023926,15.049797,-17.722883,-0.004784971,-21.928432,-10.040844,46.77428,-27.956957,6.327561,-48.72808,3
1986-09-12,Phase_3_fin,125.385414,63.318165,-198.77895,-13.720748,152.6706,178.42636,-176.1679,94.89224,-61.59791,73.832054,-16.203613,15.946851,126.46527,104.805176,-108.471375,2.4304948,-11.8249235,168.7103,70.18962,49.959263,3.032064,-2.5421767,15.288473,-2.5578241,-11.225949,20.779362,-19.255478,-96.206665,7.401915,-84.47687,74.26998,8.166625,22.64895,44.18891,22.846571,0.51081234,-37.64982,15.90676,-42.466362,-21.92193,-33.39879,37.665436,-20.005075,-21.61786,-62.394234,-16.598948,58.588066,-5.6968865,-105.31464,10.235935,-25.367868,9.882434,-60.519543,-15.16122,-6.5630045,-32.531857,7.524714,-28.56664,-28.600122,-53.90647,37.758926,-72.347374,-20.373943,49.685,13.863225,-65.65886,41.73705,72.83524,-78.92151,20.82876,-15.792921,-55.3513,3.0900183,-78.16085,15.049981,26.629526,-25.372873,41.534042,-56.310703,25.978651,-68.18839,102.81448,-32.61484,20.215086,46.013744,-12.5813,-44.81585,26.414915,27.338758,-12.069477,33.028,2.2774017,-19.70379,-10.781464,-28.200407,-26.835968,-28.337494,36.16806,20.33991,-29.941372,24.531591,0.56700915,13.4746895,-8.413484,6.3983755,0.6862212,12.968859,-2.1038647,8.19044,-44.500137,28.289845,16.075752,21.406694,-5.191089,-1.4159304,18.497248,-3.2739122,10.562195,7.349666,-19.3387,48.167408,-10.787781,0.083229974,-7.381332,-32.11376,14.167495,-13.174511,17.109772,-10.07853,-43.036015,17.02361,31.922825,-8.072597,18.255625,22.260986,0.3992395,-21.289415,-7.5311313,21.992004,17.627909,9.834268,-1.1228548,-27.600737,-6.5014334,41.3103,7.9815316,9.029836,-6.994912,12.103753,-26.181246,-28.970789,5.8491564,-5.461938,-37.570538,7.4692883,-36.529575,3.9586363,9.9321375,-1.2673777,-9.99674,35.405872,15.0714245,-1.097257,1.5467823,-20.570774,-23.466366,1.5512905,-0.8471033,1
2020-09-28,Phase_3_fin,-146.46815,207.44896,165.55135,22.774452,-90.77274,-194.22559,-152.18362,39.36847,30.597399,42.095734,177.04715,18.353218,47.492027,-6.585287,-38.64856,51.10979,-111.698166,98.05674,67.076866,-17.141014,-70.766495,-6.6168013,-68.95289,-53.481987,-11.278759,91.94699,16.392635,-20.548819,11.530055,-43.094368,-12.002245,14.404552,-32.91129,47.539627,-25.23999,-43.19171,-27.736853,1.7355134,43.868973,-9.434201,25.448053,-3.004674,3.6532722,-6.0475035,35.504326,60.405098,18.236448,-28.855215,42.01379,20.964603,56.57558,33.921104,-26.344595,-29.157122,-20.63238,-30.690746,-40.845387,-0.9838788,17.549397,-19.935867,-28.449007,-53.44684,-39.01792,-13.317545,3.9534378,-41.862614,41.098167,14.954684,34.49011,-19.054512,-58.797802,-0.121175334,7.518096,13.689461,-54.950966,-46.907345,25.604763,-25.95133,-51.026184,-14.257578,-18.905972,35.592644,-53.9034,22.608387,9.856155,-49.322384,69.57102,33.908726,24.294342,41.615948,21.085556,-10.633704,29.223827,24.7846,-8.885747,7.6637893,10.524411,-23.138796,-28.57505,-14.536126,36.644405,-9.280642,3.4989855,-15.132699,41.419746,15.761564,-17.64018,-6.2925057,7.2957306,-7.2152433,-31.945782,11.3094015,-11.767527,-19.316967,-8.595032,2.5874622,12.059159,-70.49884,7.401697,-10.030411,-2.9721515,7.4278345,3.0203412,-8.330797,-15.824062,-30.849974,4.3864455,-22.302513,-2.8284316,14.025164,16.225489,-15.204368,-24.859402,-10.720034,5.546695,-7.061264,3.8333554,5.7452383,2.0467672,-4.670285,29.059187,6.6393704,14.023098,-6.244929,-8.029693,-24.724768,-5.6227283,6.1928983,-14.278604,9.814248,-1.2840344,-13.775766,-10.892718,11.716413,22.540134,-6.007318,-2.944265,-14.626564,1.2565094,7.526493,12.385097,0.32074046,16.135635,-14.6408415,-9.186462,-2.3355558,-1.2145972,5.680321,3
1985-10-29,Phase_3_fin,-103.32407,76.38769,-103.8042,8.737903,101.888985,9.385993,186.8691,-117.34353,29.220024,-116.22561,46.311127,-108.57279,89.42788,9.737691,-3.7716258,19.876467,-109.647934,-101.8731,88.560074,-103.341156,15.146704,36.95648,83.14026,-10.727113,-17.292004,112.30349,75.61369,25.174444,-46.12114,117.934586,7.390207,-25.99632,114.74704,52.07447,-94.02068,28.353271,163.66536,87.70066,-18.955885,6.633539,-16.86438,-45.20483,173.5017,2.9060311,61.24316,20.213274,-81.5983,14.007104,-104.34087,116.505,-70.640755,81.14269,46.4641,81.39651,-123.60788,-39.149273,-124.002556,7.722239,-85.503914,-5.407264,-38.29375,-50.673866,1.6695817,52.757557,-117.9354,-42.14675,13.395011,-5.768648,69.22562,34.642143,34.783253,-55.81865,39.30857,-19.434309,-21.6409,-32.706192,-21.677782,29.472027,13.471312,15.666004,37.942024,-9.471617,-15.059536,27.065792,16.342636,26.557674,-25.716862,-8.041131,38.067272,-2.6709273,5.811937,10.843681,2.3315763,30.300636,0.13565212,46.88794,-8.795343,18.442448,-10.738715,6.140994,-15.927073,14.683705,4.5041184,-15.345586,11.670898,0.29619867,-15.523727,-17.638632,-15.205202,14.944599,-11.800205,10.860201,1.7359765,4.7449536,-9.835641,-12.524951,11.090311,-3.9849393,4.0310802,-5.3129835,22.921156,2.268558,14.546019,-0.60097444,6.6852684,-8.262917,-2.8605647,28.338902,-3.6960282,3.2545605,3.7385752,-2.538794,-6.6724043,10.351777,-7.0912232,0.7758242,1.4300961,4.8227954,-12.407069,-1.59128,-0.83449143,7.255247,-4.699729,3.4907618,1.254511,-10.422336,-10.803304,-4.0303903,4.9362464,-2.2425418,-12.965313,-3.859743,-2.2204795,-7.956608,10.734153,-11.463923,-2.8714423,4.029731,4.2397885,8.498044,3.925035,-15.756718,14.045813,-0.6435863,0.082989156,7.4154882,0.16785428,-1.9364368,3
2020-10-06,Phase_3_fin,-101.91317,262.5808,112.60871,75.00965,-143.0795,-205.53075,-120.188644,22.072784,67.925995,104.37282,175.84229,26.357033,52.559456,69.812,-5.984045,32.50931,-49.033154,80.94141,99.69736,39.77671,-57.44448,-5.8387885,-65.30902,-65.682594,-9.4051895,23.70817,-26.37965,14.905379,4.7992907,-67.11783,11.504862,-31.6951,-76.57502,82.64587,-41.555077,-100.98655,-41.137867,54.57144,71.003944,-58.176163,13.105595,-44.045135,-30.904497,-23.01829,119.962875,43.233624,8.597616,-51.87365,34.883327,31.905344,7.729839,66.27592,-16.043192,-17.933462,-49.34623,-26.71286,-75.22965,29.79917,5.596477,36.484287,-8.47461,5.791789,-0.45649934,-31.458126,-14.493006,-9.09262,-13.435204,3.895891,-41.376152,14.490181,36.690773,-20.807707,-40.127975,-25.164894,46.518967,-6.030561,-15.53098,26.236843,-0.14323176,9.577792,17.28014,-16.216791,11.629953,0.038044,5.560089,6.5101185,3.099614,-13.901128,-41.431,-5.046267,7.790802,-4.304255,-10.493573,-3.2336147,14.581735,-8.489098,6.261877,3.3124294,28.784218,26.474142,-11.999956,-5.3669295,7.111722,-0.20374867,-2.1705046,0.15756172,9.400372,22.408432,-0.040631916,-0.6270357,13.308229,2.399461,2.300467,-0.7536107,2.1710875,14.090912,-6.989957,27.099451,-4.997396,11.602925,-4.7882824,3.3529706,5.794426,17.661669,5.2472987,5.1588597,2.9557698,7.474917,13.76772,-4.3741913,7.11116,-9.933811,-21.443933,18.130684,4.18866,6.352444,12.33921,6.8955154,1.2251563,2.3037934,-11.234156,-11.592383,-3.643511,-4.447424,-13.433366,2.9024208,11.069408,4.196398,3.1815119,-0.11335539,-6.7562356,5.8399262,-11.080895,16.214886,14.841219,15.081643,6.8696785,-9.804537,10.510591,-0.006094245,0.26194644,-2.0411258,4.3716874,6.6115885,-12.722101,-7.8196154,11.808585,6.445472,3
2010-09-26,Phase_3_fin,-393.8584,-163.07147,-130.9228,165.87286,233.27103,-113.92377,-232.93607,18.85187,-84.706184,-34.98427,-44.835358,-138.33684,-69.37153,-77.983536,11.6226845,-49.661526,20.08126,-12.711718,-16.368044,-53.08981,-113.43357,10.273608,-98.98593,22.794746,10.05778,-72.36719,44.50679,88.5127,41.258396,22.378595,-12.393415,-19.14258,1.8744131,-9.708836,-18.43091,-21.93812,16.09622,-7.1095943,7.4994965,76.184845,58.22993,-21.116343,80.84207,119.58654,33.034447,26.409687,17.442915,92.79838,5.680502,-44.74212,30.70522,30.669487,-33.080593,15.252866,-14.320697,-25.786798,12.796058,109.123886,-14.559135,-61.95495,-9.49981,80.6253,7.2896295,0.018537547,93.98454,-33.411736,22.390251,22.980635,17.372583,-0.4358305,9.113922,30.215097,-4.5837765,18.617863,48.30865,-12.988863,-25.814678,50.895695,-0.12692095,-23.43206,-7.286249,-4.3203063,13.927899,43.80247,-25.901115,-37.428844,-17.932661,-26.58789,13.084225,19.741129,1.6662775,21.95108,29.847395,-19.336508,-9.27836,12.619741,-13.5552225,12.943846,-20.182194,-57.93186,22.467825,-35.559063,19.228296,7.243459,6.945552,22.58756,17.619373,27.03411,11.543628,-37.82821,2.0345309,-14.962178,-3.1758401,-27.002209,1.1497144,2.9217644,-40.361534,15.054965,4.633298,52.254646,-32.143337,18.473864,-10.131687,-0.2561525,13.711187,-13.529112,-20.194769,-13.059021,-1.9014939,21.360315,-54.966717,30.951136,-6.026977,32.737335,-35.04376,-12.586852,-29.440641,24.574295,48.83159,-0.7746458,11.959727,14.064508,-30.260014,26.852753,38.14193,-0.655627,-31.96477,21.139814,3.2340815,-27.604477,-14.005363,-11.622066,20.806122,2.007949,25.698507,-12.627369,-10.373113,-20.817844,-11.104876,-9.896082,-10.432485,-0.59276164,5.5224876,4.311051,2.3795016,1.4599159,9.458727,-26.191492,2
2001-09-17,Phase_3_fin,-44.467274,-33.989876,-62.27419,7.6995106,-20.919218,19.45551,87.344864,-2.2792873,-10.86608,-111.81323,132.00388,94.80869,-85.61477,76.765495,-127.245834,-87.43332,255.74939,37.015354,75.74859,50.68449,76.66109,-49.40912,-52.948936,5.29948,62.821518,66.56502,39.98668,-9.257764,78.382065,30.372381,-7.3676615,95.51983,-132.30309,-28.73267,-44.569843,-58.332314,-55.82462,-16.704113,-15.016835,21.280151,-17.11563,41.17008,109.83503,23.679918,38.40338,-187.2555,-23.130493,-98.31808,79.97251,65.96328,18.87787,-79.52404,-80.93225,30.563845,-52.572372,33.39173,68.2934,106.75198,22.643469,-15.049853,46.316822,7.9451213,-15.093541,-27.50288,-23.431025,-59.601498,-20.789501,47.415855,35.65215,-12.978274,-9.293535,-2.6191862,-16.834627,57.66804,-10.707749,59.4702,-93.91629,-30.936111,68.09527,-1.9607977,30.09282,50.66167,-83.22617,37.948586,18.738651,88.90516,-20.68238,-9.41587,-8.850237,19.059858,-5.932808,-22.555286,-61.48962,73.36112,-13.563106,43.497364,-13.671946,-10.436591,8.090784,-24.080418,4.976786,21.037374,-16.889614,-22.908773,-6.0720763,16.521942,-23.458443,18.106792,53.97821,44.516926,-24.968622,31.759865,-14.596011,-60.737022,-9.331586,57.756268,70.31355,16.434536,49.143906,4.965217,28.26561,3.9989147,7.1313033,-50.116436,14.112735,4.2513714,-15.907705,-6.657213,-9.811065,16.986399,10.619978,17.069756,40.315792,2.1613083,-12.110532,-20.17994,17.762947,-34.22367,42.18691,16.768349,-32.37584,11.501956,25.785124,-21.447721,6.553965,24.649103,-15.320064,-7.183916,4.884806,52.264763,6.348218,2.5876763,-10.0337925,-23.00239,5.817422,-22.786983,18.701641,-43.19925,-19.314167,0.33171138,-0.078969456,-11.25431,-5.601433,-46.67718,-0.4975681,-7.312497,38.235012,-6.0063934,1
2012-09-05,Phase_3_fin,114.11795,-300.89,-264.5274,-14.772643,-163.4053,93.11206,-48.22222,1.3388873,180.72353,-64.29499,70.04068,21.36276,78.94109,-87.733765,-0.50233203,-13.982491,-49.001583,-81.229706,8.806394,21.52987,128.5119,-32.025112,-14.200726,2.2798338,55.96716,32.06385,10.410001,-33.92573,-70.269356,52.074852,-28.563906,6.511042,23.557121,-0.08046344,54.55077,-35.42784,72.15194,-61.35936,-28.444561,-92.98785,-101.01088,-4.6795173,-31.252447,-31.362185,-34.45033,26.70886,-66.29003,39.996174,99.497734,33.957535,-38.75751,27.766382,168.0381,39.683475,-7.932721,-36.141712,-17.991564,70.193474,52.913586,122.653786,-137.19301,77.45447,-22.644045,-144.56148,-10.670431,26.72896,-7.1751513,-20.571474,-104.63977,-45.137302,16.492668,-24.727121,16.936146,10.3111925,5.046899,-2.5778968,-7.5003805,43.287003,-63.76053,-38.379578,-23.371525,17.180365,-16.848047,47.129074,4.467732,-39.08116,32.809402,-18.032974,44.534092,-21.981485,26.21949,-61.689713,-35.457714,6.620307,-81.20437,-32.217167,-33.76545,27.031855,0.1497511,-51.906544,14.102564,-9.711195,-20.408484,1.7259094,6.5565734,0.18892066,-4.765715,-5.6660423,-12.676549,-17.649488,-7.147518,1.576446,17.228504,-1.3684343,-21.558586,58.25292,-13.175863,-17.096245,23.191513,5.873055,29.886425,14.594687,-12.420749,13.479918,32.283066,-8.969142,-29.039078,-8.828511,-21.811634,29.256214,-7.3561506,23.692688,9.184037,-2.5471623,-3.4624212,-1.1490794,18.23055,12.402073,-12.529038,5.8473387,-13.307801,5.988538,21.597187,-19.971458,6.980136,4.9731317,-8.283497,13.864992,2.9135194,-17.566635,17.199799,-2.1145544,-14.55561,-13.664636,-3.2421358,4.135695,24.126764,-13.850241,1.5610995,-3.285912,8.54138,10.955331,-16.995111,-0.11348007,4.6190367,-18.10077,1.4713345,4.5330734,1
1995-10-29,Phase_3_fin,-117.46023,-14.544425,-12.894227,24.753428,41.64745,-129.57532,-25.952831,-48.601322,10.44048,-142.51802,40.127243,37.72947,-116.51201,31.67839,8.788722,9.622094,15.289151,29.063438,29.104351,-93.91903,-75.41403,56.258026,12.458765,-13.632287,-26.692598,-23.719557,-33.38675,75.80251,-35.521816,-88.72411,-81.31486,-119.297585,7.317491,1.0776647,75.84644,19.674448,-15.151793,50.348583,-97.87565,-93.95541,4.3051705,9.578334,37.584034,119.495155,13.381863,38.54407,3.5877068,-12.368832,92.88517,55.864773,27.671772,118.03233,4.0273604,85.172195,11.399463,-40.362633,62.393494,2.1684616,41.441044,-45.07115,140.47131,5.0063,35.76284,-7.4152417,-3.7020273,105.99766,-3.1909955,-3.9309235,-31.242743,-4.3575544,10.792708,-38.88024,8.521351,-65.425156,-44.994335,-5.4327016,60.187668,19.03933,-53.437767,51.17006,17.077848,43.11011,-27.619278,44.405712,-0.7982423,3.8898382,-21.69785,59.477642,-6.6268497,-36.087917,3.8740034,10.680889,-91.07573,-27.560139,7.9745026,-73.51248,-1.2678857,-26.104504,-69.01098,49.257427,-16.797302,-50.84527,-28.239801,-62.22453,-87.20832,-51.811726,0.7124436,46.995453,36.691616,-31.113325,-13.37386,14.26048,-28.382446,11.3552475,-123.58362,-16.182623,89.618675,46.563896,49.554863,12.212265,-33.5951,44.29194,-70.42252,-57.889576,1.7518986,-38.433624,-44.232204,-86.91748,16.664064,-137.26619,-20.224253,-40.046436,-60.028458,-41.93093,6.8586283,-108.12824,-32.937813,-24.663689,-93.631195,-107.78037,80.080154,-54.590252,40.113564,25.867083,50.24674,-15.922093,-15.819052,59.98574,63.534718,-91.244736,-36.43814,-83.53263,-31.52102,-5.7085156,-6.5261736,-9.874262,34.207375,-66.140465,26.674776,-21.1098,-5.983139,-44.928288,-25.690205,-51.829247,33.912502,43.239407,9.662804,-39.43312,3
2001-10-14,Phase_3_fin,-117.3292,-98.66512,-39.81752,-48.684673,-10.5454445,44.449646,96.00364,-92.05764,-34.68736,-61.72387,82.1087,2.0263486,-3.6114683,117.22877,-128.85408,-54.569725,160.26833,75.39608,74.24556,64.637505,48.95382,-27.348337,-24.402987,-4.483743,48.164986,5.020142,87.39652,-24.997147,31.778942,82.41575,46.733704,67.588,-108.28648,-29.540892,-34.781734,-5.96927,-44.43391,-87.12881,-33.976246,51.78581,-0.5689001,19.002619,82.15373,28.428934,14.166997,-84.50723,-19.493612,-105.52399,14.928799,4.6936398,73.503746,82.07645,-33.174812,28.039072,-10.910074,10.715672,28.261517,24.287102,7.2819076,-26.32272,30.196503,-110.24862,-22.473959,-77.369316,-15.360928,-6.9398413,-7.1445174,-3.689566,-32.093132,29.760216,0.43022737,14.506874,25.346912,-25.77238,-2.4255655,-94.14897,68.38821,12.575911,-4.4604464,-27.268736,-59.599182,-44.90874,47.582928,-74.66461,27.95396,-96.45244,34.51982,-32.316563,1.1344107,-41.75365,37.31553,2.4682653,72.76255,-35.24357,14.338778,-43.951824,-4.308092,-37.77726,7.0483537,12.861824,-0.32157052,8.39635,-4.906815,-33.507835,46.626373,-80.10281,-39.309437,-7.38025,-55.027107,-11.385827,17.316696,-38.043056,65.97046,31.141804,8.996868,-66.39712,-55.91382,7.501309,-21.247913,14.802148,-17.353111,-23.556108,35.015553,71.75251,-18.829277,-36.097862,-49.266705,54.12317,-2.127504,-13.609478,11.4298725,-7.4959946,22.368536,-4.4090447,28.08127,-65.47583,22.2178,7.471248,1.9480201,-48.33006,-30.32469,31.972576,-23.562311,37.287373,-16.081259,38.273712,18.678755,2.7573276,43.389446,-6.4183707,-1.8815604,-2.0429478,-57.16834,-22.819153,-33.624985,-33.815434,29.461493,-38.021164,-14.003455,-12.952819,30.66211,-17.46649,31.829065,-6.1759567,0.76773804,-20.956192,16.088976,-17.072735,3
1989-10-31,Phase_3_fin,-137.03827,83.36082,-47.498463,72.88642,122.03258,-26.234135,142.59732,-129.63774,-38.04828,-56.245094,34.844524,126.02673,31.888897,9.835605,90.720695,11.73095,-122.36684,-22.924173,106.794235,62.852753,-55.4733,96.61015,-22.197975,76.89688,28.966028,-56.311134,66.12068,-35.536983,-113.56346,15.696228,-52.14512,111.10184,43.524994,-9.457531,-88.55585,2.7218654,102.03806,-126.17754,112.0443,-37.089725,-94.30434,92.51634,19.734728,34.25134,62.638588,-12.671281,10.580754,21.600296,76.1472,-50.778503,30.111034,-22.252731,35.616695,21.377531,8.77348,17.611736,-5.0103374,15.905105,-32.805355,32.410385,68.84782,8.044886,-13.604029,-43.181053,47.099174,37.10138,-40.853188,35.317535,-31.171978,-21.791023,44.884846,-19.736853,-26.518066,10.05828,20.69138,-19.51931,8.647142,32.89474,-60.6944,-22.844025,-35.16447,-15.547073,4.5231833,22.977518,5.86124,-5.175364,-1.9438545,14.094273,-17.558468,-3.9540832,-2.9734461,43.41252,-14.174545,-51.480682,46.742092,19.454966,-6.8065205,40.303944,4.5278883,18.053036,-5.0194793,-12.971917,26.05611,-32.060818,28.491123,3.7918801,-2.0923467,0.5010182,46.58834,12.276678,0.6768289,46.920197,-1.4435667,21.878168,-24.759127,-0.91834027,-31.694641,-22.951624,45.712166,16.343529,36.20439,-36.97137,52.214188,-26.168596,4.380943,-41.73417,-0.22724633,-36.396534,13.817134,-56.931694,39.859028,12.3110895,-73.971436,-38.33444,60.25172,14.3394,-25.52956,9.595349,25.248823,61.24224,65.45854,-33.5645,-67.99945,87.761024,29.5573,30.729933,-29.410265,16.19836,-2.796601,107.54651,118.94159,12.755155,22.034285,-66.71294,8.3937,-9.061211,-34.279984,-50.8845,11.863316,-84.14968,29.548689,-54.822506,47.966606,101.46169,96.36957,-86.665855,-21.293955,37.794434,3
2003-10-17,Phase_3_fin,115.2573,-75.77206,89.965225,-235.08604,197.89923,-112.57042,48.317474,-30.672373,18.442255,88.36089,14.074283,-38.499542,-63.814644,126.11976,26.532625,-29.792767,-121.33235,77.71586,-78.90415,105.210434,80.99037,-47.288677,52.80251,-17.771173,-25.351114,-7.8264875,25.68599,78.4133,60.005627,98.52376,21.132158,-48.862152,63.761803,40.029316,48.449696,34.004562,-37.115337,5.076701,-22.829023,-6.9132423,30.402147,-39.745144,-58.648075,13.703082,17.465124,-61.942112,-0.65785587,90.50242,5.2696877,-4.248233,60.064205,2.6625183,14.137997,28.628782,-29.222664,-27.602974,44.15022,3.2036653,-23.920883,8.422457,-1.1112841,-37.66864,-36.759254,24.403858,27.533445,4.592646,10.173521,33.63959,5.778043,2.4265516,-4.5594835,18.127806,-19.93721,-13.72181,-8.244302,-33.750927,11.981734,24.301332,9.944708,5.1841855,-39.843277,-8.874123,-6.8308053,-1.9949895,21.636255,12.786437,-4.925898,-15.390353,-32.709717,18.913513,-13.708083,2.6826386,2.5249655,7.6845303,-42.515728,0.8428327,5.297675,-9.4206,-19.053625,-17.307117,-19.533966,-31.7726,33.04881,8.577328,1.8882506,-6.684973,8.314807,8.562166,-23.372591,0.25621733,7.22379,19.063604,2.127364,42.653496,-8.778343,6.591447,-15.945104,0.810945,-16.45075,-5.4138618,-2.8398197,-0.16393802,10.699131,21.790672,15.788445,-29.20055,-3.832014,0.400804,-14.669601,-6.495878,-17.758133,46.275936,40.08455,-15.537464,-17.316238,-11.051816,-0.66251606,-43.084736,38.575798,2.0496345,13.576268,-32.781723,-18.060482,-32.30055,-24.921183,-30.104305,-9.750364,30.23218,-12.348531,34.630936,-15.568857,-6.8440723,-32.50941,-23.154734,12.877159,-9.940048,-42.47583,-14.0583515,31.30835,8.506883,-63.047817,4.103957,-21.08367,21.383276,-11.548536,16.10956,-32.446384,-1.4608861,1
1987-10-05,Phase_3_fin,302.69592,-216.14595,169.97911,161.86626,73.530914,-76.36752,85.73616,104.50378,52.64302,76.02383,0.3821633,194.95547,55.085167,-54.7439,-48.4841,-44.49956,-1.8756738,-95.37336,-72.38944,-36.92321,-80.902054,-28.447695,54.664654,-24.373125,-5.175079,45.694523,76.713684,-42.96145,0.003060225,-15.35038,-25.26193,-25.492495,-77.62237,-0.66066974,135.80249,-92.5026,-18.68748,4.4467416,8.289969,0.0880451,-17.07789,12.660183,24.286236,7.502999,6.374164,31.00399,46.503387,51.226673,25.601366,6.9411206,-19.402935,-30.808893,-50.52504,52.569565,-14.513643,1.1038419,-18.030457,11.620797,0.5714051,15.298406,15.776436,-16.084265,-34.458202,7.287251,25.139261,-5.149053,13.754302,-68.60288,-13.514166,11.363137,3.5411313,3.800075,23.801897,-5.569689,-20.975159,-46.922344,41.48067,12.023442,-26.258242,7.08202,8.372926,-5.3340793,-37.422455,-23.802765,1.4834315,8.206824,-17.700169,9.695244,49.371155,19.694624,41.7973,63.41902,-22.601572,-17.73442,-17.538378,0.15015504,-2.5356894,-30.208055,-14.496748,-1.453382,-23.930641,-31.077404,-35.451195,35.685482,13.676238,6.9458895,-2.9392376,10.315341,-9.113894,2.53654,-17.839245,63.677254,0.30861205,37.01577,-19.607946,25.894249,3.732688,6.265921,-17.638628,-8.615612,-30.344894,30.83531,-16.210238,-1.5767318,-12.4731245,-39.835423,-7.475572,-23.14158,14.847675,-27.591286,-7.615853,-21.114815,-37.09858,38.93123,-25.265951,11.589905,52.369213,64.52049,6.575795,32.449657,-1.5739846,-52.287838,0.45171064,60.103096,-59.99467,19.876007,1.9255375,43.83453,-54.5754,5.9581795,14.768781,58.33004,-12.802819,27.331625,-42.28515,-15.536725,-8.559447,19.322456,94.90904,-43.79841,34.097145,19.114195,97.44607,27.579403,13.574234,33.78372,29.376638,-71.48668,0
2017-09-25,Phase_3_fin,-19.25884,110.32293,-55.542862,-1.055752,112.53771,-56.106792,10.137936,-27.186707,65.60993,21.952364,-6.0549426,-26.145264,-72.12286,80.10457,-88.11034,129.58878,154.67252,-101.7651,17.770067,206.73016,2.4101279,141.6106,-118.2157,-105.6709,156.97256,-88.03947,-18.551128,-16.663002,57.919384,-33.520374,-0.7347379,-114.47333,89.70394,-98.731094,51.16145,46.944145,52.88617,30.008415,71.48269,-88.178505,19.727219,76.34082,40.882645,-11.096564,-53.431915,0.28481373,-7.6135983,-35.324398,-9.195588,-83.192055,-58.191566,-1.8235347,13.935404,-11.889846,-89.66275,10.922988,-3.5057561,8.441649,-4.4876537,13.723739,-29.32444,-53.90459,-22.190695,34.012455,7.9988866,-2.6996512,37.227345,-28.193907,-0.92366636,17.084805,-29.13349,18.020935,-10.636261,-7.6805444,1.116278,7.8698773,9.482192,-6.019478,14.249353,-12.388066,-14.358077,-26.989454,-24.449167,2.9594429,17.827303,-2.4906228,6.5775228,41.73117,-14.505346,18.603195,18.113577,34.1927,2.0688846,-25.028585,-28.321638,-15.7168865,25.683575,-27.86284,3.822624,5.839607,15.525211,-17.989405,11.503359,14.635022,16.033705,-8.847754,-5.3946805,10.233028,-7.000681,-7.2912416,-8.266346,-1.9457461,47.331993,8.718006,-15.224465,17.788876,31.794607,23.31698,4.5855494,-20.670252,0.3723412,-16.912254,-19.667994,36.336056,19.617044,-9.920539,-9.75584,-0.320566,-3.3061125,14.891111,-39.90898,1.4413481,-22.974232,13.713536,-13.552131,8.344834,32.988228,-27.744934,-16.567432,22.59834,-13.998703,10.151282,21.208939,5.423616,-3.259323,19.41759,-1.2811888,-32.09635,21.971857,28.78568,-2.081912,-13.520353,23.865402,-21.818424,-24.027584,-21.191872,-45.239788,-16.846922,12.476068,-26.536358,-20.11877,-1.2520815,13.982322,-17.407831,-22.461184,-19.601072,10.759312,-16.641684,1
1997-09-28,Phase_3_fin,366.5227,-191.06268,171.44478,-9.323923,32.57418,113.935326,-66.895134,-18.809137,-65.43194,21.316057,75.3642,-75.3624,0.32040316,-18.565966,156.27359,-116.27828,-37.528004,-115.65051,26.22307,-16.43495,-154.22215,-29.495935,-48.74762,-175.76027,105.688995,-91.74056,-86.93457,-94.770615,43.891346,55.96478,48.590183,19.345755,-71.574684,-21.219564,-108.254875,29.339535,-29.859243,-29.962313,-3.8030763,-22.75877,18.23521,-29.119112,-108.897125,-77.80396,-15.078806,-88.02919,15.9804535,-62.130806,4.0320153,58.459705,-53.15532,23.027975,82.746056,38.134007,47.380703,-36.932358,91.93265,-60.32375,-11.227596,-34.018063,-28.432304,-3.4944656,50.502346,5.1268697,-18.3479,-102.91078,24.976143,10.344556,35.810863,18.170023,-32.20516,21.257315,-59.752647,-26.380327,-14.675763,-51.43428,35.109085,80.53578,28.929405,-53.56972,40.1632,-60.875122,-37.219967,61.18545,2.3974035,-52.16628,-33.624283,-9.607681,30.35287,33.34067,19.089754,-31.253794,-6.348594,-9.363654,-5.9904594,24.21379,53.557266,-11.4751005,26.85621,-7.9293723,-23.516289,18.476204,-27.494568,1.7035081,16.58088,-3.5667477,1.6641754,-17.063612,6.192825,-9.748605,3.4153223,4.6000266,1.2402173,-17.564772,-11.942109,5.676288,27.503809,-14.869722,-10.51496,8.064827,-16.75797,9.252322,15.763162,-12.849955,-10.012737,4.818691,-11.621349,-22.627867,-2.7724853,-19.068909,-4.405844,19.208138,-25.15323,-6.260589,-1.4247817,-1.0808505,24.445475,11.379462,2.546193,3.4928505,16.872406,-0.8295192,22.826056,-26.966576,0.23376691,-24.686066,13.34287,8.753211,4.6618786,0.52006686,2.1382189,2.0901973,5.628524,4.306444,7.745761,-22.99916,1.2903129,4.5124187,-8.593294,27.945505,-9.61996,-1.0421695,1.1225461,-11.126635,23.366934,-19.250015,-18.9876,13.312816,0
2009-09-30,Phase_3_fin,111.208595,-28.79281,-1.7752299,-58.02627,47.17611,-53.80774,123.709984,-6.1966343,56.16209,31.97456,-173.9837,38.559307,-126.27058,173.06583,-70.7346,-48.96407,-69.50975,-1.7627525,-3.1701317,-103.55901,11.281079,-116.94412,-105.857414,-55.27999,-32.815205,81.40341,-48.973503,-16.778885,11.308553,-119.160866,36.031906,29.424582,40.984024,-60.837223,-45.023773,6.3173304,8.242291,-34.507053,39.507427,63.83537,-6.160576,-17.970095,18.762865,-66.24407,16.70489,52.116604,10.591221,49.16026,-12.715301,24.115467,-8.330198,34.99753,25.926062,8.067254,-20.600555,2.9586058,13.44896,14.165959,6.5634694,2.0997179,31.0606,16.730677,0.8207786,-14.676067,-3.3245273,15.545359,-33.44095,6.049439,28.653624,-51.040024,-10.903648,-33.65227,-84.10646,10.449885,25.677662,12.076349,-17.802246,32.274048,21.873003,22.53633,-25.871536,-5.249995,-4.624494e-05,-50.335194,-23.006987,-30.130777,-11.198448,-13.742195,16.297329,-22.100052,-37.4271,-78.65197,-37.037304,-2.5218666,-15.444877,-17.878143,-18.774061,-66.11766,-3.9920676,-16.596159,-54.820763,8.659713,-31.307577,-21.595701,29.21688,20.522919,-4.98668,-9.488234,25.09196,-20.743372,-28.50973,4.8249927,-31.924797,16.32224,23.67991,-10.423846,-25.959452,-22.631735,0.47958186,-83.14606,103.28055,-34.2139,10.419035,22.9055,-43.06402,-46.371704,26.993711,17.589226,34.49285,12.391736,-11.080737,-26.368198,-9.75862,13.962852,15.19517,-16.85799,-7.3185554,-8.625606,-12.628331,-17.74765,-6.5966907,-19.744385,17.907932,-16.620909,18.010881,56.842403,3.1250534,43.572033,-43.25987,1.4113773,41.778744,0.9065611,-12.3793955,20.519085,-19.92459,-11.4440775,4.423012,-38.055206,-25.159231,8.951043,-9.176213,-0.5436377,10.410719,1.171013,-37.53142,13.9947605,16.417269,-10.416397,1
1998-09-09,Phase_3_fin,-130.00511,-252.74603,395.59464,119.56655,-83.4203,61.071896,-134.58543,135.64578,108.747955,-120.75585,-175.33348,-2.5962765,79.4264,48.715725,-48.47626,11.829323,60.80545,-54.986565,109.079475,138.61256,86.36732,4.8642697,-36.319527,26.006584,-71.49436,52.41955,-36.952473,100.9885,81.75112,88.723,108.36073,75.34981,18.306204,42.53464,6.8030424,96.81294,113.14392,90.25534,63.570152,50.682816,-27.963667,-37.88815,-29.34848,-26.820995,-48.12962,28.752415,58.12656,1.0863029,31.628298,39.76911,75.22785,6.3335743,-46.53285,-49.068546,-40.742546,61.52142,-2.6788216,-84.35028,57.484474,21.469034,28.131376,13.3129015,60.441982,-83.872475,-59.866177,35.393585,4.437734,41.89971,69.65566,-26.24536,-70.067894,-45.7735,45.621223,12.233277,0.035265263,34.672756,-60.44614,59.20524,18.077566,-16.145382,12.583771,19.697851,35.22586,2.580843,-7.3834324,9.515599,-28.067066,7.913011,5.138183,-22.184488,27.05097,11.509578,7.221901,-16.114355,-20.751726,-15.077943,18.050232,0.68226,-17.821035,23.505703,-6.897605,8.281032,24.193935,-4.499529,-17.411469,-6.24954,18.962305,-18.511858,15.633281,-23.010466,26.009668,5.1493936,20.634666,-10.617129,12.2112665,9.649637,-11.699577,-4.0534325,-12.217891,13.69505,-17.717173,12.378383,-0.5589644,51.616238,19.30751,-8.601534,-15.293663,-28.028109,5.8109837,-20.047388,-10.978997,-5.2619233,-9.991364,-3.8225121,8.63822,-16.375961,-3.8353834,-8.1047945,1.7540145,14.134983,-2.4852905,8.346679,0.45078245,13.815945,-13.2339115,9.646154,2.991315,4.958581,-7.8087587,23.641762,-2.3510354,-12.176084,-13.050196,-5.740053,-6.856707,2.143712,2.778207,8.255368,17.04458,-13.462746,-4.2950077,4.5987015,-8.015712,-0.6784922,4.0429845,-0.98812824,-4.6198425,-1.8263954,4
2007-09-19,Phase_3_fin,-169.71875,69.81258,-71.645775,-5.8483005,-52.174194,-69.21708,10.796408,-12.205652,-56.651634,6.9114904,53.15492,-67.04856,-11.7035,-76.82801,69.02979,-64.4564,181.10704,36.91606,-20.854748,-34.292816,53.29945,-88.85366,67.689995,-72.87252,-54.202114,25.459682,-191.28638,-41.56519,42.218716,-29.271112,41.855476,-46.73522,8.879071,43.079727,14.898851,-23.51266,-80.035446,-100.51656,91.69384,-136.76935,-101.2179,-35.2595,56.802124,-87.20989,13.101962,-16.439661,-88.13033,103.90942,-58.091835,-84.9748,106.243286,-69.5204,-24.315748,11.359432,12.24876,-12.938222,-31.750065,-35.88812,44.82942,-20.056414,15.49981,9.171057,2.18214,-13.346152,13.017967,-31.883497,16.153763,-36.86542,-28.673832,10.575864,-69.333115,-72.68712,65.29678,-20.229284,25.52214,1.4858122,56.27813,28.822723,37.262775,-8.291381,64.7392,-5.510084,43.517414,8.88948,33.449768,-7.7562304,-3.8142512,-65.508484,27.894333,27.693012,-40.10046,15.059034,14.498042,81.89906,22.21428,-3.9316037,-18.135405,9.701891,9.596102,2.871966,-82.00235,-54.5864,48.217274,-7.361644,-36.230503,-22.128204,14.665579,-45.389126,24.90205,21.27739,13.946582,29.635677,17.272371,66.450745,15.851012,-6.7262893,2.8936794,-61.95719,52.827843,60.723087,-3.9091992,-5.446444,-25.460447,-35.387913,-0.4573918,43.4258,-51.31209,-32.210796,20.540567,16.827503,13.858117,-0.11851098,-1.2070292,-13.1021595,31.284143,-25.791637,35.35978,31.196,-48.906643,30.972202,25.439661,23.002626,-19.68396,6.996776,-3.5537097,-8.69644,-20.657825,28.973324,-8.955557,3.4852312,-30.754293,4.51526,29.584814,-25.687185,-16.376192,-20.249163,1.8627787,-8.83433,17.625845,-13.967872,8.980092,8.752071,15.725484,-8.480045,-6.0571623,-6.8221393,-15.413764,-16.274115,3
2023-10-30,Phase_3_fin,356.6363,-178.24615,42.97896,-8.961009,168.7313,28.061516,-115.05966,8.12257,-35.924644,68.230804,111.11164,58.59936,-7.348723,132.91023,-14.862848,98.66713,81.85749,-63.1342,94.283775,-124.07362,48.075336,157.30603,-3.4223218,-9.45566,-64.873535,-34.422657,39.48249,75.69348,-23.551184,77.378006,-52.917522,-45.00304,76.81403,13.307361,11.273039,-10.114677,-15.199871,-52.236145,21.172161,13.340482,-27.318161,34.389145,-41.439957,0.05145307,-39.937374,18.294867,-33.305393,-3.538158,-0.37222457,48.943737,-15.022816,2.7936451,38.54691,-71.31291,39.051075,17.33374,15.969139,17.069332,75.41645,-23.876692,13.594731,6.656834,-67.466385,-31.443306,-13.884686,-20.078869,0.5527074,-54.824326,-63.382706,18.800064,1.9247584,52.35593,37.95462,-46.66916,34.662735,-28.513304,-6.087045,-72.87329,-47.329857,28.313086,-47.99722,24.712933,-5.112293,30.702913,1.1968198,-15.429672,10.432597,-73.00272,4.4895115,-0.11281188,-9.785595,19.404608,-3.6444519,17.90251,81.19935,36.526207,42.147438,5.3026114,-7.014952,-6.970816,-54.16722,17.728231,23.745474,-3.7089665,-35.049404,25.698229,33.47081,21.482895,4.8061113,-14.880457,3.025601,13.552829,-37.668068,-31.249306,39.546967,22.475817,0.22981028,-13.264955,20.02225,49.18491,-13.976639,2.3280895,12.061782,-13.090286,39.615166,39.860893,-3.429648,-24.591368,-2.6762664,4.973405,-32.399155,2.5184956,-30.543335,12.808337,5.7626424,46.73938,-25.397402,-34.630444,-4.315284,-51.89653,-20.887266,79.34886,-2.809319,41.53031,60.203228,49.368176,69.495735,36.883045,-27.548893,12.938879,-27.635153,37.659138,-41.297512,42.185574,-50.36222,-19.826975,-41.822163,53.59812,6.501689,9.31594,-24.527426,-50.633556,1.2562506,-7.517683,-7.7177243,-4.05918,-23.526136,46.05072,0
1999-09-24,Phase_3_fin,-323.00854,-152.08215,67.23438,-154.29922,-179.68776,65.8088,41.715805,-119.00273,-183.71938,42.403717,-13.607222,59.073284,63.726013,26.666872,-78.7719,54.49998,-76.353195,59.14037,-119.26034,6.3314595,0.91420907,32.437042,-57.509224,-49.610622,-41.101017,-41.922405,-13.965781,-5.831824,-47.907887,-35.65817,-75.01551,4.9777827,-7.7599735,2.319203,18.16029,-40.859375,61.66605,68.66258,114.45402,-4.3151026,19.570812,41.75548,36.712734,-9.040783,-75.15406,-35.443775,-35.698856,-18.773237,-28.942585,56.013477,19.74178,10.81095,-3.472774,-6.926359,63.930847,2.6667273,11.995136,9.301179,65.425125,-46.089367,-51.58298,30.851534,-34.522266,16.307617,-51.597633,-0.22765066,-16.086676,38.952587,27.543272,9.2307,11.498126,20.269627,35.0554,19.020565,29.81465,51.5835,8.981247,2.8728716,-14.943407,23.455109,-23.664083,-1.5229169,-24.212965,97.057014,16.200851,30.136072,-23.34499,-6.0435324,-41.085754,12.307357,34.666325,-26.805407,50.04639,11.5014715,83.42405,-24.43284,10.092527,-27.415762,-19.179178,15.735323,15.551418,2.374833,-30.347769,6.364099,24.208782,-53.77533,-8.849111,49.788914,28.026752,13.90411,-1.7378532,17.206982,-1.7167416,73.51617,19.702976,-1.3900265,9.603956,-0.15823036,-15.341339,-13.573116,17.123829,23.732706,35.76622,23.281708,2.5265746,-0.4372151,-5.8111663,23.447943,-24.983744,22.503561,-21.948095,28.471432,-41.88193,-2.3188894,29.901503,-4.935364,-16.159117,18.093498,-5.0237107,-20.170374,5.7569184,-20.336298,7.1828017,11.124018,8.070788,-14.700235,-31.787859,-4.377914,-17.674156,-20.072113,6.2693686,15.190666,-4.9393277,2.092142,1.9194872,-34.175194,-0.99055976,-1.0445853,2.1623855,3.381497,-25.621338,5.992214,3.339327,-0.07266625,14.602807,-7.7126546,6.7290316,3.8046913,4
2016-09-29,Phase_3_fin,-27.81382,106.05661,252.32784,-226.52753,68.10675,62.32019,109.91777,250.86615,46.56485,-84.892105,-219.34082,-45.50916,49.928738,-118.98313,-176.15579,-63.338093,-26.669239,10.510901,-21.965107,-160.37108,-42.117744,15.246156,74.78825,51.488758,106.48614,-92.372284,85.393074,61.2843,-54.241463,-47.312904,-9.123635,-45.20283,25.807951,44.828487,-81.27959,8.065852,-72.75668,-37.074856,26.49857,-75.13902,82.25223,45.705288,33.730007,22.35026,22.880363,-23.479105,-41.926163,37.521805,70.99642,21.524187,2.5352726,54.07458,-6.9263654,-9.634402,12.666151,1.0885499,-41.456413,-4.912547,-14.56078,35.493904,-22.31885,2.1225243,11.275266,1.2859852,17.586765,-32.321957,-28.653149,-36.367573,7.4786124,-24.44957,-26.999374,25.784254,-45.774025,8.086042,-32.18917,36.171196,-79.46435,30.432875,-5.184285,43.725937,-8.673176,20.877531,-41.683033,-33.32066,45.517097,-60.086777,-8.314139,31.52259,22.138418,-71.66115,26.397142,29.301796,80.37599,-8.114641,-23.436558,-43.708157,-1.8034757,14.223057,-12.969208,-11.609778,-119.357185,19.970188,-22.731707,-45.236164,-12.146643,-27.201698,13.476214,24.84067,23.836933,37.32657,-11.229013,-7.2163773,9.132528,-43.250137,25.144693,-37.123085,26.202925,1.3434653,-47.138073,-9.562847,0.49109602,4.271338,-25.131159,-31.886795,19.610188,31.301105,-42.506325,-12.634518,-29.47322,18.496864,-19.831537,25.801958,8.613662,0.36454284,53.982708,1.8188695,2.7871735,-3.831019,19.645184,0.37542674,12.706238,-6.607738,-1.8298069,-24.03381,-3.176158,28.991535,7.4945035,-11.285975,-5.270256,5.638387,-3.4377992,-4.6274657,20.690834,-9.258229,4.835726,2.4184573,2.213445,19.637913,30.63098,8.918763,1.3761674,-3.3531675,1.4403356,6.4370914,4.807502,-7.893104,-3.465185,-2.1625307,1
1998-09-22,Phase_3_fin,-250.31221,-271.84735,334.2372,61.52406,-44.290783,11.618492,-134.6995,106.741806,26.07435,-140.12375,-143.94656,-46.38629,63.98609,70.7071,26.100323,-31.876286,47.518036,-42.197865,162.97194,74.93662,64.793106,-2.1341875,-66.64478,-12.031538,-28.77365,35.067226,-23.455423,84.718216,29.811066,13.96291,90.72396,16.911776,-25.901638,26.389566,39.552494,0.014341503,62.798454,-63.620792,-23.939342,-40.295864,6.000077,18.161463,-64.94853,25.748604,12.047409,17.113806,-23.710846,11.792318,-33.416183,-6.456713,28.187105,10.659726,28.066612,40.660328,88.85597,-105.77316,-23.893738,39.21525,-57.886414,-5.350029,28.600878,21.034763,-24.824005,67.577515,-2.152315,-16.093927,-72.035324,-68.0923,-26.263565,55.177155,-1.7114308,25.277596,4.0681868,-17.814426,33.099804,-1.8829626,25.306736,-39.512737,-7.605548,21.658575,12.595803,-9.265359,-41.19294,19.989683,2.0095484,11.80204,27.951317,3.9912028,-12.363097,9.1052475,-16.42465,22.306139,26.150637,33.2392,17.15682,30.21598,-37.358116,11.460199,14.554062,-7.34844,-13.731274,-33.24624,-25.751173,15.159654,47.805977,-3.783521,-35.25307,41.29306,-14.030111,-2.184361,-45.26317,19.372032,6.516954,29.27495,-15.834419,-9.248217,-11.514139,15.214937,21.505482,21.8199,28.563917,-23.34919,17.83802,-67.550735,0.71189815,-10.479829,3.2940607,33.14146,5.9440846,10.660375,10.212403,-28.313818,16.81595,-26.803684,-2.217887,-5.4842725,-16.885748,13.025282,-3.1522388,-4.2913017,3.5853293,-1.5721136,24.75643,-13.339911,3.3861105,10.490599,-5.0914035,-17.853079,-3.884023,12.863034,-4.0222187,5.374189,-12.77967,16.681187,0.78427714,19.547512,1.2958057,-27.306799,29.674065,15.272051,-12.628615,18.885809,11.250088,-21.305668,5.5537806,8.949329,14.096381,9.740906,4
2008-09-03,Phase_3_fin,-70.80464,-218.3512,-45.43265,-40.583046,-53.51536,101.55764,-97.05295,-52.251232,81.24274,143.45883,33.845737,-92.44402,-73.931404,-54.64391,-6.4174285,153.09644,-14.547121,5.897898,-95.35533,19.678673,-48.503117,-50.209045,116.45797,51.839703,39.99668,124.948,-55.644226,-17.969246,-97.58445,-53.54568,92.89579,-20.1499,47.785755,-32.623608,42.60468,16.228857,31.384552,-27.526989,15.800343,-40.736008,-48.097454,-15.665982,-62.263878,12.305001,14.159001,-66.42557,64.88939,-31.304081,-25.89944,22.547747,32.39607,-20.928907,-1.4843177,42.718666,3.120657,1.3889201,-63.592915,55.02363,19.078587,-78.73709,36.636353,17.599253,0.06425257,1.92409,-9.394955,-36.95204,-10.092503,37.119507,5.1826,-28.576828,42.605724,-61.60974,61.581345,111.347855,-77.24927,-23.774271,-21.592783,65.91419,18.318932,-1.4057091,-56.720287,-4.8664613,56.69614,-11.083528,20.388674,14.26399,72.27427,10.6460905,-41.911022,-102.398865,-21.528505,73.25209,36.96745,-16.674036,42.57495,13.9505205,38.6976,-8.891314,77.713295,-20.769646,42.08237,-36.09692,-2.7200565,-18.622856,4.4544797,3.894859,-27.115353,3.7991097,-33.57035,34.83045,-27.013159,2.7503564,-146.56369,49.686203,0.5091349,-0.015400143,-1.6795228,29.63243,-36.230434,-8.993181,-9.428293,6.7548065,-11.463222,-59.984715,30.724499,-32.266346,-17.372936,-52.503506,-22.295757,-46.3854,-37.602505,30.34637,-21.265587,18.127993,-69.513695,11.131094,22.23536,-25.601673,-30.324785,-4.399256,-9.922073,-11.730585,21.963833,-7.4685774,-3.6157048,19.025084,27.326,-44.431046,32.829235,39.60054,-33.536186,14.657285,31.349762,31.242409,44.366108,-25.530655,-7.34611,12.691306,-4.5476356,47.433327,31.475784,24.405466,-14.663677,-17.968378,3.8465953,-4.6377935,-31.330603,-13.037024,2
2020-09-08,Phase_3_fin,-76.743454,218.99414,124.32315,6.1796846,-102.69034,-125.07954,-112.47432,143.22264,31.347092,65.6701,189.87366,25.576704,32.140633,-96.45885,-80.54846,46.49207,-63.256435,19.121494,-10.508857,6.014072,-55.708107,-11.770796,20.140491,-82.83022,-16.546099,148.61563,48.379242,-64.79198,59.981552,47.86116,-44.52427,46.040718,-23.289007,-54.60316,-5.2007422,72.87373,97.14995,-64.16188,-69.94661,-27.006947,-7.126583,-11.643073,-6.07233,47.56286,-61.886467,-51.519,-68.49138,62.23017,-14.584012,-27.83525,-39.94524,-39.04399,31.24597,13.240831,27.139906,20.347322,65.80666,-4.7924013,-27.444977,-43.740093,15.659544,13.265377,-5.9753504,16.945877,-13.02622,23.566614,-15.336428,-16.519367,-11.632294,-10.8221035,-1.4096932,10.002292,5.893853,18.639105,33.343784,16.772099,-14.254307,4.714891,6.8778353,7.1610713,-6.332405,-12.605917,25.888702,-17.131882,-7.722844,11.139769,-37.348934,5.255782,5.689445,-23.17186,-12.021197,-1.3008668,-13.358037,-0.8264936,6.7068233,11.651957,-10.590982,9.556681,2.089188,10.555488,-21.11932,10.410928,-4.6599145,7.2848845,-13.309509,-14.22642,11.371082,5.5800085,15.713399,8.202829,10.416202,5.523552,7.12597,20.73379,1.8045304,-2.418461,-12.202004,16.335665,11.44628,-7.475596,10.151956,-10.522086,-8.292577,10.122695,-5.186973,3.3405418,-0.799182,8.391808,-13.025423,1.9724804,-10.316535,0.18271697,29.578352,4.155776,-2.1775103,-7.899625,4.8735175,2.777257,-5.347987,-3.1858993,-6.7765813,-24.217682,-8.462696,19.836784,3.1678712,29.71082,9.10397,-0.5305054,9.531011,-5.138887,0.58242804,6.350603,5.4969635,-0.34261715,-14.038083,11.573394,1.9682035,10.751714,15.863949,-8.514244,-7.9860272,-4.965828,-17.943655,7.8284283,3.2502687,10.528123,6.834259,-5.6321607,3
2018-09-28,Phase_3_fin,178.58038,166.38991,-124.854805,-123.58355,83.64307,29.400494,124.67625,-10.358336,-56.93499,42.475956,-213.48456,19.332191,131.82489,-93.464226,97.45948,189.15636,4.908684,-17.167572,122.13487,44.175648,-134.34807,-100.01154,0.81866807,-6.5089374,-125.80948,-17.58521,16.103928,56.24271,24.374638,33.061207,-2.2014024,23.031921,-33.136806,-9.529383,10.042463,-47.06401,-38.370262,21.356085,-29.372751,-9.102202,-15.473594,32.240944,36.91765,18.772532,11.069116,9.465711,-39.76554,-25.315704,-0.91935086,67.31664,21.854868,-73.96144,-25.230574,27.762466,-1.9843022,-4.868298,38.073452,-8.544348,30.628613,-3.9991071,-3.0228581,-43.36771,32.529396,29.743149,7.7375784,38.776405,-1.6043227,6.5909314,36.33177,-56.78999,-10.751586,-14.305618,-46.056507,29.151897,-28.863781,18.257755,-35.367397,7.721595,-4.666983,10.354914,-30.957623,-2.865794,3.7264426,12.439288,-10.603683,11.765591,-18.895561,-49.161976,26.074648,28.574184,-0.15022564,-14.220498,1.1441981,20.802887,-34.438454,-0.33105052,-7.8563004,47.54003,6.3498073,9.629729,40.78617,-59.42533,-27.461191,7.7165275,14.479035,-6.896693,-54.134342,-7.807031,1.6786764,9.200569,-47.01006,-81.05105,32.754704,56.59259,56.99304,12.708765,-51.44351,26.988934,-45.494946,-35.40266,-9.57446,-9.024417,-38.14609,-10.348019,31.198912,24.680801,-29.97837,-42.306683,28.868572,4.8487487,27.372639,22.19199,-44.33837,-44.04876,-23.171343,-23.466246,-2.681288,-3.4884202,8.009388,7.5167203,-19.896639,8.381353,7.2107434,7.571665,-1.8590782,-19.659441,24.988607,4.3296795,12.805263,-12.0204315,0.3171088,-32.900627,1.1564323,-15.406217,26.853674,21.213911,6.689427,-2.7333171,12.446455,0.96555716,-13.552767,-25.276352,-0.82885325,-33.302876,-16.498844,6.7506557,3.230685,9.626978,1
1994-09-26,Phase_3_fin,271.25925,54.88406,-148.82664,5.534924,-261.05518,2.547564,-279.29413,-16.945202,109.273315,74.82968,-74.65237,-10.781758,63.597885,112.70852,115.12533,5.238348,-39.08366,-80.56027,-29.592422,67.46915,90.43033,-23.188902,38.59551,76.39211,-35.106403,-21.281887,159.72931,-0.5683997,-79.67704,-4.325756,-29.367023,-5.617686,-28.83486,-82.69513,-83.87367,-48.184246,-33.213516,8.2926,28.705332,0.27118018,57.840946,30.702242,41.893433,-26.018757,-10.062837,-67.033485,-28.958231,27.140738,3.251975,-4.4846296,-3.2735696,44.148315,49.931557,14.182851,-65.8485,-34.749813,53.997284,3.4843652,84.037384,6.587144,38.158882,-54.276573,51.72955,48.502625,17.53729,26.307375,35.858154,-20.47544,-1.268179,53.414783,-51.821457,-17.649942,68.97146,41.813732,28.983456,2.8132987,-34.8939,6.11339,-29.121586,-10.489921,48.16385,-19.88984,9.631801,-2.8657558,-38.971962,-23.465174,-14.742495,33.232456,-54.246437,25.77462,-58.899883,3.007652,1.4492049,9.207561,20.148535,-28.419466,10.310019,7.7413955,-31.148167,-46.365128,-4.780026,34.707184,13.532837,-4.395301,29.91062,1.8769765,-7.9041715,26.71641,-1.6182888,-38.233986,-5.8363786,-17.684834,7.1359262,-3.1980312,-1.4593505,-0.8211052,-4.456513,-3.3632977,-22.212278,15.307147,31.402817,-1.3437692,-20.722265,-23.110765,8.447105,25.094812,10.142731,-5.7108445,11.346725,-6.8070726,19.014114,4.335062,35.690716,-3.0440395,18.454271,-6.966289,-16.48074,-0.8583154,-6.2186494,-17.986208,-9.104078,-18.511496,15.29259,-12.509887,-35.004364,-1.9863389,1.8573053,-25.241262,-11.207412,-23.330854,-71.51058,-1.6776332,6.6374145,-3.971729,-2.7002425,13.744905,-6.6480336,-48.978043,21.693165,-31.514864,-9.031581,-4.178044,21.610348,-3.45549,9.978759,-13.046954,-23.334217,28.122059,1
2017-09-17,Phase_3_fin,-16.125175,79.23311,-54.401764,60.31826,90.88052,-55.368263,-2.3080318,-64.42104,74.65216,68.35469,-28.673676,1.7242491,-74.78585,40.795425,-62.780407,84.17043,145.85533,-52.274063,43.197826,217.0099,-14.713405,123.97516,-91.65434,-117.41956,143.17575,-61.761772,-10.992475,-24.976627,75.61783,-28.274416,10.068695,-100.807465,75.11038,-102.835335,80.09006,33.315334,61.924202,2.3385808,80.20473,-88.71037,51.56338,80.16114,45.05637,-26.417002,-30.275417,-44.450974,0.41148797,-0.9756155,3.810776,-74.464165,-61.49326,10.556453,-11.625126,-2.7703853,-16.010635,19.932175,-28.978973,-30.225681,15.854081,14.594268,2.523397,-12.844819,2.7907686,26.734255,43.819965,-26.365911,16.530855,-8.838278,41.32232,28.626604,5.8649254,-8.873555,3.397132,33.36829,3.697702,20.834118,1.754162,8.039493,4.2427545,14.082269,-3.1256785,-32.737846,-22.694172,16.117361,-21.197212,31.386059,13.877535,4.000694,27.523561,-6.964842,16.020063,-15.802669,4.370812,22.272549,14.443183,-37.45746,1.5782263,19.27302,-21.295204,-3.1810932,-35.84733,-5.1868877,-11.130033,-40.961857,-22.478529,28.442722,-17.143654,-45.978157,-6.4190164,-26.006483,-21.644424,5.407974,-20.014614,5.640571,13.363526,-19.530014,-3.5214832,19.212933,15.109741,6.764179,44.6176,26.089176,18.238195,-23.304054,26.778107,-15.270286,-21.428934,8.637852,4.299828,-9.998563,27.0692,-24.014864,12.983672,0.08993058,-43.53505,-34.922176,-26.680422,36.468555,24.022093,-28.214594,17.233175,7.3480444,-20.150974,-25.117592,7.0046673,9.049537,-15.069077,24.71423,-9.757537,-2.4294977,4.7839413,2.0329707,-62.084152,35.220745,12.414599,39.407005,45.99904,46.308456,0.81882316,7.6205893,15.580339,-17.874172,18.754368,13.255268,37.585762,5.9106355,-38.46577,40.19761,1
1995-09-19,Phase_3_fin,-10.599925,124.63794,2.646058,30.37515,-38.192844,-67.99779,-31.116488,-41.79002,12.15104,-85.33219,-16.029877,-37.596714,-121.772064,87.45631,91.113014,-13.501045,43.926346,33.796074,-25.779865,-58.382458,-30.134493,38.57534,-25.459515,-80.05268,-117.40068,63.62896,-35.341747,162.60109,73.21219,-71.90549,-40.805096,-156.88036,-16.171091,61.45173,131.17499,-19.327663,0.6367094,100.325714,-65.56617,-59.906,-76.48886,188.60739,-22.843563,-23.96472,2.523239,71.40418,23.336079,-13.482591,104.68708,65.17384,-53.08106,79.40847,59.667473,39.942307,6.8643622,30.902395,101.04139,-13.331035,-63.806755,-39.477684,17.003288,73.4591,17.337872,-13.062398,44.312504,-68.665085,15.640343,21.36263,-23.205145,91.423164,-44.57032,-3.0106716,14.183817,79.24399,-27.572258,19.209776,5.679442,-69.95786,-53.720028,-33.811325,4.4840574,29.614136,50.929703,-38.040417,17.046152,23.594503,-66.77443,-8.280623,54.8006,-23.121595,-35.5252,-76.43868,110.8409,24.36876,-26.742811,85.58561,-37.538616,-11.869284,90.212814,-22.9852,-4.3106785,31.989721,-8.511146,37.052452,50.25841,-17.375462,32.26513,-52.511723,-22.92515,61.159355,23.684479,-27.475714,5.3768167,6.9316273,-14.296864,-28.93644,-31.261995,-2.903856,-14.238763,18.299072,-12.688787,-22.64573,30.82971,24.690884,45.552048,9.551894,-47.83306,-11.028368,14.945727,-10.557225,8.552313,19.407299,-8.392626,-10.420047,2.6786764,19.990566,-12.372801,11.437376,-6.5615563,-31.535957,-11.040498,-21.372517,-5.886664,-15.053114,-8.692987,-6.7661443,10.683303,-4.4888663,32.44549,9.446324,21.925972,-4.30368,23.241785,-1.0348259,0.50907785,3.4502902,7.807232,1.8175354,-40.55053,-54.96924,1.2042772,37.729424,-14.530619,14.51022,-6.49056,-58.14885,8.581512,-0.91422397,1
2014-09-03,Phase_3_fin,112.21474,173.83908,74.168274,-4.6953845,8.036408,103.33215,-163.35484,-127.602295,-58.118614,4.468728,101.06363,-72.852516,0.87560135,-26.094036,-202.24594,-67.993645,-57.05284,-92.7797,-24.533545,49.38426,50.512474,-49.7853,12.884947,113.80557,-102.01393,-81.17167,-16.953154,64.08203,-35.593224,-2.1712265,130.55135,-44.2574,-46.46215,-90.26168,68.39562,-22.031618,17.08757,42.479977,-31.232168,22.251404,-19.001217,-16.092182,-18.106453,2.4479976,14.930396,11.740809,-54.936546,-46.8198,1.98625,-12.875636,-40.92752,-69.86669,-19.851385,41.417763,-28.648197,28.258995,-4.3463774,12.727186,-83.47256,-11.041963,-21.960485,22.621307,10.600799,2.6063175,31.600449,-29.754532,12.762308,20.07685,-73.26293,32.622208,33.05162,-32.218327,1.6116071,-31.727434,-20.904135,13.793748,11.527079,0.945195,7.9640813,24.627628,3.5853744,-49.542942,10.468055,2.146322,7.456047,35.765644,-8.186499,-11.418809,-45.362843,-19.06218,20.821886,0.24872896,-54.862873,-46.6161,-15.794748,25.037113,9.67642,2.3162696,4.8104715,56.4495,-35.15508,-31.695662,-28.899958,0.071739376,60.803253,8.179168,94.61912,20.756855,21.234411,-1.5254194,18.164917,-51.362656,-78.82305,-59.067554,25.13378,-51.77612,-15.988352,-104.95183,-53.993195,-35.84705,-23.771702,24.226715,64.922386,-8.484758,-4.2753844,-10.537128,39.802036,-52.957863,-41.85807,16.412025,-2.152357,4.359327,9.776574,-56.61003,-42.64829,-89.48464,-14.836,60.299236,30.999157,15.034436,90.08998,51.548313,51.122974,-17.986237,-38.976276,30.849411,-54.322186,-52.303314,9.772206,7.419041,-30.62992,12.081316,-27.95988,31.714376,-15.824286,24.66065,-20.195337,-16.92016,4.49795,-38.825157,-13.714577,-45.66578,-5.4064193,-32.574852,5.8095274,3.8982103,-44.169758,14.583998,1
1989-09-23,Phase_3_fin,-214.7372,95.04644,-19.439806,26.743635,133.33243,-3.5391374,34.236782,-25.334942,-55.436653,26.060953,57.499073,173.6019,86.44229,-70.63845,-12.737192,8.35348,-190.9579,-0.21079244,81.880516,-39.305283,-58.202103,36.140293,-34.505596,100.266785,24.895613,-113.22884,-54.36063,-14.75775,23.106667,-15.172231,13.01522,68.8479,51.714256,-44.99756,-15.878128,2.4061708,68.409225,30.028698,49.89924,24.15122,36.02414,149.78705,-13.477565,21.24214,68.72304,-11.074801,-72.09906,17.907171,28.977095,-78.12149,191.3449,30.45321,66.35238,29.412737,13.159638,-5.0753613,7.872247,-23.134405,50.821148,-72.986946,-11.504193,-3.1257672,-41.541725,-43.16461,-76.509926,-5.2507596,41.251534,-37.98145,-50.864986,119.86902,-54.948185,25.786709,109.40147,-21.44395,-146.72523,93.95444,-49.115284,-7.3793035,179.02141,60.60724,12.32231,-26.70859,-38.25226,-57.67652,-2.168719,-71.04443,26.62526,-8.196308,-39.37061,-9.126827,7.4875116,-91.366234,-46.050472,-57.92385,-64.60259,-24.642212,1.336535,33.220665,64.43144,-17.814583,-14.614644,37.49615,-33.924973,25.233376,-37.41185,23.960777,-18.959455,30.882347,-29.103031,0.37019637,9.060058,-13.894426,5.8571424,44.584213,3.1113882,14.73887,-6.53478,8.674538,44.812027,0.67160785,-27.869425,5.904012,-4.628964,17.120216,-17.95686,-6.2487516,7.502904,-27.830715,38.805264,8.645857,5.793068,21.965336,-12.084154,-25.860554,-28.760046,34.162212,-4.320498,2.1807866,18.175934,-16.796835,9.929349,1.5820042,-7.155566,14.139708,1.9821988,-22.503088,-19.308418,14.182076,15.201515,30.629196,7.2033706,-0.8145231,-5.422908,9.248807,-10.052665,-7.3754973,20.184996,11.7035265,-17.308321,11.380174,-34.096634,-12.291656,-0.7962787,-0.9258417,2.79715,5.8647265,-10.845096,-1.1528661,3
2009-09-09,Phase_3_fin,155.7268,-19.425192,5.5250525,-28.980703,-10.363761,-12.642844,82.41368,-9.475495,129.41397,-34.160656,-173.05649,-22.807812,-138.15431,177.39842,-185.17006,-2.6416318,-80.32835,20.37634,-60.088352,-156.09167,-9.310835,-113.62772,-182.96037,-56.091244,-13.758846,106.24374,-47.032436,-69.25012,12.583828,-87.684204,50.23848,67.27085,111.51699,-111.37938,-57.934933,8.654368,16.135164,-63.842236,-29.918144,64.10944,-81.61127,-17.081833,2.774827,-13.243849,-12.613216,43.240948,22.511492,-23.020063,56.314423,-52.916782,51.39219,50.265057,40.41924,57.648216,4.8281593,-19.264458,4.583149,2.5626423,69.467514,9.444308,2.2587483,-69.96138,16.049517,-35.564053,-3.8049793,5.2646523,78.71993,-15.713428,-10.571365,26.291042,22.028366,-28.487375,-18.727041,-0.23909704,17.528286,-29.885878,-2.9587939,-53.986214,-45.12146,-19.352186,51.2762,-12.217914,-51.55669,6.386175,-0.84794366,67.62223,-26.606787,-23.008028,22.056684,4.165838,50.631973,56.739124,-0.80975145,-14.300303,12.265354,1.3152267,11.279682,40.085556,11.10346,28.620275,26.272621,2.2952561,32.002975,29.905933,2.456904,-31.160263,-30.643951,18.820824,-2.7892401,20.735205,22.093672,21.0978,29.149487,-5.6293154,13.939532,27.068182,13.651837,32.328365,-6.6927843,38.19415,-64.67572,-3.5013359,28.48989,-13.89657,12.091927,50.192413,-26.228174,10.131925,-15.902803,30.96296,39.04642,23.455126,19.45964,-9.362973,-8.53322,5.8217516,-42.792572,-1.0776514,18.875616,-7.6700664,32.650776,-10.894301,-3.0365233,20.884281,2.055898,-11.29497,11.194436,-23.44426,3.6612124,-1.0114287,5.275267,-15.340296,5.725407,13.677091,27.26827,-2.6600788,3.0955257,0.14540757,9.111361,12.28578,-8.632974,-19.410643,6.6538334,10.406236,0.87298995,24.27413,-5.1690288,0.42027628,1
1997-09-12,Phase_3_fin,378.30704,-100.68512,37.079445,-11.62302,83.32662,162.13263,-122.74388,-24.1378,-78.54948,-86.312996,60.88849,-96.8037,9.756559,-58.70946,169.53903,-29.983322,-124.28429,-60.12795,-11.718703,-41.902973,-95.97075,26.354963,-117.994194,-116.18057,74.19368,-81.19455,-125.06255,-17.806938,-18.899858,42.063282,44.19601,-9.531712,-39.469406,20.118446,-38.020214,-31.837652,-33.7433,-38.05304,-24.674122,-53.010967,-60.719173,-10.883672,31.033203,32.6647,-126.04676,-54.246746,-13.648003,42.820442,85.432655,34.232285,7.972093,67.985085,-106.782745,-49.29387,-34.648903,93.040985,-26.84837,-14.058916,23.359049,7.351714,-67.04099,-24.902584,-74.93115,84.10695,-17.127617,20.090824,-35.01596,2.31622,-18.104313,-31.118002,-2.1602566,-46.859066,0.68450975,-20.877975,-15.109461,-16.75583,-40.91938,-52.13995,7.987357,80.83382,12.676375,-14.150081,-11.496578,-48.155273,-23.15974,-15.330803,-6.806738,13.787227,-49.436516,-29.613295,-2.8634186,21.55643,-0.3535949,20.640165,41.461613,50.178898,-27.266674,10.756451,12.411603,-17.173965,14.02637,-24.363388,31.40239,4.527079,13.690159,-9.629738,4.839128,-8.474791,47.18252,19.26903,3.1154637,7.470537,-8.515501,28.518017,7.3215356,1.3031286,-28.996492,-21.229795,27.504387,21.850973,42.3095,50.936737,55.301437,-16.649214,1.7866365,-2.4945064,-3.215822,-8.428815,0.79756737,27.298409,35.316864,33.90877,5.6726685,-20.92186,2.3675103,-3.5019765,-30.109745,-21.442013,-30.144434,4.339607,-65.67674,-37.38289,-38.31017,14.457145,-17.658363,68.74454,13.9703865,-4.08433,-3.983373,-44.125454,24.697533,-61.52266,3.9326644,61.396317,23.758587,7.1612234,50.075237,-3.521619,-25.899942,-53.259514,-13.052705,51.85945,-32.991257,-10.541471,24.565697,-18.086906,8.021012,-11.980384,0
2005-10-13,Phase_3_fin,-82.93963,25.029287,23.892504,-260.71524,26.947636,-139.91237,26.780834,53.698048,-60.333103,-210.82626,-2.814001,-12.884729,-112.05959,-68.4084,105.82614,33.453114,56.357727,67.71911,20.033133,-33.15045,-1.6079055,63.61287,7.638959,55.74533,-49.43992,-27.307175,-29.325422,-105.3251,-56.60372,18.73788,58.895206,-33.604107,19.716608,-63.829792,-58.983036,-35.12237,58.242435,28.31302,45.662178,103.67375,1.3687012,-28.902246,-32.978046,31.766426,48.371765,19.423954,52.10842,11.009925,-1.7101735,-22.897177,-29.311337,41.832302,-9.303287,-9.115964,-16.4688,-26.920326,6.7197003,-14.487199,45.86161,-23.29149,-7.111392,8.283155,-35.14551,12.482538,-27.167997,-3.4775198,-25.305191,19.310402,-2.9938374,7.0370827,-23.341412,-17.70348,-28.859804,41.60282,6.7498026,30.7444,-5.842297,14.747685,29.870003,33.643208,-59.983013,8.192438,4.199912,18.378576,26.58141,-38.636425,-25.11806,53.10136,-3.2530875,-2.7823074,-29.328463,-38.969315,-3.4773078,52.80883,-49.803566,-30.696259,86.85045,13.535391,23.98265,14.13853,16.960707,-6.843291,-20.047253,4.807984,19.366468,22.64388,-2.0390782,-46.233772,34.236637,52.314674,1.8613997,89.73918,-23.652494,-20.38825,-105.765396,-6.837608,-47.760643,28.44267,-13.495499,-1.4809382,-33.135975,-12.876458,-12.354202,-10.430689,40.534943,-22.4554,-22.752827,18.095293,-62.920273,-12.819217,10.203129,-39.9147,-22.223997,-52.747704,14.525052,-29.430593,-16.697126,51.98977,-8.193321,71.87454,-52.581364,-6.8047733,-13.172656,-20.366692,-56.416096,13.012678,75.680176,-55.28551,13.581021,-59.806896,47.077145,8.81319,-36.809715,-68.98663,18.190285,-4.021742,-30.495392,41.34188,-53.529842,-31.617525,27.777834,-20.147213,17.379053,-32.795914,-11.088014,88.040825,10.033545,48.054214,1
1989-10-20,Phase_3_fin,-219.45389,63.356503,-9.811269,44.407207,140.9166,-12.370122,123.97849,-29.322403,-35.561543,-20.725615,-6.652811,130.12538,62.3661,55.892742,135.39827,-7.658564,-185.2679,13.898683,88.82145,51.879646,-95.248146,50.396183,-39.17644,114.899185,21.882132,-101.57067,53.259716,-51.226616,-31.556593,6.7446885,-53.03469,148.58684,11.336052,41.593796,-48.82127,24.269764,83.802414,-99.309494,91.44951,-64.41192,-77.46001,159.52791,-44.268505,-42.640656,37.530014,-24.382816,-52.506073,3.0129676,62.11224,-62.063793,54.67487,-44.475925,-8.939103,-19.25573,-18.114128,27.629368,31.51605,-40.870384,-67.8755,-30.896008,49.16833,-7.880999,9.748949,-14.871703,32.917946,-28.119566,12.51811,50.98866,23.754595,3.6116393,-16.922083,-37.573563,-66.44416,1.1689979,-19.81406,-46.338444,8.725475,6.4561915,-18.356222,-20.853994,19.964176,-30.432796,20.692945,-1.8454825,-9.177508,18.224285,-3.1310773,-31.959187,35.082157,-11.118862,6.1977243,-0.71320295,7.314207,31.232853,-4.618196,-6.823693,40.597702,0.9321345,-30.897268,15.783087,20.208803,0.8891117,6.0868373,9.831373,10.243647,-0.46035954,-17.252256,19.743044,-7.825142,-15.647589,-33.52656,6.0935035,-22.627565,-14.113815,-13.457975,-28.045795,-19.746403,15.61644,-66.81389,-18.94358,5.658352,44.70202,-18.210678,-11.7263975,27.556087,19.42971,2.8146348,41.196728,-29.381115,-7.562764,7.172149,-40.174175,49.617443,27.513622,14.712322,-3.556714,-24.440798,46.446194,-50.346188,-12.100207,-13.643844,0.13421041,8.815209,4.2999086,-22.908417,41.45563,-45.74775,-86.436165,16.090582,-48.827187,-50.052803,8.045427,-45.78239,6.726175,-11.606505,7.5475492,-20.983746,-11.832331,-4.4622073,-12.057831,-14.034217,-19.264898,-45.47311,-20.015497,33.47914,-8.252486,-5.184137,-37.54048,3
1999-09-14,Phase_3_fin,-345.1849,-153.74728,85.22926,-142.68301,-201.21376,44.629936,32.88205,-86.31824,-116.42455,-0.96227014,-8.805671,68.92489,87.72856,-31.770155,-19.67975,100.002266,-37.456398,-4.02839,-133.98854,18.982378,25.350975,-14.90877,-44.572567,-91.89557,-67.264626,-62.975502,-25.602964,-9.000746,2.773227,-72.10942,-83.39691,1.9930087,16.261887,102.70754,18.358015,-18.341244,19.192188,71.081665,150.72137,33.084625,54.85613,-22.005112,46.730625,0.48218948,-127.17224,-15.604666,-42.21238,15.658506,-79.93008,35.20139,41.41832,-18.832928,-46.41737,86.831604,19.833574,61.06977,24.528175,30.100391,-25.485735,32.789238,16.190136,-23.85961,33.758163,-43.947807,42.508892,20.818655,-4.8281484,-47.22444,-62.109417,-10.001753,46.54685,25.462296,-60.77046,-33.97429,-31.653652,-47.324394,-24.25245,-22.056496,29.324314,-60.246983,39.942413,10.246389,31.30819,-60.32794,5.6044292,-20.024885,3.2798152,25.747545,69.298775,-41.80902,-43.448963,49.532192,-16.78034,23.343607,-42.582314,20.418627,6.8847528,56.63823,38.57849,-24.367842,-2.5015178,-6.2138953,-15.81372,-35.53225,-11.7267,36.09064,-6.2085505,-5.8172827,-32.580177,9.2912035,41.158184,13.529929,45.06137,-41.651752,12.846985,28.218248,8.032585,-9.6603565,51.929466,0.0990913,-3.7624226,-43.035675,-0.28725195,-11.560447,-20.970333,-10.525062,9.1409,-15.767664,32.919052,-42.472668,-1.3603112,-4.3904395,21.153664,12.097046,-27.641024,-17.866852,-17.353052,4.3356657,35.549408,9.251513,-11.253578,3.1541767,1.9441874,-16.37202,8.409372,2.3226893,30.512074,-2.4802606,4.3703604,0.060419813,-12.372281,-19.864283,-15.281493,27.003017,-6.4618187,25.070286,-25.512129,-15.036446,-13.513125,-28.779266,28.032187,-7.6242943,-2.2117918,15.662493,5.011276,27.296177,-9.687127,4.802256,4
1999-09-21,Phase_3_fin,-352.6698,-137.17505,66.75461,-189.66098,-209.63966,54.70849,33.424805,-120.722496,-171.66895,29.676302,-29.206306,61.03661,41.86412,9.196972,-50.62395,42.783062,-63.63331,41.045082,-140.88947,22.633533,-15.951492,38.510067,-84.79938,-82.44534,-42.575813,-54.170612,6.3594437,-13.623607,-58.722836,-44.03176,-96.216805,20.57233,-14.595396,25.697792,18.718767,-29.341879,67.168236,62.23806,130.88962,-20.579586,24.158531,35.4883,32.60628,2.0379767,-108.08234,-44.958183,-49.39006,-16.156826,-42.32018,73.07479,13.10436,16.88797,2.5340056,26.529922,55.820843,-6.0887227,18.38223,23.123234,64.69436,-64.839905,-52.574722,24.460846,-24.517433,-18.214886,-12.667693,-6.390277,-11.723346,13.439453,14.228915,13.827955,55.873283,7.5278583,10.526469,27.525908,36.103012,48.230213,12.383955,18.993832,-15.766115,-3.9079318,-7.8581533,5.524194,4.3034043,67.72021,52.841778,48.28873,-14.515291,-14.339629,-31.76163,34.056217,55.142403,-28.292097,41.718475,10.435546,75.27969,-30.509378,-1.8533514,-16.781944,-27.078766,15.052926,25.171362,-2.356501,-50.343754,-17.98175,9.917383,-33.06235,-23.191504,46.570763,15.741024,15.984639,12.045814,21.727484,-29.531157,45.377525,30.704325,-19.081236,-25.045626,-30.078846,-2.4337764,-11.891733,18.693813,18.808386,7.886774,40.49003,12.596514,18.586428,10.804943,10.801204,-45.83788,22.913694,-36.216026,-15.878465,-26.989634,25.47791,22.01781,-27.07373,-36.190582,-18.686611,-8.230269,-1.0683048,55.12259,-39.274334,19.700617,13.363986,-24.7836,-30.897818,-41.917072,-8.036886,8.625559,-1.8487113,14.881344,12.497038,-16.911213,-10.530864,22.129745,-49.479527,-7.0161037,57.545494,12.2434635,14.767647,-26.350294,23.487875,21.932974,-26.325125,-8.034332,-34.137947,15.168327,6.6834908,4
1999-10-10,Phase_3_fin,-356.23145,-151.71054,115.8965,-152.76884,-271.49286,116.8632,10.31003,-96.952095,-154.20547,69.50196,27.64625,4.8120036,146.34187,50.16051,-43.137608,58.57865,62.15749,105.66236,-100.858055,-58.503452,-63.737495,54.462173,-38.071453,-5.9521446,51.46947,-21.074734,5.0084467,-18.876486,70.183,81.6435,-25.170319,-28.838512,46.291756,-35.426445,39.25531,-26.323503,-59.37912,-83.44092,-43.60168,37.666615,22.972849,13.771135,5.011322,-27.38991,53.647224,36.290077,-0.82735294,64.7245,36.972603,-22.587358,-16.039507,-22.457008,-15.231825,-8.518306,-3.837436,-10.13887,-35.742622,16.172125,-36.888603,26.956537,24.128153,21.083025,9.456234,-10.124678,12.583992,13.21588,1.4516766,33.34273,17.90935,-15.4303875,-22.68661,-105.03977,50.846054,27.475763,30.932625,-27.460663,-3.566579,35.09311,-31.656048,77.367134,21.617315,-65.95697,-63.30908,-2.0031645,-25.591948,-32.872166,21.56557,34.645134,-3.018547,28.72636,-23.19428,-18.60775,16.216366,-22.556072,-20.894026,41.23165,20.338745,16.55119,5.4968634,-6.499982,-10.045941,-25.254946,-34.034966,66.95873,-2.944357,67.42794,26.257353,-4.0186234,-4.276732,18.182095,-30.794659,-40.96217,33.564796,-47.86627,15.395449,-16.719248,-0.5820233,36.86252,29.78367,-7.541321,-41.549866,-22.61545,9.699598,-21.676165,-20.058107,-16.364592,-20.815062,-0.9671933,28.235247,-33.71939,5.3628488,-39.032757,6.996875,-0.01693229,2.662208,-3.951936,-31.582026,-30.288322,-37.663105,19.890419,0.37287644,-5.8166704,8.095819,14.787353,-16.466179,-12.344594,-8.89815,-19.03444,5.0366983,8.063857,18.686861,0.1662886,-40.69639,-1.180411,-1.9458635,-33.377987,-12.062046,8.786617,1.0532026,18.092514,-11.216201,13.571296,-19.862228,11.543117,-7.4017687,7.8853946,9.331117,-2.7486901,4
1985-09-06,Phase_3_fin,-99.068535,155.83893,-78.60798,69.44784,-47.08681,68.70589,52.780293,-147.2705,-69.892136,-92.197365,-35.354107,-29.019022,99.85687,-80.023895,-71.97722,27.279503,-17.385021,-132.26625,31.876461,61.332867,59.70848,-9.666501,93.39747,-100.41889,15.367148,154.05669,52.963882,26.30331,-5.4553475,-21.873709,32.447834,-4.1293426,71.072624,-36.805725,-71.70446,14.109159,-83.50938,24.96423,-26.102474,-15.412945,27.677752,-65.652626,-71.75793,-21.379313,31.62115,6.47258,-10.39139,-19.162664,5.5638027,-72.45101,-9.80411,34.688393,-44.146446,-56.997524,83.99431,97.87915,6.409003,-1.9746093,31.904785,-28.444683,25.7517,78.44346,-0.6625531,19.514479,55.659744,18.462698,16.22924,-28.334398,-38.857063,40.71518,47.518482,8.862442,-28.082441,29.16926,33.622932,-29.291239,-4.2569895,53.80118,24.226416,67.83341,69.37949,56.88863,28.18537,54.604736,29.084402,-20.966593,14.113878,-20.556984,28.013073,26.163692,-22.426155,10.045724,12.844348,45.257305,-44.739384,-33.773605,0.95441616,-8.573573,0.4000031,-11.726357,30.974043,-21.533876,-17.596008,-12.714671,-1.3862013,-36.425034,22.688948,-0.3822774,-31.801207,-5.5456886,-36.166874,22.390696,-36.580956,-12.463474,11.880099,-15.876527,2.7191389,-1.5454482,38.431583,-23.903679,-29.74123,-2.434252,12.051268,13.486595,-7.1392717,19.819984,-4.645248,6.9449253,16.121979,19.933714,7.804627,0.27562037,1.4848355,-1.5577894,-38.424637,20.559456,10.05945,-11.46064,14.858385,-16.77332,10.570197,21.9466,2.685302,14.253388,-25.938692,-0.042950388,13.517641,8.540219,7.2467384,-14.849154,-31.92386,5.8309164,-7.6478844,9.040621,-31.11394,7.6953893,47.90859,40.20873,-8.21569,-31.81852,-32.489174,4.221678,9.068638,3.412979,11.662506,-20.921268,-7.2135196,-11.555937,3
2004-10-07,Phase_3_fin,83.80353,14.727657,-0.32141477,-170.30928,23.287804,-60.412647,-62.41672,-48.51578,-25.975552,-54.950596,-25.966465,44.63724,10.182792,20.233644,50.652138,-15.059722,-59.87519,66.65516,-37.392838,-64.743546,34.04959,86.55735,-54.69788,-34.920856,15.440507,-15.966021,-5.2918916,-11.185945,-62.73006,15.248736,52.90604,69.702545,-15.313235,58.955643,103.58876,-143.26022,73.564156,56.425365,-75.43899,-135.44937,110.977196,-119.25803,60.677536,-75.64732,-61.239635,-2.0001712,24.565313,-91.282005,57.73434,-82.97394,4.348245,-43.548553,52.169376,-44.15866,-41.358097,-15.0451975,-61.69083,9.258929,30.82022,22.852955,105.30742,-9.580335,54.93683,-16.407644,38.28739,-7.546295,-13.494154,25.172352,0.3019515,-50.464848,-52.757526,62.159195,-21.541672,-36.628086,2.0475557,-31.017656,1.8894181,38.949978,18.769138,10.365449,-3.1598377,-34.32655,59.670177,-38.32856,18.054695,5.8469186,-61.776093,3.0722146,31.842468,-6.680314,26.203964,7.103651,-49.219994,-13.336066,-19.682604,15.321387,-75.61008,-54.35044,-32.908405,6.9946537,26.10364,26.875298,-80.47194,16.08248,37.22924,60.82241,-20.947489,-22.454945,3.980686,32.022213,-60.054386,5.064872,29.515665,49.377758,42.171505,-77.70043,39.93943,14.052027,5.8388352,52.12797,-10.004841,26.958708,63.67589,-48.858482,-2.8589132,41.207718,26.35372,-15.047809,-54.978996,-12.0600195,-54.14344,16.871857,36.66098,-29.038725,-43.02367,30.285444,23.750809,2.3137934,-23.59145,-32.163338,11.528784,-2.791317,-57.42869,44.10045,8.536308,-2.0056624,23.614162,-24.47858,6.9025655,-15.92677,1.099783,2.8183825,2.424206,-19.745337,-35.860325,14.99486,18.740808,-2.6680179,-0.4085958,29.78229,-15.109964,-19.267988,-1.430059,33.8887,-8.059371,-8.436428,32.552536,21.041477,1
2015-09-16,Phase_3_fin,590.11847,26.012783,57.01565,254.67679,-11.649176,67.96908,-18.022032,6.0624614,-58.66903,-98.98069,-74.61242,-34.47446,26.509012,-5.311917,-83.00724,115.1345,-70.91367,44.353058,-23.089561,58.942986,60.536503,-37.294712,-56.712242,68.47536,96.35384,-83.10103,-26.112654,-47.362263,-29.238323,-45.65368,-208.86104,-22.12443,9.419352,-54.644028,18.07499,1.6911535,87.85576,-1.6551318,-40.04122,40.10269,-49.890965,-73.538574,-31.79595,-7.980935,79.59362,-53.58759,10.082542,5.1032248,35.251965,100.05197,56.48279,-45.37289,-32.928345,24.583017,37.74648,-0.08861263,-17.580193,-40.838295,-66.41365,4.870525,5.814954,8.344166,-30.101545,-2.2710783,23.889053,-31.208052,-9.995695,-4.7483907,8.120245,11.307836,-58.591923,0.24223787,29.672115,-23.746277,11.819842,25.160969,29.92123,-1.5455703,-0.14162076,-4.4119906,3.9450781,27.481565,-11.611437,-35.93062,-9.710235,33.613056,22.414583,-25.565918,24.367502,51.292286,-37.782413,3.406063,31.999224,20.090605,-10.897189,-47.089855,35.353573,7.942691,12.390239,10.509256,-1.9901675,-13.404788,6.2588615,10.829955,20.792578,4.8728886,-2.4983883,-24.469746,-53.99594,14.112604,-8.849282,13.468642,65.43068,18.570591,7.340414,10.6834,13.184176,5.010828,-7.8649955,6.982494,-10.352443,-1.7285049,-3.164344,-3.6691802,-10.373148,5.3981743,-10.285047,-22.81073,-48.424015,6.186686,-17.824461,9.607124,-11.044706,19.278711,-8.647329,-1.4153745,-12.450268,-6.1761417,-23.483194,-8.653692,-5.2827086,5.9300547,5.5682983,0.05463321,5.1735787,15.440038,4.669195,-13.960474,18.792973,-39.814213,-2.0625901,6.264858,-2.5731704,12.770081,-29.57463,8.885535,-15.578385,4.7436056,-1.0098975,-16.639246,13.7562475,18.53534,-2.8242807,-28.185146,26.325071,-8.875511,-1.8757609,-3.368127,0
2013-10-26,Phase_3_fin,-29.70118,7.0818624,-69.41444,51.429718,-11.996681,-111.56024,-5.907582,-90.17148,-91.928,-19.416265,-102.69719,138.96544,-54.894104,-2.585533,-2.0636256,-244.19406,-20.86607,-105.244064,75.57172,15.842372,49.756046,-42.386066,25.67097,41.008553,3.3639927,-34.589146,4.950941,-185.33572,75.30795,-3.0623956,-90.32737,-27.69043,-78.39893,87.023926,114.079926,124.4996,-26.320951,-139.26077,-59.024426,23.33754,73.87038,15.088133,-80.206406,11.397684,-73.34426,95.58123,-51.13318,-72.48275,-5.0378513,75.70347,92.94002,58.687065,29.890043,13.261422,-63.682404,65.74942,-66.61827,67.994774,30.366264,1.3596421,17.320957,-33.715332,-15.485779,61.844116,24.093956,0.5478966,47.759266,3.6171863,38.048977,21.13059,20.9955,-4.044484,-9.321734,19.290049,21.328081,41.828136,10.377377,37.475796,4.602347,10.73826,-14.324253,-15.267088,30.406082,5.686262,-10.446761,7.3983183,-7.7870126,3.8543782,34.30225,-20.811,19.381716,-4.167127,8.206413,-1.792042,23.941483,-4.245327,5.443191,1.9945079,13.202515,-15.250361,-7.270368,11.823,5.3425484,26.104149,2.3777344,30.790003,-9.33785,4.3275547,10.550849,10.455261,-20.568573,-0.75825346,-22.059496,-13.733695,-18.262283,-14.235148,-4.2497296,6.5904293,-0.9015996,6.8420906,15.603936,-4.4664125,-3.3366551,-4.318903,8.922742,-2.9395452,-1.7438236,-8.660613,-21.912577,4.5606327,19.640585,-14.027849,-31.651068,-6.5042834,7.2287493,-7.7300415,2.4242723,-16.095028,-4.9097223,0.3177692,-8.772822,-5.660022,-0.97967905,-1.0635177,-17.278913,-9.221275,2.4550722,-1.7171475,5.2415047,11.839064,3.9505067,-1.5650619,-1.2767855,-8.912605,-5.142412,-11.208675,-11.631727,-6.6002154,-15.038086,18.411053,-13.181117,-3.877901,8.243137,-13.971282,-10.362646,7.1701384,13.021927,-15.12947,1
2005-10-09,Phase_3_fin,-77.615395,26.180153,34.80903,-241.39795,26.483625,-121.74408,58.25351,74.24146,-11.198444,-207.23479,-11.545184,12.481033,-67.90698,-107.04356,112.14778,52.4707,93.81687,80.986465,13.950845,-20.543022,43.2414,110.548645,21.815996,71.09884,-44.764507,-34.830597,-32.77138,-104.31558,-58.55562,-6.0049534,37.670574,-29.053585,-0.045405034,-104.470314,-80.39362,-65.59692,36.916916,50.656487,25.77194,79.45443,20.646933,-18.156784,-43.8685,21.867756,42.72847,-1.5235465,60.03455,40.010284,-8.020816,-5.809645,-8.971904,37.51132,6.872333,17.418282,-33.10018,-22.673,9.064773,-39.57133,56.2006,-42.2573,-10.575377,-6.599963,-5.7036695,4.9905996,-39.1809,36.07073,-18.242615,22.46894,-11.737889,42.87591,36.918636,-0.2733682,-23.224289,3.7576728,44.844303,25.248232,9.400972,-10.654379,-36.672077,15.725903,-50.345608,-1.2689171,33.874874,-9.407756,67.28677,-32.85725,-35.36207,51.461082,21.799969,40.328533,-7.363702,-19.53263,-37.82766,54.835567,-20.155396,-12.90204,85.146484,29.974648,15.725528,-4.085617,21.717329,20.554909,-32.802326,24.36094,20.911133,48.65566,-26.134172,-43.476585,5.5550814,56.4224,2.4318569,69.97096,-42.575195,-36.686787,-64.609955,-39.492203,-42.55603,-11.304842,-15.651717,8.623574,6.0936847,3.4995155,-20.13181,-7.6339335,23.13652,22.821558,-22.481651,9.52313,-16.773575,25.207747,-30.636894,-7.4940896,-50.83009,-4.493942,14.531348,15.650282,-31.119139,33.822018,1.8617469,24.180332,-11.082617,2.919557,6.9817634,-20.71867,0.3689824,7.1721635,16.85506,-11.438081,-3.820429,-25.39585,9.199774,-5.888975,-15.652911,-22.49858,-34.762135,24.74321,-9.588248,22.77285,-51.210552,-33.392662,-8.607632,-48.594803,30.255972,4.950333,12.524599,77.55094,21.291954,12.724511,1
2003-10-01,Phase_3_fin,41.3575,-3.507511,115.66537,-191.11731,195.27316,-61.5561,44.20857,5.361445,48.325874,37.03565,77.96708,-58.885715,-33.923695,59.00508,7.8078012,-27.675003,-140.72029,90.44075,-93.47984,123.56402,30.19061,-39.436943,85.40802,-16.436056,55.21186,-68.0734,47.394165,57.759853,36.05301,89.00988,-43.478504,-18.615583,6.1987953,6.5642204,44.502155,7.262032,-6.481293,34.95589,-28.106161,49.711147,12.983308,-16.47573,-12.556601,11.533775,-27.385921,54.13096,-55.707508,-26.849163,-46.296387,8.389603,7.166648,34.69513,-37.722694,41.455658,13.863222,-39.416336,7.6247706,-38.87221,12.293467,-20.347065,58.225857,-8.202895,42.21551,9.986142,-3.0366216,41.237766,-0.3951992,79.1162,29.43056,71.74585,31.904863,-23.709743,-16.23924,-4.6109095,18.210089,-44.94269,4.824594,-23.53717,22.088154,-42.042507,11.355726,-22.202053,-13.520465,9.097952,-4.8043666,-64.20809,-38.228027,-18.130617,-52.616722,8.007507,-17.579477,-52.991726,-31.511415,29.69592,14.90234,-20.05071,-18.768604,2.1799445,-24.21538,-22.575138,-5.805686,17.281307,12.661336,23.000648,-33.67101,-29.024889,-26.050138,-3.707898,19.77183,-11.760436,-53.831,-42.743122,-79.13587,-25.634134,32.4192,34.342674,-33.00418,2.564357,19.975376,-13.128006,8.016324,-16.435583,29.25428,21.735924,37.757122,-2.5128422,3.7020695,-9.360384,-40.437508,-19.54514,-23.195318,23.170921,63.938354,-12.260386,-36.42694,-13.196831,-17.829485,-31.351202,0.6701465,-10.683002,-37.629047,22.876726,0.26371172,-59.903942,42.156075,-17.838861,52.108646,26.996529,1.5411639,8.160436,10.154804,-16.59079,-26.419472,-7.3802614,14.454118,-55.795643,16.21609,14.771202,116.34058,-51.460533,8.081033,16.391195,14.179155,24.15162,3.2226107,3.9364154,-0.57071996,61.709496,1
2016-09-11,Phase_3_fin,83.551025,155.14438,262.3106,-154.59229,-19.514757,118.61431,67.32299,224.57712,27.595829,-81.64644,-216.44148,-53.744602,38.67997,-183.03249,-195.09303,-122.32566,9.295039,-0.6817895,-25.34439,-117.13601,-13.1313505,-32.932556,116.11055,77.98955,82.17357,-12.262377,52.38328,82.6546,-44.462395,-54.59174,-21.422182,-55.084904,37.48766,14.919929,-4.4498897,27.15343,-39.61935,22.40224,34.007305,-53.25655,27.776546,64.74346,-45.20464,-28.97759,-63.114616,-102.2184,-57.469883,16.660694,66.66225,0.5923584,-12.797915,25.701893,3.7527087,-12.552085,-87.57812,-3.9161596,-43.22806,9.193061,-28.33498,-37.320957,22.88297,3.4258687,12.713767,15.085422,1.5623835,-28.511488,-18.737015,70.12969,-22.747625,18.477097,57.127808,-12.865734,-14.094433,22.404446,47.68696,-9.318236,26.652592,-46.847134,68.35566,-50.31685,-13.322321,15.613907,-2.626023,17.84122,-47.846348,-4.185802,19.238083,-39.71331,-1.7516929,52.443176,-50.040314,-1.4875249,-15.582764,-12.170467,23.878136,-18.600414,19.977648,36.33439,10.776785,32.807137,59.327515,-4.9210033,20.127771,18.672234,16.771767,7.939588,-13.946638,-10.9226885,-7.4294057,-34.299255,-4.0097537,25.521261,29.988043,34.622402,-39.591053,12.858182,-7.7405314,1.1756932,19.358059,31.876991,3.66853,3.5169,2.646703,16.199371,-2.3955472,-29.782179,-10.806589,1.6131257,22.951902,-10.430794,-8.032117,-7.551197,-8.209494,-16.9467,-17.9142,21.291058,10.227026,-40.41885,-4.1289673,19.665094,3.8343897,34.51698,7.7496896,11.811452,-3.8668292,-18.511799,4.680797,18.053745,-3.0837586,-14.023188,-3.2198482,-12.367722,-15.110446,3.7261164,-12.909506,-17.931229,19.217161,18.840471,-24.10709,-6.220182,5.9403157,-12.981346,5.066875,16.904621,6.2246475,-10.575955,5.1186004,13.33565,1
2002-10-12,Phase_3_fin,148.01024,-13.929897,-115.54946,-64.53475,-85.313156,51.77383,179.81326,182.80356,-77.14791,25.537151,135.00244,-215.68976,-4.866797,56.73919,56.80156,-115.93862,122.40644,-53.06759,66.78114,102.83256,-100.29233,-10.8422165,-94.467606,125.07477,29.667664,90.491165,58.15825,57.299187,-54.125954,-75.55283,-103.652725,29.547415,-15.692554,1.7616262,36.731052,-23.056149,-0.85319304,14.599998,36.208897,11.595652,18.80541,-51.27545,-104.18587,-3.1084673,-87.75031,31.67076,-12.460276,71.65077,22.918407,-37.537994,54.915096,-10.800997,17.90687,46.725178,-3.9377282,-34.086853,14.52448,7.969144,-15.842386,72.93877,4.2165155,-34.47815,17.180788,7.495459,-9.852703,-29.835642,-4.9839807,-17.868776,-14.439747,-19.94053,34.179638,-10.701178,17.901482,0.63770086,-47.932804,21.653181,-23.574106,-8.425308,-6.239967,21.589357,19.520805,13.995577,-16.356956,3.6390324,7.0248246,18.366404,-46.682354,14.7010565,10.899228,-18.745953,-8.637828,-21.366331,14.769039,19.820509,-9.071521,24.054464,1.6631432,-42.25534,3.7489665,29.50141,14.7978735,13.33835,25.288092,-14.180008,8.758314,49.97693,-0.6855062,-13.330031,-36.533463,6.946508,-25.71691,-2.0049157,-13.766896,23.382973,-9.236014,-6.840046,26.014652,-24.170788,-21.115025,-26.347406,-10.767477,-28.90807,3.567056,37.560123,28.185963,1.8127452,9.882779,13.42576,-1.1608272,1.1278691,32.524998,-19.664085,20.90003,20.476234,16.474794,14.239583,19.273882,8.958051,12.134796,-30.580128,51.959503,5.72705,-63.511784,-9.697124,-36.28675,-20.02192,12.055037,56.49435,22.859337,-13.069973,-5.10177,-10.515632,2.4077518,14.666459,-3.986705,-60.851646,-16.451885,-11.361331,2.9828925,-7.2430587,-7.8936157,24.839003,-46.889675,-44.983913,72.47798,2.5685062,21.132782,-32.70684,1
2013-10-29,Phase_3_fin,5.3485293,41.896027,-45.631428,32.88245,-52.18257,-113.23456,13.320656,-97.77348,-102.28434,30.225979,-115.766136,101.76106,-56.5363,-22.193947,-18.519165,-218.44649,-14.424931,-119.96551,69.39776,14.821785,49.005787,-10.874684,62.303375,43.29431,8.747851,-43.38044,-0.060059052,-195.47102,82.61064,28.522709,-101.408936,-17.979332,-31.803408,73.03025,103.81336,135.69499,-4.0352697,-142.0089,-35.15962,28.24415,74.616455,-17.530859,-85.910576,10.667731,-73.83209,115.6496,-69.19215,-97.026764,5.258031,82.0204,86.67445,69.75753,12.521699,-9.934547,-53.277496,81.90933,-74.96849,42.30503,44.807625,-4.5550456,8.446512,-17.686869,-21.963734,64.214935,30.074228,26.465477,54.64405,9.263374,39.077217,45.79318,9.3274765,-8.481571,12.67319,-0.4271509,35.780006,63.58728,8.98623,49.803844,-8.34717,4.190778,-24.171999,-21.49168,56.64876,20.773327,3.2438428,42.112797,-6.5889525,1.2725644,21.365986,-20.095024,10.111618,22.912077,15.077335,24.34703,2.7412508,7.8440337,-3.0813098,17.5222,31.857998,-23.63193,-8.356651,9.415635,7.0667787,21.800976,18.691448,28.089743,-5.2831807,-7.931453,8.282718,-11.279645,5.5392056,-4.5972023,5.7726793,-29.340265,-25.021154,-11.888818,3.7814307,-6.4351163,20.502766,6.899851,30.649818,-36.981415,3.020388,-10.636494,-6.3991265,7.1114106,6.728769,-22.588879,-7.1767473,19.505766,12.432285,-1.626726,-6.7316957,-24.545586,7.714862,-7.7214684,16.54821,-8.798338,5.5506573,-11.684578,8.014518,4.0679092,-0.2708806,2.8346994,-3.7459254,-3.9067585,15.203982,-2.2684946,4.701944,-2.7284098,-8.76262,-7.46459,6.756199,-3.9819577,5.61973,17.128014,4.783818,8.208223,12.60129,4.0867767,7.0212536,9.39763,-3.221351,-0.8201226,-5.1342,-11.189041,7.8121877,-6.9974823,1
1989-09-24,Phase_3_fin,-212.51529,95.52247,-7.794572,26.61656,126.56046,-9.562316,19.46481,-28.569483,-69.07088,34.74784,64.061646,170.2181,80.421936,-64.26207,-10.197364,-11.847725,-185.41406,1.8886838,87.19562,-31.914335,-46.175484,37.558002,-44.20579,99.80389,17.441566,-111.30135,-54.37581,-16.686401,16.953873,-3.1558533,7.721639,70.81188,36.713234,-40.667164,-27.326288,2.2061753,63.17615,21.94246,52.672985,32.905323,30.871569,159.74261,-20.274712,16.308414,80.08454,-4.8768945,-69.402885,10.067787,15.151138,-74.72703,174.788,33.260513,61.92129,35.45107,13.205807,-9.520611,1.8526539,-17.478745,49.917603,-76.8239,-16.941345,-8.139948,-44.488537,-27.780184,-82.0774,-14.220063,52.94829,-38.49122,-61.436275,116.977806,-52.77187,33.485897,114.21801,-20.309198,-131.85927,96.155624,-41.27923,-5.5068054,176.19054,59.91547,6.1297584,-11.880787,-36.580566,-60.503613,-2.6791744,-72.459564,30.288227,-9.1189575,-42.607544,-4.1308546,7.12249,-95.74814,-44.714344,-65.08491,-58.954613,-15.86688,-5.965503,23.80414,62.281425,-12.362237,-11.35114,35.59139,-30.271051,30.954763,-42.948025,30.068586,-23.001554,23.168083,-24.40895,-4.651184,8.997214,0.52558476,12.742748,44.49027,5.7527285,15.300554,-9.785726,-0.8349247,34.38949,-2.181927,-26.701645,15.430123,-0.25013125,12.072584,-19.448078,-7.560443,3.8762257,-29.396276,29.453613,12.201117,2.9732049,26.705742,-12.406831,-31.841898,-29.369326,37.196304,-10.962609,9.919827,16.98047,-35.29932,-7.0372396,7.211219,-17.743826,14.694195,2.8848948,-17.866407,-4.3283467,18.11908,16.535435,25.44856,11.336785,2.9271622,-4.329794,2.3292232,-3.6958117,1.1371759,24.500336,11.116587,-12.056065,4.681691,-35.818947,-0.61887854,7.1125836,-3.1556492,3.1017647,12.490743,6.1418858,0.06085248,3
1986-09-24,Phase_3_fin,145.91742,112.89975,-211.8609,-54.55864,189.89822,164.57048,-150.24841,166.40947,-94.846405,-21.949894,0.7631797,16.32424,81.63239,100.84275,-154.01521,30.13156,82.43975,186.53516,101.81471,4.5228105,-23.827122,-60.445126,65.61384,-51.154293,-24.15404,-1.8268074,-101.565895,-86.46766,-100.0028,16.820719,-8.023845,-25.8727,5.1643972,102.83282,-11.616452,12.674977,30.556778,-16.659214,46.670116,34.58856,-1.0706855,-20.316496,35.78071,17.885176,9.29409,19.458721,5.138923,44.098274,-25.2127,-17.49915,-21.355545,18.870996,39.09338,14.518465,-0.24846688,63.74185,15.446257,4.9465714,-25.625135,59.702305,-6.8701735,55.640667,-12.890499,25.034948,14.820834,49.032734,13.313546,-72.93352,21.279055,-7.3748755,-7.4322243,34.44664,-25.364796,69.88192,-3.300431,80.25282,11.518405,-46.797977,2.3442743,-73.17974,111.47661,-40.91725,55.71466,-22.688293,-22.485386,-51.312077,52.25296,-48.865044,-62.497,-29.153973,75.846016,-6.3502913,-33.606968,5.0267153,17.286613,22.509115,44.63199,-24.467913,-47.077972,9.411041,-3.202641,-23.349579,-12.121763,-3.4824803,40.027313,-8.584412,5.3105683,-23.483173,-2.6933649,10.658391,-28.725235,-2.3765643,-25.317514,-2.433687,-14.068521,-6.5172086,0.30297905,17.093855,-30.502207,0.24471305,-6.588072,16.875208,27.462727,-27.963907,14.740264,-14.878941,-31.235807,-1.3583839,6.6130157,-6.890682,27.457848,-24.480232,16.045643,-10.866686,-11.924005,1.3051478,17.701248,-56.50988,27.030273,-20.093788,-7.4724483,-11.428228,1.9993638,11.261186,0.9796093,-27.919561,-41.595467,-5.038525,-31.243458,-10.715863,25.386124,-23.240314,12.659333,-11.31754,-28.050907,-4.4043455,-20.944067,-1.7324656,0.066647016,-7.4784846,24.699097,9.898971,15.903186,-8.140244,5.472358,11.339126,18.779356,-7.5549774,1
1997-09-07,Phase_3_fin,370.6359,-65.47021,92.789215,8.727437,83.80562,198.6391,-87.69468,-32.594475,-14.384023,-152.34503,71.48518,-117.17199,-58.63429,-32.842182,136.0181,22.159243,-113.25945,-88.854416,-24.495033,-32.53142,-130.47433,-19.984564,-121.29447,-120.84426,70.85631,-97.930084,-120.7291,-31.113796,-12.353253,49.220615,26.265404,-17.989195,-34.712273,-0.42172092,-34.43931,-31.646208,-66.898796,-40.423973,-40.193764,-46.362724,-73.127426,-19.817717,24.167524,46.39378,-111.53538,-20.521614,-22.963373,56.350468,151.26024,39.04614,7.0723224,70.1815,-89.286316,-58.202602,-28.161583,146.0567,-14.078759,-6.972627,9.816461,37.59575,-96.347984,-2.1087694,-25.75165,56.64361,-27.875267,14.20126,-49.86171,-33.91471,-20.852959,13.292021,31.175026,-56.48462,46.268917,-13.1692,-0.7570345,2.271676,-70.68734,-62.498486,-11.642457,67.02209,-8.163902,4.4368834,30.629824,-80.12859,16.54459,-0.3348554,-22.699442,7.1755757,-16.49225,0.80061936,-17.43988,24.691229,-4.638565,31.462542,0.91444254,10.479564,-16.31753,15.112969,-17.793959,3.962025,62.470097,-17.683256,15.219767,-17.903,15.295023,22.287333,3.8800387,16.630709,-26.3973,-2.7763429,-15.316012,-10.329909,-16.981293,31.66997,-23.773983,-10.741976,-0.24383806,-13.653932,18.755117,-10.551333,-22.285486,-17.324327,-26.525307,8.921672,8.755159,-25.29141,31.86948,20.726925,1.3922589,7.196567,-40.807686,-25.6771,2.213687,20.262728,5.596989,-4.126779,-31.185602,-6.1340566,11.387906,3.7658882,13.906083,17.615686,-8.295891,-4.6020527,7.7329087,-29.295055,-27.472351,6.484456,0.86836654,12.037084,-0.7541377,30.44284,1.7531837,-22.576786,0.35145015,11.969382,-14.709824,-12.615838,24.594723,20.316086,4.016165,-25.3794,25.45994,10.103556,-17.670671,27.393108,16.09668,18.097132,0
2006-10-10,Phase_3_fin,249.20674,-88.203354,-2.865297,-279.27786,-57.31096,32.03881,-88.40598,-19.867758,-87.28282,-33.173588,-5.842785,-23.866657,8.362884,-44.45037,114.01354,-54.320602,-42.568317,-45.942635,75.01575,35.502586,-89.81259,20.908018,42.966496,83.320694,71.61828,13.400957,73.677025,-88.58031,164.71909,-241.55374,30.741312,-51.862324,-41.08538,44.171238,39.095684,148.60713,55.245655,-13.275377,-34.325397,-22.149652,-23.797853,-32.906765,144.81036,-105.830414,118.97745,19.248095,64.35681,-0.62103516,20.07051,27.324102,32.978935,5.1995325,16.02452,-82.527,47.840744,-47.522915,71.46719,72.87104,29.237566,-8.513212,-58.650414,-15.025936,34.515446,-3.923952,-63.683475,57.767445,-36.844822,-9.136808,-41.97191,-51.41686,6.160766,-16.05888,28.415903,21.695217,52.54777,-4.656345,57.005005,-24.742252,84.779335,-30.739513,2.1396706,3.407254,14.379612,-15.3728,50.41964,13.068697,0.76896954,0.5763297,-22.577866,-5.1854997,-15.324012,21.370823,20.976469,-6.488323,-27.86761,22.786654,1.4083381,31.740288,-32.361954,0.13552417,-4.1467,3.155358,-13.386123,-13.826661,36.523308,5.1053076,5.176653,-15.528347,-25.42593,-28.346035,-3.0679438,12.16799,-20.219385,-28.443897,26.0475,2.2767248,19.846537,-11.438197,-21.907936,-1.9575438,3.72069,12.910266,13.151856,28.908266,-15.161656,11.320179,14.176155,4.9893165,2.7620263,19.775862,-17.420134,-27.682573,11.014228,18.855518,-20.004782,-7.3604765,-25.438992,-33.34974,10.961564,9.2587805,-0.99250853,-13.890253,14.276663,-4.5026975,28.868479,17.580074,-1.8871864,-4.1358805,-11.565572,-38.651382,6.9773884,-9.353255,-2.1683023,-2.3008559,3.3912838,-30.595417,-12.833956,-7.479155,-8.626995,21.89273,26.061033,-29.34816,17.124067,-3.6089005,-3.5584085,-6.0044427,1.8535595,10.995629,1
1988-10-17,Phase_3_fin,-293.083,105.241936,77.43496,194.51694,-2.954955,-149.54874,16.496828,66.42775,61.15212,73.36775,-13.150335,-16.553528,-80.78909,45.065193,-28.014235,56.454693,35.098896,12.238404,-54.279293,46.55431,-55.071228,-65.69638,146.64532,54.8418,-25.371088,-150.89487,-68.62822,-18.119642,62.59368,-89.00254,-62.68903,11.949022,97.485176,42.027573,-78.467476,25.79279,-132.63185,-23.900743,-78.70614,-18.174019,18.205746,-44.817207,0.45384163,-34.574776,-28.069082,-17.748865,51.82763,-61.816406,36.961617,-13.713828,-9.831594,-38.9527,69.56794,56.31518,-20.949934,30.793734,-8.179787,-2.6852806,-47.19251,-27.463064,-15.334709,-70.21453,116.62054,-43.520725,-6.1109056,-12.643117,-49.42401,-46.69156,-27.680613,1.2912719,8.25585,21.763918,105.14342,45.854885,0.04332104,-55.393692,2.7735553,28.553123,-0.5333403,45.880825,39.66762,1.6103331,-5.520676,47.098385,41.00854,36.417656,-26.670094,-6.547399,-83.340935,8.644201,104.25845,-4.335798,-27.062273,4.180007,47.043354,10.108596,-80.400734,63.555954,-12.923122,-6.058933,-32.72086,-12.855965,-41.31224,-66.308075,76.829735,93.83595,-37.397633,-95.84667,-26.579653,27.317665,-13.466958,45.479492,-42.85656,45.42042,-33.072815,19.998245,-6.3114557,-12.809664,-46.048332,-9.837817,-1.8085577,-41.23038,-136.91771,-13.618696,-6.1299706,68.74576,69.90079,66.66425,-19.008245,-6.3960733,-52.279457,3.148686,13.711269,-66.41651,22.95957,22.767656,-33.17852,65.066284,78.78204,14.662479,-63.31601,31.596996,26.844343,55.209976,58.445282,7.6483054,-63.917393,27.570665,-49.327694,-3.5149152,36.51648,-11.371666,-94.92937,89.27973,9.459492,-31.925772,6.6693897,-3.8359702,59.145504,-33.414577,-6.6351824,4.538866,-47.874863,-12.241804,-42.222565,-39.491333,30.427528,-1.8462535,3
1996-10-15,Phase_3_fin,-72.08889,118.37521,22.078186,64.61207,95.516556,109.21649,-59.140213,-220.51129,281.43552,-186.2431,-76.913086,-134.51854,-84.526886,45.343697,-49.591534,32.926685,-9.753658,103.89814,21.250872,-21.486814,-101.446976,50.39835,128.1307,-2.0940638,2.585543,80.22846,-73.62307,62.691162,102.726555,74.240486,-178.00995,144.80565,-67.373085,-47.877224,59.092026,-99.344475,-58.3603,0.66042525,92.66367,-19.356579,-58.51986,-0.47265187,-13.905269,31.622585,-32.29341,18.07335,25.594913,20.98512,-8.172995,-21.308935,-23.97174,2.744751,-32.313137,-59.26957,7.080098,-13.849395,-10.117137,-41.62275,27.394747,34.313717,-48.68404,-6.5367155,-37.601402,66.91633,-2.594873,15.294677,-4.1336184,26.212532,-6.925718,-42.71301,70.694824,65.6799,15.378068,20.760454,52.65564,37.202003,45.34345,31.268599,69.893074,26.394056,17.28282,-19.873243,-66.71379,51.83432,9.47432,-34.449574,47.62149,34.074383,54.99415,-68.38412,-29.607307,1.099649,-34.960495,16.135752,-17.072159,42.691216,-53.164562,42.070488,-18.99448,-6.3561997,-15.998526,96.43354,23.756538,10.28191,23.91271,-15.7683525,-51.669304,-7.8671575,-10.90279,-58.763332,72.643135,-45.108635,12.795839,9.191247,-8.802493,9.263944,3.0863802,8.082825,-47.388344,-0.15766221,-7.4740252,-15.070694,12.874837,-25.915865,5.6654887,45.753048,40.164207,-47.94264,-46.567516,-10.001969,54.980743,-31.146393,-13.621952,18.241201,20.808773,-43.761024,21.469006,-0.70632625,-16.717667,-2.453241,-2.9415064,12.274915,-3.7189236,16.205925,-0.59618735,12.660373,-26.390026,2.5124514,41.298237,2.8061976,-5.6523976,-10.006133,-32.257824,-7.0494967,2.3353965,0.049704194,-55.834766,22.635895,5.08725,7.8234615,-1.0409541,-2.6296902,-26.226921,8.796297,3.4460135,1.5296836,11.231052,15.44774,3
2022-09-24,Phase_3_fin,-368.95416,100.01384,-26.0557,216.11679,104.20134,268.44458,102.433304,84.44001,79.04793,-84.59645,69.265564,52.499195,44.879135,103.04288,164.14935,-107.86074,-1.317694,51.68502,-111.803696,-6.8136735,42.079098,4.606183,65.37307,-112.474785,-41.30606,-5.796851,24.538347,-27.5143,-40.11417,-20.486029,0.878492,20.865072,6.410624,-60.55649,23.902033,30.87833,12.341671,5.8690195,-1.6297126,47.28445,43.777695,26.310713,26.636871,-49.66908,9.944582,31.69943,-11.887644,-24.016926,22.473448,30.355642,29.366291,-37.059265,-5.1845407,17.279404,8.146515,-48.46308,11.144412,-5.9265814,16.279345,10.739332,-32.936344,-0.5381519,-23.66308,4.312002,-9.795433,-41.559032,13.935453,-20.319145,-1.0695792,-8.361427,-3.1373723,46.60605,-25.476755,35.342236,15.961659,7.8241663,-10.495065,4.803372,-8.495757,30.922213,11.593776,32.67295,11.323086,-12.974115,3.6351106,-9.545327,-8.304923,48.42063,-5.6506543,10.525264,-12.6296425,14.6597,-15.883418,-35.36038,15.679594,30.544367,27.644175,23.865421,22.468166,25.06101,3.7091632,-59.798332,5.6333475,-9.473541,-8.332936,-14.1936865,15.298283,-28.155727,13.07884,-25.023842,-15.95561,-1.3408761,4.2553434,2.8408654,5.577257,-10.811992,1.8670825,1.1153585,0.2730229,-9.379983,11.1449,-1.7887447,-1.2003232,23.074406,4.8879333,6.4511614,5.003032,-16.721218,13.862349,7.3274393,-2.9736452,-2.4225614,16.554678,-2.111853,-1.7714524,1.013354,13.520979,-2.5899177,-11.866215,-9.537739,4.287168,-10.762933,-5.470786,19.200031,-2.2604737,-4.275369,2.4547138,-14.421223,4.7693954,1.6866584,-9.643912,5.7589583,-2.4895487,0.41767347,-6.7272925,-5.8779907,3.4720294,-3.1242921,1.7734044,14.314024,10.223624,2.9331598,-3.4411998,4.760224,3.7193844,-6.0863957,0.8502398,-9.864734,3
2015-10-20,Phase_3_fin,594.7877,-59.765064,103.04299,309.32828,-123.30399,4.7239428,102.194016,-124.3001,-161.7395,-2.4034464,-23.487911,-44.67868,5.332603,-11.297578,96.605354,7.1842203,12.40139,212.15508,-11.604264,-18.905302,44.707565,-2.4709084,58.542088,80.72106,30.214643,45.451344,22.201712,10.214639,69.586044,13.785139,66.80408,20.315434,-1.0223277,82.173515,-51.475174,25.469177,-34.21085,-19.55989,13.677228,-47.820606,60.130478,47.85473,5.2512097,40.909164,-49.790543,47.746887,24.563488,24.166164,-57.210987,-69.76018,-67.18814,15.084841,2.4859314,1.8195094,-41.771717,12.971686,42.874348,37.849323,26.263878,-6.706212,-15.814905,-1.3204186,7.9660745,-16.997929,-31.249144,-18.115479,16.336761,3.4440453,8.813063,50.03552,59.036533,-4.692751,-3.1884866,-7.356936,-11.854024,34.310158,9.932257,-4.3844504,-14.531766,-11.717941,12.604647,-32.281643,-6.9757752,-16.094814,2.5635571,30.847452,9.902098,-17.97776,-0.41589022,-5.4464097,-22.206404,-1.7563099,11.304295,-8.621162,-24.89886,10.45855,8.690334,2.0103035,-1.1329223,16.67242,-17.177513,-2.0563936,6.209901,-51.773388,-5.354463,-22.782461,-15.491151,-20.72209,11.442274,14.081208,-27.779211,13.263115,33.40689,-13.103976,16.362839,14.411954,-5.440429,5.1062155,-6.24735,-23.971024,-13.879107,10.594946,-15.765441,4.3240943,-10.6818905,1.2707361,19.91786,-6.920027,-8.139539,12.464302,-6.6183705,13.797547,-14.646044,15.029729,16.944788,-12.252406,-2.1389987,-5.7589417,0.1282183,-0.078464605,7.0056453,-13.195404,-8.716774,19.512674,0.77504945,1.4556391,-8.383412,2.2472649,-18.935505,-5.3040338,-15.935596,-1.6122465,-13.690413,9.776929,-4.331703,17.302261,4.1651683,39.141743,-20.651247,-7.2633986,-7.645953,-9.4416275,-5.702385,-10.937607,19.317244,-5.483784,3.4848309,-14.132476,0
1999-09-22,Phase_3_fin,-336.943,-146.88605,69.46708,-182.35992,-202.06097,49.424046,37.90503,-112.09778,-178.36365,37.77479,-28.420656,61.334152,54.62794,28.269976,-61.966778,47.34346,-75.34044,48.918922,-140.56053,11.1519985,-6.470336,32.54306,-69.47556,-78.68721,-45.709583,-52.886894,4.5215073,-14.009666,-56.95193,-48.159832,-95.0243,17.284771,-17.647825,22.799616,12.91743,-31.176365,60.825737,65.984085,125.48145,-14.795971,22.455168,38.511997,41.957355,-1.0136473,-96.42856,-44.145134,-42.093376,-10.369136,-33.330154,74.71444,18.582354,9.166177,-10.724305,19.23483,62.271782,-0.39932236,19.548714,11.964922,67.98096,-56.809307,-52.713825,30.706764,-38.175823,-7.331273,-24.885221,-1.0047389,-18.435081,24.134867,25.831787,11.428801,47.261227,13.748136,10.284377,27.994873,35.37713,53.977844,2.4743679,16.761454,-17.450361,4.834734,-16.613289,1.5597223,-11.143883,73.57523,50.22104,50.636726,-19.780344,-20.167517,-26.702866,21.232178,44.263798,-27.193823,49.481556,22.630116,85.527985,-24.563095,5.19492,-18.06092,-24.417011,13.068007,15.892041,11.943498,-44.822674,-17.033947,17.851675,-45.21164,-25.444397,53.720676,21.390202,7.1585684,7.154743,19.280546,-23.96294,63.85025,32.36867,-15.271888,-24.476513,-21.575397,-3.767721,-15.40144,18.838114,19.5495,4.8155823,40.19803,11.269097,17.530735,7.901011,16.640978,-45.448307,28.23399,-33.814907,-3.9090831,-28.405806,21.096384,25.93032,-20.24589,-42.275208,-10.23179,-15.256206,-14.323056,50.57893,-31.453297,17.080809,15.959151,-21.38178,-33.562344,-42.181644,-12.465584,-0.13528633,-8.180516,17.180166,8.55339,-6.930937,-8.884807,14.099391,-48.088684,-0.8121288,49.240753,4.9447885,17.498291,-27.801142,15.127345,22.364862,-18.622189,0.6120343,-23.857172,8.099405,3.8085165,4
1990-10-19,Phase_3_fin,-25.89988,98.358345,-91.86683,-61.583908,98.447235,-116.79599,70.58838,2.506538,-37.283226,-97.569084,88.893814,378.39355,83.20874,-4.2139597,78.60532,19.11684,-31.495605,-23.801931,-28.076767,-50.237324,4.497601,39.23237,-94.242546,141.1067,118.90817,117.32109,-170.44559,204.65472,-39.980156,12.783873,-33.98673,-52.223343,-129.75192,-81.83414,-28.93333,142.79877,-21.680727,-49.928,73.05474,3.824914,14.253266,-63.63102,-49.80569,-20.768602,-64.622,-42.81781,23.069065,-25.935362,-87.8218,35.256786,-57.796303,43.56871,-38.75393,6.45398,-42.340305,-48.723442,-35.448315,1.5285078,-8.4085455,-20.829264,-20.458445,1.5162524,-0.006678895,-35.48668,24.049263,-22.283495,22.361273,-23.248756,18.099268,-49.583088,3.4189143,-1.4196346,10.702613,10.938027,47.31102,21.522804,20.23294,-19.416773,-9.953614,28.544846,-10.521227,19.122686,-23.551712,-29.376358,-18.622356,4.6092515,-18.253895,-45.676098,-30.963505,-22.799377,-28.506384,0.9655202,5.042208,-48.295856,-47.28539,18.931143,5.120537,-0.042898722,-4.075647,-32.822968,5.711057,-25.213701,-5.796667,-6.8439217,-11.804306,-34.650055,9.4267845,-0.7692979,-1.214128,5.599807,-18.315628,-12.799971,-0.7529767,-21.173239,7.043299,-7.330797,11.027708,-20.78018,-25.89622,10.306933,-5.823465,16.54616,-9.048055,-13.293614,6.9691615,15.174663,-21.936464,4.925161,-13.104617,6.734494,15.855131,4.197454,6.4867806,-9.053647,-4.8429914,7.0990796,-25.767591,28.504944,1.5610293,-9.709151,-8.91047,-0.33574212,11.312398,6.0635777,9.167643,-34.65077,-3.1432645,1.8134222,24.290388,-0.20077124,-23.232801,8.343188,-25.687534,0.1183285,-6.112605,-12.295515,15.254409,3.0221782,4.0287046,8.005578,14.934647,27.521112,7.724599,18.236609,1.940923,10.590602,12.40066,11.561609,1
1986-10-01,Phase_3_fin,192.32198,101.597626,-128.3343,-38.147213,135.23273,187.96107,-145.71341,138.73898,-67.14234,-15.632437,-14.607026,-27.661247,75.84695,51.383247,-156.10596,-41.508488,54.47702,125.65076,123.95315,9.570254,8.00938,-13.428269,60.667316,-3.5139356,25.061045,27.04132,-101.00154,-82.422874,-48.81788,-14.814267,-43.91288,-71.10164,10.117789,39.12373,10.256918,4.874582,32.77036,60.850105,3.5337029,-2.1769636,16.444706,21.547369,42.810123,-9.1994705,12.236995,44.125526,-26.64768,19.32737,46.24884,14.886893,9.027569,33.50467,31.800283,13.015332,-17.320473,-11.235477,13.023647,-5.746106,40.90528,13.278284,-33.148083,22.422293,-9.588131,-46.864662,-4.212801,51.81463,-20.189894,-17.40825,38.17126,-8.296459,12.648144,40.827194,25.490067,32.54002,13.40689,-85.664795,-9.699871,-3.8692155,18.777,-15.632225,-31.241718,12.554501,-12.7018795,-29.013403,5.9939914,58.04943,-53.445507,42.277527,-25.09476,45.23617,-28.918852,7.0465236,32.358833,-6.4489703,-29.608587,18.995342,29.398476,-35.439186,24.103634,-34.985283,3.1350472,11.96199,-1.3501829,71.755585,-15.432744,9.832204,-29.148684,27.402266,8.293032,25.368933,44.827454,-3.3077877,10.213768,20.550781,11.26254,-15.843515,37.31225,22.574976,44.40429,-30.884409,5.5752296,-14.024528,-97.22032,13.321343,-13.995455,8.780875,16.868591,6.338302,-19.218851,10.9421215,-62.017647,18.049763,-1.4613552,-22.681166,1.4980606,-31.195757,-26.867308,94.88105,-85.411514,6.8816123,39.999878,28.808762,7.5424423,7.5444493,11.462218,14.58524,59.197773,39.59826,26.040804,22.219065,-12.112113,79.064644,-40.817036,22.990759,17.2725,-27.958746,-12.318763,-19.544577,-18.021519,-6.632818,11.6243105,26.31164,17.92065,-2.9004004,0.615845,10.540516,-11.504917,25.793716,1
1999-09-01,Phase_3_fin,-255.53705,-173.14944,106.25953,-139.71349,-189.4222,34.610855,20.116766,-71.98192,-124.15659,-26.130636,6.18209,-5.656437,93.203964,-37.161766,43.715145,56.062172,-33.430202,29.649263,-65.2993,-32.92729,72.562515,-53.765873,-61.579998,-76.90824,-55.51977,-10.232559,28.303217,15.064975,68.36934,-62.45123,-0.27900362,-30.696,14.207759,39.19917,32.683517,17.966496,14.683181,34.05487,16.701,-11.865855,20.73306,-4.9457264,61.619385,5.630128,-57.08384,-16.851078,-25.651176,25.402224,-102.03041,-33.494736,12.99321,25.83007,-23.656826,41.644585,54.00389,76.35659,6.034362,6.864282,-66.202515,67.14735,32.178806,-88.00237,25.467026,7.3805876,14.895115,-44.507736,23.642193,-22.114716,-43.314472,26.553873,-9.079341,19.287,-4.9648933,-52.025394,-21.249216,-41.924282,-10.904228,12.233401,-14.710417,-46.69875,-15.079472,20.588125,-14.99287,-13.008378,-10.603935,-12.347558,32.05539,3.499981,-12.675621,-12.14437,-33.164337,-5.478854,-58.079006,-37.63169,-67.60747,33.96259,19.409203,-51.66553,29.23224,-26.8489,-7.291704,-11.729236,160.57196,67.87313,26.399082,19.325165,-17.52503,-41.415382,26.3504,-26.912712,-38.003174,3.0145092,-101.02047,-2.3173566,-120.767914,-2.780998,21.830853,50.71266,-91.35062,38.7748,-21.316418,85.860054,-29.841751,40.294197,37.58461,12.483939,27.849798,-9.654277,-22.634716,66.47745,35.440933,36.006786,-10.710742,-29.96965,50.19032,12.483847,-17.896954,-17.510212,-26.566097,-41.615612,-10.949538,40.01313,34.571884,33.572483,16.236284,42.003952,-11.539833,52.80879,8.476774,62.800056,5.502232,11.642707,39.48511,-43.883137,-9.7210865,-10.634217,43.30443,21.216797,16.629099,70.89632,17.22343,-12.91768,-13.456926,-19.120457,-35.404182,-39.470455,25.374266,41.00614,4
1990-10-18,Phase_3_fin,-32.284847,81.00604,-89.73007,-47.881527,84.46758,-104.09626,68.95693,5.0229673,-38.1935,-94.62575,85.87363,382.92566,69.52593,-6.407172,82.59409,10.439922,-32.324944,-24.690292,-21.77046,-55.3417,-9.965955,37.31864,-88.57431,121.58481,118.588036,123.42429,-175.50122,201.03639,-37.17607,15.835789,-28.031397,-47.08408,-131.97925,-89.39601,-27.926378,143.99358,-16.512444,-58.2128,54.084396,8.864307,23.17662,-69.580574,-40.898193,-23.244701,-60.99124,-34.133686,25.932201,-28.65669,-86.14927,18.994484,-53.297688,44.42974,-30.241898,21.55685,-46.486202,-44.14413,-16.624971,-13.2573185,-7.465113,-22.55571,-26.761053,-8.827518,9.040541,-38.636913,22.47688,-14.961052,17.236143,-14.912666,11.788956,-55.165974,-3.9380999,-4.401757,1.5343552,24.299662,37.977234,12.981171,16.508602,-19.187632,0.09610233,27.758904,-3.286988,11.075052,-16.436068,-31.124697,-14.04894,-0.25878316,-10.313777,-40.63366,-32.30253,-9.293027,-26.70973,-8.351104,-4.3310223,-37.75773,-52.047913,7.5301895,6.4992733,1.4466958,-3.1259658,-38.070305,-5.560177,-12.642547,-7.449301,-9.4435215,5.4271684,-39.257732,-1.482709,3.8037765,9.483331,-9.425937,-4.480936,-19.89368,6.5592465,-11.634084,5.446371,-12.64021,5.0730762,-20.935812,-24.384695,13.516527,-13.211474,1.4362832,9.615514,-19.318274,-5.182123,26.567488,-23.762394,12.7002,1.9519075,22.076014,15.943953,7.937397,-1.4564356,-8.186305,-1.1811453,-6.9873343,-8.314172,4.114804,4.2046003,-10.03139,-0.8329715,-18.672749,1.500461,2.2724674,-7.156514,-13.881145,-20.73214,-6.0382204,9.395858,-3.139926,4.4587655,11.803875,-31.149353,11.896699,-13.457759,-14.445967,13.547234,4.869129,10.374069,0.87378,17.34096,22.332384,5.4844403,14.312866,-2.4174175,-0.3963598,-6.4796786,-3.0758097,1
2009-09-06,Phase_3_fin,167.14029,-12.231133,33.407707,-48.81096,1.3236638,-2.5073044,52.10743,4.130835,126.4682,20.765135,-178.92834,-14.682519,-101.58838,142.02988,-165.20361,24.015215,-85.38537,27.397406,-74.6822,-152.50748,3.1246848,-117.86166,-153.17767,-29.083466,-8.349001,98.86167,-37.82858,-57.368298,25.42632,-101.26487,56.648872,55.22546,110.39151,-99.90172,-49.865913,27.880507,12.850872,-45.73575,-43.329056,59.386517,-54.740356,-31.261484,10.19056,-34.81069,-32.4771,14.1857195,35.881268,-16.933113,54.86376,-64.031555,50.485245,50.062134,40.50596,57.64202,12.029295,-2.721718,-23.451578,-6.4752135,64.46922,8.601232,-6.92685,-64.10804,4.9586687,-50.47485,-12.349975,2.609695,89.360176,-25.76941,-22.619114,28.19384,14.976439,-27.507195,11.271952,-12.823251,9.270852,-49.587456,-6.339082,-30.28161,-22.748304,-18.602272,41.073532,-3.410079,-46.48712,-5.267446,-9.771816,88.63046,-41.3185,-8.441038,-15.846133,-6.120901,65.91622,48.671482,-2.2795017,-2.5276518,18.417297,12.4629545,22.108854,21.23322,4.578284,34.695732,32.1425,16.60757,45.200184,5.3840413,-17.927729,-27.88212,-30.37107,3.7547448,-5.62787,50.235073,11.35708,12.735695,18.206343,-12.553383,4.502141,23.651314,-15.147016,41.981216,-20.106512,22.038485,-67.065865,-15.828674,38.45852,-5.8376565,30.75266,55.00391,-16.347605,-26.303616,11.6512165,30.066992,46.562042,7.6541815,25.073187,-9.209581,-15.476775,15.533419,-24.032946,-0.122790806,19.714304,-13.250948,40.568638,-1.2196393,11.022823,-7.928356,17.297037,9.411865,37.447212,-21.52048,-4.2711835,2.5078552,13.963635,6.6814513,12.078355,23.708538,10.124361,1.3981798,12.239213,6.271743,-8.961676,-14.910346,20.810122,5.5729146,12.037685,18.61115,3.9099562,12.041795,-16.366245,-0.76399326,1
1987-09-07,Phase_3_fin,240.1723,-122.45215,112.626236,87.324326,92.43467,-42.54283,68.193306,62.607563,-103.1799,75.88409,60.132088,80.22165,15.624956,-43.68348,-46.64444,-27.850832,35.68789,-122.86551,-100.637405,-20.700556,-46.828255,-77.66943,54.945007,-121.74579,-3.210864,-7.7441235,27.20159,-43.95006,-34.41053,-27.098032,7.149357,-24.698515,-76.29543,-119.023445,-22.026367,-56.88005,-24.096153,45.70253,62.787266,-20.348257,-39.44109,-44.321056,-12.93778,42.997498,110.8488,93.64086,-22.894234,-16.482645,-96.78325,-38.209896,66.83361,-29.874615,38.6531,-97.40227,17.050434,23.478455,44.939796,-40.463383,-41.293198,28.95065,-47.540974,-12.566212,52.039326,-25.288986,-4.519211,-28.64325,-22.56148,58.377544,13.078434,59.57768,34.29254,13.938483,54.1295,-2.1270564,20.173847,40.07339,-58.26345,-12.7446995,-70.555695,14.351614,45.835243,5.08221,16.655415,41.71917,73.9572,34.306683,40.137913,8.325348,-34.88261,-7.9517865,-2.2744017,26.985054,12.479769,-28.832308,-56.744812,-39.773155,-52.154297,-0.73306954,84.56528,20.724651,47.110657,-82.06802,-41.36881,-16.197664,12.303085,3.9857507,-35.072086,-64.77045,45.40363,-31.651905,44.564705,1.4950064,99.02443,9.403402,-72.359566,-1.048598,16.628181,4.0015397,-71.938484,24.674044,22.440868,-7.2012477,56.312775,-71.90604,14.398637,-35.31488,9.181368,105.52093,-28.99957,-28.71872,-80.78489,-19.621613,11.0898905,6.1627684,30.23547,-37.17169,27.271526,7.11729,-48.69671,-46.69218,-34.69324,76.85792,46.412056,5.5022674,-27.03149,15.976161,-0.33692807,37.789097,-13.40447,69.13569,43.507812,-144.15393,46.26207,1.0992112,66.40723,-47.009552,17.475658,32.271896,-7.7130156,0.6744752,-38.24169,29.976805,-30.194616,-10.752541,-5.006295,72.83948,-14.819231,30.846737,0
2007-10-12,Phase_3_fin,-215.35408,2.6502445,-96.74702,-5.961623,-46.363094,-125.855736,63.049835,0.24468897,-49.127796,-138.70306,37.69278,-86.815796,-34.53062,-26.394964,81.023415,-10.022524,155.67876,-36.766434,8.118931,-31.185627,101.10086,-105.881874,84.85041,-71.548134,-30.446249,24.281723,-67.94393,-66.264915,-42.816887,35.92329,-14.2517,-87.89509,-26.685673,35.765587,-31.128025,-15.6268015,-76.68999,-93.04204,55.268883,-73.757935,-112.09056,-25.758135,94.00982,-99.180016,25.346478,41.150936,-68.36013,111.722115,0.18609822,-36.878986,40.874542,-79.65686,-18.756832,35.599808,-27.663149,-0.46387744,-39.10043,-131.37978,81.35265,-91.83002,39.788837,45.233948,20.919374,-41.201786,-14.094734,-21.287552,8.208347,-26.704695,53.998096,-35.187443,7.353216,-6.941191,-11.137723,-42.47894,1.3591619,49.058914,-21.744642,-12.841985,13.292372,2.1848295,-74.839806,-26.066156,-8.468364,-6.103303,-43.822113,1.3329921,-39.4295,19.952839,4.1397862,10.332837,-1.2619948,-0.28833535,18.951128,-37.9193,-4.6474586,-19.43691,-14.599491,29.584074,-27.028456,-23.446358,41.23097,-4.0293565,0.28010082,-8.864654,22.133608,16.486519,49.131332,20.807423,-77.58093,-52.36796,1.0839118,-22.857948,-19.136053,11.596348,-60.439636,27.563898,34.63628,-38.874153,-50.195606,-19.14887,-58.96062,4.899886,-3.4790835,-22.150223,-35.82343,-22.077642,27.467285,32.534153,8.824156,7.2275686,14.743569,41.43039,-4.376269,45.003826,9.115357,-16.640188,2.5754557,-45.37054,50.086002,-53.930637,24.631765,-17.075373,-14.626726,-3.8962283,23.210712,1.3381817,54.596222,-54.41547,8.973645,5.17666,53.268913,11.97393,-19.342043,18.074574,18.927746,24.026045,-2.689472,28.083307,5.340234,-29.789598,-38.29917,-13.402584,34.680412,-21.644293,24.124369,-25.891405,26.014061,21.633762,3
1983-09-22,Phase_3_fin,-2.0176256,-66.21619,165.4335,169.0859,-10.514679,-28.089094,24.823206,40.604977,19.830061,-45.041348,75.99613,-76.144516,-51.469795,-177.88858,1.2897543,159.92616,-83.85954,-83.053474,-14.622194,24.918089,9.934005,-86.442764,-20.114006,11.346247,-127.72883,-19.858898,-107.00378,-56.279785,-4.609927,-2.147577,-63.691982,-117.260475,7.2777476,84.83026,33.45657,29.019348,-9.747801,-46.977062,-51.229427,176.35078,73.323616,54.079456,67.864586,-117.3967,31.376677,-72.99466,-90.890305,-45.48528,7.958821,-163.64938,-14.028167,76.31653,-15.181772,-25.568283,9.348965,-40.57102,21.475853,11.865768,-14.128412,86.888725,14.783764,-36.673397,-11.284349,12.659589,1.6517866,-14.866485,-2.988651,57.550117,1.8464396,-11.553388,16.167944,13.514683,-21.562567,9.534447,19.012774,-29.695776,19.61587,49.02172,68.94971,58.33032,4.888932,34.98911,35.994183,11.871745,-79.03734,-21.498714,19.24835,38.75991,-36.40737,5.678644,5.8449697,-52.63296,-16.749916,-25.275988,46.006718,-20.830328,-71.12883,-39.05386,33.22858,-9.535108,1.4058986,-3.7990043,33.858665,-41.172943,47.124153,15.483837,32.05374,18.483513,9.503511,16.248915,7.4136076,32.226532,41.065716,-65.977196,86.09161,37.78331,20.404278,39.347153,-32.429375,-10.621235,3.4307206,-39.07235,23.579523,-39.853004,80.132095,-54.72094,-77.33659,37.893234,-16.558374,11.13864,-19.037615,-4.7262516,-48.080215,29.313602,-10.399515,-25.105118,-26.551292,30.927069,-17.744398,3.100096,34.37744,-38.046284,18.613134,36.968937,14.878421,-74.843735,-25.845428,35.915943,-39.60552,26.883736,0.38461208,17.650486,-35.637634,-28.802992,-19.054943,52.76138,-14.963088,36.522427,5.3851447,-9.072486,-9.56052,-0.90033454,-2.9718454,-42.443336,-8.494335,10.634011,11.606815,17.412088,3
2004-09-03,Phase_3_fin,134.92485,101.890305,-15.759816,-141.93098,137.48888,-41.13325,-18.087883,-80.79939,-81.57671,-82.39769,44.57134,78.80533,35.267002,-9.812802,55.823383,-21.716276,-130.84715,59.877758,-97.77407,-55.238377,-17.580387,46.56546,-33.571957,-29.408417,53.763504,-32.554047,34.2697,25.197447,-54.14916,-35.968674,95.193184,79.51264,10.575997,-17.269299,65.98941,-156.82698,65.26686,3.688391,-90.794334,-68.228065,40.553646,-55.403496,66.86996,-11.293129,-59.53422,44.486942,34.97668,-8.039432,-35.57113,-18.418732,0.79460645,6.398167,38.763554,-67.31502,4.761601,20.149897,-17.161003,35.43599,-50.144684,48.76888,54.341286,-0.7341066,24.487492,22.228662,-10.3256445,22.351757,-22.545376,36.60266,12.95764,62.061897,-16.866316,72.785545,20.364738,73.936066,-31.628054,79.36799,-59.52773,36.78365,53.44657,-32.76074,-54.913383,-56.22487,20.579813,10.094019,142.38132,44.409973,4.369574,-42.439365,13.83029,-3.3825102,-62.62227,60.531685,27.943909,-64.49464,91.35776,42.318523,39.807423,-48.798405,-3.1473546,-70.57669,8.611401,34.148243,87.14294,-56.08342,25.082918,-27.24701,1.5697439,54.43989,-28.8813,-23.157001,-17.423994,2.4201524,-2.758778,-59.024975,1.2155075,113.89468,-4.7938395,-39.13121,23.021158,10.092138,-29.419325,-5.264492,-14.894638,96.7893,34.66893,-13.804135,-107.9636,0.1392965,110.30399,-71.581726,77.986145,-17.35372,15.895466,-11.155986,76.93704,46.384792,49.749405,40.501667,-24.678751,37.430233,-17.526653,88.52917,15.08786,14.200378,39.7108,-34.4376,-16.801653,-54.935726,9.9432745,-97.48975,45.80373,-5.434343,-36.610775,30.775917,11.628654,13.958495,-13.511652,-24.116922,38.835537,55.498802,-45.006077,21.623674,-34.50558,18.198166,29.713676,18.89664,6.9578543,0.47137904,1
1998-10-27,Phase_3_fin,-299.10608,-190.79747,249.98727,-40.90949,-7.6539426,-33.563995,-95.51869,65.619804,40.708195,-192.50465,-135.62082,-53.741737,-8.349864,89.83736,53.46718,-31.835648,-27.797247,-18.635399,152.54552,-27.20956,89.256584,17.68378,-95.785576,-62.67544,-80.64184,-20.948912,20.505339,36.787415,-232.69287,-86.87412,-87.83473,-90.069,-76.634,-17.511976,-31.283394,0.45896602,-13.678487,-52.570568,-129.31425,-105.30806,36.178776,-1.6830423,-14.457448,80.7513,71.771935,55.54286,-38.314156,-50.106186,-94.57912,-67.39024,-68.018486,-157.88725,-25.916704,-28.748665,37.10129,56.302437,59.66867,53.53755,70.625,-17.020817,-87.111305,-16.660261,-48.21509,-10.636172,23.895493,0.22222386,96.815605,59.71937,3.5126867,-47.425846,53.508812,-30.059357,26.150688,10.586379,-49.08489,-24.982313,-14.242948,-9.695204,3.5848348,-11.240509,-14.454627,3.281648,10.31911,-4.1988063,-21.605373,6.734857,-7.5774574,0.52641636,3.4130356,1.283826,-17.177893,-6.3673134,-5.5563684,16.156754,13.928548,15.222796,34.841827,-20.665108,-38.69575,19.712423,-35.714077,37.85373,-12.1793165,21.173649,-29.250784,-9.283297,10.744324,-23.748217,-14.867253,4.6074915,2.108347,22.575125,14.880085,-11.817325,-4.9269657,-14.554386,21.978804,13.723427,36.119728,8.271277,-5.6001697,12.210246,-26.829517,16.862862,1.8840187,-22.555897,-13.983066,31.82981,-12.834442,12.271228,-4.1264706,-1.3667293,1.0970925,2.3944304,-2.578013,-5.974546,-12.388774,-3.18528,12.585323,-19.17379,-12.408159,7.0917387,-4.9892807,5.5293856,15.1016655,-7.0834403,-5.040807,-5.596343,35.98372,11.177907,7.262267,10.617397,-16.395737,-17.195856,4.2204475,-11.426569,17.752535,21.733088,21.570616,-17.439856,11.61856,18.393719,4.8165097,37.464443,-34.48883,27.216417,21.885443,13.694951,4
2008-10-22,Phase_3_fin,-132.39485,-189.41292,52.243057,21.852667,-7.2429214,-41.75363,48.062126,-100.843216,79.93714,65.878296,-15.56215,-112.335144,-66.75116,14.9256935,30.060644,125.82604,62.478355,-5.6688056,10.537815,-22.632267,-145.46631,26.329233,133.87816,79.54283,33.923897,69.958725,-48.53918,-2.6019657,-94.33549,15.966238,87.92315,-33.583637,-29.349106,-13.93724,-37.559532,-3.6711514,62.16303,-10.689611,-27.126173,39.580547,29.552025,-4.125215,48.388283,1.6766623,0.136192,13.687235,-36.593754,10.925504,-61.966652,76.77025,52.736214,-45.95082,-56.1836,-87.108505,-51.603046,109.08247,53.921307,63.02955,-45.8333,138.6972,27.685038,3.2303414,13.156578,-86.28794,46.56821,51.05019,14.237684,-20.061018,-50.508312,113.795944,-57.207935,-31.632656,-47.972862,-7.2621903,-6.2098293,26.861229,91.58356,-21.005655,13.798273,25.829872,-26.463413,19.750652,-103.260925,48.994358,-33.122044,-37.171535,-89.757454,-9.735759,-8.906689,-4.832617,18.403227,-19.687288,39.5425,-67.55898,33.41588,2.114064,-8.018897,-1.9392346,14.804734,2.568205,27.415,-0.7407733,-11.384211,-7.335853,1.7878165,4.6121492,-44.041695,-10.116209,11.344869,-3.736699,19.217134,22.849604,-14.35944,31.132418,-22.24122,-41.184265,32.693245,-31.247355,5.7256045,-9.381076,33.09157,-3.5953746,1.2735372,-16.350094,-18.223885,25.064043,-15.712133,-14.287548,31.29357,21.478132,10.316485,14.340252,11.415638,21.947184,-2.0029147,1.6557717,7.417257,-0.039416246,7.6518445,-14.052784,-2.8842835,2.168591,2.8755395,1.3323485,-0.9159859,-19.375969,-1.9473783,2.5324583,17.960268,-9.170425,4.856886,8.367244,-4.0092397,12.131924,-11.4493685,26.832561,-20.965744,-3.5222762,7.3056335,6.721024,-4.3436127,3.3232594,-2.1982558,-3.162672,-7.00027,-5.6429267,9.51105,-9.509881,2
1996-10-30,Phase_3_fin,-91.467026,66.78975,37.947357,-108.50559,82.943855,45.58248,-93.80103,-167.64026,167.93341,-123.1974,-120.55231,-84.35018,-38.90385,21.442774,-47.957226,-44.985104,-72.8197,21.186285,31.513046,-97.73171,-41.934483,120.563835,67.44476,8.654266,-42.44163,57.59462,-7.26965,-23.808346,64.755,-10.460276,-177.74811,49.14411,-83.54476,11.060922,28.786718,33.483513,1.7986238,54.663357,13.738548,-9.385788,-63.76764,25.764898,-5.6643157,15.39748,-45.413494,-48.650562,-1.6858698,-20.312878,-40.293713,15.105561,19.189232,-88.458626,-0.91172546,-31.466516,-87.80843,-32.666855,-5.627537,-47.68306,44.46734,38.54557,-25.93467,-41.020493,-37.689823,8.496178,8.872892,26.368687,20.520779,69.96756,-48.077965,43.194935,-1.535998,59.15113,32.08199,-23.238148,43.27196,4.337182,90.46858,56.09389,-23.368736,-31.472958,121.59765,3.3656218,-52.888153,-50.69569,60.85546,-9.322485,-16.381063,36.772522,58.104748,-47.367218,-31.450994,43.68923,33.69518,44.75823,4.287372,-93.00554,-13.753326,-124.20343,11.018957,30.703121,-4.60896,-100.250565,-34.735718,16.502178,-56.725597,65.253136,101.30714,-4.581517,48.075596,46.935627,-13.015298,-27.467798,-75.29149,8.532358,-2.8345127,52.471653,-56.72425,11.852064,11.704899,-50.5323,-35.06328,49.06374,-31.915459,34.112095,10.967023,-46.67484,-38.506054,63.381523,78.46376,12.887658,-0.5534085,60.81018,1.5233122,-58.536674,-20.924397,24.655478,-32.873657,-9.451434,41.114185,-9.145693,5.3385177,6.9698567,-6.2268553,2.5111587,40.751476,-26.317059,6.8264894,-21.815973,-44.665245,8.162152,7.2074904,34.777954,7.218318,37.326683,-11.767568,-1.2012675,53.757095,14.748522,-28.325758,-36.16318,14.229708,-8.11741,-46.462807,-30.057442,-16.333946,-22.902384,10.533017,-1.5204488,3
1995-10-12,Phase_3_fin,-84.74341,33.95232,-3.449953,28.765116,-30.022446,-100.059425,55.94572,-47.87396,11.676829,-147.06938,47.091507,21.749279,-104.10807,15.371379,27.3139,4.581481,45.368107,11.219626,-16.961718,-76.46565,-35.338818,36.39127,4.4604497,-24.690786,-96.09166,-7.879527,-45.25919,88.65979,-4.378725,-11.979201,-18.406233,-99.58776,-23.929312,12.825565,66.01504,-38.831146,-8.089563,96.79876,-136.3579,-94.18022,-50.907692,47.91509,9.75412,21.441454,-34.288177,30.695784,-3.966345,5.2629924,78.58327,66.394684,14.65203,145.45142,93.0665,46.64314,39.81484,22.36841,137.04675,-6.468416,-84.061,1.9029863,96.68953,46.490387,2.8419108,-4.523616,24.271948,21.629997,111.93897,16.638407,62.09832,-22.057274,-7.7327228,-45.68006,-4.8104506,-6.5996227,28.886143,23.563622,81.507835,33.72513,44.11972,46.842854,10.209755,25.813818,35.269535,30.237074,39.24669,-36.863056,67.483574,27.138382,-33.06989,-37.81298,22.88564,97.60497,-132.76743,1.4741508,-12.404578,-82.756424,67.37192,33.25253,-32.331165,18.688917,-6.537295,-31.993092,51.105343,4.813066,-30.097881,18.28359,-59.698246,40.757984,41.56235,46.28163,-17.615576,-50.04513,42.115974,23.0896,43.92003,-1.8934714,31.82803,-55.01819,-33.625504,-10.7679615,29.63309,-34.2451,-3.0498233,-2.7946873,-54.83095,-31.696552,27.442736,44.892815,-5.6899114,38.063366,11.205773,16.70266,26.817295,61.054287,6.7032204,21.507418,-3.6568289,-15.262424,25.071188,43.391384,-39.509537,41.78505,-23.631683,12.058593,-12.302545,1.1582793,0.8629938,-19.227657,-10.893568,14.260128,0.9363995,15.859715,1.7595054,11.763859,2.558156,-0.04889837,6.56595,43.456352,-12.3762665,19.990149,6.478596,11.154203,10.685083,-8.583194,11.306976,-6.6959343,-13.8007555,0.5990198,3
2018-09-05,Phase_3_fin,66.92222,217.15503,-97.21032,-78.97259,1.4526802,77.16307,93.752686,-49.562523,40.64373,-22.840921,-231.63177,21.619211,99.861946,-82.320526,84.72063,220.50926,18.604427,-28.743917,-20.6887,128.69032,-88.501465,-195.81601,-31.12188,-24.224827,-104.18356,-57.347843,49.680134,4.34669,75.13396,-20.08586,2.680057,-3.6854818,-45.52565,13.082914,-26.405476,3.9780247,-64.388054,-100.8966,11.366453,-7.9079065,-77.746925,-56.71143,-3.3196304,26.222582,-23.505266,12.028372,62.493237,-20.74613,-72.08924,19.661726,-56.487736,81.31871,76.4488,-28.112665,-5.805164,-30.281763,-58.871635,42.65075,-57.826828,-8.125623,58.785904,40.47333,-100.60769,-95.74666,5.674646,20.07841,21.356873,66.18964,26.216074,4.0098457,-2.6544986,78.25592,70.18711,2.0804102,-33.31036,7.894422,-18.36291,-51.49793,31.068306,35.210705,41.693157,-22.062912,2.615639,-21.216866,0.2737594,-11.038195,-32.736385,62.81487,18.139181,33.82895,8.5057335,-0.5378833,-3.849314,-9.762936,21.3245,7.700502,15.927449,-21.93642,-2.6752117,22.486012,-3.6551278,3.6508188,5.647057,-8.71159,8.72593,14.872359,28.190228,-1.9342036,25.348743,-20.072952,20.73318,30.62104,-3.4085653,0.049578916,-13.763243,-18.3036,16.804928,-3.9117162,27.221708,19.232924,5.8532457,7.252951,-3.0905204,6.8442016,-11.050798,-9.869729,15.582959,-4.372231,-16.084116,2.2383947,-10.631459,3.221881,8.441204,18.046656,-3.2241545,-2.6395729,-10.911207,-4.782084,-5.3076572,9.497171,13.672528,2.4675632,3.0453272,-14.713928,7.5485573,6.789222,-8.971957,-6.912053,1.8481064,17.948837,-7.0716877,16.010292,2.7325208,4.2477174,-17.159632,-15.588747,16.246912,-7.902484,8.651702,2.0086083,7.615647,5.092542,7.0810356,2.3493092,10.527491,-4.3880606,10.067593,-12.504036,1
1986-09-08,Phase_3_fin,124.757774,88.97697,-171.03911,3.3923142,114.69808,209.60895,-193.77109,108.39079,-37.077026,77.76913,-63.53714,8.911451,129.78502,127.07138,-79.85595,9.453457,-18.019163,71.984634,71.31951,66.79303,-0.4776179,-40.337624,-21.53099,-13.863185,22.00548,-33.08541,-13.676769,-108.69477,3.806378,-56.349777,74.10779,33.790638,-1.8078862,73.43825,30.07247,-1.861327,6.1726394,-13.808195,-67.33142,-15.546923,-7.836646,64.65148,-38.32356,31.596516,-38.653057,2.3202868,37.4649,-6.078299,-83.21181,17.882837,-44.816402,1.0193819,-22.151134,5.370312,-7.8015547,-53.293858,-3.8484752,-9.333714,-40.82223,-50.544506,27.992737,-52.873077,20.046545,8.174971,-9.434424,-51.414707,30.511103,67.55765,-86.93301,33.155964,0.57558644,-66.61771,-9.692796,-51.119534,18.026352,93.634056,-2.584742,25.48434,-33.019104,41.12657,-49.135456,46.879448,-74.66724,-22.418827,27.360247,-9.510297,-11.469768,-4.154821,57.116173,-3.3974552,-19.493755,17.415644,8.102822,23.337463,-2.6008117,-65.42418,16.15302,60.73263,-1.3034025,-17.563679,14.0302305,3.4672532,21.91534,-19.698551,-12.70872,-41.977707,18.079258,48.92191,-18.314644,28.708593,-6.2138653,10.934013,-19.520672,12.335331,28.14962,-23.881367,17.838161,-64.82977,-47.639427,11.143148,-91.957115,-38.839413,0.41105187,33.74819,16.097616,-13.297928,8.824024,-36.311516,-18.656637,37.202435,-48.32084,-78.33493,56.38066,50.511776,-28.889908,-27.134247,38.833282,19.087494,-41.104107,9.137317,-27.839922,-19.915394,36.579697,25.099571,5.4003053,2.21708,-14.367363,23.363647,-10.516034,34.76209,37.02814,-17.113121,6.797547,14.058941,-21.893261,5.300158,4.6135416,-64.741615,-55.79508,-8.086662,14.534609,-7.8975725,-17.6578,70.268135,33.744507,-37.63004,37.871258,-1.734311,1
2010-10-28,Phase_3_fin,-324.2098,-189.71547,-136.82166,174.86777,162.06714,-149.77037,-59.49956,-128.2658,-121.24398,110.70681,-85.69308,-40.02697,17.404749,57.79263,16.12424,-52.97788,-18.885145,52.786625,65.43057,-24.609833,-31.132048,36.059498,-13.092071,1.2779847,7.409203,17.158623,93.47791,11.1823225,-4.645059,-5.912944,-14.234969,-61.731632,-55.039104,-15.918877,-86.87046,3.6535106,-27.546158,76.8216,-33.32067,34.225246,-42.880596,-23.318634,14.153781,-32.39317,-61.18696,-50.761215,-3.4426146,-17.65279,24.4303,-11.82961,4.961084,-30.53234,83.93739,-20.96586,106.840034,-23.867456,-78.779785,-15.197393,-36.80271,44.85124,15.922692,51.866917,-11.642878,19.178522,-76.2731,-37.800087,-12.442794,-8.345457,13.421674,-8.969132,-4.1384254,-25.10297,4.3990917,33.35147,3.3701785,34.828144,-71.85403,-36.988472,3.8355896,-42.297817,0.9620968,2.1142557,-32.50575,-18.915665,-73.21744,-23.15203,24.738756,11.863189,50.671894,-19.475212,-19.175314,63.128983,26.027273,-12.640303,-58.972572,-53.775806,32.738342,-43.18234,32.663692,-13.076278,54.41767,11.222001,59.192516,84.023926,-26.249634,-25.866076,17.470285,12.885301,12.323834,25.103813,16.88416,-22.232887,-3.1176562,30.937304,38.307507,-58.556286,7.4224577,-100.131,31.512754,54.79816,48.294838,-37.271755,-12.689578,-23.037369,85.41178,24.927418,40.99585,54.373943,46.985897,-51.16388,-7.0372334,-19.42793,-7.1257625,-48.59863,-20.925686,-21.75198,5.049248,0.30187878,35.522137,22.144625,28.520657,-52.23746,53.056324,19.548756,15.152341,17.505335,-1.0640796,-11.484746,-0.5801516,-1.8069459,2.0825212,-45.074608,-34.93256,-20.9611,-0.13182232,-11.788199,-29.531767,34.888245,25.59669,2.3681781,1.7953418,-11.8315,-1.2567219,-6.8537564,-0.69699156,11.6172285,23.406519,-6.1092167,2
2011-09-19,Phase_3_fin,-209.3364,-115.332214,-216.88602,92.32513,-95.37223,59.35956,-48.116264,-41.20791,18.08486,90.418335,-43.24126,-15.0355835,21.87039,110.563835,-27.488012,21.560951,34.18399,-74.68674,-118.29141,-42.278965,-72.97395,-43.042458,-17.598152,59.771187,-26.445488,-16.315289,-6.6208014,32.016895,66.08934,-127.72091,102.77529,50.22761,-46.541336,87.136955,93.83011,-17.463036,77.259735,11.380719,-32.593124,49.606556,52.864964,-63.99437,-120.51504,119.45603,57.462524,-112.49961,-109.7399,39.583023,25.784746,-73.38787,-44.745567,60.030624,26.121025,-60.687237,-59.136826,-4.875198,-32.374638,-89.44766,-19.601841,3.3318608,-45.59349,-64.44552,-49.452938,-34.741272,58.030228,-71.74287,-42.90954,-59.03642,-15.144062,4.774062,-13.113585,-6.1427813,-7.199773,29.581324,-44.2119,14.338739,40.721054,13.806931,24.12313,-30.22556,-46.956814,20.610775,36.712906,32.174915,50.612885,-32.919285,-65.921844,1.5213101,-52.167953,18.01173,-4.129936,18.66847,38.208477,62.57601,-5.8881955,16.388084,-35.6342,10.343076,-11.541508,28.569063,7.410483,-20.95956,2.7739456,60.455357,-61.157223,-27.002655,-22.581352,-54.90761,-10.297042,5.9846706,-16.89035,-43.530807,44.200558,-55.024254,-12.828051,8.702956,11.907801,-19.289618,-5.0117693,-20.394491,-16.368017,5.5003066,17.9546,-34.462234,-24.357231,-8.092082,30.201807,14.224709,-21.164549,-33.86537,16.83615,-13.918028,-8.437074,5.490917,21.414568,-7.6585717,1.7668039,-5.3414383,23.257793,-36.62046,-29.73539,-17.077757,22.581701,30.92387,-2.7825298,3.9439178,-8.598119,-25.497814,-1.3321868,14.904655,10.675807,7.769198,-21.412146,-0.26018706,11.039794,10.831071,40.0991,15.45752,6.0124445,0.36352986,13.668665,12.592074,2.2582133,-24.995352,29.96913,-18.468609,-15.831012,-0.23761705,2
1992-09-08,Phase_3_fin,70.31726,188.89853,-246.91275,104.233696,-92.51204,-129.00545,35.816605,145.82439,168.4828,-227.43271,-61.072205,-77.987915,-12.90446,47.469845,-44.25787,65.90235,-55.17486,-3.2093575,-99.683586,-58.38367,-72.4433,101.54671,-118.28488,23.67407,60.410748,-18.36078,124.2581,-7.9628463,71.55258,77.94388,150.26791,-26.569942,17.726707,219.48288,29.045229,-50.0911,-25.112303,-30.601713,64.57699,73.891426,49.32866,21.040773,-46.464294,-93.47132,-22.779202,-39.31932,10.769524,15.461897,-32.741337,61.32079,-4.057597,-108.63682,12.213349,-2.7815974,49.78181,18.70165,-6.198483,22.483652,2.1511674,-9.658102,-17.019434,17.925236,21.26315,43.139866,47.796078,21.224207,-2.1737826,-7.6318994,52.723827,-26.007717,71.93655,-27.597795,-34.529343,-20.305506,-7.8432484,4.148201,0.4028489,-9.875747,18.108334,47.133377,-44.94817,-21.831097,-3.3087246,27.280203,18.239292,45.40136,-18.27198,44.045864,-25.973845,14.132795,17.740944,-2.6401522,-32.10076,-37.918453,-38.6029,1.9003288,24.393015,-8.12127,19.513304,-0.47109237,24.430923,40.88183,23.300087,6.0586133,-26.177345,0.10027279,-29.484549,-71.16848,-28.42931,-10.245629,-24.52749,-41.898304,-19.883205,39.60275,4.843602,20.365612,12.365732,-31.59024,9.376205,28.772947,-4.3492074,11.94636,-14.659215,-29.296669,-33.021095,-18.833458,-16.788778,58.930943,-3.3826694,55.786358,-3.68574,1.2787155,-29.538246,-50.68579,-21.48566,31.360107,-28.827965,28.372253,-56.78883,35.66624,-3.4415257,-9.44003,-17.11997,-37.75336,14.8201275,-16.080786,-24.96096,-2.7368581,52.88841,-21.959846,-7.0353985,-6.7838845,18.423828,-0.929145,-0.038903236,4.4663916,19.77581,-9.821871,25.592598,-44.91307,9.443052,-3.5216458,-10.143512,33.14358,-26.454536,-16.926352,-40.81239,10.064968,1
2013-09-10,Phase_3_fin,-31.674095,94.30571,17.859505,-17.295477,-68.35028,120.256874,-126.19523,-98.33362,36.174095,54.50508,-105.7106,193.06917,-178.60583,-84.44525,12.16029,-111.52459,58.328327,-16.584448,-61.326244,86.85469,-82.6511,18.66376,-115.34901,66.1568,3.7465405,111.81369,-31.380579,-93.80045,-49.432426,77.006134,-33.80163,-48.07923,115.90507,87.23195,-74.47182,-76.02521,-12.449171,110.08681,-64.9332,-6.446589,-30.839468,52.501087,-13.424202,57.970406,25.614674,-18.238308,5.153703,22.889084,-67.8108,-9.148117,40.529358,-15.788759,-54.495037,-17.317019,36.040573,-51.403202,0.97983515,-16.938984,-31.464832,28.025574,21.493248,-6.4671345,18.237597,-19.13019,-0.30551416,-4.290629,-2.9531143,-8.064877,12.721779,-5.106212,21.190577,11.37345,26.612383,-4.7327776,2.799585,0.47113234,1.3784301,-9.920379,4.9206505,4.201111,5.32447,-9.228309,19.273573,-1.6393625,-1.5336851,7.1968117,7.1951103,16.347122,-26.565102,0.559176,14.015627,8.108385,12.782107,-7.2818484,4.5536256,-18.091883,-1.4152983,13.923075,2.3807366,0.4627294,15.288455,-4.4920926,14.999053,-21.2903,-16.73491,6.0302935,-9.349352,-9.055172,-18.986267,-24.855524,2.0596225,-15.963112,9.166462,-18.58426,-18.49185,4.3760386,-4.7601633,14.27865,13.85497,-20.558044,17.514912,23.09264,-10.450493,44.006996,-9.4418125,-8.06359,-21.72046,-13.584769,-27.70119,-7.0048018,-2.6926658,17.297516,24.780445,-18.968508,-0.839539,-17.232876,29.9589,26.518114,7.6619534,8.341492,25.432808,-30.033867,16.338346,2.2333138,-3.8403893,2.3957694,3.9294987,8.910934,-28.572165,-24.88315,15.133541,-7.3845906,9.747844,-10.839881,6.3103485,21.087132,-0.8682649,16.20205,-3.109237,18.838074,-6.768222,5.7708735,4.882905,0.8266325,3.8097138,-9.87746,46.77353,24.86078,1
2006-10-12,Phase_3_fin,275.49326,-89.06359,8.883873,-275.9268,-60.023724,39.597866,-61.424385,-20.402454,-89.60763,-50.54014,6.2400723,-26.232088,21.15908,-29.548246,109.322845,-57.37971,-41.308414,-48.22792,63.260532,23.396902,-105.45366,36.740868,36.77087,78.605446,50.93489,23.685331,78.0435,-77.07961,132.60695,-223.79565,24.174822,-42.045055,-24.692621,39.152462,47.846165,149.09523,54.995556,-8.498811,-40.441917,-34.97166,-40.375618,-14.476939,144.9168,-76.21931,121.04722,14.591035,63.00147,32.378326,18.366219,39.6992,23.584097,5.6705484,12.647143,-77.622055,58.64969,-45.839493,82.36389,67.65471,19.042362,14.039401,-46.716007,-6.47419,22.824127,2.5656023,-59.34181,57.03915,-30.703077,14.542151,-24.364109,-46.21213,-5.927794,-24.19558,18.425674,0.96114284,59.486187,2.1634967,35.549217,-51.463013,83.00699,-43.81846,-0.48182237,4.092613,13.915925,-5.294529,30.874725,7.199911,5.1226783,23.521069,-0.8571132,21.23055,-4.5494275,31.376625,46.73078,4.5722537,-34.721542,16.361677,1.3200326,38.034916,-9.458705,0.045573793,5.697131,-5.1623755,3.9975824,5.776096,5.526813,-7.7705092,6.457467,-0.32658505,-20.969303,-13.88097,-15.812404,6.011818,-0.92870355,-19.659533,24.310492,13.441682,15.366744,-13.488612,-5.872379,-10.020946,-2.3843834,25.2054,22.763813,24.540257,-5.950926,-0.55972487,3.1376293,1.8027047,-13.827173,1.9148338,7.9789114,-10.336458,-0.83358145,-2.407226,-12.075849,11.574255,-13.118675,2.747958,5.4066553,-7.6383314,8.219719,-13.520741,-16.725067,14.323989,-6.526142,-0.6544311,-1.5807575,14.184303,10.23754,9.8042145,1.887792,-6.0385613,-11.50939,-8.746537,5.8471193,20.152475,-0.45920712,17.023298,30.672997,-16.024471,-16.988245,-6.6909585,-11.623345,3.5435045,16.984043,16.128344,4.000656,13.568134,1
2007-10-23,Phase_3_fin,-179.75412,-37.585236,-81.69124,-1.2207388,-44.737804,-188.77344,50.314426,-64.72206,5.5733485,-48.817562,20.765297,-112.329056,16.662006,42.42923,102.67277,-33.35036,112.39568,-8.477969,26.695597,-69.53536,83.109116,-60.376106,136.44989,-31.687004,-48.91709,12.117315,-73.215096,-39.925034,-13.261289,-8.31778,7.545934,-104.32603,-5.2858124,24.84276,13.386746,-9.43623,1.9388148,-19.71651,28.223404,-104.55909,-116.349525,-38.493786,30.879192,-89.395546,4.750057,15.992702,-109.65008,125.025154,-11.491007,28.065517,26.93298,-50.1905,-16.900026,-4.9271655,-2.8963892,-30.828207,-28.173162,-92.93846,33.87368,-22.71503,50.880913,15.395596,-3.7903368,-31.466486,5.9057927,-43.99544,-24.738556,25.791813,80.24069,45.828808,27.235079,41.364346,-33.948917,-6.1058683,23.974802,10.503738,-20.404497,-15.80607,42.885464,-17.238544,-59.403355,-21.777378,-42.191727,-18.567587,-19.882717,8.478702,-38.41138,28.208263,14.357908,-6.931286,52.20292,44.537895,21.291977,-87.64218,27.087889,-22.877085,46.12794,-4.333261,3.862055,-56.143837,58.33935,31.473373,4.595235,-3.3939946,27.485685,-54.157513,-23.831112,85.14155,-33.374084,14.197828,-73.637146,-33.77781,-4.9825945,-63.31773,22.226059,12.597287,-46.88285,86.205734,-5.286517,-22.226425,-13.362194,9.723225,-20.28228,7.5504827,-3.8842583,-45.893333,37.431545,-16.507383,-43.549847,-13.835457,-26.505493,-40.311115,12.271991,-13.937871,-1.0813866,38.972862,-35.37029,26.936537,29.402317,-23.345465,-14.476061,-30.99083,4.2112527,-21.4055,-24.717905,5.800655,-43.263336,10.460849,-23.032124,11.337914,-20.62165,0.13111,-6.9587436,12.863835,-6.541718,27.688686,6.5180345,-10.690294,-19.886374,-6.4264455,52.781887,34.148647,-48.11867,1.4584653,-29.012003,12.2076435,-24.640512,-15.685117,3
1989-10-24,Phase_3_fin,-192.8717,83.62525,-14.882536,53.53309,134.57184,-25.434061,114.40239,-95.696846,-21.433125,-42.902096,13.0797205,83.08801,56.1752,56.575783,147.46465,-0.38388082,-158.43628,5.104284,76.06308,61.971115,-71.08097,67.43681,-28.18171,119.64404,30.052376,-99.49725,66.96529,-19.736456,-38.84731,17.42121,-25.457443,137.94762,13.774125,45.392967,-83.80406,-3.6825204,119.79699,-96.81219,93.09047,-56.68522,-128.10872,147.65248,-3.4080346,-5.743985,15.56916,-15.338442,-49.334957,65.59476,104.002205,-59.38746,38.21758,-28.275312,-8.596725,-39.29443,-5.6701794,41.159264,-0.74603283,10.102,-71.31684,-5.2379727,97.87359,-19.219862,0.6390045,-36.262836,36.367683,-34.42197,-16.264055,17.099514,26.295094,-51.775623,27.693064,-23.621696,-41.391186,11.895688,34.70645,-21.153782,34.493275,16.043371,-59.65044,-39.608532,-9.417903,27.32716,12.247482,3.9547262,10.631921,21.655973,-17.728712,16.75816,-29.928009,-0.011440063,-1.4599277,34.99975,-11.028172,17.431252,11.266756,32.31804,15.665001,-24.642853,-5.7074933,-10.525509,-6.204319,-1.5435798,12.476462,20.714754,-4.831537,-6.7718735,8.480529,-25.734629,1.525652,-5.815858,27.101711,8.146481,6.812765,-19.536634,18.21181,-4.1527777,24.405811,11.5280075,-35.94147,-7.940807,-21.797228,-19.316566,-9.172575,12.662322,-16.61085,28.958082,16.720129,-4.6976504,-16.328497,-1.3505185,-10.978561,1.5367551,3.1008756,-13.223455,-44.123394,-4.114332,25.86788,-1.4897956,-6.666126,-16.766195,-5.5477395,13.295585,35.363205,-51.147774,-15.23127,-5.2652264,24.970436,21.907759,-7.6024003,-18.256935,-16.510021,7.9096975,2.078294,19.678411,-5.0559387,-13.5791025,26.233082,20.193525,-8.847666,34.01478,-28.231688,12.793547,-0.46107024,-20.946272,-28.742249,32.65801,-2.210428,-4.1864376,3
1994-10-08,Phase_3_fin,278.32947,57.534386,-77.65869,-49.762115,-208.18147,-61.93119,-308.6402,113.996925,114.36501,62.896656,-72.074776,43.548225,49.598007,110.857956,152.15118,7.146069,-14.627287,-88.133385,1.7337247,-23.087093,49.356117,-93.36012,56.154457,87.77495,-13.989615,-30.402178,92.06602,7.6792974,-65.06108,66.80229,-69.783516,-19.855799,48.012882,-112.08181,-58.994476,-18.85286,5.4397044,-32.452972,77.10529,4.3607116,45.885303,-5.309814,52.56187,-32.460163,-39.986492,17.173378,44.16288,16.297405,-6.4953904,13.269616,-29.126379,9.811009,-27.141306,-7.489721,34.401337,23.845774,44.51591,14.874208,11.350993,-24.72482,27.81499,8.65267,-35.762566,17.984348,4.1532373,-91.08648,-69.47056,-23.726063,61.119778,22.481176,-15.60112,-53.901905,-76.65828,13.172472,-18.140112,10.907968,44.64223,-70.40373,61.748726,41.930992,-41.78157,-18.111359,6.887783,5.015413,61.861515,19.223066,76.122116,-57.74269,75.36397,-69.51663,88.23645,-5.747377,-36.826443,-0.65066266,-18.230814,-4.466961,-68.5292,-4.3380833,-1.4300011,65.724915,-0.34697512,-61.078583,28.973448,31.24571,-13.350477,22.918968,5.985138,-7.7654138,-7.6076684,19.49734,11.478859,-11.0857,-15.218642,-10.942717,-7.898082,-13.11624,29.99639,21.362017,43.141636,-15.908288,-12.305333,-3.3202665,8.419627,57.281475,-3.839404,7.556238,-11.435268,-5.7047014,-1.7941983,-1.4610513,-17.335539,-1.1180104,-40.439842,10.933931,2.2602613,10.748652,-1.2901559,5.1194124,14.49231,6.5502005,27.829866,13.254456,9.627521,-5.7534146,19.037823,11.433444,-3.1694603,-6.54242,3.836273,-4.28591,9.069316,0.06267931,-2.2970974,-26.337536,8.024636,6.572075,4.981926,-13.229916,7.6778493,5.7092314,5.9364614,38.145264,-10.762213,4.509496,-9.336463,10.955675,1.4081051,6.9135647,1
2012-09-25,Phase_3_fin,44.535316,-351.31476,-273.4648,-81.116425,-134.12721,-59.790154,92.02906,10.168953,246.23889,-23.65125,104.30033,71.04384,64.736145,-152.76872,-96.87839,-57.268402,-66.53727,95.48987,69.28373,62.07909,8.819759,-45.881516,6.354847,-67.37044,29.474096,-99.65347,-31.24233,38.481373,-33.29617,5.522266,9.3637295,12.881782,12.736236,-9.660765,-22.85278,-13.68041,-26.183449,38.177658,-42.81182,30.45619,30.444622,21.21011,-10.529029,-11.239428,12.131405,24.234915,35.520348,-27.327488,1.4634578,-36.547993,-39.1332,-4.1668215,-40.485687,-25.779613,15.548388,0.2809102,2.1363375,26.827793,-36.75905,-48.69489,20.711128,3.4354851,33.99456,41.466705,-14.478635,30.576708,-14.160444,-11.19904,63.455338,15.812793,-5.215053,-0.42999226,2.5886183,-28.437529,34.763046,20.14558,11.130544,-22.722065,25.621262,9.088653,1.521341,4.009513,2.3378007,13.293495,-20.536072,-19.591938,5.6908193,23.085384,23.720064,-7.3852367,-36.084934,13.915797,30.69711,-13.4460535,19.357983,27.442944,-19.67399,2.1493573,-10.062736,2.165043,-6.279656,3.394167,17.229229,3.8611615,4.924354,-13.426695,37.791447,15.632006,-9.059233,18.60696,6.8454676,31.20246,-6.4083133,4.8916917,-25.757534,9.4374,15.85671,-11.537622,-10.350594,-16.008036,-1.8538846,-9.135438,2.0398064,11.231665,20.489351,-4.7382884,23.146215,-33.40715,-10.83603,-5.5783687,12.669968,19.136469,0.6561592,-26.684572,-7.755785,13.514946,-19.652773,-13.787978,-13.712673,13.708375,-18.401821,-9.910134,10.0552845,38.813965,3.6372833,-17.16913,28.519108,16.343475,31.652248,5.375358,21.80079,5.1796722,1.2712574,36.628273,-9.305432,-0.5917426,18.34509,-12.956228,10.3910265,2.6896553,22.783295,-15.62707,5.9111133,-28.791508,-13.802652,-18.900229,-26.320375,-10.07089,1
2023-10-07,Phase_3_fin,361.02884,-242.9531,18.638226,-54.976883,125.07465,130.98035,-117.6847,16.42583,-51.89519,-11.302978,163.76898,75.29011,-42.532375,140.99109,-46.28357,171.29776,65.203995,-132.72517,49.75537,-88.75963,12.933815,162.42723,48.881393,15.116112,-73.45997,-26.850647,62.298477,57.963108,14.586376,-6.830745,-34.196495,24.126451,88.27446,89.18091,-71.6211,-11.64782,-86.50813,-19.123444,34.774822,55.558758,-34.363968,-37.486824,-6.926277,20.178244,-27.132496,58.29215,-73.659355,-16.576523,-5.703729,18.587156,22.301022,27.23269,37.89403,-75.915695,-14.0992775,-29.354116,-4.0398192,-32.802284,8.81886,-51.433384,48.52765,-49.682827,-18.864311,11.469725,-10.114671,15.590373,27.397573,-20.989214,-45.296455,-52.008934,-22.886341,54.08906,19.965746,-18.426712,33.997322,-14.140948,-32.652145,-45.67294,20.544004,0.17500322,-19.898077,-1.5836524,-19.089209,61.38908,-40.92293,19.349873,6.0310736,-51.21727,13.802497,-39.399364,-30.070404,0.54644734,-16.11299,-14.877032,15.231344,6.258521,32.680603,6.846921,17.044046,3.6003618,-24.476332,-5.826238,-25.130186,-9.873833,9.488732,26.588554,3.4483757,-33.72092,-8.370489,11.700605,-13.187424,-10.655902,-10.058948,-1.165993,13.223761,-4.6668224,3.9034877,-0.94626945,3.7007115,-16.459003,-7.760897,-7.8226914,19.457119,7.8856854,6.2417755,-21.621433,-4.2531447,29.054848,-14.187393,-11.426925,-12.920658,30.331856,25.272537,-11.161179,5.6592765,-27.201797,17.589481,12.000857,-7.6359925,8.758908,-1.1343495,-19.756174,5.289319,-9.904757,-22.825718,-20.098295,-20.666742,-2.6404293,10.135658,5.244505,11.585266,-0.521562,13.736297,-8.379844,-8.760728,17.170387,8.898283,-7.49005,-4.647944,3.3263407,15.063055,22.869967,2.1424122,-6.619947,11.742766,6.672522,1.4063945,-15.826531,0
2012-09-24,Phase_3_fin,41.809822,-339.10822,-273.16898,-62.138226,-130.13942,-48.11266,91.612885,8.087824,256.98926,-34.56054,99.54574,59.886448,66.82906,-168.65843,-93.79763,-67.8561,-67.32512,91.60283,65.84023,44.04966,24.200834,-40.38139,10.144002,-68.34328,31.94185,-94.070114,-40.06331,40.189713,-31.204168,1.9154819,11.690985,22.743284,16.367569,1.4174863,-20.951252,-11.109382,-29.042505,66.668205,-35.880356,16.653639,11.90635,25.096745,-20.021914,-17.518744,-6.139102,12.396225,23.275972,-28.31451,8.324318,-30.130358,-29.39466,-16.00523,-35.307026,-25.084185,5.3065443,-2.5514965,8.379462,31.113523,-32.22415,-47.11443,13.191938,-4.9487386,24.256783,41.52969,-1.1583682,34.729733,-17.353455,-14.691603,61.766727,17.059467,-9.319911,2.5061383,-4.289413,-26.762295,34.907425,24.254038,14.355198,-29.041555,23.667757,23.728445,0.6535146,1.1174393,-3.2556536,14.788348,-24.460217,-11.540754,0.05232383,16.635143,14.260886,1.4526324,-22.061792,12.323934,13.398487,-17.946009,3.8079932,29.293484,-20.641027,-1.0587199,-14.682224,-1.0996192,-22.602976,14.818955,23.11702,0.43466166,21.604107,-25.044636,25.496847,8.4206505,-9.068412,10.885925,9.170004,26.338247,-16.993969,4.3083425,-22.305784,-6.8396683,20.403978,-14.313306,-18.575916,-3.9755905,-3.4807105,-8.111309,-2.3934598,14.231632,12.432137,-5.938764,19.997375,-34.754112,0.47527555,-32.592476,-2.5085983,23.430681,-8.156452,-21.480951,-7.4421825,12.724635,-19.050804,-6.556254,-9.420431,11.934228,-18.685528,-16.451847,4.959232,39.220203,10.668943,-15.303991,40.55943,10.995253,28.62808,11.154192,24.970074,9.836104,7.981905,45.969612,0.3966203,6.1162925,16.913921,-17.223171,4.6555266,14.78749,21.171043,-21.96451,0.36817077,-32.059704,-10.777533,-18.134731,-29.362652,-16.397938,1
2015-09-12,Phase_3_fin,549.79266,41.131027,62.33663,259.0362,-28.279491,35.693283,3.4833374,-30.317188,-65.10513,-99.28601,-56.113632,-45.307766,51.131298,-13.643556,-81.30506,100.63442,-45.869648,28.229776,-47.47943,50.456184,73.02772,-2.492601,-44.90252,31.06646,62.806248,-88.59579,-7.750346,-27.153353,-57.167805,-23.17637,-193.38647,-27.243628,4.032564,-76.03766,16.955559,9.482458,105.67266,21.71454,-56.22609,28.184181,-57.884644,-103.01327,-16.122852,-8.104754,108.01998,-59.227787,11.564337,32.100323,7.808858,95.68449,79.19505,-56.304375,-22.253801,24.9103,41.108337,-7.143497,-22.28173,-39.814987,-89.904175,21.742157,30.452484,10.924556,-16.790064,3.628169,32.0698,-25.650053,-30.326853,-1.1499047,-9.3290205,29.931507,-76.565186,-1.099218,-19.508656,-19.948742,56.15487,33.33313,6.2933154,-0.8591583,7.8261595,1.4344326,11.867896,29.657616,23.298525,-35.34502,-16.599585,48.1612,53.86385,-40.173046,4.2006226,44.68543,-22.1545,-5.384555,15.366933,19.746048,-24.631283,-78.113495,45.102386,-30.255774,27.31987,-21.238785,-33.613064,3.8743503,30.946667,-7.2845764,23.926626,-12.141215,13.610648,-62.126484,-44.017963,25.479912,3.6136913,7.730479,25.458412,4.9510016,8.139886,26.696718,-7.513827,3.6568573,9.716688,0.0158678,-18.520832,-5.8732476,-3.2504623,-26.301712,-49.328636,-7.491746,8.28543,-37.45209,-46.679573,4.1314616,-9.691444,20.534851,-25.870176,20.651512,-5.774063,20.314524,-27.00892,2.64643,-3.2915652,-37.93664,-23.445383,-23.088938,-6.9816504,-6.2648654,-1.6061807,-8.196181,-28.963903,-23.971907,10.22025,-27.01663,-2.6693332,-11.030596,-16.278025,29.64207,1.9395418,-4.132334,10.598389,-15.14918,22.841925,1.1820638,-0.82653373,26.881819,-16.189781,-14.350147,11.571048,-41.71568,2.3636308,-26.380163,0
1985-09-21,Phase_3_fin,-139.21346,84.220055,-109.3839,91.0849,14.701863,16.454153,94.06531,-173.12143,-125.15232,-84.03393,25.167776,-63.25033,83.88584,-89.20536,-67.87479,55.423904,-26.022945,-151.94916,45.07858,70.27426,73.85312,32.69082,53.625076,-119.24492,79.906525,184.62305,66.72251,16.636234,-40.212063,-61.22862,13.828648,-28.593588,119.9433,25.043634,-92.951256,-4.1272945,-79.61143,45.736862,-40.66038,7.943867,63.476284,-1.1054535,-69.67441,-26.108303,-28.791286,64.02403,29.456316,4.6406493,53.620945,13.67851,40.148956,-7.063437,-16.723673,15.315026,15.865694,-5.0693965,17.023905,51.75673,29.462816,-43.133415,-42.218937,-16.844091,-40.59044,-34.635704,-23.930275,-43.113182,-64.259735,25.495846,-12.672742,-40.63526,-71.41085,-0.30393293,-18.990845,9.053023,-28.689543,70.0287,81.82804,-19.1777,-12.133479,-89.6164,-81.148994,-64.678566,-16.972057,-104.06221,-22.483377,23.87258,-23.231087,-0.09988626,-28.73666,-14.745984,-2.139874,7.645601,-23.886705,26.131641,67.98219,-4.12567,-13.49946,6.0857096,-7.015223,18.782215,-35.548996,8.530836,6.471182,37.171772,-20.83556,35.425823,22.426945,4.560669,62.981453,-10.66963,46.65403,-16.564508,38.94075,15.373669,-11.359142,15.864486,-18.047972,11.166668,-25.079199,12.234872,11.96434,13.709264,-10.881787,-20.091467,8.682371,-0.29577917,-10.157431,-9.461328,-26.606405,0.930699,2.3592134,-29.01045,27.975735,3.3901775,-15.153068,3.0035892,-28.240673,35.913345,-6.2484694,8.103361,-25.378336,11.995166,-21.596216,-17.066818,15.431536,-40.24484,2.0409055,6.298913,15.413728,4.0758767,-13.177877,-3.4355874,-5.8517995,-4.9437194,0.9445811,-1.5602912,-13.832377,-4.0269017,-0.85622805,2.4620457,6.0523663,-9.477786,-1.589823,-16.469282,-23.737637,4.5657864,-17.426157,-34.644154,3
1991-09-11,Phase_3_fin,157.67146,-9.623087,-96.731895,-29.236197,25.733166,-31.668503,-10.624961,-63.754265,-5.47821,-121.01212,75.57271,-55.011288,-62.995262,5.7724257,-83.65819,12.488948,38.064415,-140.35364,-141.59952,41.361015,-50.22236,84.89635,42.341297,-18.347275,-165.24504,5.988578,24.674656,28.076996,-2.8653214,-20.247143,-27.287073,55.690346,-82.05062,16.539091,-108.78905,136.19533,11.2853775,27.808594,-107.50978,-24.915918,-58.53796,30.17361,26.032698,42.726547,-44.05676,18.658873,107.90829,73.4129,-20.964504,23.93309,25.667892,-104.30808,12.625424,119.751396,-134.24571,-63.635326,-36.93878,-17.534166,16.074991,6.6374054,-22.662605,-21.672413,-19.034363,40.149315,90.094536,77.5154,-47.078915,119.433426,31.781496,22.791729,-36.304234,23.176144,-118.96694,-58.568584,-2.412242,24.294235,2.3149884,34.369553,-10.613681,-25.677778,-23.063261,-26.853724,18.800259,24.958954,18.028326,-19.042042,167.44034,44.45355,-105.20835,18.292562,-41.966053,-51.749836,107.53548,-4.934566,-53.268707,84.29487,-8.828904,20.463488,18.264748,81.99888,37.080135,-24.012897,-19.253355,-6.694411,-82.38406,16.80694,3.1527286,33.440823,-28.274078,-22.283909,-10.956733,36.32477,29.960289,52.675358,44.666027,-6.640554,74.3584,15.634974,36.857452,-2.5389035,33.017555,16.313341,-35.785156,-14.088905,39.90166,39.528366,-41.892235,-0.053824957,6.1444077,-22.44941,-10.121385,37.98698,40.073875,-25.974691,22.35649,5.8578734,-10.629697,-6.2511845,5.1700525,-24.334639,-4.631681,-4.342166,7.468184,-8.188745,-45.22051,25.323322,31.246227,-14.4419155,-7.4761033,24.243134,11.756071,31.565008,19.911995,-25.64371,11.727201,-5.6715765,18.446796,13.3164,3.466904,-18.676208,60.08784,39.420116,0.5266257,32.21467,9.121318,-13.442695,31.689537,-14.742324,1
2002-09-25,Phase_3_fin,22.594189,8.716969,-91.391014,-51.86179,-88.11533,6.1044507,190.7331,75.70259,-56.498127,-52.194508,64.475426,-140.1562,-76.604614,15.388343,81.292015,-96.52626,110.62231,-36.980953,-7.9983845,147.483,-75.03508,-43.105267,-112.501915,7.294607,-7.9604716,-38.066193,0.13233095,28.480707,-78.23075,10.273265,-65.99595,50.063442,-39.564373,-36.565704,-41.61654,-29.86274,28.032232,55.748474,11.06407,-56.46438,57.14198,-27.630611,-8.592481,-40.423737,24.696379,43.23555,13.258871,-27.106194,-48.7569,16.159237,31.787308,22.028929,60.758663,-31.11134,-10.007364,56.79158,-32.21537,-43.062096,-29.627998,-73.674576,-24.923796,10.451248,25.172756,24.975235,-57.34222,35.172577,4.093128,51.97256,-75.19257,44.15628,3.9774098,34.39428,-3.1359148,6.3894987,53.81806,-26.423595,63.419563,-50.83132,-7.545364,18.25916,-40.44625,62.353786,15.510685,-38.986446,-46.60229,42.714684,16.045656,16.716753,2.475514,-9.573402,37.79035,18.399502,5.8703113,16.241127,20.80494,48.733265,0.53624684,-26.76072,-39.80957,-19.280626,-31.316635,-3.6128867,-28.442177,-10.346805,5.068648,-78.119896,2.3598263,13.950633,25.586365,-23.209673,10.56984,-35.87521,-37.811954,-29.098015,-23.162416,30.504015,18.742025,42.407787,38.34238,-48.728653,-64.70314,-10.754574,-26.285892,-52.908936,-66.48113,13.626383,-52.044155,-2.0283353,24.840528,25.692242,-35.049484,11.398344,6.0611734,-50.18825,-30.481676,18.67669,32.271584,-28.51835,-2.5007606,-1.6929481,-29.114285,-17.605257,75.70938,17.74268,47.858383,12.230618,-49.025826,10.340106,22.776428,11.736424,26.367128,-12.219282,-28.713326,-36.26226,-76.36922,-22.988665,-66.937,88.76025,-17.32449,18.325617,-0.5202308,-25.462196,-70.034096,96.87022,52.240402,-48.098183,15.040362,26.954456,1
1998-09-30,Phase_3_fin,-237.86543,-216.05753,295.83093,47.701992,-51.265594,15.950307,-116.02811,89.62744,41.33473,-188.29257,-130.48022,-21.461031,71.60784,27.181915,37.459736,-48.74752,23.40706,-30.357555,145.7442,55.050995,119.11666,27.298502,-74.02972,-35.782787,-65.2114,-1.951068,2.2579129,112.18117,-10.406023,19.935259,62.335285,21.814571,-54.364635,9.339003,11.780842,18.984594,9.708881,-77.02236,-66.228035,-62.830112,8.438939,26.69623,-9.451637,45.49208,26.333372,26.920925,-33.85571,-13.837954,-95.45897,-44.813488,33.393814,-6.534705,54.368233,8.940916,90.56571,-53.57483,-66.536095,42.892334,-26.4079,15.714391,23.97985,-31.334778,-16.84734,121.17588,25.666477,-20.764801,-45.044308,-97.147385,-23.817045,13.923462,74.00999,23.46937,-22.438683,40.129444,26.051891,-33.32869,55.881504,-50.802624,1.0712433,-2.2709146,7.5924206,-21.903538,-10.073203,-31.832148,-27.602512,18.294538,-21.607716,37.098724,-42.611347,36.842464,59.226032,-41.210938,6.505651,19.736704,5.7904615,-38.65071,26.938519,-27.093025,25.74968,-87.81972,90.73856,14.479036,-4.0796885,-42.533974,-38.697445,56.851643,30.59004,-13.772235,26.684801,41.32537,55.458996,-49.56541,-15.524461,28.24283,16.21618,25.515553,20.772785,-14.6487665,-10.856439,-85.814644,-10.161835,24.465132,22.141466,21.357271,-6.8769913,84.14691,-28.541811,-52.238033,1.447939,-28.273483,-34.457844,-5.701747,20.869556,33.660526,33.330494,-14.455169,7.5027385,-24.994583,13.13606,5.6583796,2.779207,47.39101,-23.325678,-7.214138,-6.048335,12.745294,2.7426083,13.278506,21.866415,10.770818,10.6069975,6.1423955,-16.21802,-31.590158,7.7822614,12.797545,23.19122,-0.8568422,-25.649946,-16.518026,13.45567,-10.351743,7.2297897,1.9431267,16.488354,-2.5709865,-11.0595665,-11.704042,4
2006-10-09,Phase_3_fin,236.6087,-86.86473,1.2765391,-279.5232,-44.453625,42.616787,-91.28076,-24.526268,-83.10652,-24.980326,-3.732338,-20.296404,16.776659,-44.51989,113.0275,-47.26013,-34.762375,-42.992237,76.746735,39.21248,-80.47278,20.442022,34.593555,83.9436,68.36685,14.683086,72.47971,-86.351265,159.64322,-240.86378,33.636997,-51.861675,-35.136307,46.81557,43.10817,137.37888,56.36022,0.64292765,-24.683937,-33.31549,-21.252031,-36.545948,141.00772,-102.723335,117.89455,12.97537,64.534676,-4.774738,20.87917,20.740648,41.861847,1.7296952,14.977697,-78.96709,35.360233,-45.86559,64.01168,59.139275,29.45885,-13.199776,-53.733093,-7.9271417,36.163666,4.198599,-62.451775,55.76621,-30.682314,-21.596716,-47.071068,-50.555786,2.4457731,-25.940105,34.51985,22.48648,45.35944,-3.6686606,59.31699,-23.999134,74.74095,-17.709463,-0.83827186,8.848479,8.322403,-16.591457,48.688118,13.954798,3.5987875,2.9646895,-28.81695,-5.9578815,-16.096014,15.004069,-2.7196426,-11.181775,-29.975058,21.10684,-4.2504115,27.635595,-31.475174,3.7399094,-6.028185,-1.9295527,-11.913255,-15.838652,32.85521,3.2517538,3.5439568,-25.958872,-30.657766,-24.47615,7.5522404,1.3485159,-24.351768,-18.08057,25.072248,-7.7488565,22.011118,-8.064108,-22.606852,6.4623394,8.441277,13.95556,7.826868,24.46518,-16.186535,16.201479,13.419111,0.6135911,5.5144606,12.490936,-17.863739,-25.190414,12.607576,17.231964,-19.593037,-21.593683,-17.214247,-32.292374,13.239867,9.66748,-11.412896,-17.139618,22.329134,-12.761465,33.85266,18.789822,0.95577836,-19.495474,-15.986866,-32.89188,11.310015,-16.319891,4.6619825,7.425847,9.108525,-40.539597,-17.10321,-17.14788,-20.137568,26.51387,32.69202,-26.68626,16.6899,-10.188762,-1.7859981,-11.532807,-0.54001063,8.918151,1
2021-10-23,Phase_3_fin,-292.4856,-28.621412,-44.914654,65.30874,164.08049,-72.80986,175.84433,8.692455,92.53363,58.91901,34.48355,-80.47197,178.9049,168.76045,-45.32883,91.20446,-1.5594696,-165.95876,65.37615,-123.16932,168.71532,-20.760534,-7.7296033,119.65882,29.303701,-12.504239,-77.72855,-134.76932,15.7615,54.235027,-24.362906,-8.414503,-53.711117,42.48397,-28.958702,-27.604822,-33.454044,31.708282,-13.428685,-51.339516,43.395187,6.744216,11.386851,7.407004,-69.94762,-27.345823,51.846558,42.538483,1.5192035,13.789597,10.092948,28.39871,-68.23509,-39.51728,17.919014,-90.272736,42.09713,-17.288935,-63.536705,-33.889492,-27.105696,62.157276,74.23843,3.9919457,11.889783,49.549713,38.444744,2.8483732,-52.42419,15.766128,14.999677,-44.549545,16.034163,46.67086,-57.78602,-26.157902,7.9788365,1.0107446,15.180073,-25.630936,3.2283866,-17.69019,16.154715,-5.161841,13.909696,30.158447,23.10124,13.081742,-6.230244,18.814695,14.476802,-15.414007,15.087584,9.441386,-9.388396,0.26674443,-8.930144,-25.82793,-0.4965928,-2.1793306,0.68044174,-3.2253664,6.6838617,-18.011976,4.623722,12.629019,11.507837,-4.297701,34.717533,-3.2877572,12.447368,13.392151,7.8448515,1.6670934,6.6392794,6.863758,-1.572242,10.378617,-6.3642755,-9.79967,2.8312411,1.1836333,6.596644,12.1410265,-8.672573,7.8183293,-0.6688231,4.1149936,-9.395377,9.363615,9.666601,-1.6580402,-13.033981,-16.202477,12.347354,0.7708078,13.657993,-6.0469155,4.3181643,-3.7127836,-6.785173,-19.262762,6.504997,-5.9315977,-8.251132,-1.8255273,1.532016,-1.513243,4.358258,-7.564447,0.30639574,-1.6893098,-6.65251,4.3370895,9.220319,9.469927,4.214649,5.4891534,-7.783582,7.2708087,1.697864,4.109597,0.115679614,10.764102,1.4336079,7.7677574,2.8276632,1.64699,3
