event_date,selection_label,pixel_id,longitude,latitude,precipitation_mm,climatology_mm,anomaly_standardized,anomaly_mm,is_extreme,is_intense,intensity_category,anomaly_category,year,month,day,day_of_year,season_phase,phase_description,region,climate_zone,distance_to_coast_km,cluster,criterion,phase
2022-06-15,C4_plus_intense,2022-06-15_000_003,-16.625,12.375,2.761826753616333,1.7644096612930298,0.26538264751434326,0.9974170923233032,False,False,faible,normale,2022,6,15,166,Phase_1_debut,Debut de saison (Mai-Juin),Ziguinchor,Zone soudanienne,95.14188,4,plus_intense,Phase_1_debut
2022-06-15,C4_plus_intense,2022-06-15_000_004,-16.375,12.375,7.828128814697266,2.5077836513519287,1.1365063190460205,5.320345163345337,False,False,moderee,humide,2022,6,15,166,Phase_1_debut,Debut de saison (Mai-Juin),Ziguinchor,Zone soudanienne,122.32527,4,plus_intense,Phase_1_debut
2022-06-15,C4_plus_intense,2022-06-15_000_020,-12.375,12.375,29.809459686279297,4.863597869873047,3.250342607498169,24.94586181640625,True,True,forte,exceptionnelle,2022,6,15,166,Phase_1_debut,Debut de saison (Mai-Juin),Kédougou,Zone soudanienne,557.2596,4,plus_intense,Phase_1_debut
2022-06-15,C4_plus_intense,2022-06-15_001_003,-16.625,12.625,2.4323806762695312,1.7346748113632202,0.17543122172355652,0.697705864906311,False,False,faible,normale,2022,6,15,166,Phase_1_debut,Debut de saison (Mai-Juin),Ziguinchor,Zone soudanienne,95.04989,4,plus_intense,Phase_1_debut
2022-06-15,C4_plus_intense,2022-06-15_001_004,-16.375,12.625,8.074248313903809,2.107647657394409,1.5301116704940796,5.966600656509399,False,False,moderee,humide,2022,6,15,166,Phase_1_debut,Debut de saison (Mai-Juin),Ziguinchor,Zone soudanienne,122.20701,4,plus_intense,Phase_1_debut
2022-06-15,C4_plus_intense,2022-06-15_001_005,-16.125,12.625,9.52026081085205,2.2659056186676025,1.7948200702667236,7.254355192184448,False,False,moderee,humide,2022,6,15,166,Phase_1_debut,Debut de saison (Mai-Juin),Sédhiou,Zone soudanienne,149.36412,4,plus_intense,Phase_1_debut
2022-06-15,C4_plus_intense,2022-06-15_001_006,-15.875,12.625,17.668977737426758,2.7294728755950928,3.2259814739227295,14.939504861831665,True,False,moderee,exceptionnelle,2022,6,15,166,Phase_1_debut,Debut de saison (Mai-Juin),Sédhiou,Zone soudanienne,176.52124,4,plus_intense,Phase_1_debut
2022-06-15,C4_plus_intense,2022-06-15_001_007,-15.625,12.625,18.438617706298828,3.461369276046753,2.8403327465057373,14.977248430252075,True,False,moderee,tres humide,2022,6,15,166,Phase_1_debut,Debut de saison (Mai-Juin),Sédhiou,Zone soudanienne,203.67834,4,plus_intense,Phase_1_debut
2022-06-15,C4_plus_intense,2022-06-15_001_008,-15.375,12.625,22.875165939331055,3.602597951889038,3.357386827468872,19.272567987442017,True,True,forte,exceptionnelle,2022,6,15,166,Phase_1_debut,Debut de saison (Mai-Juin),Kolda,Zone soudanienne,230.83545,4,plus_intense,Phase_1_debut
2022-06-15,C4_plus_intense,2022-06-15_001_018,-12.875,12.625,31.2945499420166,4.3237199783325195,3.8783209323883057,26.970829963684082,True,True,forte,exceptionnelle,2022,6,15,166,Phase_1_debut,Debut de saison (Mai-Juin),Kédougou,Zone soudanienne,502.40656,4,plus_intense,Phase_1_debut
2022-06-15,C4_plus_intense,2022-06-15_001_019,-12.625,12.625,33.31547927856445,4.549593448638916,3.7798569202423096,28.765885829925537,True,True,forte,exceptionnelle,2022,6,15,166,Phase_1_debut,Debut de saison (Mai-Juin),Kédougou,Zone soudanienne,529.56366,4,plus_intense,Phase_1_debut
2022-06-15,C4_plus_intense,2022-06-15_001_020,-12.375,12.625,31.94397735595703,4.454577922821045,3.6712632179260254,27.489399433135986,True,True,forte,exceptionnelle,2022,6,15,166,Phase_1_debut,Debut de saison (Mai-Juin),Kédougou,Zone soudanienne,556.7208,4,plus_intense,Phase_1_debut
2022-06-15,C4_plus_intense,2022-06-15_001_021,-12.125,12.625,24.333698272705078,4.131743907928467,3.158764123916626,20.20195436477661,True,True,forte,exceptionnelle,2022,6,15,166,Phase_1_debut,Debut de saison (Mai-Juin),Kédougou,Zone soudanienne,583.87787,4,plus_intense,Phase_1_debut
2022-06-15,C4_plus_intense,2022-06-15_001_022,-11.875,12.625,24.559133529663086,4.179749488830566,3.1280670166015625,20.37938404083252,True,True,forte,exceptionnelle,2022,6,15,166,Phase_1_debut,Debut de saison (Mai-Juin),Kédougou,Zone soudanienne,611.03503,4,plus_intense,Phase_1_debut
2022-06-15,C4_plus_intense,2022-06-15_001_023,-11.625,12.625,24.711565017700195,3.9538893699645996,3.429368495941162,20.757675647735596,True,True,forte,exceptionnelle,2022,6,15,166,Phase_1_debut,Debut de saison (Mai-Juin),Kédougou,Zone soudanienne,638.19214,4,plus_intense,Phase_1_debut
2022-06-15,C4_plus_intense,2022-06-15_002_003,-16.625,12.875,2.724449872970581,1.3536394834518433,0.5472032427787781,1.3708103895187378,False,False,faible,normale,2022,6,15,166,Phase_1_debut,Debut de saison (Mai-Juin),Ziguinchor,Zone soudanienne,94.95609,4,plus_intense,Phase_1_debut
2022-06-15,C4_plus_intense,2022-06-15_002_004,-16.375,12.875,1.2292895317077637,1.967668056488037,-0.213950514793396,-0.7383785247802734,False,False,faible,normale,2022,6,15,166,Phase_1_debut,Debut de saison (Mai-Juin),Ziguinchor,Zone soudanienne,122.08641,4,plus_intense,Phase_1_debut
2022-06-15,C4_plus_intense,2022-06-15_002_005,-16.125,12.875,3.201657772064209,1.9898172616958618,0.3067645728588104,1.2118405103683472,False,False,faible,normale,2022,6,15,166,Phase_1_debut,Debut de saison (Mai-Juin),Sédhiou,Zone soudanienne,149.21672,4,plus_intense,Phase_1_debut
2022-06-15,C4_plus_intense,2022-06-15_002_006,-15.875,12.875,12.616162300109863,2.3476197719573975,2.2987473011016846,10.268542528152466,True,False,moderee,tres humide,2022,6,15,166,Phase_1_debut,Debut de saison (Mai-Juin),Sédhiou,Zone soudanienne,176.34703,4,plus_intense,Phase_1_debut
2022-06-15,C4_plus_intense,2022-06-15_002_007,-15.625,12.875,19.446128845214844,3.439053535461426,2.4696481227874756,16.007075309753418,True,False,moderee,tres humide,2022,6,15,166,Phase_1_debut,Debut de saison (Mai-Juin),Sédhiou,Zone soudanienne,203.47736,4,plus_intense,Phase_1_debut
2022-06-15,C4_plus_intense,2022-06-15_002_008,-15.375,12.875,19.351634979248047,3.7198586463928223,2.523522138595581,15.631776332855225,True,False,moderee,tres humide,2022,6,15,166,Phase_1_debut,Debut de saison (Mai-Juin),Kolda,Zone soudanienne,230.60765,4,plus_intense,Phase_1_debut
2022-06-15,C4_plus_intense,2022-06-15_002_009,-15.125,12.875,23.837373733520508,3.7330546379089355,3.2057864665985107,20.104319095611572,True,True,forte,exceptionnelle,2022,6,15,166,Phase_1_debut,Debut de saison (Mai-Juin),Kolda,Zone soudanienne,257.73798,4,plus_intense,Phase_1_debut
2022-06-15,C4_plus_intense,2022-06-15_002_010,-14.875,12.875,42.598018646240234,4.367312908172607,4.515602111816406,38.23070573806763,True,True,forte,exceptionnelle,2022,6,15,166,Phase_1_debut,Debut de saison (Mai-Juin),Kolda,Zone soudanienne,284.8683,4,plus_intense,Phase_1_debut
2022-06-15,C4_plus_intense,2022-06-15_002_011,-14.625,12.875,29.033283233642578,4.10078239440918,3.5411651134490967,24.9325008392334,True,True,forte,exceptionnelle,2022,6,15,166,Phase_1_debut,Debut de saison (Mai-Juin),Kolda,Zone soudanienne,311.9986,4,plus_intense,Phase_1_debut
2022-06-15,C4_plus_intense,2022-06-15_002_012,-14.375,12.875,28.56106185913086,4.190710067749023,3.3624672889709473,24.370351791381836,True,True,forte,exceptionnelle,2022,6,15,166,Phase_1_debut,Debut de saison (Mai-Juin),Kolda,Zone soudanienne,339.1289,4,plus_intense,Phase_1_debut
2022-06-15,C4_plus_intense,2022-06-15_002_013,-14.125,12.875,29.64407730102539,4.159728050231934,3.577805995941162,25.484349250793457,True,True,forte,exceptionnelle,2022,6,15,166,Phase_1_debut,Debut de saison (Mai-Juin),Kolda,Zone soudanienne,366.25922,4,plus_intense,Phase_1_debut
2022-06-15,C4_plus_intense,2022-06-15_002_014,-13.875,12.875,37.5792121887207,4.974479675292969,3.813512086868286,32.604732513427734,True,True,forte,exceptionnelle,2022,6,15,166,Phase_1_debut,Debut de saison (Mai-Juin),Tambacounda,Zone soudanienne,393.38953,4,plus_intense,Phase_1_debut
2022-06-15,C4_plus_intense,2022-06-15_002_015,-13.625,12.875,39.88972473144531,4.430624008178711,4.354317665100098,35.4591007232666,True,True,forte,exceptionnelle,2022,6,15,166,Phase_1_debut,Debut de saison (Mai-Juin),Tambacounda,Zone soudanienne,420.51984,4,plus_intense,Phase_1_debut
2022-06-15,C4_plus_intense,2022-06-15_002_016,-13.375,12.875,30.8801326751709,3.9571313858032227,3.8218915462493896,26.923001289367676,True,True,forte,exceptionnelle,2022,6,15,166,Phase_1_debut,Debut de saison (Mai-Juin),Tambacounda,Zone soudanienne,447.65018,4,plus_intense,Phase_1_debut
2022-06-15,C4_plus_intense,2022-06-15_002_017,-13.125,12.875,37.87905502319336,4.570890426635742,4.0578999519348145,33.30816459655762,True,True,forte,exceptionnelle,2022,6,15,166,Phase_1_debut,Debut de saison (Mai-Juin),Kédougou,Zone soudanienne,474.78046,4,plus_intense,Phase_1_debut
2022-06-15,C4_plus_intense,2022-06-15_002_018,-12.875,12.875,35.996986389160156,4.695387363433838,3.988886833190918,31.30159902572632,True,True,forte,exceptionnelle,2022,6,15,166,Phase_1_debut,Debut de saison (Mai-Juin),Kédougou,Zone soudanienne,501.91077,4,plus_intense,Phase_1_debut
2022-06-15,C4_plus_intense,2022-06-15_002_019,-12.625,12.875,36.84882736206055,4.283568859100342,4.200132846832275,32.565258502960205,True,True,forte,exceptionnelle,2022,6,15,166,Phase_1_debut,Debut de saison (Mai-Juin),Kédougou,Zone soudanienne,529.0411,4,plus_intense,Phase_1_debut
2022-06-15,C4_plus_intense,2022-06-15_002_020,-12.375,12.875,30.413616180419922,4.091559410095215,3.6393511295318604,26.322056770324707,True,True,forte,exceptionnelle,2022,6,15,166,Phase_1_debut,Debut de saison (Mai-Juin),Kédougou,Zone soudanienne,556.17145,4,plus_intense,Phase_1_debut
2022-06-15,C4_plus_intense,2022-06-15_002_021,-12.125,12.875,21.949169158935547,3.6904778480529785,3.0854504108428955,18.25869131088257,True,True,forte,exceptionnelle,2022,6,15,166,Phase_1_debut,Debut de saison (Mai-Juin),Kédougou,Zone soudanienne,583.3017,4,plus_intense,Phase_1_debut
2022-06-15,C4_plus_intense,2022-06-15_002_022,-11.875,12.875,21.628589630126953,3.5028836727142334,3.318009853363037,18.12570595741272,True,True,forte,exceptionnelle,2022,6,15,166,Phase_1_debut,Debut de saison (Mai-Juin),Kédougou,Zone soudanienne,610.432,4,plus_intense,Phase_1_debut
2022-06-15,C4_plus_intense,2022-06-15_002_023,-11.625,12.875,21.36333656311035,3.7611942291259766,3.038770914077759,17.602142333984375,True,True,forte,exceptionnelle,2022,6,15,166,Phase_1_debut,Debut de saison (Mai-Juin),Kédougou,Zone soudanienne,637.5624,4,plus_intense,Phase_1_debut
2022-06-15,C4_plus_intense,2022-06-15_003_003,-16.625,13.125,4.894680023193359,0.9201246500015259,1.9612631797790527,3.9745553731918335,False,False,faible,humide,2022,6,15,166,Phase_1_debut,Debut de saison (Mai-Juin),Ziguinchor,Zone soudanienne,94.86048,4,plus_intense,Phase_1_debut
2022-06-15,C4_plus_intense,2022-06-15_003_004,-16.375,13.125,2.128690719604492,1.16847562789917,0.4679125249385834,0.9602150917053223,False,False,faible,normale,2022,6,15,166,Phase_1_debut,Debut de saison (Mai-Juin),Ziguinchor,Zone soudanienne,121.96348,4,plus_intense,Phase_1_debut
2022-06-15,C4_plus_intense,2022-06-15_003_005,-16.125,13.125,3.741933584213257,1.7443267107009888,0.5810392498970032,1.997606873512268,False,False,faible,normale,2022,6,15,166,Phase_1_debut,Debut de saison (Mai-Juin),Sédhiou,Zone soudanienne,149.06648,4,plus_intense,Phase_1_debut
2022-06-15,C4_plus_intense,2022-06-15_003_006,-15.875,13.125,11.223834991455078,2.272174119949341,2.1121840476989746,8.951660871505737,True,False,moderee,tres humide,2022,6,15,166,Phase_1_debut,Debut de saison (Mai-Juin),Sédhiou,Zone soudanienne,176.16948,4,plus_intense,Phase_1_debut
2022-06-15,C4_plus_intense,2022-06-15_003_007,-15.625,13.125,23.84990882873535,3.432105541229248,3.288236141204834,20.417803287506104,True,True,forte,exceptionnelle,2022,6,15,166,Phase_1_debut,Debut de saison (Mai-Juin),Sédhiou,Zone soudanienne,203.27248,4,plus_intense,Phase_1_debut
2022-06-15,C4_plus_intense,2022-06-15_003_008,-15.375,13.125,26.702011108398438,3.803058385848999,3.394772529602051,22.89895272254944,True,True,forte,exceptionnelle,2022,6,15,166,Phase_1_debut,Debut de saison (Mai-Juin),Kolda,Zone soudanienne,230.37546,4,plus_intense,Phase_1_debut
2022-06-15,C4_plus_intense,2022-06-15_003_009,-15.125,13.125,30.95785903930664,3.6992461681365967,4.017690181732178,27.258612871170044,True,True,forte,exceptionnelle,2022,6,15,166,Phase_1_debut,Debut de saison (Mai-Juin),Kolda,Zone soudanienne,257.47845,4,plus_intense,Phase_1_debut
2022-06-15,C4_plus_intense,2022-06-15_003_010,-14.875,13.125,31.211746215820312,4.111802101135254,3.641022205352783,27.09994411468506,True,True,forte,exceptionnelle,2022,6,15,166,Phase_1_debut,Debut de saison (Mai-Juin),Kolda,Zone soudanienne,284.58145,4,plus_intense,Phase_1_debut
2022-06-15,C4_plus_intense,2022-06-15_003_011,-14.625,13.125,27.818429946899414,3.657040596008301,3.60400128364563,24.161389350891113,True,True,forte,exceptionnelle,2022,6,15,166,Phase_1_debut,Debut de saison (Mai-Juin),Kolda,Zone soudanienne,311.68445,4,plus_intense,Phase_1_debut
2022-06-15,C4_plus_intense,2022-06-15_003_012,-14.375,13.125,33.856361389160156,3.637047290802002,4.349975109100342,30.219314098358154,True,True,forte,exceptionnelle,2022,6,15,166,Phase_1_debut,Debut de saison (Mai-Juin),Tambacounda,Zone soudanienne,338.78745,4,plus_intense,Phase_1_debut
2022-06-15,C4_plus_intense,2022-06-15_003_013,-14.125,13.125,32.701663970947266,3.6072142124176025,4.44302225112915,29.094449758529663,True,True,forte,exceptionnelle,2022,6,15,166,Phase_1_debut,Debut de saison (Mai-Juin),Tambacounda,Zone soudanienne,365.89044,4,plus_intense,Phase_1_debut
2022-06-15,C4_plus_intense,2022-06-15_003_014,-13.875,13.125,38.19401931762695,4.30829381942749,4.3212666511535645,33.88572549819946,True,True,forte,exceptionnelle,2022,6,15,166,Phase_1_debut,Debut de saison (Mai-Juin),Tambacounda,Zone soudanienne,392.99344,4,plus_intense,Phase_1_debut
2022-06-15,C4_plus_intense,2022-06-15_003_015,-13.625,13.125,35.08062744140625,4.535871982574463,3.4603936672210693,30.544755458831787,True,True,forte,exceptionnelle,2022,6,15,166,Phase_1_debut,Debut de saison (Mai-Juin),Tambacounda,Zone soudanienne,420.09644,4,plus_intense,Phase_1_debut
2022-06-15,C4_plus_intense,2022-06-15_003_016,-13.375,13.125,28.786436080932617,3.8446874618530273,3.1478867530822754,24.94174861907959,True,True,forte,exceptionnelle,2022,6,15,166,Phase_1_debut,Debut de saison (Mai-Juin),Tambacounda,Zone soudanienne,447.19943,4,plus_intense,Phase_1_debut
2022-06-15,C4_plus_intense,2022-06-15_003_017,-13.125,13.125,32.371891021728516,4.4252214431762695,3.1774067878723145,27.946669578552246,True,True,forte,exceptionnelle,2022,6,15,166,Phase_1_debut,Debut de saison (Mai-Juin),Tambacounda,Zone soudanienne,474.30243,4,plus_intense,Phase_1_debut
2022-06-15,C4_plus_intense,2022-06-15_003_018,-12.875,13.125,33.12826156616211,4.486084938049316,3.2210421562194824,28.642176628112793,True,True,forte,exceptionnelle,2022,6,15,166,Phase_1_debut,Debut de saison (Mai-Juin),Tambacounda,Zone soudanienne,501.4054,4,plus_intense,Phase_1_debut
2022-06-15,C4_plus_intense,2022-06-15_003_019,-12.625,13.125,34.8103141784668,4.1744184494018555,4.013118743896484,30.63589572906494,True,True,forte,exceptionnelle,2022,6,15,166,Phase_1_debut,Debut de saison (Mai-Juin),Tambacounda,Zone soudanienne,528.5084,4,plus_intense,Phase_1_debut
2022-06-15,C4_plus_intense,2022-06-15_003_020,-12.375,13.125,30.454416275024414,3.650662422180176,3.923826217651367,26.80375385284424,True,True,forte,exceptionnelle,2022,6,15,166,Phase_1_debut,Debut de saison (Mai-Juin),Tambacounda,Zone soudanienne,555.61145,4,plus_intense,Phase_1_debut
2022-06-15,C4_plus_intense,2022-06-15_003_021,-12.125,13.125,22.504392623901367,3.3823869228363037,3.314216375350952,19.122005701065063,True,True,forte,exceptionnelle,2022,6,15,166,Phase_1_debut,Debut de saison (Mai-Juin),Tambacounda,Zone soudanienne,582.71436,4,plus_intense,Phase_1_debut
2022-06-15,C4_plus_intense,2022-06-15_003_022,-11.875,13.125,17.834102630615234,3.2481629848480225,2.8353092670440674,14.585939645767212,True,False,moderee,tres humide,2022,6,15,166,Phase_1_debut,Debut de saison (Mai-Juin),Tambacounda,Zone soudanienne,609.8174,4,plus_intense,Phase_1_debut
2022-06-15,C4_plus_intense,2022-06-15_003_023,-11.625,13.125,16.98554801940918,2.985724925994873,2.8362138271331787,13.999823093414307,True,False,moderee,tres humide,2022,6,15,166,Phase_1_debut,Debut de saison (Mai-Juin),Tambacounda,Zone soudanienne,636.9204,4,plus_intense,Phase_1_debut
2022-06-15,C4_plus_intense,2022-06-15_004_009,-15.125,13.375,34.927791595458984,3.485962152481079,4.138113975524902,31.441829442977905,True,True,forte,exceptionnelle,2022,6,15,166,Phase_1_debut,Debut de saison (Mai-Juin),Kolda,Zone soudanienne,257.21408,4,plus_intense,Phase_1_debut
2022-06-15,C4_plus_intense,2022-06-15_004_010,-14.875,13.375,23.397686004638672,3.1030874252319336,3.2721240520477295,20.29459857940674,True,True,forte,exceptionnelle,2022,6,15,166,Phase_1_debut,Debut de saison (Mai-Juin),Kolda,Zone soudanienne,284.2892,4,plus_intense,Phase_1_debut
2022-06-15,C4_plus_intense,2022-06-15_004_015,-13.625,13.375,37.04297637939453,4.471322536468506,3.3273487091064453,32.571653842926025,True,True,forte,exceptionnelle,2022,6,15,166,Phase_1_debut,Debut de saison (Mai-Juin),Tambacounda,Zone soudanienne,419.66504,4,plus_intense,Phase_1_debut
2022-06-15,C4_plus_intense,2022-06-15_004_016,-13.375,13.375,31.038415908813477,4.161806106567383,2.7946670055389404,26.876609802246094,True,True,forte,tres humide,2022,6,15,166,Phase_1_debut,Debut de saison (Mai-Juin),Tambacounda,Zone soudanienne,446.7402,4,plus_intense,Phase_1_debut
2022-06-15,C4_plus_intense,2022-06-15_004_017,-13.125,13.375,35.1322135925293,4.070671081542969,3.4877119064331055,31.061542510986328,True,True,forte,exceptionnelle,2022,6,15,166,Phase_1_debut,Debut de saison (Mai-Juin),Tambacounda,Zone soudanienne,473.81537,4,plus_intense,Phase_1_debut
2022-06-15,C4_plus_intense,2022-06-15_004_018,-12.875,13.375,32.814788818359375,4.249588489532471,3.242706537246704,28.565200328826904,True,True,forte,exceptionnelle,2022,6,15,166,Phase_1_debut,Debut de saison (Mai-Juin),Tambacounda,Zone soudanienne,500.89053,4,plus_intense,Phase_1_debut
2022-06-15,C4_plus_intense,2022-06-15_004_019,-12.625,13.375,34.5363655090332,4.145486354827881,3.5833003520965576,30.390879154205322,True,True,forte,exceptionnelle,2022,6,15,166,Phase_1_debut,Debut de saison (Mai-Juin),Tambacounda,Zone soudanienne,527.9657,4,plus_intense,Phase_1_debut
2022-06-15,C4_plus_intense,2022-06-15_004_020,-12.375,13.375,30.71340560913086,3.534945011138916,3.8849196434020996,27.178460597991943,True,True,forte,exceptionnelle,2022,6,15,166,Phase_1_debut,Debut de saison (Mai-Juin),Tambacounda,Zone soudanienne,555.0409,4,plus_intense,Phase_1_debut
2022-06-15,C4_plus_intense,2022-06-15_004_021,-12.125,13.375,26.775484085083008,3.3702950477600098,3.7795534133911133,23.405189037322998,True,True,forte,exceptionnelle,2022,6,15,166,Phase_1_debut,Debut de saison (Mai-Juin),Tambacounda,Zone soudanienne,582.116,4,plus_intense,Phase_1_debut
2022-06-15,C4_plus_intense,2022-06-15_004_022,-11.875,13.375,22.094741821289062,3.1573894023895264,3.436462163925171,18.937352418899536,True,True,forte,exceptionnelle,2022,6,15,166,Phase_1_debut,Debut de saison (Mai-Juin),Tambacounda,Zone soudanienne,609.19116,4,plus_intense,Phase_1_debut
2022-06-15,C4_plus_intense,2022-06-15_004_023,-11.625,13.375,19.720251083374023,3.1028637886047363,3.219550848007202,16.617387294769287,True,False,moderee,exceptionnelle,2022,6,15,166,Phase_1_debut,Debut de saison (Mai-Juin),Tambacounda,Zone soudanienne,636.26636,4,plus_intense,Phase_1_debut
2022-06-15,C4_plus_intense,2022-06-15_005_004,-16.375,13.625,0.478529691696167,1.4427645206451416,-0.29641780257225037,-0.9642348289489746,False,False,trace,normale,2022,6,15,166,Phase_1_debut,Debut de saison (Mai-Juin),Kaolack,Zone soudano-sahélienne,121.71068,4,plus_intense,Phase_1_debut
2022-06-15,C4_plus_intense,2022-06-15_005_005,-16.125,13.625,5.311572074890137,1.4738390445709229,1.2191773653030396,3.837733030319214,False,False,moderee,humide,2022,6,15,166,Phase_1_debut,Debut de saison (Mai-Juin),Kaolack,Zone soudano-sahélienne,148.75749,4,plus_intense,Phase_1_debut
2022-06-15,C4_plus_intense,2022-06-15_005_006,-15.875,13.625,17.041601181030273,1.8300169706344604,3.7317397594451904,15.211584210395813,True,False,moderee,exceptionnelle,2022,6,15,166,Phase_1_debut,Debut de saison (Mai-Juin),Kaffrine,Zone soudano-sahélienne,175.80432,4,plus_intense,Phase_1_debut
2022-06-15,C4_plus_intense,2022-06-15_005_007,-15.625,13.625,18.994264602661133,1.836276888847351,4.190006732940674,17.15798771381378,True,False,moderee,exceptionnelle,2022,6,15,166,Phase_1_debut,Debut de saison (Mai-Juin),Kaffrine,Zone soudano-sahélienne,202.85114,4,plus_intense,Phase_1_debut
2022-06-15,C4_plus_intense,2022-06-15_005_012,-14.375,13.625,38.1325798034668,3.2735161781311035,4.574149131774902,34.85906362533569,True,True,forte,exceptionnelle,2022,6,15,166,Phase_1_debut,Debut de saison (Mai-Juin),Tambacounda,Zone soudano-sahélienne,338.0852,4,plus_intense,Phase_1_debut
2022-06-15,C4_plus_intense,2022-06-15_005_013,-14.125,13.625,37.784175872802734,3.584529399871826,4.062099933624268,34.19964647293091,True,True,forte,exceptionnelle,2022,6,15,166,Phase_1_debut,Debut de saison (Mai-Juin),Tambacounda,Zone soudano-sahélienne,365.13202,4,plus_intense,Phase_1_debut
2022-06-15,C4_plus_intense,2022-06-15_005_014,-13.875,13.625,36.404502868652344,4.103241443634033,3.2588374614715576,32.30126142501831,True,True,forte,exceptionnelle,2022,6,15,166,Phase_1_debut,Debut de saison (Mai-Juin),Tambacounda,Zone soudano-sahélienne,392.17886,4,plus_intense,Phase_1_debut
2022-06-15,C4_plus_intense,2022-06-15_005_015,-13.625,13.625,40.03178405761719,4.0440874099731445,3.601557970046997,35.98769664764404,True,True,forte,exceptionnelle,2022,6,15,166,Phase_1_debut,Debut de saison (Mai-Juin),Tambacounda,Zone soudano-sahélienne,419.22565,4,plus_intense,Phase_1_debut
2022-06-15,C4_plus_intense,2022-06-15_005_016,-13.375,13.625,31.83838653564453,4.002053260803223,3.0121405124664307,27.83633327484131,True,True,forte,exceptionnelle,2022,6,15,166,Phase_1_debut,Debut de saison (Mai-Juin),Tambacounda,Zone soudano-sahélienne,446.2725,4,plus_intense,Phase_1_debut
2022-06-15,C4_plus_intense,2022-06-15_005_017,-13.125,13.625,33.35968017578125,3.8938498497009277,3.3646297454833984,29.465830326080322,True,True,forte,exceptionnelle,2022,6,15,166,Phase_1_debut,Debut de saison (Mai-Juin),Tambacounda,Zone soudano-sahélienne,473.3193,4,plus_intense,Phase_1_debut
2022-06-15,C4_plus_intense,2022-06-15_005_018,-12.875,13.625,37.781158447265625,4.029717445373535,3.6710803508758545,33.75144100189209,True,True,forte,exceptionnelle,2022,6,15,166,Phase_1_debut,Debut de saison (Mai-Juin),Tambacounda,Zone soudano-sahélienne,500.3661,4,plus_intense,Phase_1_debut
2022-06-15,C4_plus_intense,2022-06-15_005_019,-12.625,13.625,37.19819641113281,3.891239643096924,3.8665268421173096,33.30695676803589,True,True,forte,exceptionnelle,2022,6,15,166,Phase_1_debut,Debut de saison (Mai-Juin),Tambacounda,Zone soudano-sahélienne,527.4129,4,plus_intense,Phase_1_debut
2022-06-15,C4_plus_intense,2022-06-15_005_020,-12.375,13.625,34.97832107543945,3.7608330249786377,3.9505937099456787,31.217488050460815,True,True,forte,exceptionnelle,2022,6,15,166,Phase_1_debut,Debut de saison (Mai-Juin),Tambacounda,Zone soudano-sahélienne,554.4598,4,plus_intense,Phase_1_debut
2022-06-15,C4_plus_intense,2022-06-15_005_021,-12.125,13.625,28.88091468811035,3.185237407684326,4.07963228225708,25.695677280426025,True,True,forte,exceptionnelle,2022,6,15,166,Phase_1_debut,Debut de saison (Mai-Juin),Tambacounda,Zone soudano-sahélienne,581.50653,4,plus_intense,Phase_1_debut
2022-06-15,C4_plus_intense,2022-06-15_006_003,-16.625,13.875,0.7789676785469055,1.0874048471450806,-0.09721631556749344,-0.30843716859817505,False,False,trace,normale,2022,6,15,166,Phase_1_debut,Debut de saison (Mai-Juin),Fatick,Zone soudano-sahélienne,94.562836,4,plus_intense,Phase_1_debut
2022-06-15,C4_plus_intense,2022-06-15_006_004,-16.375,13.875,1.366064190864563,1.3511344194412231,0.0044643166474998,0.014929771423339844,False,False,faible,normale,2022,6,15,166,Phase_1_debut,Debut de saison (Mai-Juin),Fatick,Zone soudano-sahélienne,121.580795,4,plus_intense,Phase_1_debut
2022-06-15,C4_plus_intense,2022-06-15_006_005,-16.125,13.875,7.0402631759643555,1.7648001909255981,1.302082896232605,5.275462985038757,False,False,moderee,humide,2022,6,15,166,Phase_1_debut,Debut de saison (Mai-Juin),Fatick,Zone soudano-sahélienne,148.59875,4,plus_intense,Phase_1_debut
2022-06-15,C4_plus_intense,2022-06-15_006_006,-15.875,13.875,20.46636199951172,1.885564923286438,3.9788849353790283,18.58079707622528,True,True,forte,exceptionnelle,2022,6,15,166,Phase_1_debut,Debut de saison (Mai-Juin),Kaolack,Zone soudano-sahélienne,175.6167,4,plus_intense,Phase_1_debut
2022-06-15,C4_plus_intense,2022-06-15_006_007,-15.625,13.875,22.619321823120117,1.9131267070770264,4.382061958312988,20.70619511604309,True,True,forte,exceptionnelle,2022,6,15,166,Phase_1_debut,Debut de saison (Mai-Juin),Kaolack,Zone soudano-sahélienne,202.63466,4,plus_intense,Phase_1_debut
2022-06-15,C4_plus_intense,2022-06-15_006_008,-15.375,13.875,27.190467834472656,2.1005146503448486,4.667797088623047,25.089953184127808,True,True,forte,exceptionnelle,2022,6,15,166,Phase_1_debut,Debut de saison (Mai-Juin),Kaffrine,Zone soudano-sahélienne,229.6526,4,plus_intense,Phase_1_debut
2022-06-15,C4_plus_intense,2022-06-15_006_009,-15.125,13.875,29.891332626342773,2.4914956092834473,4.562578201293945,27.399837017059326,True,True,forte,exceptionnelle,2022,6,15,166,Phase_1_debut,Debut de saison (Mai-Juin),Kaffrine,Zone soudano-sahélienne,256.67056,4,plus_intense,Phase_1_debut
2022-06-15,C4_plus_intense,2022-06-15_006_010,-14.875,13.875,40.403926849365234,2.9689693450927734,4.894491672515869,37.43495750427246,True,True,forte,exceptionnelle,2022,6,15,166,Phase_1_debut,Debut de saison (Mai-Juin),Kaffrine,Zone soudano-sahélienne,283.6885,4,plus_intense,Phase_1_debut
2022-06-15,C4_plus_intense,2022-06-15_006_011,-14.625,13.875,37.0126838684082,2.9761579036712646,4.504471778869629,34.03652596473694,True,True,forte,exceptionnelle,2022,6,15,166,Phase_1_debut,Debut de saison (Mai-Juin),Kaffrine,Zone soudano-sahélienne,310.70648,4,plus_intense,Phase_1_debut
2022-06-15,C4_plus_intense,2022-06-15_006_012,-14.375,13.875,35.753013610839844,2.926525592803955,4.376816749572754,32.82648801803589,True,True,forte,exceptionnelle,2022,6,15,166,Phase_1_debut,Debut de saison (Mai-Juin),Tambacounda,Zone soudano-sahélienne,337.72443,4,plus_intense,Phase_1_debut
2022-06-15,C4_plus_intense,2022-06-15_006_013,-14.125,13.875,35.83498764038086,3.329061508178711,3.953526020050049,32.50592613220215,True,True,forte,exceptionnelle,2022,6,15,166,Phase_1_debut,Debut de saison (Mai-Juin),Tambacounda,Zone soudano-sahélienne,364.74237,4,plus_intense,Phase_1_debut
2022-06-15,C4_plus_intense,2022-06-15_006_014,-13.875,13.875,34.10884094238281,3.4063773155212402,3.5588135719299316,30.702463626861572,True,True,forte,exceptionnelle,2022,6,15,166,Phase_1_debut,Debut de saison (Mai-Juin),Tambacounda,Zone soudano-sahélienne,391.76035,4,plus_intense,Phase_1_debut
2022-06-15,C4_plus_intense,2022-06-15_006_015,-13.625,13.875,37.359867095947266,3.4714298248291016,3.837590456008911,33.888437271118164,True,True,forte,exceptionnelle,2022,6,15,166,Phase_1_debut,Debut de saison (Mai-Juin),Tambacounda,Zone soudano-sahélienne,418.7783,4,plus_intense,Phase_1_debut
2022-06-15,C4_plus_intense,2022-06-15_006_016,-13.375,13.875,43.87179183959961,3.9101498126983643,3.9490036964416504,39.961642026901245,True,True,forte,exceptionnelle,2022,6,15,166,Phase_1_debut,Debut de saison (Mai-Juin),Tambacounda,Zone soudano-sahélienne,445.79623,4,plus_intense,Phase_1_debut
2022-06-15,C4_plus_intense,2022-06-15_006_017,-13.125,13.875,46.854888916015625,4.473243713378906,3.866210699081421,42.38164520263672,True,True,forte,exceptionnelle,2022,6,15,166,Phase_1_debut,Debut de saison (Mai-Juin),Tambacounda,Zone soudano-sahélienne,472.81418,4,plus_intense,Phase_1_debut
2022-06-15,C4_plus_intense,2022-06-15_006_018,-12.875,13.875,42.78934097290039,4.049657821655273,3.9858744144439697,38.73968315124512,True,True,forte,exceptionnelle,2022,6,15,166,Phase_1_debut,Debut de saison (Mai-Juin),Tambacounda,Zone soudano-sahélienne,499.83212,4,plus_intense,Phase_1_debut
2022-06-15,C4_plus_intense,2022-06-15_006_019,-12.625,13.875,39.95506286621094,3.4725260734558105,4.10910177230835,36.48253679275513,True,True,forte,exceptionnelle,2022,6,15,166,Phase_1_debut,Debut de saison (Mai-Juin),Tambacounda,Zone soudano-sahélienne,526.8501,4,plus_intense,Phase_1_debut
2022-06-15,C4_plus_intense,2022-06-15_006_020,-12.375,13.875,38.31535720825195,3.5375583171844482,4.282288074493408,34.777798891067505,True,True,forte,exceptionnelle,2022,6,15,166,Phase_1_debut,Debut de saison (Mai-Juin),Tambacounda,Zone soudano-sahélienne,553.86804,4,plus_intense,Phase_1_debut
2022-06-15,C4_plus_intense,2022-06-15_006_021,-12.125,13.875,26.319015502929688,2.71220064163208,3.8008477687835693,23.606814861297607,True,True,forte,exceptionnelle,2022,6,15,166,Phase_1_debut,Debut de saison (Mai-Juin),Tambacounda,Zone soudano-sahélienne,580.886,4,plus_intense,Phase_1_debut
2022-06-15,C4_plus_intense,2022-06-15_007_003,-16.625,14.125,7.721945762634277,1.1791613101959229,2.445333480834961,6.5427844524383545,True,False,moderee,tres humide,2022,6,15,166,Phase_1_debut,Debut de saison (Mai-Juin),Fatick,Zone soudano-sahélienne,94.460014,4,plus_intense,Phase_1_debut
2022-06-15,C4_plus_intense,2022-06-15_007_004,-16.375,14.125,4.009522914886475,1.2069991827011108,1.0018587112426758,2.8025237321853638,False,False,faible,humide,2022,6,15,166,Phase_1_debut,Debut de saison (Mai-Juin),Fatick,Zone soudano-sahélienne,121.44859,4,plus_intense,Phase_1_debut
2022-06-15,C4_plus_intense,2022-06-15_007_005,-16.125,14.125,10.196093559265137,1.469080924987793,2.6061699390411377,8.727012634277344,True,False,moderee,tres humide,2022,6,15,166,Phase_1_debut,Debut de saison (Mai-Juin),Fatick,Zone soudano-sahélienne,148.43718,4,plus_intense,Phase_1_debut
2022-06-15,C4_plus_intense,2022-06-15_007_006,-15.875,14.125,20.646080017089844,1.8317023515701294,4.2214765548706055,18.814377665519714,True,True,forte,exceptionnelle,2022,6,15,166,Phase_1_debut,Debut de saison (Mai-Juin),Kaolack,Zone soudano-sahélienne,175.42575,4,plus_intense,Phase_1_debut
2022-06-15,C4_plus_intense,2022-06-15_007_007,-15.625,14.125,19.8018741607666,1.8594287633895874,4.0879645347595215,17.942445397377014,True,False,moderee,exceptionnelle,2022,6,15,166,Phase_1_debut,Debut de saison (Mai-Juin),Kaolack,Zone soudano-sahélienne,202.41434,4,plus_intense,Phase_1_debut
2022-06-15,C4_plus_intense,2022-06-15_007_008,-15.375,14.125,21.8468074798584,1.776203989982605,4.375116348266602,20.070603489875793,True,True,forte,exceptionnelle,2022,6,15,166,Phase_1_debut,Debut de saison (Mai-Juin),Kaffrine,Zone soudano-sahélienne,229.4029,4,plus_intense,Phase_1_debut
2022-06-15,C4_plus_intense,2022-06-15_007_009,-15.125,14.125,23.693143844604492,1.7630749940872192,4.769946098327637,21.930068850517273,True,True,forte,exceptionnelle,2022,6,15,166,Phase_1_debut,Debut de saison (Mai-Juin),Kaffrine,Zone soudano-sahélienne,256.39148,4,plus_intense,Phase_1_debut
2022-06-15,C4_plus_intense,2022-06-15_007_010,-14.875,14.125,34.836822509765625,2.283775568008423,5.143367290496826,32.5530469417572,True,True,forte,exceptionnelle,2022,6,15,166,Phase_1_debut,Debut de saison (Mai-Juin),Kaffrine,Zone soudano-sahélienne,283.38007,4,plus_intense,Phase_1_debut
2022-06-15,C4_plus_intense,2022-06-15_007_011,-14.625,14.125,35.99189758300781,2.3780765533447266,5.032214164733887,33.613821029663086,True,True,forte,exceptionnelle,2022,6,15,166,Phase_1_debut,Debut de saison (Mai-Juin),Kaffrine,Zone soudano-sahélienne,310.36865,4,plus_intense,Phase_1_debut
2022-06-15,C4_plus_intense,2022-06-15_007_012,-14.375,14.125,37.603912353515625,2.52254581451416,4.96842622756958,35.081366539001465,True,True,forte,exceptionnelle,2022,6,15,166,Phase_1_debut,Debut de saison (Mai-Juin),Tambacounda,Zone soudano-sahélienne,337.3572,4,plus_intense,Phase_1_debut
2022-06-15,C4_plus_intense,2022-06-15_007_013,-14.125,14.125,42.2617301940918,3.025022029876709,4.603185176849365,39.23670816421509,True,True,forte,exceptionnelle,2022,6,15,166,Phase_1_debut,Debut de saison (Mai-Juin),Tambacounda,Zone soudano-sahélienne,364.34576,4,plus_intense,Phase_1_debut
2022-06-15,C4_plus_intense,2022-06-15_007_014,-13.875,14.125,36.89134979248047,2.9571712017059326,4.248992919921875,33.934178590774536,True,True,forte,exceptionnelle,2022,6,15,166,Phase_1_debut,Debut de saison (Mai-Juin),Tambacounda,Zone soudano-sahélienne,391.33438,4,plus_intense,Phase_1_debut
2022-06-15,C4_plus_intense,2022-06-15_007_015,-13.625,14.125,34.75690460205078,2.957286834716797,3.97170090675354,31.799617767333984,True,True,forte,exceptionnelle,2022,6,15,166,Phase_1_debut,Debut de saison (Mai-Juin),Tambacounda,Zone soudano-sahélienne,418.32294,4,plus_intense,Phase_1_debut
2022-06-15,C4_plus_intense,2022-06-15_007_016,-13.375,14.125,36.26624298095703,3.2135555744171143,3.848684549331665,33.05268740653992,True,True,forte,exceptionnelle,2022,6,15,166,Phase_1_debut,Debut de saison (Mai-Juin),Tambacounda,Zone soudano-sahélienne,445.31152,4,plus_intense,Phase_1_debut
2022-06-15,C4_plus_intense,2022-06-15_007_017,-13.125,14.125,40.892112731933594,3.6487977504730225,4.038703441619873,37.24331498146057,True,True,forte,exceptionnelle,2022,6,15,166,Phase_1_debut,Debut de saison (Mai-Juin),Tambacounda,Zone soudano-sahélienne,472.30008,4,plus_intense,Phase_1_debut
2022-06-15,C4_plus_intense,2022-06-15_007_018,-12.875,14.125,39.005699157714844,3.3860538005828857,4.326985836029053,35.61964535713196,True,True,forte,exceptionnelle,2022,6,15,166,Phase_1_debut,Debut de saison (Mai-Juin),Tambacounda,Zone soudano-sahélienne,499.28867,4,plus_intense,Phase_1_debut
2022-06-15,C4_plus_intense,2022-06-15_007_019,-12.625,14.125,35.0616455078125,2.903473377227783,4.3786420822143555,32.15817213058472,True,True,forte,exceptionnelle,2022,6,15,166,Phase_1_debut,Debut de saison (Mai-Juin),Tambacounda,Zone soudano-sahélienne,526.2772,4,plus_intense,Phase_1_debut
2022-06-15,C4_plus_intense,2022-06-15_007_020,-12.375,14.125,35.175357818603516,2.876270294189453,4.41782808303833,32.29908752441406,True,True,forte,exceptionnelle,2022,6,15,166,Phase_1_debut,Debut de saison (Mai-Juin),Tambacounda,Zone soudano-sahélienne,553.2658,4,plus_intense,Phase_1_debut
2022-06-15,C4_plus_intense,2022-06-15_007_021,-12.125,14.125,21.553037643432617,2.0841705799102783,4.016528606414795,19.46886706352234,True,True,forte,exceptionnelle,2022,6,15,166,Phase_1_debut,Debut de saison (Mai-Juin),Tambacounda,Zone soudano-sahélienne,580.2544,4,plus_intense,Phase_1_debut
2022-06-15,C4_plus_intense,2022-06-15_008_002,-16.875,14.375,8.525264739990234,0.37365612387657166,5.967149257659912,8.151608616113663,True,False,moderee,exceptionnelle,2022,6,15,166,Phase_1_debut,Debut de saison (Mai-Juin),Thiès,Zone soudano-sahélienne,67.39671,4,plus_intense,Phase_1_debut
2022-06-15,C4_plus_intense,2022-06-15_008_003,-16.625,14.375,5.2590813636779785,0.8626821041107178,2.182455062866211,4.396399259567261,True,False,moderee,tres humide,2022,6,15,166,Phase_1_debut,Debut de saison (Mai-Juin),Fatick,Zone soudano-sahélienne,94.3554,4,plus_intense,Phase_1_debut
2022-06-15,C4_plus_intense,2022-06-15_008_004,-16.375,14.375,0.8883760571479797,0.943416178226471,-0.02603994309902191,-0.05504012107849121,False,False,trace,normale,2022,6,15,166,Phase_1_debut,Debut de saison (Mai-Juin),Diourbel,Zone soudano-sahélienne,121.314095,4,plus_intense,Phase_1_debut
2022-06-15,C4_plus_intense,2022-06-15_008_005,-16.125,14.375,11.933022499084473,1.2679299116134644,3.261178731918335,10.665092587471008,True,False,moderee,exceptionnelle,2022,6,15,166,Phase_1_debut,Debut de saison (Mai-Juin),Diourbel,Zone soudano-sahélienne,148.27278,4,plus_intense,Phase_1_debut
2022-06-15,C4_plus_intense,2022-06-15_008_006,-15.875,14.375,15.742773056030273,1.6206727027893066,3.3508455753326416,14.122100353240967,True,False,moderee,exceptionnelle,2022,6,15,166,Phase_1_debut,Debut de saison (Mai-Juin),Diourbel,Zone soudano-sahélienne,175.23148,4,plus_intense,Phase_1_debut
2022-06-15,C4_plus_intense,2022-06-15_008_007,-15.625,14.375,16.34750747680664,1.7782573699951172,3.3676257133483887,14.569250106811523,True,False,moderee,exceptionnelle,2022,6,15,166,Phase_1_debut,Debut de saison (Mai-Juin),Kaolack,Zone soudano-sahélienne,202.19016,4,plus_intense,Phase_1_debut
2022-06-15,C4_plus_intense,2022-06-15_008_008,-15.375,14.375,19.053695678710938,1.6137924194335938,4.2126898765563965,17.439903259277344,True,False,moderee,exceptionnelle,2022,6,15,166,Phase_1_debut,Debut de saison (Mai-Juin),Kaffrine,Zone soudano-sahélienne,229.14883,4,plus_intense,Phase_1_debut
2022-06-15,C4_plus_intense,2022-06-15_008_009,-15.125,14.375,21.44028091430664,1.5442759990692139,4.782493591308594,19.896004915237427,True,True,forte,exceptionnelle,2022,6,15,166,Phase_1_debut,Debut de saison (Mai-Juin),Kaffrine,Zone soudano-sahélienne,256.10754,4,plus_intense,Phase_1_debut
2022-06-15,C4_plus_intense,2022-06-15_008_010,-14.875,14.375,27.600069046020508,1.7700432538986206,5.22007942199707,25.830025792121887,True,True,forte,exceptionnelle,2022,6,15,166,Phase_1_debut,Debut de saison (Mai-Juin),Kaffrine,Zone soudano-sahélienne,283.06622,4,plus_intense,Phase_1_debut
2022-06-15,C4_plus_intense,2022-06-15_008_011,-14.625,14.375,31.446853637695312,1.9437263011932373,5.135240077972412,29.503127336502075,True,True,forte,exceptionnelle,2022,6,15,166,Phase_1_debut,Debut de saison (Mai-Juin),Kaffrine,Zone soudano-sahélienne,310.0249,4,plus_intense,Phase_1_debut
2022-06-15,C4_plus_intense,2022-06-15_008_012,-14.375,14.375,33.94598388671875,2.0711236000061035,4.950926780700684,31.874860286712646,True,True,forte,exceptionnelle,2022,6,15,166,Phase_1_debut,Debut de saison (Mai-Juin),Tambacounda,Zone soudano-sahélienne,336.98358,4,plus_intense,Phase_1_debut
2022-06-15,C4_plus_intense,2022-06-15_008_013,-14.125,14.375,39.27894973754883,2.4917564392089844,4.836452484130859,36.787193298339844,True,True,forte,exceptionnelle,2022,6,15,166,Phase_1_debut,Debut de saison (Mai-Juin),Tambacounda,Zone soudano-sahélienne,363.94226,4,plus_intense,Phase_1_debut
2022-06-15,C4_plus_intense,2022-06-15_008_014,-13.875,14.375,37.37175369262695,2.9190118312835693,4.399338245391846,34.452741861343384,True,True,forte,exceptionnelle,2022,6,15,166,Phase_1_debut,Debut de saison (Mai-Juin),Tambacounda,Zone soudano-sahélienne,390.90097,4,plus_intense,Phase_1_debut
2022-06-15,C4_plus_intense,2022-06-15_008_015,-13.625,14.375,34.41212463378906,2.5936663150787354,4.446449279785156,31.818458318710327,True,True,forte,exceptionnelle,2022,6,15,166,Phase_1_debut,Debut de saison (Mai-Juin),Tambacounda,Zone soudano-sahélienne,417.85965,4,plus_intense,Phase_1_debut
2022-06-15,C4_plus_intense,2022-06-15_008_016,-13.375,14.375,31.605667114257812,2.5477373600006104,4.139216899871826,29.057929754257202,True,True,forte,exceptionnelle,2022,6,15,166,Phase_1_debut,Debut de saison (Mai-Juin),Tambacounda,Zone soudano-sahélienne,444.81833,4,plus_intense,Phase_1_debut
2022-06-15,C4_plus_intense,2022-06-15_008_017,-13.125,14.375,32.776031494140625,2.3922510147094727,4.546937942504883,30.383780479431152,True,True,forte,exceptionnelle,2022,6,15,166,Phase_1_debut,Debut de saison (Mai-Juin),Tambacounda,Zone soudano-sahélienne,471.777,4,plus_intense,Phase_1_debut
2022-06-15,C4_plus_intense,2022-06-15_008_018,-12.875,14.375,33.81306076049805,2.4715590476989746,4.828280448913574,31.341501712799072,True,True,forte,exceptionnelle,2022,6,15,166,Phase_1_debut,Debut de saison (Mai-Juin),Tambacounda,Zone soudano-sahélienne,498.7357,4,plus_intense,Phase_1_debut
2022-06-15,C4_plus_intense,2022-06-15_008_019,-12.625,14.375,28.643869400024414,2.3374247550964355,4.513886451721191,26.30644464492798,True,True,forte,exceptionnelle,2022,6,15,166,Phase_1_debut,Debut de saison (Mai-Juin),Tambacounda,Zone soudano-sahélienne,525.6944,4,plus_intense,Phase_1_debut
2022-06-15,C4_plus_intense,2022-06-15_008_020,-12.375,14.375,23.986661911010742,2.004546642303467,4.317978382110596,21.982115268707275,True,True,forte,exceptionnelle,2022,6,15,166,Phase_1_debut,Debut de saison (Mai-Juin),Tambacounda,Zone soudano-sahélienne,552.6531,4,plus_intense,Phase_1_debut
2022-06-15,C4_plus_intense,2022-06-15_009_001,-17.125,14.625,0.5231562256813049,0.11129770427942276,0.7369779944419861,0.41185852140188217,False,False,trace,normale,2022,6,15,166,Phase_1_debut,Debut de saison (Mai-Juin),Dakar,Zone soudano-sahélienne,40.39242,4,plus_intense,Phase_1_debut
2022-06-15,C4_plus_intense,2022-06-15_009_002,-16.875,14.625,1.6210957765579224,0.15112903714179993,2.1110408306121826,1.4699667394161224,True,False,faible,tres humide,2022,6,15,166,Phase_1_debut,Debut de saison (Mai-Juin),Thiès,Zone soudano-sahélienne,67.3207,4,plus_intense,Phase_1_debut
2022-06-15,C4_plus_intense,2022-06-15_009_003,-16.625,14.625,0.0,0.4538796544075012,-0.2880920469760895,-0.4538796544075012,False,False,trace,normale,2022,6,15,166,Phase_1_debut,Debut de saison (Mai-Juin),Thiès,Zone soudano-sahélienne,94.248985,4,plus_intense,Phase_1_debut
2022-06-15,C4_plus_intense,2022-06-15_009_004,-16.375,14.625,0.634712815284729,0.687884509563446,-0.02641145884990692,-0.05317169427871704,False,False,trace,normale,2022,6,15,166,Phase_1_debut,Debut de saison (Mai-Juin),Diourbel,Zone soudano-sahélienne,121.17728,4,plus_intense,Phase_1_debut
2022-06-15,C4_plus_intense,2022-06-15_009_005,-16.125,14.625,9.231307983398438,1.2073591947555542,2.4699387550354004,8.023948788642883,True,False,moderee,tres humide,2022,6,15,166,Phase_1_debut,Debut de saison (Mai-Juin),Diourbel,Zone soudano-sahélienne,148.10556,4,plus_intense,Phase_1_debut
2022-06-15,C4_plus_intense,2022-06-15_009_006,-15.875,14.625,11.379712104797363,1.2470396757125854,2.688969612121582,10.132672429084778,True,False,moderee,tres humide,2022,6,15,166,Phase_1_debut,Debut de saison (Mai-Juin),Diourbel,Zone soudano-sahélienne,175.03384,4,plus_intense,Phase_1_debut
2022-06-15,C4_plus_intense,2022-06-15_009_007,-15.625,14.625,12.11860466003418,1.247940182685852,3.021523952484131,10.870664477348328,True,False,moderee,exceptionnelle,2022,6,15,166,Phase_1_debut,Debut de saison (Mai-Juin),Kaffrine,Zone soudano-sahélienne,201.96213,4,plus_intense,Phase_1_debut
2022-06-15,C4_plus_intense,2022-06-15_009_008,-15.375,14.625,15.20434856414795,1.235762357711792,3.9097132682800293,13.968586206436157,True,False,moderee,exceptionnelle,2022,6,15,166,Phase_1_debut,Debut de saison (Mai-Juin),Kaffrine,Zone soudano-sahélienne,228.8904,4,plus_intense,Phase_1_debut
2022-06-15,C4_plus_intense,2022-06-15_009_009,-15.125,14.625,16.895946502685547,1.145511507987976,4.7451171875,15.75043499469757,True,False,moderee,exceptionnelle,2022,6,15,166,Phase_1_debut,Debut de saison (Mai-Juin),Kaffrine,Zone soudano-sahélienne,255.8187,4,plus_intense,Phase_1_debut
2022-06-15,C4_plus_intense,2022-06-15_009_010,-14.875,14.625,20.464832305908203,1.362874984741211,5.026604175567627,19.101957321166992,True,True,forte,exceptionnelle,2022,6,15,166,Phase_1_debut,Debut de saison (Mai-Juin),Kaffrine,Zone soudano-sahélienne,282.74698,4,plus_intense,Phase_1_debut
2022-06-15,C4_plus_intense,2022-06-15_009_011,-14.625,14.625,23.201513290405273,1.5243464708328247,4.952651500701904,21.67716681957245,True,True,forte,exceptionnelle,2022,6,15,166,Phase_1_debut,Debut de saison (Mai-Juin),Kaffrine,Zone soudano-sahélienne,309.67526,4,plus_intense,Phase_1_debut
2022-06-15,C4_plus_intense,2022-06-15_009_012,-14.375,14.625,20.895225524902344,1.559264063835144,4.469508171081543,19.3359614610672,True,True,forte,exceptionnelle,2022,6,15,166,Phase_1_debut,Debut de saison (Mai-Juin),Tambacounda,Zone soudano-sahélienne,336.60355,4,plus_intense,Phase_1_debut
2022-06-15,C4_plus_intense,2022-06-15_009_013,-14.125,14.625,27.110248565673828,1.7434742450714111,4.87183952331543,25.366774320602417,True,True,forte,exceptionnelle,2022,6,15,166,Phase_1_debut,Debut de saison (Mai-Juin),Tambacounda,Zone soudano-sahélienne,363.5318,4,plus_intense,Phase_1_debut
2022-06-15,C4_plus_intense,2022-06-15_009_014,-13.875,14.625,32.706153869628906,2.1938071250915527,4.756370544433594,30.512346744537354,True,True,forte,exceptionnelle,2022,6,15,166,Phase_1_debut,Debut de saison (Mai-Juin),Tambacounda,Zone soudano-sahélienne,390.4601,4,plus_intense,Phase_1_debut
2022-06-15,C4_plus_intense,2022-06-15_009_015,-13.625,14.625,28.820653915405273,1.9519717693328857,4.837937831878662,26.868682146072388,True,True,forte,exceptionnelle,2022,6,15,166,Phase_1_debut,Debut de saison (Mai-Juin),Tambacounda,Zone soudano-sahélienne,417.38837,4,plus_intense,Phase_1_debut
2022-06-15,C4_plus_intense,2022-06-15_009_016,-13.375,14.625,27.14202880859375,1.9030749797821045,4.551477432250977,25.238953828811646,True,True,forte,exceptionnelle,2022,6,15,166,Phase_1_debut,Debut de saison (Mai-Juin),Tambacounda,Zone soudano-sahélienne,444.31668,4,plus_intense,Phase_1_debut
2022-06-15,C4_plus_intense,2022-06-15_009_017,-13.125,14.625,24.30495834350586,1.6877338886260986,4.3102288246154785,22.61722445487976,True,True,forte,exceptionnelle,2022,6,15,166,Phase_1_debut,Debut de saison (Mai-Juin),Tambacounda,Zone soudano-sahélienne,471.24493,4,plus_intense,Phase_1_debut
2022-06-15,C4_plus_intense,2022-06-15_009_018,-12.875,14.625,25.6026668548584,1.6457120180130005,4.752535820007324,23.956954836845398,True,True,forte,exceptionnelle,2022,6,15,166,Phase_1_debut,Debut de saison (Mai-Juin),Tambacounda,Zone soudano-sahélienne,498.17322,4,plus_intense,Phase_1_debut
2022-06-15,C4_plus_intense,2022-06-15_009_019,-12.625,14.625,23.544658660888672,1.66777503490448,4.61910343170166,21.876883625984192,True,True,forte,exceptionnelle,2022,6,15,166,Phase_1_debut,Debut de saison (Mai-Juin),Tambacounda,Zone soudano-sahélienne,525.1015,4,plus_intense,Phase_1_debut
2022-06-15,C4_plus_intense,2022-06-15_009_020,-12.375,14.625,17.127702713012695,1.4035937786102295,4.008491039276123,15.724108934402466,True,False,moderee,exceptionnelle,2022,6,15,166,Phase_1_debut,Debut de saison (Mai-Juin),Tambacounda,Zone soudano-sahélienne,552.0298,4,plus_intense,Phase_1_debut
2022-06-15,C4_plus_intense,2022-06-15_010_001,-17.125,14.875,0.0,0.08539766818284988,-0.19543029367923737,-0.08539766818284988,False,False,trace,normale,2022,6,15,166,Phase_1_debut,Debut de saison (Mai-Juin),Thiès,Zone soudano-sahélienne,40.346046,4,plus_intense,Phase_1_debut
2022-06-15,C4_plus_intense,2022-06-15_010_002,-16.875,14.875,0.17253345251083374,0.1335604190826416,0.07850378751754761,0.03897303342819214,False,False,trace,normale,2022,6,15,166,Phase_1_debut,Debut de saison (Mai-Juin),Thiès,Zone soudano-sahélienne,67.243416,4,plus_intense,Phase_1_debut
2022-06-15,C4_plus_intense,2022-06-15_010_003,-16.625,14.875,0.0,0.34678879380226135,-0.2823179364204407,-0.34678879380226135,False,False,trace,normale,2022,6,15,166,Phase_1_debut,Debut de saison (Mai-Juin),Thiès,Zone soudano-sahélienne,94.14078,4,plus_intense,Phase_1_debut
2022-06-15,C4_plus_intense,2022-06-15_010_004,-16.375,14.875,0.3288602828979492,0.47300586104393005,-0.09026336669921875,-0.14414557814598083,False,False,trace,normale,2022,6,15,166,Phase_1_debut,Debut de saison (Mai-Juin),Diourbel,Zone soudano-sahélienne,121.03815,4,plus_intense,Phase_1_debut
2022-06-15,C4_plus_intense,2022-06-15_010_005,-16.125,14.875,5.09106969833374,0.8585112690925598,1.6676462888717651,4.23255842924118,False,False,moderee,humide,2022,6,15,166,Phase_1_debut,Debut de saison (Mai-Juin),Diourbel,Zone soudano-sahélienne,147.93552,4,plus_intense,Phase_1_debut
2022-06-15,C4_plus_intense,2022-06-15_010_006,-15.875,14.875,7.7133564949035645,1.086950659751892,2.1186604499816895,6.626405835151672,True,False,moderee,tres humide,2022,6,15,166,Phase_1_debut,Debut de saison (Mai-Juin),Diourbel,Zone soudano-sahélienne,174.83289,4,plus_intense,Phase_1_debut
2022-06-15,C4_plus_intense,2022-06-15_010_007,-15.625,14.875,9.573076248168945,1.0065968036651611,2.7013299465179443,8.566479444503784,True,False,moderee,tres humide,2022,6,15,166,Phase_1_debut,Debut de saison (Mai-Juin),Diourbel,Zone soudano-sahélienne,201.73026,4,plus_intense,Phase_1_debut
2022-06-15,C4_plus_intense,2022-06-15_010_008,-15.375,14.875,11.693719863891602,1.017958402633667,3.504364490509033,10.675761461257935,True,False,moderee,exceptionnelle,2022,6,15,166,Phase_1_debut,Debut de saison (Mai-Juin),Kaffrine,Zone soudano-sahélienne,228.62761,4,plus_intense,Phase_1_debut
2022-06-15,C4_plus_intense,2022-06-15_010_009,-15.125,14.875,14.235438346862793,0.8980029821395874,4.41871452331543,13.337435364723206,True,False,moderee,exceptionnelle,2022,6,15,166,Phase_1_debut,Debut de saison (Mai-Juin),Kaffrine,Zone soudano-sahélienne,255.525,4,plus_intense,Phase_1_debut
2022-06-15,C4_plus_intense,2022-06-15_010_010,-14.875,14.875,15.139368057250977,0.8895283341407776,5.146410942077637,14.249839723110199,True,False,moderee,exceptionnelle,2022,6,15,166,Phase_1_debut,Debut de saison (Mai-Juin),Kaffrine,Zone soudano-sahélienne,282.42233,4,plus_intense,Phase_1_debut
2022-06-15,C4_plus_intense,2022-06-15_010_011,-14.625,14.875,15.656503677368164,0.8477005958557129,5.277578353881836,14.808803081512451,True,False,moderee,exceptionnelle,2022,6,15,166,Phase_1_debut,Debut de saison (Mai-Juin),Kaffrine,Zone soudano-sahélienne,309.31973,4,plus_intense,Phase_1_debut
2022-06-15,C4_plus_intense,2022-06-15_010_012,-14.375,14.875,15.188010215759277,0.8871088027954102,4.777827262878418,14.300901412963867,True,False,moderee,exceptionnelle,2022,6,15,166,Phase_1_debut,Debut de saison (Mai-Juin),Tambacounda,Zone soudano-sahélienne,336.21707,4,plus_intense,Phase_1_debut
2022-06-15,C4_plus_intense,2022-06-15_010_013,-14.125,14.875,17.928382873535156,1.0613009929656982,4.861763000488281,16.867081880569458,True,False,moderee,exceptionnelle,2022,6,15,166,Phase_1_debut,Debut de saison (Mai-Juin),Matam,Zone soudano-sahélienne,363.11444,4,plus_intense,Phase_1_debut
2022-06-15,C4_plus_intense,2022-06-15_010_014,-13.875,14.875,23.871051788330078,1.4269527196884155,4.977025032043457,22.444099068641663,True,True,forte,exceptionnelle,2022,6,15,166,Phase_1_debut,Debut de saison (Mai-Juin),Matam,Zone soudano-sahélienne,390.0118,4,plus_intense,Phase_1_debut
2022-06-15,C4_plus_intense,2022-06-15_010_015,-13.625,14.875,25.804616928100586,1.6851712465286255,4.825784206390381,24.11944568157196,True,True,forte,exceptionnelle,2022,6,15,166,Phase_1_debut,Debut de saison (Mai-Juin),Matam,Zone soudano-sahélienne,416.90918,4,plus_intense,Phase_1_debut
2022-06-15,C4_plus_intense,2022-06-15_010_016,-13.375,14.875,22.465059280395508,1.4267371892929077,4.805567741394043,21.0383220911026,True,True,forte,exceptionnelle,2022,6,15,166,Phase_1_debut,Debut de saison (Mai-Juin),Matam,Zone soudano-sahélienne,443.80655,4,plus_intense,Phase_1_debut
2022-06-15,C4_plus_intense,2022-06-15_010_017,-13.125,14.875,21.689912796020508,1.2964868545532227,5.1039886474609375,20.393425941467285,True,True,forte,exceptionnelle,2022,6,15,166,Phase_1_debut,Debut de saison (Mai-Juin),Matam,Zone soudano-sahélienne,470.7039,4,plus_intense,Phase_1_debut
2022-06-15,C4_plus_intense,2022-06-15_010_018,-12.875,14.875,24.159584045410156,1.4647226333618164,4.7193450927734375,22.69486141204834,True,True,forte,exceptionnelle,2022,6,15,166,Phase_1_debut,Debut de saison (Mai-Juin),Matam,Zone soudano-sahélienne,497.60126,4,plus_intense,Phase_1_debut
2022-06-15,C4_plus_intense,2022-06-15_010_019,-12.625,14.875,20.16201400756836,1.4634308815002441,4.033316612243652,18.698583126068115,True,True,forte,exceptionnelle,2022,6,15,166,Phase_1_debut,Debut de saison (Mai-Juin),Matam,Zone soudano-sahélienne,524.49866,4,plus_intense,Phase_1_debut
2022-06-15,C4_plus_intense,2022-06-15_011_002,-16.875,15.125,0.0,0.05351044982671738,-0.28174132108688354,-0.05351044982671738,False,False,trace,normale,2022,6,15,166,Phase_1_debut,Debut de saison (Mai-Juin),Thiès,Zone soudano-sahélienne,67.16484,4,plus_intense,Phase_1_debut
2022-06-15,C4_plus_intense,2022-06-15_011_003,-16.625,15.125,0.0,0.2584410309791565,-0.2570028007030487,-0.2584410309791565,False,False,trace,normale,2022,6,15,166,Phase_1_debut,Debut de saison (Mai-Juin),Thiès,Zone soudano-sahélienne,94.03078,4,plus_intense,Phase_1_debut
2022-06-15,C4_plus_intense,2022-06-15_011_004,-16.375,15.125,0.0,0.2779248058795929,-0.2753349840641022,-0.2779248058795929,False,False,trace,normale,2022,6,15,166,Phase_1_debut,Debut de saison (Mai-Juin),Louga,Zone soudano-sahélienne,120.89671,4,plus_intense,Phase_1_debut
2022-06-15,C4_plus_intense,2022-06-15_011_005,-16.125,15.125,0.0,0.535560667514801,-0.2890647053718567,-0.535560667514801,False,False,trace,normale,2022,6,15,166,Phase_1_debut,Debut de saison (Mai-Juin),Louga,Zone soudano-sahélienne,147.76265,4,plus_intense,Phase_1_debut
2022-06-15,C4_plus_intense,2022-06-15_011_006,-15.875,15.125,0.0,0.6182242631912231,-0.2921102046966553,-0.6182242631912231,False,False,trace,normale,2022,6,15,166,Phase_1_debut,Debut de saison (Mai-Juin),Louga,Zone soudano-sahélienne,174.6286,4,plus_intense,Phase_1_debut
2022-06-15,C4_plus_intense,2022-06-15_011_007,-15.625,15.125,5.253262519836426,1.037173867225647,1.2919230461120605,4.216088652610779,False,False,moderee,humide,2022,6,15,166,Phase_1_debut,Debut de saison (Mai-Juin),Louga,Zone soudano-sahélienne,201.49454,4,plus_intense,Phase_1_debut
2022-06-15,C4_plus_intense,2022-06-15_011_008,-15.375,15.125,11.037484169006348,0.9770779013633728,3.363671064376831,10.060406267642975,True,False,moderee,exceptionnelle,2022,6,15,166,Phase_1_debut,Debut de saison (Mai-Juin),Louga,Zone soudano-sahélienne,228.36046,4,plus_intense,Phase_1_debut
2022-06-15,C4_plus_intense,2022-06-15_011_009,-15.125,15.125,11.679717063903809,0.6999938488006592,4.813447952270508,10.97972321510315,True,False,moderee,exceptionnelle,2022,6,15,166,Phase_1_debut,Debut de saison (Mai-Juin),Kaffrine,Zone soudano-sahélienne,255.22641,4,plus_intense,Phase_1_debut
2022-06-15,C4_plus_intense,2022-06-15_011_010,-14.875,15.125,13.945108413696289,0.5539413690567017,5.902905464172363,13.391167044639587,True,False,moderee,exceptionnelle,2022,6,15,166,Phase_1_debut,Debut de saison (Mai-Juin),Kaffrine,Zone soudano-sahélienne,282.09235,4,plus_intense,Phase_1_debut
2022-06-15,C4_plus_intense,2022-06-15_011_011,-14.625,15.125,14.203673362731934,0.7230230569839478,5.185276985168457,13.480650305747986,True,False,moderee,exceptionnelle,2022,6,15,166,Phase_1_debut,Debut de saison (Mai-Juin),Kaffrine,Zone soudano-sahélienne,308.95828,4,plus_intense,Phase_1_debut
2022-06-15,C4_plus_intense,2022-06-15_011_012,-14.375,15.125,14.129382133483887,0.7963066101074219,4.505064964294434,13.333075523376465,True,False,moderee,exceptionnelle,2022,6,15,166,Phase_1_debut,Debut de saison (Mai-Juin),Matam,Zone soudano-sahélienne,335.82422,4,plus_intense,Phase_1_debut
2022-06-15,C4_plus_intense,2022-06-15_011_013,-14.125,15.125,16.089950561523438,0.9602762460708618,4.302212238311768,15.129674315452576,True,False,moderee,exceptionnelle,2022,6,15,166,Phase_1_debut,Debut de saison (Mai-Juin),Matam,Zone soudano-sahélienne,362.69012,4,plus_intense,Phase_1_debut
2022-06-15,C4_plus_intense,2022-06-15_011_014,-13.875,15.125,19.56661033630371,1.074548363685608,4.5623955726623535,18.492061972618103,True,False,moderee,exceptionnelle,2022,6,15,166,Phase_1_debut,Debut de saison (Mai-Juin),Matam,Zone soudano-sahélienne,389.5561,4,plus_intense,Phase_1_debut
2022-06-15,C4_plus_intense,2022-06-15_011_015,-13.625,15.125,24.316370010375977,1.495311975479126,4.358465194702148,22.82105803489685,True,True,forte,exceptionnelle,2022,6,15,166,Phase_1_debut,Debut de saison (Mai-Juin),Matam,Zone soudano-sahélienne,416.42203,4,plus_intense,Phase_1_debut
2022-06-15,C4_plus_intense,2022-06-15_011_016,-13.375,15.125,19.822586059570312,1.3317714929580688,4.048486709594727,18.490814566612244,True,False,moderee,exceptionnelle,2022,6,15,166,Phase_1_debut,Debut de saison (Mai-Juin),Matam,Zone soudano-sahélienne,443.28796,4,plus_intense,Phase_1_debut
2022-06-15,C4_plus_intense,2022-06-15_011_017,-13.125,15.125,17.415790557861328,1.341377854347229,3.58842134475708,16.0744127035141,True,False,moderee,exceptionnelle,2022,6,15,166,Phase_1_debut,Debut de saison (Mai-Juin),Matam,Zone soudano-sahélienne,470.1539,4,plus_intense,Phase_1_debut
2022-06-15,C4_plus_intense,2022-06-15_011_018,-12.875,15.125,15.535983085632324,1.2196990251541138,4.08589506149292,14.31628406047821,True,False,moderee,exceptionnelle,2022,6,15,166,Phase_1_debut,Debut de saison (Mai-Juin),Matam,Zone soudano-sahélienne,497.0198,4,plus_intense,Phase_1_debut
2022-06-15,C4_plus_intense,2022-06-15_012_003,-16.625,15.375,0.0,0.17131277918815613,-0.2737768590450287,-0.17131277918815613,False,False,trace,normale,2022,6,15,166,Phase_1_debut,Debut de saison (Mai-Juin),Louga,Zone soudano-sahélienne,93.91899,4,plus_intense,Phase_1_debut
2022-06-15,C4_plus_intense,2022-06-15_012_004,-16.375,15.375,0.5811618566513062,0.209919735789299,0.4658189117908478,0.37124212086200714,False,False,trace,normale,2022,6,15,166,Phase_1_debut,Debut de saison (Mai-Juin),Louga,Zone soudano-sahélienne,120.75298,4,plus_intense,Phase_1_debut
2022-06-15,C4_plus_intense,2022-06-15_012_005,-16.125,15.375,0.0,0.3037891983985901,-0.32804280519485474,-0.3037891983985901,False,False,trace,normale,2022,6,15,166,Phase_1_debut,Debut de saison (Mai-Juin),Louga,Zone soudano-sahélienne,147.58699,4,plus_intense,Phase_1_debut
2022-06-15,C4_plus_intense,2022-06-15_012_006,-15.875,15.375,0.0,0.3423204720020294,-0.31461894512176514,-0.3423204720020294,False,False,trace,normale,2022,6,15,166,Phase_1_debut,Debut de saison (Mai-Juin),Louga,Zone soudano-sahélienne,174.42099,4,plus_intense,Phase_1_debut
2022-06-15,C4_plus_intense,2022-06-15_012_007,-15.625,15.375,0.0,0.5983930826187134,-0.2856716513633728,-0.5983930826187134,False,False,trace,normale,2022,6,15,166,Phase_1_debut,Debut de saison (Mai-Juin),Louga,Zone soudano-sahélienne,201.25497,4,plus_intense,Phase_1_debut
2022-06-15,C4_plus_intense,2022-06-15_012_008,-15.375,15.375,5.911483287811279,0.6807383894920349,2.3801112174987793,5.230744898319244,True,False,moderee,tres humide,2022,6,15,166,Phase_1_debut,Debut de saison (Mai-Juin),Louga,Zone soudano-sahélienne,228.08896,4,plus_intense,Phase_1_debut
2022-06-15,C4_plus_intense,2022-06-15_012_009,-15.125,15.375,12.882909774780273,0.7217699289321899,4.904416561126709,12.161139845848083,True,False,moderee,exceptionnelle,2022,6,15,166,Phase_1_debut,Debut de saison (Mai-Juin),Louga,Zone soudano-sahélienne,254.92297,4,plus_intense,Phase_1_debut
2022-06-15,C4_plus_intense,2022-06-15_012_010,-14.875,15.375,13.972020149230957,0.5522186160087585,5.7002973556518555,13.419801533222198,True,False,moderee,exceptionnelle,2022,6,15,166,Phase_1_debut,Debut de saison (Mai-Juin),Louga,Zone soudano-sahélienne,281.75696,4,plus_intense,Phase_1_debut
2022-06-15,C4_plus_intense,2022-06-15_012_011,-14.625,15.375,13.120209693908691,0.508637011051178,5.5282721519470215,12.611572682857513,True,False,moderee,exceptionnelle,2022,6,15,166,Phase_1_debut,Debut de saison (Mai-Juin),Matam,Zone soudano-sahélienne,308.59097,4,plus_intense,Phase_1_debut
2022-06-15,C4_plus_intense,2022-06-15_012_012,-14.375,15.375,13.494675636291504,0.6802095174789429,4.911386013031006,12.814466118812561,True,False,moderee,exceptionnelle,2022,6,15,166,Phase_1_debut,Debut de saison (Mai-Juin),Matam,Zone soudano-sahélienne,335.42496,4,plus_intense,Phase_1_debut
2022-06-15,C4_plus_intense,2022-06-15_012_013,-14.125,15.375,16.583295822143555,0.9512923359870911,4.324465751647949,15.632003486156464,True,False,moderee,exceptionnelle,2022,6,15,166,Phase_1_debut,Debut de saison (Mai-Juin),Matam,Zone soudano-sahélienne,362.25894,4,plus_intense,Phase_1_debut
2022-06-15,C4_plus_intense,2022-06-15_012_014,-13.875,15.375,20.28733253479004,1.1556274890899658,4.048270225524902,19.131705045700073,True,True,forte,exceptionnelle,2022,6,15,166,Phase_1_debut,Debut de saison (Mai-Juin),Matam,Zone soudano-sahélienne,389.09296,4,plus_intense,Phase_1_debut
2022-06-15,C4_plus_intense,2022-06-15_012_015,-13.625,15.375,21.623634338378906,1.3741110563278198,3.8951964378356934,20.249523282051086,True,True,forte,exceptionnelle,2022,6,15,166,Phase_1_debut,Debut de saison (Mai-Juin),Matam,Zone soudano-sahélienne,415.92694,4,plus_intense,Phase_1_debut
2022-06-15,C4_plus_intense,2022-06-15_012_016,-13.375,15.375,17.595853805541992,1.2762136459350586,3.556143045425415,16.319640159606934,True,False,moderee,exceptionnelle,2022,6,15,166,Phase_1_debut,Debut de saison (Mai-Juin),Matam,Zone soudano-sahélienne,442.76096,4,plus_intense,Phase_1_debut
2022-06-15,C4_plus_intense,2022-06-15_012_017,-13.125,15.375,13.217342376708984,1.125752329826355,3.083031415939331,12.09159004688263,True,False,moderee,exceptionnelle,2022,6,15,166,Phase_1_debut,Debut de saison (Mai-Juin),Matam,Zone soudano-sahélienne,469.59494,4,plus_intense,Phase_1_debut
2022-06-15,C4_plus_intense,2022-06-15_013_004,-16.375,15.625,1.2454137802124023,0.2148137241601944,1.5048449039459229,1.030600056052208,False,False,faible,humide,2022,6,15,166,Phase_1_debut,Debut de saison (Mai-Juin),Saint-Louis,Zone sahélienne,120.60696,4,plus_intense,Phase_1_debut
2022-06-15,C4_plus_intense,2022-06-15_013_005,-16.125,15.625,0.0,0.2055337131023407,-0.29513925313949585,-0.2055337131023407,False,False,trace,normale,2022,6,15,166,Phase_1_debut,Debut de saison (Mai-Juin),Saint-Louis,Zone sahélienne,147.40851,4,plus_intense,Phase_1_debut
2022-06-15,C4_plus_intense,2022-06-15_013_006,-15.875,15.625,0.0,0.1711229830980301,-0.27678632736206055,-0.1711229830980301,False,False,trace,normale,2022,6,15,166,Phase_1_debut,Debut de saison (Mai-Juin),Saint-Louis,Zone sahélienne,174.21005,4,plus_intense,Phase_1_debut
2022-06-15,C4_plus_intense,2022-06-15_013_007,-15.625,15.625,0.0,0.2662579417228699,-0.29439783096313477,-0.2662579417228699,False,False,trace,normale,2022,6,15,166,Phase_1_debut,Debut de saison (Mai-Juin),Saint-Louis,Zone sahélienne,201.0116,4,plus_intense,Phase_1_debut
2022-06-15,C4_plus_intense,2022-06-15_013_008,-15.375,15.625,0.7645896673202515,0.35275882482528687,0.37922829389572144,0.4118308424949646,False,False,trace,normale,2022,6,15,166,Phase_1_debut,Debut de saison (Mai-Juin),Louga,Zone sahélienne,227.81313,4,plus_intense,Phase_1_debut
2022-06-15,C4_plus_intense,2022-06-15_013_009,-15.125,15.625,8.684279441833496,0.49358588457107544,5.2253851890563965,8.19069355726242,True,False,moderee,exceptionnelle,2022,6,15,166,Phase_1_debut,Debut de saison (Mai-Juin),Louga,Zone sahélienne,254.6147,4,plus_intense,Phase_1_debut
2022-06-15,C4_plus_intense,2022-06-15_013_010,-14.875,15.625,10.005026817321777,0.4278072118759155,5.790866851806641,9.577219605445862,True,False,moderee,exceptionnelle,2022,6,15,166,Phase_1_debut,Debut de saison (Mai-Juin),Louga,Zone sahélienne,281.41623,4,plus_intense,Phase_1_debut
2022-06-15,C4_plus_intense,2022-06-15_013_011,-14.625,15.625,9.005640029907227,0.37037646770477295,5.4194817543029785,8.635263562202454,True,False,moderee,exceptionnelle,2022,6,15,166,Phase_1_debut,Debut de saison (Mai-Juin),Matam,Zone sahélienne,308.21777,4,plus_intense,Phase_1_debut
2022-06-15,C4_plus_intense,2022-06-15_013_012,-14.375,15.625,10.3338041305542,0.4347875714302063,5.4868669509887695,9.899016559123993,True,False,moderee,exceptionnelle,2022,6,15,166,Phase_1_debut,Debut de saison (Mai-Juin),Matam,Zone sahélienne,335.01932,4,plus_intense,Phase_1_debut
2022-06-15,C4_plus_intense,2022-06-15_013_013,-14.125,15.625,13.604065895080566,0.6781547665596008,4.963412284851074,12.925911128520966,True,False,moderee,exceptionnelle,2022,6,15,166,Phase_1_debut,Debut de saison (Mai-Juin),Matam,Zone sahélienne,361.82086,4,plus_intense,Phase_1_debut
2022-06-15,C4_plus_intense,2022-06-15_013_014,-13.875,15.625,14.665201187133789,0.9014073014259338,3.8273935317993164,13.763793885707855,True,False,moderee,exceptionnelle,2022,6,15,166,Phase_1_debut,Debut de saison (Mai-Juin),Matam,Zone sahélienne,388.6224,4,plus_intense,Phase_1_debut
2022-06-15,C4_plus_intense,2022-06-15_013_015,-13.625,15.625,15.720348358154297,0.9431033730506897,3.859140634536743,14.777244985103607,True,False,moderee,exceptionnelle,2022,6,15,166,Phase_1_debut,Debut de saison (Mai-Juin),Matam,Zone sahélienne,415.42395,4,plus_intense,Phase_1_debut
2022-06-15,C4_plus_intense,2022-06-15_013_016,-13.375,15.625,14.428417205810547,1.0860254764556885,2.7970142364501953,13.342391729354858,True,False,moderee,tres humide,2022,6,15,166,Phase_1_debut,Debut de saison (Mai-Juin),Matam,Zone sahélienne,442.22552,4,plus_intense,Phase_1_debut
2022-06-15,C4_plus_intense,2022-06-15_014_004,-16.375,15.875,0.7187026143074036,0.10237937420606613,2.0105457305908203,0.6163232401013374,True,False,trace,tres humide,2022,6,15,166,Phase_1_debut,Debut de saison (Mai-Juin),Saint-Louis,Zone sahélienne,120.45863,4,plus_intense,Phase_1_debut
2022-06-15,C4_plus_intense,2022-06-15_014_005,-16.125,15.875,0.7957277894020081,0.07564987242221832,2.8247263431549072,0.7200779169797897,True,False,trace,tres humide,2022,6,15,166,Phase_1_debut,Debut de saison (Mai-Juin),Saint-Louis,Zone sahélienne,147.22722,4,plus_intense,Phase_1_debut
2022-06-15,C4_plus_intense,2022-06-15_014_006,-15.875,15.875,0.7281935214996338,0.1004757359623909,1.7408998012542725,0.6277177855372429,False,False,trace,humide,2022,6,15,166,Phase_1_debut,Debut de saison (Mai-Juin),Saint-Louis,Zone sahélienne,173.9958,4,plus_intense,Phase_1_debut
2022-06-15,C4_plus_intense,2022-06-15_014_007,-15.625,15.875,0.08599238097667694,0.14989802241325378,-0.10924356430768967,-0.06390564143657684,False,False,trace,normale,2022,6,15,166,Phase_1_debut,Debut de saison (Mai-Juin),Saint-Louis,Zone sahélienne,200.76439,4,plus_intense,Phase_1_debut
2022-06-15,C4_plus_intense,2022-06-15_014_008,-15.375,15.875,0.3263760507106781,0.17084702849388123,0.21390795707702637,0.15552902221679688,False,False,trace,normale,2022,6,15,166,Phase_1_debut,Debut de saison (Mai-Juin),Louga,Zone sahélienne,227.53297,4,plus_intense,Phase_1_debut
2022-06-15,C4_plus_intense,2022-06-15_014_009,-15.125,15.875,2.2935166358947754,0.16566549241542816,4.291524410247803,2.1278511434793472,True,False,faible,exceptionnelle,2022,6,15,166,Phase_1_debut,Debut de saison (Mai-Juin),Louga,Zone sahélienne,254.30157,4,plus_intense,Phase_1_debut
2022-06-15,C4_plus_intense,2022-06-15_014_010,-14.875,15.875,4.8523054122924805,0.28965285420417786,4.694648265838623,4.562652558088303,True,False,faible,exceptionnelle,2022,6,15,166,Phase_1_debut,Debut de saison (Mai-Juin),Louga,Zone sahélienne,281.07013,4,plus_intense,Phase_1_debut
2022-06-15,C4_plus_intense,2022-06-15_014_011,-14.625,15.875,5.163112163543701,0.2549208402633667,5.19989013671875,4.9081913232803345,True,False,moderee,exceptionnelle,2022,6,15,166,Phase_1_debut,Debut de saison (Mai-Juin),Matam,Zone sahélienne,307.83875,4,plus_intense,Phase_1_debut
2022-06-15,C4_plus_intense,2022-06-15_014_012,-14.375,15.875,6.589544296264648,0.2218063771724701,6.108954429626465,6.367737919092178,True,False,moderee,exceptionnelle,2022,6,15,166,Phase_1_debut,Debut de saison (Mai-Juin),Matam,Zone sahélienne,334.60733,4,plus_intense,Phase_1_debut
2022-06-15,C4_plus_intense,2022-06-15_014_013,-14.125,15.875,8.361278533935547,0.3078513741493225,5.9852213859558105,8.053427159786224,True,False,moderee,exceptionnelle,2022,6,15,166,Phase_1_debut,Debut de saison (Mai-Juin),Matam,Zone sahélienne,361.3759,4,plus_intense,Phase_1_debut
2022-06-15,C4_plus_intense,2022-06-15_014_014,-13.875,15.875,8.808348655700684,0.35128504037857056,5.7923502922058105,8.457063615322113,True,False,moderee,exceptionnelle,2022,6,15,166,Phase_1_debut,Debut de saison (Mai-Juin),Matam,Zone sahélienne,388.1445,4,plus_intense,Phase_1_debut
2022-06-15,C4_plus_intense,2022-06-15_014_015,-13.625,15.875,7.739767551422119,0.5267971754074097,3.3745853900909424,7.2129703760147095,True,False,moderee,exceptionnelle,2022,6,15,166,Phase_1_debut,Debut de saison (Mai-Juin),Matam,Zone sahélienne,414.91306,4,plus_intense,Phase_1_debut
2022-06-15,C4_plus_intense,2022-06-15_014_016,-13.375,15.875,8.962352752685547,0.7386735677719116,2.4642245769500732,8.223679184913635,True,False,moderee,tres humide,2022,6,15,166,Phase_1_debut,Debut de saison (Mai-Juin),Matam,Zone sahélienne,441.68167,4,plus_intense,Phase_1_debut
2022-06-15,C4_plus_intense,2022-06-15_015_004,-16.375,16.125,0.8779577612876892,0.02853778935968876,6.042090892791748,0.8494199719280005,True,False,trace,exceptionnelle,2022,6,15,166,Phase_1_debut,Debut de saison (Mai-Juin),Saint-Louis,Zone sahélienne,120.308014,4,plus_intense,Phase_1_debut
2022-06-15,C4_plus_intense,2022-06-15_015_005,-16.125,16.125,0.4113050401210785,0.02015921100974083,5.010083198547363,0.39114582911133766,True,False,trace,exceptionnelle,2022,6,15,166,Phase_1_debut,Debut de saison (Mai-Juin),Saint-Louis,Zone sahélienne,147.04314,4,plus_intense,Phase_1_debut
2022-06-15,C4_plus_intense,2022-06-15_015_006,-15.875,16.125,0.6346027255058289,0.11032311618328094,1.1541399955749512,0.5242796093225479,False,False,trace,humide,2022,6,15,166,Phase_1_debut,Debut de saison (Mai-Juin),Saint-Louis,Zone sahélienne,173.77824,4,plus_intense,Phase_1_debut
2022-06-15,C4_plus_intense,2022-06-15_015_007,-15.625,16.125,0.08458348363637924,0.06980045139789581,0.03324447572231293,0.014783032238483429,False,False,trace,normale,2022,6,15,166,Phase_1_debut,Debut de saison (Mai-Juin),Saint-Louis,Zone sahélienne,200.51337,4,plus_intense,Phase_1_debut
2022-06-15,C4_plus_intense,2022-06-15_015_008,-15.375,16.125,0.0,0.0852665975689888,-0.19093386828899384,-0.0852665975689888,False,False,trace,normale,2022,6,15,166,Phase_1_debut,Debut de saison (Mai-Juin),Louga,Zone sahélienne,227.24846,4,plus_intense,Phase_1_debut
2022-06-15,C4_plus_intense,2022-06-15_015_009,-15.125,16.125,0.0,0.04422130063176155,-0.2425415813922882,-0.04422130063176155,False,False,trace,normale,2022,6,15,166,Phase_1_debut,Debut de saison (Mai-Juin),Louga,Zone sahélienne,253.9836,4,plus_intense,Phase_1_debut
2022-06-15,C4_plus_intense,2022-06-15_015_010,-14.875,16.125,0.20103102922439575,0.05128645524382591,0.6927855610847473,0.14974457398056984,False,False,trace,normale,2022,6,15,166,Phase_1_debut,Debut de saison (Mai-Juin),Louga,Zone sahélienne,280.7187,4,plus_intense,Phase_1_debut
2022-06-15,C4_plus_intense,2022-06-15_015_011,-14.625,16.125,1.5030206441879272,0.06731759011745453,5.158532619476318,1.4357030540704727,True,False,faible,exceptionnelle,2022,6,15,166,Phase_1_debut,Debut de saison (Mai-Juin),Matam,Zone sahélienne,307.45383,4,plus_intense,Phase_1_debut
2022-06-15,C4_plus_intense,2022-06-15_015_012,-14.375,16.125,3.133700370788574,0.07904290407896042,6.382065773010254,3.054657466709614,True,False,faible,exceptionnelle,2022,6,15,166,Phase_1_debut,Debut de saison (Mai-Juin),Matam,Zone sahélienne,334.18893,4,plus_intense,Phase_1_debut
2022-06-15,C4_plus_intense,2022-06-15_015_013,-14.125,16.125,4.9880146980285645,0.15021365880966187,6.330292701721191,4.837801039218903,True,False,faible,exceptionnelle,2022,6,15,166,Phase_1_debut,Debut de saison (Mai-Juin),Matam,Zone sahélienne,360.92404,4,plus_intense,Phase_1_debut
2022-06-15,C4_plus_intense,2022-06-15_015_014,-13.875,16.125,5.455623626708984,0.42275336384773254,2.916139602661133,5.032870262861252,True,False,moderee,tres humide,2022,6,15,166,Phase_1_debut,Debut de saison (Mai-Juin),Matam,Zone sahélienne,387.65915,4,plus_intense,Phase_1_debut
2022-06-15,C4_plus_intense,2022-06-15_016_005,-16.125,16.375,0.8063054084777832,0.026759926229715347,5.8817524909973145,0.7795454822480679,True,False,trace,exceptionnelle,2022,6,15,166,Phase_1_debut,Debut de saison (Mai-Juin),Saint-Louis,Zone sahélienne,146.85623,4,plus_intense,Phase_1_debut
2022-06-15,C4_plus_intense,2022-06-15_016_006,-15.875,16.375,0.0,0.010358684696257114,-0.1525815725326538,-0.010358684696257114,False,False,trace,normale,2022,6,15,166,Phase_1_debut,Debut de saison (Mai-Juin),Saint-Louis,Zone sahélienne,173.55737,4,plus_intense,Phase_1_debut
2022-06-15,C4_plus_intense,2022-06-15_016_007,-15.625,16.375,0.0,0.010321255773305893,-0.15258729457855225,-0.010321255773305893,False,False,trace,normale,2022,6,15,166,Phase_1_debut,Debut de saison (Mai-Juin),Saint-Louis,Zone sahélienne,200.25851,4,plus_intense,Phase_1_debut
2022-06-15,C4_plus_intense,2022-06-15_016_008,-15.375,16.375,0.0,0.029566681012511253,-0.15252861380577087,-0.029566681012511253,False,False,trace,normale,2022,6,15,166,Phase_1_debut,Debut de saison (Mai-Juin),Louga,Zone sahélienne,226.95963,4,plus_intense,Phase_1_debut
2022-06-15,C4_plus_intense,2022-06-15_016_009,-15.125,16.375,0.0,0.03128766641020775,-0.28685078024864197,-0.03128766641020775,False,False,trace,normale,2022,6,15,166,Phase_1_debut,Debut de saison (Mai-Juin),Louga,Zone sahélienne,253.66078,4,plus_intense,Phase_1_debut
2022-06-15,C4_plus_intense,2022-06-15_016_010,-14.875,16.375,0.0,0.049717288464307785,-0.24905793368816376,-0.049717288464307785,False,False,trace,normale,2022,6,15,166,Phase_1_debut,Debut de saison (Mai-Juin),Louga,Zone sahélienne,280.3619,4,plus_intense,Phase_1_debut
2022-06-15,C4_plus_intense,2022-06-15_016_011,-14.625,16.375,0.0,0.02876102738082409,-0.2501225769519806,-0.02876102738082409,False,False,trace,normale,2022,6,15,166,Phase_1_debut,Debut de saison (Mai-Juin),Matam,Zone sahélienne,307.06305,4,plus_intense,Phase_1_debut
2022-06-15,C4_plus_intense,2022-06-15_016_012,-14.375,16.375,0.4856409430503845,0.02939862385392189,4.84556245803833,0.45624231919646263,True,False,trace,exceptionnelle,2022,6,15,166,Phase_1_debut,Debut de saison (Mai-Juin),Matam,Zone sahélienne,333.76416,4,plus_intense,Phase_1_debut
2022-06-15,C4_plus_intense,2022-06-15_016_013,-14.125,16.375,3.976203680038452,0.18750068545341492,4.987116813659668,3.7887029945850372,True,False,faible,exceptionnelle,2022,6,15,166,Phase_1_debut,Debut de saison (Mai-Juin),Matam,Zone sahélienne,360.4653,4,plus_intense,Phase_1_debut
2022-06-15,C4_plus_intense,2022-06-15_017_010,-14.875,16.625,0.0,0.08334578573703766,-0.23427629470825195,-0.08334578573703766,False,False,trace,normale,2022,6,15,166,Phase_1_debut,Debut de saison (Mai-Juin),Louga,Zone sahélienne,279.9998,4,plus_intense,Phase_1_debut
2022-06-15,C4_plus_intense,2022-06-15_017_011,-14.625,16.625,0.0,0.05863182619214058,-0.20074380934238434,-0.05863182619214058,False,False,trace,normale,2022,6,15,166,Phase_1_debut,Debut de saison (Mai-Juin),Matam,Zone sahélienne,306.66644,4,plus_intense,Phase_1_debut
2022-06-15,C4_plus_intense,2022-06-15_017_012,-14.375,16.625,2.510289192199707,0.1094006821513176,5.465281963348389,2.4008885100483894,True,False,faible,exceptionnelle,2022,6,15,166,Phase_1_debut,Debut de saison (Mai-Juin),Matam,Zone sahélienne,333.33307,4,plus_intense,Phase_1_debut
2022-05-28,C4_moins_intense,2022-05-28_000_003,-16.625,12.375,5.681921005249023,0.26462602615356445,5.518072128295898,5.417294979095459,True,False,moderee,exceptionnelle,2022,5,28,148,Phase_1_debut,Debut de saison (Mai-Juin),Ziguinchor,Zone soudanienne,95.14188,4,moins_intense,Phase_1_debut
2022-05-28,C4_moins_intense,2022-05-28_000_004,-16.375,12.375,6.473033905029297,0.37374868988990784,5.147146701812744,6.099285215139389,True,False,moderee,exceptionnelle,2022,5,28,148,Phase_1_debut,Debut de saison (Mai-Juin),Ziguinchor,Zone soudanienne,122.32527,4,moins_intense,Phase_1_debut
2022-05-28,C4_moins_intense,2022-05-28_000_020,-12.375,12.375,0.0,2.5185508728027344,-0.46617579460144043,-2.5185508728027344,False,False,trace,normale,2022,5,28,148,Phase_1_debut,Debut de saison (Mai-Juin),Kédougou,Zone soudanienne,557.2596,4,moins_intense,Phase_1_debut
2022-05-28,C4_moins_intense,2022-05-28_001_003,-16.625,12.625,4.674444675445557,0.22654573619365692,5.490692615509033,4.4478989392519,True,False,faible,exceptionnelle,2022,5,28,148,Phase_1_debut,Debut de saison (Mai-Juin),Ziguinchor,Zone soudanienne,95.04989,4,moins_intense,Phase_1_debut
2022-05-28,C4_moins_intense,2022-05-28_001_004,-16.375,12.625,4.947102069854736,0.3016209602355957,4.868724346160889,4.645481109619141,True,False,faible,exceptionnelle,2022,5,28,148,Phase_1_debut,Debut de saison (Mai-Juin),Ziguinchor,Zone soudanienne,122.20701,4,moins_intense,Phase_1_debut
2022-05-28,C4_moins_intense,2022-05-28_001_005,-16.125,12.625,4.185182094573975,0.32116106152534485,4.163283824920654,3.8640210330486298,True,False,faible,exceptionnelle,2022,5,28,148,Phase_1_debut,Debut de saison (Mai-Juin),Sédhiou,Zone soudanienne,149.36412,4,moins_intense,Phase_1_debut
2022-05-28,C4_moins_intense,2022-05-28_001_006,-15.875,12.625,4.376769542694092,0.5396386384963989,2.88732647895813,3.837130904197693,True,False,faible,tres humide,2022,5,28,148,Phase_1_debut,Debut de saison (Mai-Juin),Sédhiou,Zone soudanienne,176.52124,4,moins_intense,Phase_1_debut
2022-05-28,C4_moins_intense,2022-05-28_001_007,-15.625,12.625,5.642996788024902,0.7389289736747742,2.9932327270507812,4.904067814350128,True,False,moderee,tres humide,2022,5,28,148,Phase_1_debut,Debut de saison (Mai-Juin),Sédhiou,Zone soudanienne,203.67834,4,moins_intense,Phase_1_debut
2022-05-28,C4_moins_intense,2022-05-28_001_008,-15.375,12.625,5.158560752868652,0.8098328113555908,2.555389165878296,4.3487279415130615,True,False,moderee,tres humide,2022,5,28,148,Phase_1_debut,Debut de saison (Mai-Juin),Kolda,Zone soudanienne,230.83545,4,moins_intense,Phase_1_debut
2022-05-28,C4_moins_intense,2022-05-28_001_018,-12.875,12.625,0.0,2.2217748165130615,-0.5036957859992981,-2.2217748165130615,False,False,trace,normale,2022,5,28,148,Phase_1_debut,Debut de saison (Mai-Juin),Kédougou,Zone soudanienne,502.40656,4,moins_intense,Phase_1_debut
2022-05-28,C4_moins_intense,2022-05-28_001_019,-12.625,12.625,0.0,2.010498285293579,-0.46137645840644836,-2.010498285293579,False,False,trace,normale,2022,5,28,148,Phase_1_debut,Debut de saison (Mai-Juin),Kédougou,Zone soudanienne,529.56366,4,moins_intense,Phase_1_debut
2022-05-28,C4_moins_intense,2022-05-28_001_020,-12.375,12.625,0.0,1.9834651947021484,-0.45426487922668457,-1.9834651947021484,False,False,trace,normale,2022,5,28,148,Phase_1_debut,Debut de saison (Mai-Juin),Kédougou,Zone soudanienne,556.7208,4,moins_intense,Phase_1_debut
2022-05-28,C4_moins_intense,2022-05-28_001_021,-12.125,12.625,2.256669044494629,2.021355152130127,0.05290563032031059,0.23531389236450195,False,False,faible,normale,2022,5,28,148,Phase_1_debut,Debut de saison (Mai-Juin),Kédougou,Zone soudanienne,583.87787,4,moins_intense,Phase_1_debut
2022-05-28,C4_moins_intense,2022-05-28_001_022,-11.875,12.625,0.0,2.190408229827881,-0.4726281464099884,-2.190408229827881,False,False,trace,normale,2022,5,28,148,Phase_1_debut,Debut de saison (Mai-Juin),Kédougou,Zone soudanienne,611.03503,4,moins_intense,Phase_1_debut
2022-05-28,C4_moins_intense,2022-05-28_001_023,-11.625,12.625,0.0,2.24727201461792,-0.5303995013237,-2.24727201461792,False,False,trace,normale,2022,5,28,148,Phase_1_debut,Debut de saison (Mai-Juin),Kédougou,Zone soudanienne,638.19214,4,moins_intense,Phase_1_debut
2022-05-28,C4_moins_intense,2022-05-28_002_003,-16.625,12.875,4.896535396575928,0.23378434777259827,5.784316539764404,4.6627510488033295,True,False,faible,exceptionnelle,2022,5,28,148,Phase_1_debut,Debut de saison (Mai-Juin),Ziguinchor,Zone soudanienne,94.95609,4,moins_intense,Phase_1_debut
2022-05-28,C4_moins_intense,2022-05-28_002_004,-16.375,12.875,5.039350509643555,0.2882051467895508,4.894966125488281,4.751145362854004,True,False,moderee,exceptionnelle,2022,5,28,148,Phase_1_debut,Debut de saison (Mai-Juin),Ziguinchor,Zone soudanienne,122.08641,4,moins_intense,Phase_1_debut
2022-05-28,C4_moins_intense,2022-05-28_002_005,-16.125,12.875,7.071170806884766,0.23797036707401276,6.1134934425354,6.833200439810753,True,False,moderee,exceptionnelle,2022,5,28,148,Phase_1_debut,Debut de saison (Mai-Juin),Sédhiou,Zone soudanienne,149.21672,4,moins_intense,Phase_1_debut
2022-05-28,C4_moins_intense,2022-05-28_002_006,-15.875,12.875,4.4401774406433105,0.2577390968799591,4.9339752197265625,4.182438343763351,True,False,faible,exceptionnelle,2022,5,28,148,Phase_1_debut,Debut de saison (Mai-Juin),Sédhiou,Zone soudanienne,176.34703,4,moins_intense,Phase_1_debut
2022-05-28,C4_moins_intense,2022-05-28_002_007,-15.625,12.875,5.342107772827148,0.4067395329475403,4.226223945617676,4.935368239879608,True,False,moderee,exceptionnelle,2022,5,28,148,Phase_1_debut,Debut de saison (Mai-Juin),Sédhiou,Zone soudanienne,203.47736,4,moins_intense,Phase_1_debut
2022-05-28,C4_moins_intense,2022-05-28_002_008,-15.375,12.875,6.047528266906738,0.855829656124115,2.79831600189209,5.191698610782623,True,False,moderee,tres humide,2022,5,28,148,Phase_1_debut,Debut de saison (Mai-Juin),Kolda,Zone soudanienne,230.60765,4,moins_intense,Phase_1_debut
2022-05-28,C4_moins_intense,2022-05-28_002_009,-15.125,12.875,5.6559672355651855,1.080756425857544,2.0617873668670654,4.575210809707642,True,False,moderee,tres humide,2022,5,28,148,Phase_1_debut,Debut de saison (Mai-Juin),Kolda,Zone soudanienne,257.73798,4,moins_intense,Phase_1_debut
2022-05-28,C4_moins_intense,2022-05-28_002_010,-14.875,12.875,6.347743988037109,1.5784251689910889,1.4476237297058105,4.7693188190460205,False,False,moderee,humide,2022,5,28,148,Phase_1_debut,Debut de saison (Mai-Juin),Kolda,Zone soudanienne,284.8683,4,moins_intense,Phase_1_debut
2022-05-28,C4_moins_intense,2022-05-28_002_011,-14.625,12.875,6.952458381652832,1.3658264875411987,1.7330886125564575,5.586631894111633,False,False,moderee,humide,2022,5,28,148,Phase_1_debut,Debut de saison (Mai-Juin),Kolda,Zone soudanienne,311.9986,4,moins_intense,Phase_1_debut
2022-05-28,C4_moins_intense,2022-05-28_002_012,-14.375,12.875,5.9342803955078125,1.3256046772003174,1.7279589176177979,4.608675718307495,False,False,moderee,humide,2022,5,28,148,Phase_1_debut,Debut de saison (Mai-Juin),Kolda,Zone soudanienne,339.1289,4,moins_intense,Phase_1_debut
2022-05-28,C4_moins_intense,2022-05-28_002_013,-14.125,12.875,3.883444309234619,1.4428380727767944,0.68119215965271,2.4406062364578247,False,False,faible,normale,2022,5,28,148,Phase_1_debut,Debut de saison (Mai-Juin),Kolda,Zone soudanienne,366.25922,4,moins_intense,Phase_1_debut
2022-05-28,C4_moins_intense,2022-05-28_002_014,-13.875,12.875,1.8377668857574463,1.408117651939392,0.11202017217874527,0.4296492338180542,False,False,faible,normale,2022,5,28,148,Phase_1_debut,Debut de saison (Mai-Juin),Tambacounda,Zone soudanienne,393.38953,4,moins_intense,Phase_1_debut
2022-05-28,C4_moins_intense,2022-05-28_002_015,-13.625,12.875,0.0,1.13013756275177,-0.3716515302658081,-1.13013756275177,False,False,trace,normale,2022,5,28,148,Phase_1_debut,Debut de saison (Mai-Juin),Tambacounda,Zone soudanienne,420.51984,4,moins_intense,Phase_1_debut
2022-05-28,C4_moins_intense,2022-05-28_002_016,-13.375,12.875,0.0,1.1563940048217773,-0.4568431079387665,-1.1563940048217773,False,False,trace,normale,2022,5,28,148,Phase_1_debut,Debut de saison (Mai-Juin),Tambacounda,Zone soudanienne,447.65018,4,moins_intense,Phase_1_debut
2022-05-28,C4_moins_intense,2022-05-28_002_017,-13.125,12.875,0.0,1.566861867904663,-0.568239688873291,-1.566861867904663,False,False,trace,normale,2022,5,28,148,Phase_1_debut,Debut de saison (Mai-Juin),Kédougou,Zone soudanienne,474.78046,4,moins_intense,Phase_1_debut
2022-05-28,C4_moins_intense,2022-05-28_002_018,-12.875,12.875,0.0,1.8430041074752808,-0.5701700448989868,-1.8430041074752808,False,False,trace,normale,2022,5,28,148,Phase_1_debut,Debut de saison (Mai-Juin),Kédougou,Zone soudanienne,501.91077,4,moins_intense,Phase_1_debut
2022-05-28,C4_moins_intense,2022-05-28_002_019,-12.625,12.875,0.0,1.8495479822158813,-0.5351070165634155,-1.8495479822158813,False,False,trace,normale,2022,5,28,148,Phase_1_debut,Debut de saison (Mai-Juin),Kédougou,Zone soudanienne,529.0411,4,moins_intense,Phase_1_debut
2022-05-28,C4_moins_intense,2022-05-28_002_020,-12.375,12.875,0.0,1.8515115976333618,-0.49451905488967896,-1.8515115976333618,False,False,trace,normale,2022,5,28,148,Phase_1_debut,Debut de saison (Mai-Juin),Kédougou,Zone soudanienne,556.17145,4,moins_intense,Phase_1_debut
2022-05-28,C4_moins_intense,2022-05-28_002_021,-12.125,12.875,0.0,1.7124037742614746,-0.447066068649292,-1.7124037742614746,False,False,trace,normale,2022,5,28,148,Phase_1_debut,Debut de saison (Mai-Juin),Kédougou,Zone soudanienne,583.3017,4,moins_intense,Phase_1_debut
2022-05-28,C4_moins_intense,2022-05-28_002_022,-11.875,12.875,0.0,1.5134419202804565,-0.4134097099304199,-1.5134419202804565,False,False,trace,normale,2022,5,28,148,Phase_1_debut,Debut de saison (Mai-Juin),Kédougou,Zone soudanienne,610.432,4,moins_intense,Phase_1_debut
2022-05-28,C4_moins_intense,2022-05-28_002_023,-11.625,12.875,0.0,1.574066162109375,-0.4419524371623993,-1.574066162109375,False,False,trace,normale,2022,5,28,148,Phase_1_debut,Debut de saison (Mai-Juin),Kédougou,Zone soudanienne,637.5624,4,moins_intense,Phase_1_debut
2022-05-28,C4_moins_intense,2022-05-28_003_003,-16.625,13.125,3.437721014022827,0.10343169420957565,6.217710971832275,3.3342893198132515,True,False,faible,exceptionnelle,2022,5,28,148,Phase_1_debut,Debut de saison (Mai-Juin),Ziguinchor,Zone soudanienne,94.86048,4,moins_intense,Phase_1_debut
2022-05-28,C4_moins_intense,2022-05-28_003_004,-16.375,13.125,6.538658618927002,0.38994741439819336,5.6538262367248535,6.148711204528809,True,False,moderee,exceptionnelle,2022,5,28,148,Phase_1_debut,Debut de saison (Mai-Juin),Ziguinchor,Zone soudanienne,121.96348,4,moins_intense,Phase_1_debut
2022-05-28,C4_moins_intense,2022-05-28_003_005,-16.125,13.125,6.740413188934326,0.25685709714889526,6.034517765045166,6.483556091785431,True,False,moderee,exceptionnelle,2022,5,28,148,Phase_1_debut,Debut de saison (Mai-Juin),Sédhiou,Zone soudanienne,149.06648,4,moins_intense,Phase_1_debut
2022-05-28,C4_moins_intense,2022-05-28_003_006,-15.875,13.125,4.318645477294922,0.18666134774684906,5.735629081726074,4.131984129548073,True,False,faible,exceptionnelle,2022,5,28,148,Phase_1_debut,Debut de saison (Mai-Juin),Sédhiou,Zone soudanienne,176.16948,4,moins_intense,Phase_1_debut
2022-05-28,C4_moins_intense,2022-05-28_003_007,-15.625,13.125,3.922121524810791,0.28843849897384644,4.508939743041992,3.6336830258369446,True,False,faible,exceptionnelle,2022,5,28,148,Phase_1_debut,Debut de saison (Mai-Juin),Sédhiou,Zone soudanienne,203.27248,4,moins_intense,Phase_1_debut
2022-05-28,C4_moins_intense,2022-05-28_003_008,-15.375,13.125,6.492542743682861,0.7520760893821716,2.9089906215667725,5.74046665430069,True,False,moderee,tres humide,2022,5,28,148,Phase_1_debut,Debut de saison (Mai-Juin),Kolda,Zone soudanienne,230.37546,4,moins_intense,Phase_1_debut
2022-05-28,C4_moins_intense,2022-05-28_003_009,-15.125,13.125,7.262307167053223,1.0158295631408691,2.5447633266448975,6.2464776039123535,True,False,moderee,tres humide,2022,5,28,148,Phase_1_debut,Debut de saison (Mai-Juin),Kolda,Zone soudanienne,257.47845,4,moins_intense,Phase_1_debut
2022-05-28,C4_moins_intense,2022-05-28_003_010,-14.875,13.125,7.267026901245117,1.2253588438034058,1.9399478435516357,6.041668057441711,False,False,moderee,humide,2022,5,28,148,Phase_1_debut,Debut de saison (Mai-Juin),Kolda,Zone soudanienne,284.58145,4,moins_intense,Phase_1_debut
2022-05-28,C4_moins_intense,2022-05-28_003_011,-14.625,13.125,8.306778907775879,1.3688912391662598,1.7881783246994019,6.937887668609619,False,False,moderee,humide,2022,5,28,148,Phase_1_debut,Debut de saison (Mai-Juin),Kolda,Zone soudanienne,311.68445,4,moins_intense,Phase_1_debut
2022-05-28,C4_moins_intense,2022-05-28_003_012,-14.375,13.125,6.090126991271973,0.9613576531410217,2.2078239917755127,5.128769338130951,True,False,moderee,tres humide,2022,5,28,148,Phase_1_debut,Debut de saison (Mai-Juin),Tambacounda,Zone soudanienne,338.78745,4,moins_intense,Phase_1_debut
2022-05-28,C4_moins_intense,2022-05-28_003_013,-14.125,13.125,5.630518913269043,1.2331639528274536,1.3285812139511108,4.397354960441589,False,False,moderee,humide,2022,5,28,148,Phase_1_debut,Debut de saison (Mai-Juin),Tambacounda,Zone soudanienne,365.89044,4,moins_intense,Phase_1_debut
2022-05-28,C4_moins_intense,2022-05-28_003_014,-13.875,13.125,4.4142961502075195,1.4513487815856934,0.7907719016075134,2.962947368621826,False,False,faible,normale,2022,5,28,148,Phase_1_debut,Debut de saison (Mai-Juin),Tambacounda,Zone soudanienne,392.99344,4,moins_intense,Phase_1_debut
2022-05-28,C4_moins_intense,2022-05-28_003_015,-13.625,13.125,0.0,1.0606865882873535,-0.3748372495174408,-1.0606865882873535,False,False,trace,normale,2022,5,28,148,Phase_1_debut,Debut de saison (Mai-Juin),Tambacounda,Zone soudanienne,420.09644,4,moins_intense,Phase_1_debut
2022-05-28,C4_moins_intense,2022-05-28_003_016,-13.375,13.125,0.0,0.9044725298881531,-0.407402366399765,-0.9044725298881531,False,False,trace,normale,2022,5,28,148,Phase_1_debut,Debut de saison (Mai-Juin),Tambacounda,Zone soudanienne,447.19943,4,moins_intense,Phase_1_debut
2022-05-28,C4_moins_intense,2022-05-28_003_017,-13.125,13.125,0.0,0.9970645308494568,-0.48355087637901306,-0.9970645308494568,False,False,trace,normale,2022,5,28,148,Phase_1_debut,Debut de saison (Mai-Juin),Tambacounda,Zone soudanienne,474.30243,4,moins_intense,Phase_1_debut
2022-05-28,C4_moins_intense,2022-05-28_003_018,-12.875,13.125,0.0,1.3448030948638916,-0.534942090511322,-1.3448030948638916,False,False,trace,normale,2022,5,28,148,Phase_1_debut,Debut de saison (Mai-Juin),Tambacounda,Zone soudanienne,501.4054,4,moins_intense,Phase_1_debut
2022-05-28,C4_moins_intense,2022-05-28_003_019,-12.625,13.125,0.0,1.5543500185012817,-0.5214101076126099,-1.5543500185012817,False,False,trace,normale,2022,5,28,148,Phase_1_debut,Debut de saison (Mai-Juin),Tambacounda,Zone soudanienne,528.5084,4,moins_intense,Phase_1_debut
2022-05-28,C4_moins_intense,2022-05-28_003_020,-12.375,13.125,0.0,1.6074094772338867,-0.47812703251838684,-1.6074094772338867,False,False,trace,normale,2022,5,28,148,Phase_1_debut,Debut de saison (Mai-Juin),Tambacounda,Zone soudanienne,555.61145,4,moins_intense,Phase_1_debut
2022-05-28,C4_moins_intense,2022-05-28_003_021,-12.125,13.125,0.0,1.6116467714309692,-0.45536842942237854,-1.6116467714309692,False,False,trace,normale,2022,5,28,148,Phase_1_debut,Debut de saison (Mai-Juin),Tambacounda,Zone soudanienne,582.71436,4,moins_intense,Phase_1_debut
2022-05-28,C4_moins_intense,2022-05-28_003_022,-11.875,13.125,0.0,1.3744300603866577,-0.4343183636665344,-1.3744300603866577,False,False,trace,normale,2022,5,28,148,Phase_1_debut,Debut de saison (Mai-Juin),Tambacounda,Zone soudanienne,609.8174,4,moins_intense,Phase_1_debut
2022-05-28,C4_moins_intense,2022-05-28_003_023,-11.625,13.125,0.0,1.260963797569275,-0.44878438115119934,-1.260963797569275,False,False,trace,normale,2022,5,28,148,Phase_1_debut,Debut de saison (Mai-Juin),Tambacounda,Zone soudanienne,636.9204,4,moins_intense,Phase_1_debut
2022-05-28,C4_moins_intense,2022-05-28_004_009,-15.125,13.375,6.319720268249512,0.7136097550392151,2.8747212886810303,5.606110513210297,True,False,moderee,tres humide,2022,5,28,148,Phase_1_debut,Debut de saison (Mai-Juin),Kolda,Zone soudanienne,257.21408,4,moins_intense,Phase_1_debut
2022-05-28,C4_moins_intense,2022-05-28_004_010,-14.875,13.375,7.1576361656188965,1.0624127388000488,2.21154522895813,6.095223426818848,True,False,moderee,tres humide,2022,5,28,148,Phase_1_debut,Debut de saison (Mai-Juin),Kolda,Zone soudanienne,284.2892,4,moins_intense,Phase_1_debut
2022-05-28,C4_moins_intense,2022-05-28_004_015,-13.625,13.375,1.0442912578582764,1.158634066581726,-0.03273019194602966,-0.11434280872344971,False,False,faible,normale,2022,5,28,148,Phase_1_debut,Debut de saison (Mai-Juin),Tambacounda,Zone soudanienne,419.66504,4,moins_intense,Phase_1_debut
2022-05-28,C4_moins_intense,2022-05-28_004_016,-13.375,13.375,0.0,0.6879450082778931,-0.436771959066391,-0.6879450082778931,False,False,trace,normale,2022,5,28,148,Phase_1_debut,Debut de saison (Mai-Juin),Tambacounda,Zone soudanienne,446.7402,4,moins_intense,Phase_1_debut
2022-05-28,C4_moins_intense,2022-05-28_004_017,-13.125,13.375,0.0,0.46775373816490173,-0.45658406615257263,-0.46775373816490173,False,False,trace,normale,2022,5,28,148,Phase_1_debut,Debut de saison (Mai-Juin),Tambacounda,Zone soudanienne,473.81537,4,moins_intense,Phase_1_debut
2022-05-28,C4_moins_intense,2022-05-28_004_018,-12.875,13.375,0.0,0.6669254899024963,-0.441977322101593,-0.6669254899024963,False,False,trace,normale,2022,5,28,148,Phase_1_debut,Debut de saison (Mai-Juin),Tambacounda,Zone soudanienne,500.89053,4,moins_intense,Phase_1_debut
2022-05-28,C4_moins_intense,2022-05-28_004_019,-12.625,13.375,0.0,1.0601307153701782,-0.49318602681159973,-1.0601307153701782,False,False,trace,normale,2022,5,28,148,Phase_1_debut,Debut de saison (Mai-Juin),Tambacounda,Zone soudanienne,527.9657,4,moins_intense,Phase_1_debut
2022-05-28,C4_moins_intense,2022-05-28_004_020,-12.375,13.375,0.0,1.0319610834121704,-0.4439121186733246,-1.0319610834121704,False,False,trace,normale,2022,5,28,148,Phase_1_debut,Debut de saison (Mai-Juin),Tambacounda,Zone soudanienne,555.0409,4,moins_intense,Phase_1_debut
2022-05-28,C4_moins_intense,2022-05-28_004_021,-12.125,13.375,0.0,1.0847501754760742,-0.44036930799484253,-1.0847501754760742,False,False,trace,normale,2022,5,28,148,Phase_1_debut,Debut de saison (Mai-Juin),Tambacounda,Zone soudanienne,582.116,4,moins_intense,Phase_1_debut
2022-05-28,C4_moins_intense,2022-05-28_004_022,-11.875,13.375,0.0,1.1468729972839355,-0.45859962701797485,-1.1468729972839355,False,False,trace,normale,2022,5,28,148,Phase_1_debut,Debut de saison (Mai-Juin),Tambacounda,Zone soudanienne,609.19116,4,moins_intense,Phase_1_debut
2022-05-28,C4_moins_intense,2022-05-28_004_023,-11.625,13.375,0.0,1.4980530738830566,-0.46041449904441833,-1.4980530738830566,False,False,trace,normale,2022,5,28,148,Phase_1_debut,Debut de saison (Mai-Juin),Tambacounda,Zone soudanienne,636.26636,4,moins_intense,Phase_1_debut
2022-05-28,C4_moins_intense,2022-05-28_005_004,-16.375,13.625,1.9356402158737183,0.047224100679159164,6.397226810455322,1.888416115194559,True,False,faible,exceptionnelle,2022,5,28,148,Phase_1_debut,Debut de saison (Mai-Juin),Kaolack,Zone soudano-sahélienne,121.71068,4,moins_intense,Phase_1_debut
2022-05-28,C4_moins_intense,2022-05-28_005_005,-16.125,13.625,3.986891984939575,0.1057419702410698,6.342297554016113,3.8811500146985054,True,False,faible,exceptionnelle,2022,5,28,148,Phase_1_debut,Debut de saison (Mai-Juin),Kaolack,Zone soudano-sahélienne,148.75749,4,moins_intense,Phase_1_debut
2022-05-28,C4_moins_intense,2022-05-28_005_006,-15.875,13.625,5.620847225189209,0.15056835114955902,6.3435773849487305,5.47027887403965,True,False,moderee,exceptionnelle,2022,5,28,148,Phase_1_debut,Debut de saison (Mai-Juin),Kaffrine,Zone soudano-sahélienne,175.80432,4,moins_intense,Phase_1_debut
2022-05-28,C4_moins_intense,2022-05-28_005_007,-15.625,13.625,6.907376766204834,0.24246588349342346,5.902318000793457,6.6649108827114105,True,False,moderee,exceptionnelle,2022,5,28,148,Phase_1_debut,Debut de saison (Mai-Juin),Kaffrine,Zone soudano-sahélienne,202.85114,4,moins_intense,Phase_1_debut
2022-05-28,C4_moins_intense,2022-05-28_005_012,-14.375,13.625,4.512931823730469,0.927617073059082,1.3596181869506836,3.5853147506713867,False,False,faible,humide,2022,5,28,148,Phase_1_debut,Debut de saison (Mai-Juin),Tambacounda,Zone soudano-sahélienne,338.0852,4,moins_intense,Phase_1_debut
2022-05-28,C4_moins_intense,2022-05-28_005_013,-14.125,13.625,3.26973032951355,0.7811586260795593,1.2094916105270386,2.4885717034339905,False,False,faible,humide,2022,5,28,148,Phase_1_debut,Debut de saison (Mai-Juin),Tambacounda,Zone soudano-sahélienne,365.13202,4,moins_intense,Phase_1_debut
2022-05-28,C4_moins_intense,2022-05-28_005_014,-13.875,13.625,1.72210693359375,1.0371886491775513,0.2628494203090668,0.6849182844161987,False,False,faible,normale,2022,5,28,148,Phase_1_debut,Debut de saison (Mai-Juin),Tambacounda,Zone soudano-sahélienne,392.17886,4,moins_intense,Phase_1_debut
2022-05-28,C4_moins_intense,2022-05-28_005_015,-13.625,13.625,0.0,0.8125835657119751,-0.49376094341278076,-0.8125835657119751,False,False,trace,normale,2022,5,28,148,Phase_1_debut,Debut de saison (Mai-Juin),Tambacounda,Zone soudano-sahélienne,419.22565,4,moins_intense,Phase_1_debut
2022-05-28,C4_moins_intense,2022-05-28_005_016,-13.375,13.625,0.0,0.6053052544593811,-0.38489845395088196,-0.6053052544593811,False,False,trace,normale,2022,5,28,148,Phase_1_debut,Debut de saison (Mai-Juin),Tambacounda,Zone soudano-sahélienne,446.2725,4,moins_intense,Phase_1_debut
2022-05-28,C4_moins_intense,2022-05-28_005_017,-13.125,13.625,0.0,0.3486570715904236,-0.3515282869338989,-0.3486570715904236,False,False,trace,normale,2022,5,28,148,Phase_1_debut,Debut de saison (Mai-Juin),Tambacounda,Zone soudano-sahélienne,473.3193,4,moins_intense,Phase_1_debut
2022-05-28,C4_moins_intense,2022-05-28_005_018,-12.875,13.625,0.0,0.4243331849575043,-0.32271212339401245,-0.4243331849575043,False,False,trace,normale,2022,5,28,148,Phase_1_debut,Debut de saison (Mai-Juin),Tambacounda,Zone soudano-sahélienne,500.3661,4,moins_intense,Phase_1_debut
2022-05-28,C4_moins_intense,2022-05-28_005_019,-12.625,13.625,0.0,0.6761159300804138,-0.3428642153739929,-0.6761159300804138,False,False,trace,normale,2022,5,28,148,Phase_1_debut,Debut de saison (Mai-Juin),Tambacounda,Zone soudano-sahélienne,527.4129,4,moins_intense,Phase_1_debut
2022-05-28,C4_moins_intense,2022-05-28_005_020,-12.375,13.625,0.0,1.0748566389083862,-0.33789628744125366,-1.0748566389083862,False,False,trace,normale,2022,5,28,148,Phase_1_debut,Debut de saison (Mai-Juin),Tambacounda,Zone soudano-sahélienne,554.4598,4,moins_intense,Phase_1_debut
2022-05-28,C4_moins_intense,2022-05-28_005_021,-12.125,13.625,0.0,1.273705244064331,-0.3820345103740692,-1.273705244064331,False,False,trace,normale,2022,5,28,148,Phase_1_debut,Debut de saison (Mai-Juin),Tambacounda,Zone soudano-sahélienne,581.50653,4,moins_intense,Phase_1_debut
2022-05-28,C4_moins_intense,2022-05-28_006_003,-16.625,13.875,1.4682531356811523,0.045012716203927994,6.28175687789917,1.4232404194772243,True,False,faible,exceptionnelle,2022,5,28,148,Phase_1_debut,Debut de saison (Mai-Juin),Fatick,Zone soudano-sahélienne,94.562836,4,moins_intense,Phase_1_debut
2022-05-28,C4_moins_intense,2022-05-28_006_004,-16.375,13.875,2.030103921890259,0.06692897528409958,6.225679874420166,1.9631749466061592,True,False,faible,exceptionnelle,2022,5,28,148,Phase_1_debut,Debut de saison (Mai-Juin),Fatick,Zone soudano-sahélienne,121.580795,4,moins_intense,Phase_1_debut
2022-05-28,C4_moins_intense,2022-05-28_006_005,-16.125,13.875,3.0901055335998535,0.08961744606494904,6.301311016082764,3.0004880875349045,True,False,faible,exceptionnelle,2022,5,28,148,Phase_1_debut,Debut de saison (Mai-Juin),Fatick,Zone soudano-sahélienne,148.59875,4,moins_intense,Phase_1_debut
2022-05-28,C4_moins_intense,2022-05-28_006_006,-15.875,13.875,3.092580556869507,0.09498941153287888,6.134246826171875,2.997591145336628,True,False,faible,exceptionnelle,2022,5,28,148,Phase_1_debut,Debut de saison (Mai-Juin),Kaolack,Zone soudano-sahélienne,175.6167,4,moins_intense,Phase_1_debut
2022-05-28,C4_moins_intense,2022-05-28_006_007,-15.625,13.875,3.9924211502075195,0.12698960304260254,6.034402847290039,3.865431547164917,True,False,faible,exceptionnelle,2022,5,28,148,Phase_1_debut,Debut de saison (Mai-Juin),Kaolack,Zone soudano-sahélienne,202.63466,4,moins_intense,Phase_1_debut
2022-05-28,C4_moins_intense,2022-05-28_006_008,-15.375,13.875,4.403327465057373,0.2813062071800232,4.312010288238525,4.12202125787735,True,False,faible,exceptionnelle,2022,5,28,148,Phase_1_debut,Debut de saison (Mai-Juin),Kaffrine,Zone soudano-sahélienne,229.6526,4,moins_intense,Phase_1_debut
2022-05-28,C4_moins_intense,2022-05-28_006_009,-15.125,13.875,3.542356491088867,0.4025104343891144,2.686168670654297,3.139846056699753,True,False,faible,tres humide,2022,5,28,148,Phase_1_debut,Debut de saison (Mai-Juin),Kaffrine,Zone soudano-sahélienne,256.67056,4,moins_intense,Phase_1_debut
2022-05-28,C4_moins_intense,2022-05-28_006_010,-14.875,13.875,3.2997848987579346,0.3856445550918579,2.194438934326172,2.9141403436660767,True,False,faible,tres humide,2022,5,28,148,Phase_1_debut,Debut de saison (Mai-Juin),Kaffrine,Zone soudano-sahélienne,283.6885,4,moins_intense,Phase_1_debut
2022-05-28,C4_moins_intense,2022-05-28_006_011,-14.625,13.875,2.930384874343872,0.5389530658721924,1.4845185279846191,2.3914318084716797,False,False,faible,humide,2022,5,28,148,Phase_1_debut,Debut de saison (Mai-Juin),Kaffrine,Zone soudano-sahélienne,310.70648,4,moins_intense,Phase_1_debut
2022-05-28,C4_moins_intense,2022-05-28_006_012,-14.375,13.875,3.8963189125061035,0.7426878213882446,1.2487345933914185,3.153631091117859,False,False,faible,humide,2022,5,28,148,Phase_1_debut,Debut de saison (Mai-Juin),Tambacounda,Zone soudano-sahélienne,337.72443,4,moins_intense,Phase_1_debut
2022-05-28,C4_moins_intense,2022-05-28_006_013,-14.125,13.875,1.324060320854187,0.5475896596908569,0.45968958735466003,0.7764706611633301,False,False,faible,normale,2022,5,28,148,Phase_1_debut,Debut de saison (Mai-Juin),Tambacounda,Zone soudano-sahélienne,364.74237,4,moins_intense,Phase_1_debut
2022-05-28,C4_moins_intense,2022-05-28_006_014,-13.875,13.875,0.0,0.7070348858833313,-0.348275750875473,-0.7070348858833313,False,False,trace,normale,2022,5,28,148,Phase_1_debut,Debut de saison (Mai-Juin),Tambacounda,Zone soudano-sahélienne,391.76035,4,moins_intense,Phase_1_debut
2022-05-28,C4_moins_intense,2022-05-28_006_015,-13.625,13.875,0.0,0.7783527970314026,-0.38478198647499084,-0.7783527970314026,False,False,trace,normale,2022,5,28,148,Phase_1_debut,Debut de saison (Mai-Juin),Tambacounda,Zone soudano-sahélienne,418.7783,4,moins_intense,Phase_1_debut
2022-05-28,C4_moins_intense,2022-05-28_006_016,-13.375,13.875,0.0,0.8068133592605591,-0.2544340193271637,-0.8068133592605591,False,False,trace,normale,2022,5,28,148,Phase_1_debut,Debut de saison (Mai-Juin),Tambacounda,Zone soudano-sahélienne,445.79623,4,moins_intense,Phase_1_debut
2022-05-28,C4_moins_intense,2022-05-28_006_017,-13.125,13.875,0.0,0.4801246225833893,-0.25994613766670227,-0.4801246225833893,False,False,trace,normale,2022,5,28,148,Phase_1_debut,Debut de saison (Mai-Juin),Tambacounda,Zone soudano-sahélienne,472.81418,4,moins_intense,Phase_1_debut
2022-05-28,C4_moins_intense,2022-05-28_006_018,-12.875,13.875,0.0,0.31593605875968933,-0.2580799460411072,-0.31593605875968933,False,False,trace,normale,2022,5,28,148,Phase_1_debut,Debut de saison (Mai-Juin),Tambacounda,Zone soudano-sahélienne,499.83212,4,moins_intense,Phase_1_debut
2022-05-28,C4_moins_intense,2022-05-28_006_019,-12.625,13.875,0.0,0.415927529335022,-0.2610761225223541,-0.415927529335022,False,False,trace,normale,2022,5,28,148,Phase_1_debut,Debut de saison (Mai-Juin),Tambacounda,Zone soudano-sahélienne,526.8501,4,moins_intense,Phase_1_debut
2022-05-28,C4_moins_intense,2022-05-28_006_020,-12.375,13.875,0.0,0.6367859244346619,-0.30335086584091187,-0.6367859244346619,False,False,trace,normale,2022,5,28,148,Phase_1_debut,Debut de saison (Mai-Juin),Tambacounda,Zone soudano-sahélienne,553.86804,4,moins_intense,Phase_1_debut
2022-05-28,C4_moins_intense,2022-05-28_006_021,-12.125,13.875,0.0,0.8302206993103027,-0.3184557855129242,-0.8302206993103027,False,False,trace,normale,2022,5,28,148,Phase_1_debut,Debut de saison (Mai-Juin),Tambacounda,Zone soudano-sahélienne,580.886,4,moins_intense,Phase_1_debut
2022-05-28,C4_moins_intense,2022-05-28_007_003,-16.625,14.125,1.3086750507354736,0.05099362134933472,5.824775218963623,1.257681429386139,True,False,faible,exceptionnelle,2022,5,28,148,Phase_1_debut,Debut de saison (Mai-Juin),Fatick,Zone soudano-sahélienne,94.460014,4,moins_intense,Phase_1_debut
2022-05-28,C4_moins_intense,2022-05-28_007_004,-16.375,14.125,2.1698737144470215,0.0673891082406044,6.307647228240967,2.102484606206417,True,False,faible,exceptionnelle,2022,5,28,148,Phase_1_debut,Debut de saison (Mai-Juin),Fatick,Zone soudano-sahélienne,121.44859,4,moins_intense,Phase_1_debut
2022-05-28,C4_moins_intense,2022-05-28_007_005,-16.125,14.125,2.542837142944336,0.06409560143947601,6.39749002456665,2.47874154150486,True,False,faible,exceptionnelle,2022,5,28,148,Phase_1_debut,Debut de saison (Mai-Juin),Fatick,Zone soudano-sahélienne,148.43718,4,moins_intense,Phase_1_debut
2022-05-28,C4_moins_intense,2022-05-28_007_006,-15.875,14.125,2.340515613555908,0.06480612605810165,6.325182914733887,2.2757094874978065,True,False,faible,exceptionnelle,2022,5,28,148,Phase_1_debut,Debut de saison (Mai-Juin),Kaolack,Zone soudano-sahélienne,175.42575,4,moins_intense,Phase_1_debut
2022-05-28,C4_moins_intense,2022-05-28_007_007,-15.625,14.125,1.9066241979599,0.06528714299201965,5.87892484664917,1.8413370549678802,True,False,faible,exceptionnelle,2022,5,28,148,Phase_1_debut,Debut de saison (Mai-Juin),Kaolack,Zone soudano-sahélienne,202.41434,4,moins_intense,Phase_1_debut
2022-05-28,C4_moins_intense,2022-05-28_007_008,-15.375,14.125,2.4520926475524902,0.11813884228467941,4.924002647399902,2.333953805267811,True,False,faible,exceptionnelle,2022,5,28,148,Phase_1_debut,Debut de saison (Mai-Juin),Kaffrine,Zone soudano-sahélienne,229.4029,4,moins_intense,Phase_1_debut
2022-05-28,C4_moins_intense,2022-05-28_007_009,-15.125,14.125,2.389965772628784,0.1825903356075287,3.4608805179595947,2.2073754370212555,True,False,faible,exceptionnelle,2022,5,28,148,Phase_1_debut,Debut de saison (Mai-Juin),Kaffrine,Zone soudano-sahélienne,256.39148,4,moins_intense,Phase_1_debut
2022-05-28,C4_moins_intense,2022-05-28_007_010,-14.875,14.125,2.2974727153778076,0.2121928185224533,3.0483694076538086,2.0852798968553543,True,False,faible,exceptionnelle,2022,5,28,148,Phase_1_debut,Debut de saison (Mai-Juin),Kaffrine,Zone soudano-sahélienne,283.38007,4,moins_intense,Phase_1_debut
2022-05-28,C4_moins_intense,2022-05-28_007_011,-14.625,14.125,0.5764027237892151,0.23914337158203125,0.4587431252002716,0.33725935220718384,False,False,trace,normale,2022,5,28,148,Phase_1_debut,Debut de saison (Mai-Juin),Kaffrine,Zone soudano-sahélienne,310.36865,4,moins_intense,Phase_1_debut
2022-05-28,C4_moins_intense,2022-05-28_007_012,-14.375,14.125,2.0543718338012695,0.36505556106567383,1.3311529159545898,1.6893162727355957,False,False,faible,humide,2022,5,28,148,Phase_1_debut,Debut de saison (Mai-Juin),Tambacounda,Zone soudano-sahélienne,337.3572,4,moins_intense,Phase_1_debut
2022-05-28,C4_moins_intense,2022-05-28_007_013,-14.125,14.125,2.0762948989868164,0.392917662858963,1.2406209707260132,1.6833772361278534,False,False,faible,humide,2022,5,28,148,Phase_1_debut,Debut de saison (Mai-Juin),Tambacounda,Zone soudano-sahélienne,364.34576,4,moins_intense,Phase_1_debut
2022-05-28,C4_moins_intense,2022-05-28_007_014,-13.875,14.125,0.0,0.428618848323822,-0.26028722524642944,-0.428618848323822,False,False,trace,normale,2022,5,28,148,Phase_1_debut,Debut de saison (Mai-Juin),Tambacounda,Zone soudano-sahélienne,391.33438,4,moins_intense,Phase_1_debut
2022-05-28,C4_moins_intense,2022-05-28_007_015,-13.625,14.125,0.0,0.6303626894950867,-0.23797141015529633,-0.6303626894950867,False,False,trace,normale,2022,5,28,148,Phase_1_debut,Debut de saison (Mai-Juin),Tambacounda,Zone soudano-sahélienne,418.32294,4,moins_intense,Phase_1_debut
2022-05-28,C4_moins_intense,2022-05-28_007_016,-13.375,14.125,0.0,0.7524479031562805,-0.2606652081012726,-0.7524479031562805,False,False,trace,normale,2022,5,28,148,Phase_1_debut,Debut de saison (Mai-Juin),Tambacounda,Zone soudano-sahélienne,445.31152,4,moins_intense,Phase_1_debut
2022-05-28,C4_moins_intense,2022-05-28_007_017,-13.125,14.125,0.0,0.5716791749000549,-0.23944273591041565,-0.5716791749000549,False,False,trace,normale,2022,5,28,148,Phase_1_debut,Debut de saison (Mai-Juin),Tambacounda,Zone soudano-sahélienne,472.30008,4,moins_intense,Phase_1_debut
2022-05-28,C4_moins_intense,2022-05-28_007_018,-12.875,14.125,0.0,0.3979760408401489,-0.2442014515399933,-0.3979760408401489,False,False,trace,normale,2022,5,28,148,Phase_1_debut,Debut de saison (Mai-Juin),Tambacounda,Zone soudano-sahélienne,499.28867,4,moins_intense,Phase_1_debut
2022-05-28,C4_moins_intense,2022-05-28_007_019,-12.625,14.125,0.0,0.4296218454837799,-0.23531335592269897,-0.4296218454837799,False,False,trace,normale,2022,5,28,148,Phase_1_debut,Debut de saison (Mai-Juin),Tambacounda,Zone soudano-sahélienne,526.2772,4,moins_intense,Phase_1_debut
2022-05-28,C4_moins_intense,2022-05-28_007_020,-12.375,14.125,0.0,0.38796406984329224,-0.27683424949645996,-0.38796406984329224,False,False,trace,normale,2022,5,28,148,Phase_1_debut,Debut de saison (Mai-Juin),Tambacounda,Zone soudano-sahélienne,553.2658,4,moins_intense,Phase_1_debut
2022-05-28,C4_moins_intense,2022-05-28_007_021,-12.125,14.125,0.0,0.3317027986049652,-0.24846206605434418,-0.3317027986049652,False,False,trace,normale,2022,5,28,148,Phase_1_debut,Debut de saison (Mai-Juin),Tambacounda,Zone soudano-sahélienne,580.2544,4,moins_intense,Phase_1_debut
2022-05-28,C4_moins_intense,2022-05-28_008_002,-16.875,14.375,1.0006593465805054,0.07068740576505661,3.873769521713257,0.9299719408154488,True,False,faible,exceptionnelle,2022,5,28,148,Phase_1_debut,Debut de saison (Mai-Juin),Thiès,Zone soudano-sahélienne,67.39671,4,moins_intense,Phase_1_debut
2022-05-28,C4_moins_intense,2022-05-28_008_003,-16.625,14.375,0.9108957052230835,0.05269406735897064,4.341472148895264,0.8582016378641129,True,False,trace,exceptionnelle,2022,5,28,148,Phase_1_debut,Debut de saison (Mai-Juin),Fatick,Zone soudano-sahélienne,94.3554,4,moins_intense,Phase_1_debut
2022-05-28,C4_moins_intense,2022-05-28_008_004,-16.375,14.375,1.1328208446502686,0.0352177694439888,6.065066337585449,1.0976030752062798,True,False,faible,exceptionnelle,2022,5,28,148,Phase_1_debut,Debut de saison (Mai-Juin),Diourbel,Zone soudano-sahélienne,121.314095,4,moins_intense,Phase_1_debut
2022-05-28,C4_moins_intense,2022-05-28_008_005,-16.125,14.375,0.8354085683822632,0.02048240229487419,6.39858865737915,0.814926166087389,True,False,trace,exceptionnelle,2022,5,28,148,Phase_1_debut,Debut de saison (Mai-Juin),Diourbel,Zone soudano-sahélienne,148.27278,4,moins_intense,Phase_1_debut
2022-05-28,C4_moins_intense,2022-05-28_008_006,-15.875,14.375,0.9125760793685913,0.028136543929576874,6.237310409545898,0.8844395354390144,True,False,trace,exceptionnelle,2022,5,28,148,Phase_1_debut,Debut de saison (Mai-Juin),Diourbel,Zone soudano-sahélienne,175.23148,4,moins_intense,Phase_1_debut
2022-05-28,C4_moins_intense,2022-05-28_008_007,-15.625,14.375,1.0388554334640503,0.04212602227926254,5.821461200714111,0.9967294111847878,True,False,faible,exceptionnelle,2022,5,28,148,Phase_1_debut,Debut de saison (Mai-Juin),Kaolack,Zone soudano-sahélienne,202.19016,4,moins_intense,Phase_1_debut
2022-05-28,C4_moins_intense,2022-05-28_008_008,-15.375,14.375,1.3429707288742065,0.054078374058008194,5.411431312561035,1.2888923548161983,True,False,faible,exceptionnelle,2022,5,28,148,Phase_1_debut,Debut de saison (Mai-Juin),Kaffrine,Zone soudano-sahélienne,229.14883,4,moins_intense,Phase_1_debut
2022-05-28,C4_moins_intense,2022-05-28_008_009,-15.125,14.375,1.5204812288284302,0.11249017715454102,3.4060661792755127,1.4079910516738892,True,False,faible,exceptionnelle,2022,5,28,148,Phase_1_debut,Debut de saison (Mai-Juin),Kaffrine,Zone soudano-sahélienne,256.10754,4,moins_intense,Phase_1_debut
2022-05-28,C4_moins_intense,2022-05-28_008_010,-14.875,14.375,0.1227836012840271,0.10694775730371475,0.0324583537876606,0.015835843980312347,False,False,trace,normale,2022,5,28,148,Phase_1_debut,Debut de saison (Mai-Juin),Kaffrine,Zone soudano-sahélienne,283.06622,4,moins_intense,Phase_1_debut
2022-05-28,C4_moins_intense,2022-05-28_008_011,-14.625,14.375,0.4596083164215088,0.1689406931400299,0.45179396867752075,0.2906676232814789,False,False,trace,normale,2022,5,28,148,Phase_1_debut,Debut de saison (Mai-Juin),Kaffrine,Zone soudano-sahélienne,310.0249,4,moins_intense,Phase_1_debut
2022-05-28,C4_moins_intense,2022-05-28_008_012,-14.375,14.375,3.2169487476348877,0.3174833357334137,2.963932991027832,2.899465411901474,True,False,faible,tres humide,2022,5,28,148,Phase_1_debut,Debut de saison (Mai-Juin),Tambacounda,Zone soudano-sahélienne,336.98358,4,moins_intense,Phase_1_debut
2022-05-28,C4_moins_intense,2022-05-28_008_013,-14.125,14.375,2.441152811050415,0.40108156204223633,1.4395874738693237,2.0400712490081787,False,False,faible,humide,2022,5,28,148,Phase_1_debut,Debut de saison (Mai-Juin),Tambacounda,Zone soudano-sahélienne,363.94226,4,moins_intense,Phase_1_debut
2022-05-28,C4_moins_intense,2022-05-28_008_014,-13.875,14.375,5.230722427368164,0.6744503974914551,1.9054317474365234,4.556272029876709,False,False,moderee,humide,2022,5,28,148,Phase_1_debut,Debut de saison (Mai-Juin),Tambacounda,Zone soudano-sahélienne,390.90097,4,moins_intense,Phase_1_debut
2022-05-28,C4_moins_intense,2022-05-28_008_015,-13.625,14.375,0.8908891081809998,0.571259617805481,0.14197058975696564,0.3196294903755188,False,False,trace,normale,2022,5,28,148,Phase_1_debut,Debut de saison (Mai-Juin),Tambacounda,Zone soudano-sahélienne,417.85965,4,moins_intense,Phase_1_debut
2022-05-28,C4_moins_intense,2022-05-28_008_016,-13.375,14.375,0.5084269642829895,0.6275507807731628,-0.04511244222521782,-0.11912381649017334,False,False,trace,normale,2022,5,28,148,Phase_1_debut,Debut de saison (Mai-Juin),Tambacounda,Zone soudano-sahélienne,444.81833,4,moins_intense,Phase_1_debut
2022-05-28,C4_moins_intense,2022-05-28_008_017,-13.125,14.375,0.0,0.5367039442062378,-0.24465502798557281,-0.5367039442062378,False,False,trace,normale,2022,5,28,148,Phase_1_debut,Debut de saison (Mai-Juin),Tambacounda,Zone soudano-sahélienne,471.777,4,moins_intense,Phase_1_debut
2022-05-28,C4_moins_intense,2022-05-28_008_018,-12.875,14.375,0.0,0.49298956990242004,-0.23703107237815857,-0.49298956990242004,False,False,trace,normale,2022,5,28,148,Phase_1_debut,Debut de saison (Mai-Juin),Tambacounda,Zone soudano-sahélienne,498.7357,4,moins_intense,Phase_1_debut
2022-05-28,C4_moins_intense,2022-05-28_008_019,-12.625,14.375,0.0,0.36247530579566956,-0.2233748733997345,-0.36247530579566956,False,False,trace,normale,2022,5,28,148,Phase_1_debut,Debut de saison (Mai-Juin),Tambacounda,Zone soudano-sahélienne,525.6944,4,moins_intense,Phase_1_debut
2022-05-28,C4_moins_intense,2022-05-28_008_020,-12.375,14.375,0.0,0.2023332715034485,-0.2332662045955658,-0.2023332715034485,False,False,trace,normale,2022,5,28,148,Phase_1_debut,Debut de saison (Mai-Juin),Tambacounda,Zone soudano-sahélienne,552.6531,4,moins_intense,Phase_1_debut
2022-05-28,C4_moins_intense,2022-05-28_009_001,-17.125,14.625,0.8583348393440247,0.03805647790431976,5.439164638519287,0.8202783614397049,True,False,trace,exceptionnelle,2022,5,28,148,Phase_1_debut,Debut de saison (Mai-Juin),Dakar,Zone soudano-sahélienne,40.39242,4,moins_intense,Phase_1_debut
2022-05-28,C4_moins_intense,2022-05-28_009_002,-16.875,14.625,1.3047595024108887,0.07191243022680283,4.488749027252197,1.2328470721840858,True,False,faible,exceptionnelle,2022,5,28,148,Phase_1_debut,Debut de saison (Mai-Juin),Thiès,Zone soudano-sahélienne,67.3207,4,moins_intense,Phase_1_debut
2022-05-28,C4_moins_intense,2022-05-28_009_003,-16.625,14.625,0.7792648077011108,0.03229936957359314,5.467623233795166,0.7469654381275177,True,False,trace,exceptionnelle,2022,5,28,148,Phase_1_debut,Debut de saison (Mai-Juin),Thiès,Zone soudano-sahélienne,94.248985,4,moins_intense,Phase_1_debut
2022-05-28,C4_moins_intense,2022-05-28_009_004,-16.375,14.625,0.8870707154273987,0.02568167634308338,6.270799160003662,0.8613890390843153,True,False,trace,exceptionnelle,2022,5,28,148,Phase_1_debut,Debut de saison (Mai-Juin),Diourbel,Zone soudano-sahélienne,121.17728,4,moins_intense,Phase_1_debut
2022-05-28,C4_moins_intense,2022-05-28_009_005,-16.125,14.625,0.8021242022514343,0.02320934645831585,6.25760555267334,0.7789148557931185,True,False,trace,exceptionnelle,2022,5,28,148,Phase_1_debut,Debut de saison (Mai-Juin),Diourbel,Zone soudano-sahélienne,148.10556,4,moins_intense,Phase_1_debut
2022-05-28,C4_moins_intense,2022-05-28_009_006,-15.875,14.625,0.7466387152671814,0.01773061603307724,6.403509616851807,0.7289080992341042,True,False,trace,exceptionnelle,2022,5,28,148,Phase_1_debut,Debut de saison (Mai-Juin),Diourbel,Zone soudano-sahélienne,175.03384,4,moins_intense,Phase_1_debut
2022-05-28,C4_moins_intense,2022-05-28_009_007,-15.625,14.625,0.621204674243927,0.02722589112818241,5.738937854766846,0.5939787831157446,True,False,trace,exceptionnelle,2022,5,28,148,Phase_1_debut,Debut de saison (Mai-Juin),Kaffrine,Zone soudano-sahélienne,201.96213,4,moins_intense,Phase_1_debut
2022-05-28,C4_moins_intense,2022-05-28_009_008,-15.375,14.625,0.7476322054862976,0.045525554567575455,4.732003211975098,0.7021066509187222,True,False,trace,exceptionnelle,2022,5,28,148,Phase_1_debut,Debut de saison (Mai-Juin),Kaffrine,Zone soudano-sahélienne,228.8904,4,moins_intense,Phase_1_debut
2022-05-28,C4_moins_intense,2022-05-28_009_009,-15.125,14.625,0.8879988193511963,0.06570450216531754,4.212307929992676,0.8222943171858788,True,False,trace,exceptionnelle,2022,5,28,148,Phase_1_debut,Debut de saison (Mai-Juin),Kaffrine,Zone soudano-sahélienne,255.8187,4,moins_intense,Phase_1_debut
2022-05-28,C4_moins_intense,2022-05-28_009_010,-14.875,14.625,0.3458554744720459,0.06857557594776154,1.1130996942520142,0.27727989852428436,False,False,trace,humide,2022,5,28,148,Phase_1_debut,Debut de saison (Mai-Juin),Kaffrine,Zone soudano-sahélienne,282.74698,4,moins_intense,Phase_1_debut
2022-05-28,C4_moins_intense,2022-05-28_009_011,-14.625,14.625,2.2310996055603027,0.17124682664871216,3.4048800468444824,2.0598527789115906,True,False,faible,exceptionnelle,2022,5,28,148,Phase_1_debut,Debut de saison (Mai-Juin),Kaffrine,Zone soudano-sahélienne,309.67526,4,moins_intense,Phase_1_debut
2022-05-28,C4_moins_intense,2022-05-28_009_012,-14.375,14.625,3.7724881172180176,0.25673237442970276,3.764698028564453,3.515755742788315,True,False,faible,exceptionnelle,2022,5,28,148,Phase_1_debut,Debut de saison (Mai-Juin),Tambacounda,Zone soudano-sahélienne,336.60355,4,moins_intense,Phase_1_debut
2022-05-28,C4_moins_intense,2022-05-28_009_013,-14.125,14.625,0.5866149663925171,0.29936152696609497,0.26843392848968506,0.2872534394264221,False,False,trace,normale,2022,5,28,148,Phase_1_debut,Debut de saison (Mai-Juin),Tambacounda,Zone soudano-sahélienne,363.5318,4,moins_intense,Phase_1_debut
2022-05-28,C4_moins_intense,2022-05-28_009_014,-13.875,14.625,1.75433349609375,0.29522761702537537,1.1908049583435059,1.4591058790683746,False,False,faible,humide,2022,5,28,148,Phase_1_debut,Debut de saison (Mai-Juin),Tambacounda,Zone soudano-sahélienne,390.4601,4,moins_intense,Phase_1_debut
2022-05-28,C4_moins_intense,2022-05-28_009_015,-13.625,14.625,0.18134036660194397,0.3089333772659302,-0.07579533755779266,-0.1275930106639862,False,False,trace,normale,2022,5,28,148,Phase_1_debut,Debut de saison (Mai-Juin),Tambacounda,Zone soudano-sahélienne,417.38837,4,moins_intense,Phase_1_debut
2022-05-28,C4_moins_intense,2022-05-28_009_016,-13.375,14.625,2.5816400051116943,0.487215518951416,1.087976098060608,2.0944244861602783,False,False,faible,humide,2022,5,28,148,Phase_1_debut,Debut de saison (Mai-Juin),Tambacounda,Zone soudano-sahélienne,444.31668,4,moins_intense,Phase_1_debut
2022-05-28,C4_moins_intense,2022-05-28_009_017,-13.125,14.625,0.0,0.4242650866508484,-0.2764519155025482,-0.4242650866508484,False,False,trace,normale,2022,5,28,148,Phase_1_debut,Debut de saison (Mai-Juin),Tambacounda,Zone soudano-sahélienne,471.24493,4,moins_intense,Phase_1_debut
2022-05-28,C4_moins_intense,2022-05-28_009_018,-12.875,14.625,0.0,0.3348388969898224,-0.2560001611709595,-0.3348388969898224,False,False,trace,normale,2022,5,28,148,Phase_1_debut,Debut de saison (Mai-Juin),Tambacounda,Zone soudano-sahélienne,498.17322,4,moins_intense,Phase_1_debut
2022-05-28,C4_moins_intense,2022-05-28_009_019,-12.625,14.625,0.0,0.25524958968162537,-0.2680935859680176,-0.25524958968162537,False,False,trace,normale,2022,5,28,148,Phase_1_debut,Debut de saison (Mai-Juin),Tambacounda,Zone soudano-sahélienne,525.1015,4,moins_intense,Phase_1_debut
2022-05-28,C4_moins_intense,2022-05-28_009_020,-12.375,14.625,0.0,0.09829965978860855,-0.2855001389980316,-0.09829965978860855,False,False,trace,normale,2022,5,28,148,Phase_1_debut,Debut de saison (Mai-Juin),Tambacounda,Zone soudano-sahélienne,552.0298,4,moins_intense,Phase_1_debut
2022-05-28,C4_moins_intense,2022-05-28_010_001,-17.125,14.875,0.4761069715023041,0.02004139870405197,5.358172416687012,0.4560655727982521,True,False,trace,exceptionnelle,2022,5,28,148,Phase_1_debut,Debut de saison (Mai-Juin),Thiès,Zone soudano-sahélienne,40.346046,4,moins_intense,Phase_1_debut
2022-05-28,C4_moins_intense,2022-05-28_010_002,-16.875,14.875,1.001152753829956,0.0426117479801178,5.214727878570557,0.9585410058498383,True,False,faible,exceptionnelle,2022,5,28,148,Phase_1_debut,Debut de saison (Mai-Juin),Thiès,Zone soudano-sahélienne,67.243416,4,moins_intense,Phase_1_debut
2022-05-28,C4_moins_intense,2022-05-28_010_003,-16.625,14.875,0.9637811183929443,0.04850953072309494,4.356590270996094,0.9152715876698494,True,False,trace,exceptionnelle,2022,5,28,148,Phase_1_debut,Debut de saison (Mai-Juin),Thiès,Zone soudano-sahélienne,94.14078,4,moins_intense,Phase_1_debut
2022-05-28,C4_moins_intense,2022-05-28_010_004,-16.375,14.875,0.6910709142684937,0.019320689141750336,6.276793479919434,0.6717502251267433,True,False,trace,exceptionnelle,2022,5,28,148,Phase_1_debut,Debut de saison (Mai-Juin),Diourbel,Zone soudano-sahélienne,121.03815,4,moins_intense,Phase_1_debut
2022-05-28,C4_moins_intense,2022-05-28_010_005,-16.125,14.875,0.6785174012184143,0.025585800409317017,5.417660236358643,0.6529316008090973,True,False,trace,exceptionnelle,2022,5,28,148,Phase_1_debut,Debut de saison (Mai-Juin),Diourbel,Zone soudano-sahélienne,147.93552,4,moins_intense,Phase_1_debut
2022-05-28,C4_moins_intense,2022-05-28_010_006,-15.875,14.875,0.5708874464035034,0.013276452198624611,6.404940605163574,0.5576109942048788,True,False,trace,exceptionnelle,2022,5,28,148,Phase_1_debut,Debut de saison (Mai-Juin),Diourbel,Zone soudano-sahélienne,174.83289,4,moins_intense,Phase_1_debut
2022-05-28,C4_moins_intense,2022-05-28_010_007,-15.625,14.875,0.4560823440551758,0.01939282938838005,5.182685375213623,0.43668951466679573,True,False,trace,exceptionnelle,2022,5,28,148,Phase_1_debut,Debut de saison (Mai-Juin),Diourbel,Zone soudano-sahélienne,201.73026,4,moins_intense,Phase_1_debut
2022-05-28,C4_moins_intense,2022-05-28_010_008,-15.375,14.875,0.42127034068107605,0.01899210549890995,5.48078727722168,0.4022782351821661,True,False,trace,exceptionnelle,2022,5,28,148,Phase_1_debut,Debut de saison (Mai-Juin),Kaffrine,Zone soudano-sahélienne,228.62761,4,moins_intense,Phase_1_debut
2022-05-28,C4_moins_intense,2022-05-28_010_009,-15.125,14.875,0.78277587890625,0.05038883537054062,4.611400604248047,0.7323870435357094,True,False,trace,exceptionnelle,2022,5,28,148,Phase_1_debut,Debut de saison (Mai-Juin),Kaffrine,Zone soudano-sahélienne,255.525,4,moins_intense,Phase_1_debut
2022-05-28,C4_moins_intense,2022-05-28_010_010,-14.875,14.875,0.4325948655605316,0.03869970887899399,2.967560052871704,0.39389515668153763,True,False,trace,tres humide,2022,5,28,148,Phase_1_debut,Debut de saison (Mai-Juin),Kaffrine,Zone soudano-sahélienne,282.42233,4,moins_intense,Phase_1_debut
2022-05-28,C4_moins_intense,2022-05-28_010_011,-14.625,14.875,1.6879900693893433,0.10285995155572891,4.35843563079834,1.5851301178336143,True,False,faible,exceptionnelle,2022,5,28,148,Phase_1_debut,Debut de saison (Mai-Juin),Kaffrine,Zone soudano-sahélienne,309.31973,4,moins_intense,Phase_1_debut
2022-05-28,C4_moins_intense,2022-05-28_010_012,-14.375,14.875,2.5832347869873047,0.14265242218971252,4.0075225830078125,2.440582364797592,True,False,faible,exceptionnelle,2022,5,28,148,Phase_1_debut,Debut de saison (Mai-Juin),Tambacounda,Zone soudano-sahélienne,336.21707,4,moins_intense,Phase_1_debut
2022-05-28,C4_moins_intense,2022-05-28_010_013,-14.125,14.875,1.2900090217590332,0.14514583349227905,2.3576912879943848,1.1448631882667542,True,False,faible,tres humide,2022,5,28,148,Phase_1_debut,Debut de saison (Mai-Juin),Matam,Zone soudano-sahélienne,363.11444,4,moins_intense,Phase_1_debut
2022-05-28,C4_moins_intense,2022-05-28_010_014,-13.875,14.875,2.5534942150115967,0.16107560694217682,3.668060302734375,2.39241860806942,True,False,faible,exceptionnelle,2022,5,28,148,Phase_1_debut,Debut de saison (Mai-Juin),Matam,Zone soudano-sahélienne,390.0118,4,moins_intense,Phase_1_debut
2022-05-28,C4_moins_intense,2022-05-28_010_015,-13.625,14.875,1.8302417993545532,0.18147635459899902,1.9917758703231812,1.6487654447555542,False,False,faible,humide,2022,5,28,148,Phase_1_debut,Debut de saison (Mai-Juin),Matam,Zone soudano-sahélienne,416.90918,4,moins_intense,Phase_1_debut
2022-05-28,C4_moins_intense,2022-05-28_010_016,-13.375,14.875,2.2689990997314453,0.25920629501342773,1.7238006591796875,2.0097928047180176,False,False,faible,humide,2022,5,28,148,Phase_1_debut,Debut de saison (Mai-Juin),Matam,Zone soudano-sahélienne,443.80655,4,moins_intense,Phase_1_debut
2022-05-28,C4_moins_intense,2022-05-28_010_017,-13.125,14.875,0.22501230239868164,0.17768847942352295,0.07146047055721283,0.04732382297515869,False,False,trace,normale,2022,5,28,148,Phase_1_debut,Debut de saison (Mai-Juin),Matam,Zone soudano-sahélienne,470.7039,4,moins_intense,Phase_1_debut
2022-05-28,C4_moins_intense,2022-05-28_010_018,-12.875,14.875,0.0,0.12290982156991959,-0.22781485319137573,-0.12290982156991959,False,False,trace,normale,2022,5,28,148,Phase_1_debut,Debut de saison (Mai-Juin),Matam,Zone soudano-sahélienne,497.60126,4,moins_intense,Phase_1_debut
2022-05-28,C4_moins_intense,2022-05-28_010_019,-12.625,14.875,0.0,0.10871076583862305,-0.24010048806667328,-0.10871076583862305,False,False,trace,normale,2022,5,28,148,Phase_1_debut,Debut de saison (Mai-Juin),Matam,Zone soudano-sahélienne,524.49866,4,moins_intense,Phase_1_debut
2022-05-28,C4_moins_intense,2022-05-28_011_002,-16.875,15.125,0.5338117480278015,0.02352372743189335,4.9763617515563965,0.5102880205959082,True,False,trace,exceptionnelle,2022,5,28,148,Phase_1_debut,Debut de saison (Mai-Juin),Thiès,Zone soudano-sahélienne,67.16484,4,moins_intense,Phase_1_debut
2022-05-28,C4_moins_intense,2022-05-28_011_003,-16.625,15.125,1.7533382177352905,0.0684039518237114,5.379620552062988,1.6849342659115791,True,False,faible,exceptionnelle,2022,5,28,148,Phase_1_debut,Debut de saison (Mai-Juin),Thiès,Zone soudano-sahélienne,94.03078,4,moins_intense,Phase_1_debut
2022-05-28,C4_moins_intense,2022-05-28_011_004,-16.375,15.125,1.3340038061141968,0.03740919381380081,6.272230625152588,1.296594612300396,True,False,faible,exceptionnelle,2022,5,28,148,Phase_1_debut,Debut de saison (Mai-Juin),Louga,Zone soudano-sahélienne,120.89671,4,moins_intense,Phase_1_debut
2022-05-28,C4_moins_intense,2022-05-28_011_005,-16.125,15.125,0.8040717840194702,0.029113387688994408,5.72620964050293,0.7749583963304758,True,False,trace,exceptionnelle,2022,5,28,148,Phase_1_debut,Debut de saison (Mai-Juin),Louga,Zone soudano-sahélienne,147.76265,4,moins_intense,Phase_1_debut
2022-05-28,C4_moins_intense,2022-05-28_011_006,-15.875,15.125,0.5295947790145874,0.019735094159841537,5.692536354064941,0.5098596848547459,True,False,trace,exceptionnelle,2022,5,28,148,Phase_1_debut,Debut de saison (Mai-Juin),Louga,Zone soudano-sahélienne,174.6286,4,moins_intense,Phase_1_debut
2022-05-28,C4_moins_intense,2022-05-28_011_007,-15.625,15.125,0.6287322044372559,0.018149347975850105,6.224408149719238,0.6105828564614058,True,False,trace,exceptionnelle,2022,5,28,148,Phase_1_debut,Debut de saison (Mai-Juin),Louga,Zone soudano-sahélienne,201.49454,4,moins_intense,Phase_1_debut
2022-05-28,C4_moins_intense,2022-05-28_011_008,-15.375,15.125,0.5087956786155701,0.027360711246728897,4.325630187988281,0.48143496736884117,True,False,trace,exceptionnelle,2022,5,28,148,Phase_1_debut,Debut de saison (Mai-Juin),Louga,Zone soudano-sahélienne,228.36046,4,moins_intense,Phase_1_debut
2022-05-28,C4_moins_intense,2022-05-28_011_009,-15.125,15.125,0.3809352219104767,0.03232138603925705,3.2634620666503906,0.34861383587121964,True,False,trace,exceptionnelle,2022,5,28,148,Phase_1_debut,Debut de saison (Mai-Juin),Kaffrine,Zone soudano-sahélienne,255.22641,4,moins_intense,Phase_1_debut
2022-05-28,C4_moins_intense,2022-05-28_011_010,-14.875,15.125,0.18422561883926392,0.02162499539554119,2.0559544563293457,0.16260062344372272,True,False,trace,tres humide,2022,5,28,148,Phase_1_debut,Debut de saison (Mai-Juin),Kaffrine,Zone soudano-sahélienne,282.09235,4,moins_intense,Phase_1_debut
2022-05-28,C4_moins_intense,2022-05-28_011_011,-14.625,15.125,1.1463286876678467,0.08471568673849106,4.062892913818359,1.0616130009293556,True,False,faible,exceptionnelle,2022,5,28,148,Phase_1_debut,Debut de saison (Mai-Juin),Kaffrine,Zone soudano-sahélienne,308.95828,4,moins_intense,Phase_1_debut
2022-05-28,C4_moins_intense,2022-05-28_011_012,-14.375,15.125,1.3679372072219849,0.11253514140844345,3.110563278198242,1.2554020658135414,True,False,faible,exceptionnelle,2022,5,28,148,Phase_1_debut,Debut de saison (Mai-Juin),Matam,Zone soudano-sahélienne,335.82422,4,moins_intense,Phase_1_debut
2022-05-28,C4_moins_intense,2022-05-28_011_013,-14.125,15.125,1.6994636058807373,0.08916928619146347,4.159407615661621,1.6102943196892738,True,False,faible,exceptionnelle,2022,5,28,148,Phase_1_debut,Debut de saison (Mai-Juin),Matam,Zone soudano-sahélienne,362.69012,4,moins_intense,Phase_1_debut
2022-05-28,C4_moins_intense,2022-05-28_011_014,-13.875,15.125,1.9293408393859863,0.0977611318230629,4.53302001953125,1.8315797075629234,True,False,faible,exceptionnelle,2022,5,28,148,Phase_1_debut,Debut de saison (Mai-Juin),Matam,Zone soudano-sahélienne,389.5561,4,moins_intense,Phase_1_debut
2022-05-28,C4_moins_intense,2022-05-28_011_015,-13.625,15.125,2.5218589305877686,0.09425392001867294,5.592807769775391,2.4276050105690956,True,False,faible,exceptionnelle,2022,5,28,148,Phase_1_debut,Debut de saison (Mai-Juin),Matam,Zone soudano-sahélienne,416.42203,4,moins_intense,Phase_1_debut
2022-05-28,C4_moins_intense,2022-05-28_011_016,-13.375,15.125,2.3569540977478027,0.11476697772741318,4.911601543426514,2.2421871200203896,True,False,faible,exceptionnelle,2022,5,28,148,Phase_1_debut,Debut de saison (Mai-Juin),Matam,Zone soudano-sahélienne,443.28796,4,moins_intense,Phase_1_debut
2022-05-28,C4_moins_intense,2022-05-28_011_017,-13.125,15.125,1.5413166284561157,0.0924668088555336,3.5341734886169434,1.4488498196005821,True,False,faible,exceptionnelle,2022,5,28,148,Phase_1_debut,Debut de saison (Mai-Juin),Matam,Zone soudano-sahélienne,470.1539,4,moins_intense,Phase_1_debut
2022-05-28,C4_moins_intense,2022-05-28_011_018,-12.875,15.125,0.9311908483505249,0.09002385288476944,2.477720022201538,0.8411669954657555,True,False,trace,tres humide,2022,5,28,148,Phase_1_debut,Debut de saison (Mai-Juin),Matam,Zone soudano-sahélienne,497.0198,4,moins_intense,Phase_1_debut
2022-05-28,C4_moins_intense,2022-05-28_012_003,-16.625,15.375,0.5333442091941833,0.023187436163425446,4.790231704711914,0.5101567730307579,True,False,trace,exceptionnelle,2022,5,28,148,Phase_1_debut,Debut de saison (Mai-Juin),Louga,Zone soudano-sahélienne,93.91899,4,moins_intense,Phase_1_debut
2022-05-28,C4_moins_intense,2022-05-28_012_004,-16.375,15.375,1.8553993701934814,0.059324003756046295,5.9909281730651855,1.7960753664374352,True,False,faible,exceptionnelle,2022,5,28,148,Phase_1_debut,Debut de saison (Mai-Juin),Louga,Zone soudano-sahélienne,120.75298,4,moins_intense,Phase_1_debut
2022-05-28,C4_moins_intense,2022-05-28_012_005,-16.125,15.375,0.9099404811859131,0.04077167436480522,4.649751663208008,0.8691688068211079,True,False,trace,exceptionnelle,2022,5,28,148,Phase_1_debut,Debut de saison (Mai-Juin),Louga,Zone soudano-sahélienne,147.58699,4,moins_intense,Phase_1_debut
2022-05-28,C4_moins_intense,2022-05-28_012_006,-15.875,15.375,0.28237900137901306,0.010521107353270054,5.466185569763184,0.271857894025743,True,False,trace,exceptionnelle,2022,5,28,148,Phase_1_debut,Debut de saison (Mai-Juin),Louga,Zone soudano-sahélienne,174.42099,4,moins_intense,Phase_1_debut
2022-05-28,C4_moins_intense,2022-05-28_012_007,-15.625,15.375,0.20650780200958252,0.004802506882697344,6.404940128326416,0.20170529512688518,True,False,trace,exceptionnelle,2022,5,28,148,Phase_1_debut,Debut de saison (Mai-Juin),Louga,Zone soudano-sahélienne,201.25497,4,moins_intense,Phase_1_debut
2022-05-28,C4_moins_intense,2022-05-28_012_008,-15.375,15.375,0.0,0.00563377421349287,-0.15249855816364288,-0.00563377421349287,False,False,trace,normale,2022,5,28,148,Phase_1_debut,Debut de saison (Mai-Juin),Louga,Zone soudano-sahélienne,228.08896,4,moins_intense,Phase_1_debut
2022-05-28,C4_moins_intense,2022-05-28_012_009,-15.125,15.375,0.022092564031481743,0.025445103645324707,-0.025577038526535034,-0.003352539613842964,False,False,trace,normale,2022,5,28,148,Phase_1_debut,Debut de saison (Mai-Juin),Louga,Zone soudano-sahélienne,254.92297,4,moins_intense,Phase_1_debut
2022-05-28,C4_moins_intense,2022-05-28_012_010,-14.875,15.375,0.0,0.030738281086087227,-0.2530873119831085,-0.030738281086087227,False,False,trace,normale,2022,5,28,148,Phase_1_debut,Debut de saison (Mai-Juin),Louga,Zone soudano-sahélienne,281.75696,4,moins_intense,Phase_1_debut
2022-05-28,C4_moins_intense,2022-05-28_012_011,-14.625,15.375,0.811994194984436,0.0642169713973999,3.2776927947998047,0.7477772235870361,True,False,trace,exceptionnelle,2022,5,28,148,Phase_1_debut,Debut de saison (Mai-Juin),Matam,Zone soudano-sahélienne,308.59097,4,moins_intense,Phase_1_debut
2022-05-28,C4_moins_intense,2022-05-28_012_012,-14.375,15.375,1.6237269639968872,0.07899027317762375,5.091486930847168,1.5447366908192635,True,False,faible,exceptionnelle,2022,5,28,148,Phase_1_debut,Debut de saison (Mai-Juin),Matam,Zone soudano-sahélienne,335.42496,4,moins_intense,Phase_1_debut
2022-05-28,C4_moins_intense,2022-05-28_012_013,-14.125,15.375,1.8492896556854248,0.09687495976686478,4.8497748374938965,1.75241469591856,True,False,faible,exceptionnelle,2022,5,28,148,Phase_1_debut,Debut de saison (Mai-Juin),Matam,Zone soudano-sahélienne,362.25894,4,moins_intense,Phase_1_debut
2022-05-28,C4_moins_intense,2022-05-28_012_014,-13.875,15.375,2.08575177192688,0.07987896353006363,5.4544854164123535,2.0058728083968163,True,False,faible,exceptionnelle,2022,5,28,148,Phase_1_debut,Debut de saison (Mai-Juin),Matam,Zone soudano-sahélienne,389.09296,4,moins_intense,Phase_1_debut
2022-05-28,C4_moins_intense,2022-05-28_012_015,-13.625,15.375,1.8452469110488892,0.05788055807352066,6.042300701141357,1.7873663529753685,True,False,faible,exceptionnelle,2022,5,28,148,Phase_1_debut,Debut de saison (Mai-Juin),Matam,Zone soudano-sahélienne,415.92694,4,moins_intense,Phase_1_debut
2022-05-28,C4_moins_intense,2022-05-28_012_016,-13.375,15.375,1.9220613241195679,0.05818640813231468,6.264588832855225,1.8638749159872532,True,False,faible,exceptionnelle,2022,5,28,148,Phase_1_debut,Debut de saison (Mai-Juin),Matam,Zone soudano-sahélienne,442.76096,4,moins_intense,Phase_1_debut
2022-05-28,C4_moins_intense,2022-05-28_012_017,-13.125,15.375,1.5270028114318848,0.05588582530617714,6.0219526290893555,1.4711169861257076,True,False,faible,exceptionnelle,2022,5,28,148,Phase_1_debut,Debut de saison (Mai-Juin),Matam,Zone soudano-sahélienne,469.59494,4,moins_intense,Phase_1_debut
2022-05-28,C4_moins_intense,2022-05-28_013_004,-16.375,15.625,0.0,0.023038197308778763,-0.1524985283613205,-0.023038197308778763,False,False,trace,normale,2022,5,28,148,Phase_1_debut,Debut de saison (Mai-Juin),Saint-Louis,Zone sahélienne,120.60696,4,moins_intense,Phase_1_debut
2022-05-28,C4_moins_intense,2022-05-28_013_005,-16.125,15.625,0.22684794664382935,0.030022554099559784,1.61326265335083,0.19682539254426956,False,False,trace,humide,2022,5,28,148,Phase_1_debut,Debut de saison (Mai-Juin),Saint-Louis,Zone sahélienne,147.40851,4,moins_intense,Phase_1_debut
2022-05-28,C4_moins_intense,2022-05-28_013_006,-15.875,15.625,0.3417218327522278,0.03060336969792843,2.716139793395996,0.31111846305429935,True,False,trace,tres humide,2022,5,28,148,Phase_1_debut,Debut de saison (Mai-Juin),Saint-Louis,Zone sahélienne,174.21005,4,moins_intense,Phase_1_debut
2022-05-28,C4_moins_intense,2022-05-28_013_007,-15.625,15.625,0.08923196792602539,0.0020751620177179575,6.404939651489258,0.08715680590830743,True,False,trace,exceptionnelle,2022,5,28,148,Phase_1_debut,Debut de saison (Mai-Juin),Saint-Louis,Zone sahélienne,201.0116,4,moins_intense,Phase_1_debut
2022-05-28,C4_moins_intense,2022-05-28_013_008,-15.375,15.625,0.1719779521226883,0.003999487031251192,6.404940128326416,0.1679784650914371,True,False,trace,exceptionnelle,2022,5,28,148,Phase_1_debut,Debut de saison (Mai-Juin),Louga,Zone sahélienne,227.81313,4,moins_intense,Phase_1_debut
2022-05-28,C4_moins_intense,2022-05-28_013_009,-15.125,15.625,0.0,0.012386707589030266,-0.21805907785892487,-0.012386707589030266,False,False,trace,normale,2022,5,28,148,Phase_1_debut,Debut de saison (Mai-Juin),Louga,Zone sahélienne,254.6147,4,moins_intense,Phase_1_debut
2022-05-28,C4_moins_intense,2022-05-28_013_010,-14.875,15.625,0.03705637902021408,0.03595946356654167,0.009573782794177532,0.001096915453672409,False,False,trace,normale,2022,5,28,148,Phase_1_debut,Debut de saison (Mai-Juin),Louga,Zone sahélienne,281.41623,4,moins_intense,Phase_1_debut
2022-05-28,C4_moins_intense,2022-05-28_013_011,-14.625,15.625,0.22239431738853455,0.05107300356030464,1.0717366933822632,0.1713213138282299,False,False,trace,humide,2022,5,28,148,Phase_1_debut,Debut de saison (Mai-Juin),Matam,Zone sahélienne,308.21777,4,moins_intense,Phase_1_debut
2022-05-28,C4_moins_intense,2022-05-28_013_012,-14.375,15.625,0.7789053320884705,0.05044253543019295,4.203899383544922,0.7284627966582775,True,False,trace,exceptionnelle,2022,5,28,148,Phase_1_debut,Debut de saison (Mai-Juin),Matam,Zone sahélienne,335.01932,4,moins_intense,Phase_1_debut
2022-05-28,C4_moins_intense,2022-05-28_013_013,-14.125,15.625,1.0194075107574463,0.06763789057731628,4.045739650726318,0.95176962018013,True,False,faible,exceptionnelle,2022,5,28,148,Phase_1_debut,Debut de saison (Mai-Juin),Matam,Zone sahélienne,361.82086,4,moins_intense,Phase_1_debut
2022-05-28,C4_moins_intense,2022-05-28_013_014,-13.875,15.625,1.2176214456558228,0.07158947736024857,4.804335117340088,1.1460319682955742,True,False,faible,exceptionnelle,2022,5,28,148,Phase_1_debut,Debut de saison (Mai-Juin),Matam,Zone sahélienne,388.6224,4,moins_intense,Phase_1_debut
2022-05-28,C4_moins_intense,2022-05-28_013_015,-13.625,15.625,1.405713677406311,0.060145534574985504,5.079892158508301,1.3455681428313255,True,False,faible,exceptionnelle,2022,5,28,148,Phase_1_debut,Debut de saison (Mai-Juin),Matam,Zone sahélienne,415.42395,4,moins_intense,Phase_1_debut
2022-05-28,C4_moins_intense,2022-05-28_013_016,-13.375,15.625,0.5512287616729736,0.02958347275853157,4.129109859466553,0.5216452889144421,True,False,trace,exceptionnelle,2022,5,28,148,Phase_1_debut,Debut de saison (Mai-Juin),Matam,Zone sahélienne,442.22552,4,moins_intense,Phase_1_debut
2022-05-28,C4_moins_intense,2022-05-28_014_004,-16.375,15.875,0.0,0.01380497869104147,-0.15997126698493958,-0.01380497869104147,False,False,trace,normale,2022,5,28,148,Phase_1_debut,Debut de saison (Mai-Juin),Saint-Louis,Zone sahélienne,120.45863,4,moins_intense,Phase_1_debut
2022-05-28,C4_moins_intense,2022-05-28_014_005,-16.125,15.875,0.0,0.03347327932715416,-0.21279247105121613,-0.03347327932715416,False,False,trace,normale,2022,5,28,148,Phase_1_debut,Debut de saison (Mai-Juin),Saint-Louis,Zone sahélienne,147.22722,4,moins_intense,Phase_1_debut
2022-05-28,C4_moins_intense,2022-05-28_014_006,-15.875,15.875,0.0,0.048262063413858414,-0.21766327321529388,-0.048262063413858414,False,False,trace,normale,2022,5,28,148,Phase_1_debut,Debut de saison (Mai-Juin),Saint-Louis,Zone sahélienne,173.9958,4,moins_intense,Phase_1_debut
2022-05-28,C4_moins_intense,2022-05-28_014_007,-15.625,15.875,0.16645880043506622,0.004776152782142162,6.235047817230225,0.16168264765292406,True,False,trace,exceptionnelle,2022,5,28,148,Phase_1_debut,Debut de saison (Mai-Juin),Saint-Louis,Zone sahélienne,200.76439,4,moins_intense,Phase_1_debut
2022-05-28,C4_moins_intense,2022-05-28_014_008,-15.375,15.875,0.45176342129707336,0.012995373457670212,6.230605125427246,0.43876804783940315,True,False,trace,exceptionnelle,2022,5,28,148,Phase_1_debut,Debut de saison (Mai-Juin),Louga,Zone sahélienne,227.53297,4,moins_intense,Phase_1_debut
2022-05-28,C4_moins_intense,2022-05-28_014_009,-15.125,15.875,0.40403738617897034,0.013215240091085434,5.925563335418701,0.3908221460878849,True,False,trace,exceptionnelle,2022,5,28,148,Phase_1_debut,Debut de saison (Mai-Juin),Louga,Zone sahélienne,254.30157,4,moins_intense,Phase_1_debut
2022-05-28,C4_moins_intense,2022-05-28_014_010,-14.875,15.875,0.06792142242193222,0.021182717755436897,0.537406861782074,0.04673870466649532,False,False,trace,normale,2022,5,28,148,Phase_1_debut,Debut de saison (Mai-Juin),Louga,Zone sahélienne,281.07013,4,moins_intense,Phase_1_debut
2022-05-28,C4_moins_intense,2022-05-28_014_011,-14.625,15.875,0.0,0.03425290808081627,-0.3123728632926941,-0.03425290808081627,False,False,trace,normale,2022,5,28,148,Phase_1_debut,Debut de saison (Mai-Juin),Matam,Zone sahélienne,307.83875,4,moins_intense,Phase_1_debut
2022-05-28,C4_moins_intense,2022-05-28_014_012,-14.375,15.875,0.11431383341550827,0.0330980084836483,0.7474368214607239,0.08121582493185997,False,False,trace,normale,2022,5,28,148,Phase_1_debut,Debut de saison (Mai-Juin),Matam,Zone sahélienne,334.60733,4,moins_intense,Phase_1_debut
2022-05-28,C4_moins_intense,2022-05-28_014_013,-14.125,15.875,0.5521668791770935,0.03756651654839516,3.599254846572876,0.5146003626286983,True,False,trace,exceptionnelle,2022,5,28,148,Phase_1_debut,Debut de saison (Mai-Juin),Matam,Zone sahélienne,361.3759,4,moins_intense,Phase_1_debut
2022-05-28,C4_moins_intense,2022-05-28_014_014,-13.875,15.875,0.4586663544178009,0.025733279064297676,3.6172714233398438,0.4329330753535032,True,False,trace,exceptionnelle,2022,5,28,148,Phase_1_debut,Debut de saison (Mai-Juin),Matam,Zone sahélienne,388.1445,4,moins_intense,Phase_1_debut
2022-05-28,C4_moins_intense,2022-05-28_014_015,-13.625,15.875,0.9858224987983704,0.03839636966586113,5.43087911605835,0.9474261291325092,True,False,trace,exceptionnelle,2022,5,28,148,Phase_1_debut,Debut de saison (Mai-Juin),Matam,Zone sahélienne,414.91306,4,moins_intense,Phase_1_debut
2022-05-28,C4_moins_intense,2022-05-28_014_016,-13.375,15.875,0.9244551658630371,0.04175783693790436,5.181063175201416,0.8826973289251328,True,False,trace,exceptionnelle,2022,5,28,148,Phase_1_debut,Debut de saison (Mai-Juin),Matam,Zone sahélienne,441.68167,4,moins_intense,Phase_1_debut
2022-05-28,C4_moins_intense,2022-05-28_015_004,-16.375,16.125,0.0,0.04314662143588066,-0.21773579716682434,-0.04314662143588066,False,False,trace,normale,2022,5,28,148,Phase_1_debut,Debut de saison (Mai-Juin),Saint-Louis,Zone sahélienne,120.308014,4,moins_intense,Phase_1_debut
2022-05-28,C4_moins_intense,2022-05-28_015_005,-16.125,16.125,0.0,0.051254112273454666,-0.26130038499832153,-0.051254112273454666,False,False,trace,normale,2022,5,28,148,Phase_1_debut,Debut de saison (Mai-Juin),Saint-Louis,Zone sahélienne,147.04314,4,moins_intense,Phase_1_debut
2022-05-28,C4_moins_intense,2022-05-28_015_006,-15.875,16.125,0.01693841442465782,0.04792299494147301,-0.14946193993091583,-0.030984580516815186,False,False,trace,normale,2022,5,28,148,Phase_1_debut,Debut de saison (Mai-Juin),Saint-Louis,Zone sahélienne,173.77824,4,moins_intense,Phase_1_debut
2022-05-28,C4_moins_intense,2022-05-28_015_007,-15.625,16.125,0.0,0.014317257329821587,-0.22597528994083405,-0.014317257329821587,False,False,trace,normale,2022,5,28,148,Phase_1_debut,Debut de saison (Mai-Juin),Saint-Louis,Zone sahélienne,200.51337,4,moins_intense,Phase_1_debut
2022-05-28,C4_moins_intense,2022-05-28_015_008,-15.375,16.125,0.10190388560295105,0.0061582159250974655,3.3030760288238525,0.09574566967785358,True,False,trace,exceptionnelle,2022,5,28,148,Phase_1_debut,Debut de saison (Mai-Juin),Louga,Zone sahélienne,227.24846,4,moins_intense,Phase_1_debut
2022-05-28,C4_moins_intense,2022-05-28_015_009,-15.125,16.125,0.01975356414914131,0.0004593852208927274,0.1929417848587036,0.019294178928248584,False,False,trace,normale,2022,5,28,148,Phase_1_debut,Debut de saison (Mai-Juin),Louga,Zone sahélienne,253.9836,4,moins_intense,Phase_1_debut
2022-05-28,C4_moins_intense,2022-05-28_015_010,-14.875,16.125,0.1975848227739334,0.00919393077492714,5.146461009979248,0.18839089199900627,True,False,trace,exceptionnelle,2022,5,28,148,Phase_1_debut,Debut de saison (Mai-Juin),Louga,Zone sahélienne,280.7187,4,moins_intense,Phase_1_debut
2022-05-28,C4_moins_intense,2022-05-28_015_011,-14.625,16.125,0.0,0.007963720709085464,-0.17389552295207977,-0.007963720709085464,False,False,trace,normale,2022,5,28,148,Phase_1_debut,Debut de saison (Mai-Juin),Matam,Zone sahélienne,307.45383,4,moins_intense,Phase_1_debut
2022-05-28,C4_moins_intense,2022-05-28_015_012,-14.375,16.125,0.01791069470345974,0.025920651853084564,-0.08432000875473022,-0.008009957149624825,False,False,trace,normale,2022,5,28,148,Phase_1_debut,Debut de saison (Mai-Juin),Matam,Zone sahélienne,334.18893,4,moins_intense,Phase_1_debut
2022-05-28,C4_moins_intense,2022-05-28_015_013,-14.125,16.125,0.24926920235157013,0.036916378885507584,1.8379007577896118,0.21235282346606255,False,False,trace,humide,2022,5,28,148,Phase_1_debut,Debut de saison (Mai-Juin),Matam,Zone sahélienne,360.92404,4,moins_intense,Phase_1_debut
2022-05-28,C4_moins_intense,2022-05-28_015_014,-13.875,16.125,0.3494487404823303,0.03853350877761841,2.039613723754883,0.3109152317047119,True,False,trace,tres humide,2022,5,28,148,Phase_1_debut,Debut de saison (Mai-Juin),Matam,Zone sahélienne,387.65915,4,moins_intense,Phase_1_debut
2022-05-28,C4_moins_intense,2022-05-28_016_005,-16.125,16.375,0.0,0.08477964997291565,-0.26902878284454346,-0.08477964997291565,False,False,trace,normale,2022,5,28,148,Phase_1_debut,Debut de saison (Mai-Juin),Saint-Louis,Zone sahélienne,146.85623,4,moins_intense,Phase_1_debut
2022-05-28,C4_moins_intense,2022-05-28_016_006,-15.875,16.375,0.037436116486787796,0.03750349208712578,-0.0004861997440457344,-6.737560033798218e-05,False,False,trace,normale,2022,5,28,148,Phase_1_debut,Debut de saison (Mai-Juin),Saint-Louis,Zone sahélienne,173.55737,4,moins_intense,Phase_1_debut
2022-05-28,C4_moins_intense,2022-05-28_016_007,-15.625,16.375,0.0,0.014879087917506695,-0.22212904691696167,-0.014879087917506695,False,False,trace,normale,2022,5,28,148,Phase_1_debut,Debut de saison (Mai-Juin),Saint-Louis,Zone sahélienne,200.25851,4,moins_intense,Phase_1_debut
2022-05-28,C4_moins_intense,2022-05-28_016_008,-15.375,16.375,0.0,0.011729374527931213,-0.23313666880130768,-0.011729374527931213,False,False,trace,normale,2022,5,28,148,Phase_1_debut,Debut de saison (Mai-Juin),Louga,Zone sahélienne,226.95963,4,moins_intense,Phase_1_debut
2022-05-28,C4_moins_intense,2022-05-28_016_009,-15.125,16.375,0.0,0.001408800482749939,-0.01408800482749939,-0.001408800482749939,False,False,trace,normale,2022,5,28,148,Phase_1_debut,Debut de saison (Mai-Juin),Louga,Zone sahélienne,253.66078,4,moins_intense,Phase_1_debut
2022-05-28,C4_moins_intense,2022-05-28_016_010,-14.875,16.375,0.0,0.023628706112504005,-0.21077357232570648,-0.023628706112504005,False,False,trace,normale,2022,5,28,148,Phase_1_debut,Debut de saison (Mai-Juin),Louga,Zone sahélienne,280.3619,4,moins_intense,Phase_1_debut
2022-05-28,C4_moins_intense,2022-05-28_016_011,-14.625,16.375,0.0,0.017746634781360626,-0.26247796416282654,-0.017746634781360626,False,False,trace,normale,2022,5,28,148,Phase_1_debut,Debut de saison (Mai-Juin),Matam,Zone sahélienne,307.06305,4,moins_intense,Phase_1_debut
2022-05-28,C4_moins_intense,2022-05-28_016_012,-14.375,16.375,0.013536390848457813,0.010768595151603222,0.0622781366109848,0.0027677956968545914,False,False,trace,normale,2022,5,28,148,Phase_1_debut,Debut de saison (Mai-Juin),Matam,Zone sahélienne,333.76416,4,moins_intense,Phase_1_debut
2022-05-28,C4_moins_intense,2022-05-28_016_013,-14.125,16.375,0.02628912776708603,0.02238425798714161,0.04886624962091446,0.00390486977994442,False,False,trace,normale,2022,5,28,148,Phase_1_debut,Debut de saison (Mai-Juin),Matam,Zone sahélienne,360.4653,4,moins_intense,Phase_1_debut
2022-05-28,C4_moins_intense,2022-05-28_017_010,-14.875,16.625,0.0,0.031211204826831818,-0.2173209935426712,-0.031211204826831818,False,False,trace,normale,2022,5,28,148,Phase_1_debut,Debut de saison (Mai-Juin),Louga,Zone sahélienne,279.9998,4,moins_intense,Phase_1_debut
2022-05-28,C4_moins_intense,2022-05-28_017_011,-14.625,16.625,0.0,0.01711994595825672,-0.2448548525571823,-0.01711994595825672,False,False,trace,normale,2022,5,28,148,Phase_1_debut,Debut de saison (Mai-Juin),Matam,Zone sahélienne,306.66644,4,moins_intense,Phase_1_debut
2022-05-28,C4_moins_intense,2022-05-28_017_012,-14.375,16.625,0.0,0.011001981794834137,-0.1850138157606125,-0.011001981794834137,False,False,trace,normale,2022,5,28,148,Phase_1_debut,Debut de saison (Mai-Juin),Matam,Zone sahélienne,333.33307,4,moins_intense,Phase_1_debut
2022-05-27,C4_plus_grande_couverture + C5_plus_grande_couverture,2022-05-27_000_003,-16.625,12.375,5.893159866333008,0.24047714471817017,5.895318031311035,5.652682721614838,True,False,moderee,exceptionnelle,2022,5,27,147,Phase_1_debut,Debut de saison (Mai-Juin),Ziguinchor,Zone soudanienne,95.14188,4,plus_grande_couverture,Phase_1_debut
2022-05-27,C4_plus_grande_couverture + C5_plus_grande_couverture,2022-05-27_000_004,-16.375,12.375,7.0508222579956055,0.25236666202545166,6.227135181427002,6.798455595970154,True,False,moderee,exceptionnelle,2022,5,27,147,Phase_1_debut,Debut de saison (Mai-Juin),Ziguinchor,Zone soudanienne,122.32527,4,plus_grande_couverture,Phase_1_debut
2022-05-27,C4_plus_grande_couverture + C5_plus_grande_couverture,2022-05-27_000_020,-12.375,12.375,24.620737075805664,3.607333183288574,3.663745880126953,21.01340389251709,True,True,forte,exceptionnelle,2022,5,27,147,Phase_1_debut,Debut de saison (Mai-Juin),Kédougou,Zone soudanienne,557.2596,4,plus_grande_couverture,Phase_1_debut
2022-05-27,C4_plus_grande_couverture + C5_plus_grande_couverture,2022-05-27_001_003,-16.625,12.625,7.401223659515381,0.30780407786369324,5.841125965118408,7.093419581651688,True,False,moderee,exceptionnelle,2022,5,27,147,Phase_1_debut,Debut de saison (Mai-Juin),Ziguinchor,Zone soudanienne,95.04989,4,plus_grande_couverture,Phase_1_debut
2022-05-27,C4_plus_grande_couverture + C5_plus_grande_couverture,2022-05-27_001_004,-16.375,12.625,12.942914009094238,0.4524543583393097,6.180573463439941,12.490459650754929,True,False,moderee,exceptionnelle,2022,5,27,147,Phase_1_debut,Debut de saison (Mai-Juin),Ziguinchor,Zone soudanienne,122.20701,4,plus_grande_couverture,Phase_1_debut
2022-05-27,C4_plus_grande_couverture + C5_plus_grande_couverture,2022-05-27_001_005,-16.125,12.625,13.955050468444824,0.46494054794311523,6.273224353790283,13.490109920501709,True,False,moderee,exceptionnelle,2022,5,27,147,Phase_1_debut,Debut de saison (Mai-Juin),Sédhiou,Zone soudanienne,149.36412,4,plus_grande_couverture,Phase_1_debut
2022-05-27,C4_plus_grande_couverture + C5_plus_grande_couverture,2022-05-27_001_006,-15.875,12.625,13.441540718078613,0.47436976432800293,6.176689147949219,12.96717095375061,True,False,moderee,exceptionnelle,2022,5,27,147,Phase_1_debut,Debut de saison (Mai-Juin),Sédhiou,Zone soudanienne,176.52124,4,plus_grande_couverture,Phase_1_debut
2022-05-27,C4_plus_grande_couverture + C5_plus_grande_couverture,2022-05-27_001_007,-15.625,12.625,16.928993225097656,0.7613101601600647,6.0343804359436035,16.16768306493759,True,False,moderee,exceptionnelle,2022,5,27,147,Phase_1_debut,Debut de saison (Mai-Juin),Sédhiou,Zone soudanienne,203.67834,4,plus_grande_couverture,Phase_1_debut
2022-05-27,C4_plus_grande_couverture + C5_plus_grande_couverture,2022-05-27_001_008,-15.375,12.625,15.475682258605957,0.9674104452133179,5.228111267089844,14.50827181339264,True,False,moderee,exceptionnelle,2022,5,27,147,Phase_1_debut,Debut de saison (Mai-Juin),Kolda,Zone soudanienne,230.83545,4,plus_grande_couverture,Phase_1_debut
2022-05-27,C4_plus_grande_couverture + C5_plus_grande_couverture,2022-05-27_001_018,-12.875,12.625,37.51918411254883,2.729412317276001,5.411989688873291,34.78977179527283,True,True,forte,exceptionnelle,2022,5,27,147,Phase_1_debut,Debut de saison (Mai-Juin),Kédougou,Zone soudanienne,502.40656,4,plus_grande_couverture,Phase_1_debut
2022-05-27,C4_plus_grande_couverture + C5_plus_grande_couverture,2022-05-27_001_019,-12.625,12.625,29.12128448486328,2.717545509338379,4.840940475463867,26.403738975524902,True,True,forte,exceptionnelle,2022,5,27,147,Phase_1_debut,Debut de saison (Mai-Juin),Kédougou,Zone soudanienne,529.56366,4,plus_grande_couverture,Phase_1_debut
2022-05-27,C4_plus_grande_couverture + C5_plus_grande_couverture,2022-05-27_001_020,-12.375,12.625,27.866044998168945,3.102861166000366,4.022819519042969,24.76318383216858,True,True,forte,exceptionnelle,2022,5,27,147,Phase_1_debut,Debut de saison (Mai-Juin),Kédougou,Zone soudanienne,556.7208,4,plus_grande_couverture,Phase_1_debut
2022-05-27,C4_plus_grande_couverture + C5_plus_grande_couverture,2022-05-27_001_021,-12.125,12.625,26.14459800720215,3.3049590587615967,3.5833773612976074,22.83963894844055,True,True,forte,exceptionnelle,2022,5,27,147,Phase_1_debut,Debut de saison (Mai-Juin),Kédougou,Zone soudanienne,583.87787,4,plus_grande_couverture,Phase_1_debut
2022-05-27,C4_plus_grande_couverture + C5_plus_grande_couverture,2022-05-27_001_022,-11.875,12.625,23.97467803955078,3.0813138484954834,3.7599329948425293,20.893364191055298,True,True,forte,exceptionnelle,2022,5,27,147,Phase_1_debut,Debut de saison (Mai-Juin),Kédougou,Zone soudanienne,611.03503,4,plus_grande_couverture,Phase_1_debut
2022-05-27,C4_plus_grande_couverture + C5_plus_grande_couverture,2022-05-27_001_023,-11.625,12.625,18.346710205078125,2.8450124263763428,3.0787899494171143,15.501697778701782,True,False,moderee,exceptionnelle,2022,5,27,147,Phase_1_debut,Debut de saison (Mai-Juin),Kédougou,Zone soudanienne,638.19214,4,plus_grande_couverture,Phase_1_debut
2022-05-27,C4_plus_grande_couverture + C5_plus_grande_couverture,2022-05-27_002_003,-16.625,12.875,9.793070793151855,0.297077476978302,6.258232593536377,9.495993316173553,True,False,moderee,exceptionnelle,2022,5,27,147,Phase_1_debut,Debut de saison (Mai-Juin),Ziguinchor,Zone soudanienne,94.95609,4,plus_grande_couverture,Phase_1_debut
2022-05-27,C4_plus_grande_couverture + C5_plus_grande_couverture,2022-05-27_002_004,-16.375,12.875,14.575672149658203,0.5057724118232727,6.170902729034424,14.06989973783493,True,False,moderee,exceptionnelle,2022,5,27,147,Phase_1_debut,Debut de saison (Mai-Juin),Ziguinchor,Zone soudanienne,122.08641,4,plus_grande_couverture,Phase_1_debut
2022-05-27,C4_plus_grande_couverture + C5_plus_grande_couverture,2022-05-27_002_005,-16.125,12.875,14.059159278869629,0.5081070065498352,6.112868785858154,13.551052272319794,True,False,moderee,exceptionnelle,2022,5,27,147,Phase_1_debut,Debut de saison (Mai-Juin),Sédhiou,Zone soudanienne,149.21672,4,plus_grande_couverture,Phase_1_debut
2022-05-27,C4_plus_grande_couverture + C5_plus_grande_couverture,2022-05-27_002_006,-15.875,12.875,14.902192115783691,0.43875622749328613,6.3346848487854,14.463435888290405,True,False,moderee,exceptionnelle,2022,5,27,147,Phase_1_debut,Debut de saison (Mai-Juin),Sédhiou,Zone soudanienne,176.34703,4,plus_grande_couverture,Phase_1_debut
2022-05-27,C4_plus_grande_couverture + C5_plus_grande_couverture,2022-05-27_002_007,-15.625,12.875,16.026321411132812,0.5644696354866028,6.153132915496826,15.46185177564621,True,False,moderee,exceptionnelle,2022,5,27,147,Phase_1_debut,Debut de saison (Mai-Juin),Sédhiou,Zone soudanienne,203.47736,4,plus_grande_couverture,Phase_1_debut
2022-05-27,C4_plus_grande_couverture + C5_plus_grande_couverture,2022-05-27_002_008,-15.375,12.875,18.14258575439453,0.9993231296539307,5.377230167388916,17.1432626247406,True,False,moderee,exceptionnelle,2022,5,27,147,Phase_1_debut,Debut de saison (Mai-Juin),Kolda,Zone soudanienne,230.60765,4,plus_grande_couverture,Phase_1_debut
2022-05-27,C4_plus_grande_couverture + C5_plus_grande_couverture,2022-05-27_002_009,-15.125,12.875,16.967905044555664,0.9335341453552246,5.454014778137207,16.03437089920044,True,False,moderee,exceptionnelle,2022,5,27,147,Phase_1_debut,Debut de saison (Mai-Juin),Kolda,Zone soudanienne,257.73798,4,plus_grande_couverture,Phase_1_debut
2022-05-27,C4_plus_grande_couverture + C5_plus_grande_couverture,2022-05-27_002_010,-14.875,12.875,19.532543182373047,1.1681437492370605,5.220615863800049,18.364399433135986,True,False,moderee,exceptionnelle,2022,5,27,147,Phase_1_debut,Debut de saison (Mai-Juin),Kolda,Zone soudanienne,284.8683,4,plus_grande_couverture,Phase_1_debut
2022-05-27,C4_plus_grande_couverture + C5_plus_grande_couverture,2022-05-27_002_011,-14.625,12.875,20.386314392089844,1.5732102394104004,4.865428924560547,18.813104152679443,True,True,forte,exceptionnelle,2022,5,27,147,Phase_1_debut,Debut de saison (Mai-Juin),Kolda,Zone soudanienne,311.9986,4,plus_grande_couverture,Phase_1_debut
2022-05-27,C4_plus_grande_couverture + C5_plus_grande_couverture,2022-05-27_002_012,-14.375,12.875,13.625044822692871,1.6091657876968384,3.6359002590179443,12.015879034996033,True,False,moderee,exceptionnelle,2022,5,27,147,Phase_1_debut,Debut de saison (Mai-Juin),Kolda,Zone soudanienne,339.1289,4,plus_grande_couverture,Phase_1_debut
2022-05-27,C4_plus_grande_couverture + C5_plus_grande_couverture,2022-05-27_002_013,-14.125,12.875,20.348709106445312,1.711538314819336,4.676741123199463,18.637170791625977,True,True,forte,exceptionnelle,2022,5,27,147,Phase_1_debut,Debut de saison (Mai-Juin),Kolda,Zone soudanienne,366.25922,4,plus_grande_couverture,Phase_1_debut
2022-05-27,C4_plus_grande_couverture + C5_plus_grande_couverture,2022-05-27_002_014,-13.875,12.875,25.711645126342773,1.767874836921692,5.242128372192383,23.94377028942108,True,True,forte,exceptionnelle,2022,5,27,147,Phase_1_debut,Debut de saison (Mai-Juin),Tambacounda,Zone soudanienne,393.38953,4,plus_grande_couverture,Phase_1_debut
2022-05-27,C4_plus_grande_couverture + C5_plus_grande_couverture,2022-05-27_002_015,-13.625,12.875,26.252281188964844,1.8609153032302856,5.324920177459717,24.391365885734558,True,True,forte,exceptionnelle,2022,5,27,147,Phase_1_debut,Debut de saison (Mai-Juin),Tambacounda,Zone soudanienne,420.51984,4,plus_grande_couverture,Phase_1_debut
2022-05-27,C4_plus_grande_couverture + C5_plus_grande_couverture,2022-05-27_002_016,-13.375,12.875,26.184709548950195,1.770796537399292,5.469110488891602,24.413913011550903,True,True,forte,exceptionnelle,2022,5,27,147,Phase_1_debut,Debut de saison (Mai-Juin),Tambacounda,Zone soudanienne,447.65018,4,plus_grande_couverture,Phase_1_debut
2022-05-27,C4_plus_grande_couverture + C5_plus_grande_couverture,2022-05-27_002_017,-13.125,12.875,33.520408630371094,2.3242411613464355,5.445380687713623,31.196167469024658,True,True,forte,exceptionnelle,2022,5,27,147,Phase_1_debut,Debut de saison (Mai-Juin),Kédougou,Zone soudanienne,474.78046,4,plus_grande_couverture,Phase_1_debut
2022-05-27,C4_plus_grande_couverture + C5_plus_grande_couverture,2022-05-27_002_018,-12.875,12.875,33.945526123046875,2.3669090270996094,5.267671585083008,31.578617095947266,True,True,forte,exceptionnelle,2022,5,27,147,Phase_1_debut,Debut de saison (Mai-Juin),Kédougou,Zone soudanienne,501.91077,4,plus_grande_couverture,Phase_1_debut
2022-05-27,C4_plus_grande_couverture + C5_plus_grande_couverture,2022-05-27_002_019,-12.625,12.875,29.578651428222656,2.443235397338867,4.806495666503906,27.13541603088379,True,True,forte,exceptionnelle,2022,5,27,147,Phase_1_debut,Debut de saison (Mai-Juin),Kédougou,Zone soudanienne,529.0411,4,plus_grande_couverture,Phase_1_debut
2022-05-27,C4_plus_grande_couverture + C5_plus_grande_couverture,2022-05-27_002_020,-12.375,12.875,28.366798400878906,2.9456934928894043,4.237086772918701,25.421104907989502,True,True,forte,exceptionnelle,2022,5,27,147,Phase_1_debut,Debut de saison (Mai-Juin),Kédougou,Zone soudanienne,556.17145,4,plus_grande_couverture,Phase_1_debut
2022-05-27,C4_plus_grande_couverture + C5_plus_grande_couverture,2022-05-27_002_021,-12.125,12.875,35.87507247924805,3.3845794200897217,4.345953464508057,32.490493059158325,True,True,forte,exceptionnelle,2022,5,27,147,Phase_1_debut,Debut de saison (Mai-Juin),Kédougou,Zone soudanienne,583.3017,4,plus_grande_couverture,Phase_1_debut
2022-05-27,C4_plus_grande_couverture + C5_plus_grande_couverture,2022-05-27_002_022,-11.875,12.875,24.694961547851562,3.379164218902588,3.3925771713256836,21.315797328948975,True,True,forte,exceptionnelle,2022,5,27,147,Phase_1_debut,Debut de saison (Mai-Juin),Kédougou,Zone soudanienne,610.432,4,plus_grande_couverture,Phase_1_debut
2022-05-27,C4_plus_grande_couverture + C5_plus_grande_couverture,2022-05-27_002_023,-11.625,12.875,16.05634307861328,2.852724552154541,2.2990520000457764,13.20361852645874,True,False,moderee,tres humide,2022,5,27,147,Phase_1_debut,Debut de saison (Mai-Juin),Kédougou,Zone soudanienne,637.5624,4,plus_grande_couverture,Phase_1_debut
2022-05-27,C4_plus_grande_couverture + C5_plus_grande_couverture,2022-05-27_003_003,-16.625,13.125,7.085087299346924,0.20116601884365082,6.324215888977051,6.883921280503273,True,False,moderee,exceptionnelle,2022,5,27,147,Phase_1_debut,Debut de saison (Mai-Juin),Ziguinchor,Zone soudanienne,94.86048,4,plus_grande_couverture,Phase_1_debut
2022-05-27,C4_plus_grande_couverture + C5_plus_grande_couverture,2022-05-27_003_004,-16.375,13.125,14.406935691833496,0.5689708590507507,6.084713935852051,13.837964832782745,True,False,moderee,exceptionnelle,2022,5,27,147,Phase_1_debut,Debut de saison (Mai-Juin),Ziguinchor,Zone soudanienne,121.96348,4,plus_grande_couverture,Phase_1_debut
2022-05-27,C4_plus_grande_couverture + C5_plus_grande_couverture,2022-05-27_003_005,-16.125,13.125,12.148723602294922,0.3972568213939667,6.190887451171875,11.751466780900955,True,False,moderee,exceptionnelle,2022,5,27,147,Phase_1_debut,Debut de saison (Mai-Juin),Sédhiou,Zone soudanienne,149.06648,4,plus_grande_couverture,Phase_1_debut
2022-05-27,C4_plus_grande_couverture + C5_plus_grande_couverture,2022-05-27_003_006,-15.875,13.125,13.767459869384766,0.3842792809009552,6.3386359214782715,13.38318058848381,True,False,moderee,exceptionnelle,2022,5,27,147,Phase_1_debut,Debut de saison (Mai-Juin),Sédhiou,Zone soudanienne,176.16948,4,plus_grande_couverture,Phase_1_debut
2022-05-27,C4_plus_grande_couverture + C5_plus_grande_couverture,2022-05-27_003_007,-15.625,13.125,14.7445650100708,0.3948940336704254,6.380227088928223,14.349670976400375,True,False,moderee,exceptionnelle,2022,5,27,147,Phase_1_debut,Debut de saison (Mai-Juin),Sédhiou,Zone soudanienne,203.27248,4,plus_grande_couverture,Phase_1_debut
2022-05-27,C4_plus_grande_couverture + C5_plus_grande_couverture,2022-05-27_003_008,-15.375,13.125,19.666059494018555,0.8514119386672974,5.7130913734436035,18.814647555351257,True,False,moderee,exceptionnelle,2022,5,27,147,Phase_1_debut,Debut de saison (Mai-Juin),Kolda,Zone soudanienne,230.37546,4,plus_grande_couverture,Phase_1_debut
2022-05-27,C4_plus_grande_couverture + C5_plus_grande_couverture,2022-05-27_003_009,-15.125,13.125,21.78692054748535,0.9484169483184814,5.84132194519043,20.83850359916687,True,True,forte,exceptionnelle,2022,5,27,147,Phase_1_debut,Debut de saison (Mai-Juin),Kolda,Zone soudanienne,257.47845,4,plus_grande_couverture,Phase_1_debut
2022-05-27,C4_plus_grande_couverture + C5_plus_grande_couverture,2022-05-27_003_010,-14.875,13.125,21.46053695678711,1.0843559503555298,5.640365123748779,20.37618100643158,True,True,forte,exceptionnelle,2022,5,27,147,Phase_1_debut,Debut de saison (Mai-Juin),Kolda,Zone soudanienne,284.58145,4,plus_grande_couverture,Phase_1_debut
2022-05-27,C4_plus_grande_couverture + C5_plus_grande_couverture,2022-05-27_003_011,-14.625,13.125,20.360881805419922,1.1320009231567383,5.487201690673828,19.228880882263184,True,True,forte,exceptionnelle,2022,5,27,147,Phase_1_debut,Debut de saison (Mai-Juin),Kolda,Zone soudanienne,311.68445,4,plus_grande_couverture,Phase_1_debut
2022-05-27,C4_plus_grande_couverture + C5_plus_grande_couverture,2022-05-27_003_012,-14.375,13.125,17.645294189453125,1.2004001140594482,5.079931259155273,16.444894075393677,True,False,moderee,exceptionnelle,2022,5,27,147,Phase_1_debut,Debut de saison (Mai-Juin),Tambacounda,Zone soudanienne,338.78745,4,plus_grande_couverture,Phase_1_debut
2022-05-27,C4_plus_grande_couverture + C5_plus_grande_couverture,2022-05-27_003_013,-14.125,13.125,21.31841468811035,1.38569176197052,5.354799270629883,19.93272292613983,True,True,forte,exceptionnelle,2022,5,27,147,Phase_1_debut,Debut de saison (Mai-Juin),Tambacounda,Zone soudanienne,365.89044,4,plus_grande_couverture,Phase_1_debut
2022-05-27,C4_plus_grande_couverture + C5_plus_grande_couverture,2022-05-27_003_014,-13.875,13.125,24.513792037963867,1.6795697212219238,5.237400531768799,22.834222316741943,True,True,forte,exceptionnelle,2022,5,27,147,Phase_1_debut,Debut de saison (Mai-Juin),Tambacounda,Zone soudanienne,392.99344,4,plus_grande_couverture,Phase_1_debut
2022-05-27,C4_plus_grande_couverture + C5_plus_grande_couverture,2022-05-27_003_015,-13.625,13.125,28.847291946411133,1.79961359500885,5.40057897567749,27.047678351402283,True,True,forte,exceptionnelle,2022,5,27,147,Phase_1_debut,Debut de saison (Mai-Juin),Tambacounda,Zone soudanienne,420.09644,4,plus_grande_couverture,Phase_1_debut
2022-05-27,C4_plus_grande_couverture + C5_plus_grande_couverture,2022-05-27_003_016,-13.375,13.125,25.770185470581055,1.7949988842010498,5.2573161125183105,23.975186586380005,True,True,forte,exceptionnelle,2022,5,27,147,Phase_1_debut,Debut de saison (Mai-Juin),Tambacounda,Zone soudanienne,447.19943,4,plus_grande_couverture,Phase_1_debut
2022-05-27,C4_plus_grande_couverture + C5_plus_grande_couverture,2022-05-27_003_017,-13.125,13.125,29.048505783081055,2.0277256965637207,5.224997043609619,27.020780086517334,True,True,forte,exceptionnelle,2022,5,27,147,Phase_1_debut,Debut de saison (Mai-Juin),Tambacounda,Zone soudanienne,474.30243,4,plus_grande_couverture,Phase_1_debut
2022-05-27,C4_plus_grande_couverture + C5_plus_grande_couverture,2022-05-27_003_018,-12.875,13.125,33.55885314941406,2.1369736194610596,5.350219249725342,31.421879529953003,True,True,forte,exceptionnelle,2022,5,27,147,Phase_1_debut,Debut de saison (Mai-Juin),Tambacounda,Zone soudanienne,501.4054,4,plus_grande_couverture,Phase_1_debut
2022-05-27,C4_plus_grande_couverture + C5_plus_grande_couverture,2022-05-27_003_019,-12.625,13.125,37.49540710449219,2.354081153869629,5.255715370178223,35.14132595062256,True,True,forte,exceptionnelle,2022,5,27,147,Phase_1_debut,Debut de saison (Mai-Juin),Tambacounda,Zone soudanienne,528.5084,4,plus_grande_couverture,Phase_1_debut
2022-05-27,C4_plus_grande_couverture + C5_plus_grande_couverture,2022-05-27_003_020,-12.375,13.125,34.63648223876953,2.7450737953186035,4.888113498687744,31.891408443450928,True,True,forte,exceptionnelle,2022,5,27,147,Phase_1_debut,Debut de saison (Mai-Juin),Tambacounda,Zone soudanienne,555.61145,4,plus_grande_couverture,Phase_1_debut
2022-05-27,C4_plus_grande_couverture + C5_plus_grande_couverture,2022-05-27_003_021,-12.125,13.125,34.961036682128906,3.2351975440979004,4.458322048187256,31.725839138031006,True,True,forte,exceptionnelle,2022,5,27,147,Phase_1_debut,Debut de saison (Mai-Juin),Tambacounda,Zone soudanienne,582.71436,4,plus_grande_couverture,Phase_1_debut
2022-05-27,C4_plus_grande_couverture + C5_plus_grande_couverture,2022-05-27_003_022,-11.875,13.125,22.9185733795166,3.3290491104125977,3.062138557434082,19.589524269104004,True,True,forte,exceptionnelle,2022,5,27,147,Phase_1_debut,Debut de saison (Mai-Juin),Tambacounda,Zone soudanienne,609.8174,4,plus_grande_couverture,Phase_1_debut
2022-05-27,C4_plus_grande_couverture + C5_plus_grande_couverture,2022-05-27_003_023,-11.625,13.125,9.434606552124023,2.8567192554473877,1.089821696281433,6.577887296676636,False,False,moderee,humide,2022,5,27,147,Phase_1_debut,Debut de saison (Mai-Juin),Tambacounda,Zone soudanienne,636.9204,4,plus_grande_couverture,Phase_1_debut
2022-05-27,C4_plus_grande_couverture + C5_plus_grande_couverture,2022-05-27_004_009,-15.125,13.375,19.19731903076172,0.6944983005523682,6.099842548370361,18.50282073020935,True,False,moderee,exceptionnelle,2022,5,27,147,Phase_1_debut,Debut de saison (Mai-Juin),Kolda,Zone soudanienne,257.21408,4,plus_grande_couverture,Phase_1_debut
2022-05-27,C4_plus_grande_couverture + C5_plus_grande_couverture,2022-05-27_004_010,-14.875,13.375,20.555635452270508,0.8722296357154846,5.85828971862793,19.683405816555023,True,True,forte,exceptionnelle,2022,5,27,147,Phase_1_debut,Debut de saison (Mai-Juin),Kolda,Zone soudanienne,284.2892,4,plus_grande_couverture,Phase_1_debut
2022-05-27,C4_plus_grande_couverture + C5_plus_grande_couverture,2022-05-27_004_015,-13.625,13.375,33.7306022644043,1.8969886302947998,5.685252666473389,31.833613634109497,True,True,forte,exceptionnelle,2022,5,27,147,Phase_1_debut,Debut de saison (Mai-Juin),Tambacounda,Zone soudanienne,419.66504,4,plus_grande_couverture,Phase_1_debut
2022-05-27,C4_plus_grande_couverture + C5_plus_grande_couverture,2022-05-27_004_016,-13.375,13.375,34.446563720703125,2.3348093032836914,5.1333208084106445,32.111754417419434,True,True,forte,exceptionnelle,2022,5,27,147,Phase_1_debut,Debut de saison (Mai-Juin),Tambacounda,Zone soudanienne,446.7402,4,plus_grande_couverture,Phase_1_debut
2022-05-27,C4_plus_grande_couverture + C5_plus_grande_couverture,2022-05-27_004_017,-13.125,13.375,27.20763397216797,2.154074192047119,4.765901565551758,25.05355978012085,True,True,forte,exceptionnelle,2022,5,27,147,Phase_1_debut,Debut de saison (Mai-Juin),Tambacounda,Zone soudanienne,473.81537,4,plus_grande_couverture,Phase_1_debut
2022-05-27,C4_plus_grande_couverture + C5_plus_grande_couverture,2022-05-27_004_018,-12.875,13.375,30.373586654663086,2.2699873447418213,4.858524799346924,28.103599309921265,True,True,forte,exceptionnelle,2022,5,27,147,Phase_1_debut,Debut de saison (Mai-Juin),Tambacounda,Zone soudanienne,500.89053,4,plus_grande_couverture,Phase_1_debut
2022-05-27,C4_plus_grande_couverture + C5_plus_grande_couverture,2022-05-27_004_019,-12.625,13.375,34.688594818115234,2.371696949005127,5.049740314483643,32.31689786911011,True,True,forte,exceptionnelle,2022,5,27,147,Phase_1_debut,Debut de saison (Mai-Juin),Tambacounda,Zone soudanienne,527.9657,4,plus_grande_couverture,Phase_1_debut
2022-05-27,C4_plus_grande_couverture + C5_plus_grande_couverture,2022-05-27_004_020,-12.375,13.375,31.843156814575195,2.3764472007751465,5.022300720214844,29.46670961380005,True,True,forte,exceptionnelle,2022,5,27,147,Phase_1_debut,Debut de saison (Mai-Juin),Tambacounda,Zone soudanienne,555.0409,4,plus_grande_couverture,Phase_1_debut
2022-05-27,C4_plus_grande_couverture + C5_plus_grande_couverture,2022-05-27_004_021,-12.125,13.375,28.543102264404297,2.753513813018799,4.2959370613098145,25.789588451385498,True,True,forte,exceptionnelle,2022,5,27,147,Phase_1_debut,Debut de saison (Mai-Juin),Tambacounda,Zone soudanienne,582.116,4,plus_grande_couverture,Phase_1_debut
2022-05-27,C4_plus_grande_couverture + C5_plus_grande_couverture,2022-05-27_004_022,-11.875,13.375,22.048141479492188,3.0267415046691895,3.0286505222320557,19.021399974822998,True,True,forte,exceptionnelle,2022,5,27,147,Phase_1_debut,Debut de saison (Mai-Juin),Tambacounda,Zone soudanienne,609.19116,4,plus_grande_couverture,Phase_1_debut
2022-05-27,C4_plus_grande_couverture + C5_plus_grande_couverture,2022-05-27_004_023,-11.625,13.375,11.739917755126953,2.834813356399536,1.3744685649871826,8.905104398727417,False,False,moderee,humide,2022,5,27,147,Phase_1_debut,Debut de saison (Mai-Juin),Tambacounda,Zone soudanienne,636.26636,4,plus_grande_couverture,Phase_1_debut
2022-05-27,C4_plus_grande_couverture + C5_plus_grande_couverture,2022-05-27_005_004,-16.375,13.625,2.7114946842193604,0.06920760869979858,6.396642208099365,2.6422870755195618,True,False,faible,exceptionnelle,2022,5,27,147,Phase_1_debut,Debut de saison (Mai-Juin),Kaolack,Zone soudano-sahélienne,121.71068,4,plus_grande_couverture,Phase_1_debut
2022-05-27,C4_plus_grande_couverture + C5_plus_grande_couverture,2022-05-27_005_005,-16.125,13.625,4.086942672729492,0.12630434334278107,6.227480411529541,3.960638329386711,True,False,faible,exceptionnelle,2022,5,27,147,Phase_1_debut,Debut de saison (Mai-Juin),Kaolack,Zone soudano-sahélienne,148.75749,4,plus_grande_couverture,Phase_1_debut
2022-05-27,C4_plus_grande_couverture + C5_plus_grande_couverture,2022-05-27_005_006,-15.875,13.625,6.959737777709961,0.24263037741184235,6.197812080383301,6.717107400298119,True,False,moderee,exceptionnelle,2022,5,27,147,Phase_1_debut,Debut de saison (Mai-Juin),Kaffrine,Zone soudano-sahélienne,175.80432,4,plus_grande_couverture,Phase_1_debut
2022-05-27,C4_plus_grande_couverture + C5_plus_grande_couverture,2022-05-27_005_007,-15.625,13.625,9.653630256652832,0.2807134687900543,6.257782936096191,9.372916787862778,True,False,moderee,exceptionnelle,2022,5,27,147,Phase_1_debut,Debut de saison (Mai-Juin),Kaffrine,Zone soudano-sahélienne,202.85114,4,plus_grande_couverture,Phase_1_debut
2022-05-27,C4_plus_grande_couverture + C5_plus_grande_couverture,2022-05-27_005_012,-14.375,13.625,17.66649055480957,0.7143295407295227,5.869376182556152,16.952161014080048,True,False,moderee,exceptionnelle,2022,5,27,147,Phase_1_debut,Debut de saison (Mai-Juin),Tambacounda,Zone soudano-sahélienne,338.0852,4,plus_grande_couverture,Phase_1_debut
2022-05-27,C4_plus_grande_couverture + C5_plus_grande_couverture,2022-05-27_005_013,-14.125,13.625,22.449417114257812,1.1787135601043701,5.433568954467773,21.270703554153442,True,True,forte,exceptionnelle,2022,5,27,147,Phase_1_debut,Debut de saison (Mai-Juin),Tambacounda,Zone soudano-sahélienne,365.13202,4,plus_grande_couverture,Phase_1_debut
2022-05-27,C4_plus_grande_couverture + C5_plus_grande_couverture,2022-05-27_005_014,-13.875,13.625,28.000324249267578,1.5047684907913208,5.389418125152588,26.495555758476257,True,True,forte,exceptionnelle,2022,5,27,147,Phase_1_debut,Debut de saison (Mai-Juin),Tambacounda,Zone soudano-sahélienne,392.17886,4,plus_grande_couverture,Phase_1_debut
2022-05-27,C4_plus_grande_couverture + C5_plus_grande_couverture,2022-05-27_005_015,-13.625,13.625,37.14585494995117,2.2114956378936768,5.252860069274902,34.934359312057495,True,True,forte,exceptionnelle,2022,5,27,147,Phase_1_debut,Debut de saison (Mai-Juin),Tambacounda,Zone soudano-sahélienne,419.22565,4,plus_grande_couverture,Phase_1_debut
2022-05-27,C4_plus_grande_couverture + C5_plus_grande_couverture,2022-05-27_005_016,-13.375,13.625,31.6198673248291,1.835140347480774,5.459160327911377,29.784726977348328,True,True,forte,exceptionnelle,2022,5,27,147,Phase_1_debut,Debut de saison (Mai-Juin),Tambacounda,Zone soudano-sahélienne,446.2725,4,plus_grande_couverture,Phase_1_debut
2022-05-27,C4_plus_grande_couverture + C5_plus_grande_couverture,2022-05-27_005_017,-13.125,13.625,27.193378448486328,1.7084227800369263,5.314046382904053,25.484955668449402,True,True,forte,exceptionnelle,2022,5,27,147,Phase_1_debut,Debut de saison (Mai-Juin),Tambacounda,Zone soudano-sahélienne,473.3193,4,plus_grande_couverture,Phase_1_debut
2022-05-27,C4_plus_grande_couverture + C5_plus_grande_couverture,2022-05-27_005_018,-12.875,13.625,27.251680374145508,1.687780737876892,5.552586555480957,25.563899636268616,True,True,forte,exceptionnelle,2022,5,27,147,Phase_1_debut,Debut de saison (Mai-Juin),Tambacounda,Zone soudano-sahélienne,500.3661,4,plus_grande_couverture,Phase_1_debut
2022-05-27,C4_plus_grande_couverture + C5_plus_grande_couverture,2022-05-27_005_019,-12.625,13.625,29.560165405273438,1.8849494457244873,5.618951797485352,27.67521595954895,True,True,forte,exceptionnelle,2022,5,27,147,Phase_1_debut,Debut de saison (Mai-Juin),Tambacounda,Zone soudano-sahélienne,527.4129,4,plus_grande_couverture,Phase_1_debut
2022-05-27,C4_plus_grande_couverture + C5_plus_grande_couverture,2022-05-27_005_020,-12.375,13.625,30.731670379638672,2.0662338733673096,5.520101547241211,28.665436506271362,True,True,forte,exceptionnelle,2022,5,27,147,Phase_1_debut,Debut de saison (Mai-Juin),Tambacounda,Zone soudano-sahélienne,554.4598,4,plus_grande_couverture,Phase_1_debut
2022-05-27,C4_plus_grande_couverture + C5_plus_grande_couverture,2022-05-27_005_021,-12.125,13.625,28.193960189819336,2.0509119033813477,5.188055992126465,26.14304828643799,True,True,forte,exceptionnelle,2022,5,27,147,Phase_1_debut,Debut de saison (Mai-Juin),Tambacounda,Zone soudano-sahélienne,581.50653,4,plus_grande_couverture,Phase_1_debut
2022-05-27,C4_plus_grande_couverture + C5_plus_grande_couverture,2022-05-27_006_003,-16.625,13.875,0.796116292476654,0.037260521203279495,5.163426876068115,0.7588557712733746,True,False,trace,exceptionnelle,2022,5,27,147,Phase_1_debut,Debut de saison (Mai-Juin),Fatick,Zone soudano-sahélienne,94.562836,4,plus_grande_couverture,Phase_1_debut
2022-05-27,C4_plus_grande_couverture + C5_plus_grande_couverture,2022-05-27_006_004,-16.375,13.875,1.5235708951950073,0.0354318805038929,6.4049391746521,1.4881390146911144,True,False,faible,exceptionnelle,2022,5,27,147,Phase_1_debut,Debut de saison (Mai-Juin),Fatick,Zone soudano-sahélienne,121.580795,4,plus_grande_couverture,Phase_1_debut
2022-05-27,C4_plus_grande_couverture + C5_plus_grande_couverture,2022-05-27_006_005,-16.125,13.875,3.082296371459961,0.09568136930465698,6.274906158447266,2.986615002155304,True,False,faible,exceptionnelle,2022,5,27,147,Phase_1_debut,Debut de saison (Mai-Juin),Fatick,Zone soudano-sahélienne,148.59875,4,plus_grande_couverture,Phase_1_debut
2022-05-27,C4_plus_grande_couverture + C5_plus_grande_couverture,2022-05-27_006_006,-15.875,13.875,4.632747650146484,0.1519797295331955,6.237247943878174,4.480767920613289,True,False,faible,exceptionnelle,2022,5,27,147,Phase_1_debut,Debut de saison (Mai-Juin),Kaolack,Zone soudano-sahélienne,175.6167,4,plus_grande_couverture,Phase_1_debut
2022-05-27,C4_plus_grande_couverture + C5_plus_grande_couverture,2022-05-27_006_007,-15.625,13.875,7.553464412689209,0.24452868103981018,6.173812389373779,7.308935731649399,True,False,moderee,exceptionnelle,2022,5,27,147,Phase_1_debut,Debut de saison (Mai-Juin),Kaolack,Zone soudano-sahélienne,202.63466,4,plus_grande_couverture,Phase_1_debut
2022-05-27,C4_plus_grande_couverture + C5_plus_grande_couverture,2022-05-27_006_008,-15.375,13.875,8.981383323669434,0.21651944518089294,6.400643348693848,8.76486387848854,True,False,moderee,exceptionnelle,2022,5,27,147,Phase_1_debut,Debut de saison (Mai-Juin),Kaffrine,Zone soudano-sahélienne,229.6526,4,plus_grande_couverture,Phase_1_debut
2022-05-27,C4_plus_grande_couverture + C5_plus_grande_couverture,2022-05-27_006_009,-15.125,13.875,10.071425437927246,0.279236763715744,6.339924335479736,9.792188674211502,True,False,moderee,exceptionnelle,2022,5,27,147,Phase_1_debut,Debut de saison (Mai-Juin),Kaffrine,Zone soudano-sahélienne,256.67056,4,plus_grande_couverture,Phase_1_debut
2022-05-27,C4_plus_grande_couverture + C5_plus_grande_couverture,2022-05-27_006_010,-14.875,13.875,10.904828071594238,0.3699265718460083,6.166575908660889,10.53490149974823,True,False,moderee,exceptionnelle,2022,5,27,147,Phase_1_debut,Debut de saison (Mai-Juin),Kaffrine,Zone soudano-sahélienne,283.6885,4,plus_grande_couverture,Phase_1_debut
2022-05-27,C4_plus_grande_couverture + C5_plus_grande_couverture,2022-05-27_006_011,-14.625,13.875,10.766118049621582,0.36600834131240845,6.207099437713623,10.400109708309174,True,False,moderee,exceptionnelle,2022,5,27,147,Phase_1_debut,Debut de saison (Mai-Juin),Kaffrine,Zone soudano-sahélienne,310.70648,4,plus_grande_couverture,Phase_1_debut
2022-05-27,C4_plus_grande_couverture + C5_plus_grande_couverture,2022-05-27_006_012,-14.375,13.875,14.107677459716797,0.5461980104446411,6.091012954711914,13.561479449272156,True,False,moderee,exceptionnelle,2022,5,27,147,Phase_1_debut,Debut de saison (Mai-Juin),Tambacounda,Zone soudano-sahélienne,337.72443,4,plus_grande_couverture,Phase_1_debut
2022-05-27,C4_plus_grande_couverture + C5_plus_grande_couverture,2022-05-27_006_013,-14.125,13.875,18.223026275634766,0.9654898643493652,5.422820568084717,17.2575364112854,True,False,moderee,exceptionnelle,2022,5,27,147,Phase_1_debut,Debut de saison (Mai-Juin),Tambacounda,Zone soudano-sahélienne,364.74237,4,plus_grande_couverture,Phase_1_debut
2022-05-27,C4_plus_grande_couverture + C5_plus_grande_couverture,2022-05-27_006_014,-13.875,13.875,26.019636154174805,1.5380825996398926,5.015464782714844,24.481553554534912,True,True,forte,exceptionnelle,2022,5,27,147,Phase_1_debut,Debut de saison (Mai-Juin),Tambacounda,Zone soudano-sahélienne,391.76035,4,plus_grande_couverture,Phase_1_debut
2022-05-27,C4_plus_grande_couverture + C5_plus_grande_couverture,2022-05-27_006_015,-13.625,13.875,31.326982498168945,1.789097785949707,5.190552234649658,29.53788471221924,True,True,forte,exceptionnelle,2022,5,27,147,Phase_1_debut,Debut de saison (Mai-Juin),Tambacounda,Zone soudano-sahélienne,418.7783,4,plus_grande_couverture,Phase_1_debut
2022-05-27,C4_plus_grande_couverture + C5_plus_grande_couverture,2022-05-27_006_016,-13.375,13.875,30.609067916870117,1.269364833831787,6.132172107696533,29.33970308303833,True,True,forte,exceptionnelle,2022,5,27,147,Phase_1_debut,Debut de saison (Mai-Juin),Tambacounda,Zone soudano-sahélienne,445.79623,4,plus_grande_couverture,Phase_1_debut
2022-05-27,C4_plus_grande_couverture + C5_plus_grande_couverture,2022-05-27_006_017,-13.125,13.875,26.968399047851562,1.2910629510879517,5.8186516761779785,25.67733609676361,True,True,forte,exceptionnelle,2022,5,27,147,Phase_1_debut,Debut de saison (Mai-Juin),Tambacounda,Zone soudano-sahélienne,472.81418,4,plus_grande_couverture,Phase_1_debut
2022-05-27,C4_plus_grande_couverture + C5_plus_grande_couverture,2022-05-27_006_018,-12.875,13.875,26.3535099029541,1.4307159185409546,5.681635856628418,24.922793984413147,True,True,forte,exceptionnelle,2022,5,27,147,Phase_1_debut,Debut de saison (Mai-Juin),Tambacounda,Zone soudano-sahélienne,499.83212,4,plus_grande_couverture,Phase_1_debut
2022-05-27,C4_plus_grande_couverture + C5_plus_grande_couverture,2022-05-27_006_019,-12.625,13.875,25.110353469848633,1.6131364107131958,5.511802673339844,23.497217059135437,True,True,forte,exceptionnelle,2022,5,27,147,Phase_1_debut,Debut de saison (Mai-Juin),Tambacounda,Zone soudano-sahélienne,526.8501,4,plus_grande_couverture,Phase_1_debut
2022-05-27,C4_plus_grande_couverture + C5_plus_grande_couverture,2022-05-27_006_020,-12.375,13.875,25.406923294067383,1.779229998588562,5.245589733123779,23.62769329547882,True,True,forte,exceptionnelle,2022,5,27,147,Phase_1_debut,Debut de saison (Mai-Juin),Tambacounda,Zone soudano-sahélienne,553.86804,4,plus_grande_couverture,Phase_1_debut
2022-05-27,C4_plus_grande_couverture + C5_plus_grande_couverture,2022-05-27_006_021,-12.125,13.875,20.431934356689453,1.468871831893921,5.074973106384277,18.963062524795532,True,True,forte,exceptionnelle,2022,5,27,147,Phase_1_debut,Debut de saison (Mai-Juin),Tambacounda,Zone soudano-sahélienne,580.886,4,plus_grande_couverture,Phase_1_debut
2022-05-27,C4_plus_grande_couverture + C5_plus_grande_couverture,2022-05-27_007_003,-16.625,14.125,0.6267169117927551,0.041849326342344284,4.230470180511475,0.5848675854504108,True,False,trace,exceptionnelle,2022,5,27,147,Phase_1_debut,Debut de saison (Mai-Juin),Fatick,Zone soudano-sahélienne,94.460014,4,plus_grande_couverture,Phase_1_debut
2022-05-27,C4_plus_grande_couverture + C5_plus_grande_couverture,2022-05-27_007_004,-16.375,14.125,0.7689359188079834,0.044700320810079575,4.780359745025635,0.7242355979979038,True,False,trace,exceptionnelle,2022,5,27,147,Phase_1_debut,Debut de saison (Mai-Juin),Fatick,Zone soudano-sahélienne,121.44859,4,plus_grande_couverture,Phase_1_debut
2022-05-27,C4_plus_grande_couverture + C5_plus_grande_couverture,2022-05-27_007_005,-16.125,14.125,2.172109842300415,0.06074826791882515,6.2990946769714355,2.11136157438159,True,False,faible,exceptionnelle,2022,5,27,147,Phase_1_debut,Debut de saison (Mai-Juin),Fatick,Zone soudano-sahélienne,148.43718,4,plus_grande_couverture,Phase_1_debut
2022-05-27,C4_plus_grande_couverture + C5_plus_grande_couverture,2022-05-27_007_006,-15.875,14.125,2.5058350563049316,0.09188442677259445,6.117720603942871,2.413950629532337,True,False,faible,exceptionnelle,2022,5,27,147,Phase_1_debut,Debut de saison (Mai-Juin),Kaolack,Zone soudano-sahélienne,175.42575,4,plus_grande_couverture,Phase_1_debut
2022-05-27,C4_plus_grande_couverture + C5_plus_grande_couverture,2022-05-27_007_007,-15.625,14.125,3.3548574447631836,0.12238825112581253,5.9216742515563965,3.232469193637371,True,False,faible,exceptionnelle,2022,5,27,147,Phase_1_debut,Debut de saison (Mai-Juin),Kaolack,Zone soudano-sahélienne,202.41434,4,plus_grande_couverture,Phase_1_debut
2022-05-27,C4_plus_grande_couverture + C5_plus_grande_couverture,2022-05-27_007_008,-15.375,14.125,4.333543300628662,0.11162203550338745,6.3785247802734375,4.221921265125275,True,False,faible,exceptionnelle,2022,5,27,147,Phase_1_debut,Debut de saison (Mai-Juin),Kaffrine,Zone soudano-sahélienne,229.4029,4,plus_grande_couverture,Phase_1_debut
2022-05-27,C4_plus_grande_couverture + C5_plus_grande_couverture,2022-05-27_007_009,-15.125,14.125,4.779931545257568,0.12277709692716599,6.383998870849609,4.657154448330402,True,False,faible,exceptionnelle,2022,5,27,147,Phase_1_debut,Debut de saison (Mai-Juin),Kaffrine,Zone soudano-sahélienne,256.39148,4,plus_grande_couverture,Phase_1_debut
2022-05-27,C4_plus_grande_couverture + C5_plus_grande_couverture,2022-05-27_007_010,-14.875,14.125,6.109434127807617,0.2018837332725525,6.262434959411621,5.907550394535065,True,False,moderee,exceptionnelle,2022,5,27,147,Phase_1_debut,Debut de saison (Mai-Juin),Kaffrine,Zone soudano-sahélienne,283.38007,4,plus_grande_couverture,Phase_1_debut
2022-05-27,C4_plus_grande_couverture + C5_plus_grande_couverture,2022-05-27_007_011,-14.625,14.125,8.721883773803711,0.3395322859287262,6.094993591308594,8.382351487874985,True,False,moderee,exceptionnelle,2022,5,27,147,Phase_1_debut,Debut de saison (Mai-Juin),Kaffrine,Zone soudano-sahélienne,310.36865,4,plus_grande_couverture,Phase_1_debut
2022-05-27,C4_plus_grande_couverture + C5_plus_grande_couverture,2022-05-27_007_012,-14.375,14.125,10.143704414367676,0.4049720764160156,6.05455207824707,9.73873233795166,True,False,moderee,exceptionnelle,2022,5,27,147,Phase_1_debut,Debut de saison (Mai-Juin),Tambacounda,Zone soudano-sahélienne,337.3572,4,plus_grande_couverture,Phase_1_debut
2022-05-27,C4_plus_grande_couverture + C5_plus_grande_couverture,2022-05-27_007_013,-14.125,14.125,12.565643310546875,0.5471130609512329,6.021877765655518,12.018530249595642,True,False,moderee,exceptionnelle,2022,5,27,147,Phase_1_debut,Debut de saison (Mai-Juin),Tambacounda,Zone soudano-sahélienne,364.34576,4,plus_grande_couverture,Phase_1_debut
2022-05-27,C4_plus_grande_couverture + C5_plus_grande_couverture,2022-05-27_007_014,-13.875,14.125,18.28571319580078,0.9421477317810059,5.794854640960693,17.343565464019775,True,False,moderee,exceptionnelle,2022,5,27,147,Phase_1_debut,Debut de saison (Mai-Juin),Tambacounda,Zone soudano-sahélienne,391.33438,4,plus_grande_couverture,Phase_1_debut
2022-05-27,C4_plus_grande_couverture + C5_plus_grande_couverture,2022-05-27_007_015,-13.625,14.125,25.258056640625,0.9762462377548218,6.128619194030762,24.281810402870178,True,True,forte,exceptionnelle,2022,5,27,147,Phase_1_debut,Debut de saison (Mai-Juin),Tambacounda,Zone soudano-sahélienne,418.32294,4,plus_grande_couverture,Phase_1_debut
2022-05-27,C4_plus_grande_couverture + C5_plus_grande_couverture,2022-05-27_007_016,-13.375,14.125,26.98563003540039,0.9431628584861755,6.215965747833252,26.042467176914215,True,True,forte,exceptionnelle,2022,5,27,147,Phase_1_debut,Debut de saison (Mai-Juin),Tambacounda,Zone soudano-sahélienne,445.31152,4,plus_grande_couverture,Phase_1_debut
2022-05-27,C4_plus_grande_couverture + C5_plus_grande_couverture,2022-05-27_007_017,-13.125,14.125,27.110780715942383,1.1417349576950073,5.942600727081299,25.969045758247375,True,True,forte,exceptionnelle,2022,5,27,147,Phase_1_debut,Debut de saison (Mai-Juin),Tambacounda,Zone soudano-sahélienne,472.30008,4,plus_grande_couverture,Phase_1_debut
2022-05-27,C4_plus_grande_couverture + C5_plus_grande_couverture,2022-05-27_007_018,-12.875,14.125,25.7078914642334,1.21269690990448,5.838500499725342,24.49519455432892,True,True,forte,exceptionnelle,2022,5,27,147,Phase_1_debut,Debut de saison (Mai-Juin),Tambacounda,Zone soudano-sahélienne,499.28867,4,plus_grande_couverture,Phase_1_debut
2022-05-27,C4_plus_grande_couverture + C5_plus_grande_couverture,2022-05-27_007_019,-12.625,14.125,22.342134475708008,1.2677353620529175,5.655657768249512,21.07439911365509,True,True,forte,exceptionnelle,2022,5,27,147,Phase_1_debut,Debut de saison (Mai-Juin),Tambacounda,Zone soudano-sahélienne,526.2772,4,plus_grande_couverture,Phase_1_debut
2022-05-27,C4_plus_grande_couverture + C5_plus_grande_couverture,2022-05-27_007_020,-12.375,14.125,16.643922805786133,1.215630054473877,5.016134738922119,15.428292751312256,True,False,moderee,exceptionnelle,2022,5,27,147,Phase_1_debut,Debut de saison (Mai-Juin),Tambacounda,Zone soudano-sahélienne,553.2658,4,plus_grande_couverture,Phase_1_debut
2022-05-27,C4_plus_grande_couverture + C5_plus_grande_couverture,2022-05-27_007_021,-12.125,14.125,11.131823539733887,0.9220137596130371,4.304372787475586,10.20980978012085,True,False,moderee,exceptionnelle,2022,5,27,147,Phase_1_debut,Debut de saison (Mai-Juin),Tambacounda,Zone soudano-sahélienne,580.2544,4,plus_grande_couverture,Phase_1_debut
2022-05-27,C4_plus_grande_couverture + C5_plus_grande_couverture,2022-05-27_008_002,-16.875,14.375,0.7109472155570984,0.04647672548890114,3.262070417404175,0.6644704900681973,True,False,trace,exceptionnelle,2022,5,27,147,Phase_1_debut,Debut de saison (Mai-Juin),Thiès,Zone soudano-sahélienne,67.39671,4,plus_grande_couverture,Phase_1_debut
2022-05-27,C4_plus_grande_couverture + C5_plus_grande_couverture,2022-05-27_008_003,-16.625,14.375,0.8188827633857727,0.044388797134160995,3.9996838569641113,0.7744939662516117,True,False,trace,exceptionnelle,2022,5,27,147,Phase_1_debut,Debut de saison (Mai-Juin),Fatick,Zone soudano-sahélienne,94.3554,4,plus_grande_couverture,Phase_1_debut
2022-05-27,C4_plus_grande_couverture + C5_plus_grande_couverture,2022-05-27_008_004,-16.375,14.375,0.754737913608551,0.04313503950834274,4.048088550567627,0.7116028741002083,True,False,trace,exceptionnelle,2022,5,27,147,Phase_1_debut,Debut de saison (Mai-Juin),Diourbel,Zone soudano-sahélienne,121.314095,4,plus_grande_couverture,Phase_1_debut
2022-05-27,C4_plus_grande_couverture + C5_plus_grande_couverture,2022-05-27_008_005,-16.125,14.375,1.5421696901321411,0.03689662367105484,6.402286529541016,1.5052730664610863,True,False,faible,exceptionnelle,2022,5,27,147,Phase_1_debut,Debut de saison (Mai-Juin),Diourbel,Zone soudano-sahélienne,148.27278,4,plus_grande_couverture,Phase_1_debut
2022-05-27,C4_plus_grande_couverture + C5_plus_grande_couverture,2022-05-27_008_006,-15.875,14.375,1.2297872304916382,0.032426636666059494,6.3610100746154785,1.1973605938255787,True,False,faible,exceptionnelle,2022,5,27,147,Phase_1_debut,Debut de saison (Mai-Juin),Diourbel,Zone soudano-sahélienne,175.23148,4,plus_grande_couverture,Phase_1_debut
2022-05-27,C4_plus_grande_couverture + C5_plus_grande_couverture,2022-05-27_008_007,-15.625,14.375,1.9397201538085938,0.07281163334846497,6.100233554840088,1.8669085204601288,True,False,faible,exceptionnelle,2022,5,27,147,Phase_1_debut,Debut de saison (Mai-Juin),Kaolack,Zone soudano-sahélienne,202.19016,4,plus_grande_couverture,Phase_1_debut
2022-05-27,C4_plus_grande_couverture + C5_plus_grande_couverture,2022-05-27_008_008,-15.375,14.375,2.685941457748413,0.13718265295028687,5.159070014953613,2.548758804798126,True,False,faible,exceptionnelle,2022,5,27,147,Phase_1_debut,Debut de saison (Mai-Juin),Kaffrine,Zone soudano-sahélienne,229.14883,4,plus_grande_couverture,Phase_1_debut
2022-05-27,C4_plus_grande_couverture + C5_plus_grande_couverture,2022-05-27_008_009,-15.125,14.375,3.1994597911834717,0.11774491518735886,5.994814395904541,3.081714875996113,True,False,faible,exceptionnelle,2022,5,27,147,Phase_1_debut,Debut de saison (Mai-Juin),Kaffrine,Zone soudano-sahélienne,256.10754,4,plus_grande_couverture,Phase_1_debut
2022-05-27,C4_plus_grande_couverture + C5_plus_grande_couverture,2022-05-27_008_010,-14.875,14.375,6.067228317260742,0.14228202402591705,6.404714584350586,5.924946293234825,True,False,moderee,exceptionnelle,2022,5,27,147,Phase_1_debut,Debut de saison (Mai-Juin),Kaffrine,Zone soudano-sahélienne,283.06622,4,plus_grande_couverture,Phase_1_debut
2022-05-27,C4_plus_grande_couverture + C5_plus_grande_couverture,2022-05-27_008_011,-14.625,14.375,7.9403510093688965,0.25824758410453796,6.1981987953186035,7.6821034252643585,True,False,moderee,exceptionnelle,2022,5,27,147,Phase_1_debut,Debut de saison (Mai-Juin),Kaffrine,Zone soudano-sahélienne,310.0249,4,plus_grande_couverture,Phase_1_debut
2022-05-27,C4_plus_grande_couverture + C5_plus_grande_couverture,2022-05-27_008_012,-14.375,14.375,9.303095817565918,0.37820836901664734,5.864414691925049,8.92488744854927,True,False,moderee,exceptionnelle,2022,5,27,147,Phase_1_debut,Debut de saison (Mai-Juin),Tambacounda,Zone soudano-sahélienne,336.98358,4,plus_grande_couverture,Phase_1_debut
2022-05-27,C4_plus_grande_couverture + C5_plus_grande_couverture,2022-05-27_008_013,-14.125,14.375,14.631430625915527,0.6018675565719604,5.964632034301758,14.029563069343567,True,False,moderee,exceptionnelle,2022,5,27,147,Phase_1_debut,Debut de saison (Mai-Juin),Tambacounda,Zone soudano-sahélienne,363.94226,4,plus_grande_couverture,Phase_1_debut
2022-05-27,C4_plus_grande_couverture + C5_plus_grande_couverture,2022-05-27_008_014,-13.875,14.375,19.075366973876953,0.7841232419013977,5.974729061126709,18.291243731975555,True,False,moderee,exceptionnelle,2022,5,27,147,Phase_1_debut,Debut de saison (Mai-Juin),Tambacounda,Zone soudano-sahélienne,390.90097,4,plus_grande_couverture,Phase_1_debut
2022-05-27,C4_plus_grande_couverture + C5_plus_grande_couverture,2022-05-27_008_015,-13.625,14.375,24.756603240966797,0.9361448884010315,6.117544174194336,23.820458352565765,True,True,forte,exceptionnelle,2022,5,27,147,Phase_1_debut,Debut de saison (Mai-Juin),Tambacounda,Zone soudano-sahélienne,417.85965,4,plus_grande_couverture,Phase_1_debut
2022-05-27,C4_plus_grande_couverture + C5_plus_grande_couverture,2022-05-27_008_016,-13.375,14.375,24.697647094726562,1.0041303634643555,6.025762557983398,23.693516731262207,True,True,forte,exceptionnelle,2022,5,27,147,Phase_1_debut,Debut de saison (Mai-Juin),Tambacounda,Zone soudano-sahélienne,444.81833,4,plus_grande_couverture,Phase_1_debut
2022-05-27,C4_plus_grande_couverture + C5_plus_grande_couverture,2022-05-27_008_017,-13.125,14.375,23.384145736694336,0.8980886936187744,6.0412750244140625,22.48605704307556,True,True,forte,exceptionnelle,2022,5,27,147,Phase_1_debut,Debut de saison (Mai-Juin),Tambacounda,Zone soudano-sahélienne,471.777,4,plus_grande_couverture,Phase_1_debut
2022-05-27,C4_plus_grande_couverture + C5_plus_grande_couverture,2022-05-27_008_018,-12.875,14.375,23.054349899291992,0.9561050534248352,5.903755187988281,22.098244845867157,True,True,forte,exceptionnelle,2022,5,27,147,Phase_1_debut,Debut de saison (Mai-Juin),Tambacounda,Zone soudano-sahélienne,498.7357,4,plus_grande_couverture,Phase_1_debut
2022-05-27,C4_plus_grande_couverture + C5_plus_grande_couverture,2022-05-27_008_019,-12.625,14.375,19.94594955444336,0.9997072219848633,5.747084617614746,18.946242332458496,True,False,moderee,exceptionnelle,2022,5,27,147,Phase_1_debut,Debut de saison (Mai-Juin),Tambacounda,Zone soudano-sahélienne,525.6944,4,plus_grande_couverture,Phase_1_debut
2022-05-27,C4_plus_grande_couverture + C5_plus_grande_couverture,2022-05-27_008_020,-12.375,14.375,12.357937812805176,0.793184757232666,5.159743309020996,11.56475305557251,True,False,moderee,exceptionnelle,2022,5,27,147,Phase_1_debut,Debut de saison (Mai-Juin),Tambacounda,Zone soudano-sahélienne,552.6531,4,plus_grande_couverture,Phase_1_debut
2022-05-27,C4_plus_grande_couverture + C5_plus_grande_couverture,2022-05-27_009_001,-17.125,14.625,0.0,0.008257179521024227,-0.15249858796596527,-0.008257179521024227,False,False,trace,normale,2022,5,27,147,Phase_1_debut,Debut de saison (Mai-Juin),Dakar,Zone soudano-sahélienne,40.39242,4,plus_grande_couverture,Phase_1_debut
2022-05-27,C4_plus_grande_couverture + C5_plus_grande_couverture,2022-05-27_009_002,-16.875,14.625,0.7910192608833313,0.039453376084566116,4.148223876953125,0.7515658847987652,True,False,trace,exceptionnelle,2022,5,27,147,Phase_1_debut,Debut de saison (Mai-Juin),Thiès,Zone soudano-sahélienne,67.3207,4,plus_grande_couverture,Phase_1_debut
2022-05-27,C4_plus_grande_couverture + C5_plus_grande_couverture,2022-05-27_009_003,-16.625,14.625,0.7792648077011108,0.03877558186650276,4.1591644287109375,0.7404892258346081,True,False,trace,exceptionnelle,2022,5,27,147,Phase_1_debut,Debut de saison (Mai-Juin),Thiès,Zone soudano-sahélienne,94.248985,4,plus_grande_couverture,Phase_1_debut
2022-05-27,C4_plus_grande_couverture + C5_plus_grande_couverture,2022-05-27_009_004,-16.375,14.625,0.8870707154273987,0.04875824600458145,4.312937259674072,0.8383124694228172,True,False,trace,exceptionnelle,2022,5,27,147,Phase_1_debut,Debut de saison (Mai-Juin),Diourbel,Zone soudano-sahélienne,121.17728,4,plus_grande_couverture,Phase_1_debut
2022-05-27,C4_plus_grande_couverture + C5_plus_grande_couverture,2022-05-27_009_005,-16.125,14.625,0.826117753982544,0.04831518605351448,4.781353950500488,0.7778025679290295,True,False,trace,exceptionnelle,2022,5,27,147,Phase_1_debut,Debut de saison (Mai-Juin),Diourbel,Zone soudano-sahélienne,148.10556,4,plus_grande_couverture,Phase_1_debut
2022-05-27,C4_plus_grande_couverture + C5_plus_grande_couverture,2022-05-27_009_006,-15.875,14.625,0.7371659278869629,0.038259055465459824,5.2960524559021,0.6989068724215031,True,False,trace,exceptionnelle,2022,5,27,147,Phase_1_debut,Debut de saison (Mai-Juin),Diourbel,Zone soudano-sahélienne,175.03384,4,plus_grande_couverture,Phase_1_debut
2022-05-27,C4_plus_grande_couverture + C5_plus_grande_couverture,2022-05-27_009_007,-15.625,14.625,0.8672571778297424,0.03131559118628502,5.659091472625732,0.8359415866434574,True,False,trace,exceptionnelle,2022,5,27,147,Phase_1_debut,Debut de saison (Mai-Juin),Kaffrine,Zone soudano-sahélienne,201.96213,4,plus_grande_couverture,Phase_1_debut
2022-05-27,C4_plus_grande_couverture + C5_plus_grande_couverture,2022-05-27_009_008,-15.375,14.625,1.5590248107910156,0.056981563568115234,5.791410446166992,1.5020432472229004,True,False,faible,exceptionnelle,2022,5,27,147,Phase_1_debut,Debut de saison (Mai-Juin),Kaffrine,Zone soudano-sahélienne,228.8904,4,plus_grande_couverture,Phase_1_debut
2022-05-27,C4_plus_grande_couverture + C5_plus_grande_couverture,2022-05-27_009_009,-15.125,14.625,2.366847515106201,0.08018577843904495,6.077225208282471,2.286661736667156,True,False,faible,exceptionnelle,2022,5,27,147,Phase_1_debut,Debut de saison (Mai-Juin),Kaffrine,Zone soudano-sahélienne,255.8187,4,plus_grande_couverture,Phase_1_debut
2022-05-27,C4_plus_grande_couverture + C5_plus_grande_couverture,2022-05-27_009_010,-14.875,14.625,4.587646007537842,0.13447213172912598,6.323894023895264,4.453173875808716,True,False,faible,exceptionnelle,2022,5,27,147,Phase_1_debut,Debut de saison (Mai-Juin),Kaffrine,Zone soudano-sahélienne,282.74698,4,plus_grande_couverture,Phase_1_debut
2022-05-27,C4_plus_grande_couverture + C5_plus_grande_couverture,2022-05-27_009_011,-14.625,14.625,5.930732250213623,0.16478413343429565,6.34308385848999,5.765948116779327,True,False,moderee,exceptionnelle,2022,5,27,147,Phase_1_debut,Debut de saison (Mai-Juin),Kaffrine,Zone soudano-sahélienne,309.67526,4,plus_grande_couverture,Phase_1_debut
2022-05-27,C4_plus_grande_couverture + C5_plus_grande_couverture,2022-05-27_009_012,-14.375,14.625,7.976194858551025,0.32550403475761414,5.634113311767578,7.650690823793411,True,False,moderee,exceptionnelle,2022,5,27,147,Phase_1_debut,Debut de saison (Mai-Juin),Tambacounda,Zone soudano-sahélienne,336.60355,4,plus_grande_couverture,Phase_1_debut
2022-05-27,C4_plus_grande_couverture + C5_plus_grande_couverture,2022-05-27_009_013,-14.125,14.625,11.994854927062988,0.4484720826148987,5.99131965637207,11.54638284444809,True,False,moderee,exceptionnelle,2022,5,27,147,Phase_1_debut,Debut de saison (Mai-Juin),Tambacounda,Zone soudano-sahélienne,363.5318,4,plus_grande_couverture,Phase_1_debut
2022-05-27,C4_plus_grande_couverture + C5_plus_grande_couverture,2022-05-27_009_014,-13.875,14.625,17.435218811035156,0.5406081080436707,6.227210521697998,16.894610702991486,True,False,moderee,exceptionnelle,2022,5,27,147,Phase_1_debut,Debut de saison (Mai-Juin),Tambacounda,Zone soudano-sahélienne,390.4601,4,plus_grande_couverture,Phase_1_debut
2022-05-27,C4_plus_grande_couverture + C5_plus_grande_couverture,2022-05-27_009_015,-13.625,14.625,23.950416564941406,0.7560800313949585,6.247981548309326,23.194336533546448,True,True,forte,exceptionnelle,2022,5,27,147,Phase_1_debut,Debut de saison (Mai-Juin),Tambacounda,Zone soudano-sahélienne,417.38837,4,plus_grande_couverture,Phase_1_debut
2022-05-27,C4_plus_grande_couverture + C5_plus_grande_couverture,2022-05-27_009_016,-13.375,14.625,24.155166625976562,0.9631426334381104,5.949469089508057,23.192023992538452,True,True,forte,exceptionnelle,2022,5,27,147,Phase_1_debut,Debut de saison (Mai-Juin),Tambacounda,Zone soudano-sahélienne,444.31668,4,plus_grande_couverture,Phase_1_debut
2022-05-27,C4_plus_grande_couverture + C5_plus_grande_couverture,2022-05-27_009_017,-13.125,14.625,15.922698974609375,0.7997958064079285,5.542379379272461,15.122903168201447,True,False,moderee,exceptionnelle,2022,5,27,147,Phase_1_debut,Debut de saison (Mai-Juin),Tambacounda,Zone soudano-sahélienne,471.24493,4,plus_grande_couverture,Phase_1_debut
2022-05-27,C4_plus_grande_couverture + C5_plus_grande_couverture,2022-05-27_009_018,-12.875,14.625,17.019651412963867,0.7309437394142151,5.7766523361206055,16.288707673549652,True,False,moderee,exceptionnelle,2022,5,27,147,Phase_1_debut,Debut de saison (Mai-Juin),Tambacounda,Zone soudano-sahélienne,498.17322,4,plus_grande_couverture,Phase_1_debut
2022-05-27,C4_plus_grande_couverture + C5_plus_grande_couverture,2022-05-27_009_019,-12.625,14.625,18.07289695739746,0.856347382068634,5.656987190246582,17.216549575328827,True,False,moderee,exceptionnelle,2022,5,27,147,Phase_1_debut,Debut de saison (Mai-Juin),Tambacounda,Zone soudano-sahélienne,525.1015,4,plus_grande_couverture,Phase_1_debut
2022-05-27,C4_plus_grande_couverture + C5_plus_grande_couverture,2022-05-27_009_020,-12.375,14.625,9.318297386169434,0.5513420104980469,5.353978157043457,8.766955375671387,True,False,moderee,exceptionnelle,2022,5,27,147,Phase_1_debut,Debut de saison (Mai-Juin),Tambacounda,Zone soudano-sahélienne,552.0298,4,plus_grande_couverture,Phase_1_debut
2022-05-27,C4_plus_grande_couverture + C5_plus_grande_couverture,2022-05-27_010_001,-17.125,14.875,0.0,0.0,0.0,0.0,False,False,trace,normale,2022,5,27,147,Phase_1_debut,Debut de saison (Mai-Juin),Thiès,Zone soudano-sahélienne,40.346046,4,plus_grande_couverture,Phase_1_debut
2022-05-27,C4_plus_grande_couverture + C5_plus_grande_couverture,2022-05-27_010_002,-16.875,14.875,0.260373055934906,0.006055187433958054,6.404940128326416,0.25431786850094795,True,False,trace,exceptionnelle,2022,5,27,147,Phase_1_debut,Debut de saison (Mai-Juin),Thiès,Zone soudano-sahélienne,67.243416,4,plus_grande_couverture,Phase_1_debut
2022-05-27,C4_plus_grande_couverture + C5_plus_grande_couverture,2022-05-27_010_003,-16.625,14.875,0.8580494523048401,0.046015579253435135,3.816885471343994,0.812033873051405,True,False,trace,exceptionnelle,2022,5,27,147,Phase_1_debut,Debut de saison (Mai-Juin),Thiès,Zone soudano-sahélienne,94.14078,4,plus_grande_couverture,Phase_1_debut
2022-05-27,C4_plus_grande_couverture + C5_plus_grande_couverture,2022-05-27_010_004,-16.375,14.875,0.6910709142684937,0.033754535019397736,4.294686317443848,0.6573163792490959,True,False,trace,exceptionnelle,2022,5,27,147,Phase_1_debut,Debut de saison (Mai-Juin),Diourbel,Zone soudano-sahélienne,121.03815,4,plus_grande_couverture,Phase_1_debut
2022-05-27,C4_plus_grande_couverture + C5_plus_grande_couverture,2022-05-27_010_005,-16.125,14.875,0.7757729887962341,0.0521123893558979,3.8456661701202393,0.7236605994403362,True,False,trace,exceptionnelle,2022,5,27,147,Phase_1_debut,Debut de saison (Mai-Juin),Diourbel,Zone soudano-sahélienne,147.93552,4,plus_grande_couverture,Phase_1_debut
2022-05-27,C4_plus_grande_couverture + C5_plus_grande_couverture,2022-05-27_010_006,-15.875,14.875,0.4497210681438446,0.05664324760437012,2.147153615951538,0.3930778205394745,True,False,trace,tres humide,2022,5,27,147,Phase_1_debut,Debut de saison (Mai-Juin),Diourbel,Zone soudano-sahélienne,174.83289,4,plus_grande_couverture,Phase_1_debut
2022-05-27,C4_plus_grande_couverture + C5_plus_grande_couverture,2022-05-27_010_007,-15.625,14.875,0.5574092268943787,0.03404950723052025,3.802474021911621,0.5233597196638584,True,False,trace,exceptionnelle,2022,5,27,147,Phase_1_debut,Debut de saison (Mai-Juin),Diourbel,Zone soudano-sahélienne,201.73026,4,plus_grande_couverture,Phase_1_debut
2022-05-27,C4_plus_grande_couverture + C5_plus_grande_couverture,2022-05-27_010_008,-15.375,14.875,0.746711790561676,0.02249973639845848,6.332304954528809,0.7242120541632175,True,False,trace,exceptionnelle,2022,5,27,147,Phase_1_debut,Debut de saison (Mai-Juin),Kaffrine,Zone soudano-sahélienne,228.62761,4,plus_grande_couverture,Phase_1_debut
2022-05-27,C4_plus_grande_couverture + C5_plus_grande_couverture,2022-05-27_010_009,-15.125,14.875,1.5655517578125,0.0401785783469677,6.388467788696289,1.5253731794655323,True,False,faible,exceptionnelle,2022,5,27,147,Phase_1_debut,Debut de saison (Mai-Juin),Kaffrine,Zone soudano-sahélienne,255.525,4,plus_grande_couverture,Phase_1_debut
2022-05-27,C4_plus_grande_couverture + C5_plus_grande_couverture,2022-05-27_010_010,-14.875,14.875,3.6111693382263184,0.124648816883564,6.123689651489258,3.4865205213427544,True,False,faible,exceptionnelle,2022,5,27,147,Phase_1_debut,Debut de saison (Mai-Juin),Kaffrine,Zone soudano-sahélienne,282.42233,4,plus_grande_couverture,Phase_1_debut
2022-05-27,C4_plus_grande_couverture + C5_plus_grande_couverture,2022-05-27_010_011,-14.625,14.875,5.5675787925720215,0.16471563279628754,6.31732177734375,5.402863159775734,True,False,moderee,exceptionnelle,2022,5,27,147,Phase_1_debut,Debut de saison (Mai-Juin),Kaffrine,Zone soudano-sahélienne,309.31973,4,plus_grande_couverture,Phase_1_debut
2022-05-27,C4_plus_grande_couverture + C5_plus_grande_couverture,2022-05-27_010_012,-14.375,14.875,5.258124351501465,0.153771311044693,6.281446933746338,5.104353040456772,True,False,moderee,exceptionnelle,2022,5,27,147,Phase_1_debut,Debut de saison (Mai-Juin),Tambacounda,Zone soudano-sahélienne,336.21707,4,plus_grande_couverture,Phase_1_debut
2022-05-27,C4_plus_grande_couverture + C5_plus_grande_couverture,2022-05-27_010_013,-14.125,14.875,4.045459747314453,0.17494001984596252,5.20216178894043,3.8705197274684906,True,False,faible,exceptionnelle,2022,5,27,147,Phase_1_debut,Debut de saison (Mai-Juin),Matam,Zone soudano-sahélienne,363.11444,4,plus_grande_couverture,Phase_1_debut
2022-05-27,C4_plus_grande_couverture + C5_plus_grande_couverture,2022-05-27_010_014,-13.875,14.875,7.745441436767578,0.26611050963401794,6.038915634155273,7.47933092713356,True,False,moderee,exceptionnelle,2022,5,27,147,Phase_1_debut,Debut de saison (Mai-Juin),Matam,Zone soudano-sahélienne,390.0118,4,plus_grande_couverture,Phase_1_debut
2022-05-27,C4_plus_grande_couverture + C5_plus_grande_couverture,2022-05-27_010_015,-13.625,14.875,14.846358299255371,0.4516802132129669,6.2315521240234375,14.394678086042404,True,False,moderee,exceptionnelle,2022,5,27,147,Phase_1_debut,Debut de saison (Mai-Juin),Matam,Zone soudano-sahélienne,416.90918,4,plus_grande_couverture,Phase_1_debut
2022-05-27,C4_plus_grande_couverture + C5_plus_grande_couverture,2022-05-27_010_016,-13.375,14.875,13.873575210571289,0.47528931498527527,6.139179706573486,13.398285895586014,True,False,moderee,exceptionnelle,2022,5,27,147,Phase_1_debut,Debut de saison (Mai-Juin),Matam,Zone soudano-sahélienne,443.80655,4,plus_grande_couverture,Phase_1_debut
2022-05-27,C4_plus_grande_couverture + C5_plus_grande_couverture,2022-05-27_010_017,-13.125,14.875,12.129873275756836,0.48898816108703613,5.983447074890137,11.6408851146698,True,False,moderee,exceptionnelle,2022,5,27,147,Phase_1_debut,Debut de saison (Mai-Juin),Matam,Zone soudano-sahélienne,470.7039,4,plus_grande_couverture,Phase_1_debut
2022-05-27,C4_plus_grande_couverture + C5_plus_grande_couverture,2022-05-27_010_018,-12.875,14.875,10.343243598937988,0.467742919921875,5.669297218322754,9.875500679016113,True,False,moderee,exceptionnelle,2022,5,27,147,Phase_1_debut,Debut de saison (Mai-Juin),Matam,Zone soudano-sahélienne,497.60126,4,plus_grande_couverture,Phase_1_debut
2022-05-27,C4_plus_grande_couverture + C5_plus_grande_couverture,2022-05-27_010_019,-12.625,14.875,9.163751602172852,0.38324084877967834,5.815225124359131,8.780510753393173,True,False,moderee,exceptionnelle,2022,5,27,147,Phase_1_debut,Debut de saison (Mai-Juin),Matam,Zone soudano-sahélienne,524.49866,4,plus_grande_couverture,Phase_1_debut
2022-05-27,C4_plus_grande_couverture + C5_plus_grande_couverture,2022-05-27_011_002,-16.875,15.125,0.0,0.0,0.0,0.0,False,False,trace,normale,2022,5,27,147,Phase_1_debut,Debut de saison (Mai-Juin),Thiès,Zone soudano-sahélienne,67.16484,4,plus_grande_couverture,Phase_1_debut
2022-05-27,C4_plus_grande_couverture + C5_plus_grande_couverture,2022-05-27_011_003,-16.625,15.125,0.26487767696380615,0.028603332117199898,1.5576802492141724,0.23627434484660625,False,False,trace,humide,2022,5,27,147,Phase_1_debut,Debut de saison (Mai-Juin),Thiès,Zone soudano-sahélienne,94.03078,4,plus_grande_couverture,Phase_1_debut
2022-05-27,C4_plus_grande_couverture + C5_plus_grande_couverture,2022-05-27_011_004,-16.375,15.125,0.3271494209766388,0.021220140159130096,3.022599935531616,0.3059292808175087,True,False,trace,exceptionnelle,2022,5,27,147,Phase_1_debut,Debut de saison (Mai-Juin),Louga,Zone soudano-sahélienne,120.89671,4,plus_grande_couverture,Phase_1_debut
2022-05-27,C4_plus_grande_couverture + C5_plus_grande_couverture,2022-05-27_011_005,-16.125,15.125,0.7580692768096924,0.04385067895054817,3.628455400466919,0.7142185978591442,True,False,trace,exceptionnelle,2022,5,27,147,Phase_1_debut,Debut de saison (Mai-Juin),Louga,Zone soudano-sahélienne,147.76265,4,plus_grande_couverture,Phase_1_debut
2022-05-27,C4_plus_grande_couverture + C5_plus_grande_couverture,2022-05-27_011_006,-15.875,15.125,0.5695298910140991,0.047132015228271484,3.2322566509246826,0.5223978757858276,True,False,trace,exceptionnelle,2022,5,27,147,Phase_1_debut,Debut de saison (Mai-Juin),Louga,Zone soudano-sahélienne,174.6286,4,plus_grande_couverture,Phase_1_debut
2022-05-27,C4_plus_grande_couverture + C5_plus_grande_couverture,2022-05-27_011_007,-15.625,15.125,0.7756078243255615,0.04832689091563225,4.6444501876831055,0.7272809334099293,True,False,trace,exceptionnelle,2022,5,27,147,Phase_1_debut,Debut de saison (Mai-Juin),Louga,Zone soudano-sahélienne,201.49454,4,plus_grande_couverture,Phase_1_debut
2022-05-27,C4_plus_grande_couverture + C5_plus_grande_couverture,2022-05-27_011_008,-15.375,15.125,0.6980499029159546,0.0326414480805397,5.461194038391113,0.6654084548354149,True,False,trace,exceptionnelle,2022,5,27,147,Phase_1_debut,Debut de saison (Mai-Juin),Louga,Zone soudano-sahélienne,228.36046,4,plus_grande_couverture,Phase_1_debut
2022-05-27,C4_plus_grande_couverture + C5_plus_grande_couverture,2022-05-27_011_009,-15.125,15.125,1.1957858800888062,0.029799697920680046,6.391352653503418,1.165986182168126,True,False,faible,exceptionnelle,2022,5,27,147,Phase_1_debut,Debut de saison (Mai-Juin),Kaffrine,Zone soudano-sahélienne,255.22641,4,plus_grande_couverture,Phase_1_debut
2022-05-27,C4_plus_grande_couverture + C5_plus_grande_couverture,2022-05-27_011_010,-14.875,15.125,2.3398854732513428,0.06826695054769516,6.281671047210693,2.2716185227036476,True,False,faible,exceptionnelle,2022,5,27,147,Phase_1_debut,Debut de saison (Mai-Juin),Kaffrine,Zone soudano-sahélienne,282.09235,4,plus_grande_couverture,Phase_1_debut
2022-05-27,C4_plus_grande_couverture + C5_plus_grande_couverture,2022-05-27_011_011,-14.625,15.125,3.2857825756073,0.12413705885410309,5.678138256072998,3.1616455167531967,True,False,faible,exceptionnelle,2022,5,27,147,Phase_1_debut,Debut de saison (Mai-Juin),Kaffrine,Zone soudano-sahélienne,308.95828,4,plus_grande_couverture,Phase_1_debut
2022-05-27,C4_plus_grande_couverture + C5_plus_grande_couverture,2022-05-27_011_012,-14.375,15.125,2.9700100421905518,0.09214623272418976,6.070132255554199,2.877863809466362,True,False,faible,exceptionnelle,2022,5,27,147,Phase_1_debut,Debut de saison (Mai-Juin),Matam,Zone soudano-sahélienne,335.82422,4,plus_grande_couverture,Phase_1_debut
2022-05-27,C4_plus_grande_couverture + C5_plus_grande_couverture,2022-05-27_011_013,-14.125,15.125,2.8536438941955566,0.11406026780605316,5.5007195472717285,2.7395836263895035,True,False,faible,exceptionnelle,2022,5,27,147,Phase_1_debut,Debut de saison (Mai-Juin),Matam,Zone soudano-sahélienne,362.69012,4,plus_grande_couverture,Phase_1_debut
2022-05-27,C4_plus_grande_couverture + C5_plus_grande_couverture,2022-05-27_011_014,-13.875,15.125,4.278947830200195,0.16953955590724945,5.762845516204834,4.109408274292946,True,False,faible,exceptionnelle,2022,5,27,147,Phase_1_debut,Debut de saison (Mai-Juin),Matam,Zone soudano-sahélienne,389.5561,4,plus_grande_couverture,Phase_1_debut
2022-05-27,C4_plus_grande_couverture + C5_plus_grande_couverture,2022-05-27_011_015,-13.625,15.125,6.064105987548828,0.22362151741981506,5.992265224456787,5.840484470129013,True,False,moderee,exceptionnelle,2022,5,27,147,Phase_1_debut,Debut de saison (Mai-Juin),Matam,Zone soudano-sahélienne,416.42203,4,plus_grande_couverture,Phase_1_debut
2022-05-27,C4_plus_grande_couverture + C5_plus_grande_couverture,2022-05-27_011_016,-13.375,15.125,7.306197643280029,0.21128062903881073,6.237026691436768,7.094917014241219,True,False,moderee,exceptionnelle,2022,5,27,147,Phase_1_debut,Debut de saison (Mai-Juin),Matam,Zone soudano-sahélienne,443.28796,4,plus_grande_couverture,Phase_1_debut
2022-05-27,C4_plus_grande_couverture + C5_plus_grande_couverture,2022-05-27_011_017,-13.125,15.125,5.800294876098633,0.17663238942623138,6.278813362121582,5.623662486672401,True,False,moderee,exceptionnelle,2022,5,27,147,Phase_1_debut,Debut de saison (Mai-Juin),Matam,Zone soudano-sahélienne,470.1539,4,plus_grande_couverture,Phase_1_debut
2022-05-27,C4_plus_grande_couverture + C5_plus_grande_couverture,2022-05-27_011_018,-12.875,15.125,5.757016181945801,0.211991086602211,5.920325756072998,5.54502509534359,True,False,moderee,exceptionnelle,2022,5,27,147,Phase_1_debut,Debut de saison (Mai-Juin),Matam,Zone soudano-sahélienne,497.0198,4,plus_grande_couverture,Phase_1_debut
2022-05-27,C4_plus_grande_couverture + C5_plus_grande_couverture,2022-05-27_012_003,-16.625,15.375,0.0,0.0,0.0,0.0,False,False,trace,normale,2022,5,27,147,Phase_1_debut,Debut de saison (Mai-Juin),Louga,Zone soudano-sahélienne,93.91899,4,plus_grande_couverture,Phase_1_debut
2022-05-27,C4_plus_grande_couverture + C5_plus_grande_couverture,2022-05-27_012_004,-16.375,15.375,0.0,0.0,0.0,0.0,False,False,trace,normale,2022,5,27,147,Phase_1_debut,Debut de saison (Mai-Juin),Louga,Zone soudano-sahélienne,120.75298,4,plus_grande_couverture,Phase_1_debut
2022-05-27,C4_plus_grande_couverture + C5_plus_grande_couverture,2022-05-27_012_005,-16.125,15.375,0.1174129992723465,0.02731473185122013,0.5863595008850098,0.09009826742112637,False,False,trace,normale,2022,5,27,147,Phase_1_debut,Debut de saison (Mai-Juin),Louga,Zone soudano-sahélienne,147.58699,4,plus_grande_couverture,Phase_1_debut
2022-05-27,C4_plus_grande_couverture + C5_plus_grande_couverture,2022-05-27_012_006,-15.875,15.375,0.3612321615219116,0.022803189232945442,3.462052822113037,0.3384289722889662,True,False,trace,exceptionnelle,2022,5,27,147,Phase_1_debut,Debut de saison (Mai-Juin),Louga,Zone soudano-sahélienne,174.42099,4,plus_grande_couverture,Phase_1_debut
2022-05-27,C4_plus_grande_couverture + C5_plus_grande_couverture,2022-05-27_012_007,-15.625,15.375,0.6092892289161682,0.03467506915330887,4.10789155960083,0.5746141597628593,True,False,trace,exceptionnelle,2022,5,27,147,Phase_1_debut,Debut de saison (Mai-Juin),Louga,Zone soudano-sahélienne,201.25497,4,plus_grande_couverture,Phase_1_debut
2022-05-27,C4_plus_grande_couverture + C5_plus_grande_couverture,2022-05-27_012_008,-15.375,15.375,0.7368369102478027,0.03556421771645546,4.363889694213867,0.7012726925313473,True,False,trace,exceptionnelle,2022,5,27,147,Phase_1_debut,Debut de saison (Mai-Juin),Louga,Zone soudano-sahélienne,228.08896,4,plus_grande_couverture,Phase_1_debut
2022-05-27,C4_plus_grande_couverture + C5_plus_grande_couverture,2022-05-27_012_009,-15.125,15.375,1.0255228281021118,0.027290016412734985,6.368144989013672,0.9982328116893768,True,False,faible,exceptionnelle,2022,5,27,147,Phase_1_debut,Debut de saison (Mai-Juin),Louga,Zone soudano-sahélienne,254.92297,4,plus_grande_couverture,Phase_1_debut
2022-05-27,C4_plus_grande_couverture + C5_plus_grande_couverture,2022-05-27_012_010,-14.875,15.375,1.3453751802444458,0.04897712543606758,6.004507064819336,1.2963980548083782,True,False,faible,exceptionnelle,2022,5,27,147,Phase_1_debut,Debut de saison (Mai-Juin),Louga,Zone soudano-sahélienne,281.75696,4,plus_grande_couverture,Phase_1_debut
2022-05-27,C4_plus_grande_couverture + C5_plus_grande_couverture,2022-05-27_012_011,-14.625,15.375,2.0026657581329346,0.09478067606687546,5.380868911743164,1.9078850820660591,True,False,faible,exceptionnelle,2022,5,27,147,Phase_1_debut,Debut de saison (Mai-Juin),Matam,Zone soudano-sahélienne,308.59097,4,plus_grande_couverture,Phase_1_debut
2022-05-27,C4_plus_grande_couverture + C5_plus_grande_couverture,2022-05-27_012_012,-14.375,15.375,1.8440552949905396,0.08304017782211304,5.303428649902344,1.7610151171684265,True,False,faible,exceptionnelle,2022,5,27,147,Phase_1_debut,Debut de saison (Mai-Juin),Matam,Zone soudano-sahélienne,335.42496,4,plus_grande_couverture,Phase_1_debut
2022-05-27,C4_plus_grande_couverture + C5_plus_grande_couverture,2022-05-27_012_013,-14.125,15.375,1.7702616453170776,0.07831498235464096,5.280498504638672,1.6919466629624367,True,False,faible,exceptionnelle,2022,5,27,147,Phase_1_debut,Debut de saison (Mai-Juin),Matam,Zone soudano-sahélienne,362.25894,4,plus_grande_couverture,Phase_1_debut
2022-05-27,C4_plus_grande_couverture + C5_plus_grande_couverture,2022-05-27_012_014,-13.875,15.375,2.4586262702941895,0.10049320012331009,5.486601829528809,2.3581330701708794,True,False,faible,exceptionnelle,2022,5,27,147,Phase_1_debut,Debut de saison (Mai-Juin),Matam,Zone soudano-sahélienne,389.09296,4,plus_grande_couverture,Phase_1_debut
2022-05-27,C4_plus_grande_couverture + C5_plus_grande_couverture,2022-05-27_012_015,-13.625,15.375,4.903374195098877,0.17727042734622955,6.0726704597473145,4.726103767752647,True,False,faible,exceptionnelle,2022,5,27,147,Phase_1_debut,Debut de saison (Mai-Juin),Matam,Zone soudano-sahélienne,415.92694,4,plus_grande_couverture,Phase_1_debut
2022-05-27,C4_plus_grande_couverture + C5_plus_grande_couverture,2022-05-27_012_016,-13.375,15.375,5.256606578826904,0.17367979884147644,6.172726631164551,5.082926779985428,True,False,moderee,exceptionnelle,2022,5,27,147,Phase_1_debut,Debut de saison (Mai-Juin),Matam,Zone soudano-sahélienne,442.76096,4,plus_grande_couverture,Phase_1_debut
2022-05-27,C4_plus_grande_couverture + C5_plus_grande_couverture,2022-05-27_012_017,-13.125,15.375,3.9221372604370117,0.11505188047885895,6.294403076171875,3.8070853799581528,True,False,faible,exceptionnelle,2022,5,27,147,Phase_1_debut,Debut de saison (Mai-Juin),Matam,Zone soudano-sahélienne,469.59494,4,plus_grande_couverture,Phase_1_debut
2022-05-27,C4_plus_grande_couverture + C5_plus_grande_couverture,2022-05-27_013_004,-16.375,15.625,0.0,0.005264401435852051,-0.15249858796596527,-0.005264401435852051,False,False,trace,normale,2022,5,27,147,Phase_1_debut,Debut de saison (Mai-Juin),Saint-Louis,Zone sahélienne,120.60696,4,plus_grande_couverture,Phase_1_debut
2022-05-27,C4_plus_grande_couverture + C5_plus_grande_couverture,2022-05-27_013_005,-16.125,15.625,0.0,0.014163020066916943,-0.21557089686393738,-0.014163020066916943,False,False,trace,normale,2022,5,27,147,Phase_1_debut,Debut de saison (Mai-Juin),Saint-Louis,Zone sahélienne,147.40851,4,plus_grande_couverture,Phase_1_debut
2022-05-27,C4_plus_grande_couverture + C5_plus_grande_couverture,2022-05-27_013_006,-15.875,15.625,0.0,0.026384886354207993,-0.19350112974643707,-0.026384886354207993,False,False,trace,normale,2022,5,27,147,Phase_1_debut,Debut de saison (Mai-Juin),Saint-Louis,Zone sahélienne,174.21005,4,plus_grande_couverture,Phase_1_debut
2022-05-27,C4_plus_grande_couverture + C5_plus_grande_couverture,2022-05-27_013_007,-15.625,15.625,0.07847317308187485,0.024430835619568825,0.5183935761451721,0.05404233746230602,False,False,trace,normale,2022,5,27,147,Phase_1_debut,Debut de saison (Mai-Juin),Saint-Louis,Zone sahélienne,201.0116,4,plus_grande_couverture,Phase_1_debut
2022-05-27,C4_plus_grande_couverture + C5_plus_grande_couverture,2022-05-27_013_008,-15.375,15.625,0.068631112575531,0.03129934147000313,0.2591041326522827,0.03733177110552788,False,False,trace,normale,2022,5,27,147,Phase_1_debut,Debut de saison (Mai-Juin),Louga,Zone sahélienne,227.81313,4,plus_grande_couverture,Phase_1_debut
2022-05-27,C4_plus_grande_couverture + C5_plus_grande_couverture,2022-05-27_013_009,-15.125,15.625,0.4111049175262451,0.036393776535987854,2.2252414226531982,0.37471114099025726,True,False,trace,tres humide,2022,5,27,147,Phase_1_debut,Debut de saison (Mai-Juin),Louga,Zone sahélienne,254.6147,4,plus_grande_couverture,Phase_1_debut
2022-05-27,C4_plus_grande_couverture + C5_plus_grande_couverture,2022-05-27_013_010,-14.875,15.625,0.8904805183410645,0.04794303700327873,4.219869136810303,0.8425374813377857,True,False,trace,exceptionnelle,2022,5,27,147,Phase_1_debut,Debut de saison (Mai-Juin),Louga,Zone sahélienne,281.41623,4,plus_grande_couverture,Phase_1_debut
2022-05-27,C4_plus_grande_couverture + C5_plus_grande_couverture,2022-05-27_013_011,-14.625,15.625,1.977482557296753,0.07462393492460251,6.002233982086182,1.9028586223721504,True,False,faible,exceptionnelle,2022,5,27,147,Phase_1_debut,Debut de saison (Mai-Juin),Matam,Zone sahélienne,308.21777,4,plus_grande_couverture,Phase_1_debut
2022-05-27,C4_plus_grande_couverture + C5_plus_grande_couverture,2022-05-27_013_012,-14.375,15.625,1.7217907905578613,0.06655590236186981,5.891490459442139,1.6552348881959915,True,False,faible,exceptionnelle,2022,5,27,147,Phase_1_debut,Debut de saison (Mai-Juin),Matam,Zone sahélienne,335.01932,4,plus_grande_couverture,Phase_1_debut
2022-05-27,C4_plus_grande_couverture + C5_plus_grande_couverture,2022-05-27_013_013,-14.125,15.625,1.9782599210739136,0.05680039897561073,6.3543243408203125,1.9214595220983028,True,False,faible,exceptionnelle,2022,5,27,147,Phase_1_debut,Debut de saison (Mai-Juin),Matam,Zone sahélienne,361.82086,4,plus_grande_couverture,Phase_1_debut
2022-05-27,C4_plus_grande_couverture + C5_plus_grande_couverture,2022-05-27_013_014,-13.875,15.625,1.7016654014587402,0.04973449185490608,6.302728176116943,1.6519309096038342,True,False,faible,exceptionnelle,2022,5,27,147,Phase_1_debut,Debut de saison (Mai-Juin),Matam,Zone sahélienne,388.6224,4,plus_grande_couverture,Phase_1_debut
2022-05-27,C4_plus_grande_couverture + C5_plus_grande_couverture,2022-05-27_013_015,-13.625,15.625,3.77803373336792,0.11989039182662964,6.243621349334717,3.6581433415412903,True,False,faible,exceptionnelle,2022,5,27,147,Phase_1_debut,Debut de saison (Mai-Juin),Matam,Zone sahélienne,415.42395,4,plus_grande_couverture,Phase_1_debut
2022-05-27,C4_plus_grande_couverture + C5_plus_grande_couverture,2022-05-27_013_016,-13.375,15.625,5.507129669189453,0.16559888422489166,6.271339416503906,5.3415307849645615,True,False,moderee,exceptionnelle,2022,5,27,147,Phase_1_debut,Debut de saison (Mai-Juin),Matam,Zone sahélienne,442.22552,4,plus_grande_couverture,Phase_1_debut
2022-05-27,C4_plus_grande_couverture + C5_plus_grande_couverture,2022-05-27_014_004,-16.375,15.875,0.0,0.013441489078104496,-0.15249858796596527,-0.013441489078104496,False,False,trace,normale,2022,5,27,147,Phase_1_debut,Debut de saison (Mai-Juin),Saint-Louis,Zone sahélienne,120.45863,4,plus_grande_couverture,Phase_1_debut
2022-05-27,C4_plus_grande_couverture + C5_plus_grande_couverture,2022-05-27_014_005,-16.125,15.875,0.0,0.020234256982803345,-0.15249858796596527,-0.020234256982803345,False,False,trace,normale,2022,5,27,147,Phase_1_debut,Debut de saison (Mai-Juin),Saint-Louis,Zone sahélienne,147.22722,4,plus_grande_couverture,Phase_1_debut
2022-05-27,C4_plus_grande_couverture + C5_plus_grande_couverture,2022-05-27_014_006,-15.875,15.875,0.0,0.026356136426329613,-0.15249857306480408,-0.026356136426329613,False,False,trace,normale,2022,5,27,147,Phase_1_debut,Debut de saison (Mai-Juin),Saint-Louis,Zone sahélienne,173.9958,4,plus_grande_couverture,Phase_1_debut
2022-05-27,C4_plus_grande_couverture + C5_plus_grande_couverture,2022-05-27_014_007,-15.625,15.875,0.0,0.012061087414622307,-0.15249857306480408,-0.012061087414622307,False,False,trace,normale,2022,5,27,147,Phase_1_debut,Debut de saison (Mai-Juin),Saint-Louis,Zone sahélienne,200.76439,4,plus_grande_couverture,Phase_1_debut
2022-05-27,C4_plus_grande_couverture + C5_plus_grande_couverture,2022-05-27_014_008,-15.375,15.875,0.0,0.015068959444761276,-0.15249858796596527,-0.015068959444761276,False,False,trace,normale,2022,5,27,147,Phase_1_debut,Debut de saison (Mai-Juin),Louga,Zone sahélienne,227.53297,4,plus_grande_couverture,Phase_1_debut
2022-05-27,C4_plus_grande_couverture + C5_plus_grande_couverture,2022-05-27_014_009,-15.125,15.875,0.0,0.01609383523464203,-0.15249857306480408,-0.01609383523464203,False,False,trace,normale,2022,5,27,147,Phase_1_debut,Debut de saison (Mai-Juin),Louga,Zone sahélienne,254.30157,4,plus_grande_couverture,Phase_1_debut
2022-05-27,C4_plus_grande_couverture + C5_plus_grande_couverture,2022-05-27_014_010,-14.875,15.875,0.15729741752147675,0.02391446754336357,1.209959864616394,0.13338294997811317,False,False,trace,humide,2022,5,27,147,Phase_1_debut,Debut de saison (Mai-Juin),Louga,Zone sahélienne,281.07013,4,plus_grande_couverture,Phase_1_debut
2022-05-27,C4_plus_grande_couverture + C5_plus_grande_couverture,2022-05-27_014_011,-14.625,15.875,1.5017883777618408,0.06444606930017471,5.5486578941345215,1.437342308461666,True,False,faible,exceptionnelle,2022,5,27,147,Phase_1_debut,Debut de saison (Mai-Juin),Matam,Zone sahélienne,307.83875,4,plus_grande_couverture,Phase_1_debut
2022-05-27,C4_plus_grande_couverture + C5_plus_grande_couverture,2022-05-27_014_012,-14.375,15.875,2.4352805614471436,0.08037949353456497,6.145781517028809,2.3549010679125786,True,False,faible,exceptionnelle,2022,5,27,147,Phase_1_debut,Debut de saison (Mai-Juin),Matam,Zone sahélienne,334.60733,4,plus_grande_couverture,Phase_1_debut
2022-05-27,C4_plus_grande_couverture + C5_plus_grande_couverture,2022-05-27_014_013,-14.125,15.875,1.9960708618164062,0.07445413619279861,5.963024616241455,1.9216167256236076,True,False,faible,exceptionnelle,2022,5,27,147,Phase_1_debut,Debut de saison (Mai-Juin),Matam,Zone sahélienne,361.3759,4,plus_grande_couverture,Phase_1_debut
2022-05-27,C4_plus_grande_couverture + C5_plus_grande_couverture,2022-05-27_014_014,-13.875,15.875,1.111961007118225,0.06299645453691483,4.992693901062012,1.0489645525813103,True,False,faible,exceptionnelle,2022,5,27,147,Phase_1_debut,Debut de saison (Mai-Juin),Matam,Zone sahélienne,388.1445,4,plus_grande_couverture,Phase_1_debut
2022-05-27,C4_plus_grande_couverture + C5_plus_grande_couverture,2022-05-27_014_015,-13.625,15.875,2.5454723834991455,0.09213624894618988,6.1146626472473145,2.4533361345529556,True,False,faible,exceptionnelle,2022,5,27,147,Phase_1_debut,Debut de saison (Mai-Juin),Matam,Zone sahélienne,414.91306,4,plus_grande_couverture,Phase_1_debut
2022-05-27,C4_plus_grande_couverture + C5_plus_grande_couverture,2022-05-27_014_016,-13.375,15.875,3.5828371047973633,0.1157236397266388,6.246459007263184,3.4671134650707245,True,False,faible,exceptionnelle,2022,5,27,147,Phase_1_debut,Debut de saison (Mai-Juin),Matam,Zone sahélienne,441.68167,4,plus_grande_couverture,Phase_1_debut
2022-05-27,C4_plus_grande_couverture + C5_plus_grande_couverture,2022-05-27_015_004,-16.375,16.125,0.0,0.0046690478920936584,-0.1524985283613205,-0.0046690478920936584,False,False,trace,normale,2022,5,27,147,Phase_1_debut,Debut de saison (Mai-Juin),Saint-Louis,Zone sahélienne,120.308014,4,plus_grande_couverture,Phase_1_debut
2022-05-27,C4_plus_grande_couverture + C5_plus_grande_couverture,2022-05-27_015_005,-16.125,16.125,0.0,0.0,0.0,0.0,False,False,trace,normale,2022,5,27,147,Phase_1_debut,Debut de saison (Mai-Juin),Saint-Louis,Zone sahélienne,147.04314,4,plus_grande_couverture,Phase_1_debut
2022-05-27,C4_plus_grande_couverture + C5_plus_grande_couverture,2022-05-27_015_006,-15.875,16.125,0.0,0.006781420670449734,-0.19606143236160278,-0.006781420670449734,False,False,trace,normale,2022,5,27,147,Phase_1_debut,Debut de saison (Mai-Juin),Saint-Louis,Zone sahélienne,173.77824,4,plus_grande_couverture,Phase_1_debut
2022-05-27,C4_plus_grande_couverture + C5_plus_grande_couverture,2022-05-27_015_007,-15.625,16.125,0.0,0.0033882339484989643,-0.18562312424182892,-0.0033882339484989643,False,False,trace,normale,2022,5,27,147,Phase_1_debut,Debut de saison (Mai-Juin),Saint-Louis,Zone sahélienne,200.51337,4,plus_grande_couverture,Phase_1_debut
2022-05-27,C4_plus_grande_couverture + C5_plus_grande_couverture,2022-05-27_015_008,-15.375,16.125,0.0,0.00507156690582633,-0.15249857306480408,-0.00507156690582633,False,False,trace,normale,2022,5,27,147,Phase_1_debut,Debut de saison (Mai-Juin),Louga,Zone sahélienne,227.24846,4,plus_grande_couverture,Phase_1_debut
2022-05-27,C4_plus_grande_couverture + C5_plus_grande_couverture,2022-05-27_015_009,-15.125,16.125,0.0,0.004862310364842415,-0.15249858796596527,-0.004862310364842415,False,False,trace,normale,2022,5,27,147,Phase_1_debut,Debut de saison (Mai-Juin),Louga,Zone sahélienne,253.9836,4,plus_grande_couverture,Phase_1_debut
2022-05-27,C4_plus_grande_couverture + C5_plus_grande_couverture,2022-05-27_015_010,-14.875,16.125,0.0,0.008114641532301903,-0.20980364084243774,-0.008114641532301903,False,False,trace,normale,2022,5,27,147,Phase_1_debut,Debut de saison (Mai-Juin),Louga,Zone sahélienne,280.7187,4,plus_grande_couverture,Phase_1_debut
2022-05-27,C4_plus_grande_couverture + C5_plus_grande_couverture,2022-05-27_015_011,-14.625,16.125,0.5061414837837219,0.01761642098426819,5.723179817199707,0.48852506279945374,True,False,trace,exceptionnelle,2022,5,27,147,Phase_1_debut,Debut de saison (Mai-Juin),Matam,Zone sahélienne,307.45383,4,plus_grande_couverture,Phase_1_debut
2022-05-27,C4_plus_grande_couverture + C5_plus_grande_couverture,2022-05-27_015_012,-14.375,16.125,1.5615116357803345,0.043792515993118286,6.333712100982666,1.5177191197872162,True,False,faible,exceptionnelle,2022,5,27,147,Phase_1_debut,Debut de saison (Mai-Juin),Matam,Zone sahélienne,334.18893,4,plus_grande_couverture,Phase_1_debut
2022-05-27,C4_plus_grande_couverture + C5_plus_grande_couverture,2022-05-27_015_013,-14.125,16.125,1.6721022129058838,0.04680394008755684,6.33411979675293,1.625298272818327,True,False,faible,exceptionnelle,2022,5,27,147,Phase_1_debut,Debut de saison (Mai-Juin),Matam,Zone sahélienne,360.92404,4,plus_grande_couverture,Phase_1_debut
2022-05-27,C4_plus_grande_couverture + C5_plus_grande_couverture,2022-05-27_015_014,-13.875,16.125,1.7450647354125977,0.04731534793972969,6.331665992736816,1.697749387472868,True,False,faible,exceptionnelle,2022,5,27,147,Phase_1_debut,Debut de saison (Mai-Juin),Matam,Zone sahélienne,387.65915,4,plus_grande_couverture,Phase_1_debut
2022-05-27,C4_plus_grande_couverture + C5_plus_grande_couverture,2022-05-27_016_005,-16.125,16.375,0.0,0.00869358517229557,-0.15249857306480408,-0.00869358517229557,False,False,trace,normale,2022,5,27,147,Phase_1_debut,Debut de saison (Mai-Juin),Saint-Louis,Zone sahélienne,146.85623,4,plus_grande_couverture,Phase_1_debut
2022-05-27,C4_plus_grande_couverture + C5_plus_grande_couverture,2022-05-27_016_006,-15.875,16.375,0.0,0.0,0.0,0.0,False,False,trace,normale,2022,5,27,147,Phase_1_debut,Debut de saison (Mai-Juin),Saint-Louis,Zone sahélienne,173.55737,4,plus_grande_couverture,Phase_1_debut
2022-05-27,C4_plus_grande_couverture + C5_plus_grande_couverture,2022-05-27_016_007,-15.625,16.375,0.0,0.0,0.0,0.0,False,False,trace,normale,2022,5,27,147,Phase_1_debut,Debut de saison (Mai-Juin),Saint-Louis,Zone sahélienne,200.25851,4,plus_grande_couverture,Phase_1_debut
2022-05-27,C4_plus_grande_couverture + C5_plus_grande_couverture,2022-05-27_016_008,-15.375,16.375,0.0,0.0,0.0,0.0,False,False,trace,normale,2022,5,27,147,Phase_1_debut,Debut de saison (Mai-Juin),Louga,Zone sahélienne,226.95963,4,plus_grande_couverture,Phase_1_debut
2022-05-27,C4_plus_grande_couverture + C5_plus_grande_couverture,2022-05-27_016_009,-15.125,16.375,0.0,0.0013656970113515854,-0.013656970113515854,-0.0013656970113515854,False,False,trace,normale,2022,5,27,147,Phase_1_debut,Debut de saison (Mai-Juin),Louga,Zone sahélienne,253.66078,4,plus_grande_couverture,Phase_1_debut
2022-05-27,C4_plus_grande_couverture + C5_plus_grande_couverture,2022-05-27_016_010,-14.875,16.375,0.0,0.0034610936418175697,-0.17158852517604828,-0.0034610936418175697,False,False,trace,normale,2022,5,27,147,Phase_1_debut,Debut de saison (Mai-Juin),Louga,Zone sahélienne,280.3619,4,plus_grande_couverture,Phase_1_debut
2022-05-27,C4_plus_grande_couverture + C5_plus_grande_couverture,2022-05-27_016_011,-14.625,16.375,0.04152931272983551,0.0036248236428946257,3.28961443901062,0.037904489086940885,True,False,trace,exceptionnelle,2022,5,27,147,Phase_1_debut,Debut de saison (Mai-Juin),Matam,Zone sahélienne,307.06305,4,plus_grande_couverture,Phase_1_debut
2022-05-27,C4_plus_grande_couverture + C5_plus_grande_couverture,2022-05-27_016_012,-14.375,16.375,0.5578464269638062,0.022713197395205498,5.308395862579346,0.5351332295686007,True,False,trace,exceptionnelle,2022,5,27,147,Phase_1_debut,Debut de saison (Mai-Juin),Matam,Zone sahélienne,333.76416,4,plus_grande_couverture,Phase_1_debut
2022-05-27,C4_plus_grande_couverture + C5_plus_grande_couverture,2022-05-27_016_013,-14.125,16.375,1.5874103307724,0.05798451974987984,6.063441276550293,1.52942581102252,True,False,faible,exceptionnelle,2022,5,27,147,Phase_1_debut,Debut de saison (Mai-Juin),Matam,Zone sahélienne,360.4653,4,plus_grande_couverture,Phase_1_debut
2022-05-27,C4_plus_grande_couverture + C5_plus_grande_couverture,2022-05-27_017_010,-14.875,16.625,0.0,0.015625344589352608,-0.15249860286712646,-0.015625344589352608,False,False,trace,normale,2022,5,27,147,Phase_1_debut,Debut de saison (Mai-Juin),Louga,Zone sahélienne,279.9998,4,plus_grande_couverture,Phase_1_debut
2022-05-27,C4_plus_grande_couverture + C5_plus_grande_couverture,2022-05-27_017_011,-14.625,16.625,0.0,0.013566657900810242,-0.224501371383667,-0.013566657900810242,False,False,trace,normale,2022,5,27,147,Phase_1_debut,Debut de saison (Mai-Juin),Matam,Zone sahélienne,306.66644,4,plus_grande_couverture,Phase_1_debut
2022-05-27,C4_plus_grande_couverture + C5_plus_grande_couverture,2022-05-27_017_012,-14.375,16.625,0.33401036262512207,0.01728794164955616,4.465263366699219,0.3167224209755659,True,False,trace,exceptionnelle,2022,5,27,147,Phase_1_debut,Debut de saison (Mai-Juin),Matam,Zone sahélienne,333.33307,4,plus_grande_couverture,Phase_1_debut
2022-05-09,C4_plus_petite_couverture,2022-05-09_000_003,-16.625,12.375,0.0,0.0,0.0,0.0,False,False,trace,normale,2022,5,9,129,Phase_1_debut,Debut de saison (Mai-Juin),Ziguinchor,Zone soudanienne,95.14188,4,plus_petite_couverture,Phase_1_debut
2022-05-09,C4_plus_petite_couverture,2022-05-09_000_004,-16.375,12.375,0.0,0.0,0.0,0.0,False,False,trace,normale,2022,5,9,129,Phase_1_debut,Debut de saison (Mai-Juin),Ziguinchor,Zone soudanienne,122.32527,4,plus_petite_couverture,Phase_1_debut
2022-05-09,C4_plus_petite_couverture,2022-05-09_000_020,-12.375,12.375,8.301054954528809,2.7002382278442383,0.8665242791175842,5.60081672668457,False,False,moderee,normale,2022,5,9,129,Phase_1_debut,Debut de saison (Mai-Juin),Kédougou,Zone soudanienne,557.2596,4,plus_petite_couverture,Phase_1_debut
2022-05-09,C4_plus_petite_couverture,2022-05-09_001_003,-16.625,12.625,0.0,0.0,0.0,0.0,False,False,trace,normale,2022,5,9,129,Phase_1_debut,Debut de saison (Mai-Juin),Ziguinchor,Zone soudanienne,95.04989,4,plus_petite_couverture,Phase_1_debut
2022-05-09,C4_plus_petite_couverture,2022-05-09_001_004,-16.375,12.625,0.0,0.0,0.0,0.0,False,False,trace,normale,2022,5,9,129,Phase_1_debut,Debut de saison (Mai-Juin),Ziguinchor,Zone soudanienne,122.20701,4,plus_petite_couverture,Phase_1_debut
2022-05-09,C4_plus_petite_couverture,2022-05-09_001_005,-16.125,12.625,0.0,0.0,0.0,0.0,False,False,trace,normale,2022,5,9,129,Phase_1_debut,Debut de saison (Mai-Juin),Sédhiou,Zone soudanienne,149.36412,4,plus_petite_couverture,Phase_1_debut
2022-05-09,C4_plus_petite_couverture,2022-05-09_001_006,-15.875,12.625,0.0,0.0,0.0,0.0,False,False,trace,normale,2022,5,9,129,Phase_1_debut,Debut de saison (Mai-Juin),Sédhiou,Zone soudanienne,176.52124,4,plus_petite_couverture,Phase_1_debut
2022-05-09,C4_plus_petite_couverture,2022-05-09_001_007,-15.625,12.625,0.12380892038345337,0.0030094676185399294,6.3983917236328125,0.12079945276491344,True,False,trace,exceptionnelle,2022,5,9,129,Phase_1_debut,Debut de saison (Mai-Juin),Sédhiou,Zone soudanienne,203.67834,4,plus_petite_couverture,Phase_1_debut
2022-05-09,C4_plus_petite_couverture,2022-05-09_001_008,-15.375,12.625,0.7218223810195923,0.031584881246089935,5.594191551208496,0.6902374997735023,True,False,trace,exceptionnelle,2022,5,9,129,Phase_1_debut,Debut de saison (Mai-Juin),Kolda,Zone soudanienne,230.83545,4,plus_petite_couverture,Phase_1_debut
2022-05-09,C4_plus_petite_couverture,2022-05-09_001_018,-12.875,12.625,2.8867416381835938,1.0901730060577393,0.7267172336578369,1.7965686321258545,False,False,faible,normale,2022,5,9,129,Phase_1_debut,Debut de saison (Mai-Juin),Kédougou,Zone soudanienne,502.40656,4,plus_petite_couverture,Phase_1_debut
2022-05-09,C4_plus_petite_couverture,2022-05-09_001_019,-12.625,12.625,0.0,1.5293431282043457,-0.375952810049057,-1.5293431282043457,False,False,trace,normale,2022,5,9,129,Phase_1_debut,Debut de saison (Mai-Juin),Kédougou,Zone soudanienne,529.56366,4,plus_petite_couverture,Phase_1_debut
2022-05-09,C4_plus_petite_couverture,2022-05-09_001_020,-12.375,12.625,0.0,1.8351833820343018,-0.3832657039165497,-1.8351833820343018,False,False,trace,normale,2022,5,9,129,Phase_1_debut,Debut de saison (Mai-Juin),Kédougou,Zone soudanienne,556.7208,4,plus_petite_couverture,Phase_1_debut
2022-05-09,C4_plus_petite_couverture,2022-05-09_001_021,-12.125,12.625,11.544524192810059,2.275766134262085,1.6505833864212036,9.268758058547974,False,False,moderee,humide,2022,5,9,129,Phase_1_debut,Debut de saison (Mai-Juin),Kédougou,Zone soudanienne,583.87787,4,plus_petite_couverture,Phase_1_debut
2022-05-09,C4_plus_petite_couverture,2022-05-09_001_022,-11.875,12.625,12.835328102111816,2.3416311740875244,1.8991522789001465,10.493696928024292,False,False,moderee,humide,2022,5,9,129,Phase_1_debut,Debut de saison (Mai-Juin),Kédougou,Zone soudanienne,611.03503,4,plus_petite_couverture,Phase_1_debut
2022-05-09,C4_plus_petite_couverture,2022-05-09_001_023,-11.625,12.625,11.143486022949219,1.5107264518737793,3.100267171859741,9.63275957107544,True,False,moderee,exceptionnelle,2022,5,9,129,Phase_1_debut,Debut de saison (Mai-Juin),Kédougou,Zone soudanienne,638.19214,4,plus_petite_couverture,Phase_1_debut
2022-05-09,C4_plus_petite_couverture,2022-05-09_002_003,-16.625,12.875,0.0,0.0,0.0,0.0,False,False,trace,normale,2022,5,9,129,Phase_1_debut,Debut de saison (Mai-Juin),Ziguinchor,Zone soudanienne,94.95609,4,plus_petite_couverture,Phase_1_debut
2022-05-09,C4_plus_petite_couverture,2022-05-09_002_004,-16.375,12.875,0.0,0.0,0.0,0.0,False,False,trace,normale,2022,5,9,129,Phase_1_debut,Debut de saison (Mai-Juin),Ziguinchor,Zone soudanienne,122.08641,4,plus_petite_couverture,Phase_1_debut
2022-05-09,C4_plus_petite_couverture,2022-05-09_002_005,-16.125,12.875,0.0,0.0,0.0,0.0,False,False,trace,normale,2022,5,9,129,Phase_1_debut,Debut de saison (Mai-Juin),Sédhiou,Zone soudanienne,149.21672,4,plus_petite_couverture,Phase_1_debut
2022-05-09,C4_plus_petite_couverture,2022-05-09_002_006,-15.875,12.875,0.0,0.0,0.0,0.0,False,False,trace,normale,2022,5,9,129,Phase_1_debut,Debut de saison (Mai-Juin),Sédhiou,Zone soudanienne,176.34703,4,plus_petite_couverture,Phase_1_debut
2022-05-09,C4_plus_petite_couverture,2022-05-09_002_007,-15.625,12.875,0.0923079177737236,0.002146695740520954,6.404940605163574,0.09016122203320265,True,False,trace,exceptionnelle,2022,5,9,129,Phase_1_debut,Debut de saison (Mai-Juin),Sédhiou,Zone soudanienne,203.47736,4,plus_petite_couverture,Phase_1_debut
2022-05-09,C4_plus_petite_couverture,2022-05-09_002_008,-15.375,12.875,0.9133870005607605,0.03173099458217621,6.1490607261657715,0.8816560059785843,True,False,trace,exceptionnelle,2022,5,9,129,Phase_1_debut,Debut de saison (Mai-Juin),Kolda,Zone soudanienne,230.60765,4,plus_petite_couverture,Phase_1_debut
2022-05-09,C4_plus_petite_couverture,2022-05-09_002_009,-15.125,12.875,0.9789617657661438,0.04464953392744064,5.267457962036133,0.9343122318387032,True,False,trace,exceptionnelle,2022,5,9,129,Phase_1_debut,Debut de saison (Mai-Juin),Kolda,Zone soudanienne,257.73798,4,plus_petite_couverture,Phase_1_debut
2022-05-09,C4_plus_petite_couverture,2022-05-09_002_010,-14.875,12.875,2.788515090942383,0.3738631308078766,2.792593002319336,2.4146519601345062,True,False,faible,tres humide,2022,5,9,129,Phase_1_debut,Debut de saison (Mai-Juin),Kolda,Zone soudanienne,284.8683,4,plus_petite_couverture,Phase_1_debut
2022-05-09,C4_plus_petite_couverture,2022-05-09_002_011,-14.625,12.875,3.6115143299102783,0.5549963712692261,2.3583476543426514,3.0565179586410522,True,False,faible,tres humide,2022,5,9,129,Phase_1_debut,Debut de saison (Mai-Juin),Kolda,Zone soudanienne,311.9986,4,plus_petite_couverture,Phase_1_debut
2022-05-09,C4_plus_petite_couverture,2022-05-09_002_012,-14.375,12.875,2.8668203353881836,0.4328821897506714,2.3362414836883545,2.433938145637512,True,False,faible,tres humide,2022,5,9,129,Phase_1_debut,Debut de saison (Mai-Juin),Kolda,Zone soudanienne,339.1289,4,plus_petite_couverture,Phase_1_debut
2022-05-09,C4_plus_petite_couverture,2022-05-09_002_013,-14.125,12.875,3.34857177734375,0.4590195119380951,2.639357566833496,2.889552265405655,True,False,faible,tres humide,2022,5,9,129,Phase_1_debut,Debut de saison (Mai-Juin),Kolda,Zone soudanienne,366.25922,4,plus_petite_couverture,Phase_1_debut
2022-05-09,C4_plus_petite_couverture,2022-05-09_002_014,-13.875,12.875,0.9027702808380127,0.19543281197547913,1.1279881000518799,0.7073374688625336,False,False,trace,humide,2022,5,9,129,Phase_1_debut,Debut de saison (Mai-Juin),Tambacounda,Zone soudanienne,393.38953,4,plus_petite_couverture,Phase_1_debut
2022-05-09,C4_plus_petite_couverture,2022-05-09_002_015,-13.625,12.875,1.5775750875473022,0.17192484438419342,2.416297197341919,1.4056502431631088,True,False,faible,tres humide,2022,5,9,129,Phase_1_debut,Debut de saison (Mai-Juin),Tambacounda,Zone soudanienne,420.51984,4,plus_petite_couverture,Phase_1_debut
2022-05-09,C4_plus_petite_couverture,2022-05-09_002_016,-13.375,12.875,2.001513719558716,0.2658526599407196,2.1809918880462646,1.7356610596179962,True,False,faible,tres humide,2022,5,9,129,Phase_1_debut,Debut de saison (Mai-Juin),Tambacounda,Zone soudanienne,447.65018,4,plus_petite_couverture,Phase_1_debut
2022-05-09,C4_plus_petite_couverture,2022-05-09_002_017,-13.125,12.875,0.0,0.31424739956855774,-0.2524280846118927,-0.31424739956855774,False,False,trace,normale,2022,5,9,129,Phase_1_debut,Debut de saison (Mai-Juin),Kédougou,Zone soudanienne,474.78046,4,plus_petite_couverture,Phase_1_debut
2022-05-09,C4_plus_petite_couverture,2022-05-09_002_018,-12.875,12.875,0.42452603578567505,0.5797711610794067,-0.08964435756206512,-0.1552451252937317,False,False,trace,normale,2022,5,9,129,Phase_1_debut,Debut de saison (Mai-Juin),Kédougou,Zone soudanienne,501.91077,4,plus_petite_couverture,Phase_1_debut
2022-05-09,C4_plus_petite_couverture,2022-05-09_002_019,-12.625,12.875,3.530930995941162,1.1646806001663208,0.7620478272438049,2.3662503957748413,False,False,faible,normale,2022,5,9,129,Phase_1_debut,Debut de saison (Mai-Juin),Kédougou,Zone soudanienne,529.0411,4,plus_petite_couverture,Phase_1_debut
2022-05-09,C4_plus_petite_couverture,2022-05-09_002_020,-12.375,12.875,0.8122220039367676,1.3128935098648071,-0.16692815721035004,-0.5006715059280396,False,False,trace,normale,2022,5,9,129,Phase_1_debut,Debut de saison (Mai-Juin),Kédougou,Zone soudanienne,556.17145,4,plus_petite_couverture,Phase_1_debut
2022-05-09,C4_plus_petite_couverture,2022-05-09_002_021,-12.125,12.875,3.6678168773651123,1.4664193391799927,0.6055341958999634,2.2013975381851196,False,False,faible,normale,2022,5,9,129,Phase_1_debut,Debut de saison (Mai-Juin),Kédougou,Zone soudanienne,583.3017,4,plus_petite_couverture,Phase_1_debut
2022-05-09,C4_plus_petite_couverture,2022-05-09_002_022,-11.875,12.875,11.12686538696289,1.5681711435317993,3.0870378017425537,9.558694243431091,True,False,moderee,exceptionnelle,2022,5,9,129,Phase_1_debut,Debut de saison (Mai-Juin),Kédougou,Zone soudanienne,610.432,4,plus_petite_couverture,Phase_1_debut
2022-05-09,C4_plus_petite_couverture,2022-05-09_002_023,-11.625,12.875,9.356011390686035,1.3428363800048828,3.107635736465454,8.013175010681152,True,False,moderee,exceptionnelle,2022,5,9,129,Phase_1_debut,Debut de saison (Mai-Juin),Kédougou,Zone soudanienne,637.5624,4,plus_petite_couverture,Phase_1_debut
2022-05-09,C4_plus_petite_couverture,2022-05-09_003_003,-16.625,13.125,0.0,0.0,0.0,0.0,False,False,trace,normale,2022,5,9,129,Phase_1_debut,Debut de saison (Mai-Juin),Ziguinchor,Zone soudanienne,94.86048,4,plus_petite_couverture,Phase_1_debut
2022-05-09,C4_plus_petite_couverture,2022-05-09_003_004,-16.375,13.125,0.0,0.03394710645079613,-0.24520868062973022,-0.03394710645079613,False,False,trace,normale,2022,5,9,129,Phase_1_debut,Debut de saison (Mai-Juin),Ziguinchor,Zone soudanienne,121.96348,4,plus_petite_couverture,Phase_1_debut
2022-05-09,C4_plus_petite_couverture,2022-05-09_003_005,-16.125,13.125,0.0,0.0,0.0,0.0,False,False,trace,normale,2022,5,9,129,Phase_1_debut,Debut de saison (Mai-Juin),Sédhiou,Zone soudanienne,149.06648,4,plus_petite_couverture,Phase_1_debut
2022-05-09,C4_plus_petite_couverture,2022-05-09_003_006,-15.875,13.125,0.0,0.0,0.0,0.0,False,False,trace,normale,2022,5,9,129,Phase_1_debut,Debut de saison (Mai-Juin),Sédhiou,Zone soudanienne,176.16948,4,plus_petite_couverture,Phase_1_debut
2022-05-09,C4_plus_petite_couverture,2022-05-09_003_007,-15.625,13.125,0.0,0.0,0.0,0.0,False,False,trace,normale,2022,5,9,129,Phase_1_debut,Debut de saison (Mai-Juin),Sédhiou,Zone soudanienne,203.27248,4,plus_petite_couverture,Phase_1_debut
2022-05-09,C4_plus_petite_couverture,2022-05-09_003_008,-15.375,13.125,0.02214806340634823,0.005071403458714485,0.6179848313331604,0.017076659947633743,False,False,trace,normale,2022,5,9,129,Phase_1_debut,Debut de saison (Mai-Juin),Kolda,Zone soudanienne,230.37546,4,plus_petite_couverture,Phase_1_debut
2022-05-09,C4_plus_petite_couverture,2022-05-09_003_009,-15.125,13.125,0.4382164776325226,0.02376667596399784,3.766578197479248,0.41444980166852474,True,False,trace,exceptionnelle,2022,5,9,129,Phase_1_debut,Debut de saison (Mai-Juin),Kolda,Zone soudanienne,257.47845,4,plus_petite_couverture,Phase_1_debut
2022-05-09,C4_plus_petite_couverture,2022-05-09_003_010,-14.875,13.125,2.127599000930786,0.24579761922359467,3.1947147846221924,1.8818013817071915,True,False,faible,exceptionnelle,2022,5,9,129,Phase_1_debut,Debut de saison (Mai-Juin),Kolda,Zone soudanienne,284.58145,4,plus_petite_couverture,Phase_1_debut
2022-05-09,C4_plus_petite_couverture,2022-05-09_003_011,-14.625,13.125,2.988690137863159,0.4001823365688324,2.702141761779785,2.588507801294327,True,False,faible,tres humide,2022,5,9,129,Phase_1_debut,Debut de saison (Mai-Juin),Kolda,Zone soudanienne,311.68445,4,plus_petite_couverture,Phase_1_debut
2022-05-09,C4_plus_petite_couverture,2022-05-09_003_012,-14.375,13.125,2.137566089630127,0.26611292362213135,2.781224250793457,1.8714531660079956,True,False,faible,tres humide,2022,5,9,129,Phase_1_debut,Debut de saison (Mai-Juin),Tambacounda,Zone soudanienne,338.78745,4,plus_petite_couverture,Phase_1_debut
2022-05-09,C4_plus_petite_couverture,2022-05-09_003_013,-14.125,13.125,1.9724533557891846,0.313504695892334,2.3277363777160645,1.6589486598968506,True,False,faible,tres humide,2022,5,9,129,Phase_1_debut,Debut de saison (Mai-Juin),Tambacounda,Zone soudanienne,365.89044,4,plus_petite_couverture,Phase_1_debut
2022-05-09,C4_plus_petite_couverture,2022-05-09_003_014,-13.875,13.125,1.0464674234390259,0.21055272221565247,1.2884526252746582,0.8359147012233734,False,False,faible,humide,2022,5,9,129,Phase_1_debut,Debut de saison (Mai-Juin),Tambacounda,Zone soudanienne,392.99344,4,plus_petite_couverture,Phase_1_debut
2022-05-09,C4_plus_petite_couverture,2022-05-09_003_015,-13.625,13.125,0.0,0.14030130207538605,-0.2557589113712311,-0.14030130207538605,False,False,trace,normale,2022,5,9,129,Phase_1_debut,Debut de saison (Mai-Juin),Tambacounda,Zone soudanienne,420.09644,4,plus_petite_couverture,Phase_1_debut
2022-05-09,C4_plus_petite_couverture,2022-05-09_003_016,-13.375,13.125,0.26013222336769104,0.1291564404964447,0.2644438147544861,0.13097578287124634,False,False,trace,normale,2022,5,9,129,Phase_1_debut,Debut de saison (Mai-Juin),Tambacounda,Zone soudanienne,447.19943,4,plus_petite_couverture,Phase_1_debut
2022-05-09,C4_plus_petite_couverture,2022-05-09_003_017,-13.125,13.125,0.0,0.1366930454969406,-0.2859470248222351,-0.1366930454969406,False,False,trace,normale,2022,5,9,129,Phase_1_debut,Debut de saison (Mai-Juin),Tambacounda,Zone soudanienne,474.30243,4,plus_petite_couverture,Phase_1_debut
2022-05-09,C4_plus_petite_couverture,2022-05-09_003_018,-12.875,13.125,0.0,0.3919544219970703,-0.24407251179218292,-0.3919544219970703,False,False,trace,normale,2022,5,9,129,Phase_1_debut,Debut de saison (Mai-Juin),Tambacounda,Zone soudanienne,501.4054,4,plus_petite_couverture,Phase_1_debut
2022-05-09,C4_plus_petite_couverture,2022-05-09_003_019,-12.625,13.125,0.0,0.6346771717071533,-0.26790371537208557,-0.6346771717071533,False,False,trace,normale,2022,5,9,129,Phase_1_debut,Debut de saison (Mai-Juin),Tambacounda,Zone soudanienne,528.5084,4,plus_petite_couverture,Phase_1_debut
2022-05-09,C4_plus_petite_couverture,2022-05-09_003_020,-12.375,13.125,0.0,0.8149597644805908,-0.3498801290988922,-0.8149597644805908,False,False,trace,normale,2022,5,9,129,Phase_1_debut,Debut de saison (Mai-Juin),Tambacounda,Zone soudanienne,555.61145,4,plus_petite_couverture,Phase_1_debut
2022-05-09,C4_plus_petite_couverture,2022-05-09_003_021,-12.125,13.125,2.6732068061828613,1.119810938835144,0.6074493527412415,1.5533958673477173,False,False,faible,normale,2022,5,9,129,Phase_1_debut,Debut de saison (Mai-Juin),Tambacounda,Zone soudanienne,582.71436,4,plus_petite_couverture,Phase_1_debut
2022-05-09,C4_plus_petite_couverture,2022-05-09_003_022,-11.875,13.125,8.0482759475708,1.3341799974441528,2.625901460647583,6.714095950126648,True,False,moderee,tres humide,2022,5,9,129,Phase_1_debut,Debut de saison (Mai-Juin),Tambacounda,Zone soudanienne,609.8174,4,plus_petite_couverture,Phase_1_debut
2022-05-09,C4_plus_petite_couverture,2022-05-09_003_023,-11.625,13.125,6.826876640319824,1.2011284828186035,2.3579418659210205,5.625748157501221,True,False,moderee,tres humide,2022,5,9,129,Phase_1_debut,Debut de saison (Mai-Juin),Tambacounda,Zone soudanienne,636.9204,4,plus_petite_couverture,Phase_1_debut
2022-05-09,C4_plus_petite_couverture,2022-05-09_004_009,-15.125,13.375,0.0,0.0034332438372075558,-0.15249857306480408,-0.0034332438372075558,False,False,trace,normale,2022,5,9,129,Phase_1_debut,Debut de saison (Mai-Juin),Kolda,Zone soudanienne,257.21408,4,plus_petite_couverture,Phase_1_debut
2022-05-09,C4_plus_petite_couverture,2022-05-09_004_010,-14.875,13.375,0.2552564740180969,0.06599244475364685,0.6591860055923462,0.18926402926445007,False,False,trace,normale,2022,5,9,129,Phase_1_debut,Debut de saison (Mai-Juin),Kolda,Zone soudanienne,284.2892,4,plus_petite_couverture,Phase_1_debut
2022-05-09,C4_plus_petite_couverture,2022-05-09_004_015,-13.625,13.375,0.0,0.3112172484397888,-0.3321724236011505,-0.3112172484397888,False,False,trace,normale,2022,5,9,129,Phase_1_debut,Debut de saison (Mai-Juin),Tambacounda,Zone soudanienne,419.66504,4,plus_petite_couverture,Phase_1_debut
2022-05-09,C4_plus_petite_couverture,2022-05-09_004_016,-13.375,13.375,0.0,0.3154093325138092,-0.356515496969223,-0.3154093325138092,False,False,trace,normale,2022,5,9,129,Phase_1_debut,Debut de saison (Mai-Juin),Tambacounda,Zone soudanienne,446.7402,4,plus_petite_couverture,Phase_1_debut
2022-05-09,C4_plus_petite_couverture,2022-05-09_004_017,-13.125,13.375,0.0,0.20342445373535156,-0.309341698884964,-0.20342445373535156,False,False,trace,normale,2022,5,9,129,Phase_1_debut,Debut de saison (Mai-Juin),Tambacounda,Zone soudanienne,473.81537,4,plus_petite_couverture,Phase_1_debut
2022-05-09,C4_plus_petite_couverture,2022-05-09_004_018,-12.875,13.375,0.0,0.15115639567375183,-0.1865282952785492,-0.15115639567375183,False,False,trace,normale,2022,5,9,129,Phase_1_debut,Debut de saison (Mai-Juin),Tambacounda,Zone soudanienne,500.89053,4,plus_petite_couverture,Phase_1_debut
2022-05-09,C4_plus_petite_couverture,2022-05-09_004_019,-12.625,13.375,0.1760522723197937,0.3203934133052826,-0.12049257755279541,-0.1443411409854889,False,False,trace,normale,2022,5,9,129,Phase_1_debut,Debut de saison (Mai-Juin),Tambacounda,Zone soudanienne,527.9657,4,plus_petite_couverture,Phase_1_debut
2022-05-09,C4_plus_petite_couverture,2022-05-09_004_020,-12.375,13.375,0.0,0.42194029688835144,-0.3705390691757202,-0.42194029688835144,False,False,trace,normale,2022,5,9,129,Phase_1_debut,Debut de saison (Mai-Juin),Tambacounda,Zone soudanienne,555.0409,4,plus_petite_couverture,Phase_1_debut
2022-05-09,C4_plus_petite_couverture,2022-05-09_004_021,-12.125,13.375,0.0,0.5155375003814697,-0.3558965027332306,-0.5155375003814697,False,False,trace,normale,2022,5,9,129,Phase_1_debut,Debut de saison (Mai-Juin),Tambacounda,Zone soudanienne,582.116,4,plus_petite_couverture,Phase_1_debut
2022-05-09,C4_plus_petite_couverture,2022-05-09_004_022,-11.875,13.375,2.6894562244415283,0.6161130666732788,1.28512704372406,2.0733431577682495,False,False,faible,humide,2022,5,9,129,Phase_1_debut,Debut de saison (Mai-Juin),Tambacounda,Zone soudanienne,609.19116,4,plus_petite_couverture,Phase_1_debut
2022-05-09,C4_plus_petite_couverture,2022-05-09_004_023,-11.625,13.375,6.782647132873535,0.8834916949272156,2.6576976776123047,5.89915543794632,True,False,moderee,tres humide,2022,5,9,129,Phase_1_debut,Debut de saison (Mai-Juin),Tambacounda,Zone soudanienne,636.26636,4,plus_petite_couverture,Phase_1_debut
2022-05-09,C4_plus_petite_couverture,2022-05-09_005_004,-16.375,13.625,0.0,0.0,0.0,0.0,False,False,trace,normale,2022,5,9,129,Phase_1_debut,Debut de saison (Mai-Juin),Kaolack,Zone soudano-sahélienne,121.71068,4,plus_petite_couverture,Phase_1_debut
2022-05-09,C4_plus_petite_couverture,2022-05-09_005_005,-16.125,13.625,0.0,0.0,0.0,0.0,False,False,trace,normale,2022,5,9,129,Phase_1_debut,Debut de saison (Mai-Juin),Kaolack,Zone soudano-sahélienne,148.75749,4,plus_petite_couverture,Phase_1_debut
2022-05-09,C4_plus_petite_couverture,2022-05-09_005_006,-15.875,13.625,0.0,0.0,0.0,0.0,False,False,trace,normale,2022,5,9,129,Phase_1_debut,Debut de saison (Mai-Juin),Kaffrine,Zone soudano-sahélienne,175.80432,4,plus_petite_couverture,Phase_1_debut
2022-05-09,C4_plus_petite_couverture,2022-05-09_005_007,-15.625,13.625,0.0,0.0,0.0,0.0,False,False,trace,normale,2022,5,9,129,Phase_1_debut,Debut de saison (Mai-Juin),Kaffrine,Zone soudano-sahélienne,202.85114,4,plus_petite_couverture,Phase_1_debut
2022-05-09,C4_plus_petite_couverture,2022-05-09_005_012,-14.375,13.625,0.0,0.018999584019184113,-0.15376116335391998,-0.018999584019184113,False,False,trace,normale,2022,5,9,129,Phase_1_debut,Debut de saison (Mai-Juin),Tambacounda,Zone soudano-sahélienne,338.0852,4,plus_petite_couverture,Phase_1_debut
2022-05-09,C4_plus_petite_couverture,2022-05-09_005_013,-14.125,13.625,0.03385268524289131,0.029244106262922287,0.03988325223326683,0.004608578979969025,False,False,trace,normale,2022,5,9,129,Phase_1_debut,Debut de saison (Mai-Juin),Tambacounda,Zone soudano-sahélienne,365.13202,4,plus_petite_couverture,Phase_1_debut
2022-05-09,C4_plus_petite_couverture,2022-05-09_005_014,-13.875,13.625,0.0,0.16173048317432404,-0.3626619577407837,-0.16173048317432404,False,False,trace,normale,2022,5,9,129,Phase_1_debut,Debut de saison (Mai-Juin),Tambacounda,Zone soudano-sahélienne,392.17886,4,plus_petite_couverture,Phase_1_debut
2022-05-09,C4_plus_petite_couverture,2022-05-09_005_015,-13.625,13.625,0.0,0.36180567741394043,-0.3452686667442322,-0.36180567741394043,False,False,trace,normale,2022,5,9,129,Phase_1_debut,Debut de saison (Mai-Juin),Tambacounda,Zone soudano-sahélienne,419.22565,4,plus_petite_couverture,Phase_1_debut
2022-05-09,C4_plus_petite_couverture,2022-05-09_005_016,-13.375,13.625,0.0,0.31238454580307007,-0.354748398065567,-0.31238454580307007,False,False,trace,normale,2022,5,9,129,Phase_1_debut,Debut de saison (Mai-Juin),Tambacounda,Zone soudano-sahélienne,446.2725,4,plus_petite_couverture,Phase_1_debut
2022-05-09,C4_plus_petite_couverture,2022-05-09_005_017,-13.125,13.625,0.0,0.16131898760795593,-0.3039802610874176,-0.16131898760795593,False,False,trace,normale,2022,5,9,129,Phase_1_debut,Debut de saison (Mai-Juin),Tambacounda,Zone soudano-sahélienne,473.3193,4,plus_petite_couverture,Phase_1_debut
2022-05-09,C4_plus_petite_couverture,2022-05-09_005_018,-12.875,13.625,0.0,0.0477575920522213,-0.27291423082351685,-0.0477575920522213,False,False,trace,normale,2022,5,9,129,Phase_1_debut,Debut de saison (Mai-Juin),Tambacounda,Zone soudano-sahélienne,500.3661,4,plus_petite_couverture,Phase_1_debut
2022-05-09,C4_plus_petite_couverture,2022-05-09_005_019,-12.625,13.625,0.0,0.12055453658103943,-0.3077748417854309,-0.12055453658103943,False,False,trace,normale,2022,5,9,129,Phase_1_debut,Debut de saison (Mai-Juin),Tambacounda,Zone soudano-sahélienne,527.4129,4,plus_petite_couverture,Phase_1_debut
2022-05-09,C4_plus_petite_couverture,2022-05-09_005_020,-12.375,13.625,0.0,0.2623055577278137,-0.3356128931045532,-0.2623055577278137,False,False,trace,normale,2022,5,9,129,Phase_1_debut,Debut de saison (Mai-Juin),Tambacounda,Zone soudano-sahélienne,554.4598,4,plus_petite_couverture,Phase_1_debut
2022-05-09,C4_plus_petite_couverture,2022-05-09_005_021,-12.125,13.625,0.17833895981311798,0.21946798264980316,-0.07056167721748352,-0.04112902283668518,False,False,trace,normale,2022,5,9,129,Phase_1_debut,Debut de saison (Mai-Juin),Tambacounda,Zone soudano-sahélienne,581.50653,4,plus_petite_couverture,Phase_1_debut
2022-05-09,C4_plus_petite_couverture,2022-05-09_006_003,-16.625,13.875,0.0,0.0,0.0,0.0,False,False,trace,normale,2022,5,9,129,Phase_1_debut,Debut de saison (Mai-Juin),Fatick,Zone soudano-sahélienne,94.562836,4,plus_petite_couverture,Phase_1_debut
2022-05-09,C4_plus_petite_couverture,2022-05-09_006_004,-16.375,13.875,0.0,0.0,0.0,0.0,False,False,trace,normale,2022,5,9,129,Phase_1_debut,Debut de saison (Mai-Juin),Fatick,Zone soudano-sahélienne,121.580795,4,plus_petite_couverture,Phase_1_debut
2022-05-09,C4_plus_petite_couverture,2022-05-09_006_005,-16.125,13.875,0.0,0.0,0.0,0.0,False,False,trace,normale,2022,5,9,129,Phase_1_debut,Debut de saison (Mai-Juin),Fatick,Zone soudano-sahélienne,148.59875,4,plus_petite_couverture,Phase_1_debut
2022-05-09,C4_plus_petite_couverture,2022-05-09_006_006,-15.875,13.875,0.0,0.0,0.0,0.0,False,False,trace,normale,2022,5,9,129,Phase_1_debut,Debut de saison (Mai-Juin),Kaolack,Zone soudano-sahélienne,175.6167,4,plus_petite_couverture,Phase_1_debut
2022-05-09,C4_plus_petite_couverture,2022-05-09_006_007,-15.625,13.875,0.0,0.0,0.0,0.0,False,False,trace,normale,2022,5,9,129,Phase_1_debut,Debut de saison (Mai-Juin),Kaolack,Zone soudano-sahélienne,202.63466,4,plus_petite_couverture,Phase_1_debut
2022-05-09,C4_plus_petite_couverture,2022-05-09_006_008,-15.375,13.875,0.0,0.0,0.0,0.0,False,False,trace,normale,2022,5,9,129,Phase_1_debut,Debut de saison (Mai-Juin),Kaffrine,Zone soudano-sahélienne,229.6526,4,plus_petite_couverture,Phase_1_debut
2022-05-09,C4_plus_petite_couverture,2022-05-09_006_009,-15.125,13.875,0.0,0.0,0.0,0.0,False,False,trace,normale,2022,5,9,129,Phase_1_debut,Debut de saison (Mai-Juin),Kaffrine,Zone soudano-sahélienne,256.67056,4,plus_petite_couverture,Phase_1_debut
2022-05-09,C4_plus_petite_couverture,2022-05-09_006_010,-14.875,13.875,0.0,0.0,0.0,0.0,False,False,trace,normale,2022,5,9,129,Phase_1_debut,Debut de saison (Mai-Juin),Kaffrine,Zone soudano-sahélienne,283.6885,4,plus_petite_couverture,Phase_1_debut
2022-05-09,C4_plus_petite_couverture,2022-05-09_006_011,-14.625,13.875,0.0,0.0005581091972999275,-0.0055810920894145966,-0.0005581091972999275,False,False,trace,normale,2022,5,9,129,Phase_1_debut,Debut de saison (Mai-Juin),Kaffrine,Zone soudano-sahélienne,310.70648,4,plus_petite_couverture,Phase_1_debut
2022-05-09,C4_plus_petite_couverture,2022-05-09_006_012,-14.375,13.875,0.0,0.015280899591743946,-0.15249857306480408,-0.015280899591743946,False,False,trace,normale,2022,5,9,129,Phase_1_debut,Debut de saison (Mai-Juin),Tambacounda,Zone soudano-sahélienne,337.72443,4,plus_petite_couverture,Phase_1_debut
2022-05-09,C4_plus_petite_couverture,2022-05-09_006_013,-14.125,13.875,0.0,0.02066473290324211,-0.15249857306480408,-0.02066473290324211,False,False,trace,normale,2022,5,9,129,Phase_1_debut,Debut de saison (Mai-Juin),Tambacounda,Zone soudano-sahélienne,364.74237,4,plus_petite_couverture,Phase_1_debut
2022-05-09,C4_plus_petite_couverture,2022-05-09_006_014,-13.875,13.875,0.0,0.1733814924955368,-0.3371266722679138,-0.1733814924955368,False,False,trace,normale,2022,5,9,129,Phase_1_debut,Debut de saison (Mai-Juin),Tambacounda,Zone soudano-sahélienne,391.76035,4,plus_petite_couverture,Phase_1_debut
2022-05-09,C4_plus_petite_couverture,2022-05-09_006_015,-13.625,13.875,0.0,0.29461580514907837,-0.3511194884777069,-0.29461580514907837,False,False,trace,normale,2022,5,9,129,Phase_1_debut,Debut de saison (Mai-Juin),Tambacounda,Zone soudano-sahélienne,418.7783,4,plus_petite_couverture,Phase_1_debut
2022-05-09,C4_plus_petite_couverture,2022-05-09_006_016,-13.375,13.875,0.0,0.09144339710474014,-0.3010164797306061,-0.09144339710474014,False,False,trace,normale,2022,5,9,129,Phase_1_debut,Debut de saison (Mai-Juin),Tambacounda,Zone soudano-sahélienne,445.79623,4,plus_petite_couverture,Phase_1_debut
2022-05-09,C4_plus_petite_couverture,2022-05-09_006_017,-13.125,13.875,0.0,0.04668654501438141,-0.2690352201461792,-0.04668654501438141,False,False,trace,normale,2022,5,9,129,Phase_1_debut,Debut de saison (Mai-Juin),Tambacounda,Zone soudano-sahélienne,472.81418,4,plus_petite_couverture,Phase_1_debut
2022-05-09,C4_plus_petite_couverture,2022-05-09_006_018,-12.875,13.875,0.0,0.017714357003569603,-0.3066704273223877,-0.017714357003569603,False,False,trace,normale,2022,5,9,129,Phase_1_debut,Debut de saison (Mai-Juin),Tambacounda,Zone soudano-sahélienne,499.83212,4,plus_petite_couverture,Phase_1_debut
2022-05-09,C4_plus_petite_couverture,2022-05-09_006_019,-12.625,13.875,0.0,0.029096132144331932,-0.23121009767055511,-0.029096132144331932,False,False,trace,normale,2022,5,9,129,Phase_1_debut,Debut de saison (Mai-Juin),Tambacounda,Zone soudano-sahélienne,526.8501,4,plus_petite_couverture,Phase_1_debut
2022-05-09,C4_plus_petite_couverture,2022-05-09_006_020,-12.375,13.875,0.0,0.10268338769674301,-0.2661716938018799,-0.10268338769674301,False,False,trace,normale,2022,5,9,129,Phase_1_debut,Debut de saison (Mai-Juin),Tambacounda,Zone soudano-sahélienne,553.86804,4,plus_petite_couverture,Phase_1_debut
2022-05-09,C4_plus_petite_couverture,2022-05-09_006_021,-12.125,13.875,0.8813305497169495,0.1971926987171173,1.3483803272247314,0.6841378509998322,False,False,trace,humide,2022,5,9,129,Phase_1_debut,Debut de saison (Mai-Juin),Tambacounda,Zone soudano-sahélienne,580.886,4,plus_petite_couverture,Phase_1_debut
2022-05-09,C4_plus_petite_couverture,2022-05-09_007_003,-16.625,14.125,0.0,0.0,0.0,0.0,False,False,trace,normale,2022,5,9,129,Phase_1_debut,Debut de saison (Mai-Juin),Fatick,Zone soudano-sahélienne,94.460014,4,plus_petite_couverture,Phase_1_debut
2022-05-09,C4_plus_petite_couverture,2022-05-09_007_004,-16.375,14.125,0.0,0.0,0.0,0.0,False,False,trace,normale,2022,5,9,129,Phase_1_debut,Debut de saison (Mai-Juin),Fatick,Zone soudano-sahélienne,121.44859,4,plus_petite_couverture,Phase_1_debut
2022-05-09,C4_plus_petite_couverture,2022-05-09_007_005,-16.125,14.125,0.0,0.0,0.0,0.0,False,False,trace,normale,2022,5,9,129,Phase_1_debut,Debut de saison (Mai-Juin),Fatick,Zone soudano-sahélienne,148.43718,4,plus_petite_couverture,Phase_1_debut
2022-05-09,C4_plus_petite_couverture,2022-05-09_007_006,-15.875,14.125,0.0,0.0,0.0,0.0,False,False,trace,normale,2022,5,9,129,Phase_1_debut,Debut de saison (Mai-Juin),Kaolack,Zone soudano-sahélienne,175.42575,4,plus_petite_couverture,Phase_1_debut
2022-05-09,C4_plus_petite_couverture,2022-05-09_007_007,-15.625,14.125,0.0,0.0,0.0,0.0,False,False,trace,normale,2022,5,9,129,Phase_1_debut,Debut de saison (Mai-Juin),Kaolack,Zone soudano-sahélienne,202.41434,4,plus_petite_couverture,Phase_1_debut
2022-05-09,C4_plus_petite_couverture,2022-05-09_007_008,-15.375,14.125,0.0,0.0,0.0,0.0,False,False,trace,normale,2022,5,9,129,Phase_1_debut,Debut de saison (Mai-Juin),Kaffrine,Zone soudano-sahélienne,229.4029,4,plus_petite_couverture,Phase_1_debut
2022-05-09,C4_plus_petite_couverture,2022-05-09_007_009,-15.125,14.125,0.0,0.0,0.0,0.0,False,False,trace,normale,2022,5,9,129,Phase_1_debut,Debut de saison (Mai-Juin),Kaffrine,Zone soudano-sahélienne,256.39148,4,plus_petite_couverture,Phase_1_debut
2022-05-09,C4_plus_petite_couverture,2022-05-09_007_010,-14.875,14.125,0.0,0.0,0.0,0.0,False,False,trace,normale,2022,5,9,129,Phase_1_debut,Debut de saison (Mai-Juin),Kaffrine,Zone soudano-sahélienne,283.38007,4,plus_petite_couverture,Phase_1_debut
2022-05-09,C4_plus_petite_couverture,2022-05-09_007_011,-14.625,14.125,0.0,0.0,0.0,0.0,False,False,trace,normale,2022,5,9,129,Phase_1_debut,Debut de saison (Mai-Juin),Kaffrine,Zone soudano-sahélienne,310.36865,4,plus_petite_couverture,Phase_1_debut
2022-05-09,C4_plus_petite_couverture,2022-05-09_007_012,-14.375,14.125,0.0,0.0001795424905139953,-0.001795424846932292,-0.0001795424905139953,False,False,trace,normale,2022,5,9,129,Phase_1_debut,Debut de saison (Mai-Juin),Tambacounda,Zone soudano-sahélienne,337.3572,4,plus_petite_couverture,Phase_1_debut
2022-05-09,C4_plus_petite_couverture,2022-05-09_007_013,-14.125,14.125,0.0,0.0025936320889741182,-0.15249857306480408,-0.0025936320889741182,False,False,trace,normale,2022,5,9,129,Phase_1_debut,Debut de saison (Mai-Juin),Tambacounda,Zone soudano-sahélienne,364.34576,4,plus_petite_couverture,Phase_1_debut
2022-05-09,C4_plus_petite_couverture,2022-05-09_007_014,-13.875,14.125,0.0,0.022709811106324196,-0.15249855816364288,-0.022709811106324196,False,False,trace,normale,2022,5,9,129,Phase_1_debut,Debut de saison (Mai-Juin),Tambacounda,Zone soudano-sahélienne,391.33438,4,plus_petite_couverture,Phase_1_debut
2022-05-09,C4_plus_petite_couverture,2022-05-09_007_015,-13.625,14.125,0.0,0.023625440895557404,-0.2267637699842453,-0.023625440895557404,False,False,trace,normale,2022,5,9,129,Phase_1_debut,Debut de saison (Mai-Juin),Tambacounda,Zone soudano-sahélienne,418.32294,4,plus_petite_couverture,Phase_1_debut
2022-05-09,C4_plus_petite_couverture,2022-05-09_007_016,-13.375,14.125,0.0,0.022524327039718628,-0.23229050636291504,-0.022524327039718628,False,False,trace,normale,2022,5,9,129,Phase_1_debut,Debut de saison (Mai-Juin),Tambacounda,Zone soudano-sahélienne,445.31152,4,plus_petite_couverture,Phase_1_debut
2022-05-09,C4_plus_petite_couverture,2022-05-09_007_017,-13.125,14.125,0.0,0.014786566607654095,-0.19520360231399536,-0.014786566607654095,False,False,trace,normale,2022,5,9,129,Phase_1_debut,Debut de saison (Mai-Juin),Tambacounda,Zone soudano-sahélienne,472.30008,4,plus_petite_couverture,Phase_1_debut
2022-05-09,C4_plus_petite_couverture,2022-05-09_007_018,-12.875,14.125,0.0,0.024583471938967705,-0.27055031061172485,-0.024583471938967705,False,False,trace,normale,2022,5,9,129,Phase_1_debut,Debut de saison (Mai-Juin),Tambacounda,Zone soudano-sahélienne,499.28867,4,plus_petite_couverture,Phase_1_debut
2022-05-09,C4_plus_petite_couverture,2022-05-09_007_019,-12.625,14.125,0.28402361273765564,0.047316696494817734,1.804316520690918,0.2367069162428379,False,False,trace,humide,2022,5,9,129,Phase_1_debut,Debut de saison (Mai-Juin),Tambacounda,Zone soudano-sahélienne,526.2772,4,plus_petite_couverture,Phase_1_debut
2022-05-09,C4_plus_petite_couverture,2022-05-09_007_020,-12.375,14.125,0.19212424755096436,0.03172497823834419,1.6703872680664062,0.16039926931262016,False,False,trace,humide,2022,5,9,129,Phase_1_debut,Debut de saison (Mai-Juin),Tambacounda,Zone soudano-sahélienne,553.2658,4,plus_petite_couverture,Phase_1_debut
2022-05-09,C4_plus_petite_couverture,2022-05-09_007_021,-12.125,14.125,0.6263273358345032,0.05454874038696289,3.1384668350219727,0.5717785954475403,True,False,trace,exceptionnelle,2022,5,9,129,Phase_1_debut,Debut de saison (Mai-Juin),Tambacounda,Zone soudano-sahélienne,580.2544,4,plus_petite_couverture,Phase_1_debut
2022-05-09,C4_plus_petite_couverture,2022-05-09_008_002,-16.875,14.375,0.0,0.0,0.0,0.0,False,False,trace,normale,2022,5,9,129,Phase_1_debut,Debut de saison (Mai-Juin),Thiès,Zone soudano-sahélienne,67.39671,4,plus_petite_couverture,Phase_1_debut
2022-05-09,C4_plus_petite_couverture,2022-05-09_008_003,-16.625,14.375,0.0,0.0,0.0,0.0,False,False,trace,normale,2022,5,9,129,Phase_1_debut,Debut de saison (Mai-Juin),Fatick,Zone soudano-sahélienne,94.3554,4,plus_petite_couverture,Phase_1_debut
2022-05-09,C4_plus_petite_couverture,2022-05-09_008_004,-16.375,14.375,0.0,0.0,0.0,0.0,False,False,trace,normale,2022,5,9,129,Phase_1_debut,Debut de saison (Mai-Juin),Diourbel,Zone soudano-sahélienne,121.314095,4,plus_petite_couverture,Phase_1_debut
2022-05-09,C4_plus_petite_couverture,2022-05-09_008_005,-16.125,14.375,0.0,0.0,0.0,0.0,False,False,trace,normale,2022,5,9,129,Phase_1_debut,Debut de saison (Mai-Juin),Diourbel,Zone soudano-sahélienne,148.27278,4,plus_petite_couverture,Phase_1_debut
2022-05-09,C4_plus_petite_couverture,2022-05-09_008_006,-15.875,14.375,0.0,0.0,0.0,0.0,False,False,trace,normale,2022,5,9,129,Phase_1_debut,Debut de saison (Mai-Juin),Diourbel,Zone soudano-sahélienne,175.23148,4,plus_petite_couverture,Phase_1_debut
2022-05-09,C4_plus_petite_couverture,2022-05-09_008_007,-15.625,14.375,0.0,0.0,0.0,0.0,False,False,trace,normale,2022,5,9,129,Phase_1_debut,Debut de saison (Mai-Juin),Kaolack,Zone soudano-sahélienne,202.19016,4,plus_petite_couverture,Phase_1_debut
2022-05-09,C4_plus_petite_couverture,2022-05-09_008_008,-15.375,14.375,0.0,0.0,0.0,0.0,False,False,trace,normale,2022,5,9,129,Phase_1_debut,Debut de saison (Mai-Juin),Kaffrine,Zone soudano-sahélienne,229.14883,4,plus_petite_couverture,Phase_1_debut
2022-05-09,C4_plus_petite_couverture,2022-05-09_008_009,-15.125,14.375,0.0,0.0,0.0,0.0,False,False,trace,normale,2022,5,9,129,Phase_1_debut,Debut de saison (Mai-Juin),Kaffrine,Zone soudano-sahélienne,256.10754,4,plus_petite_couverture,Phase_1_debut
2022-05-09,C4_plus_petite_couverture,2022-05-09_008_010,-14.875,14.375,0.0,0.0,0.0,0.0,False,False,trace,normale,2022,5,9,129,Phase_1_debut,Debut de saison (Mai-Juin),Kaffrine,Zone soudano-sahélienne,283.06622,4,plus_petite_couverture,Phase_1_debut
2022-05-09,C4_plus_petite_couverture,2022-05-09_008_011,-14.625,14.375,0.0,0.0,0.0,0.0,False,False,trace,normale,2022,5,9,129,Phase_1_debut,Debut de saison (Mai-Juin),Kaffrine,Zone soudano-sahélienne,310.0249,4,plus_petite_couverture,Phase_1_debut
2022-05-09,C4_plus_petite_couverture,2022-05-09_008_012,-14.375,14.375,0.0,0.0,0.0,0.0,False,False,trace,normale,2022,5,9,129,Phase_1_debut,Debut de saison (Mai-Juin),Tambacounda,Zone soudano-sahélienne,336.98358,4,plus_petite_couverture,Phase_1_debut
2022-05-09,C4_plus_petite_couverture,2022-05-09_008_013,-14.125,14.375,0.0,0.02386999875307083,-0.2618218958377838,-0.02386999875307083,False,False,trace,normale,2022,5,9,129,Phase_1_debut,Debut de saison (Mai-Juin),Tambacounda,Zone soudano-sahélienne,363.94226,4,plus_petite_couverture,Phase_1_debut
2022-05-09,C4_plus_petite_couverture,2022-05-09_008_014,-13.875,14.375,0.0,0.03515245020389557,-0.2909822463989258,-0.03515245020389557,False,False,trace,normale,2022,5,9,129,Phase_1_debut,Debut de saison (Mai-Juin),Tambacounda,Zone soudano-sahélienne,390.90097,4,plus_petite_couverture,Phase_1_debut
2022-05-09,C4_plus_petite_couverture,2022-05-09_008_015,-13.625,14.375,0.0,0.04675133898854256,-0.26287466287612915,-0.04675133898854256,False,False,trace,normale,2022,5,9,129,Phase_1_debut,Debut de saison (Mai-Juin),Tambacounda,Zone soudano-sahélienne,417.85965,4,plus_petite_couverture,Phase_1_debut
2022-05-09,C4_plus_petite_couverture,2022-05-09_008_016,-13.375,14.375,0.0,0.020581979304552078,-0.2118569314479828,-0.020581979304552078,False,False,trace,normale,2022,5,9,129,Phase_1_debut,Debut de saison (Mai-Juin),Tambacounda,Zone soudano-sahélienne,444.81833,4,plus_petite_couverture,Phase_1_debut
2022-05-09,C4_plus_petite_couverture,2022-05-09_008_017,-13.125,14.375,0.023042650893330574,0.011415520682930946,0.252975732088089,0.011627130210399628,False,False,trace,normale,2022,5,9,129,Phase_1_debut,Debut de saison (Mai-Juin),Tambacounda,Zone soudano-sahélienne,471.777,4,plus_petite_couverture,Phase_1_debut
2022-05-09,C4_plus_petite_couverture,2022-05-09_008_018,-12.875,14.375,0.0,0.0482342503964901,-0.2681258022785187,-0.0482342503964901,False,False,trace,normale,2022,5,9,129,Phase_1_debut,Debut de saison (Mai-Juin),Tambacounda,Zone soudano-sahélienne,498.7357,4,plus_petite_couverture,Phase_1_debut
2022-05-09,C4_plus_petite_couverture,2022-05-09_008_019,-12.625,14.375,0.14164389669895172,0.04956834763288498,0.5152477025985718,0.09207554906606674,False,False,trace,normale,2022,5,9,129,Phase_1_debut,Debut de saison (Mai-Juin),Tambacounda,Zone soudano-sahélienne,525.6944,4,plus_petite_couverture,Phase_1_debut
2022-05-09,C4_plus_petite_couverture,2022-05-09_008_020,-12.375,14.375,0.026950066909193993,0.013958936557173729,0.2913505733013153,0.012991130352020264,False,False,trace,normale,2022,5,9,129,Phase_1_debut,Debut de saison (Mai-Juin),Tambacounda,Zone soudano-sahélienne,552.6531,4,plus_petite_couverture,Phase_1_debut
2022-05-09,C4_plus_petite_couverture,2022-05-09_009_001,-17.125,14.625,0.0,0.0,0.0,0.0,False,False,trace,normale,2022,5,9,129,Phase_1_debut,Debut de saison (Mai-Juin),Dakar,Zone soudano-sahélienne,40.39242,4,plus_petite_couverture,Phase_1_debut
2022-05-09,C4_plus_petite_couverture,2022-05-09_009_002,-16.875,14.625,0.0,0.0005496170488186181,-0.005496170371770859,-0.0005496170488186181,False,False,trace,normale,2022,5,9,129,Phase_1_debut,Debut de saison (Mai-Juin),Thiès,Zone soudano-sahélienne,67.3207,4,plus_petite_couverture,Phase_1_debut
2022-05-09,C4_plus_petite_couverture,2022-05-09_009_003,-16.625,14.625,0.0,0.0,0.0,0.0,False,False,trace,normale,2022,5,9,129,Phase_1_debut,Debut de saison (Mai-Juin),Thiès,Zone soudano-sahélienne,94.248985,4,plus_petite_couverture,Phase_1_debut
2022-05-09,C4_plus_petite_couverture,2022-05-09_009_004,-16.375,14.625,0.0,0.0,0.0,0.0,False,False,trace,normale,2022,5,9,129,Phase_1_debut,Debut de saison (Mai-Juin),Diourbel,Zone soudano-sahélienne,121.17728,4,plus_petite_couverture,Phase_1_debut
2022-05-09,C4_plus_petite_couverture,2022-05-09_009_005,-16.125,14.625,0.0,0.0,0.0,0.0,False,False,trace,normale,2022,5,9,129,Phase_1_debut,Debut de saison (Mai-Juin),Diourbel,Zone soudano-sahélienne,148.10556,4,plus_petite_couverture,Phase_1_debut
2022-05-09,C4_plus_petite_couverture,2022-05-09_009_006,-15.875,14.625,0.0,0.0,0.0,0.0,False,False,trace,normale,2022,5,9,129,Phase_1_debut,Debut de saison (Mai-Juin),Diourbel,Zone soudano-sahélienne,175.03384,4,plus_petite_couverture,Phase_1_debut
2022-05-09,C4_plus_petite_couverture,2022-05-09_009_007,-15.625,14.625,0.0,0.0,0.0,0.0,False,False,trace,normale,2022,5,9,129,Phase_1_debut,Debut de saison (Mai-Juin),Kaffrine,Zone soudano-sahélienne,201.96213,4,plus_petite_couverture,Phase_1_debut
2022-05-09,C4_plus_petite_couverture,2022-05-09_009_008,-15.375,14.625,0.0,0.0,0.0,0.0,False,False,trace,normale,2022,5,9,129,Phase_1_debut,Debut de saison (Mai-Juin),Kaffrine,Zone soudano-sahélienne,228.8904,4,plus_petite_couverture,Phase_1_debut
2022-05-09,C4_plus_petite_couverture,2022-05-09_009_009,-15.125,14.625,0.0,0.0,0.0,0.0,False,False,trace,normale,2022,5,9,129,Phase_1_debut,Debut de saison (Mai-Juin),Kaffrine,Zone soudano-sahélienne,255.8187,4,plus_petite_couverture,Phase_1_debut
2022-05-09,C4_plus_petite_couverture,2022-05-09_009_010,-14.875,14.625,0.0,0.0,0.0,0.0,False,False,trace,normale,2022,5,9,129,Phase_1_debut,Debut de saison (Mai-Juin),Kaffrine,Zone soudano-sahélienne,282.74698,4,plus_petite_couverture,Phase_1_debut
2022-05-09,C4_plus_petite_couverture,2022-05-09_009_011,-14.625,14.625,0.0,0.0,0.0,0.0,False,False,trace,normale,2022,5,9,129,Phase_1_debut,Debut de saison (Mai-Juin),Kaffrine,Zone soudano-sahélienne,309.67526,4,plus_petite_couverture,Phase_1_debut
2022-05-09,C4_plus_petite_couverture,2022-05-09_009_012,-14.375,14.625,0.0,0.0,0.0,0.0,False,False,trace,normale,2022,5,9,129,Phase_1_debut,Debut de saison (Mai-Juin),Tambacounda,Zone soudano-sahélienne,336.60355,4,plus_petite_couverture,Phase_1_debut
2022-05-09,C4_plus_petite_couverture,2022-05-09_009_013,-14.125,14.625,0.0,0.005713115446269512,-0.2171032726764679,-0.005713115446269512,False,False,trace,normale,2022,5,9,129,Phase_1_debut,Debut de saison (Mai-Juin),Tambacounda,Zone soudano-sahélienne,363.5318,4,plus_petite_couverture,Phase_1_debut
2022-05-09,C4_plus_petite_couverture,2022-05-09_009_014,-13.875,14.625,0.0,0.03788882493972778,-0.2644134759902954,-0.03788882493972778,False,False,trace,normale,2022,5,9,129,Phase_1_debut,Debut de saison (Mai-Juin),Tambacounda,Zone soudano-sahélienne,390.4601,4,plus_petite_couverture,Phase_1_debut
2022-05-09,C4_plus_petite_couverture,2022-05-09_009_015,-13.625,14.625,0.0,0.016477515920996666,-0.2693856656551361,-0.016477515920996666,False,False,trace,normale,2022,5,9,129,Phase_1_debut,Debut de saison (Mai-Juin),Tambacounda,Zone soudano-sahélienne,417.38837,4,plus_petite_couverture,Phase_1_debut
2022-05-09,C4_plus_petite_couverture,2022-05-09_009_016,-13.375,14.625,0.0,0.0205753855407238,-0.24750526249408722,-0.0205753855407238,False,False,trace,normale,2022,5,9,129,Phase_1_debut,Debut de saison (Mai-Juin),Tambacounda,Zone soudano-sahélienne,444.31668,4,plus_petite_couverture,Phase_1_debut
2022-05-09,C4_plus_petite_couverture,2022-05-09_009_017,-13.125,14.625,0.0,0.011632747016847134,-0.30126816034317017,-0.011632747016847134,False,False,trace,normale,2022,5,9,129,Phase_1_debut,Debut de saison (Mai-Juin),Tambacounda,Zone soudano-sahélienne,471.24493,4,plus_petite_couverture,Phase_1_debut
2022-05-09,C4_plus_petite_couverture,2022-05-09_009_018,-12.875,14.625,0.0,0.01351341512054205,-0.1589241772890091,-0.01351341512054205,False,False,trace,normale,2022,5,9,129,Phase_1_debut,Debut de saison (Mai-Juin),Tambacounda,Zone soudano-sahélienne,498.17322,4,plus_petite_couverture,Phase_1_debut
2022-05-09,C4_plus_petite_couverture,2022-05-09_009_019,-12.625,14.625,0.0,0.02217171899974346,-0.15249863266944885,-0.02217171899974346,False,False,trace,normale,2022,5,9,129,Phase_1_debut,Debut de saison (Mai-Juin),Tambacounda,Zone soudano-sahélienne,525.1015,4,plus_petite_couverture,Phase_1_debut
2022-05-09,C4_plus_petite_couverture,2022-05-09_009_020,-12.375,14.625,0.0,0.004551778081804514,-0.24531909823417664,-0.004551778081804514,False,False,trace,normale,2022,5,9,129,Phase_1_debut,Debut de saison (Mai-Juin),Tambacounda,Zone soudano-sahélienne,552.0298,4,plus_petite_couverture,Phase_1_debut
2022-05-09,C4_plus_petite_couverture,2022-05-09_010_001,-17.125,14.875,0.0,0.0,0.0,0.0,False,False,trace,normale,2022,5,9,129,Phase_1_debut,Debut de saison (Mai-Juin),Thiès,Zone soudano-sahélienne,40.346046,4,plus_petite_couverture,Phase_1_debut
2022-05-09,C4_plus_petite_couverture,2022-05-09_010_002,-16.875,14.875,0.0,0.0,0.0,0.0,False,False,trace,normale,2022,5,9,129,Phase_1_debut,Debut de saison (Mai-Juin),Thiès,Zone soudano-sahélienne,67.243416,4,plus_petite_couverture,Phase_1_debut
2022-05-09,C4_plus_petite_couverture,2022-05-09_010_003,-16.625,14.875,0.0,0.0,0.0,0.0,False,False,trace,normale,2022,5,9,129,Phase_1_debut,Debut de saison (Mai-Juin),Thiès,Zone soudano-sahélienne,94.14078,4,plus_petite_couverture,Phase_1_debut
2022-05-09,C4_plus_petite_couverture,2022-05-09_010_004,-16.375,14.875,0.0,0.0,0.0,0.0,False,False,trace,normale,2022,5,9,129,Phase_1_debut,Debut de saison (Mai-Juin),Diourbel,Zone soudano-sahélienne,121.03815,4,plus_petite_couverture,Phase_1_debut
2022-05-09,C4_plus_petite_couverture,2022-05-09_010_005,-16.125,14.875,0.0,0.0,0.0,0.0,False,False,trace,normale,2022,5,9,129,Phase_1_debut,Debut de saison (Mai-Juin),Diourbel,Zone soudano-sahélienne,147.93552,4,plus_petite_couverture,Phase_1_debut
2022-05-09,C4_plus_petite_couverture,2022-05-09_010_006,-15.875,14.875,0.0,0.0,0.0,0.0,False,False,trace,normale,2022,5,9,129,Phase_1_debut,Debut de saison (Mai-Juin),Diourbel,Zone soudano-sahélienne,174.83289,4,plus_petite_couverture,Phase_1_debut
2022-05-09,C4_plus_petite_couverture,2022-05-09_010_007,-15.625,14.875,0.0,0.0,0.0,0.0,False,False,trace,normale,2022,5,9,129,Phase_1_debut,Debut de saison (Mai-Juin),Diourbel,Zone soudano-sahélienne,201.73026,4,plus_petite_couverture,Phase_1_debut
2022-05-09,C4_plus_petite_couverture,2022-05-09_010_008,-15.375,14.875,0.0,0.0,0.0,0.0,False,False,trace,normale,2022,5,9,129,Phase_1_debut,Debut de saison (Mai-Juin),Kaffrine,Zone soudano-sahélienne,228.62761,4,plus_petite_couverture,Phase_1_debut
2022-05-09,C4_plus_petite_couverture,2022-05-09_010_009,-15.125,14.875,0.0,0.0001021713251248002,-0.001021713251248002,-0.0001021713251248002,False,False,trace,normale,2022,5,9,129,Phase_1_debut,Debut de saison (Mai-Juin),Kaffrine,Zone soudano-sahélienne,255.525,4,plus_petite_couverture,Phase_1_debut
2022-05-09,C4_plus_petite_couverture,2022-05-09_010_010,-14.875,14.875,0.0,0.0,0.0,0.0,False,False,trace,normale,2022,5,9,129,Phase_1_debut,Debut de saison (Mai-Juin),Kaffrine,Zone soudano-sahélienne,282.42233,4,plus_petite_couverture,Phase_1_debut
2022-05-09,C4_plus_petite_couverture,2022-05-09_010_011,-14.625,14.875,0.0,0.0,0.0,0.0,False,False,trace,normale,2022,5,9,129,Phase_1_debut,Debut de saison (Mai-Juin),Kaffrine,Zone soudano-sahélienne,309.31973,4,plus_petite_couverture,Phase_1_debut
2022-05-09,C4_plus_petite_couverture,2022-05-09_010_012,-14.375,14.875,0.0,0.0,0.0,0.0,False,False,trace,normale,2022,5,9,129,Phase_1_debut,Debut de saison (Mai-Juin),Tambacounda,Zone soudano-sahélienne,336.21707,4,plus_petite_couverture,Phase_1_debut
2022-05-09,C4_plus_petite_couverture,2022-05-09_010_013,-14.125,14.875,0.0,0.001484977430664003,-0.014849774539470673,-0.001484977430664003,False,False,trace,normale,2022,5,9,129,Phase_1_debut,Debut de saison (Mai-Juin),Matam,Zone soudano-sahélienne,363.11444,4,plus_petite_couverture,Phase_1_debut
2022-05-09,C4_plus_petite_couverture,2022-05-09_010_014,-13.875,14.875,0.0,0.0073866527527570724,-0.2162930965423584,-0.0073866527527570724,False,False,trace,normale,2022,5,9,129,Phase_1_debut,Debut de saison (Mai-Juin),Matam,Zone soudano-sahélienne,390.0118,4,plus_petite_couverture,Phase_1_debut
2022-05-09,C4_plus_petite_couverture,2022-05-09_010_015,-13.625,14.875,0.0,0.03656172379851341,-0.25320205092430115,-0.03656172379851341,False,False,trace,normale,2022,5,9,129,Phase_1_debut,Debut de saison (Mai-Juin),Matam,Zone soudano-sahélienne,416.90918,4,plus_petite_couverture,Phase_1_debut
2022-05-09,C4_plus_petite_couverture,2022-05-09_010_016,-13.375,14.875,0.0,0.00013064485392533243,-0.0013064484810456634,-0.00013064485392533243,False,False,trace,normale,2022,5,9,129,Phase_1_debut,Debut de saison (Mai-Juin),Matam,Zone soudano-sahélienne,443.80655,4,plus_petite_couverture,Phase_1_debut
2022-05-09,C4_plus_petite_couverture,2022-05-09_010_017,-13.125,14.875,0.0,0.004218009300529957,-0.20746058225631714,-0.004218009300529957,False,False,trace,normale,2022,5,9,129,Phase_1_debut,Debut de saison (Mai-Juin),Matam,Zone soudano-sahélienne,470.7039,4,plus_petite_couverture,Phase_1_debut
2022-05-09,C4_plus_petite_couverture,2022-05-09_010_018,-12.875,14.875,0.0,0.00091711082495749,-0.009171107783913612,-0.00091711082495749,False,False,trace,normale,2022,5,9,129,Phase_1_debut,Debut de saison (Mai-Juin),Matam,Zone soudano-sahélienne,497.60126,4,plus_petite_couverture,Phase_1_debut
2022-05-09,C4_plus_petite_couverture,2022-05-09_010_019,-12.625,14.875,0.0,0.0,0.0,0.0,False,False,trace,normale,2022,5,9,129,Phase_1_debut,Debut de saison (Mai-Juin),Matam,Zone soudano-sahélienne,524.49866,4,plus_petite_couverture,Phase_1_debut
2022-05-09,C4_plus_petite_couverture,2022-05-09_011_002,-16.875,15.125,0.0,0.0,0.0,0.0,False,False,trace,normale,2022,5,9,129,Phase_1_debut,Debut de saison (Mai-Juin),Thiès,Zone soudano-sahélienne,67.16484,4,plus_petite_couverture,Phase_1_debut
2022-05-09,C4_plus_petite_couverture,2022-05-09_011_003,-16.625,15.125,0.0,0.0,0.0,0.0,False,False,trace,normale,2022,5,9,129,Phase_1_debut,Debut de saison (Mai-Juin),Thiès,Zone soudano-sahélienne,94.03078,4,plus_petite_couverture,Phase_1_debut
2022-05-09,C4_plus_petite_couverture,2022-05-09_011_004,-16.375,15.125,0.0,0.0,0.0,0.0,False,False,trace,normale,2022,5,9,129,Phase_1_debut,Debut de saison (Mai-Juin),Louga,Zone soudano-sahélienne,120.89671,4,plus_petite_couverture,Phase_1_debut
2022-05-09,C4_plus_petite_couverture,2022-05-09_011_005,-16.125,15.125,0.0,0.0,0.0,0.0,False,False,trace,normale,2022,5,9,129,Phase_1_debut,Debut de saison (Mai-Juin),Louga,Zone soudano-sahélienne,147.76265,4,plus_petite_couverture,Phase_1_debut
2022-05-09,C4_plus_petite_couverture,2022-05-09_011_006,-15.875,15.125,0.0,0.0,0.0,0.0,False,False,trace,normale,2022,5,9,129,Phase_1_debut,Debut de saison (Mai-Juin),Louga,Zone soudano-sahélienne,174.6286,4,plus_petite_couverture,Phase_1_debut
2022-05-09,C4_plus_petite_couverture,2022-05-09_011_007,-15.625,15.125,0.0,0.0,0.0,0.0,False,False,trace,normale,2022,5,9,129,Phase_1_debut,Debut de saison (Mai-Juin),Louga,Zone soudano-sahélienne,201.49454,4,plus_petite_couverture,Phase_1_debut
2022-05-09,C4_plus_petite_couverture,2022-05-09_011_008,-15.375,15.125,0.0,0.0,0.0,0.0,False,False,trace,normale,2022,5,9,129,Phase_1_debut,Debut de saison (Mai-Juin),Louga,Zone soudano-sahélienne,228.36046,4,plus_petite_couverture,Phase_1_debut
2022-05-09,C4_plus_petite_couverture,2022-05-09_011_009,-15.125,15.125,0.0,0.0,0.0,0.0,False,False,trace,normale,2022,5,9,129,Phase_1_debut,Debut de saison (Mai-Juin),Kaffrine,Zone soudano-sahélienne,255.22641,4,plus_petite_couverture,Phase_1_debut
2022-05-09,C4_plus_petite_couverture,2022-05-09_011_010,-14.875,15.125,0.0,0.0,0.0,0.0,False,False,trace,normale,2022,5,9,129,Phase_1_debut,Debut de saison (Mai-Juin),Kaffrine,Zone soudano-sahélienne,282.09235,4,plus_petite_couverture,Phase_1_debut
2022-05-09,C4_plus_petite_couverture,2022-05-09_011_011,-14.625,15.125,0.0,0.0,0.0,0.0,False,False,trace,normale,2022,5,9,129,Phase_1_debut,Debut de saison (Mai-Juin),Kaffrine,Zone soudano-sahélienne,308.95828,4,plus_petite_couverture,Phase_1_debut
2022-05-09,C4_plus_petite_couverture,2022-05-09_011_012,-14.375,15.125,0.0,0.0,0.0,0.0,False,False,trace,normale,2022,5,9,129,Phase_1_debut,Debut de saison (Mai-Juin),Matam,Zone soudano-sahélienne,335.82422,4,plus_petite_couverture,Phase_1_debut
2022-05-09,C4_plus_petite_couverture,2022-05-09_011_013,-14.125,15.125,0.0,1.3625573956232984e-05,-0.00013625573774334043,-1.3625573956232984e-05,False,False,trace,normale,2022,5,9,129,Phase_1_debut,Debut de saison (Mai-Juin),Matam,Zone soudano-sahélienne,362.69012,4,plus_petite_couverture,Phase_1_debut
2022-05-09,C4_plus_petite_couverture,2022-05-09_011_014,-13.875,15.125,0.0,0.0,0.0,0.0,False,False,trace,normale,2022,5,9,129,Phase_1_debut,Debut de saison (Mai-Juin),Matam,Zone soudano-sahélienne,389.5561,4,plus_petite_couverture,Phase_1_debut
2022-05-09,C4_plus_petite_couverture,2022-05-09_011_015,-13.625,15.125,0.0,0.0,0.0,0.0,False,False,trace,normale,2022,5,9,129,Phase_1_debut,Debut de saison (Mai-Juin),Matam,Zone soudano-sahélienne,416.42203,4,plus_petite_couverture,Phase_1_debut
2022-05-09,C4_plus_petite_couverture,2022-05-09_011_016,-13.375,15.125,0.0,0.0,0.0,0.0,False,False,trace,normale,2022,5,9,129,Phase_1_debut,Debut de saison (Mai-Juin),Matam,Zone soudano-sahélienne,443.28796,4,plus_petite_couverture,Phase_1_debut
2022-05-09,C4_plus_petite_couverture,2022-05-09_011_017,-13.125,15.125,0.0,0.0,0.0,0.0,False,False,trace,normale,2022,5,9,129,Phase_1_debut,Debut de saison (Mai-Juin),Matam,Zone soudano-sahélienne,470.1539,4,plus_petite_couverture,Phase_1_debut
2022-05-09,C4_plus_petite_couverture,2022-05-09_011_018,-12.875,15.125,0.0,0.0,0.0,0.0,False,False,trace,normale,2022,5,9,129,Phase_1_debut,Debut de saison (Mai-Juin),Matam,Zone soudano-sahélienne,497.0198,4,plus_petite_couverture,Phase_1_debut
2022-05-09,C4_plus_petite_couverture,2022-05-09_012_003,-16.625,15.375,0.0,0.0,0.0,0.0,False,False,trace,normale,2022,5,9,129,Phase_1_debut,Debut de saison (Mai-Juin),Louga,Zone soudano-sahélienne,93.91899,4,plus_petite_couverture,Phase_1_debut
2022-05-09,C4_plus_petite_couverture,2022-05-09_012_004,-16.375,15.375,0.0,0.0,0.0,0.0,False,False,trace,normale,2022,5,9,129,Phase_1_debut,Debut de saison (Mai-Juin),Louga,Zone soudano-sahélienne,120.75298,4,plus_petite_couverture,Phase_1_debut
2022-05-09,C4_plus_petite_couverture,2022-05-09_012_005,-16.125,15.375,0.0,0.0,0.0,0.0,False,False,trace,normale,2022,5,9,129,Phase_1_debut,Debut de saison (Mai-Juin),Louga,Zone soudano-sahélienne,147.58699,4,plus_petite_couverture,Phase_1_debut
2022-05-09,C4_plus_petite_couverture,2022-05-09_012_006,-15.875,15.375,0.0,0.0,0.0,0.0,False,False,trace,normale,2022,5,9,129,Phase_1_debut,Debut de saison (Mai-Juin),Louga,Zone soudano-sahélienne,174.42099,4,plus_petite_couverture,Phase_1_debut
2022-05-09,C4_plus_petite_couverture,2022-05-09_012_007,-15.625,15.375,0.0,0.0,0.0,0.0,False,False,trace,normale,2022,5,9,129,Phase_1_debut,Debut de saison (Mai-Juin),Louga,Zone soudano-sahélienne,201.25497,4,plus_petite_couverture,Phase_1_debut
2022-05-09,C4_plus_petite_couverture,2022-05-09_012_008,-15.375,15.375,0.0,0.0,0.0,0.0,False,False,trace,normale,2022,5,9,129,Phase_1_debut,Debut de saison (Mai-Juin),Louga,Zone soudano-sahélienne,228.08896,4,plus_petite_couverture,Phase_1_debut
2022-05-09,C4_plus_petite_couverture,2022-05-09_012_009,-15.125,15.375,0.0,0.0,0.0,0.0,False,False,trace,normale,2022,5,9,129,Phase_1_debut,Debut de saison (Mai-Juin),Louga,Zone soudano-sahélienne,254.92297,4,plus_petite_couverture,Phase_1_debut
2022-05-09,C4_plus_petite_couverture,2022-05-09_012_010,-14.875,15.375,0.0,0.0,0.0,0.0,False,False,trace,normale,2022,5,9,129,Phase_1_debut,Debut de saison (Mai-Juin),Louga,Zone soudano-sahélienne,281.75696,4,plus_petite_couverture,Phase_1_debut
2022-05-09,C4_plus_petite_couverture,2022-05-09_012_011,-14.625,15.375,0.0,0.0,0.0,0.0,False,False,trace,normale,2022,5,9,129,Phase_1_debut,Debut de saison (Mai-Juin),Matam,Zone soudano-sahélienne,308.59097,4,plus_petite_couverture,Phase_1_debut
2022-05-09,C4_plus_petite_couverture,2022-05-09_012_012,-14.375,15.375,0.0,0.0,0.0,0.0,False,False,trace,normale,2022,5,9,129,Phase_1_debut,Debut de saison (Mai-Juin),Matam,Zone soudano-sahélienne,335.42496,4,plus_petite_couverture,Phase_1_debut
2022-05-09,C4_plus_petite_couverture,2022-05-09_012_013,-14.125,15.375,0.0,0.0,0.0,0.0,False,False,trace,normale,2022,5,9,129,Phase_1_debut,Debut de saison (Mai-Juin),Matam,Zone soudano-sahélienne,362.25894,4,plus_petite_couverture,Phase_1_debut
2022-05-09,C4_plus_petite_couverture,2022-05-09_012_014,-13.875,15.375,0.0,0.0,0.0,0.0,False,False,trace,normale,2022,5,9,129,Phase_1_debut,Debut de saison (Mai-Juin),Matam,Zone soudano-sahélienne,389.09296,4,plus_petite_couverture,Phase_1_debut
2022-05-09,C4_plus_petite_couverture,2022-05-09_012_015,-13.625,15.375,0.0,0.0,0.0,0.0,False,False,trace,normale,2022,5,9,129,Phase_1_debut,Debut de saison (Mai-Juin),Matam,Zone soudano-sahélienne,415.92694,4,plus_petite_couverture,Phase_1_debut
2022-05-09,C4_plus_petite_couverture,2022-05-09_012_016,-13.375,15.375,0.0,0.0,0.0,0.0,False,False,trace,normale,2022,5,9,129,Phase_1_debut,Debut de saison (Mai-Juin),Matam,Zone soudano-sahélienne,442.76096,4,plus_petite_couverture,Phase_1_debut
2022-05-09,C4_plus_petite_couverture,2022-05-09_012_017,-13.125,15.375,0.0,0.0,0.0,0.0,False,False,trace,normale,2022,5,9,129,Phase_1_debut,Debut de saison (Mai-Juin),Matam,Zone soudano-sahélienne,469.59494,4,plus_petite_couverture,Phase_1_debut
2022-05-09,C4_plus_petite_couverture,2022-05-09_013_004,-16.375,15.625,0.0,0.0,0.0,0.0,False,False,trace,normale,2022,5,9,129,Phase_1_debut,Debut de saison (Mai-Juin),Saint-Louis,Zone sahélienne,120.60696,4,plus_petite_couverture,Phase_1_debut
2022-05-09,C4_plus_petite_couverture,2022-05-09_013_005,-16.125,15.625,0.0,0.0,0.0,0.0,False,False,trace,normale,2022,5,9,129,Phase_1_debut,Debut de saison (Mai-Juin),Saint-Louis,Zone sahélienne,147.40851,4,plus_petite_couverture,Phase_1_debut
2022-05-09,C4_plus_petite_couverture,2022-05-09_013_006,-15.875,15.625,0.0,0.0,0.0,0.0,False,False,trace,normale,2022,5,9,129,Phase_1_debut,Debut de saison (Mai-Juin),Saint-Louis,Zone sahélienne,174.21005,4,plus_petite_couverture,Phase_1_debut
2022-05-09,C4_plus_petite_couverture,2022-05-09_013_007,-15.625,15.625,0.0,0.0,0.0,0.0,False,False,trace,normale,2022,5,9,129,Phase_1_debut,Debut de saison (Mai-Juin),Saint-Louis,Zone sahélienne,201.0116,4,plus_petite_couverture,Phase_1_debut
2022-05-09,C4_plus_petite_couverture,2022-05-09_013_008,-15.375,15.625,0.0,0.0,0.0,0.0,False,False,trace,normale,2022,5,9,129,Phase_1_debut,Debut de saison (Mai-Juin),Louga,Zone sahélienne,227.81313,4,plus_petite_couverture,Phase_1_debut
2022-05-09,C4_plus_petite_couverture,2022-05-09_013_009,-15.125,15.625,0.0,0.0,0.0,0.0,False,False,trace,normale,2022,5,9,129,Phase_1_debut,Debut de saison (Mai-Juin),Louga,Zone sahélienne,254.6147,4,plus_petite_couverture,Phase_1_debut
2022-05-09,C4_plus_petite_couverture,2022-05-09_013_010,-14.875,15.625,0.0,0.0,0.0,0.0,False,False,trace,normale,2022,5,9,129,Phase_1_debut,Debut de saison (Mai-Juin),Louga,Zone sahélienne,281.41623,4,plus_petite_couverture,Phase_1_debut
2022-05-09,C4_plus_petite_couverture,2022-05-09_013_011,-14.625,15.625,0.0,0.0,0.0,0.0,False,False,trace,normale,2022,5,9,129,Phase_1_debut,Debut de saison (Mai-Juin),Matam,Zone sahélienne,308.21777,4,plus_petite_couverture,Phase_1_debut
2022-05-09,C4_plus_petite_couverture,2022-05-09_013_012,-14.375,15.625,0.0,0.0,0.0,0.0,False,False,trace,normale,2022,5,9,129,Phase_1_debut,Debut de saison (Mai-Juin),Matam,Zone sahélienne,335.01932,4,plus_petite_couverture,Phase_1_debut
2022-05-09,C4_plus_petite_couverture,2022-05-09_013_013,-14.125,15.625,0.0,0.00038837711326777935,-0.0038837711326777935,-0.00038837711326777935,False,False,trace,normale,2022,5,9,129,Phase_1_debut,Debut de saison (Mai-Juin),Matam,Zone sahélienne,361.82086,4,plus_petite_couverture,Phase_1_debut
2022-05-09,C4_plus_petite_couverture,2022-05-09_013_014,-13.875,15.625,0.0,0.0,0.0,0.0,False,False,trace,normale,2022,5,9,129,Phase_1_debut,Debut de saison (Mai-Juin),Matam,Zone sahélienne,388.6224,4,plus_petite_couverture,Phase_1_debut
2022-05-09,C4_plus_petite_couverture,2022-05-09_013_015,-13.625,15.625,0.0,0.0,0.0,0.0,False,False,trace,normale,2022,5,9,129,Phase_1_debut,Debut de saison (Mai-Juin),Matam,Zone sahélienne,415.42395,4,plus_petite_couverture,Phase_1_debut
2022-05-09,C4_plus_petite_couverture,2022-05-09_013_016,-13.375,15.625,0.0,0.0,0.0,0.0,False,False,trace,normale,2022,5,9,129,Phase_1_debut,Debut de saison (Mai-Juin),Matam,Zone sahélienne,442.22552,4,plus_petite_couverture,Phase_1_debut
2022-05-09,C4_plus_petite_couverture,2022-05-09_014_004,-16.375,15.875,0.0,0.0,0.0,0.0,False,False,trace,normale,2022,5,9,129,Phase_1_debut,Debut de saison (Mai-Juin),Saint-Louis,Zone sahélienne,120.45863,4,plus_petite_couverture,Phase_1_debut
2022-05-09,C4_plus_petite_couverture,2022-05-09_014_005,-16.125,15.875,0.0,0.0,0.0,0.0,False,False,trace,normale,2022,5,9,129,Phase_1_debut,Debut de saison (Mai-Juin),Saint-Louis,Zone sahélienne,147.22722,4,plus_petite_couverture,Phase_1_debut
2022-05-09,C4_plus_petite_couverture,2022-05-09_014_006,-15.875,15.875,0.0,0.0,0.0,0.0,False,False,trace,normale,2022,5,9,129,Phase_1_debut,Debut de saison (Mai-Juin),Saint-Louis,Zone sahélienne,173.9958,4,plus_petite_couverture,Phase_1_debut
2022-05-09,C4_plus_petite_couverture,2022-05-09_014_007,-15.625,15.875,0.0,0.0,0.0,0.0,False,False,trace,normale,2022,5,9,129,Phase_1_debut,Debut de saison (Mai-Juin),Saint-Louis,Zone sahélienne,200.76439,4,plus_petite_couverture,Phase_1_debut
2022-05-09,C4_plus_petite_couverture,2022-05-09_014_008,-15.375,15.875,0.0,0.0,0.0,0.0,False,False,trace,normale,2022,5,9,129,Phase_1_debut,Debut de saison (Mai-Juin),Louga,Zone sahélienne,227.53297,4,plus_petite_couverture,Phase_1_debut
2022-05-09,C4_plus_petite_couverture,2022-05-09_014_009,-15.125,15.875,0.0,0.0,0.0,0.0,False,False,trace,normale,2022,5,9,129,Phase_1_debut,Debut de saison (Mai-Juin),Louga,Zone sahélienne,254.30157,4,plus_petite_couverture,Phase_1_debut
2022-05-09,C4_plus_petite_couverture,2022-05-09_014_010,-14.875,15.875,0.0,0.0,0.0,0.0,False,False,trace,normale,2022,5,9,129,Phase_1_debut,Debut de saison (Mai-Juin),Louga,Zone sahélienne,281.07013,4,plus_petite_couverture,Phase_1_debut
2022-05-09,C4_plus_petite_couverture,2022-05-09_014_011,-14.625,15.875,0.0,0.0,0.0,0.0,False,False,trace,normale,2022,5,9,129,Phase_1_debut,Debut de saison (Mai-Juin),Matam,Zone sahélienne,307.83875,4,plus_petite_couverture,Phase_1_debut
2022-05-09,C4_plus_petite_couverture,2022-05-09_014_012,-14.375,15.875,0.0,0.0,0.0,0.0,False,False,trace,normale,2022,5,9,129,Phase_1_debut,Debut de saison (Mai-Juin),Matam,Zone sahélienne,334.60733,4,plus_petite_couverture,Phase_1_debut
2022-05-09,C4_plus_petite_couverture,2022-05-09_014_013,-14.125,15.875,0.0,0.0,0.0,0.0,False,False,trace,normale,2022,5,9,129,Phase_1_debut,Debut de saison (Mai-Juin),Matam,Zone sahélienne,361.3759,4,plus_petite_couverture,Phase_1_debut
2022-05-09,C4_plus_petite_couverture,2022-05-09_014_014,-13.875,15.875,0.0,0.0,0.0,0.0,False,False,trace,normale,2022,5,9,129,Phase_1_debut,Debut de saison (Mai-Juin),Matam,Zone sahélienne,388.1445,4,plus_petite_couverture,Phase_1_debut
2022-05-09,C4_plus_petite_couverture,2022-05-09_014_015,-13.625,15.875,0.0,0.0,0.0,0.0,False,False,trace,normale,2022,5,9,129,Phase_1_debut,Debut de saison (Mai-Juin),Matam,Zone sahélienne,414.91306,4,plus_petite_couverture,Phase_1_debut
2022-05-09,C4_plus_petite_couverture,2022-05-09_014_016,-13.375,15.875,0.0,3.968930741393706e-06,-3.968930832343176e-05,-3.968930741393706e-06,False,False,trace,normale,2022,5,9,129,Phase_1_debut,Debut de saison (Mai-Juin),Matam,Zone sahélienne,441.68167,4,plus_petite_couverture,Phase_1_debut
2022-05-09,C4_plus_petite_couverture,2022-05-09_015_004,-16.375,16.125,0.0,0.0009163738577626646,-0.00916373822838068,-0.0009163738577626646,False,False,trace,normale,2022,5,9,129,Phase_1_debut,Debut de saison (Mai-Juin),Saint-Louis,Zone sahélienne,120.308014,4,plus_petite_couverture,Phase_1_debut
2022-05-09,C4_plus_petite_couverture,2022-05-09_015_005,-16.125,16.125,0.0,0.0006238710484467447,-0.006238710600882769,-0.0006238710484467447,False,False,trace,normale,2022,5,9,129,Phase_1_debut,Debut de saison (Mai-Juin),Saint-Louis,Zone sahélienne,147.04314,4,plus_petite_couverture,Phase_1_debut
2022-05-09,C4_plus_petite_couverture,2022-05-09_015_006,-15.875,16.125,0.0,0.0,0.0,0.0,False,False,trace,normale,2022,5,9,129,Phase_1_debut,Debut de saison (Mai-Juin),Saint-Louis,Zone sahélienne,173.77824,4,plus_petite_couverture,Phase_1_debut
2022-05-09,C4_plus_petite_couverture,2022-05-09_015_007,-15.625,16.125,0.0,0.0,0.0,0.0,False,False,trace,normale,2022,5,9,129,Phase_1_debut,Debut de saison (Mai-Juin),Saint-Louis,Zone sahélienne,200.51337,4,plus_petite_couverture,Phase_1_debut
2022-05-09,C4_plus_petite_couverture,2022-05-09_015_008,-15.375,16.125,0.0,0.0,0.0,0.0,False,False,trace,normale,2022,5,9,129,Phase_1_debut,Debut de saison (Mai-Juin),Louga,Zone sahélienne,227.24846,4,plus_petite_couverture,Phase_1_debut
2022-05-09,C4_plus_petite_couverture,2022-05-09_015_009,-15.125,16.125,0.0,0.0,0.0,0.0,False,False,trace,normale,2022,5,9,129,Phase_1_debut,Debut de saison (Mai-Juin),Louga,Zone sahélienne,253.9836,4,plus_petite_couverture,Phase_1_debut
2022-05-09,C4_plus_petite_couverture,2022-05-09_015_010,-14.875,16.125,0.0,0.0,0.0,0.0,False,False,trace,normale,2022,5,9,129,Phase_1_debut,Debut de saison (Mai-Juin),Louga,Zone sahélienne,280.7187,4,plus_petite_couverture,Phase_1_debut
2022-05-09,C4_plus_petite_couverture,2022-05-09_015_011,-14.625,16.125,0.0,0.0,0.0,0.0,False,False,trace,normale,2022,5,9,129,Phase_1_debut,Debut de saison (Mai-Juin),Matam,Zone sahélienne,307.45383,4,plus_petite_couverture,Phase_1_debut
2022-05-09,C4_plus_petite_couverture,2022-05-09_015_012,-14.375,16.125,0.0,0.0,0.0,0.0,False,False,trace,normale,2022,5,9,129,Phase_1_debut,Debut de saison (Mai-Juin),Matam,Zone sahélienne,334.18893,4,plus_petite_couverture,Phase_1_debut
2022-05-09,C4_plus_petite_couverture,2022-05-09_015_013,-14.125,16.125,0.0,0.0,0.0,0.0,False,False,trace,normale,2022,5,9,129,Phase_1_debut,Debut de saison (Mai-Juin),Matam,Zone sahélienne,360.92404,4,plus_petite_couverture,Phase_1_debut
2022-05-09,C4_plus_petite_couverture,2022-05-09_015_014,-13.875,16.125,0.0,0.0,0.0,0.0,False,False,trace,normale,2022,5,9,129,Phase_1_debut,Debut de saison (Mai-Juin),Matam,Zone sahélienne,387.65915,4,plus_petite_couverture,Phase_1_debut
2022-05-09,C4_plus_petite_couverture,2022-05-09_016_005,-16.125,16.375,0.0,0.0033221174962818623,-0.15249860286712646,-0.0033221174962818623,False,False,trace,normale,2022,5,9,129,Phase_1_debut,Debut de saison (Mai-Juin),Saint-Louis,Zone sahélienne,146.85623,4,plus_petite_couverture,Phase_1_debut
2022-05-09,C4_plus_petite_couverture,2022-05-09_016_006,-15.875,16.375,0.0,0.0,0.0,0.0,False,False,trace,normale,2022,5,9,129,Phase_1_debut,Debut de saison (Mai-Juin),Saint-Louis,Zone sahélienne,173.55737,4,plus_petite_couverture,Phase_1_debut
2022-05-09,C4_plus_petite_couverture,2022-05-09_016_007,-15.625,16.375,0.0,0.0,0.0,0.0,False,False,trace,normale,2022,5,9,129,Phase_1_debut,Debut de saison (Mai-Juin),Saint-Louis,Zone sahélienne,200.25851,4,plus_petite_couverture,Phase_1_debut
2022-05-09,C4_plus_petite_couverture,2022-05-09_016_008,-15.375,16.375,0.0,0.0,0.0,0.0,False,False,trace,normale,2022,5,9,129,Phase_1_debut,Debut de saison (Mai-Juin),Louga,Zone sahélienne,226.95963,4,plus_petite_couverture,Phase_1_debut
2022-05-09,C4_plus_petite_couverture,2022-05-09_016_009,-15.125,16.375,0.0,0.0,0.0,0.0,False,False,trace,normale,2022,5,9,129,Phase_1_debut,Debut de saison (Mai-Juin),Louga,Zone sahélienne,253.66078,4,plus_petite_couverture,Phase_1_debut
2022-05-09,C4_plus_petite_couverture,2022-05-09_016_010,-14.875,16.375,0.0,0.0,0.0,0.0,False,False,trace,normale,2022,5,9,129,Phase_1_debut,Debut de saison (Mai-Juin),Louga,Zone sahélienne,280.3619,4,plus_petite_couverture,Phase_1_debut
2022-05-09,C4_plus_petite_couverture,2022-05-09_016_011,-14.625,16.375,0.0,0.0,0.0,0.0,False,False,trace,normale,2022,5,9,129,Phase_1_debut,Debut de saison (Mai-Juin),Matam,Zone sahélienne,307.06305,4,plus_petite_couverture,Phase_1_debut
2022-05-09,C4_plus_petite_couverture,2022-05-09_016_012,-14.375,16.375,0.0,0.0,0.0,0.0,False,False,trace,normale,2022,5,9,129,Phase_1_debut,Debut de saison (Mai-Juin),Matam,Zone sahélienne,333.76416,4,plus_petite_couverture,Phase_1_debut
2022-05-09,C4_plus_petite_couverture,2022-05-09_016_013,-14.125,16.375,0.0,7.234226814034628e-06,-7.234226359287277e-05,-7.234226814034628e-06,False,False,trace,normale,2022,5,9,129,Phase_1_debut,Debut de saison (Mai-Juin),Matam,Zone sahélienne,360.4653,4,plus_petite_couverture,Phase_1_debut
2022-05-09,C4_plus_petite_couverture,2022-05-09_017_010,-14.875,16.625,0.0,0.0,0.0,0.0,False,False,trace,normale,2022,5,9,129,Phase_1_debut,Debut de saison (Mai-Juin),Louga,Zone sahélienne,279.9998,4,plus_petite_couverture,Phase_1_debut
2022-05-09,C4_plus_petite_couverture,2022-05-09_017_011,-14.625,16.625,0.0,0.0,0.0,0.0,False,False,trace,normale,2022,5,9,129,Phase_1_debut,Debut de saison (Mai-Juin),Matam,Zone sahélienne,306.66644,4,plus_petite_couverture,Phase_1_debut
2022-05-09,C4_plus_petite_couverture,2022-05-09_017_012,-14.375,16.625,0.0,2.2390472622646485e-06,-2.2390471713151783e-05,-2.2390472622646485e-06,False,False,trace,normale,2022,5,9,129,Phase_1_debut,Debut de saison (Mai-Juin),Matam,Zone sahélienne,333.33307,4,plus_petite_couverture,Phase_1_debut
