event_date,selection_label,pixel_id,longitude,latitude,precipitation_mm,climatology_mm,anomaly_standardized,anomaly_mm,is_extreme,is_intense,intensity_category,anomaly_category,year,month,day,day_of_year,season_phase,phase_description,region,climate_zone,distance_to_coast_km,cluster,criterion,phase
1998-09-08,C4_plus_intense + C6_plus_intense,1998-09-08_000_003,-16.625,12.375,0.3546232581138611,10.810393333435059,-0.8365047574043274,-10.455770075321198,False,False,trace,normale,1998,9,8,251,Phase_3_fin,Fin de saison (Septembre-Octobre),Ziguinchor,Zone soudanienne,95.14188,6,plus_intense,All_phases
1998-09-08,C4_plus_intense + C6_plus_intense,1998-09-08_000_004,-16.375,12.375,4.9622321128845215,9.932066917419434,-0.5175421833992004,-4.969834804534912,False,False,faible,normale,1998,9,8,251,Phase_3_fin,Fin de saison (Septembre-Octobre),Ziguinchor,Zone soudanienne,122.32527,6,plus_intense,All_phases
1998-09-08,C4_plus_intense + C6_plus_intense,1998-09-08_000_020,-12.375,12.375,26.638460159301758,11.714139938354492,1.3448832035064697,14.924320220947266,False,True,forte,humide,1998,9,8,251,Phase_3_fin,Fin de saison (Septembre-Octobre),Kédougou,Zone soudanienne,557.2596,6,plus_intense,All_phases
1998-09-08,C4_plus_intense + C6_plus_intense,1998-09-08_001_003,-16.625,12.625,0.0,9.128039360046387,-0.8115667700767517,-9.128039360046387,False,False,trace,normale,1998,9,8,251,Phase_3_fin,Fin de saison (Septembre-Octobre),Ziguinchor,Zone soudanienne,95.04989,6,plus_intense,All_phases
1998-09-08,C4_plus_intense + C6_plus_intense,1998-09-08_001_004,-16.375,12.625,0.0,8.955900192260742,-0.821286141872406,-8.955900192260742,False,False,trace,normale,1998,9,8,251,Phase_3_fin,Fin de saison (Septembre-Octobre),Ziguinchor,Zone soudanienne,122.20701,6,plus_intense,All_phases
1998-09-08,C4_plus_intense + C6_plus_intense,1998-09-08_001_005,-16.125,12.625,1.003232717514038,8.458905220031738,-0.9046231508255005,-7.4556725025177,False,False,faible,normale,1998,9,8,251,Phase_3_fin,Fin de saison (Septembre-Octobre),Sédhiou,Zone soudanienne,149.36412,6,plus_intense,All_phases
1998-09-08,C4_plus_intense + C6_plus_intense,1998-09-08_001_006,-15.875,12.625,0.6620878577232361,7.436135292053223,-0.9238366484642029,-6.774047434329987,False,False,trace,normale,1998,9,8,251,Phase_3_fin,Fin de saison (Septembre-Octobre),Sédhiou,Zone soudanienne,176.52124,6,plus_intense,All_phases
1998-09-08,C4_plus_intense + C6_plus_intense,1998-09-08_001_007,-15.625,12.625,2.8754608631134033,7.728094577789307,-0.5923390984535217,-4.852633714675903,False,False,faible,normale,1998,9,8,251,Phase_3_fin,Fin de saison (Septembre-Octobre),Sédhiou,Zone soudanienne,203.67834,6,plus_intense,All_phases
1998-09-08,C4_plus_intense + C6_plus_intense,1998-09-08_001_008,-15.375,12.625,4.802257537841797,6.595572471618652,-0.23322270810604095,-1.7933149337768555,False,False,faible,normale,1998,9,8,251,Phase_3_fin,Fin de saison (Septembre-Octobre),Kolda,Zone soudanienne,230.83545,6,plus_intense,All_phases
1998-09-08,C4_plus_intense + C6_plus_intense,1998-09-08_001_018,-12.875,12.625,12.399248123168945,9.540226936340332,0.2837590277194977,2.8590211868286133,False,False,moderee,normale,1998,9,8,251,Phase_3_fin,Fin de saison (Septembre-Octobre),Kédougou,Zone soudanienne,502.40656,6,plus_intense,All_phases
1998-09-08,C4_plus_intense + C6_plus_intense,1998-09-08_001_019,-12.625,12.625,20.816699981689453,9.746186256408691,1.2496706247329712,11.070513725280762,False,True,forte,humide,1998,9,8,251,Phase_3_fin,Fin de saison (Septembre-Octobre),Kédougou,Zone soudanienne,529.56366,6,plus_intense,All_phases
1998-09-08,C4_plus_intense + C6_plus_intense,1998-09-08_001_020,-12.375,12.625,23.681833267211914,10.370015144348145,1.4034594297409058,13.31181812286377,False,True,forte,humide,1998,9,8,251,Phase_3_fin,Fin de saison (Septembre-Octobre),Kédougou,Zone soudanienne,556.7208,6,plus_intense,All_phases
1998-09-08,C4_plus_intense + C6_plus_intense,1998-09-08_001_021,-12.125,12.625,20.298307418823242,9.963713645935059,0.991827130317688,10.334593772888184,False,True,forte,normale,1998,9,8,251,Phase_3_fin,Fin de saison (Septembre-Octobre),Kédougou,Zone soudanienne,583.87787,6,plus_intense,All_phases
1998-09-08,C4_plus_intense + C6_plus_intense,1998-09-08_001_022,-11.875,12.625,22.297998428344727,8.795931816101074,1.3127435445785522,13.502066612243652,False,True,forte,humide,1998,9,8,251,Phase_3_fin,Fin de saison (Septembre-Octobre),Kédougou,Zone soudanienne,611.03503,6,plus_intense,All_phases
1998-09-08,C4_plus_intense + C6_plus_intense,1998-09-08_001_023,-11.625,12.625,8.472018241882324,7.844322681427002,0.06306207180023193,0.6276955604553223,False,False,moderee,normale,1998,9,8,251,Phase_3_fin,Fin de saison (Septembre-Octobre),Kédougou,Zone soudanienne,638.19214,6,plus_intense,All_phases
1998-09-08,C4_plus_intense + C6_plus_intense,1998-09-08_002_003,-16.625,12.875,0.0,8.930889129638672,-0.8534939885139465,-8.930889129638672,False,False,trace,normale,1998,9,8,251,Phase_3_fin,Fin de saison (Septembre-Octobre),Ziguinchor,Zone soudanienne,94.95609,6,plus_intense,All_phases
1998-09-08,C4_plus_intense + C6_plus_intense,1998-09-08_002_004,-16.375,12.875,0.0,8.067172050476074,-0.8881024122238159,-8.067172050476074,False,False,trace,normale,1998,9,8,251,Phase_3_fin,Fin de saison (Septembre-Octobre),Ziguinchor,Zone soudanienne,122.08641,6,plus_intense,All_phases
1998-09-08,C4_plus_intense + C6_plus_intense,1998-09-08_002_005,-16.125,12.875,0.0,6.605140209197998,-0.9717501997947693,-6.605140209197998,False,False,trace,normale,1998,9,8,251,Phase_3_fin,Fin de saison (Septembre-Octobre),Sédhiou,Zone soudanienne,149.21672,6,plus_intense,All_phases
1998-09-08,C4_plus_intense + C6_plus_intense,1998-09-08_002_006,-15.875,12.875,2.0842130184173584,6.815893650054932,-0.6894617676734924,-4.731680631637573,False,False,faible,normale,1998,9,8,251,Phase_3_fin,Fin de saison (Septembre-Octobre),Sédhiou,Zone soudanienne,176.34703,6,plus_intense,All_phases
1998-09-08,C4_plus_intense + C6_plus_intense,1998-09-08_002_007,-15.625,12.875,5.4281415939331055,6.964378833770752,-0.20862571895122528,-1.5362372398376465,False,False,moderee,normale,1998,9,8,251,Phase_3_fin,Fin de saison (Septembre-Octobre),Sédhiou,Zone soudanienne,203.47736,6,plus_intense,All_phases
1998-09-08,C4_plus_intense + C6_plus_intense,1998-09-08_002_008,-15.375,12.875,4.858785152435303,6.5527753829956055,-0.21197660267353058,-1.6939902305603027,False,False,faible,normale,1998,9,8,251,Phase_3_fin,Fin de saison (Septembre-Octobre),Kolda,Zone soudanienne,230.60765,6,plus_intense,All_phases
1998-09-08,C4_plus_intense + C6_plus_intense,1998-09-08_002_009,-15.125,12.875,3.9116668701171875,7.026698589324951,-0.3800470232963562,-3.1150317192077637,False,False,faible,normale,1998,9,8,251,Phase_3_fin,Fin de saison (Septembre-Octobre),Kolda,Zone soudanienne,257.73798,6,plus_intense,All_phases
1998-09-08,C4_plus_intense + C6_plus_intense,1998-09-08_002_010,-14.875,12.875,5.433452606201172,8.049602508544922,-0.2737547755241394,-2.61614990234375,False,False,moderee,normale,1998,9,8,251,Phase_3_fin,Fin de saison (Septembre-Octobre),Kolda,Zone soudanienne,284.8683,6,plus_intense,All_phases
1998-09-08,C4_plus_intense + C6_plus_intense,1998-09-08_002_011,-14.625,12.875,5.434463977813721,8.831116676330566,-0.34047839045524597,-3.3966526985168457,False,False,moderee,normale,1998,9,8,251,Phase_3_fin,Fin de saison (Septembre-Octobre),Kolda,Zone soudanienne,311.9986,6,plus_intense,All_phases
1998-09-08,C4_plus_intense + C6_plus_intense,1998-09-08_002_012,-14.375,12.875,18.274059295654297,9.26591968536377,0.8408374190330505,9.008139610290527,False,False,moderee,normale,1998,9,8,251,Phase_3_fin,Fin de saison (Septembre-Octobre),Kolda,Zone soudanienne,339.1289,6,plus_intense,All_phases
1998-09-08,C4_plus_intense + C6_plus_intense,1998-09-08_002_013,-14.125,12.875,14.314233779907227,9.114689826965332,0.47473418712615967,5.1995439529418945,False,False,moderee,normale,1998,9,8,251,Phase_3_fin,Fin de saison (Septembre-Octobre),Kolda,Zone soudanienne,366.25922,6,plus_intense,All_phases
1998-09-08,C4_plus_intense + C6_plus_intense,1998-09-08_002_014,-13.875,12.875,7.048112392425537,9.53356647491455,-0.22468926012516022,-2.4854540824890137,False,False,moderee,normale,1998,9,8,251,Phase_3_fin,Fin de saison (Septembre-Octobre),Tambacounda,Zone soudanienne,393.38953,6,plus_intense,All_phases
1998-09-08,C4_plus_intense + C6_plus_intense,1998-09-08_002_015,-13.625,12.875,10.594791412353516,8.732208251953125,0.2146991342306137,1.8625831604003906,False,False,moderee,normale,1998,9,8,251,Phase_3_fin,Fin de saison (Septembre-Octobre),Tambacounda,Zone soudanienne,420.51984,6,plus_intense,All_phases
1998-09-08,C4_plus_intense + C6_plus_intense,1998-09-08_002_016,-13.375,12.875,4.8790717124938965,7.66595458984375,-0.3374134302139282,-2.7868828773498535,False,False,faible,normale,1998,9,8,251,Phase_3_fin,Fin de saison (Septembre-Octobre),Tambacounda,Zone soudanienne,447.65018,6,plus_intense,All_phases
1998-09-08,C4_plus_intense + C6_plus_intense,1998-09-08_002_017,-13.125,12.875,7.225766658782959,8.487547874450684,-0.14034900069236755,-1.2617812156677246,False,False,moderee,normale,1998,9,8,251,Phase_3_fin,Fin de saison (Septembre-Octobre),Kédougou,Zone soudanienne,474.78046,6,plus_intense,All_phases
1998-09-08,C4_plus_intense + C6_plus_intense,1998-09-08_002_018,-12.875,12.875,12.287971496582031,9.285931587219238,0.32903212308883667,3.002039909362793,False,False,moderee,normale,1998,9,8,251,Phase_3_fin,Fin de saison (Septembre-Octobre),Kédougou,Zone soudanienne,501.91077,6,plus_intense,All_phases
1998-09-08,C4_plus_intense + C6_plus_intense,1998-09-08_002_019,-12.625,12.875,13.002358436584473,9.031304359436035,0.4660135805606842,3.9710540771484375,False,False,moderee,normale,1998,9,8,251,Phase_3_fin,Fin de saison (Septembre-Octobre),Kédougou,Zone soudanienne,529.0411,6,plus_intense,All_phases
1998-09-08,C4_plus_intense + C6_plus_intense,1998-09-08_002_020,-12.375,12.875,13.650611877441406,9.549775123596191,0.4115152060985565,4.100836753845215,False,False,moderee,normale,1998,9,8,251,Phase_3_fin,Fin de saison (Septembre-Octobre),Kédougou,Zone soudanienne,556.17145,6,plus_intense,All_phases
1998-09-08,C4_plus_intense + C6_plus_intense,1998-09-08_002_021,-12.125,12.875,12.166607856750488,8.862889289855957,0.3303351104259491,3.3037185668945312,False,False,moderee,normale,1998,9,8,251,Phase_3_fin,Fin de saison (Septembre-Octobre),Kédougou,Zone soudanienne,583.3017,6,plus_intense,All_phases
1998-09-08,C4_plus_intense + C6_plus_intense,1998-09-08_002_022,-11.875,12.875,12.810761451721191,7.928686618804932,0.5273383855819702,4.88207483291626,False,False,moderee,normale,1998,9,8,251,Phase_3_fin,Fin de saison (Septembre-Octobre),Kédougou,Zone soudanienne,610.432,6,plus_intense,All_phases
1998-09-08,C4_plus_intense + C6_plus_intense,1998-09-08_002_023,-11.625,12.875,9.257144927978516,7.205014228820801,0.24906623363494873,2.052130699157715,False,False,moderee,normale,1998,9,8,251,Phase_3_fin,Fin de saison (Septembre-Octobre),Kédougou,Zone soudanienne,637.5624,6,plus_intense,All_phases
1998-09-08,C4_plus_intense + C6_plus_intense,1998-09-08_003_003,-16.625,13.125,0.0,7.301198482513428,-0.8644186854362488,-7.301198482513428,False,False,trace,normale,1998,9,8,251,Phase_3_fin,Fin de saison (Septembre-Octobre),Ziguinchor,Zone soudanienne,94.86048,6,plus_intense,All_phases
1998-09-08,C4_plus_intense + C6_plus_intense,1998-09-08_003_004,-16.375,13.125,0.0,7.198716163635254,-0.9688137173652649,-7.198716163635254,False,False,trace,normale,1998,9,8,251,Phase_3_fin,Fin de saison (Septembre-Octobre),Ziguinchor,Zone soudanienne,121.96348,6,plus_intense,All_phases
1998-09-08,C4_plus_intense + C6_plus_intense,1998-09-08_003_005,-16.125,13.125,0.0,6.756689548492432,-1.0163743495941162,-6.756689548492432,False,False,trace,seche,1998,9,8,251,Phase_3_fin,Fin de saison (Septembre-Octobre),Sédhiou,Zone soudanienne,149.06648,6,plus_intense,All_phases
1998-09-08,C4_plus_intense + C6_plus_intense,1998-09-08_003_006,-15.875,13.125,0.0,6.419632434844971,-0.8649327754974365,-6.419632434844971,False,False,trace,normale,1998,9,8,251,Phase_3_fin,Fin de saison (Septembre-Octobre),Sédhiou,Zone soudanienne,176.16948,6,plus_intense,All_phases
1998-09-08,C4_plus_intense + C6_plus_intense,1998-09-08_003_007,-15.625,13.125,1.2507041692733765,6.379654407501221,-0.7151177525520325,-5.128950238227844,False,False,faible,normale,1998,9,8,251,Phase_3_fin,Fin de saison (Septembre-Octobre),Sédhiou,Zone soudanienne,203.27248,6,plus_intense,All_phases
1998-09-08,C4_plus_intense + C6_plus_intense,1998-09-08_003_008,-15.375,13.125,4.014714241027832,5.730330467224121,-0.24714264273643494,-1.715616226196289,False,False,faible,normale,1998,9,8,251,Phase_3_fin,Fin de saison (Septembre-Octobre),Kolda,Zone soudanienne,230.37546,6,plus_intense,All_phases
1998-09-08,C4_plus_intense + C6_plus_intense,1998-09-08_003_009,-15.125,13.125,0.2856315076351166,6.515687942504883,-0.7856212854385376,-6.230056434869766,False,False,trace,normale,1998,9,8,251,Phase_3_fin,Fin de saison (Septembre-Octobre),Kolda,Zone soudanienne,257.47845,6,plus_intense,All_phases
1998-09-08,C4_plus_intense + C6_plus_intense,1998-09-08_003_010,-14.875,13.125,0.4380432069301605,8.040276527404785,-0.817634105682373,-7.602233320474625,False,False,trace,normale,1998,9,8,251,Phase_3_fin,Fin de saison (Septembre-Octobre),Kolda,Zone soudanienne,284.58145,6,plus_intense,All_phases
1998-09-08,C4_plus_intense + C6_plus_intense,1998-09-08_003_011,-14.625,13.125,2.245340347290039,9.038617134094238,-0.6756641268730164,-6.793276786804199,False,False,faible,normale,1998,9,8,251,Phase_3_fin,Fin de saison (Septembre-Octobre),Kolda,Zone soudanienne,311.68445,6,plus_intense,All_phases
1998-09-08,C4_plus_intense + C6_plus_intense,1998-09-08_003_012,-14.375,13.125,12.895408630371094,9.481836318969727,0.3205070197582245,3.413572311401367,False,False,moderee,normale,1998,9,8,251,Phase_3_fin,Fin de saison (Septembre-Octobre),Tambacounda,Zone soudanienne,338.78745,6,plus_intense,All_phases
1998-09-08,C4_plus_intense + C6_plus_intense,1998-09-08_003_013,-14.125,13.125,13.477668762207031,9.070167541503906,0.40842077136039734,4.407501220703125,False,False,moderee,normale,1998,9,8,251,Phase_3_fin,Fin de saison (Septembre-Octobre),Tambacounda,Zone soudanienne,365.89044,6,plus_intense,All_phases
1998-09-08,C4_plus_intense + C6_plus_intense,1998-09-08_003_014,-13.875,13.125,13.058841705322266,9.4747896194458,0.32525011897087097,3.584052085876465,False,False,moderee,normale,1998,9,8,251,Phase_3_fin,Fin de saison (Septembre-Octobre),Tambacounda,Zone soudanienne,392.99344,6,plus_intense,All_phases
1998-09-08,C4_plus_intense + C6_plus_intense,1998-09-08_003_015,-13.625,13.125,4.476656913757324,8.258807182312012,-0.45356976985931396,-3.7821502685546875,False,False,faible,normale,1998,9,8,251,Phase_3_fin,Fin de saison (Septembre-Octobre),Tambacounda,Zone soudanienne,420.09644,6,plus_intense,All_phases
1998-09-08,C4_plus_intense + C6_plus_intense,1998-09-08_003_016,-13.375,13.125,0.3794683516025543,7.46621561050415,-0.8929182887077332,-7.086747258901596,False,False,trace,normale,1998,9,8,251,Phase_3_fin,Fin de saison (Septembre-Octobre),Tambacounda,Zone soudanienne,447.19943,6,plus_intense,All_phases
1998-09-08,C4_plus_intense + C6_plus_intense,1998-09-08_003_017,-13.125,13.125,2.962033748626709,7.983124256134033,-0.5263985395431519,-5.021090507507324,False,False,faible,normale,1998,9,8,251,Phase_3_fin,Fin de saison (Septembre-Octobre),Tambacounda,Zone soudanienne,474.30243,6,plus_intense,All_phases
1998-09-08,C4_plus_intense + C6_plus_intense,1998-09-08_003_018,-12.875,13.125,4.777442932128906,7.8062872886657715,-0.36576539278030396,-3.0288443565368652,False,False,faible,normale,1998,9,8,251,Phase_3_fin,Fin de saison (Septembre-Octobre),Tambacounda,Zone soudanienne,501.4054,6,plus_intense,All_phases
1998-09-08,C4_plus_intense + C6_plus_intense,1998-09-08_003_019,-12.625,13.125,12.201312065124512,8.270676612854004,0.47136473655700684,3.930635452270508,False,False,moderee,normale,1998,9,8,251,Phase_3_fin,Fin de saison (Septembre-Octobre),Tambacounda,Zone soudanienne,528.5084,6,plus_intense,All_phases
1998-09-08,C4_plus_intense + C6_plus_intense,1998-09-08_003_020,-12.375,13.125,12.492884635925293,8.57474422454834,0.42908138036727905,3.918140411376953,False,False,moderee,normale,1998,9,8,251,Phase_3_fin,Fin de saison (Septembre-Octobre),Tambacounda,Zone soudanienne,555.61145,6,plus_intense,All_phases
1998-09-08,C4_plus_intense + C6_plus_intense,1998-09-08_003_021,-12.125,13.125,18.33597183227539,9.149282455444336,0.9032519459724426,9.186689376831055,False,False,moderee,normale,1998,9,8,251,Phase_3_fin,Fin de saison (Septembre-Octobre),Tambacounda,Zone soudanienne,582.71436,6,plus_intense,All_phases
1998-09-08,C4_plus_intense + C6_plus_intense,1998-09-08_003_022,-11.875,13.125,16.907594680786133,8.193405151367188,0.8658627867698669,8.714189529418945,False,False,moderee,normale,1998,9,8,251,Phase_3_fin,Fin de saison (Septembre-Octobre),Tambacounda,Zone soudanienne,609.8174,6,plus_intense,All_phases
1998-09-08,C4_plus_intense + C6_plus_intense,1998-09-08_003_023,-11.625,13.125,11.830928802490234,7.931046009063721,0.45440033078193665,3.8998827934265137,False,False,moderee,normale,1998,9,8,251,Phase_3_fin,Fin de saison (Septembre-Octobre),Tambacounda,Zone soudanienne,636.9204,6,plus_intense,All_phases
1998-09-08,C4_plus_intense + C6_plus_intense,1998-09-08_004_009,-15.125,13.375,2.236992359161377,6.25852632522583,-0.5250164270401001,-4.021533966064453,False,False,faible,normale,1998,9,8,251,Phase_3_fin,Fin de saison (Septembre-Octobre),Kolda,Zone soudanienne,257.21408,6,plus_intense,All_phases
1998-09-08,C4_plus_intense + C6_plus_intense,1998-09-08_004_010,-14.875,13.375,0.7385573387145996,7.020298957824707,-0.7670589089393616,-6.281741619110107,False,False,trace,normale,1998,9,8,251,Phase_3_fin,Fin de saison (Septembre-Octobre),Kolda,Zone soudanienne,284.2892,6,plus_intense,All_phases
1998-09-08,C4_plus_intense + C6_plus_intense,1998-09-08_004_015,-13.625,13.375,9.826501846313477,8.059654235839844,0.17853319644927979,1.7668476104736328,False,False,moderee,normale,1998,9,8,251,Phase_3_fin,Fin de saison (Septembre-Octobre),Tambacounda,Zone soudanienne,419.66504,6,plus_intense,All_phases
1998-09-08,C4_plus_intense + C6_plus_intense,1998-09-08_004_016,-13.375,13.375,7.071826934814453,6.971896171569824,0.012053057551383972,0.0999307632446289,False,False,moderee,normale,1998,9,8,251,Phase_3_fin,Fin de saison (Septembre-Octobre),Tambacounda,Zone soudanienne,446.7402,6,plus_intense,All_phases
1998-09-08,C4_plus_intense + C6_plus_intense,1998-09-08_004_017,-13.125,13.375,12.602027893066406,7.329797744750977,0.5521775484085083,5.27223014831543,False,False,moderee,normale,1998,9,8,251,Phase_3_fin,Fin de saison (Septembre-Octobre),Tambacounda,Zone soudanienne,473.81537,6,plus_intense,All_phases
1998-09-08,C4_plus_intense + C6_plus_intense,1998-09-08_004_018,-12.875,13.375,0.0,7.1176042556762695,-0.7291434407234192,-7.1176042556762695,False,False,trace,normale,1998,9,8,251,Phase_3_fin,Fin de saison (Septembre-Octobre),Tambacounda,Zone soudanienne,500.89053,6,plus_intense,All_phases
1998-09-08,C4_plus_intense + C6_plus_intense,1998-09-08_004_019,-12.625,13.375,6.922053813934326,7.423288822174072,-0.05157895013689995,-0.5012350082397461,False,False,moderee,normale,1998,9,8,251,Phase_3_fin,Fin de saison (Septembre-Octobre),Tambacounda,Zone soudanienne,527.9657,6,plus_intense,All_phases
1998-09-08,C4_plus_intense + C6_plus_intense,1998-09-08_004_020,-12.375,13.375,10.520241737365723,7.743867874145508,0.2796821892261505,2.776373863220215,False,False,moderee,normale,1998,9,8,251,Phase_3_fin,Fin de saison (Septembre-Octobre),Tambacounda,Zone soudanienne,555.0409,6,plus_intense,All_phases
1998-09-08,C4_plus_intense + C6_plus_intense,1998-09-08_004_021,-12.125,13.375,17.07061004638672,8.373163223266602,0.8726517558097839,8.697446823120117,False,False,moderee,normale,1998,9,8,251,Phase_3_fin,Fin de saison (Septembre-Octobre),Tambacounda,Zone soudanienne,582.116,6,plus_intense,All_phases
1998-09-08,C4_plus_intense + C6_plus_intense,1998-09-08_004_022,-11.875,13.375,24.138883590698242,8.194598197937012,1.61520516872406,15.94428539276123,False,True,forte,humide,1998,9,8,251,Phase_3_fin,Fin de saison (Septembre-Octobre),Tambacounda,Zone soudanienne,609.19116,6,plus_intense,All_phases
1998-09-08,C4_plus_intense + C6_plus_intense,1998-09-08_004_023,-11.625,13.375,20.08074951171875,8.392208099365234,1.2016631364822388,11.688541412353516,False,True,forte,humide,1998,9,8,251,Phase_3_fin,Fin de saison (Septembre-Octobre),Tambacounda,Zone soudanienne,636.26636,6,plus_intense,All_phases
1998-09-08,C4_plus_intense + C6_plus_intense,1998-09-08_005_004,-16.375,13.625,0.0,6.568605422973633,-0.9766620397567749,-6.568605422973633,False,False,trace,normale,1998,9,8,251,Phase_3_fin,Fin de saison (Septembre-Octobre),Kaolack,Zone soudano-sahélienne,121.71068,6,plus_intense,All_phases
1998-09-08,C4_plus_intense + C6_plus_intense,1998-09-08_005_005,-16.125,13.625,0.0,5.844936847686768,-0.8796899914741516,-5.844936847686768,False,False,trace,normale,1998,9,8,251,Phase_3_fin,Fin de saison (Septembre-Octobre),Kaolack,Zone soudano-sahélienne,148.75749,6,plus_intense,All_phases
1998-09-08,C4_plus_intense + C6_plus_intense,1998-09-08_005_006,-15.875,13.625,2.2283756732940674,5.493739128112793,-0.5134121179580688,-3.2653634548187256,False,False,faible,normale,1998,9,8,251,Phase_3_fin,Fin de saison (Septembre-Octobre),Kaffrine,Zone soudano-sahélienne,175.80432,6,plus_intense,All_phases
1998-09-08,C4_plus_intense + C6_plus_intense,1998-09-08_005_007,-15.625,13.625,5.109692573547363,6.022299766540527,-0.12035670131444931,-0.9126071929931641,False,False,moderee,normale,1998,9,8,251,Phase_3_fin,Fin de saison (Septembre-Octobre),Kaffrine,Zone soudano-sahélienne,202.85114,6,plus_intense,All_phases
1998-09-08,C4_plus_intense + C6_plus_intense,1998-09-08_005_012,-14.375,13.625,12.836258888244629,7.2716965675354,0.6328431367874146,5.5645623207092285,False,False,moderee,normale,1998,9,8,251,Phase_3_fin,Fin de saison (Septembre-Octobre),Tambacounda,Zone soudano-sahélienne,338.0852,6,plus_intense,All_phases
1998-09-08,C4_plus_intense + C6_plus_intense,1998-09-08_005_013,-14.125,13.625,11.115180969238281,6.930013179779053,0.4702816307544708,4.1851677894592285,False,False,moderee,normale,1998,9,8,251,Phase_3_fin,Fin de saison (Septembre-Octobre),Tambacounda,Zone soudano-sahélienne,365.13202,6,plus_intense,All_phases
1998-09-08,C4_plus_intense + C6_plus_intense,1998-09-08_005_014,-13.875,13.625,21.675342559814453,7.9039435386657715,1.3328557014465332,13.771399021148682,False,True,forte,humide,1998,9,8,251,Phase_3_fin,Fin de saison (Septembre-Octobre),Tambacounda,Zone soudano-sahélienne,392.17886,6,plus_intense,All_phases
1998-09-08,C4_plus_intense + C6_plus_intense,1998-09-08_005_015,-13.625,13.625,20.41919708251953,7.295424461364746,1.2497318983078003,13.123772621154785,False,True,forte,humide,1998,9,8,251,Phase_3_fin,Fin de saison (Septembre-Octobre),Tambacounda,Zone soudano-sahélienne,419.22565,6,plus_intense,All_phases
1998-09-08,C4_plus_intense + C6_plus_intense,1998-09-08_005_016,-13.375,13.625,17.965688705444336,6.552914619445801,1.1857808828353882,11.412774085998535,False,False,moderee,humide,1998,9,8,251,Phase_3_fin,Fin de saison (Septembre-Octobre),Tambacounda,Zone soudano-sahélienne,446.2725,6,plus_intense,All_phases
1998-09-08,C4_plus_intense + C6_plus_intense,1998-09-08_005_017,-13.125,13.625,17.6569766998291,6.1634016036987305,1.2271039485931396,11.493575096130371,False,False,moderee,humide,1998,9,8,251,Phase_3_fin,Fin de saison (Septembre-Octobre),Tambacounda,Zone soudano-sahélienne,473.3193,6,plus_intense,All_phases
1998-09-08,C4_plus_intense + C6_plus_intense,1998-09-08_005_018,-12.875,13.625,10.817132949829102,6.5952935218811035,0.4140738248825073,4.221839427947998,False,False,moderee,normale,1998,9,8,251,Phase_3_fin,Fin de saison (Septembre-Octobre),Tambacounda,Zone soudano-sahélienne,500.3661,6,plus_intense,All_phases
1998-09-08,C4_plus_intense + C6_plus_intense,1998-09-08_005_019,-12.625,13.625,7.436867713928223,7.020458698272705,0.040818050503730774,0.4164090156555176,False,False,moderee,normale,1998,9,8,251,Phase_3_fin,Fin de saison (Septembre-Octobre),Tambacounda,Zone soudano-sahélienne,527.4129,6,plus_intense,All_phases
1998-09-08,C4_plus_intense + C6_plus_intense,1998-09-08_005_020,-12.375,13.625,27.711118698120117,7.4500908851623535,1.99178147315979,20.261027812957764,False,True,forte,humide,1998,9,8,251,Phase_3_fin,Fin de saison (Septembre-Octobre),Tambacounda,Zone soudano-sahélienne,554.4598,6,plus_intense,All_phases
1998-09-08,C4_plus_intense + C6_plus_intense,1998-09-08_005_021,-12.125,13.625,36.32543182373047,7.782332897186279,2.7918243408203125,28.54309892654419,True,True,forte,tres humide,1998,9,8,251,Phase_3_fin,Fin de saison (Septembre-Octobre),Tambacounda,Zone soudano-sahélienne,581.50653,6,plus_intense,All_phases
1998-09-08,C4_plus_intense + C6_plus_intense,1998-09-08_006_003,-16.625,13.875,1.3114179372787476,10.155040740966797,-0.7938694357872009,-8.84362280368805,False,False,faible,normale,1998,9,8,251,Phase_3_fin,Fin de saison (Septembre-Octobre),Fatick,Zone soudano-sahélienne,94.562836,6,plus_intense,All_phases
1998-09-08,C4_plus_intense + C6_plus_intense,1998-09-08_006_004,-16.375,13.875,0.0,7.479515552520752,-0.8713138103485107,-7.479515552520752,False,False,trace,normale,1998,9,8,251,Phase_3_fin,Fin de saison (Septembre-Octobre),Fatick,Zone soudano-sahélienne,121.580795,6,plus_intense,All_phases
1998-09-08,C4_plus_intense + C6_plus_intense,1998-09-08_006_005,-16.125,13.875,2.7192721366882324,5.617160320281982,-0.4368137717247009,-2.89788818359375,False,False,faible,normale,1998,9,8,251,Phase_3_fin,Fin de saison (Septembre-Octobre),Fatick,Zone soudano-sahélienne,148.59875,6,plus_intense,All_phases
1998-09-08,C4_plus_intense + C6_plus_intense,1998-09-08_006_006,-15.875,13.875,2.115480422973633,6.3933587074279785,-0.5666356682777405,-4.277878284454346,False,False,faible,normale,1998,9,8,251,Phase_3_fin,Fin de saison (Septembre-Octobre),Kaolack,Zone soudano-sahélienne,175.6167,6,plus_intense,All_phases
1998-09-08,C4_plus_intense + C6_plus_intense,1998-09-08_006_007,-15.625,13.875,8.984031677246094,7.23687744140625,0.20711907744407654,1.7471542358398438,False,False,moderee,normale,1998,9,8,251,Phase_3_fin,Fin de saison (Septembre-Octobre),Kaolack,Zone soudano-sahélienne,202.63466,6,plus_intense,All_phases
1998-09-08,C4_plus_intense + C6_plus_intense,1998-09-08_006_008,-15.375,13.875,8.262937545776367,6.4662299156188965,0.21315383911132812,1.7967076301574707,False,False,moderee,normale,1998,9,8,251,Phase_3_fin,Fin de saison (Septembre-Octobre),Kaffrine,Zone soudano-sahélienne,229.6526,6,plus_intense,All_phases
1998-09-08,C4_plus_intense + C6_plus_intense,1998-09-08_006_009,-15.125,13.875,8.674295425415039,6.0,0.3323405981063843,2.674295425415039,False,False,moderee,normale,1998,9,8,251,Phase_3_fin,Fin de saison (Septembre-Octobre),Kaffrine,Zone soudano-sahélienne,256.67056,6,plus_intense,All_phases
1998-09-08,C4_plus_intense + C6_plus_intense,1998-09-08_006_010,-14.875,13.875,9.586838722229004,5.9831061363220215,0.49768298864364624,3.6037325859069824,False,False,moderee,normale,1998,9,8,251,Phase_3_fin,Fin de saison (Septembre-Octobre),Kaffrine,Zone soudano-sahélienne,283.6885,6,plus_intense,All_phases
1998-09-08,C4_plus_intense + C6_plus_intense,1998-09-08_006_011,-14.625,13.875,9.278837203979492,5.844797134399414,0.4962889552116394,3.434040069580078,False,False,moderee,normale,1998,9,8,251,Phase_3_fin,Fin de saison (Septembre-Octobre),Kaffrine,Zone soudano-sahélienne,310.70648,6,plus_intense,All_phases
1998-09-08,C4_plus_intense + C6_plus_intense,1998-09-08_006_012,-14.375,13.875,7.996410369873047,6.2047858238220215,0.21718844771385193,1.7916245460510254,False,False,moderee,normale,1998,9,8,251,Phase_3_fin,Fin de saison (Septembre-Octobre),Tambacounda,Zone soudano-sahélienne,337.72443,6,plus_intense,All_phases
1998-09-08,C4_plus_intense + C6_plus_intense,1998-09-08_006_013,-14.125,13.875,13.441920280456543,6.204092979431152,0.8729551434516907,7.237827301025391,False,False,moderee,normale,1998,9,8,251,Phase_3_fin,Fin de saison (Septembre-Octobre),Tambacounda,Zone soudano-sahélienne,364.74237,6,plus_intense,All_phases
1998-09-08,C4_plus_intense + C6_plus_intense,1998-09-08_006_014,-13.875,13.875,11.407617568969727,5.504026412963867,0.7718874216079712,5.903591156005859,False,False,moderee,normale,1998,9,8,251,Phase_3_fin,Fin de saison (Septembre-Octobre),Tambacounda,Zone soudano-sahélienne,391.76035,6,plus_intense,All_phases
1998-09-08,C4_plus_intense + C6_plus_intense,1998-09-08_006_015,-13.625,13.875,33.872528076171875,6.023722171783447,2.8851242065429688,27.848805904388428,True,True,forte,tres humide,1998,9,8,251,Phase_3_fin,Fin de saison (Septembre-Octobre),Tambacounda,Zone soudano-sahélienne,418.7783,6,plus_intense,All_phases
1998-09-08,C4_plus_intense + C6_plus_intense,1998-09-08_006_016,-13.375,13.875,20.006580352783203,6.167440891265869,1.4901217222213745,13.839139461517334,False,True,forte,humide,1998,9,8,251,Phase_3_fin,Fin de saison (Septembre-Octobre),Tambacounda,Zone soudano-sahélienne,445.79623,6,plus_intense,All_phases
1998-09-08,C4_plus_intense + C6_plus_intense,1998-09-08_006_017,-13.125,13.875,20.683225631713867,5.350621223449707,1.7605375051498413,15.33260440826416,False,True,forte,humide,1998,9,8,251,Phase_3_fin,Fin de saison (Septembre-Octobre),Tambacounda,Zone soudano-sahélienne,472.81418,6,plus_intense,All_phases
1998-09-08,C4_plus_intense + C6_plus_intense,1998-09-08_006_018,-12.875,13.875,15.091403007507324,5.6267781257629395,0.9431998133659363,9.464624881744385,False,False,moderee,normale,1998,9,8,251,Phase_3_fin,Fin de saison (Septembre-Octobre),Tambacounda,Zone soudano-sahélienne,499.83212,6,plus_intense,All_phases
1998-09-08,C4_plus_intense + C6_plus_intense,1998-09-08_006_019,-12.625,13.875,20.62665367126465,6.742307662963867,1.2830100059509277,13.884346008300781,False,True,forte,humide,1998,9,8,251,Phase_3_fin,Fin de saison (Septembre-Octobre),Tambacounda,Zone soudano-sahélienne,526.8501,6,plus_intense,All_phases
1998-09-08,C4_plus_intense + C6_plus_intense,1998-09-08_006_020,-12.375,13.875,37.3627815246582,7.3333868980407715,2.9060964584350586,30.02939462661743,True,True,forte,tres humide,1998,9,8,251,Phase_3_fin,Fin de saison (Septembre-Octobre),Tambacounda,Zone soudano-sahélienne,553.86804,6,plus_intense,All_phases
1998-09-08,C4_plus_intense + C6_plus_intense,1998-09-08_006_021,-12.125,13.875,51.066890716552734,6.980550289154053,4.017061233520508,44.08634042739868,True,True,tres forte,exceptionnelle,1998,9,8,251,Phase_3_fin,Fin de saison (Septembre-Octobre),Tambacounda,Zone soudano-sahélienne,580.886,6,plus_intense,All_phases
1998-09-08,C4_plus_intense + C6_plus_intense,1998-09-08_007_003,-16.625,14.125,2.258331537246704,9.664417266845703,-0.6149781346321106,-7.406085729598999,False,False,faible,normale,1998,9,8,251,Phase_3_fin,Fin de saison (Septembre-Octobre),Fatick,Zone soudano-sahélienne,94.460014,6,plus_intense,All_phases
1998-09-08,C4_plus_intense + C6_plus_intense,1998-09-08_007_004,-16.375,14.125,7.288383960723877,8.820667266845703,-0.14006249606609344,-1.5322833061218262,False,False,moderee,normale,1998,9,8,251,Phase_3_fin,Fin de saison (Septembre-Octobre),Fatick,Zone soudano-sahélienne,121.44859,6,plus_intense,All_phases
1998-09-08,C4_plus_intense + C6_plus_intense,1998-09-08_007_005,-16.125,14.125,6.800294399261475,7.1087446212768555,-0.03704768791794777,-0.30845022201538086,False,False,moderee,normale,1998,9,8,251,Phase_3_fin,Fin de saison (Septembre-Octobre),Fatick,Zone soudano-sahélienne,148.43718,6,plus_intense,All_phases
1998-09-08,C4_plus_intense + C6_plus_intense,1998-09-08_007_006,-15.875,14.125,6.4412150382995605,7.187292098999023,-0.09299639612436295,-0.7460770606994629,False,False,moderee,normale,1998,9,8,251,Phase_3_fin,Fin de saison (Septembre-Octobre),Kaolack,Zone soudano-sahélienne,175.42575,6,plus_intense,All_phases
1998-09-08,C4_plus_intense + C6_plus_intense,1998-09-08_007_007,-15.625,14.125,9.315104484558105,7.362348556518555,0.23849625885486603,1.9527559280395508,False,False,moderee,normale,1998,9,8,251,Phase_3_fin,Fin de saison (Septembre-Octobre),Kaolack,Zone soudano-sahélienne,202.41434,6,plus_intense,All_phases
1998-09-08,C4_plus_intense + C6_plus_intense,1998-09-08_007_008,-15.375,14.125,0.5442659258842468,6.682583808898926,-0.7807759642601013,-6.138317883014679,False,False,trace,normale,1998,9,8,251,Phase_3_fin,Fin de saison (Septembre-Octobre),Kaffrine,Zone soudano-sahélienne,229.4029,6,plus_intense,All_phases
1998-09-08,C4_plus_intense + C6_plus_intense,1998-09-08_007_009,-15.125,14.125,1.273383617401123,5.641741752624512,-0.685643196105957,-4.368358135223389,False,False,faible,normale,1998,9,8,251,Phase_3_fin,Fin de saison (Septembre-Octobre),Kaffrine,Zone soudano-sahélienne,256.39148,6,plus_intense,All_phases
1998-09-08,C4_plus_intense + C6_plus_intense,1998-09-08_007_010,-14.875,14.125,4.974930286407471,5.040236949920654,-0.011361325159668922,-0.0653066635131836,False,False,faible,normale,1998,9,8,251,Phase_3_fin,Fin de saison (Septembre-Octobre),Kaffrine,Zone soudano-sahélienne,283.38007,6,plus_intense,All_phases
1998-09-08,C4_plus_intense + C6_plus_intense,1998-09-08_007_011,-14.625,14.125,7.194791793823242,4.951653480529785,0.3458781838417053,2.243138313293457,False,False,moderee,normale,1998,9,8,251,Phase_3_fin,Fin de saison (Septembre-Octobre),Kaffrine,Zone soudano-sahélienne,310.36865,6,plus_intense,All_phases
1998-09-08,C4_plus_intense + C6_plus_intense,1998-09-08_007_012,-14.375,14.125,3.353878974914551,5.323023796081543,-0.26874440908432007,-1.9691448211669922,False,False,faible,normale,1998,9,8,251,Phase_3_fin,Fin de saison (Septembre-Octobre),Tambacounda,Zone soudano-sahélienne,337.3572,6,plus_intense,All_phases
1998-09-08,C4_plus_intense + C6_plus_intense,1998-09-08_007_013,-14.125,14.125,10.213233947753906,5.57059383392334,0.5776111483573914,4.642640113830566,False,False,moderee,normale,1998,9,8,251,Phase_3_fin,Fin de saison (Septembre-Octobre),Tambacounda,Zone soudano-sahélienne,364.34576,6,plus_intense,All_phases
1998-09-08,C4_plus_intense + C6_plus_intense,1998-09-08_007_014,-13.875,14.125,13.226714134216309,5.473926067352295,0.8920661807060242,7.752788066864014,False,False,moderee,normale,1998,9,8,251,Phase_3_fin,Fin de saison (Septembre-Octobre),Tambacounda,Zone soudano-sahélienne,391.33438,6,plus_intense,All_phases
1998-09-08,C4_plus_intense + C6_plus_intense,1998-09-08_007_015,-13.625,14.125,10.117005348205566,5.318660736083984,0.5788044333457947,4.798344612121582,False,False,moderee,normale,1998,9,8,251,Phase_3_fin,Fin de saison (Septembre-Octobre),Tambacounda,Zone soudano-sahélienne,418.32294,6,plus_intense,All_phases
1998-09-08,C4_plus_intense + C6_plus_intense,1998-09-08_007_016,-13.375,14.125,8.609172821044922,5.146374225616455,0.402081698179245,3.462798595428467,False,False,moderee,normale,1998,9,8,251,Phase_3_fin,Fin de saison (Septembre-Octobre),Tambacounda,Zone soudano-sahélienne,445.31152,6,plus_intense,All_phases
1998-09-08,C4_plus_intense + C6_plus_intense,1998-09-08_007_017,-13.125,14.125,13.741999626159668,4.919827938079834,1.1000405550003052,8.822171688079834,False,False,moderee,humide,1998,9,8,251,Phase_3_fin,Fin de saison (Septembre-Octobre),Tambacounda,Zone soudano-sahélienne,472.30008,6,plus_intense,All_phases
1998-09-08,C4_plus_intense + C6_plus_intense,1998-09-08_007_018,-12.875,14.125,11.891849517822266,4.884888172149658,0.8255295157432556,7.006961345672607,False,False,moderee,normale,1998,9,8,251,Phase_3_fin,Fin de saison (Septembre-Octobre),Tambacounda,Zone soudano-sahélienne,499.28867,6,plus_intense,All_phases
1998-09-08,C4_plus_intense + C6_plus_intense,1998-09-08_007_019,-12.625,14.125,7.496851921081543,5.365299224853516,0.236952006816864,2.1315526962280273,False,False,moderee,normale,1998,9,8,251,Phase_3_fin,Fin de saison (Septembre-Octobre),Tambacounda,Zone soudano-sahélienne,526.2772,6,plus_intense,All_phases
1998-09-08,C4_plus_intense + C6_plus_intense,1998-09-08_007_020,-12.375,14.125,12.671253204345703,5.678276062011719,0.801616907119751,6.992977142333984,False,False,moderee,normale,1998,9,8,251,Phase_3_fin,Fin de saison (Septembre-Octobre),Tambacounda,Zone soudano-sahélienne,553.2658,6,plus_intense,All_phases
1998-09-08,C4_plus_intense + C6_plus_intense,1998-09-08_007_021,-12.125,14.125,38.44012451171875,6.223752975463867,3.3582863807678223,32.21637153625488,True,True,forte,exceptionnelle,1998,9,8,251,Phase_3_fin,Fin de saison (Septembre-Octobre),Tambacounda,Zone soudano-sahélienne,580.2544,6,plus_intense,All_phases
1998-09-08,C4_plus_intense + C6_plus_intense,1998-09-08_008_002,-16.875,14.375,2.5299909114837646,8.988832473754883,-0.618769109249115,-6.458841562271118,False,False,faible,normale,1998,9,8,251,Phase_3_fin,Fin de saison (Septembre-Octobre),Thiès,Zone soudano-sahélienne,67.39671,6,plus_intense,All_phases
1998-09-08,C4_plus_intense + C6_plus_intense,1998-09-08_008_003,-16.625,14.375,0.2573702037334442,8.520164489746094,-0.7819434404373169,-8.26279428601265,False,False,trace,normale,1998,9,8,251,Phase_3_fin,Fin de saison (Septembre-Octobre),Fatick,Zone soudano-sahélienne,94.3554,6,plus_intense,All_phases
1998-09-08,C4_plus_intense + C6_plus_intense,1998-09-08_008_004,-16.375,14.375,4.6796875,7.638750076293945,-0.30352821946144104,-2.9590625762939453,False,False,faible,normale,1998,9,8,251,Phase_3_fin,Fin de saison (Septembre-Octobre),Diourbel,Zone soudano-sahélienne,121.314095,6,plus_intense,All_phases
1998-09-08,C4_plus_intense + C6_plus_intense,1998-09-08_008_005,-16.125,14.375,7.889306545257568,7.687514781951904,0.02162134274840355,0.20179176330566406,False,False,moderee,normale,1998,9,8,251,Phase_3_fin,Fin de saison (Septembre-Octobre),Diourbel,Zone soudano-sahélienne,148.27278,6,plus_intense,All_phases
1998-09-08,C4_plus_intense + C6_plus_intense,1998-09-08_008_006,-15.875,14.375,6.205118179321289,7.289966106414795,-0.13052403926849365,-1.0848479270935059,False,False,moderee,normale,1998,9,8,251,Phase_3_fin,Fin de saison (Septembre-Octobre),Diourbel,Zone soudano-sahélienne,175.23148,6,plus_intense,All_phases
1998-09-08,C4_plus_intense + C6_plus_intense,1998-09-08_008_007,-15.625,14.375,7.658355712890625,6.6931867599487305,0.12402141839265823,0.9651689529418945,False,False,moderee,normale,1998,9,8,251,Phase_3_fin,Fin de saison (Septembre-Octobre),Kaolack,Zone soudano-sahélienne,202.19016,6,plus_intense,All_phases
1998-09-08,C4_plus_intense + C6_plus_intense,1998-09-08_008_008,-15.375,14.375,0.5527523159980774,5.992622375488281,-0.7480608820915222,-5.439870059490204,False,False,trace,normale,1998,9,8,251,Phase_3_fin,Fin de saison (Septembre-Octobre),Kaffrine,Zone soudano-sahélienne,229.14883,6,plus_intense,All_phases
1998-09-08,C4_plus_intense + C6_plus_intense,1998-09-08_008_009,-15.125,14.375,1.0536713600158691,5.592055797576904,-0.6286673545837402,-4.538384437561035,False,False,faible,normale,1998,9,8,251,Phase_3_fin,Fin de saison (Septembre-Octobre),Kaffrine,Zone soudano-sahélienne,256.10754,6,plus_intense,All_phases
1998-09-08,C4_plus_intense + C6_plus_intense,1998-09-08_008_010,-14.875,14.375,4.9588541984558105,4.823869705200195,0.024310903623700142,0.13498449325561523,False,False,faible,normale,1998,9,8,251,Phase_3_fin,Fin de saison (Septembre-Octobre),Kaffrine,Zone soudano-sahélienne,283.06622,6,plus_intense,All_phases
1998-09-08,C4_plus_intense + C6_plus_intense,1998-09-08_008_011,-14.625,14.375,6.293328285217285,5.052055835723877,0.1893521398305893,1.2412724494934082,False,False,moderee,normale,1998,9,8,251,Phase_3_fin,Fin de saison (Septembre-Octobre),Kaffrine,Zone soudano-sahélienne,310.0249,6,plus_intense,All_phases
1998-09-08,C4_plus_intense + C6_plus_intense,1998-09-08_008_012,-14.375,14.375,6.544389247894287,5.39067268371582,0.16228264570236206,1.1537165641784668,False,False,moderee,normale,1998,9,8,251,Phase_3_fin,Fin de saison (Septembre-Octobre),Tambacounda,Zone soudano-sahélienne,336.98358,6,plus_intense,All_phases
1998-09-08,C4_plus_intense + C6_plus_intense,1998-09-08_008_013,-14.125,14.375,9.611076354980469,4.849372386932373,0.6755639910697937,4.761703968048096,False,False,moderee,normale,1998,9,8,251,Phase_3_fin,Fin de saison (Septembre-Octobre),Tambacounda,Zone soudano-sahélienne,363.94226,6,plus_intense,All_phases
1998-09-08,C4_plus_intense + C6_plus_intense,1998-09-08_008_014,-13.875,14.375,10.923430442810059,5.851472854614258,0.611725926399231,5.071957588195801,False,False,moderee,normale,1998,9,8,251,Phase_3_fin,Fin de saison (Septembre-Octobre),Tambacounda,Zone soudano-sahélienne,390.90097,6,plus_intense,All_phases
1998-09-08,C4_plus_intense + C6_plus_intense,1998-09-08_008_015,-13.625,14.375,7.936191558837891,5.648170471191406,0.2627294957637787,2.2880210876464844,False,False,moderee,normale,1998,9,8,251,Phase_3_fin,Fin de saison (Septembre-Octobre),Tambacounda,Zone soudano-sahélienne,417.85965,6,plus_intense,All_phases
1998-09-08,C4_plus_intense + C6_plus_intense,1998-09-08_008_016,-13.375,14.375,35.82228088378906,5.930300235748291,3.083735942840576,29.89198064804077,True,True,forte,exceptionnelle,1998,9,8,251,Phase_3_fin,Fin de saison (Septembre-Octobre),Tambacounda,Zone soudano-sahélienne,444.81833,6,plus_intense,All_phases
1998-09-08,C4_plus_intense + C6_plus_intense,1998-09-08_008_017,-13.125,14.375,45.89126968383789,6.515897750854492,3.675206422805786,39.3753719329834,True,True,forte,exceptionnelle,1998,9,8,251,Phase_3_fin,Fin de saison (Septembre-Octobre),Tambacounda,Zone soudano-sahélienne,471.777,6,plus_intense,All_phases
1998-09-08,C4_plus_intense + C6_plus_intense,1998-09-08_008_018,-12.875,14.375,25.032636642456055,5.845258712768555,2.1279075145721436,19.1873779296875,True,True,forte,tres humide,1998,9,8,251,Phase_3_fin,Fin de saison (Septembre-Octobre),Tambacounda,Zone soudano-sahélienne,498.7357,6,plus_intense,All_phases
1998-09-08,C4_plus_intense + C6_plus_intense,1998-09-08_008_019,-12.625,14.375,7.359222412109375,5.333776950836182,0.22551356256008148,2.0254454612731934,False,False,moderee,normale,1998,9,8,251,Phase_3_fin,Fin de saison (Septembre-Octobre),Tambacounda,Zone soudano-sahélienne,525.6944,6,plus_intense,All_phases
1998-09-08,C4_plus_intense + C6_plus_intense,1998-09-08_008_020,-12.375,14.375,15.48373031616211,5.321156024932861,1.1234283447265625,10.162574291229248,False,False,moderee,humide,1998,9,8,251,Phase_3_fin,Fin de saison (Septembre-Octobre),Tambacounda,Zone soudano-sahélienne,552.6531,6,plus_intense,All_phases
1998-09-08,C4_plus_intense + C6_plus_intense,1998-09-08_009_001,-17.125,14.625,5.890482425689697,8.063088417053223,-0.21108026802539825,-2.1726059913635254,False,False,moderee,normale,1998,9,8,251,Phase_3_fin,Fin de saison (Septembre-Octobre),Dakar,Zone soudano-sahélienne,40.39242,6,plus_intense,All_phases
1998-09-08,C4_plus_intense + C6_plus_intense,1998-09-08_009_002,-16.875,14.625,5.9624199867248535,8.442245483398438,-0.23401188850402832,-2.479825496673584,False,False,moderee,normale,1998,9,8,251,Phase_3_fin,Fin de saison (Septembre-Octobre),Thiès,Zone soudano-sahélienne,67.3207,6,plus_intense,All_phases
1998-09-08,C4_plus_intense + C6_plus_intense,1998-09-08_009_003,-16.625,14.625,6.355926036834717,9.338679313659668,-0.25887221097946167,-2.982753276824951,False,False,moderee,normale,1998,9,8,251,Phase_3_fin,Fin de saison (Septembre-Octobre),Thiès,Zone soudano-sahélienne,94.248985,6,plus_intense,All_phases
1998-09-08,C4_plus_intense + C6_plus_intense,1998-09-08_009_004,-16.375,14.625,8.370821952819824,7.679282188415527,0.06720184534788132,0.6915397644042969,False,False,moderee,normale,1998,9,8,251,Phase_3_fin,Fin de saison (Septembre-Octobre),Diourbel,Zone soudano-sahélienne,121.17728,6,plus_intense,All_phases
1998-09-08,C4_plus_intense + C6_plus_intense,1998-09-08_009_005,-16.125,14.625,12.316825866699219,7.934246063232422,0.42613691091537476,4.382579803466797,False,False,moderee,normale,1998,9,8,251,Phase_3_fin,Fin de saison (Septembre-Octobre),Diourbel,Zone soudano-sahélienne,148.10556,6,plus_intense,All_phases
1998-09-08,C4_plus_intense + C6_plus_intense,1998-09-08_009_006,-15.875,14.625,8.898799896240234,7.506013870239258,0.14723160862922668,1.3927860260009766,False,False,moderee,normale,1998,9,8,251,Phase_3_fin,Fin de saison (Septembre-Octobre),Diourbel,Zone soudano-sahélienne,175.03384,6,plus_intense,All_phases
1998-09-08,C4_plus_intense + C6_plus_intense,1998-09-08_009_007,-15.625,14.625,12.836347579956055,6.421602249145508,0.7830620408058167,6.414745330810547,False,False,moderee,normale,1998,9,8,251,Phase_3_fin,Fin de saison (Septembre-Octobre),Kaffrine,Zone soudano-sahélienne,201.96213,6,plus_intense,All_phases
1998-09-08,C4_plus_intense + C6_plus_intense,1998-09-08_009_008,-15.375,14.625,13.355899810791016,5.934447765350342,0.9396268129348755,7.421452045440674,False,False,moderee,normale,1998,9,8,251,Phase_3_fin,Fin de saison (Septembre-Octobre),Kaffrine,Zone soudano-sahélienne,228.8904,6,plus_intense,All_phases
1998-09-08,C4_plus_intense + C6_plus_intense,1998-09-08_009_009,-15.125,14.625,10.958259582519531,5.893566608428955,0.601105809211731,5.064692974090576,False,False,moderee,normale,1998,9,8,251,Phase_3_fin,Fin de saison (Septembre-Octobre),Kaffrine,Zone soudano-sahélienne,255.8187,6,plus_intense,All_phases
1998-09-08,C4_plus_intense + C6_plus_intense,1998-09-08_009_010,-14.875,14.625,9.047558784484863,5.3619771003723145,0.46834632754325867,3.685581684112549,False,False,moderee,normale,1998,9,8,251,Phase_3_fin,Fin de saison (Septembre-Octobre),Kaffrine,Zone soudano-sahélienne,282.74698,6,plus_intense,All_phases
1998-09-08,C4_plus_intense + C6_plus_intense,1998-09-08_009_011,-14.625,14.625,9.148983001708984,5.646475315093994,0.4380764067173004,3.5025076866149902,False,False,moderee,normale,1998,9,8,251,Phase_3_fin,Fin de saison (Septembre-Octobre),Kaffrine,Zone soudano-sahélienne,309.67526,6,plus_intense,All_phases
1998-09-08,C4_plus_intense + C6_plus_intense,1998-09-08_009_012,-14.375,14.625,5.745144844055176,5.388113021850586,0.05038483440876007,0.35703182220458984,False,False,moderee,normale,1998,9,8,251,Phase_3_fin,Fin de saison (Septembre-Octobre),Tambacounda,Zone soudano-sahélienne,336.60355,6,plus_intense,All_phases
1998-09-08,C4_plus_intense + C6_plus_intense,1998-09-08_009_013,-14.125,14.625,9.639113426208496,5.028949737548828,0.6900178790092468,4.610163688659668,False,False,moderee,normale,1998,9,8,251,Phase_3_fin,Fin de saison (Septembre-Octobre),Tambacounda,Zone soudano-sahélienne,363.5318,6,plus_intense,All_phases
1998-09-08,C4_plus_intense + C6_plus_intense,1998-09-08_009_014,-13.875,14.625,10.000865936279297,5.206961154937744,0.630589485168457,4.793904781341553,False,False,moderee,normale,1998,9,8,251,Phase_3_fin,Fin de saison (Septembre-Octobre),Tambacounda,Zone soudano-sahélienne,390.4601,6,plus_intense,All_phases
1998-09-08,C4_plus_intense + C6_plus_intense,1998-09-08_009_015,-13.625,14.625,40.30030822753906,6.154962539672852,3.6422905921936035,34.14534568786621,True,True,forte,exceptionnelle,1998,9,8,251,Phase_3_fin,Fin de saison (Septembre-Octobre),Tambacounda,Zone soudano-sahélienne,417.38837,6,plus_intense,All_phases
1998-09-08,C4_plus_intense + C6_plus_intense,1998-09-08_009_016,-13.375,14.625,58.9674186706543,6.672290325164795,4.567511081695557,52.2951283454895,True,True,tres forte,exceptionnelle,1998,9,8,251,Phase_3_fin,Fin de saison (Septembre-Octobre),Tambacounda,Zone soudano-sahélienne,444.31668,6,plus_intense,All_phases
1998-09-08,C4_plus_intense + C6_plus_intense,1998-09-08_009_017,-13.125,14.625,43.56660461425781,6.394031524658203,3.6052279472351074,37.17257308959961,True,True,forte,exceptionnelle,1998,9,8,251,Phase_3_fin,Fin de saison (Septembre-Octobre),Tambacounda,Zone soudano-sahélienne,471.24493,6,plus_intense,All_phases
1998-09-08,C4_plus_intense + C6_plus_intense,1998-09-08_009_018,-12.875,14.625,21.133892059326172,6.444362163543701,1.585505485534668,14.68952989578247,False,True,forte,humide,1998,9,8,251,Phase_3_fin,Fin de saison (Septembre-Octobre),Tambacounda,Zone soudano-sahélienne,498.17322,6,plus_intense,All_phases
1998-09-08,C4_plus_intense + C6_plus_intense,1998-09-08_009_019,-12.625,14.625,6.187366962432861,5.514042854309082,0.07402794063091278,0.6733241081237793,False,False,moderee,normale,1998,9,8,251,Phase_3_fin,Fin de saison (Septembre-Octobre),Tambacounda,Zone soudano-sahélienne,525.1015,6,plus_intense,All_phases
1998-09-08,C4_plus_intense + C6_plus_intense,1998-09-08_009_020,-12.375,14.625,10.797616004943848,4.80686092376709,0.7302010655403137,5.990755081176758,False,False,moderee,normale,1998,9,8,251,Phase_3_fin,Fin de saison (Septembre-Octobre),Tambacounda,Zone soudano-sahélienne,552.0298,6,plus_intense,All_phases
1998-09-08,C4_plus_intense + C6_plus_intense,1998-09-08_010_001,-17.125,14.875,10.259743690490723,8.392902374267578,0.17225223779678345,1.8668413162231445,False,False,moderee,normale,1998,9,8,251,Phase_3_fin,Fin de saison (Septembre-Octobre),Thiès,Zone soudano-sahélienne,40.346046,6,plus_intense,All_phases
1998-09-08,C4_plus_intense + C6_plus_intense,1998-09-08_010_002,-16.875,14.875,9.717306137084961,7.997016429901123,0.16075904667377472,1.720289707183838,False,False,moderee,normale,1998,9,8,251,Phase_3_fin,Fin de saison (Septembre-Octobre),Thiès,Zone soudano-sahélienne,67.243416,6,plus_intense,All_phases
1998-09-08,C4_plus_intense + C6_plus_intense,1998-09-08_010_003,-16.625,14.875,9.072094917297363,8.595678329467773,0.04320016875863075,0.47641658782958984,False,False,moderee,normale,1998,9,8,251,Phase_3_fin,Fin de saison (Septembre-Octobre),Thiès,Zone soudano-sahélienne,94.14078,6,plus_intense,All_phases
1998-09-08,C4_plus_intense + C6_plus_intense,1998-09-08_010_004,-16.375,14.875,6.726446151733398,7.768209934234619,-0.09248949587345123,-1.0417637825012207,False,False,moderee,normale,1998,9,8,251,Phase_3_fin,Fin de saison (Septembre-Octobre),Diourbel,Zone soudano-sahélienne,121.03815,6,plus_intense,All_phases
1998-09-08,C4_plus_intense + C6_plus_intense,1998-09-08_010_005,-16.125,14.875,7.236454010009766,7.042331218719482,0.018486663699150085,0.1941227912902832,False,False,moderee,normale,1998,9,8,251,Phase_3_fin,Fin de saison (Septembre-Octobre),Diourbel,Zone soudano-sahélienne,147.93552,6,plus_intense,All_phases
1998-09-08,C4_plus_intense + C6_plus_intense,1998-09-08_010_006,-15.875,14.875,8.47588062286377,6.810182094573975,0.17340826988220215,1.665698528289795,False,False,moderee,normale,1998,9,8,251,Phase_3_fin,Fin de saison (Septembre-Octobre),Diourbel,Zone soudano-sahélienne,174.83289,6,plus_intense,All_phases
1998-09-08,C4_plus_intense + C6_plus_intense,1998-09-08_010_007,-15.625,14.875,9.469367980957031,5.457516193389893,0.5360076427459717,4.011851787567139,False,False,moderee,normale,1998,9,8,251,Phase_3_fin,Fin de saison (Septembre-Octobre),Diourbel,Zone soudano-sahélienne,201.73026,6,plus_intense,All_phases
1998-09-08,C4_plus_intense + C6_plus_intense,1998-09-08_010_008,-15.375,14.875,9.884749412536621,5.25063943862915,0.6171696782112122,4.634109973907471,False,False,moderee,normale,1998,9,8,251,Phase_3_fin,Fin de saison (Septembre-Octobre),Kaffrine,Zone soudano-sahélienne,228.62761,6,plus_intense,All_phases
1998-09-08,C4_plus_intense + C6_plus_intense,1998-09-08_010_009,-15.125,14.875,7.651483058929443,5.782478332519531,0.20230089128017426,1.869004726409912,False,False,moderee,normale,1998,9,8,251,Phase_3_fin,Fin de saison (Septembre-Octobre),Kaffrine,Zone soudano-sahélienne,255.525,6,plus_intense,All_phases
1998-09-08,C4_plus_intense + C6_plus_intense,1998-09-08_010_010,-14.875,14.875,1.4432927370071411,5.371033668518066,-0.43254441022872925,-3.9277409315109253,False,False,faible,normale,1998,9,8,251,Phase_3_fin,Fin de saison (Septembre-Octobre),Kaffrine,Zone soudano-sahélienne,282.42233,6,plus_intense,All_phases
1998-09-08,C4_plus_intense + C6_plus_intense,1998-09-08_010_011,-14.625,14.875,3.3463730812072754,4.972033500671387,-0.2262359857559204,-1.6256604194641113,False,False,faible,normale,1998,9,8,251,Phase_3_fin,Fin de saison (Septembre-Octobre),Kaffrine,Zone soudano-sahélienne,309.31973,6,plus_intense,All_phases
1998-09-08,C4_plus_intense + C6_plus_intense,1998-09-08_010_012,-14.375,14.875,2.5126793384552,4.50120210647583,-0.34992194175720215,-1.9885227680206299,False,False,faible,normale,1998,9,8,251,Phase_3_fin,Fin de saison (Septembre-Octobre),Tambacounda,Zone soudano-sahélienne,336.21707,6,plus_intense,All_phases
1998-09-08,C4_plus_intense + C6_plus_intense,1998-09-08_010_013,-14.125,14.875,8.462043762207031,4.510096549987793,0.6885080933570862,3.9519472122192383,False,False,moderee,normale,1998,9,8,251,Phase_3_fin,Fin de saison (Septembre-Octobre),Matam,Zone soudano-sahélienne,363.11444,6,plus_intense,All_phases
1998-09-08,C4_plus_intense + C6_plus_intense,1998-09-08_010_014,-13.875,14.875,11.77041244506836,5.0161542892456055,0.9709181189537048,6.754258155822754,False,False,moderee,normale,1998,9,8,251,Phase_3_fin,Fin de saison (Septembre-Octobre),Matam,Zone soudano-sahélienne,390.0118,6,plus_intense,All_phases
1998-09-08,C4_plus_intense + C6_plus_intense,1998-09-08_010_015,-13.625,14.875,35.14326095581055,6.5344719886779785,2.906487226486206,28.60878896713257,True,True,forte,tres humide,1998,9,8,251,Phase_3_fin,Fin de saison (Septembre-Octobre),Matam,Zone soudano-sahélienne,416.90918,6,plus_intense,All_phases
1998-09-08,C4_plus_intense + C6_plus_intense,1998-09-08_010_016,-13.375,14.875,34.2674446105957,6.2783331871032715,2.9837806224823,27.98911142349243,True,True,forte,tres humide,1998,9,8,251,Phase_3_fin,Fin de saison (Septembre-Octobre),Matam,Zone soudano-sahélienne,443.80655,6,plus_intense,All_phases
1998-09-08,C4_plus_intense + C6_plus_intense,1998-09-08_010_017,-13.125,14.875,21.66415023803711,4.970836162567139,2.129707098007202,16.69331407546997,True,True,forte,tres humide,1998,9,8,251,Phase_3_fin,Fin de saison (Septembre-Octobre),Matam,Zone soudano-sahélienne,470.7039,6,plus_intense,All_phases
1998-09-08,C4_plus_intense + C6_plus_intense,1998-09-08_010_018,-12.875,14.875,21.718948364257812,5.448512554168701,1.8687770366668701,16.27043581008911,False,True,forte,humide,1998,9,8,251,Phase_3_fin,Fin de saison (Septembre-Octobre),Matam,Zone soudano-sahélienne,497.60126,6,plus_intense,All_phases
1998-09-08,C4_plus_intense + C6_plus_intense,1998-09-08_010_019,-12.625,14.875,18.974584579467773,5.581369400024414,1.5029139518737793,13.39321517944336,False,False,moderee,humide,1998,9,8,251,Phase_3_fin,Fin de saison (Septembre-Octobre),Matam,Zone soudano-sahélienne,524.49866,6,plus_intense,All_phases
1998-09-08,C4_plus_intense + C6_plus_intense,1998-09-08_011_002,-16.875,15.125,13.923641204833984,7.072814464569092,0.7706321477890015,6.850826740264893,False,False,moderee,normale,1998,9,8,251,Phase_3_fin,Fin de saison (Septembre-Octobre),Thiès,Zone soudano-sahélienne,67.16484,6,plus_intense,All_phases
1998-09-08,C4_plus_intense + C6_plus_intense,1998-09-08_011_003,-16.625,15.125,13.781079292297363,6.957167625427246,0.764769434928894,6.823911666870117,False,False,moderee,normale,1998,9,8,251,Phase_3_fin,Fin de saison (Septembre-Octobre),Thiès,Zone soudano-sahélienne,94.03078,6,plus_intense,All_phases
1998-09-08,C4_plus_intense + C6_plus_intense,1998-09-08_011_004,-16.375,15.125,11.556800842285156,6.536393165588379,0.547140896320343,5.020407676696777,False,False,moderee,normale,1998,9,8,251,Phase_3_fin,Fin de saison (Septembre-Octobre),Louga,Zone soudano-sahélienne,120.89671,6,plus_intense,All_phases
1998-09-08,C4_plus_intense + C6_plus_intense,1998-09-08_011_005,-16.125,15.125,12.991559982299805,7.162964344024658,0.5538395643234253,5.8285956382751465,False,False,moderee,normale,1998,9,8,251,Phase_3_fin,Fin de saison (Septembre-Octobre),Louga,Zone soudano-sahélienne,147.76265,6,plus_intense,All_phases
1998-09-08,C4_plus_intense + C6_plus_intense,1998-09-08_011_006,-15.875,15.125,12.01208209991455,6.43165397644043,0.6424856781959534,5.580428123474121,False,False,moderee,normale,1998,9,8,251,Phase_3_fin,Fin de saison (Septembre-Octobre),Louga,Zone soudano-sahélienne,174.6286,6,plus_intense,All_phases
1998-09-08,C4_plus_intense + C6_plus_intense,1998-09-08_011_007,-15.625,15.125,14.691441535949707,6.516957759857178,0.9696863293647766,8.17448377609253,False,False,moderee,normale,1998,9,8,251,Phase_3_fin,Fin de saison (Septembre-Octobre),Louga,Zone soudano-sahélienne,201.49454,6,plus_intense,All_phases
1998-09-08,C4_plus_intense + C6_plus_intense,1998-09-08_011_008,-15.375,15.125,7.437677383422852,5.324281215667725,0.279511034488678,2.113396167755127,False,False,moderee,normale,1998,9,8,251,Phase_3_fin,Fin de saison (Septembre-Octobre),Louga,Zone soudano-sahélienne,228.36046,6,plus_intense,All_phases
1998-09-08,C4_plus_intense + C6_plus_intense,1998-09-08_011_009,-15.125,15.125,2.4497029781341553,4.922332286834717,-0.30585870146751404,-2.4726293087005615,False,False,faible,normale,1998,9,8,251,Phase_3_fin,Fin de saison (Septembre-Octobre),Kaffrine,Zone soudano-sahélienne,255.22641,6,plus_intense,All_phases
1998-09-08,C4_plus_intense + C6_plus_intense,1998-09-08_011_010,-14.875,15.125,0.0,5.131580829620361,-0.6146810054779053,-5.131580829620361,False,False,trace,normale,1998,9,8,251,Phase_3_fin,Fin de saison (Septembre-Octobre),Kaffrine,Zone soudano-sahélienne,282.09235,6,plus_intense,All_phases
1998-09-08,C4_plus_intense + C6_plus_intense,1998-09-08_011_011,-14.625,15.125,0.34028464555740356,4.684924602508545,-0.6357517242431641,-4.344639956951141,False,False,trace,normale,1998,9,8,251,Phase_3_fin,Fin de saison (Septembre-Octobre),Kaffrine,Zone soudano-sahélienne,308.95828,6,plus_intense,All_phases
1998-09-08,C4_plus_intense + C6_plus_intense,1998-09-08_011_012,-14.375,15.125,0.0,4.785575866699219,-0.715408205986023,-4.785575866699219,False,False,trace,normale,1998,9,8,251,Phase_3_fin,Fin de saison (Septembre-Octobre),Matam,Zone soudano-sahélienne,335.82422,6,plus_intense,All_phases
1998-09-08,C4_plus_intense + C6_plus_intense,1998-09-08_011_013,-14.125,15.125,4.470061779022217,5.374774932861328,-0.11953448504209518,-0.9047131538391113,False,False,faible,normale,1998,9,8,251,Phase_3_fin,Fin de saison (Septembre-Octobre),Matam,Zone soudano-sahélienne,362.69012,6,plus_intense,All_phases
1998-09-08,C4_plus_intense + C6_plus_intense,1998-09-08_011_014,-13.875,15.125,13.271162033081055,5.907497882843018,0.9915769100189209,7.363664150238037,False,False,moderee,normale,1998,9,8,251,Phase_3_fin,Fin de saison (Septembre-Octobre),Matam,Zone soudano-sahélienne,389.5561,6,plus_intense,All_phases
1998-09-08,C4_plus_intense + C6_plus_intense,1998-09-08_011_015,-13.625,15.125,20.530776977539062,6.251531600952148,1.7185896635055542,14.279245376586914,False,True,forte,humide,1998,9,8,251,Phase_3_fin,Fin de saison (Septembre-Octobre),Matam,Zone soudano-sahélienne,416.42203,6,plus_intense,All_phases
1998-09-08,C4_plus_intense + C6_plus_intense,1998-09-08_011_016,-13.375,15.125,12.791404724121094,5.464041709899902,0.8698430061340332,7.327363014221191,False,False,moderee,normale,1998,9,8,251,Phase_3_fin,Fin de saison (Septembre-Octobre),Matam,Zone soudano-sahélienne,443.28796,6,plus_intense,All_phases
1998-09-08,C4_plus_intense + C6_plus_intense,1998-09-08_011_017,-13.125,15.125,26.175546646118164,4.88292121887207,2.431870937347412,21.292625427246094,True,True,forte,tres humide,1998,9,8,251,Phase_3_fin,Fin de saison (Septembre-Octobre),Matam,Zone soudano-sahélienne,470.1539,6,plus_intense,All_phases
1998-09-08,C4_plus_intense + C6_plus_intense,1998-09-08_011_018,-12.875,15.125,41.60728073120117,5.409627914428711,3.624840021133423,36.19765281677246,True,True,forte,exceptionnelle,1998,9,8,251,Phase_3_fin,Fin de saison (Septembre-Octobre),Matam,Zone soudano-sahélienne,497.0198,6,plus_intense,All_phases
1998-09-08,C4_plus_intense + C6_plus_intense,1998-09-08_012_003,-16.625,15.375,16.38483238220215,6.705099582672119,1.0501686334609985,9.67973279953003,False,False,moderee,humide,1998,9,8,251,Phase_3_fin,Fin de saison (Septembre-Octobre),Louga,Zone soudano-sahélienne,93.91899,6,plus_intense,All_phases
1998-09-08,C4_plus_intense + C6_plus_intense,1998-09-08_012_004,-16.375,15.375,20.463603973388672,6.919686794281006,1.3884133100509644,13.543917179107666,False,True,forte,humide,1998,9,8,251,Phase_3_fin,Fin de saison (Septembre-Octobre),Louga,Zone soudano-sahélienne,120.75298,6,plus_intense,All_phases
1998-09-08,C4_plus_intense + C6_plus_intense,1998-09-08_012_005,-16.125,15.375,18.776817321777344,7.813028812408447,0.9661545157432556,10.963788509368896,False,False,moderee,normale,1998,9,8,251,Phase_3_fin,Fin de saison (Septembre-Octobre),Louga,Zone soudano-sahélienne,147.58699,6,plus_intense,All_phases
1998-09-08,C4_plus_intense + C6_plus_intense,1998-09-08_012_006,-15.875,15.375,8.163455963134766,6.966464519500732,0.11219852417707443,1.1969914436340332,False,False,moderee,normale,1998,9,8,251,Phase_3_fin,Fin de saison (Septembre-Octobre),Louga,Zone soudano-sahélienne,174.42099,6,plus_intense,All_phases
1998-09-08,C4_plus_intense + C6_plus_intense,1998-09-08_012_007,-15.625,15.375,8.980737686157227,6.522686004638672,0.23328052461147308,2.4580516815185547,False,False,moderee,normale,1998,9,8,251,Phase_3_fin,Fin de saison (Septembre-Octobre),Louga,Zone soudano-sahélienne,201.25497,6,plus_intense,All_phases
1998-09-08,C4_plus_intense + C6_plus_intense,1998-09-08_012_008,-15.375,15.375,9.20887279510498,5.944918632507324,0.3547096252441406,3.2639541625976562,False,False,moderee,normale,1998,9,8,251,Phase_3_fin,Fin de saison (Septembre-Octobre),Louga,Zone soudano-sahélienne,228.08896,6,plus_intense,All_phases
1998-09-08,C4_plus_intense + C6_plus_intense,1998-09-08_012_009,-15.125,15.375,5.643283843994141,5.145763874053955,0.057141680270433426,0.49751996994018555,False,False,moderee,normale,1998,9,8,251,Phase_3_fin,Fin de saison (Septembre-Octobre),Louga,Zone soudano-sahélienne,254.92297,6,plus_intense,All_phases
1998-09-08,C4_plus_intense + C6_plus_intense,1998-09-08_012_010,-14.875,15.375,0.5168362855911255,5.257290363311768,-0.5484025478363037,-4.740454077720642,False,False,trace,normale,1998,9,8,251,Phase_3_fin,Fin de saison (Septembre-Octobre),Louga,Zone soudano-sahélienne,281.75696,6,plus_intense,All_phases
1998-09-08,C4_plus_intense + C6_plus_intense,1998-09-08_012_011,-14.625,15.375,6.258425712585449,4.765676021575928,0.20966282486915588,1.4927496910095215,False,False,moderee,normale,1998,9,8,251,Phase_3_fin,Fin de saison (Septembre-Octobre),Matam,Zone soudano-sahélienne,308.59097,6,plus_intense,All_phases
1998-09-08,C4_plus_intense + C6_plus_intense,1998-09-08_012_012,-14.375,15.375,1.9033029079437256,4.966041564941406,-0.3920716643333435,-3.0627386569976807,False,False,faible,normale,1998,9,8,251,Phase_3_fin,Fin de saison (Septembre-Octobre),Matam,Zone soudano-sahélienne,335.42496,6,plus_intense,All_phases
1998-09-08,C4_plus_intense + C6_plus_intense,1998-09-08_012_013,-14.125,15.375,3.177306890487671,5.298212051391602,-0.24531975388526917,-2.1209051609039307,False,False,faible,normale,1998,9,8,251,Phase_3_fin,Fin de saison (Septembre-Octobre),Matam,Zone soudano-sahélienne,362.25894,6,plus_intense,All_phases
1998-09-08,C4_plus_intense + C6_plus_intense,1998-09-08_012_014,-13.875,15.375,5.602402210235596,5.008852481842041,0.08139451593160629,0.5935497283935547,False,False,moderee,normale,1998,9,8,251,Phase_3_fin,Fin de saison (Septembre-Octobre),Matam,Zone soudano-sahélienne,389.09296,6,plus_intense,All_phases
1998-09-08,C4_plus_intense + C6_plus_intense,1998-09-08_012_015,-13.625,15.375,8.455787658691406,4.644045829772949,0.5689433217048645,3.811741828918457,False,False,moderee,normale,1998,9,8,251,Phase_3_fin,Fin de saison (Septembre-Octobre),Matam,Zone soudano-sahélienne,415.92694,6,plus_intense,All_phases
1998-09-08,C4_plus_intense + C6_plus_intense,1998-09-08_012_016,-13.375,15.375,6.467512130737305,4.4421186447143555,0.27691441774368286,2.025393486022949,False,False,moderee,normale,1998,9,8,251,Phase_3_fin,Fin de saison (Septembre-Octobre),Matam,Zone soudano-sahélienne,442.76096,6,plus_intense,All_phases
1998-09-08,C4_plus_intense + C6_plus_intense,1998-09-08_012_017,-13.125,15.375,11.876461029052734,4.096676349639893,1.1080998182296753,7.779784679412842,False,False,moderee,humide,1998,9,8,251,Phase_3_fin,Fin de saison (Septembre-Octobre),Matam,Zone soudano-sahélienne,469.59494,6,plus_intense,All_phases
1998-09-08,C4_plus_intense + C6_plus_intense,1998-09-08_013_004,-16.375,15.625,13.963501930236816,6.74690055847168,0.7411927580833435,7.216601371765137,False,False,moderee,normale,1998,9,8,251,Phase_3_fin,Fin de saison (Septembre-Octobre),Saint-Louis,Zone sahélienne,120.60696,6,plus_intense,All_phases
1998-09-08,C4_plus_intense + C6_plus_intense,1998-09-08_013_005,-16.125,15.625,7.9608154296875,6.269351005554199,0.17559313774108887,1.6914644241333008,False,False,moderee,normale,1998,9,8,251,Phase_3_fin,Fin de saison (Septembre-Octobre),Saint-Louis,Zone sahélienne,147.40851,6,plus_intense,All_phases
1998-09-08,C4_plus_intense + C6_plus_intense,1998-09-08_013_006,-15.875,15.625,5.873570442199707,6.179256916046143,-0.03099236823618412,-0.30568647384643555,False,False,moderee,normale,1998,9,8,251,Phase_3_fin,Fin de saison (Septembre-Octobre),Saint-Louis,Zone sahélienne,174.21005,6,plus_intense,All_phases
1998-09-08,C4_plus_intense + C6_plus_intense,1998-09-08_013_007,-15.625,15.625,4.666964530944824,5.89469575881958,-0.12217093259096146,-1.2277312278747559,False,False,faible,normale,1998,9,8,251,Phase_3_fin,Fin de saison (Septembre-Octobre),Saint-Louis,Zone sahélienne,201.0116,6,plus_intense,All_phases
1998-09-08,C4_plus_intense + C6_plus_intense,1998-09-08_013_008,-15.375,15.625,8.488489151000977,6.098661422729492,0.23144596815109253,2.3898277282714844,False,False,moderee,normale,1998,9,8,251,Phase_3_fin,Fin de saison (Septembre-Octobre),Louga,Zone sahélienne,227.81313,6,plus_intense,All_phases
1998-09-08,C4_plus_intense + C6_plus_intense,1998-09-08_013_009,-15.125,15.625,5.0225653648376465,5.168082237243652,-0.017469018697738647,-0.14551687240600586,False,False,moderee,normale,1998,9,8,251,Phase_3_fin,Fin de saison (Septembre-Octobre),Louga,Zone sahélienne,254.6147,6,plus_intense,All_phases
1998-09-08,C4_plus_intense + C6_plus_intense,1998-09-08_013_010,-14.875,15.625,2.912369728088379,4.7328901290893555,-0.2625465393066406,-1.8205204010009766,False,False,faible,normale,1998,9,8,251,Phase_3_fin,Fin de saison (Septembre-Octobre),Louga,Zone sahélienne,281.41623,6,plus_intense,All_phases
1998-09-08,C4_plus_intense + C6_plus_intense,1998-09-08_013_011,-14.625,15.625,11.240087509155273,4.914909362792969,0.8976895213127136,6.325178146362305,False,False,moderee,normale,1998,9,8,251,Phase_3_fin,Fin de saison (Septembre-Octobre),Matam,Zone sahélienne,308.21777,6,plus_intense,All_phases
1998-09-08,C4_plus_intense + C6_plus_intense,1998-09-08_013_012,-14.375,15.625,4.168859481811523,4.637617111206055,-0.06827941536903381,-0.46875762939453125,False,False,faible,normale,1998,9,8,251,Phase_3_fin,Fin de saison (Septembre-Octobre),Matam,Zone sahélienne,335.01932,6,plus_intense,All_phases
1998-09-08,C4_plus_intense + C6_plus_intense,1998-09-08_013_013,-14.125,15.625,8.11755084991455,4.408996105194092,0.543114423751831,3.708554744720459,False,False,moderee,normale,1998,9,8,251,Phase_3_fin,Fin de saison (Septembre-Octobre),Matam,Zone sahélienne,361.82086,6,plus_intense,All_phases
1998-09-08,C4_plus_intense + C6_plus_intense,1998-09-08_013_014,-13.875,15.625,7.621551513671875,3.8579444885253906,0.6311201453208923,3.7636070251464844,False,False,moderee,normale,1998,9,8,251,Phase_3_fin,Fin de saison (Septembre-Octobre),Matam,Zone sahélienne,388.6224,6,plus_intense,All_phases
1998-09-08,C4_plus_intense + C6_plus_intense,1998-09-08_013_015,-13.625,15.625,1.5957218408584595,4.051967620849609,-0.3251808285713196,-2.45624577999115,False,False,faible,normale,1998,9,8,251,Phase_3_fin,Fin de saison (Septembre-Octobre),Matam,Zone sahélienne,415.42395,6,plus_intense,All_phases
1998-09-08,C4_plus_intense + C6_plus_intense,1998-09-08_013_016,-13.375,15.625,0.0,3.9521100521087646,-0.5582987666130066,-3.9521100521087646,False,False,trace,normale,1998,9,8,251,Phase_3_fin,Fin de saison (Septembre-Octobre),Matam,Zone sahélienne,442.22552,6,plus_intense,All_phases
1998-09-08,C4_plus_intense + C6_plus_intense,1998-09-08_014_004,-16.375,15.875,12.527937889099121,5.710501194000244,0.7448893785476685,6.817436695098877,False,False,moderee,normale,1998,9,8,251,Phase_3_fin,Fin de saison (Septembre-Octobre),Saint-Louis,Zone sahélienne,120.45863,6,plus_intense,All_phases
1998-09-08,C4_plus_intense + C6_plus_intense,1998-09-08_014_005,-16.125,15.875,6.652017116546631,5.630385875701904,0.10865207761526108,1.0216312408447266,False,False,moderee,normale,1998,9,8,251,Phase_3_fin,Fin de saison (Septembre-Octobre),Saint-Louis,Zone sahélienne,147.22722,6,plus_intense,All_phases
1998-09-08,C4_plus_intense + C6_plus_intense,1998-09-08_014_006,-15.875,15.875,7.1628499031066895,5.326982498168945,0.1957923173904419,1.8358674049377441,False,False,moderee,normale,1998,9,8,251,Phase_3_fin,Fin de saison (Septembre-Octobre),Saint-Louis,Zone sahélienne,173.9958,6,plus_intense,All_phases
1998-09-08,C4_plus_intense + C6_plus_intense,1998-09-08_014_007,-15.625,15.875,4.930562973022461,4.586028575897217,0.04142723232507706,0.34453439712524414,False,False,faible,normale,1998,9,8,251,Phase_3_fin,Fin de saison (Septembre-Octobre),Saint-Louis,Zone sahélienne,200.76439,6,plus_intense,All_phases
1998-09-08,C4_plus_intense + C6_plus_intense,1998-09-08_014_008,-15.375,15.875,6.651544094085693,4.420129299163818,0.28794607520103455,2.231414794921875,False,False,moderee,normale,1998,9,8,251,Phase_3_fin,Fin de saison (Septembre-Octobre),Louga,Zone sahélienne,227.53297,6,plus_intense,All_phases
1998-09-08,C4_plus_intense + C6_plus_intense,1998-09-08_014_009,-15.125,15.875,5.792864799499512,4.311765670776367,0.21663159132003784,1.4810991287231445,False,False,moderee,normale,1998,9,8,251,Phase_3_fin,Fin de saison (Septembre-Octobre),Louga,Zone sahélienne,254.30157,6,plus_intense,All_phases
1998-09-08,C4_plus_intense + C6_plus_intense,1998-09-08_014_010,-14.875,15.875,6.595511436462402,4.215348720550537,0.3805822432041168,2.3801627159118652,False,False,moderee,normale,1998,9,8,251,Phase_3_fin,Fin de saison (Septembre-Octobre),Louga,Zone sahélienne,281.07013,6,plus_intense,All_phases
1998-09-08,C4_plus_intense + C6_plus_intense,1998-09-08_014_011,-14.625,15.875,3.2358148097991943,4.176799774169922,-0.14152950048446655,-0.9409849643707275,False,False,faible,normale,1998,9,8,251,Phase_3_fin,Fin de saison (Septembre-Octobre),Matam,Zone sahélienne,307.83875,6,plus_intense,All_phases
1998-09-08,C4_plus_intense + C6_plus_intense,1998-09-08_014_012,-14.375,15.875,1.1511176824569702,3.885728359222412,-0.44176170229911804,-2.734610676765442,False,False,faible,normale,1998,9,8,251,Phase_3_fin,Fin de saison (Septembre-Octobre),Matam,Zone sahélienne,334.60733,6,plus_intense,All_phases
1998-09-08,C4_plus_intense + C6_plus_intense,1998-09-08_014_013,-14.125,15.875,7.9391303062438965,3.948620080947876,0.5839896202087402,3.9905102252960205,False,False,moderee,normale,1998,9,8,251,Phase_3_fin,Fin de saison (Septembre-Octobre),Matam,Zone sahélienne,361.3759,6,plus_intense,All_phases
1998-09-08,C4_plus_intense + C6_plus_intense,1998-09-08_014_014,-13.875,15.875,7.618233680725098,3.3902251720428467,0.6877312660217285,4.228008508682251,False,False,moderee,normale,1998,9,8,251,Phase_3_fin,Fin de saison (Septembre-Octobre),Matam,Zone sahélienne,388.1445,6,plus_intense,All_phases
1998-09-08,C4_plus_intense + C6_plus_intense,1998-09-08_014_015,-13.625,15.875,2.7560548782348633,3.2340292930603027,-0.08221395313739777,-0.47797441482543945,False,False,faible,normale,1998,9,8,251,Phase_3_fin,Fin de saison (Septembre-Octobre),Matam,Zone sahélienne,414.91306,6,plus_intense,All_phases
1998-09-08,C4_plus_intense + C6_plus_intense,1998-09-08_014_016,-13.375,15.875,3.101824998855591,3.538243055343628,-0.0696706548333168,-0.4364180564880371,False,False,faible,normale,1998,9,8,251,Phase_3_fin,Fin de saison (Septembre-Octobre),Matam,Zone sahélienne,441.68167,6,plus_intense,All_phases
1998-09-08,C4_plus_intense + C6_plus_intense,1998-09-08_015_004,-16.375,16.125,11.52682876586914,5.160436630249023,0.7230589985847473,6.366392135620117,False,False,moderee,normale,1998,9,8,251,Phase_3_fin,Fin de saison (Septembre-Octobre),Saint-Louis,Zone sahélienne,120.308014,6,plus_intense,All_phases
1998-09-08,C4_plus_intense + C6_plus_intense,1998-09-08_015_005,-16.125,16.125,7.554041862487793,4.447688102722168,0.3960810899734497,3.106353759765625,False,False,moderee,normale,1998,9,8,251,Phase_3_fin,Fin de saison (Septembre-Octobre),Saint-Louis,Zone sahélienne,147.04314,6,plus_intense,All_phases
1998-09-08,C4_plus_intense + C6_plus_intense,1998-09-08_015_006,-15.875,16.125,7.399841785430908,4.384328842163086,0.4261258542537689,3.0155129432678223,False,False,moderee,normale,1998,9,8,251,Phase_3_fin,Fin de saison (Septembre-Octobre),Saint-Louis,Zone sahélienne,173.77824,6,plus_intense,All_phases
1998-09-08,C4_plus_intense + C6_plus_intense,1998-09-08_015_007,-15.625,16.125,6.406698703765869,3.8592281341552734,0.3863993287086487,2.5474705696105957,False,False,moderee,normale,1998,9,8,251,Phase_3_fin,Fin de saison (Septembre-Octobre),Saint-Louis,Zone sahélienne,200.51337,6,plus_intense,All_phases
1998-09-08,C4_plus_intense + C6_plus_intense,1998-09-08_015_008,-15.375,16.125,7.108309745788574,3.6048285961151123,0.5522921681404114,3.503481149673462,False,False,moderee,normale,1998,9,8,251,Phase_3_fin,Fin de saison (Septembre-Octobre),Louga,Zone sahélienne,227.24846,6,plus_intense,All_phases
1998-09-08,C4_plus_intense + C6_plus_intense,1998-09-08_015_009,-15.125,16.125,7.306657791137695,4.107388019561768,0.4668622612953186,3.1992697715759277,False,False,moderee,normale,1998,9,8,251,Phase_3_fin,Fin de saison (Septembre-Octobre),Louga,Zone sahélienne,253.9836,6,plus_intense,All_phases
1998-09-08,C4_plus_intense + C6_plus_intense,1998-09-08_015_010,-14.875,16.125,8.562182426452637,4.157486438751221,0.7036071419715881,4.404695987701416,False,False,moderee,normale,1998,9,8,251,Phase_3_fin,Fin de saison (Septembre-Octobre),Louga,Zone sahélienne,280.7187,6,plus_intense,All_phases
1998-09-08,C4_plus_intense + C6_plus_intense,1998-09-08_015_011,-14.625,16.125,9.708880424499512,3.779705762863159,0.9715881943702698,5.9291746616363525,False,False,moderee,normale,1998,9,8,251,Phase_3_fin,Fin de saison (Septembre-Octobre),Matam,Zone sahélienne,307.45383,6,plus_intense,All_phases
1998-09-08,C4_plus_intense + C6_plus_intense,1998-09-08_015_012,-14.375,16.125,11.287040710449219,3.822274923324585,1.1401047706604004,7.464765787124634,False,False,moderee,humide,1998,9,8,251,Phase_3_fin,Fin de saison (Septembre-Octobre),Matam,Zone sahélienne,334.18893,6,plus_intense,All_phases
1998-09-08,C4_plus_intense + C6_plus_intense,1998-09-08_015_013,-14.125,16.125,10.832292556762695,3.430105209350586,1.2587400674819946,7.402187347412109,False,False,moderee,humide,1998,9,8,251,Phase_3_fin,Fin de saison (Septembre-Octobre),Matam,Zone sahélienne,360.92404,6,plus_intense,All_phases
1998-09-08,C4_plus_intense + C6_plus_intense,1998-09-08_015_014,-13.875,16.125,8.210485458374023,3.253291368484497,0.8488796353340149,4.957194089889526,False,False,moderee,normale,1998,9,8,251,Phase_3_fin,Fin de saison (Septembre-Octobre),Matam,Zone sahélienne,387.65915,6,plus_intense,All_phases
1998-09-08,C4_plus_intense + C6_plus_intense,1998-09-08_016_005,-16.125,16.375,6.132228374481201,4.1411309242248535,0.28158873319625854,1.9910974502563477,False,False,moderee,normale,1998,9,8,251,Phase_3_fin,Fin de saison (Septembre-Octobre),Saint-Louis,Zone sahélienne,146.85623,6,plus_intense,All_phases
1998-09-08,C4_plus_intense + C6_plus_intense,1998-09-08_016_006,-15.875,16.375,8.44214153289795,3.9664154052734375,0.6333163380622864,4.475726127624512,False,False,moderee,normale,1998,9,8,251,Phase_3_fin,Fin de saison (Septembre-Octobre),Saint-Louis,Zone sahélienne,173.55737,6,plus_intense,All_phases
1998-09-08,C4_plus_intense + C6_plus_intense,1998-09-08_016_007,-15.625,16.375,5.858964920043945,3.795213460922241,0.2882520258426666,2.063751459121704,False,False,moderee,normale,1998,9,8,251,Phase_3_fin,Fin de saison (Septembre-Octobre),Saint-Louis,Zone sahélienne,200.25851,6,plus_intense,All_phases
1998-09-08,C4_plus_intense + C6_plus_intense,1998-09-08_016_008,-15.375,16.375,7.7767791748046875,4.137507438659668,0.5151293277740479,3.6392717361450195,False,False,moderee,normale,1998,9,8,251,Phase_3_fin,Fin de saison (Septembre-Octobre),Louga,Zone sahélienne,226.95963,6,plus_intense,All_phases
1998-09-08,C4_plus_intense + C6_plus_intense,1998-09-08_016_009,-15.125,16.375,7.781441688537598,4.261754989624023,0.4782388210296631,3.519686698913574,False,False,moderee,normale,1998,9,8,251,Phase_3_fin,Fin de saison (Septembre-Octobre),Louga,Zone sahélienne,253.66078,6,plus_intense,All_phases
1998-09-08,C4_plus_intense + C6_plus_intense,1998-09-08_016_010,-14.875,16.375,13.541634559631348,4.147899627685547,1.3876997232437134,9.3937349319458,False,False,moderee,humide,1998,9,8,251,Phase_3_fin,Fin de saison (Septembre-Octobre),Louga,Zone sahélienne,280.3619,6,plus_intense,All_phases
1998-09-08,C4_plus_intense + C6_plus_intense,1998-09-08_016_011,-14.625,16.375,6.5727152824401855,3.334103584289551,0.5742620229721069,3.2386116981506348,False,False,moderee,normale,1998,9,8,251,Phase_3_fin,Fin de saison (Septembre-Octobre),Matam,Zone sahélienne,307.06305,6,plus_intense,All_phases
1998-09-08,C4_plus_intense + C6_plus_intense,1998-09-08_016_012,-14.375,16.375,8.803244590759277,3.368588447570801,0.9647693037986755,5.434656143188477,False,False,moderee,normale,1998,9,8,251,Phase_3_fin,Fin de saison (Septembre-Octobre),Matam,Zone sahélienne,333.76416,6,plus_intense,All_phases
1998-09-08,C4_plus_intense + C6_plus_intense,1998-09-08_016_013,-14.125,16.375,9.015928268432617,2.5497844219207764,1.4500045776367188,6.466143846511841,False,False,moderee,humide,1998,9,8,251,Phase_3_fin,Fin de saison (Septembre-Octobre),Matam,Zone sahélienne,360.4653,6,plus_intense,All_phases
1998-09-08,C4_plus_intense + C6_plus_intense,1998-09-08_017_010,-14.875,16.625,9.651826858520508,4.21565055847168,0.7420142292976379,5.436176300048828,False,False,moderee,normale,1998,9,8,251,Phase_3_fin,Fin de saison (Septembre-Octobre),Louga,Zone sahélienne,279.9998,6,plus_intense,All_phases
1998-09-08,C4_plus_intense + C6_plus_intense,1998-09-08_017_011,-14.625,16.625,9.363275527954102,3.523074150085449,0.9476286768913269,5.840201377868652,False,False,moderee,normale,1998,9,8,251,Phase_3_fin,Fin de saison (Septembre-Octobre),Matam,Zone sahélienne,306.66644,6,plus_intense,All_phases
1998-09-08,C4_plus_intense + C6_plus_intense,1998-09-08_017_012,-14.375,16.625,12.59712028503418,3.605210781097412,1.3044383525848389,8.991909503936768,False,False,moderee,humide,1998,9,8,251,Phase_3_fin,Fin de saison (Septembre-Octobre),Matam,Zone sahélienne,333.33307,6,plus_intense,All_phases
2016-10-30,C6_moins_intense,2016-10-30_000_003,-16.625,12.375,0.0,1.0649555921554565,-0.38105860352516174,-1.0649555921554565,False,False,trace,normale,2016,10,30,304,Phase_3_fin,Fin de saison (Septembre-Octobre),Ziguinchor,Zone soudanienne,95.14188,6,moins_intense,All_phases
2016-10-30,C6_moins_intense,2016-10-30_000_004,-16.375,12.375,0.0,1.4439287185668945,-0.38626161217689514,-1.4439287185668945,False,False,trace,normale,2016,10,30,304,Phase_3_fin,Fin de saison (Septembre-Octobre),Ziguinchor,Zone soudanienne,122.32527,6,moins_intense,All_phases
2016-10-30,C6_moins_intense,2016-10-30_000_020,-12.375,12.375,0.0,1.888237476348877,-0.6552213430404663,-1.888237476348877,False,False,trace,normale,2016,10,30,304,Phase_3_fin,Fin de saison (Septembre-Octobre),Kédougou,Zone soudanienne,557.2596,6,moins_intense,All_phases
2016-10-30,C6_moins_intense,2016-10-30_001_003,-16.625,12.625,0.0,1.1091357469558716,-0.3871493935585022,-1.1091357469558716,False,False,trace,normale,2016,10,30,304,Phase_3_fin,Fin de saison (Septembre-Octobre),Ziguinchor,Zone soudanienne,95.04989,6,moins_intense,All_phases
2016-10-30,C6_moins_intense,2016-10-30_001_004,-16.375,12.625,0.0,1.2367303371429443,-0.4127092957496643,-1.2367303371429443,False,False,trace,normale,2016,10,30,304,Phase_3_fin,Fin de saison (Septembre-Octobre),Ziguinchor,Zone soudanienne,122.20701,6,moins_intense,All_phases
2016-10-30,C6_moins_intense,2016-10-30_001_005,-16.125,12.625,0.0,1.2510355710983276,-0.4241284430027008,-1.2510355710983276,False,False,trace,normale,2016,10,30,304,Phase_3_fin,Fin de saison (Septembre-Octobre),Sédhiou,Zone soudanienne,149.36412,6,moins_intense,All_phases
2016-10-30,C6_moins_intense,2016-10-30_001_006,-15.875,12.625,0.0,1.2844120264053345,-0.40775924921035767,-1.2844120264053345,False,False,trace,normale,2016,10,30,304,Phase_3_fin,Fin de saison (Septembre-Octobre),Sédhiou,Zone soudanienne,176.52124,6,moins_intense,All_phases
2016-10-30,C6_moins_intense,2016-10-30_001_007,-15.625,12.625,0.0,1.3318722248077393,-0.4321860074996948,-1.3318722248077393,False,False,trace,normale,2016,10,30,304,Phase_3_fin,Fin de saison (Septembre-Octobre),Sédhiou,Zone soudanienne,203.67834,6,moins_intense,All_phases
2016-10-30,C6_moins_intense,2016-10-30_001_008,-15.375,12.625,0.0,1.2501167058944702,-0.4297288656234741,-1.2501167058944702,False,False,trace,normale,2016,10,30,304,Phase_3_fin,Fin de saison (Septembre-Octobre),Kolda,Zone soudanienne,230.83545,6,moins_intense,All_phases
2016-10-30,C6_moins_intense,2016-10-30_001_018,-12.875,12.625,0.0,1.2825947999954224,-0.526853621006012,-1.2825947999954224,False,False,trace,normale,2016,10,30,304,Phase_3_fin,Fin de saison (Septembre-Octobre),Kédougou,Zone soudanienne,502.40656,6,moins_intense,All_phases
2016-10-30,C6_moins_intense,2016-10-30_001_019,-12.625,12.625,0.0,1.2266806364059448,-0.47200196981430054,-1.2266806364059448,False,False,trace,normale,2016,10,30,304,Phase_3_fin,Fin de saison (Septembre-Octobre),Kédougou,Zone soudanienne,529.56366,6,moins_intense,All_phases
2016-10-30,C6_moins_intense,2016-10-30_001_020,-12.375,12.625,0.0,1.0631123781204224,-0.5474210977554321,-1.0631123781204224,False,False,trace,normale,2016,10,30,304,Phase_3_fin,Fin de saison (Septembre-Octobre),Kédougou,Zone soudanienne,556.7208,6,moins_intense,All_phases
2016-10-30,C6_moins_intense,2016-10-30_001_021,-12.125,12.625,0.0,1.4225618839263916,-0.5720494985580444,-1.4225618839263916,False,False,trace,normale,2016,10,30,304,Phase_3_fin,Fin de saison (Septembre-Octobre),Kédougou,Zone soudanienne,583.87787,6,moins_intense,All_phases
2016-10-30,C6_moins_intense,2016-10-30_001_022,-11.875,12.625,0.0,1.249937891960144,-0.4767429232597351,-1.249937891960144,False,False,trace,normale,2016,10,30,304,Phase_3_fin,Fin de saison (Septembre-Octobre),Kédougou,Zone soudanienne,611.03503,6,moins_intense,All_phases
2016-10-30,C6_moins_intense,2016-10-30_001_023,-11.625,12.625,0.0,1.0242459774017334,-0.5149611830711365,-1.0242459774017334,False,False,trace,normale,2016,10,30,304,Phase_3_fin,Fin de saison (Septembre-Octobre),Kédougou,Zone soudanienne,638.19214,6,moins_intense,All_phases
2016-10-30,C6_moins_intense,2016-10-30_002_003,-16.625,12.875,0.0,1.221968412399292,-0.40085771679878235,-1.221968412399292,False,False,trace,normale,2016,10,30,304,Phase_3_fin,Fin de saison (Septembre-Octobre),Ziguinchor,Zone soudanienne,94.95609,6,moins_intense,All_phases
2016-10-30,C6_moins_intense,2016-10-30_002_004,-16.375,12.875,0.0,1.0246285200119019,-0.42185962200164795,-1.0246285200119019,False,False,trace,normale,2016,10,30,304,Phase_3_fin,Fin de saison (Septembre-Octobre),Ziguinchor,Zone soudanienne,122.08641,6,moins_intense,All_phases
2016-10-30,C6_moins_intense,2016-10-30_002_005,-16.125,12.875,0.0,1.0705517530441284,-0.47698739171028137,-1.0705517530441284,False,False,trace,normale,2016,10,30,304,Phase_3_fin,Fin de saison (Septembre-Octobre),Sédhiou,Zone soudanienne,149.21672,6,moins_intense,All_phases
2016-10-30,C6_moins_intense,2016-10-30_002_006,-15.875,12.875,0.0,1.0047070980072021,-0.4160709083080292,-1.0047070980072021,False,False,trace,normale,2016,10,30,304,Phase_3_fin,Fin de saison (Septembre-Octobre),Sédhiou,Zone soudanienne,176.34703,6,moins_intense,All_phases
2016-10-30,C6_moins_intense,2016-10-30_002_007,-15.625,12.875,0.0,0.7377266883850098,-0.387347549200058,-0.7377266883850098,False,False,trace,normale,2016,10,30,304,Phase_3_fin,Fin de saison (Septembre-Octobre),Sédhiou,Zone soudanienne,203.47736,6,moins_intense,All_phases
2016-10-30,C6_moins_intense,2016-10-30_002_008,-15.375,12.875,0.0,0.7972333431243896,-0.3847103714942932,-0.7972333431243896,False,False,trace,normale,2016,10,30,304,Phase_3_fin,Fin de saison (Septembre-Octobre),Kolda,Zone soudanienne,230.60765,6,moins_intense,All_phases
2016-10-30,C6_moins_intense,2016-10-30_002_009,-15.125,12.875,1.0773414373397827,0.7804087400436401,0.1765834391117096,0.2969326972961426,False,False,faible,normale,2016,10,30,304,Phase_3_fin,Fin de saison (Septembre-Octobre),Kolda,Zone soudanienne,257.73798,6,moins_intense,All_phases
2016-10-30,C6_moins_intense,2016-10-30_002_010,-14.875,12.875,2.7489402294158936,0.8309433460235596,1.0863412618637085,1.917996883392334,False,False,faible,humide,2016,10,30,304,Phase_3_fin,Fin de saison (Septembre-Octobre),Kolda,Zone soudanienne,284.8683,6,moins_intense,All_phases
2016-10-30,C6_moins_intense,2016-10-30_002_011,-14.625,12.875,3.6837799549102783,1.0413587093353271,1.1095083951950073,2.642421245574951,False,False,faible,humide,2016,10,30,304,Phase_3_fin,Fin de saison (Septembre-Octobre),Kolda,Zone soudanienne,311.9986,6,moins_intense,All_phases
2016-10-30,C6_moins_intense,2016-10-30_002_012,-14.375,12.875,3.1580705642700195,0.7472314834594727,1.2205146551132202,2.410839080810547,False,False,faible,humide,2016,10,30,304,Phase_3_fin,Fin de saison (Septembre-Octobre),Kolda,Zone soudanienne,339.1289,6,moins_intense,All_phases
2016-10-30,C6_moins_intense,2016-10-30_002_013,-14.125,12.875,0.432949036359787,0.852408766746521,-0.1770191788673401,-0.419459730386734,False,False,trace,normale,2016,10,30,304,Phase_3_fin,Fin de saison (Septembre-Octobre),Kolda,Zone soudanienne,366.25922,6,moins_intense,All_phases
2016-10-30,C6_moins_intense,2016-10-30_002_014,-13.875,12.875,0.0,1.008928656578064,-0.3883127272129059,-1.008928656578064,False,False,trace,normale,2016,10,30,304,Phase_3_fin,Fin de saison (Septembre-Octobre),Tambacounda,Zone soudanienne,393.38953,6,moins_intense,All_phases
2016-10-30,C6_moins_intense,2016-10-30_002_015,-13.625,12.875,0.11446033418178558,1.0366935729980469,-0.3905637562274933,-0.9222332388162613,False,False,trace,normale,2016,10,30,304,Phase_3_fin,Fin de saison (Septembre-Octobre),Tambacounda,Zone soudanienne,420.51984,6,moins_intense,All_phases
2016-10-30,C6_moins_intense,2016-10-30_002_016,-13.375,12.875,0.0,0.5731250643730164,-0.426887571811676,-0.5731250643730164,False,False,trace,normale,2016,10,30,304,Phase_3_fin,Fin de saison (Septembre-Octobre),Tambacounda,Zone soudanienne,447.65018,6,moins_intense,All_phases
2016-10-30,C6_moins_intense,2016-10-30_002_017,-13.125,12.875,0.0,0.7304167747497559,-0.4614742696285248,-0.7304167747497559,False,False,trace,normale,2016,10,30,304,Phase_3_fin,Fin de saison (Septembre-Octobre),Kédougou,Zone soudanienne,474.78046,6,moins_intense,All_phases
2016-10-30,C6_moins_intense,2016-10-30_002_018,-12.875,12.875,0.0,1.0774643421173096,-0.5218289494514465,-1.0774643421173096,False,False,trace,normale,2016,10,30,304,Phase_3_fin,Fin de saison (Septembre-Octobre),Kédougou,Zone soudanienne,501.91077,6,moins_intense,All_phases
2016-10-30,C6_moins_intense,2016-10-30_002_019,-12.625,12.875,0.0,1.030516505241394,-0.4417353868484497,-1.030516505241394,False,False,trace,normale,2016,10,30,304,Phase_3_fin,Fin de saison (Septembre-Octobre),Kédougou,Zone soudanienne,529.0411,6,moins_intense,All_phases
2016-10-30,C6_moins_intense,2016-10-30_002_020,-12.375,12.875,0.0,0.9132628440856934,-0.4332004189491272,-0.9132628440856934,False,False,trace,normale,2016,10,30,304,Phase_3_fin,Fin de saison (Septembre-Octobre),Kédougou,Zone soudanienne,556.17145,6,moins_intense,All_phases
2016-10-30,C6_moins_intense,2016-10-30_002_021,-12.125,12.875,0.0,0.7916935682296753,-0.4110851585865021,-0.7916935682296753,False,False,trace,normale,2016,10,30,304,Phase_3_fin,Fin de saison (Septembre-Octobre),Kédougou,Zone soudanienne,583.3017,6,moins_intense,All_phases
2016-10-30,C6_moins_intense,2016-10-30_002_022,-11.875,12.875,0.0,1.0001771450042725,-0.3984106481075287,-1.0001771450042725,False,False,trace,normale,2016,10,30,304,Phase_3_fin,Fin de saison (Septembre-Octobre),Kédougou,Zone soudanienne,610.432,6,moins_intense,All_phases
2016-10-30,C6_moins_intense,2016-10-30_002_023,-11.625,12.875,0.0,0.8199293613433838,-0.40768003463745117,-0.8199293613433838,False,False,trace,normale,2016,10,30,304,Phase_3_fin,Fin de saison (Septembre-Octobre),Kédougou,Zone soudanienne,637.5624,6,moins_intense,All_phases
2016-10-30,C6_moins_intense,2016-10-30_003_003,-16.625,13.125,0.0,0.6767906546592712,-0.37292733788490295,-0.6767906546592712,False,False,trace,normale,2016,10,30,304,Phase_3_fin,Fin de saison (Septembre-Octobre),Ziguinchor,Zone soudanienne,94.86048,6,moins_intense,All_phases
2016-10-30,C6_moins_intense,2016-10-30_003_004,-16.375,13.125,0.0,0.6854420304298401,-0.42063838243484497,-0.6854420304298401,False,False,trace,normale,2016,10,30,304,Phase_3_fin,Fin de saison (Septembre-Octobre),Ziguinchor,Zone soudanienne,121.96348,6,moins_intense,All_phases
2016-10-30,C6_moins_intense,2016-10-30_003_005,-16.125,13.125,0.0,0.887188196182251,-0.3922484517097473,-0.887188196182251,False,False,trace,normale,2016,10,30,304,Phase_3_fin,Fin de saison (Septembre-Octobre),Sédhiou,Zone soudanienne,149.06648,6,moins_intense,All_phases
2016-10-30,C6_moins_intense,2016-10-30_003_006,-15.875,13.125,0.0,0.704196572303772,-0.40786874294281006,-0.704196572303772,False,False,trace,normale,2016,10,30,304,Phase_3_fin,Fin de saison (Septembre-Octobre),Sédhiou,Zone soudanienne,176.16948,6,moins_intense,All_phases
2016-10-30,C6_moins_intense,2016-10-30_003_007,-15.625,13.125,0.0,0.670945942401886,-0.41442903876304626,-0.670945942401886,False,False,trace,normale,2016,10,30,304,Phase_3_fin,Fin de saison (Septembre-Octobre),Sédhiou,Zone soudanienne,203.27248,6,moins_intense,All_phases
2016-10-30,C6_moins_intense,2016-10-30_003_008,-15.375,13.125,1.0990442037582397,0.836448073387146,0.10236913710832596,0.26259613037109375,False,False,faible,normale,2016,10,30,304,Phase_3_fin,Fin de saison (Septembre-Octobre),Kolda,Zone soudanienne,230.37546,6,moins_intense,All_phases
2016-10-30,C6_moins_intense,2016-10-30_003_009,-15.125,13.125,4.527644157409668,0.8120187520980835,1.8542759418487549,3.7156254053115845,False,False,faible,humide,2016,10,30,304,Phase_3_fin,Fin de saison (Septembre-Octobre),Kolda,Zone soudanienne,257.47845,6,moins_intense,All_phases
2016-10-30,C6_moins_intense,2016-10-30_003_010,-14.875,13.125,4.75261116027832,0.9206477403640747,2.064276695251465,3.8319634199142456,True,False,faible,tres humide,2016,10,30,304,Phase_3_fin,Fin de saison (Septembre-Octobre),Kolda,Zone soudanienne,284.58145,6,moins_intense,All_phases
2016-10-30,C6_moins_intense,2016-10-30_003_011,-14.625,13.125,3.3798599243164062,0.9746745824813843,1.2080419063568115,2.405185341835022,False,False,faible,humide,2016,10,30,304,Phase_3_fin,Fin de saison (Septembre-Octobre),Kolda,Zone soudanienne,311.68445,6,moins_intense,All_phases
2016-10-30,C6_moins_intense,2016-10-30_003_012,-14.375,13.125,2.6072165966033936,0.5908252000808716,1.4803844690322876,2.016391396522522,False,False,faible,humide,2016,10,30,304,Phase_3_fin,Fin de saison (Septembre-Octobre),Tambacounda,Zone soudanienne,338.78745,6,moins_intense,All_phases
2016-10-30,C6_moins_intense,2016-10-30_003_013,-14.125,13.125,1.6448405981063843,0.44265004992485046,0.9886013269424438,1.2021905481815338,False,False,faible,normale,2016,10,30,304,Phase_3_fin,Fin de saison (Septembre-Octobre),Tambacounda,Zone soudanienne,365.89044,6,moins_intense,All_phases
2016-10-30,C6_moins_intense,2016-10-30_003_014,-13.875,13.125,2.672602653503418,0.7029220461845398,1.265250563621521,1.9696806073188782,False,False,faible,humide,2016,10,30,304,Phase_3_fin,Fin de saison (Septembre-Octobre),Tambacounda,Zone soudanienne,392.99344,6,moins_intense,All_phases
2016-10-30,C6_moins_intense,2016-10-30_003_015,-13.625,13.125,2.750732183456421,0.69469153881073,1.4038251638412476,2.056040644645691,False,False,faible,humide,2016,10,30,304,Phase_3_fin,Fin de saison (Septembre-Octobre),Tambacounda,Zone soudanienne,420.09644,6,moins_intense,All_phases
2016-10-30,C6_moins_intense,2016-10-30_003_016,-13.375,13.125,2.1404242515563965,0.6892444491386414,1.0179561376571655,1.4511798024177551,False,False,faible,humide,2016,10,30,304,Phase_3_fin,Fin de saison (Septembre-Octobre),Tambacounda,Zone soudanienne,447.19943,6,moins_intense,All_phases
2016-10-30,C6_moins_intense,2016-10-30_003_017,-13.125,13.125,2.403373956680298,0.8324966430664062,1.0948864221572876,1.5708773136138916,False,False,faible,humide,2016,10,30,304,Phase_3_fin,Fin de saison (Septembre-Octobre),Tambacounda,Zone soudanienne,474.30243,6,moins_intense,All_phases
2016-10-30,C6_moins_intense,2016-10-30_003_018,-12.875,13.125,2.9268579483032227,0.6613999605178833,1.729620337486267,2.2654579877853394,False,False,faible,humide,2016,10,30,304,Phase_3_fin,Fin de saison (Septembre-Octobre),Tambacounda,Zone soudanienne,501.4054,6,moins_intense,All_phases
2016-10-30,C6_moins_intense,2016-10-30_003_019,-12.625,13.125,2.8746678829193115,0.6434286236763,1.4738953113555908,2.2312392592430115,False,False,faible,humide,2016,10,30,304,Phase_3_fin,Fin de saison (Septembre-Octobre),Tambacounda,Zone soudanienne,528.5084,6,moins_intense,All_phases
2016-10-30,C6_moins_intense,2016-10-30_003_020,-12.375,13.125,2.0504066944122314,0.6633090376853943,0.8411918878555298,1.3870976567268372,False,False,faible,normale,2016,10,30,304,Phase_3_fin,Fin de saison (Septembre-Octobre),Tambacounda,Zone soudanienne,555.61145,6,moins_intense,All_phases
2016-10-30,C6_moins_intense,2016-10-30_003_021,-12.125,13.125,0.16774505376815796,0.8214812874794006,-0.3410070836544037,-0.6537362337112427,False,False,trace,normale,2016,10,30,304,Phase_3_fin,Fin de saison (Septembre-Octobre),Tambacounda,Zone soudanienne,582.71436,6,moins_intense,All_phases
2016-10-30,C6_moins_intense,2016-10-30_003_022,-11.875,13.125,0.0,0.7875767946243286,-0.4070452153682709,-0.7875767946243286,False,False,trace,normale,2016,10,30,304,Phase_3_fin,Fin de saison (Septembre-Octobre),Tambacounda,Zone soudanienne,609.8174,6,moins_intense,All_phases
2016-10-30,C6_moins_intense,2016-10-30_003_023,-11.625,13.125,0.18923869729042053,0.7750543355941772,-0.32358118891716003,-0.5858156383037567,False,False,trace,normale,2016,10,30,304,Phase_3_fin,Fin de saison (Septembre-Octobre),Tambacounda,Zone soudanienne,636.9204,6,moins_intense,All_phases
2016-10-30,C6_moins_intense,2016-10-30_004_009,-15.125,13.375,3.6894304752349854,0.5627714395523071,2.1126534938812256,3.1266590356826782,True,False,faible,tres humide,2016,10,30,304,Phase_3_fin,Fin de saison (Septembre-Octobre),Kolda,Zone soudanienne,257.21408,6,moins_intense,All_phases
2016-10-30,C6_moins_intense,2016-10-30_004_010,-14.875,13.375,3.038881540298462,0.5077583193778992,2.114180326461792,2.5311232209205627,True,False,faible,tres humide,2016,10,30,304,Phase_3_fin,Fin de saison (Septembre-Octobre),Kolda,Zone soudanienne,284.2892,6,moins_intense,All_phases
2016-10-30,C6_moins_intense,2016-10-30_004_015,-13.625,13.375,3.5645368099212646,0.7555558085441589,1.774598240852356,2.8089810013771057,False,False,faible,humide,2016,10,30,304,Phase_3_fin,Fin de saison (Septembre-Octobre),Tambacounda,Zone soudanienne,419.66504,6,moins_intense,All_phases
2016-10-30,C6_moins_intense,2016-10-30_004_016,-13.375,13.375,4.213407516479492,0.692883312702179,2.2012577056884766,3.5205242037773132,True,False,faible,tres humide,2016,10,30,304,Phase_3_fin,Fin de saison (Septembre-Octobre),Tambacounda,Zone soudanienne,446.7402,6,moins_intense,All_phases
2016-10-30,C6_moins_intense,2016-10-30_004_017,-13.125,13.375,5.753889560699463,0.7283218502998352,3.342116117477417,5.025567710399628,True,False,moderee,exceptionnelle,2016,10,30,304,Phase_3_fin,Fin de saison (Septembre-Octobre),Tambacounda,Zone soudanienne,473.81537,6,moins_intense,All_phases
2016-10-30,C6_moins_intense,2016-10-30_004_018,-12.875,13.375,7.025186061859131,0.7248928546905518,3.9657135009765625,6.300293207168579,True,False,moderee,exceptionnelle,2016,10,30,304,Phase_3_fin,Fin de saison (Septembre-Octobre),Tambacounda,Zone soudanienne,500.89053,6,moins_intense,All_phases
2016-10-30,C6_moins_intense,2016-10-30_004_019,-12.625,13.375,7.885073184967041,0.6127405166625977,4.453381538391113,7.272332668304443,True,False,moderee,exceptionnelle,2016,10,30,304,Phase_3_fin,Fin de saison (Septembre-Octobre),Tambacounda,Zone soudanienne,527.9657,6,moins_intense,All_phases
2016-10-30,C6_moins_intense,2016-10-30_004_020,-12.375,13.375,5.896526336669922,0.3415197432041168,4.393589019775391,5.555006593465805,True,False,moderee,exceptionnelle,2016,10,30,304,Phase_3_fin,Fin de saison (Septembre-Octobre),Tambacounda,Zone soudanienne,555.0409,6,moins_intense,All_phases
2016-10-30,C6_moins_intense,2016-10-30_004_021,-12.125,13.375,3.1740365028381348,0.41786912083625793,2.505854845046997,2.756167382001877,True,False,faible,tres humide,2016,10,30,304,Phase_3_fin,Fin de saison (Septembre-Octobre),Tambacounda,Zone soudanienne,582.116,6,moins_intense,All_phases
2016-10-30,C6_moins_intense,2016-10-30_004_022,-11.875,13.375,0.5376867055892944,0.5137524008750916,0.018811728805303574,0.02393430471420288,False,False,trace,normale,2016,10,30,304,Phase_3_fin,Fin de saison (Septembre-Octobre),Tambacounda,Zone soudanienne,609.19116,6,moins_intense,All_phases
2016-10-30,C6_moins_intense,2016-10-30_004_023,-11.625,13.375,0.13688111305236816,0.3827400505542755,-0.22304250299930573,-0.24585893750190735,False,False,trace,normale,2016,10,30,304,Phase_3_fin,Fin de saison (Septembre-Octobre),Tambacounda,Zone soudanienne,636.26636,6,moins_intense,All_phases
2016-10-30,C6_moins_intense,2016-10-30_005_004,-16.375,13.625,0.0,0.6184842586517334,-0.38501256704330444,-0.6184842586517334,False,False,trace,normale,2016,10,30,304,Phase_3_fin,Fin de saison (Septembre-Octobre),Kaolack,Zone soudano-sahélienne,121.71068,6,moins_intense,All_phases
2016-10-30,C6_moins_intense,2016-10-30_005_005,-16.125,13.625,0.0,0.5919244289398193,-0.3562868535518646,-0.5919244289398193,False,False,trace,normale,2016,10,30,304,Phase_3_fin,Fin de saison (Septembre-Octobre),Kaolack,Zone soudano-sahélienne,148.75749,6,moins_intense,All_phases
2016-10-30,C6_moins_intense,2016-10-30_005_006,-15.875,13.625,0.33593761920928955,0.5075228214263916,-0.1303301900625229,-0.17158520221710205,False,False,trace,normale,2016,10,30,304,Phase_3_fin,Fin de saison (Septembre-Octobre),Kaffrine,Zone soudano-sahélienne,175.80432,6,moins_intense,All_phases
2016-10-30,C6_moins_intense,2016-10-30_005_007,-15.625,13.625,2.0985114574432373,0.4614366888999939,1.2494088411331177,1.6370747685432434,False,False,faible,humide,2016,10,30,304,Phase_3_fin,Fin de saison (Septembre-Octobre),Kaffrine,Zone soudano-sahélienne,202.85114,6,moins_intense,All_phases
2016-10-30,C6_moins_intense,2016-10-30_005_012,-14.375,13.625,3.62797212600708,0.7204375863075256,1.9012731313705444,2.9075345396995544,False,False,faible,humide,2016,10,30,304,Phase_3_fin,Fin de saison (Septembre-Octobre),Tambacounda,Zone soudano-sahélienne,338.0852,6,moins_intense,All_phases
2016-10-30,C6_moins_intense,2016-10-30_005_013,-14.125,13.625,3.7924556732177734,0.6120507717132568,2.054222583770752,3.1804049015045166,True,False,faible,tres humide,2016,10,30,304,Phase_3_fin,Fin de saison (Septembre-Octobre),Tambacounda,Zone soudano-sahélienne,365.13202,6,moins_intense,All_phases
2016-10-30,C6_moins_intense,2016-10-30_005_014,-13.875,13.625,4.599621772766113,0.8285279273986816,1.8583389520645142,3.7710938453674316,False,False,faible,humide,2016,10,30,304,Phase_3_fin,Fin de saison (Septembre-Octobre),Tambacounda,Zone soudano-sahélienne,392.17886,6,moins_intense,All_phases
2016-10-30,C6_moins_intense,2016-10-30_005_015,-13.625,13.625,4.645381450653076,0.7680121064186096,2.10356068611145,3.8773693442344666,True,False,faible,tres humide,2016,10,30,304,Phase_3_fin,Fin de saison (Septembre-Octobre),Tambacounda,Zone soudano-sahélienne,419.22565,6,moins_intense,All_phases
2016-10-30,C6_moins_intense,2016-10-30_005_016,-13.375,13.625,5.177809238433838,0.5981895327568054,3.043022871017456,4.5796197056770325,True,False,moderee,exceptionnelle,2016,10,30,304,Phase_3_fin,Fin de saison (Septembre-Octobre),Tambacounda,Zone soudano-sahélienne,446.2725,6,moins_intense,All_phases
2016-10-30,C6_moins_intense,2016-10-30_005_017,-13.125,13.625,6.445833683013916,0.6112110614776611,4.0505690574646,5.834622621536255,True,False,moderee,exceptionnelle,2016,10,30,304,Phase_3_fin,Fin de saison (Septembre-Octobre),Tambacounda,Zone soudano-sahélienne,473.3193,6,moins_intense,All_phases
2016-10-30,C6_moins_intense,2016-10-30_005_018,-12.875,13.625,7.230914115905762,0.62496018409729,4.403814315795898,6.605953931808472,True,False,moderee,exceptionnelle,2016,10,30,304,Phase_3_fin,Fin de saison (Septembre-Octobre),Tambacounda,Zone soudano-sahélienne,500.3661,6,moins_intense,All_phases
2016-10-30,C6_moins_intense,2016-10-30_005_019,-12.625,13.625,7.057464122772217,0.671724259853363,4.067554473876953,6.385739862918854,True,False,moderee,exceptionnelle,2016,10,30,304,Phase_3_fin,Fin de saison (Septembre-Octobre),Tambacounda,Zone soudano-sahélienne,527.4129,6,moins_intense,All_phases
2016-10-30,C6_moins_intense,2016-10-30_005_020,-12.375,13.625,3.876223087310791,0.3603060841560364,3.765251874923706,3.5159170031547546,True,False,faible,exceptionnelle,2016,10,30,304,Phase_3_fin,Fin de saison (Septembre-Octobre),Tambacounda,Zone soudano-sahélienne,554.4598,6,moins_intense,All_phases
2016-10-30,C6_moins_intense,2016-10-30_005_021,-12.125,13.625,1.466396689414978,0.2614046037197113,1.3867390155792236,1.2049920856952667,False,False,faible,humide,2016,10,30,304,Phase_3_fin,Fin de saison (Septembre-Octobre),Tambacounda,Zone soudano-sahélienne,581.50653,6,moins_intense,All_phases
2016-10-30,C6_moins_intense,2016-10-30_006_003,-16.625,13.875,0.0,0.551952600479126,-0.327719509601593,-0.551952600479126,False,False,trace,normale,2016,10,30,304,Phase_3_fin,Fin de saison (Septembre-Octobre),Fatick,Zone soudano-sahélienne,94.562836,6,moins_intense,All_phases
2016-10-30,C6_moins_intense,2016-10-30_006_004,-16.375,13.875,0.0,0.3938354253768921,-0.39523249864578247,-0.3938354253768921,False,False,trace,normale,2016,10,30,304,Phase_3_fin,Fin de saison (Septembre-Octobre),Fatick,Zone soudano-sahélienne,121.580795,6,moins_intense,All_phases
2016-10-30,C6_moins_intense,2016-10-30_006_005,-16.125,13.875,0.2926921546459198,0.4195908308029175,-0.11567853391170502,-0.12689867615699768,False,False,trace,normale,2016,10,30,304,Phase_3_fin,Fin de saison (Septembre-Octobre),Fatick,Zone soudano-sahélienne,148.59875,6,moins_intense,All_phases
2016-10-30,C6_moins_intense,2016-10-30_006_006,-15.875,13.875,1.6509883403778076,0.4884501099586487,1.0235459804534912,1.162538230419159,False,False,faible,humide,2016,10,30,304,Phase_3_fin,Fin de saison (Septembre-Octobre),Kaolack,Zone soudano-sahélienne,175.6167,6,moins_intense,All_phases
2016-10-30,C6_moins_intense,2016-10-30_006_007,-15.625,13.875,2.7720203399658203,0.41413143277168274,2.299933671951294,2.3578889071941376,True,False,faible,tres humide,2016,10,30,304,Phase_3_fin,Fin de saison (Septembre-Octobre),Kaolack,Zone soudano-sahélienne,202.63466,6,moins_intense,All_phases
2016-10-30,C6_moins_intense,2016-10-30_006_008,-15.375,13.875,4.764387130737305,0.44225212931632996,3.2783563137054443,4.322135001420975,True,False,faible,exceptionnelle,2016,10,30,304,Phase_3_fin,Fin de saison (Septembre-Octobre),Kaffrine,Zone soudano-sahélienne,229.6526,6,moins_intense,All_phases
2016-10-30,C6_moins_intense,2016-10-30_006_009,-15.125,13.875,4.210019111633301,0.3966561555862427,3.4748153686523438,3.813362956047058,True,False,faible,exceptionnelle,2016,10,30,304,Phase_3_fin,Fin de saison (Septembre-Octobre),Kaffrine,Zone soudano-sahélienne,256.67056,6,moins_intense,All_phases
2016-10-30,C6_moins_intense,2016-10-30_006_010,-14.875,13.875,3.7580573558807373,0.4192468523979187,3.201310634613037,3.3388105034828186,True,False,faible,exceptionnelle,2016,10,30,304,Phase_3_fin,Fin de saison (Septembre-Octobre),Kaffrine,Zone soudano-sahélienne,283.6885,6,moins_intense,All_phases
2016-10-30,C6_moins_intense,2016-10-30_006_011,-14.625,13.875,4.67174768447876,0.5205386877059937,3.537612199783325,4.151208996772766,True,False,faible,exceptionnelle,2016,10,30,304,Phase_3_fin,Fin de saison (Septembre-Octobre),Kaffrine,Zone soudano-sahélienne,310.70648,6,moins_intense,All_phases
2016-10-30,C6_moins_intense,2016-10-30_006_012,-14.375,13.875,4.517560005187988,0.6128699779510498,2.7221806049346924,3.9046900272369385,True,False,faible,tres humide,2016,10,30,304,Phase_3_fin,Fin de saison (Septembre-Octobre),Tambacounda,Zone soudano-sahélienne,337.72443,6,moins_intense,All_phases
2016-10-30,C6_moins_intense,2016-10-30_006_013,-14.125,13.875,3.9344964027404785,0.6074656844139099,2.342811107635498,3.3270307183265686,True,False,faible,tres humide,2016,10,30,304,Phase_3_fin,Fin de saison (Septembre-Octobre),Tambacounda,Zone soudano-sahélienne,364.74237,6,moins_intense,All_phases
2016-10-30,C6_moins_intense,2016-10-30_006_014,-13.875,13.875,4.026459217071533,0.7721492648124695,1.7527647018432617,3.2543099522590637,False,False,faible,humide,2016,10,30,304,Phase_3_fin,Fin de saison (Septembre-Octobre),Tambacounda,Zone soudano-sahélienne,391.76035,6,moins_intense,All_phases
2016-10-30,C6_moins_intense,2016-10-30_006_015,-13.625,13.875,4.387876987457275,0.7464306950569153,1.8659465312957764,3.64144629240036,False,False,faible,humide,2016,10,30,304,Phase_3_fin,Fin de saison (Septembre-Octobre),Tambacounda,Zone soudano-sahélienne,418.7783,6,moins_intense,All_phases
2016-10-30,C6_moins_intense,2016-10-30_006_016,-13.375,13.875,4.547780990600586,0.6469822525978088,2.264331102371216,3.900798738002777,True,False,faible,tres humide,2016,10,30,304,Phase_3_fin,Fin de saison (Septembre-Octobre),Tambacounda,Zone soudano-sahélienne,445.79623,6,moins_intense,All_phases
2016-10-30,C6_moins_intense,2016-10-30_006_017,-13.125,13.875,4.708611011505127,0.6854814291000366,2.3020360469818115,4.02312958240509,True,False,faible,tres humide,2016,10,30,304,Phase_3_fin,Fin de saison (Septembre-Octobre),Tambacounda,Zone soudano-sahélienne,472.81418,6,moins_intense,All_phases
2016-10-30,C6_moins_intense,2016-10-30_006_018,-12.875,13.875,3.5822947025299072,0.6857163310050964,1.952314853668213,2.896578371524811,False,False,faible,humide,2016,10,30,304,Phase_3_fin,Fin de saison (Septembre-Octobre),Tambacounda,Zone soudano-sahélienne,499.83212,6,moins_intense,All_phases
2016-10-30,C6_moins_intense,2016-10-30_006_019,-12.625,13.875,4.332067489624023,0.5726314187049866,2.813675880432129,3.759436070919037,True,False,faible,tres humide,2016,10,30,304,Phase_3_fin,Fin de saison (Septembre-Octobre),Tambacounda,Zone soudano-sahélienne,526.8501,6,moins_intense,All_phases
2016-10-30,C6_moins_intense,2016-10-30_006_020,-12.375,13.875,1.6336376667022705,0.41058528423309326,1.404641032218933,1.2230523824691772,False,False,faible,humide,2016,10,30,304,Phase_3_fin,Fin de saison (Septembre-Octobre),Tambacounda,Zone soudano-sahélienne,553.86804,6,moins_intense,All_phases
2016-10-30,C6_moins_intense,2016-10-30_006_021,-12.125,13.875,0.31498536467552185,0.2612426280975342,0.07344216853380203,0.05374273657798767,False,False,trace,normale,2016,10,30,304,Phase_3_fin,Fin de saison (Septembre-Octobre),Tambacounda,Zone soudano-sahélienne,580.886,6,moins_intense,All_phases
2016-10-30,C6_moins_intense,2016-10-30_007_003,-16.625,14.125,0.0,0.3927246332168579,-0.31130483746528625,-0.3927246332168579,False,False,trace,normale,2016,10,30,304,Phase_3_fin,Fin de saison (Septembre-Octobre),Fatick,Zone soudano-sahélienne,94.460014,6,moins_intense,All_phases
2016-10-30,C6_moins_intense,2016-10-30_007_004,-16.375,14.125,0.0,0.3768126368522644,-0.3050285875797272,-0.3768126368522644,False,False,trace,normale,2016,10,30,304,Phase_3_fin,Fin de saison (Septembre-Octobre),Fatick,Zone soudano-sahélienne,121.44859,6,moins_intense,All_phases
2016-10-30,C6_moins_intense,2016-10-30_007_005,-16.125,14.125,0.0,0.4185062646865845,-0.39914458990097046,-0.4185062646865845,False,False,trace,normale,2016,10,30,304,Phase_3_fin,Fin de saison (Septembre-Octobre),Fatick,Zone soudano-sahélienne,148.43718,6,moins_intense,All_phases
2016-10-30,C6_moins_intense,2016-10-30_007_006,-15.875,14.125,0.4714561402797699,0.41561320424079895,0.05507783219218254,0.05584293603897095,False,False,trace,normale,2016,10,30,304,Phase_3_fin,Fin de saison (Septembre-Octobre),Kaolack,Zone soudano-sahélienne,175.42575,6,moins_intense,All_phases
2016-10-30,C6_moins_intense,2016-10-30_007_007,-15.625,14.125,1.373178243637085,0.4525839686393738,0.9047067761421204,0.9205942749977112,False,False,faible,normale,2016,10,30,304,Phase_3_fin,Fin de saison (Septembre-Octobre),Kaolack,Zone soudano-sahélienne,202.41434,6,moins_intense,All_phases
2016-10-30,C6_moins_intense,2016-10-30_007_008,-15.375,14.125,4.6326446533203125,0.511147141456604,3.2791404724121094,4.1214975118637085,True,False,faible,exceptionnelle,2016,10,30,304,Phase_3_fin,Fin de saison (Septembre-Octobre),Kaffrine,Zone soudano-sahélienne,229.4029,6,moins_intense,All_phases
2016-10-30,C6_moins_intense,2016-10-30_007_009,-15.125,14.125,4.076561450958252,0.40598106384277344,3.4925129413604736,3.6705803871154785,True,False,faible,exceptionnelle,2016,10,30,304,Phase_3_fin,Fin de saison (Septembre-Octobre),Kaffrine,Zone soudano-sahélienne,256.39148,6,moins_intense,All_phases
2016-10-30,C6_moins_intense,2016-10-30_007_010,-14.875,14.125,4.380272388458252,0.43578672409057617,3.3149971961975098,3.944485664367676,True,False,faible,exceptionnelle,2016,10,30,304,Phase_3_fin,Fin de saison (Septembre-Octobre),Kaffrine,Zone soudano-sahélienne,283.38007,6,moins_intense,All_phases
2016-10-30,C6_moins_intense,2016-10-30_007_011,-14.625,14.125,4.254207134246826,0.4118061065673828,3.5551016330718994,3.8424010276794434,True,False,faible,exceptionnelle,2016,10,30,304,Phase_3_fin,Fin de saison (Septembre-Octobre),Kaffrine,Zone soudano-sahélienne,310.36865,6,moins_intense,All_phases
2016-10-30,C6_moins_intense,2016-10-30_007_012,-14.375,14.125,4.6153411865234375,0.5829572081565857,2.8979721069335938,4.032383978366852,True,False,faible,tres humide,2016,10,30,304,Phase_3_fin,Fin de saison (Septembre-Octobre),Tambacounda,Zone soudano-sahélienne,337.3572,6,moins_intense,All_phases
2016-10-30,C6_moins_intense,2016-10-30_007_013,-14.125,14.125,4.654784679412842,0.6376052498817444,2.692396640777588,4.017179429531097,True,False,faible,tres humide,2016,10,30,304,Phase_3_fin,Fin de saison (Septembre-Octobre),Tambacounda,Zone soudano-sahélienne,364.34576,6,moins_intense,All_phases
2016-10-30,C6_moins_intense,2016-10-30_007_014,-13.875,14.125,3.603616952896118,0.7225040793418884,1.7996405363082886,2.8811128735542297,False,False,faible,humide,2016,10,30,304,Phase_3_fin,Fin de saison (Septembre-Octobre),Tambacounda,Zone soudano-sahélienne,391.33438,6,moins_intense,All_phases
2016-10-30,C6_moins_intense,2016-10-30_007_015,-13.625,14.125,2.077970504760742,0.7448619604110718,0.7224587202072144,1.3331085443496704,False,False,faible,normale,2016,10,30,304,Phase_3_fin,Fin de saison (Septembre-Octobre),Tambacounda,Zone soudano-sahélienne,418.32294,6,moins_intense,All_phases
2016-10-30,C6_moins_intense,2016-10-30_007_016,-13.375,14.125,1.0125889778137207,0.497058242559433,0.3461451828479767,0.5155307352542877,False,False,faible,normale,2016,10,30,304,Phase_3_fin,Fin de saison (Septembre-Octobre),Tambacounda,Zone soudano-sahélienne,445.31152,6,moins_intense,All_phases
2016-10-30,C6_moins_intense,2016-10-30_007_017,-13.125,14.125,0.3217070400714874,0.6494110226631165,-0.16199490427970886,-0.32770398259162903,False,False,trace,normale,2016,10,30,304,Phase_3_fin,Fin de saison (Septembre-Octobre),Tambacounda,Zone soudano-sahélienne,472.30008,6,moins_intense,All_phases
2016-10-30,C6_moins_intense,2016-10-30_007_018,-12.875,14.125,0.0,0.43631914258003235,-0.31319138407707214,-0.43631914258003235,False,False,trace,normale,2016,10,30,304,Phase_3_fin,Fin de saison (Septembre-Octobre),Tambacounda,Zone soudano-sahélienne,499.28867,6,moins_intense,All_phases
2016-10-30,C6_moins_intense,2016-10-30_007_019,-12.625,14.125,0.14756767451763153,0.4340801239013672,-0.21221821010112762,-0.28651244938373566,False,False,trace,normale,2016,10,30,304,Phase_3_fin,Fin de saison (Septembre-Octobre),Tambacounda,Zone soudano-sahélienne,526.2772,6,moins_intense,All_phases
2016-10-30,C6_moins_intense,2016-10-30_007_020,-12.375,14.125,0.0,0.4668387174606323,-0.30941280722618103,-0.4668387174606323,False,False,trace,normale,2016,10,30,304,Phase_3_fin,Fin de saison (Septembre-Octobre),Tambacounda,Zone soudano-sahélienne,553.2658,6,moins_intense,All_phases
2016-10-30,C6_moins_intense,2016-10-30_007_021,-12.125,14.125,0.0,0.4340772032737732,-0.29757970571517944,-0.4340772032737732,False,False,trace,normale,2016,10,30,304,Phase_3_fin,Fin de saison (Septembre-Octobre),Tambacounda,Zone soudano-sahélienne,580.2544,6,moins_intense,All_phases
2016-10-30,C6_moins_intense,2016-10-30_008_002,-16.875,14.375,0.12168622016906738,0.13065464794635773,-0.020060375332832336,-0.008968427777290344,False,False,trace,normale,2016,10,30,304,Phase_3_fin,Fin de saison (Septembre-Octobre),Thiès,Zone soudano-sahélienne,67.39671,6,moins_intense,All_phases
2016-10-30,C6_moins_intense,2016-10-30_008_003,-16.625,14.375,0.0,0.18908700346946716,-0.39690813422203064,-0.18908700346946716,False,False,trace,normale,2016,10,30,304,Phase_3_fin,Fin de saison (Septembre-Octobre),Fatick,Zone soudano-sahélienne,94.3554,6,moins_intense,All_phases
2016-10-30,C6_moins_intense,2016-10-30_008_004,-16.375,14.375,0.0,0.2409025877714157,-0.36777132749557495,-0.2409025877714157,False,False,trace,normale,2016,10,30,304,Phase_3_fin,Fin de saison (Septembre-Octobre),Diourbel,Zone soudano-sahélienne,121.314095,6,moins_intense,All_phases
2016-10-30,C6_moins_intense,2016-10-30_008_005,-16.125,14.375,0.0,0.5749861001968384,-0.4353017210960388,-0.5749861001968384,False,False,trace,normale,2016,10,30,304,Phase_3_fin,Fin de saison (Septembre-Octobre),Diourbel,Zone soudano-sahélienne,148.27278,6,moins_intense,All_phases
2016-10-30,C6_moins_intense,2016-10-30_008_006,-15.875,14.375,0.0,0.2969631552696228,-0.4053117334842682,-0.2969631552696228,False,False,trace,normale,2016,10,30,304,Phase_3_fin,Fin de saison (Septembre-Octobre),Diourbel,Zone soudano-sahélienne,175.23148,6,moins_intense,All_phases
2016-10-30,C6_moins_intense,2016-10-30_008_007,-15.625,14.375,0.0,0.2751159965991974,-0.4119959771633148,-0.2751159965991974,False,False,trace,normale,2016,10,30,304,Phase_3_fin,Fin de saison (Septembre-Octobre),Kaolack,Zone soudano-sahélienne,202.19016,6,moins_intense,All_phases
2016-10-30,C6_moins_intense,2016-10-30_008_008,-15.375,14.375,0.8061481714248657,0.30018162727355957,0.7235426902770996,0.5059665441513062,False,False,trace,normale,2016,10,30,304,Phase_3_fin,Fin de saison (Septembre-Octobre),Kaffrine,Zone soudano-sahélienne,229.14883,6,moins_intense,All_phases
2016-10-30,C6_moins_intense,2016-10-30_008_009,-15.125,14.375,2.3534209728240967,0.38021087646484375,2.015023946762085,1.973210096359253,True,False,faible,tres humide,2016,10,30,304,Phase_3_fin,Fin de saison (Septembre-Octobre),Kaffrine,Zone soudano-sahélienne,256.10754,6,moins_intense,All_phases
2016-10-30,C6_moins_intense,2016-10-30_008_010,-14.875,14.375,2.5161397457122803,0.5031284093856812,1.6298608779907227,2.013011336326599,False,False,faible,humide,2016,10,30,304,Phase_3_fin,Fin de saison (Septembre-Octobre),Kaffrine,Zone soudano-sahélienne,283.06622,6,moins_intense,All_phases
2016-10-30,C6_moins_intense,2016-10-30_008_011,-14.625,14.375,2.7768454551696777,0.42916572093963623,2.3557422161102295,2.3476797342300415,True,False,faible,tres humide,2016,10,30,304,Phase_3_fin,Fin de saison (Septembre-Octobre),Kaffrine,Zone soudano-sahélienne,310.0249,6,moins_intense,All_phases
2016-10-30,C6_moins_intense,2016-10-30_008_012,-14.375,14.375,2.3556346893310547,0.41102135181427,2.0966172218322754,1.9446133375167847,True,False,faible,tres humide,2016,10,30,304,Phase_3_fin,Fin de saison (Septembre-Octobre),Tambacounda,Zone soudano-sahélienne,336.98358,6,moins_intense,All_phases
2016-10-30,C6_moins_intense,2016-10-30_008_013,-14.125,14.375,2.1873865127563477,0.5008249878883362,1.440585732460022,1.6865615248680115,False,False,faible,humide,2016,10,30,304,Phase_3_fin,Fin de saison (Septembre-Octobre),Tambacounda,Zone soudano-sahélienne,363.94226,6,moins_intense,All_phases
2016-10-30,C6_moins_intense,2016-10-30_008_014,-13.875,14.375,1.920884609222412,0.4815337061882019,1.3166120052337646,1.4393509030342102,False,False,faible,humide,2016,10,30,304,Phase_3_fin,Fin de saison (Septembre-Octobre),Tambacounda,Zone soudano-sahélienne,390.90097,6,moins_intense,All_phases
2016-10-30,C6_moins_intense,2016-10-30_008_015,-13.625,14.375,0.6911923289299011,0.5246555209159851,0.130499467253685,0.16653680801391602,False,False,trace,normale,2016,10,30,304,Phase_3_fin,Fin de saison (Septembre-Octobre),Tambacounda,Zone soudano-sahélienne,417.85965,6,moins_intense,All_phases
2016-10-30,C6_moins_intense,2016-10-30_008_016,-13.375,14.375,0.0,0.530288577079773,-0.3928038775920868,-0.530288577079773,False,False,trace,normale,2016,10,30,304,Phase_3_fin,Fin de saison (Septembre-Octobre),Tambacounda,Zone soudano-sahélienne,444.81833,6,moins_intense,All_phases
2016-10-30,C6_moins_intense,2016-10-30_008_017,-13.125,14.375,0.0,0.5294507741928101,-0.41779765486717224,-0.5294507741928101,False,False,trace,normale,2016,10,30,304,Phase_3_fin,Fin de saison (Septembre-Octobre),Tambacounda,Zone soudano-sahélienne,471.777,6,moins_intense,All_phases
2016-10-30,C6_moins_intense,2016-10-30_008_018,-12.875,14.375,0.0,0.5444735884666443,-0.41725924611091614,-0.5444735884666443,False,False,trace,normale,2016,10,30,304,Phase_3_fin,Fin de saison (Septembre-Octobre),Tambacounda,Zone soudano-sahélienne,498.7357,6,moins_intense,All_phases
2016-10-30,C6_moins_intense,2016-10-30_008_019,-12.625,14.375,0.0,0.5336816310882568,-0.40752315521240234,-0.5336816310882568,False,False,trace,normale,2016,10,30,304,Phase_3_fin,Fin de saison (Septembre-Octobre),Tambacounda,Zone soudano-sahélienne,525.6944,6,moins_intense,All_phases
2016-10-30,C6_moins_intense,2016-10-30_008_020,-12.375,14.375,0.0,0.4669872224330902,-0.32678115367889404,-0.4669872224330902,False,False,trace,normale,2016,10,30,304,Phase_3_fin,Fin de saison (Septembre-Octobre),Tambacounda,Zone soudano-sahélienne,552.6531,6,moins_intense,All_phases
2016-10-30,C6_moins_intense,2016-10-30_009_001,-17.125,14.625,0.16512423753738403,0.21740292012691498,-0.0699034184217453,-0.052278682589530945,False,False,trace,normale,2016,10,30,304,Phase_3_fin,Fin de saison (Septembre-Octobre),Dakar,Zone soudano-sahélienne,40.39242,6,moins_intense,All_phases
2016-10-30,C6_moins_intense,2016-10-30_009_002,-16.875,14.625,0.0,0.30161988735198975,-0.28152477741241455,-0.30161988735198975,False,False,trace,normale,2016,10,30,304,Phase_3_fin,Fin de saison (Septembre-Octobre),Thiès,Zone soudano-sahélienne,67.3207,6,moins_intense,All_phases
2016-10-30,C6_moins_intense,2016-10-30_009_003,-16.625,14.625,0.18546627461910248,0.2417866438627243,-0.0732867494225502,-0.056320369243621826,False,False,trace,normale,2016,10,30,304,Phase_3_fin,Fin de saison (Septembre-Octobre),Thiès,Zone soudano-sahélienne,94.248985,6,moins_intense,All_phases
2016-10-30,C6_moins_intense,2016-10-30_009_004,-16.375,14.625,0.27051737904548645,0.16642914712429047,0.18127679824829102,0.10408823192119598,False,False,trace,normale,2016,10,30,304,Phase_3_fin,Fin de saison (Septembre-Octobre),Diourbel,Zone soudano-sahélienne,121.17728,6,moins_intense,All_phases
2016-10-30,C6_moins_intense,2016-10-30_009_005,-16.125,14.625,0.0,0.40092194080352783,-0.30459359288215637,-0.40092194080352783,False,False,trace,normale,2016,10,30,304,Phase_3_fin,Fin de saison (Septembre-Octobre),Diourbel,Zone soudano-sahélienne,148.10556,6,moins_intense,All_phases
2016-10-30,C6_moins_intense,2016-10-30_009_006,-15.875,14.625,0.0,0.38428980112075806,-0.3226329982280731,-0.38428980112075806,False,False,trace,normale,2016,10,30,304,Phase_3_fin,Fin de saison (Septembre-Octobre),Diourbel,Zone soudano-sahélienne,175.03384,6,moins_intense,All_phases
2016-10-30,C6_moins_intense,2016-10-30_009_007,-15.625,14.625,0.0,0.44346848130226135,-0.2928169369697571,-0.44346848130226135,False,False,trace,normale,2016,10,30,304,Phase_3_fin,Fin de saison (Septembre-Octobre),Kaffrine,Zone soudano-sahélienne,201.96213,6,moins_intense,All_phases
2016-10-30,C6_moins_intense,2016-10-30_009_008,-15.375,14.625,0.0,0.4898513853549957,-0.2865525186061859,-0.4898513853549957,False,False,trace,normale,2016,10,30,304,Phase_3_fin,Fin de saison (Septembre-Octobre),Kaffrine,Zone soudano-sahélienne,228.8904,6,moins_intense,All_phases
2016-10-30,C6_moins_intense,2016-10-30_009_009,-15.125,14.625,0.1922985315322876,0.4264231324195862,-0.16888096928596497,-0.23412460088729858,False,False,trace,normale,2016,10,30,304,Phase_3_fin,Fin de saison (Septembre-Octobre),Kaffrine,Zone soudano-sahélienne,255.8187,6,moins_intense,All_phases
2016-10-30,C6_moins_intense,2016-10-30_009_010,-14.875,14.625,0.65771484375,0.39932042360305786,0.2606496512889862,0.25839442014694214,False,False,trace,normale,2016,10,30,304,Phase_3_fin,Fin de saison (Septembre-Octobre),Kaffrine,Zone soudano-sahélienne,282.74698,6,moins_intense,All_phases
2016-10-30,C6_moins_intense,2016-10-30_009_011,-14.625,14.625,0.7098451256752014,0.33717861771583557,0.442918598651886,0.37266650795936584,False,False,trace,normale,2016,10,30,304,Phase_3_fin,Fin de saison (Septembre-Octobre),Kaffrine,Zone soudano-sahélienne,309.67526,6,moins_intense,All_phases
2016-10-30,C6_moins_intense,2016-10-30_009_012,-14.375,14.625,0.6540094017982483,0.46921950578689575,0.18646098673343658,0.18478989601135254,False,False,trace,normale,2016,10,30,304,Phase_3_fin,Fin de saison (Septembre-Octobre),Tambacounda,Zone soudano-sahélienne,336.60355,6,moins_intense,All_phases
2016-10-30,C6_moins_intense,2016-10-30_009_013,-14.125,14.625,0.32068881392478943,0.5551021099090576,-0.19869573414325714,-0.2344132959842682,False,False,trace,normale,2016,10,30,304,Phase_3_fin,Fin de saison (Septembre-Octobre),Tambacounda,Zone soudano-sahélienne,363.5318,6,moins_intense,All_phases
2016-10-30,C6_moins_intense,2016-10-30_009_014,-13.875,14.625,0.15826551616191864,0.44292983412742615,-0.29167506098747253,-0.2846643179655075,False,False,trace,normale,2016,10,30,304,Phase_3_fin,Fin de saison (Septembre-Octobre),Tambacounda,Zone soudano-sahélienne,390.4601,6,moins_intense,All_phases
2016-10-30,C6_moins_intense,2016-10-30_009_015,-13.625,14.625,0.0,0.5780826210975647,-0.4647265076637268,-0.5780826210975647,False,False,trace,normale,2016,10,30,304,Phase_3_fin,Fin de saison (Septembre-Octobre),Tambacounda,Zone soudano-sahélienne,417.38837,6,moins_intense,All_phases
2016-10-30,C6_moins_intense,2016-10-30_009_016,-13.375,14.625,0.0,0.5377168655395508,-0.41986528038978577,-0.5377168655395508,False,False,trace,normale,2016,10,30,304,Phase_3_fin,Fin de saison (Septembre-Octobre),Tambacounda,Zone soudano-sahélienne,444.31668,6,moins_intense,All_phases
2016-10-30,C6_moins_intense,2016-10-30_009_017,-13.125,14.625,0.0,0.4202360510826111,-0.3738838732242584,-0.4202360510826111,False,False,trace,normale,2016,10,30,304,Phase_3_fin,Fin de saison (Septembre-Octobre),Tambacounda,Zone soudano-sahélienne,471.24493,6,moins_intense,All_phases
2016-10-30,C6_moins_intense,2016-10-30_009_018,-12.875,14.625,0.0,0.4714778959751129,-0.37458765506744385,-0.4714778959751129,False,False,trace,normale,2016,10,30,304,Phase_3_fin,Fin de saison (Septembre-Octobre),Tambacounda,Zone soudano-sahélienne,498.17322,6,moins_intense,All_phases
2016-10-30,C6_moins_intense,2016-10-30_009_019,-12.625,14.625,0.0,0.4741289019584656,-0.43047255277633667,-0.4741289019584656,False,False,trace,normale,2016,10,30,304,Phase_3_fin,Fin de saison (Septembre-Octobre),Tambacounda,Zone soudano-sahélienne,525.1015,6,moins_intense,All_phases
2016-10-30,C6_moins_intense,2016-10-30_009_020,-12.375,14.625,0.0,0.29277125000953674,-0.3920654356479645,-0.29277125000953674,False,False,trace,normale,2016,10,30,304,Phase_3_fin,Fin de saison (Septembre-Octobre),Tambacounda,Zone soudano-sahélienne,552.0298,6,moins_intense,All_phases
2016-10-30,C6_moins_intense,2016-10-30_010_001,-17.125,14.875,0.3467162549495697,0.22230330109596252,0.15268519520759583,0.12441295385360718,False,False,trace,normale,2016,10,30,304,Phase_3_fin,Fin de saison (Septembre-Octobre),Thiès,Zone soudano-sahélienne,40.346046,6,moins_intense,All_phases
2016-10-30,C6_moins_intense,2016-10-30_010_002,-16.875,14.875,1.2630993127822876,0.3784066438674927,0.7726661562919617,0.8846926689147949,False,False,faible,normale,2016,10,30,304,Phase_3_fin,Fin de saison (Septembre-Octobre),Thiès,Zone soudano-sahélienne,67.243416,6,moins_intense,All_phases
2016-10-30,C6_moins_intense,2016-10-30_010_003,-16.625,14.875,0.19905775785446167,0.2965300381183624,-0.1021176129579544,-0.09747228026390076,False,False,trace,normale,2016,10,30,304,Phase_3_fin,Fin de saison (Septembre-Octobre),Thiès,Zone soudano-sahélienne,94.14078,6,moins_intense,All_phases
2016-10-30,C6_moins_intense,2016-10-30_010_004,-16.375,14.875,0.0,0.2305799126625061,-0.31018680334091187,-0.2305799126625061,False,False,trace,normale,2016,10,30,304,Phase_3_fin,Fin de saison (Septembre-Octobre),Diourbel,Zone soudano-sahélienne,121.03815,6,moins_intense,All_phases
2016-10-30,C6_moins_intense,2016-10-30_010_005,-16.125,14.875,0.0,0.32471540570259094,-0.28186675906181335,-0.32471540570259094,False,False,trace,normale,2016,10,30,304,Phase_3_fin,Fin de saison (Septembre-Octobre),Diourbel,Zone soudano-sahélienne,147.93552,6,moins_intense,All_phases
2016-10-30,C6_moins_intense,2016-10-30_010_006,-15.875,14.875,0.0,0.4803803563117981,-0.3167760968208313,-0.4803803563117981,False,False,trace,normale,2016,10,30,304,Phase_3_fin,Fin de saison (Septembre-Octobre),Diourbel,Zone soudano-sahélienne,174.83289,6,moins_intense,All_phases
2016-10-30,C6_moins_intense,2016-10-30_010_007,-15.625,14.875,0.0,0.4748348891735077,-0.3343908190727234,-0.4748348891735077,False,False,trace,normale,2016,10,30,304,Phase_3_fin,Fin de saison (Septembre-Octobre),Diourbel,Zone soudano-sahélienne,201.73026,6,moins_intense,All_phases
2016-10-30,C6_moins_intense,2016-10-30_010_008,-15.375,14.875,0.0,0.48306962847709656,-0.2873916029930115,-0.48306962847709656,False,False,trace,normale,2016,10,30,304,Phase_3_fin,Fin de saison (Septembre-Octobre),Kaffrine,Zone soudano-sahélienne,228.62761,6,moins_intense,All_phases
2016-10-30,C6_moins_intense,2016-10-30_010_009,-15.125,14.875,0.0,0.5139837265014648,-0.33170467615127563,-0.5139837265014648,False,False,trace,normale,2016,10,30,304,Phase_3_fin,Fin de saison (Septembre-Octobre),Kaffrine,Zone soudano-sahélienne,255.525,6,moins_intense,All_phases
2016-10-30,C6_moins_intense,2016-10-30_010_010,-14.875,14.875,0.0,0.5528932809829712,-0.36706283688545227,-0.5528932809829712,False,False,trace,normale,2016,10,30,304,Phase_3_fin,Fin de saison (Septembre-Octobre),Kaffrine,Zone soudano-sahélienne,282.42233,6,moins_intense,All_phases
2016-10-30,C6_moins_intense,2016-10-30_010_011,-14.625,14.875,0.0,0.44929933547973633,-0.38393649458885193,-0.44929933547973633,False,False,trace,normale,2016,10,30,304,Phase_3_fin,Fin de saison (Septembre-Octobre),Kaffrine,Zone soudano-sahélienne,309.31973,6,moins_intense,All_phases
2016-10-30,C6_moins_intense,2016-10-30_010_012,-14.375,14.875,0.0,0.4837633967399597,-0.446911484003067,-0.4837633967399597,False,False,trace,normale,2016,10,30,304,Phase_3_fin,Fin de saison (Septembre-Octobre),Tambacounda,Zone soudano-sahélienne,336.21707,6,moins_intense,All_phases
2016-10-30,C6_moins_intense,2016-10-30_010_013,-14.125,14.875,0.0,0.38731977343559265,-0.41118907928466797,-0.38731977343559265,False,False,trace,normale,2016,10,30,304,Phase_3_fin,Fin de saison (Septembre-Octobre),Matam,Zone soudano-sahélienne,363.11444,6,moins_intense,All_phases
2016-10-30,C6_moins_intense,2016-10-30_010_014,-13.875,14.875,0.0,0.44275885820388794,-0.45540890097618103,-0.44275885820388794,False,False,trace,normale,2016,10,30,304,Phase_3_fin,Fin de saison (Septembre-Octobre),Matam,Zone soudano-sahélienne,390.0118,6,moins_intense,All_phases
2016-10-30,C6_moins_intense,2016-10-30_010_015,-13.625,14.875,0.0,0.478083997964859,-0.43096235394477844,-0.478083997964859,False,False,trace,normale,2016,10,30,304,Phase_3_fin,Fin de saison (Septembre-Octobre),Matam,Zone soudano-sahélienne,416.90918,6,moins_intense,All_phases
2016-10-30,C6_moins_intense,2016-10-30_010_016,-13.375,14.875,0.0,0.45140311121940613,-0.42844459414482117,-0.45140311121940613,False,False,trace,normale,2016,10,30,304,Phase_3_fin,Fin de saison (Septembre-Octobre),Matam,Zone soudano-sahélienne,443.80655,6,moins_intense,All_phases
2016-10-30,C6_moins_intense,2016-10-30_010_017,-13.125,14.875,0.0,0.42125117778778076,-0.41202178597450256,-0.42125117778778076,False,False,trace,normale,2016,10,30,304,Phase_3_fin,Fin de saison (Septembre-Octobre),Matam,Zone soudano-sahélienne,470.7039,6,moins_intense,All_phases
2016-10-30,C6_moins_intense,2016-10-30_010_018,-12.875,14.875,0.0,0.3915179967880249,-0.4021798074245453,-0.3915179967880249,False,False,trace,normale,2016,10,30,304,Phase_3_fin,Fin de saison (Septembre-Octobre),Matam,Zone soudano-sahélienne,497.60126,6,moins_intense,All_phases
2016-10-30,C6_moins_intense,2016-10-30_010_019,-12.625,14.875,0.0,0.33186647295951843,-0.37246647477149963,-0.33186647295951843,False,False,trace,normale,2016,10,30,304,Phase_3_fin,Fin de saison (Septembre-Octobre),Matam,Zone soudano-sahélienne,524.49866,6,moins_intense,All_phases
2016-10-30,C6_moins_intense,2016-10-30_011_002,-16.875,15.125,0.6154953241348267,0.2898887097835541,0.31530478596687317,0.3256066143512726,False,False,trace,normale,2016,10,30,304,Phase_3_fin,Fin de saison (Septembre-Octobre),Thiès,Zone soudano-sahélienne,67.16484,6,moins_intense,All_phases
2016-10-30,C6_moins_intense,2016-10-30_011_003,-16.625,15.125,0.3969842195510864,0.28758522868156433,0.11977849155664444,0.1093989908695221,False,False,trace,normale,2016,10,30,304,Phase_3_fin,Fin de saison (Septembre-Octobre),Thiès,Zone soudano-sahélienne,94.03078,6,moins_intense,All_phases
2016-10-30,C6_moins_intense,2016-10-30_011_004,-16.375,15.125,1.6104317903518677,0.44351905584335327,0.9158586859703064,1.1669127345085144,False,False,faible,normale,2016,10,30,304,Phase_3_fin,Fin de saison (Septembre-Octobre),Louga,Zone soudano-sahélienne,120.89671,6,moins_intense,All_phases
2016-10-30,C6_moins_intense,2016-10-30_011_005,-16.125,15.125,0.3117583990097046,0.3587972819805145,-0.0423056036233902,-0.047038882970809937,False,False,trace,normale,2016,10,30,304,Phase_3_fin,Fin de saison (Septembre-Octobre),Louga,Zone soudano-sahélienne,147.76265,6,moins_intense,All_phases
2016-10-30,C6_moins_intense,2016-10-30_011_006,-15.875,15.125,0.0,0.4008341133594513,-0.3254055082798004,-0.4008341133594513,False,False,trace,normale,2016,10,30,304,Phase_3_fin,Fin de saison (Septembre-Octobre),Louga,Zone soudano-sahélienne,174.6286,6,moins_intense,All_phases
2016-10-30,C6_moins_intense,2016-10-30_011_007,-15.625,15.125,0.0,0.3768939673900604,-0.3331455588340759,-0.3768939673900604,False,False,trace,normale,2016,10,30,304,Phase_3_fin,Fin de saison (Septembre-Octobre),Louga,Zone soudano-sahélienne,201.49454,6,moins_intense,All_phases
2016-10-30,C6_moins_intense,2016-10-30_011_008,-15.375,15.125,0.0,0.3146635890007019,-0.3005920350551605,-0.3146635890007019,False,False,trace,normale,2016,10,30,304,Phase_3_fin,Fin de saison (Septembre-Octobre),Louga,Zone soudano-sahélienne,228.36046,6,moins_intense,All_phases
2016-10-30,C6_moins_intense,2016-10-30_011_009,-15.125,15.125,0.0,0.4251044988632202,-0.30598562955856323,-0.4251044988632202,False,False,trace,normale,2016,10,30,304,Phase_3_fin,Fin de saison (Septembre-Octobre),Kaffrine,Zone soudano-sahélienne,255.22641,6,moins_intense,All_phases
2016-10-30,C6_moins_intense,2016-10-30_011_010,-14.875,15.125,0.0,0.4643070697784424,-0.3098601698875427,-0.4643070697784424,False,False,trace,normale,2016,10,30,304,Phase_3_fin,Fin de saison (Septembre-Octobre),Kaffrine,Zone soudano-sahélienne,282.09235,6,moins_intense,All_phases
2016-10-30,C6_moins_intense,2016-10-30_011_011,-14.625,15.125,0.0,0.4142020344734192,-0.3269031047821045,-0.4142020344734192,False,False,trace,normale,2016,10,30,304,Phase_3_fin,Fin de saison (Septembre-Octobre),Kaffrine,Zone soudano-sahélienne,308.95828,6,moins_intense,All_phases
2016-10-30,C6_moins_intense,2016-10-30_011_012,-14.375,15.125,0.0,0.35483723878860474,-0.4109381139278412,-0.35483723878860474,False,False,trace,normale,2016,10,30,304,Phase_3_fin,Fin de saison (Septembre-Octobre),Matam,Zone soudano-sahélienne,335.82422,6,moins_intense,All_phases
2016-10-30,C6_moins_intense,2016-10-30_011_013,-14.125,15.125,0.0,0.3351796269416809,-0.3857578933238983,-0.3351796269416809,False,False,trace,normale,2016,10,30,304,Phase_3_fin,Fin de saison (Septembre-Octobre),Matam,Zone soudano-sahélienne,362.69012,6,moins_intense,All_phases
2016-10-30,C6_moins_intense,2016-10-30_011_014,-13.875,15.125,0.0,0.3640432059764862,-0.423834890127182,-0.3640432059764862,False,False,trace,normale,2016,10,30,304,Phase_3_fin,Fin de saison (Septembre-Octobre),Matam,Zone soudano-sahélienne,389.5561,6,moins_intense,All_phases
2016-10-30,C6_moins_intense,2016-10-30_011_015,-13.625,15.125,0.0,0.43270212411880493,-0.37884828448295593,-0.43270212411880493,False,False,trace,normale,2016,10,30,304,Phase_3_fin,Fin de saison (Septembre-Octobre),Matam,Zone soudano-sahélienne,416.42203,6,moins_intense,All_phases
2016-10-30,C6_moins_intense,2016-10-30_011_016,-13.375,15.125,0.0,0.4956880509853363,-0.4031159579753876,-0.4956880509853363,False,False,trace,normale,2016,10,30,304,Phase_3_fin,Fin de saison (Septembre-Octobre),Matam,Zone soudano-sahélienne,443.28796,6,moins_intense,All_phases
2016-10-30,C6_moins_intense,2016-10-30_011_017,-13.125,15.125,0.0,0.3948288857936859,-0.4479052424430847,-0.3948288857936859,False,False,trace,normale,2016,10,30,304,Phase_3_fin,Fin de saison (Septembre-Octobre),Matam,Zone soudano-sahélienne,470.1539,6,moins_intense,All_phases
2016-10-30,C6_moins_intense,2016-10-30_011_018,-12.875,15.125,0.0,0.3070566952228546,-0.4253789186477661,-0.3070566952228546,False,False,trace,normale,2016,10,30,304,Phase_3_fin,Fin de saison (Septembre-Octobre),Matam,Zone soudano-sahélienne,497.0198,6,moins_intense,All_phases
2016-10-30,C6_moins_intense,2016-10-30_012_003,-16.625,15.375,0.0,0.2092970311641693,-0.25747671723365784,-0.2092970311641693,False,False,trace,normale,2016,10,30,304,Phase_3_fin,Fin de saison (Septembre-Octobre),Louga,Zone soudano-sahélienne,93.91899,6,moins_intense,All_phases
2016-10-30,C6_moins_intense,2016-10-30_012_004,-16.375,15.375,0.11444687843322754,0.2944401502609253,-0.18593649566173553,-0.17999327182769775,False,False,trace,normale,2016,10,30,304,Phase_3_fin,Fin de saison (Septembre-Octobre),Louga,Zone soudano-sahélienne,120.75298,6,moins_intense,All_phases
2016-10-30,C6_moins_intense,2016-10-30_012_005,-16.125,15.375,0.0,0.37127721309661865,-0.32680544257164,-0.37127721309661865,False,False,trace,normale,2016,10,30,304,Phase_3_fin,Fin de saison (Septembre-Octobre),Louga,Zone soudano-sahélienne,147.58699,6,moins_intense,All_phases
2016-10-30,C6_moins_intense,2016-10-30_012_006,-15.875,15.375,0.0,0.4346208870410919,-0.40986692905426025,-0.4346208870410919,False,False,trace,normale,2016,10,30,304,Phase_3_fin,Fin de saison (Septembre-Octobre),Louga,Zone soudano-sahélienne,174.42099,6,moins_intense,All_phases
2016-10-30,C6_moins_intense,2016-10-30_012_007,-15.625,15.375,0.0,0.4457455575466156,-0.35359853506088257,-0.4457455575466156,False,False,trace,normale,2016,10,30,304,Phase_3_fin,Fin de saison (Septembre-Octobre),Louga,Zone soudano-sahélienne,201.25497,6,moins_intense,All_phases
2016-10-30,C6_moins_intense,2016-10-30_012_008,-15.375,15.375,0.11226779967546463,0.3604855239391327,-0.22797277569770813,-0.24821772426366806,False,False,trace,normale,2016,10,30,304,Phase_3_fin,Fin de saison (Septembre-Octobre),Louga,Zone soudano-sahélienne,228.08896,6,moins_intense,All_phases
2016-10-30,C6_moins_intense,2016-10-30_012_009,-15.125,15.375,1.1485121250152588,0.484784871339798,0.4563167095184326,0.6637272536754608,False,False,faible,normale,2016,10,30,304,Phase_3_fin,Fin de saison (Septembre-Octobre),Louga,Zone soudano-sahélienne,254.92297,6,moins_intense,All_phases
2016-10-30,C6_moins_intense,2016-10-30_012_010,-14.875,15.375,0.0,0.3683640658855438,-0.31669843196868896,-0.3683640658855438,False,False,trace,normale,2016,10,30,304,Phase_3_fin,Fin de saison (Septembre-Octobre),Louga,Zone soudano-sahélienne,281.75696,6,moins_intense,All_phases
2016-10-30,C6_moins_intense,2016-10-30_012_011,-14.625,15.375,0.0,0.2973474860191345,-0.27829545736312866,-0.2973474860191345,False,False,trace,normale,2016,10,30,304,Phase_3_fin,Fin de saison (Septembre-Octobre),Matam,Zone soudano-sahélienne,308.59097,6,moins_intense,All_phases
2016-10-30,C6_moins_intense,2016-10-30_012_012,-14.375,15.375,0.0,0.36687496304512024,-0.37015992403030396,-0.36687496304512024,False,False,trace,normale,2016,10,30,304,Phase_3_fin,Fin de saison (Septembre-Octobre),Matam,Zone soudano-sahélienne,335.42496,6,moins_intense,All_phases
2016-10-30,C6_moins_intense,2016-10-30_012_013,-14.125,15.375,0.0,0.38291269540786743,-0.3590581715106964,-0.38291269540786743,False,False,trace,normale,2016,10,30,304,Phase_3_fin,Fin de saison (Septembre-Octobre),Matam,Zone soudano-sahélienne,362.25894,6,moins_intense,All_phases
2016-10-30,C6_moins_intense,2016-10-30_012_014,-13.875,15.375,0.0,0.37345921993255615,-0.31832271814346313,-0.37345921993255615,False,False,trace,normale,2016,10,30,304,Phase_3_fin,Fin de saison (Septembre-Octobre),Matam,Zone soudano-sahélienne,389.09296,6,moins_intense,All_phases
2016-10-30,C6_moins_intense,2016-10-30_012_015,-13.625,15.375,0.0,0.31446099281311035,-0.37244316935539246,-0.31446099281311035,False,False,trace,normale,2016,10,30,304,Phase_3_fin,Fin de saison (Septembre-Octobre),Matam,Zone soudano-sahélienne,415.92694,6,moins_intense,All_phases
2016-10-30,C6_moins_intense,2016-10-30_012_016,-13.375,15.375,0.0,0.3582610785961151,-0.3795599341392517,-0.3582610785961151,False,False,trace,normale,2016,10,30,304,Phase_3_fin,Fin de saison (Septembre-Octobre),Matam,Zone soudano-sahélienne,442.76096,6,moins_intense,All_phases
2016-10-30,C6_moins_intense,2016-10-30_012_017,-13.125,15.375,0.0,0.2657502293586731,-0.43560510873794556,-0.2657502293586731,False,False,trace,normale,2016,10,30,304,Phase_3_fin,Fin de saison (Septembre-Octobre),Matam,Zone soudano-sahélienne,469.59494,6,moins_intense,All_phases
2016-10-30,C6_moins_intense,2016-10-30_013_004,-16.375,15.625,0.0,0.3719902038574219,-0.30639487504959106,-0.3719902038574219,False,False,trace,normale,2016,10,30,304,Phase_3_fin,Fin de saison (Septembre-Octobre),Saint-Louis,Zone sahélienne,120.60696,6,moins_intense,All_phases
2016-10-30,C6_moins_intense,2016-10-30_013_005,-16.125,15.625,0.0,0.26953041553497314,-0.2773793935775757,-0.26953041553497314,False,False,trace,normale,2016,10,30,304,Phase_3_fin,Fin de saison (Septembre-Octobre),Saint-Louis,Zone sahélienne,147.40851,6,moins_intense,All_phases
2016-10-30,C6_moins_intense,2016-10-30_013_006,-15.875,15.625,0.07653868943452835,0.31630435585975647,-0.2555951774120331,-0.23976566642522812,False,False,trace,normale,2016,10,30,304,Phase_3_fin,Fin de saison (Septembre-Octobre),Saint-Louis,Zone sahélienne,174.21005,6,moins_intense,All_phases
2016-10-30,C6_moins_intense,2016-10-30_013_007,-15.625,15.625,0.0,0.4738461375236511,-0.36650121212005615,-0.4738461375236511,False,False,trace,normale,2016,10,30,304,Phase_3_fin,Fin de saison (Septembre-Octobre),Saint-Louis,Zone sahélienne,201.0116,6,moins_intense,All_phases
2016-10-30,C6_moins_intense,2016-10-30_013_008,-15.375,15.625,0.0,0.6482527256011963,-0.3728485107421875,-0.6482527256011963,False,False,trace,normale,2016,10,30,304,Phase_3_fin,Fin de saison (Septembre-Octobre),Louga,Zone sahélienne,227.81313,6,moins_intense,All_phases
2016-10-30,C6_moins_intense,2016-10-30_013_009,-15.125,15.625,0.19173038005828857,0.4663454592227936,-0.17894601821899414,-0.274615079164505,False,False,trace,normale,2016,10,30,304,Phase_3_fin,Fin de saison (Septembre-Octobre),Louga,Zone sahélienne,254.6147,6,moins_intense,All_phases
2016-10-30,C6_moins_intense,2016-10-30_013_010,-14.875,15.625,0.0,0.35699477791786194,-0.35448259115219116,-0.35699477791786194,False,False,trace,normale,2016,10,30,304,Phase_3_fin,Fin de saison (Septembre-Octobre),Louga,Zone sahélienne,281.41623,6,moins_intense,All_phases
2016-10-30,C6_moins_intense,2016-10-30_013_011,-14.625,15.625,0.0,0.27596789598464966,-0.2662949562072754,-0.27596789598464966,False,False,trace,normale,2016,10,30,304,Phase_3_fin,Fin de saison (Septembre-Octobre),Matam,Zone sahélienne,308.21777,6,moins_intense,All_phases
2016-10-30,C6_moins_intense,2016-10-30_013_012,-14.375,15.625,0.0,0.27084267139434814,-0.3287120461463928,-0.27084267139434814,False,False,trace,normale,2016,10,30,304,Phase_3_fin,Fin de saison (Septembre-Octobre),Matam,Zone sahélienne,335.01932,6,moins_intense,All_phases
2016-10-30,C6_moins_intense,2016-10-30_013_013,-14.125,15.625,0.0,0.2960784435272217,-0.3530932366847992,-0.2960784435272217,False,False,trace,normale,2016,10,30,304,Phase_3_fin,Fin de saison (Septembre-Octobre),Matam,Zone sahélienne,361.82086,6,moins_intense,All_phases
2016-10-30,C6_moins_intense,2016-10-30_013_014,-13.875,15.625,0.0,0.28368431329727173,-0.2958793044090271,-0.28368431329727173,False,False,trace,normale,2016,10,30,304,Phase_3_fin,Fin de saison (Septembre-Octobre),Matam,Zone sahélienne,388.6224,6,moins_intense,All_phases
2016-10-30,C6_moins_intense,2016-10-30_013_015,-13.625,15.625,0.0,0.2603278160095215,-0.36873164772987366,-0.2603278160095215,False,False,trace,normale,2016,10,30,304,Phase_3_fin,Fin de saison (Septembre-Octobre),Matam,Zone sahélienne,415.42395,6,moins_intense,All_phases
2016-10-30,C6_moins_intense,2016-10-30_013_016,-13.375,15.625,0.0,0.2188934087753296,-0.4304398000240326,-0.2188934087753296,False,False,trace,normale,2016,10,30,304,Phase_3_fin,Fin de saison (Septembre-Octobre),Matam,Zone sahélienne,442.22552,6,moins_intense,All_phases
2016-10-30,C6_moins_intense,2016-10-30_014_004,-16.375,15.875,0.0,0.19648325443267822,-0.27575361728668213,-0.19648325443267822,False,False,trace,normale,2016,10,30,304,Phase_3_fin,Fin de saison (Septembre-Octobre),Saint-Louis,Zone sahélienne,120.45863,6,moins_intense,All_phases
2016-10-30,C6_moins_intense,2016-10-30_014_005,-16.125,15.875,0.0,0.24966304004192352,-0.2541218400001526,-0.24966304004192352,False,False,trace,normale,2016,10,30,304,Phase_3_fin,Fin de saison (Septembre-Octobre),Saint-Louis,Zone sahélienne,147.22722,6,moins_intense,All_phases
2016-10-30,C6_moins_intense,2016-10-30_014_006,-15.875,15.875,0.0,0.26885488629341125,-0.27861112356185913,-0.26885488629341125,False,False,trace,normale,2016,10,30,304,Phase_3_fin,Fin de saison (Septembre-Octobre),Saint-Louis,Zone sahélienne,173.9958,6,moins_intense,All_phases
2016-10-30,C6_moins_intense,2016-10-30_014_007,-15.625,15.875,0.0,0.20653842389583588,-0.41498711705207825,-0.20653842389583588,False,False,trace,normale,2016,10,30,304,Phase_3_fin,Fin de saison (Septembre-Octobre),Saint-Louis,Zone sahélienne,200.76439,6,moins_intense,All_phases
2016-10-30,C6_moins_intense,2016-10-30_014_008,-15.375,15.875,0.0,0.3353094756603241,-0.34586527943611145,-0.3353094756603241,False,False,trace,normale,2016,10,30,304,Phase_3_fin,Fin de saison (Septembre-Octobre),Louga,Zone sahélienne,227.53297,6,moins_intense,All_phases
2016-10-30,C6_moins_intense,2016-10-30_014_009,-15.125,15.875,0.0,0.3800047039985657,-0.3367187976837158,-0.3800047039985657,False,False,trace,normale,2016,10,30,304,Phase_3_fin,Fin de saison (Septembre-Octobre),Louga,Zone sahélienne,254.30157,6,moins_intense,All_phases
2016-10-30,C6_moins_intense,2016-10-30_014_010,-14.875,15.875,0.0,0.3052169978618622,-0.3045242428779602,-0.3052169978618622,False,False,trace,normale,2016,10,30,304,Phase_3_fin,Fin de saison (Septembre-Octobre),Louga,Zone sahélienne,281.07013,6,moins_intense,All_phases
2016-10-30,C6_moins_intense,2016-10-30_014_011,-14.625,15.875,0.0,0.3158540725708008,-0.33656537532806396,-0.3158540725708008,False,False,trace,normale,2016,10,30,304,Phase_3_fin,Fin de saison (Septembre-Octobre),Matam,Zone sahélienne,307.83875,6,moins_intense,All_phases
2016-10-30,C6_moins_intense,2016-10-30_014_012,-14.375,15.875,0.0,0.2576061487197876,-0.2687447965145111,-0.2576061487197876,False,False,trace,normale,2016,10,30,304,Phase_3_fin,Fin de saison (Septembre-Octobre),Matam,Zone sahélienne,334.60733,6,moins_intense,All_phases
2016-10-30,C6_moins_intense,2016-10-30_014_013,-14.125,15.875,0.0,0.2701472342014313,-0.2765045762062073,-0.2701472342014313,False,False,trace,normale,2016,10,30,304,Phase_3_fin,Fin de saison (Septembre-Octobre),Matam,Zone sahélienne,361.3759,6,moins_intense,All_phases
2016-10-30,C6_moins_intense,2016-10-30_014_014,-13.875,15.875,0.0,0.23355633020401,-0.2643531858921051,-0.23355633020401,False,False,trace,normale,2016,10,30,304,Phase_3_fin,Fin de saison (Septembre-Octobre),Matam,Zone sahélienne,388.1445,6,moins_intense,All_phases
2016-10-30,C6_moins_intense,2016-10-30_014_015,-13.625,15.875,0.0,0.1120542511343956,-0.2781115174293518,-0.1120542511343956,False,False,trace,normale,2016,10,30,304,Phase_3_fin,Fin de saison (Septembre-Octobre),Matam,Zone sahélienne,414.91306,6,moins_intense,All_phases
2016-10-30,C6_moins_intense,2016-10-30_014_016,-13.375,15.875,0.0,0.1273127645254135,-0.42686235904693604,-0.1273127645254135,False,False,trace,normale,2016,10,30,304,Phase_3_fin,Fin de saison (Septembre-Octobre),Matam,Zone sahélienne,441.68167,6,moins_intense,All_phases
2016-10-30,C6_moins_intense,2016-10-30_015_004,-16.375,16.125,0.0,0.12393736094236374,-0.31016117334365845,-0.12393736094236374,False,False,trace,normale,2016,10,30,304,Phase_3_fin,Fin de saison (Septembre-Octobre),Saint-Louis,Zone sahélienne,120.308014,6,moins_intense,All_phases
2016-10-30,C6_moins_intense,2016-10-30_015_005,-16.125,16.125,0.0,0.16736435890197754,-0.26725950837135315,-0.16736435890197754,False,False,trace,normale,2016,10,30,304,Phase_3_fin,Fin de saison (Septembre-Octobre),Saint-Louis,Zone sahélienne,147.04314,6,moins_intense,All_phases
2016-10-30,C6_moins_intense,2016-10-30_015_006,-15.875,16.125,0.0,0.2818293571472168,-0.22306637465953827,-0.2818293571472168,False,False,trace,normale,2016,10,30,304,Phase_3_fin,Fin de saison (Septembre-Octobre),Saint-Louis,Zone sahélienne,173.77824,6,moins_intense,All_phases
2016-10-30,C6_moins_intense,2016-10-30_015_007,-15.625,16.125,0.0,0.22014260292053223,-0.25462231040000916,-0.22014260292053223,False,False,trace,normale,2016,10,30,304,Phase_3_fin,Fin de saison (Septembre-Octobre),Saint-Louis,Zone sahélienne,200.51337,6,moins_intense,All_phases
2016-10-30,C6_moins_intense,2016-10-30_015_008,-15.375,16.125,0.0,0.18109099566936493,-0.36713385581970215,-0.18109099566936493,False,False,trace,normale,2016,10,30,304,Phase_3_fin,Fin de saison (Septembre-Octobre),Louga,Zone sahélienne,227.24846,6,moins_intense,All_phases
2016-10-30,C6_moins_intense,2016-10-30_015_009,-15.125,16.125,0.0,0.2720053195953369,-0.35868343710899353,-0.2720053195953369,False,False,trace,normale,2016,10,30,304,Phase_3_fin,Fin de saison (Septembre-Octobre),Louga,Zone sahélienne,253.9836,6,moins_intense,All_phases
2016-10-30,C6_moins_intense,2016-10-30_015_010,-14.875,16.125,0.0,0.35722818970680237,-0.32992902398109436,-0.35722818970680237,False,False,trace,normale,2016,10,30,304,Phase_3_fin,Fin de saison (Septembre-Octobre),Louga,Zone sahélienne,280.7187,6,moins_intense,All_phases
2016-10-30,C6_moins_intense,2016-10-30_015_011,-14.625,16.125,0.0,0.25366124510765076,-0.3036990165710449,-0.25366124510765076,False,False,trace,normale,2016,10,30,304,Phase_3_fin,Fin de saison (Septembre-Octobre),Matam,Zone sahélienne,307.45383,6,moins_intense,All_phases
2016-10-30,C6_moins_intense,2016-10-30_015_012,-14.375,16.125,0.0,0.24726122617721558,-0.30019786953926086,-0.24726122617721558,False,False,trace,normale,2016,10,30,304,Phase_3_fin,Fin de saison (Septembre-Octobre),Matam,Zone sahélienne,334.18893,6,moins_intense,All_phases
2016-10-30,C6_moins_intense,2016-10-30_015_013,-14.125,16.125,0.0,0.24769887328147888,-0.28884539008140564,-0.24769887328147888,False,False,trace,normale,2016,10,30,304,Phase_3_fin,Fin de saison (Septembre-Octobre),Matam,Zone sahélienne,360.92404,6,moins_intense,All_phases
2016-10-30,C6_moins_intense,2016-10-30_015_014,-13.875,16.125,0.0,0.269774466753006,-0.3266088664531708,-0.269774466753006,False,False,trace,normale,2016,10,30,304,Phase_3_fin,Fin de saison (Septembre-Octobre),Matam,Zone sahélienne,387.65915,6,moins_intense,All_phases
2016-10-30,C6_moins_intense,2016-10-30_016_005,-16.125,16.375,0.0,0.11967473477125168,-0.28457942605018616,-0.11967473477125168,False,False,trace,normale,2016,10,30,304,Phase_3_fin,Fin de saison (Septembre-Octobre),Saint-Louis,Zone sahélienne,146.85623,6,moins_intense,All_phases
2016-10-30,C6_moins_intense,2016-10-30_016_006,-15.875,16.375,0.0,0.12316485494375229,-0.24006684124469757,-0.12316485494375229,False,False,trace,normale,2016,10,30,304,Phase_3_fin,Fin de saison (Septembre-Octobre),Saint-Louis,Zone sahélienne,173.55737,6,moins_intense,All_phases
2016-10-30,C6_moins_intense,2016-10-30_016_007,-15.625,16.375,0.0,0.10377282649278641,-0.2550906836986542,-0.10377282649278641,False,False,trace,normale,2016,10,30,304,Phase_3_fin,Fin de saison (Septembre-Octobre),Saint-Louis,Zone sahélienne,200.25851,6,moins_intense,All_phases
2016-10-30,C6_moins_intense,2016-10-30_016_008,-15.375,16.375,0.0,0.09737402945756912,-0.2850968837738037,-0.09737402945756912,False,False,trace,normale,2016,10,30,304,Phase_3_fin,Fin de saison (Septembre-Octobre),Louga,Zone sahélienne,226.95963,6,moins_intense,All_phases
2016-10-30,C6_moins_intense,2016-10-30_016_009,-15.125,16.375,0.0,0.13837100565433502,-0.3287879526615143,-0.13837100565433502,False,False,trace,normale,2016,10,30,304,Phase_3_fin,Fin de saison (Septembre-Octobre),Louga,Zone sahélienne,253.66078,6,moins_intense,All_phases
2016-10-30,C6_moins_intense,2016-10-30_016_010,-14.875,16.375,0.0,0.19686299562454224,-0.316491961479187,-0.19686299562454224,False,False,trace,normale,2016,10,30,304,Phase_3_fin,Fin de saison (Septembre-Octobre),Louga,Zone sahélienne,280.3619,6,moins_intense,All_phases
2016-10-30,C6_moins_intense,2016-10-30_016_011,-14.625,16.375,0.0,0.24395953118801117,-0.3284541666507721,-0.24395953118801117,False,False,trace,normale,2016,10,30,304,Phase_3_fin,Fin de saison (Septembre-Octobre),Matam,Zone sahélienne,307.06305,6,moins_intense,All_phases
2016-10-30,C6_moins_intense,2016-10-30_016_012,-14.375,16.375,0.0,0.22168807685375214,-0.3084818124771118,-0.22168807685375214,False,False,trace,normale,2016,10,30,304,Phase_3_fin,Fin de saison (Septembre-Octobre),Matam,Zone sahélienne,333.76416,6,moins_intense,All_phases
2016-10-30,C6_moins_intense,2016-10-30_016_013,-14.125,16.375,0.0,0.15163789689540863,-0.2605808973312378,-0.15163789689540863,False,False,trace,normale,2016,10,30,304,Phase_3_fin,Fin de saison (Septembre-Octobre),Matam,Zone sahélienne,360.4653,6,moins_intense,All_phases
2016-10-30,C6_moins_intense,2016-10-30_017_010,-14.875,16.625,0.0,0.1347206085920334,-0.2751680016517639,-0.1347206085920334,False,False,trace,normale,2016,10,30,304,Phase_3_fin,Fin de saison (Septembre-Octobre),Louga,Zone sahélienne,279.9998,6,moins_intense,All_phases
2016-10-30,C6_moins_intense,2016-10-30_017_011,-14.625,16.625,0.0,0.1597657948732376,-0.3077320456504822,-0.1597657948732376,False,False,trace,normale,2016,10,30,304,Phase_3_fin,Fin de saison (Septembre-Octobre),Matam,Zone sahélienne,306.66644,6,moins_intense,All_phases
2016-10-30,C6_moins_intense,2016-10-30_017_012,-14.375,16.625,0.0,0.0962696373462677,-0.27784356474876404,-0.0962696373462677,False,False,trace,normale,2016,10,30,304,Phase_3_fin,Fin de saison (Septembre-Octobre),Matam,Zone sahélienne,333.33307,6,moins_intense,All_phases
1998-09-11,C6_plus_grande_couverture,1998-09-11_000_003,-16.625,12.375,2.305962562561035,13.215826034545898,-0.7229617238044739,-10.909863471984863,False,False,faible,normale,1998,9,11,254,Phase_3_fin,Fin de saison (Septembre-Octobre),Ziguinchor,Zone soudanienne,95.14188,6,plus_grande_couverture,All_phases
1998-09-11,C6_plus_grande_couverture,1998-09-11_000_004,-16.375,12.375,2.421489715576172,14.035004615783691,-0.7438057065010071,-11.61351490020752,False,False,faible,normale,1998,9,11,254,Phase_3_fin,Fin de saison (Septembre-Octobre),Ziguinchor,Zone soudanienne,122.32527,6,plus_grande_couverture,All_phases
1998-09-11,C6_plus_grande_couverture,1998-09-11_000_020,-12.375,12.375,32.89208221435547,12.621654510498047,1.5965911149978638,20.270427703857422,False,True,forte,humide,1998,9,11,254,Phase_3_fin,Fin de saison (Septembre-Octobre),Kédougou,Zone soudanienne,557.2596,6,plus_grande_couverture,All_phases
1998-09-11,C6_plus_grande_couverture,1998-09-11_001_003,-16.625,12.625,4.870208263397217,13.928275108337402,-0.6049392819404602,-9.058066844940186,False,False,faible,normale,1998,9,11,254,Phase_3_fin,Fin de saison (Septembre-Octobre),Ziguinchor,Zone soudanienne,95.04989,6,plus_grande_couverture,All_phases
1998-09-11,C6_plus_grande_couverture,1998-09-11_001_004,-16.375,12.625,2.590503454208374,14.70717716217041,-0.7642300724983215,-12.116673707962036,False,False,faible,normale,1998,9,11,254,Phase_3_fin,Fin de saison (Septembre-Octobre),Ziguinchor,Zone soudanienne,122.20701,6,plus_grande_couverture,All_phases
1998-09-11,C6_plus_grande_couverture,1998-09-11_001_005,-16.125,12.625,1.4208343029022217,12.395309448242188,-0.8038750886917114,-10.974475145339966,False,False,faible,normale,1998,9,11,254,Phase_3_fin,Fin de saison (Septembre-Octobre),Sédhiou,Zone soudanienne,149.36412,6,plus_grande_couverture,All_phases
1998-09-11,C6_plus_grande_couverture,1998-09-11_001_006,-15.875,12.625,1.9059933423995972,10.65737533569336,-0.6918376088142395,-8.751381993293762,False,False,faible,normale,1998,9,11,254,Phase_3_fin,Fin de saison (Septembre-Octobre),Sédhiou,Zone soudanienne,176.52124,6,plus_grande_couverture,All_phases
1998-09-11,C6_plus_grande_couverture,1998-09-11_001_007,-15.625,12.625,5.663090229034424,10.01484489440918,-0.4042191803455353,-4.351754665374756,False,False,moderee,normale,1998,9,11,254,Phase_3_fin,Fin de saison (Septembre-Octobre),Sédhiou,Zone soudanienne,203.67834,6,plus_grande_couverture,All_phases
1998-09-11,C6_plus_grande_couverture,1998-09-11_001_008,-15.375,12.625,5.638072490692139,9.125456809997559,-0.3500068485736847,-3.48738431930542,False,False,moderee,normale,1998,9,11,254,Phase_3_fin,Fin de saison (Septembre-Octobre),Kolda,Zone soudanienne,230.83545,6,plus_grande_couverture,All_phases
1998-09-11,C6_plus_grande_couverture,1998-09-11_001_018,-12.875,12.625,16.8679256439209,12.069117546081543,0.3955550789833069,4.7988080978393555,False,False,moderee,normale,1998,9,11,254,Phase_3_fin,Fin de saison (Septembre-Octobre),Kédougou,Zone soudanienne,502.40656,6,plus_grande_couverture,All_phases
1998-09-11,C6_plus_grande_couverture,1998-09-11_001_019,-12.625,12.625,24.766494750976562,11.217567443847656,1.115138053894043,13.548927307128906,False,True,forte,humide,1998,9,11,254,Phase_3_fin,Fin de saison (Septembre-Octobre),Kédougou,Zone soudanienne,529.56366,6,plus_grande_couverture,All_phases
1998-09-11,C6_plus_grande_couverture,1998-09-11_001_020,-12.375,12.625,36.53083419799805,12.084754943847656,1.8553217649459839,24.44607925415039,False,True,forte,humide,1998,9,11,254,Phase_3_fin,Fin de saison (Septembre-Octobre),Kédougou,Zone soudanienne,556.7208,6,plus_grande_couverture,All_phases
1998-09-11,C6_plus_grande_couverture,1998-09-11_001_021,-12.125,12.625,32.35166931152344,11.50149154663086,1.6437325477600098,20.850177764892578,False,True,forte,humide,1998,9,11,254,Phase_3_fin,Fin de saison (Septembre-Octobre),Kédougou,Zone soudanienne,583.87787,6,plus_grande_couverture,All_phases
1998-09-11,C6_plus_grande_couverture,1998-09-11_001_022,-11.875,12.625,33.158199310302734,9.997681617736816,2.104904890060425,23.160517692565918,True,True,forte,tres humide,1998,9,11,254,Phase_3_fin,Fin de saison (Septembre-Octobre),Kédougou,Zone soudanienne,611.03503,6,plus_grande_couverture,All_phases
1998-09-11,C6_plus_grande_couverture,1998-09-11_001_023,-11.625,12.625,38.95344161987305,9.68020248413086,2.760206699371338,29.273239135742188,True,True,forte,tres humide,1998,9,11,254,Phase_3_fin,Fin de saison (Septembre-Octobre),Kédougou,Zone soudanienne,638.19214,6,plus_grande_couverture,All_phases
1998-09-11,C6_plus_grande_couverture,1998-09-11_002_003,-16.625,12.875,7.618784427642822,12.618213653564453,-0.3269224464893341,-4.999429225921631,False,False,moderee,normale,1998,9,11,254,Phase_3_fin,Fin de saison (Septembre-Octobre),Ziguinchor,Zone soudanienne,94.95609,6,plus_grande_couverture,All_phases
1998-09-11,C6_plus_grande_couverture,1998-09-11_002_004,-16.375,12.875,4.72572135925293,11.318588256835938,-0.5180584192276001,-6.592866897583008,False,False,faible,normale,1998,9,11,254,Phase_3_fin,Fin de saison (Septembre-Octobre),Ziguinchor,Zone soudanienne,122.08641,6,plus_grande_couverture,All_phases
1998-09-11,C6_plus_grande_couverture,1998-09-11_002_005,-16.125,12.875,1.3946741819381714,9.422406196594238,-0.7476661801338196,-8.027732014656067,False,False,faible,normale,1998,9,11,254,Phase_3_fin,Fin de saison (Septembre-Octobre),Sédhiou,Zone soudanienne,149.21672,6,plus_grande_couverture,All_phases
1998-09-11,C6_plus_grande_couverture,1998-09-11_002_006,-15.875,12.875,1.6700434684753418,8.66666030883789,-0.7175248861312866,-6.996616840362549,False,False,faible,normale,1998,9,11,254,Phase_3_fin,Fin de saison (Septembre-Octobre),Sédhiou,Zone soudanienne,176.34703,6,plus_grande_couverture,All_phases
1998-09-11,C6_plus_grande_couverture,1998-09-11_002_007,-15.625,12.875,6.124701499938965,9.135272979736328,-0.2961448132991791,-3.0105714797973633,False,False,moderee,normale,1998,9,11,254,Phase_3_fin,Fin de saison (Septembre-Octobre),Sédhiou,Zone soudanienne,203.47736,6,plus_grande_couverture,All_phases
1998-09-11,C6_plus_grande_couverture,1998-09-11_002_008,-15.375,12.875,6.1009745597839355,9.322965621948242,-0.33227652311325073,-3.2219910621643066,False,False,moderee,normale,1998,9,11,254,Phase_3_fin,Fin de saison (Septembre-Octobre),Kolda,Zone soudanienne,230.60765,6,plus_grande_couverture,All_phases
1998-09-11,C6_plus_grande_couverture,1998-09-11_002_009,-15.125,12.875,23.29572296142578,9.915563583374023,1.2978357076644897,13.380159378051758,False,True,forte,humide,1998,9,11,254,Phase_3_fin,Fin de saison (Septembre-Octobre),Kolda,Zone soudanienne,257.73798,6,plus_grande_couverture,All_phases
1998-09-11,C6_plus_grande_couverture,1998-09-11_002_010,-14.875,12.875,26.540752410888672,9.576432228088379,1.6402357816696167,16.964320182800293,False,True,forte,humide,1998,9,11,254,Phase_3_fin,Fin de saison (Septembre-Octobre),Kolda,Zone soudanienne,284.8683,6,plus_grande_couverture,All_phases
1998-09-11,C6_plus_grande_couverture,1998-09-11_002_011,-14.625,12.875,30.925809860229492,8.888275146484375,2.2987253665924072,22.037534713745117,True,True,forte,tres humide,1998,9,11,254,Phase_3_fin,Fin de saison (Septembre-Octobre),Kolda,Zone soudanienne,311.9986,6,plus_grande_couverture,All_phases
1998-09-11,C6_plus_grande_couverture,1998-09-11_002_012,-14.375,12.875,31.943706512451172,9.631868362426758,2.3503823280334473,22.311838150024414,True,True,forte,tres humide,1998,9,11,254,Phase_3_fin,Fin de saison (Septembre-Octobre),Kolda,Zone soudanienne,339.1289,6,plus_grande_couverture,All_phases
1998-09-11,C6_plus_grande_couverture,1998-09-11_002_013,-14.125,12.875,35.22243118286133,9.865067481994629,2.4901981353759766,25.3573637008667,True,True,forte,tres humide,1998,9,11,254,Phase_3_fin,Fin de saison (Septembre-Octobre),Kolda,Zone soudanienne,366.25922,6,plus_grande_couverture,All_phases
1998-09-11,C6_plus_grande_couverture,1998-09-11_002_014,-13.875,12.875,38.26427459716797,10.316760063171387,2.701781988143921,27.947514533996582,True,True,forte,tres humide,1998,9,11,254,Phase_3_fin,Fin de saison (Septembre-Octobre),Tambacounda,Zone soudanienne,393.38953,6,plus_grande_couverture,All_phases
1998-09-11,C6_plus_grande_couverture,1998-09-11_002_015,-13.625,12.875,31.404218673706055,9.789843559265137,2.3095884323120117,21.614375114440918,True,True,forte,tres humide,1998,9,11,254,Phase_3_fin,Fin de saison (Septembre-Octobre),Tambacounda,Zone soudanienne,420.51984,6,plus_grande_couverture,All_phases
1998-09-11,C6_plus_grande_couverture,1998-09-11_002_016,-13.375,12.875,21.52859115600586,8.61419677734375,1.609663724899292,12.91439437866211,False,True,forte,humide,1998,9,11,254,Phase_3_fin,Fin de saison (Septembre-Octobre),Tambacounda,Zone soudanienne,447.65018,6,plus_grande_couverture,All_phases
1998-09-11,C6_plus_grande_couverture,1998-09-11_002_017,-13.125,12.875,32.39244079589844,9.962594985961914,2.1626973152160645,22.429845809936523,True,True,forte,tres humide,1998,9,11,254,Phase_3_fin,Fin de saison (Septembre-Octobre),Kédougou,Zone soudanienne,474.78046,6,plus_grande_couverture,All_phases
1998-09-11,C6_plus_grande_couverture,1998-09-11_002_018,-12.875,12.875,30.040254592895508,11.205574035644531,1.6242828369140625,18.834680557250977,False,True,forte,humide,1998,9,11,254,Phase_3_fin,Fin de saison (Septembre-Octobre),Kédougou,Zone soudanienne,501.91077,6,plus_grande_couverture,All_phases
1998-09-11,C6_plus_grande_couverture,1998-09-11_002_019,-12.625,12.875,32.748291015625,11.06006145477295,1.7818305492401123,21.68822956085205,False,True,forte,humide,1998,9,11,254,Phase_3_fin,Fin de saison (Septembre-Octobre),Kédougou,Zone soudanienne,529.0411,6,plus_grande_couverture,All_phases
1998-09-11,C6_plus_grande_couverture,1998-09-11_002_020,-12.375,12.875,50.1004753112793,11.348231315612793,3.0082449913024902,38.752243995666504,True,True,tres forte,exceptionnelle,1998,9,11,254,Phase_3_fin,Fin de saison (Septembre-Octobre),Kédougou,Zone soudanienne,556.17145,6,plus_grande_couverture,All_phases
1998-09-11,C6_plus_grande_couverture,1998-09-11_002_021,-12.125,12.875,42.005035400390625,10.490406036376953,2.6407694816589355,31.514629364013672,True,True,forte,tres humide,1998,9,11,254,Phase_3_fin,Fin de saison (Septembre-Octobre),Kédougou,Zone soudanienne,583.3017,6,plus_grande_couverture,All_phases
1998-09-11,C6_plus_grande_couverture,1998-09-11_002_022,-11.875,12.875,34.22113037109375,9.819367408752441,2.2188644409179688,24.40176296234131,True,True,forte,tres humide,1998,9,11,254,Phase_3_fin,Fin de saison (Septembre-Octobre),Kédougou,Zone soudanienne,610.432,6,plus_grande_couverture,All_phases
1998-09-11,C6_plus_grande_couverture,1998-09-11_002_023,-11.625,12.875,37.44756317138672,8.204302787780762,3.0658535957336426,29.243260383605957,True,True,forte,exceptionnelle,1998,9,11,254,Phase_3_fin,Fin de saison (Septembre-Octobre),Kédougou,Zone soudanienne,637.5624,6,plus_grande_couverture,All_phases
1998-09-11,C6_plus_grande_couverture,1998-09-11_003_003,-16.625,13.125,12.789813995361328,9.625643730163574,0.26617661118507385,3.164170265197754,False,False,moderee,normale,1998,9,11,254,Phase_3_fin,Fin de saison (Septembre-Octobre),Ziguinchor,Zone soudanienne,94.86048,6,plus_grande_couverture,All_phases
1998-09-11,C6_plus_grande_couverture,1998-09-11_003_004,-16.375,13.125,15.370064735412598,8.982630729675293,0.5898381471633911,6.387434005737305,False,False,moderee,normale,1998,9,11,254,Phase_3_fin,Fin de saison (Septembre-Octobre),Ziguinchor,Zone soudanienne,121.96348,6,plus_grande_couverture,All_phases
1998-09-11,C6_plus_grande_couverture,1998-09-11_003_005,-16.125,13.125,6.2674994468688965,8.173090934753418,-0.21344760060310364,-1.9055914878845215,False,False,moderee,normale,1998,9,11,254,Phase_3_fin,Fin de saison (Septembre-Octobre),Sédhiou,Zone soudanienne,149.06648,6,plus_grande_couverture,All_phases
1998-09-11,C6_plus_grande_couverture,1998-09-11_003_006,-15.875,13.125,5.640936374664307,8.132619857788086,-0.24911218881607056,-2.4916834831237793,False,False,moderee,normale,1998,9,11,254,Phase_3_fin,Fin de saison (Septembre-Octobre),Sédhiou,Zone soudanienne,176.16948,6,plus_grande_couverture,All_phases
1998-09-11,C6_plus_grande_couverture,1998-09-11_003_007,-15.625,13.125,8.420550346374512,8.470243453979492,-0.005198381375521421,-0.04969310760498047,False,False,moderee,normale,1998,9,11,254,Phase_3_fin,Fin de saison (Septembre-Octobre),Sédhiou,Zone soudanienne,203.27248,6,plus_grande_couverture,All_phases
1998-09-11,C6_plus_grande_couverture,1998-09-11_003_008,-15.375,13.125,6.971484184265137,8.417863845825195,-0.17643392086029053,-1.4463796615600586,False,False,moderee,normale,1998,9,11,254,Phase_3_fin,Fin de saison (Septembre-Octobre),Kolda,Zone soudanienne,230.37546,6,plus_grande_couverture,All_phases
1998-09-11,C6_plus_grande_couverture,1998-09-11_003_009,-15.125,13.125,23.113319396972656,8.752577781677246,1.6568717956542969,14.36074161529541,False,True,forte,humide,1998,9,11,254,Phase_3_fin,Fin de saison (Septembre-Octobre),Kolda,Zone soudanienne,257.47845,6,plus_grande_couverture,All_phases
1998-09-11,C6_plus_grande_couverture,1998-09-11_003_010,-14.875,13.125,25.34390640258789,9.179935455322266,1.7552769184112549,16.163970947265625,False,True,forte,humide,1998,9,11,254,Phase_3_fin,Fin de saison (Septembre-Octobre),Kolda,Zone soudanienne,284.58145,6,plus_grande_couverture,All_phases
1998-09-11,C6_plus_grande_couverture,1998-09-11_003_011,-14.625,13.125,31.651531219482422,8.924769401550293,2.637016773223877,22.72676181793213,True,True,forte,tres humide,1998,9,11,254,Phase_3_fin,Fin de saison (Septembre-Octobre),Kolda,Zone soudanienne,311.68445,6,plus_grande_couverture,All_phases
1998-09-11,C6_plus_grande_couverture,1998-09-11_003_012,-14.375,13.125,33.24751663208008,9.075881958007812,2.8520162105560303,24.171634674072266,True,True,forte,tres humide,1998,9,11,254,Phase_3_fin,Fin de saison (Septembre-Octobre),Tambacounda,Zone soudanienne,338.78745,6,plus_grande_couverture,All_phases
1998-09-11,C6_plus_grande_couverture,1998-09-11_003_013,-14.125,13.125,27.016796112060547,8.528609275817871,2.2900941371917725,18.488186836242676,True,True,forte,tres humide,1998,9,11,254,Phase_3_fin,Fin de saison (Septembre-Octobre),Tambacounda,Zone soudanienne,365.89044,6,plus_grande_couverture,All_phases
1998-09-11,C6_plus_grande_couverture,1998-09-11_003_014,-13.875,13.125,21.600378036499023,8.499649047851562,1.6128861904144287,13.100728988647461,False,True,forte,humide,1998,9,11,254,Phase_3_fin,Fin de saison (Septembre-Octobre),Tambacounda,Zone soudanienne,392.99344,6,plus_grande_couverture,All_phases
1998-09-11,C6_plus_grande_couverture,1998-09-11_003_015,-13.625,13.125,30.034685134887695,9.103168487548828,2.3793418407440186,20.931516647338867,True,True,forte,tres humide,1998,9,11,254,Phase_3_fin,Fin de saison (Septembre-Octobre),Tambacounda,Zone soudanienne,420.09644,6,plus_grande_couverture,All_phases
1998-09-11,C6_plus_grande_couverture,1998-09-11_003_016,-13.375,13.125,30.176963806152344,8.466161727905273,2.406226634979248,21.71080207824707,True,True,forte,tres humide,1998,9,11,254,Phase_3_fin,Fin de saison (Septembre-Octobre),Tambacounda,Zone soudanienne,447.19943,6,plus_grande_couverture,All_phases
1998-09-11,C6_plus_grande_couverture,1998-09-11_003_017,-13.125,13.125,33.40089797973633,9.347931861877441,2.2537550926208496,24.052966117858887,True,True,forte,tres humide,1998,9,11,254,Phase_3_fin,Fin de saison (Septembre-Octobre),Tambacounda,Zone soudanienne,474.30243,6,plus_grande_couverture,All_phases
1998-09-11,C6_plus_grande_couverture,1998-09-11_003_018,-12.875,13.125,38.138031005859375,9.896169662475586,2.5481436252593994,28.24186134338379,True,True,forte,tres humide,1998,9,11,254,Phase_3_fin,Fin de saison (Septembre-Octobre),Tambacounda,Zone soudanienne,501.4054,6,plus_grande_couverture,All_phases
1998-09-11,C6_plus_grande_couverture,1998-09-11_003_019,-12.625,13.125,35.43962097167969,9.996960639953613,2.1820614337921143,25.442660331726074,True,True,forte,tres humide,1998,9,11,254,Phase_3_fin,Fin de saison (Septembre-Octobre),Tambacounda,Zone soudanienne,528.5084,6,plus_grande_couverture,All_phases
1998-09-11,C6_plus_grande_couverture,1998-09-11_003_020,-12.375,13.125,50.76908874511719,10.044082641601562,3.2183713912963867,40.725006103515625,True,True,tres forte,exceptionnelle,1998,9,11,254,Phase_3_fin,Fin de saison (Septembre-Octobre),Tambacounda,Zone soudanienne,555.61145,6,plus_grande_couverture,All_phases
1998-09-11,C6_plus_grande_couverture,1998-09-11_003_021,-12.125,13.125,50.21736145019531,9.283056259155273,3.3211402893066406,40.93430519104004,True,True,tres forte,exceptionnelle,1998,9,11,254,Phase_3_fin,Fin de saison (Septembre-Octobre),Tambacounda,Zone soudanienne,582.71436,6,plus_grande_couverture,All_phases
1998-09-11,C6_plus_grande_couverture,1998-09-11_003_022,-11.875,13.125,38.395751953125,7.898181915283203,3.184809684753418,30.497570037841797,True,True,forte,exceptionnelle,1998,9,11,254,Phase_3_fin,Fin de saison (Septembre-Octobre),Tambacounda,Zone soudanienne,609.8174,6,plus_grande_couverture,All_phases
1998-09-11,C6_plus_grande_couverture,1998-09-11_003_023,-11.625,13.125,37.145320892333984,6.896366596221924,3.4996397495269775,30.24895429611206,True,True,forte,exceptionnelle,1998,9,11,254,Phase_3_fin,Fin de saison (Septembre-Octobre),Tambacounda,Zone soudanienne,636.9204,6,plus_grande_couverture,All_phases
1998-09-11,C6_plus_grande_couverture,1998-09-11_004_009,-15.125,13.375,28.515033721923828,7.834567546844482,2.675170660018921,20.680466175079346,True,True,forte,tres humide,1998,9,11,254,Phase_3_fin,Fin de saison (Septembre-Octobre),Kolda,Zone soudanienne,257.21408,6,plus_grande_couverture,All_phases
1998-09-11,C6_plus_grande_couverture,1998-09-11_004_010,-14.875,13.375,19.97199058532715,7.041085720062256,1.635217308998108,12.930904865264893,False,False,moderee,humide,1998,9,11,254,Phase_3_fin,Fin de saison (Septembre-Octobre),Kolda,Zone soudanienne,284.2892,6,plus_grande_couverture,All_phases
1998-09-11,C6_plus_grande_couverture,1998-09-11_004_015,-13.625,13.375,22.8349609375,8.582505226135254,1.6011788845062256,14.252455711364746,False,True,forte,humide,1998,9,11,254,Phase_3_fin,Fin de saison (Septembre-Octobre),Tambacounda,Zone soudanienne,419.66504,6,plus_grande_couverture,All_phases
1998-09-11,C6_plus_grande_couverture,1998-09-11_004_016,-13.375,13.375,31.92815399169922,8.657807350158691,2.442026376724243,23.270346641540527,True,True,forte,tres humide,1998,9,11,254,Phase_3_fin,Fin de saison (Septembre-Octobre),Tambacounda,Zone soudanienne,446.7402,6,plus_grande_couverture,All_phases
1998-09-11,C6_plus_grande_couverture,1998-09-11_004_017,-13.125,13.375,34.79231262207031,8.713199615478516,2.564655303955078,26.079113006591797,True,True,forte,tres humide,1998,9,11,254,Phase_3_fin,Fin de saison (Septembre-Octobre),Tambacounda,Zone soudanienne,473.81537,6,plus_grande_couverture,All_phases
1998-09-11,C6_plus_grande_couverture,1998-09-11_004_018,-12.875,13.375,34.865360260009766,9.078143119812012,2.3108558654785156,25.787217140197754,True,True,forte,tres humide,1998,9,11,254,Phase_3_fin,Fin de saison (Septembre-Octobre),Tambacounda,Zone soudanienne,500.89053,6,plus_grande_couverture,All_phases
1998-09-11,C6_plus_grande_couverture,1998-09-11_004_019,-12.625,13.375,33.392738342285156,9.020036697387695,2.17645263671875,24.37270164489746,True,True,forte,tres humide,1998,9,11,254,Phase_3_fin,Fin de saison (Septembre-Octobre),Tambacounda,Zone soudanienne,527.9657,6,plus_grande_couverture,All_phases
1998-09-11,C6_plus_grande_couverture,1998-09-11_004_020,-12.375,13.375,46.57475280761719,9.08523941040039,3.1303420066833496,37.4895133972168,True,True,forte,exceptionnelle,1998,9,11,254,Phase_3_fin,Fin de saison (Septembre-Octobre),Tambacounda,Zone soudanienne,555.0409,6,plus_grande_couverture,All_phases
1998-09-11,C6_plus_grande_couverture,1998-09-11_004_021,-12.125,13.375,39.131195068359375,8.390579223632812,2.9818458557128906,30.740615844726562,True,True,forte,tres humide,1998,9,11,254,Phase_3_fin,Fin de saison (Septembre-Octobre),Tambacounda,Zone soudanienne,582.116,6,plus_grande_couverture,All_phases
1998-09-11,C6_plus_grande_couverture,1998-09-11_004_022,-11.875,13.375,46.89946365356445,8.132637023925781,3.4438316822052,38.76682662963867,True,True,forte,exceptionnelle,1998,9,11,254,Phase_3_fin,Fin de saison (Septembre-Octobre),Tambacounda,Zone soudanienne,609.19116,6,plus_grande_couverture,All_phases
1998-09-11,C6_plus_grande_couverture,1998-09-11_004_023,-11.625,13.375,41.124271392822266,6.53643798828125,3.8396806716918945,34.587833404541016,True,True,forte,exceptionnelle,1998,9,11,254,Phase_3_fin,Fin de saison (Septembre-Octobre),Tambacounda,Zone soudanienne,636.26636,6,plus_grande_couverture,All_phases
1998-09-11,C6_plus_grande_couverture,1998-09-11_005_004,-16.375,13.625,15.478194236755371,6.560117721557617,1.1114109754562378,8.918076515197754,False,False,moderee,humide,1998,9,11,254,Phase_3_fin,Fin de saison (Septembre-Octobre),Kaolack,Zone soudano-sahélienne,121.71068,6,plus_grande_couverture,All_phases
1998-09-11,C6_plus_grande_couverture,1998-09-11_005_005,-16.125,13.625,7.5805487632751465,6.532963752746582,0.12796242535114288,1.0475850105285645,False,False,moderee,normale,1998,9,11,254,Phase_3_fin,Fin de saison (Septembre-Octobre),Kaolack,Zone soudano-sahélienne,148.75749,6,plus_grande_couverture,All_phases
1998-09-11,C6_plus_grande_couverture,1998-09-11_005_006,-15.875,13.625,8.1028413772583,6.51914644241333,0.2123294472694397,1.5836949348449707,False,False,moderee,normale,1998,9,11,254,Phase_3_fin,Fin de saison (Septembre-Octobre),Kaffrine,Zone soudano-sahélienne,175.80432,6,plus_grande_couverture,All_phases
1998-09-11,C6_plus_grande_couverture,1998-09-11_005_007,-15.625,13.625,16.63301658630371,7.083259105682373,1.258664846420288,9.549757480621338,False,False,moderee,humide,1998,9,11,254,Phase_3_fin,Fin de saison (Septembre-Octobre),Kaffrine,Zone soudano-sahélienne,202.85114,6,plus_grande_couverture,All_phases
1998-09-11,C6_plus_grande_couverture,1998-09-11_005_012,-14.375,13.625,32.655513763427734,7.795725345611572,2.939457893371582,24.859788417816162,True,True,forte,tres humide,1998,9,11,254,Phase_3_fin,Fin de saison (Septembre-Octobre),Tambacounda,Zone soudano-sahélienne,338.0852,6,plus_grande_couverture,All_phases
1998-09-11,C6_plus_grande_couverture,1998-09-11_005_013,-14.125,13.625,34.611976623535156,8.083181381225586,3.032691717147827,26.52879524230957,True,True,forte,exceptionnelle,1998,9,11,254,Phase_3_fin,Fin de saison (Septembre-Octobre),Tambacounda,Zone soudano-sahélienne,365.13202,6,plus_grande_couverture,All_phases
1998-09-11,C6_plus_grande_couverture,1998-09-11_005_014,-13.875,13.625,31.410329818725586,9.255376815795898,2.2565510272979736,22.154953002929688,True,True,forte,tres humide,1998,9,11,254,Phase_3_fin,Fin de saison (Septembre-Octobre),Tambacounda,Zone soudano-sahélienne,392.17886,6,plus_grande_couverture,All_phases
1998-09-11,C6_plus_grande_couverture,1998-09-11_005_015,-13.625,13.625,31.024446487426758,9.19994068145752,2.051940679550171,21.82450580596924,True,True,forte,tres humide,1998,9,11,254,Phase_3_fin,Fin de saison (Septembre-Octobre),Tambacounda,Zone soudano-sahélienne,419.22565,6,plus_grande_couverture,All_phases
1998-09-11,C6_plus_grande_couverture,1998-09-11_005_016,-13.375,13.625,36.16595458984375,9.456698417663574,2.3405187129974365,26.709256172180176,True,True,forte,tres humide,1998,9,11,254,Phase_3_fin,Fin de saison (Septembre-Octobre),Tambacounda,Zone soudano-sahélienne,446.2725,6,plus_grande_couverture,All_phases
1998-09-11,C6_plus_grande_couverture,1998-09-11_005_017,-13.125,13.625,33.95746612548828,9.505382537841797,2.2467103004455566,24.452083587646484,True,True,forte,tres humide,1998,9,11,254,Phase_3_fin,Fin de saison (Septembre-Octobre),Tambacounda,Zone soudano-sahélienne,473.3193,6,plus_grande_couverture,All_phases
1998-09-11,C6_plus_grande_couverture,1998-09-11_005_018,-12.875,13.625,32.76774978637695,9.352679252624512,2.1885793209075928,23.41507053375244,True,True,forte,tres humide,1998,9,11,254,Phase_3_fin,Fin de saison (Septembre-Octobre),Tambacounda,Zone soudano-sahélienne,500.3661,6,plus_grande_couverture,All_phases
1998-09-11,C6_plus_grande_couverture,1998-09-11_005_019,-12.625,13.625,45.677085876464844,9.421306610107422,3.2499735355377197,36.25577926635742,True,True,forte,exceptionnelle,1998,9,11,254,Phase_3_fin,Fin de saison (Septembre-Octobre),Tambacounda,Zone soudano-sahélienne,527.4129,6,plus_grande_couverture,All_phases
1998-09-11,C6_plus_grande_couverture,1998-09-11_005_020,-12.375,13.625,39.24844741821289,8.911056518554688,2.830503225326538,30.337390899658203,True,True,forte,tres humide,1998,9,11,254,Phase_3_fin,Fin de saison (Septembre-Octobre),Tambacounda,Zone soudano-sahélienne,554.4598,6,plus_grande_couverture,All_phases
1998-09-11,C6_plus_grande_couverture,1998-09-11_005_021,-12.125,13.625,41.71928405761719,8.108388900756836,3.3186047077178955,33.61089515686035,True,True,forte,exceptionnelle,1998,9,11,254,Phase_3_fin,Fin de saison (Septembre-Octobre),Tambacounda,Zone soudano-sahélienne,581.50653,6,plus_grande_couverture,All_phases
1998-09-11,C6_plus_grande_couverture,1998-09-11_006_003,-16.625,13.875,20.519180297851562,8.746023178100586,1.0730116367340088,11.773157119750977,False,True,forte,humide,1998,9,11,254,Phase_3_fin,Fin de saison (Septembre-Octobre),Fatick,Zone soudano-sahélienne,94.562836,6,plus_grande_couverture,All_phases
1998-09-11,C6_plus_grande_couverture,1998-09-11_006_004,-16.375,13.875,15.331072807312012,6.978784084320068,1.0040806531906128,8.352288722991943,False,False,moderee,humide,1998,9,11,254,Phase_3_fin,Fin de saison (Septembre-Octobre),Fatick,Zone soudano-sahélienne,121.580795,6,plus_grande_couverture,All_phases
1998-09-11,C6_plus_grande_couverture,1998-09-11_006_005,-16.125,13.875,7.2281012535095215,5.295547008514404,0.3007190525531769,1.9325542449951172,False,False,moderee,normale,1998,9,11,254,Phase_3_fin,Fin de saison (Septembre-Octobre),Fatick,Zone soudano-sahélienne,148.59875,6,plus_grande_couverture,All_phases
1998-09-11,C6_plus_grande_couverture,1998-09-11_006_006,-15.875,13.875,7.572723388671875,5.887722015380859,0.2609369456768036,1.6850013732910156,False,False,moderee,normale,1998,9,11,254,Phase_3_fin,Fin de saison (Septembre-Octobre),Kaolack,Zone soudano-sahélienne,175.6167,6,plus_grande_couverture,All_phases
1998-09-11,C6_plus_grande_couverture,1998-09-11_006_007,-15.625,13.875,22.764711380004883,6.401165008544922,2.262709379196167,16.36354637145996,True,True,forte,tres humide,1998,9,11,254,Phase_3_fin,Fin de saison (Septembre-Octobre),Kaolack,Zone soudano-sahélienne,202.63466,6,plus_grande_couverture,All_phases
1998-09-11,C6_plus_grande_couverture,1998-09-11_006_008,-15.375,13.875,26.470430374145508,6.621559143066406,2.6065268516540527,19.8488712310791,True,True,forte,tres humide,1998,9,11,254,Phase_3_fin,Fin de saison (Septembre-Octobre),Kaffrine,Zone soudano-sahélienne,229.6526,6,plus_grande_couverture,All_phases
1998-09-11,C6_plus_grande_couverture,1998-09-11_006_009,-15.125,13.875,23.888774871826172,6.975112438201904,2.232541084289551,16.913662433624268,True,True,forte,tres humide,1998,9,11,254,Phase_3_fin,Fin de saison (Septembre-Octobre),Kaffrine,Zone soudano-sahélienne,256.67056,6,plus_grande_couverture,All_phases
1998-09-11,C6_plus_grande_couverture,1998-09-11_006_010,-14.875,13.875,22.72588348388672,7.350170135498047,1.954309105873108,15.375713348388672,False,True,forte,humide,1998,9,11,254,Phase_3_fin,Fin de saison (Septembre-Octobre),Kaffrine,Zone soudano-sahélienne,283.6885,6,plus_grande_couverture,All_phases
1998-09-11,C6_plus_grande_couverture,1998-09-11_006_011,-14.625,13.875,20.890993118286133,7.036208152770996,1.8638237714767456,13.854784965515137,False,True,forte,humide,1998,9,11,254,Phase_3_fin,Fin de saison (Septembre-Octobre),Kaffrine,Zone soudano-sahélienne,310.70648,6,plus_grande_couverture,All_phases
1998-09-11,C6_plus_grande_couverture,1998-09-11_006_012,-14.375,13.875,21.434480667114258,6.780200481414795,1.924162745475769,14.654280185699463,False,True,forte,humide,1998,9,11,254,Phase_3_fin,Fin de saison (Septembre-Octobre),Tambacounda,Zone soudano-sahélienne,337.72443,6,plus_grande_couverture,All_phases
1998-09-11,C6_plus_grande_couverture,1998-09-11_006_013,-14.125,13.875,26.96792984008789,7.436309814453125,2.43639874458313,19.531620025634766,True,True,forte,tres humide,1998,9,11,254,Phase_3_fin,Fin de saison (Septembre-Octobre),Tambacounda,Zone soudano-sahélienne,364.74237,6,plus_grande_couverture,All_phases
1998-09-11,C6_plus_grande_couverture,1998-09-11_006_014,-13.875,13.875,35.0380973815918,8.022259712219238,2.9201900959014893,27.01583766937256,True,True,forte,tres humide,1998,9,11,254,Phase_3_fin,Fin de saison (Septembre-Octobre),Tambacounda,Zone soudano-sahélienne,391.76035,6,plus_grande_couverture,All_phases
1998-09-11,C6_plus_grande_couverture,1998-09-11_006_015,-13.625,13.875,37.052669525146484,8.414796829223633,2.834726095199585,28.63787269592285,True,True,forte,tres humide,1998,9,11,254,Phase_3_fin,Fin de saison (Septembre-Octobre),Tambacounda,Zone soudano-sahélienne,418.7783,6,plus_grande_couverture,All_phases
1998-09-11,C6_plus_grande_couverture,1998-09-11_006_016,-13.375,13.875,33.501380920410156,9.20876693725586,2.3227622509002686,24.292613983154297,True,True,forte,tres humide,1998,9,11,254,Phase_3_fin,Fin de saison (Septembre-Octobre),Tambacounda,Zone soudano-sahélienne,445.79623,6,plus_grande_couverture,All_phases
1998-09-11,C6_plus_grande_couverture,1998-09-11_006_017,-13.125,13.875,26.436622619628906,8.91064739227295,1.882978916168213,17.525975227355957,False,True,forte,humide,1998,9,11,254,Phase_3_fin,Fin de saison (Septembre-Octobre),Tambacounda,Zone soudano-sahélienne,472.81418,6,plus_grande_couverture,All_phases
1998-09-11,C6_plus_grande_couverture,1998-09-11_006_018,-12.875,13.875,25.700817108154297,8.310441970825195,1.9387328624725342,17.3903751373291,False,True,forte,humide,1998,9,11,254,Phase_3_fin,Fin de saison (Septembre-Octobre),Tambacounda,Zone soudano-sahélienne,499.83212,6,plus_grande_couverture,All_phases
1998-09-11,C6_plus_grande_couverture,1998-09-11_006_019,-12.625,13.875,45.27293014526367,8.568231582641602,3.712587356567383,36.70469856262207,True,True,forte,exceptionnelle,1998,9,11,254,Phase_3_fin,Fin de saison (Septembre-Octobre),Tambacounda,Zone soudano-sahélienne,526.8501,6,plus_grande_couverture,All_phases
1998-09-11,C6_plus_grande_couverture,1998-09-11_006_020,-12.375,13.875,36.870174407958984,8.062342643737793,3.117825746536255,28.80783176422119,True,True,forte,exceptionnelle,1998,9,11,254,Phase_3_fin,Fin de saison (Septembre-Octobre),Tambacounda,Zone soudano-sahélienne,553.86804,6,plus_grande_couverture,All_phases
1998-09-11,C6_plus_grande_couverture,1998-09-11_006_021,-12.125,13.875,35.88093566894531,6.903436660766602,3.429205894470215,28.97749900817871,True,True,forte,exceptionnelle,1998,9,11,254,Phase_3_fin,Fin de saison (Septembre-Octobre),Tambacounda,Zone soudano-sahélienne,580.886,6,plus_grande_couverture,All_phases
1998-09-11,C6_plus_grande_couverture,1998-09-11_007_003,-16.625,14.125,24.224077224731445,7.153750896453857,1.814534068107605,17.070326328277588,False,True,forte,humide,1998,9,11,254,Phase_3_fin,Fin de saison (Septembre-Octobre),Fatick,Zone soudano-sahélienne,94.460014,6,plus_grande_couverture,All_phases
1998-09-11,C6_plus_grande_couverture,1998-09-11_007_004,-16.375,14.125,18.509170532226562,6.904786586761475,1.3164749145507812,11.604383945465088,False,False,moderee,humide,1998,9,11,254,Phase_3_fin,Fin de saison (Septembre-Octobre),Fatick,Zone soudano-sahélienne,121.44859,6,plus_grande_couverture,All_phases
1998-09-11,C6_plus_grande_couverture,1998-09-11_007_005,-16.125,14.125,7.662176609039307,5.534286022186279,0.2949509918689728,2.1278905868530273,False,False,moderee,normale,1998,9,11,254,Phase_3_fin,Fin de saison (Septembre-Octobre),Fatick,Zone soudano-sahélienne,148.43718,6,plus_grande_couverture,All_phases
1998-09-11,C6_plus_grande_couverture,1998-09-11_007_006,-15.875,14.125,5.934026718139648,5.3961052894592285,0.08236981928348541,0.5379214286804199,False,False,moderee,normale,1998,9,11,254,Phase_3_fin,Fin de saison (Septembre-Octobre),Kaolack,Zone soudano-sahélienne,175.42575,6,plus_grande_couverture,All_phases
1998-09-11,C6_plus_grande_couverture,1998-09-11_007_007,-15.625,14.125,17.63741683959961,6.144066333770752,1.6775263547897339,11.493350505828857,False,False,moderee,humide,1998,9,11,254,Phase_3_fin,Fin de saison (Septembre-Octobre),Kaolack,Zone soudano-sahélienne,202.41434,6,plus_grande_couverture,All_phases
1998-09-11,C6_plus_grande_couverture,1998-09-11_007_008,-15.375,14.125,19.757001876831055,6.426751613616943,1.9164981842041016,13.330250263214111,False,False,moderee,humide,1998,9,11,254,Phase_3_fin,Fin de saison (Septembre-Octobre),Kaffrine,Zone soudano-sahélienne,229.4029,6,plus_grande_couverture,All_phases
1998-09-11,C6_plus_grande_couverture,1998-09-11_007_009,-15.125,14.125,20.63848114013672,6.562107563018799,2.0812828540802,14.07637357711792,True,True,forte,tres humide,1998,9,11,254,Phase_3_fin,Fin de saison (Septembre-Octobre),Kaffrine,Zone soudano-sahélienne,256.39148,6,plus_grande_couverture,All_phases
1998-09-11,C6_plus_grande_couverture,1998-09-11_007_010,-14.875,14.125,19.872726440429688,6.125283241271973,2.1805801391601562,13.747443199157715,True,False,moderee,tres humide,1998,9,11,254,Phase_3_fin,Fin de saison (Septembre-Octobre),Kaffrine,Zone soudano-sahélienne,283.38007,6,plus_grande_couverture,All_phases
1998-09-11,C6_plus_grande_couverture,1998-09-11_007_011,-14.625,14.125,13.462862968444824,5.794435977935791,1.383712887763977,7.668426990509033,False,False,moderee,humide,1998,9,11,254,Phase_3_fin,Fin de saison (Septembre-Octobre),Kaffrine,Zone soudano-sahélienne,310.36865,6,plus_grande_couverture,All_phases
1998-09-11,C6_plus_grande_couverture,1998-09-11_007_012,-14.375,14.125,19.184024810791016,5.873985767364502,2.192422389984131,13.310039043426514,True,False,moderee,tres humide,1998,9,11,254,Phase_3_fin,Fin de saison (Septembre-Octobre),Tambacounda,Zone soudano-sahélienne,337.3572,6,plus_grande_couverture,All_phases
1998-09-11,C6_plus_grande_couverture,1998-09-11_007_013,-14.125,14.125,21.580522537231445,6.577857494354248,2.1477766036987305,15.002665042877197,True,True,forte,tres humide,1998,9,11,254,Phase_3_fin,Fin de saison (Septembre-Octobre),Tambacounda,Zone soudano-sahélienne,364.34576,6,plus_grande_couverture,All_phases
1998-09-11,C6_plus_grande_couverture,1998-09-11_007_014,-13.875,14.125,25.981542587280273,7.230292797088623,2.30265736579895,18.75124979019165,True,True,forte,tres humide,1998,9,11,254,Phase_3_fin,Fin de saison (Septembre-Octobre),Tambacounda,Zone soudano-sahélienne,391.33438,6,plus_grande_couverture,All_phases
1998-09-11,C6_plus_grande_couverture,1998-09-11_007_015,-13.625,14.125,26.900135040283203,7.711967945098877,2.1616294384002686,19.188167095184326,True,True,forte,tres humide,1998,9,11,254,Phase_3_fin,Fin de saison (Septembre-Octobre),Tambacounda,Zone soudano-sahélienne,418.32294,6,plus_grande_couverture,All_phases
1998-09-11,C6_plus_grande_couverture,1998-09-11_007_016,-13.375,14.125,22.112058639526367,8.195316314697266,1.5683695077896118,13.916742324829102,False,True,forte,humide,1998,9,11,254,Phase_3_fin,Fin de saison (Septembre-Octobre),Tambacounda,Zone soudano-sahélienne,445.31152,6,plus_grande_couverture,All_phases
1998-09-11,C6_plus_grande_couverture,1998-09-11_007_017,-13.125,14.125,13.451343536376953,7.685131072998047,0.7052091360092163,5.766212463378906,False,False,moderee,normale,1998,9,11,254,Phase_3_fin,Fin de saison (Septembre-Octobre),Tambacounda,Zone soudano-sahélienne,472.30008,6,plus_grande_couverture,All_phases
1998-09-11,C6_plus_grande_couverture,1998-09-11_007_018,-12.875,14.125,10.978227615356445,7.314534664154053,0.48771077394485474,3.6636929512023926,False,False,moderee,normale,1998,9,11,254,Phase_3_fin,Fin de saison (Septembre-Octobre),Tambacounda,Zone soudano-sahélienne,499.28867,6,plus_grande_couverture,All_phases
1998-09-11,C6_plus_grande_couverture,1998-09-11_007_019,-12.625,14.125,30.274703979492188,7.482105255126953,2.7377588748931885,22.792598724365234,True,True,forte,tres humide,1998,9,11,254,Phase_3_fin,Fin de saison (Septembre-Octobre),Tambacounda,Zone soudano-sahélienne,526.2772,6,plus_grande_couverture,All_phases
1998-09-11,C6_plus_grande_couverture,1998-09-11_007_020,-12.375,14.125,29.377405166625977,6.981186866760254,2.805691719055176,22.396218299865723,True,True,forte,tres humide,1998,9,11,254,Phase_3_fin,Fin de saison (Septembre-Octobre),Tambacounda,Zone soudano-sahélienne,553.2658,6,plus_grande_couverture,All_phases
1998-09-11,C6_plus_grande_couverture,1998-09-11_007_021,-12.125,14.125,32.59584045410156,6.524514675140381,3.2643563747406006,26.07132577896118,True,True,forte,exceptionnelle,1998,9,11,254,Phase_3_fin,Fin de saison (Septembre-Octobre),Tambacounda,Zone soudano-sahélienne,580.2544,6,plus_grande_couverture,All_phases
1998-09-11,C6_plus_grande_couverture,1998-09-11_008_002,-16.875,14.375,23.887874603271484,6.043515205383301,2.138415813446045,17.844359397888184,True,True,forte,tres humide,1998,9,11,254,Phase_3_fin,Fin de saison (Septembre-Octobre),Thiès,Zone soudano-sahélienne,67.39671,6,plus_grande_couverture,All_phases
1998-09-11,C6_plus_grande_couverture,1998-09-11_008_003,-16.625,14.375,11.658537864685059,5.923387050628662,0.7294942140579224,5.7351508140563965,False,False,moderee,normale,1998,9,11,254,Phase_3_fin,Fin de saison (Septembre-Octobre),Fatick,Zone soudano-sahélienne,94.3554,6,plus_grande_couverture,All_phases
1998-09-11,C6_plus_grande_couverture,1998-09-11_008_004,-16.375,14.375,5.7349395751953125,4.859870910644531,0.12576068937778473,0.8750686645507812,False,False,moderee,normale,1998,9,11,254,Phase_3_fin,Fin de saison (Septembre-Octobre),Diourbel,Zone soudano-sahélienne,121.314095,6,plus_grande_couverture,All_phases
1998-09-11,C6_plus_grande_couverture,1998-09-11_008_005,-16.125,14.375,7.607881546020508,5.407338619232178,0.3049909174442291,2.20054292678833,False,False,moderee,normale,1998,9,11,254,Phase_3_fin,Fin de saison (Septembre-Octobre),Diourbel,Zone soudano-sahélienne,148.27278,6,plus_grande_couverture,All_phases
1998-09-11,C6_plus_grande_couverture,1998-09-11_008_006,-15.875,14.375,7.4445905685424805,5.494119644165039,0.29958587884902954,1.9504709243774414,False,False,moderee,normale,1998,9,11,254,Phase_3_fin,Fin de saison (Septembre-Octobre),Diourbel,Zone soudano-sahélienne,175.23148,6,plus_grande_couverture,All_phases
1998-09-11,C6_plus_grande_couverture,1998-09-11_008_007,-15.625,14.375,10.769615173339844,5.901455402374268,0.7139371633529663,4.868159770965576,False,False,moderee,normale,1998,9,11,254,Phase_3_fin,Fin de saison (Septembre-Octobre),Kaolack,Zone soudano-sahélienne,202.19016,6,plus_grande_couverture,All_phases
1998-09-11,C6_plus_grande_couverture,1998-09-11_008_008,-15.375,14.375,9.211499214172363,5.918245315551758,0.5222713947296143,3.2932538986206055,False,False,moderee,normale,1998,9,11,254,Phase_3_fin,Fin de saison (Septembre-Octobre),Kaffrine,Zone soudano-sahélienne,229.14883,6,plus_grande_couverture,All_phases
1998-09-11,C6_plus_grande_couverture,1998-09-11_008_009,-15.125,14.375,11.708423614501953,6.511146545410156,0.7523609399795532,5.197277069091797,False,False,moderee,normale,1998,9,11,254,Phase_3_fin,Fin de saison (Septembre-Octobre),Kaffrine,Zone soudano-sahélienne,256.10754,6,plus_grande_couverture,All_phases
1998-09-11,C6_plus_grande_couverture,1998-09-11_008_010,-14.875,14.375,9.180667877197266,5.753206253051758,0.5187724232673645,3.427461624145508,False,False,moderee,normale,1998,9,11,254,Phase_3_fin,Fin de saison (Septembre-Octobre),Kaffrine,Zone soudano-sahélienne,283.06622,6,plus_grande_couverture,All_phases
1998-09-11,C6_plus_grande_couverture,1998-09-11_008_011,-14.625,14.375,9.4696044921875,5.2278313636779785,0.7410967350006104,4.2417731285095215,False,False,moderee,normale,1998,9,11,254,Phase_3_fin,Fin de saison (Septembre-Octobre),Kaffrine,Zone soudano-sahélienne,310.0249,6,plus_grande_couverture,All_phases
1998-09-11,C6_plus_grande_couverture,1998-09-11_008_012,-14.375,14.375,18.382009506225586,5.370574474334717,2.1664211750030518,13.01143503189087,True,False,moderee,tres humide,1998,9,11,254,Phase_3_fin,Fin de saison (Septembre-Octobre),Tambacounda,Zone soudano-sahélienne,336.98358,6,plus_grande_couverture,All_phases
1998-09-11,C6_plus_grande_couverture,1998-09-11_008_013,-14.125,14.375,25.275941848754883,6.06540060043335,2.57106351852417,19.210541248321533,True,True,forte,tres humide,1998,9,11,254,Phase_3_fin,Fin de saison (Septembre-Octobre),Tambacounda,Zone soudano-sahélienne,363.94226,6,plus_grande_couverture,All_phases
1998-09-11,C6_plus_grande_couverture,1998-09-11_008_014,-13.875,14.375,29.02752113342285,7.066159248352051,2.5514798164367676,21.9613618850708,True,True,forte,tres humide,1998,9,11,254,Phase_3_fin,Fin de saison (Septembre-Octobre),Tambacounda,Zone soudano-sahélienne,390.90097,6,plus_grande_couverture,All_phases
1998-09-11,C6_plus_grande_couverture,1998-09-11_008_015,-13.625,14.375,31.187196731567383,7.808877468109131,2.5327823162078857,23.378319263458252,True,True,forte,tres humide,1998,9,11,254,Phase_3_fin,Fin de saison (Septembre-Octobre),Tambacounda,Zone soudano-sahélienne,417.85965,6,plus_grande_couverture,All_phases
1998-09-11,C6_plus_grande_couverture,1998-09-11_008_016,-13.375,14.375,28.508155822753906,7.600037097930908,2.4485695362091064,20.908118724822998,True,True,forte,tres humide,1998,9,11,254,Phase_3_fin,Fin de saison (Septembre-Octobre),Tambacounda,Zone soudano-sahélienne,444.81833,6,plus_grande_couverture,All_phases
1998-09-11,C6_plus_grande_couverture,1998-09-11_008_017,-13.125,14.375,26.537853240966797,7.316405773162842,2.440423011779785,19.221447467803955,True,True,forte,tres humide,1998,9,11,254,Phase_3_fin,Fin de saison (Septembre-Octobre),Tambacounda,Zone soudano-sahélienne,471.777,6,plus_grande_couverture,All_phases
1998-09-11,C6_plus_grande_couverture,1998-09-11_008_018,-12.875,14.375,15.402612686157227,7.51442289352417,1.0065701007843018,7.888189792633057,False,False,moderee,humide,1998,9,11,254,Phase_3_fin,Fin de saison (Septembre-Octobre),Tambacounda,Zone soudano-sahélienne,498.7357,6,plus_grande_couverture,All_phases
1998-09-11,C6_plus_grande_couverture,1998-09-11_008_019,-12.625,14.375,31.160964965820312,7.371467113494873,3.0454277992248535,23.78949785232544,True,True,forte,exceptionnelle,1998,9,11,254,Phase_3_fin,Fin de saison (Septembre-Octobre),Tambacounda,Zone soudano-sahélienne,525.6944,6,plus_grande_couverture,All_phases
1998-09-11,C6_plus_grande_couverture,1998-09-11_008_020,-12.375,14.375,33.09489822387695,6.732036590576172,3.5122594833374023,26.36286163330078,True,True,forte,exceptionnelle,1998,9,11,254,Phase_3_fin,Fin de saison (Septembre-Octobre),Tambacounda,Zone soudano-sahélienne,552.6531,6,plus_grande_couverture,All_phases
1998-09-11,C6_plus_grande_couverture,1998-09-11_009_001,-17.125,14.625,29.629947662353516,5.339014530181885,3.1028590202331543,24.29093313217163,True,True,forte,exceptionnelle,1998,9,11,254,Phase_3_fin,Fin de saison (Septembre-Octobre),Dakar,Zone soudano-sahélienne,40.39242,6,plus_grande_couverture,All_phases
1998-09-11,C6_plus_grande_couverture,1998-09-11_009_002,-16.875,14.625,31.800983428955078,5.660059452056885,3.30682373046875,26.140923976898193,True,True,forte,exceptionnelle,1998,9,11,254,Phase_3_fin,Fin de saison (Septembre-Octobre),Thiès,Zone soudano-sahélienne,67.3207,6,plus_grande_couverture,All_phases
1998-09-11,C6_plus_grande_couverture,1998-09-11_009_003,-16.625,14.625,23.670974731445312,6.470096111297607,1.9556972980499268,17.200878620147705,False,True,forte,humide,1998,9,11,254,Phase_3_fin,Fin de saison (Septembre-Octobre),Thiès,Zone soudano-sahélienne,94.248985,6,plus_grande_couverture,All_phases
1998-09-11,C6_plus_grande_couverture,1998-09-11_009_004,-16.375,14.625,21.400808334350586,5.972249507904053,1.6882214546203613,15.428558826446533,False,True,forte,humide,1998,9,11,254,Phase_3_fin,Fin de saison (Septembre-Octobre),Diourbel,Zone soudano-sahélienne,121.17728,6,plus_grande_couverture,All_phases
1998-09-11,C6_plus_grande_couverture,1998-09-11_009_005,-16.125,14.625,11.04848861694336,6.215243816375732,0.5784201622009277,4.833244800567627,False,False,moderee,normale,1998,9,11,254,Phase_3_fin,Fin de saison (Septembre-Octobre),Diourbel,Zone soudano-sahélienne,148.10556,6,plus_grande_couverture,All_phases
1998-09-11,C6_plus_grande_couverture,1998-09-11_009_006,-15.875,14.625,7.76969051361084,5.6044721603393555,0.29775968194007874,2.1652183532714844,False,False,moderee,normale,1998,9,11,254,Phase_3_fin,Fin de saison (Septembre-Octobre),Diourbel,Zone soudano-sahélienne,175.03384,6,plus_grande_couverture,All_phases
1998-09-11,C6_plus_grande_couverture,1998-09-11_009_007,-15.625,14.625,15.960062026977539,6.390321731567383,1.2289807796478271,9.569740295410156,False,False,moderee,humide,1998,9,11,254,Phase_3_fin,Fin de saison (Septembre-Octobre),Kaffrine,Zone soudano-sahélienne,201.96213,6,plus_grande_couverture,All_phases
1998-09-11,C6_plus_grande_couverture,1998-09-11_009_008,-15.375,14.625,9.915401458740234,6.374444961547852,0.4619430899620056,3.540956497192383,False,False,moderee,normale,1998,9,11,254,Phase_3_fin,Fin de saison (Septembre-Octobre),Kaffrine,Zone soudano-sahélienne,228.8904,6,plus_grande_couverture,All_phases
1998-09-11,C6_plus_grande_couverture,1998-09-11_009_009,-15.125,14.625,7.996984958648682,6.8164544105529785,0.14857929944992065,1.1805305480957031,False,False,moderee,normale,1998,9,11,254,Phase_3_fin,Fin de saison (Septembre-Octobre),Kaffrine,Zone soudano-sahélienne,255.8187,6,plus_grande_couverture,All_phases
1998-09-11,C6_plus_grande_couverture,1998-09-11_009_010,-14.875,14.625,5.733273983001709,6.855495929718018,-0.14624834060668945,-1.1222219467163086,False,False,moderee,normale,1998,9,11,254,Phase_3_fin,Fin de saison (Septembre-Octobre),Kaffrine,Zone soudano-sahélienne,282.74698,6,plus_grande_couverture,All_phases
1998-09-11,C6_plus_grande_couverture,1998-09-11_009_011,-14.625,14.625,13.814593315124512,6.156973838806152,1.1311944723129272,7.657619476318359,False,False,moderee,humide,1998,9,11,254,Phase_3_fin,Fin de saison (Septembre-Octobre),Kaffrine,Zone soudano-sahélienne,309.67526,6,plus_grande_couverture,All_phases
1998-09-11,C6_plus_grande_couverture,1998-09-11_009_012,-14.375,14.625,15.598501205444336,5.484443187713623,1.6098885536193848,10.114058017730713,False,False,moderee,humide,1998,9,11,254,Phase_3_fin,Fin de saison (Septembre-Octobre),Tambacounda,Zone soudano-sahélienne,336.60355,6,plus_grande_couverture,All_phases
1998-09-11,C6_plus_grande_couverture,1998-09-11_009_013,-14.125,14.625,16.260244369506836,5.65635347366333,1.662894368171692,10.603890895843506,False,False,moderee,humide,1998,9,11,254,Phase_3_fin,Fin de saison (Septembre-Octobre),Tambacounda,Zone soudano-sahélienne,363.5318,6,plus_grande_couverture,All_phases
1998-09-11,C6_plus_grande_couverture,1998-09-11_009_014,-13.875,14.625,25.148847579956055,6.4051833152771,2.5874640941619873,18.743664264678955,True,True,forte,tres humide,1998,9,11,254,Phase_3_fin,Fin de saison (Septembre-Octobre),Tambacounda,Zone soudano-sahélienne,390.4601,6,plus_grande_couverture,All_phases
1998-09-11,C6_plus_grande_couverture,1998-09-11_009_015,-13.625,14.625,33.33407974243164,6.438287734985352,3.373927354812622,26.89579200744629,True,True,forte,exceptionnelle,1998,9,11,254,Phase_3_fin,Fin de saison (Septembre-Octobre),Tambacounda,Zone soudano-sahélienne,417.38837,6,plus_grande_couverture,All_phases
1998-09-11,C6_plus_grande_couverture,1998-09-11_009_016,-13.375,14.625,28.86858367919922,6.791084289550781,2.8743062019348145,22.077499389648438,True,True,forte,tres humide,1998,9,11,254,Phase_3_fin,Fin de saison (Septembre-Octobre),Tambacounda,Zone soudano-sahélienne,444.31668,6,plus_grande_couverture,All_phases
1998-09-11,C6_plus_grande_couverture,1998-09-11_009_017,-13.125,14.625,30.111726760864258,7.149411201477051,2.8917999267578125,22.962315559387207,True,True,forte,tres humide,1998,9,11,254,Phase_3_fin,Fin de saison (Septembre-Octobre),Tambacounda,Zone soudano-sahélienne,471.24493,6,plus_grande_couverture,All_phases
1998-09-11,C6_plus_grande_couverture,1998-09-11_009_018,-12.875,14.625,24.907981872558594,7.109503269195557,2.220092296600342,17.798478603363037,True,True,forte,tres humide,1998,9,11,254,Phase_3_fin,Fin de saison (Septembre-Octobre),Tambacounda,Zone soudano-sahélienne,498.17322,6,plus_grande_couverture,All_phases
1998-09-11,C6_plus_grande_couverture,1998-09-11_009_019,-12.625,14.625,27.754579544067383,6.899694442749023,2.7162575721740723,20.85488510131836,True,True,forte,tres humide,1998,9,11,254,Phase_3_fin,Fin de saison (Septembre-Octobre),Tambacounda,Zone soudano-sahélienne,525.1015,6,plus_grande_couverture,All_phases
1998-09-11,C6_plus_grande_couverture,1998-09-11_009_020,-12.375,14.625,28.626352310180664,5.852398872375488,3.3135225772857666,22.773953437805176,True,True,forte,exceptionnelle,1998,9,11,254,Phase_3_fin,Fin de saison (Septembre-Octobre),Tambacounda,Zone soudano-sahélienne,552.0298,6,plus_grande_couverture,All_phases
1998-09-11,C6_plus_grande_couverture,1998-09-11_010_001,-17.125,14.875,40.6272087097168,6.118941307067871,3.8875274658203125,34.508267402648926,True,True,forte,exceptionnelle,1998,9,11,254,Phase_3_fin,Fin de saison (Septembre-Octobre),Thiès,Zone soudano-sahélienne,40.346046,6,plus_grande_couverture,All_phases
1998-09-11,C6_plus_grande_couverture,1998-09-11_010_002,-16.875,14.875,39.919151306152344,6.129246234893799,3.8652586936950684,33.789905071258545,True,True,forte,exceptionnelle,1998,9,11,254,Phase_3_fin,Fin de saison (Septembre-Octobre),Thiès,Zone soudano-sahélienne,67.243416,6,plus_grande_couverture,All_phases
1998-09-11,C6_plus_grande_couverture,1998-09-11_010_003,-16.625,14.875,39.77714157104492,6.1642584800720215,3.7657182216644287,33.6128830909729,True,True,forte,exceptionnelle,1998,9,11,254,Phase_3_fin,Fin de saison (Septembre-Octobre),Thiès,Zone soudano-sahélienne,94.14078,6,plus_grande_couverture,All_phases
1998-09-11,C6_plus_grande_couverture,1998-09-11_010_004,-16.375,14.875,38.58134460449219,5.918838977813721,3.517043352127075,32.66250562667847,True,True,forte,exceptionnelle,1998,9,11,254,Phase_3_fin,Fin de saison (Septembre-Octobre),Diourbel,Zone soudano-sahélienne,121.03815,6,plus_grande_couverture,All_phases
1998-09-11,C6_plus_grande_couverture,1998-09-11_010_005,-16.125,14.875,17.94060516357422,5.523562431335449,1.610757827758789,12.41704273223877,False,False,moderee,humide,1998,9,11,254,Phase_3_fin,Fin de saison (Septembre-Octobre),Diourbel,Zone soudano-sahélienne,147.93552,6,plus_grande_couverture,All_phases
1998-09-11,C6_plus_grande_couverture,1998-09-11_010_006,-15.875,14.875,14.115151405334473,5.168838024139404,1.2518831491470337,8.946313381195068,False,False,moderee,humide,1998,9,11,254,Phase_3_fin,Fin de saison (Septembre-Octobre),Diourbel,Zone soudano-sahélienne,174.83289,6,plus_grande_couverture,All_phases
1998-09-11,C6_plus_grande_couverture,1998-09-11_010_007,-15.625,14.875,14.565203666687012,5.354731559753418,1.2559287548065186,9.210472106933594,False,False,moderee,humide,1998,9,11,254,Phase_3_fin,Fin de saison (Septembre-Octobre),Diourbel,Zone soudano-sahélienne,201.73026,6,plus_grande_couverture,All_phases
1998-09-11,C6_plus_grande_couverture,1998-09-11_010_008,-15.375,14.875,9.949735641479492,5.866055011749268,0.5213386416435242,4.083680629730225,False,False,moderee,normale,1998,9,11,254,Phase_3_fin,Fin de saison (Septembre-Octobre),Kaffrine,Zone soudano-sahélienne,228.62761,6,plus_grande_couverture,All_phases
1998-09-11,C6_plus_grande_couverture,1998-09-11_010_009,-15.125,14.875,10.619518280029297,6.548202991485596,0.5063738226890564,4.071315288543701,False,False,moderee,normale,1998,9,11,254,Phase_3_fin,Fin de saison (Septembre-Octobre),Kaffrine,Zone soudano-sahélienne,255.525,6,plus_grande_couverture,All_phases
1998-09-11,C6_plus_grande_couverture,1998-09-11_010_010,-14.875,14.875,13.976324081420898,6.672663688659668,0.929904043674469,7.3036603927612305,False,False,moderee,normale,1998,9,11,254,Phase_3_fin,Fin de saison (Septembre-Octobre),Kaffrine,Zone soudano-sahélienne,282.42233,6,plus_grande_couverture,All_phases
1998-09-11,C6_plus_grande_couverture,1998-09-11_010_011,-14.625,14.875,15.334338188171387,6.000401020050049,1.3165326118469238,9.333937168121338,False,False,moderee,humide,1998,9,11,254,Phase_3_fin,Fin de saison (Septembre-Octobre),Kaffrine,Zone soudano-sahélienne,309.31973,6,plus_grande_couverture,All_phases
1998-09-11,C6_plus_grande_couverture,1998-09-11_010_012,-14.375,14.875,13.399029731750488,5.545754909515381,1.2113969326019287,7.853274822235107,False,False,moderee,humide,1998,9,11,254,Phase_3_fin,Fin de saison (Septembre-Octobre),Tambacounda,Zone soudano-sahélienne,336.21707,6,plus_grande_couverture,All_phases
1998-09-11,C6_plus_grande_couverture,1998-09-11_010_013,-14.125,14.875,14.636675834655762,5.650058269500732,1.3280357122421265,8.98661756515503,False,False,moderee,humide,1998,9,11,254,Phase_3_fin,Fin de saison (Septembre-Octobre),Matam,Zone soudano-sahélienne,363.11444,6,plus_grande_couverture,All_phases
1998-09-11,C6_plus_grande_couverture,1998-09-11_010_014,-13.875,14.875,16.742551803588867,5.575291633605957,1.6911864280700684,11.16726016998291,False,False,moderee,humide,1998,9,11,254,Phase_3_fin,Fin de saison (Septembre-Octobre),Matam,Zone soudano-sahélienne,390.0118,6,plus_grande_couverture,All_phases
1998-09-11,C6_plus_grande_couverture,1998-09-11_010_015,-13.625,14.875,26.955408096313477,6.58681058883667,2.4763286113739014,20.368597507476807,True,True,forte,tres humide,1998,9,11,254,Phase_3_fin,Fin de saison (Septembre-Octobre),Matam,Zone soudano-sahélienne,416.90918,6,plus_grande_couverture,All_phases
1998-09-11,C6_plus_grande_couverture,1998-09-11_010_016,-13.375,14.875,35.66775894165039,6.707499027252197,3.373185634613037,28.960259914398193,True,True,forte,exceptionnelle,1998,9,11,254,Phase_3_fin,Fin de saison (Septembre-Octobre),Matam,Zone soudano-sahélienne,443.80655,6,plus_grande_couverture,All_phases
1998-09-11,C6_plus_grande_couverture,1998-09-11_010_017,-13.125,14.875,29.48090362548828,6.201472282409668,3.0750253200531006,23.279431343078613,True,True,forte,exceptionnelle,1998,9,11,254,Phase_3_fin,Fin de saison (Septembre-Octobre),Matam,Zone soudano-sahélienne,470.7039,6,plus_grande_couverture,All_phases
1998-09-11,C6_plus_grande_couverture,1998-09-11_010_018,-12.875,14.875,30.667051315307617,6.013322830200195,3.2460262775421143,24.653728485107422,True,True,forte,exceptionnelle,1998,9,11,254,Phase_3_fin,Fin de saison (Septembre-Octobre),Matam,Zone soudano-sahélienne,497.60126,6,plus_grande_couverture,All_phases
1998-09-11,C6_plus_grande_couverture,1998-09-11_010_019,-12.625,14.875,29.064165115356445,5.93589448928833,3.06317138671875,23.128270626068115,True,True,forte,exceptionnelle,1998,9,11,254,Phase_3_fin,Fin de saison (Septembre-Octobre),Matam,Zone soudano-sahélienne,524.49866,6,plus_grande_couverture,All_phases
1998-09-11,C6_plus_grande_couverture,1998-09-11_011_002,-16.875,15.125,32.81400680541992,6.0552659034729,3.242443323135376,26.75874090194702,True,True,forte,exceptionnelle,1998,9,11,254,Phase_3_fin,Fin de saison (Septembre-Octobre),Thiès,Zone soudano-sahélienne,67.16484,6,plus_grande_couverture,All_phases
1998-09-11,C6_plus_grande_couverture,1998-09-11_011_003,-16.625,15.125,41.0804557800293,5.699594020843506,4.103734970092773,35.38086175918579,True,True,forte,exceptionnelle,1998,9,11,254,Phase_3_fin,Fin de saison (Septembre-Octobre),Thiès,Zone soudano-sahélienne,94.03078,6,plus_grande_couverture,All_phases
1998-09-11,C6_plus_grande_couverture,1998-09-11_011_004,-16.375,15.125,25.578638076782227,5.072109699249268,2.5098745822906494,20.50652837753296,True,True,forte,tres humide,1998,9,11,254,Phase_3_fin,Fin de saison (Septembre-Octobre),Louga,Zone soudano-sahélienne,120.89671,6,plus_grande_couverture,All_phases
1998-09-11,C6_plus_grande_couverture,1998-09-11_011_005,-16.125,15.125,23.691333770751953,4.689715385437012,2.472116231918335,19.00161838531494,True,True,forte,tres humide,1998,9,11,254,Phase_3_fin,Fin de saison (Septembre-Octobre),Louga,Zone soudano-sahélienne,147.76265,6,plus_grande_couverture,All_phases
1998-09-11,C6_plus_grande_couverture,1998-09-11_011_006,-15.875,15.125,21.266254425048828,4.481628894805908,2.311042070388794,16.78462553024292,True,True,forte,tres humide,1998,9,11,254,Phase_3_fin,Fin de saison (Septembre-Octobre),Louga,Zone soudano-sahélienne,174.6286,6,plus_grande_couverture,All_phases
1998-09-11,C6_plus_grande_couverture,1998-09-11_011_007,-15.625,15.125,28.073022842407227,5.164466381072998,2.933870792388916,22.90855646133423,True,True,forte,tres humide,1998,9,11,254,Phase_3_fin,Fin de saison (Septembre-Octobre),Louga,Zone soudano-sahélienne,201.49454,6,plus_grande_couverture,All_phases
1998-09-11,C6_plus_grande_couverture,1998-09-11_011_008,-15.375,15.125,24.706165313720703,5.427908420562744,2.682584047317505,19.27825689315796,True,True,forte,tres humide,1998,9,11,254,Phase_3_fin,Fin de saison (Septembre-Octobre),Louga,Zone soudano-sahélienne,228.36046,6,plus_grande_couverture,All_phases
1998-09-11,C6_plus_grande_couverture,1998-09-11_011_009,-15.125,15.125,26.741140365600586,5.420976638793945,2.883199453353882,21.32016372680664,True,True,forte,tres humide,1998,9,11,254,Phase_3_fin,Fin de saison (Septembre-Octobre),Kaffrine,Zone soudano-sahélienne,255.22641,6,plus_grande_couverture,All_phases
1998-09-11,C6_plus_grande_couverture,1998-09-11_011_010,-14.875,15.125,23.606279373168945,5.94416618347168,2.197812795639038,17.662113189697266,True,True,forte,tres humide,1998,9,11,254,Phase_3_fin,Fin de saison (Septembre-Octobre),Kaffrine,Zone soudano-sahélienne,282.09235,6,plus_grande_couverture,All_phases
1998-09-11,C6_plus_grande_couverture,1998-09-11_011_011,-14.625,15.125,10.744668960571289,5.604480266571045,0.6432836651802063,5.140188694000244,False,False,moderee,normale,1998,9,11,254,Phase_3_fin,Fin de saison (Septembre-Octobre),Kaffrine,Zone soudano-sahélienne,308.95828,6,plus_grande_couverture,All_phases
1998-09-11,C6_plus_grande_couverture,1998-09-11_011_012,-14.375,15.125,18.8230037689209,5.620176792144775,1.734302043914795,13.202826976776123,False,False,moderee,humide,1998,9,11,254,Phase_3_fin,Fin de saison (Septembre-Octobre),Matam,Zone soudano-sahélienne,335.82422,6,plus_grande_couverture,All_phases
1998-09-11,C6_plus_grande_couverture,1998-09-11_011_013,-14.125,15.125,16.326274871826172,5.567080497741699,1.567388892173767,10.759194374084473,False,False,moderee,humide,1998,9,11,254,Phase_3_fin,Fin de saison (Septembre-Octobre),Matam,Zone soudano-sahélienne,362.69012,6,plus_grande_couverture,All_phases
1998-09-11,C6_plus_grande_couverture,1998-09-11_011_014,-13.875,15.125,14.339061737060547,5.487502574920654,1.2738853693008423,8.851559162139893,False,False,moderee,humide,1998,9,11,254,Phase_3_fin,Fin de saison (Septembre-Octobre),Matam,Zone soudano-sahélienne,389.5561,6,plus_grande_couverture,All_phases
1998-09-11,C6_plus_grande_couverture,1998-09-11_011_015,-13.625,15.125,19.467063903808594,5.794167518615723,1.9426686763763428,13.672896385192871,False,False,moderee,humide,1998,9,11,254,Phase_3_fin,Fin de saison (Septembre-Octobre),Matam,Zone soudano-sahélienne,416.42203,6,plus_grande_couverture,All_phases
1998-09-11,C6_plus_grande_couverture,1998-09-11_011_016,-13.375,15.125,33.20091247558594,5.462085723876953,3.9083170890808105,27.738826751708984,True,True,forte,exceptionnelle,1998,9,11,254,Phase_3_fin,Fin de saison (Septembre-Octobre),Matam,Zone soudano-sahélienne,443.28796,6,plus_grande_couverture,All_phases
1998-09-11,C6_plus_grande_couverture,1998-09-11_011_017,-13.125,15.125,30.693992614746094,5.173950672149658,3.7567989826202393,25.520041942596436,True,True,forte,exceptionnelle,1998,9,11,254,Phase_3_fin,Fin de saison (Septembre-Octobre),Matam,Zone soudano-sahélienne,470.1539,6,plus_grande_couverture,All_phases
1998-09-11,C6_plus_grande_couverture,1998-09-11_011_018,-12.875,15.125,29.528541564941406,5.110218524932861,3.5316884517669678,24.418323040008545,True,True,forte,exceptionnelle,1998,9,11,254,Phase_3_fin,Fin de saison (Septembre-Octobre),Matam,Zone soudano-sahélienne,497.0198,6,plus_grande_couverture,All_phases
1998-09-11,C6_plus_grande_couverture,1998-09-11_012_003,-16.625,15.375,42.38359451293945,5.263469696044922,4.108763694763184,37.12012481689453,True,True,forte,exceptionnelle,1998,9,11,254,Phase_3_fin,Fin de saison (Septembre-Octobre),Louga,Zone soudano-sahélienne,93.91899,6,plus_grande_couverture,All_phases
1998-09-11,C6_plus_grande_couverture,1998-09-11_012_004,-16.375,15.375,29.464988708496094,5.035353183746338,3.114748477935791,24.429635524749756,True,True,forte,exceptionnelle,1998,9,11,254,Phase_3_fin,Fin de saison (Septembre-Octobre),Louga,Zone soudano-sahélienne,120.75298,6,plus_grande_couverture,All_phases
1998-09-11,C6_plus_grande_couverture,1998-09-11_012_005,-16.125,15.375,33.05918884277344,4.792751789093018,3.5291993618011475,28.26643705368042,True,True,forte,exceptionnelle,1998,9,11,254,Phase_3_fin,Fin de saison (Septembre-Octobre),Louga,Zone soudano-sahélienne,147.58699,6,plus_grande_couverture,All_phases
1998-09-11,C6_plus_grande_couverture,1998-09-11_012_006,-15.875,15.375,27.679553985595703,4.695905685424805,3.0552480220794678,22.9836483001709,True,True,forte,exceptionnelle,1998,9,11,254,Phase_3_fin,Fin de saison (Septembre-Octobre),Louga,Zone soudano-sahélienne,174.42099,6,plus_grande_couverture,All_phases
1998-09-11,C6_plus_grande_couverture,1998-09-11_012_007,-15.625,15.375,34.970096588134766,5.664032936096191,3.4531919956207275,29.306063652038574,True,True,forte,exceptionnelle,1998,9,11,254,Phase_3_fin,Fin de saison (Septembre-Octobre),Louga,Zone soudano-sahélienne,201.25497,6,plus_grande_couverture,All_phases
1998-09-11,C6_plus_grande_couverture,1998-09-11_012_008,-15.375,15.375,34.55757522583008,5.647220134735107,3.5445098876953125,28.91035509109497,True,True,forte,exceptionnelle,1998,9,11,254,Phase_3_fin,Fin de saison (Septembre-Octobre),Louga,Zone soudano-sahélienne,228.08896,6,plus_grande_couverture,All_phases
1998-09-11,C6_plus_grande_couverture,1998-09-11_012_009,-15.125,15.375,37.02366256713867,5.933933734893799,3.537729501724243,31.089728832244873,True,True,forte,exceptionnelle,1998,9,11,254,Phase_3_fin,Fin de saison (Septembre-Octobre),Louga,Zone soudano-sahélienne,254.92297,6,plus_grande_couverture,All_phases
1998-09-11,C6_plus_grande_couverture,1998-09-11_012_010,-14.875,15.375,29.821401596069336,5.407708644866943,3.0663070678710938,24.413692951202393,True,True,forte,exceptionnelle,1998,9,11,254,Phase_3_fin,Fin de saison (Septembre-Octobre),Louga,Zone soudano-sahélienne,281.75696,6,plus_grande_couverture,All_phases
1998-09-11,C6_plus_grande_couverture,1998-09-11_012_011,-14.625,15.375,24.613571166992188,5.099813938140869,2.5337014198303223,19.51375722885132,True,True,forte,tres humide,1998,9,11,254,Phase_3_fin,Fin de saison (Septembre-Octobre),Matam,Zone soudano-sahélienne,308.59097,6,plus_grande_couverture,All_phases
1998-09-11,C6_plus_grande_couverture,1998-09-11_012_012,-14.375,15.375,16.094499588012695,4.751691818237305,1.813101053237915,11.34280776977539,False,False,moderee,humide,1998,9,11,254,Phase_3_fin,Fin de saison (Septembre-Octobre),Matam,Zone soudano-sahélienne,335.42496,6,plus_grande_couverture,All_phases
1998-09-11,C6_plus_grande_couverture,1998-09-11_012_013,-14.125,15.375,14.370569229125977,4.939981460571289,1.522371530532837,9.430587768554688,False,False,moderee,humide,1998,9,11,254,Phase_3_fin,Fin de saison (Septembre-Octobre),Matam,Zone soudano-sahélienne,362.25894,6,plus_grande_couverture,All_phases
1998-09-11,C6_plus_grande_couverture,1998-09-11_012_014,-13.875,15.375,12.250837326049805,4.4438323974609375,1.424791693687439,7.807004928588867,False,False,moderee,humide,1998,9,11,254,Phase_3_fin,Fin de saison (Septembre-Octobre),Matam,Zone soudano-sahélienne,389.09296,6,plus_grande_couverture,All_phases
1998-09-11,C6_plus_grande_couverture,1998-09-11_012_015,-13.625,15.375,13.404143333435059,3.8948354721069336,1.9910316467285156,9.509307861328125,False,False,moderee,humide,1998,9,11,254,Phase_3_fin,Fin de saison (Septembre-Octobre),Matam,Zone soudano-sahélienne,415.92694,6,plus_grande_couverture,All_phases
1998-09-11,C6_plus_grande_couverture,1998-09-11_012_016,-13.375,15.375,24.975229263305664,4.4671220779418945,3.699833869934082,20.50810718536377,True,True,forte,exceptionnelle,1998,9,11,254,Phase_3_fin,Fin de saison (Septembre-Octobre),Matam,Zone soudano-sahélienne,442.76096,6,plus_grande_couverture,All_phases
1998-09-11,C6_plus_grande_couverture,1998-09-11_012_017,-13.125,15.375,27.17510986328125,4.398733139038086,3.9652163982391357,22.776376724243164,True,True,forte,exceptionnelle,1998,9,11,254,Phase_3_fin,Fin de saison (Septembre-Octobre),Matam,Zone soudano-sahélienne,469.59494,6,plus_grande_couverture,All_phases
1998-09-11,C6_plus_grande_couverture,1998-09-11_013_004,-16.375,15.625,31.700334548950195,4.895556926727295,3.63369083404541,26.8047776222229,True,True,forte,exceptionnelle,1998,9,11,254,Phase_3_fin,Fin de saison (Septembre-Octobre),Saint-Louis,Zone sahélienne,120.60696,6,plus_grande_couverture,All_phases
1998-09-11,C6_plus_grande_couverture,1998-09-11_013_005,-16.125,15.625,31.563867568969727,4.309255123138428,3.9989771842956543,27.2546124458313,True,True,forte,exceptionnelle,1998,9,11,254,Phase_3_fin,Fin de saison (Septembre-Octobre),Saint-Louis,Zone sahélienne,147.40851,6,plus_grande_couverture,All_phases
1998-09-11,C6_plus_grande_couverture,1998-09-11_013_006,-15.875,15.625,25.65243911743164,3.915656566619873,3.500504493713379,21.736782550811768,True,True,forte,exceptionnelle,1998,9,11,254,Phase_3_fin,Fin de saison (Septembre-Octobre),Saint-Louis,Zone sahélienne,174.21005,6,plus_grande_couverture,All_phases
1998-09-11,C6_plus_grande_couverture,1998-09-11_013_007,-15.625,15.625,31.70702362060547,4.741936206817627,3.7779712677001953,26.965087413787842,True,True,forte,exceptionnelle,1998,9,11,254,Phase_3_fin,Fin de saison (Septembre-Octobre),Saint-Louis,Zone sahélienne,201.0116,6,plus_grande_couverture,All_phases
1998-09-11,C6_plus_grande_couverture,1998-09-11_013_008,-15.375,15.625,37.252628326416016,5.7492876052856445,3.726334571838379,31.50334072113037,True,True,forte,exceptionnelle,1998,9,11,254,Phase_3_fin,Fin de saison (Septembre-Octobre),Louga,Zone sahélienne,227.81313,6,plus_grande_couverture,All_phases
1998-09-11,C6_plus_grande_couverture,1998-09-11_013_009,-15.125,15.625,33.974639892578125,5.256589889526367,3.6333718299865723,28.718050003051758,True,True,forte,exceptionnelle,1998,9,11,254,Phase_3_fin,Fin de saison (Septembre-Octobre),Louga,Zone sahélienne,254.6147,6,plus_grande_couverture,All_phases
1998-09-11,C6_plus_grande_couverture,1998-09-11_013_010,-14.875,15.625,36.388824462890625,4.78828763961792,4.182581901550293,31.600536823272705,True,True,forte,exceptionnelle,1998,9,11,254,Phase_3_fin,Fin de saison (Septembre-Octobre),Louga,Zone sahélienne,281.41623,6,plus_grande_couverture,All_phases
1998-09-11,C6_plus_grande_couverture,1998-09-11_013_011,-14.625,15.625,43.870853424072266,5.2385454177856445,4.530111789703369,38.63230800628662,True,True,forte,exceptionnelle,1998,9,11,254,Phase_3_fin,Fin de saison (Septembre-Octobre),Matam,Zone sahélienne,308.21777,6,plus_grande_couverture,All_phases
1998-09-11,C6_plus_grande_couverture,1998-09-11_013_012,-14.375,15.625,30.520790100097656,4.53764009475708,3.918339967727661,25.983150005340576,True,True,forte,exceptionnelle,1998,9,11,254,Phase_3_fin,Fin de saison (Septembre-Octobre),Matam,Zone sahélienne,335.01932,6,plus_grande_couverture,All_phases
1998-09-11,C6_plus_grande_couverture,1998-09-11_013_013,-14.125,15.625,15.556735038757324,4.146834373474121,2.156883478164673,11.409900665283203,True,False,moderee,tres humide,1998,9,11,254,Phase_3_fin,Fin de saison (Septembre-Octobre),Matam,Zone sahélienne,361.82086,6,plus_grande_couverture,All_phases
1998-09-11,C6_plus_grande_couverture,1998-09-11_013_014,-13.875,15.625,13.093609809875488,3.6849403381347656,2.0821118354797363,9.408669471740723,True,False,moderee,tres humide,1998,9,11,254,Phase_3_fin,Fin de saison (Septembre-Octobre),Matam,Zone sahélienne,388.6224,6,plus_grande_couverture,All_phases
1998-09-11,C6_plus_grande_couverture,1998-09-11_013_015,-13.625,15.625,15.177265167236328,3.177799940109253,2.8200504779815674,11.999465227127075,True,False,moderee,tres humide,1998,9,11,254,Phase_3_fin,Fin de saison (Septembre-Octobre),Matam,Zone sahélienne,415.42395,6,plus_grande_couverture,All_phases
1998-09-11,C6_plus_grande_couverture,1998-09-11_013_016,-13.375,15.625,18.810754776000977,3.813274621963501,2.9863228797912598,14.997480154037476,True,False,moderee,tres humide,1998,9,11,254,Phase_3_fin,Fin de saison (Septembre-Octobre),Matam,Zone sahélienne,442.22552,6,plus_grande_couverture,All_phases
1998-09-11,C6_plus_grande_couverture,1998-09-11_014_004,-16.375,15.875,25.430618286132812,3.904134750366211,3.6297080516815186,21.5264835357666,True,True,forte,exceptionnelle,1998,9,11,254,Phase_3_fin,Fin de saison (Septembre-Octobre),Saint-Louis,Zone sahélienne,120.45863,6,plus_grande_couverture,All_phases
1998-09-11,C6_plus_grande_couverture,1998-09-11_014_005,-16.125,15.875,33.325077056884766,3.8048031330108643,4.495820045471191,29.5202739238739,True,True,forte,exceptionnelle,1998,9,11,254,Phase_3_fin,Fin de saison (Septembre-Octobre),Saint-Louis,Zone sahélienne,147.22722,6,plus_grande_couverture,All_phases
1998-09-11,C6_plus_grande_couverture,1998-09-11_014_006,-15.875,15.875,26.3333683013916,3.021373987197876,4.123958110809326,23.311994314193726,True,True,forte,exceptionnelle,1998,9,11,254,Phase_3_fin,Fin de saison (Septembre-Octobre),Saint-Louis,Zone sahélienne,173.9958,6,plus_grande_couverture,All_phases
1998-09-11,C6_plus_grande_couverture,1998-09-11_014_007,-15.625,15.875,30.409162521362305,3.192650079727173,4.648038387298584,27.216512441635132,True,True,forte,exceptionnelle,1998,9,11,254,Phase_3_fin,Fin de saison (Septembre-Octobre),Saint-Louis,Zone sahélienne,200.76439,6,plus_grande_couverture,All_phases
1998-09-11,C6_plus_grande_couverture,1998-09-11_014_008,-15.375,15.875,39.981666564941406,3.5542871952056885,5.092541217803955,36.42737936973572,True,True,forte,exceptionnelle,1998,9,11,254,Phase_3_fin,Fin de saison (Septembre-Octobre),Louga,Zone sahélienne,227.53297,6,plus_grande_couverture,All_phases
1998-09-11,C6_plus_grande_couverture,1998-09-11_014_009,-15.125,15.875,38.16703414916992,4.096167087554932,4.595970630645752,34.07086706161499,True,True,forte,exceptionnelle,1998,9,11,254,Phase_3_fin,Fin de saison (Septembre-Octobre),Louga,Zone sahélienne,254.30157,6,plus_grande_couverture,All_phases
1998-09-11,C6_plus_grande_couverture,1998-09-11_014_010,-14.875,15.875,39.196624755859375,4.175808429718018,4.922452926635742,35.02081632614136,True,True,forte,exceptionnelle,1998,9,11,254,Phase_3_fin,Fin de saison (Septembre-Octobre),Louga,Zone sahélienne,281.07013,6,plus_grande_couverture,All_phases
1998-09-11,C6_plus_grande_couverture,1998-09-11_014_011,-14.625,15.875,52.10032653808594,4.429037094116211,5.410905361175537,47.67128944396973,True,True,tres forte,exceptionnelle,1998,9,11,254,Phase_3_fin,Fin de saison (Septembre-Octobre),Matam,Zone sahélienne,307.83875,6,plus_grande_couverture,All_phases
1998-09-11,C6_plus_grande_couverture,1998-09-11_014_012,-14.375,15.875,39.01942443847656,4.257734298706055,4.609138011932373,34.76169013977051,True,True,forte,exceptionnelle,1998,9,11,254,Phase_3_fin,Fin de saison (Septembre-Octobre),Matam,Zone sahélienne,334.60733,6,plus_grande_couverture,All_phases
1998-09-11,C6_plus_grande_couverture,1998-09-11_014_013,-14.125,15.875,25.774005889892578,3.5282609462738037,3.8828630447387695,22.245744943618774,True,True,forte,exceptionnelle,1998,9,11,254,Phase_3_fin,Fin de saison (Septembre-Octobre),Matam,Zone sahélienne,361.3759,6,plus_grande_couverture,All_phases
1998-09-11,C6_plus_grande_couverture,1998-09-11_014_014,-13.875,15.875,21.110763549804688,2.9586427211761475,4.115593910217285,18.15212082862854,True,True,forte,exceptionnelle,1998,9,11,254,Phase_3_fin,Fin de saison (Septembre-Octobre),Matam,Zone sahélienne,388.1445,6,plus_grande_couverture,All_phases
1998-09-11,C6_plus_grande_couverture,1998-09-11_014_015,-13.625,15.875,17.05502700805664,2.570781707763672,3.5572030544281006,14.484245300292969,True,False,moderee,exceptionnelle,1998,9,11,254,Phase_3_fin,Fin de saison (Septembre-Octobre),Matam,Zone sahélienne,414.91306,6,plus_grande_couverture,All_phases
1998-09-11,C6_plus_grande_couverture,1998-09-11_014_016,-13.375,15.875,13.529065132141113,2.77890682220459,2.6333887577056885,10.750158309936523,True,False,moderee,tres humide,1998,9,11,254,Phase_3_fin,Fin de saison (Septembre-Octobre),Matam,Zone sahélienne,441.68167,6,plus_grande_couverture,All_phases
1998-09-11,C6_plus_grande_couverture,1998-09-11_015_004,-16.375,16.125,26.262102127075195,3.812263250350952,3.5475857257843018,22.449838876724243,True,True,forte,exceptionnelle,1998,9,11,254,Phase_3_fin,Fin de saison (Septembre-Octobre),Saint-Louis,Zone sahélienne,120.308014,6,plus_grande_couverture,All_phases
1998-09-11,C6_plus_grande_couverture,1998-09-11_015_005,-16.125,16.125,24.69274139404297,3.206295967102051,3.9030601978302,21.486445426940918,True,True,forte,exceptionnelle,1998,9,11,254,Phase_3_fin,Fin de saison (Septembre-Octobre),Saint-Louis,Zone sahélienne,147.04314,6,plus_grande_couverture,All_phases
1998-09-11,C6_plus_grande_couverture,1998-09-11_015_006,-15.875,16.125,32.81867599487305,2.4458634853363037,5.424937725067139,30.372812509536743,True,True,forte,exceptionnelle,1998,9,11,254,Phase_3_fin,Fin de saison (Septembre-Octobre),Saint-Louis,Zone sahélienne,173.77824,6,plus_grande_couverture,All_phases
1998-09-11,C6_plus_grande_couverture,1998-09-11_015_007,-15.625,16.125,35.959415435791016,2.291609048843384,5.80872106552124,33.66780638694763,True,True,forte,exceptionnelle,1998,9,11,254,Phase_3_fin,Fin de saison (Septembre-Octobre),Saint-Louis,Zone sahélienne,200.51337,6,plus_grande_couverture,All_phases
1998-09-11,C6_plus_grande_couverture,1998-09-11_015_008,-15.375,16.125,38.006858825683594,2.3929309844970703,5.713840484619141,35.61392784118652,True,True,forte,exceptionnelle,1998,9,11,254,Phase_3_fin,Fin de saison (Septembre-Octobre),Louga,Zone sahélienne,227.24846,6,plus_grande_couverture,All_phases
1998-09-11,C6_plus_grande_couverture,1998-09-11_015_009,-15.125,16.125,49.37857437133789,3.251650094985962,5.677969455718994,46.12692427635193,True,True,forte,exceptionnelle,1998,9,11,254,Phase_3_fin,Fin de saison (Septembre-Octobre),Louga,Zone sahélienne,253.9836,6,plus_grande_couverture,All_phases
1998-09-11,C6_plus_grande_couverture,1998-09-11_015_010,-14.875,16.125,42.14582824707031,4.088968276977539,4.822002410888672,38.05685997009277,True,True,forte,exceptionnelle,1998,9,11,254,Phase_3_fin,Fin de saison (Septembre-Octobre),Louga,Zone sahélienne,280.7187,6,plus_grande_couverture,All_phases
1998-09-11,C6_plus_grande_couverture,1998-09-11_015_011,-14.625,16.125,48.06780242919922,4.151541233062744,5.095628261566162,43.916261196136475,True,True,forte,exceptionnelle,1998,9,11,254,Phase_3_fin,Fin de saison (Septembre-Octobre),Matam,Zone sahélienne,307.45383,6,plus_grande_couverture,All_phases
1998-09-11,C6_plus_grande_couverture,1998-09-11_015_012,-14.375,16.125,46.323368072509766,3.468675136566162,5.302302837371826,42.8546929359436,True,True,forte,exceptionnelle,1998,9,11,254,Phase_3_fin,Fin de saison (Septembre-Octobre),Matam,Zone sahélienne,334.18893,6,plus_grande_couverture,All_phases
1998-09-11,C6_plus_grande_couverture,1998-09-11_015_013,-14.125,16.125,29.184490203857422,2.4742074012756348,4.991075038909912,26.710282802581787,True,True,forte,exceptionnelle,1998,9,11,254,Phase_3_fin,Fin de saison (Septembre-Octobre),Matam,Zone sahélienne,360.92404,6,plus_grande_couverture,All_phases
1998-09-11,C6_plus_grande_couverture,1998-09-11_015_014,-13.875,16.125,24.650985717773438,2.8682141304016113,4.549831867218018,21.782771587371826,True,True,forte,exceptionnelle,1998,9,11,254,Phase_3_fin,Fin de saison (Septembre-Octobre),Matam,Zone sahélienne,387.65915,6,plus_grande_couverture,All_phases
1998-09-11,C6_plus_grande_couverture,1998-09-11_016_005,-16.125,16.375,30.297740936279297,2.953338623046875,4.682547569274902,27.344402313232422,True,True,forte,exceptionnelle,1998,9,11,254,Phase_3_fin,Fin de saison (Septembre-Octobre),Saint-Louis,Zone sahélienne,146.85623,6,plus_grande_couverture,All_phases
1998-09-11,C6_plus_grande_couverture,1998-09-11_016_006,-15.875,16.375,36.9390754699707,2.4850897789001465,5.4500932693481445,34.45398569107056,True,True,forte,exceptionnelle,1998,9,11,254,Phase_3_fin,Fin de saison (Septembre-Octobre),Saint-Louis,Zone sahélienne,173.55737,6,plus_grande_couverture,All_phases
1998-09-11,C6_plus_grande_couverture,1998-09-11_016_007,-15.625,16.375,42.72698211669922,2.551025629043579,5.777153968811035,40.17595648765564,True,True,forte,exceptionnelle,1998,9,11,254,Phase_3_fin,Fin de saison (Septembre-Octobre),Saint-Louis,Zone sahélienne,200.25851,6,plus_grande_couverture,All_phases
1998-09-11,C6_plus_grande_couverture,1998-09-11_016_008,-15.375,16.375,50.77125549316406,2.7485480308532715,5.836614608764648,48.02270746231079,True,True,tres forte,exceptionnelle,1998,9,11,254,Phase_3_fin,Fin de saison (Septembre-Octobre),Louga,Zone sahélienne,226.95963,6,plus_grande_couverture,All_phases
1998-09-11,C6_plus_grande_couverture,1998-09-11_016_009,-15.125,16.375,64.2072982788086,3.2842793464660645,5.93085241317749,60.92301893234253,True,True,tres forte,exceptionnelle,1998,9,11,254,Phase_3_fin,Fin de saison (Septembre-Octobre),Louga,Zone sahélienne,253.66078,6,plus_grande_couverture,All_phases
1998-09-11,C6_plus_grande_couverture,1998-09-11_016_010,-14.875,16.375,61.18366622924805,3.505279302597046,5.674220561981201,57.678386926651,True,True,tres forte,exceptionnelle,1998,9,11,254,Phase_3_fin,Fin de saison (Septembre-Octobre),Louga,Zone sahélienne,280.3619,6,plus_grande_couverture,All_phases
1998-09-11,C6_plus_grande_couverture,1998-09-11_016_011,-14.625,16.375,46.891963958740234,3.2407987117767334,5.251963138580322,43.6511652469635,True,True,forte,exceptionnelle,1998,9,11,254,Phase_3_fin,Fin de saison (Septembre-Octobre),Matam,Zone sahélienne,307.06305,6,plus_grande_couverture,All_phases
1998-09-11,C6_plus_grande_couverture,1998-09-11_016_012,-14.375,16.375,37.850589752197266,2.5316553115844727,5.393608093261719,35.31893444061279,True,True,forte,exceptionnelle,1998,9,11,254,Phase_3_fin,Fin de saison (Septembre-Octobre),Matam,Zone sahélienne,333.76416,6,plus_grande_couverture,All_phases
1998-09-11,C6_plus_grande_couverture,1998-09-11_016_013,-14.125,16.375,26.320755004882812,1.8647159337997437,5.387522220611572,24.45603907108307,True,True,forte,exceptionnelle,1998,9,11,254,Phase_3_fin,Fin de saison (Septembre-Octobre),Matam,Zone sahélienne,360.4653,6,plus_grande_couverture,All_phases
1998-09-11,C6_plus_grande_couverture,1998-09-11_017_010,-14.875,16.625,68.55294036865234,3.447221517562866,5.801929473876953,65.10571885108948,True,True,tres forte,exceptionnelle,1998,9,11,254,Phase_3_fin,Fin de saison (Septembre-Octobre),Louga,Zone sahélienne,279.9998,6,plus_grande_couverture,All_phases
1998-09-11,C6_plus_grande_couverture,1998-09-11_017_011,-14.625,16.625,44.705528259277344,2.5484297275543213,5.365139484405518,42.15709853172302,True,True,forte,exceptionnelle,1998,9,11,254,Phase_3_fin,Fin de saison (Septembre-Octobre),Matam,Zone sahélienne,306.66644,6,plus_grande_couverture,All_phases
1998-09-11,C6_plus_grande_couverture,1998-09-11_017_012,-14.375,16.625,45.712066650390625,3.0262441635131836,5.283748149871826,42.68582248687744,True,True,forte,exceptionnelle,1998,9,11,254,Phase_3_fin,Fin de saison (Septembre-Octobre),Matam,Zone sahélienne,333.33307,6,plus_grande_couverture,All_phases
2016-08-26,C5_plus_petite_couverture + C6_plus_petite_couverture,2016-08-26_000_003,-16.625,12.375,0.0,18.134862899780273,-1.1408926248550415,-18.134862899780273,False,False,trace,seche,2016,8,26,239,Phase_2_pleine,Pleine saison (Juillet-Aout),Ziguinchor,Zone soudanienne,95.14188,6,plus_petite_couverture,All_phases
2016-08-26,C5_plus_petite_couverture + C6_plus_petite_couverture,2016-08-26_000_004,-16.375,12.375,0.0,16.914934158325195,-0.9913389086723328,-16.914934158325195,False,False,trace,normale,2016,8,26,239,Phase_2_pleine,Pleine saison (Juillet-Aout),Ziguinchor,Zone soudanienne,122.32527,6,plus_petite_couverture,All_phases
2016-08-26,C5_plus_petite_couverture + C6_plus_petite_couverture,2016-08-26_000_020,-12.375,12.375,0.0,15.341691970825195,-1.0359739065170288,-15.341691970825195,False,False,trace,seche,2016,8,26,239,Phase_2_pleine,Pleine saison (Juillet-Aout),Kédougou,Zone soudanienne,557.2596,6,plus_petite_couverture,All_phases
2016-08-26,C5_plus_petite_couverture + C6_plus_petite_couverture,2016-08-26_001_003,-16.625,12.625,0.0,18.649913787841797,-1.0262075662612915,-18.649913787841797,False,False,trace,seche,2016,8,26,239,Phase_2_pleine,Pleine saison (Juillet-Aout),Ziguinchor,Zone soudanienne,95.04989,6,plus_petite_couverture,All_phases
2016-08-26,C5_plus_petite_couverture + C6_plus_petite_couverture,2016-08-26_001_004,-16.375,12.625,0.0,15.751954078674316,-1.0345934629440308,-15.751954078674316,False,False,trace,seche,2016,8,26,239,Phase_2_pleine,Pleine saison (Juillet-Aout),Ziguinchor,Zone soudanienne,122.20701,6,plus_petite_couverture,All_phases
2016-08-26,C5_plus_petite_couverture + C6_plus_petite_couverture,2016-08-26_001_005,-16.125,12.625,4.294140338897705,14.276689529418945,-0.6847912073135376,-9.98254919052124,False,False,faible,normale,2016,8,26,239,Phase_2_pleine,Pleine saison (Juillet-Aout),Sédhiou,Zone soudanienne,149.36412,6,plus_petite_couverture,All_phases
2016-08-26,C5_plus_petite_couverture + C6_plus_petite_couverture,2016-08-26_001_006,-15.875,12.625,12.261528015136719,12.945608139038086,-0.0542447604238987,-0.6840801239013672,False,False,moderee,normale,2016,8,26,239,Phase_2_pleine,Pleine saison (Juillet-Aout),Sédhiou,Zone soudanienne,176.52124,6,plus_petite_couverture,All_phases
2016-08-26,C5_plus_petite_couverture + C6_plus_petite_couverture,2016-08-26_001_007,-15.625,12.625,20.503089904785156,10.973730087280273,0.9532923698425293,9.529359817504883,False,True,forte,normale,2016,8,26,239,Phase_2_pleine,Pleine saison (Juillet-Aout),Sédhiou,Zone soudanienne,203.67834,6,plus_petite_couverture,All_phases
2016-08-26,C5_plus_petite_couverture + C6_plus_petite_couverture,2016-08-26_001_008,-15.375,12.625,23.787757873535156,9.250306129455566,1.479000210762024,14.53745174407959,False,True,forte,humide,2016,8,26,239,Phase_2_pleine,Pleine saison (Juillet-Aout),Kolda,Zone soudanienne,230.83545,6,plus_petite_couverture,All_phases
2016-08-26,C5_plus_petite_couverture + C6_plus_petite_couverture,2016-08-26_001_018,-12.875,12.625,6.343191623687744,13.370555877685547,-0.5324142575263977,-7.027364253997803,False,False,moderee,normale,2016,8,26,239,Phase_2_pleine,Pleine saison (Juillet-Aout),Kédougou,Zone soudanienne,502.40656,6,plus_petite_couverture,All_phases
2016-08-26,C5_plus_petite_couverture + C6_plus_petite_couverture,2016-08-26_001_019,-12.625,12.625,1.765932321548462,12.604959487915039,-0.9192091226577759,-10.839027166366577,False,False,faible,normale,2016,8,26,239,Phase_2_pleine,Pleine saison (Juillet-Aout),Kédougou,Zone soudanienne,529.56366,6,plus_petite_couverture,All_phases
2016-08-26,C5_plus_petite_couverture + C6_plus_petite_couverture,2016-08-26_001_020,-12.375,12.625,5.345645904541016,13.948984146118164,-0.6704733967781067,-8.603338241577148,False,False,moderee,normale,2016,8,26,239,Phase_2_pleine,Pleine saison (Juillet-Aout),Kédougou,Zone soudanienne,556.7208,6,plus_petite_couverture,All_phases
2016-08-26,C5_plus_petite_couverture + C6_plus_petite_couverture,2016-08-26_001_021,-12.125,12.625,8.311620712280273,13.38999080657959,-0.45008644461631775,-5.078370094299316,False,False,moderee,normale,2016,8,26,239,Phase_2_pleine,Pleine saison (Juillet-Aout),Kédougou,Zone soudanienne,583.87787,6,plus_petite_couverture,All_phases
2016-08-26,C5_plus_petite_couverture + C6_plus_petite_couverture,2016-08-26_001_022,-11.875,12.625,13.588785171508789,12.256260871887207,0.1127329021692276,1.332524299621582,False,False,moderee,normale,2016,8,26,239,Phase_2_pleine,Pleine saison (Juillet-Aout),Kédougou,Zone soudanienne,611.03503,6,plus_petite_couverture,All_phases
2016-08-26,C5_plus_petite_couverture + C6_plus_petite_couverture,2016-08-26_001_023,-11.625,12.625,13.884882926940918,11.882282257080078,0.16134271025657654,2.00260066986084,False,False,moderee,normale,2016,8,26,239,Phase_2_pleine,Pleine saison (Juillet-Aout),Kédougou,Zone soudanienne,638.19214,6,plus_petite_couverture,All_phases
2016-08-26,C5_plus_petite_couverture + C6_plus_petite_couverture,2016-08-26_002_003,-16.625,12.875,0.0,20.110353469848633,-0.9474874138832092,-20.110353469848633,False,False,trace,normale,2016,8,26,239,Phase_2_pleine,Pleine saison (Juillet-Aout),Ziguinchor,Zone soudanienne,94.95609,6,plus_petite_couverture,All_phases
2016-08-26,C5_plus_petite_couverture + C6_plus_petite_couverture,2016-08-26_002_004,-16.375,12.875,2.4074084758758545,14.835906028747559,-0.7532503604888916,-12.428497552871704,False,False,faible,normale,2016,8,26,239,Phase_2_pleine,Pleine saison (Juillet-Aout),Ziguinchor,Zone soudanienne,122.08641,6,plus_petite_couverture,All_phases
2016-08-26,C5_plus_petite_couverture + C6_plus_petite_couverture,2016-08-26_002_005,-16.125,12.875,16.816463470458984,12.25736141204834,0.3458109498023987,4.5591020584106445,False,False,moderee,normale,2016,8,26,239,Phase_2_pleine,Pleine saison (Juillet-Aout),Sédhiou,Zone soudanienne,149.21672,6,plus_petite_couverture,All_phases
2016-08-26,C5_plus_petite_couverture + C6_plus_petite_couverture,2016-08-26_002_006,-15.875,12.875,15.84909439086914,10.377242088317871,0.5182663798332214,5.4718523025512695,False,False,moderee,normale,2016,8,26,239,Phase_2_pleine,Pleine saison (Juillet-Aout),Sédhiou,Zone soudanienne,176.34703,6,plus_petite_couverture,All_phases
2016-08-26,C5_plus_petite_couverture + C6_plus_petite_couverture,2016-08-26_002_007,-15.625,12.875,11.53782844543457,8.131085395812988,0.38237226009368896,3.406743049621582,False,False,moderee,normale,2016,8,26,239,Phase_2_pleine,Pleine saison (Juillet-Aout),Sédhiou,Zone soudanienne,203.47736,6,plus_petite_couverture,All_phases
2016-08-26,C5_plus_petite_couverture + C6_plus_petite_couverture,2016-08-26_002_008,-15.375,12.875,14.832043647766113,8.355328559875488,0.7078123688697815,6.476715087890625,False,False,moderee,normale,2016,8,26,239,Phase_2_pleine,Pleine saison (Juillet-Aout),Kolda,Zone soudanienne,230.60765,6,plus_petite_couverture,All_phases
2016-08-26,C5_plus_petite_couverture + C6_plus_petite_couverture,2016-08-26_002_009,-15.125,12.875,12.233572006225586,9.868647575378418,0.22536489367485046,2.364924430847168,False,False,moderee,normale,2016,8,26,239,Phase_2_pleine,Pleine saison (Juillet-Aout),Kolda,Zone soudanienne,257.73798,6,plus_petite_couverture,All_phases
2016-08-26,C5_plus_petite_couverture + C6_plus_petite_couverture,2016-08-26_002_010,-14.875,12.875,6.6070404052734375,9.966269493103027,-0.34670117497444153,-3.35922908782959,False,False,moderee,normale,2016,8,26,239,Phase_2_pleine,Pleine saison (Juillet-Aout),Kolda,Zone soudanienne,284.8683,6,plus_petite_couverture,All_phases
2016-08-26,C5_plus_petite_couverture + C6_plus_petite_couverture,2016-08-26_002_011,-14.625,12.875,3.0305874347686768,10.838176727294922,-0.6553128361701965,-7.807589292526245,False,False,faible,normale,2016,8,26,239,Phase_2_pleine,Pleine saison (Juillet-Aout),Kolda,Zone soudanienne,311.9986,6,plus_petite_couverture,All_phases
2016-08-26,C5_plus_petite_couverture + C6_plus_petite_couverture,2016-08-26_002_012,-14.375,12.875,1.784691572189331,10.70492172241211,-0.8676676154136658,-8.920230150222778,False,False,faible,normale,2016,8,26,239,Phase_2_pleine,Pleine saison (Juillet-Aout),Kolda,Zone soudanienne,339.1289,6,plus_petite_couverture,All_phases
2016-08-26,C5_plus_petite_couverture + C6_plus_petite_couverture,2016-08-26_002_013,-14.125,12.875,4.681848526000977,9.350404739379883,-0.5245904326438904,-4.668556213378906,False,False,faible,normale,2016,8,26,239,Phase_2_pleine,Pleine saison (Juillet-Aout),Kolda,Zone soudanienne,366.25922,6,plus_petite_couverture,All_phases
2016-08-26,C5_plus_petite_couverture + C6_plus_petite_couverture,2016-08-26_002_014,-13.875,12.875,12.105642318725586,10.15832233428955,0.20251749455928802,1.9473199844360352,False,False,moderee,normale,2016,8,26,239,Phase_2_pleine,Pleine saison (Juillet-Aout),Tambacounda,Zone soudanienne,393.38953,6,plus_petite_couverture,All_phases
2016-08-26,C5_plus_petite_couverture + C6_plus_petite_couverture,2016-08-26_002_015,-13.625,12.875,10.7963285446167,10.071585655212402,0.07836059480905533,0.7247428894042969,False,False,moderee,normale,2016,8,26,239,Phase_2_pleine,Pleine saison (Juillet-Aout),Tambacounda,Zone soudanienne,420.51984,6,plus_petite_couverture,All_phases
2016-08-26,C5_plus_petite_couverture + C6_plus_petite_couverture,2016-08-26_002_016,-13.375,12.875,8.859803199768066,8.52319049835205,0.034815993160009384,0.3366127014160156,False,False,moderee,normale,2016,8,26,239,Phase_2_pleine,Pleine saison (Juillet-Aout),Tambacounda,Zone soudanienne,447.65018,6,plus_petite_couverture,All_phases
2016-08-26,C5_plus_petite_couverture + C6_plus_petite_couverture,2016-08-26_002_017,-13.125,12.875,7.560875415802002,10.977933883666992,-0.3089458644390106,-3.4170584678649902,False,False,moderee,normale,2016,8,26,239,Phase_2_pleine,Pleine saison (Juillet-Aout),Kédougou,Zone soudanienne,474.78046,6,plus_petite_couverture,All_phases
2016-08-26,C5_plus_petite_couverture + C6_plus_petite_couverture,2016-08-26_002_018,-12.875,12.875,6.242344379425049,12.462140083312988,-0.5562332272529602,-6.2197957038879395,False,False,moderee,normale,2016,8,26,239,Phase_2_pleine,Pleine saison (Juillet-Aout),Kédougou,Zone soudanienne,501.91077,6,plus_petite_couverture,All_phases
2016-08-26,C5_plus_petite_couverture + C6_plus_petite_couverture,2016-08-26_002_019,-12.625,12.875,4.753574371337891,11.56866455078125,-0.6695259809494019,-6.815090179443359,False,False,faible,normale,2016,8,26,239,Phase_2_pleine,Pleine saison (Juillet-Aout),Kédougou,Zone soudanienne,529.0411,6,plus_petite_couverture,All_phases
2016-08-26,C5_plus_petite_couverture + C6_plus_petite_couverture,2016-08-26_002_020,-12.375,12.875,12.021709442138672,12.654175758361816,-0.059651512652635574,-0.6324663162231445,False,False,moderee,normale,2016,8,26,239,Phase_2_pleine,Pleine saison (Juillet-Aout),Kédougou,Zone soudanienne,556.17145,6,plus_petite_couverture,All_phases
2016-08-26,C5_plus_petite_couverture + C6_plus_petite_couverture,2016-08-26_002_021,-12.125,12.875,14.139603614807129,12.343070030212402,0.168060302734375,1.7965335845947266,False,False,moderee,normale,2016,8,26,239,Phase_2_pleine,Pleine saison (Juillet-Aout),Kédougou,Zone soudanienne,583.3017,6,plus_petite_couverture,All_phases
2016-08-26,C5_plus_petite_couverture + C6_plus_petite_couverture,2016-08-26_002_022,-11.875,12.875,13.477875709533691,12.871960639953613,0.05346456542611122,0.6059150695800781,False,False,moderee,normale,2016,8,26,239,Phase_2_pleine,Pleine saison (Juillet-Aout),Kédougou,Zone soudanienne,610.432,6,plus_petite_couverture,All_phases
2016-08-26,C5_plus_petite_couverture + C6_plus_petite_couverture,2016-08-26_002_023,-11.625,12.875,10.878122329711914,11.072016716003418,-0.01874506287276745,-0.1938943862915039,False,False,moderee,normale,2016,8,26,239,Phase_2_pleine,Pleine saison (Juillet-Aout),Kédougou,Zone soudanienne,637.5624,6,plus_petite_couverture,All_phases
2016-08-26,C5_plus_petite_couverture + C6_plus_petite_couverture,2016-08-26_003_003,-16.625,13.125,5.3360514640808105,11.955523490905762,-0.5188196897506714,-6.619472026824951,False,False,moderee,normale,2016,8,26,239,Phase_2_pleine,Pleine saison (Juillet-Aout),Ziguinchor,Zone soudanienne,94.86048,6,plus_petite_couverture,All_phases
2016-08-26,C5_plus_petite_couverture + C6_plus_petite_couverture,2016-08-26_003_004,-16.375,13.125,6.576566696166992,11.509188652038574,-0.42014655470848083,-4.932621955871582,False,False,moderee,normale,2016,8,26,239,Phase_2_pleine,Pleine saison (Juillet-Aout),Ziguinchor,Zone soudanienne,121.96348,6,plus_petite_couverture,All_phases
2016-08-26,C5_plus_petite_couverture + C6_plus_petite_couverture,2016-08-26_003_005,-16.125,13.125,10.483634948730469,10.300638198852539,0.018209384754300117,0.1829967498779297,False,False,moderee,normale,2016,8,26,239,Phase_2_pleine,Pleine saison (Juillet-Aout),Sédhiou,Zone soudanienne,149.06648,6,plus_petite_couverture,All_phases
2016-08-26,C5_plus_petite_couverture + C6_plus_petite_couverture,2016-08-26_003_006,-15.875,13.125,8.354076385498047,8.966784477233887,-0.06025979295372963,-0.6127080917358398,False,False,moderee,normale,2016,8,26,239,Phase_2_pleine,Pleine saison (Juillet-Aout),Sédhiou,Zone soudanienne,176.16948,6,plus_petite_couverture,All_phases
2016-08-26,C5_plus_petite_couverture + C6_plus_petite_couverture,2016-08-26_003_007,-15.625,13.125,8.054927825927734,8.181361198425293,-0.013664118014276028,-0.1264333724975586,False,False,moderee,normale,2016,8,26,239,Phase_2_pleine,Pleine saison (Juillet-Aout),Sédhiou,Zone soudanienne,203.27248,6,plus_petite_couverture,All_phases
2016-08-26,C5_plus_petite_couverture + C6_plus_petite_couverture,2016-08-26_003_008,-15.375,13.125,6.902052402496338,7.912899971008301,-0.12142980843782425,-1.010847568511963,False,False,moderee,normale,2016,8,26,239,Phase_2_pleine,Pleine saison (Juillet-Aout),Kolda,Zone soudanienne,230.37546,6,plus_petite_couverture,All_phases
2016-08-26,C5_plus_petite_couverture + C6_plus_petite_couverture,2016-08-26_003_009,-15.125,13.125,5.296266078948975,8.376022338867188,-0.3519122302532196,-3.079756259918213,False,False,moderee,normale,2016,8,26,239,Phase_2_pleine,Pleine saison (Juillet-Aout),Kolda,Zone soudanienne,257.47845,6,plus_petite_couverture,All_phases
2016-08-26,C5_plus_petite_couverture + C6_plus_petite_couverture,2016-08-26_003_010,-14.875,13.125,2.841165781021118,8.136816024780273,-0.6323627233505249,-5.295650243759155,False,False,faible,normale,2016,8,26,239,Phase_2_pleine,Pleine saison (Juillet-Aout),Kolda,Zone soudanienne,284.58145,6,plus_petite_couverture,All_phases
2016-08-26,C5_plus_petite_couverture + C6_plus_petite_couverture,2016-08-26_003_011,-14.625,13.125,4.938882350921631,8.019222259521484,-0.40805119276046753,-3.0803399085998535,False,False,faible,normale,2016,8,26,239,Phase_2_pleine,Pleine saison (Juillet-Aout),Kolda,Zone soudanienne,311.68445,6,plus_petite_couverture,All_phases
2016-08-26,C5_plus_petite_couverture + C6_plus_petite_couverture,2016-08-26_003_012,-14.375,13.125,11.933584213256836,8.941075325012207,0.3792364001274109,2.992508888244629,False,False,moderee,normale,2016,8,26,239,Phase_2_pleine,Pleine saison (Juillet-Aout),Tambacounda,Zone soudanienne,338.78745,6,plus_petite_couverture,All_phases
2016-08-26,C5_plus_petite_couverture + C6_plus_petite_couverture,2016-08-26_003_013,-14.125,13.125,9.903144836425781,8.076106071472168,0.23476840555667877,1.8270387649536133,False,False,moderee,normale,2016,8,26,239,Phase_2_pleine,Pleine saison (Juillet-Aout),Tambacounda,Zone soudanienne,365.89044,6,plus_petite_couverture,All_phases
2016-08-26,C5_plus_petite_couverture + C6_plus_petite_couverture,2016-08-26_003_014,-13.875,13.125,5.915708541870117,8.067399024963379,-0.2938052713871002,-2.1516904830932617,False,False,moderee,normale,2016,8,26,239,Phase_2_pleine,Pleine saison (Juillet-Aout),Tambacounda,Zone soudanienne,392.99344,6,plus_petite_couverture,All_phases
2016-08-26,C5_plus_petite_couverture + C6_plus_petite_couverture,2016-08-26_003_015,-13.625,13.125,0.9875935316085815,7.711607456207275,-0.8468552827835083,-6.724013924598694,False,False,trace,normale,2016,8,26,239,Phase_2_pleine,Pleine saison (Juillet-Aout),Tambacounda,Zone soudanienne,420.09644,6,plus_petite_couverture,All_phases
2016-08-26,C5_plus_petite_couverture + C6_plus_petite_couverture,2016-08-26_003_016,-13.375,13.125,1.4488705396652222,7.423024654388428,-0.769463837146759,-5.974154114723206,False,False,faible,normale,2016,8,26,239,Phase_2_pleine,Pleine saison (Juillet-Aout),Tambacounda,Zone soudanienne,447.19943,6,plus_petite_couverture,All_phases
2016-08-26,C5_plus_petite_couverture + C6_plus_petite_couverture,2016-08-26_003_017,-13.125,13.125,4.746456146240234,9.045526504516602,-0.4834921061992645,-4.299070358276367,False,False,faible,normale,2016,8,26,239,Phase_2_pleine,Pleine saison (Juillet-Aout),Tambacounda,Zone soudanienne,474.30243,6,plus_petite_couverture,All_phases
2016-08-26,C5_plus_petite_couverture + C6_plus_petite_couverture,2016-08-26_003_018,-12.875,13.125,7.857134819030762,10.798687934875488,-0.2924273610115051,-2.9415531158447266,False,False,moderee,normale,2016,8,26,239,Phase_2_pleine,Pleine saison (Juillet-Aout),Tambacounda,Zone soudanienne,501.4054,6,plus_petite_couverture,All_phases
2016-08-26,C5_plus_petite_couverture + C6_plus_petite_couverture,2016-08-26_003_019,-12.625,13.125,10.592198371887207,11.648133277893066,-0.1060788556933403,-1.0559349060058594,False,False,moderee,normale,2016,8,26,239,Phase_2_pleine,Pleine saison (Juillet-Aout),Tambacounda,Zone soudanienne,528.5084,6,plus_petite_couverture,All_phases
2016-08-26,C5_plus_petite_couverture + C6_plus_petite_couverture,2016-08-26_003_020,-12.375,13.125,15.549525260925293,12.98128890991211,0.22193004190921783,2.5682363510131836,False,False,moderee,normale,2016,8,26,239,Phase_2_pleine,Pleine saison (Juillet-Aout),Tambacounda,Zone soudanienne,555.61145,6,plus_petite_couverture,All_phases
2016-08-26,C5_plus_petite_couverture + C6_plus_petite_couverture,2016-08-26_003_021,-12.125,13.125,17.89533233642578,12.947745323181152,0.43420568108558655,4.947587013244629,False,False,moderee,normale,2016,8,26,239,Phase_2_pleine,Pleine saison (Juillet-Aout),Tambacounda,Zone soudanienne,582.71436,6,plus_petite_couverture,All_phases
2016-08-26,C5_plus_petite_couverture + C6_plus_petite_couverture,2016-08-26_003_022,-11.875,13.125,20.58177947998047,13.267278671264648,0.619504451751709,7.31450080871582,False,True,forte,normale,2016,8,26,239,Phase_2_pleine,Pleine saison (Juillet-Aout),Tambacounda,Zone soudanienne,609.8174,6,plus_petite_couverture,All_phases
2016-08-26,C5_plus_petite_couverture + C6_plus_petite_couverture,2016-08-26_003_023,-11.625,13.125,17.058969497680664,12.647503852844238,0.3648448586463928,4.411465644836426,False,False,moderee,normale,2016,8,26,239,Phase_2_pleine,Pleine saison (Juillet-Aout),Tambacounda,Zone soudanienne,636.9204,6,plus_petite_couverture,All_phases
2016-08-26,C5_plus_petite_couverture + C6_plus_petite_couverture,2016-08-26_004_009,-15.125,13.375,8.324422836303711,6.7690935134887695,0.19984833896160126,1.5553293228149414,False,False,moderee,normale,2016,8,26,239,Phase_2_pleine,Pleine saison (Juillet-Aout),Kolda,Zone soudanienne,257.21408,6,plus_petite_couverture,All_phases
2016-08-26,C5_plus_petite_couverture + C6_plus_petite_couverture,2016-08-26_004_010,-14.875,13.375,10.038420677185059,5.977877616882324,0.631062388420105,4.060543060302734,False,False,moderee,normale,2016,8,26,239,Phase_2_pleine,Pleine saison (Juillet-Aout),Kolda,Zone soudanienne,284.2892,6,plus_petite_couverture,All_phases
2016-08-26,C5_plus_petite_couverture + C6_plus_petite_couverture,2016-08-26_004_015,-13.625,13.375,4.393048286437988,7.419041633605957,-0.3917657732963562,-3.0259933471679688,False,False,faible,normale,2016,8,26,239,Phase_2_pleine,Pleine saison (Juillet-Aout),Tambacounda,Zone soudanienne,419.66504,6,plus_petite_couverture,All_phases
2016-08-26,C5_plus_petite_couverture + C6_plus_petite_couverture,2016-08-26_004_016,-13.375,13.375,1.8322147130966187,6.977863311767578,-0.6931107044219971,-5.1456485986709595,False,False,faible,normale,2016,8,26,239,Phase_2_pleine,Pleine saison (Juillet-Aout),Tambacounda,Zone soudanienne,446.7402,6,plus_petite_couverture,All_phases
2016-08-26,C5_plus_petite_couverture + C6_plus_petite_couverture,2016-08-26_004_017,-13.125,13.375,4.753118515014648,9.964533805847168,-0.5850419402122498,-5.2114152908325195,False,False,faible,normale,2016,8,26,239,Phase_2_pleine,Pleine saison (Juillet-Aout),Tambacounda,Zone soudanienne,473.81537,6,plus_petite_couverture,All_phases
2016-08-26,C5_plus_petite_couverture + C6_plus_petite_couverture,2016-08-26_004_018,-12.875,13.375,6.651782989501953,10.076735496520996,-0.3702593445777893,-3.424952507019043,False,False,moderee,normale,2016,8,26,239,Phase_2_pleine,Pleine saison (Juillet-Aout),Tambacounda,Zone soudanienne,500.89053,6,plus_petite_couverture,All_phases
2016-08-26,C5_plus_petite_couverture + C6_plus_petite_couverture,2016-08-26_004_019,-12.625,13.375,14.970938682556152,10.373435974121094,0.4225350022315979,4.597502708435059,False,False,moderee,normale,2016,8,26,239,Phase_2_pleine,Pleine saison (Juillet-Aout),Tambacounda,Zone soudanienne,527.9657,6,plus_petite_couverture,All_phases
2016-08-26,C5_plus_petite_couverture + C6_plus_petite_couverture,2016-08-26_004_020,-12.375,13.375,17.338808059692383,11.530694007873535,0.5237515568733215,5.808114051818848,False,False,moderee,normale,2016,8,26,239,Phase_2_pleine,Pleine saison (Juillet-Aout),Tambacounda,Zone soudanienne,555.0409,6,plus_petite_couverture,All_phases
2016-08-26,C5_plus_petite_couverture + C6_plus_petite_couverture,2016-08-26_004_021,-12.125,13.375,17.558530807495117,12.200368881225586,0.47224849462509155,5.358161926269531,False,False,moderee,normale,2016,8,26,239,Phase_2_pleine,Pleine saison (Juillet-Aout),Tambacounda,Zone soudanienne,582.116,6,plus_petite_couverture,All_phases
2016-08-26,C5_plus_petite_couverture + C6_plus_petite_couverture,2016-08-26_004_022,-11.875,13.375,15.550339698791504,11.919188499450684,0.32280293107032776,3.6311511993408203,False,False,moderee,normale,2016,8,26,239,Phase_2_pleine,Pleine saison (Juillet-Aout),Tambacounda,Zone soudanienne,609.19116,6,plus_petite_couverture,All_phases
2016-08-26,C5_plus_petite_couverture + C6_plus_petite_couverture,2016-08-26_004_023,-11.625,13.375,23.066173553466797,12.553946495056152,0.8717973232269287,10.512227058410645,False,True,forte,normale,2016,8,26,239,Phase_2_pleine,Pleine saison (Juillet-Aout),Tambacounda,Zone soudanienne,636.26636,6,plus_petite_couverture,All_phases
2016-08-26,C5_plus_petite_couverture + C6_plus_petite_couverture,2016-08-26_005_004,-16.375,13.625,5.152415752410889,7.93071174621582,-0.31792500615119934,-2.7782959938049316,False,False,moderee,normale,2016,8,26,239,Phase_2_pleine,Pleine saison (Juillet-Aout),Kaolack,Zone soudano-sahélienne,121.71068,6,plus_petite_couverture,All_phases
2016-08-26,C5_plus_petite_couverture + C6_plus_petite_couverture,2016-08-26_005_005,-16.125,13.625,4.255019664764404,7.889596462249756,-0.46088460087776184,-3.6345767974853516,False,False,faible,normale,2016,8,26,239,Phase_2_pleine,Pleine saison (Juillet-Aout),Kaolack,Zone soudano-sahélienne,148.75749,6,plus_petite_couverture,All_phases
2016-08-26,C5_plus_petite_couverture + C6_plus_petite_couverture,2016-08-26_005_006,-15.875,13.625,5.378653049468994,7.069456577301025,-0.2520787715911865,-1.6908035278320312,False,False,moderee,normale,2016,8,26,239,Phase_2_pleine,Pleine saison (Juillet-Aout),Kaffrine,Zone soudano-sahélienne,175.80432,6,plus_petite_couverture,All_phases
2016-08-26,C5_plus_petite_couverture + C6_plus_petite_couverture,2016-08-26_005_007,-15.625,13.625,5.721141338348389,6.345447063446045,-0.08908067643642426,-0.6243057250976562,False,False,moderee,normale,2016,8,26,239,Phase_2_pleine,Pleine saison (Juillet-Aout),Kaffrine,Zone soudano-sahélienne,202.85114,6,plus_petite_couverture,All_phases
2016-08-26,C5_plus_petite_couverture + C6_plus_petite_couverture,2016-08-26_005_012,-14.375,13.625,5.3483076095581055,5.602756023406982,-0.04009241238236427,-0.25444841384887695,False,False,moderee,normale,2016,8,26,239,Phase_2_pleine,Pleine saison (Juillet-Aout),Tambacounda,Zone soudano-sahélienne,338.0852,6,plus_petite_couverture,All_phases
2016-08-26,C5_plus_petite_couverture + C6_plus_petite_couverture,2016-08-26_005_013,-14.125,13.625,4.997900485992432,6.010797500610352,-0.15589222311973572,-1.01289701461792,False,False,faible,normale,2016,8,26,239,Phase_2_pleine,Pleine saison (Juillet-Aout),Tambacounda,Zone soudano-sahélienne,365.13202,6,plus_petite_couverture,All_phases
2016-08-26,C5_plus_petite_couverture + C6_plus_petite_couverture,2016-08-26_005_014,-13.875,13.625,1.4348994493484497,5.849671840667725,-0.7495381236076355,-4.414772391319275,False,False,faible,normale,2016,8,26,239,Phase_2_pleine,Pleine saison (Juillet-Aout),Tambacounda,Zone soudano-sahélienne,392.17886,6,plus_petite_couverture,All_phases
2016-08-26,C5_plus_petite_couverture + C6_plus_petite_couverture,2016-08-26_005_015,-13.625,13.625,0.3555411398410797,6.541520118713379,-0.9781922698020935,-6.185978978872299,False,False,trace,normale,2016,8,26,239,Phase_2_pleine,Pleine saison (Juillet-Aout),Tambacounda,Zone soudano-sahélienne,419.22565,6,plus_petite_couverture,All_phases
2016-08-26,C5_plus_petite_couverture + C6_plus_petite_couverture,2016-08-26_005_016,-13.375,13.625,0.0,6.683054447174072,-1.0536876916885376,-6.683054447174072,False,False,trace,seche,2016,8,26,239,Phase_2_pleine,Pleine saison (Juillet-Aout),Tambacounda,Zone soudano-sahélienne,446.2725,6,plus_petite_couverture,All_phases
2016-08-26,C5_plus_petite_couverture + C6_plus_petite_couverture,2016-08-26_005_017,-13.125,13.625,3.8946733474731445,9.06569766998291,-0.6797829866409302,-5.171024322509766,False,False,faible,normale,2016,8,26,239,Phase_2_pleine,Pleine saison (Juillet-Aout),Tambacounda,Zone soudano-sahélienne,473.3193,6,plus_petite_couverture,All_phases
2016-08-26,C5_plus_petite_couverture + C6_plus_petite_couverture,2016-08-26_005_018,-12.875,13.625,16.48133659362793,10.740285873413086,0.602432131767273,5.741050720214844,False,False,moderee,normale,2016,8,26,239,Phase_2_pleine,Pleine saison (Juillet-Aout),Tambacounda,Zone soudano-sahélienne,500.3661,6,plus_petite_couverture,All_phases
2016-08-26,C5_plus_petite_couverture + C6_plus_petite_couverture,2016-08-26_005_019,-12.625,13.625,20.7933349609375,10.84518814086914,0.9682958126068115,9.94814682006836,False,True,forte,normale,2016,8,26,239,Phase_2_pleine,Pleine saison (Juillet-Aout),Tambacounda,Zone soudano-sahélienne,527.4129,6,plus_petite_couverture,All_phases
2016-08-26,C5_plus_petite_couverture + C6_plus_petite_couverture,2016-08-26_005_020,-12.375,13.625,24.047574996948242,10.334211349487305,1.3731968402862549,13.713363647460938,False,True,forte,humide,2016,8,26,239,Phase_2_pleine,Pleine saison (Juillet-Aout),Tambacounda,Zone soudano-sahélienne,554.4598,6,plus_petite_couverture,All_phases
2016-08-26,C5_plus_petite_couverture + C6_plus_petite_couverture,2016-08-26_005_021,-12.125,13.625,25.4559383392334,11.001595497131348,1.356102705001831,14.45434284210205,False,True,forte,humide,2016,8,26,239,Phase_2_pleine,Pleine saison (Juillet-Aout),Tambacounda,Zone soudano-sahélienne,581.50653,6,plus_petite_couverture,All_phases
2016-08-26,C5_plus_petite_couverture + C6_plus_petite_couverture,2016-08-26_006_003,-16.625,13.875,3.2470991611480713,10.746164321899414,-0.6149387955665588,-7.499065160751343,False,False,faible,normale,2016,8,26,239,Phase_2_pleine,Pleine saison (Juillet-Aout),Fatick,Zone soudano-sahélienne,94.562836,6,plus_petite_couverture,All_phases
2016-08-26,C5_plus_petite_couverture + C6_plus_petite_couverture,2016-08-26_006_004,-16.375,13.875,3.3732833862304688,8.335561752319336,-0.588125467300415,-4.962278366088867,False,False,faible,normale,2016,8,26,239,Phase_2_pleine,Pleine saison (Juillet-Aout),Fatick,Zone soudano-sahélienne,121.580795,6,plus_petite_couverture,All_phases
2016-08-26,C5_plus_petite_couverture + C6_plus_petite_couverture,2016-08-26_006_005,-16.125,13.875,0.0,5.899319648742676,-0.9602864384651184,-5.899319648742676,False,False,trace,normale,2016,8,26,239,Phase_2_pleine,Pleine saison (Juillet-Aout),Fatick,Zone soudano-sahélienne,148.59875,6,plus_petite_couverture,All_phases
2016-08-26,C5_plus_petite_couverture + C6_plus_petite_couverture,2016-08-26_006_006,-15.875,13.875,1.883278250694275,6.342856407165527,-0.6900996565818787,-4.459578156471252,False,False,faible,normale,2016,8,26,239,Phase_2_pleine,Pleine saison (Juillet-Aout),Kaolack,Zone soudano-sahélienne,175.6167,6,plus_petite_couverture,All_phases
2016-08-26,C5_plus_petite_couverture + C6_plus_petite_couverture,2016-08-26_006_007,-15.625,13.875,2.2290971279144287,5.468971252441406,-0.5630021691322327,-3.2398741245269775,False,False,faible,normale,2016,8,26,239,Phase_2_pleine,Pleine saison (Juillet-Aout),Kaolack,Zone soudano-sahélienne,202.63466,6,plus_petite_couverture,All_phases
2016-08-26,C5_plus_petite_couverture + C6_plus_petite_couverture,2016-08-26_006_008,-15.375,13.875,4.8302764892578125,5.1152777671813965,-0.04828919470310211,-0.285001277923584,False,False,faible,normale,2016,8,26,239,Phase_2_pleine,Pleine saison (Juillet-Aout),Kaffrine,Zone soudano-sahélienne,229.6526,6,plus_petite_couverture,All_phases
2016-08-26,C5_plus_petite_couverture + C6_plus_petite_couverture,2016-08-26_006_009,-15.125,13.875,3.9192709922790527,4.4822306632995605,-0.10248150676488876,-0.5629596710205078,False,False,faible,normale,2016,8,26,239,Phase_2_pleine,Pleine saison (Juillet-Aout),Kaffrine,Zone soudano-sahélienne,256.67056,6,plus_petite_couverture,All_phases
2016-08-26,C5_plus_petite_couverture + C6_plus_petite_couverture,2016-08-26_006_010,-14.875,13.875,4.346241474151611,4.8456525802612305,-0.08616987615823746,-0.49941110610961914,False,False,faible,normale,2016,8,26,239,Phase_2_pleine,Pleine saison (Juillet-Aout),Kaffrine,Zone soudano-sahélienne,283.6885,6,plus_petite_couverture,All_phases
2016-08-26,C5_plus_petite_couverture + C6_plus_petite_couverture,2016-08-26_006_011,-14.625,13.875,3.784287452697754,5.292420864105225,-0.2338227927684784,-1.5081334114074707,False,False,faible,normale,2016,8,26,239,Phase_2_pleine,Pleine saison (Juillet-Aout),Kaffrine,Zone soudano-sahélienne,310.70648,6,plus_petite_couverture,All_phases
2016-08-26,C5_plus_petite_couverture + C6_plus_petite_couverture,2016-08-26_006_012,-14.375,13.875,4.4870285987854,5.592770099639893,-0.15988168120384216,-1.1057415008544922,False,False,faible,normale,2016,8,26,239,Phase_2_pleine,Pleine saison (Juillet-Aout),Tambacounda,Zone soudano-sahélienne,337.72443,6,plus_petite_couverture,All_phases
2016-08-26,C5_plus_petite_couverture + C6_plus_petite_couverture,2016-08-26_006_013,-14.125,13.875,5.237795829772949,6.1321611404418945,-0.11818049103021622,-0.8943653106689453,False,False,moderee,normale,2016,8,26,239,Phase_2_pleine,Pleine saison (Juillet-Aout),Tambacounda,Zone soudano-sahélienne,364.74237,6,plus_petite_couverture,All_phases
2016-08-26,C5_plus_petite_couverture + C6_plus_petite_couverture,2016-08-26_006_014,-13.875,13.875,2.2139461040496826,6.057919502258301,-0.5987645387649536,-3.843973398208618,False,False,faible,normale,2016,8,26,239,Phase_2_pleine,Pleine saison (Juillet-Aout),Tambacounda,Zone soudano-sahélienne,391.76035,6,plus_petite_couverture,All_phases
2016-08-26,C5_plus_petite_couverture + C6_plus_petite_couverture,2016-08-26_006_015,-13.625,13.875,1.359840750694275,6.634649276733398,-0.8025085926055908,-5.2748085260391235,False,False,faible,normale,2016,8,26,239,Phase_2_pleine,Pleine saison (Juillet-Aout),Tambacounda,Zone soudano-sahélienne,418.7783,6,plus_petite_couverture,All_phases
2016-08-26,C5_plus_petite_couverture + C6_plus_petite_couverture,2016-08-26_006_016,-13.375,13.875,4.973003387451172,7.137092590332031,-0.36263206601142883,-2.1640892028808594,False,False,faible,normale,2016,8,26,239,Phase_2_pleine,Pleine saison (Juillet-Aout),Tambacounda,Zone soudano-sahélienne,445.79623,6,plus_petite_couverture,All_phases
2016-08-26,C5_plus_petite_couverture + C6_plus_petite_couverture,2016-08-26_006_017,-13.125,13.875,13.006575584411621,8.356825828552246,0.613495409488678,4.649749755859375,False,False,moderee,normale,2016,8,26,239,Phase_2_pleine,Pleine saison (Juillet-Aout),Tambacounda,Zone soudano-sahélienne,472.81418,6,plus_petite_couverture,All_phases
2016-08-26,C5_plus_petite_couverture + C6_plus_petite_couverture,2016-08-26_006_018,-12.875,13.875,27.80758285522461,10.40768051147461,1.77783203125,17.39990234375,False,True,forte,humide,2016,8,26,239,Phase_2_pleine,Pleine saison (Juillet-Aout),Tambacounda,Zone soudano-sahélienne,499.83212,6,plus_petite_couverture,All_phases
2016-08-26,C5_plus_petite_couverture + C6_plus_petite_couverture,2016-08-26_006_019,-12.625,13.875,33.816795349121094,10.268712043762207,2.285156726837158,23.548083305358887,True,True,forte,tres humide,2016,8,26,239,Phase_2_pleine,Pleine saison (Juillet-Aout),Tambacounda,Zone soudano-sahélienne,526.8501,6,plus_petite_couverture,All_phases
2016-08-26,C5_plus_petite_couverture + C6_plus_petite_couverture,2016-08-26_006_020,-12.375,13.875,32.599937438964844,9.556154251098633,2.3522751331329346,23.04378318786621,True,True,forte,tres humide,2016,8,26,239,Phase_2_pleine,Pleine saison (Juillet-Aout),Tambacounda,Zone soudano-sahélienne,553.86804,6,plus_petite_couverture,All_phases
2016-08-26,C5_plus_petite_couverture + C6_plus_petite_couverture,2016-08-26_006_021,-12.125,13.875,28.64965057373047,9.457051277160645,1.9434878826141357,19.192599296569824,False,True,forte,humide,2016,8,26,239,Phase_2_pleine,Pleine saison (Juillet-Aout),Tambacounda,Zone soudano-sahélienne,580.886,6,plus_petite_couverture,All_phases
2016-08-26,C5_plus_petite_couverture + C6_plus_petite_couverture,2016-08-26_007_003,-16.625,14.125,2.2880988121032715,8.914712905883789,-0.6491923332214355,-6.626614093780518,False,False,faible,normale,2016,8,26,239,Phase_2_pleine,Pleine saison (Juillet-Aout),Fatick,Zone soudano-sahélienne,94.460014,6,plus_petite_couverture,All_phases
2016-08-26,C5_plus_petite_couverture + C6_plus_petite_couverture,2016-08-26_007_004,-16.375,14.125,0.8177090287208557,7.874443531036377,-0.8212023377418518,-7.056734502315521,False,False,trace,normale,2016,8,26,239,Phase_2_pleine,Pleine saison (Juillet-Aout),Fatick,Zone soudano-sahélienne,121.44859,6,plus_petite_couverture,All_phases
2016-08-26,C5_plus_petite_couverture + C6_plus_petite_couverture,2016-08-26_007_005,-16.125,14.125,1.6116478443145752,6.445591926574707,-0.6452045440673828,-4.833944082260132,False,False,faible,normale,2016,8,26,239,Phase_2_pleine,Pleine saison (Juillet-Aout),Fatick,Zone soudano-sahélienne,148.43718,6,plus_petite_couverture,All_phases
2016-08-26,C5_plus_petite_couverture + C6_plus_petite_couverture,2016-08-26_007_006,-15.875,14.125,1.164946436882019,6.108504772186279,-0.7395575642585754,-4.94355833530426,False,False,faible,normale,2016,8,26,239,Phase_2_pleine,Pleine saison (Juillet-Aout),Kaolack,Zone soudano-sahélienne,175.42575,6,plus_petite_couverture,All_phases
2016-08-26,C5_plus_petite_couverture + C6_plus_petite_couverture,2016-08-26_007_007,-15.625,14.125,1.912998914718628,5.262511253356934,-0.5822921395301819,-3.3495123386383057,False,False,faible,normale,2016,8,26,239,Phase_2_pleine,Pleine saison (Juillet-Aout),Kaolack,Zone soudano-sahélienne,202.41434,6,plus_petite_couverture,All_phases
2016-08-26,C5_plus_petite_couverture + C6_plus_petite_couverture,2016-08-26_007_008,-15.375,14.125,4.053734302520752,4.419981002807617,-0.06786898523569107,-0.36624670028686523,False,False,faible,normale,2016,8,26,239,Phase_2_pleine,Pleine saison (Juillet-Aout),Kaffrine,Zone soudano-sahélienne,229.4029,6,plus_petite_couverture,All_phases
2016-08-26,C5_plus_petite_couverture + C6_plus_petite_couverture,2016-08-26_007_009,-15.125,14.125,3.232565402984619,4.390329360961914,-0.21649523079395294,-1.157763957977295,False,False,faible,normale,2016,8,26,239,Phase_2_pleine,Pleine saison (Juillet-Aout),Kaffrine,Zone soudano-sahélienne,256.39148,6,plus_petite_couverture,All_phases
2016-08-26,C5_plus_petite_couverture + C6_plus_petite_couverture,2016-08-26_007_010,-14.875,14.125,2.257108688354492,4.756364822387695,-0.41171371936798096,-2.499256134033203,False,False,faible,normale,2016,8,26,239,Phase_2_pleine,Pleine saison (Juillet-Aout),Kaffrine,Zone soudano-sahélienne,283.38007,6,plus_petite_couverture,All_phases
2016-08-26,C5_plus_petite_couverture + C6_plus_petite_couverture,2016-08-26_007_011,-14.625,14.125,1.8543756008148193,5.308310031890869,-0.5273051261901855,-3.45393443107605,False,False,faible,normale,2016,8,26,239,Phase_2_pleine,Pleine saison (Juillet-Aout),Kaffrine,Zone soudano-sahélienne,310.36865,6,plus_petite_couverture,All_phases
2016-08-26,C5_plus_petite_couverture + C6_plus_petite_couverture,2016-08-26_007_012,-14.375,14.125,3.4978911876678467,5.650161266326904,-0.2978133261203766,-2.1522700786590576,False,False,faible,normale,2016,8,26,239,Phase_2_pleine,Pleine saison (Juillet-Aout),Tambacounda,Zone soudano-sahélienne,337.3572,6,plus_petite_couverture,All_phases
2016-08-26,C5_plus_petite_couverture + C6_plus_petite_couverture,2016-08-26_007_013,-14.125,14.125,3.8514516353607178,6.498383045196533,-0.3307305574417114,-2.6469314098358154,False,False,faible,normale,2016,8,26,239,Phase_2_pleine,Pleine saison (Juillet-Aout),Tambacounda,Zone soudano-sahélienne,364.34576,6,plus_petite_couverture,All_phases
2016-08-26,C5_plus_petite_couverture + C6_plus_petite_couverture,2016-08-26_007_014,-13.875,14.125,3.5544629096984863,7.250678539276123,-0.47845181822776794,-3.6962156295776367,False,False,faible,normale,2016,8,26,239,Phase_2_pleine,Pleine saison (Juillet-Aout),Tambacounda,Zone soudano-sahélienne,391.33438,6,plus_petite_couverture,All_phases
2016-08-26,C5_plus_petite_couverture + C6_plus_petite_couverture,2016-08-26_007_015,-13.625,14.125,4.939736843109131,7.48228120803833,-0.33238938450813293,-2.542544364929199,False,False,faible,normale,2016,8,26,239,Phase_2_pleine,Pleine saison (Juillet-Aout),Tambacounda,Zone soudano-sahélienne,418.32294,6,plus_petite_couverture,All_phases
2016-08-26,C5_plus_petite_couverture + C6_plus_petite_couverture,2016-08-26_007_016,-13.375,14.125,9.235506057739258,7.127080917358398,0.31713107228279114,2.1084251403808594,False,False,moderee,normale,2016,8,26,239,Phase_2_pleine,Pleine saison (Juillet-Aout),Tambacounda,Zone soudano-sahélienne,445.31152,6,plus_petite_couverture,All_phases
2016-08-26,C5_plus_petite_couverture + C6_plus_petite_couverture,2016-08-26_007_017,-13.125,14.125,13.317004203796387,7.711056709289551,0.7805818915367126,5.605947494506836,False,False,moderee,normale,2016,8,26,239,Phase_2_pleine,Pleine saison (Juillet-Aout),Tambacounda,Zone soudano-sahélienne,472.30008,6,plus_petite_couverture,All_phases
2016-08-26,C5_plus_petite_couverture + C6_plus_petite_couverture,2016-08-26_007_018,-12.875,14.125,24.405256271362305,9.312878608703613,1.7664417028427124,15.092377662658691,False,True,forte,humide,2016,8,26,239,Phase_2_pleine,Pleine saison (Juillet-Aout),Tambacounda,Zone soudano-sahélienne,499.28867,6,plus_petite_couverture,All_phases
2016-08-26,C5_plus_petite_couverture + C6_plus_petite_couverture,2016-08-26_007_019,-12.625,14.125,35.272151947021484,9.78560733795166,2.739288806915283,25.486544609069824,True,True,forte,tres humide,2016,8,26,239,Phase_2_pleine,Pleine saison (Juillet-Aout),Tambacounda,Zone soudano-sahélienne,526.2772,6,plus_petite_couverture,All_phases
2016-08-26,C5_plus_petite_couverture + C6_plus_petite_couverture,2016-08-26_007_020,-12.375,14.125,38.614410400390625,9.293834686279297,2.909254550933838,29.320575714111328,True,True,forte,tres humide,2016,8,26,239,Phase_2_pleine,Pleine saison (Juillet-Aout),Tambacounda,Zone soudano-sahélienne,553.2658,6,plus_petite_couverture,All_phases
2016-08-26,C5_plus_petite_couverture + C6_plus_petite_couverture,2016-08-26_007_021,-12.125,14.125,32.390567779541016,9.873270034790039,2.3041117191314697,22.517297744750977,True,True,forte,tres humide,2016,8,26,239,Phase_2_pleine,Pleine saison (Juillet-Aout),Tambacounda,Zone soudano-sahélienne,580.2544,6,plus_petite_couverture,All_phases
2016-08-26,C5_plus_petite_couverture + C6_plus_petite_couverture,2016-08-26_008_002,-16.875,14.375,2.811192512512207,7.299622058868408,-0.34766966104507446,-4.488429546356201,False,False,faible,normale,2016,8,26,239,Phase_2_pleine,Pleine saison (Juillet-Aout),Thiès,Zone soudano-sahélienne,67.39671,6,plus_petite_couverture,All_phases
2016-08-26,C5_plus_petite_couverture + C6_plus_petite_couverture,2016-08-26_008_003,-16.625,14.375,3.192283868789673,6.752929210662842,-0.4109259843826294,-3.560645341873169,False,False,faible,normale,2016,8,26,239,Phase_2_pleine,Pleine saison (Juillet-Aout),Fatick,Zone soudano-sahélienne,94.3554,6,plus_petite_couverture,All_phases
2016-08-26,C5_plus_petite_couverture + C6_plus_petite_couverture,2016-08-26_008_004,-16.375,14.375,2.665459632873535,6.180344104766846,-0.4754203259944916,-3.5148844718933105,False,False,faible,normale,2016,8,26,239,Phase_2_pleine,Pleine saison (Juillet-Aout),Diourbel,Zone soudano-sahélienne,121.314095,6,plus_petite_couverture,All_phases
2016-08-26,C5_plus_petite_couverture + C6_plus_petite_couverture,2016-08-26_008_005,-16.125,14.375,0.9976248741149902,6.04887580871582,-0.7446067929267883,-5.05125093460083,False,False,trace,normale,2016,8,26,239,Phase_2_pleine,Pleine saison (Juillet-Aout),Diourbel,Zone soudano-sahélienne,148.27278,6,plus_petite_couverture,All_phases
2016-08-26,C5_plus_petite_couverture + C6_plus_petite_couverture,2016-08-26_008_006,-15.875,14.375,2.6676666736602783,5.668934345245361,-0.4441632926464081,-3.001267671585083,False,False,faible,normale,2016,8,26,239,Phase_2_pleine,Pleine saison (Juillet-Aout),Diourbel,Zone soudano-sahélienne,175.23148,6,plus_petite_couverture,All_phases
2016-08-26,C5_plus_petite_couverture + C6_plus_petite_couverture,2016-08-26_008_007,-15.625,14.375,2.8506689071655273,5.084784507751465,-0.3402632176876068,-2.2341156005859375,False,False,faible,normale,2016,8,26,239,Phase_2_pleine,Pleine saison (Juillet-Aout),Kaolack,Zone soudano-sahélienne,202.19016,6,plus_petite_couverture,All_phases
2016-08-26,C5_plus_petite_couverture + C6_plus_petite_couverture,2016-08-26_008_008,-15.375,14.375,1.9008806943893433,4.395514011383057,-0.417877197265625,-2.4946333169937134,False,False,faible,normale,2016,8,26,239,Phase_2_pleine,Pleine saison (Juillet-Aout),Kaffrine,Zone soudano-sahélienne,229.14883,6,plus_petite_couverture,All_phases
2016-08-26,C5_plus_petite_couverture + C6_plus_petite_couverture,2016-08-26_008_009,-15.125,14.375,0.662168562412262,4.347108840942383,-0.6719126105308533,-3.684940278530121,False,False,trace,normale,2016,8,26,239,Phase_2_pleine,Pleine saison (Juillet-Aout),Kaffrine,Zone soudano-sahélienne,256.10754,6,plus_petite_couverture,All_phases
2016-08-26,C5_plus_petite_couverture + C6_plus_petite_couverture,2016-08-26_008_010,-14.875,14.375,0.18411758542060852,4.408660888671875,-0.7426630258560181,-4.2245433032512665,False,False,trace,normale,2016,8,26,239,Phase_2_pleine,Pleine saison (Juillet-Aout),Kaffrine,Zone soudano-sahélienne,283.06622,6,plus_petite_couverture,All_phases
2016-08-26,C5_plus_petite_couverture + C6_plus_petite_couverture,2016-08-26_008_011,-14.625,14.375,0.9646892547607422,4.930331230163574,-0.5735493302345276,-3.965641975402832,False,False,trace,normale,2016,8,26,239,Phase_2_pleine,Pleine saison (Juillet-Aout),Kaffrine,Zone soudano-sahélienne,310.0249,6,plus_petite_couverture,All_phases
2016-08-26,C5_plus_petite_couverture + C6_plus_petite_couverture,2016-08-26_008_012,-14.375,14.375,0.09627147018909454,4.478330612182617,-0.6232967376708984,-4.382059141993523,False,False,trace,normale,2016,8,26,239,Phase_2_pleine,Pleine saison (Juillet-Aout),Tambacounda,Zone soudano-sahélienne,336.98358,6,plus_petite_couverture,All_phases
2016-08-26,C5_plus_petite_couverture + C6_plus_petite_couverture,2016-08-26_008_013,-14.125,14.375,0.3083131015300751,5.808943271636963,-0.6517515778541565,-5.500630170106888,False,False,trace,normale,2016,8,26,239,Phase_2_pleine,Pleine saison (Juillet-Aout),Tambacounda,Zone soudano-sahélienne,363.94226,6,plus_petite_couverture,All_phases
2016-08-26,C5_plus_petite_couverture + C6_plus_petite_couverture,2016-08-26_008_014,-13.875,14.375,3.3433849811553955,6.521183490753174,-0.380547434091568,-3.1777985095977783,False,False,faible,normale,2016,8,26,239,Phase_2_pleine,Pleine saison (Juillet-Aout),Tambacounda,Zone soudano-sahélienne,390.90097,6,plus_petite_couverture,All_phases
2016-08-26,C5_plus_petite_couverture + C6_plus_petite_couverture,2016-08-26_008_015,-13.625,14.375,5.1032280921936035,6.555545330047607,-0.18179765343666077,-1.452317237854004,False,False,moderee,normale,2016,8,26,239,Phase_2_pleine,Pleine saison (Juillet-Aout),Tambacounda,Zone soudano-sahélienne,417.85965,6,plus_petite_couverture,All_phases
2016-08-26,C5_plus_petite_couverture + C6_plus_petite_couverture,2016-08-26_008_016,-13.375,14.375,8.509283065795898,6.6997389793396,0.2426629364490509,1.8095440864562988,False,False,moderee,normale,2016,8,26,239,Phase_2_pleine,Pleine saison (Juillet-Aout),Tambacounda,Zone soudano-sahélienne,444.81833,6,plus_petite_couverture,All_phases
2016-08-26,C5_plus_petite_couverture + C6_plus_petite_couverture,2016-08-26_008_017,-13.125,14.375,10.90278434753418,7.222145080566406,0.5263358354568481,3.6806392669677734,False,False,moderee,normale,2016,8,26,239,Phase_2_pleine,Pleine saison (Juillet-Aout),Tambacounda,Zone soudano-sahélienne,471.777,6,plus_petite_couverture,All_phases
2016-08-26,C5_plus_petite_couverture + C6_plus_petite_couverture,2016-08-26_008_018,-12.875,14.375,20.739229202270508,8.17483139038086,1.3831439018249512,12.564397811889648,False,True,forte,humide,2016,8,26,239,Phase_2_pleine,Pleine saison (Juillet-Aout),Tambacounda,Zone soudano-sahélienne,498.7357,6,plus_petite_couverture,All_phases
2016-08-26,C5_plus_petite_couverture + C6_plus_petite_couverture,2016-08-26_008_019,-12.625,14.375,34.903282165527344,9.464205741882324,2.5489790439605713,25.43907642364502,True,True,forte,tres humide,2016,8,26,239,Phase_2_pleine,Pleine saison (Juillet-Aout),Tambacounda,Zone soudano-sahélienne,525.6944,6,plus_petite_couverture,All_phases
2016-08-26,C5_plus_petite_couverture + C6_plus_petite_couverture,2016-08-26_008_020,-12.375,14.375,47.855384826660156,10.423761367797852,3.2603814601898193,37.431623458862305,True,True,forte,exceptionnelle,2016,8,26,239,Phase_2_pleine,Pleine saison (Juillet-Aout),Tambacounda,Zone soudano-sahélienne,552.6531,6,plus_petite_couverture,All_phases
2016-08-26,C5_plus_petite_couverture + C6_plus_petite_couverture,2016-08-26_009_001,-17.125,14.625,0.0,6.755807399749756,-0.5448165535926819,-6.755807399749756,False,False,trace,normale,2016,8,26,239,Phase_2_pleine,Pleine saison (Juillet-Aout),Dakar,Zone soudano-sahélienne,40.39242,6,plus_petite_couverture,All_phases
2016-08-26,C5_plus_petite_couverture + C6_plus_petite_couverture,2016-08-26_009_002,-16.875,14.625,0.9108375310897827,6.3067827224731445,-0.48326191306114197,-5.395945191383362,False,False,trace,normale,2016,8,26,239,Phase_2_pleine,Pleine saison (Juillet-Aout),Thiès,Zone soudano-sahélienne,67.3207,6,plus_petite_couverture,All_phases
2016-08-26,C5_plus_petite_couverture + C6_plus_petite_couverture,2016-08-26_009_003,-16.625,14.625,3.8060178756713867,7.364316940307617,-0.353863924741745,-3.5582990646362305,False,False,faible,normale,2016,8,26,239,Phase_2_pleine,Pleine saison (Juillet-Aout),Thiès,Zone soudano-sahélienne,94.248985,6,plus_petite_couverture,All_phases
2016-08-26,C5_plus_petite_couverture + C6_plus_petite_couverture,2016-08-26_009_004,-16.375,14.625,3.239434003829956,6.529709815979004,-0.4189983308315277,-3.290275812149048,False,False,faible,normale,2016,8,26,239,Phase_2_pleine,Pleine saison (Juillet-Aout),Diourbel,Zone soudano-sahélienne,121.17728,6,plus_petite_couverture,All_phases
2016-08-26,C5_plus_petite_couverture + C6_plus_petite_couverture,2016-08-26_009_005,-16.125,14.625,2.654761552810669,5.834641456604004,-0.5027898550033569,-3.179879903793335,False,False,faible,normale,2016,8,26,239,Phase_2_pleine,Pleine saison (Juillet-Aout),Diourbel,Zone soudano-sahélienne,148.10556,6,plus_petite_couverture,All_phases
2016-08-26,C5_plus_petite_couverture + C6_plus_petite_couverture,2016-08-26_009_006,-15.875,14.625,3.0807526111602783,5.319294452667236,-0.3441846966743469,-2.238541841506958,False,False,faible,normale,2016,8,26,239,Phase_2_pleine,Pleine saison (Juillet-Aout),Diourbel,Zone soudano-sahélienne,175.03384,6,plus_petite_couverture,All_phases
2016-08-26,C5_plus_petite_couverture + C6_plus_petite_couverture,2016-08-26_009_007,-15.625,14.625,1.6920349597930908,4.737640857696533,-0.4417719542980194,-3.0456058979034424,False,False,faible,normale,2016,8,26,239,Phase_2_pleine,Pleine saison (Juillet-Aout),Kaffrine,Zone soudano-sahélienne,201.96213,6,plus_petite_couverture,All_phases
2016-08-26,C5_plus_petite_couverture + C6_plus_petite_couverture,2016-08-26_009_008,-15.375,14.625,0.0,4.8147807121276855,-0.6582977175712585,-4.8147807121276855,False,False,trace,normale,2016,8,26,239,Phase_2_pleine,Pleine saison (Juillet-Aout),Kaffrine,Zone soudano-sahélienne,228.8904,6,plus_petite_couverture,All_phases
2016-08-26,C5_plus_petite_couverture + C6_plus_petite_couverture,2016-08-26_009_009,-15.125,14.625,0.5990568399429321,5.38538122177124,-0.6608167290687561,-4.786324381828308,False,False,trace,normale,2016,8,26,239,Phase_2_pleine,Pleine saison (Juillet-Aout),Kaffrine,Zone soudano-sahélienne,255.8187,6,plus_petite_couverture,All_phases
2016-08-26,C5_plus_petite_couverture + C6_plus_petite_couverture,2016-08-26_009_010,-14.875,14.625,0.0,5.391997814178467,-0.770513117313385,-5.391997814178467,False,False,trace,normale,2016,8,26,239,Phase_2_pleine,Pleine saison (Juillet-Aout),Kaffrine,Zone soudano-sahélienne,282.74698,6,plus_petite_couverture,All_phases
2016-08-26,C5_plus_petite_couverture + C6_plus_petite_couverture,2016-08-26_009_011,-14.625,14.625,0.0,4.931335926055908,-0.6990143656730652,-4.931335926055908,False,False,trace,normale,2016,8,26,239,Phase_2_pleine,Pleine saison (Juillet-Aout),Kaffrine,Zone soudano-sahélienne,309.67526,6,plus_petite_couverture,All_phases
2016-08-26,C5_plus_petite_couverture + C6_plus_petite_couverture,2016-08-26_009_012,-14.375,14.625,0.9670320153236389,5.052811145782471,-0.5466666221618652,-4.085779130458832,False,False,trace,normale,2016,8,26,239,Phase_2_pleine,Pleine saison (Juillet-Aout),Tambacounda,Zone soudano-sahélienne,336.60355,6,plus_petite_couverture,All_phases
2016-08-26,C5_plus_petite_couverture + C6_plus_petite_couverture,2016-08-26_009_013,-14.125,14.625,0.7368945479393005,5.83314847946167,-0.573095440864563,-5.096253931522369,False,False,trace,normale,2016,8,26,239,Phase_2_pleine,Pleine saison (Juillet-Aout),Tambacounda,Zone soudano-sahélienne,363.5318,6,plus_petite_couverture,All_phases
2016-08-26,C5_plus_petite_couverture + C6_plus_petite_couverture,2016-08-26_009_014,-13.875,14.625,3.0788803100585938,5.99006986618042,-0.3526346981525421,-2.911189556121826,False,False,faible,normale,2016,8,26,239,Phase_2_pleine,Pleine saison (Juillet-Aout),Tambacounda,Zone soudano-sahélienne,390.4601,6,plus_petite_couverture,All_phases
2016-08-26,C5_plus_petite_couverture + C6_plus_petite_couverture,2016-08-26_009_015,-13.625,14.625,5.000772953033447,6.585148811340332,-0.20570674538612366,-1.5843758583068848,False,False,moderee,normale,2016,8,26,239,Phase_2_pleine,Pleine saison (Juillet-Aout),Tambacounda,Zone soudano-sahélienne,417.38837,6,plus_petite_couverture,All_phases
2016-08-26,C5_plus_petite_couverture + C6_plus_petite_couverture,2016-08-26_009_016,-13.375,14.625,8.969557762145996,6.787546634674072,0.30608654022216797,2.182011127471924,False,False,moderee,normale,2016,8,26,239,Phase_2_pleine,Pleine saison (Juillet-Aout),Tambacounda,Zone soudano-sahélienne,444.31668,6,plus_petite_couverture,All_phases
2016-08-26,C5_plus_petite_couverture + C6_plus_petite_couverture,2016-08-26_009_017,-13.125,14.625,11.777510643005371,7.752270221710205,0.5142238736152649,4.025240421295166,False,False,moderee,normale,2016,8,26,239,Phase_2_pleine,Pleine saison (Juillet-Aout),Tambacounda,Zone soudano-sahélienne,471.24493,6,plus_petite_couverture,All_phases
2016-08-26,C5_plus_petite_couverture + C6_plus_petite_couverture,2016-08-26_009_018,-12.875,14.625,20.347015380859375,8.160712242126465,1.3740025758743286,12.18630313873291,False,True,forte,humide,2016,8,26,239,Phase_2_pleine,Pleine saison (Juillet-Aout),Tambacounda,Zone soudano-sahélienne,498.17322,6,plus_petite_couverture,All_phases
2016-08-26,C5_plus_petite_couverture + C6_plus_petite_couverture,2016-08-26_009_019,-12.625,14.625,21.03765296936035,8.97075366973877,1.2879383563995361,12.066899299621582,False,True,forte,humide,2016,8,26,239,Phase_2_pleine,Pleine saison (Juillet-Aout),Tambacounda,Zone soudano-sahélienne,525.1015,6,plus_petite_couverture,All_phases
2016-08-26,C5_plus_petite_couverture + C6_plus_petite_couverture,2016-08-26_009_020,-12.375,14.625,25.198936462402344,9.31859016418457,1.6117041110992432,15.880346298217773,False,True,forte,humide,2016,8,26,239,Phase_2_pleine,Pleine saison (Juillet-Aout),Tambacounda,Zone soudano-sahélienne,552.0298,6,plus_petite_couverture,All_phases
2016-08-26,C5_plus_petite_couverture + C6_plus_petite_couverture,2016-08-26_010_001,-17.125,14.875,0.0,6.29151725769043,-0.5496747493743896,-6.29151725769043,False,False,trace,normale,2016,8,26,239,Phase_2_pleine,Pleine saison (Juillet-Aout),Thiès,Zone soudano-sahélienne,40.346046,6,plus_petite_couverture,All_phases
2016-08-26,C5_plus_petite_couverture + C6_plus_petite_couverture,2016-08-26_010_002,-16.875,14.875,1.5762017965316772,6.143422603607178,-0.4457729458808899,-4.5672208070755005,False,False,faible,normale,2016,8,26,239,Phase_2_pleine,Pleine saison (Juillet-Aout),Thiès,Zone soudano-sahélienne,67.243416,6,plus_petite_couverture,All_phases
2016-08-26,C5_plus_petite_couverture + C6_plus_petite_couverture,2016-08-26_010_003,-16.625,14.875,3.4721875190734863,6.532718181610107,-0.32493218779563904,-3.060530662536621,False,False,faible,normale,2016,8,26,239,Phase_2_pleine,Pleine saison (Juillet-Aout),Thiès,Zone soudano-sahélienne,94.14078,6,plus_petite_couverture,All_phases
2016-08-26,C5_plus_petite_couverture + C6_plus_petite_couverture,2016-08-26_010_004,-16.375,14.875,3.3785507678985596,6.240204334259033,-0.3611776530742645,-2.8616535663604736,False,False,faible,normale,2016,8,26,239,Phase_2_pleine,Pleine saison (Juillet-Aout),Diourbel,Zone soudano-sahélienne,121.03815,6,plus_petite_couverture,All_phases
2016-08-26,C5_plus_petite_couverture + C6_plus_petite_couverture,2016-08-26_010_005,-16.125,14.875,1.2203152179718018,5.457891941070557,-0.6004284620285034,-4.237576723098755,False,False,faible,normale,2016,8,26,239,Phase_2_pleine,Pleine saison (Juillet-Aout),Diourbel,Zone soudano-sahélienne,147.93552,6,plus_petite_couverture,All_phases
2016-08-26,C5_plus_petite_couverture + C6_plus_petite_couverture,2016-08-26_010_006,-15.875,14.875,0.16849277913570404,4.934928894042969,-0.7136802673339844,-4.766436114907265,False,False,trace,normale,2016,8,26,239,Phase_2_pleine,Pleine saison (Juillet-Aout),Diourbel,Zone soudano-sahélienne,174.83289,6,plus_petite_couverture,All_phases
2016-08-26,C5_plus_petite_couverture + C6_plus_petite_couverture,2016-08-26_010_007,-15.625,14.875,0.36396321654319763,5.026689529418945,-0.6510007381439209,-4.662726312875748,False,False,trace,normale,2016,8,26,239,Phase_2_pleine,Pleine saison (Juillet-Aout),Diourbel,Zone soudano-sahélienne,201.73026,6,plus_petite_couverture,All_phases
2016-08-26,C5_plus_petite_couverture + C6_plus_petite_couverture,2016-08-26_010_008,-15.375,14.875,0.0,5.148740768432617,-0.6165223121643066,-5.148740768432617,False,False,trace,normale,2016,8,26,239,Phase_2_pleine,Pleine saison (Juillet-Aout),Kaffrine,Zone soudano-sahélienne,228.62761,6,plus_petite_couverture,All_phases
2016-08-26,C5_plus_petite_couverture + C6_plus_petite_couverture,2016-08-26_010_009,-15.125,14.875,0.0,5.84995698928833,-0.6789069175720215,-5.84995698928833,False,False,trace,normale,2016,8,26,239,Phase_2_pleine,Pleine saison (Juillet-Aout),Kaffrine,Zone soudano-sahélienne,255.525,6,plus_petite_couverture,All_phases
2016-08-26,C5_plus_petite_couverture + C6_plus_petite_couverture,2016-08-26_010_010,-14.875,14.875,0.0,5.776978015899658,-0.7489742636680603,-5.776978015899658,False,False,trace,normale,2016,8,26,239,Phase_2_pleine,Pleine saison (Juillet-Aout),Kaffrine,Zone soudano-sahélienne,282.42233,6,plus_petite_couverture,All_phases
2016-08-26,C5_plus_petite_couverture + C6_plus_petite_couverture,2016-08-26_010_011,-14.625,14.875,0.0,5.599772930145264,-0.6843754649162292,-5.599772930145264,False,False,trace,normale,2016,8,26,239,Phase_2_pleine,Pleine saison (Juillet-Aout),Kaffrine,Zone soudano-sahélienne,309.31973,6,plus_petite_couverture,All_phases
2016-08-26,C5_plus_petite_couverture + C6_plus_petite_couverture,2016-08-26_010_012,-14.375,14.875,0.6464785933494568,5.229998588562012,-0.5813620686531067,-4.583519995212555,False,False,trace,normale,2016,8,26,239,Phase_2_pleine,Pleine saison (Juillet-Aout),Tambacounda,Zone soudano-sahélienne,336.21707,6,plus_petite_couverture,All_phases
2016-08-26,C5_plus_petite_couverture + C6_plus_petite_couverture,2016-08-26_010_013,-14.125,14.875,1.2956838607788086,5.020448684692383,-0.4705546498298645,-3.724764823913574,False,False,faible,normale,2016,8,26,239,Phase_2_pleine,Pleine saison (Juillet-Aout),Matam,Zone soudano-sahélienne,363.11444,6,plus_petite_couverture,All_phases
2016-08-26,C5_plus_petite_couverture + C6_plus_petite_couverture,2016-08-26_010_014,-13.875,14.875,4.668680191040039,5.659302711486816,-0.11105885356664658,-0.9906225204467773,False,False,faible,normale,2016,8,26,239,Phase_2_pleine,Pleine saison (Juillet-Aout),Matam,Zone soudano-sahélienne,390.0118,6,plus_petite_couverture,All_phases
2016-08-26,C5_plus_petite_couverture + C6_plus_petite_couverture,2016-08-26_010_015,-13.625,14.875,8.69892692565918,7.654035568237305,0.09855558723211288,1.044891357421875,False,False,moderee,normale,2016,8,26,239,Phase_2_pleine,Pleine saison (Juillet-Aout),Matam,Zone soudano-sahélienne,416.90918,6,plus_petite_couverture,All_phases
2016-08-26,C5_plus_petite_couverture + C6_plus_petite_couverture,2016-08-26_010_016,-13.375,14.875,10.076652526855469,7.159092426300049,0.3520454168319702,2.91756010055542,False,False,moderee,normale,2016,8,26,239,Phase_2_pleine,Pleine saison (Juillet-Aout),Matam,Zone soudano-sahélienne,443.80655,6,plus_petite_couverture,All_phases
2016-08-26,C5_plus_petite_couverture + C6_plus_petite_couverture,2016-08-26_010_017,-13.125,14.875,9.732344627380371,7.596726417541504,0.2633940279483795,2.135618209838867,False,False,moderee,normale,2016,8,26,239,Phase_2_pleine,Pleine saison (Juillet-Aout),Matam,Zone soudano-sahélienne,470.7039,6,plus_petite_couverture,All_phases
2016-08-26,C5_plus_petite_couverture + C6_plus_petite_couverture,2016-08-26_010_018,-12.875,14.875,15.932635307312012,7.664450645446777,1.0242735147476196,8.268184661865234,False,False,moderee,humide,2016,8,26,239,Phase_2_pleine,Pleine saison (Juillet-Aout),Matam,Zone soudano-sahélienne,497.60126,6,plus_petite_couverture,All_phases
2016-08-26,C5_plus_petite_couverture + C6_plus_petite_couverture,2016-08-26_010_019,-12.625,14.875,18.2653865814209,8.806448936462402,1.0310386419296265,9.458937644958496,False,False,moderee,humide,2016,8,26,239,Phase_2_pleine,Pleine saison (Juillet-Aout),Matam,Zone soudano-sahélienne,524.49866,6,plus_petite_couverture,All_phases
2016-08-26,C5_plus_petite_couverture + C6_plus_petite_couverture,2016-08-26_011_002,-16.875,15.125,3.3735837936401367,5.205621719360352,-0.20919880270957947,-1.8320379257202148,False,False,faible,normale,2016,8,26,239,Phase_2_pleine,Pleine saison (Juillet-Aout),Thiès,Zone soudano-sahélienne,67.16484,6,plus_petite_couverture,All_phases
2016-08-26,C5_plus_petite_couverture + C6_plus_petite_couverture,2016-08-26_011_003,-16.625,15.125,3.659186363220215,5.054250717163086,-0.1801437884569168,-1.395064353942871,False,False,faible,normale,2016,8,26,239,Phase_2_pleine,Pleine saison (Juillet-Aout),Thiès,Zone soudano-sahélienne,94.03078,6,plus_petite_couverture,All_phases
2016-08-26,C5_plus_petite_couverture + C6_plus_petite_couverture,2016-08-26_011_004,-16.375,15.125,1.7950526475906372,5.36195182800293,-0.4823231101036072,-3.5668991804122925,False,False,faible,normale,2016,8,26,239,Phase_2_pleine,Pleine saison (Juillet-Aout),Louga,Zone soudano-sahélienne,120.89671,6,plus_petite_couverture,All_phases
2016-08-26,C5_plus_petite_couverture + C6_plus_petite_couverture,2016-08-26_011_005,-16.125,15.125,0.0,5.208014488220215,-0.6741374135017395,-5.208014488220215,False,False,trace,normale,2016,8,26,239,Phase_2_pleine,Pleine saison (Juillet-Aout),Louga,Zone soudano-sahélienne,147.76265,6,plus_petite_couverture,All_phases
2016-08-26,C5_plus_petite_couverture + C6_plus_petite_couverture,2016-08-26_011_006,-15.875,15.125,0.14482486248016357,5.4974365234375,-0.6500693559646606,-5.352611660957336,False,False,trace,normale,2016,8,26,239,Phase_2_pleine,Pleine saison (Juillet-Aout),Louga,Zone soudano-sahélienne,174.6286,6,plus_petite_couverture,All_phases
2016-08-26,C5_plus_petite_couverture + C6_plus_petite_couverture,2016-08-26_011_007,-15.625,15.125,0.569752037525177,6.474236011505127,-0.6201315522193909,-5.90448397397995,False,False,trace,normale,2016,8,26,239,Phase_2_pleine,Pleine saison (Juillet-Aout),Louga,Zone soudano-sahélienne,201.49454,6,plus_petite_couverture,All_phases
2016-08-26,C5_plus_petite_couverture + C6_plus_petite_couverture,2016-08-26_011_008,-15.375,15.125,0.0,6.843818187713623,-0.7023610472679138,-6.843818187713623,False,False,trace,normale,2016,8,26,239,Phase_2_pleine,Pleine saison (Juillet-Aout),Louga,Zone soudano-sahélienne,228.36046,6,plus_petite_couverture,All_phases
2016-08-26,C5_plus_petite_couverture + C6_plus_petite_couverture,2016-08-26_011_009,-15.125,15.125,0.0,7.116920471191406,-0.7658237814903259,-7.116920471191406,False,False,trace,normale,2016,8,26,239,Phase_2_pleine,Pleine saison (Juillet-Aout),Kaffrine,Zone soudano-sahélienne,255.22641,6,plus_petite_couverture,All_phases
2016-08-26,C5_plus_petite_couverture + C6_plus_petite_couverture,2016-08-26_011_010,-14.875,15.125,0.0,5.709207534790039,-0.8037876486778259,-5.709207534790039,False,False,trace,normale,2016,8,26,239,Phase_2_pleine,Pleine saison (Juillet-Aout),Kaffrine,Zone soudano-sahélienne,282.09235,6,plus_petite_couverture,All_phases
2016-08-26,C5_plus_petite_couverture + C6_plus_petite_couverture,2016-08-26_011_011,-14.625,15.125,1.3215670585632324,5.677535533905029,-0.5183677673339844,-4.355968475341797,False,False,faible,normale,2016,8,26,239,Phase_2_pleine,Pleine saison (Juillet-Aout),Kaffrine,Zone soudano-sahélienne,308.95828,6,plus_petite_couverture,All_phases
2016-08-26,C5_plus_petite_couverture + C6_plus_petite_couverture,2016-08-26_011_012,-14.375,15.125,0.0,6.059998035430908,-0.6352737545967102,-6.059998035430908,False,False,trace,normale,2016,8,26,239,Phase_2_pleine,Pleine saison (Juillet-Aout),Matam,Zone soudano-sahélienne,335.82422,6,plus_petite_couverture,All_phases
2016-08-26,C5_plus_petite_couverture + C6_plus_petite_couverture,2016-08-26_011_013,-14.125,15.125,1.0719419717788696,5.936174392700195,-0.551356315612793,-4.864232420921326,False,False,faible,normale,2016,8,26,239,Phase_2_pleine,Pleine saison (Juillet-Aout),Matam,Zone soudano-sahélienne,362.69012,6,plus_petite_couverture,All_phases
2016-08-26,C5_plus_petite_couverture + C6_plus_petite_couverture,2016-08-26_011_014,-13.875,15.125,5.1208319664001465,6.718745708465576,-0.15740378201007843,-1.5979137420654297,False,False,moderee,normale,2016,8,26,239,Phase_2_pleine,Pleine saison (Juillet-Aout),Matam,Zone soudano-sahélienne,389.5561,6,plus_petite_couverture,All_phases
2016-08-26,C5_plus_petite_couverture + C6_plus_petite_couverture,2016-08-26_011_015,-13.625,15.125,8.216499328613281,8.586402893066406,-0.029735708609223366,-0.369903564453125,False,False,moderee,normale,2016,8,26,239,Phase_2_pleine,Pleine saison (Juillet-Aout),Matam,Zone soudano-sahélienne,416.42203,6,plus_petite_couverture,All_phases
2016-08-26,C5_plus_petite_couverture + C6_plus_petite_couverture,2016-08-26_011_016,-13.375,15.125,13.704021453857422,7.563538074493408,0.667039692401886,6.140483379364014,False,False,moderee,normale,2016,8,26,239,Phase_2_pleine,Pleine saison (Juillet-Aout),Matam,Zone soudano-sahélienne,443.28796,6,plus_petite_couverture,All_phases
2016-08-26,C5_plus_petite_couverture + C6_plus_petite_couverture,2016-08-26_011_017,-13.125,15.125,13.05724811553955,6.671584606170654,0.9158545136451721,6.3856635093688965,False,False,moderee,normale,2016,8,26,239,Phase_2_pleine,Pleine saison (Juillet-Aout),Matam,Zone soudano-sahélienne,470.1539,6,plus_petite_couverture,All_phases
2016-08-26,C5_plus_petite_couverture + C6_plus_petite_couverture,2016-08-26_011_018,-12.875,15.125,14.092148780822754,6.774132251739502,0.981116533279419,7.318016529083252,False,False,moderee,normale,2016,8,26,239,Phase_2_pleine,Pleine saison (Juillet-Aout),Matam,Zone soudano-sahélienne,497.0198,6,plus_petite_couverture,All_phases
2016-08-26,C5_plus_petite_couverture + C6_plus_petite_couverture,2016-08-26_012_003,-16.625,15.375,1.2522146701812744,5.312136650085449,-0.49912217259407043,-4.059921979904175,False,False,faible,normale,2016,8,26,239,Phase_2_pleine,Pleine saison (Juillet-Aout),Louga,Zone soudano-sahélienne,93.91899,6,plus_petite_couverture,All_phases
2016-08-26,C5_plus_petite_couverture + C6_plus_petite_couverture,2016-08-26_012_004,-16.375,15.375,0.0,5.324474811553955,-0.7000484466552734,-5.324474811553955,False,False,trace,normale,2016,8,26,239,Phase_2_pleine,Pleine saison (Juillet-Aout),Louga,Zone soudano-sahélienne,120.75298,6,plus_petite_couverture,All_phases
2016-08-26,C5_plus_petite_couverture + C6_plus_petite_couverture,2016-08-26_012_005,-16.125,15.375,0.0,4.965733051300049,-0.6462140679359436,-4.965733051300049,False,False,trace,normale,2016,8,26,239,Phase_2_pleine,Pleine saison (Juillet-Aout),Louga,Zone soudano-sahélienne,147.58699,6,plus_petite_couverture,All_phases
2016-08-26,C5_plus_petite_couverture + C6_plus_petite_couverture,2016-08-26_012_006,-15.875,15.375,0.0,4.6222734451293945,-0.5715876221656799,-4.6222734451293945,False,False,trace,normale,2016,8,26,239,Phase_2_pleine,Pleine saison (Juillet-Aout),Louga,Zone soudano-sahélienne,174.42099,6,plus_petite_couverture,All_phases
2016-08-26,C5_plus_petite_couverture + C6_plus_petite_couverture,2016-08-26_012_007,-15.625,15.375,0.4784702956676483,5.705927848815918,-0.6103848218917847,-5.22745755314827,False,False,trace,normale,2016,8,26,239,Phase_2_pleine,Pleine saison (Juillet-Aout),Louga,Zone soudano-sahélienne,201.25497,6,plus_petite_couverture,All_phases
2016-08-26,C5_plus_petite_couverture + C6_plus_petite_couverture,2016-08-26_012_008,-15.375,15.375,0.4327002763748169,6.9347124099731445,-0.6443974375724792,-6.502012133598328,False,False,trace,normale,2016,8,26,239,Phase_2_pleine,Pleine saison (Juillet-Aout),Louga,Zone soudano-sahélienne,228.08896,6,plus_petite_couverture,All_phases
2016-08-26,C5_plus_petite_couverture + C6_plus_petite_couverture,2016-08-26_012_009,-15.125,15.375,0.0,5.981375694274902,-0.6778578758239746,-5.981375694274902,False,False,trace,normale,2016,8,26,239,Phase_2_pleine,Pleine saison (Juillet-Aout),Louga,Zone soudano-sahélienne,254.92297,6,plus_petite_couverture,All_phases
2016-08-26,C5_plus_petite_couverture + C6_plus_petite_couverture,2016-08-26_012_010,-14.875,15.375,0.4212557077407837,5.344052314758301,-0.7020659446716309,-4.922796607017517,False,False,trace,normale,2016,8,26,239,Phase_2_pleine,Pleine saison (Juillet-Aout),Louga,Zone soudano-sahélienne,281.75696,6,plus_petite_couverture,All_phases
2016-08-26,C5_plus_petite_couverture + C6_plus_petite_couverture,2016-08-26_012_011,-14.625,15.375,1.0452957153320312,5.192317485809326,-0.5297515392303467,-4.147021770477295,False,False,faible,normale,2016,8,26,239,Phase_2_pleine,Pleine saison (Juillet-Aout),Matam,Zone soudano-sahélienne,308.59097,6,plus_petite_couverture,All_phases
2016-08-26,C5_plus_petite_couverture + C6_plus_petite_couverture,2016-08-26_012_012,-14.375,15.375,0.10088463127613068,5.881358623504639,-0.6782541275024414,-5.780473992228508,False,False,trace,normale,2016,8,26,239,Phase_2_pleine,Pleine saison (Juillet-Aout),Matam,Zone soudano-sahélienne,335.42496,6,plus_petite_couverture,All_phases
2016-08-26,C5_plus_petite_couverture + C6_plus_petite_couverture,2016-08-26_012_013,-14.125,15.375,0.21713514626026154,6.15900993347168,-0.6861318945884705,-5.941874787211418,False,False,trace,normale,2016,8,26,239,Phase_2_pleine,Pleine saison (Juillet-Aout),Matam,Zone soudano-sahélienne,362.25894,6,plus_petite_couverture,All_phases
2016-08-26,C5_plus_petite_couverture + C6_plus_petite_couverture,2016-08-26_012_014,-13.875,15.375,6.1880645751953125,6.615680694580078,-0.0438055545091629,-0.4276161193847656,False,False,moderee,normale,2016,8,26,239,Phase_2_pleine,Pleine saison (Juillet-Aout),Matam,Zone soudano-sahélienne,389.09296,6,plus_petite_couverture,All_phases
2016-08-26,C5_plus_petite_couverture + C6_plus_petite_couverture,2016-08-26_012_015,-13.625,15.375,7.705913066864014,6.56463623046875,0.12246767431497574,1.1412768363952637,False,False,moderee,normale,2016,8,26,239,Phase_2_pleine,Pleine saison (Juillet-Aout),Matam,Zone soudano-sahélienne,415.92694,6,plus_petite_couverture,All_phases
2016-08-26,C5_plus_petite_couverture + C6_plus_petite_couverture,2016-08-26_012_016,-13.375,15.375,16.51772689819336,7.226289749145508,0.9825147390365601,9.291437149047852,False,False,moderee,normale,2016,8,26,239,Phase_2_pleine,Pleine saison (Juillet-Aout),Matam,Zone soudano-sahélienne,442.76096,6,plus_petite_couverture,All_phases
2016-08-26,C5_plus_petite_couverture + C6_plus_petite_couverture,2016-08-26_012_017,-13.125,15.375,17.129444122314453,6.644591808319092,1.4059453010559082,10.484852313995361,False,False,moderee,humide,2016,8,26,239,Phase_2_pleine,Pleine saison (Juillet-Aout),Matam,Zone soudano-sahélienne,469.59494,6,plus_petite_couverture,All_phases
2016-08-26,C5_plus_petite_couverture + C6_plus_petite_couverture,2016-08-26_013_004,-16.375,15.625,0.0,5.26478910446167,-0.702771782875061,-5.26478910446167,False,False,trace,normale,2016,8,26,239,Phase_2_pleine,Pleine saison (Juillet-Aout),Saint-Louis,Zone sahélienne,120.60696,6,plus_petite_couverture,All_phases
2016-08-26,C5_plus_petite_couverture + C6_plus_petite_couverture,2016-08-26_013_005,-16.125,15.625,0.0,4.676299571990967,-0.6241823434829712,-4.676299571990967,False,False,trace,normale,2016,8,26,239,Phase_2_pleine,Pleine saison (Juillet-Aout),Saint-Louis,Zone sahélienne,147.40851,6,plus_petite_couverture,All_phases
2016-08-26,C5_plus_petite_couverture + C6_plus_petite_couverture,2016-08-26_013_006,-15.875,15.625,0.0,4.1494269371032715,-0.592335045337677,-4.1494269371032715,False,False,trace,normale,2016,8,26,239,Phase_2_pleine,Pleine saison (Juillet-Aout),Saint-Louis,Zone sahélienne,174.21005,6,plus_petite_couverture,All_phases
2016-08-26,C5_plus_petite_couverture + C6_plus_petite_couverture,2016-08-26_013_007,-15.625,15.625,0.12157338857650757,4.241124629974365,-0.65731281042099,-4.119551241397858,False,False,trace,normale,2016,8,26,239,Phase_2_pleine,Pleine saison (Juillet-Aout),Saint-Louis,Zone sahélienne,201.0116,6,plus_petite_couverture,All_phases
2016-08-26,C5_plus_petite_couverture + C6_plus_petite_couverture,2016-08-26_013_008,-15.375,15.625,1.4973605871200562,4.988330841064453,-0.47869569063186646,-3.490970253944397,False,False,faible,normale,2016,8,26,239,Phase_2_pleine,Pleine saison (Juillet-Aout),Louga,Zone sahélienne,227.81313,6,plus_petite_couverture,All_phases
2016-08-26,C5_plus_petite_couverture + C6_plus_petite_couverture,2016-08-26_013_009,-15.125,15.625,0.0984557718038559,4.960119247436523,-0.6268808245658875,-4.8616634756326675,False,False,trace,normale,2016,8,26,239,Phase_2_pleine,Pleine saison (Juillet-Aout),Louga,Zone sahélienne,254.6147,6,plus_petite_couverture,All_phases
2016-08-26,C5_plus_petite_couverture + C6_plus_petite_couverture,2016-08-26_013_010,-14.875,15.625,0.08183912187814713,5.282132148742676,-0.6566992998123169,-5.200293026864529,False,False,trace,normale,2016,8,26,239,Phase_2_pleine,Pleine saison (Juillet-Aout),Louga,Zone sahélienne,281.41623,6,plus_petite_couverture,All_phases
2016-08-26,C5_plus_petite_couverture + C6_plus_petite_couverture,2016-08-26_013_011,-14.625,15.625,0.25305140018463135,5.359962463378906,-0.5905472636222839,-5.106911063194275,False,False,trace,normale,2016,8,26,239,Phase_2_pleine,Pleine saison (Juillet-Aout),Matam,Zone sahélienne,308.21777,6,plus_petite_couverture,All_phases
2016-08-26,C5_plus_petite_couverture + C6_plus_petite_couverture,2016-08-26_013_012,-14.375,15.625,0.0,5.825397491455078,-0.6531038880348206,-5.825397491455078,False,False,trace,normale,2016,8,26,239,Phase_2_pleine,Pleine saison (Juillet-Aout),Matam,Zone sahélienne,335.01932,6,plus_petite_couverture,All_phases
2016-08-26,C5_plus_petite_couverture + C6_plus_petite_couverture,2016-08-26_013_013,-14.125,15.625,0.4596675634384155,6.346505165100098,-0.6628109812736511,-5.886837601661682,False,False,trace,normale,2016,8,26,239,Phase_2_pleine,Pleine saison (Juillet-Aout),Matam,Zone sahélienne,361.82086,6,plus_petite_couverture,All_phases
2016-08-26,C5_plus_petite_couverture + C6_plus_petite_couverture,2016-08-26_013_014,-13.875,15.625,0.5038023591041565,6.037404537200928,-0.633812427520752,-5.533602178096771,False,False,trace,normale,2016,8,26,239,Phase_2_pleine,Pleine saison (Juillet-Aout),Matam,Zone sahélienne,388.6224,6,plus_petite_couverture,All_phases
2016-08-26,C5_plus_petite_couverture + C6_plus_petite_couverture,2016-08-26_013_015,-13.625,15.625,5.186185359954834,6.12431001663208,-0.12000630795955658,-0.9381246566772461,False,False,moderee,normale,2016,8,26,239,Phase_2_pleine,Pleine saison (Juillet-Aout),Matam,Zone sahélienne,415.42395,6,plus_petite_couverture,All_phases
2016-08-26,C5_plus_petite_couverture + C6_plus_petite_couverture,2016-08-26_013_016,-13.375,15.625,9.122321128845215,6.634359836578369,0.3058342933654785,2.4879612922668457,False,False,moderee,normale,2016,8,26,239,Phase_2_pleine,Pleine saison (Juillet-Aout),Matam,Zone sahélienne,442.22552,6,plus_petite_couverture,All_phases
2016-08-26,C5_plus_petite_couverture + C6_plus_petite_couverture,2016-08-26_014_004,-16.375,15.875,0.0,4.337091445922852,-0.655250072479248,-4.337091445922852,False,False,trace,normale,2016,8,26,239,Phase_2_pleine,Pleine saison (Juillet-Aout),Saint-Louis,Zone sahélienne,120.45863,6,plus_petite_couverture,All_phases
2016-08-26,C5_plus_petite_couverture + C6_plus_petite_couverture,2016-08-26_014_005,-16.125,15.875,0.0,3.9494307041168213,-0.568790853023529,-3.9494307041168213,False,False,trace,normale,2016,8,26,239,Phase_2_pleine,Pleine saison (Juillet-Aout),Saint-Louis,Zone sahélienne,147.22722,6,plus_petite_couverture,All_phases
2016-08-26,C5_plus_petite_couverture + C6_plus_petite_couverture,2016-08-26_014_006,-15.875,15.875,0.0,3.878261089324951,-0.6175915002822876,-3.878261089324951,False,False,trace,normale,2016,8,26,239,Phase_2_pleine,Pleine saison (Juillet-Aout),Saint-Louis,Zone sahélienne,173.9958,6,plus_petite_couverture,All_phases
2016-08-26,C5_plus_petite_couverture + C6_plus_petite_couverture,2016-08-26_014_007,-15.625,15.875,0.0,3.096836566925049,-0.626760721206665,-3.096836566925049,False,False,trace,normale,2016,8,26,239,Phase_2_pleine,Pleine saison (Juillet-Aout),Saint-Louis,Zone sahélienne,200.76439,6,plus_petite_couverture,All_phases
2016-08-26,C5_plus_petite_couverture + C6_plus_petite_couverture,2016-08-26_014_008,-15.375,15.875,0.0,3.7711873054504395,-0.6129916310310364,-3.7711873054504395,False,False,trace,normale,2016,8,26,239,Phase_2_pleine,Pleine saison (Juillet-Aout),Louga,Zone sahélienne,227.53297,6,plus_petite_couverture,All_phases
2016-08-26,C5_plus_petite_couverture + C6_plus_petite_couverture,2016-08-26_014_009,-15.125,15.875,0.8353834748268127,4.601631164550781,-0.5104820728302002,-3.7662476897239685,False,False,trace,normale,2016,8,26,239,Phase_2_pleine,Pleine saison (Juillet-Aout),Louga,Zone sahélienne,254.30157,6,plus_petite_couverture,All_phases
2016-08-26,C5_plus_petite_couverture + C6_plus_petite_couverture,2016-08-26_014_010,-14.875,15.875,1.1920701265335083,4.994441032409668,-0.4805333614349365,-3.8023709058761597,False,False,faible,normale,2016,8,26,239,Phase_2_pleine,Pleine saison (Juillet-Aout),Louga,Zone sahélienne,281.07013,6,plus_petite_couverture,All_phases
2016-08-26,C5_plus_petite_couverture + C6_plus_petite_couverture,2016-08-26_014_011,-14.625,15.875,0.24430175125598907,5.365447044372559,-0.6238248944282532,-5.1211452931165695,False,False,trace,normale,2016,8,26,239,Phase_2_pleine,Pleine saison (Juillet-Aout),Matam,Zone sahélienne,307.83875,6,plus_petite_couverture,All_phases
2016-08-26,C5_plus_petite_couverture + C6_plus_petite_couverture,2016-08-26_014_012,-14.375,15.875,1.026425838470459,5.834895133972168,-0.5433815121650696,-4.808469295501709,False,False,faible,normale,2016,8,26,239,Phase_2_pleine,Pleine saison (Juillet-Aout),Matam,Zone sahélienne,334.60733,6,plus_petite_couverture,All_phases
2016-08-26,C5_plus_petite_couverture + C6_plus_petite_couverture,2016-08-26_014_013,-14.125,15.875,5.10948371887207,5.922415733337402,-0.08971083164215088,-0.812932014465332,False,False,moderee,normale,2016,8,26,239,Phase_2_pleine,Pleine saison (Juillet-Aout),Matam,Zone sahélienne,361.3759,6,plus_petite_couverture,All_phases
2016-08-26,C5_plus_petite_couverture + C6_plus_petite_couverture,2016-08-26_014_014,-13.875,15.875,3.514725923538208,5.3574299812316895,-0.24093908071517944,-1.8427040576934814,False,False,faible,normale,2016,8,26,239,Phase_2_pleine,Pleine saison (Juillet-Aout),Matam,Zone sahélienne,388.1445,6,plus_petite_couverture,All_phases
2016-08-26,C5_plus_petite_couverture + C6_plus_petite_couverture,2016-08-26_014_015,-13.625,15.875,1.500786304473877,5.26545524597168,-0.5381642580032349,-3.7646689414978027,False,False,faible,normale,2016,8,26,239,Phase_2_pleine,Pleine saison (Juillet-Aout),Matam,Zone sahélienne,414.91306,6,plus_petite_couverture,All_phases
2016-08-26,C5_plus_petite_couverture + C6_plus_petite_couverture,2016-08-26_014_016,-13.375,15.875,2.128091812133789,5.123600006103516,-0.4550046920776367,-2.9955081939697266,False,False,faible,normale,2016,8,26,239,Phase_2_pleine,Pleine saison (Juillet-Aout),Matam,Zone sahélienne,441.68167,6,plus_petite_couverture,All_phases
2016-08-26,C5_plus_petite_couverture + C6_plus_petite_couverture,2016-08-26_015_004,-16.375,16.125,0.0,3.664818048477173,-0.5974376797676086,-3.664818048477173,False,False,trace,normale,2016,8,26,239,Phase_2_pleine,Pleine saison (Juillet-Aout),Saint-Louis,Zone sahélienne,120.308014,6,plus_petite_couverture,All_phases
2016-08-26,C5_plus_petite_couverture + C6_plus_petite_couverture,2016-08-26_015_005,-16.125,16.125,0.0,3.4636330604553223,-0.6165581345558167,-3.4636330604553223,False,False,trace,normale,2016,8,26,239,Phase_2_pleine,Pleine saison (Juillet-Aout),Saint-Louis,Zone sahélienne,147.04314,6,plus_petite_couverture,All_phases
2016-08-26,C5_plus_petite_couverture + C6_plus_petite_couverture,2016-08-26_015_006,-15.875,16.125,0.0,4.074363708496094,-0.6117382645606995,-4.074363708496094,False,False,trace,normale,2016,8,26,239,Phase_2_pleine,Pleine saison (Juillet-Aout),Saint-Louis,Zone sahélienne,173.77824,6,plus_petite_couverture,All_phases
2016-08-26,C5_plus_petite_couverture + C6_plus_petite_couverture,2016-08-26_015_007,-15.625,16.125,0.0,3.0464260578155518,-0.5816283226013184,-3.0464260578155518,False,False,trace,normale,2016,8,26,239,Phase_2_pleine,Pleine saison (Juillet-Aout),Saint-Louis,Zone sahélienne,200.51337,6,plus_petite_couverture,All_phases
2016-08-26,C5_plus_petite_couverture + C6_plus_petite_couverture,2016-08-26_015_008,-15.375,16.125,0.0,3.3061838150024414,-0.6268000602722168,-3.3061838150024414,False,False,trace,normale,2016,8,26,239,Phase_2_pleine,Pleine saison (Juillet-Aout),Louga,Zone sahélienne,227.24846,6,plus_petite_couverture,All_phases
2016-08-26,C5_plus_petite_couverture + C6_plus_petite_couverture,2016-08-26_015_009,-15.125,16.125,0.5986218452453613,4.200472831726074,-0.5544378161430359,-3.601850986480713,False,False,trace,normale,2016,8,26,239,Phase_2_pleine,Pleine saison (Juillet-Aout),Louga,Zone sahélienne,253.9836,6,plus_petite_couverture,All_phases
2016-08-26,C5_plus_petite_couverture + C6_plus_petite_couverture,2016-08-26_015_010,-14.875,16.125,2.263305902481079,5.1083598136901855,-0.3610040545463562,-2.8450539112091064,False,False,faible,normale,2016,8,26,239,Phase_2_pleine,Pleine saison (Juillet-Aout),Louga,Zone sahélienne,280.7187,6,plus_petite_couverture,All_phases
2016-08-26,C5_plus_petite_couverture + C6_plus_petite_couverture,2016-08-26_015_011,-14.625,16.125,2.745133399963379,5.132742881774902,-0.311812162399292,-2.3876094818115234,False,False,faible,normale,2016,8,26,239,Phase_2_pleine,Pleine saison (Juillet-Aout),Matam,Zone sahélienne,307.45383,6,plus_petite_couverture,All_phases
2016-08-26,C5_plus_petite_couverture + C6_plus_petite_couverture,2016-08-26_015_012,-14.375,16.125,2.4330039024353027,5.1834716796875,-0.3926573097705841,-2.7504677772521973,False,False,faible,normale,2016,8,26,239,Phase_2_pleine,Pleine saison (Juillet-Aout),Matam,Zone sahélienne,334.18893,6,plus_petite_couverture,All_phases
2016-08-26,C5_plus_petite_couverture + C6_plus_petite_couverture,2016-08-26_015_013,-14.125,16.125,6.336055278778076,4.691740989685059,0.26294076442718506,1.6443142890930176,False,False,moderee,normale,2016,8,26,239,Phase_2_pleine,Pleine saison (Juillet-Aout),Matam,Zone sahélienne,360.92404,6,plus_petite_couverture,All_phases
2016-08-26,C5_plus_petite_couverture + C6_plus_petite_couverture,2016-08-26_015_014,-13.875,16.125,4.453498840332031,4.460417747497559,-0.0012227894039824605,-0.006918907165527344,False,False,faible,normale,2016,8,26,239,Phase_2_pleine,Pleine saison (Juillet-Aout),Matam,Zone sahélienne,387.65915,6,plus_petite_couverture,All_phases
2016-08-26,C5_plus_petite_couverture + C6_plus_petite_couverture,2016-08-26_016_005,-16.125,16.375,0.0,2.8904716968536377,-0.5765202641487122,-2.8904716968536377,False,False,trace,normale,2016,8,26,239,Phase_2_pleine,Pleine saison (Juillet-Aout),Saint-Louis,Zone sahélienne,146.85623,6,plus_petite_couverture,All_phases
2016-08-26,C5_plus_petite_couverture + C6_plus_petite_couverture,2016-08-26_016_006,-15.875,16.375,0.0,3.3221261501312256,-0.6063728332519531,-3.3221261501312256,False,False,trace,normale,2016,8,26,239,Phase_2_pleine,Pleine saison (Juillet-Aout),Saint-Louis,Zone sahélienne,173.55737,6,plus_petite_couverture,All_phases
2016-08-26,C5_plus_petite_couverture + C6_plus_petite_couverture,2016-08-26_016_007,-15.625,16.375,0.0,2.8756027221679688,-0.5706535577774048,-2.8756027221679688,False,False,trace,normale,2016,8,26,239,Phase_2_pleine,Pleine saison (Juillet-Aout),Saint-Louis,Zone sahélienne,200.25851,6,plus_petite_couverture,All_phases
2016-08-26,C5_plus_petite_couverture + C6_plus_petite_couverture,2016-08-26_016_008,-15.375,16.375,0.0,3.044731378555298,-0.6473137140274048,-3.044731378555298,False,False,trace,normale,2016,8,26,239,Phase_2_pleine,Pleine saison (Juillet-Aout),Louga,Zone sahélienne,226.95963,6,plus_petite_couverture,All_phases
2016-08-26,C5_plus_petite_couverture + C6_plus_petite_couverture,2016-08-26_016_009,-15.125,16.375,0.0,3.798816680908203,-0.6548280119895935,-3.798816680908203,False,False,trace,normale,2016,8,26,239,Phase_2_pleine,Pleine saison (Juillet-Aout),Louga,Zone sahélienne,253.66078,6,plus_petite_couverture,All_phases
2016-08-26,C5_plus_petite_couverture + C6_plus_petite_couverture,2016-08-26_016_010,-14.875,16.375,0.33130109310150146,4.572363376617432,-0.5906307697296143,-4.24106228351593,False,False,trace,normale,2016,8,26,239,Phase_2_pleine,Pleine saison (Juillet-Aout),Louga,Zone sahélienne,280.3619,6,plus_petite_couverture,All_phases
2016-08-26,C5_plus_petite_couverture + C6_plus_petite_couverture,2016-08-26_016_011,-14.625,16.375,3.627631187438965,4.668911933898926,-0.15406113862991333,-1.041280746459961,False,False,faible,normale,2016,8,26,239,Phase_2_pleine,Pleine saison (Juillet-Aout),Matam,Zone sahélienne,307.06305,6,plus_petite_couverture,All_phases
2016-08-26,C5_plus_petite_couverture + C6_plus_petite_couverture,2016-08-26_016_012,-14.375,16.375,2.5425753593444824,4.584170818328857,-0.3498058021068573,-2.041595458984375,False,False,faible,normale,2016,8,26,239,Phase_2_pleine,Pleine saison (Juillet-Aout),Matam,Zone sahélienne,333.76416,6,plus_petite_couverture,All_phases
2016-08-26,C5_plus_petite_couverture + C6_plus_petite_couverture,2016-08-26_016_013,-14.125,16.375,3.665691614151001,4.375082969665527,-0.12960505485534668,-0.7093913555145264,False,False,faible,normale,2016,8,26,239,Phase_2_pleine,Pleine saison (Juillet-Aout),Matam,Zone sahélienne,360.4653,6,plus_petite_couverture,All_phases
2016-08-26,C5_plus_petite_couverture + C6_plus_petite_couverture,2016-08-26_017_010,-14.875,16.625,1.2935702800750732,4.525422096252441,-0.45029890537261963,-3.231851816177368,False,False,faible,normale,2016,8,26,239,Phase_2_pleine,Pleine saison (Juillet-Aout),Louga,Zone sahélienne,279.9998,6,plus_petite_couverture,All_phases
2016-08-26,C5_plus_petite_couverture + C6_plus_petite_couverture,2016-08-26_017_011,-14.625,16.625,4.658106803894043,4.8882951736450195,-0.03319695591926575,-0.23018836975097656,False,False,faible,normale,2016,8,26,239,Phase_2_pleine,Pleine saison (Juillet-Aout),Matam,Zone sahélienne,306.66644,6,plus_petite_couverture,All_phases
2016-08-26,C5_plus_petite_couverture + C6_plus_petite_couverture,2016-08-26_017_012,-14.375,16.625,3.3818109035491943,4.176241874694824,-0.13572709262371063,-0.7944309711456299,False,False,faible,normale,2016,8,26,239,Phase_2_pleine,Pleine saison (Juillet-Aout),Matam,Zone sahélienne,333.33307,6,plus_petite_couverture,All_phases
